,CRASH DATETIME,LATITUDE,LONGITUDE,NUMBER OF PERSONS INJURED,NUMBER OF PERSONS KILLED,CONTRIBUTING FACTOR VEHICLE 1,COLLISION_ID,temperature_2m_max,temperature_2m_min,precipitation_sum,rain_sum,snowfall_sum,precipitation_hours,weather_code,wind_speed_10m_max,wind_gusts_10m_max,wind_direction_10m_dominant,Weather Description,Severity_Score,Total_Affected_Persons,Weather_Category
70038,2021-10-14 09:24:00,40.6995062,-73.8888355,0,0,Failure to Yield Right-of-Way,4467436,25.0,15.4,0.0,0.0,0.0,0.0,3,15.4,29.9,328,Overcast,0,0,
70039,2021-10-22 06:09:00,40.7489156,-73.9373965,0,0,Driver Inattention/Distraction,4469960,20.3,14.4,0.0,0.0,0.0,0.0,3,18.1,31.3,267,Overcast,0,0,
70040,2021-11-02 18:35:00,40.843052,-73.844894,0,0,Unspecified,4473972,11.4,7.0,0.6,0.6,0.0,4.0,51,14.1,28.1,271,Drizzle: Light,0,0,
70041,2021-10-17 20:30:00,40.7422255,-73.7152123,0,0,Driver Inexperience,4468134,17.3,11.1,0.2,0.2,0.0,2.0,51,23.9,43.9,293,Drizzle: Light,0,0,
70042,2021-10-16 10:00:00,40.694561,-73.991177,0,0,Passing or Lane Usage Improper,4469201,24.3,15.0,17.5,17.5,0.0,9.0,63,25.7,46.4,195,Rain: Moderate,0,0,
70043,2022-04-14 10:58:00,40.78884,-73.81381,2,0,Aggressive Driving/Road Rage,4519106,28.1,13.9,0.2,0.2,0.0,2.0,51,25.9,46.1,249,Drizzle: Light,2,2,
70044,2021-10-16 17:25:00,40.6250446,-73.9953313,1,0,Unspecified,4467775,24.3,15.0,17.5,17.5,0.0,9.0,63,25.7,46.4,195,Rain: Moderate,1,1,
70045,2021-10-14 15:26:00,40.8680396,-73.8790955,0,0,Unspecified,4467525,25.0,15.4,0.0,0.0,0.0,0.0,3,15.4,29.9,328,Overcast,0,0,
70046,2021-11-02 15:10:00,40.58196,-73.959946,1,0,Driver Inattention/Distraction,4473598,11.4,7.0,0.6,0.6,0.0,4.0,51,14.1,28.1,271,Drizzle: Light,1,1,
70047,2021-10-18 01:01:00,40.6731168,-73.9995833,0,0,Obstruction/Debris,4468225,15.8,9.2,0.0,0.0,0.0,0.0,2,32.4,58.3,296,Partly cloudy,0,0,
70048,2021-10-21 14:40:00,40.6813715,-73.9406183,1,0,Driver Inattention/Distraction,4470375,22.9,12.0,0.0,0.0,0.0,0.0,3,17.0,31.7,207,Overcast,1,1,
70049,2021-10-17 22:38:00,40.6069678,-74.164434,0,0,Driver Inattention/Distraction,4468453,17.3,11.1,0.2,0.2,0.0,2.0,51,23.9,43.9,293,Drizzle: Light,0,0,
70050,2021-10-22 08:57:00,40.678639,-73.9735083,0,0,Other Vehicular,4470529,20.3,14.4,0.0,0.0,0.0,0.0,3,18.1,31.3,267,Overcast,0,0,
70051,2021-10-19 08:50:00,40.755392,-73.8282803,1,0,Turning Improperly,4470736,19.1,8.3,0.0,0.0,0.0,0.0,1,24.6,45.0,272,Mainly clear,1,1,Sunny/Clear Conditions
70052,2021-10-22 20:00:00,40.7030333,-73.9598908,0,0,Turning Improperly,4470086,20.3,14.4,0.0,0.0,0.0,0.0,3,18.1,31.3,267,Overcast,0,0,
70053,2021-10-18 19:44:00,40.6470773,-73.9443425,1,0,Unspecified,4468876,15.8,9.2,0.0,0.0,0.0,0.0,2,32.4,58.3,296,Partly cloudy,1,1,
70054,2021-10-16 14:47:00,40.6862043,-73.9507352,1,0,Failure to Yield Right-of-Way,4467854,24.3,15.0,17.5,17.5,0.0,9.0,63,25.7,46.4,195,Rain: Moderate,1,1,
70055,2021-10-26 08:00:00,40.85459,-73.853546,0,0,Other Vehicular,4473951,16.9,13.8,84.5,84.5,0.0,17.0,65,28.7,53.6,87,Rain: Heavy,0,0,
70056,2021-10-16 21:15:00,40.68511,-73.7981052,1,0,Traffic Control Disregarded,4468188,24.3,15.0,17.5,17.5,0.0,9.0,63,25.7,46.4,195,Rain: Moderate,1,1,
70057,2021-10-14 18:15:00,40.8712675,-73.857547,3,0,Driver Inattention/Distraction,4467955,25.0,15.4,0.0,0.0,0.0,0.0,3,15.4,29.9,328,Overcast,3,3,
70058,2021-10-14 06:00:00,40.7885325,-73.9532091,0,0,Unsafe Lane Changing,4467569,25.0,15.4,0.0,0.0,0.0,0.0,3,15.4,29.9,328,Overcast,0,0,
70059,2021-10-15 05:53:00,40.6819356,-74.0057183,0,0,Unspecified,4467315,25.0,14.5,0.0,0.0,0.0,0.0,3,16.8,28.4,182,Overcast,0,0,
70060,2021-10-16 23:29:00,40.7222418,-73.9862873,0,0,Turning Improperly,4467754,24.3,15.0,17.5,17.5,0.0,9.0,63,25.7,46.4,195,Rain: Moderate,0,0,
70061,2021-10-20 15:00:00,40.6873579,-73.9182933,1,0,Driver Inattention/Distraction,4470233,24.1,13.8,0.0,0.0,0.0,0.0,3,21.6,37.1,276,Overcast,1,1,
70062,2021-10-15 13:27:00,40.7578472,-73.7894275,0,0,Unspecified,4468458,25.0,14.5,0.0,0.0,0.0,0.0,3,16.8,28.4,182,Overcast,0,0,
70063,2021-10-15 14:46:00,40.7040685,-73.9428234,2,0,Unspecified,4467674,25.0,14.5,0.0,0.0,0.0,0.0,3,16.8,28.4,182,Overcast,2,2,
70064,2021-10-15 17:00:00,40.5765659,-74.1066689,1,0,Driver Inexperience,4467532,25.0,14.5,0.0,0.0,0.0,0.0,3,16.8,28.4,182,Overcast,1,1,
70065,2021-10-21 18:30:00,40.7041126,-73.9478547,1,0,Driver Inattention/Distraction,4469660,22.9,12.0,0.0,0.0,0.0,0.0,3,17.0,31.7,207,Overcast,1,1,
70066,2021-10-13 16:46:00,40.8766745,-73.9055087,0,0,Unsafe Lane Changing,4467304,21.7,14.8,0.1,0.1,0.0,1.0,51,12.2,23.0,200,Drizzle: Light,0,0,
70067,2021-11-02 01:35:00,40.805737,-73.94065,0,0,Pedestrian/Bicyclist/Other Pedestrian Error/Confusion,4473320,11.4,7.0,0.6,0.6,0.0,4.0,51,14.1,28.1,271,Drizzle: Light,0,0,
70068,2021-10-23 20:15:00,40.6819877,-73.8369746,0,0,Driver Inattention/Distraction,4470544,15.9,10.4,0.2,0.2,0.0,2.0,51,14.4,26.6,326,Drizzle: Light,0,0,
70069,2021-10-25 10:38:00,40.868542,-73.9065396,0,0,Other Vehicular,4470797,22.8,13.5,10.7,10.7,0.0,8.0,63,18.9,33.5,172,Rain: Moderate,0,0,
70070,2021-10-12 15:15:00,40.7722611,-73.9259009,1,0,Unsafe Speed,4470012,21.6,15.2,0.0,0.0,0.0,0.0,3,11.8,23.8,81,Overcast,1,1,
70071,2021-10-17 12:29:00,40.7020093,-73.821201,0,0,Backing Unsafely,4467938,17.3,11.1,0.2,0.2,0.0,2.0,51,23.9,43.9,293,Drizzle: Light,0,0,
70072,2021-10-20 00:10:00,40.8437273,-73.8275318,0,0,Unsafe Speed,4470152,24.1,13.8,0.0,0.0,0.0,0.0,3,21.6,37.1,276,Overcast,0,0,
70073,2021-10-13 03:11:00,40.6645252,-73.7600963,0,0,Traffic Control Disregarded,4466699,21.7,14.8,0.1,0.1,0.0,1.0,51,12.2,23.0,200,Drizzle: Light,0,0,
70074,2021-10-19 07:30:00,40.7158298,-74.0153816,0,0,Unspecified,4469017,19.1,8.3,0.0,0.0,0.0,0.0,1,24.6,45.0,272,Mainly clear,0,0,Sunny/Clear Conditions
70075,2021-11-02 16:53:00,40.702515,-73.82707,0,0,Traffic Control Disregarded,4473612,11.4,7.0,0.6,0.6,0.0,4.0,51,14.1,28.1,271,Drizzle: Light,0,0,
70076,2021-11-02 13:03:00,40.74211,-73.9892,1,0,Unspecified,4473964,11.4,7.0,0.6,0.6,0.0,4.0,51,14.1,28.1,271,Drizzle: Light,1,1,
70077,2021-10-23 11:56:00,40.7372527,-73.8660933,1,0,Driver Inattention/Distraction,4470405,15.9,10.4,0.2,0.2,0.0,2.0,51,14.4,26.6,326,Drizzle: Light,1,1,
70078,2021-10-19 00:20:00,40.7494225,-73.9867164,0,0,Unspecified,4468710,19.1,8.3,0.0,0.0,0.0,0.0,1,24.6,45.0,272,Mainly clear,0,0,Sunny/Clear Conditions
70079,2021-10-10 23:50:00,40.8566201,-73.8676134,1,0,Unsafe Speed,4466433,18.5,16.0,2.4,2.4,0.0,8.0,53,27.2,52.6,52,Drizzle: Moderate,1,1,
70080,2021-10-15 08:40:00,40.6239716,-73.9502012,0,0,Unspecified,4467679,25.0,14.5,0.0,0.0,0.0,0.0,3,16.8,28.4,182,Overcast,0,0,
70081,2021-10-20 21:35:00,40.7107873,-73.9599439,1,0,Failure to Yield Right-of-Way,4469309,24.1,13.8,0.0,0.0,0.0,0.0,3,21.6,37.1,276,Overcast,1,1,
70082,2021-10-13 08:45:00,40.8124773,-73.9562746,0,0,Unspecified,4467104,21.7,14.8,0.1,0.1,0.0,1.0,51,12.2,23.0,200,Drizzle: Light,0,0,
70083,2021-10-23 09:30:00,40.7020553,-73.7526039,1,0,Failure to Yield Right-of-Way,4470001,15.9,10.4,0.2,0.2,0.0,2.0,51,14.4,26.6,326,Drizzle: Light,1,1,
70084,2021-12-12 09:20:00,40.772346,-73.826584,1,0,Failure to Yield Right-of-Way,4485827,13.0,3.4,0.5,0.5,0.0,1.0,53,32.4,62.6,284,Drizzle: Moderate,1,1,
70085,2021-12-12 12:15:00,40.698147,-73.8072,0,0,Driver Inattention/Distraction,4485991,13.0,3.4,0.5,0.5,0.0,1.0,53,32.4,62.6,284,Drizzle: Moderate,0,0,
70086,2021-10-18 09:30:00,40.6202792,-74.1235608,0,0,Driver Inattention/Distraction,4469265,15.8,9.2,0.0,0.0,0.0,0.0,2,32.4,58.3,296,Partly cloudy,0,0,
70087,2021-10-24 07:30:00,40.6428878,-73.9545255,2,0,Driver Inattention/Distraction,4470306,15.5,7.6,0.7,0.7,0.0,1.0,53,13.0,23.8,248,Drizzle: Moderate,2,2,
70088,2021-10-20 16:28:00,40.6305536,-74.0276851,1,0,Unspecified,4469282,24.1,13.8,0.0,0.0,0.0,0.0,3,21.6,37.1,276,Overcast,1,1,
70089,2021-10-23 11:27:00,40.8374635,-73.8737713,1,0,Driver Inattention/Distraction,4470313,15.9,10.4,0.2,0.2,0.0,2.0,51,14.4,26.6,326,Drizzle: Light,1,1,
70090,2021-10-15 07:37:00,40.6662883,-73.9508365,0,0,Following Too Closely,4467760,25.0,14.5,0.0,0.0,0.0,0.0,3,16.8,28.4,182,Overcast,0,0,
70091,2021-10-29 18:50:00,40.75687,-73.872986,0,0,Reaction to Uninvolved Vehicle,4474166,13.8,8.3,9.3,9.3,0.0,5.0,63,40.9,73.8,78,Rain: Moderate,0,0,
70092,2021-10-15 17:09:00,40.8589932,-73.9057225,0,0,Passing Too Closely,4468381,25.0,14.5,0.0,0.0,0.0,0.0,3,16.8,28.4,182,Overcast,0,0,
70093,2021-10-19 15:30:00,40.5864292,-73.9513,0,0,Passing Too Closely,4468976,19.1,8.3,0.0,0.0,0.0,0.0,1,24.6,45.0,272,Mainly clear,0,0,Sunny/Clear Conditions
70094,2021-10-24 10:17:00,40.6506433,-73.9215997,0,0,Failure to Yield Right-of-Way,4470290,15.5,7.6,0.7,0.7,0.0,1.0,53,13.0,23.8,248,Drizzle: Moderate,0,0,
70095,2021-10-30 14:35:00,40.634567,-74.1172,1,0,Unspecified,4474063,17.8,12.0,7.8,7.8,0.0,16.0,61,38.5,68.0,112,Rain: Light,1,1,
70096,2021-10-16 09:45:00,40.7336185,-73.8525227,0,0,Failure to Keep Right,4469089,24.3,15.0,17.5,17.5,0.0,9.0,63,25.7,46.4,195,Rain: Moderate,0,0,
70097,2021-10-22 11:52:00,40.6154331,-73.9138754,0,0,Backing Unsafely,4470112,20.3,14.4,0.0,0.0,0.0,0.0,3,18.1,31.3,267,Overcast,0,0,
70098,2021-10-24 19:00:00,40.7177239,-73.9857652,1,0,Unsafe Lane Changing,4470511,15.5,7.6,0.7,0.7,0.0,1.0,53,13.0,23.8,248,Drizzle: Moderate,1,1,
70099,2021-10-14 14:50:00,40.8449733,-73.9024678,0,0,Passing or Lane Usage Improper,4469487,25.0,15.4,0.0,0.0,0.0,0.0,3,15.4,29.9,328,Overcast,0,0,
70100,2021-10-23 16:12:00,40.8739951,-73.8180136,0,0,Unspecified,4470637,15.9,10.4,0.2,0.2,0.0,2.0,51,14.4,26.6,326,Drizzle: Light,0,0,
70101,2021-10-25 00:25:00,40.7667257,-73.7635477,0,0,Pavement Slippery,4470667,22.8,13.5,10.7,10.7,0.0,8.0,63,18.9,33.5,172,Rain: Moderate,0,0,
70102,2021-10-13 15:30:00,40.745977,-73.9818424,0,0,Driver Inattention/Distraction,4467843,21.7,14.8,0.1,0.1,0.0,1.0,51,12.2,23.0,200,Drizzle: Light,0,0,
70103,2021-10-15 16:30:00,40.7122089,-73.9807128,1,0,Driver Inattention/Distraction,4467480,25.0,14.5,0.0,0.0,0.0,0.0,3,16.8,28.4,182,Overcast,1,1,
70104,2021-10-20 18:00:00,40.7116676,-73.79116,0,0,Backing Unsafely,4469708,24.1,13.8,0.0,0.0,0.0,0.0,3,21.6,37.1,276,Overcast,0,0,
70105,2021-10-17 20:30:00,40.8388747,-73.9026466,2,0,Driver Inexperience,4468871,17.3,11.1,0.2,0.2,0.0,2.0,51,23.9,43.9,293,Drizzle: Light,2,2,
70106,2021-10-17 15:30:00,40.7570213,-74.004927,0,0,Backing Unsafely,4468037,17.3,11.1,0.2,0.2,0.0,2.0,51,23.9,43.9,293,Drizzle: Light,0,0,
70107,2021-10-22 18:25:00,40.6120774,-73.9561539,0,0,Unspecified,4470188,20.3,14.4,0.0,0.0,0.0,0.0,3,18.1,31.3,267,Overcast,0,0,
70108,2021-10-17 15:32:00,40.7495375,-73.7477573,1,0,Failure to Yield Right-of-Way,4468091,17.3,11.1,0.2,0.2,0.0,2.0,51,23.9,43.9,293,Drizzle: Light,1,1,
70109,2021-12-12 13:00:00,40.615685,-74.01225,0,0,Driver Inattention/Distraction,4485904,13.0,3.4,0.5,0.5,0.0,1.0,53,32.4,62.6,284,Drizzle: Moderate,0,0,
70110,2021-10-20 17:55:00,40.62279,-73.9609405,1,0,Failure to Yield Right-of-Way,4469336,24.1,13.8,0.0,0.0,0.0,0.0,3,21.6,37.1,276,Overcast,1,1,
70111,2021-10-14 17:30:00,40.6468847,-73.9491535,0,0,Following Too Closely,4467811,25.0,15.4,0.0,0.0,0.0,0.0,3,15.4,29.9,328,Overcast,0,0,
70112,2021-10-20 12:00:00,40.7558074,-73.9864031,1,0,Unspecified,4469192,24.1,13.8,0.0,0.0,0.0,0.0,3,21.6,37.1,276,Overcast,1,1,
70113,2021-10-23 14:35:00,40.8006946,-73.9411094,4,0,Following Too Closely,4470729,15.9,10.4,0.2,0.2,0.0,2.0,51,14.4,26.6,326,Drizzle: Light,4,4,
70114,2021-10-16 22:06:00,40.6878706,-73.9783472,2,0,Driver Inattention/Distraction,4467711,24.3,15.0,17.5,17.5,0.0,9.0,63,25.7,46.4,195,Rain: Moderate,2,2,
70115,2021-10-14 18:29:00,40.7583292,-73.9689357,0,0,Unspecified,4467348,25.0,15.4,0.0,0.0,0.0,0.0,3,15.4,29.9,328,Overcast,0,0,
70116,2021-10-20 06:50:00,40.6469532,-73.908215,0,0,Unspecified,4469176,24.1,13.8,0.0,0.0,0.0,0.0,3,21.6,37.1,276,Overcast,0,0,
70117,2021-10-18 14:30:00,40.7899496,-73.9429266,0,0,Failure to Yield Right-of-Way,4468723,15.8,9.2,0.0,0.0,0.0,0.0,2,32.4,58.3,296,Partly cloudy,0,0,
70118,2021-10-13 05:47:00,40.7916628,-73.9646839,1,0,Failure to Yield Right-of-Way,4466767,21.7,14.8,0.1,0.1,0.0,1.0,51,12.2,23.0,200,Drizzle: Light,1,1,
70119,2021-10-22 13:55:00,40.7536472,-73.7443922,2,0,Following Too Closely,4469913,20.3,14.4,0.0,0.0,0.0,0.0,3,18.1,31.3,267,Overcast,2,2,
70120,2021-10-15 13:40:00,40.8062653,-73.9426014,0,0,Other Vehicular,4468392,25.0,14.5,0.0,0.0,0.0,0.0,3,16.8,28.4,182,Overcast,0,0,
70121,2021-10-22 21:31:00,40.823264,-73.9527619,0,0,Driver Inattention/Distraction,4470460,20.3,14.4,0.0,0.0,0.0,0.0,3,18.1,31.3,267,Overcast,0,0,
70122,2021-10-08 15:00:00,40.6514132,-73.9721352,2,0,Unspecified,4466834,23.7,14.5,0.0,0.0,0.0,0.0,3,13.0,22.3,94,Overcast,2,2,
70123,2021-10-19 19:35:00,40.6755696,-73.9746323,1,0,Driver Inattention/Distraction,4469106,19.1,8.3,0.0,0.0,0.0,0.0,1,24.6,45.0,272,Mainly clear,1,1,Sunny/Clear Conditions
70124,2021-11-02 07:00:00,40.624706,-73.92556,0,0,Other Vehicular,4473321,11.4,7.0,0.6,0.6,0.0,4.0,51,14.1,28.1,271,Drizzle: Light,0,0,
70125,2021-10-23 10:39:00,40.7087563,-74.0071161,0,0,Passing Too Closely,4470181,15.9,10.4,0.2,0.2,0.0,2.0,51,14.4,26.6,326,Drizzle: Light,0,0,
70126,2021-10-17 00:54:00,40.6987734,-73.9223293,0,0,Alcohol Involvement,4468322,17.3,11.1,0.2,0.2,0.0,2.0,51,23.9,43.9,293,Drizzle: Light,0,0,
70127,2021-10-15 20:00:00,40.7204364,-74.0066956,0,0,Unspecified,4469557,25.0,14.5,0.0,0.0,0.0,0.0,3,16.8,28.4,182,Overcast,0,0,
70128,2021-10-23 06:05:00,40.7489156,-73.9373965,1,0,Driver Inattention/Distraction,4469987,15.9,10.4,0.2,0.2,0.0,2.0,51,14.4,26.6,326,Drizzle: Light,1,1,
70129,2021-10-13 12:00:00,40.8046947,-73.9656535,0,0,Unspecified,4467922,21.7,14.8,0.1,0.1,0.0,1.0,51,12.2,23.0,200,Drizzle: Light,0,0,
70130,2021-10-21 07:35:00,40.7627855,-73.9575691,1,0,Driver Inexperience,4469637,22.9,12.0,0.0,0.0,0.0,0.0,3,17.0,31.7,207,Overcast,1,1,
70131,2021-10-23 22:40:00,40.6828046,-73.8062211,1,0,Physical Disability,4470530,15.9,10.4,0.2,0.2,0.0,2.0,51,14.4,26.6,326,Drizzle: Light,1,1,
70132,2021-10-20 00:00:00,40.8492884,-73.9389359,0,0,Driver Inattention/Distraction,4469121,24.1,13.8,0.0,0.0,0.0,0.0,3,21.6,37.1,276,Overcast,0,0,
70133,2021-10-15 00:42:00,40.81938,-73.9010384,2,0,Pedestrian/Bicyclist/Other Pedestrian Error/Confusion,4468765,25.0,14.5,0.0,0.0,0.0,0.0,3,16.8,28.4,182,Overcast,2,2,
70134,2021-11-02 18:15:00,40.848045,-73.93782,0,0,Passing or Lane Usage Improper,4473613,11.4,7.0,0.6,0.6,0.0,4.0,51,14.1,28.1,271,Drizzle: Light,0,0,
70135,2021-10-13 17:00:00,40.8915505,-73.8617895,0,0,Failure to Yield Right-of-Way,4467958,21.7,14.8,0.1,0.1,0.0,1.0,51,12.2,23.0,200,Drizzle: Light,0,0,
70136,2021-10-18 01:00:00,40.7433555,-73.8372322,0,0,Turning Improperly,4468556,15.8,9.2,0.0,0.0,0.0,0.0,2,32.4,58.3,296,Partly cloudy,0,0,
70137,2021-10-21 15:20:00,40.8795157,-73.9096784,1,0,Unspecified,4469680,22.9,12.0,0.0,0.0,0.0,0.0,3,17.0,31.7,207,Overcast,1,1,
70138,2021-10-13 08:30:00,40.7688455,-73.8333504,1,0,Driver Inattention/Distraction,4467380,21.7,14.8,0.1,0.1,0.0,1.0,51,12.2,23.0,200,Drizzle: Light,1,1,
70139,2021-10-14 07:35:00,40.7393958,-73.8779179,0,0,Unspecified,4467911,25.0,15.4,0.0,0.0,0.0,0.0,3,15.4,29.9,328,Overcast,0,0,
70140,2021-10-15 02:35:00,40.8435327,-73.9114658,0,0,Unspecified,4468269,25.0,14.5,0.0,0.0,0.0,0.0,3,16.8,28.4,182,Overcast,0,0,
70141,2021-10-12 16:00:00,40.5845996,-73.9486069,0,0,Unsafe Lane Changing,4466634,21.6,15.2,0.0,0.0,0.0,0.0,3,11.8,23.8,81,Overcast,0,0,
70142,2021-10-14 20:35:00,40.8266837,-73.9353903,4,0,Driver Inattention/Distraction,4467373,25.0,15.4,0.0,0.0,0.0,0.0,3,15.4,29.9,328,Overcast,4,4,
70143,2021-10-21 14:20:00,40.8622592,-73.8958844,0,0,Passing Too Closely,4469675,22.9,12.0,0.0,0.0,0.0,0.0,3,17.0,31.7,207,Overcast,0,0,
70144,2021-10-19 08:15:00,40.7645134,-73.774472,1,0,Failure to Yield Right-of-Way,4469209,19.1,8.3,0.0,0.0,0.0,0.0,1,24.6,45.0,272,Mainly clear,1,1,Sunny/Clear Conditions
70145,2021-10-13 15:20:00,40.6384265,-73.9521361,1,0,Driver Inattention/Distraction,4466887,21.7,14.8,0.1,0.1,0.0,1.0,51,12.2,23.0,200,Drizzle: Light,1,1,
70146,2021-10-16 01:25:00,40.6870802,-73.913891,1,0,Traffic Control Disregarded,4467562,24.3,15.0,17.5,17.5,0.0,9.0,63,25.7,46.4,195,Rain: Moderate,1,1,
70147,2021-10-16 20:00:00,40.6990725,-73.9354706,0,0,Following Too Closely,4468327,24.3,15.0,17.5,17.5,0.0,9.0,63,25.7,46.4,195,Rain: Moderate,0,0,
70148,2021-10-13 16:07:00,40.8034323,-73.9375801,0,0,Unspecified,4466966,21.7,14.8,0.1,0.1,0.0,1.0,51,12.2,23.0,200,Drizzle: Light,0,0,
70149,2021-10-11 21:32:00,40.8434637,-73.8368247,1,0,Unspecified,4466799,21.7,16.3,0.0,0.0,0.0,0.0,3,25.7,49.7,41,Overcast,1,1,
70150,2021-10-19 21:45:00,40.7568746,-73.9705439,3,0,Driver Inattention/Distraction,4469547,19.1,8.3,0.0,0.0,0.0,0.0,1,24.6,45.0,272,Mainly clear,3,3,Sunny/Clear Conditions
70151,2021-10-22 14:15:00,40.6685491,-73.9902239,0,0,View Obstructed/Limited,4470547,20.3,14.4,0.0,0.0,0.0,0.0,3,18.1,31.3,267,Overcast,0,0,
70152,2021-10-13 16:20:00,40.6105568,-73.9555126,0,0,Unspecified,4466851,21.7,14.8,0.1,0.1,0.0,1.0,51,12.2,23.0,200,Drizzle: Light,0,0,
70153,2021-10-07 12:57:00,40.57385,-74.105496,1,0,Unspecified,4466388,22.4,15.7,0.4,0.4,0.0,4.0,51,10.5,20.5,231,Drizzle: Light,1,1,
70154,2021-11-02 20:33:00,40.865925,-73.88594,0,0,View Obstructed/Limited,4473532,11.4,7.0,0.6,0.6,0.0,4.0,51,14.1,28.1,271,Drizzle: Light,0,0,
70155,2021-10-18 08:00:00,40.8017538,-73.9312029,0,0,Unspecified,4468738,15.8,9.2,0.0,0.0,0.0,0.0,2,32.4,58.3,296,Partly cloudy,0,0,
70156,2021-10-20 05:01:00,40.8215413,-73.9428634,2,0,Traffic Control Disregarded,4469186,24.1,13.8,0.0,0.0,0.0,0.0,3,21.6,37.1,276,Overcast,2,2,
70157,2021-10-14 14:40:00,40.6151863,-74.1025669,2,0,Failure to Yield Right-of-Way,4467877,25.0,15.4,0.0,0.0,0.0,0.0,3,15.4,29.9,328,Overcast,2,2,
70158,2021-10-21 17:25:00,40.7266052,-73.8142403,2,0,Unspecified,4469604,22.9,12.0,0.0,0.0,0.0,0.0,3,17.0,31.7,207,Overcast,2,2,
70159,2021-10-12 09:00:00,40.839908,-73.9360834,0,0,Driver Inattention/Distraction,4467363,21.6,15.2,0.0,0.0,0.0,0.0,3,11.8,23.8,81,Overcast,0,0,
70160,2021-10-22 08:00:00,40.7138684,-73.7896322,0,0,Driver Inattention/Distraction,4470038,20.3,14.4,0.0,0.0,0.0,0.0,3,18.1,31.3,267,Overcast,0,0,
70161,2021-10-23 01:16:00,40.5985929,-74.0838495,0,0,Unspecified,4470113,15.9,10.4,0.2,0.2,0.0,2.0,51,14.4,26.6,326,Drizzle: Light,0,0,
70162,2021-10-12 12:35:00,40.8194093,-73.8859842,0,0,Unspecified,4469472,21.6,15.2,0.0,0.0,0.0,0.0,3,11.8,23.8,81,Overcast,0,0,
70163,2021-10-17 02:47:00,40.6056521,-73.9723956,0,0,Unspecified,4468237,17.3,11.1,0.2,0.2,0.0,2.0,51,23.9,43.9,293,Drizzle: Light,0,0,
70164,2021-10-16 13:04:00,40.88459,-73.9006641,1,0,Driver Inattention/Distraction,4467628,24.3,15.0,17.5,17.5,0.0,9.0,63,25.7,46.4,195,Rain: Moderate,1,1,
70165,2021-10-20 08:15:00,40.8758932,-73.8882441,0,0,Unsafe Speed,4469341,24.1,13.8,0.0,0.0,0.0,0.0,3,21.6,37.1,276,Overcast,0,0,
70166,2021-11-02 18:15:00,40.779205,-73.94698,0,0,Driver Inattention/Distraction,4473484,11.4,7.0,0.6,0.6,0.0,4.0,51,14.1,28.1,271,Drizzle: Light,0,0,
70167,2021-11-02 09:30:00,40.684856,-73.97805,0,0,Oversized Vehicle,4473742,11.4,7.0,0.6,0.6,0.0,4.0,51,14.1,28.1,271,Drizzle: Light,0,0,
70168,2021-10-16 21:50:00,40.8297797,-73.8337918,0,0,Unspecified,4468618,24.3,15.0,17.5,17.5,0.0,9.0,63,25.7,46.4,195,Rain: Moderate,0,0,
70169,2021-10-21 11:20:00,40.696184,-73.933829,0,0,Unspecified,4469785,22.9,12.0,0.0,0.0,0.0,0.0,3,17.0,31.7,207,Overcast,0,0,
70170,2022-04-12 09:00:00,40.689022,-73.93925,0,0,Passing Too Closely,4519668,20.4,7.7,1.6,1.6,0.0,3.0,53,17.8,36.0,271,Drizzle: Moderate,0,0,
70171,2021-10-18 17:10:00,40.7604922,-73.7675188,0,0,Driver Inattention/Distraction,4468542,15.8,9.2,0.0,0.0,0.0,0.0,2,32.4,58.3,296,Partly cloudy,0,0,
70172,2021-10-15 14:30:00,40.7646435,-73.9165884,1,0,Unspecified,4467883,25.0,14.5,0.0,0.0,0.0,0.0,3,16.8,28.4,182,Overcast,1,1,
70173,2021-10-14 18:51:00,40.6683971,-73.9790929,0,0,Failure to Yield Right-of-Way,4467241,25.0,15.4,0.0,0.0,0.0,0.0,3,15.4,29.9,328,Overcast,0,0,
70174,2021-10-21 07:40:00,40.6242295,-73.9385762,0,0,Passing or Lane Usage Improper,4469414,22.9,12.0,0.0,0.0,0.0,0.0,3,17.0,31.7,207,Overcast,0,0,
70175,2021-10-21 08:42:00,40.764651,-73.823484,1,0,Failure to Yield Right-of-Way,4470757,22.9,12.0,0.0,0.0,0.0,0.0,3,17.0,31.7,207,Overcast,1,1,
70176,2021-11-02 13:00:00,40.66999,-73.85912,0,0,Driver Inattention/Distraction,4473581,11.4,7.0,0.6,0.6,0.0,4.0,51,14.1,28.1,271,Drizzle: Light,0,0,
70177,2021-10-14 17:53:00,40.8690581,-73.8796321,1,0,Following Too Closely,4468520,25.0,15.4,0.0,0.0,0.0,0.0,3,15.4,29.9,328,Overcast,1,1,
70178,2021-10-22 17:45:00,40.7889226,-73.943454,0,0,Unspecified,4470882,20.3,14.4,0.0,0.0,0.0,0.0,3,18.1,31.3,267,Overcast,0,0,
70179,2021-10-17 19:35:00,40.6741347,-73.8697463,0,0,Driver Inattention/Distraction,4468178,17.3,11.1,0.2,0.2,0.0,2.0,51,23.9,43.9,293,Drizzle: Light,0,0,
70180,2021-10-09 23:40:00,40.6730095,-73.7880875,3,0,Following Too Closely,4465943,20.2,15.2,1.2,1.2,0.0,5.0,51,22.8,42.8,71,Drizzle: Light,3,3,