,CRASH DATETIME,LATITUDE,LONGITUDE,NUMBER OF PERSONS INJURED,NUMBER OF PERSONS KILLED,CONTRIBUTING FACTOR VEHICLE 1,COLLISION_ID,temperature_2m_max,temperature_2m_min,precipitation_sum,rain_sum,snowfall_sum,precipitation_hours,weather_code,wind_speed_10m_max,wind_gusts_10m_max,wind_direction_10m_dominant,Weather Description,Severity_Score,Total_Affected_Persons,Weather_Category
70181,2021-10-23 19:22:00,40.6664524,-73.757631,0,0,Unsafe Lane Changing,4470535,15.9,10.4,0.2,0.2,0.0,2.0,51,14.4,26.6,326,Drizzle: Light,0,0,
70182,2021-10-13 09:00:00,40.7079202,-73.8168172,0,0,Unspecified,4467512,21.7,14.8,0.1,0.1,0.0,1.0,51,12.2,23.0,200,Drizzle: Light,0,0,
70183,2021-10-22 15:00:00,40.8323232,-73.9167529,1,0,Driver Inattention/Distraction,4470194,20.3,14.4,0.0,0.0,0.0,0.0,3,18.1,31.3,267,Overcast,1,1,
70184,2021-10-13 09:03:00,40.7457274,-73.9781227,1,0,Driver Inattention/Distraction,4467108,21.7,14.8,0.1,0.1,0.0,1.0,51,12.2,23.0,200,Drizzle: Light,1,1,
70185,2021-10-20 09:40:00,40.6836718,-73.9755725,0,0,Following Too Closely,4469103,24.1,13.8,0.0,0.0,0.0,0.0,3,21.6,37.1,276,Overcast,0,0,
70186,2021-11-02 17:50:00,40.585407,-74.10589,0,0,Traffic Control Disregarded,4473810,11.4,7.0,0.6,0.6,0.0,4.0,51,14.1,28.1,271,Drizzle: Light,0,0,
70187,2021-10-14 15:40:00,40.8309273,-73.9151934,0,0,Driver Inattention/Distraction,4468627,25.0,15.4,0.0,0.0,0.0,0.0,3,15.4,29.9,328,Overcast,0,0,
70188,2021-11-02 01:00:00,40.744003,-73.99942,0,0,Fatigued/Drowsy,4473428,11.4,7.0,0.6,0.6,0.0,4.0,51,14.1,28.1,271,Drizzle: Light,0,0,
70189,2021-10-18 06:17:00,40.69433,-73.826959,0,0,Alcohol Involvement,4468409,15.8,9.2,0.0,0.0,0.0,0.0,2,32.4,58.3,296,Partly cloudy,0,0,
70190,2021-10-21 10:05:00,40.767418,-73.9020254,1,0,Reaction to Uninvolved Vehicle,4470006,22.9,12.0,0.0,0.0,0.0,0.0,3,17.0,31.7,207,Overcast,1,1,
70191,2021-10-18 15:22:00,40.7310038,-74.0046256,0,0,Driver Inattention/Distraction,4468759,15.8,9.2,0.0,0.0,0.0,0.0,2,32.4,58.3,296,Partly cloudy,0,0,
70192,2021-10-15 17:35:00,40.6027306,-74.1295423,0,0,Driver Inattention/Distraction,4467596,25.0,14.5,0.0,0.0,0.0,0.0,3,16.8,28.4,182,Overcast,0,0,
70193,2021-10-15 13:15:00,40.8262799,-73.8434105,1,0,Following Too Closely,4468474,25.0,14.5,0.0,0.0,0.0,0.0,3,16.8,28.4,182,Overcast,1,1,
70194,2021-10-17 10:49:00,40.6900183,-73.8032324,1,0,Failure to Yield Right-of-Way,4467973,17.3,11.1,0.2,0.2,0.0,2.0,51,23.9,43.9,293,Drizzle: Light,1,1,
70195,2021-10-13 13:20:00,40.7040285,-73.8170984,0,0,Turning Improperly,4466866,21.7,14.8,0.1,0.1,0.0,1.0,51,12.2,23.0,200,Drizzle: Light,0,0,
70196,2021-10-16 12:02:00,40.7036651,-73.9015132,0,0,Unspecified,4468747,24.3,15.0,17.5,17.5,0.0,9.0,63,25.7,46.4,195,Rain: Moderate,0,0,
70197,2021-10-11 23:30:00,40.6966665,-73.9282316,0,0,Driver Inattention/Distraction,4469159,21.7,16.3,0.0,0.0,0.0,0.0,3,25.7,49.7,41,Overcast,0,0,
70198,2021-10-15 09:30:00,40.696785,-73.9565804,1,0,Unsafe Lane Changing,4467851,25.0,14.5,0.0,0.0,0.0,0.0,3,16.8,28.4,182,Overcast,1,1,
70199,2021-10-18 10:44:00,40.7103146,-73.7935823,2,0,Passing or Lane Usage Improper,4468770,15.8,9.2,0.0,0.0,0.0,0.0,2,32.4,58.3,296,Partly cloudy,2,2,
70200,2021-10-14 17:00:00,40.7255316,-73.9510362,0,0,Driver Inattention/Distraction,4469881,25.0,15.4,0.0,0.0,0.0,0.0,3,15.4,29.9,328,Overcast,0,0,
70201,2021-10-20 14:35:00,40.7342811,-73.8646235,1,0,Unspecified,4469579,24.1,13.8,0.0,0.0,0.0,0.0,3,21.6,37.1,276,Overcast,1,1,
70202,2021-10-22 07:35:00,40.5939817,-74.0719318,0,0,Unspecified,4469759,20.3,14.4,0.0,0.0,0.0,0.0,3,18.1,31.3,267,Overcast,0,0,
70203,2021-10-13 03:35:00,40.8249919,-73.916614,0,0,Unspecified,4466686,21.7,14.8,0.1,0.1,0.0,1.0,51,12.2,23.0,200,Drizzle: Light,0,0,
70204,2021-11-02 08:05:00,40.72614,-73.851776,0,0,Unspecified,4473716,11.4,7.0,0.6,0.6,0.0,4.0,51,14.1,28.1,271,Drizzle: Light,0,0,
70205,2021-10-17 10:35:00,40.6844549,-73.8596479,1,0,Driver Inexperience,4467943,17.3,11.1,0.2,0.2,0.0,2.0,51,23.9,43.9,293,Drizzle: Light,1,1,
70206,2021-10-15 15:29:00,40.7461395,-73.9143019,0,0,Driver Inattention/Distraction,4467429,25.0,14.5,0.0,0.0,0.0,0.0,3,16.8,28.4,182,Overcast,0,0,
70207,2021-10-21 09:30:00,40.7095892,-73.8314999,0,0,Turning Improperly,4469447,22.9,12.0,0.0,0.0,0.0,0.0,3,17.0,31.7,207,Overcast,0,0,
70208,2021-10-19 18:09:00,40.8779474,-73.8661535,0,0,Failure to Yield Right-of-Way,4468915,19.1,8.3,0.0,0.0,0.0,0.0,1,24.6,45.0,272,Mainly clear,0,0,Sunny/Clear Conditions
70209,2021-10-23 13:35:00,40.7863073,-73.9504367,0,0,Backing Unsafely,4470117,15.9,10.4,0.2,0.2,0.0,2.0,51,14.4,26.6,326,Drizzle: Light,0,0,
70210,2021-10-18 08:55:00,40.6839023,-73.8249525,1,0,Brakes Defective,4468456,15.8,9.2,0.0,0.0,0.0,0.0,2,32.4,58.3,296,Partly cloudy,1,1,
70211,2021-10-22 04:50:00,40.8642556,-73.8881227,0,0,Reaction to Uninvolved Vehicle,4469702,20.3,14.4,0.0,0.0,0.0,0.0,3,18.1,31.3,267,Overcast,0,0,
70212,2021-10-15 15:52:00,40.8221092,-73.9480838,2,0,Driver Inattention/Distraction,4467565,25.0,14.5,0.0,0.0,0.0,0.0,3,16.8,28.4,182,Overcast,2,2,
70213,2021-10-09 09:25:00,40.7568608,-73.8756563,0,0,Alcohol Involvement,4465737,20.2,15.2,1.2,1.2,0.0,5.0,51,22.8,42.8,71,Drizzle: Light,0,0,
70214,2022-04-13 11:03:00,40.615562,-73.979645,1,0,Traffic Control Disregarded,4519019,18.9,7.1,0.0,0.0,0.0,0.0,3,18.7,37.4,112,Overcast,1,1,
70215,2021-10-07 13:10:00,40.6866823,-73.9793644,1,0,Driver Inattention/Distraction,4467197,22.4,15.7,0.4,0.4,0.0,4.0,51,10.5,20.5,231,Drizzle: Light,1,1,
70216,2022-07-05 07:45:00,40.716164,-73.977715,0,0,Unspecified,4544868,30.0,20.3,0.5,0.5,0.0,2.0,51,30.4,56.5,191,Drizzle: Light,0,0,
70217,2021-10-22 05:20:00,40.7432581,-73.898131,0,0,Driver Inattention/Distraction,4469956,20.3,14.4,0.0,0.0,0.0,0.0,3,18.1,31.3,267,Overcast,0,0,
70218,2021-10-22 14:00:00,40.6646429,-73.9370755,0,0,Unspecified,4470122,20.3,14.4,0.0,0.0,0.0,0.0,3,18.1,31.3,267,Overcast,0,0,
70219,2021-10-16 12:57:00,40.76498,-73.8111421,0,0,Unspecified,4468101,24.3,15.0,17.5,17.5,0.0,9.0,63,25.7,46.4,195,Rain: Moderate,0,0,
70220,2021-10-09 21:40:00,40.5998273,-74.1782229,0,0,Reaction to Uninvolved Vehicle,4467369,20.2,15.2,1.2,1.2,0.0,5.0,51,22.8,42.8,71,Drizzle: Light,0,0,
70221,2021-10-16 20:05:00,40.6820272,-74.004294,1,0,Backing Unsafely,4467755,24.3,15.0,17.5,17.5,0.0,9.0,63,25.7,46.4,195,Rain: Moderate,1,1,
70222,2021-10-07 14:00:00,40.7592705,-73.9808868,1,0,Failure to Yield Right-of-Way,4466466,22.4,15.7,0.4,0.4,0.0,4.0,51,10.5,20.5,231,Drizzle: Light,1,1,
70223,2021-10-17 13:27:00,40.6233236,-73.9971218,0,0,Driver Inattention/Distraction,4467941,17.3,11.1,0.2,0.2,0.0,2.0,51,23.9,43.9,293,Drizzle: Light,0,0,
70224,2021-10-19 13:07:00,40.6700592,-73.8905572,4,0,Unspecified,4468824,19.1,8.3,0.0,0.0,0.0,0.0,1,24.6,45.0,272,Mainly clear,4,4,Sunny/Clear Conditions
70225,2021-10-15 16:10:00,40.6573185,-73.9754347,1,0,Unspecified,4467529,25.0,14.5,0.0,0.0,0.0,0.0,3,16.8,28.4,182,Overcast,1,1,
70226,2021-09-12 16:20:00,40.840661,-73.8385027,0,0,Driver Inattention/Distraction,4456352,28.8,18.3,0.0,0.0,0.0,0.0,3,24.3,46.8,233,Overcast,0,0,
70227,2021-10-16 17:40:00,40.6712208,-73.8827543,0,0,Pedestrian/Bicyclist/Other Pedestrian Error/Confusion,4467660,24.3,15.0,17.5,17.5,0.0,9.0,63,25.7,46.4,195,Rain: Moderate,0,0,
70228,2021-10-16 00:00:00,40.6547986,-73.9394238,1,0,Unspecified,4470258,24.3,15.0,17.5,17.5,0.0,9.0,63,25.7,46.4,195,Rain: Moderate,1,1,
70229,2021-10-14 08:46:00,40.6160581,-74.0257501,0,0,Driver Inattention/Distraction,4467018,25.0,15.4,0.0,0.0,0.0,0.0,3,15.4,29.9,328,Overcast,0,0,
70230,2021-10-15 23:30:00,40.7213433,-73.8058456,0,0,Passing or Lane Usage Improper,4468426,25.0,14.5,0.0,0.0,0.0,0.0,3,16.8,28.4,182,Overcast,0,0,
70231,2021-10-10 16:35:00,40.8211748,-73.9257344,1,0,Driver Inattention/Distraction,4466653,18.5,16.0,2.4,2.4,0.0,8.0,53,27.2,52.6,52,Drizzle: Moderate,1,1,
70232,2021-10-22 15:30:00,40.8783502,-73.8703365,0,0,Unspecified,4470390,20.3,14.4,0.0,0.0,0.0,0.0,3,18.1,31.3,267,Overcast,0,0,
70233,2021-10-22 19:55:00,40.8064405,-73.936808,2,0,Unspecified,4470701,20.3,14.4,0.0,0.0,0.0,0.0,3,18.1,31.3,267,Overcast,2,2,
70234,2021-10-15 11:12:00,40.8115506,-73.8913267,1,0,Unspecified,4467623,25.0,14.5,0.0,0.0,0.0,0.0,3,16.8,28.4,182,Overcast,1,1,
70235,2021-10-20 18:00:00,40.6628985,-73.9392409,1,0,Turning Improperly,4469277,24.1,13.8,0.0,0.0,0.0,0.0,3,21.6,37.1,276,Overcast,1,1,
70236,2021-10-05 08:00:00,40.8419241,-73.8519848,0,0,Unspecified,4466328,19.9,15.0,0.0,0.0,0.0,0.0,3,14.5,28.1,46,Overcast,0,0,
70237,2021-10-22 12:19:00,40.719732,-73.9869524,0,0,Driver Inattention/Distraction,4470033,20.3,14.4,0.0,0.0,0.0,0.0,3,18.1,31.3,267,Overcast,0,0,
70238,2021-10-16 22:30:00,40.5869192,-73.9638597,0,0,Unspecified,4467792,24.3,15.0,17.5,17.5,0.0,9.0,63,25.7,46.4,195,Rain: Moderate,0,0,
70239,2021-10-21 13:35:00,40.637338,-74.0037303,0,0,Turning Improperly,4470600,22.9,12.0,0.0,0.0,0.0,0.0,3,17.0,31.7,207,Overcast,0,0,
70240,2021-10-22 19:55:00,40.7127391,-73.9466011,0,0,Passing or Lane Usage Improper,4470081,20.3,14.4,0.0,0.0,0.0,0.0,3,18.1,31.3,267,Overcast,0,0,
70241,2021-10-20 10:20:00,40.6991771,-73.960499,0,0,Passing or Lane Usage Improper,4469144,24.1,13.8,0.0,0.0,0.0,0.0,3,21.6,37.1,276,Overcast,0,0,
70242,2021-10-04 14:05:00,40.8468032,-73.9318503,0,0,Driver Inattention/Distraction,4466461,20.6,16.4,21.8,21.8,0.0,17.0,63,20.8,42.8,61,Rain: Moderate,0,0,
70243,2021-10-14 14:30:00,40.7626736,-73.7365819,0,0,Steering Failure,4467165,25.0,15.4,0.0,0.0,0.0,0.0,3,15.4,29.9,328,Overcast,0,0,
70244,2021-10-15 18:25:00,40.6802669,-73.9746902,1,0,Reaction to Uninvolved Vehicle,4468691,25.0,14.5,0.0,0.0,0.0,0.0,3,16.8,28.4,182,Overcast,1,1,
70245,2021-10-25 09:35:00,40.7209677,-73.9821677,0,0,Failure to Yield Right-of-Way,4470825,22.8,13.5,10.7,10.7,0.0,8.0,63,18.9,33.5,172,Rain: Moderate,0,0,
70246,2021-10-19 14:20:00,40.7140668,-73.9516237,1,0,Unspecified,4468989,19.1,8.3,0.0,0.0,0.0,0.0,1,24.6,45.0,272,Mainly clear,1,1,Sunny/Clear Conditions
70247,2021-10-11 17:00:00,40.6821057,-73.9090552,0,0,Driver Inattention/Distraction,4466369,21.7,16.3,0.0,0.0,0.0,0.0,3,25.7,49.7,41,Overcast,0,0,
70248,2021-10-21 14:05:00,40.5806012,-73.837862,0,0,Driver Inattention/Distraction,4470443,22.9,12.0,0.0,0.0,0.0,0.0,3,17.0,31.7,207,Overcast,0,0,
70249,2021-10-20 12:25:00,40.6339973,-73.9477726,1,0,Backing Unsafely,4469532,24.1,13.8,0.0,0.0,0.0,0.0,3,21.6,37.1,276,Overcast,1,1,
70250,2021-10-17 12:25:00,40.6871814,-73.7991338,0,0,Passing Too Closely,4469373,17.3,11.1,0.2,0.2,0.0,2.0,51,23.9,43.9,293,Drizzle: Light,0,0,
70251,2021-10-24 00:00:00,40.6851838,-73.8542199,0,0,Passing or Lane Usage Improper,4470318,15.5,7.6,0.7,0.7,0.0,1.0,53,13.0,23.8,248,Drizzle: Moderate,0,0,
70252,2021-10-28 20:00:00,40.607685,-74.13892,0,0,Unsafe Speed,4473983,15.2,7.9,0.0,0.0,0.0,0.0,3,19.1,34.6,28,Overcast,0,0,
70253,2021-10-17 04:40:00,40.7097444,-73.9077407,0,0,Traffic Control Disregarded,4467982,17.3,11.1,0.2,0.2,0.0,2.0,51,23.9,43.9,293,Drizzle: Light,0,0,
70254,2021-10-16 05:20:00,40.5873051,-73.9603492,0,0,Driver Inattention/Distraction,4467619,24.3,15.0,17.5,17.5,0.0,9.0,63,25.7,46.4,195,Rain: Moderate,0,0,
70255,2021-11-02 15:00:00,40.66811,-73.951546,0,0,Passing Too Closely,4473464,11.4,7.0,0.6,0.6,0.0,4.0,51,14.1,28.1,271,Drizzle: Light,0,0,
70256,2021-10-23 20:27:00,40.7899496,-73.9429266,0,0,Failure to Yield Right-of-Way,4470133,15.9,10.4,0.2,0.2,0.0,2.0,51,14.4,26.6,326,Drizzle: Light,0,0,
70257,2021-10-20 06:54:00,40.8032687,-73.9332741,1,0,View Obstructed/Limited,4469074,24.1,13.8,0.0,0.0,0.0,0.0,3,21.6,37.1,276,Overcast,1,1,
70258,2021-10-18 14:30:00,40.7482147,-73.9685398,0,0,Unspecified,4468576,15.8,9.2,0.0,0.0,0.0,0.0,2,32.4,58.3,296,Partly cloudy,0,0,
70259,2021-10-22 15:45:00,40.7921853,-73.968017,0,0,Passing Too Closely,4469903,20.3,14.4,0.0,0.0,0.0,0.0,3,18.1,31.3,267,Overcast,0,0,
70260,2021-10-13 20:00:00,40.8353892,-73.8878207,0,0,Unspecified,4470725,21.7,14.8,0.1,0.1,0.0,1.0,51,12.2,23.0,200,Drizzle: Light,0,0,
70261,2021-10-19 09:28:00,40.6948846,-73.9851426,0,0,Backing Unsafely,4468787,19.1,8.3,0.0,0.0,0.0,0.0,1,24.6,45.0,272,Mainly clear,0,0,Sunny/Clear Conditions
70262,2021-10-28 02:15:00,40.82929,-73.91642,0,0,Outside Car Distraction,4474101,15.2,7.9,0.0,0.0,0.0,0.0,3,19.1,34.6,28,Overcast,0,0,
70263,2021-10-23 05:12:00,40.8922526,-73.8613974,0,0,Driver Inattention/Distraction,4470400,15.9,10.4,0.2,0.2,0.0,2.0,51,14.4,26.6,326,Drizzle: Light,0,0,
70264,2021-10-16 18:03:00,40.6145792,-74.022796,0,0,Driver Inattention/Distraction,4467692,24.3,15.0,17.5,17.5,0.0,9.0,63,25.7,46.4,195,Rain: Moderate,0,0,
70265,2021-11-02 18:35:00,40.654392,-73.90926,0,0,Unspecified,4473698,11.4,7.0,0.6,0.6,0.0,4.0,51,14.1,28.1,271,Drizzle: Light,0,0,
70266,2021-11-02 13:30:00,40.607002,-73.95986,0,0,Driver Inattention/Distraction,4473410,11.4,7.0,0.6,0.6,0.0,4.0,51,14.1,28.1,271,Drizzle: Light,0,0,
70267,2021-10-21 16:08:00,40.7536767,-73.9144654,0,0,Driver Inattention/Distraction,4470028,22.9,12.0,0.0,0.0,0.0,0.0,3,17.0,31.7,207,Overcast,0,0,
70268,2021-10-15 18:30:00,40.654313,-73.9175769,2,0,Unspecified,4467824,25.0,14.5,0.0,0.0,0.0,0.0,3,16.8,28.4,182,Overcast,2,2,
70269,2021-10-22 23:30:00,40.7363365,-73.9962994,0,0,Unsafe Speed,4470149,20.3,14.4,0.0,0.0,0.0,0.0,3,18.1,31.3,267,Overcast,0,0,
70270,2021-10-14 23:33:00,40.7969748,-73.934918,0,0,Backing Unsafely,4468354,25.0,15.4,0.0,0.0,0.0,0.0,3,15.4,29.9,328,Overcast,0,0,
70271,2021-10-08 20:00:00,40.749062,-73.8908172,0,0,Driver Inattention/Distraction,4467866,23.7,14.5,0.0,0.0,0.0,0.0,3,13.0,22.3,94,Overcast,0,0,
70272,2021-10-15 23:55:00,40.6946356,-73.9989847,1,0,Unspecified,4467545,25.0,14.5,0.0,0.0,0.0,0.0,3,16.8,28.4,182,Overcast,1,1,
70273,2021-10-19 13:49:00,40.8511013,-73.9046746,0,0,Driver Inattention/Distraction,4469049,19.1,8.3,0.0,0.0,0.0,0.0,1,24.6,45.0,272,Mainly clear,0,0,Sunny/Clear Conditions
70274,2021-10-24 21:50:00,40.5918209,-73.7968646,0,0,Driver Inattention/Distraction,4470850,15.5,7.6,0.7,0.7,0.0,1.0,53,13.0,23.8,248,Drizzle: Moderate,0,0,
70275,2021-10-18 01:29:00,40.6566932,-73.8946302,1,0,Traffic Control Disregarded,4469241,15.8,9.2,0.0,0.0,0.0,0.0,2,32.4,58.3,296,Partly cloudy,1,1,
70276,2021-10-22 20:57:00,40.7441866,-73.9918693,0,0,Unspecified,4470156,20.3,14.4,0.0,0.0,0.0,0.0,3,18.1,31.3,267,Overcast,0,0,
70277,2021-10-21 23:19:00,40.7203211,-73.9940403,1,0,Driver Inattention/Distraction,4470237,22.9,12.0,0.0,0.0,0.0,0.0,3,17.0,31.7,207,Overcast,1,1,
70278,2021-10-22 16:20:00,40.6984436,-73.8025548,0,0,Unsafe Speed,4470563,20.3,14.4,0.0,0.0,0.0,0.0,3,18.1,31.3,267,Overcast,0,0,
70279,2021-10-22 22:04:00,40.6566109,-73.9309021,1,0,Unspecified,4470273,20.3,14.4,0.0,0.0,0.0,0.0,3,18.1,31.3,267,Overcast,1,1,
70280,2021-01-13 19:50:00,40.8868982,-73.8451801,0,0,Unspecified,4470793,5.9,-3.6,0.0,0.0,0.0,0.0,3,15.0,29.5,258,Overcast,0,0,
70281,2021-10-21 13:35:00,40.5941242,-73.9377793,0,0,Failure to Yield Right-of-Way,4469665,22.9,12.0,0.0,0.0,0.0,0.0,3,17.0,31.7,207,Overcast,0,0,
70282,2021-10-24 04:28:00,40.7401843,-73.986363,0,0,Unsafe Speed,4470166,15.5,7.6,0.7,0.7,0.0,1.0,53,13.0,23.8,248,Drizzle: Moderate,0,0,
70283,2021-10-17 00:30:00,40.6943535,-73.8559668,0,0,Turning Improperly,4467926,17.3,11.1,0.2,0.2,0.0,2.0,51,23.9,43.9,293,Drizzle: Light,0,0,
70284,2021-10-16 09:00:00,40.6536233,-73.9410706,0,0,Unspecified,4467829,24.3,15.0,17.5,17.5,0.0,9.0,63,25.7,46.4,195,Rain: Moderate,0,0,
70285,2021-10-14 21:00:00,40.8914557,-73.8312831,1,0,Driver Inattention/Distraction,4468910,25.0,15.4,0.0,0.0,0.0,0.0,3,15.4,29.9,328,Overcast,1,1,
70286,2021-10-23 21:20:00,40.6670811,-73.810322,1,0,Turning Improperly,4470540,15.9,10.4,0.2,0.2,0.0,2.0,51,14.4,26.6,326,Drizzle: Light,1,1,
70287,2021-10-20 00:00:00,40.6784167,-73.7292138,3,0,Unspecified,4469292,24.1,13.8,0.0,0.0,0.0,0.0,3,21.6,37.1,276,Overcast,3,3,
70288,2021-10-24 14:40:00,40.8827015,-73.8927242,1,0,Unspecified,4470851,15.5,7.6,0.7,0.7,0.0,1.0,53,13.0,23.8,248,Drizzle: Moderate,1,1,
70289,2021-10-23 04:05:00,40.6541504,-73.94993,1,0,Fatigued/Drowsy,4470280,15.9,10.4,0.2,0.2,0.0,2.0,51,14.4,26.6,326,Drizzle: Light,1,1,
70290,2022-04-15 21:25:00,40.63613,-73.97274,1,0,Driver Inattention/Distraction,4519516,19.2,6.3,0.1,0.1,0.0,1.0,51,26.9,46.1,243,Drizzle: Light,1,1,
70291,2021-10-20 19:30:00,40.7233076,-74.00298,0,0,Passing or Lane Usage Improper,4469329,24.1,13.8,0.0,0.0,0.0,0.0,3,21.6,37.1,276,Overcast,0,0,
70292,2021-10-20 01:35:00,40.6828756,-73.9144661,2,0,Traffic Control Disregarded,4469319,24.1,13.8,0.0,0.0,0.0,0.0,3,21.6,37.1,276,Overcast,2,2,
70293,2021-10-23 02:28:00,40.7478946,-73.9891656,0,0,Unspecified,4470437,15.9,10.4,0.2,0.2,0.0,2.0,51,14.4,26.6,326,Drizzle: Light,0,0,
70294,2022-04-13 08:10:00,40.577995,-73.95964,0,0,Unspecified,4518605,18.9,7.1,0.0,0.0,0.0,0.0,3,18.7,37.4,112,Overcast,0,0,
70295,2021-10-24 16:26:00,40.7551925,-73.9712183,1,0,Driver Inattention/Distraction,4470525,15.5,7.6,0.7,0.7,0.0,1.0,53,13.0,23.8,248,Drizzle: Moderate,1,1,
70296,2021-08-29 02:47:00,40.6888383,-73.8218926,5,0,Traffic Control Disregarded,4451603,24.5,19.7,2.5,2.5,0.0,9.0,53,13.6,25.6,98,Drizzle: Moderate,5,5,
70297,2021-10-19 08:52:00,40.718412,-73.741663,1,0,Driver Inattention/Distraction,4468886,19.1,8.3,0.0,0.0,0.0,0.0,1,24.6,45.0,272,Mainly clear,1,1,Sunny/Clear Conditions
70298,2021-11-02 12:20:00,40.829823,-73.90773,1,0,Unspecified,4473554,11.4,7.0,0.6,0.6,0.0,4.0,51,14.1,28.1,271,Drizzle: Light,1,1,
70299,2021-10-24 05:00:00,40.8203657,-73.8705001,0,0,Unspecified,4470363,15.5,7.6,0.7,0.7,0.0,1.0,53,13.0,23.8,248,Drizzle: Moderate,0,0,
70300,2022-04-15 08:45:00,40.86759,-73.85095,0,0,Other Vehicular,4519230,19.2,6.3,0.1,0.1,0.0,1.0,51,26.9,46.1,243,Drizzle: Light,0,0,
70301,2021-10-17 13:15:00,40.6469634,-73.9472399,0,0,Brakes Defective,4468059,17.3,11.1,0.2,0.2,0.0,2.0,51,23.9,43.9,293,Drizzle: Light,0,0,
70302,2021-10-15 20:21:00,40.8510962,-73.9324351,1,0,Driver Inattention/Distraction,4468230,25.0,14.5,0.0,0.0,0.0,0.0,3,16.8,28.4,182,Overcast,1,1,
70303,2021-10-12 07:00:00,40.6750916,-73.9854416,0,0,Passing Too Closely,4468274,21.6,15.2,0.0,0.0,0.0,0.0,3,11.8,23.8,81,Overcast,0,0,
70304,2021-10-22 06:38:00,40.6127578,-73.9609211,1,0,Unspecified,4470177,20.3,14.4,0.0,0.0,0.0,0.0,3,18.1,31.3,267,Overcast,1,1,
70305,2021-10-15 17:55:00,40.6936492,-73.9833217,1,0,Driver Inattention/Distraction,4467539,25.0,14.5,0.0,0.0,0.0,0.0,3,16.8,28.4,182,Overcast,1,1,
70306,2021-10-11 18:30:00,40.7073058,-73.7512138,0,0,Turning Improperly,4469010,21.7,16.3,0.0,0.0,0.0,0.0,3,25.7,49.7,41,Overcast,0,0,
70307,2021-10-22 12:32:00,40.6721759,-73.8939568,1,0,Unspecified,4470464,20.3,14.4,0.0,0.0,0.0,0.0,3,18.1,31.3,267,Overcast,1,1,
70308,2021-10-15 16:10:00,40.6259177,-73.9755617,1,0,Unspecified,4468289,25.0,14.5,0.0,0.0,0.0,0.0,3,16.8,28.4,182,Overcast,1,1,
70309,2021-10-21 07:00:00,40.7529387,-73.812734,0,0,Unspecified,4470761,22.9,12.0,0.0,0.0,0.0,0.0,3,17.0,31.7,207,Overcast,0,0,
70310,2021-10-13 19:00:00,40.7716411,-73.926407,1,0,Failure to Yield Right-of-Way,4466973,21.7,14.8,0.1,0.1,0.0,1.0,51,12.2,23.0,200,Drizzle: Light,1,1,
70311,2021-10-20 06:45:00,40.7716364,-73.8760984,0,0,Driver Inattention/Distraction,4469383,24.1,13.8,0.0,0.0,0.0,0.0,3,21.6,37.1,276,Overcast,0,0,
70312,2021-10-14 12:00:00,40.8370542,-73.8823087,0,0,Driver Inattention/Distraction,4468672,25.0,15.4,0.0,0.0,0.0,0.0,3,15.4,29.9,328,Overcast,0,0,
70313,2021-10-07 18:30:00,40.7002206,-73.9863892,0,0,Turning Improperly,4465076,22.4,15.7,0.4,0.4,0.0,4.0,51,10.5,20.5,231,Drizzle: Light,0,0,
70314,2021-10-14 13:00:00,40.7107009,-73.8071117,0,0,Unspecified,4467515,25.0,15.4,0.0,0.0,0.0,0.0,3,15.4,29.9,328,Overcast,0,0,
70315,2021-10-21 14:00:00,40.7361595,-73.7137011,0,0,Unspecified,4469493,22.9,12.0,0.0,0.0,0.0,0.0,3,17.0,31.7,207,Overcast,0,0,
70316,2021-10-14 16:03:00,40.8177952,-73.8931829,0,0,Unspecified,4467352,25.0,15.4,0.0,0.0,0.0,0.0,3,15.4,29.9,328,Overcast,0,0,
70317,2021-10-13 17:37:00,40.8165528,-73.8122768,0,0,Driver Inattention/Distraction,4466804,21.7,14.8,0.1,0.1,0.0,1.0,51,12.2,23.0,200,Drizzle: Light,0,0,
70318,2021-10-16 16:54:00,40.8566201,-73.8676134,1,0,Passing or Lane Usage Improper,4468851,24.3,15.0,17.5,17.5,0.0,9.0,63,25.7,46.4,195,Rain: Moderate,1,1,
70319,2021-10-18 06:35:00,40.7568746,-73.9705439,2,0,Traffic Control Disregarded,4470093,15.8,9.2,0.0,0.0,0.0,0.0,2,32.4,58.3,296,Partly cloudy,2,2,
70320,2021-11-02 11:10:00,0.0,0.0,0,0,Passing or Lane Usage Improper,4473960,11.4,7.0,0.6,0.6,0.0,4.0,51,14.1,28.1,271,Drizzle: Light,0,0,
70321,2021-10-17 17:55:00,40.8560148,-73.9121287,0,0,Pavement Slippery,4468377,17.3,11.1,0.2,0.2,0.0,2.0,51,23.9,43.9,293,Drizzle: Light,0,0,
70322,2021-10-23 05:20:00,40.6704292,-73.9281805,0,0,Driver Inattention/Distraction,4470351,15.9,10.4,0.2,0.2,0.0,2.0,51,14.4,26.6,326,Drizzle: Light,0,0,
70323,2021-10-14 07:30:00,40.6471122,-73.9725262,0,0,Unspecified,4467765,25.0,15.4,0.0,0.0,0.0,0.0,3,15.4,29.9,328,Overcast,0,0,
70324,2021-10-16 20:32:00,40.665887,-73.996399,1,0,Driver Inattention/Distraction,4468079,24.3,15.0,17.5,17.5,0.0,9.0,63,25.7,46.4,195,Rain: Moderate,1,1,