,CRASH DATETIME,LATITUDE,LONGITUDE,NUMBER OF PERSONS INJURED,NUMBER OF PERSONS KILLED,CONTRIBUTING FACTOR VEHICLE 1,COLLISION_ID,temperature_2m_max,temperature_2m_min,precipitation_sum,rain_sum,snowfall_sum,precipitation_hours,weather_code,wind_speed_10m_max,wind_gusts_10m_max,wind_direction_10m_dominant,Weather Description,Severity_Score,Total_Affected_Persons,Weather_Category
70325,2021-10-18 14:49:00,40.6461812,-74.0880718,0,0,Driver Inattention/Distraction,4469260,15.8,9.2,0.0,0.0,0.0,0.0,2,32.4,58.3,296,Partly cloudy,0,0,
70326,2022-04-12 23:02:00,40.648182,-73.93001,2,0,Unspecified,4519229,20.4,7.7,1.6,1.6,0.0,3.0,53,17.8,36.0,271,Drizzle: Moderate,2,2,
70327,2021-10-22 18:17:00,40.670658,-73.9579745,0,0,Unspecified,4469935,20.3,14.4,0.0,0.0,0.0,0.0,3,18.1,31.3,267,Overcast,0,0,
70328,2021-10-23 21:30:00,40.7778385,-73.9115087,0,0,Driver Inattention/Distraction,4470674,15.9,10.4,0.2,0.2,0.0,2.0,51,14.4,26.6,326,Drizzle: Light,0,0,
70329,2021-10-24 00:35:00,40.707428,-73.9319095,0,0,Driverless/Runaway Vehicle,4470209,15.5,7.6,0.7,0.7,0.0,1.0,53,13.0,23.8,248,Drizzle: Moderate,0,0,
70330,2021-10-23 16:35:00,40.8481201,-73.9308839,1,0,Driver Inattention/Distraction,4470858,15.9,10.4,0.2,0.2,0.0,2.0,51,14.4,26.6,326,Drizzle: Light,1,1,
70331,2021-10-24 13:47:00,40.794651,-73.9717827,1,0,Driver Inexperience,4470346,15.5,7.6,0.7,0.7,0.0,1.0,53,13.0,23.8,248,Drizzle: Moderate,1,1,
70332,2021-10-17 10:54:00,40.6708632,-73.874233,0,0,Unspecified,4468157,17.3,11.1,0.2,0.2,0.0,2.0,51,23.9,43.9,293,Drizzle: Light,0,0,
70333,2021-10-20 10:10:00,40.8029708,-73.9638616,0,0,Passing Too Closely,4469135,24.1,13.8,0.0,0.0,0.0,0.0,3,21.6,37.1,276,Overcast,0,0,
70334,2021-10-20 18:32:00,40.5882816,-74.1668123,0,0,Aggressive Driving/Road Rage,4469834,24.1,13.8,0.0,0.0,0.0,0.0,3,21.6,37.1,276,Overcast,0,0,
70335,2021-10-13 12:15:00,40.6214595,-74.0717416,1,0,Brakes Defective,4467862,21.7,14.8,0.1,0.1,0.0,1.0,51,12.2,23.0,200,Drizzle: Light,1,1,
70336,2021-10-08 23:30:00,40.7162994,-73.7558878,1,0,Outside Car Distraction,4465415,23.7,14.5,0.0,0.0,0.0,0.0,3,13.0,22.3,94,Overcast,1,1,
70337,2021-10-14 19:30:00,40.6671424,-73.9592455,0,0,Driver Inattention/Distraction,4467500,25.0,15.4,0.0,0.0,0.0,0.0,3,15.4,29.9,328,Overcast,0,0,
70338,2021-10-21 18:49:00,40.7020459,-73.9155992,1,0,Following Too Closely,4469780,22.9,12.0,0.0,0.0,0.0,0.0,3,17.0,31.7,207,Overcast,1,1,
70339,2021-10-25 05:00:00,40.7376829,-73.8520482,0,0,Other Vehicular,4470800,22.8,13.5,10.7,10.7,0.0,8.0,63,18.9,33.5,172,Rain: Moderate,0,0,
70340,2021-10-20 21:50:00,40.6215393,-73.9242311,3,0,Following Too Closely,4469455,24.1,13.8,0.0,0.0,0.0,0.0,3,21.6,37.1,276,Overcast,3,3,
70341,2021-10-23 17:30:00,40.8376538,-73.8999668,0,0,Unspecified,4470786,15.9,10.4,0.2,0.2,0.0,2.0,51,14.4,26.6,326,Drizzle: Light,0,0,
70342,2021-10-22 09:19:00,40.820822,-73.9156111,0,0,Aggressive Driving/Road Rage,4470627,20.3,14.4,0.0,0.0,0.0,0.0,3,18.1,31.3,267,Overcast,0,0,
70343,2021-10-15 15:45:00,40.7458654,-73.9266953,1,0,Reaction to Uninvolved Vehicle,4467423,25.0,14.5,0.0,0.0,0.0,0.0,3,16.8,28.4,182,Overcast,1,1,
70344,2021-10-19 21:40:00,40.7967208,-73.9628863,0,0,Unsafe Lane Changing,4469056,19.1,8.3,0.0,0.0,0.0,0.0,1,24.6,45.0,272,Mainly clear,0,0,Sunny/Clear Conditions
70345,2021-11-02 14:40:00,40.729736,-73.833725,0,0,Unsafe Speed,4473445,11.4,7.0,0.6,0.6,0.0,4.0,51,14.1,28.1,271,Drizzle: Light,0,0,
70346,2021-10-22 08:30:00,40.848755,-73.8986959,1,0,Driver Inattention/Distraction,4470220,20.3,14.4,0.0,0.0,0.0,0.0,3,18.1,31.3,267,Overcast,1,1,
70347,2021-10-22 09:16:00,40.8845482,-73.832337,0,0,Oversized Vehicle,4470368,20.3,14.4,0.0,0.0,0.0,0.0,3,18.1,31.3,267,Overcast,0,0,
70348,2021-10-20 15:15:00,40.7392269,-73.8150929,1,0,View Obstructed/Limited,4469356,24.1,13.8,0.0,0.0,0.0,0.0,3,21.6,37.1,276,Overcast,1,1,
70349,2021-10-19 08:20:00,40.8368223,-73.9442322,0,0,Unspecified,4468839,19.1,8.3,0.0,0.0,0.0,0.0,1,24.6,45.0,272,Mainly clear,0,0,Sunny/Clear Conditions
70350,2021-10-14 14:15:00,40.6224117,-73.9361485,2,0,Driver Inexperience,4467159,25.0,15.4,0.0,0.0,0.0,0.0,3,15.4,29.9,328,Overcast,2,2,
70351,2021-10-19 10:57:00,40.6774397,-73.9964741,0,0,Unspecified,4468953,19.1,8.3,0.0,0.0,0.0,0.0,1,24.6,45.0,272,Mainly clear,0,0,Sunny/Clear Conditions
70352,2021-10-11 06:42:00,40.6291662,-73.947326,1,0,Driver Inattention/Distraction,4467683,21.7,16.3,0.0,0.0,0.0,0.0,3,25.7,49.7,41,Overcast,1,1,
70353,2021-10-23 08:30:00,40.8838706,-73.89295,0,0,Unspecified,4470060,15.9,10.4,0.2,0.2,0.0,2.0,51,14.4,26.6,326,Drizzle: Light,0,0,
70354,2021-10-18 17:30:00,40.7906152,-73.9798631,0,0,Driver Inattention/Distraction,4468523,15.8,9.2,0.0,0.0,0.0,0.0,2,32.4,58.3,296,Partly cloudy,0,0,
70355,2021-10-22 07:50:00,40.8788411,-73.8999899,0,0,Unspecified,4469734,20.3,14.4,0.0,0.0,0.0,0.0,3,18.1,31.3,267,Overcast,0,0,
70356,2021-10-22 10:45:00,40.6614321,-73.9164327,1,0,Unspecified,4470501,20.3,14.4,0.0,0.0,0.0,0.0,3,18.1,31.3,267,Overcast,1,1,
70357,2021-10-21 10:00:00,40.6656265,-73.9096977,0,0,Unspecified,4469762,22.9,12.0,0.0,0.0,0.0,0.0,3,17.0,31.7,207,Overcast,0,0,
70358,2021-10-23 23:34:00,40.8262278,-73.856055,0,1,Driver Inattention/Distraction,4470590,15.9,10.4,0.2,0.2,0.0,2.0,51,14.4,26.6,326,Drizzle: Light,20,1,
70359,2021-10-20 09:10:00,40.7515281,-73.8591782,2,0,Backing Unsafely,4469224,24.1,13.8,0.0,0.0,0.0,0.0,3,21.6,37.1,276,Overcast,2,2,
70360,2021-10-14 10:55:00,40.8382334,-73.8884378,0,0,Unspecified,4468706,25.0,15.4,0.0,0.0,0.0,0.0,3,15.4,29.9,328,Overcast,0,0,
70361,2021-10-19 09:05:00,40.7476292,-73.9767362,0,0,Driver Inattention/Distraction,4469515,19.1,8.3,0.0,0.0,0.0,0.0,1,24.6,45.0,272,Mainly clear,0,0,Sunny/Clear Conditions
70362,2021-10-17 21:09:00,40.8856107,-73.9017934,2,0,Unspecified,4468505,17.3,11.1,0.2,0.2,0.0,2.0,51,23.9,43.9,293,Drizzle: Light,2,2,
70363,2021-10-15 11:50:00,40.6465543,-73.9802105,0,0,Unspecified,4468288,25.0,14.5,0.0,0.0,0.0,0.0,3,16.8,28.4,182,Overcast,0,0,
70364,2021-10-15 11:15:00,40.7693526,-73.8325765,0,0,Failure to Yield Right-of-Way,4467384,25.0,14.5,0.0,0.0,0.0,0.0,3,16.8,28.4,182,Overcast,0,0,
70365,2021-10-21 19:22:00,40.6191728,-74.0282043,2,0,Driver Inattention/Distraction,4469589,22.9,12.0,0.0,0.0,0.0,0.0,3,17.0,31.7,207,Overcast,2,2,
70366,2021-10-16 12:00:00,40.8383616,-73.9249165,0,0,Unspecified,4469535,24.3,15.0,17.5,17.5,0.0,9.0,63,25.7,46.4,195,Rain: Moderate,0,0,
70367,2021-11-02 12:01:00,40.79634,-73.93516,0,0,Following Too Closely,4473391,11.4,7.0,0.6,0.6,0.0,4.0,51,14.1,28.1,271,Drizzle: Light,0,0,
70368,2021-10-16 13:00:00,40.6920346,-73.9456428,1,0,Driver Inattention/Distraction,4469744,24.3,15.0,17.5,17.5,0.0,9.0,63,25.7,46.4,195,Rain: Moderate,1,1,
70369,2021-10-16 05:03:00,40.57385,-74.105496,0,0,Fell Asleep,4467733,24.3,15.0,17.5,17.5,0.0,9.0,63,25.7,46.4,195,Rain: Moderate,0,0,
70370,2021-10-14 22:00:00,40.6291394,-74.009297,1,0,Unspecified,4467186,25.0,15.4,0.0,0.0,0.0,0.0,3,15.4,29.9,328,Overcast,1,1,
70371,2021-10-25 00:43:00,40.6524639,-73.9228481,0,0,Traffic Control Disregarded,4470617,22.8,13.5,10.7,10.7,0.0,8.0,63,18.9,33.5,172,Rain: Moderate,0,0,
70372,2021-10-13 18:33:00,40.6293978,-73.9745149,0,0,Driver Inattention/Distraction,4466883,21.7,14.8,0.1,0.1,0.0,1.0,51,12.2,23.0,200,Drizzle: Light,0,0,
70373,2021-10-16 21:53:00,40.6531978,-74.0055789,1,0,Unsafe Lane Changing,4467909,24.3,15.0,17.5,17.5,0.0,9.0,63,25.7,46.4,195,Rain: Moderate,1,1,
70374,2021-10-22 14:23:00,40.5839322,-73.830928,0,0,Passing or Lane Usage Improper,4469909,20.3,14.4,0.0,0.0,0.0,0.0,3,18.1,31.3,267,Overcast,0,0,
70375,2021-10-21 17:00:00,40.8796268,-73.8647847,0,0,Driver Inattention/Distraction,4469587,22.9,12.0,0.0,0.0,0.0,0.0,3,17.0,31.7,207,Overcast,0,0,
70376,2021-10-13 14:45:00,40.5520008,-74.1678936,0,0,Driver Inattention/Distraction,4469812,21.7,14.8,0.1,0.1,0.0,1.0,51,12.2,23.0,200,Drizzle: Light,0,0,
70377,2021-10-17 10:24:00,40.668833,-73.8691164,0,0,Unspecified,4468174,17.3,11.1,0.2,0.2,0.0,2.0,51,23.9,43.9,293,Drizzle: Light,0,0,
70378,2021-10-24 14:30:00,40.7807536,-73.9525754,0,0,Traffic Control Disregarded,4470585,15.5,7.6,0.7,0.7,0.0,1.0,53,13.0,23.8,248,Drizzle: Moderate,0,0,
70379,2021-10-24 01:58:00,40.7490228,-73.8562375,1,0,Driver Inattention/Distraction,4470492,15.5,7.6,0.7,0.7,0.0,1.0,53,13.0,23.8,248,Drizzle: Moderate,1,1,
70380,2021-10-21 00:01:00,40.6546865,-73.8777126,0,0,Unspecified,4469684,22.9,12.0,0.0,0.0,0.0,0.0,3,17.0,31.7,207,Overcast,0,0,
70381,2021-10-19 16:50:00,40.6859243,-73.8271117,0,0,Passing or Lane Usage Improper,4468985,19.1,8.3,0.0,0.0,0.0,0.0,1,24.6,45.0,272,Mainly clear,0,0,Sunny/Clear Conditions
70382,2021-10-30 20:31:00,40.786484,-73.97218,1,0,Pedestrian/Bicyclist/Other Pedestrian Error/Confusion,4474158,17.8,12.0,7.8,7.8,0.0,16.0,61,38.5,68.0,112,Rain: Light,1,1,
70383,2021-10-11 06:25:00,40.608317,-74.1313086,2,0,Alcohol Involvement,4468030,21.7,16.3,0.0,0.0,0.0,0.0,3,25.7,49.7,41,Overcast,2,2,
70384,2021-09-26 15:37:00,40.8058726,-73.9251663,0,0,Unspecified,4463872,21.4,15.6,0.0,0.0,0.0,0.0,3,23.5,45.0,294,Overcast,0,0,
70385,2021-10-12 07:00:00,40.8308903,-73.8272842,0,0,Reaction to Uninvolved Vehicle,4466560,21.6,15.2,0.0,0.0,0.0,0.0,3,11.8,23.8,81,Overcast,0,0,
70386,2021-10-15 01:35:00,40.6741774,-73.7405221,0,0,Driver Inattention/Distraction,4467201,25.0,14.5,0.0,0.0,0.0,0.0,3,16.8,28.4,182,Overcast,0,0,
70387,2022-04-13 06:30:00,40.604694,-74.02583,3,0,Steering Failure,4518766,18.9,7.1,0.0,0.0,0.0,0.0,3,18.7,37.4,112,Overcast,3,3,
70388,2021-10-21 08:18:00,40.6730095,-73.7880875,0,0,Turning Improperly,4469418,22.9,12.0,0.0,0.0,0.0,0.0,3,17.0,31.7,207,Overcast,0,0,
70389,2021-10-15 18:52:00,40.7215689,-73.9996567,0,0,Unsafe Lane Changing,4468306,25.0,14.5,0.0,0.0,0.0,0.0,3,16.8,28.4,182,Overcast,0,0,
70390,2021-10-16 21:30:00,40.7074685,-73.7886921,0,0,Unspecified,4467728,24.3,15.0,17.5,17.5,0.0,9.0,63,25.7,46.4,195,Rain: Moderate,0,0,
70391,2021-10-19 00:52:00,40.7685442,-73.9656926,0,0,Driver Inattention/Distraction,4468596,19.1,8.3,0.0,0.0,0.0,0.0,1,24.6,45.0,272,Mainly clear,0,0,Sunny/Clear Conditions
70392,2021-10-16 14:30:00,40.6997006,-73.9516931,0,0,Passing Too Closely,4468086,24.3,15.0,17.5,17.5,0.0,9.0,63,25.7,46.4,195,Rain: Moderate,0,0,
70393,2021-10-24 15:45:00,40.8263134,-73.8403126,0,0,Unspecified,4470642,15.5,7.6,0.7,0.7,0.0,1.0,53,13.0,23.8,248,Drizzle: Moderate,0,0,
70394,2021-10-15 23:05:00,40.8248428,-73.9504463,0,0,Alcohol Involvement,4468611,25.0,14.5,0.0,0.0,0.0,0.0,3,16.8,28.4,182,Overcast,0,0,
70395,2021-10-17 19:28:00,40.752301,-73.9163134,0,0,Backing Unsafely,4469351,17.3,11.1,0.2,0.2,0.0,2.0,51,23.9,43.9,293,Drizzle: Light,0,0,
70396,2021-09-26 20:00:00,40.840661,-73.8385027,0,0,Unspecified,4461443,21.4,15.6,0.0,0.0,0.0,0.0,3,23.5,45.0,294,Overcast,0,0,
70397,2021-10-23 11:00:00,40.7049936,-73.794385,2,0,Turning Improperly,4470568,15.9,10.4,0.2,0.2,0.0,2.0,51,14.4,26.6,326,Drizzle: Light,2,2,
70398,2021-10-20 07:30:00,40.7727005,-73.8339545,2,0,Failure to Yield Right-of-Way,4469361,24.1,13.8,0.0,0.0,0.0,0.0,3,21.6,37.1,276,Overcast,2,2,
70399,2021-10-19 18:25:00,40.6683725,-73.9226314,1,0,Unspecified,4469153,19.1,8.3,0.0,0.0,0.0,0.0,1,24.6,45.0,272,Mainly clear,1,1,Sunny/Clear Conditions
70400,2021-10-18 02:18:00,40.7568746,-73.9705439,0,0,Reaction to Uninvolved Vehicle,4469877,15.8,9.2,0.0,0.0,0.0,0.0,2,32.4,58.3,296,Partly cloudy,0,0,
70401,2021-10-14 17:46:00,40.8209989,-73.8968919,1,0,Unspecified,4467632,25.0,15.4,0.0,0.0,0.0,0.0,3,15.4,29.9,328,Overcast,1,1,
70402,2021-10-13 23:30:00,40.6908472,-73.7266153,1,0,Unspecified,4467015,21.7,14.8,0.1,0.1,0.0,1.0,51,12.2,23.0,200,Drizzle: Light,1,1,
70403,2021-10-19 14:30:00,40.621041,-74.0320486,1,0,Driver Inattention/Distraction,4468834,19.1,8.3,0.0,0.0,0.0,0.0,1,24.6,45.0,272,Mainly clear,1,1,Sunny/Clear Conditions
70404,2021-10-23 23:30:00,40.6064983,-73.9723562,4,0,Unspecified,4470552,15.9,10.4,0.2,0.2,0.0,2.0,51,14.4,26.6,326,Drizzle: Light,4,4,
70405,2021-10-17 10:45:00,40.7422483,-73.7962417,0,0,Other Vehicular,4469213,17.3,11.1,0.2,0.2,0.0,2.0,51,23.9,43.9,293,Drizzle: Light,0,0,
70406,2021-10-23 12:30:00,40.8122242,-73.952296,0,0,Unspecified,4470323,15.9,10.4,0.2,0.2,0.0,2.0,51,14.4,26.6,326,Drizzle: Light,0,0,
70407,2021-10-13 20:40:00,40.8284105,-73.9312476,0,0,Unspecified,4467233,21.7,14.8,0.1,0.1,0.0,1.0,51,12.2,23.0,200,Drizzle: Light,0,0,
70408,2021-10-15 07:30:00,40.8523089,-73.8981049,7,0,Turning Improperly,4467333,25.0,14.5,0.0,0.0,0.0,0.0,3,16.8,28.4,182,Overcast,7,7,
70409,2021-10-13 16:20:00,40.6963525,-73.940706,0,0,Unsafe Speed,4468125,21.7,14.8,0.1,0.1,0.0,1.0,51,12.2,23.0,200,Drizzle: Light,0,0,
70410,2021-10-13 12:40:00,40.6464402,-73.9128804,2,0,Driver Inattention/Distraction,4467100,21.7,14.8,0.1,0.1,0.0,1.0,51,12.2,23.0,200,Drizzle: Light,2,2,
70411,2021-11-02 11:41:00,40.764626,-73.99555,0,0,Driver Inattention/Distraction,4473526,11.4,7.0,0.6,0.6,0.0,4.0,51,14.1,28.1,271,Drizzle: Light,0,0,
70412,2021-10-23 07:37:00,40.6986227,-73.8027508,0,0,Unspecified,4470580,15.9,10.4,0.2,0.2,0.0,2.0,51,14.4,26.6,326,Drizzle: Light,0,0,
70413,2021-10-20 08:40:00,40.6941097,-73.8973622,0,0,Failure to Yield Right-of-Way,4469924,24.1,13.8,0.0,0.0,0.0,0.0,3,21.6,37.1,276,Overcast,0,0,
70414,2021-11-02 14:00:00,40.63277,-74.09004,0,0,Driver Inattention/Distraction,4473793,11.4,7.0,0.6,0.6,0.0,4.0,51,14.1,28.1,271,Drizzle: Light,0,0,
70415,2021-10-10 12:34:00,40.6206715,-74.1671421,0,0,Following Too Closely,4468069,18.5,16.0,2.4,2.4,0.0,8.0,53,27.2,52.6,52,Drizzle: Moderate,0,0,
70416,2021-10-13 23:30:00,40.7458182,-73.9456495,0,0,Driver Inattention/Distraction,4466954,21.7,14.8,0.1,0.1,0.0,1.0,51,12.2,23.0,200,Drizzle: Light,0,0,
70417,2021-10-13 17:30:00,40.7161723,-73.9595114,1,0,Following Too Closely,4470818,21.7,14.8,0.1,0.1,0.0,1.0,51,12.2,23.0,200,Drizzle: Light,1,1,
70418,2021-10-14 18:30:00,40.659337,-73.9272553,1,0,Failure to Yield Right-of-Way,4469451,25.0,15.4,0.0,0.0,0.0,0.0,3,15.4,29.9,328,Overcast,1,1,
70419,2021-10-13 22:00:00,40.8493727,-73.8957527,0,0,Driver Inattention/Distraction,4467030,21.7,14.8,0.1,0.1,0.0,1.0,51,12.2,23.0,200,Drizzle: Light,0,0,
70420,2021-10-19 20:45:00,40.8689757,-73.8632103,0,0,Unspecified,4469024,19.1,8.3,0.0,0.0,0.0,0.0,1,24.6,45.0,272,Mainly clear,0,0,Sunny/Clear Conditions
70421,2021-10-21 13:30:00,40.7485768,-74.0014828,0,0,Passing Too Closely,4470832,22.9,12.0,0.0,0.0,0.0,0.0,3,17.0,31.7,207,Overcast,0,0,
70422,2021-10-15 02:25:00,40.769306,-73.9155085,0,0,Unspecified,4467894,25.0,14.5,0.0,0.0,0.0,0.0,3,16.8,28.4,182,Overcast,0,0,
70423,2021-10-12 15:33:00,40.8181699,-73.9294262,1,0,Unspecified,4469747,21.6,15.2,0.0,0.0,0.0,0.0,3,11.8,23.8,81,Overcast,1,1,
70424,2021-10-17 01:00:00,40.6871604,-73.9358788,0,0,Fatigued/Drowsy,4468110,17.3,11.1,0.2,0.2,0.0,2.0,51,23.9,43.9,293,Drizzle: Light,0,0,
70425,2021-10-21 23:38:00,40.6778685,-73.9033142,0,0,Aggressive Driving/Road Rage,4470486,22.9,12.0,0.0,0.0,0.0,0.0,3,17.0,31.7,207,Overcast,0,0,
70426,2021-10-24 16:50:00,40.7285961,-73.9876715,0,0,Turning Improperly,4470520,15.5,7.6,0.7,0.7,0.0,1.0,53,13.0,23.8,248,Drizzle: Moderate,0,0,
70427,2021-10-23 11:30:00,40.7524109,-73.9783479,1,0,Unspecified,4470428,15.9,10.4,0.2,0.2,0.0,2.0,51,14.4,26.6,326,Drizzle: Light,1,1,
70428,2021-10-18 17:00:00,40.6643433,-73.9315393,1,0,Unsafe Speed,4468491,15.8,9.2,0.0,0.0,0.0,0.0,2,32.4,58.3,296,Partly cloudy,1,1,
70429,2021-10-13 16:15:00,40.6918538,-73.8109872,0,0,Following Too Closely,4467979,21.7,14.8,0.1,0.1,0.0,1.0,51,12.2,23.0,200,Drizzle: Light,0,0,
70430,2021-10-22 09:06:00,40.8469538,-73.918625,0,0,Oversized Vehicle,4469817,20.3,14.4,0.0,0.0,0.0,0.0,3,18.1,31.3,267,Overcast,0,0,
70431,2021-10-20 02:36:00,40.8631649,-73.9198741,0,0,Backing Unsafely,4469128,24.1,13.8,0.0,0.0,0.0,0.0,3,21.6,37.1,276,Overcast,0,0,
70432,2021-10-22 19:50:00,40.7247012,-73.8702083,0,0,Unspecified,4469993,20.3,14.4,0.0,0.0,0.0,0.0,3,18.1,31.3,267,Overcast,0,0,
70433,2021-10-23 02:45:00,40.7999853,-73.9448468,0,0,Unsafe Speed,4470708,15.9,10.4,0.2,0.2,0.0,2.0,51,14.4,26.6,326,Drizzle: Light,0,0,
70434,2021-10-22 11:06:00,40.7954563,-73.9656282,1,0,Following Too Closely,4469795,20.3,14.4,0.0,0.0,0.0,0.0,3,18.1,31.3,267,Overcast,1,1,
70435,2021-10-18 19:33:00,40.7041129,-73.9158671,1,0,Following Too Closely,4468674,15.8,9.2,0.0,0.0,0.0,0.0,2,32.4,58.3,296,Partly cloudy,1,1,
70436,2021-10-20 17:00:00,40.7457503,-73.7890038,0,0,Driver Inattention/Distraction,4469250,24.1,13.8,0.0,0.0,0.0,0.0,3,21.6,37.1,276,Overcast,0,0,
70437,2021-11-02 21:18:00,40.7266,-73.789116,0,0,Unspecified,4473469,11.4,7.0,0.6,0.6,0.0,4.0,51,14.1,28.1,271,Drizzle: Light,0,0,
70438,2021-10-20 21:30:00,40.8035936,-73.9197796,0,0,Unspecified,4470612,24.1,13.8,0.0,0.0,0.0,0.0,3,21.6,37.1,276,Overcast,0,0,
70439,2021-10-08 15:40:00,40.7581922,-73.8231763,0,0,Failure to Yield Right-of-Way,4468921,23.7,14.5,0.0,0.0,0.0,0.0,3,13.0,22.3,94,Overcast,0,0,
70440,2021-10-14 10:30:00,40.6747765,-73.8863304,0,0,Driver Inattention/Distraction,4467265,25.0,15.4,0.0,0.0,0.0,0.0,3,15.4,29.9,328,Overcast,0,0,
70441,2021-09-19 22:00:00,40.6236888,-74.1506578,0,0,Unspecified,4458854,23.6,16.8,0.0,0.0,0.0,0.0,2,17.6,35.6,0,Partly cloudy,0,0,
70442,2021-10-17 08:31:00,40.8404858,-73.9383657,0,0,Traffic Control Disregarded,4467947,17.3,11.1,0.2,0.2,0.0,2.0,51,23.9,43.9,293,Drizzle: Light,0,0,
70443,2021-10-20 13:25:00,40.8135894,-73.927289,1,0,Driver Inattention/Distraction,4470870,24.1,13.8,0.0,0.0,0.0,0.0,3,21.6,37.1,276,Overcast,1,1,
70444,2021-10-16 11:44:00,40.7598408,-73.943635,0,0,Unspecified,4468242,24.3,15.0,17.5,17.5,0.0,9.0,63,25.7,46.4,195,Rain: Moderate,0,0,
70445,2021-10-21 11:01:00,40.575575,-73.994316,0,0,Unspecified,4469483,22.9,12.0,0.0,0.0,0.0,0.0,3,17.0,31.7,207,Overcast,0,0,
70446,2021-11-02 16:20:00,40.674587,-73.85931,1,0,Driver Inattention/Distraction,4473416,11.4,7.0,0.6,0.6,0.0,4.0,51,14.1,28.1,271,Drizzle: Light,1,1,
70447,2021-10-18 18:50:00,40.6666971,-73.7671284,0,0,Driver Inattention/Distraction,4468537,15.8,9.2,0.0,0.0,0.0,0.0,2,32.4,58.3,296,Partly cloudy,0,0,
70448,2021-10-22 17:30:00,40.6548824,-73.9618804,0,0,Unspecified,4470875,20.3,14.4,0.0,0.0,0.0,0.0,3,18.1,31.3,267,Overcast,0,0,
70449,2021-10-21 13:35:00,40.8948734,-73.8565596,1,0,Failure to Yield Right-of-Way,4469567,22.9,12.0,0.0,0.0,0.0,0.0,3,17.0,31.7,207,Overcast,1,1,
70450,2021-11-02 06:50:00,40.807766,-73.91023,1,0,Traffic Control Disregarded,4473311,11.4,7.0,0.6,0.6,0.0,4.0,51,14.1,28.1,271,Drizzle: Light,1,1,
70451,2021-10-16 19:00:00,40.7955837,-73.9426035,1,0,Unspecified,4467937,24.3,15.0,17.5,17.5,0.0,9.0,63,25.7,46.4,195,Rain: Moderate,1,1,
70452,2021-10-22 09:15:00,40.6536344,-73.9547709,0,0,Following Too Closely,4470270,20.3,14.4,0.0,0.0,0.0,0.0,3,18.1,31.3,267,Overcast,0,0,
70453,2021-11-02 06:18:00,40.76394,-73.828156,0,0,Following Too Closely,4473591,11.4,7.0,0.6,0.6,0.0,4.0,51,14.1,28.1,271,Drizzle: Light,0,0,
70454,2021-10-18 17:00:00,40.704688,-73.9352082,0,0,Driver Inexperience,4468579,15.8,9.2,0.0,0.0,0.0,0.0,2,32.4,58.3,296,Partly cloudy,0,0,
70455,2021-10-13 10:28:00,40.8006946,-73.9411094,0,0,Following Too Closely,4467122,21.7,14.8,0.1,0.1,0.0,1.0,51,12.2,23.0,200,Drizzle: Light,0,0,
70456,2021-12-10 22:20:00,40.617104,-73.946075,2,0,Driver Inattention/Distraction,4486458,8.5,1.6,0.0,0.0,0.0,0.0,3,9.8,20.5,183,Overcast,2,2,
70457,2021-10-17 22:05:00,40.5797344,-74.1142267,2,0,Failure to Yield Right-of-Way,4469096,17.3,11.1,0.2,0.2,0.0,2.0,51,23.9,43.9,293,Drizzle: Light,2,2,
70458,2021-10-18 12:59:00,40.6918538,-73.8109872,0,0,Passing or Lane Usage Improper,4468586,15.8,9.2,0.0,0.0,0.0,0.0,2,32.4,58.3,296,Partly cloudy,0,0,
70459,2021-10-23 20:30:00,40.6543568,-73.7319712,1,0,Unspecified,4470129,15.9,10.4,0.2,0.2,0.0,2.0,51,14.4,26.6,326,Drizzle: Light,1,1,
70460,2021-10-14 18:14:00,40.7443035,-73.7332803,1,0,Unspecified,4467169,25.0,15.4,0.0,0.0,0.0,0.0,3,15.4,29.9,328,Overcast,1,1,
70461,2021-10-16 12:40:00,40.7747084,-73.9746832,1,0,Driver Inattention/Distraction,4467673,24.3,15.0,17.5,17.5,0.0,9.0,63,25.7,46.4,195,Rain: Moderate,1,1,
70462,2021-10-22 07:50:00,40.7633655,-73.9592408,0,0,Driver Inexperience,4469849,20.3,14.4,0.0,0.0,0.0,0.0,3,18.1,31.3,267,Overcast,0,0,
70463,2021-10-17 09:42:00,40.7210835,-73.9083419,1,0,Failure to Yield Right-of-Way,4468478,17.3,11.1,0.2,0.2,0.0,2.0,51,23.9,43.9,293,Drizzle: Light,1,1,
70464,2021-10-13 19:50:00,40.8369385,-73.9271154,0,0,Passing or Lane Usage Improper,4466823,21.7,14.8,0.1,0.1,0.0,1.0,51,12.2,23.0,200,Drizzle: Light,0,0,
70465,2021-10-16 15:08:00,40.7051728,-74.0092614,0,0,Unspecified,4468424,24.3,15.0,17.5,17.5,0.0,9.0,63,25.7,46.4,195,Rain: Moderate,0,0,
70466,2021-10-14 15:45:00,40.7524705,-73.9125397,0,0,Driver Inattention/Distraction,4469039,25.0,15.4,0.0,0.0,0.0,0.0,3,15.4,29.9,328,Overcast,0,0,
70467,2021-10-14 18:27:00,40.758981,-73.9959428,0,0,Unsafe Lane Changing,4467444,25.0,15.4,0.0,0.0,0.0,0.0,3,15.4,29.9,328,Overcast,0,0,
70468,2021-10-25 02:54:00,40.8660476,-73.8720598,0,0,Unspecified,4470769,22.8,13.5,10.7,10.7,0.0,8.0,63,18.9,33.5,172,Rain: Moderate,0,0,