,CRASH DATETIME,LATITUDE,LONGITUDE,NUMBER OF PERSONS INJURED,NUMBER OF PERSONS KILLED,CONTRIBUTING FACTOR VEHICLE 1,COLLISION_ID,temperature_2m_max,temperature_2m_min,precipitation_sum,rain_sum,snowfall_sum,precipitation_hours,weather_code,wind_speed_10m_max,wind_gusts_10m_max,wind_direction_10m_dominant,Weather Description,Severity_Score,Total_Affected_Persons,Weather_Category
70469,2021-10-20 08:00:00,40.7559493,-73.7714546,0,0,Unspecified,4469218,24.1,13.8,0.0,0.0,0.0,0.0,3,21.6,37.1,276,Overcast,0,0,
70470,2021-10-08 22:00:00,40.6739862,-73.9085499,0,0,Unspecified,4466440,23.7,14.5,0.0,0.0,0.0,0.0,3,13.0,22.3,94,Overcast,0,0,
70471,2021-10-14 14:35:00,40.8682829,-73.9010669,1,0,Driver Inattention/Distraction,4467577,25.0,15.4,0.0,0.0,0.0,0.0,3,15.4,29.9,328,Overcast,1,1,
70472,2021-10-21 15:24:00,40.8130953,-73.8982589,3,0,Unspecified,4470071,22.9,12.0,0.0,0.0,0.0,0.0,3,17.0,31.7,207,Overcast,3,3,
70473,2021-10-22 07:50:00,40.8266494,-73.8779157,0,0,Driver Inattention/Distraction,4469740,20.3,14.4,0.0,0.0,0.0,0.0,3,18.1,31.3,267,Overcast,0,0,
70474,2021-10-14 15:15:00,40.6757782,-73.9839201,0,0,Unsafe Lane Changing,4468189,25.0,15.4,0.0,0.0,0.0,0.0,3,15.4,29.9,328,Overcast,0,0,
70475,2021-09-24 18:00:00,40.511804,-74.2500345,1,0,Driver Inattention/Distraction,4462010,22.4,15.6,26.0,26.0,0.0,9.0,63,14.2,29.9,274,Rain: Moderate,1,1,
70476,2021-10-14 08:20:00,40.8771397,-73.8752676,0,0,Following Too Closely,4467401,25.0,15.4,0.0,0.0,0.0,0.0,3,15.4,29.9,328,Overcast,0,0,
70477,2023-11-03 11:47:00,40.784245,-73.9471,0,0,Unsafe Lane Changing,4676102,12.8,1.0,0.0,0.0,0.0,0.0,1,17.7,35.6,206,Mainly clear,0,0,Sunny/Clear Conditions
70478,2021-10-21 19:00:00,40.7525775,-73.8642074,0,0,Driver Inattention/Distraction,4469802,22.9,12.0,0.0,0.0,0.0,0.0,3,17.0,31.7,207,Overcast,0,0,
70479,2021-10-20 23:35:00,40.7915596,-73.968476,0,0,Traffic Control Disregarded,4469422,24.1,13.8,0.0,0.0,0.0,0.0,3,21.6,37.1,276,Overcast,0,0,
70480,2021-10-13 06:50:00,40.6527254,-74.0093449,0,0,Unspecified,4467047,21.7,14.8,0.1,0.1,0.0,1.0,51,12.2,23.0,200,Drizzle: Light,0,0,
70481,2021-11-02 14:50:00,40.635452,-73.96713,1,0,Following Too Closely,4473500,11.4,7.0,0.6,0.6,0.0,4.0,51,14.1,28.1,271,Drizzle: Light,1,1,
70482,2021-10-24 08:30:00,40.7236497,-73.9852841,1,0,Driver Inattention/Distraction,4470302,15.5,7.6,0.7,0.7,0.0,1.0,53,13.0,23.8,248,Drizzle: Moderate,1,1,
70483,2021-11-01 14:17:00,40.689445,-73.808716,1,0,Passing Too Closely,4474110,14.4,8.0,0.0,0.0,0.0,0.0,3,20.7,38.5,278,Overcast,1,1,
70484,2021-10-17 21:00:00,40.7501388,-73.8805943,1,0,Driver Inattention/Distraction,4468866,17.3,11.1,0.2,0.2,0.0,2.0,51,23.9,43.9,293,Drizzle: Light,1,1,
70485,2021-10-16 11:20:00,40.715785,-73.9986742,1,0,Failure to Yield Right-of-Way,4468294,24.3,15.0,17.5,17.5,0.0,9.0,63,25.7,46.4,195,Rain: Moderate,1,1,
70486,2021-10-09 10:43:00,40.8561638,-73.8443975,0,0,Unsafe Lane Changing,4466456,20.2,15.2,1.2,1.2,0.0,5.0,51,22.8,42.8,71,Drizzle: Light,0,0,
70487,2021-10-15 09:45:00,40.6406452,-73.7433838,0,0,View Obstructed/Limited,4467395,25.0,14.5,0.0,0.0,0.0,0.0,3,16.8,28.4,182,Overcast,0,0,
70488,2021-10-13 12:10:00,40.8599521,-73.9308799,1,0,Aggressive Driving/Road Rage,4467037,21.7,14.8,0.1,0.1,0.0,1.0,51,12.2,23.0,200,Drizzle: Light,1,1,
70489,2021-10-17 17:35:00,40.8678142,-73.9236287,0,0,Failure to Yield Right-of-Way,4468856,17.3,11.1,0.2,0.2,0.0,2.0,51,23.9,43.9,293,Drizzle: Light,0,0,
70490,2021-10-17 15:00:00,40.732009,-73.957943,1,0,Traffic Control Disregarded,4468339,17.3,11.1,0.2,0.2,0.0,2.0,51,23.9,43.9,293,Drizzle: Light,1,1,
70491,2021-10-17 21:14:00,40.5408314,-74.2167519,0,0,Alcohol Involvement,4469800,17.3,11.1,0.2,0.2,0.0,2.0,51,23.9,43.9,293,Drizzle: Light,0,0,
70492,2021-10-18 15:32:00,40.8357057,-73.8887453,1,0,Unspecified,4468695,15.8,9.2,0.0,0.0,0.0,0.0,2,32.4,58.3,296,Partly cloudy,1,1,
70493,2021-10-20 11:25:00,40.8355193,-73.8611145,0,0,Driver Inattention/Distraction,4469388,24.1,13.8,0.0,0.0,0.0,0.0,3,21.6,37.1,276,Overcast,0,0,
70494,2021-09-26 16:45:00,40.8336142,-73.860851,1,0,Unspecified,4467483,21.4,15.6,0.0,0.0,0.0,0.0,3,23.5,45.0,294,Overcast,1,1,
70495,2021-10-20 16:30:00,40.7230886,-73.7565448,0,0,Driver Inattention/Distraction,4469287,24.1,13.8,0.0,0.0,0.0,0.0,3,21.6,37.1,276,Overcast,0,0,
70496,2021-10-24 03:18:00,40.726407,-73.9066959,0,0,Fell Asleep,4470411,15.5,7.6,0.7,0.7,0.0,1.0,53,13.0,23.8,248,Drizzle: Moderate,0,0,
70497,2021-10-16 16:00:00,40.8714567,-73.8589092,0,0,Backing Unsafely,4467994,24.3,15.0,17.5,17.5,0.0,9.0,63,25.7,46.4,195,Rain: Moderate,0,0,
70498,2021-10-05 15:08:00,40.8006946,-73.9411094,1,0,Unsafe Speed,4466473,19.9,15.0,0.0,0.0,0.0,0.0,3,14.5,28.1,46,Overcast,1,1,
70499,2021-10-13 19:20:00,40.6767636,-73.8815883,0,0,Unspecified,4467251,21.7,14.8,0.1,0.1,0.0,1.0,51,12.2,23.0,200,Drizzle: Light,0,0,
70500,2021-10-14 14:30:00,40.8507741,-73.9354247,0,0,Passing Too Closely,4468861,25.0,15.4,0.0,0.0,0.0,0.0,3,15.4,29.9,328,Overcast,0,0,
70501,2021-10-17 04:30:00,40.86516,-73.8508131,1,0,Fell Asleep,4469025,17.3,11.1,0.2,0.2,0.0,2.0,51,23.9,43.9,293,Drizzle: Light,1,1,
70502,2021-10-24 08:10:00,40.6582963,-73.9310841,2,0,Driver Inattention/Distraction,4470285,15.5,7.6,0.7,0.7,0.0,1.0,53,13.0,23.8,248,Drizzle: Moderate,2,2,
70503,2021-10-16 17:10:00,40.7606264,-73.817683,1,0,Failure to Yield Right-of-Way,4467651,24.3,15.0,17.5,17.5,0.0,9.0,63,25.7,46.4,195,Rain: Moderate,1,1,
70504,2021-10-23 21:10:00,40.6420577,-73.8797429,2,0,Following Too Closely,4470475,15.9,10.4,0.2,0.2,0.0,2.0,51,14.4,26.6,326,Drizzle: Light,2,2,
70505,2021-11-02 02:25:00,40.757095,-73.915016,0,0,Fell Asleep,4473891,11.4,7.0,0.6,0.6,0.0,4.0,51,14.1,28.1,271,Drizzle: Light,0,0,
70506,2021-10-21 19:30:00,40.716486,-73.9631785,0,0,Failure to Yield Right-of-Way,4469651,22.9,12.0,0.0,0.0,0.0,0.0,3,17.0,31.7,207,Overcast,0,0,
70507,2021-10-14 12:07:00,40.6408367,-74.0184306,0,0,Driver Inattention/Distraction,4467154,25.0,15.4,0.0,0.0,0.0,0.0,3,15.4,29.9,328,Overcast,0,0,
70508,2021-10-19 13:30:00,40.7546033,-73.9335616,0,0,Unspecified,4470145,19.1,8.3,0.0,0.0,0.0,0.0,1,24.6,45.0,272,Mainly clear,0,0,Sunny/Clear Conditions
70509,2021-10-08 00:00:00,40.6106126,-73.9567049,0,0,Unspecified,4467292,23.7,14.5,0.0,0.0,0.0,0.0,3,13.0,22.3,94,Overcast,0,0,
70510,2021-10-22 18:00:00,40.6592489,-73.7583817,0,0,Unspecified,4470048,20.3,14.4,0.0,0.0,0.0,0.0,3,18.1,31.3,267,Overcast,0,0,
70511,2021-10-21 23:15:00,40.8587638,-73.8973575,0,0,Passing Too Closely,4469669,22.9,12.0,0.0,0.0,0.0,0.0,3,17.0,31.7,207,Overcast,0,0,
70512,2021-09-30 16:47:00,40.771155,-73.9796523,0,0,Other Vehicular,4469272,18.8,13.1,0.0,0.0,0.0,0.0,3,18.1,37.4,330,Overcast,0,0,
70513,2021-10-29 22:50:00,40.53465,-74.19386,0,0,Pavement Slippery,4473987,13.8,8.3,9.3,9.3,0.0,5.0,63,40.9,73.8,78,Rain: Moderate,0,0,
70514,2021-10-14 14:10:00,40.7623345,-73.8269171,1,0,Following Too Closely,4467572,25.0,15.4,0.0,0.0,0.0,0.0,3,15.4,29.9,328,Overcast,1,1,
70515,2021-10-23 23:25:00,40.7036882,-73.9650588,1,0,Following Too Closely,4470356,15.9,10.4,0.2,0.2,0.0,2.0,51,14.4,26.6,326,Drizzle: Light,1,1,
70516,2021-10-23 06:10:00,40.7271398,-73.8712254,0,0,Driver Inexperience,4470396,15.9,10.4,0.2,0.2,0.0,2.0,51,14.4,26.6,326,Drizzle: Light,0,0,
70517,2021-10-19 22:00:00,40.8213817,-73.9541326,0,0,Unsafe Lane Changing,4469973,19.1,8.3,0.0,0.0,0.0,0.0,1,24.6,45.0,272,Mainly clear,0,0,Sunny/Clear Conditions
70518,2021-10-12 00:30:00,40.6908472,-73.7266153,0,0,Unsafe Speed,4466573,21.6,15.2,0.0,0.0,0.0,0.0,3,11.8,23.8,81,Overcast,0,0,
70519,2021-10-14 08:12:00,40.7564994,-73.8201379,1,0,Unspecified,4468775,25.0,15.4,0.0,0.0,0.0,0.0,3,15.4,29.9,328,Overcast,1,1,
70520,2021-10-21 05:39:00,40.6145792,-74.022796,2,0,Failure to Yield Right-of-Way,4469468,22.9,12.0,0.0,0.0,0.0,0.0,3,17.0,31.7,207,Overcast,2,2,
70521,2021-10-17 21:40:00,40.6397355,-73.9301124,1,0,Unspecified,4468257,17.3,11.1,0.2,0.2,0.0,2.0,51,23.9,43.9,293,Drizzle: Light,1,1,
70522,2021-10-20 12:45:00,40.7104697,-73.7721318,0,0,Backing Unsafely,4469245,24.1,13.8,0.0,0.0,0.0,0.0,3,21.6,37.1,276,Overcast,0,0,
70523,2021-10-20 16:00:00,40.6676505,-73.9297718,0,0,Driver Inattention/Distraction,4470241,24.1,13.8,0.0,0.0,0.0,0.0,3,21.6,37.1,276,Overcast,0,0,
70524,2021-10-14 06:30:00,40.7493752,-73.8675126,1,0,Turning Improperly,4468642,25.0,15.4,0.0,0.0,0.0,0.0,3,15.4,29.9,328,Overcast,1,1,
70525,2021-10-19 11:00:00,40.7613564,-73.9353886,1,0,Unspecified,4469042,19.1,8.3,0.0,0.0,0.0,0.0,1,24.6,45.0,272,Mainly clear,1,1,Sunny/Clear Conditions
70526,2022-04-15 13:15:00,40.830257,-73.914856,1,0,,4519423,19.2,6.3,0.1,0.1,0.0,1.0,51,26.9,46.1,243,Drizzle: Light,1,1,
70527,2021-10-17 15:30:00,40.7352066,-73.8665993,0,0,Unspecified,4468027,17.3,11.1,0.2,0.2,0.0,2.0,51,23.9,43.9,293,Drizzle: Light,0,0,
70528,2021-10-09 16:49:00,40.8304005,-73.8850391,2,0,Driver Inattention/Distraction,4470249,20.2,15.2,1.2,1.2,0.0,5.0,51,22.8,42.8,71,Drizzle: Light,2,2,
70529,2021-10-17 00:00:00,40.578921,-73.8416795,1,0,Turning Improperly,4469572,17.3,11.1,0.2,0.2,0.0,2.0,51,23.9,43.9,293,Drizzle: Light,1,1,
70530,2021-10-21 12:40:00,40.6265706,-74.1667699,2,0,Driver Inattention/Distraction,4469827,22.9,12.0,0.0,0.0,0.0,0.0,3,17.0,31.7,207,Overcast,2,2,
70531,2021-10-16 13:00:00,40.6293277,-73.9258849,0,0,Driver Inattention/Distraction,4467615,24.3,15.0,17.5,17.5,0.0,9.0,63,25.7,46.4,195,Rain: Moderate,0,0,
70532,2021-10-19 09:00:00,40.8443787,-73.9217761,0,0,Passing Too Closely,4468819,19.1,8.3,0.0,0.0,0.0,0.0,1,24.6,45.0,272,Mainly clear,0,0,Sunny/Clear Conditions
70533,2021-10-14 17:55:00,40.7392896,-73.8528746,1,0,Failure to Yield Right-of-Way,4467914,25.0,15.4,0.0,0.0,0.0,0.0,3,15.4,29.9,328,Overcast,1,1,
70534,2021-10-20 00:00:00,40.7190619,-73.8121185,2,0,Failure to Yield Right-of-Way,4469497,24.1,13.8,0.0,0.0,0.0,0.0,3,21.6,37.1,276,Overcast,2,2,
70535,2023-11-01 23:40:00,40.80543,-73.92087,0,0,Unspecified,4676137,9.4,3.4,2.8,2.8,0.0,12.0,53,22.0,44.6,333,Drizzle: Moderate,0,0,
70536,2021-10-22 16:45:00,40.6669268,-73.857403,1,0,Failure to Yield Right-of-Way,4470468,20.3,14.4,0.0,0.0,0.0,0.0,3,18.1,31.3,267,Overcast,1,1,
70537,2021-10-08 17:10:00,40.76226,-73.7569828,1,0,Driver Inattention/Distraction,4467702,23.7,14.5,0.0,0.0,0.0,0.0,3,13.0,22.3,94,Overcast,1,1,
70538,2021-10-13 21:42:00,40.7024202,-73.8070801,0,0,Other Vehicular,4467124,21.7,14.8,0.1,0.1,0.0,1.0,51,12.2,23.0,200,Drizzle: Light,0,0,
70539,2021-11-02 20:10:00,40.833233,-73.8282,2,0,Unspecified,4473973,11.4,7.0,0.6,0.6,0.0,4.0,51,14.1,28.1,271,Drizzle: Light,2,2,
70540,2021-10-19 19:30:00,40.6184717,-74.0212161,1,0,Unspecified,4468982,19.1,8.3,0.0,0.0,0.0,0.0,1,24.6,45.0,272,Mainly clear,1,1,Sunny/Clear Conditions
70541,2021-10-13 08:50:00,40.7666905,-73.7877642,0,0,Following Too Closely,4469212,21.7,14.8,0.1,0.1,0.0,1.0,51,12.2,23.0,200,Drizzle: Light,0,0,
70542,2021-10-17 06:16:00,40.7628522,-73.9677279,1,0,Traffic Control Disregarded,4468063,17.3,11.1,0.2,0.2,0.0,2.0,51,23.9,43.9,293,Drizzle: Light,1,1,
70543,2021-10-19 18:00:00,40.8157206,-73.9250541,0,0,Unspecified,4469157,19.1,8.3,0.0,0.0,0.0,0.0,1,24.6,45.0,272,Mainly clear,0,0,Sunny/Clear Conditions
70544,2021-10-21 16:10:00,40.8117171,-73.9267059,0,0,Backing Unsafely,4470623,22.9,12.0,0.0,0.0,0.0,0.0,3,17.0,31.7,207,Overcast,0,0,
70545,2021-10-21 21:32:00,40.6271451,-74.0067986,1,0,Driver Inexperience,4469645,22.9,12.0,0.0,0.0,0.0,0.0,3,17.0,31.7,207,Overcast,1,1,
70546,2021-10-08 17:45:00,40.7189626,-74.0012734,0,0,Passing Too Closely,4466336,23.7,14.5,0.0,0.0,0.0,0.0,3,13.0,22.3,94,Overcast,0,0,
70547,2021-10-21 00:40:00,40.7094706,-73.7458024,0,0,Unspecified,4469290,22.9,12.0,0.0,0.0,0.0,0.0,3,17.0,31.7,207,Overcast,0,0,
70548,2021-10-18 07:30:00,40.754195,-73.997817,0,0,Driver Inattention/Distraction,4469071,15.8,9.2,0.0,0.0,0.0,0.0,2,32.4,58.3,296,Partly cloudy,0,0,
70549,2020-12-24 07:45:00,40.619132,-73.9901807,0,0,Passing or Lane Usage Improper,4378723,14.5,3.0,5.1,5.1,0.0,7.0,61,43.7,90.7,166,Rain: Light,0,0,
70550,2021-10-20 12:35:00,40.6959501,-73.9376302,1,0,Driver Inattention/Distraction,4470372,24.1,13.8,0.0,0.0,0.0,0.0,3,21.6,37.1,276,Overcast,1,1,
70551,2021-10-12 21:07:00,40.7697928,-73.9168275,1,0,Driver Inattention/Distraction,4466969,21.6,15.2,0.0,0.0,0.0,0.0,3,11.8,23.8,81,Overcast,1,1,
70552,2021-11-02 19:08:00,40.574394,-74.10581,1,0,Unspecified,4473813,11.4,7.0,0.6,0.6,0.0,4.0,51,14.1,28.1,271,Drizzle: Light,1,1,
70553,2021-10-19 15:58:00,40.8238711,-73.9133671,0,0,Unspecified,4470785,19.1,8.3,0.0,0.0,0.0,0.0,1,24.6,45.0,272,Mainly clear,0,0,Sunny/Clear Conditions
70554,2021-10-20 15:20:00,40.7362694,-73.7728608,0,0,Unsafe Lane Changing,4469512,24.1,13.8,0.0,0.0,0.0,0.0,3,21.6,37.1,276,Overcast,0,0,
70555,2021-10-20 09:00:00,40.8812664,-73.8387425,1,0,Traffic Control Disregarded,4469565,24.1,13.8,0.0,0.0,0.0,0.0,3,21.6,37.1,276,Overcast,1,1,
70556,2021-10-22 03:00:00,40.7133033,-73.7889036,0,0,Unspecified,4469961,20.3,14.4,0.0,0.0,0.0,0.0,3,18.1,31.3,267,Overcast,0,0,
70557,2021-10-21 11:02:00,40.8549174,-73.9367852,0,0,Passing or Lane Usage Improper,4469521,22.9,12.0,0.0,0.0,0.0,0.0,3,17.0,31.7,207,Overcast,0,0,
70558,2021-10-23 00:40:00,40.8246527,-73.946221,0,0,Unspecified,4469978,15.9,10.4,0.2,0.2,0.0,2.0,51,14.4,26.6,326,Drizzle: Light,0,0,
70559,2021-10-21 10:03:00,40.6817692,-73.9675328,0,0,Unspecified,4469654,22.9,12.0,0.0,0.0,0.0,0.0,3,17.0,31.7,207,Overcast,0,0,
70560,2021-10-19 08:25:00,40.7081396,-73.9606979,0,0,Passing Too Closely,4468970,19.1,8.3,0.0,0.0,0.0,0.0,1,24.6,45.0,272,Mainly clear,0,0,Sunny/Clear Conditions
70561,2021-10-20 08:05:00,40.7816842,-73.8459383,1,0,Failure to Yield Right-of-Way,4469362,24.1,13.8,0.0,0.0,0.0,0.0,3,21.6,37.1,276,Overcast,1,1,
70562,2021-10-17 14:30:00,40.6505828,-73.9517226,1,0,Unspecified,4468256,17.3,11.1,0.2,0.2,0.0,2.0,51,23.9,43.9,293,Drizzle: Light,1,1,
70563,2021-10-20 16:55:00,40.7832196,-73.8467761,1,0,Failure to Yield Right-of-Way,4469364,24.1,13.8,0.0,0.0,0.0,0.0,3,21.6,37.1,276,Overcast,1,1,
70564,2021-10-22 08:00:00,40.7404189,-73.805523,0,0,Traffic Control Disregarded,4470735,20.3,14.4,0.0,0.0,0.0,0.0,3,18.1,31.3,267,Overcast,0,0,
70565,2021-10-18 17:47:00,40.7270908,-73.982962,0,0,,4470522,15.8,9.2,0.0,0.0,0.0,0.0,2,32.4,58.3,296,Partly cloudy,0,0,
70566,2021-10-22 12:15:00,40.6988194,-73.9579603,0,0,Driver Inattention/Distraction,4470357,20.3,14.4,0.0,0.0,0.0,0.0,3,18.1,31.3,267,Overcast,0,0,
70567,2021-10-21 10:18:00,40.6698462,-73.9104436,0,0,Passing Too Closely,4470173,22.9,12.0,0.0,0.0,0.0,0.0,3,17.0,31.7,207,Overcast,0,0,
70568,2021-10-23 13:45:00,40.7008911,-73.8933485,1,0,Failure to Yield Right-of-Way,4470397,15.9,10.4,0.2,0.2,0.0,2.0,51,14.4,26.6,326,Drizzle: Light,1,1,
70569,2021-10-18 19:15:00,40.7400682,-73.935449,0,0,Driver Inattention/Distraction,4468527,15.8,9.2,0.0,0.0,0.0,0.0,2,32.4,58.3,296,Partly cloudy,0,0,
70570,2021-10-16 22:20:00,40.6874523,-73.7372652,1,0,Unspecified,4467742,24.3,15.0,17.5,17.5,0.0,9.0,63,25.7,46.4,195,Rain: Moderate,1,1,
70571,2022-04-15 12:30:00,40.67599,-73.921486,0,0,Unspecified,4519356,19.2,6.3,0.1,0.1,0.0,1.0,51,26.9,46.1,243,Drizzle: Light,0,0,
70572,2021-10-23 19:47:00,40.8506663,-73.8637059,0,0,Brakes Defective,4470659,15.9,10.4,0.2,0.2,0.0,2.0,51,14.4,26.6,326,Drizzle: Light,0,0,
70573,2021-11-02 17:40:00,40.756424,-73.7403,0,0,Driver Inattention/Distraction,4473439,11.4,7.0,0.6,0.6,0.0,4.0,51,14.1,28.1,271,Drizzle: Light,0,0,
70574,2021-10-10 14:48:00,40.8068389,-73.9343164,0,0,Driver Inexperience,4466709,18.5,16.0,2.4,2.4,0.0,8.0,53,27.2,52.6,52,Drizzle: Moderate,0,0,
70575,2021-10-11 22:10:00,40.7816666,-73.827707,0,0,Brakes Defective,4466592,21.7,16.3,0.0,0.0,0.0,0.0,3,25.7,49.7,41,Overcast,0,0,
70576,2021-10-13 09:52:00,40.7019617,-73.9440046,1,0,Failure to Yield Right-of-Way,4466842,21.7,14.8,0.1,0.1,0.0,1.0,51,12.2,23.0,200,Drizzle: Light,1,1,
70577,2021-10-03 23:35:00,40.68837,-73.9449102,1,0,Traffic Control Disregarded,4469745,25.9,12.8,0.0,0.0,0.0,0.0,3,12.0,24.1,217,Overcast,1,1,
70578,2021-10-20 22:24:00,40.721964,-73.9965022,0,0,Driver Inattention/Distraction,4470246,24.1,13.8,0.0,0.0,0.0,0.0,3,21.6,37.1,276,Overcast,0,0,
70579,2021-10-15 12:30:00,40.7646844,-73.9917874,1,0,Failure to Yield Right-of-Way,4469326,25.0,14.5,0.0,0.0,0.0,0.0,3,16.8,28.4,182,Overcast,1,1,
70580,2021-10-16 11:00:00,40.8041416,-73.9551251,0,0,Driver Inattention/Distraction,4468702,24.3,15.0,17.5,17.5,0.0,9.0,63,25.7,46.4,195,Rain: Moderate,0,0,
70581,2021-10-13 07:57:00,40.7505041,-73.9373871,1,0,Passing Too Closely,4466974,21.7,14.8,0.1,0.1,0.0,1.0,51,12.2,23.0,200,Drizzle: Light,1,1,
70582,2021-11-02 19:00:00,40.61118,-74.105606,1,0,Failure to Yield Right-of-Way,4473794,11.4,7.0,0.6,0.6,0.0,4.0,51,14.1,28.1,271,Drizzle: Light,1,1,
70583,2021-10-13 10:54:00,40.7769102,-73.9574705,0,0,Driver Inattention/Distraction,4467356,21.7,14.8,0.1,0.1,0.0,1.0,51,12.2,23.0,200,Drizzle: Light,0,0,
70584,2021-10-23 19:30:00,40.8359688,-73.8699927,0,0,Unspecified,4470297,15.9,10.4,0.2,0.2,0.0,2.0,51,14.4,26.6,326,Drizzle: Light,0,0,
70585,2021-10-23 03:00:00,40.8343764,-73.8906483,0,0,Unspecified,4470790,15.9,10.4,0.2,0.2,0.0,2.0,51,14.4,26.6,326,Drizzle: Light,0,0,
70586,2021-10-19 16:45:00,40.674396,-73.8965093,0,0,Passing Too Closely,4469699,19.1,8.3,0.0,0.0,0.0,0.0,1,24.6,45.0,272,Mainly clear,0,0,Sunny/Clear Conditions
70587,2021-10-17 04:21:00,40.8618642,-73.9127392,3,0,Unsafe Speed,4468417,17.3,11.1,0.2,0.2,0.0,2.0,51,23.9,43.9,293,Drizzle: Light,3,3,
70588,2021-10-16 13:04:00,40.6626683,-73.8397144,1,0,Failure to Yield Right-of-Way,4468216,24.3,15.0,17.5,17.5,0.0,9.0,63,25.7,46.4,195,Rain: Moderate,1,1,
70589,2021-10-14 11:55:00,40.6775577,-73.8036477,2,0,Unsafe Speed,4467203,25.0,15.4,0.0,0.0,0.0,0.0,3,15.4,29.9,328,Overcast,2,2,
70590,2021-10-13 03:10:00,40.8234685,-73.92446,1,0,Alcohol Involvement,4466809,21.7,14.8,0.1,0.1,0.0,1.0,51,12.2,23.0,200,Drizzle: Light,1,1,
70591,2021-10-19 20:00:00,40.6541418,-73.8873109,0,0,Unspecified,4469247,19.1,8.3,0.0,0.0,0.0,0.0,1,24.6,45.0,272,Mainly clear,0,0,Sunny/Clear Conditions
70592,2021-10-15 00:30:00,40.681433,-73.8676334,0,0,Passing Too Closely,4468170,25.0,14.5,0.0,0.0,0.0,0.0,3,16.8,28.4,182,Overcast,0,0,
70593,2021-10-13 11:25:00,40.7658742,-73.9552199,0,0,Driver Inattention/Distraction,4466859,21.7,14.8,0.1,0.1,0.0,1.0,51,12.2,23.0,200,Drizzle: Light,0,0,
70594,2021-10-16 11:44:00,40.6344375,-74.1457005,0,0,Steering Failure,4470844,24.3,15.0,17.5,17.5,0.0,9.0,63,25.7,46.4,195,Rain: Moderate,0,0,
70595,2021-10-14 08:20:00,40.8420773,-73.8347138,0,0,Failure to Yield Right-of-Way,4467388,25.0,15.4,0.0,0.0,0.0,0.0,3,15.4,29.9,328,Overcast,0,0,
70596,2021-10-20 10:40:00,40.8133899,-73.9562587,2,0,Unspecified,4470324,24.1,13.8,0.0,0.0,0.0,0.0,3,21.6,37.1,276,Overcast,2,2,
70597,2021-10-24 19:36:00,40.7302857,-73.8585123,1,0,Unspecified,4470807,15.5,7.6,0.7,0.7,0.0,1.0,53,13.0,23.8,248,Drizzle: Moderate,1,1,
70598,2021-10-21 15:45:00,40.5727546,-74.1140276,0,0,Following Too Closely,4469756,22.9,12.0,0.0,0.0,0.0,0.0,3,17.0,31.7,207,Overcast,0,0,
70599,2021-10-17 19:33:00,40.6859937,-73.8399215,1,0,Following Too Closely,4468099,17.3,11.1,0.2,0.2,0.0,2.0,51,23.9,43.9,293,Drizzle: Light,1,1,
70600,2021-10-25 11:43:00,40.727816,-73.8111197,1,0,Unspecified,4470891,22.8,13.5,10.7,10.7,0.0,8.0,63,18.9,33.5,172,Rain: Moderate,1,1,
70601,2021-10-21 06:50:00,40.7571916,-73.8904032,1,0,Failure to Yield Right-of-Way,4469379,22.9,12.0,0.0,0.0,0.0,0.0,3,17.0,31.7,207,Overcast,1,1,
70602,2021-10-16 03:10:00,40.8803019,-73.8580946,0,0,Driverless/Runaway Vehicle,4467966,24.3,15.0,17.5,17.5,0.0,9.0,63,25.7,46.4,195,Rain: Moderate,0,0,
70603,2021-10-16 19:20:00,40.6291613,-74.0114275,0,0,Unspecified,4467759,24.3,15.0,17.5,17.5,0.0,9.0,63,25.7,46.4,195,Rain: Moderate,0,0,
70604,2021-10-15 20:15:00,40.7378416,-73.9826107,0,0,Unspecified,4468145,25.0,14.5,0.0,0.0,0.0,0.0,3,16.8,28.4,182,Overcast,0,0,
70605,2021-10-14 17:40:00,40.6800886,-73.9439725,0,0,Passing Too Closely,4467834,25.0,15.4,0.0,0.0,0.0,0.0,3,15.4,29.9,328,Overcast,0,0,
70606,2021-10-21 20:30:00,40.6933986,-73.8033456,0,0,Driver Inattention/Distraction,4469838,22.9,12.0,0.0,0.0,0.0,0.0,3,17.0,31.7,207,Overcast,0,0,
70607,2021-10-23 09:00:00,40.7446237,-73.9004732,0,0,Driver Inattention/Distraction,4470135,15.9,10.4,0.2,0.2,0.0,2.0,51,14.4,26.6,326,Drizzle: Light,0,0,
70608,2021-10-18 21:22:00,40.8850885,-73.8354624,0,0,Unspecified,4468794,15.8,9.2,0.0,0.0,0.0,0.0,2,32.4,58.3,296,Partly cloudy,0,0,
70609,2021-10-12 15:00:00,40.8704618,-73.8337877,3,0,Driver Inexperience,4466580,21.6,15.2,0.0,0.0,0.0,0.0,3,11.8,23.8,81,Overcast,3,3,
70610,2021-11-02 09:14:00,40.877815,-73.868126,0,0,Failure to Yield Right-of-Way,4473519,11.4,7.0,0.6,0.6,0.0,4.0,51,14.1,28.1,271,Drizzle: Light,0,0,
70611,2021-10-15 15:55:00,40.8549744,-73.8925014,0,0,Traffic Control Disregarded,4468349,25.0,14.5,0.0,0.0,0.0,0.0,3,16.8,28.4,182,Overcast,0,0,
70612,2021-10-14 18:00:00,40.6719259,-73.9391775,1,0,Backing Unsafely,4470344,25.0,15.4,0.0,0.0,0.0,0.0,3,15.4,29.9,328,Overcast,1,1,