,CRASH DATETIME,LATITUDE,LONGITUDE,NUMBER OF PERSONS INJURED,NUMBER OF PERSONS KILLED,CONTRIBUTING FACTOR VEHICLE 1,COLLISION_ID,temperature_2m_max,temperature_2m_min,precipitation_sum,rain_sum,snowfall_sum,precipitation_hours,weather_code,wind_speed_10m_max,wind_gusts_10m_max,wind_direction_10m_dominant,Weather Description,Severity_Score,Total_Affected_Persons,Weather_Category
70613,2021-10-17 16:38:00,40.6616943,-73.9104909,0,0,Unspecified,4468360,17.3,11.1,0.2,0.2,0.0,2.0,51,23.9,43.9,293,Drizzle: Light,0,0,
70614,2021-10-20 09:00:00,40.6389656,-73.9425045,0,0,Backing Unsafely,4469114,24.1,13.8,0.0,0.0,0.0,0.0,3,21.6,37.1,276,Overcast,0,0,
70615,2021-10-19 05:30:00,40.7540832,-73.8640138,0,0,Unspecified,4468697,19.1,8.3,0.0,0.0,0.0,0.0,1,24.6,45.0,272,Mainly clear,0,0,Sunny/Clear Conditions
70616,2021-10-22 17:20:00,40.6086285,-74.1482327,1,0,Following Too Closely,4470681,20.3,14.4,0.0,0.0,0.0,0.0,3,18.1,31.3,267,Overcast,1,1,
70617,2021-10-17 22:19:00,40.903481,-73.8503406,0,0,Driver Inattention/Distraction,4468135,17.3,11.1,0.2,0.2,0.0,2.0,51,23.9,43.9,293,Drizzle: Light,0,0,
70618,2021-10-14 09:15:00,40.6057313,-73.9850075,1,0,Driver Inattention/Distraction,4467117,25.0,15.4,0.0,0.0,0.0,0.0,3,15.4,29.9,328,Overcast,1,1,
70619,2021-10-19 12:00:00,40.7234894,-73.7983647,1,0,Driver Inexperience,4469793,19.1,8.3,0.0,0.0,0.0,0.0,1,24.6,45.0,272,Mainly clear,1,1,Sunny/Clear Conditions
70620,2021-10-15 16:20:00,40.7357501,-73.9914871,0,0,Driver Inattention/Distraction,4467787,25.0,14.5,0.0,0.0,0.0,0.0,3,16.8,28.4,182,Overcast,0,0,
70621,2021-10-22 11:40:00,40.6818033,-73.9085148,0,0,Following Too Closely,4469862,20.3,14.4,0.0,0.0,0.0,0.0,3,18.1,31.3,267,Overcast,0,0,
70622,2021-10-18 08:00:00,40.7752618,-73.819654,0,0,Passing or Lane Usage Improper,4468551,15.8,9.2,0.0,0.0,0.0,0.0,2,32.4,58.3,296,Partly cloudy,0,0,
70623,2021-10-16 23:30:00,40.724202,-73.937647,1,0,Following Too Closely,4468677,24.3,15.0,17.5,17.5,0.0,9.0,63,25.7,46.4,195,Rain: Moderate,1,1,
70624,2021-10-18 09:00:00,40.8475301,-73.8480267,0,0,Backing Unsafely,4468847,15.8,9.2,0.0,0.0,0.0,0.0,2,32.4,58.3,296,Partly cloudy,0,0,
70625,2021-10-11 16:30:00,40.769306,-73.9155085,1,0,Unsafe Lane Changing,4468716,21.7,16.3,0.0,0.0,0.0,0.0,3,25.7,49.7,41,Overcast,1,1,
70626,2021-10-22 08:00:00,40.6179628,-73.9913696,1,0,Failure to Yield Right-of-Way,4469821,20.3,14.4,0.0,0.0,0.0,0.0,3,18.1,31.3,267,Overcast,1,1,
70627,2021-10-15 11:30:00,40.6346508,-73.9372659,0,0,Unspecified,4467819,25.0,14.5,0.0,0.0,0.0,0.0,3,16.8,28.4,182,Overcast,0,0,
70628,2021-10-18 06:54:00,40.6130524,-73.949118,0,1,Unspecified,4468965,15.8,9.2,0.0,0.0,0.0,0.0,2,32.4,58.3,296,Partly cloudy,20,1,
70629,2021-10-14 09:00:00,40.7483572,-73.9071314,0,0,Driver Inattention/Distraction,4467919,25.0,15.4,0.0,0.0,0.0,0.0,3,15.4,29.9,328,Overcast,0,0,
70630,2021-10-16 09:00:00,40.6142558,-74.1008469,0,0,Unspecified,4468435,24.3,15.0,17.5,17.5,0.0,9.0,63,25.7,46.4,195,Rain: Moderate,0,0,
70631,2021-10-13 13:16:00,40.7274025,-73.8872412,0,0,Backing Unsafely,4468113,21.7,14.8,0.1,0.1,0.0,1.0,51,12.2,23.0,200,Drizzle: Light,0,0,
70632,2021-10-21 09:15:00,40.7855354,-73.9839993,1,0,Following Too Closely,4469612,22.9,12.0,0.0,0.0,0.0,0.0,3,17.0,31.7,207,Overcast,1,1,
70633,2021-10-19 10:33:00,40.696197,-73.9887629,0,0,Passing or Lane Usage Improper,4469934,19.1,8.3,0.0,0.0,0.0,0.0,1,24.6,45.0,272,Mainly clear,0,0,Sunny/Clear Conditions
70634,2021-10-13 14:50:00,40.5319181,-74.1917442,0,0,Unspecified,4468830,21.7,14.8,0.1,0.1,0.0,1.0,51,12.2,23.0,200,Drizzle: Light,0,0,
70635,2021-10-21 05:35:00,40.851392,-73.9412075,0,0,Driver Inattention/Distraction,4470772,22.9,12.0,0.0,0.0,0.0,0.0,3,17.0,31.7,207,Overcast,0,0,
70636,2021-10-13 14:42:00,40.7643467,-73.9545079,0,0,Unspecified,4468052,21.7,14.8,0.1,0.1,0.0,1.0,51,12.2,23.0,200,Drizzle: Light,0,0,
70637,2021-10-13 13:55:00,40.6491687,-73.9634612,0,0,Pedestrian/Bicyclist/Other Pedestrian Error/Confusion,4467687,21.7,14.8,0.1,0.1,0.0,1.0,51,12.2,23.0,200,Drizzle: Light,0,0,
70638,2021-10-21 13:00:00,40.8855298,-73.9032984,0,0,Failure to Yield Right-of-Way,4469480,22.9,12.0,0.0,0.0,0.0,0.0,3,17.0,31.7,207,Overcast,0,0,
70639,2021-10-25 05:17:00,40.8373235,-73.9198306,0,0,Traffic Control Disregarded,4470698,22.8,13.5,10.7,10.7,0.0,8.0,63,18.9,33.5,172,Rain: Moderate,0,0,
70640,2021-11-02 14:23:00,40.79989,-73.93859,0,0,Driver Inattention/Distraction,4473566,11.4,7.0,0.6,0.6,0.0,4.0,51,14.1,28.1,271,Drizzle: Light,0,0,
70641,2021-10-14 07:55:00,40.8204372,-73.9362273,0,0,Passing or Lane Usage Improper,4467096,25.0,15.4,0.0,0.0,0.0,0.0,3,15.4,29.9,328,Overcast,0,0,
70642,2021-10-15 09:00:00,40.5982911,-74.000036,1,0,,4467781,25.0,14.5,0.0,0.0,0.0,0.0,3,16.8,28.4,182,Overcast,1,1,
70643,2021-10-13 22:30:00,40.7087803,-73.9685992,0,0,Passing Too Closely,4466847,21.7,14.8,0.1,0.1,0.0,1.0,51,12.2,23.0,200,Drizzle: Light,0,0,
70644,2021-10-17 20:40:00,40.6061456,-74.0771452,0,0,Driver Inattention/Distraction,4469097,17.3,11.1,0.2,0.2,0.0,2.0,51,23.9,43.9,293,Drizzle: Light,0,0,
70645,2021-10-15 06:19:00,40.8650779,-73.9281077,0,0,Unspecified,4469743,25.0,14.5,0.0,0.0,0.0,0.0,3,16.8,28.4,182,Overcast,0,0,
70646,2021-10-15 08:39:00,40.8538084,-73.8552781,0,0,Driver Inattention/Distraction,4467324,25.0,14.5,0.0,0.0,0.0,0.0,3,16.8,28.4,182,Overcast,0,0,
70647,2021-10-18 17:30:00,40.7063609,-73.9052567,0,0,Animals Action,4468729,15.8,9.2,0.0,0.0,0.0,0.0,2,32.4,58.3,296,Partly cloudy,0,0,
70648,2021-10-25 07:00:00,40.6943798,-73.7897251,1,0,Driver Inattention/Distraction,4470822,22.8,13.5,10.7,10.7,0.0,8.0,63,18.9,33.5,172,Rain: Moderate,1,1,
70649,2021-10-17 18:23:00,40.7591997,-73.9846193,0,0,Pavement Defective,4468645,17.3,11.1,0.2,0.2,0.0,2.0,51,23.9,43.9,293,Drizzle: Light,0,0,
70650,2021-11-02 12:35:00,40.661297,-73.95697,4,0,Following Too Closely,4473465,11.4,7.0,0.6,0.6,0.0,4.0,51,14.1,28.1,271,Drizzle: Light,4,4,
70651,2021-10-19 09:10:00,40.8187356,-73.961082,0,0,Passing Too Closely,4468762,19.1,8.3,0.0,0.0,0.0,0.0,1,24.6,45.0,272,Mainly clear,0,0,Sunny/Clear Conditions
70652,2021-10-21 22:28:00,40.7993183,-73.943663,0,0,Alcohol Involvement,4470686,22.9,12.0,0.0,0.0,0.0,0.0,3,17.0,31.7,207,Overcast,0,0,
70653,2021-10-14 23:15:00,40.8359128,-73.8816488,1,0,Other Vehicular,4468317,25.0,15.4,0.0,0.0,0.0,0.0,3,15.4,29.9,328,Overcast,1,1,
70654,2021-10-17 14:21:00,40.6316677,-73.995619,0,0,Unspecified,4468462,17.3,11.1,0.2,0.2,0.0,2.0,51,23.9,43.9,293,Drizzle: Light,0,0,
70655,2021-10-15 08:45:00,40.7042674,-73.8935542,1,0,Oversized Vehicle,4467437,25.0,14.5,0.0,0.0,0.0,0.0,3,16.8,28.4,182,Overcast,1,1,
70656,2021-10-15 14:00:00,40.8782108,-73.8620676,0,0,Unspecified,4467951,25.0,14.5,0.0,0.0,0.0,0.0,3,16.8,28.4,182,Overcast,0,0,
70657,2021-10-15 08:25:00,40.6377945,-73.9843141,1,0,Unspecified,4467774,25.0,14.5,0.0,0.0,0.0,0.0,3,16.8,28.4,182,Overcast,1,1,
70658,2021-10-13 18:15:00,40.7169304,-73.8982037,0,0,Failure to Yield Right-of-Way,4466959,21.7,14.8,0.1,0.1,0.0,1.0,51,12.2,23.0,200,Drizzle: Light,0,0,
70659,2021-10-20 13:00:00,40.7390921,-73.8880632,0,0,Unspecified,4469322,24.1,13.8,0.0,0.0,0.0,0.0,3,21.6,37.1,276,Overcast,0,0,
70660,2021-10-14 05:45:00,40.6547758,-73.8897039,0,0,Unspecified,4467273,25.0,15.4,0.0,0.0,0.0,0.0,3,15.4,29.9,328,Overcast,0,0,
70661,2021-10-24 05:20:00,40.6541719,-73.895946,0,0,Alcohol Involvement,4470480,15.5,7.6,0.7,0.7,0.0,1.0,53,13.0,23.8,248,Drizzle: Moderate,0,0,
70662,2021-10-13 14:30:00,40.7753498,-73.8095515,0,0,View Obstructed/Limited,4466943,21.7,14.8,0.1,0.1,0.0,1.0,51,12.2,23.0,200,Drizzle: Light,0,0,
70663,2021-10-23 23:23:00,40.705679,-73.9260903,0,0,Driver Inattention/Distraction,4470232,15.9,10.4,0.2,0.2,0.0,2.0,51,14.4,26.6,326,Drizzle: Light,0,0,
70664,2021-10-13 11:27:00,40.7939517,-73.974163,1,0,Following Too Closely,4467141,21.7,14.8,0.1,0.1,0.0,1.0,51,12.2,23.0,200,Drizzle: Light,1,1,
70665,2021-10-17 15:02:00,40.6206715,-74.1671421,1,0,Unsafe Speed,4468657,17.3,11.1,0.2,0.2,0.0,2.0,51,23.9,43.9,293,Drizzle: Light,1,1,
70666,2021-11-02 05:55:00,40.60098,-73.75555,2,0,Alcohol Involvement,4473649,11.4,7.0,0.6,0.6,0.0,4.0,51,14.1,28.1,271,Drizzle: Light,2,2,
70667,2021-11-02 15:00:00,40.760525,-73.97998,0,0,Unspecified,4473415,11.4,7.0,0.6,0.6,0.0,4.0,51,14.1,28.1,271,Drizzle: Light,0,0,
70668,2021-10-18 16:57:00,40.8874591,-73.8304205,0,0,Driver Inexperience,4468790,15.8,9.2,0.0,0.0,0.0,0.0,2,32.4,58.3,296,Partly cloudy,0,0,
70669,2021-10-13 14:52:00,40.7171751,-74.0128675,1,0,Driver Inattention/Distraction,4466874,21.7,14.8,0.1,0.1,0.0,1.0,51,12.2,23.0,200,Drizzle: Light,1,1,
70670,2021-10-21 12:45:00,40.6222745,-74.0290155,0,0,Turning Improperly,4469778,22.9,12.0,0.0,0.0,0.0,0.0,3,17.0,31.7,207,Overcast,0,0,
70671,2021-10-15 11:00:00,40.8321436,-73.9272832,1,0,Steering Failure,4468616,25.0,14.5,0.0,0.0,0.0,0.0,3,16.8,28.4,182,Overcast,1,1,
70672,2021-10-19 14:45:00,40.7989351,-73.9363599,0,0,Driver Inattention/Distraction,4468862,19.1,8.3,0.0,0.0,0.0,0.0,1,24.6,45.0,272,Mainly clear,0,0,Sunny/Clear Conditions
70673,2021-10-18 01:44:00,40.6033194,-74.0083943,0,0,Passing or Lane Usage Improper,4468301,15.8,9.2,0.0,0.0,0.0,0.0,2,32.4,58.3,296,Partly cloudy,0,0,
70674,2021-10-21 17:59:00,40.7963783,-73.9671276,0,0,Passing Too Closely,4469666,22.9,12.0,0.0,0.0,0.0,0.0,3,17.0,31.7,207,Overcast,0,0,
70675,2021-10-14 08:49:00,40.7528605,-73.8744536,1,0,Driver Inattention/Distraction,4467091,25.0,15.4,0.0,0.0,0.0,0.0,3,15.4,29.9,328,Overcast,1,1,
70676,2021-10-13 02:53:00,40.5017998,-74.243473,0,0,Unspecified,4467001,21.7,14.8,0.1,0.1,0.0,1.0,51,12.2,23.0,200,Drizzle: Light,0,0,
70677,2021-10-18 17:50:00,40.5854046,-73.9390439,0,1,Unsafe Speed,4468597,15.8,9.2,0.0,0.0,0.0,0.0,2,32.4,58.3,296,Partly cloudy,20,1,
70678,2021-10-14 13:57:00,40.7623345,-73.8269171,0,0,Unspecified,4467570,25.0,15.4,0.0,0.0,0.0,0.0,3,15.4,29.9,328,Overcast,0,0,
70679,2021-10-18 10:00:00,40.7203396,-73.9366995,0,0,Unspecified,4468652,15.8,9.2,0.0,0.0,0.0,0.0,2,32.4,58.3,296,Partly cloudy,0,0,
70680,2021-11-02 13:35:00,40.810753,-73.96443,0,0,Driver Inattention/Distraction,4473864,11.4,7.0,0.6,0.6,0.0,4.0,51,14.1,28.1,271,Drizzle: Light,0,0,
70681,2021-10-23 12:30:00,40.8560369,-73.8328355,0,0,Driver Inattention/Distraction,4470163,15.9,10.4,0.2,0.2,0.0,2.0,51,14.4,26.6,326,Drizzle: Light,0,0,
70682,2021-10-20 11:40:00,40.8843484,-73.8870509,1,0,Following Too Closely,4470775,24.1,13.8,0.0,0.0,0.0,0.0,3,21.6,37.1,276,Overcast,1,1,
70683,2021-10-22 16:40:00,40.8049758,-73.9370563,0,0,Passing Too Closely,4470692,20.3,14.4,0.0,0.0,0.0,0.0,3,18.1,31.3,267,Overcast,0,0,
70684,2021-10-14 11:13:00,40.87213,-73.8824688,0,0,Unspecified,4467405,25.0,15.4,0.0,0.0,0.0,0.0,3,15.4,29.9,328,Overcast,0,0,
70685,2021-10-13 16:15:00,40.880967,-73.905449,0,0,Unspecified,4467631,21.7,14.8,0.1,0.1,0.0,1.0,51,12.2,23.0,200,Drizzle: Light,0,0,
70686,2021-10-16 13:05:00,40.7003584,-73.9125683,2,0,Failure to Yield Right-of-Way,4468330,24.3,15.0,17.5,17.5,0.0,9.0,63,25.7,46.4,195,Rain: Moderate,2,2,
70687,2021-10-14 12:25:00,40.9126383,-73.9028181,1,0,,4467305,25.0,15.4,0.0,0.0,0.0,0.0,3,15.4,29.9,328,Overcast,1,1,
70688,2021-10-24 02:03:00,40.746013,-73.9005514,0,0,Fell Asleep,4470141,15.5,7.6,0.7,0.7,0.0,1.0,53,13.0,23.8,248,Drizzle: Moderate,0,0,
70689,2021-10-21 10:55:00,40.7276181,-73.9912351,1,0,Driver Inattention/Distraction,4470200,22.9,12.0,0.0,0.0,0.0,0.0,3,17.0,31.7,207,Overcast,1,1,
70690,2021-10-09 17:35:00,40.8387216,-73.9137706,0,0,Following Too Closely,4466346,20.2,15.2,1.2,1.2,0.0,5.0,51,22.8,42.8,71,Drizzle: Light,0,0,
70691,2021-10-13 19:58:00,40.855139,-73.9083596,0,0,Other Vehicular,4466911,21.7,14.8,0.1,0.1,0.0,1.0,51,12.2,23.0,200,Drizzle: Light,0,0,
70692,2021-10-22 05:58:00,40.8108569,-73.9390181,0,0,Unspecified,4470649,20.3,14.4,0.0,0.0,0.0,0.0,3,18.1,31.3,267,Overcast,0,0,
70693,2021-10-21 16:40:00,40.6638448,-73.9945067,1,0,Unspecified,4470377,22.9,12.0,0.0,0.0,0.0,0.0,3,17.0,31.7,207,Overcast,1,1,
70694,2021-08-11 12:15:00,40.712727,-73.72899,1,0,Unspecified,4447178,31.2,23.2,2.8,2.8,0.0,7.0,55,23.7,44.6,206,Drizzle: Dense,1,1,
70695,2021-10-16 10:15:00,40.5942595,-73.9558268,0,0,Unspecified,4467621,24.3,15.0,17.5,17.5,0.0,9.0,63,25.7,46.4,195,Rain: Moderate,0,0,
70696,2021-10-22 07:35:00,40.7623345,-73.8269171,0,0,Following Too Closely,4470762,20.3,14.4,0.0,0.0,0.0,0.0,3,18.1,31.3,267,Overcast,0,0,
70697,2021-10-21 12:25:00,40.7584292,-73.9926328,1,0,Tire Failure/Inadequate,4470817,22.9,12.0,0.0,0.0,0.0,0.0,3,17.0,31.7,207,Overcast,1,1,
70698,2021-08-18 12:10:00,40.7106275,-73.9667757,1,0,Failure to Yield Right-of-Way,4450904,27.0,21.1,1.5,1.5,0.0,5.0,53,24.7,46.8,150,Drizzle: Moderate,1,1,
70699,2021-10-16 14:50:00,40.8176431,-73.923125,1,0,Driver Inattention/Distraction,4467727,24.3,15.0,17.5,17.5,0.0,9.0,63,25.7,46.4,195,Rain: Moderate,1,1,
70700,2021-09-03 19:00:00,40.57385,-74.105496,1,0,Following Too Closely,4453794,21.9,14.0,0.0,0.0,0.0,0.0,3,14.5,30.2,321,Overcast,1,1,
70701,2021-10-14 15:20:00,40.6592308,-73.8932782,0,0,Failure to Yield Right-of-Way,4467267,25.0,15.4,0.0,0.0,0.0,0.0,3,15.4,29.9,328,Overcast,0,0,
70702,2021-10-17 05:20:00,40.6721813,-73.8039956,0,0,Alcohol Involvement,4468199,17.3,11.1,0.2,0.2,0.0,2.0,51,23.9,43.9,293,Drizzle: Light,0,0,
70703,2021-10-21 20:03:00,40.7074709,-73.910063,1,0,Failure to Yield Right-of-Way,4470015,22.9,12.0,0.0,0.0,0.0,0.0,3,17.0,31.7,207,Overcast,1,1,
70704,2021-10-17 05:00:00,40.7513969,-73.7031996,1,0,Driver Inattention/Distraction,4467802,17.3,11.1,0.2,0.2,0.0,2.0,51,23.9,43.9,293,Drizzle: Light,1,1,
70705,2021-10-13 19:15:00,40.8085251,-73.9219192,1,0,Driver Inattention/Distraction,4466869,21.7,14.8,0.1,0.1,0.0,1.0,51,12.2,23.0,200,Drizzle: Light,1,1,
70706,2021-10-14 10:00:00,40.8193167,-73.930314,0,0,Traffic Control Disregarded,4467717,25.0,15.4,0.0,0.0,0.0,0.0,3,15.4,29.9,328,Overcast,0,0,
70707,2021-10-14 16:28:00,40.6840532,-73.981561,0,0,Driver Inattention/Distraction,4467537,25.0,15.4,0.0,0.0,0.0,0.0,3,15.4,29.9,328,Overcast,0,0,
70708,2021-11-02 13:50:00,40.692844,-73.99311,0,0,Unspecified,4473472,11.4,7.0,0.6,0.6,0.0,4.0,51,14.1,28.1,271,Drizzle: Light,0,0,
70709,2021-10-19 19:28:00,40.8306257,-73.9045052,1,0,Unspecified,4469029,19.1,8.3,0.0,0.0,0.0,0.0,1,24.6,45.0,272,Mainly clear,1,1,Sunny/Clear Conditions
70710,2021-10-22 17:40:00,40.7095126,-73.961498,0,0,Driver Inattention/Distraction,4470108,20.3,14.4,0.0,0.0,0.0,0.0,3,18.1,31.3,267,Overcast,0,0,
70711,2021-10-20 11:38:00,40.511804,-74.2500345,0,0,Driver Inattention/Distraction,4469853,24.1,13.8,0.0,0.0,0.0,0.0,3,21.6,37.1,276,Overcast,0,0,
70712,2021-11-02 12:55:00,40.818047,-73.92246,0,0,Unspecified,4473488,11.4,7.0,0.6,0.6,0.0,4.0,51,14.1,28.1,271,Drizzle: Light,0,0,
70713,2021-10-24 08:05:00,40.6555246,-73.9181968,0,0,Unspecified,4470287,15.5,7.6,0.7,0.7,0.0,1.0,53,13.0,23.8,248,Drizzle: Moderate,0,0,
70714,2021-10-17 20:20:00,40.57385,-74.105496,2,0,Following Too Closely,4469750,17.3,11.1,0.2,0.2,0.0,2.0,51,23.9,43.9,293,Drizzle: Light,2,2,
70715,2022-04-14 15:50:00,40.665726,-73.96425,0,0,Oversized Vehicle,4519909,28.1,13.9,0.2,0.2,0.0,2.0,51,25.9,46.1,249,Drizzle: Light,0,0,
70716,2021-10-20 04:40:00,40.6581931,-74.0010322,0,0,Unspecified,4469300,24.1,13.8,0.0,0.0,0.0,0.0,3,21.6,37.1,276,Overcast,0,0,
70717,2021-10-10 06:50:00,40.7487054,-73.9957838,1,0,Backing Unsafely,4469129,18.5,16.0,2.4,2.4,0.0,8.0,53,27.2,52.6,52,Drizzle: Moderate,1,1,
70718,2021-10-13 06:49:00,40.723884,-73.8491457,1,0,Driver Inattention/Distraction,4466741,21.7,14.8,0.1,0.1,0.0,1.0,51,12.2,23.0,200,Drizzle: Light,1,1,
70719,2021-10-20 15:15:00,40.7532508,-73.7027346,1,0,Driver Inattention/Distraction,4469432,24.1,13.8,0.0,0.0,0.0,0.0,3,21.6,37.1,276,Overcast,1,1,
70720,2021-10-15 00:15:00,40.7556538,-73.8830439,0,0,Driver Inattention/Distraction,4469966,25.0,14.5,0.0,0.0,0.0,0.0,3,16.8,28.4,182,Overcast,0,0,
70721,2021-10-16 03:30:00,40.8278765,-73.9382364,0,0,,4468997,24.3,15.0,17.5,17.5,0.0,9.0,63,25.7,46.4,195,Rain: Moderate,0,0,
70722,2021-10-24 16:17:00,40.6005903,-73.961364,0,0,Drugs (illegal),4470555,15.5,7.6,0.7,0.7,0.0,1.0,53,13.0,23.8,248,Drizzle: Moderate,0,0,
70723,2021-10-21 14:30:00,40.6449096,-73.9219163,0,0,Unspecified,4470265,22.9,12.0,0.0,0.0,0.0,0.0,3,17.0,31.7,207,Overcast,0,0,
70724,2021-10-17 08:36:00,40.6459449,-73.9826094,0,0,Unspecified,4468662,17.3,11.1,0.2,0.2,0.0,2.0,51,23.9,43.9,293,Drizzle: Light,0,0,
70725,2021-10-19 13:15:00,40.7343009,-73.7551976,0,0,Driver Inattention/Distraction,4469215,19.1,8.3,0.0,0.0,0.0,0.0,1,24.6,45.0,272,Mainly clear,0,0,Sunny/Clear Conditions
70726,2021-10-20 17:50:00,40.8418326,-73.8838776,0,0,Following Too Closely,4470215,24.1,13.8,0.0,0.0,0.0,0.0,3,21.6,37.1,276,Overcast,0,0,
70727,2021-10-17 21:20:00,40.6330895,-73.9244881,2,0,Driver Inattention/Distraction,4469195,17.3,11.1,0.2,0.2,0.0,2.0,51,23.9,43.9,293,Drizzle: Light,2,2,
70728,2021-10-19 08:56:00,40.6522703,-73.9207436,1,0,Failure to Yield Right-of-Way,4470259,19.1,8.3,0.0,0.0,0.0,0.0,1,24.6,45.0,272,Mainly clear,1,1,Sunny/Clear Conditions
70729,2021-10-22 23:36:00,40.7893076,-73.9433966,0,0,Passing or Lane Usage Improper,4470859,20.3,14.4,0.0,0.0,0.0,0.0,3,18.1,31.3,267,Overcast,0,0,
70730,2021-10-17 11:30:00,40.6668182,-73.9614782,0,0,Driver Inattention/Distraction,4467875,17.3,11.1,0.2,0.2,0.0,2.0,51,23.9,43.9,293,Drizzle: Light,0,0,
70731,2021-10-23 08:04:00,40.7263607,-73.7273053,0,0,Failure to Yield Right-of-Way,4470047,15.9,10.4,0.2,0.2,0.0,2.0,51,14.4,26.6,326,Drizzle: Light,0,0,
70732,2021-11-02 09:00:00,40.84897,-73.86838,1,0,Failure to Yield Right-of-Way,4473607,11.4,7.0,0.6,0.6,0.0,4.0,51,14.1,28.1,271,Drizzle: Light,1,1,
70733,2021-10-16 06:25:00,40.7205877,-73.7328121,0,0,Driver Inattention/Distraction,4467670,24.3,15.0,17.5,17.5,0.0,9.0,63,25.7,46.4,195,Rain: Moderate,0,0,
70734,2021-10-16 00:01:00,40.7109383,-73.9267013,1,0,Driver Inattention/Distraction,4468202,24.3,15.0,17.5,17.5,0.0,9.0,63,25.7,46.4,195,Rain: Moderate,1,1,
70735,2021-10-15 16:47:00,40.7119619,-73.9406885,0,0,Failure to Yield Right-of-Way,4468084,25.0,14.5,0.0,0.0,0.0,0.0,3,16.8,28.4,182,Overcast,0,0,
70736,2021-10-16 21:30:00,40.8434776,-73.9246614,0,0,Passing Too Closely,4470591,24.3,15.0,17.5,17.5,0.0,9.0,63,25.7,46.4,195,Rain: Moderate,0,0,
70737,2021-11-02 19:30:00,40.58667,-73.966156,0,0,Driver Inattention/Distraction,4473605,11.4,7.0,0.6,0.6,0.0,4.0,51,14.1,28.1,271,Drizzle: Light,0,0,
70738,2021-10-20 06:54:00,40.7645047,-73.9159783,0,0,View Obstructed/Limited,4469046,24.1,13.8,0.0,0.0,0.0,0.0,3,21.6,37.1,276,Overcast,0,0,
70739,2021-10-13 19:00:00,40.6661438,-73.8232509,3,0,Failure to Yield Right-of-Way,4466864,21.7,14.8,0.1,0.1,0.0,1.0,51,12.2,23.0,200,Drizzle: Light,3,3,
70740,2021-10-19 12:51:00,40.6896895,-73.9923627,1,0,Passing or Lane Usage Improper,4468950,19.1,8.3,0.0,0.0,0.0,0.0,1,24.6,45.0,272,Mainly clear,1,1,Sunny/Clear Conditions
70741,2021-10-16 15:40:00,40.7683816,-73.992805,0,0,Driver Inattention/Distraction,4468467,24.3,15.0,17.5,17.5,0.0,9.0,63,25.7,46.4,195,Rain: Moderate,0,0,
70742,2021-10-20 22:10:00,40.6729617,-73.8332328,0,0,Unsafe Speed,4469311,24.1,13.8,0.0,0.0,0.0,0.0,3,21.6,37.1,276,Overcast,0,0,
70743,2021-10-21 06:40:00,40.716795,-73.9215399,0,0,Failure to Yield Right-of-Way,4469922,22.9,12.0,0.0,0.0,0.0,0.0,3,17.0,31.7,207,Overcast,0,0,
70744,2021-10-12 11:40:00,40.7174048,-73.9616797,0,0,Unspecified,4470429,21.6,15.2,0.0,0.0,0.0,0.0,3,11.8,23.8,81,Overcast,0,0,
70745,2021-10-18 05:40:00,40.7060112,-73.9354784,0,0,Turning Improperly,4468584,15.8,9.2,0.0,0.0,0.0,0.0,2,32.4,58.3,296,Partly cloudy,0,0,
70746,2021-08-08 21:26:00,40.619545,-73.91727,4,0,Alcohol Involvement,4445191,22.9,19.4,12.7,12.7,0.0,17.0,63,19.9,36.0,38,Rain: Moderate,4,4,
70747,2021-08-10 23:07:00,40.66552,-73.74467,1,0,Unspecified,4445797,27.3,20.4,3.8,3.8,0.0,11.0,61,18.0,36.0,170,Rain: Light,1,1,
70748,2021-08-06 16:00:00,40.66835,-73.738106,1,0,Following Too Closely,4444351,28.9,17.4,0.0,0.0,0.0,0.0,3,18.1,38.2,188,Overcast,1,1,
70749,2021-08-07 00:16:00,40.6537,-73.734314,0,0,Driver Inattention/Distraction,4444579,29.7,19.9,0.0,0.0,0.0,0.0,3,24.2,45.0,198,Overcast,0,0,
70750,2021-10-17 10:45:00,40.6426576,-74.0092822,1,0,Unspecified,4469728,17.3,11.1,0.2,0.2,0.0,2.0,51,23.9,43.9,293,Drizzle: Light,1,1,
70751,2021-10-17 22:42:00,40.6095192,-73.7459057,0,0,Unspecified,4468449,17.3,11.1,0.2,0.2,0.0,2.0,51,23.9,43.9,293,Drizzle: Light,0,0,
70752,2021-10-21 13:07:00,40.7132541,-73.9775851,0,0,Passing or Lane Usage Improper,4469576,22.9,12.0,0.0,0.0,0.0,0.0,3,17.0,31.7,207,Overcast,0,0,
70753,2021-11-02 04:25:00,40.747734,-73.883,0,0,Driver Inattention/Distraction,4473249,11.4,7.0,0.6,0.6,0.0,4.0,51,14.1,28.1,271,Drizzle: Light,0,0,
70754,2021-10-22 08:00:00,40.6944972,-73.9148082,0,0,Turning Improperly,4469783,20.3,14.4,0.0,0.0,0.0,0.0,3,18.1,31.3,267,Overcast,0,0,
70755,2021-10-21 08:06:00,40.7606005,-73.9643142,0,0,Driver Inexperience,4469400,22.9,12.0,0.0,0.0,0.0,0.0,3,17.0,31.7,207,Overcast,0,0,