,CRASH DATETIME,LATITUDE,LONGITUDE,NUMBER OF PERSONS INJURED,NUMBER OF PERSONS KILLED,CONTRIBUTING FACTOR VEHICLE 1,COLLISION_ID,temperature_2m_max,temperature_2m_min,precipitation_sum,rain_sum,snowfall_sum,precipitation_hours,weather_code,wind_speed_10m_max,wind_gusts_10m_max,wind_direction_10m_dominant,Weather Description,Severity_Score,Total_Affected_Persons,Weather_Category
70756,2021-11-02 14:49:00,40.82954,-73.88726,0,0,Unspecified,4473536,11.4,7.0,0.6,0.6,0.0,4.0,51,14.1,28.1,271,Drizzle: Light,0,0,
70757,2021-10-13 00:00:00,40.592749,-73.9568563,0,0,Unspecified,4467288,21.7,14.8,0.1,0.1,0.0,1.0,51,12.2,23.0,200,Drizzle: Light,0,0,
70758,2021-10-31 02:40:00,40.846504,-73.82629,5,0,Fell Asleep,4473962,18.3,12.5,3.7,3.7,0.0,8.0,55,22.9,41.0,268,Drizzle: Dense,5,5,
70759,2021-10-19 21:30:00,40.842993,-73.9109821,1,0,Aggressive Driving/Road Rage,4469533,19.1,8.3,0.0,0.0,0.0,0.0,1,24.6,45.0,272,Mainly clear,1,1,Sunny/Clear Conditions
70760,2021-10-22 07:40:00,40.633857,-73.9114377,1,0,Turning Improperly,4469806,20.3,14.4,0.0,0.0,0.0,0.0,3,18.1,31.3,267,Overcast,1,1,
70761,2021-10-17 13:07:00,40.8746866,-73.8864996,1,0,Pedestrian/Bicyclist/Other Pedestrian Error/Confusion,4469347,17.3,11.1,0.2,0.2,0.0,2.0,51,23.9,43.9,293,Drizzle: Light,1,1,
70762,2021-10-16 15:10:00,40.6686479,-73.9283482,1,0,Driver Inattention/Distraction,4467934,24.3,15.0,17.5,17.5,0.0,9.0,63,25.7,46.4,195,Rain: Moderate,1,1,
70763,2021-10-15 16:00:00,40.7305484,-73.9833786,1,0,Driver Inattention/Distraction,4467611,25.0,14.5,0.0,0.0,0.0,0.0,3,16.8,28.4,182,Overcast,1,1,
70764,2021-10-20 19:50:00,40.8596097,-73.907775,0,0,Unspecified,4469343,24.1,13.8,0.0,0.0,0.0,0.0,3,21.6,37.1,276,Overcast,0,0,
70765,2021-10-19 08:45:00,40.6838792,-74.0003257,0,0,Following Too Closely,4469018,19.1,8.3,0.0,0.0,0.0,0.0,1,24.6,45.0,272,Mainly clear,0,0,Sunny/Clear Conditions
70766,2021-11-02 13:00:00,40.637337,-73.9308,0,0,Unspecified,4474095,11.4,7.0,0.6,0.6,0.0,4.0,51,14.1,28.1,271,Drizzle: Light,0,0,
70767,2021-10-20 17:03:00,40.6965799,-73.8586158,1,0,Passing or Lane Usage Improper,4469368,24.1,13.8,0.0,0.0,0.0,0.0,3,21.6,37.1,276,Overcast,1,1,
70768,2021-10-12 02:50:00,40.6750519,-73.8743513,0,0,Other Vehicular,4466512,21.6,15.2,0.0,0.0,0.0,0.0,3,11.8,23.8,81,Overcast,0,0,
70769,2021-11-01 00:00:00,40.70253,-73.8143,1,0,Other Vehicular,4474115,14.4,8.0,0.0,0.0,0.0,0.0,3,20.7,38.5,278,Overcast,1,1,
70770,2021-10-17 22:08:00,40.8056269,-73.9706814,0,0,Following Too Closely,4468499,17.3,11.1,0.2,0.2,0.0,2.0,51,23.9,43.9,293,Drizzle: Light,0,0,
70771,2021-10-20 15:30:00,40.7568746,-73.9705439,0,0,Following Too Closely,4470058,24.1,13.8,0.0,0.0,0.0,0.0,3,21.6,37.1,276,Overcast,0,0,
70772,2021-10-16 22:00:00,40.762658,-73.8732511,2,0,Driver Inattention/Distraction,4469252,24.3,15.0,17.5,17.5,0.0,9.0,63,25.7,46.4,195,Rain: Moderate,2,2,
70773,2021-08-13 17:39:00,40.806156,-73.9226,0,0,Other Vehicular,4446840,33.2,24.8,0.0,0.0,0.0,0.0,3,18.2,34.9,215,Overcast,0,0,
70774,2021-08-12 17:00:00,40.753952,-73.89268,1,0,Backing Unsafely,4446554,35.2,23.1,0.0,0.0,0.0,0.0,3,21.0,47.5,220,Overcast,1,1,
70775,2021-08-11 11:20:00,40.851795,-73.93011,0,0,Passing or Lane Usage Improper,4446220,31.2,23.2,2.8,2.8,0.0,7.0,55,23.7,44.6,206,Drizzle: Dense,0,0,
70776,2021-08-10 21:30:00,40.789288,-73.948425,0,0,Unspecified,4447075,27.3,20.4,3.8,3.8,0.0,11.0,61,18.0,36.0,170,Rain: Light,0,0,
70777,2021-08-11 06:35:00,40.702686,-73.92084,0,0,Driver Inattention/Distraction,4446168,31.2,23.2,2.8,2.8,0.0,7.0,55,23.7,44.6,206,Drizzle: Dense,0,0,
70778,2021-08-11 21:30:00,40.59281,-73.97877,1,0,Failure to Yield Right-of-Way,4446668,31.2,23.2,2.8,2.8,0.0,7.0,55,23.7,44.6,206,Drizzle: Dense,1,1,
70779,2021-08-12 22:35:00,40.58657,-74.09206,0,0,Reaction to Uninvolved Vehicle,4446536,35.2,23.1,0.0,0.0,0.0,0.0,3,21.0,47.5,220,Overcast,0,0,
70780,2021-08-13 08:23:00,40.609386,-74.00003,2,0,Traffic Control Disregarded,4447287,33.2,24.8,0.0,0.0,0.0,0.0,3,18.2,34.9,215,Overcast,2,2,
70781,2021-08-08 22:10:00,40.850925,-73.94155,0,0,Driver Inexperience,4446522,22.9,19.4,12.7,12.7,0.0,17.0,63,19.9,36.0,38,Rain: Moderate,0,0,
70782,2021-08-13 09:45:00,40.815975,-73.91102,0,0,Unspecified,4446839,33.2,24.8,0.0,0.0,0.0,0.0,3,18.2,34.9,215,Overcast,0,0,
70783,2021-08-12 14:47:00,40.71536,-73.85696,0,0,Tire Failure/Inadequate,4446422,35.2,23.1,0.0,0.0,0.0,0.0,3,21.0,47.5,220,Overcast,0,0,
70784,2021-08-12 20:00:00,40.60457,-73.75355,0,0,Other Vehicular,4446709,35.2,23.1,0.0,0.0,0.0,0.0,3,21.0,47.5,220,Overcast,0,0,
70785,2021-08-13 11:10:00,40.74631,-73.93312,0,0,Unspecified,4446657,33.2,24.8,0.0,0.0,0.0,0.0,3,18.2,34.9,215,Overcast,0,0,
70786,2021-08-12 07:07:00,40.741512,-73.88292,0,0,Driver Inexperience,4446405,35.2,23.1,0.0,0.0,0.0,0.0,3,21.0,47.5,220,Overcast,0,0,
70787,2021-08-11 04:12:00,40.69244,-73.855484,0,0,Passing or Lane Usage Improper,4445799,31.2,23.2,2.8,2.8,0.0,7.0,55,23.7,44.6,206,Drizzle: Dense,0,0,
70788,2021-08-13 15:13:00,40.81693,-73.88617,4,0,Failure to Yield Right-of-Way,4446751,33.2,24.8,0.0,0.0,0.0,0.0,3,18.2,34.9,215,Overcast,4,4,
70789,2021-08-13 18:30:00,40.647984,-73.97471,0,0,Alcohol Involvement,4446915,33.2,24.8,0.0,0.0,0.0,0.0,3,18.2,34.9,215,Overcast,0,0,
70790,2021-08-13 17:28:00,40.770226,-73.78757,0,0,Passing or Lane Usage Improper,4446670,33.2,24.8,0.0,0.0,0.0,0.0,3,18.2,34.9,215,Overcast,0,0,
70791,2021-08-12 12:19:00,40.693172,-73.97086,0,0,Failure to Yield Right-of-Way,4446541,35.2,23.1,0.0,0.0,0.0,0.0,3,21.0,47.5,220,Overcast,0,0,
70792,2021-08-13 09:10:00,40.595802,-73.764656,0,0,Passing Too Closely,4446714,33.2,24.8,0.0,0.0,0.0,0.0,3,18.2,34.9,215,Overcast,0,0,
70793,2021-08-09 10:00:00,40.663113,-73.89069,0,0,Unspecified,4446780,26.2,20.1,1.1,1.1,0.0,7.0,51,17.3,34.6,36,Drizzle: Light,0,0,
70794,2021-08-10 21:30:00,40.7267,-73.97691,0,0,Unspecified,4447078,27.3,20.4,3.8,3.8,0.0,11.0,61,18.0,36.0,170,Rain: Light,0,0,
70795,2021-08-11 21:55:00,40.67711,-73.903366,3,0,Driver Inattention/Distraction,4446187,31.2,23.2,2.8,2.8,0.0,7.0,55,23.7,44.6,206,Drizzle: Dense,3,3,
70796,2021-08-10 14:31:00,40.758327,-73.934586,0,0,Unspecified,4446949,27.3,20.4,3.8,3.8,0.0,11.0,61,18.0,36.0,170,Rain: Light,0,0,
70797,2021-08-13 11:40:00,40.58061,-73.98565,0,0,Unsafe Lane Changing,4447024,33.2,24.8,0.0,0.0,0.0,0.0,3,18.2,34.9,215,Overcast,0,0,
70798,2021-08-11 16:30:00,40.685005,-73.93501,0,0,Backing Unsafely,4446371,31.2,23.2,2.8,2.8,0.0,7.0,55,23.7,44.6,206,Drizzle: Dense,0,0,
70799,2021-08-12 17:24:00,40.641758,-73.89051,0,0,Passing Too Closely,4446452,35.2,23.1,0.0,0.0,0.0,0.0,3,21.0,47.5,220,Overcast,0,0,
70800,2021-08-11 05:34:00,40.679718,-73.773476,1,0,Failure to Yield Right-of-Way,4446489,31.2,23.2,2.8,2.8,0.0,7.0,55,23.7,44.6,206,Drizzle: Dense,1,1,
70801,2021-08-13 10:05:00,40.636803,-73.939415,0,0,Driver Inattention/Distraction,4447037,33.2,24.8,0.0,0.0,0.0,0.0,3,18.2,34.9,215,Overcast,0,0,
70802,2021-08-11 06:11:00,40.740723,-73.85012,0,0,Driver Inattention/Distraction,4445835,31.2,23.2,2.8,2.8,0.0,7.0,55,23.7,44.6,206,Drizzle: Dense,0,0,
70803,2021-08-08 12:17:00,40.75107,-73.93788,0,0,Unspecified,4447371,22.9,19.4,12.7,12.7,0.0,17.0,63,19.9,36.0,38,Rain: Moderate,0,0,
70804,2021-08-11 15:40:00,40.75296,-73.873535,1,0,Driver Inattention/Distraction,4446194,31.2,23.2,2.8,2.8,0.0,7.0,55,23.7,44.6,206,Drizzle: Dense,1,1,
70805,2021-08-12 12:30:00,40.764454,-73.83178,1,0,Passing or Lane Usage Improper,4446419,35.2,23.1,0.0,0.0,0.0,0.0,3,21.0,47.5,220,Overcast,1,1,
70806,2021-08-09 20:30:00,40.660736,-73.89966,1,0,Other Vehicular,4446629,26.2,20.1,1.1,1.1,0.0,7.0,51,17.3,34.6,36,Drizzle: Light,1,1,
70807,2021-08-12 23:45:00,40.820984,-73.891624,1,0,Traffic Control Disregarded,4446880,35.2,23.1,0.0,0.0,0.0,0.0,3,21.0,47.5,220,Overcast,1,1,
70808,2021-08-13 15:50:00,40.694557,-73.906555,0,0,Unspecified,4446700,33.2,24.8,0.0,0.0,0.0,0.0,3,18.2,34.9,215,Overcast,0,0,
70809,2021-08-11 21:00:00,40.64962,-73.874306,0,0,Unspecified,4446816,31.2,23.2,2.8,2.8,0.0,7.0,55,23.7,44.6,206,Drizzle: Dense,0,0,
70810,2021-08-12 18:00:00,40.75112,-73.763084,0,0,Unspecified,4446445,35.2,23.1,0.0,0.0,0.0,0.0,3,21.0,47.5,220,Overcast,0,0,
70811,2021-08-01 03:40:00,40.758602,-73.9193,1,0,Unspecified,4446942,24.4,16.6,0.8,0.8,0.0,5.0,51,19.9,39.2,168,Drizzle: Light,1,1,
70812,2021-08-13 23:00:00,40.81963,-73.946075,1,0,Unspecified,4446797,33.2,24.8,0.0,0.0,0.0,0.0,3,18.2,34.9,215,Overcast,1,1,
70813,2021-08-10 14:48:00,40.845684,-73.83138,3,0,Other Vehicular,4447335,27.3,20.4,3.8,3.8,0.0,11.0,61,18.0,36.0,170,Rain: Light,3,3,
70814,2021-08-11 00:05:00,40.82101,-73.86575,0,0,Unsafe Speed,4445934,31.2,23.2,2.8,2.8,0.0,7.0,55,23.7,44.6,206,Drizzle: Dense,0,0,
70815,2021-08-05 15:23:00,40.889877,-73.86269,0,0,Unsafe Speed,4446574,27.1,17.4,0.1,0.1,0.0,1.0,51,13.2,27.0,5,Drizzle: Light,0,0,
70816,2021-08-11 12:37:00,40.83664,-73.9468,0,0,Passing Too Closely,4446573,31.2,23.2,2.8,2.8,0.0,7.0,55,23.7,44.6,206,Drizzle: Dense,0,0,
70817,2021-08-11 18:00:00,40.70911,-73.776054,3,0,Turning Improperly,4446098,31.2,23.2,2.8,2.8,0.0,7.0,55,23.7,44.6,206,Drizzle: Dense,3,3,
70818,2021-08-12 16:30:00,40.61821,-73.89728,0,0,Driver Inattention/Distraction,4446724,35.2,23.1,0.0,0.0,0.0,0.0,3,21.0,47.5,220,Overcast,0,0,
70819,2021-10-14 09:00:00,40.7840597,-73.97502,1,0,Following Too Closely,4468518,25.0,15.4,0.0,0.0,0.0,0.0,3,15.4,29.9,328,Overcast,1,1,
70820,2021-08-12 09:30:00,40.608223,-73.967476,0,0,Unspecified,4446236,35.2,23.1,0.0,0.0,0.0,0.0,3,21.0,47.5,220,Overcast,0,0,
70821,2021-08-13 08:15:00,40.69677,-73.93701,1,0,Driver Inexperience,4447154,33.2,24.8,0.0,0.0,0.0,0.0,3,18.2,34.9,215,Overcast,1,1,
70822,2021-08-11 22:43:00,40.718815,-73.97474,0,0,Unspecified,4447005,31.2,23.2,2.8,2.8,0.0,7.0,55,23.7,44.6,206,Drizzle: Dense,0,0,
70823,2021-10-17 00:00:00,40.8902158,-73.8555181,0,0,Passing Too Closely,4467989,17.3,11.1,0.2,0.2,0.0,2.0,51,23.9,43.9,293,Drizzle: Light,0,0,
70824,2021-08-06 13:07:00,40.874737,-73.855255,2,0,Unsafe Speed,4447188,28.9,17.4,0.0,0.0,0.0,0.0,3,18.1,38.2,188,Overcast,2,2,
70825,2021-08-13 14:00:00,40.651512,-74.00734,1,0,Unspecified,4446975,33.2,24.8,0.0,0.0,0.0,0.0,3,18.2,34.9,215,Overcast,1,1,
70826,2021-08-13 20:16:00,40.664635,-73.92338,0,0,Unspecified,4447044,33.2,24.8,0.0,0.0,0.0,0.0,3,18.2,34.9,215,Overcast,0,0,
70827,2021-08-11 02:44:00,40.617252,-74.00703,1,0,,4446529,31.2,23.2,2.8,2.8,0.0,7.0,55,23.7,44.6,206,Drizzle: Dense,1,1,
70828,2021-08-13 17:56:00,40.632065,-73.91861,0,0,Turning Improperly,4446731,33.2,24.8,0.0,0.0,0.0,0.0,3,18.2,34.9,215,Overcast,0,0,
70829,2021-08-12 08:05:00,40.87577,-73.83257,0,0,Unspecified,4446253,35.2,23.1,0.0,0.0,0.0,0.0,3,21.0,47.5,220,Overcast,0,0,
70830,2021-08-08 16:35:00,40.741028,-73.99417,1,0,View Obstructed/Limited,4446925,22.9,19.4,12.7,12.7,0.0,17.0,63,19.9,36.0,38,Rain: Moderate,1,1,
70831,2021-08-12 21:18:00,40.665916,-73.92547,0,0,Driver Inattention/Distraction,4447225,35.2,23.1,0.0,0.0,0.0,0.0,3,21.0,47.5,220,Overcast,0,0,
70832,2021-08-12 06:20:00,40.666267,-73.95668,0,0,Unspecified,4446297,35.2,23.1,0.0,0.0,0.0,0.0,3,21.0,47.5,220,Overcast,0,0,
70833,2021-08-13 07:00:00,40.716824,-73.82019,1,0,Reaction to Uninvolved Vehicle,4446593,33.2,24.8,0.0,0.0,0.0,0.0,3,18.2,34.9,215,Overcast,1,1,
70834,2021-08-12 07:31:00,40.730118,-73.86232,0,0,Failure to Yield Right-of-Way,4446315,35.2,23.1,0.0,0.0,0.0,0.0,3,21.0,47.5,220,Overcast,0,0,
70835,2021-08-11 13:24:00,40.86258,-73.925385,0,0,Driver Inattention/Distraction,4446069,31.2,23.2,2.8,2.8,0.0,7.0,55,23.7,44.6,206,Drizzle: Dense,0,0,
70836,2021-08-13 18:03:00,40.72803,-74.00216,0,0,Failure to Yield Right-of-Way,4447120,33.2,24.8,0.0,0.0,0.0,0.0,3,18.2,34.9,215,Overcast,0,0,
70837,2021-08-13 08:00:00,40.73115,-73.95179,0,0,Unspecified,4446993,33.2,24.8,0.0,0.0,0.0,0.0,3,18.2,34.9,215,Overcast,0,0,
70838,2021-08-13 22:30:00,40.76301,-73.87533,0,0,Driver Inattention/Distraction,4447244,33.2,24.8,0.0,0.0,0.0,0.0,3,18.2,34.9,215,Overcast,0,0,
70839,2021-08-11 19:00:00,40.84938,-73.88296,0,0,Driver Inattention/Distraction,4446606,31.2,23.2,2.8,2.8,0.0,7.0,55,23.7,44.6,206,Drizzle: Dense,0,0,
70840,2021-08-11 12:24:00,40.6034,-74.13154,0,0,Driver Inattention/Distraction,4446003,31.2,23.2,2.8,2.8,0.0,7.0,55,23.7,44.6,206,Drizzle: Dense,0,0,
70841,2021-08-11 07:45:00,40.894314,-73.86027,0,0,Driver Inattention/Distraction,4447398,31.2,23.2,2.8,2.8,0.0,7.0,55,23.7,44.6,206,Drizzle: Dense,0,0,
70842,2021-08-12 18:38:00,40.79525,-73.97321,0,0,Backing Unsafely,4446468,35.2,23.1,0.0,0.0,0.0,0.0,3,21.0,47.5,220,Overcast,0,0,
70843,2021-08-11 17:54:00,40.670845,-73.7617,0,0,Passing or Lane Usage Improper,4446482,31.2,23.2,2.8,2.8,0.0,7.0,55,23.7,44.6,206,Drizzle: Dense,0,0,
70844,2021-08-12 14:40:00,40.76726,-73.98002,1,0,Turning Improperly,4446503,35.2,23.1,0.0,0.0,0.0,0.0,3,21.0,47.5,220,Overcast,1,1,
70845,2021-08-05 19:15:00,40.653454,-73.88466,2,0,Unsafe Speed,4446762,27.1,17.4,0.1,0.1,0.0,1.0,51,13.2,27.0,5,Drizzle: Light,2,2,
70846,2021-08-13 11:50:00,40.595184,-73.95378,0,0,Unspecified,4446625,33.2,24.8,0.0,0.0,0.0,0.0,3,18.2,34.9,215,Overcast,0,0,
70847,2021-08-11 11:00:00,40.768734,-73.730194,0,0,Failure to Yield Right-of-Way,4446046,31.2,23.2,2.8,2.8,0.0,7.0,55,23.7,44.6,206,Drizzle: Dense,0,0,
70848,2021-08-11 12:38:00,40.845985,-73.884476,0,0,Driver Inattention/Distraction,4446013,31.2,23.2,2.8,2.8,0.0,7.0,55,23.7,44.6,206,Drizzle: Dense,0,0,
70849,2021-08-12 00:00:00,40.636787,-74.02458,0,0,Driver Inattention/Distraction,4446431,35.2,23.1,0.0,0.0,0.0,0.0,3,21.0,47.5,220,Overcast,0,0,
70850,2021-08-11 07:45:00,40.634117,-73.94588,1,0,Driver Inattention/Distraction,4446090,31.2,23.2,2.8,2.8,0.0,7.0,55,23.7,44.6,206,Drizzle: Dense,1,1,
70851,2021-08-09 02:35:00,40.844063,-73.921,0,0,Fell Asleep,4447017,26.2,20.1,1.1,1.1,0.0,7.0,51,17.3,34.6,36,Drizzle: Light,0,0,
70852,2021-08-11 09:05:00,40.587414,-73.938416,0,0,Failure to Yield Right-of-Way,4445953,31.2,23.2,2.8,2.8,0.0,7.0,55,23.7,44.6,206,Drizzle: Dense,0,0,
70853,2021-08-07 18:00:00,40.64426,-73.877785,0,0,Unspecified,4446767,29.7,19.9,0.0,0.0,0.0,0.0,3,24.2,45.0,198,Overcast,0,0,
70854,2021-08-11 16:00:00,40.72721,-73.810585,0,0,Unspecified,4446313,31.2,23.2,2.8,2.8,0.0,7.0,55,23.7,44.6,206,Drizzle: Dense,0,0,
70855,2021-08-09 15:17:00,40.727093,-73.99156,1,0,Driver Inattention/Distraction,4447011,26.2,20.1,1.1,1.1,0.0,7.0,51,17.3,34.6,36,Drizzle: Light,1,1,
70856,2021-08-13 06:00:00,40.70041,-73.90368,0,0,Backing Unsafely,4447130,33.2,24.8,0.0,0.0,0.0,0.0,3,18.2,34.9,215,Overcast,0,0,
70857,2021-08-11 20:07:00,40.835358,-73.94022,2,0,Traffic Control Disregarded,4446561,31.2,23.2,2.8,2.8,0.0,7.0,55,23.7,44.6,206,Drizzle: Dense,2,2,
70858,2021-08-10 15:55:00,40.852646,-73.93558,0,0,Backing Unsafely,4446693,27.3,20.4,3.8,3.8,0.0,11.0,61,18.0,36.0,170,Rain: Light,0,0,
70859,2021-08-11 10:56:00,40.615826,-73.97574,1,0,Driver Inattention/Distraction,4446179,31.2,23.2,2.8,2.8,0.0,7.0,55,23.7,44.6,206,Drizzle: Dense,1,1,
70860,2021-08-12 18:23:00,40.789623,-73.94007,1,0,Failure to Yield Right-of-Way,4446785,35.2,23.1,0.0,0.0,0.0,0.0,3,21.0,47.5,220,Overcast,1,1,
70861,2021-08-13 06:50:00,40.67091,-73.89364,0,0,Brakes Defective,4446821,33.2,24.8,0.0,0.0,0.0,0.0,3,18.2,34.9,215,Overcast,0,0,
70862,2021-08-12 02:02:00,40.68107,-73.94972,0,0,Driver Inattention/Distraction,4447234,35.2,23.1,0.0,0.0,0.0,0.0,3,21.0,47.5,220,Overcast,0,0,
70863,2021-08-12 19:00:00,40.753036,-73.94062,1,0,Pedestrian/Bicyclist/Other Pedestrian Error/Confusion,4446980,35.2,23.1,0.0,0.0,0.0,0.0,3,21.0,47.5,220,Overcast,1,1,
70864,2021-08-12 09:01:00,40.647007,-73.96262,1,0,Unspecified,4447055,35.2,23.1,0.0,0.0,0.0,0.0,3,21.0,47.5,220,Overcast,1,1,
70865,2021-08-11 00:40:00,40.848118,-73.93089,0,0,Driver Inattention/Distraction,4447163,31.2,23.2,2.8,2.8,0.0,7.0,55,23.7,44.6,206,Drizzle: Dense,0,0,
70866,2021-08-11 06:20:00,40.690308,-73.99881,0,0,Following Too Closely,4446199,31.2,23.2,2.8,2.8,0.0,7.0,55,23.7,44.6,206,Drizzle: Dense,0,0,
70867,2021-08-10 15:00:00,40.56084,-74.11603,1,0,Driver Inexperience,4446533,27.3,20.4,3.8,3.8,0.0,11.0,61,18.0,36.0,170,Rain: Light,1,1,
70868,2021-08-10 15:03:00,40.82071,-73.851585,3,0,Unspecified,4446546,27.3,20.4,3.8,3.8,0.0,11.0,61,18.0,36.0,170,Rain: Light,3,3,
70869,2021-08-13 05:53:00,40.63574,-73.90853,1,0,Outside Car Distraction,4446735,33.2,24.8,0.0,0.0,0.0,0.0,3,18.2,34.9,215,Overcast,1,1,
70870,2021-06-30 17:00:00,40.703835,-73.778496,0,0,Aggressive Driving/Road Rage,4446649,35.2,24.9,0.1,0.1,0.0,1.0,51,20.6,37.1,246,Drizzle: Light,0,0,
70871,2021-08-11 12:00:00,40.874756,-73.87387,0,0,Unspecified,4446264,31.2,23.2,2.8,2.8,0.0,7.0,55,23.7,44.6,206,Drizzle: Dense,0,0,
70872,2021-08-13 11:00:00,40.892944,-73.85599,1,0,Driver Inattention/Distraction,4447193,33.2,24.8,0.0,0.0,0.0,0.0,3,18.2,34.9,215,Overcast,1,1,
70873,2021-08-07 21:23:00,40.667835,-73.89484,2,0,Unspecified,4446756,29.7,19.9,0.0,0.0,0.0,0.0,3,24.2,45.0,198,Overcast,2,2,
70874,2021-08-13 13:00:00,40.806038,-73.927666,0,0,Unspecified,4446851,33.2,24.8,0.0,0.0,0.0,0.0,3,18.2,34.9,215,Overcast,0,0,
70875,2021-08-12 09:20:00,40.7014,-73.91858,0,0,Passing Too Closely,4446321,35.2,23.1,0.0,0.0,0.0,0.0,3,21.0,47.5,220,Overcast,0,0,
70876,2021-08-11 08:04:00,40.74431,-73.956055,0,0,Unspecified,4445994,31.2,23.2,2.8,2.8,0.0,7.0,55,23.7,44.6,206,Drizzle: Dense,0,0,
70877,2021-08-12 20:51:00,40.868282,-73.90108,1,0,Driver Inattention/Distraction,4446610,35.2,23.1,0.0,0.0,0.0,0.0,3,21.0,47.5,220,Overcast,1,1,
70878,2021-08-12 17:54:00,40.777504,-73.954956,0,0,Passing or Lane Usage Improper,4447367,35.2,23.1,0.0,0.0,0.0,0.0,3,21.0,47.5,220,Overcast,0,0,
70879,2021-08-11 22:12:00,40.763165,-73.98546,0,0,Unspecified,4446152,31.2,23.2,2.8,2.8,0.0,7.0,55,23.7,44.6,206,Drizzle: Dense,0,0,
70880,2021-08-10 16:00:00,40.681686,-73.87157,0,0,Unspecified,4446807,27.3,20.4,3.8,3.8,0.0,11.0,61,18.0,36.0,170,Rain: Light,0,0,
70881,2021-08-11 16:10:00,40.69221,-73.92293,0,0,Driver Inattention/Distraction,4446464,31.2,23.2,2.8,2.8,0.0,7.0,55,23.7,44.6,206,Drizzle: Dense,0,0,
70882,2021-07-28 10:40:00,40.668373,-73.92264,0,0,Driver Inattention/Distraction,4447089,26.7,20.2,0.7,0.7,0.0,3.0,53,16.7,34.2,1,Drizzle: Moderate,0,0,
70883,2021-08-09 19:33:00,40.78503,-73.94058,0,0,Driver Inattention/Distraction,4447383,26.2,20.1,1.1,1.1,0.0,7.0,51,17.3,34.6,36,Drizzle: Light,0,0,
70884,2021-08-13 10:15:00,40.699627,-73.923836,0,0,Unspecified,4446605,33.2,24.8,0.0,0.0,0.0,0.0,3,18.2,34.9,215,Overcast,0,0,
70885,2021-08-11 12:06:00,40.66733,-73.95353,1,0,Driver Inattention/Distraction,4446469,31.2,23.2,2.8,2.8,0.0,7.0,55,23.7,44.6,206,Drizzle: Dense,1,1,
70886,2021-08-12 18:39:00,40.82929,-73.91642,1,0,Traffic Control Disregarded,4446637,35.2,23.1,0.0,0.0,0.0,0.0,3,21.0,47.5,220,Overcast,1,1,
70887,2021-08-11 14:30:00,40.740414,-73.89658,0,0,Driver Inattention/Distraction,4446099,31.2,23.2,2.8,2.8,0.0,7.0,55,23.7,44.6,206,Drizzle: Dense,0,0,
70888,2021-08-11 15:30:00,40.814644,-73.910576,0,0,Unspecified,4446499,31.2,23.2,2.8,2.8,0.0,7.0,55,23.7,44.6,206,Drizzle: Dense,0,0,
70889,2021-08-11 17:45:00,40.629494,-73.91834,0,0,Unspecified,4446133,31.2,23.2,2.8,2.8,0.0,7.0,55,23.7,44.6,206,Drizzle: Dense,0,0,
70890,2021-08-12 12:50:00,40.692936,-73.87777,1,0,Following Too Closely,4446435,35.2,23.1,0.0,0.0,0.0,0.0,3,21.0,47.5,220,Overcast,1,1,
70891,2021-08-11 12:20:00,40.833385,-73.85944,0,0,Unspecified,4446023,31.2,23.2,2.8,2.8,0.0,7.0,55,23.7,44.6,206,Drizzle: Dense,0,0,
70892,2021-08-11 19:15:00,40.749157,-73.86943,0,0,Unspecified,4446370,31.2,23.2,2.8,2.8,0.0,7.0,55,23.7,44.6,206,Drizzle: Dense,0,0,
70893,2021-08-01 16:27:00,40.710316,-73.77173,1,0,Driver Inexperience,4446664,24.4,16.6,0.8,0.8,0.0,5.0,51,19.9,39.2,168,Drizzle: Light,1,1,
70894,2021-08-13 15:40:00,40.77994,-73.97103,0,0,Unspecified,4446681,33.2,24.8,0.0,0.0,0.0,0.0,3,18.2,34.9,215,Overcast,0,0,
70895,2021-08-11 04:15:00,40.83057,-73.93072,0,0,Driver Inattention/Distraction,4446279,31.2,23.2,2.8,2.8,0.0,7.0,55,23.7,44.6,206,Drizzle: Dense,0,0,
70896,2021-10-16 21:41:00,40.8411332,-73.9239954,4,0,Pavement Slippery,4468815,24.3,15.0,17.5,17.5,0.0,9.0,63,25.7,46.4,195,Rain: Moderate,4,4,
70897,2021-08-13 19:25:00,40.643,-73.957695,6,0,Unspecified,4447065,33.2,24.8,0.0,0.0,0.0,0.0,3,18.2,34.9,215,Overcast,6,6,
70898,2021-08-07 18:45:00,40.708637,-73.90412,0,0,Passing or Lane Usage Improper,4447138,29.7,19.9,0.0,0.0,0.0,0.0,3,24.2,45.0,198,Overcast,0,0,
70899,2021-08-12 11:37:00,40.744644,-73.97767,0,0,Backing Unsafely,4446305,35.2,23.1,0.0,0.0,0.0,0.0,3,21.0,47.5,220,Overcast,0,0,
70900,2021-08-09 17:38:00,40.818604,-73.88917,1,0,Unspecified,4446791,26.2,20.1,1.1,1.1,0.0,7.0,51,17.3,34.6,36,Drizzle: Light,1,1,
70901,2021-07-29 10:54:00,40.657787,-73.874596,0,0,Unspecified,4446632,25.3,20.4,33.0,33.0,0.0,11.0,65,26.1,50.8,182,Rain: Heavy,0,0,
70902,2021-08-12 14:50:00,40.80993,-73.90725,0,0,Unspecified,4446504,35.2,23.1,0.0,0.0,0.0,0.0,3,21.0,47.5,220,Overcast,0,0,