,CRASH DATETIME,LATITUDE,LONGITUDE,NUMBER OF PERSONS INJURED,NUMBER OF PERSONS KILLED,CONTRIBUTING FACTOR VEHICLE 1,COLLISION_ID,temperature_2m_max,temperature_2m_min,precipitation_sum,rain_sum,snowfall_sum,precipitation_hours,weather_code,wind_speed_10m_max,wind_gusts_10m_max,wind_direction_10m_dominant,Weather Description,Severity_Score,Total_Affected_Persons,Weather_Category
70903,2021-08-13 21:30:00,40.595154,-73.95281,1,0,Driver Inattention/Distraction,4446825,33.2,24.8,0.0,0.0,0.0,0.0,3,18.2,34.9,215,Overcast,1,1,
70904,2021-08-11 21:20:00,40.607464,-74.01486,0,0,Unsafe Speed,4446363,31.2,23.2,2.8,2.8,0.0,7.0,55,23.7,44.6,206,Drizzle: Dense,0,0,
70905,2021-08-13 11:23:00,40.765354,-73.81733,3,0,Passing or Lane Usage Improper,4446867,33.2,24.8,0.0,0.0,0.0,0.0,3,18.2,34.9,215,Overcast,3,3,
70906,2021-08-13 19:04:00,40.70543,-73.87769,1,0,Driver Inattention/Distraction,4446674,33.2,24.8,0.0,0.0,0.0,0.0,3,18.2,34.9,215,Overcast,1,1,
70907,2021-08-13 09:05:00,40.678455,-73.949684,1,0,Glare,4447230,33.2,24.8,0.0,0.0,0.0,0.0,3,18.2,34.9,215,Overcast,1,1,
70908,2021-08-12 03:10:00,40.788387,-73.93925,0,0,Passing Too Closely,4446175,35.2,23.1,0.0,0.0,0.0,0.0,3,21.0,47.5,220,Overcast,0,0,
70909,2021-08-11 16:45:00,40.753895,-73.862114,0,0,Driver Inattention/Distraction,4446195,31.2,23.2,2.8,2.8,0.0,7.0,55,23.7,44.6,206,Drizzle: Dense,0,0,
70910,2021-08-10 07:00:00,40.601723,-73.74904,0,0,Unspecified,4446703,27.3,20.4,3.8,3.8,0.0,11.0,61,18.0,36.0,170,Rain: Light,0,0,
70911,2021-08-09 16:08:00,40.68424,-73.8461,2,0,Turning Improperly,4446537,26.2,20.1,1.1,1.1,0.0,7.0,51,17.3,34.6,36,Drizzle: Light,2,2,
70912,2021-08-08 19:23:00,40.659744,-73.87428,3,0,View Obstructed/Limited,4446771,22.9,19.4,12.7,12.7,0.0,17.0,63,19.9,36.0,38,Rain: Moderate,3,3,
70913,2021-08-12 21:00:00,40.849995,-73.93866,0,0,Unspecified,4447170,35.2,23.1,0.0,0.0,0.0,0.0,3,21.0,47.5,220,Overcast,0,0,
70914,2021-08-11 21:17:00,40.759983,-73.964806,0,0,Other Vehicular,4446141,31.2,23.2,2.8,2.8,0.0,7.0,55,23.7,44.6,206,Drizzle: Dense,0,0,
70915,2021-07-30 08:49:00,40.82062,-73.86858,1,0,Traffic Control Disregarded,4446542,27.6,19.1,0.0,0.0,0.0,0.0,1,24.2,45.7,310,Mainly clear,1,1,Sunny/Clear Conditions
70916,2021-07-27 13:45:00,40.89785,-73.864716,0,0,Driver Inattention/Distraction,4447205,30.4,19.1,0.2,0.2,0.0,2.0,51,19.5,38.9,206,Drizzle: Light,0,0,
70917,2021-08-12 11:20:00,40.586445,-73.98838,1,0,Other Vehicular,4446669,35.2,23.1,0.0,0.0,0.0,0.0,3,21.0,47.5,220,Overcast,1,1,
70918,2021-08-09 22:30:00,40.667118,-73.88889,1,0,Unspecified,4446802,26.2,20.1,1.1,1.1,0.0,7.0,51,17.3,34.6,36,Drizzle: Light,1,1,
70919,2021-08-11 17:25:00,40.822517,-73.93911,0,0,Other Vehicular,4446247,31.2,23.2,2.8,2.8,0.0,7.0,55,23.7,44.6,206,Drizzle: Dense,0,0,
70920,2021-08-13 10:05:00,40.75814,-73.83517,0,0,Backing Unsafely,4446586,33.2,24.8,0.0,0.0,0.0,0.0,3,18.2,34.9,215,Overcast,0,0,
70921,2021-08-12 21:45:00,40.70397,-73.90413,0,0,View Obstructed/Limited,4446458,35.2,23.1,0.0,0.0,0.0,0.0,3,21.0,47.5,220,Overcast,0,0,
70922,2021-08-11 10:41:00,40.76285,-73.798935,1,0,View Obstructed/Limited,4446105,31.2,23.2,2.8,2.8,0.0,7.0,55,23.7,44.6,206,Drizzle: Dense,1,1,
70923,2021-08-13 14:50:00,40.808163,-73.92653,0,0,Unspecified,4446846,33.2,24.8,0.0,0.0,0.0,0.0,3,18.2,34.9,215,Overcast,0,0,
70924,2021-08-12 08:43:00,40.772144,-73.89218,0,0,Unspecified,4446969,35.2,23.1,0.0,0.0,0.0,0.0,3,21.0,47.5,220,Overcast,0,0,
70925,2021-08-11 21:30:00,40.73771,-73.974266,0,0,Driver Inattention/Distraction,4447029,31.2,23.2,2.8,2.8,0.0,7.0,55,23.7,44.6,206,Drizzle: Dense,0,0,
70926,2021-08-12 13:58:00,40.629353,-73.884766,1,0,Backing Unsafely,4446380,35.2,23.1,0.0,0.0,0.0,0.0,3,21.0,47.5,220,Overcast,1,1,
70927,2021-08-13 00:21:00,40.748913,-73.9374,2,0,Driver Inattention/Distraction,4446473,33.2,24.8,0.0,0.0,0.0,0.0,3,18.2,34.9,215,Overcast,2,2,
70928,2021-08-12 20:15:00,40.692238,-73.86672,1,0,Pedestrian/Bicyclist/Other Pedestrian Error/Confusion,4446642,35.2,23.1,0.0,0.0,0.0,0.0,3,21.0,47.5,220,Overcast,1,1,
70929,2021-08-11 16:41:00,40.73398,-73.86913,0,0,Following Too Closely,4447096,31.2,23.2,2.8,2.8,0.0,7.0,55,23.7,44.6,206,Drizzle: Dense,0,0,
70930,2021-08-12 21:56:00,40.786827,-73.84571,1,0,Alcohol Involvement,4446585,35.2,23.1,0.0,0.0,0.0,0.0,3,21.0,47.5,220,Overcast,1,1,
70931,2021-08-11 16:00:00,40.66669,-73.81173,0,0,Passing or Lane Usage Improper,4446146,31.2,23.2,2.8,2.8,0.0,7.0,55,23.7,44.6,206,Drizzle: Dense,0,0,
70932,2021-08-12 04:45:00,40.83055,-73.87488,0,0,Driver Inattention/Distraction,4446210,35.2,23.1,0.0,0.0,0.0,0.0,3,21.0,47.5,220,Overcast,0,0,
70933,2021-08-11 20:15:00,40.811367,-73.95402,2,0,Unspecified,4446893,31.2,23.2,2.8,2.8,0.0,7.0,55,23.7,44.6,206,Drizzle: Dense,2,2,
70934,2021-08-05 13:24:00,40.868282,-73.90108,1,0,Driver Inattention/Distraction,4446600,27.1,17.4,0.1,0.1,0.0,1.0,51,13.2,27.0,5,Drizzle: Light,1,1,
70935,2021-08-12 01:46:00,40.65835,-73.90497,0,0,Other Vehicular,4446188,35.2,23.1,0.0,0.0,0.0,0.0,3,21.0,47.5,220,Overcast,0,0,
70936,2021-08-12 17:45:00,40.868282,-73.90108,1,0,Failure to Yield Right-of-Way,4446617,35.2,23.1,0.0,0.0,0.0,0.0,3,21.0,47.5,220,Overcast,1,1,
70937,2021-08-11 02:35:00,40.811638,-73.9316,0,0,Driver Inattention/Distraction,4445801,31.2,23.2,2.8,2.8,0.0,7.0,55,23.7,44.6,206,Drizzle: Dense,0,0,
70938,2021-08-11 16:30:00,40.713287,-73.87163,1,0,Driver Inattention/Distraction,4446440,31.2,23.2,2.8,2.8,0.0,7.0,55,23.7,44.6,206,Drizzle: Dense,1,1,
70939,2021-08-08 09:00:00,40.607433,-74.12105,0,0,Brakes Defective,4447295,22.9,19.4,12.7,12.7,0.0,17.0,63,19.9,36.0,38,Rain: Moderate,0,0,
70940,2021-08-13 12:16:00,40.703472,-73.9306,0,0,Passenger Distraction,4446696,33.2,24.8,0.0,0.0,0.0,0.0,3,18.2,34.9,215,Overcast,0,0,
70941,2021-08-13 16:30:00,40.609535,-73.75372,0,0,Aggressive Driving/Road Rage,4446718,33.2,24.8,0.0,0.0,0.0,0.0,3,18.2,34.9,215,Overcast,0,0,
70942,2021-08-11 03:07:00,40.694576,-73.95615,1,0,Driver Inattention/Distraction,4446124,31.2,23.2,2.8,2.8,0.0,7.0,55,23.7,44.6,206,Drizzle: Dense,1,1,
70943,2021-08-11 06:30:00,40.74691,-73.86842,1,0,Driver Inattention/Distraction,4446353,31.2,23.2,2.8,2.8,0.0,7.0,55,23.7,44.6,206,Drizzle: Dense,1,1,
70944,2021-08-12 23:22:00,40.792244,-73.94629,0,0,Following Too Closely,4446488,35.2,23.1,0.0,0.0,0.0,0.0,3,21.0,47.5,220,Overcast,0,0,
70945,2021-07-29 14:00:00,40.82425,-73.9453,0,0,Unspecified,4446641,25.3,20.4,33.0,33.0,0.0,11.0,65,26.1,50.8,182,Rain: Heavy,0,0,
70946,2021-08-11 02:38:00,40.675205,-73.904396,0,0,Unspecified,4445845,31.2,23.2,2.8,2.8,0.0,7.0,55,23.7,44.6,206,Drizzle: Dense,0,0,
70947,2021-08-12 11:20:00,40.77045,-73.83421,0,0,Backing Unsafely,4446420,35.2,23.1,0.0,0.0,0.0,0.0,3,21.0,47.5,220,Overcast,0,0,
70948,2021-08-11 20:00:00,40.662395,-73.93735,0,0,Driver Inattention/Distraction,4446103,31.2,23.2,2.8,2.8,0.0,7.0,55,23.7,44.6,206,Drizzle: Dense,0,0,
70949,2021-08-11 23:15:00,40.859875,-73.89323,0,0,Passenger Distraction,4446189,31.2,23.2,2.8,2.8,0.0,7.0,55,23.7,44.6,206,Drizzle: Dense,0,0,
70950,2021-08-07 11:32:00,40.66741,-73.88988,0,0,Following Too Closely,4446628,29.7,19.9,0.0,0.0,0.0,0.0,3,24.2,45.0,198,Overcast,0,0,
70951,2021-08-04 23:30:00,40.775383,-73.923035,0,0,Unspecified,4446943,24.3,17.5,0.1,0.1,0.0,1.0,51,13.7,27.4,57,Drizzle: Light,0,0,
70952,2021-08-12 19:10:00,40.672405,-73.730515,1,0,Driver Inattention/Distraction,4446446,35.2,23.1,0.0,0.0,0.0,0.0,3,21.0,47.5,220,Overcast,1,1,
70953,2021-08-13 19:35:00,40.723625,-74.00479,0,0,Alcohol Involvement,4446720,33.2,24.8,0.0,0.0,0.0,0.0,3,18.2,34.9,215,Overcast,0,0,
70954,2021-08-13 21:12:00,40.747684,-73.97879,0,0,Unspecified,4446894,33.2,24.8,0.0,0.0,0.0,0.0,3,18.2,34.9,215,Overcast,0,0,
70955,2021-07-31 04:30:00,40.7619,-73.8799,0,0,Alcohol Involvement,4446739,25.6,14.5,0.0,0.0,0.0,0.0,2,16.8,33.8,304,Partly cloudy,0,0,
70956,2021-08-11 18:53:00,40.86165,-73.91076,0,0,Turning Improperly,4447147,31.2,23.2,2.8,2.8,0.0,7.0,55,23.7,44.6,206,Drizzle: Dense,0,0,
70957,2021-08-12 11:00:00,40.830486,-73.87484,0,0,Backing Unsafely,4446347,35.2,23.1,0.0,0.0,0.0,0.0,3,21.0,47.5,220,Overcast,0,0,
70958,2021-08-12 19:39:00,0.0,0.0,3,0,Traffic Control Disregarded,4447076,35.2,23.1,0.0,0.0,0.0,0.0,3,21.0,47.5,220,Overcast,3,3,
70959,2021-08-12 15:53:00,40.870415,-73.91515,1,0,Driver Inattention/Distraction,4447182,35.2,23.1,0.0,0.0,0.0,0.0,3,21.0,47.5,220,Overcast,1,1,
70960,2021-08-11 20:38:00,40.631844,-74.15222,1,0,Driver Inattention/Distraction,4446376,31.2,23.2,2.8,2.8,0.0,7.0,55,23.7,44.6,206,Drizzle: Dense,1,1,
70961,2021-08-12 21:45:00,40.64254,-73.87652,0,0,Driver Inattention/Distraction,4446726,35.2,23.1,0.0,0.0,0.0,0.0,3,21.0,47.5,220,Overcast,0,0,
70962,2021-08-11 15:00:00,40.69874,-73.926315,0,0,Passing or Lane Usage Improper,4446169,31.2,23.2,2.8,2.8,0.0,7.0,55,23.7,44.6,206,Drizzle: Dense,0,0,
70963,2021-08-09 14:00:00,40.834423,-73.879265,1,0,Unspecified,4447000,26.2,20.1,1.1,1.1,0.0,7.0,51,17.3,34.6,36,Drizzle: Light,1,1,
70964,2021-08-08 04:55:00,40.68412,-73.9363,0,0,Unspecified,4447155,22.9,19.4,12.7,12.7,0.0,17.0,63,19.9,36.0,38,Rain: Moderate,0,0,
70965,2021-08-12 17:20:00,40.85814,-73.884026,1,0,Failure to Yield Right-of-Way,4446523,35.2,23.1,0.0,0.0,0.0,0.0,3,21.0,47.5,220,Overcast,1,1,
70966,2021-08-11 10:50:00,40.61904,-73.95848,0,0,Unspecified,4447043,31.2,23.2,2.8,2.8,0.0,7.0,55,23.7,44.6,206,Drizzle: Dense,0,0,
70967,2021-08-13 18:00:00,40.880947,-73.85456,0,0,Driver Inattention/Distraction,4447212,33.2,24.8,0.0,0.0,0.0,0.0,3,18.2,34.9,215,Overcast,0,0,
70968,2021-08-11 16:12:00,40.689735,-73.89033,0,0,Following Too Closely,4446434,31.2,23.2,2.8,2.8,0.0,7.0,55,23.7,44.6,206,Drizzle: Dense,0,0,
70969,2021-08-13 22:22:00,40.81533,-73.81924,1,0,Unspecified,4447340,33.2,24.8,0.0,0.0,0.0,0.0,3,18.2,34.9,215,Overcast,1,1,
70970,2021-08-06 18:22:00,40.704777,-73.81991,0,0,Backing Unsafely,4446538,28.9,17.4,0.0,0.0,0.0,0.0,3,18.1,38.2,188,Overcast,0,0,
70971,2021-08-11 10:27:00,40.836555,-73.87135,0,0,Following Too Closely,4446022,31.2,23.2,2.8,2.8,0.0,7.0,55,23.7,44.6,206,Drizzle: Dense,0,0,
70972,2021-08-11 12:45:00,40.70832,-73.79775,0,0,Passing Too Closely,4446052,31.2,23.2,2.8,2.8,0.0,7.0,55,23.7,44.6,206,Drizzle: Dense,0,0,
70973,2021-08-13 13:00:00,40.65516,-73.888084,0,0,Backing Unsafely,4446798,33.2,24.8,0.0,0.0,0.0,0.0,3,18.2,34.9,215,Overcast,0,0,
70974,2021-08-11 15:05:00,40.879864,-73.87596,0,0,Following Too Closely,4446271,31.2,23.2,2.8,2.8,0.0,7.0,55,23.7,44.6,206,Drizzle: Dense,0,0,
70975,2021-08-11 17:51:00,40.880924,-73.83966,0,0,Driver Inattention/Distraction,4447202,31.2,23.2,2.8,2.8,0.0,7.0,55,23.7,44.6,206,Drizzle: Dense,0,0,
70976,2021-08-12 17:40:00,40.667385,-73.88709,1,0,Unspecified,4446758,35.2,23.1,0.0,0.0,0.0,0.0,3,21.0,47.5,220,Overcast,1,1,
70977,2021-08-11 12:00:00,40.894394,-73.857704,0,0,Unspecified,4446581,31.2,23.2,2.8,2.8,0.0,7.0,55,23.7,44.6,206,Drizzle: Dense,0,0,
70978,2021-08-13 02:45:00,40.75332,-73.9636,1,0,Driver Inattention/Distraction,4446477,33.2,24.8,0.0,0.0,0.0,0.0,3,18.2,34.9,215,Overcast,1,1,
70979,2021-08-11 09:00:00,40.710087,-73.95129,0,0,Passing Too Closely,4446118,31.2,23.2,2.8,2.8,0.0,7.0,55,23.7,44.6,206,Drizzle: Dense,0,0,
70980,2021-08-12 23:22:00,40.822834,-73.941925,1,0,Failure to Yield Right-of-Way,4446613,35.2,23.1,0.0,0.0,0.0,0.0,3,21.0,47.5,220,Overcast,1,1,
70981,2021-08-11 23:00:00,40.864014,-73.91927,1,0,Driver Inattention/Distraction,4446325,31.2,23.2,2.8,2.8,0.0,7.0,55,23.7,44.6,206,Drizzle: Dense,1,1,
70982,2021-08-04 21:00:00,40.85417,-73.84798,2,0,Passing or Lane Usage Improper,4446596,24.3,17.5,0.1,0.1,0.0,1.0,51,13.7,27.4,57,Drizzle: Light,2,2,
70983,2021-08-12 09:30:00,40.77052,-73.91978,1,0,Driver Inattention/Distraction,4446970,35.2,23.1,0.0,0.0,0.0,0.0,3,21.0,47.5,220,Overcast,1,1,
70984,2021-08-12 16:59:00,40.807186,-73.924286,3,0,Unspecified,4446841,35.2,23.1,0.0,0.0,0.0,0.0,3,21.0,47.5,220,Overcast,3,3,
70985,2021-08-11 16:40:00,40.86609,-73.88268,0,0,Other Vehicular,4446618,31.2,23.2,2.8,2.8,0.0,7.0,55,23.7,44.6,206,Drizzle: Dense,0,0,
70986,2021-08-12 14:30:00,40.72653,-73.72852,0,0,Unsafe Lane Changing,4446451,35.2,23.1,0.0,0.0,0.0,0.0,3,21.0,47.5,220,Overcast,0,0,
70987,2021-10-19 17:53:00,40.7602718,-73.8039995,1,0,Failure to Yield Right-of-Way,4468933,19.1,8.3,0.0,0.0,0.0,0.0,1,24.6,45.0,272,Mainly clear,1,1,Sunny/Clear Conditions
70988,2021-08-11 09:45:00,40.834354,-73.82623,1,0,Unspecified,4446000,31.2,23.2,2.8,2.8,0.0,7.0,55,23.7,44.6,206,Drizzle: Dense,1,1,
70989,2021-08-12 07:50:00,40.761707,-73.99442,1,0,Driver Inattention/Distraction,4446218,35.2,23.1,0.0,0.0,0.0,0.0,3,21.0,47.5,220,Overcast,1,1,
70990,2021-08-11 22:22:00,40.838333,-73.91692,1,0,Other Vehicular,4446282,31.2,23.2,2.8,2.8,0.0,7.0,55,23.7,44.6,206,Drizzle: Dense,1,1,
70991,2021-08-13 16:03:00,40.87398,-73.855774,1,0,Unsafe Speed,4447190,33.2,24.8,0.0,0.0,0.0,0.0,3,18.2,34.9,215,Overcast,1,1,
70992,2021-08-12 16:30:00,40.650856,-73.9486,1,0,Unspecified,4447023,35.2,23.1,0.0,0.0,0.0,0.0,3,21.0,47.5,220,Overcast,1,1,
70993,2021-08-11 01:05:00,40.704178,-73.88953,0,0,Unspecified,4446035,31.2,23.2,2.8,2.8,0.0,7.0,55,23.7,44.6,206,Drizzle: Dense,0,0,
70994,2021-08-11 12:03:00,40.83762,-73.88546,0,0,Backing Unsafely,4446149,31.2,23.2,2.8,2.8,0.0,7.0,55,23.7,44.6,206,Drizzle: Dense,0,0,
70995,2022-04-11 15:05:00,40.657406,-73.74507,1,0,Traffic Control Disregarded,4519727,13.1,1.8,0.0,0.0,0.0,0.0,3,18.6,36.4,246,Overcast,1,1,
70996,2021-08-12 14:20:00,40.83664,-73.85429,0,0,Backing Unsafely,4446398,35.2,23.1,0.0,0.0,0.0,0.0,3,21.0,47.5,220,Overcast,0,0,
70997,2021-08-13 20:45:00,40.598312,-74.164,0,0,Passing Too Closely,4447289,33.2,24.8,0.0,0.0,0.0,0.0,3,18.2,34.9,215,Overcast,0,0,
70998,2021-08-13 00:00:00,40.744335,-73.951004,1,0,Driver Inattention/Distraction,4446673,33.2,24.8,0.0,0.0,0.0,0.0,3,18.2,34.9,215,Overcast,1,1,
70999,2021-08-12 16:30:00,40.697643,-73.81128,0,0,Unsafe Lane Changing,4446425,35.2,23.1,0.0,0.0,0.0,0.0,3,21.0,47.5,220,Overcast,0,0,
71000,2021-08-11 23:35:00,40.633083,-74.00558,1,0,Unspecified,4446339,31.2,23.2,2.8,2.8,0.0,7.0,55,23.7,44.6,206,Drizzle: Dense,1,1,
71001,2021-08-12 21:55:00,40.69637,-73.831985,0,0,Following Too Closely,4446550,35.2,23.1,0.0,0.0,0.0,0.0,3,21.0,47.5,220,Overcast,0,0,
71002,2021-08-13 14:00:00,40.678707,-73.864136,0,0,Driver Inattention/Distraction,4446828,33.2,24.8,0.0,0.0,0.0,0.0,3,18.2,34.9,215,Overcast,0,0,
71003,2021-08-13 09:40:00,40.765358,-73.965904,0,0,Unspecified,4447381,33.2,24.8,0.0,0.0,0.0,0.0,3,18.2,34.9,215,Overcast,0,0,
71004,2021-08-13 21:14:00,40.68511,-73.78654,0,0,Unspecified,4447306,33.2,24.8,0.0,0.0,0.0,0.0,3,18.2,34.9,215,Overcast,0,0,
71005,2021-08-13 00:00:00,40.739666,-73.79215,0,0,Fell Asleep,4446624,33.2,24.8,0.0,0.0,0.0,0.0,3,18.2,34.9,215,Overcast,0,0,
71006,2021-08-12 09:20:00,40.857525,-73.8818,1,0,Unspecified,4446518,35.2,23.1,0.0,0.0,0.0,0.0,3,21.0,47.5,220,Overcast,1,1,
71007,2021-08-08 01:40:00,40.788906,-73.93765,1,0,Unsafe Speed,4446781,22.9,19.4,12.7,12.7,0.0,17.0,63,19.9,36.0,38,Rain: Moderate,1,1,
71008,2021-08-13 01:41:00,40.858707,-73.9037,0,0,Unspecified,4446713,33.2,24.8,0.0,0.0,0.0,0.0,3,18.2,34.9,215,Overcast,0,0,
71009,2021-08-13 06:32:00,40.671486,-73.94757,0,0,Driver Inattention/Distraction,4447226,33.2,24.8,0.0,0.0,0.0,0.0,3,18.2,34.9,215,Overcast,0,0,
71010,2021-08-12 17:00:00,40.831383,-73.906845,1,0,Unspecified,4446650,35.2,23.1,0.0,0.0,0.0,0.0,3,21.0,47.5,220,Overcast,1,1,
71011,2021-08-13 21:10:00,40.693226,-73.96785,1,0,Unspecified,4446682,33.2,24.8,0.0,0.0,0.0,0.0,3,18.2,34.9,215,Overcast,1,1,
71012,2021-08-12 10:30:00,40.737537,-73.98011,0,0,Driver Inattention/Distraction,4446746,35.2,23.1,0.0,0.0,0.0,0.0,3,21.0,47.5,220,Overcast,0,0,
71013,2021-08-11 21:02:00,40.72766,-73.92938,0,0,Pavement Slippery,4446995,31.2,23.2,2.8,2.8,0.0,7.0,55,23.7,44.6,206,Drizzle: Dense,0,0,
71014,2021-08-12 16:00:00,40.70743,-73.786545,0,0,Passing or Lane Usage Improper,4446645,35.2,23.1,0.0,0.0,0.0,0.0,3,21.0,47.5,220,Overcast,0,0,
71015,2021-08-13 23:50:00,40.70324,-73.92615,0,0,Passing Too Closely,4447249,33.2,24.8,0.0,0.0,0.0,0.0,3,18.2,34.9,215,Overcast,0,0,
71016,2021-08-11 19:59:00,0.0,0.0,1,0,Traffic Control Disregarded,4446465,31.2,23.2,2.8,2.8,0.0,7.0,55,23.7,44.6,206,Drizzle: Dense,1,1,
71017,2021-08-12 00:10:00,40.66633,-73.91571,0,0,Driver Inattention/Distraction,4446385,35.2,23.1,0.0,0.0,0.0,0.0,3,21.0,47.5,220,Overcast,0,0,
71018,2021-08-11 10:44:00,40.852818,-73.90476,0,0,Failure to Yield Right-of-Way,4446710,31.2,23.2,2.8,2.8,0.0,7.0,55,23.7,44.6,206,Drizzle: Dense,0,0,
71019,2021-08-13 12:35:00,40.64495,-73.9249,1,0,Traffic Control Disregarded,4447038,33.2,24.8,0.0,0.0,0.0,0.0,3,18.2,34.9,215,Overcast,1,1,
71020,2021-08-06 18:00:00,40.664944,-73.89512,0,0,Driver Inattention/Distraction,4446775,28.9,17.4,0.0,0.0,0.0,0.0,3,18.1,38.2,188,Overcast,0,0,
71021,2021-08-13 18:50:00,40.715614,-73.94796,1,0,Driver Inattention/Distraction,4446974,33.2,24.8,0.0,0.0,0.0,0.0,3,18.2,34.9,215,Overcast,1,1,
71022,2021-08-12 16:10:00,40.763405,-73.96127,1,0,Driver Inattention/Distraction,4447373,35.2,23.1,0.0,0.0,0.0,0.0,3,21.0,47.5,220,Overcast,1,1,
71023,2021-08-12 16:55:00,40.761337,-73.98189,0,0,Driver Inattention/Distraction,4446500,35.2,23.1,0.0,0.0,0.0,0.0,3,21.0,47.5,220,Overcast,0,0,
71024,2021-08-13 22:53:00,40.744175,-73.83585,0,0,Failure to Yield Right-of-Way,4446871,33.2,24.8,0.0,0.0,0.0,0.0,3,18.2,34.9,215,Overcast,0,0,
71025,2021-08-12 09:10:00,0.0,0.0,0,0,Failure to Yield Right-of-Way,4446262,35.2,23.1,0.0,0.0,0.0,0.0,3,21.0,47.5,220,Overcast,0,0,
71026,2021-08-12 01:54:00,40.669456,-73.86284,1,0,Other Vehicular,4446817,35.2,23.1,0.0,0.0,0.0,0.0,3,21.0,47.5,220,Overcast,1,1,
71027,2021-08-10 23:00:00,40.64606,-73.951996,0,0,Unspecified,4447018,27.3,20.4,3.8,3.8,0.0,11.0,61,18.0,36.0,170,Rain: Light,0,0,
71028,2021-08-13 08:30:00,40.717678,-73.81713,1,0,Driver Inattention/Distraction,4446592,33.2,24.8,0.0,0.0,0.0,0.0,3,18.2,34.9,215,Overcast,1,1,
71029,2021-08-11 01:05:00,40.702255,-73.92008,0,0,Alcohol Involvement,4445920,31.2,23.2,2.8,2.8,0.0,7.0,55,23.7,44.6,206,Drizzle: Dense,0,0,
71030,2021-08-11 09:05:00,40.694546,-73.80212,1,0,Failure to Yield Right-of-Way,4446320,31.2,23.2,2.8,2.8,0.0,7.0,55,23.7,44.6,206,Drizzle: Dense,1,1,
71031,2021-08-11 12:00:00,40.6838,-73.72786,1,0,Unspecified,4446091,31.2,23.2,2.8,2.8,0.0,7.0,55,23.7,44.6,206,Drizzle: Dense,1,1,
71032,2021-08-10 18:45:00,40.826023,-73.8618,1,0,Following Too Closely,4446545,27.3,20.4,3.8,3.8,0.0,11.0,61,18.0,36.0,170,Rain: Light,1,1,
71033,2021-08-11 22:57:00,40.63671,-73.983215,1,0,Unspecified,4446289,31.2,23.2,2.8,2.8,0.0,7.0,55,23.7,44.6,206,Drizzle: Dense,1,1,
71034,2021-08-12 00:05:00,40.63043,-73.88593,4,0,Unsafe Speed,4446793,35.2,23.1,0.0,0.0,0.0,0.0,3,21.0,47.5,220,Overcast,4,4,
71035,2021-08-11 21:25:00,40.611366,-74.03488,0,0,Driver Inexperience,4446228,31.2,23.2,2.8,2.8,0.0,7.0,55,23.7,44.6,206,Drizzle: Dense,0,0,
71036,2021-08-07 04:00:00,40.84376,-73.9175,1,0,Unsafe Speed,4447364,29.7,19.9,0.0,0.0,0.0,0.0,3,24.2,45.0,198,Overcast,1,1,
71037,2021-08-10 20:20:00,40.655117,-73.88806,2,0,Pavement Slippery,4446812,27.3,20.4,3.8,3.8,0.0,11.0,61,18.0,36.0,170,Rain: Light,2,2,
71038,2021-07-28 18:45:00,40.853115,-73.927246,2,0,Unspecified,4447121,26.7,20.2,0.7,0.7,0.0,3.0,53,16.7,34.2,1,Drizzle: Moderate,2,2,
71039,2021-08-08 18:55:00,40.68342,-73.97545,2,0,Unsafe Speed,4446609,22.9,19.4,12.7,12.7,0.0,17.0,63,19.9,36.0,38,Rain: Moderate,2,2,
71040,2021-08-13 20:39:00,40.74463,-73.90263,0,0,Unspecified,4446688,33.2,24.8,0.0,0.0,0.0,0.0,3,18.2,34.9,215,Overcast,0,0,
71041,2021-08-13 23:40:00,40.66496,-73.82226,0,0,Driver Inattention/Distraction,4447324,33.2,24.8,0.0,0.0,0.0,0.0,3,18.2,34.9,215,Overcast,0,0,
71042,2021-08-11 20:28:00,40.848637,-73.91169,1,0,Driver Inattention/Distraction,4446178,31.2,23.2,2.8,2.8,0.0,7.0,55,23.7,44.6,206,Drizzle: Dense,1,1,
71043,2021-08-11 16:00:00,40.810276,-73.94738,0,0,Driver Inattention/Distraction,4446517,31.2,23.2,2.8,2.8,0.0,7.0,55,23.7,44.6,206,Drizzle: Dense,0,0,
71044,2021-08-13 11:00:00,40.74218,-73.95887,0,0,Failure to Yield Right-of-Way,4446660,33.2,24.8,0.0,0.0,0.0,0.0,3,18.2,34.9,215,Overcast,0,0,
71045,2021-08-12 17:00:00,40.626564,-74.02734,0,0,Unspecified,4446430,35.2,23.1,0.0,0.0,0.0,0.0,3,21.0,47.5,220,Overcast,0,0,
71046,2021-08-10 18:30:00,40.784325,-73.94225,0,0,Driver Inattention/Distraction,4447388,27.3,20.4,3.8,3.8,0.0,11.0,61,18.0,36.0,170,Rain: Light,0,0,
71047,2021-08-12 17:45:00,40.66563,-73.73921,1,0,Unspecified,4446677,35.2,23.1,0.0,0.0,0.0,0.0,3,21.0,47.5,220,Overcast,1,1,
71048,2021-08-12 00:30:00,40.757034,-73.87133,0,0,Following Too Closely,4446198,35.2,23.1,0.0,0.0,0.0,0.0,3,21.0,47.5,220,Overcast,0,0,
71049,2021-08-11 19:00:00,40.65931,-73.91295,0,0,Other Vehicular,4446386,31.2,23.2,2.8,2.8,0.0,7.0,55,23.7,44.6,206,Drizzle: Dense,0,0,
71050,2021-08-12 21:21:00,40.743973,-73.8851,0,0,Failure to Yield Right-of-Way,4446528,35.2,23.1,0.0,0.0,0.0,0.0,3,21.0,47.5,220,Overcast,0,0,
71051,2021-08-13 14:32:00,40.817196,-73.895325,1,0,Failure to Yield Right-of-Way,4446750,33.2,24.8,0.0,0.0,0.0,0.0,3,18.2,34.9,215,Overcast,1,1,