,CRASH DATETIME,LATITUDE,LONGITUDE,NUMBER OF PERSONS INJURED,NUMBER OF PERSONS KILLED,CONTRIBUTING FACTOR VEHICLE 1,COLLISION_ID,temperature_2m_max,temperature_2m_min,precipitation_sum,rain_sum,snowfall_sum,precipitation_hours,weather_code,wind_speed_10m_max,wind_gusts_10m_max,wind_direction_10m_dominant,Weather Description,Severity_Score,Total_Affected_Persons,Weather_Category
71052,2021-08-12 15:20:00,40.634506,-73.949455,0,0,Unspecified,4447057,35.2,23.1,0.0,0.0,0.0,0.0,3,21.0,47.5,220,Overcast,0,0,
71053,2021-08-11 09:50:00,40.682716,-73.99462,1,0,Unspecified,4446327,31.2,23.2,2.8,2.8,0.0,7.0,55,23.7,44.6,206,Drizzle: Dense,1,1,
71054,2021-08-13 21:30:00,40.86898,-73.86622,1,0,Other Vehicular,4446730,33.2,24.8,0.0,0.0,0.0,0.0,3,18.2,34.9,215,Overcast,1,1,
71055,2021-08-09 06:00:00,40.73811,-73.973495,1,0,Outside Car Distraction,4446923,26.2,20.1,1.1,1.1,0.0,7.0,51,17.3,34.6,36,Drizzle: Light,1,1,
71056,2021-08-13 16:30:00,40.707893,-73.7687,1,0,Driver Inattention/Distraction,4446665,33.2,24.8,0.0,0.0,0.0,0.0,3,18.2,34.9,215,Overcast,1,1,
71057,2021-08-12 14:55:00,40.67236,-73.82032,2,0,Failure to Yield Right-of-Way,4446860,35.2,23.1,0.0,0.0,0.0,0.0,3,21.0,47.5,220,Overcast,2,2,
71058,2021-08-13 17:00:00,40.801052,-73.910255,0,0,Unspecified,4446849,33.2,24.8,0.0,0.0,0.0,0.0,3,18.2,34.9,215,Overcast,0,0,
71059,2021-08-12 16:14:00,40.725307,-73.75231,0,0,Backing Unsafely,4446678,35.2,23.1,0.0,0.0,0.0,0.0,3,21.0,47.5,220,Overcast,0,0,
71060,2021-07-29 18:45:00,40.71474,-74.00757,0,0,Unspecified,4446789,25.3,20.4,33.0,33.0,0.0,11.0,65,26.1,50.8,182,Rain: Heavy,0,0,
71061,2021-08-08 04:00:00,40.768013,-73.90423,0,0,Unsafe Lane Changing,4446944,22.9,19.4,12.7,12.7,0.0,17.0,63,19.9,36.0,38,Rain: Moderate,0,0,
71062,2021-07-18 22:00:00,40.74919,-73.869194,0,0,Unspecified,4446740,28.4,23.1,12.4,12.4,0.0,10.0,63,19.6,39.2,232,Rain: Moderate,0,0,
71063,2021-08-12 13:24:00,40.685226,-73.978294,0,0,Pedestrian/Bicyclist/Other Pedestrian Error/Confusion,4446364,35.2,23.1,0.0,0.0,0.0,0.0,3,21.0,47.5,220,Overcast,0,0,
71064,2021-08-13 13:50:00,40.766182,-73.93683,3,0,Unspecified,4446986,33.2,24.8,0.0,0.0,0.0,0.0,3,18.2,34.9,215,Overcast,3,3,
71065,2021-08-11 18:40:00,40.673386,-73.77568,0,0,Failure to Yield Right-of-Way,4446160,31.2,23.2,2.8,2.8,0.0,7.0,55,23.7,44.6,206,Drizzle: Dense,0,0,
71066,2021-08-13 19:45:00,40.670334,-73.866844,3,0,Other Vehicular,4446824,33.2,24.8,0.0,0.0,0.0,0.0,3,18.2,34.9,215,Overcast,3,3,
71067,2021-08-09 02:50:00,40.692062,-73.95191,0,0,Driver Inattention/Distraction,4447233,26.2,20.1,1.1,1.1,0.0,7.0,51,17.3,34.6,36,Drizzle: Light,0,0,
71068,2021-08-13 14:00:00,40.77279,-73.837135,1,0,Passing or Lane Usage Improper,4446868,33.2,24.8,0.0,0.0,0.0,0.0,3,18.2,34.9,215,Overcast,1,1,
71069,2021-08-09 00:00:00,40.835846,-73.868164,0,0,Unspecified,4446979,26.2,20.1,1.1,1.1,0.0,7.0,51,17.3,34.6,36,Drizzle: Light,0,0,
71070,2021-08-12 22:20:00,40.65642,-73.933815,3,0,Unspecified,4447034,35.2,23.1,0.0,0.0,0.0,0.0,3,21.0,47.5,220,Overcast,3,3,
71071,2021-08-07 22:59:00,40.631092,-73.89835,0,0,Traffic Control Disregarded,4446877,29.7,19.9,0.0,0.0,0.0,0.0,3,24.2,45.0,198,Overcast,0,0,
71072,2021-08-13 00:00:00,40.705826,-73.79397,0,0,Driver Inattention/Distraction,4446646,33.2,24.8,0.0,0.0,0.0,0.0,3,18.2,34.9,215,Overcast,0,0,
71073,2021-08-11 18:40:00,40.660275,-73.96277,0,0,Alcohol Involvement,4446296,31.2,23.2,2.8,2.8,0.0,7.0,55,23.7,44.6,206,Drizzle: Dense,0,0,
71074,2021-08-13 18:36:00,40.63277,-74.00351,0,0,Unspecified,4447013,33.2,24.8,0.0,0.0,0.0,0.0,3,18.2,34.9,215,Overcast,0,0,
71075,2021-08-11 00:16:00,40.662575,-73.93448,0,0,Unsafe Speed,4445951,31.2,23.2,2.8,2.8,0.0,7.0,55,23.7,44.6,206,Drizzle: Dense,0,0,
71076,2021-08-11 13:50:00,40.570835,-74.16983,1,0,Driver Inattention/Distraction,4446205,31.2,23.2,2.8,2.8,0.0,7.0,55,23.7,44.6,206,Drizzle: Dense,1,1,
71077,2021-08-07 17:30:00,40.652767,-73.8863,0,0,Unspecified,4446766,29.7,19.9,0.0,0.0,0.0,0.0,3,24.2,45.0,198,Overcast,0,0,
71078,2021-08-11 14:30:00,40.711227,-73.77208,0,0,Unsafe Speed,4446068,31.2,23.2,2.8,2.8,0.0,7.0,55,23.7,44.6,206,Drizzle: Dense,0,0,
71079,2021-08-13 17:30:00,40.69843,-73.83893,0,0,Unspecified,4447111,33.2,24.8,0.0,0.0,0.0,0.0,3,18.2,34.9,215,Overcast,0,0,
71080,2021-08-11 19:00:00,40.88744,-73.85053,0,0,Unsafe Speed,4446560,31.2,23.2,2.8,2.8,0.0,7.0,55,23.7,44.6,206,Drizzle: Dense,0,0,
71081,2021-08-12 18:45:00,40.684177,-73.992195,0,0,Unspecified,4446692,35.2,23.1,0.0,0.0,0.0,0.0,3,21.0,47.5,220,Overcast,0,0,
71082,2021-08-11 07:30:00,40.838024,-73.859055,0,0,Unspecified,4446211,31.2,23.2,2.8,2.8,0.0,7.0,55,23.7,44.6,206,Drizzle: Dense,0,0,
71083,2021-08-11 18:54:00,40.68005,-73.94327,1,0,Driver Inattention/Distraction,4446123,31.2,23.2,2.8,2.8,0.0,7.0,55,23.7,44.6,206,Drizzle: Dense,1,1,
71084,2021-08-11 13:14:00,40.626015,-74.15655,0,0,Driver Inattention/Distraction,4446204,31.2,23.2,2.8,2.8,0.0,7.0,55,23.7,44.6,206,Drizzle: Dense,0,0,
71085,2021-08-12 16:15:00,40.741447,-73.84603,1,0,Following Too Closely,4446408,35.2,23.1,0.0,0.0,0.0,0.0,3,21.0,47.5,220,Overcast,1,1,
71086,2021-08-12 01:27:00,40.681515,-73.90412,0,0,Unsafe Speed,4446173,35.2,23.1,0.0,0.0,0.0,0.0,3,21.0,47.5,220,Overcast,0,0,
71087,2021-08-12 17:20:00,40.68804,-73.947754,0,0,Reaction to Uninvolved Vehicle,4446416,35.2,23.1,0.0,0.0,0.0,0.0,3,21.0,47.5,220,Overcast,0,0,
71088,2021-08-12 23:16:00,40.71326,-73.87303,1,0,Unsafe Speed,4447145,35.2,23.1,0.0,0.0,0.0,0.0,3,21.0,47.5,220,Overcast,1,1,
71089,2021-08-11 04:50:00,40.70768,-73.74512,0,0,Traffic Control Disregarded,4445811,31.2,23.2,2.8,2.8,0.0,7.0,55,23.7,44.6,206,Drizzle: Dense,0,0,
71090,2021-08-11 16:39:00,40.704586,-73.869415,0,0,Unspecified,4446441,31.2,23.2,2.8,2.8,0.0,7.0,55,23.7,44.6,206,Drizzle: Dense,0,0,
71091,2021-08-13 14:34:00,40.809563,-73.92923,1,0,Unspecified,4446845,33.2,24.8,0.0,0.0,0.0,0.0,3,18.2,34.9,215,Overcast,1,1,
71092,2021-08-12 18:22:00,40.85626,-73.838165,0,0,Unspecified,4446549,35.2,23.1,0.0,0.0,0.0,0.0,3,21.0,47.5,220,Overcast,0,0,
71093,2021-08-13 15:45:00,40.797264,-73.937515,0,0,Following Too Closely,4447169,33.2,24.8,0.0,0.0,0.0,0.0,3,18.2,34.9,215,Overcast,0,0,
71094,2021-08-11 13:39:00,40.746063,-73.87537,0,0,Driver Inexperience,4446352,31.2,23.2,2.8,2.8,0.0,7.0,55,23.7,44.6,206,Drizzle: Dense,0,0,
71095,2021-08-13 16:30:00,40.7488,-73.96986,1,0,Obstruction/Debris,4446697,33.2,24.8,0.0,0.0,0.0,0.0,3,18.2,34.9,215,Overcast,1,1,
71096,2021-08-12 19:00:00,40.68439,-73.83094,0,0,Passing or Lane Usage Improper,4446492,35.2,23.1,0.0,0.0,0.0,0.0,3,21.0,47.5,220,Overcast,0,0,
71097,2021-08-06 00:48:00,40.632065,-73.91861,3,0,Following Too Closely,4446734,28.9,17.4,0.0,0.0,0.0,0.0,3,18.1,38.2,188,Overcast,3,3,
71098,2021-08-13 13:38:00,40.743275,-73.77572,0,0,Accelerator Defective,4446884,33.2,24.8,0.0,0.0,0.0,0.0,3,18.2,34.9,215,Overcast,0,0,
71099,2021-08-12 13:27:00,40.61852,-74.0861,0,0,Driver Inattention/Distraction,4447082,35.2,23.1,0.0,0.0,0.0,0.0,3,21.0,47.5,220,Overcast,0,0,
71100,2021-08-11 06:29:00,40.887737,-73.86755,2,0,Unsafe Speed,4446587,31.2,23.2,2.8,2.8,0.0,7.0,55,23.7,44.6,206,Drizzle: Dense,2,2,
71101,2021-08-07 20:50:00,40.675495,-73.88916,0,0,Steering Failure,4446755,29.7,19.9,0.0,0.0,0.0,0.0,3,24.2,45.0,198,Overcast,0,0,
71102,2021-08-13 18:58:00,40.57576,-73.96209,0,0,Driver Inexperience,4446937,33.2,24.8,0.0,0.0,0.0,0.0,3,18.2,34.9,215,Overcast,0,0,
71103,2021-08-13 17:35:00,40.724274,-74.01136,0,0,Unspecified,4446721,33.2,24.8,0.0,0.0,0.0,0.0,3,18.2,34.9,215,Overcast,0,0,
71104,2021-08-13 18:30:00,40.738644,-73.887314,0,0,Unspecified,4447095,33.2,24.8,0.0,0.0,0.0,0.0,3,18.2,34.9,215,Overcast,0,0,
71105,2021-08-13 14:15:00,40.87028,-73.878395,0,0,Failure to Yield Right-of-Way,4447148,33.2,24.8,0.0,0.0,0.0,0.0,3,18.2,34.9,215,Overcast,0,0,
71106,2021-08-09 09:30:00,40.67777,-73.863914,2,0,Failure to Yield Right-of-Way,4446784,26.2,20.1,1.1,1.1,0.0,7.0,51,17.3,34.6,36,Drizzle: Light,2,2,
71107,2021-08-01 20:00:00,40.720894,-73.75283,0,0,Unspecified,4446899,24.4,16.6,0.8,0.8,0.0,5.0,51,19.9,39.2,168,Drizzle: Light,0,0,
71108,2021-08-12 11:44:00,40.727524,-73.988785,0,0,View Obstructed/Limited,4447010,35.2,23.1,0.0,0.0,0.0,0.0,3,21.0,47.5,220,Overcast,0,0,
71109,2020-08-15 12:20:00,40.812263,-73.92059,1,0,Failure to Yield Right-of-Way,4447413,28.5,20.6,0.1,0.1,0.0,1.0,51,18.1,36.0,59,Drizzle: Light,1,1,
71110,2021-08-11 08:30:00,40.678436,-73.80057,0,0,Traffic Control Disregarded,4446478,31.2,23.2,2.8,2.8,0.0,7.0,55,23.7,44.6,206,Drizzle: Dense,0,0,
71111,2021-08-12 18:20:00,40.82653,-73.94667,0,0,Driver Inattention/Distraction,4446601,35.2,23.1,0.0,0.0,0.0,0.0,3,21.0,47.5,220,Overcast,0,0,
71112,2021-08-13 21:05:00,40.650517,-73.92359,0,0,Driver Inattention/Distraction,4447049,33.2,24.8,0.0,0.0,0.0,0.0,3,18.2,34.9,215,Overcast,0,0,
71113,2021-08-12 19:00:00,40.672043,-73.89487,0,0,Following Too Closely,4446820,35.2,23.1,0.0,0.0,0.0,0.0,3,21.0,47.5,220,Overcast,0,0,
71114,2021-08-12 11:28:00,40.869007,-73.8975,0,0,Other Vehicular,4446614,35.2,23.1,0.0,0.0,0.0,0.0,3,21.0,47.5,220,Overcast,0,0,
71115,2021-08-13 18:20:00,40.720478,-73.98972,1,0,Driver Inattention/Distraction,4446702,33.2,24.8,0.0,0.0,0.0,0.0,3,18.2,34.9,215,Overcast,1,1,
71116,2021-08-09 07:25:00,40.84241,-73.93536,0,0,Backing Unsafely,4446619,26.2,20.1,1.1,1.1,0.0,7.0,51,17.3,34.6,36,Drizzle: Light,0,0,
71117,2021-08-11 20:35:00,40.885624,-73.843796,1,0,Unspecified,4447209,31.2,23.2,2.8,2.8,0.0,7.0,55,23.7,44.6,206,Drizzle: Dense,1,1,
71118,2021-08-11 21:00:00,40.645042,-73.99965,1,0,Unspecified,4446283,31.2,23.2,2.8,2.8,0.0,7.0,55,23.7,44.6,206,Drizzle: Dense,1,1,
71119,2021-08-11 11:11:00,40.79166,-73.96469,0,0,Unsafe Lane Changing,4446033,31.2,23.2,2.8,2.8,0.0,7.0,55,23.7,44.6,206,Drizzle: Dense,0,0,
71120,2021-08-11 10:10:00,40.713917,-73.92265,0,0,Backing Unsafely,4446036,31.2,23.2,2.8,2.8,0.0,7.0,55,23.7,44.6,206,Drizzle: Dense,0,0,
71121,2021-08-11 20:24:00,40.86877,-73.83174,1,0,Failure to Yield Right-of-Way,4446248,31.2,23.2,2.8,2.8,0.0,7.0,55,23.7,44.6,206,Drizzle: Dense,1,1,
71122,2021-08-12 12:00:00,40.71126,-73.899864,1,0,Following Too Closely,4446438,35.2,23.1,0.0,0.0,0.0,0.0,3,21.0,47.5,220,Overcast,1,1,
71123,2021-08-11 09:45:00,40.700836,-73.99495,0,0,Passing or Lane Usage Improper,4446075,31.2,23.2,2.8,2.8,0.0,7.0,55,23.7,44.6,206,Drizzle: Dense,0,0,
71124,2021-08-12 15:50:00,40.825912,-73.83647,0,0,Unspecified,4447320,35.2,23.1,0.0,0.0,0.0,0.0,3,21.0,47.5,220,Overcast,0,0,
71125,2021-08-11 13:18:00,40.864132,-73.89132,1,0,Driver Inattention/Distraction,4446273,31.2,23.2,2.8,2.8,0.0,7.0,55,23.7,44.6,206,Drizzle: Dense,1,1,
71126,2021-08-12 08:27:00,40.649876,-73.961815,1,0,Driver Inattention/Distraction,4447042,35.2,23.1,0.0,0.0,0.0,0.0,3,21.0,47.5,220,Overcast,1,1,
71127,2021-08-12 21:00:00,40.702858,-73.863625,1,0,Unspecified,4446457,35.2,23.1,0.0,0.0,0.0,0.0,3,21.0,47.5,220,Overcast,1,1,
71128,2021-08-06 08:18:00,40.67809,-73.8842,1,0,Unspecified,4446770,28.9,17.4,0.0,0.0,0.0,0.0,3,18.1,38.2,188,Overcast,1,1,
71129,2021-08-11 13:30:00,40.71886,-73.97492,0,0,Driver Inattention/Distraction,4446306,31.2,23.2,2.8,2.8,0.0,7.0,55,23.7,44.6,206,Drizzle: Dense,0,0,
71130,2021-07-27 21:30:00,40.733364,-73.99718,1,0,Driver Inattention/Distraction,4446965,30.4,19.1,0.2,0.2,0.0,2.0,51,19.5,38.9,206,Drizzle: Light,1,1,
71131,2021-08-11 07:48:00,40.805737,-73.94065,2,0,Turning Improperly,4445988,31.2,23.2,2.8,2.8,0.0,7.0,55,23.7,44.6,206,Drizzle: Dense,2,2,
71132,2021-08-13 09:20:00,40.704735,-73.743996,2,0,Unspecified,4446633,33.2,24.8,0.0,0.0,0.0,0.0,3,18.2,34.9,215,Overcast,2,2,
71133,2021-08-11 13:00:00,40.85214,-73.82886,0,0,Turning Improperly,4446249,31.2,23.2,2.8,2.8,0.0,7.0,55,23.7,44.6,206,Drizzle: Dense,0,0,
71134,2021-08-10 21:34:00,40.819317,-73.93032,1,0,Failure to Yield Right-of-Way,4447027,27.3,20.4,3.8,3.8,0.0,11.0,61,18.0,36.0,170,Rain: Light,1,1,
71135,2021-08-09 22:30:00,40.682186,-73.86982,0,0,Unspecified,4446801,26.2,20.1,1.1,1.1,0.0,7.0,51,17.3,34.6,36,Drizzle: Light,0,0,
71136,2021-08-13 23:00:00,40.685436,-73.96729,0,0,Driver Inattention/Distraction,4446782,33.2,24.8,0.0,0.0,0.0,0.0,3,18.2,34.9,215,Overcast,0,0,
71137,2021-08-12 23:25:00,40.894207,-73.848946,5,0,Driver Inattention/Distraction,4447200,35.2,23.1,0.0,0.0,0.0,0.0,3,21.0,47.5,220,Overcast,5,5,
71138,2021-08-05 10:08:00,40.827656,-73.8861,0,0,Unspecified,4446759,27.1,17.4,0.1,0.1,0.0,1.0,51,13.2,27.0,5,Drizzle: Light,0,0,
71139,2021-08-11 08:32:00,40.726494,-73.98829,0,0,Driver Inattention/Distraction,4446301,31.2,23.2,2.8,2.8,0.0,7.0,55,23.7,44.6,206,Drizzle: Dense,0,0,
71140,2021-08-12 09:59:00,40.755013,-73.93434,0,0,Failure to Yield Right-of-Way,4446971,35.2,23.1,0.0,0.0,0.0,0.0,3,21.0,47.5,220,Overcast,0,0,
71141,2021-08-11 18:52:00,40.713253,-73.97759,2,0,Driver Inattention/Distraction,4446324,31.2,23.2,2.8,2.8,0.0,7.0,55,23.7,44.6,206,Drizzle: Dense,2,2,
71142,2021-08-13 05:55:00,40.730465,-73.815025,0,0,Driver Inattention/Distraction,4446591,33.2,24.8,0.0,0.0,0.0,0.0,3,18.2,34.9,215,Overcast,0,0,
71143,2021-08-10 19:15:00,40.844753,-73.90539,0,0,Unspecified,4447026,27.3,20.4,3.8,3.8,0.0,11.0,61,18.0,36.0,170,Rain: Light,0,0,
71144,2021-08-11 08:21:00,40.595127,-73.75933,1,0,Traffic Control Disregarded,4446001,31.2,23.2,2.8,2.8,0.0,7.0,55,23.7,44.6,206,Drizzle: Dense,1,1,
71145,2021-08-11 12:30:00,40.700737,-73.99499,0,0,Unsafe Lane Changing,4446074,31.2,23.2,2.8,2.8,0.0,7.0,55,23.7,44.6,206,Drizzle: Dense,0,0,
71146,2021-08-13 20:41:00,40.67243,-73.87438,2,0,Other Vehicular,4447266,33.2,24.8,0.0,0.0,0.0,0.0,3,18.2,34.9,215,Overcast,2,2,
71147,2021-08-13 14:30:00,40.74922,-73.86745,0,0,Unspecified,4447094,33.2,24.8,0.0,0.0,0.0,0.0,3,18.2,34.9,215,Overcast,0,0,
71148,2021-08-12 21:20:00,40.698414,-73.984,0,0,Unsafe Speed,4446466,35.2,23.1,0.0,0.0,0.0,0.0,3,21.0,47.5,220,Overcast,0,0,
71149,2021-08-13 13:20:00,40.65621,-73.914665,1,0,Driver Inattention/Distraction,4447039,33.2,24.8,0.0,0.0,0.0,0.0,3,18.2,34.9,215,Overcast,1,1,
71150,2021-08-12 00:00:00,40.76687,-73.959785,0,0,Driver Inattention/Distraction,4447374,35.2,23.1,0.0,0.0,0.0,0.0,3,21.0,47.5,220,Overcast,0,0,
71151,2021-08-12 11:39:00,40.67312,-73.94463,0,0,Driver Inattention/Distraction,4447220,35.2,23.1,0.0,0.0,0.0,0.0,3,21.0,47.5,220,Overcast,0,0,
71152,2021-08-09 20:40:00,40.67624,-73.866104,1,0,Driver Inattention/Distraction,4446774,26.2,20.1,1.1,1.1,0.0,7.0,51,17.3,34.6,36,Drizzle: Light,1,1,
71153,2021-08-13 15:15:00,40.66767,-73.92845,1,0,Driver Inattention/Distraction,4446996,33.2,24.8,0.0,0.0,0.0,0.0,3,18.2,34.9,215,Overcast,1,1,
71154,2021-08-13 13:30:00,40.73734,-73.74555,0,0,Driver Inattention/Distraction,4446777,33.2,24.8,0.0,0.0,0.0,0.0,3,18.2,34.9,215,Overcast,0,0,
71155,2021-08-12 20:15:00,40.630543,-74.017,1,0,Driver Inattention/Distraction,4446471,35.2,23.1,0.0,0.0,0.0,0.0,3,21.0,47.5,220,Overcast,1,1,
71156,2021-08-11 16:58:00,40.727097,-73.95269,1,0,Driver Inexperience,4446102,31.2,23.2,2.8,2.8,0.0,7.0,55,23.7,44.6,206,Drizzle: Dense,1,1,
71157,2021-08-11 01:19:00,40.855362,-73.89878,0,0,Unspecified,4446190,31.2,23.2,2.8,2.8,0.0,7.0,55,23.7,44.6,206,Drizzle: Dense,0,0,
71158,2022-04-15 00:30:00,40.69695,-73.962776,0,0,Other Vehicular,4519320,19.2,6.3,0.1,0.1,0.0,1.0,51,26.9,46.1,243,Drizzle: Light,0,0,
71159,2021-08-11 16:30:00,40.67909,-73.90829,1,0,Traffic Control Disregarded,4446350,31.2,23.2,2.8,2.8,0.0,7.0,55,23.7,44.6,206,Drizzle: Dense,1,1,
71160,2021-08-13 21:00:00,40.76025,-73.860374,0,0,Unspecified,4446738,33.2,24.8,0.0,0.0,0.0,0.0,3,18.2,34.9,215,Overcast,0,0,
71161,2021-08-12 08:30:00,40.662636,-73.77406,0,0,Unspecified,4446433,35.2,23.1,0.0,0.0,0.0,0.0,3,21.0,47.5,220,Overcast,0,0,
71162,2021-08-11 11:14:00,40.82935,-73.875145,0,0,Unspecified,4446021,31.2,23.2,2.8,2.8,0.0,7.0,55,23.7,44.6,206,Drizzle: Dense,0,0,
71163,2021-08-10 09:00:00,40.60741,-73.926254,1,0,Driver Inattention/Distraction,4446602,27.3,20.4,3.8,3.8,0.0,11.0,61,18.0,36.0,170,Rain: Light,1,1,
71164,2021-08-11 11:20:00,40.673203,-74.01056,0,0,Driver Inattention/Distraction,4446859,31.2,23.2,2.8,2.8,0.0,7.0,55,23.7,44.6,206,Drizzle: Dense,0,0,
71165,2021-08-11 18:11:00,40.727283,-73.79747,0,0,Unsafe Speed,4446119,31.2,23.2,2.8,2.8,0.0,7.0,55,23.7,44.6,206,Drizzle: Dense,0,0,
71166,2021-08-01 06:42:00,40.897625,-73.85625,0,0,Unsafe Speed,4446580,24.4,16.6,0.8,0.8,0.0,5.0,51,19.9,39.2,168,Drizzle: Light,0,0,
71167,2021-08-11 07:40:00,40.826275,-73.85971,0,0,Following Too Closely,4445938,31.2,23.2,2.8,2.8,0.0,7.0,55,23.7,44.6,206,Drizzle: Dense,0,0,
71168,2021-08-13 10:40:00,40.739655,-73.81784,0,0,Following Too Closely,4446634,33.2,24.8,0.0,0.0,0.0,0.0,3,18.2,34.9,215,Overcast,0,0,
71169,2021-08-12 06:45:00,40.83835,-73.94784,2,0,Following Too Closely,4446571,35.2,23.1,0.0,0.0,0.0,0.0,3,21.0,47.5,220,Overcast,2,2,
71170,2021-08-11 12:05:00,40.653976,-73.952835,0,0,Unspecified,4446093,31.2,23.2,2.8,2.8,0.0,7.0,55,23.7,44.6,206,Drizzle: Dense,0,0,
71171,2021-08-07 21:30:00,40.658577,-73.89063,0,0,Driver Inattention/Distraction,4446769,29.7,19.9,0.0,0.0,0.0,0.0,3,24.2,45.0,198,Overcast,0,0,
71172,2021-08-13 01:50:00,40.61743,-73.932495,0,0,Failure to Yield Right-of-Way,4446494,33.2,24.8,0.0,0.0,0.0,0.0,3,18.2,34.9,215,Overcast,0,0,
71173,2021-08-11 06:10:00,40.654793,-73.88999,0,0,Unspecified,4446813,31.2,23.2,2.8,2.8,0.0,7.0,55,23.7,44.6,206,Drizzle: Dense,0,0,
71174,2021-08-13 17:35:00,40.691433,-73.89063,1,0,Driver Inexperience,4447134,33.2,24.8,0.0,0.0,0.0,0.0,3,18.2,34.9,215,Overcast,1,1,
71175,2021-07-30 18:15:00,40.609642,-73.89738,0,0,Following Too Closely,4446998,27.6,19.1,0.0,0.0,0.0,0.0,1,24.2,45.7,310,Mainly clear,0,0,Sunny/Clear Conditions
71176,2021-08-11 07:50:00,40.71663,-73.93921,0,0,Driver Inattention/Distraction,4446081,31.2,23.2,2.8,2.8,0.0,7.0,55,23.7,44.6,206,Drizzle: Dense,0,0,
71177,2021-08-12 10:00:00,40.584137,-73.96386,0,0,Driver Inattention/Distraction,4446655,35.2,23.1,0.0,0.0,0.0,0.0,3,21.0,47.5,220,Overcast,0,0,
71178,2021-08-12 22:50:00,40.848625,-73.93425,1,0,Failure to Yield Right-of-Way,4446524,35.2,23.1,0.0,0.0,0.0,0.0,3,21.0,47.5,220,Overcast,1,1,
71179,2021-08-12 12:47:00,40.759727,-73.8455,0,0,Unspecified,4446407,35.2,23.1,0.0,0.0,0.0,0.0,3,21.0,47.5,220,Overcast,0,0,
71180,2021-08-08 16:30:00,40.72579,-73.98294,0,0,Driver Inexperience,4447168,22.9,19.4,12.7,12.7,0.0,17.0,63,19.9,36.0,38,Rain: Moderate,0,0,
71181,2021-08-12 08:46:00,40.74544,-73.9754,0,0,Driver Inattention/Distraction,4446309,35.2,23.1,0.0,0.0,0.0,0.0,3,21.0,47.5,220,Overcast,0,0,
71182,2021-08-12 11:05:00,40.790894,-73.945175,0,0,Unsafe Lane Changing,4446984,35.2,23.1,0.0,0.0,0.0,0.0,3,21.0,47.5,220,Overcast,0,0,
71183,2021-08-11 18:00:00,40.602135,-74.114876,0,0,Failure to Yield Right-of-Way,4446539,31.2,23.2,2.8,2.8,0.0,7.0,55,23.7,44.6,206,Drizzle: Dense,0,0,
71184,2021-08-13 23:31:00,40.64308,-73.894775,2,0,Unspecified,4446733,33.2,24.8,0.0,0.0,0.0,0.0,3,18.2,34.9,215,Overcast,2,2,
71185,2021-08-11 16:00:00,40.724495,-73.72775,0,0,Unspecified,4446143,31.2,23.2,2.8,2.8,0.0,7.0,55,23.7,44.6,206,Drizzle: Dense,0,0,
71186,2021-08-12 14:40:00,40.58724,-73.98901,0,0,Other Vehicular,4446935,35.2,23.1,0.0,0.0,0.0,0.0,3,21.0,47.5,220,Overcast,0,0,
71187,2021-08-11 19:00:00,40.616917,-74.07852,0,0,Fatigued/Drowsy,4447081,31.2,23.2,2.8,2.8,0.0,7.0,55,23.7,44.6,206,Drizzle: Dense,0,0,
71188,2021-08-10 06:00:00,40.656116,-73.89666,1,0,Other Vehicular,4446805,27.3,20.4,3.8,3.8,0.0,11.0,61,18.0,36.0,170,Rain: Light,1,1,
71189,2021-08-11 13:00:00,40.75484,-73.98412,1,0,Pedestrian/Bicyclist/Other Pedestrian Error/Confusion,4446319,31.2,23.2,2.8,2.8,0.0,7.0,55,23.7,44.6,206,Drizzle: Dense,1,1,
71190,2021-08-08 00:46:00,40.84084,-73.91505,0,0,Oversized Vehicle,4446595,22.9,19.4,12.7,12.7,0.0,17.0,63,19.9,36.0,38,Rain: Moderate,0,0,
71191,2021-08-11 21:50:00,40.624603,-74.079605,0,0,Unspecified,4446295,31.2,23.2,2.8,2.8,0.0,7.0,55,23.7,44.6,206,Drizzle: Dense,0,0,
71192,2021-08-12 11:23:00,40.674904,-73.94447,1,0,Other Vehicular,4447227,35.2,23.1,0.0,0.0,0.0,0.0,3,21.0,47.5,220,Overcast,1,1,
71193,2021-08-11 18:35:00,40.841118,-73.8792,1,0,Failure to Yield Right-of-Way,4446185,31.2,23.2,2.8,2.8,0.0,7.0,55,23.7,44.6,206,Drizzle: Dense,1,1,
71194,2021-08-05 21:00:00,40.76904,-73.907776,0,0,Unspecified,4446947,27.1,17.4,0.1,0.1,0.0,1.0,51,13.2,27.0,5,Drizzle: Light,0,0,
71195,2021-08-12 12:00:00,40.57776,-74.169685,0,0,Driver Inattention/Distraction,4446375,35.2,23.1,0.0,0.0,0.0,0.0,3,21.0,47.5,220,Overcast,0,0,
71196,2021-08-12 13:00:00,40.666397,-73.785,1,0,Driver Inattention/Distraction,4446450,35.2,23.1,0.0,0.0,0.0,0.0,3,21.0,47.5,220,Overcast,1,1,
71197,2021-08-13 22:50:00,40.687103,-73.89251,1,0,Steering Failure,4447127,33.2,24.8,0.0,0.0,0.0,0.0,3,18.2,34.9,215,Overcast,1,1,
71198,2021-08-05 16:47:00,40.862732,-73.90333,0,0,Reaction to Uninvolved Vehicle,4446608,27.1,17.4,0.1,0.1,0.0,1.0,51,13.2,27.0,5,Drizzle: Light,0,0,
71199,2021-08-09 11:30:00,40.79157,-73.94469,1,0,Backing Unsafely,4447032,26.2,20.1,1.1,1.1,0.0,7.0,51,17.3,34.6,36,Drizzle: Light,1,1,