,CRASH DATETIME,LATITUDE,LONGITUDE,NUMBER OF PERSONS INJURED,NUMBER OF PERSONS KILLED,CONTRIBUTING FACTOR VEHICLE 1,COLLISION_ID,temperature_2m_max,temperature_2m_min,precipitation_sum,rain_sum,snowfall_sum,precipitation_hours,weather_code,wind_speed_10m_max,wind_gusts_10m_max,wind_direction_10m_dominant,Weather Description,Severity_Score,Total_Affected_Persons,Weather_Category
71200,2021-08-09 00:30:00,40.725674,-74.00578,1,0,Passing or Lane Usage Improper,4446566,26.2,20.1,1.1,1.1,0.0,7.0,51,17.3,34.6,36,Drizzle: Light,1,1,
71201,2021-08-12 14:15:00,40.738857,-73.816086,0,0,Failure to Yield Right-of-Way,4446399,35.2,23.1,0.0,0.0,0.0,0.0,3,21.0,47.5,220,Overcast,0,0,
71202,2021-08-07 22:59:00,40.8733,-73.853645,0,0,Driver Inattention/Distraction,4446551,29.7,19.9,0.0,0.0,0.0,0.0,3,24.2,45.0,198,Overcast,0,0,
71203,2021-08-11 10:33:00,40.76926,-73.801834,0,0,Failure to Yield Right-of-Way,4446129,31.2,23.2,2.8,2.8,0.0,7.0,55,23.7,44.6,206,Drizzle: Dense,0,0,
71204,2021-08-06 22:20:00,40.657814,-73.89613,0,0,Driver Inattention/Distraction,4446764,28.9,17.4,0.0,0.0,0.0,0.0,3,18.1,38.2,188,Overcast,0,0,
71205,2021-08-12 07:20:00,40.764782,-73.83042,1,0,Reaction to Uninvolved Vehicle,4446417,35.2,23.1,0.0,0.0,0.0,0.0,3,21.0,47.5,220,Overcast,1,1,
71206,2021-08-12 17:30:00,40.651695,-73.94968,0,0,Passing or Lane Usage Improper,4447033,35.2,23.1,0.0,0.0,0.0,0.0,3,21.0,47.5,220,Overcast,0,0,
71207,2021-08-11 04:00:00,40.812035,-73.92855,0,0,Unspecified,4446501,31.2,23.2,2.8,2.8,0.0,7.0,55,23.7,44.6,206,Drizzle: Dense,0,0,
71208,2021-08-13 15:44:00,40.69578,-73.917076,0,0,Driver Inexperience,4446698,33.2,24.8,0.0,0.0,0.0,0.0,3,18.2,34.9,215,Overcast,0,0,
71209,2021-08-13 22:34:00,40.75991,-73.95882,0,0,Driver Inattention/Distraction,4447382,33.2,24.8,0.0,0.0,0.0,0.0,3,18.2,34.9,215,Overcast,0,0,
71210,2021-08-11 12:50:00,40.679935,-73.91389,0,0,Brakes Defective,4446058,31.2,23.2,2.8,2.8,0.0,7.0,55,23.7,44.6,206,Drizzle: Dense,0,0,
71211,2021-08-13 19:30:00,40.756023,-73.82088,0,0,Failure to Yield Right-of-Way,4446870,33.2,24.8,0.0,0.0,0.0,0.0,3,18.2,34.9,215,Overcast,0,0,
71212,2021-08-13 09:30:00,40.789684,-73.94815,1,0,Brakes Defective,4446623,33.2,24.8,0.0,0.0,0.0,0.0,3,18.2,34.9,215,Overcast,1,1,
71213,2021-08-11 09:30:00,40.577003,-74.00217,0,0,Driver Inattention/Distraction,4446164,31.2,23.2,2.8,2.8,0.0,7.0,55,23.7,44.6,206,Drizzle: Dense,0,0,
71214,2021-08-12 11:32:00,40.6647,-73.87149,0,0,Unspecified,4446818,35.2,23.1,0.0,0.0,0.0,0.0,3,21.0,47.5,220,Overcast,0,0,
71215,2021-08-12 05:00:00,40.666737,-73.78628,2,0,Following Too Closely,4446484,35.2,23.1,0.0,0.0,0.0,0.0,3,21.0,47.5,220,Overcast,2,2,
71216,2021-08-12 15:10:00,40.681866,-73.74545,1,0,Unsafe Speed,4446447,35.2,23.1,0.0,0.0,0.0,0.0,3,21.0,47.5,220,Overcast,1,1,
71217,2021-08-12 13:40:00,40.76099,-73.99077,0,0,Driver Inattention/Distraction,4446356,35.2,23.1,0.0,0.0,0.0,0.0,3,21.0,47.5,220,Overcast,0,0,
71218,2021-08-09 04:00:00,40.67739,-73.86957,0,0,Unspecified,4446799,26.2,20.1,1.1,1.1,0.0,7.0,51,17.3,34.6,36,Drizzle: Light,0,0,
71219,2021-08-07 12:20:00,40.86938,-73.825455,0,0,Unspecified,4447342,29.7,19.9,0.0,0.0,0.0,0.0,3,24.2,45.0,198,Overcast,0,0,
71220,2021-08-12 19:00:00,40.750965,-73.94027,2,0,Driver Inattention/Distraction,4446666,35.2,23.1,0.0,0.0,0.0,0.0,3,21.0,47.5,220,Overcast,2,2,
71221,2021-08-13 12:00:00,40.88415,-73.82607,0,0,Following Too Closely,4447183,33.2,24.8,0.0,0.0,0.0,0.0,3,18.2,34.9,215,Overcast,0,0,
71222,2021-08-13 23:05:00,40.689816,-73.97833,0,0,Following Too Closely,4446683,33.2,24.8,0.0,0.0,0.0,0.0,3,18.2,34.9,215,Overcast,0,0,
71223,2021-08-13 20:40:00,40.807186,-73.924286,0,0,Unspecified,4446842,33.2,24.8,0.0,0.0,0.0,0.0,3,18.2,34.9,215,Overcast,0,0,
71224,2021-08-13 09:25:00,40.728767,-73.984436,1,0,Other Vehicular,4447069,33.2,24.8,0.0,0.0,0.0,0.0,3,18.2,34.9,215,Overcast,1,1,
71225,2021-08-10 13:00:00,40.575375,-74.104836,0,0,Backing Unsafely,4446534,27.3,20.4,3.8,3.8,0.0,11.0,61,18.0,36.0,170,Rain: Light,0,0,
71226,2021-08-13 11:37:00,40.68025,-73.82223,0,0,Failure to Yield Right-of-Way,4447328,33.2,24.8,0.0,0.0,0.0,0.0,3,18.2,34.9,215,Overcast,0,0,
71227,2021-08-12 18:29:00,40.843994,-73.89752,0,0,Alcohol Involvement,4446556,35.2,23.1,0.0,0.0,0.0,0.0,3,21.0,47.5,220,Overcast,0,0,
71228,2021-08-10 15:50:00,40.735214,-73.99172,1,0,Unspecified,4446747,27.3,20.4,3.8,3.8,0.0,11.0,61,18.0,36.0,170,Rain: Light,1,1,
71229,2021-08-13 23:21:00,40.688904,-73.980934,0,0,Driver Inattention/Distraction,4446728,33.2,24.8,0.0,0.0,0.0,0.0,3,18.2,34.9,215,Overcast,0,0,
71230,2021-07-26 08:35:00,40.87829,-73.87006,1,0,,4447192,31.4,21.8,0.0,0.0,0.0,0.0,3,13.0,25.6,295,Overcast,1,1,
71231,2021-08-11 14:46:00,40.61203,-73.96753,0,0,Driver Inattention/Distraction,4446171,31.2,23.2,2.8,2.8,0.0,7.0,55,23.7,44.6,206,Drizzle: Dense,0,0,
71232,2021-08-13 18:01:00,40.79213,-73.97383,0,0,Passing Too Closely,4446811,33.2,24.8,0.0,0.0,0.0,0.0,3,18.2,34.9,215,Overcast,0,0,
71233,2021-08-09 02:01:00,40.662563,-73.89146,1,0,Driver Inattention/Distraction,4446794,26.2,20.1,1.1,1.1,0.0,7.0,51,17.3,34.6,36,Drizzle: Light,1,1,
71234,2021-08-11 13:25:00,40.766994,-73.904144,3,0,Driver Inexperience,4446227,31.2,23.2,2.8,2.8,0.0,7.0,55,23.7,44.6,206,Drizzle: Dense,3,3,
71235,2021-08-12 16:58:00,40.696674,-73.957535,2,0,Traffic Control Disregarded,4447158,35.2,23.1,0.0,0.0,0.0,0.0,3,21.0,47.5,220,Overcast,2,2,
71236,2021-08-11 18:47:00,40.606636,-74.00163,0,0,Driver Inattention/Distraction,4446366,31.2,23.2,2.8,2.8,0.0,7.0,55,23.7,44.6,206,Drizzle: Dense,0,0,
71237,2021-08-10 11:00:00,40.8439,-73.9117,0,0,Turning Improperly,4447019,27.3,20.4,3.8,3.8,0.0,11.0,61,18.0,36.0,170,Rain: Light,0,0,
71238,2021-08-13 17:30:00,40.666725,-73.86977,0,0,Unspecified,4446823,33.2,24.8,0.0,0.0,0.0,0.0,3,18.2,34.9,215,Overcast,0,0,
71239,2021-08-11 15:26:00,40.86097,-73.84733,2,0,Traffic Control Disregarded,4446148,31.2,23.2,2.8,2.8,0.0,7.0,55,23.7,44.6,206,Drizzle: Dense,2,2,
71240,2021-08-13 15:45:00,40.730118,-73.86232,1,0,Driver Inattention/Distraction,4446672,33.2,24.8,0.0,0.0,0.0,0.0,3,18.2,34.9,215,Overcast,1,1,
71241,2021-08-13 13:13:00,40.63025,-74.13492,0,0,Fell Asleep,4447292,33.2,24.8,0.0,0.0,0.0,0.0,3,18.2,34.9,215,Overcast,0,0,
71242,2021-08-13 17:10:00,40.722218,-73.94124,0,0,Driver Inattention/Distraction,4446978,33.2,24.8,0.0,0.0,0.0,0.0,3,18.2,34.9,215,Overcast,0,0,
71243,2021-08-12 14:40:00,40.856743,-73.89527,0,0,Driver Inattention/Distraction,4446711,35.2,23.1,0.0,0.0,0.0,0.0,3,21.0,47.5,220,Overcast,0,0,
71244,2021-08-11 11:50:00,40.704067,-73.93861,0,0,Driver Inattention/Distraction,4446113,31.2,23.2,2.8,2.8,0.0,7.0,55,23.7,44.6,206,Drizzle: Dense,0,0,
71245,2021-08-11 22:40:00,40.74242,-73.826546,0,0,Following Too Closely,4446411,31.2,23.2,2.8,2.8,0.0,7.0,55,23.7,44.6,206,Drizzle: Dense,0,0,
71246,2021-08-12 05:11:00,40.707603,-73.780235,0,0,Traffic Control Disregarded,4446424,35.2,23.1,0.0,0.0,0.0,0.0,3,21.0,47.5,220,Overcast,0,0,
71247,2021-08-13 18:54:00,40.610653,-73.95355,1,0,Driver Inattention/Distraction,4446833,33.2,24.8,0.0,0.0,0.0,0.0,3,18.2,34.9,215,Overcast,1,1,
71248,2021-08-13 14:00:00,40.644756,-74.099724,0,0,Driver Inattention/Distraction,4447086,33.2,24.8,0.0,0.0,0.0,0.0,3,18.2,34.9,215,Overcast,0,0,
71249,2021-08-13 04:10:00,40.747276,-73.989624,1,0,Traffic Control Disregarded,4446918,33.2,24.8,0.0,0.0,0.0,0.0,3,18.2,34.9,215,Overcast,1,1,
71250,2021-08-11 14:20:00,40.598446,-74.06525,0,0,Unspecified,4446261,31.2,23.2,2.8,2.8,0.0,7.0,55,23.7,44.6,206,Drizzle: Dense,0,0,
71251,2021-08-11 22:35:00,40.63803,-73.99258,1,0,Unspecified,4446340,31.2,23.2,2.8,2.8,0.0,7.0,55,23.7,44.6,206,Drizzle: Dense,1,1,
71252,2021-08-12 16:07:00,40.599903,-73.95045,0,0,Driver Inattention/Distraction,4446519,35.2,23.1,0.0,0.0,0.0,0.0,3,21.0,47.5,220,Overcast,0,0,
71253,2021-08-12 17:30:00,40.760185,-73.9147,1,0,Driver Inattention/Distraction,4446953,35.2,23.1,0.0,0.0,0.0,0.0,3,21.0,47.5,220,Overcast,1,1,
71254,2021-08-13 21:00:00,40.846863,-73.90142,0,0,Unspecified,4446712,33.2,24.8,0.0,0.0,0.0,0.0,3,18.2,34.9,215,Overcast,0,0,
71255,2021-08-12 08:30:00,40.622433,-74.15001,0,0,Driver Inattention/Distraction,4446206,35.2,23.1,0.0,0.0,0.0,0.0,3,21.0,47.5,220,Overcast,0,0,
71256,2021-08-12 10:15:00,40.858376,-73.89637,0,0,Driver Inexperience,4446588,35.2,23.1,0.0,0.0,0.0,0.0,3,21.0,47.5,220,Overcast,0,0,
71257,2021-08-13 16:15:00,40.614597,-74.102104,0,0,Unspecified,4447085,33.2,24.8,0.0,0.0,0.0,0.0,3,18.2,34.9,215,Overcast,0,0,
71258,2021-08-07 00:28:00,40.68723,-73.941795,0,0,Alcohol Involvement,4447223,29.7,19.9,0.0,0.0,0.0,0.0,3,24.2,45.0,198,Overcast,0,0,
71259,2021-08-12 11:30:00,40.75546,-73.92736,0,0,Unspecified,4446972,35.2,23.1,0.0,0.0,0.0,0.0,3,21.0,47.5,220,Overcast,0,0,
71260,2021-08-11 12:35:00,40.71406,-73.95292,1,0,Failure to Yield Right-of-Way,4446455,31.2,23.2,2.8,2.8,0.0,7.0,55,23.7,44.6,206,Drizzle: Dense,1,1,
71261,2021-08-13 19:19:00,40.666386,-73.80178,0,0,Following Too Closely,4447362,33.2,24.8,0.0,0.0,0.0,0.0,3,18.2,34.9,215,Overcast,0,0,
71262,2021-08-06 16:48:00,40.70179,-73.786476,0,0,Pedestrian/Bicyclist/Other Pedestrian Error/Confusion,4446644,28.9,17.4,0.0,0.0,0.0,0.0,3,18.1,38.2,188,Overcast,0,0,
71263,2021-08-13 09:40:00,40.76285,-73.967735,0,0,Failure to Yield Right-of-Way,4447385,33.2,24.8,0.0,0.0,0.0,0.0,3,18.2,34.9,215,Overcast,0,0,
71264,2021-08-12 00:13:00,40.66367,-73.91213,2,0,Driver Inattention/Distraction,4446384,35.2,23.1,0.0,0.0,0.0,0.0,3,21.0,47.5,220,Overcast,2,2,
71265,2021-08-10 12:15:00,40.677334,-73.86763,0,0,Aggressive Driving/Road Rage,4446810,27.3,20.4,3.8,3.8,0.0,11.0,61,18.0,36.0,170,Rain: Light,0,0,
71266,2021-08-12 01:45:00,40.67243,-73.75637,0,0,Unsafe Lane Changing,4446487,35.2,23.1,0.0,0.0,0.0,0.0,3,21.0,47.5,220,Overcast,0,0,
71267,2021-08-12 08:45:00,40.83797,-73.87054,0,0,Unspecified,4446213,35.2,23.1,0.0,0.0,0.0,0.0,3,21.0,47.5,220,Overcast,0,0,
71268,2021-08-07 21:44:00,40.664288,-73.89196,0,0,Pedestrian/Bicyclist/Other Pedestrian Error/Confusion,4446760,29.7,19.9,0.0,0.0,0.0,0.0,3,24.2,45.0,198,Overcast,0,0,
71269,2021-08-12 16:59:00,40.69733,-73.76202,1,0,Failure to Yield Right-of-Way,4446480,35.2,23.1,0.0,0.0,0.0,0.0,3,21.0,47.5,220,Overcast,1,1,
71270,2021-08-11 17:30:00,40.74347,-74.00724,0,0,Driver Inattention/Distraction,4446395,31.2,23.2,2.8,2.8,0.0,7.0,55,23.7,44.6,206,Drizzle: Dense,0,0,
71271,2021-08-11 02:05:00,40.74486,-73.894196,0,0,Driver Inattention/Distraction,4445819,31.2,23.2,2.8,2.8,0.0,7.0,55,23.7,44.6,206,Drizzle: Dense,0,0,
71272,2021-08-13 11:40:00,40.66709,-73.76376,0,0,Following Too Closely,4447303,33.2,24.8,0.0,0.0,0.0,0.0,3,18.2,34.9,215,Overcast,0,0,
71273,2021-08-10 07:15:00,40.680115,-73.75324,2,0,Following Too Closely,4446694,27.3,20.4,3.8,3.8,0.0,11.0,61,18.0,36.0,170,Rain: Light,2,2,
71274,2021-08-12 14:00:00,40.843502,-73.93799,0,0,Passing Too Closely,4446620,35.2,23.1,0.0,0.0,0.0,0.0,3,21.0,47.5,220,Overcast,0,0,
71275,2021-08-12 10:06:00,40.756355,-73.82578,0,0,Failure to Yield Right-of-Way,4446413,35.2,23.1,0.0,0.0,0.0,0.0,3,21.0,47.5,220,Overcast,0,0,
71276,2021-08-11 16:02:00,40.66533,-73.9895,1,0,Pedestrian/Bicyclist/Other Pedestrian Error/Confusion,4446135,31.2,23.2,2.8,2.8,0.0,7.0,55,23.7,44.6,206,Drizzle: Dense,1,1,
71277,2021-08-05 11:40:00,40.712925,-73.741295,0,0,Backing Unsafely,4446876,27.1,17.4,0.1,0.1,0.0,1.0,51,13.2,27.0,5,Drizzle: Light,0,0,
71278,2021-08-11 12:35:00,40.717762,-73.91806,0,0,Failure to Yield Right-of-Way,4446039,31.2,23.2,2.8,2.8,0.0,7.0,55,23.7,44.6,206,Drizzle: Dense,0,0,
71279,2021-08-13 20:04:00,40.679203,-73.9553,0,0,Failure to Yield Right-of-Way,4446885,33.2,24.8,0.0,0.0,0.0,0.0,3,18.2,34.9,215,Overcast,0,0,
71280,2021-08-13 14:40:00,40.74369,-73.9232,0,0,Driver Inattention/Distraction,4446662,33.2,24.8,0.0,0.0,0.0,0.0,3,18.2,34.9,215,Overcast,0,0,
71281,2021-08-11 07:35:00,40.635586,-73.9778,0,0,Fell Asleep,4447014,31.2,23.2,2.8,2.8,0.0,7.0,55,23.7,44.6,206,Drizzle: Dense,0,0,
71282,2021-08-13 14:10:00,40.66685,-73.73672,0,0,Unspecified,4446679,33.2,24.8,0.0,0.0,0.0,0.0,3,18.2,34.9,215,Overcast,0,0,
71283,2021-08-06 14:00:00,40.85968,-73.90427,0,0,Turning Improperly,4446615,28.9,17.4,0.0,0.0,0.0,0.0,3,18.1,38.2,188,Overcast,0,0,
71284,2021-08-13 16:41:00,40.790314,-73.94769,1,0,Failure to Yield Right-of-Way,4446788,33.2,24.8,0.0,0.0,0.0,0.0,3,18.2,34.9,215,Overcast,1,1,
71285,2021-08-12 01:25:00,40.862812,-73.907555,2,0,Reaction to Uninvolved Vehicle,4446275,35.2,23.1,0.0,0.0,0.0,0.0,3,21.0,47.5,220,Overcast,2,2,
71286,2021-08-09 23:28:00,40.800224,-73.96119,0,0,Passing Too Closely,4446722,26.2,20.1,1.1,1.1,0.0,7.0,51,17.3,34.6,36,Drizzle: Light,0,0,
71287,2021-08-12 06:32:00,40.64503,-73.91998,0,0,Unspecified,4447150,35.2,23.1,0.0,0.0,0.0,0.0,3,21.0,47.5,220,Overcast,0,0,
71288,2021-08-08 16:30:00,40.763416,-73.92844,0,0,Unspecified,4446945,22.9,19.4,12.7,12.7,0.0,17.0,63,19.9,36.0,38,Rain: Moderate,0,0,
71289,2021-08-13 00:01:00,40.638733,-74.01337,0,0,Unspecified,4446910,33.2,24.8,0.0,0.0,0.0,0.0,3,18.2,34.9,215,Overcast,0,0,
71290,2021-07-18 00:00:00,40.75663,-73.875145,1,0,Driver Inattention/Distraction,4446741,28.4,23.1,12.4,12.4,0.0,10.0,63,19.6,39.2,232,Rain: Moderate,1,1,
71291,2021-08-02 08:00:00,40.897305,-73.86343,0,0,Driver Inattention/Distraction,4446563,26.4,17.2,0.0,0.0,0.0,0.0,3,18.4,37.4,313,Overcast,0,0,
71292,2021-08-12 12:10:00,40.666695,-73.767136,1,0,Following Too Closely,4446676,35.2,23.1,0.0,0.0,0.0,0.0,3,21.0,47.5,220,Overcast,1,1,
71293,2021-08-11 14:45:00,40.856434,-73.886826,0,0,Passing Too Closely,4446184,31.2,23.2,2.8,2.8,0.0,7.0,55,23.7,44.6,206,Drizzle: Dense,0,0,
71294,2021-08-12 08:41:00,40.622894,-73.96002,0,0,Driver Inattention/Distraction,4447048,35.2,23.1,0.0,0.0,0.0,0.0,3,21.0,47.5,220,Overcast,0,0,
71295,2021-07-31 18:55:00,40.671318,-73.890884,0,0,Unspecified,4446819,25.6,14.5,0.0,0.0,0.0,0.0,2,16.8,33.8,304,Partly cloudy,0,0,
71296,2021-08-12 16:44:00,40.687145,-73.99721,0,0,Following Too Closely,4446705,35.2,23.1,0.0,0.0,0.0,0.0,3,21.0,47.5,220,Overcast,0,0,
71297,2021-08-12 01:20:00,40.75561,-73.86714,0,0,Driver Inattention/Distraction,4446197,35.2,23.1,0.0,0.0,0.0,0.0,3,21.0,47.5,220,Overcast,0,0,
71298,2021-08-12 16:28:00,40.82663,-73.87285,1,0,Unspecified,4446544,35.2,23.1,0.0,0.0,0.0,0.0,3,21.0,47.5,220,Overcast,1,1,
71299,2021-08-12 09:00:00,40.63121,-73.964424,0,0,Unspecified,4447058,35.2,23.1,0.0,0.0,0.0,0.0,3,21.0,47.5,220,Overcast,0,0,
71300,2021-08-11 22:30:00,40.73635,-73.97502,0,0,Driver Inattention/Distraction,4446749,31.2,23.2,2.8,2.8,0.0,7.0,55,23.7,44.6,206,Drizzle: Dense,0,0,
71301,2021-08-13 01:00:00,40.695858,-73.80054,0,0,Fell Asleep,4446647,33.2,24.8,0.0,0.0,0.0,0.0,3,18.2,34.9,215,Overcast,0,0,
71302,2021-08-13 17:40:00,40.88255,-73.862206,0,0,Driver Inattention/Distraction,4447208,33.2,24.8,0.0,0.0,0.0,0.0,3,18.2,34.9,215,Overcast,0,0,
71303,2021-08-09 10:20:00,40.670734,-73.93373,0,0,Driver Inattention/Distraction,4447232,26.2,20.1,1.1,1.1,0.0,7.0,51,17.3,34.6,36,Drizzle: Light,0,0,
71304,2021-08-12 06:10:00,40.869556,-73.91521,0,0,Driver Inexperience,4446329,35.2,23.1,0.0,0.0,0.0,0.0,3,21.0,47.5,220,Overcast,0,0,
71305,2021-08-11 18:15:00,40.605427,-74.0762,0,0,Driver Inattention/Distraction,4446242,31.2,23.2,2.8,2.8,0.0,7.0,55,23.7,44.6,206,Drizzle: Dense,0,0,
71306,2021-08-13 19:15:00,40.747044,-73.889435,1,0,Driver Inexperience,4447098,33.2,24.8,0.0,0.0,0.0,0.0,3,18.2,34.9,215,Overcast,1,1,
71307,2021-08-11 15:15:00,40.719864,-73.94486,0,0,View Obstructed/Limited,4446080,31.2,23.2,2.8,2.8,0.0,7.0,55,23.7,44.6,206,Drizzle: Dense,0,0,
71308,2021-08-13 21:12:00,40.722576,-73.94049,2,0,Following Too Closely,4446997,33.2,24.8,0.0,0.0,0.0,0.0,3,18.2,34.9,215,Overcast,2,2,
71309,2021-08-07 11:30:00,40.6531,-73.88656,0,0,Unspecified,4446754,29.7,19.9,0.0,0.0,0.0,0.0,3,24.2,45.0,198,Overcast,0,0,
71310,2021-08-13 23:38:00,40.842636,-73.84561,0,0,Failure to Yield Right-of-Way,4447312,33.2,24.8,0.0,0.0,0.0,0.0,3,18.2,34.9,215,Overcast,0,0,
71311,2021-08-11 16:42:00,40.753277,-73.914764,1,0,Turning Improperly,4446967,31.2,23.2,2.8,2.8,0.0,7.0,55,23.7,44.6,206,Drizzle: Dense,1,1,
71312,2021-08-11 17:53:00,40.783928,-73.77645,0,0,Other Vehicular,4446107,31.2,23.2,2.8,2.8,0.0,7.0,55,23.7,44.6,206,Drizzle: Dense,0,0,
71313,2021-08-13 14:00:00,40.680695,-74.002975,0,0,Unspecified,4446854,33.2,24.8,0.0,0.0,0.0,0.0,3,18.2,34.9,215,Overcast,0,0,
71314,2021-08-12 07:00:00,40.645172,-74.02101,0,0,Unspecified,4446475,35.2,23.1,0.0,0.0,0.0,0.0,3,21.0,47.5,220,Overcast,0,0,
71315,2021-08-11 09:32:00,40.645775,-73.99782,0,0,Unspecified,4445990,31.2,23.2,2.8,2.8,0.0,7.0,55,23.7,44.6,206,Drizzle: Dense,0,0,
71316,2021-08-09 16:10:00,40.756996,-73.90784,0,0,Unspecified,4447370,26.2,20.1,1.1,1.1,0.0,7.0,51,17.3,34.6,36,Drizzle: Light,0,0,
71317,2021-08-12 20:50:00,40.72303,-73.944824,0,0,Driver Inattention/Distraction,4446985,35.2,23.1,0.0,0.0,0.0,0.0,3,21.0,47.5,220,Overcast,0,0,
71318,2021-08-11 17:02:00,40.605427,-74.0762,0,0,Following Too Closely,4446250,31.2,23.2,2.8,2.8,0.0,7.0,55,23.7,44.6,206,Drizzle: Dense,0,0,
71319,2021-08-13 20:46:00,40.77396,-73.91777,1,0,Unspecified,4446987,33.2,24.8,0.0,0.0,0.0,0.0,3,18.2,34.9,215,Overcast,1,1,
71320,2021-08-12 17:19:00,40.73566,-73.91521,0,0,Following Too Closely,4446603,35.2,23.1,0.0,0.0,0.0,0.0,3,21.0,47.5,220,Overcast,0,0,
71321,2021-08-11 20:25:00,40.682987,-73.75459,0,0,Unspecified,4446156,31.2,23.2,2.8,2.8,0.0,7.0,55,23.7,44.6,206,Drizzle: Dense,0,0,
71322,2021-08-11 18:50:00,40.843933,-73.913734,0,0,Unsafe Lane Changing,4446516,31.2,23.2,2.8,2.8,0.0,7.0,55,23.7,44.6,206,Drizzle: Dense,0,0,
71323,2021-08-13 06:45:00,40.652462,-73.92285,1,0,Unspecified,4447035,33.2,24.8,0.0,0.0,0.0,0.0,3,18.2,34.9,215,Overcast,1,1,
71324,2021-08-12 11:28:00,40.68651,-73.85994,3,0,Following Too Closely,4446598,35.2,23.1,0.0,0.0,0.0,0.0,3,21.0,47.5,220,Overcast,3,3,
71325,2021-08-12 08:00:00,40.71217,-73.885,2,0,Following Too Closely,4446437,35.2,23.1,0.0,0.0,0.0,0.0,3,21.0,47.5,220,Overcast,2,2,
71326,2021-08-12 16:05:00,40.73195,-73.863434,1,0,Backing Unsafely,4446491,35.2,23.1,0.0,0.0,0.0,0.0,3,21.0,47.5,220,Overcast,1,1,
71327,2021-08-11 00:15:00,40.669403,-73.94221,1,0,Failure to Yield Right-of-Way,4446083,31.2,23.2,2.8,2.8,0.0,7.0,55,23.7,44.6,206,Drizzle: Dense,1,1,
71328,2021-08-11 16:40:00,40.74306,-73.94277,0,0,Driver Inattention/Distraction,4446114,31.2,23.2,2.8,2.8,0.0,7.0,55,23.7,44.6,206,Drizzle: Dense,0,0,
71329,2021-08-11 17:29:00,40.815308,-73.88766,1,0,Drugs (illegal),4446341,31.2,23.2,2.8,2.8,0.0,7.0,55,23.7,44.6,206,Drizzle: Dense,1,1,
71330,2021-08-11 07:45:00,40.724247,-73.9755,0,0,Driver Inattention/Distraction,4446302,31.2,23.2,2.8,2.8,0.0,7.0,55,23.7,44.6,206,Drizzle: Dense,0,0,
71331,2021-08-13 00:05:00,40.718906,-73.88532,1,0,Unsafe Speed,4447144,33.2,24.8,0.0,0.0,0.0,0.0,3,18.2,34.9,215,Overcast,1,1,
71332,2021-08-13 02:13:00,40.599174,-73.95335,0,0,Unspecified,4446520,33.2,24.8,0.0,0.0,0.0,0.0,3,18.2,34.9,215,Overcast,0,0,
71333,2021-08-09 20:17:00,40.660797,-73.87183,0,0,Unspecified,4446630,26.2,20.1,1.1,1.1,0.0,7.0,51,17.3,34.6,36,Drizzle: Light,0,0,
71334,2021-08-11 07:00:00,40.706966,-73.75283,0,0,Driver Inexperience,4445983,31.2,23.2,2.8,2.8,0.0,7.0,55,23.7,44.6,206,Drizzle: Dense,0,0,
71335,2021-08-08 13:51:00,40.67273,-73.8961,0,0,Unspecified,4446783,22.9,19.4,12.7,12.7,0.0,17.0,63,19.9,36.0,38,Rain: Moderate,0,0,
71336,2021-08-13 20:52:00,40.725582,-73.989876,0,0,Other Vehicular,4447007,33.2,24.8,0.0,0.0,0.0,0.0,3,18.2,34.9,215,Overcast,0,0,
71337,2021-06-28 17:00:00,40.672222,-73.96497,0,0,Backing Unsafely,4447236,32.3,22.9,0.0,0.0,0.0,0.0,3,20.0,37.8,212,Overcast,0,0,
71338,2021-08-13 13:45:00,40.695698,-73.845024,0,0,Passing or Lane Usage Improper,4446652,33.2,24.8,0.0,0.0,0.0,0.0,3,18.2,34.9,215,Overcast,0,0,
71339,2021-08-11 23:00:00,40.60235,-74.189644,0,0,Pavement Slippery,4446203,31.2,23.2,2.8,2.8,0.0,7.0,55,23.7,44.6,206,Drizzle: Dense,0,0,
71340,2021-08-04 20:32:00,40.871002,-73.893845,1,0,Driver Inattention/Distraction,4446659,24.3,17.5,0.1,0.1,0.0,1.0,51,13.7,27.4,57,Drizzle: Light,1,1,
71341,2021-08-08 21:00:00,40.651863,-73.86536,0,0,Unspecified,4446773,22.9,19.4,12.7,12.7,0.0,17.0,63,19.9,36.0,38,Rain: Moderate,0,0,
71342,2021-08-13 16:25:00,40.856625,-73.93936,0,0,Unspecified,4447174,33.2,24.8,0.0,0.0,0.0,0.0,3,18.2,34.9,215,Overcast,0,0,
71343,2021-08-11 20:28:00,40.66349,-73.87921,1,0,Unspecified,4446548,31.2,23.2,2.8,2.8,0.0,7.0,55,23.7,44.6,206,Drizzle: Dense,1,1,
71344,2021-08-13 02:48:00,40.686905,-73.82146,0,0,Driver Inattention/Distraction,4446861,33.2,24.8,0.0,0.0,0.0,0.0,3,18.2,34.9,215,Overcast,0,0,
71345,2021-08-13 16:50:00,40.759525,-73.883255,5,0,Traffic Control Disregarded,4446737,33.2,24.8,0.0,0.0,0.0,0.0,3,18.2,34.9,215,Overcast,5,5,
71346,2021-08-11 13:00:00,40.61546,-73.99627,0,0,Following Too Closely,4446030,31.2,23.2,2.8,2.8,0.0,7.0,55,23.7,44.6,206,Drizzle: Dense,0,0,