,CRASH DATETIME,LATITUDE,LONGITUDE,NUMBER OF PERSONS INJURED,NUMBER OF PERSONS KILLED,CONTRIBUTING FACTOR VEHICLE 1,COLLISION_ID,temperature_2m_max,temperature_2m_min,precipitation_sum,rain_sum,snowfall_sum,precipitation_hours,weather_code,wind_speed_10m_max,wind_gusts_10m_max,wind_direction_10m_dominant,Weather Description,Severity_Score,Total_Affected_Persons,Weather_Category
71347,2021-08-04 14:57:00,40.632626,-73.97207,0,0,Unspecified,4447041,24.3,17.5,0.1,0.1,0.0,1.0,51,13.7,27.4,57,Drizzle: Light,0,0,
71348,2021-08-12 20:43:00,40.849144,-73.93548,0,0,Passing Too Closely,4446525,35.2,23.1,0.0,0.0,0.0,0.0,3,21.0,47.5,220,Overcast,0,0,
71349,2021-08-13 11:00:00,40.770054,-73.914406,0,0,Unspecified,4446981,33.2,24.8,0.0,0.0,0.0,0.0,3,18.2,34.9,215,Overcast,0,0,
71350,2021-08-08 22:20:00,40.665718,-73.95687,1,0,Traffic Control Disregarded,4446882,22.9,19.4,12.7,12.7,0.0,17.0,63,19.9,36.0,38,Rain: Moderate,1,1,
71351,2021-08-11 00:00:00,40.66841,-73.90167,1,0,,4446815,31.2,23.2,2.8,2.8,0.0,7.0,55,23.7,44.6,206,Drizzle: Dense,1,1,
71352,2021-08-12 08:41:00,40.82391,-73.94244,0,0,Driver Inattention/Distraction,4446255,35.2,23.1,0.0,0.0,0.0,0.0,3,21.0,47.5,220,Overcast,0,0,
71353,2021-08-09 04:27:00,40.656693,-73.89464,0,0,Driver Inattention/Distraction,4446800,26.2,20.1,1.1,1.1,0.0,7.0,51,17.3,34.6,36,Drizzle: Light,0,0,
71354,2021-08-11 01:02:00,40.836845,-73.86338,0,0,Failure to Yield Right-of-Way,4445935,31.2,23.2,2.8,2.8,0.0,7.0,55,23.7,44.6,206,Drizzle: Dense,0,0,
71355,2021-08-11 04:46:00,40.65495,-73.95001,0,0,Unspecified,4447020,31.2,23.2,2.8,2.8,0.0,7.0,55,23.7,44.6,206,Drizzle: Dense,0,0,
71356,2021-08-11 18:30:00,40.66848,-73.95343,0,0,Passing Too Closely,4446122,31.2,23.2,2.8,2.8,0.0,7.0,55,23.7,44.6,206,Drizzle: Dense,0,0,
71357,2021-08-12 07:15:00,0.0,0.0,1,0,Failure to Yield Right-of-Way,4446300,35.2,23.1,0.0,0.0,0.0,0.0,3,21.0,47.5,220,Overcast,1,1,
71358,2021-08-13 08:48:00,40.654747,-73.97805,0,0,Unspecified,4446575,33.2,24.8,0.0,0.0,0.0,0.0,3,18.2,34.9,215,Overcast,0,0,
71359,2021-08-12 22:18:00,40.649128,-73.976616,1,0,Alcohol Involvement,4446495,35.2,23.1,0.0,0.0,0.0,0.0,3,21.0,47.5,220,Overcast,1,1,
71360,2021-08-08 01:20:00,40.67994,-73.88468,0,0,Unspecified,4446635,22.9,19.4,12.7,12.7,0.0,17.0,63,19.9,36.0,38,Rain: Moderate,0,0,
71361,2021-08-08 04:35:00,40.655983,-73.897575,0,0,Alcohol Involvement,4446768,22.9,19.4,12.7,12.7,0.0,17.0,63,19.9,36.0,38,Rain: Moderate,0,0,
71362,2021-08-09 14:25:00,40.665245,-73.87513,1,0,Failure to Yield Right-of-Way,4446795,26.2,20.1,1.1,1.1,0.0,7.0,51,17.3,34.6,36,Drizzle: Light,1,1,
71363,2021-08-11 13:35:00,40.65993,-73.891655,1,0,Following Too Closely,4446814,31.2,23.2,2.8,2.8,0.0,7.0,55,23.7,44.6,206,Drizzle: Dense,1,1,
71364,2021-08-11 20:50:00,40.815403,-73.93992,0,0,Passing Too Closely,4446240,31.2,23.2,2.8,2.8,0.0,7.0,55,23.7,44.6,206,Drizzle: Dense,0,0,
71365,2021-12-12 00:37:00,40.639057,-73.919334,5,0,Unspecified,4485496,13.0,3.4,0.5,0.5,0.0,1.0,53,32.4,62.6,284,Drizzle: Moderate,5,5,
71366,2021-08-13 18:41:00,40.615257,-73.91851,0,0,Failure to Yield Right-of-Way,4446686,33.2,24.8,0.0,0.0,0.0,0.0,3,18.2,34.9,215,Overcast,0,0,
71367,2021-08-11 14:30:00,40.668648,-73.92835,1,0,Driver Inattention/Distraction,4446072,31.2,23.2,2.8,2.8,0.0,7.0,55,23.7,44.6,206,Drizzle: Dense,1,1,
71368,2021-08-13 18:40:00,40.664967,-73.882454,2,0,Unspecified,4447275,33.2,24.8,0.0,0.0,0.0,0.0,3,18.2,34.9,215,Overcast,2,2,
71369,2021-08-12 07:15:00,40.71604,-73.76119,0,0,Unsafe Speed,4446423,35.2,23.1,0.0,0.0,0.0,0.0,3,21.0,47.5,220,Overcast,0,0,
71370,2021-08-12 23:01:00,40.79856,-73.96336,0,0,Driver Inattention/Distraction,4446654,35.2,23.1,0.0,0.0,0.0,0.0,3,21.0,47.5,220,Overcast,0,0,
71371,2021-08-11 11:40:00,40.83829,-73.930016,0,0,Passing or Lane Usage Improper,4446400,31.2,23.2,2.8,2.8,0.0,7.0,55,23.7,44.6,206,Drizzle: Dense,0,0,
71372,2021-08-13 15:37:00,40.59616,-73.96104,0,0,Passing or Lane Usage Improper,4446835,33.2,24.8,0.0,0.0,0.0,0.0,3,18.2,34.9,215,Overcast,0,0,
71373,2021-08-12 21:30:00,40.7174,-73.762215,0,0,Driver Inattention/Distraction,4446639,35.2,23.1,0.0,0.0,0.0,0.0,3,21.0,47.5,220,Overcast,0,0,
71374,2021-08-11 20:00:00,40.59654,-73.93538,1,0,Following Too Closely,4446166,31.2,23.2,2.8,2.8,0.0,7.0,55,23.7,44.6,206,Drizzle: Dense,1,1,
71375,2021-08-11 15:40:00,40.686237,-73.86423,0,0,Unspecified,4446552,31.2,23.2,2.8,2.8,0.0,7.0,55,23.7,44.6,206,Drizzle: Dense,0,0,
71376,2021-08-05 05:23:00,40.817116,-73.88307,1,0,Unspecified,4446753,27.1,17.4,0.1,0.1,0.0,1.0,51,13.2,27.0,5,Drizzle: Light,1,1,
71377,2021-08-13 18:35:00,40.641018,-73.894936,0,0,Unspecified,4446732,33.2,24.8,0.0,0.0,0.0,0.0,3,18.2,34.9,215,Overcast,0,0,
71378,2021-08-11 22:48:00,40.70395,-73.745316,3,0,Failure to Yield Right-of-Way,4446144,31.2,23.2,2.8,2.8,0.0,7.0,55,23.7,44.6,206,Drizzle: Dense,3,3,
71379,2021-08-13 17:30:00,40.7462,-73.73563,0,0,Unspecified,4446671,33.2,24.8,0.0,0.0,0.0,0.0,3,18.2,34.9,215,Overcast,0,0,
71380,2021-08-13 15:54:00,40.837643,-73.90334,0,0,Cell Phone (hand-Held),4446932,33.2,24.8,0.0,0.0,0.0,0.0,3,18.2,34.9,215,Overcast,0,0,
71381,2021-08-11 20:56:00,40.73875,-74.00387,0,0,Failure to Yield Right-of-Way,4446962,31.2,23.2,2.8,2.8,0.0,7.0,55,23.7,44.6,206,Drizzle: Dense,0,0,
71382,2021-08-11 20:53:00,40.853813,-73.90734,1,0,Driver Inattention/Distraction,4446715,31.2,23.2,2.8,2.8,0.0,7.0,55,23.7,44.6,206,Drizzle: Dense,1,1,
71383,2021-08-09 19:20:00,40.67386,-73.88259,1,0,Passing or Lane Usage Improper,4446779,26.2,20.1,1.1,1.1,0.0,7.0,51,17.3,34.6,36,Drizzle: Light,1,1,
71384,2021-08-13 16:11:00,40.626457,-73.918,1,0,Unspecified,4446684,33.2,24.8,0.0,0.0,0.0,0.0,3,18.2,34.9,215,Overcast,1,1,
71385,2021-08-10 13:20:00,40.664547,-73.935486,1,0,Driver Inattention/Distraction,4447070,27.3,20.4,3.8,3.8,0.0,11.0,61,18.0,36.0,170,Rain: Light,1,1,
71386,2021-08-12 12:46:00,40.692383,-73.93614,0,0,Lost Consciousness,4446372,35.2,23.1,0.0,0.0,0.0,0.0,3,21.0,47.5,220,Overcast,0,0,
71387,2021-08-12 00:37:00,40.693874,-73.91777,0,0,Reaction to Uninvolved Vehicle,4446172,35.2,23.1,0.0,0.0,0.0,0.0,3,21.0,47.5,220,Overcast,0,0,
71388,2021-07-28 16:00:00,40.85236,-73.88443,0,0,Driver Inattention/Distraction,4446557,26.7,20.2,0.7,0.7,0.0,3.0,53,16.7,34.2,1,Drizzle: Moderate,0,0,
71389,2021-08-13 15:45:00,40.67601,-73.88567,0,0,Traffic Control Disregarded,4447270,33.2,24.8,0.0,0.0,0.0,0.0,3,18.2,34.9,215,Overcast,0,0,
71390,2021-08-13 08:50:00,40.745506,-73.852585,1,0,Following Too Closely,4447093,33.2,24.8,0.0,0.0,0.0,0.0,3,18.2,34.9,215,Overcast,1,1,
71391,2021-08-12 13:20:00,40.78919,-73.93902,0,0,Unspecified,4446787,35.2,23.1,0.0,0.0,0.0,0.0,3,21.0,47.5,220,Overcast,0,0,
71392,2021-08-12 19:50:00,40.77566,-73.92158,0,0,Unspecified,4446977,35.2,23.1,0.0,0.0,0.0,0.0,3,21.0,47.5,220,Overcast,0,0,
71393,2021-08-13 17:00:00,40.87829,-73.87006,1,0,Other Vehicular,4447185,33.2,24.8,0.0,0.0,0.0,0.0,3,18.2,34.9,215,Overcast,1,1,
71394,2021-08-12 15:15:00,40.610046,-73.7536,0,0,Unspecified,4446706,35.2,23.1,0.0,0.0,0.0,0.0,3,21.0,47.5,220,Overcast,0,0,
71395,2021-08-11 21:10:00,40.81655,-73.91955,1,0,Unspecified,4446502,31.2,23.2,2.8,2.8,0.0,7.0,55,23.7,44.6,206,Drizzle: Dense,1,1,
71396,2021-08-10 20:00:00,40.61643,-73.958786,0,0,Driver Inattention/Distraction,4447047,27.3,20.4,3.8,3.8,0.0,11.0,61,18.0,36.0,170,Rain: Light,0,0,
71397,2021-08-11 09:10:00,40.673164,-73.90485,0,0,Passing or Lane Usage Improper,4446063,31.2,23.2,2.8,2.8,0.0,7.0,55,23.7,44.6,206,Drizzle: Dense,0,0,
71398,2021-08-12 08:50:00,40.68683,-73.79996,0,0,Passing Too Closely,4446485,35.2,23.1,0.0,0.0,0.0,0.0,3,21.0,47.5,220,Overcast,0,0,
71399,2021-08-11 10:09:00,40.834984,-73.86306,1,0,Unspecified,4446020,31.2,23.2,2.8,2.8,0.0,7.0,55,23.7,44.6,206,Drizzle: Dense,1,1,
71400,2021-08-12 17:11:00,40.801235,-73.941826,3,0,Driver Inattention/Distraction,4446432,35.2,23.1,0.0,0.0,0.0,0.0,3,21.0,47.5,220,Overcast,3,3,
71401,2021-08-12 08:00:00,40.865997,-73.89981,2,0,Unspecified,4446265,35.2,23.1,0.0,0.0,0.0,0.0,3,21.0,47.5,220,Overcast,2,2,
71402,2021-08-13 13:20:00,40.752316,-73.8324,1,0,Passing Too Closely,4446874,33.2,24.8,0.0,0.0,0.0,0.0,3,18.2,34.9,215,Overcast,1,1,
71403,2021-08-06 11:25:00,40.87303,-73.85656,4,0,Driver Inattention/Distraction,4446540,28.9,17.4,0.0,0.0,0.0,0.0,3,18.1,38.2,188,Overcast,4,4,
71404,2021-08-13 03:05:00,40.7568,-73.873665,2,0,Driver Inattention/Distraction,4446579,33.2,24.8,0.0,0.0,0.0,0.0,3,18.2,34.9,215,Overcast,2,2,
71405,2021-08-11 12:00:00,40.63512,-73.929634,0,0,Turning Improperly,4446096,31.2,23.2,2.8,2.8,0.0,7.0,55,23.7,44.6,206,Drizzle: Dense,0,0,
71406,2021-08-11 16:32:00,40.65431,-73.90975,0,0,Unspecified,4446186,31.2,23.2,2.8,2.8,0.0,7.0,55,23.7,44.6,206,Drizzle: Dense,0,0,
71407,2021-08-12 23:27:00,40.71585,-73.81183,0,0,Unspecified,4446590,35.2,23.1,0.0,0.0,0.0,0.0,3,21.0,47.5,220,Overcast,0,0,
71408,2021-08-12 09:45:00,40.829647,-73.94439,0,0,Passing or Lane Usage Improper,4446293,35.2,23.1,0.0,0.0,0.0,0.0,3,21.0,47.5,220,Overcast,0,0,
71409,2021-08-11 16:29:00,40.69373,-73.963135,0,0,Reaction to Uninvolved Vehicle,4446222,31.2,23.2,2.8,2.8,0.0,7.0,55,23.7,44.6,206,Drizzle: Dense,0,0,
71410,2021-08-12 19:15:00,40.645863,-73.95097,1,0,View Obstructed/Limited,4447025,35.2,23.1,0.0,0.0,0.0,0.0,3,21.0,47.5,220,Overcast,1,1,
71411,2021-08-13 10:37:00,40.611305,-74.14121,2,0,Driver Inattention/Distraction,4446607,33.2,24.8,0.0,0.0,0.0,0.0,3,18.2,34.9,215,Overcast,2,2,
71412,2021-07-14 15:00:00,40.72576,-73.90421,0,0,Unspecified,4447131,30.6,21.5,0.8,0.8,0.0,3.0,53,14.5,36.0,191,Drizzle: Moderate,0,0,
71413,2021-08-13 15:13:00,40.705666,-73.818474,0,0,Unsafe Lane Changing,4447114,33.2,24.8,0.0,0.0,0.0,0.0,3,18.2,34.9,215,Overcast,0,0,
71414,2021-08-11 00:00:00,40.60927,-74.1513,0,0,Driver Inattention/Distraction,4446002,31.2,23.2,2.8,2.8,0.0,7.0,55,23.7,44.6,206,Drizzle: Dense,0,0,
71415,2021-08-11 05:18:00,40.669476,-73.919975,2,0,Unspecified,4445908,31.2,23.2,2.8,2.8,0.0,7.0,55,23.7,44.6,206,Drizzle: Dense,2,2,
71416,2021-08-11 19:10:00,40.74925,-73.916534,1,0,Driver Inattention/Distraction,4446128,31.2,23.2,2.8,2.8,0.0,7.0,55,23.7,44.6,206,Drizzle: Dense,1,1,
71417,2021-08-07 17:00:00,40.679737,-73.878395,0,0,Driver Inattention/Distraction,4446765,29.7,19.9,0.0,0.0,0.0,0.0,3,24.2,45.0,198,Overcast,0,0,
71418,2021-08-11 14:35:00,40.856987,-73.90897,2,0,Driver Inattention/Distraction,4446192,31.2,23.2,2.8,2.8,0.0,7.0,55,23.7,44.6,206,Drizzle: Dense,2,2,
71419,2021-08-11 13:40:00,40.732243,-73.87013,0,0,Unspecified,4446406,31.2,23.2,2.8,2.8,0.0,7.0,55,23.7,44.6,206,Drizzle: Dense,0,0,
71420,2021-08-11 21:25:00,40.76834,-73.84576,0,0,Unspecified,4446418,31.2,23.2,2.8,2.8,0.0,7.0,55,23.7,44.6,206,Drizzle: Dense,0,0,
71421,2021-08-12 17:00:00,40.81914,-73.93719,0,0,Failure to Yield Right-of-Way,4446622,35.2,23.1,0.0,0.0,0.0,0.0,3,21.0,47.5,220,Overcast,0,0,
71422,2021-08-13 15:43:00,40.701103,-73.92239,1,0,Driver Inattention/Distraction,4446699,33.2,24.8,0.0,0.0,0.0,0.0,3,18.2,34.9,215,Overcast,1,1,
71423,2021-08-11 21:40:00,40.729572,-73.83383,3,0,Driver Inattention/Distraction,4446354,31.2,23.2,2.8,2.8,0.0,7.0,55,23.7,44.6,206,Drizzle: Dense,3,3,
71424,2021-08-13 14:15:00,40.75591,-73.99448,1,0,Driver Inattention/Distraction,4446916,33.2,24.8,0.0,0.0,0.0,0.0,3,18.2,34.9,215,Overcast,1,1,
71425,2021-08-11 15:47:00,40.58406,-73.96901,0,0,Following Too Closely,4446667,31.2,23.2,2.8,2.8,0.0,7.0,55,23.7,44.6,206,Drizzle: Dense,0,0,
71426,2021-08-11 19:05:00,40.70863,-73.95401,0,0,Unsafe Speed,4447079,31.2,23.2,2.8,2.8,0.0,7.0,55,23.7,44.6,206,Drizzle: Dense,0,0,
71427,2021-08-12 13:34:00,40.726593,-73.752396,0,0,Unspecified,4446448,35.2,23.1,0.0,0.0,0.0,0.0,3,21.0,47.5,220,Overcast,0,0,
71428,2021-08-10 17:00:00,40.67994,-73.941216,1,0,Passing or Lane Usage Improper,4447228,27.3,20.4,3.8,3.8,0.0,11.0,61,18.0,36.0,170,Rain: Light,1,1,
71429,2021-08-08 18:00:00,40.77347,-73.91708,0,0,Unspecified,4446950,22.9,19.4,12.7,12.7,0.0,17.0,63,19.9,36.0,38,Rain: Moderate,0,0,
71430,2021-08-07 16:45:00,40.720303,-73.732346,0,0,Driver Inattention/Distraction,4446744,29.7,19.9,0.0,0.0,0.0,0.0,3,24.2,45.0,198,Overcast,0,0,
71431,2021-08-12 07:00:00,40.668682,-73.89987,2,0,Traffic Control Device Improper/Non-Working,4446729,35.2,23.1,0.0,0.0,0.0,0.0,3,21.0,47.5,220,Overcast,2,2,
71432,2021-08-11 08:15:00,40.66169,-73.96143,0,0,Other Vehicular,4446137,31.2,23.2,2.8,2.8,0.0,7.0,55,23.7,44.6,206,Drizzle: Dense,0,0,
71433,2021-08-12 22:03:00,40.610428,-73.97219,0,0,Driver Inattention/Distraction,4447006,35.2,23.1,0.0,0.0,0.0,0.0,3,21.0,47.5,220,Overcast,0,0,
71434,2021-08-11 10:22:00,40.695377,-73.94921,1,0,Pedestrian/Bicyclist/Other Pedestrian Error/Confusion,4447160,31.2,23.2,2.8,2.8,0.0,7.0,55,23.7,44.6,206,Drizzle: Dense,1,1,
71435,2021-08-12 17:04:00,40.6981,-73.92517,0,0,Passing or Lane Usage Improper,4446467,35.2,23.1,0.0,0.0,0.0,0.0,3,21.0,47.5,220,Overcast,0,0,
71436,2021-08-12 12:13:00,40.67151,-73.76455,0,0,Aggressive Driving/Road Rage,4446481,35.2,23.1,0.0,0.0,0.0,0.0,3,21.0,47.5,220,Overcast,0,0,
71437,2021-08-13 12:00:00,40.65289,-73.866745,0,0,Traffic Control Disregarded,4446822,33.2,24.8,0.0,0.0,0.0,0.0,3,18.2,34.9,215,Overcast,0,0,
71438,2021-12-10 08:15:00,40.817993,-73.93804,0,0,Turning Improperly,4486496,8.5,1.6,0.0,0.0,0.0,0.0,3,9.8,20.5,183,Overcast,0,0,
71439,2021-08-12 17:05:00,40.629597,-73.97578,0,0,Unspecified,4447056,35.2,23.1,0.0,0.0,0.0,0.0,3,21.0,47.5,220,Overcast,0,0,
71440,2021-08-11 08:50:00,40.667953,-73.87007,0,0,Unspecified,4446636,31.2,23.2,2.8,2.8,0.0,7.0,55,23.7,44.6,206,Drizzle: Dense,0,0,
71441,2021-08-12 18:10:00,40.638344,-74.13555,3,0,Traffic Control Disregarded,4446496,35.2,23.1,0.0,0.0,0.0,0.0,3,21.0,47.5,220,Overcast,3,3,
71442,2021-07-23 16:40:00,40.681446,-73.94644,0,0,Failure to Yield Right-of-Way,4447229,26.2,17.3,0.0,0.0,0.0,0.0,1,11.3,27.0,340,Mainly clear,0,0,Sunny/Clear Conditions
71443,2021-08-11 13:00:00,40.72861,-73.88721,1,0,Fell Asleep,4446044,31.2,23.2,2.8,2.8,0.0,7.0,55,23.7,44.6,206,Drizzle: Dense,1,1,
71444,2021-08-12 13:00:00,40.677574,-73.95548,1,0,Backing Unsafely,4447231,35.2,23.1,0.0,0.0,0.0,0.0,3,21.0,47.5,220,Overcast,1,1,
71445,2021-08-11 08:30:00,40.608955,-74.11327,0,0,Backing Unsafely,4446244,31.2,23.2,2.8,2.8,0.0,7.0,55,23.7,44.6,206,Drizzle: Dense,0,0,
71446,2021-08-11 14:14:00,40.715984,-74.010254,0,0,Unspecified,4446029,31.2,23.2,2.8,2.8,0.0,7.0,55,23.7,44.6,206,Drizzle: Dense,0,0,
71447,2021-08-11 07:56:00,40.71082,-73.73179,1,0,Driver Inattention/Distraction,4446089,31.2,23.2,2.8,2.8,0.0,7.0,55,23.7,44.6,206,Drizzle: Dense,1,1,
71448,2021-08-12 20:58:00,40.688732,-73.928795,0,0,Driver Inattention/Distraction,4447195,35.2,23.1,0.0,0.0,0.0,0.0,3,21.0,47.5,220,Overcast,0,0,
71449,2021-08-13 07:20:00,40.83923,-73.92579,0,0,Accelerator Defective,4446594,33.2,24.8,0.0,0.0,0.0,0.0,3,18.2,34.9,215,Overcast,0,0,
71450,2021-08-12 00:00:00,40.820095,-73.81086,0,0,Failure to Yield Right-of-Way,4447310,35.2,23.1,0.0,0.0,0.0,0.0,3,21.0,47.5,220,Overcast,0,0,
71451,2021-08-11 20:00:00,40.7537,-73.99309,1,0,Driver Inattention/Distraction,4446312,31.2,23.2,2.8,2.8,0.0,7.0,55,23.7,44.6,206,Drizzle: Dense,1,1,
71452,2021-08-13 07:30:00,40.87733,-73.88532,1,0,Failure to Yield Right-of-Way,4446611,33.2,24.8,0.0,0.0,0.0,0.0,3,18.2,34.9,215,Overcast,1,1,
71453,2021-08-07 15:02:00,40.71289,-73.90598,0,0,Passing or Lane Usage Improper,4447139,29.7,19.9,0.0,0.0,0.0,0.0,3,24.2,45.0,198,Overcast,0,0,
71454,2021-08-09 22:30:00,40.697796,-73.7487,0,0,Passing Too Closely,4447359,26.2,20.1,1.1,1.1,0.0,7.0,51,17.3,34.6,36,Drizzle: Light,0,0,
71455,2021-07-30 12:00:00,40.84373,-73.90858,0,0,Failure to Yield Right-of-Way,4447354,27.6,19.1,0.0,0.0,0.0,0.0,1,24.2,45.7,310,Mainly clear,0,0,Sunny/Clear Conditions
71456,2021-08-13 05:50:00,40.839767,-73.94073,1,0,Alcohol Involvement,4446562,33.2,24.8,0.0,0.0,0.0,0.0,3,18.2,34.9,215,Overcast,1,1,
71457,2021-08-10 00:00:00,40.65802,-73.88248,1,0,Other Vehicular,4446803,27.3,20.4,3.8,3.8,0.0,11.0,61,18.0,36.0,170,Rain: Light,1,1,
71458,2021-08-08 14:19:00,40.844975,-73.91877,1,0,Following Too Closely,4447031,22.9,19.4,12.7,12.7,0.0,17.0,63,19.9,36.0,38,Rain: Moderate,1,1,
71459,2021-08-07 19:10:00,40.684956,-73.86761,1,0,Unspecified,4446761,29.7,19.9,0.0,0.0,0.0,0.0,3,24.2,45.0,198,Overcast,1,1,
71460,2021-08-12 01:29:00,40.673786,-73.76381,0,0,Following Too Closely,4446486,35.2,23.1,0.0,0.0,0.0,0.0,3,21.0,47.5,220,Overcast,0,0,
71461,2021-08-12 12:15:00,40.79799,-73.96199,0,0,Passing Too Closely,4446362,35.2,23.1,0.0,0.0,0.0,0.0,3,21.0,47.5,220,Overcast,0,0,
71462,2021-08-11 18:15:00,40.638218,-74.14379,0,0,Unsafe Lane Changing,4446515,31.2,23.2,2.8,2.8,0.0,7.0,55,23.7,44.6,206,Drizzle: Dense,0,0,
71463,2021-08-11 13:28:00,40.852703,-73.921844,0,0,Failure to Yield Right-of-Way,4446176,31.2,23.2,2.8,2.8,0.0,7.0,55,23.7,44.6,206,Drizzle: Dense,0,0,
71464,2021-08-12 09:00:00,40.74898,-73.93969,0,0,Unspecified,4446410,35.2,23.1,0.0,0.0,0.0,0.0,3,21.0,47.5,220,Overcast,0,0,
71465,2021-08-11 00:07:00,40.697857,-73.80417,0,0,Driver Inattention/Distraction,4446414,31.2,23.2,2.8,2.8,0.0,7.0,55,23.7,44.6,206,Drizzle: Dense,0,0,
71466,2021-08-11 00:50:00,40.615932,-73.95673,0,0,Unspecified,4445832,31.2,23.2,2.8,2.8,0.0,7.0,55,23.7,44.6,206,Drizzle: Dense,0,0,
71467,2021-08-11 16:00:00,40.833065,-73.85974,0,0,Other Vehicular,4446202,31.2,23.2,2.8,2.8,0.0,7.0,55,23.7,44.6,206,Drizzle: Dense,0,0,
71468,2021-07-14 19:55:00,40.872314,-73.91274,1,0,Driver Inattention/Distraction,4447161,30.6,21.5,0.8,0.8,0.0,3.0,53,14.5,36.0,191,Drizzle: Moderate,1,1,
71469,2021-08-12 08:12:00,40.8283,-73.88296,0,0,Turning Improperly,4446214,35.2,23.1,0.0,0.0,0.0,0.0,3,21.0,47.5,220,Overcast,0,0,
71470,2021-08-10 12:00:00,40.661835,-73.893105,3,0,Following Too Closely,4446530,27.3,20.4,3.8,3.8,0.0,11.0,61,18.0,36.0,170,Rain: Light,3,3,
71471,2021-10-15 16:25:00,40.6289252,-74.124365,0,0,Driver Inattention/Distraction,4467888,25.0,14.5,0.0,0.0,0.0,0.0,3,16.8,28.4,182,Overcast,0,0,
71472,2021-08-12 17:43:00,40.70623,-74.00317,1,0,Unspecified,4446444,35.2,23.1,0.0,0.0,0.0,0.0,3,21.0,47.5,220,Overcast,1,1,
71473,2021-08-12 15:55:00,40.896526,-73.855644,0,0,Following Too Closely,4446547,35.2,23.1,0.0,0.0,0.0,0.0,3,21.0,47.5,220,Overcast,0,0,
71474,2021-08-11 15:25:00,40.64491,-73.95256,4,0,Failure to Yield Right-of-Way,4446134,31.2,23.2,2.8,2.8,0.0,7.0,55,23.7,44.6,206,Drizzle: Dense,4,4,
71475,2021-08-09 09:23:00,40.685463,-73.93257,1,0,Driver Inattention/Distraction,4447171,26.2,20.1,1.1,1.1,0.0,7.0,51,17.3,34.6,36,Drizzle: Light,1,1,
71476,2021-08-12 08:00:00,40.635494,-74.00957,1,0,Backing Unsafely,4446331,35.2,23.1,0.0,0.0,0.0,0.0,3,21.0,47.5,220,Overcast,1,1,
71477,2021-08-13 09:00:00,40.73973,-73.70625,0,0,Failure to Yield Right-of-Way,4446626,33.2,24.8,0.0,0.0,0.0,0.0,3,18.2,34.9,215,Overcast,0,0,
71478,2021-08-13 13:00:00,40.737164,-73.905624,0,0,Driver Inattention/Distraction,4446663,33.2,24.8,0.0,0.0,0.0,0.0,3,18.2,34.9,215,Overcast,0,0,
71479,2021-08-11 09:30:00,40.6184,-74.08574,0,0,Driver Inattention/Distraction,4447084,31.2,23.2,2.8,2.8,0.0,7.0,55,23.7,44.6,206,Drizzle: Dense,0,0,
71480,2021-08-13 10:44:00,40.658546,-73.99634,0,0,Unspecified,4446912,33.2,24.8,0.0,0.0,0.0,0.0,3,18.2,34.9,215,Overcast,0,0,
71481,2021-08-12 17:00:00,40.71734,-73.79736,1,0,Driver Inattention/Distraction,4446589,35.2,23.1,0.0,0.0,0.0,0.0,3,21.0,47.5,220,Overcast,1,1,
71482,2021-08-13 15:40:00,40.68187,-73.955826,0,0,Following Too Closely,4447224,33.2,24.8,0.0,0.0,0.0,0.0,3,18.2,34.9,215,Overcast,0,0,
71483,2021-08-13 14:30:00,40.818718,-73.915855,0,0,Alcohol Involvement,4446847,33.2,24.8,0.0,0.0,0.0,0.0,3,18.2,34.9,215,Overcast,0,0,
71484,2021-08-13 15:00:00,40.794735,-73.96988,0,0,Failure to Yield Right-of-Way,4446723,33.2,24.8,0.0,0.0,0.0,0.0,3,18.2,34.9,215,Overcast,0,0,
71485,2021-08-13 10:00:00,40.638134,-73.98672,1,0,Unspecified,4447012,33.2,24.8,0.0,0.0,0.0,0.0,3,18.2,34.9,215,Overcast,1,1,
71486,2021-08-11 23:28:00,40.7603,-73.99499,0,0,Passing or Lane Usage Improper,4446153,31.2,23.2,2.8,2.8,0.0,7.0,55,23.7,44.6,206,Drizzle: Dense,0,0,
71487,2021-08-12 17:04:00,40.695282,-73.92576,0,0,Driver Inexperience,4446463,35.2,23.1,0.0,0.0,0.0,0.0,3,21.0,47.5,220,Overcast,0,0,
71488,2021-08-11 09:00:00,40.68372,-74.00334,0,0,Driver Inattention/Distraction,4447399,31.2,23.2,2.8,2.8,0.0,7.0,55,23.7,44.6,206,Drizzle: Dense,0,0,
71489,2021-08-13 09:30:00,40.74045,-73.844376,0,0,Passing or Lane Usage Improper,4446604,33.2,24.8,0.0,0.0,0.0,0.0,3,18.2,34.9,215,Overcast,0,0,
71490,2021-08-12 10:30:00,40.75706,-73.83014,0,0,Unspecified,4446584,35.2,23.1,0.0,0.0,0.0,0.0,3,21.0,47.5,220,Overcast,0,0,
71491,2021-08-13 19:30:00,40.67776,-73.89349,1,0,Traffic Control Disregarded,4446826,33.2,24.8,0.0,0.0,0.0,0.0,3,18.2,34.9,215,Overcast,1,1,
71492,2021-08-13 17:25:00,40.693172,-73.94878,0,0,Passing Too Closely,4447235,33.2,24.8,0.0,0.0,0.0,0.0,3,18.2,34.9,215,Overcast,0,0,
71493,2021-08-12 12:37:00,40.6491,-73.94649,1,0,Lost Consciousness,4447022,35.2,23.1,0.0,0.0,0.0,0.0,3,21.0,47.5,220,Overcast,1,1,