,CRASH DATETIME,LATITUDE,LONGITUDE,NUMBER OF PERSONS INJURED,NUMBER OF PERSONS KILLED,CONTRIBUTING FACTOR VEHICLE 1,COLLISION_ID,temperature_2m_max,temperature_2m_min,precipitation_sum,rain_sum,snowfall_sum,precipitation_hours,weather_code,wind_speed_10m_max,wind_gusts_10m_max,wind_direction_10m_dominant,Weather Description,Severity_Score,Total_Affected_Persons,Weather_Category
71494,2021-08-13 01:22:00,40.651005,-73.94571,1,0,Unspecified,4447036,33.2,24.8,0.0,0.0,0.0,0.0,3,18.2,34.9,215,Overcast,1,1,
71495,2021-08-12 21:20:00,40.746048,-73.89903,1,0,Driver Inattention/Distraction,4446653,35.2,23.1,0.0,0.0,0.0,0.0,3,21.0,47.5,220,Overcast,1,1,
71496,2021-08-03 22:40:00,40.663303,-73.948006,0,0,Driverless/Runaway Vehicle,4446521,24.2,15.3,0.0,0.0,0.0,0.0,3,10.7,21.2,7,Overcast,0,0,
71497,2021-08-07 17:30:00,40.654686,-73.87772,0,0,Unspecified,4446772,29.7,19.9,0.0,0.0,0.0,0.0,3,24.2,45.0,198,Overcast,0,0,
71498,2021-08-13 10:50:00,40.885784,-73.828384,0,0,Unspecified,4446616,33.2,24.8,0.0,0.0,0.0,0.0,3,18.2,34.9,215,Overcast,0,0,
71499,2021-08-13 09:30:00,40.74724,-73.95638,0,0,Other Vehicular,4447333,33.2,24.8,0.0,0.0,0.0,0.0,3,18.2,34.9,215,Overcast,0,0,
71500,2021-08-09 18:00:00,40.675735,-73.89686,1,0,Unspecified,4446796,26.2,20.1,1.1,1.1,0.0,7.0,51,17.3,34.6,36,Drizzle: Light,1,1,
71501,2021-08-13 22:30:00,40.602165,-73.75606,0,0,Unspecified,4446719,33.2,24.8,0.0,0.0,0.0,0.0,3,18.2,34.9,215,Overcast,0,0,
71502,2021-08-13 16:45:00,40.681202,-73.80852,0,0,Outside Car Distraction,4446862,33.2,24.8,0.0,0.0,0.0,0.0,3,18.2,34.9,215,Overcast,0,0,
71503,2021-08-12 14:00:00,40.708496,-74.01535,1,0,Unspecified,4446648,35.2,23.1,0.0,0.0,0.0,0.0,3,21.0,47.5,220,Overcast,1,1,
71504,2021-08-13 11:26:00,40.640198,-73.96906,0,0,Unspecified,4447015,33.2,24.8,0.0,0.0,0.0,0.0,3,18.2,34.9,215,Overcast,0,0,
71505,2021-08-11 17:24:00,40.89845,-73.85431,0,0,Driver Inattention/Distraction,4447207,31.2,23.2,2.8,2.8,0.0,7.0,55,23.7,44.6,206,Drizzle: Dense,0,0,
71506,2021-08-11 17:00:00,40.74478,-73.93262,0,0,Driver Inattention/Distraction,4446079,31.2,23.2,2.8,2.8,0.0,7.0,55,23.7,44.6,206,Drizzle: Dense,0,0,
71507,2021-08-11 00:03:00,40.88271,-73.881256,0,0,Unspecified,4445962,31.2,23.2,2.8,2.8,0.0,7.0,55,23.7,44.6,206,Drizzle: Dense,0,0,
71508,2021-08-12 07:00:00,40.78994,-73.98036,0,0,Passing or Lane Usage Improper,4446278,35.2,23.1,0.0,0.0,0.0,0.0,3,21.0,47.5,220,Overcast,0,0,
71509,2021-08-11 13:40:00,40.594437,-73.957466,0,0,Passing or Lane Usage Improper,4446342,31.2,23.2,2.8,2.8,0.0,7.0,55,23.7,44.6,206,Drizzle: Dense,0,0,
71510,2021-08-13 23:30:00,40.68742,-73.999725,0,0,Unspecified,4447298,33.2,24.8,0.0,0.0,0.0,0.0,3,18.2,34.9,215,Overcast,0,0,
71511,2021-08-11 14:10:00,40.71232,-73.95951,0,0,Passing or Lane Usage Improper,4446115,31.2,23.2,2.8,2.8,0.0,7.0,55,23.7,44.6,206,Drizzle: Dense,0,0,
71512,2021-08-11 14:10:00,40.75463,-73.827995,0,0,Backing Unsafely,4446106,31.2,23.2,2.8,2.8,0.0,7.0,55,23.7,44.6,206,Drizzle: Dense,0,0,
71513,2021-08-11 14:09:00,40.75425,-73.96899,1,0,Driver Inattention/Distraction,4446304,31.2,23.2,2.8,2.8,0.0,7.0,55,23.7,44.6,206,Drizzle: Dense,1,1,
71514,2021-08-11 21:30:00,40.777954,-73.9038,0,0,Unspecified,4446968,31.2,23.2,2.8,2.8,0.0,7.0,55,23.7,44.6,206,Drizzle: Dense,0,0,
71515,2021-08-09 19:29:00,40.658577,-73.89063,0,0,Unspecified,4446631,26.2,20.1,1.1,1.1,0.0,7.0,51,17.3,34.6,36,Drizzle: Light,0,0,
71516,2021-08-09 22:42:00,40.642036,-73.98037,1,0,Unspecified,4447369,26.2,20.1,1.1,1.1,0.0,7.0,51,17.3,34.6,36,Drizzle: Light,1,1,
71517,2021-08-12 12:00:00,40.735615,-73.899994,1,0,Reaction to Uninvolved Vehicle,4446690,35.2,23.1,0.0,0.0,0.0,0.0,3,21.0,47.5,220,Overcast,1,1,
71518,2021-08-12 21:30:00,40.84921,-73.90011,0,0,Passing or Lane Usage Improper,4446558,35.2,23.1,0.0,0.0,0.0,0.0,3,21.0,47.5,220,Overcast,0,0,
71519,2021-08-10 21:10:00,40.592167,-73.90815,0,0,Unspecified,4446808,27.3,20.4,3.8,3.8,0.0,11.0,61,18.0,36.0,170,Rain: Light,0,0,
71520,2021-08-11 07:30:00,40.677654,-73.82866,0,0,Passing or Lane Usage Improper,4446147,31.2,23.2,2.8,2.8,0.0,7.0,55,23.7,44.6,206,Drizzle: Dense,0,0,
71521,2021-08-11 16:20:00,40.854206,-73.89084,0,0,Turning Improperly,4446183,31.2,23.2,2.8,2.8,0.0,7.0,55,23.7,44.6,206,Drizzle: Dense,0,0,
71522,2021-08-12 17:40:00,40.82,-73.95887,0,0,View Obstructed/Limited,4446427,35.2,23.1,0.0,0.0,0.0,0.0,3,21.0,47.5,220,Overcast,0,0,
71523,2021-08-12 15:45:00,40.760113,-73.99662,0,0,Driver Inattention/Distraction,4446396,35.2,23.1,0.0,0.0,0.0,0.0,3,21.0,47.5,220,Overcast,0,0,
71524,2021-08-13 02:01:00,40.8133,-73.930405,0,0,Driver Inattention/Distraction,4446505,33.2,24.8,0.0,0.0,0.0,0.0,3,18.2,34.9,215,Overcast,0,0,
71525,2021-08-13 17:20:00,40.669098,-73.93666,4,0,Driver Inattention/Distraction,4446675,33.2,24.8,0.0,0.0,0.0,0.0,3,18.2,34.9,215,Overcast,4,4,
71526,2021-08-09 10:21:00,40.86241,-73.9225,0,0,Driver Inattention/Distraction,4447165,26.2,20.1,1.1,1.1,0.0,7.0,51,17.3,34.6,36,Drizzle: Light,0,0,
71527,2021-08-12 20:30:00,40.7412,-73.88641,0,0,Driver Inattention/Distraction,4446526,35.2,23.1,0.0,0.0,0.0,0.0,3,21.0,47.5,220,Overcast,0,0,
71528,2021-08-11 20:54:00,40.761265,-73.88168,1,0,Unspecified,4446196,31.2,23.2,2.8,2.8,0.0,7.0,55,23.7,44.6,206,Drizzle: Dense,1,1,
71529,2021-07-31 18:00:00,40.897453,-73.85739,0,0,Unspecified,4446543,25.6,14.5,0.0,0.0,0.0,0.0,2,16.8,33.8,304,Partly cloudy,0,0,
71530,2021-08-11 08:35:00,40.655937,-73.95552,0,0,Passing Too Closely,4446138,31.2,23.2,2.8,2.8,0.0,7.0,55,23.7,44.6,206,Drizzle: Dense,0,0,
71531,2021-08-12 20:05:00,40.685078,-73.75592,0,0,Passing or Lane Usage Improper,4446490,35.2,23.1,0.0,0.0,0.0,0.0,3,21.0,47.5,220,Overcast,0,0,
71532,2021-08-07 10:41:00,40.6795,-73.99729,1,0,Traffic Control Disregarded,4446890,29.7,19.9,0.0,0.0,0.0,0.0,3,24.2,45.0,198,Overcast,1,1,
71533,2021-08-13 14:00:00,40.76413,-73.87651,2,0,Driver Inattention/Distraction,4446736,33.2,24.8,0.0,0.0,0.0,0.0,3,18.2,34.9,215,Overcast,2,2,
71534,2022-04-11 20:17:00,40.785294,-73.969345,0,0,Failure to Yield Right-of-Way,4519815,13.1,1.8,0.0,0.0,0.0,0.0,3,18.6,36.4,246,Overcast,0,0,
71535,2021-08-13 20:51:00,40.738724,-73.8488,0,0,Unsafe Lane Changing,4447097,33.2,24.8,0.0,0.0,0.0,0.0,3,18.2,34.9,215,Overcast,0,0,
71536,2021-08-12 12:20:00,40.814186,-73.92125,2,0,Unspecified,4446852,35.2,23.1,0.0,0.0,0.0,0.0,3,21.0,47.5,220,Overcast,2,2,
71537,2021-08-13 17:50:00,40.63129,-73.94606,1,0,Passing or Lane Usage Improper,4447059,33.2,24.8,0.0,0.0,0.0,0.0,3,18.2,34.9,215,Overcast,1,1,
71538,2021-07-31 12:00:00,40.765884,-73.93601,0,0,Driver Inattention/Distraction,4446940,25.6,14.5,0.0,0.0,0.0,0.0,2,16.8,33.8,304,Partly cloudy,0,0,
71539,2021-08-13 16:00:00,40.68378,-73.982956,0,0,Driverless/Runaway Vehicle,4446680,33.2,24.8,0.0,0.0,0.0,0.0,3,18.2,34.9,215,Overcast,0,0,
71540,2021-08-12 11:45:00,40.6338,-73.8897,1,0,Unspecified,4446381,35.2,23.1,0.0,0.0,0.0,0.0,3,21.0,47.5,220,Overcast,1,1,
71541,2021-08-09 21:50:00,40.821358,-73.889114,0,0,Unspecified,4446792,26.2,20.1,1.1,1.1,0.0,7.0,51,17.3,34.6,36,Drizzle: Light,0,0,
71542,2021-08-13 12:00:00,40.61887,-73.929794,0,0,Unspecified,4446685,33.2,24.8,0.0,0.0,0.0,0.0,3,18.2,34.9,215,Overcast,0,0,
71543,2021-07-15 15:35:00,40.751423,-73.8882,0,0,Driver Inattention/Distraction,4446553,29.3,21.2,0.1,0.1,0.0,1.0,51,13.7,27.4,212,Drizzle: Light,0,0,
71544,2021-08-11 01:11:00,40.794247,-73.939804,1,0,Failure to Yield Right-of-Way,4446990,31.2,23.2,2.8,2.8,0.0,7.0,55,23.7,44.6,206,Drizzle: Dense,1,1,
71545,2021-08-03 00:24:00,40.759724,-73.92061,0,0,Alcohol Involvement,4447384,24.2,15.3,0.0,0.0,0.0,0.0,3,10.7,21.2,7,Overcast,0,0,
71546,2021-08-11 13:30:00,40.60255,-73.76827,1,0,Unsafe Speed,4446167,31.2,23.2,2.8,2.8,0.0,7.0,55,23.7,44.6,206,Drizzle: Dense,1,1,
71547,2021-10-19 09:50:00,40.7673964,-73.9963285,1,0,Unspecified,4469330,19.1,8.3,0.0,0.0,0.0,0.0,1,24.6,45.0,272,Mainly clear,1,1,Sunny/Clear Conditions
71548,2021-10-16 13:37:00,40.8420773,-73.8347138,0,0,Unspecified,4467653,24.3,15.0,17.5,17.5,0.0,9.0,63,25.7,46.4,195,Rain: Moderate,0,0,
71549,2021-10-20 16:40:00,40.6576551,-73.8791668,2,0,Other Vehicular,4469681,24.1,13.8,0.0,0.0,0.0,0.0,3,21.6,37.1,276,Overcast,2,2,
71550,2021-10-19 04:40:00,40.6804771,-73.792091,1,0,Failure to Yield Right-of-Way,4469902,19.1,8.3,0.0,0.0,0.0,0.0,1,24.6,45.0,272,Mainly clear,1,1,Sunny/Clear Conditions
71551,2021-10-23 20:37:00,40.8137456,-73.9313928,0,0,Driver Inattention/Distraction,4470619,15.9,10.4,0.2,0.2,0.0,2.0,51,14.4,26.6,326,Drizzle: Light,0,0,
71552,2021-10-13 23:09:00,40.8669548,-73.9023777,1,0,Unsafe Speed,4467415,21.7,14.8,0.1,0.1,0.0,1.0,51,12.2,23.0,200,Drizzle: Light,1,1,
71553,2021-10-18 15:50:00,40.8107277,-73.9246479,0,0,Turning Improperly,4468684,15.8,9.2,0.0,0.0,0.0,0.0,2,32.4,58.3,296,Partly cloudy,0,0,
71554,2021-09-20 04:10:00,40.769306,-73.9155085,0,0,Unsafe Speed,4459406,23.1,14.9,0.0,0.0,0.0,0.0,3,17.0,34.2,116,Overcast,0,0,
71555,2021-10-14 12:25:00,40.7211672,-73.9217644,0,0,Passing Too Closely,4468726,25.0,15.4,0.0,0.0,0.0,0.0,3,15.4,29.9,328,Overcast,0,0,
71556,2021-11-02 15:30:00,40.576508,-73.98584,1,0,Backing Unsafely,4473599,11.4,7.0,0.6,0.6,0.0,4.0,51,14.1,28.1,271,Drizzle: Light,1,1,
71557,2021-10-21 15:04:00,40.6794861,-73.9468176,1,0,Following Too Closely,4470376,22.9,12.0,0.0,0.0,0.0,0.0,3,17.0,31.7,207,Overcast,1,1,
71558,2021-10-22 11:30:00,40.7538134,-73.7074753,0,0,Driver Inattention/Distraction,4469815,20.3,14.4,0.0,0.0,0.0,0.0,3,18.1,31.3,267,Overcast,0,0,
71559,2021-10-04 19:10:00,40.8426295,-73.9059589,0,0,Other Lighting Defects,4466673,20.6,16.4,21.8,21.8,0.0,17.0,63,20.8,42.8,61,Rain: Moderate,0,0,
71560,2021-10-23 12:23:00,40.6769384,-73.9218247,0,0,Unsafe Lane Changing,4470353,15.9,10.4,0.2,0.2,0.0,2.0,51,14.4,26.6,326,Drizzle: Light,0,0,
71561,2021-10-18 06:00:00,40.6892889,-73.8246965,0,0,Alcohol Involvement,4468487,15.8,9.2,0.0,0.0,0.0,0.0,2,32.4,58.3,296,Partly cloudy,0,0,
71562,2021-10-18 16:00:00,40.7178498,-73.7727532,0,0,Unspecified,4469465,15.8,9.2,0.0,0.0,0.0,0.0,2,32.4,58.3,296,Partly cloudy,0,0,
71563,2021-10-21 18:36:00,40.6975608,-73.8527467,1,0,Unsafe Speed,4470493,22.9,12.0,0.0,0.0,0.0,0.0,3,17.0,31.7,207,Overcast,1,1,
71564,2021-10-16 06:55:00,40.7412764,-73.8843935,0,0,Passing or Lane Usage Improper,4468020,24.3,15.0,17.5,17.5,0.0,9.0,63,25.7,46.4,195,Rain: Moderate,0,0,
71565,2021-10-19 06:30:00,40.8464867,-73.8943368,2,0,Following Too Closely,4469150,19.1,8.3,0.0,0.0,0.0,0.0,1,24.6,45.0,272,Mainly clear,2,2,Sunny/Clear Conditions
71566,2021-10-18 11:52:00,40.8155417,-73.8007849,0,0,Unspecified,4468621,15.8,9.2,0.0,0.0,0.0,0.0,2,32.4,58.3,296,Partly cloudy,0,0,
71567,2021-10-20 13:30:00,40.764576,-73.72614,0,0,Backing Unsafely,4469259,24.1,13.8,0.0,0.0,0.0,0.0,3,21.6,37.1,276,Overcast,0,0,
71568,2021-10-13 13:00:00,40.6766954,-73.7422032,0,0,Driver Inattention/Distraction,4466901,21.7,14.8,0.1,0.1,0.0,1.0,51,12.2,23.0,200,Drizzle: Light,0,0,
71569,2021-10-18 13:30:00,40.8444509,-73.8684973,0,0,Unspecified,4468719,15.8,9.2,0.0,0.0,0.0,0.0,2,32.4,58.3,296,Partly cloudy,0,0,
71570,2022-04-14 02:11:00,40.68865,-73.84711,0,0,Failure to Yield Right-of-Way,4519185,28.1,13.9,0.2,0.2,0.0,2.0,51,25.9,46.1,249,Drizzle: Light,0,0,
71571,2021-10-17 16:00:00,40.7524433,-73.8958723,0,0,Passing or Lane Usage Improper,4468385,17.3,11.1,0.2,0.2,0.0,2.0,51,23.9,43.9,293,Drizzle: Light,0,0,
71572,2021-10-22 10:07:00,40.7216017,-73.9409901,0,0,Passing Too Closely,4469917,20.3,14.4,0.0,0.0,0.0,0.0,3,18.1,31.3,267,Overcast,0,0,
71573,2021-10-20 12:00:00,40.7586806,-73.8755111,0,0,Driver Inattention/Distraction,4469375,24.1,13.8,0.0,0.0,0.0,0.0,3,21.6,37.1,276,Overcast,0,0,
71574,2021-10-17 14:50:00,40.6529481,-74.0021659,1,0,Unspecified,4468877,17.3,11.1,0.2,0.2,0.0,2.0,51,23.9,43.9,293,Drizzle: Light,1,1,
71575,2021-10-20 15:08:00,40.8388747,-73.9026466,1,0,Driver Inattention/Distraction,4470767,24.1,13.8,0.0,0.0,0.0,0.0,3,21.6,37.1,276,Overcast,1,1,
71576,2021-10-20 15:30:00,40.7876776,-73.8187537,0,0,Driver Inattention/Distraction,4469358,24.1,13.8,0.0,0.0,0.0,0.0,3,21.6,37.1,276,Overcast,0,0,
71577,2021-10-25 01:30:00,40.7421539,-73.8540624,0,0,Driver Inattention/Distraction,4470526,22.8,13.5,10.7,10.7,0.0,8.0,63,18.9,33.5,172,Rain: Moderate,0,0,
71578,2021-10-23 17:05:00,40.7432104,-73.8226098,0,0,Failure to Yield Right-of-Way,4470720,15.9,10.4,0.2,0.2,0.0,2.0,51,14.4,26.6,326,Drizzle: Light,0,0,
71579,2021-10-20 00:00:00,40.8702274,-73.860205,0,0,Driver Inattention/Distraction,4469198,24.1,13.8,0.0,0.0,0.0,0.0,3,21.6,37.1,276,Overcast,0,0,
71580,2021-10-21 09:48:00,40.8733019,-73.8536375,1,0,Following Too Closely,4469561,22.9,12.0,0.0,0.0,0.0,0.0,3,17.0,31.7,207,Overcast,1,1,
71581,2021-10-19 13:00:00,40.633084,-74.0055664,1,0,Unspecified,4469125,19.1,8.3,0.0,0.0,0.0,0.0,1,24.6,45.0,272,Mainly clear,1,1,Sunny/Clear Conditions
71582,2021-11-02 16:27:00,40.767185,-73.96248,1,0,Following Too Closely,4473485,11.4,7.0,0.6,0.6,0.0,4.0,51,14.1,28.1,271,Drizzle: Light,1,1,
71583,2021-10-17 22:10:00,40.653976,-73.9528277,0,0,Unspecified,4469410,17.3,11.1,0.2,0.2,0.0,2.0,51,23.9,43.9,293,Drizzle: Light,0,0,
71584,2021-10-21 07:00:00,40.6659178,-73.9254639,0,0,Unspecified,4469619,22.9,12.0,0.0,0.0,0.0,0.0,3,17.0,31.7,207,Overcast,0,0,
71585,2021-10-21 20:03:00,40.6291254,-74.0238622,0,0,Alcohol Involvement,4469641,22.9,12.0,0.0,0.0,0.0,0.0,3,17.0,31.7,207,Overcast,0,0,
71586,2021-10-15 01:00:00,40.7007421,-73.9563239,1,0,Driver Inattention/Distraction,4467228,25.0,14.5,0.0,0.0,0.0,0.0,3,16.8,28.4,182,Overcast,1,1,
71587,2021-10-18 17:50:00,40.6872462,-73.9546828,1,0,Unsafe Speed,4468932,15.8,9.2,0.0,0.0,0.0,0.0,2,32.4,58.3,296,Partly cloudy,1,1,
71588,2021-10-24 00:30:00,40.7322637,-74.0035757,0,0,Driver Inattention/Distraction,4470151,15.5,7.6,0.7,0.7,0.0,1.0,53,13.0,23.8,248,Drizzle: Moderate,0,0,
71589,2021-10-15 00:00:00,40.6685813,-73.8422271,0,0,Following Too Closely,4468002,25.0,14.5,0.0,0.0,0.0,0.0,3,16.8,28.4,182,Overcast,0,0,
71590,2021-10-01 21:38:00,40.839908,-73.9360834,0,0,Reaction to Uninvolved Vehicle,4467939,19.4,9.5,0.0,0.0,0.0,0.0,0,13.8,28.1,302,Clear sky,0,0,Sunny/Clear Conditions
71591,2021-10-15 00:02:00,40.6835931,-73.8034461,1,0,Illnes,4467346,25.0,14.5,0.0,0.0,0.0,0.0,3,16.8,28.4,182,Overcast,1,1,
71592,2021-11-02 08:59:00,40.7565,-73.73343,1,0,Failure to Yield Right-of-Way,4473436,11.4,7.0,0.6,0.6,0.0,4.0,51,14.1,28.1,271,Drizzle: Light,1,1,
71593,2021-11-01 19:00:00,40.74734,-73.88673,1,0,Driver Inattention/Distraction,4473943,14.4,8.0,0.0,0.0,0.0,0.0,3,20.7,38.5,278,Overcast,1,1,
71594,2021-10-24 00:00:00,40.6914314,-73.8305256,0,0,Alcohol Involvement,4470320,15.5,7.6,0.7,0.7,0.0,1.0,53,13.0,23.8,248,Drizzle: Moderate,0,0,
71595,2021-10-24 09:29:00,40.750218,-73.979056,2,0,Driver Inattention/Distraction,4470545,15.5,7.6,0.7,0.7,0.0,1.0,53,13.0,23.8,248,Drizzle: Moderate,2,2,
71596,2021-10-16 21:30:00,40.7560314,-73.9790253,1,0,Unspecified,4467738,24.3,15.0,17.5,17.5,0.0,9.0,63,25.7,46.4,195,Rain: Moderate,1,1,
71597,2021-10-13 12:00:00,40.7098408,-73.8142356,0,0,Driver Inattention/Distraction,4467507,21.7,14.8,0.1,0.1,0.0,1.0,51,12.2,23.0,200,Drizzle: Light,0,0,
71598,2021-10-15 00:00:00,40.6893537,-73.9363202,0,0,Driver Inattention/Distraction,4468120,25.0,14.5,0.0,0.0,0.0,0.0,3,16.8,28.4,182,Overcast,0,0,
71599,2021-10-16 23:10:00,40.7587675,-73.8767075,0,0,Driver Inattention/Distraction,4467870,24.3,15.0,17.5,17.5,0.0,9.0,63,25.7,46.4,195,Rain: Moderate,0,0,
71600,2021-10-16 20:00:00,40.7458182,-73.9456495,0,0,Following Too Closely,4467675,24.3,15.0,17.5,17.5,0.0,9.0,63,25.7,46.4,195,Rain: Moderate,0,0,
71601,2021-10-12 06:20:00,40.6787024,-74.0027451,0,0,Unspecified,4466630,21.6,15.2,0.0,0.0,0.0,0.0,3,11.8,23.8,81,Overcast,0,0,
71602,2021-10-12 15:00:00,40.6523553,-73.9090475,1,0,Unspecified,4468252,21.6,15.2,0.0,0.0,0.0,0.0,3,11.8,23.8,81,Overcast,1,1,
71603,2021-10-18 07:51:00,40.8306913,-73.8920639,0,0,Unspecified,4468665,15.8,9.2,0.0,0.0,0.0,0.0,2,32.4,58.3,296,Partly cloudy,0,0,
71604,2021-10-13 19:48:00,40.7221796,-73.9498645,1,0,Unspecified,4466879,21.7,14.8,0.1,0.1,0.0,1.0,51,12.2,23.0,200,Drizzle: Light,1,1,
71605,2021-10-22 11:00:00,40.7280401,-73.8317062,0,0,Unspecified,4469949,20.3,14.4,0.0,0.0,0.0,0.0,3,18.1,31.3,267,Overcast,0,0,
71606,2021-10-13 17:07:00,40.8007501,-73.9652434,0,0,Passing Too Closely,4466938,21.7,14.8,0.1,0.1,0.0,1.0,51,12.2,23.0,200,Drizzle: Light,0,0,
71607,2021-10-14 13:50:00,40.5970664,-73.9610362,1,0,Backing Unsafely,4468231,25.0,15.4,0.0,0.0,0.0,0.0,3,15.4,29.9,328,Overcast,1,1,
71608,2021-10-20 08:52:00,40.8270596,-73.9520112,1,0,Unsafe Speed,4469608,24.1,13.8,0.0,0.0,0.0,0.0,3,21.6,37.1,276,Overcast,1,1,
71609,2021-10-15 17:20:00,40.7599739,-73.9966992,0,0,Passing Too Closely,4470811,25.0,14.5,0.0,0.0,0.0,0.0,3,16.8,28.4,182,Overcast,0,0,
71610,2021-10-20 11:06:00,40.6196053,-73.9455181,1,0,Failure to Yield Right-of-Way,4469205,24.1,13.8,0.0,0.0,0.0,0.0,3,21.6,37.1,276,Overcast,1,1,
71611,2021-10-13 14:55:00,40.6762705,-74.0031942,0,0,Unspecified,4467209,21.7,14.8,0.1,0.1,0.0,1.0,51,12.2,23.0,200,Drizzle: Light,0,0,
71612,2021-10-24 23:10:00,40.5739728,-74.1699179,0,0,Driver Inattention/Distraction,4470515,15.5,7.6,0.7,0.7,0.0,1.0,53,13.0,23.8,248,Drizzle: Moderate,0,0,
71613,2021-10-21 22:30:00,40.6173203,-73.9452535,1,0,Unspecified,4470168,22.9,12.0,0.0,0.0,0.0,0.0,3,17.0,31.7,207,Overcast,1,1,
71614,2021-10-14 14:02:00,40.7626041,-73.9037177,0,0,Unspecified,4467887,25.0,15.4,0.0,0.0,0.0,0.0,3,15.4,29.9,328,Overcast,0,0,
71615,2021-10-17 02:20:00,40.7579117,-73.8585619,0,0,Unspecified,4467838,17.3,11.1,0.2,0.2,0.0,2.0,51,23.9,43.9,293,Drizzle: Light,0,0,
71616,2021-10-25 19:00:00,40.6200697,-74.0067054,0,0,Unspecified,4470887,22.8,13.5,10.7,10.7,0.0,8.0,63,18.9,33.5,172,Rain: Moderate,0,0,
71617,2021-10-17 18:56:00,40.5972205,-73.9414687,3,0,Driver Inattention/Distraction,4468233,17.3,11.1,0.2,0.2,0.0,2.0,51,23.9,43.9,293,Drizzle: Light,3,3,
71618,2021-10-22 11:24:00,40.8338009,-73.8832231,1,0,Driver Inattention/Distraction,4470715,20.3,14.4,0.0,0.0,0.0,0.0,3,18.1,31.3,267,Overcast,1,1,
71619,2021-10-22 08:48:00,40.7878834,-73.8410199,1,0,Failure to Yield Right-of-Way,4470752,20.3,14.4,0.0,0.0,0.0,0.0,3,18.1,31.3,267,Overcast,1,1,
71620,2021-10-13 18:00:00,40.6802223,-73.8712013,1,0,Unspecified,4467260,21.7,14.8,0.1,0.1,0.0,1.0,51,12.2,23.0,200,Drizzle: Light,1,1,
71621,2021-10-15 00:40:00,40.8338892,-73.8546529,0,0,Unspecified,4467707,25.0,14.5,0.0,0.0,0.0,0.0,3,16.8,28.4,182,Overcast,0,0,
71622,2021-10-11 13:50:00,40.6260629,-73.9970172,0,0,Driver Inattention/Distraction,4467129,21.7,16.3,0.0,0.0,0.0,0.0,3,25.7,49.7,41,Overcast,0,0,
71623,2021-10-14 08:00:00,40.693041,-73.9244383,0,0,Passing or Lane Usage Improper,4467076,25.0,15.4,0.0,0.0,0.0,0.0,3,15.4,29.9,328,Overcast,0,0,
71624,2021-10-17 18:33:00,40.8133148,-73.9228748,0,0,Unsafe Lane Changing,4468265,17.3,11.1,0.2,0.2,0.0,2.0,51,23.9,43.9,293,Drizzle: Light,0,0,
71625,2021-10-23 00:55:00,40.736669,-73.9973406,0,0,Driver Inattention/Distraction,4470183,15.9,10.4,0.2,0.2,0.0,2.0,51,14.4,26.6,326,Drizzle: Light,0,0,
71626,2021-10-24 11:00:00,40.6980995,-73.992708,0,0,Passing or Lane Usage Improper,4470508,15.5,7.6,0.7,0.7,0.0,1.0,53,13.0,23.8,248,Drizzle: Moderate,0,0,
71627,2021-10-13 16:30:00,40.6559547,-74.0085525,0,0,Backing Unsafely,4466805,21.7,14.8,0.1,0.1,0.0,1.0,51,12.2,23.0,200,Drizzle: Light,0,0,
71628,2021-10-20 08:20:00,40.7640562,-73.9647563,0,0,Driver Inexperience,4469110,24.1,13.8,0.0,0.0,0.0,0.0,3,21.6,37.1,276,Overcast,0,0,
71629,2021-10-16 20:25:00,40.8802593,-73.8767805,0,0,Unspecified,4468398,24.3,15.0,17.5,17.5,0.0,9.0,63,25.7,46.4,195,Rain: Moderate,0,0,
71630,2021-10-28 15:22:00,40.833965,-73.8629,1,0,Unspecified,4474013,15.2,7.9,0.0,0.0,0.0,0.0,3,19.1,34.6,28,Overcast,1,1,
71631,2021-10-11 22:20:00,40.68511,-73.7981052,0,0,Backing Unsafely,4466730,21.7,16.3,0.0,0.0,0.0,0.0,3,25.7,49.7,41,Overcast,0,0,
71632,2021-10-14 11:20:00,40.6685186,-73.9737928,1,0,Driver Inattention/Distraction,4467245,25.0,15.4,0.0,0.0,0.0,0.0,3,15.4,29.9,328,Overcast,1,1,
71633,2021-10-17 20:57:00,40.8137456,-73.9313928,0,0,Unspecified,4468263,17.3,11.1,0.2,0.2,0.0,2.0,51,23.9,43.9,293,Drizzle: Light,0,0,
71634,2021-10-16 18:30:00,40.8653123,-73.9033237,1,0,Failure to Yield Right-of-Way,4468397,24.3,15.0,17.5,17.5,0.0,9.0,63,25.7,46.4,195,Rain: Moderate,1,1,
71635,2021-10-17 00:00:00,40.8027515,-73.933575,0,0,Driver Inattention/Distraction,4468366,17.3,11.1,0.2,0.2,0.0,2.0,51,23.9,43.9,293,Drizzle: Light,0,0,
71636,2021-10-14 22:10:00,40.7352707,-73.8965486,0,0,Outside Car Distraction,4467178,25.0,15.4,0.0,0.0,0.0,0.0,3,15.4,29.9,328,Overcast,0,0,
71637,2021-10-18 18:10:00,40.7376829,-73.8520482,0,0,Failure to Yield Right-of-Way,4468546,15.8,9.2,0.0,0.0,0.0,0.0,2,32.4,58.3,296,Partly cloudy,0,0,
71638,2021-10-22 12:42:00,40.7110321,-74.0145328,0,0,Following Too Closely,4469866,20.3,14.4,0.0,0.0,0.0,0.0,3,18.1,31.3,267,Overcast,0,0,
71639,2021-11-02 07:34:00,40.872917,-73.90312,1,0,Passing or Lane Usage Improper,4473449,11.4,7.0,0.6,0.6,0.0,4.0,51,14.1,28.1,271,Drizzle: Light,1,1,