,CRASH DATETIME,LATITUDE,LONGITUDE,NUMBER OF PERSONS INJURED,NUMBER OF PERSONS KILLED,CONTRIBUTING FACTOR VEHICLE 1,COLLISION_ID,temperature_2m_max,temperature_2m_min,precipitation_sum,rain_sum,snowfall_sum,precipitation_hours,weather_code,wind_speed_10m_max,wind_gusts_10m_max,wind_direction_10m_dominant,Weather Description,Severity_Score,Total_Affected_Persons,Weather_Category
71640,2021-10-14 14:44:00,40.8535233,-73.9027227,1,0,Driver Inattention/Distraction,4467331,25.0,15.4,0.0,0.0,0.0,0.0,3,15.4,29.9,328,Overcast,1,1,
71641,2021-10-18 15:20:00,40.8988558,-73.8478551,0,0,Driver Inattention/Distraction,4468798,15.8,9.2,0.0,0.0,0.0,0.0,2,32.4,58.3,296,Partly cloudy,0,0,
71642,2021-09-25 21:43:00,40.8221092,-73.9480838,2,0,Driver Inexperience,4467685,22.8,14.0,0.0,0.0,0.0,0.0,3,7.9,15.8,322,Overcast,2,2,
71643,2021-10-14 09:30:00,40.7509033,-73.9981196,0,0,Passing or Lane Usage Improper,4467442,25.0,15.4,0.0,0.0,0.0,0.0,3,15.4,29.9,328,Overcast,0,0,
71644,2022-04-14 15:30:00,40.678787,-73.84426,1,0,Unsafe Speed,4519403,28.1,13.9,0.2,0.2,0.0,2.0,51,25.9,46.1,249,Drizzle: Light,1,1,
71645,2021-10-24 08:00:00,40.690888,-73.9280066,0,0,Unspecified,4470500,15.5,7.6,0.7,0.7,0.0,1.0,53,13.0,23.8,248,Drizzle: Moderate,0,0,
71646,2021-10-18 05:30:00,40.6907801,-73.7272705,0,0,Driver Inattention/Distraction,4468280,15.8,9.2,0.0,0.0,0.0,0.0,2,32.4,58.3,296,Partly cloudy,0,0,
71647,2021-10-16 11:45:00,40.664334,-73.896334,1,0,Failure to Yield Right-of-Way,4468164,24.3,15.0,17.5,17.5,0.0,9.0,63,25.7,46.4,195,Rain: Moderate,1,1,
71648,2021-10-15 09:11:00,40.6727943,-73.9692026,0,0,Passing Too Closely,4467341,25.0,14.5,0.0,0.0,0.0,0.0,3,16.8,28.4,182,Overcast,0,0,
71649,2021-10-22 11:07:00,40.8556698,-73.8996722,0,0,Passing Too Closely,4469842,20.3,14.4,0.0,0.0,0.0,0.0,3,18.1,31.3,267,Overcast,0,0,
71650,2021-10-13 08:40:00,40.6730693,-73.8052202,0,0,Passing Too Closely,4466758,21.7,14.8,0.1,0.1,0.0,1.0,51,12.2,23.0,200,Drizzle: Light,0,0,
71651,2021-11-01 22:16:00,40.638794,-73.97075,1,0,Unspecified,4474025,14.4,8.0,0.0,0.0,0.0,0.0,3,20.7,38.5,278,Overcast,1,1,
71652,2021-10-17 23:30:00,40.5440178,-74.1594619,0,0,Unspecified,4469093,17.3,11.1,0.2,0.2,0.0,2.0,51,23.9,43.9,293,Drizzle: Light,0,0,
71653,2021-10-19 12:45:00,40.872773,-73.8999747,0,0,Unspecified,4469470,19.1,8.3,0.0,0.0,0.0,0.0,1,24.6,45.0,272,Mainly clear,0,0,Sunny/Clear Conditions
71654,2021-10-15 20:02:00,40.7414135,-73.9833603,1,0,Driver Inattention/Distraction,4467791,25.0,14.5,0.0,0.0,0.0,0.0,3,16.8,28.4,182,Overcast,1,1,
71655,2021-10-17 01:05:00,40.6702792,-73.9254121,0,0,Driver Inattention/Distraction,4467961,17.3,11.1,0.2,0.2,0.0,2.0,51,23.9,43.9,293,Drizzle: Light,0,0,
71656,2021-10-24 18:35:00,40.8011103,-73.9652135,1,0,Pedestrian/Bicyclist/Other Pedestrian Error/Confusion,4470448,15.5,7.6,0.7,0.7,0.0,1.0,53,13.0,23.8,248,Drizzle: Moderate,1,1,
71657,2021-10-12 13:30:00,40.8186038,-73.8891604,2,0,Unspecified,4467624,21.6,15.2,0.0,0.0,0.0,0.0,3,11.8,23.8,81,Overcast,2,2,
71658,2021-11-02 19:30:00,40.680016,-73.87743,0,0,Unspecified,4473577,11.4,7.0,0.6,0.6,0.0,4.0,51,14.1,28.1,271,Drizzle: Light,0,0,
71659,2021-10-14 09:55:00,40.6712275,-73.9716028,0,0,Backing Unsafely,4467023,25.0,15.4,0.0,0.0,0.0,0.0,3,15.4,29.9,328,Overcast,0,0,
71660,2021-10-17 12:44:00,40.8669236,-73.9238245,0,0,Unspecified,4468826,17.3,11.1,0.2,0.2,0.0,2.0,51,23.9,43.9,293,Drizzle: Light,0,0,
71661,2021-10-21 14:08:00,40.8088622,-73.9521255,1,0,Driver Inattention/Distraction,4469507,22.9,12.0,0.0,0.0,0.0,0.0,3,17.0,31.7,207,Overcast,1,1,
71662,2021-10-14 10:32:00,40.711762,-73.8254815,1,0,Following Too Closely,4467061,25.0,15.4,0.0,0.0,0.0,0.0,3,15.4,29.9,328,Overcast,1,1,
71663,2021-10-15 07:07:00,40.5377609,-74.2329865,0,0,Backing Unsafely,4469789,25.0,14.5,0.0,0.0,0.0,0.0,3,16.8,28.4,182,Overcast,0,0,
71664,2021-10-22 18:25:00,40.7032089,-73.9462505,1,0,Failure to Yield Right-of-Way,4470080,20.3,14.4,0.0,0.0,0.0,0.0,3,18.1,31.3,267,Overcast,1,1,
71665,2021-10-18 16:30:00,40.7528008,-73.9792862,0,0,Driver Inattention/Distraction,4468709,15.8,9.2,0.0,0.0,0.0,0.0,2,32.4,58.3,296,Partly cloudy,0,0,
71666,2021-10-10 02:50:00,40.8672566,-73.8836235,2,0,Driver Inattention/Distraction,4466329,18.5,16.0,2.4,2.4,0.0,8.0,53,27.2,52.6,52,Drizzle: Moderate,2,2,
71667,2021-10-14 16:55:00,40.6088079,-73.953191,3,0,Unsafe Speed,4467156,25.0,15.4,0.0,0.0,0.0,0.0,3,15.4,29.9,328,Overcast,3,3,
71668,2021-10-07 08:35:00,40.8278228,-73.8857955,1,0,Driver Inattention/Distraction,4467452,22.4,15.7,0.4,0.4,0.0,4.0,51,10.5,20.5,231,Drizzle: Light,1,1,
71669,2021-11-02 05:35:00,40.70961,-73.94994,0,0,Driver Inattention/Distraction,4473461,11.4,7.0,0.6,0.6,0.0,4.0,51,14.1,28.1,271,Drizzle: Light,0,0,
71670,2021-10-22 13:37:00,40.7618573,-73.9634255,1,0,Traffic Control Disregarded,4470578,20.3,14.4,0.0,0.0,0.0,0.0,3,18.1,31.3,267,Overcast,1,1,
71671,2021-10-22 16:40:00,40.7224663,-73.7369176,1,0,Failure to Yield Right-of-Way,4469885,20.3,14.4,0.0,0.0,0.0,0.0,3,18.1,31.3,267,Overcast,1,1,
71672,2021-10-15 13:30:00,40.8660476,-73.8720598,0,0,Unsafe Lane Changing,4467410,25.0,14.5,0.0,0.0,0.0,0.0,3,16.8,28.4,182,Overcast,0,0,
71673,2021-10-13 18:58:00,40.6165212,-73.9858588,0,0,Unspecified,4468297,21.7,14.8,0.1,0.1,0.0,1.0,51,12.2,23.0,200,Drizzle: Light,0,0,
71674,2021-10-14 15:00:00,40.8656677,-73.9088923,0,0,Unspecified,4467400,25.0,15.4,0.0,0.0,0.0,0.0,3,15.4,29.9,328,Overcast,0,0,
71675,2021-10-17 13:20:00,40.6528843,-73.7383577,0,0,Backing Unsafely,4467987,17.3,11.1,0.2,0.2,0.0,2.0,51,23.9,43.9,293,Drizzle: Light,0,0,
71676,2021-10-13 07:20:00,40.6736347,-73.7638308,0,0,Passing Too Closely,4469165,21.7,14.8,0.1,0.1,0.0,1.0,51,12.2,23.0,200,Drizzle: Light,0,0,
71677,2021-11-02 12:25:00,40.665348,-73.73066,0,0,Backing Unsafely,4473383,11.4,7.0,0.6,0.6,0.0,4.0,51,14.1,28.1,271,Drizzle: Light,0,0,
71678,2021-10-13 14:40:00,40.6791409,-73.7501664,0,0,Backing Unsafely,4466790,21.7,14.8,0.1,0.1,0.0,1.0,51,12.2,23.0,200,Drizzle: Light,0,0,
71679,2022-04-15 00:00:00,40.674515,-73.88706,0,0,Unspecified,4519651,19.2,6.3,0.1,0.1,0.0,1.0,51,26.9,46.1,243,Drizzle: Light,0,0,
71680,2021-11-02 13:00:00,40.696117,-73.905014,0,0,Unsafe Speed,4473549,11.4,7.0,0.6,0.6,0.0,4.0,51,14.1,28.1,271,Drizzle: Light,0,0,
71681,2021-10-14 14:30:00,40.7223073,-73.8441346,0,0,Driver Inattention/Distraction,4467139,25.0,15.4,0.0,0.0,0.0,0.0,3,15.4,29.9,328,Overcast,0,0,
71682,2021-10-18 20:30:00,40.755392,-73.8282803,1,0,Failure to Yield Right-of-Way,4468553,15.8,9.2,0.0,0.0,0.0,0.0,2,32.4,58.3,296,Partly cloudy,1,1,
71683,2021-10-28 12:30:00,40.757385,-73.98226,0,0,Driver Inattention/Distraction,4473992,15.2,7.9,0.0,0.0,0.0,0.0,3,19.1,34.6,28,Overcast,0,0,
71684,2021-11-02 23:05:00,40.843174,-73.91196,0,0,Failure to Yield Right-of-Way,4473544,11.4,7.0,0.6,0.6,0.0,4.0,51,14.1,28.1,271,Drizzle: Light,0,0,
71685,2021-10-20 10:00:00,40.6969487,-73.9771225,0,0,Unspecified,4469678,24.1,13.8,0.0,0.0,0.0,0.0,3,21.6,37.1,276,Overcast,0,0,
71686,2021-10-14 14:40:00,40.7872227,-73.952058,0,0,Turning Improperly,4467284,25.0,15.4,0.0,0.0,0.0,0.0,3,15.4,29.9,328,Overcast,0,0,
71687,2021-10-16 00:40:00,40.8722704,-73.8856143,0,0,Unspecified,4467592,24.3,15.0,17.5,17.5,0.0,9.0,63,25.7,46.4,195,Rain: Moderate,0,0,
71688,2021-10-14 01:56:00,40.5875861,-73.8117978,0,0,Alcohol Involvement,4468035,25.0,15.4,0.0,0.0,0.0,0.0,3,15.4,29.9,328,Overcast,0,0,
71689,2021-10-24 14:50:00,40.7950523,-73.9331565,0,0,Aggressive Driving/Road Rage,4470730,15.5,7.6,0.7,0.7,0.0,1.0,53,13.0,23.8,248,Drizzle: Moderate,0,0,
71690,2021-11-02 03:39:00,40.729996,-73.91187,0,0,Driver Inattention/Distraction,4473683,11.4,7.0,0.6,0.6,0.0,4.0,51,14.1,28.1,271,Drizzle: Light,0,0,
71691,2021-10-12 20:19:00,40.6981605,-73.9252728,0,0,Driver Inattention/Distraction,4466923,21.6,15.2,0.0,0.0,0.0,0.0,3,11.8,23.8,81,Overcast,0,0,
71692,2021-10-17 21:10:00,40.6641724,-73.8246452,1,0,Passing or Lane Usage Improper,4468209,17.3,11.1,0.2,0.2,0.0,2.0,51,23.9,43.9,293,Drizzle: Light,1,1,
71693,2021-10-16 19:11:00,40.669992,-73.8591124,0,0,Unspecified,4468167,24.3,15.0,17.5,17.5,0.0,9.0,63,25.7,46.4,195,Rain: Moderate,0,0,
71694,2021-10-20 11:00:00,40.7245509,-74.0019338,1,0,Unspecified,4469544,24.1,13.8,0.0,0.0,0.0,0.0,3,21.6,37.1,276,Overcast,1,1,
71695,2021-10-23 03:45:00,40.7530023,-74.0034993,0,0,Unspecified,4470826,15.9,10.4,0.2,0.2,0.0,2.0,51,14.4,26.6,326,Drizzle: Light,0,0,
71696,2021-10-12 14:30:00,40.6450318,-73.9199775,1,0,Unspecified,4467813,21.6,15.2,0.0,0.0,0.0,0.0,3,11.8,23.8,81,Overcast,1,1,
71697,2021-10-18 17:28:00,40.6860316,-73.9652173,0,0,View Obstructed/Limited,4468571,15.8,9.2,0.0,0.0,0.0,0.0,2,32.4,58.3,296,Partly cloudy,0,0,
71698,2021-10-14 19:40:00,40.6037285,-73.9967985,1,0,Failure to Yield Right-of-Way,4469315,25.0,15.4,0.0,0.0,0.0,0.0,3,15.4,29.9,328,Overcast,1,1,
71699,2021-10-17 16:00:00,40.7287817,-73.926144,0,0,Aggressive Driving/Road Rage,4468152,17.3,11.1,0.2,0.2,0.0,2.0,51,23.9,43.9,293,Drizzle: Light,0,0,
71700,2021-10-21 08:30:00,40.6906643,-73.8103234,0,0,Unsafe Speed,4469475,22.9,12.0,0.0,0.0,0.0,0.0,3,17.0,31.7,207,Overcast,0,0,
71701,2021-10-15 09:42:00,40.7368103,-73.9526392,0,0,Unspecified,4467320,25.0,14.5,0.0,0.0,0.0,0.0,3,16.8,28.4,182,Overcast,0,0,
71702,2021-10-16 23:17:00,40.7333088,-73.9876251,0,0,Driver Inattention/Distraction,4467823,24.3,15.0,17.5,17.5,0.0,9.0,63,25.7,46.4,195,Rain: Moderate,0,0,
71703,2021-10-24 18:00:00,40.8486271,-73.9342412,0,0,Unspecified,4470872,15.5,7.6,0.7,0.7,0.0,1.0,53,13.0,23.8,248,Drizzle: Moderate,0,0,
71704,2021-10-17 11:30:00,40.665256,-73.7353338,0,0,Unspecified,4469182,17.3,11.1,0.2,0.2,0.0,2.0,51,23.9,43.9,293,Drizzle: Light,0,0,
71705,2021-10-17 15:22:00,40.7253637,-74.0060408,0,0,View Obstructed/Limited,4468430,17.3,11.1,0.2,0.2,0.0,2.0,51,23.9,43.9,293,Drizzle: Light,0,0,
71706,2021-10-13 11:20:00,40.8204526,-73.9165482,0,0,Driver Inattention/Distraction,4466997,21.7,14.8,0.1,0.1,0.0,1.0,51,12.2,23.0,200,Drizzle: Light,0,0,
71707,2021-10-24 18:10:00,40.6723583,-73.8096761,1,0,Driver Inexperience,4470436,15.5,7.6,0.7,0.7,0.0,1.0,53,13.0,23.8,248,Drizzle: Moderate,1,1,
71708,2021-10-19 06:00:00,40.6311847,-73.9563637,0,0,Driver Inattention/Distraction,4468858,19.1,8.3,0.0,0.0,0.0,0.0,1,24.6,45.0,272,Mainly clear,0,0,Sunny/Clear Conditions
71709,2021-10-13 14:32:00,40.8731207,-73.903169,0,0,Unspecified,4467585,21.7,14.8,0.1,0.1,0.0,1.0,51,12.2,23.0,200,Drizzle: Light,0,0,
71710,2021-10-01 16:00:00,40.6821814,-73.9465811,0,0,Driver Inattention/Distraction,4467845,19.4,9.5,0.0,0.0,0.0,0.0,0,13.8,28.1,302,Clear sky,0,0,Sunny/Clear Conditions
71711,2021-10-14 13:25:00,40.754011,-73.9239485,0,0,Steering Failure,4467066,25.0,15.4,0.0,0.0,0.0,0.0,3,15.4,29.9,328,Overcast,0,0,
71712,2021-10-15 17:19:00,40.6656161,-73.8175642,0,0,Driver Inattention/Distraction,4468004,25.0,14.5,0.0,0.0,0.0,0.0,3,16.8,28.4,182,Overcast,0,0,
71713,2021-10-22 16:10:00,40.8542299,-73.8862172,6,0,Alcohol Involvement,4470278,20.3,14.4,0.0,0.0,0.0,0.0,3,18.1,31.3,267,Overcast,6,6,
71714,2021-10-17 13:00:00,40.6883257,-73.9648108,0,0,Driver Inattention/Distraction,4468741,17.3,11.1,0.2,0.2,0.0,2.0,51,23.9,43.9,293,Drizzle: Light,0,0,
71715,2021-10-25 01:18:00,40.7563194,-73.8336777,1,0,Failure to Yield Right-of-Way,4470779,22.8,13.5,10.7,10.7,0.0,8.0,63,18.9,33.5,172,Rain: Moderate,1,1,
71716,2021-10-22 11:33:00,40.7407858,-73.8149947,1,0,Failure to Yield Right-of-Way,4470747,20.3,14.4,0.0,0.0,0.0,0.0,3,18.1,31.3,267,Overcast,1,1,
71717,2021-10-07 05:10:00,40.7127835,-73.9372465,0,1,Driver Inattention/Distraction,4464892,22.4,15.7,0.4,0.4,0.0,4.0,51,10.5,20.5,231,Drizzle: Light,20,1,
71718,2021-11-02 18:40:00,40.724613,-73.75274,0,0,Passing Too Closely,4473834,11.4,7.0,0.6,0.6,0.0,4.0,51,14.1,28.1,271,Drizzle: Light,0,0,
71719,2021-10-18 05:09:00,40.734425,-73.9098218,0,0,Following Too Closely,4468955,15.8,9.2,0.0,0.0,0.0,0.0,2,32.4,58.3,296,Partly cloudy,0,0,
71720,2021-10-23 02:56:00,40.7632619,-73.9893298,0,0,Obstruction/Debris,4470011,15.9,10.4,0.2,0.2,0.0,2.0,51,14.4,26.6,326,Drizzle: Light,0,0,
71721,2021-10-11 19:30:00,40.8874515,-73.8476073,3,0,Fatigued/Drowsy,4468898,21.7,16.3,0.0,0.0,0.0,0.0,3,25.7,49.7,41,Overcast,3,3,
71722,2021-10-15 10:24:00,40.6313217,-73.9023297,2,0,Failure to Yield Right-of-Way,4467378,25.0,14.5,0.0,0.0,0.0,0.0,3,16.8,28.4,182,Overcast,2,2,
71723,2021-10-22 12:35:00,40.8571365,-73.8437933,0,0,Turning Improperly,4469870,20.3,14.4,0.0,0.0,0.0,0.0,3,18.1,31.3,267,Overcast,0,0,
71724,2021-10-16 12:00:00,40.876976,-73.8896598,0,0,Unspecified,4468412,24.3,15.0,17.5,17.5,0.0,9.0,63,25.7,46.4,195,Rain: Moderate,0,0,
71725,2021-10-19 12:50:00,40.8412743,-73.9176091,1,0,Driver Inattention/Distraction,4469033,19.1,8.3,0.0,0.0,0.0,0.0,1,24.6,45.0,272,Mainly clear,1,1,Sunny/Clear Conditions
71726,2021-10-18 19:00:00,40.6718921,-73.8958679,0,0,Driver Inattention/Distraction,4468633,15.8,9.2,0.0,0.0,0.0,0.0,2,32.4,58.3,296,Partly cloudy,0,0,
71727,2021-10-15 20:35:00,40.6433425,-73.9144411,0,0,Driver Inattention/Distraction,4469443,25.0,14.5,0.0,0.0,0.0,0.0,3,16.8,28.4,182,Overcast,0,0,
71728,2021-10-14 20:17:00,40.6263638,-73.9189984,0,0,Passing or Lane Usage Improper,4467161,25.0,15.4,0.0,0.0,0.0,0.0,3,15.4,29.9,328,Overcast,0,0,
71729,2021-10-19 08:08:00,40.8237075,-73.897075,1,0,View Obstructed/Limited,4468766,19.1,8.3,0.0,0.0,0.0,0.0,1,24.6,45.0,272,Mainly clear,1,1,Sunny/Clear Conditions
71730,2021-10-16 19:35:00,40.7365415,-73.8572732,0,0,Unspecified,4468022,24.3,15.0,17.5,17.5,0.0,9.0,63,25.7,46.4,195,Rain: Moderate,0,0,
71731,2021-10-14 16:15:00,40.8043758,-73.9374202,1,0,Traffic Control Disregarded,4467277,25.0,15.4,0.0,0.0,0.0,0.0,3,15.4,29.9,328,Overcast,1,1,
71732,2021-10-20 19:15:00,40.6241279,-74.1527902,0,0,Following Too Closely,4469279,24.1,13.8,0.0,0.0,0.0,0.0,3,21.6,37.1,276,Overcast,0,0,
71733,2021-10-23 15:39:00,40.5909175,-73.9528121,1,0,Unspecified,4470559,15.9,10.4,0.2,0.2,0.0,2.0,51,14.4,26.6,326,Drizzle: Light,1,1,
71734,2021-10-22 01:17:00,40.6432041,-73.9092812,0,0,Unspecified,4469810,20.3,14.4,0.0,0.0,0.0,0.0,3,18.1,31.3,267,Overcast,0,0,
71735,2021-10-23 23:50:00,40.7628098,-73.9931665,0,0,Unspecified,4470311,15.9,10.4,0.2,0.2,0.0,2.0,51,14.4,26.6,326,Drizzle: Light,0,0,
71736,2021-10-15 23:26:00,40.6419869,-74.0172347,1,0,Traffic Control Disregarded,4467907,25.0,14.5,0.0,0.0,0.0,0.0,3,16.8,28.4,182,Overcast,1,1,
71737,2021-10-22 20:30:00,40.6635552,-73.9162423,0,0,Unspecified,4470195,20.3,14.4,0.0,0.0,0.0,0.0,3,18.1,31.3,267,Overcast,0,0,
71738,2021-10-14 08:00:00,40.6356447,-73.91944,0,0,Driver Inattention/Distraction,4467029,25.0,15.4,0.0,0.0,0.0,0.0,3,15.4,29.9,328,Overcast,0,0,
71739,2021-10-11 19:11:00,40.8157322,-73.94542,2,0,Other Vehicular,4466447,21.7,16.3,0.0,0.0,0.0,0.0,3,25.7,49.7,41,Overcast,2,2,
71740,2021-10-19 08:50:00,40.7388474,-73.8637517,0,0,Unspecified,4470404,19.1,8.3,0.0,0.0,0.0,0.0,1,24.6,45.0,272,Mainly clear,0,0,Sunny/Clear Conditions
71741,2021-10-17 13:35:00,40.7004848,-73.9024916,1,0,Failure to Yield Right-of-Way,4468748,17.3,11.1,0.2,0.2,0.0,2.0,51,23.9,43.9,293,Drizzle: Light,1,1,
71742,2021-10-15 06:18:00,40.6341142,-73.9191681,0,0,Driver Inattention/Distraction,4467549,25.0,14.5,0.0,0.0,0.0,0.0,3,16.8,28.4,182,Overcast,0,0,
71743,2021-10-15 01:00:00,40.6920328,-73.8659333,0,0,Passing Too Closely,4467638,25.0,14.5,0.0,0.0,0.0,0.0,3,16.8,28.4,182,Overcast,0,0,
71744,2021-10-18 20:25:00,40.7497878,-73.900141,0,0,Driver Inattention/Distraction,4468750,15.8,9.2,0.0,0.0,0.0,0.0,2,32.4,58.3,296,Partly cloudy,0,0,
71745,2021-10-23 00:28:00,40.8244203,-73.873567,1,0,Unspecified,4470291,15.9,10.4,0.2,0.2,0.0,2.0,51,14.4,26.6,326,Drizzle: Light,1,1,
71746,2021-10-14 03:30:00,40.8364261,-73.8714605,0,0,Unsafe Speed,4467475,25.0,15.4,0.0,0.0,0.0,0.0,3,15.4,29.9,328,Overcast,0,0,
71747,2021-10-24 05:30:00,40.8190074,-73.9555421,1,0,Alcohol Involvement,4470461,15.5,7.6,0.7,0.7,0.0,1.0,53,13.0,23.8,248,Drizzle: Moderate,1,1,
71748,2021-10-24 10:08:00,40.7138823,-73.9936587,1,0,Unspecified,4470615,15.5,7.6,0.7,0.7,0.0,1.0,53,13.0,23.8,248,Drizzle: Moderate,1,1,
71749,2021-10-13 16:43:00,40.7916628,-73.9646839,1,0,Unspecified,4467146,21.7,14.8,0.1,0.1,0.0,1.0,51,12.2,23.0,200,Drizzle: Light,1,1,
71750,2021-10-09 19:43:00,40.732864,-73.73219,1,0,Unspecified,4465712,20.2,15.2,1.2,1.2,0.0,5.0,51,22.8,42.8,71,Drizzle: Light,1,1,
71751,2021-10-17 21:00:00,40.6815652,-74.0022978,0,0,Unspecified,4468565,17.3,11.1,0.2,0.2,0.0,2.0,51,23.9,43.9,293,Drizzle: Light,0,0,
71752,2021-10-18 10:38:00,40.8037191,-73.9541275,0,0,Driver Inattention/Distraction,4469162,15.8,9.2,0.0,0.0,0.0,0.0,2,32.4,58.3,296,Partly cloudy,0,0,
71753,2021-10-11 09:50:00,40.8178952,-73.9305879,0,0,Unspecified,4467723,21.7,16.3,0.0,0.0,0.0,0.0,3,25.7,49.7,41,Overcast,0,0,
71754,2021-11-02 12:05:00,40.75548,-73.74173,0,0,Following Too Closely,4473399,11.4,7.0,0.6,0.6,0.0,4.0,51,14.1,28.1,271,Drizzle: Light,0,0,
71755,2021-10-15 21:00:00,40.8762718,-73.8880808,1,0,Reaction to Uninvolved Vehicle,4467591,25.0,14.5,0.0,0.0,0.0,0.0,3,16.8,28.4,182,Overcast,1,1,
71756,2021-10-13 13:00:00,40.7430802,-73.9547366,0,0,Driver Inattention/Distraction,4467055,21.7,14.8,0.1,0.1,0.0,1.0,51,12.2,23.0,200,Drizzle: Light,0,0,
71757,2021-10-20 14:10:00,40.7216645,-73.8437285,0,0,Passing or Lane Usage Improper,4469580,24.1,13.8,0.0,0.0,0.0,0.0,3,21.6,37.1,276,Overcast,0,0,
71758,2021-11-02 11:20:00,40.701122,-73.78332,0,0,Driver Inattention/Distraction,4474124,11.4,7.0,0.6,0.6,0.0,4.0,51,14.1,28.1,271,Drizzle: Light,0,0,
71759,2021-10-17 02:50:00,40.7040285,-73.8170984,3,0,Traffic Control Disregarded,4467929,17.3,11.1,0.2,0.2,0.0,2.0,51,23.9,43.9,293,Drizzle: Light,3,3,
71760,2021-10-20 17:30:00,40.5793999,-74.1694817,1,0,Unsafe Lane Changing,4469448,24.1,13.8,0.0,0.0,0.0,0.0,3,21.6,37.1,276,Overcast,1,1,
71761,2021-10-19 08:50:00,40.617789,-74.0811029,0,0,Unspecified,4468783,19.1,8.3,0.0,0.0,0.0,0.0,1,24.6,45.0,272,Mainly clear,0,0,Sunny/Clear Conditions
71762,2021-10-18 07:42:00,40.6821817,-73.9738984,0,0,Aggressive Driving/Road Rage,4468687,15.8,9.2,0.0,0.0,0.0,0.0,2,32.4,58.3,296,Partly cloudy,0,0,
71763,2021-10-14 20:45:00,40.7400682,-73.935449,2,0,Oversized Vehicle,4467188,25.0,15.4,0.0,0.0,0.0,0.0,3,15.4,29.9,328,Overcast,2,2,
71764,2021-10-19 07:50:00,40.6692356,-73.9969648,1,0,Unspecified,4468781,19.1,8.3,0.0,0.0,0.0,0.0,1,24.6,45.0,272,Mainly clear,1,1,Sunny/Clear Conditions
71765,2021-10-25 08:00:00,40.6917544,-73.9665651,1,0,Driver Inattention/Distraction,4470703,22.8,13.5,10.7,10.7,0.0,8.0,63,18.9,33.5,172,Rain: Moderate,1,1,
71766,2021-10-16 02:05:00,40.6645136,-73.9537863,1,0,Alcohol Involvement,4467770,24.3,15.0,17.5,17.5,0.0,9.0,63,25.7,46.4,195,Rain: Moderate,1,1,
71767,2021-10-22 21:46:00,40.8571365,-73.8437933,0,0,Turning Improperly,4469990,20.3,14.4,0.0,0.0,0.0,0.0,3,18.1,31.3,267,Overcast,0,0,
71768,2021-10-19 04:30:00,40.7382193,-73.9214254,0,0,Unspecified,4468917,19.1,8.3,0.0,0.0,0.0,0.0,1,24.6,45.0,272,Mainly clear,0,0,Sunny/Clear Conditions
71769,2021-10-18 17:10:00,40.7808922,-73.9584917,0,0,Following Too Closely,4468593,15.8,9.2,0.0,0.0,0.0,0.0,2,32.4,58.3,296,Partly cloudy,0,0,
71770,2021-10-21 18:05:00,40.6931192,-73.968811,1,0,Driver Inattention/Distraction,4469696,22.9,12.0,0.0,0.0,0.0,0.0,3,17.0,31.7,207,Overcast,1,1,
71771,2021-10-16 14:55:00,40.6637804,-73.9025085,0,0,Other Vehicular,4469857,24.3,15.0,17.5,17.5,0.0,9.0,63,25.7,46.4,195,Rain: Moderate,0,0,
71772,2021-10-19 12:47:00,40.7865477,-73.9525532,1,0,Driver Inexperience,4469179,19.1,8.3,0.0,0.0,0.0,0.0,1,24.6,45.0,272,Mainly clear,1,1,Sunny/Clear Conditions
71773,2021-11-02 16:00:00,40.682415,-73.84451,0,0,Failure to Yield Right-of-Way,4473480,11.4,7.0,0.6,0.6,0.0,4.0,51,14.1,28.1,271,Drizzle: Light,0,0,
71774,2021-10-23 16:00:00,40.6217937,-73.9700187,0,0,Unspecified,4470610,15.9,10.4,0.2,0.2,0.0,2.0,51,14.4,26.6,326,Drizzle: Light,0,0,
71775,2021-10-16 22:20:00,40.7452931,-73.9984879,1,0,Driver Inattention/Distraction,4469138,24.3,15.0,17.5,17.5,0.0,9.0,63,25.7,46.4,195,Rain: Moderate,1,1,
71776,2021-10-24 07:00:00,40.8404302,-73.8867279,0,0,Driver Inattention/Distraction,4470654,15.5,7.6,0.7,0.7,0.0,1.0,53,13.0,23.8,248,Drizzle: Moderate,0,0,
71777,2021-10-23 13:24:00,40.8499209,-73.9314712,1,0,Driver Inattention/Distraction,4470855,15.9,10.4,0.2,0.2,0.0,2.0,51,14.4,26.6,326,Drizzle: Light,1,1,
71778,2021-10-21 12:30:00,40.8396218,-73.9388161,0,0,Backing Unsafely,4469714,22.9,12.0,0.0,0.0,0.0,0.0,3,17.0,31.7,207,Overcast,0,0,
71779,2021-10-13 01:20:00,40.7211707,-73.9939358,0,0,Driver Inattention/Distraction,4466918,21.7,14.8,0.1,0.1,0.0,1.0,51,12.2,23.0,200,Drizzle: Light,0,0,
71780,2021-11-02 15:35:00,40.655754,-73.95824,0,0,Driver Inattention/Distraction,4474003,11.4,7.0,0.6,0.6,0.0,4.0,51,14.1,28.1,271,Drizzle: Light,0,0,
71781,2021-10-20 19:45:00,40.7254761,-73.7655773,1,0,,4469298,24.1,13.8,0.0,0.0,0.0,0.0,3,21.6,37.1,276,Overcast,1,1,