,CRASH DATETIME,LATITUDE,LONGITUDE,NUMBER OF PERSONS INJURED,NUMBER OF PERSONS KILLED,CONTRIBUTING FACTOR VEHICLE 1,COLLISION_ID,temperature_2m_max,temperature_2m_min,precipitation_sum,rain_sum,snowfall_sum,precipitation_hours,weather_code,wind_speed_10m_max,wind_gusts_10m_max,wind_direction_10m_dominant,Weather Description,Severity_Score,Total_Affected_Persons,Weather_Category
71782,2021-10-16 21:02:00,40.7440994,-73.9763621,1,0,View Obstructed/Limited,4467806,24.3,15.0,17.5,17.5,0.0,9.0,63,25.7,46.4,195,Rain: Moderate,1,1,
71783,2021-10-29 21:53:00,40.853813,-73.90734,3,0,Unspecified,4474079,13.8,8.3,9.3,9.3,0.0,5.0,63,40.9,73.8,78,Rain: Moderate,3,3,
71784,2021-10-14 00:01:00,40.7150251,-73.8076388,0,0,Unspecified,4466832,25.0,15.4,0.0,0.0,0.0,0.0,3,15.4,29.9,328,Overcast,0,0,
71785,2021-10-18 18:30:00,40.7546805,-73.8937353,0,0,Driver Inattention/Distraction,4468694,15.8,9.2,0.0,0.0,0.0,0.0,2,32.4,58.3,296,Partly cloudy,0,0,
71786,2021-10-16 09:00:00,40.7254356,-73.9517381,1,0,Unspecified,4469871,24.3,15.0,17.5,17.5,0.0,9.0,63,25.7,46.4,195,Rain: Moderate,1,1,
71787,2021-10-14 16:07:00,40.76226,-73.7569828,1,0,Failure to Yield Right-of-Way,4467168,25.0,15.4,0.0,0.0,0.0,0.0,3,15.4,29.9,328,Overcast,1,1,
71788,2021-10-15 21:18:00,40.693041,-73.9244383,0,0,Driver Inattention/Distraction,4468321,25.0,14.5,0.0,0.0,0.0,0.0,3,16.8,28.4,182,Overcast,0,0,
71789,2021-10-20 17:00:00,40.7200215,-73.818328,0,0,Unsafe Speed,4469502,24.1,13.8,0.0,0.0,0.0,0.0,3,21.6,37.1,276,Overcast,0,0,
71790,2021-10-18 22:00:00,40.6201606,-74.0769561,1,0,Driver Inattention/Distraction,4469266,15.8,9.2,0.0,0.0,0.0,0.0,2,32.4,58.3,296,Partly cloudy,1,1,
71791,2021-10-22 20:00:00,40.6945985,-73.7517011,0,0,Failure to Yield Right-of-Way,4469982,20.3,14.4,0.0,0.0,0.0,0.0,3,18.1,31.3,267,Overcast,0,0,
71792,2021-10-19 08:55:00,40.6390144,-74.0056883,0,0,Unspecified,4469061,19.1,8.3,0.0,0.0,0.0,0.0,1,24.6,45.0,272,Mainly clear,0,0,Sunny/Clear Conditions
71793,2021-10-13 11:24:00,40.8653664,-73.9243835,0,0,Passing or Lane Usage Improper,4467038,21.7,14.8,0.1,0.1,0.0,1.0,51,12.2,23.0,200,Drizzle: Light,0,0,
71794,2021-10-18 11:28:00,40.6787376,-73.8988676,2,0,Obstruction/Debris,4469237,15.8,9.2,0.0,0.0,0.0,0.0,2,32.4,58.3,296,Partly cloudy,2,2,
71795,2021-10-19 07:50:00,40.8571285,-73.8807926,0,0,Passing or Lane Usage Improper,4469147,19.1,8.3,0.0,0.0,0.0,0.0,1,24.6,45.0,272,Mainly clear,0,0,Sunny/Clear Conditions
71796,2021-10-16 00:45:00,40.7211618,-73.8668713,0,0,Backing Unsafely,4469078,24.3,15.0,17.5,17.5,0.0,9.0,63,25.7,46.4,195,Rain: Moderate,0,0,
71797,2021-10-24 12:50:00,40.6774056,-73.9830482,1,0,Unspecified,4470587,15.5,7.6,0.7,0.7,0.0,1.0,53,13.0,23.8,248,Drizzle: Moderate,1,1,
71798,2022-07-02 15:15:00,40.886395,-73.86125,1,0,Driver Inattention/Distraction,4544779,30.8,23.1,4.0,4.0,0.0,5.0,61,19.4,40.0,229,Rain: Light,1,1,
71799,2021-10-13 16:46:00,40.7890514,-73.9703009,0,0,Passing Too Closely,4466906,21.7,14.8,0.1,0.1,0.0,1.0,51,12.2,23.0,200,Drizzle: Light,0,0,
71800,2021-10-16 01:20:00,40.5890415,-73.9445709,0,0,Tinted Windows,4467618,24.3,15.0,17.5,17.5,0.0,9.0,63,25.7,46.4,195,Rain: Moderate,0,0,
71801,2021-10-24 15:30:00,40.700469,-73.934528,0,0,Passing or Lane Usage Improper,4470444,15.5,7.6,0.7,0.7,0.0,1.0,53,13.0,23.8,248,Drizzle: Moderate,0,0,
71802,2021-10-11 18:30:00,40.8200253,-73.9266245,1,0,Failure to Yield Right-of-Way,4466300,21.7,16.3,0.0,0.0,0.0,0.0,3,25.7,49.7,41,Overcast,1,1,
71803,2021-10-23 07:20:00,40.6962067,-73.9178172,0,0,Unspecified,4470054,15.9,10.4,0.2,0.2,0.0,2.0,51,14.4,26.6,326,Drizzle: Light,0,0,
71804,2021-10-13 07:06:00,40.7710889,-73.9816965,1,0,Driver Inattention/Distraction,4468514,21.7,14.8,0.1,0.1,0.0,1.0,51,12.2,23.0,200,Drizzle: Light,1,1,
71805,2021-10-13 19:00:00,40.7489858,-73.979955,0,0,Unsafe Lane Changing,4467544,21.7,14.8,0.1,0.1,0.0,1.0,51,12.2,23.0,200,Drizzle: Light,0,0,
71806,2021-10-22 12:00:00,40.700498,-73.9625503,0,0,Oversized Vehicle,4470084,20.3,14.4,0.0,0.0,0.0,0.0,3,18.1,31.3,267,Overcast,0,0,
71807,2021-10-16 15:40:00,40.8509074,-73.9382837,0,0,Driver Inexperience,4468855,24.3,15.0,17.5,17.5,0.0,9.0,63,25.7,46.4,195,Rain: Moderate,0,0,
71808,2021-10-17 00:50:00,40.6087174,-74.1163184,0,0,Unsafe Speed,4467734,17.3,11.1,0.2,0.2,0.0,2.0,51,23.9,43.9,293,Drizzle: Light,0,0,
71809,2021-10-23 20:28:00,40.6173919,-73.9919351,1,0,Passing Too Closely,4470097,15.9,10.4,0.2,0.2,0.0,2.0,51,14.4,26.6,326,Drizzle: Light,1,1,
71810,2021-11-01 07:40:00,40.698406,-73.80647,0,0,Pedestrian/Bicyclist/Other Pedestrian Error/Confusion,4474109,14.4,8.0,0.0,0.0,0.0,0.0,3,20.7,38.5,278,Overcast,0,0,
71811,2021-10-21 10:40:00,40.6361588,-73.9074222,0,0,Unspecified,4469811,22.9,12.0,0.0,0.0,0.0,0.0,3,17.0,31.7,207,Overcast,0,0,
71812,2021-10-13 20:37:00,40.7203211,-73.9940403,1,0,Driver Inattention/Distraction,4466933,21.7,14.8,0.1,0.1,0.0,1.0,51,12.2,23.0,200,Drizzle: Light,1,1,
71813,2021-10-16 17:58:00,40.6848893,-73.9351687,1,0,Driver Inattention/Distraction,4470421,24.3,15.0,17.5,17.5,0.0,9.0,63,25.7,46.4,195,Rain: Moderate,1,1,
71814,2021-10-15 09:40:00,40.7387742,-73.8084471,0,0,Passing or Lane Usage Improper,4467379,25.0,14.5,0.0,0.0,0.0,0.0,3,16.8,28.4,182,Overcast,0,0,
71815,2021-11-02 16:53:00,40.870182,-73.88552,0,0,Unspecified,4473531,11.4,7.0,0.6,0.6,0.0,4.0,51,14.1,28.1,271,Drizzle: Light,0,0,
71816,2021-10-20 14:35:00,40.7095234,-74.0016664,1,0,Unspecified,4469202,24.1,13.8,0.0,0.0,0.0,0.0,3,21.6,37.1,276,Overcast,1,1,
71817,2021-10-30 05:30:00,40.766605,-73.91611,0,0,Alcohol Involvement,4474105,17.8,12.0,7.8,7.8,0.0,16.0,61,38.5,68.0,112,Rain: Light,0,0,
71818,2021-09-13 10:30:00,40.7516709,-73.941873,0,0,Backing Unsafely,4470724,28.8,21.8,1.1,1.1,0.0,2.0,53,20.1,36.7,277,Drizzle: Moderate,0,0,
71819,2021-10-20 10:00:00,40.5621307,-74.1551318,1,0,Failure to Keep Right,4469372,24.1,13.8,0.0,0.0,0.0,0.0,3,21.6,37.1,276,Overcast,1,1,
71820,2021-10-18 22:19:00,40.7639417,-73.8281463,0,0,Traffic Control Disregarded,4468937,15.8,9.2,0.0,0.0,0.0,0.0,2,32.4,58.3,296,Partly cloudy,0,0,
71821,2021-10-14 11:00:00,40.694001,-73.9234996,0,0,Driver Inattention/Distraction,4467077,25.0,15.4,0.0,0.0,0.0,0.0,3,15.4,29.9,328,Overcast,0,0,
71822,2021-10-24 04:40:00,40.6496692,-73.9523623,0,0,Unspecified,4470284,15.5,7.6,0.7,0.7,0.0,1.0,53,13.0,23.8,248,Drizzle: Moderate,0,0,
71823,2021-10-23 12:40:00,40.6841453,-73.9994015,0,0,Unspecified,4470065,15.9,10.4,0.2,0.2,0.0,2.0,51,14.4,26.6,326,Drizzle: Light,0,0,
71824,2021-10-17 00:20:00,40.775292,-73.9536264,0,0,Driver Inattention/Distraction,4468075,17.3,11.1,0.2,0.2,0.0,2.0,51,23.9,43.9,293,Drizzle: Light,0,0,
71825,2021-10-25 07:41:00,40.7642781,-73.9730158,0,0,Passing or Lane Usage Improper,4470804,22.8,13.5,10.7,10.7,0.0,8.0,63,18.9,33.5,172,Rain: Moderate,0,0,
71826,2021-10-20 14:50:00,40.6205224,-73.9407517,0,0,Driver Inattention/Distraction,4469204,24.1,13.8,0.0,0.0,0.0,0.0,3,21.6,37.1,276,Overcast,0,0,
71827,2021-10-20 08:15:00,40.5811716,-73.8390603,0,0,Alcohol Involvement,4470849,24.1,13.8,0.0,0.0,0.0,0.0,3,21.6,37.1,276,Overcast,0,0,
71828,2021-10-24 07:00:00,40.816554,-73.9195436,0,0,Driver Inattention/Distraction,4470630,15.5,7.6,0.7,0.7,0.0,1.0,53,13.0,23.8,248,Drizzle: Moderate,0,0,
71829,2021-10-16 23:30:00,40.880369,-73.8974915,0,0,Driver Inexperience,4468015,24.3,15.0,17.5,17.5,0.0,9.0,63,25.7,46.4,195,Rain: Moderate,0,0,
71830,2021-10-22 22:00:00,40.8871352,-73.9087652,0,0,Unspecified,4470039,20.3,14.4,0.0,0.0,0.0,0.0,3,18.1,31.3,267,Overcast,0,0,
71831,2021-10-18 09:29:00,40.6193973,-73.9695659,0,0,Unspecified,4469060,15.8,9.2,0.0,0.0,0.0,0.0,2,32.4,58.3,296,Partly cloudy,0,0,
71832,2021-10-17 22:55:00,40.6778446,-73.9528108,1,0,Unspecified,4470350,17.3,11.1,0.2,0.2,0.0,2.0,51,23.9,43.9,293,Drizzle: Light,1,1,
71833,2021-10-17 19:47:00,40.7430802,-73.9547366,0,0,Unspecified,4468376,17.3,11.1,0.2,0.2,0.0,2.0,51,23.9,43.9,293,Drizzle: Light,0,0,
71834,2021-10-20 05:18:00,40.6527684,-73.8862898,0,0,Following Too Closely,4469240,24.1,13.8,0.0,0.0,0.0,0.0,3,21.6,37.1,276,Overcast,0,0,
71835,2021-10-12 07:45:00,40.717339,-73.8195221,0,0,Unsafe Lane Changing,4466383,21.6,15.2,0.0,0.0,0.0,0.0,3,11.8,23.8,81,Overcast,0,0,
71836,2021-10-18 08:34:00,40.7716209,-73.9203779,1,0,Driver Inattention/Distraction,4470756,15.8,9.2,0.0,0.0,0.0,0.0,2,32.4,58.3,296,Partly cloudy,1,1,
71837,2021-11-02 06:30:00,40.748913,-73.9374,0,0,Unspecified,4473756,11.4,7.0,0.6,0.6,0.0,4.0,51,14.1,28.1,271,Drizzle: Light,0,0,
71838,2021-10-11 15:10:00,40.8563804,-73.8389005,1,0,Pedestrian/Bicyclist/Other Pedestrian Error/Confusion,4467342,21.7,16.3,0.0,0.0,0.0,0.0,3,25.7,49.7,41,Overcast,1,1,
71839,2021-10-13 17:00:00,40.577945,-74.1023153,0,0,Failure to Yield Right-of-Way,4466982,21.7,14.8,0.1,0.1,0.0,1.0,51,12.2,23.0,200,Drizzle: Light,0,0,
71840,2021-09-25 13:21:00,40.6556338,-73.9598617,0,0,Unspecified,4460769,22.8,14.0,0.0,0.0,0.0,0.0,3,7.9,15.8,322,Overcast,0,0,
71841,2021-10-21 10:50:00,40.665473,-73.899998,0,0,View Obstructed/Limited,4469685,22.9,12.0,0.0,0.0,0.0,0.0,3,17.0,31.7,207,Overcast,0,0,
71842,2022-04-13 16:20:00,40.711437,-73.74779,0,0,Alcohol Involvement,4518981,18.9,7.1,0.0,0.0,0.0,0.0,3,18.7,37.4,112,Overcast,0,0,
71843,2021-10-16 09:04:00,40.8308903,-73.8272842,0,0,Unspecified,4468617,24.3,15.0,17.5,17.5,0.0,9.0,63,25.7,46.4,195,Rain: Moderate,0,0,
71844,2021-10-22 14:00:00,40.6747902,-73.8026013,1,0,Failure to Yield Right-of-Way,4470541,20.3,14.4,0.0,0.0,0.0,0.0,3,18.1,31.3,267,Overcast,1,1,
71845,2021-10-20 14:00:00,40.6576456,-73.7676094,1,0,Unsafe Speed,4469271,24.1,13.8,0.0,0.0,0.0,0.0,3,21.6,37.1,276,Overcast,1,1,
71846,2021-10-21 13:45:00,40.7861742,-73.945696,1,0,Passing or Lane Usage Improper,4470881,22.9,12.0,0.0,0.0,0.0,0.0,3,17.0,31.7,207,Overcast,1,1,
71847,2021-10-18 15:15:00,40.6668465,-73.7419348,0,0,Driver Inattention/Distraction,4468887,15.8,9.2,0.0,0.0,0.0,0.0,2,32.4,58.3,296,Partly cloudy,0,0,
71848,2021-10-14 18:55:00,40.6420413,-74.0203948,2,0,Unspecified,4467232,25.0,15.4,0.0,0.0,0.0,0.0,3,15.4,29.9,328,Overcast,2,2,
71849,2021-10-17 23:10:00,40.7434485,-74.0035402,1,0,Traffic Control Disregarded,4469154,17.3,11.1,0.2,0.2,0.0,2.0,51,23.9,43.9,293,Drizzle: Light,1,1,
71850,2021-10-24 12:41:00,40.6615269,-73.8940868,0,0,Unsafe Speed,4470489,15.5,7.6,0.7,0.7,0.0,1.0,53,13.0,23.8,248,Drizzle: Moderate,0,0,
71851,2021-10-22 17:45:00,40.7161833,-73.9807441,1,0,Driver Inattention/Distraction,4469929,20.3,14.4,0.0,0.0,0.0,0.0,3,18.1,31.3,267,Overcast,1,1,
71852,2021-10-14 21:04:00,40.7372858,-73.9811165,0,0,Unsafe Lane Changing,4467790,25.0,15.4,0.0,0.0,0.0,0.0,3,15.4,29.9,328,Overcast,0,0,
71853,2021-10-23 03:38:00,40.6379752,-73.9533704,1,0,Fell Asleep,4470191,15.9,10.4,0.2,0.2,0.0,2.0,51,14.4,26.6,326,Drizzle: Light,1,1,
71854,2021-11-02 06:52:00,40.643734,-74.009575,2,0,Alcohol Involvement,4473430,11.4,7.0,0.6,0.6,0.0,4.0,51,14.1,28.1,271,Drizzle: Light,2,2,
71855,2021-11-02 19:15:00,40.752937,-73.812744,1,0,Failure to Yield Right-of-Way,4473456,11.4,7.0,0.6,0.6,0.0,4.0,51,14.1,28.1,271,Drizzle: Light,1,1,
71856,2021-10-19 19:40:00,40.7639417,-73.8281463,1,0,Failure to Yield Right-of-Way,4468928,19.1,8.3,0.0,0.0,0.0,0.0,1,24.6,45.0,272,Mainly clear,1,1,Sunny/Clear Conditions
71857,2021-10-22 16:05:00,40.8308903,-73.8272842,0,0,Unspecified,4470155,20.3,14.4,0.0,0.0,0.0,0.0,3,18.1,31.3,267,Overcast,0,0,
71858,2021-05-24 09:35:00,40.687008,-73.82219,0,0,Driver Inattention/Distraction,4420170,18.9,13.7,0.0,0.0,0.0,0.0,3,22.4,44.3,126,Overcast,0,0,
71859,2021-07-23 17:49:00,40.718143,-73.993835,1,0,Unspecified,4440560,26.2,17.3,0.0,0.0,0.0,0.0,1,11.3,27.0,340,Mainly clear,1,1,Sunny/Clear Conditions
71860,2021-07-19 21:35:00,40.678276,-73.91076,1,0,Unspecified,4445317,27.5,20.8,0.5,0.5,0.0,2.0,51,12.8,29.9,307,Drizzle: Light,1,1,
71861,2021-08-14 18:30:00,40.826427,-73.950455,1,0,Driver Inattention/Distraction,4447765,31.3,24.2,2.5,2.5,0.0,5.0,55,16.9,32.8,286,Drizzle: Dense,1,1,
71862,2021-08-14 00:04:00,40.828297,-73.95087,0,0,Driver Inattention/Distraction,4447762,31.3,24.2,2.5,2.5,0.0,5.0,55,16.9,32.8,286,Drizzle: Dense,0,0,
71863,2021-07-22 21:58:00,40.534622,-74.19812,1,0,Unsafe Speed,4447770,26.7,17.5,0.0,0.0,0.0,0.0,3,15.3,28.4,327,Overcast,1,1,
71864,2021-08-14 22:20:00,40.78598,-73.84654,0,0,Unsafe Speed,4447778,31.3,24.2,2.5,2.5,0.0,5.0,55,16.9,32.8,286,Drizzle: Dense,0,0,
71865,2021-10-20 12:55:00,40.7103368,-73.951969,1,0,Driver Inattention/Distraction,4469659,24.1,13.8,0.0,0.0,0.0,0.0,3,21.6,37.1,276,Overcast,1,1,
71866,2021-10-13 08:55:00,40.7183023,-73.9846174,0,0,Unspecified,4466734,21.7,14.8,0.1,0.1,0.0,1.0,51,12.2,23.0,200,Drizzle: Light,0,0,
71867,2021-10-18 11:39:00,40.8365577,-73.8713467,0,0,Turning Improperly,4468473,15.8,9.2,0.0,0.0,0.0,0.0,2,32.4,58.3,296,Partly cloudy,0,0,
71868,2021-10-22 17:45:00,40.6303667,-73.9737131,1,0,Unsafe Speed,4470187,20.3,14.4,0.0,0.0,0.0,0.0,3,18.1,31.3,267,Overcast,1,1,
71869,2021-10-23 17:50:00,40.687535,-73.9731402,0,0,Following Too Closely,4470079,15.9,10.4,0.2,0.2,0.0,2.0,51,14.4,26.6,326,Drizzle: Light,0,0,
71870,2021-10-17 10:57:00,40.8101754,-73.9374076,0,0,Traffic Control Disregarded,4468365,17.3,11.1,0.2,0.2,0.0,2.0,51,23.9,43.9,293,Drizzle: Light,0,0,
71871,2021-10-19 07:30:00,40.7440994,-73.9763621,1,0,Failure to Yield Right-of-Way,4469070,19.1,8.3,0.0,0.0,0.0,0.0,1,24.6,45.0,272,Mainly clear,1,1,Sunny/Clear Conditions
71872,2021-10-15 00:00:00,40.6406452,-73.7433838,1,0,Unspecified,4468509,25.0,14.5,0.0,0.0,0.0,0.0,3,16.8,28.4,182,Overcast,1,1,
71873,2021-10-24 20:00:00,40.6383418,-74.0173526,2,0,Driver Inattention/Distraction,4470519,15.5,7.6,0.7,0.7,0.0,1.0,53,13.0,23.8,248,Drizzle: Moderate,2,2,
71874,2022-04-15 13:00:00,40.725506,-73.73766,1,0,Unspecified,4519249,19.2,6.3,0.1,0.1,0.0,1.0,51,26.9,46.1,243,Drizzle: Light,1,1,
71875,2021-10-16 21:30:00,40.6919827,-73.7356857,0,0,Failure to Yield Right-of-Way,4468132,24.3,15.0,17.5,17.5,0.0,9.0,63,25.7,46.4,195,Rain: Moderate,0,0,
71876,2021-10-22 07:01:00,40.769306,-73.9155085,0,0,Traffic Control Disregarded,4470711,20.3,14.4,0.0,0.0,0.0,0.0,3,18.1,31.3,267,Overcast,0,0,
71877,2021-10-15 17:16:00,40.7391115,-73.9429918,0,0,Driver Inattention/Distraction,4467464,25.0,14.5,0.0,0.0,0.0,0.0,3,16.8,28.4,182,Overcast,0,0,
71878,2021-10-17 13:00:00,40.7523185,-73.8323919,1,0,Pedestrian/Bicyclist/Other Pedestrian Error/Confusion,4468105,17.3,11.1,0.2,0.2,0.0,2.0,51,23.9,43.9,293,Drizzle: Light,1,1,
71879,2021-10-15 13:30:00,40.759625,-73.9700794,0,0,Driver Inattention/Distraction,4468292,25.0,14.5,0.0,0.0,0.0,0.0,3,16.8,28.4,182,Overcast,0,0,
71880,2021-10-15 07:46:00,40.7536767,-73.9144654,1,0,Passing or Lane Usage Improper,4467893,25.0,14.5,0.0,0.0,0.0,0.0,3,16.8,28.4,182,Overcast,1,1,
71881,2021-10-22 03:38:00,40.6226888,-73.9618663,1,0,Unspecified,4470172,20.3,14.4,0.0,0.0,0.0,0.0,3,18.1,31.3,267,Overcast,1,1,
71882,2021-10-20 21:50:00,40.7458297,-73.9010972,0,0,Driver Inattention/Distraction,4469953,24.1,13.8,0.0,0.0,0.0,0.0,3,21.6,37.1,276,Overcast,0,0,
71883,2021-10-15 23:40:00,40.8253798,-73.9400526,0,0,Unspecified,4467635,25.0,14.5,0.0,0.0,0.0,0.0,3,16.8,28.4,182,Overcast,0,0,
71884,2021-08-14 14:14:00,40.663643,-73.86421,0,0,Unspecified,4446957,31.3,24.2,2.5,2.5,0.0,5.0,55,16.9,32.8,286,Drizzle: Dense,0,0,
71885,2021-08-14 22:44:00,40.637012,-73.935875,0,0,Unsafe Speed,4447241,31.3,24.2,2.5,2.5,0.0,5.0,55,16.9,32.8,286,Drizzle: Dense,0,0,
71886,2021-08-14 07:25:00,40.653576,-73.95946,2,0,Failure to Yield Right-of-Way,4447064,31.3,24.2,2.5,2.5,0.0,5.0,55,16.9,32.8,286,Drizzle: Dense,2,2,
71887,2021-08-14 10:00:00,40.595074,-73.78455,0,0,Unspecified,4447728,31.3,24.2,2.5,2.5,0.0,5.0,55,16.9,32.8,286,Drizzle: Dense,0,0,
71888,2021-08-13 13:15:00,40.675144,-73.98133,1,0,Turning Improperly,4447531,33.2,24.8,0.0,0.0,0.0,0.0,3,18.2,34.9,215,Overcast,1,1,
71889,2021-08-14 00:20:00,40.695747,-73.963875,0,0,Alcohol Involvement,4446707,31.3,24.2,2.5,2.5,0.0,5.0,55,16.9,32.8,286,Drizzle: Dense,0,0,
71890,2021-08-14 20:35:00,40.725876,-73.97754,0,0,Oversized Vehicle,4447009,31.3,24.2,2.5,2.5,0.0,5.0,55,16.9,32.8,286,Drizzle: Dense,0,0,
71891,2021-08-14 18:20:00,40.83233,-73.9277,0,0,Unsafe Speed,4447363,31.3,24.2,2.5,2.5,0.0,5.0,55,16.9,32.8,286,Drizzle: Dense,0,0,
71892,2021-08-14 15:45:00,40.709152,-74.01055,1,0,Unspecified,4447124,31.3,24.2,2.5,2.5,0.0,5.0,55,16.9,32.8,286,Drizzle: Dense,1,1,
71893,2021-08-13 23:43:00,40.67247,-73.79987,1,0,Failure to Yield Right-of-Way,4447482,33.2,24.8,0.0,0.0,0.0,0.0,3,18.2,34.9,215,Overcast,1,1,
71894,2021-08-12 18:25:00,40.671608,-73.91695,0,0,Unspecified,4447573,35.2,23.1,0.0,0.0,0.0,0.0,3,21.0,47.5,220,Overcast,0,0,
71895,2021-08-10 17:45:00,40.686264,-73.9567,0,0,Unsafe Lane Changing,4447632,27.3,20.4,3.8,3.8,0.0,11.0,61,18.0,36.0,170,Rain: Light,0,0,
71896,2021-08-14 11:30:00,40.679024,-73.73673,0,0,Unsafe Speed,4446743,31.3,24.2,2.5,2.5,0.0,5.0,55,16.9,32.8,286,Drizzle: Dense,0,0,
71897,2021-08-14 12:00:00,40.715187,-73.91106,0,0,Oversized Vehicle,4447133,31.3,24.2,2.5,2.5,0.0,5.0,55,16.9,32.8,286,Drizzle: Dense,0,0,
71898,2021-08-12 12:20:00,40.665863,-73.98906,0,0,Passing or Lane Usage Improper,4447529,35.2,23.1,0.0,0.0,0.0,0.0,3,21.0,47.5,220,Overcast,0,0,
71899,2021-08-14 19:40:00,40.85315,-73.90561,0,0,Unspecified,4447564,31.3,24.2,2.5,2.5,0.0,5.0,55,16.9,32.8,286,Drizzle: Dense,0,0,
71900,2021-08-14 16:54:00,40.709923,-73.99047,1,0,Following Too Closely,4447462,31.3,24.2,2.5,2.5,0.0,5.0,55,16.9,32.8,286,Drizzle: Dense,1,1,
71901,2021-08-14 09:13:00,40.636227,-73.88595,2,0,Unspecified,4446790,31.3,24.2,2.5,2.5,0.0,5.0,55,16.9,32.8,286,Drizzle: Dense,2,2,
71902,2021-08-14 13:45:00,40.76275,-73.83434,0,0,Backing Unsafely,4446920,31.3,24.2,2.5,2.5,0.0,5.0,55,16.9,32.8,286,Drizzle: Dense,0,0,
71903,2021-08-14 07:05:00,40.69687,-73.923035,0,0,Passing Too Closely,4447252,31.3,24.2,2.5,2.5,0.0,5.0,55,16.9,32.8,286,Drizzle: Dense,0,0,
71904,2021-08-10 17:00:00,40.822052,-73.94406,0,0,Other Vehicular,4447749,27.3,20.4,3.8,3.8,0.0,11.0,61,18.0,36.0,170,Rain: Light,0,0,
71905,2021-08-14 16:50:00,40.608852,-74.15334,0,0,Failure to Yield Right-of-Way,4447293,31.3,24.2,2.5,2.5,0.0,5.0,55,16.9,32.8,286,Drizzle: Dense,0,0,
71906,2021-08-14 22:30:00,40.7636,-73.77098,0,0,Backing Unsafely,4447392,31.3,24.2,2.5,2.5,0.0,5.0,55,16.9,32.8,286,Drizzle: Dense,0,0,
71907,2021-08-13 10:00:00,40.582108,-74.11049,0,0,Unspecified,4447436,33.2,24.8,0.0,0.0,0.0,0.0,3,18.2,34.9,215,Overcast,0,0,
71908,2021-08-14 20:55:00,40.71103,-73.9806,0,0,Unspecified,4446891,31.3,24.2,2.5,2.5,0.0,5.0,55,16.9,32.8,286,Drizzle: Dense,0,0,
71909,2021-08-14 16:55:00,40.62149,-74.02622,1,0,Driver Inattention/Distraction,4446853,31.3,24.2,2.5,2.5,0.0,5.0,55,16.9,32.8,286,Drizzle: Dense,1,1,
71910,2021-08-13 10:00:00,40.670353,-73.90618,0,0,Unspecified,4447593,33.2,24.8,0.0,0.0,0.0,0.0,3,18.2,34.9,215,Overcast,0,0,
71911,2021-08-13 23:30:00,40.606674,-73.99252,0,0,Unsafe Speed,4447618,33.2,24.8,0.0,0.0,0.0,0.0,3,18.2,34.9,215,Overcast,0,0,
71912,2021-08-14 10:41:00,40.726048,-73.816154,0,0,Unspecified,4446883,31.3,24.2,2.5,2.5,0.0,5.0,55,16.9,32.8,286,Drizzle: Dense,0,0,
71913,2021-08-14 15:15:00,40.658882,-73.72963,1,0,Unspecified,4446855,31.3,24.2,2.5,2.5,0.0,5.0,55,16.9,32.8,286,Drizzle: Dense,1,1,
71914,2021-08-14 07:48:00,40.847107,-73.90843,0,0,Driver Inattention/Distraction,4447545,31.3,24.2,2.5,2.5,0.0,5.0,55,16.9,32.8,286,Drizzle: Dense,0,0,
71915,2021-08-14 16:00:00,40.60739,-73.943214,0,0,Turning Improperly,4446908,31.3,24.2,2.5,2.5,0.0,5.0,55,16.9,32.8,286,Drizzle: Dense,0,0,
71916,2021-08-14 01:56:00,40.675735,-73.89686,0,0,Driver Inattention/Distraction,4446829,31.3,24.2,2.5,2.5,0.0,5.0,55,16.9,32.8,286,Drizzle: Dense,0,0,
71917,2021-08-12 03:28:00,40.803425,-73.93309,1,0,Passing or Lane Usage Improper,4447434,35.2,23.1,0.0,0.0,0.0,0.0,3,21.0,47.5,220,Overcast,1,1,
71918,2021-08-14 12:30:00,40.732113,-73.73247,0,0,Driver Inexperience,4447101,31.3,24.2,2.5,2.5,0.0,5.0,55,16.9,32.8,286,Drizzle: Dense,0,0,
71919,2021-08-14 11:30:00,40.678318,-73.94693,1,0,Traffic Control Disregarded,4447157,31.3,24.2,2.5,2.5,0.0,5.0,55,16.9,32.8,286,Drizzle: Dense,1,1,
71920,2021-08-13 10:00:00,40.80307,-73.93838,0,0,Unspecified,4447456,33.2,24.8,0.0,0.0,0.0,0.0,3,18.2,34.9,215,Overcast,0,0,
71921,2021-08-14 15:00:00,40.670868,-73.781425,2,0,Passing Too Closely,4447313,31.3,24.2,2.5,2.5,0.0,5.0,55,16.9,32.8,286,Drizzle: Dense,2,2,
71922,2021-08-13 00:00:00,40.80119,-73.93003,0,0,Unsafe Speed,4447445,33.2,24.8,0.0,0.0,0.0,0.0,3,18.2,34.9,215,Overcast,0,0,
71923,2021-08-14 12:30:00,40.743374,-73.92056,1,0,Driver Inattention/Distraction,4446837,31.3,24.2,2.5,2.5,0.0,5.0,55,16.9,32.8,286,Drizzle: Dense,1,1,
71924,2021-08-14 16:35:00,40.70564,-73.75048,1,0,Unspecified,4446901,31.3,24.2,2.5,2.5,0.0,5.0,55,16.9,32.8,286,Drizzle: Dense,1,1,
71925,2021-08-14 20:58:00,40.65525,-73.96091,0,0,Unspecified,4447046,31.3,24.2,2.5,2.5,0.0,5.0,55,16.9,32.8,286,Drizzle: Dense,0,0,
71926,2021-08-14 15:00:00,40.672104,-73.91689,0,0,Unspecified,4447589,31.3,24.2,2.5,2.5,0.0,5.0,55,16.9,32.8,286,Drizzle: Dense,0,0,