,CRASH DATETIME,LATITUDE,LONGITUDE,NUMBER OF PERSONS INJURED,NUMBER OF PERSONS KILLED,CONTRIBUTING FACTOR VEHICLE 1,COLLISION_ID,temperature_2m_max,temperature_2m_min,precipitation_sum,rain_sum,snowfall_sum,precipitation_hours,weather_code,wind_speed_10m_max,wind_gusts_10m_max,wind_direction_10m_dominant,Weather Description,Severity_Score,Total_Affected_Persons,Weather_Category
71927,2021-08-14 21:28:00,40.5794,-74.16949,1,0,Traffic Control Disregarded,4447290,31.3,24.2,2.5,2.5,0.0,5.0,55,16.9,32.8,286,Drizzle: Dense,1,1,
71928,2021-07-24 00:30:00,40.81569,-73.958305,0,0,Following Too Closely,4447594,26.8,18.2,0.0,0.0,0.0,0.0,3,16.3,31.7,152,Overcast,0,0,
71929,2021-08-12 15:05:00,40.686905,-73.94463,0,0,Driver Inattention/Distraction,4447660,35.2,23.1,0.0,0.0,0.0,0.0,3,21.0,47.5,220,Overcast,0,0,
71930,2021-08-14 17:37:00,40.821804,-73.87664,0,0,Unspecified,4446983,31.3,24.2,2.5,2.5,0.0,5.0,55,16.9,32.8,286,Drizzle: Dense,0,0,
71931,2021-08-12 18:15:00,40.661983,-73.90198,2,0,Driver Inattention/Distraction,4447549,35.2,23.1,0.0,0.0,0.0,0.0,3,21.0,47.5,220,Overcast,2,2,
71932,2021-08-14 02:40:00,40.684772,-73.83401,0,0,Unspecified,4446863,31.3,24.2,2.5,2.5,0.0,5.0,55,16.9,32.8,286,Drizzle: Dense,0,0,
71933,2021-08-08 15:15:00,40.697933,-73.7417,0,0,Driver Inattention/Distraction,4447480,22.9,19.4,12.7,12.7,0.0,17.0,63,19.9,36.0,38,Rain: Moderate,0,0,
71934,2021-08-14 12:45:00,40.7133,-73.7646,0,0,Unsafe Speed,4447347,31.3,24.2,2.5,2.5,0.0,5.0,55,16.9,32.8,286,Drizzle: Dense,0,0,
71935,2021-08-14 00:30:00,40.52858,-74.22184,1,0,Unsafe Speed,4447427,31.3,24.2,2.5,2.5,0.0,5.0,55,16.9,32.8,286,Drizzle: Dense,1,1,
71936,2021-08-14 22:48:00,40.796,-73.92897,0,0,Passing Too Closely,4447474,31.3,24.2,2.5,2.5,0.0,5.0,55,16.9,32.8,286,Drizzle: Dense,0,0,
71937,2021-08-12 22:40:00,40.67146,-73.99103,1,0,Cell Phone (hand-Held),4447538,35.2,23.1,0.0,0.0,0.0,0.0,3,21.0,47.5,220,Overcast,1,1,
71938,2021-08-11 09:30:00,40.665726,-73.96425,1,0,Failure to Yield Right-of-Way,4447518,31.2,23.2,2.8,2.8,0.0,7.0,55,23.7,44.6,206,Drizzle: Dense,1,1,
71939,2021-08-14 22:15:00,40.79599,-73.96896,0,0,Turning Improperly,4447136,31.3,24.2,2.5,2.5,0.0,5.0,55,16.9,32.8,286,Drizzle: Dense,0,0,
71940,2021-08-14 21:00:00,40.657154,-73.94736,0,0,Driver Inattention/Distraction,4446999,31.3,24.2,2.5,2.5,0.0,5.0,55,16.9,32.8,286,Drizzle: Dense,0,0,
71941,2021-08-14 01:40:00,40.67994,-73.88468,0,0,Traffic Control Disregarded,4447276,31.3,24.2,2.5,2.5,0.0,5.0,55,16.9,32.8,286,Drizzle: Dense,0,0,
71942,2021-07-24 06:00:00,40.84366,-73.92005,0,0,Fatigued/Drowsy,4447582,26.8,18.2,0.0,0.0,0.0,0.0,3,16.3,31.7,152,Overcast,0,0,
71943,2021-08-14 17:13:00,40.822712,-73.903145,1,0,Failure to Yield Right-of-Way,4446928,31.3,24.2,2.5,2.5,0.0,5.0,55,16.9,32.8,286,Drizzle: Dense,1,1,
71944,2021-10-22 23:35:00,40.8402313,-73.8801001,0,0,Driver Inattention/Distraction,4470279,20.3,14.4,0.0,0.0,0.0,0.0,3,18.1,31.3,267,Overcast,0,0,
71945,2021-08-11 05:40:00,40.813797,-73.94987,0,0,Alcohol Involvement,4447602,31.2,23.2,2.8,2.8,0.0,7.0,55,23.7,44.6,206,Drizzle: Dense,0,0,
71946,2021-08-14 21:23:00,40.696754,-73.93715,0,0,Driver Inattention/Distraction,4447198,31.3,24.2,2.5,2.5,0.0,5.0,55,16.9,32.8,286,Drizzle: Dense,0,0,
71947,2021-08-14 15:45:00,40.842422,-73.928185,0,0,Following Too Closely,4447016,31.3,24.2,2.5,2.5,0.0,5.0,55,16.9,32.8,286,Drizzle: Dense,0,0,
71948,2021-08-14 06:40:00,40.896694,-73.853516,1,0,Failure to Yield Right-of-Way,4447199,31.3,24.2,2.5,2.5,0.0,5.0,55,16.9,32.8,286,Drizzle: Dense,1,1,
71949,2021-08-14 13:55:00,40.692966,-73.82511,1,0,Passing Too Closely,4447126,31.3,24.2,2.5,2.5,0.0,5.0,55,16.9,32.8,286,Drizzle: Dense,1,1,
71950,2021-08-14 23:20:00,40.815693,-73.948685,2,0,Pedestrian/Bicyclist/Other Pedestrian Error/Confusion,4447523,31.3,24.2,2.5,2.5,0.0,5.0,55,16.9,32.8,286,Drizzle: Dense,2,2,
71951,2021-08-14 03:45:00,40.774452,-73.76615,2,0,Unspecified,4446708,31.3,24.2,2.5,2.5,0.0,5.0,55,16.9,32.8,286,Drizzle: Dense,2,2,
71952,2021-08-09 23:30:00,40.81218,-73.955246,1,0,Failure to Yield Right-of-Way,4447557,26.2,20.1,1.1,1.1,0.0,7.0,51,17.3,34.6,36,Drizzle: Light,1,1,
71953,2021-08-06 10:12:00,40.68606,-73.925934,1,0,Following Too Closely,4447645,28.9,17.4,0.0,0.0,0.0,0.0,3,18.1,38.2,188,Overcast,1,1,
71954,2021-08-14 10:10:00,40.726166,-73.99837,1,0,Unsafe Speed,4446964,31.3,24.2,2.5,2.5,0.0,5.0,55,16.9,32.8,286,Drizzle: Dense,1,1,
71955,2021-08-14 00:00:00,40.80106,-73.93173,0,0,Unsafe Speed,4447466,31.3,24.2,2.5,2.5,0.0,5.0,55,16.9,32.8,286,Drizzle: Dense,0,0,
71956,2021-08-07 06:12:00,40.8157,-73.96369,0,0,Steering Failure,4447597,29.7,19.9,0.0,0.0,0.0,0.0,3,24.2,45.0,198,Overcast,0,0,
71957,2021-08-14 10:31:00,40.7441,-73.97637,1,0,Driver Inattention/Distraction,4446748,31.3,24.2,2.5,2.5,0.0,5.0,55,16.9,32.8,286,Drizzle: Dense,1,1,
71958,2021-08-02 10:40:00,40.671402,-73.99439,0,0,Unspecified,4447530,26.4,17.2,0.0,0.0,0.0,0.0,3,18.4,37.4,313,Overcast,0,0,
71959,2021-08-14 18:11:00,40.835884,-73.88341,0,0,Unspecified,4446927,31.3,24.2,2.5,2.5,0.0,5.0,55,16.9,32.8,286,Drizzle: Dense,0,0,
71960,2021-10-24 23:24:00,40.6984345,-73.9441646,3,0,Reaction to Uninvolved Vehicle,4470513,15.5,7.6,0.7,0.7,0.0,1.0,53,13.0,23.8,248,Drizzle: Moderate,3,3,
71961,2021-08-14 21:30:00,40.694782,-73.85258,0,0,Traffic Control Disregarded,4447128,31.3,24.2,2.5,2.5,0.0,5.0,55,16.9,32.8,286,Drizzle: Dense,0,0,
71962,2021-08-14 18:30:00,40.844578,-73.902695,1,0,Unspecified,4447565,31.3,24.2,2.5,2.5,0.0,5.0,55,16.9,32.8,286,Drizzle: Dense,1,1,
71963,2021-08-14 22:45:00,40.81739,-73.84389,0,0,Unspecified,4447003,31.3,24.2,2.5,2.5,0.0,5.0,55,16.9,32.8,286,Drizzle: Dense,0,0,
71964,2021-08-13 08:00:00,40.715916,-73.99311,0,0,Driver Inattention/Distraction,4447461,33.2,24.8,0.0,0.0,0.0,0.0,3,18.2,34.9,215,Overcast,0,0,
71965,2021-08-03 15:30:00,40.71286,-73.99649,0,0,Driver Inattention/Distraction,4447488,24.2,15.3,0.0,0.0,0.0,0.0,3,10.7,21.2,7,Overcast,0,0,
71966,2021-08-14 13:00:00,40.665535,-73.93699,1,0,Turning Improperly,4447072,31.3,24.2,2.5,2.5,0.0,5.0,55,16.9,32.8,286,Drizzle: Dense,1,1,
71967,2021-08-12 07:40:00,40.666885,-73.911964,0,0,Passing or Lane Usage Improper,4447621,35.2,23.1,0.0,0.0,0.0,0.0,3,21.0,47.5,220,Overcast,0,0,
71968,2021-08-14 12:38:00,40.68277,-73.74821,0,0,Driver Inattention/Distraction,4446858,31.3,24.2,2.5,2.5,0.0,5.0,55,16.9,32.8,286,Drizzle: Dense,0,0,
71969,2021-08-14 19:30:00,40.81302,-73.92296,0,0,Unspecified,4446886,31.3,24.2,2.5,2.5,0.0,5.0,55,16.9,32.8,286,Drizzle: Dense,0,0,
71970,2021-08-14 01:58:00,40.675983,-73.84975,0,0,Driver Inattention/Distraction,4447327,31.3,24.2,2.5,2.5,0.0,5.0,55,16.9,32.8,286,Drizzle: Dense,0,0,
71971,2021-08-14 19:30:00,40.655785,-73.86289,0,0,Unspecified,4446958,31.3,24.2,2.5,2.5,0.0,5.0,55,16.9,32.8,286,Drizzle: Dense,0,0,
71972,2021-08-13 07:10:00,40.80119,-73.93003,0,0,Unspecified,4447451,33.2,24.8,0.0,0.0,0.0,0.0,3,18.2,34.9,215,Overcast,0,0,
71973,2021-08-12 00:30:00,40.67608,-73.906136,0,0,Driver Inattention/Distraction,4447571,35.2,23.1,0.0,0.0,0.0,0.0,3,21.0,47.5,220,Overcast,0,0,
71974,2021-08-14 14:06:00,40.74807,-73.904305,0,0,Backing Unsafely,4446838,31.3,24.2,2.5,2.5,0.0,5.0,55,16.9,32.8,286,Drizzle: Dense,0,0,
71975,2021-08-14 20:30:00,40.68789,-73.90724,1,0,Failure to Yield Right-of-Way,4447215,31.3,24.2,2.5,2.5,0.0,5.0,55,16.9,32.8,286,Drizzle: Dense,1,1,
71976,2021-08-14 06:50:00,40.583687,-73.94487,1,0,Driver Inattention/Distraction,4447349,31.3,24.2,2.5,2.5,0.0,5.0,55,16.9,32.8,286,Drizzle: Dense,1,1,
71977,2021-08-14 21:55:00,40.65319,-73.96622,1,0,Other Vehicular,4447045,31.3,24.2,2.5,2.5,0.0,5.0,55,16.9,32.8,286,Drizzle: Dense,1,1,
71978,2021-08-14 18:45:00,40.81614,-73.894875,0,0,Unspecified,4447499,31.3,24.2,2.5,2.5,0.0,5.0,55,16.9,32.8,286,Drizzle: Dense,0,0,
71979,2021-07-25 14:40:00,40.7171,-73.9986,0,0,Unspecified,4447457,28.0,20.3,7.3,7.3,0.0,10.0,63,20.9,43.2,198,Rain: Moderate,0,0,
71980,2021-08-14 02:30:00,40.8467,-73.85933,0,0,Unspecified,4446933,31.3,24.2,2.5,2.5,0.0,5.0,55,16.9,32.8,286,Drizzle: Dense,0,0,
71981,2021-08-14 10:48:00,40.64495,-73.9249,3,0,Failure to Yield Right-of-Way,4447053,31.3,24.2,2.5,2.5,0.0,5.0,55,16.9,32.8,286,Drizzle: Dense,3,3,
71982,2021-08-10 12:20:00,40.768875,-73.94898,0,0,Following Too Closely,4447709,27.3,20.4,3.8,3.8,0.0,11.0,61,18.0,36.0,170,Rain: Light,0,0,
71983,2021-08-14 14:24:00,40.71715,-73.99438,1,0,Turning Improperly,4447694,31.3,24.2,2.5,2.5,0.0,5.0,55,16.9,32.8,286,Drizzle: Dense,1,1,
71984,2021-07-26 08:20:00,40.817924,-73.94974,0,0,Unspecified,4447590,31.4,21.8,0.0,0.0,0.0,0.0,3,13.0,25.6,295,Overcast,0,0,
71985,2021-07-23 04:45:00,40.70971,-74.01285,0,0,Unspecified,4447493,26.2,17.3,0.0,0.0,0.0,0.0,1,11.3,27.0,340,Mainly clear,0,0,Sunny/Clear Conditions
71986,2021-07-23 18:20:00,40.679276,-73.953094,0,0,Passing Too Closely,4447662,26.2,17.3,0.0,0.0,0.0,0.0,1,11.3,27.0,340,Mainly clear,0,0,Sunny/Clear Conditions
71987,2021-08-14 22:26:00,40.67769,-73.78873,1,0,Aggressive Driving/Road Rage,4447304,31.3,24.2,2.5,2.5,0.0,5.0,55,16.9,32.8,286,Drizzle: Dense,1,1,
71988,2021-08-14 00:00:00,40.695698,-73.96405,0,0,Driver Inattention/Distraction,4446786,31.3,24.2,2.5,2.5,0.0,5.0,55,16.9,32.8,286,Drizzle: Dense,0,0,
71989,2021-08-14 19:02:00,40.589108,-73.96049,0,0,Following Too Closely,4446909,31.3,24.2,2.5,2.5,0.0,5.0,55,16.9,32.8,286,Drizzle: Dense,0,0,
71990,2021-08-14 23:25:00,40.693855,-73.76094,0,0,Aggressive Driving/Road Rage,4447360,31.3,24.2,2.5,2.5,0.0,5.0,55,16.9,32.8,286,Drizzle: Dense,0,0,
71991,2021-08-14 19:00:00,40.69426,-73.91036,0,0,Passing Too Closely,4447251,31.3,24.2,2.5,2.5,0.0,5.0,55,16.9,32.8,286,Drizzle: Dense,0,0,
71992,2021-08-14 10:00:00,40.741653,-73.880745,0,0,Driver Inattention/Distraction,4447099,31.3,24.2,2.5,2.5,0.0,5.0,55,16.9,32.8,286,Drizzle: Dense,0,0,
71993,2021-08-13 11:19:00,40.672832,-73.96908,0,0,Unspecified,4447704,33.2,24.8,0.0,0.0,0.0,0.0,3,18.2,34.9,215,Overcast,0,0,
71994,2021-08-13 22:30:00,40.847393,-73.90463,0,0,Unspecified,4447541,33.2,24.8,0.0,0.0,0.0,0.0,3,18.2,34.9,215,Overcast,0,0,
71995,2021-08-14 15:06:00,40.690693,-73.95728,2,0,Driver Inattention/Distraction,4447156,31.3,24.2,2.5,2.5,0.0,5.0,55,16.9,32.8,286,Drizzle: Dense,2,2,
71996,2021-08-13 15:08:00,40.642673,-73.91972,1,0,Unspecified,4447494,33.2,24.8,0.0,0.0,0.0,0.0,3,18.2,34.9,215,Overcast,1,1,
71997,2021-10-05 00:00:00,40.7110194,-73.8600706,0,0,Driver Inattention/Distraction,4466535,19.9,15.0,0.0,0.0,0.0,0.0,3,14.5,28.1,46,Overcast,0,0,
71998,2021-08-14 09:00:00,40.75201,-73.93016,0,0,View Obstructed/Limited,4446982,31.3,24.2,2.5,2.5,0.0,5.0,55,16.9,32.8,286,Drizzle: Dense,0,0,
71999,2021-08-13 09:10:00,40.578377,-74.09404,0,0,Unspecified,4447452,33.2,24.8,0.0,0.0,0.0,0.0,3,18.2,34.9,215,Overcast,0,0,
72000,2021-08-11 21:10:00,40.719395,-74.00189,1,0,Unspecified,4447476,31.2,23.2,2.8,2.8,0.0,7.0,55,23.7,44.6,206,Drizzle: Dense,1,1,
72001,2021-08-14 16:00:00,40.63595,-73.96607,0,0,Unspecified,4447052,31.3,24.2,2.5,2.5,0.0,5.0,55,16.9,32.8,286,Drizzle: Dense,0,0,
72002,2021-08-14 09:00:00,40.66682,-73.886955,0,0,Unsafe Speed,4446827,31.3,24.2,2.5,2.5,0.0,5.0,55,16.9,32.8,286,Drizzle: Dense,0,0,
72003,2021-08-14 03:10:00,40.864525,-73.92663,0,0,Unspecified,4447176,31.3,24.2,2.5,2.5,0.0,5.0,55,16.9,32.8,286,Drizzle: Dense,0,0,
72004,2021-08-14 15:00:00,40.68182,-73.99235,0,0,Passing Too Closely,4446889,31.3,24.2,2.5,2.5,0.0,5.0,55,16.9,32.8,286,Drizzle: Dense,0,0,
72005,2021-08-14 03:30:00,40.869385,-73.85762,0,0,Driver Inattention/Distraction,4447201,31.3,24.2,2.5,2.5,0.0,5.0,55,16.9,32.8,286,Drizzle: Dense,0,0,
72006,2021-08-14 01:00:00,40.739136,-74.00109,0,0,Driver Inattention/Distraction,4446963,31.3,24.2,2.5,2.5,0.0,5.0,55,16.9,32.8,286,Drizzle: Dense,0,0,
72007,2021-08-14 03:55:00,40.860527,-73.91939,0,0,Unspecified,4447175,31.3,24.2,2.5,2.5,0.0,5.0,55,16.9,32.8,286,Drizzle: Dense,0,0,
72008,2021-08-11 12:37:00,40.67722,-73.97991,0,0,Failure to Yield Right-of-Way,4447517,31.2,23.2,2.8,2.8,0.0,7.0,55,23.7,44.6,206,Drizzle: Dense,0,0,
72009,2021-08-14 14:00:00,40.760544,-73.76727,0,0,Driver Inattention/Distraction,4447077,31.3,24.2,2.5,2.5,0.0,5.0,55,16.9,32.8,286,Drizzle: Dense,0,0,
72010,2021-08-14 18:40:00,40.642548,-74.016655,0,0,Unspecified,4447524,31.3,24.2,2.5,2.5,0.0,5.0,55,16.9,32.8,286,Drizzle: Dense,0,0,
72011,2021-08-14 01:15:00,40.64254,-73.87652,1,0,Unsafe Lane Changing,4446725,31.3,24.2,2.5,2.5,0.0,5.0,55,16.9,32.8,286,Drizzle: Dense,1,1,
72012,2021-08-14 09:45:00,40.66251,-73.91083,0,0,Unspecified,4447558,31.3,24.2,2.5,2.5,0.0,5.0,55,16.9,32.8,286,Drizzle: Dense,0,0,
72013,2021-07-03 19:06:00,0.0,0.0,0,0,Driver Inattention/Distraction,4447465,19.3,16.6,16.1,16.1,0.0,20.0,63,24.0,47.2,43,Rain: Moderate,0,0,
72014,2021-08-08 16:30:00,40.794132,-73.94282,0,0,Aggressive Driving/Road Rage,4447644,22.9,19.4,12.7,12.7,0.0,17.0,63,19.9,36.0,38,Rain: Moderate,0,0,
72015,2021-08-03 17:00:00,40.736553,-73.71194,0,0,Driver Inattention/Distraction,4447612,24.2,15.3,0.0,0.0,0.0,0.0,3,10.7,21.2,7,Overcast,0,0,
72016,2021-08-14 01:10:00,40.70793,-73.78432,2,0,Driver Inattention/Distraction,4447352,31.3,24.2,2.5,2.5,0.0,5.0,55,16.9,32.8,286,Drizzle: Dense,2,2,
72017,2021-08-14 00:00:00,40.780952,-73.819084,0,0,Passing Too Closely,4446873,31.3,24.2,2.5,2.5,0.0,5.0,55,16.9,32.8,286,Drizzle: Dense,0,0,
72018,2021-08-14 18:00:00,40.609512,-73.98957,0,0,Unspecified,4446878,31.3,24.2,2.5,2.5,0.0,5.0,55,16.9,32.8,286,Drizzle: Dense,0,0,
72019,2021-08-13 19:30:00,40.81339,-73.95627,1,0,Failure to Yield Right-of-Way,4447555,33.2,24.8,0.0,0.0,0.0,0.0,3,18.2,34.9,215,Overcast,1,1,
72020,2021-08-14 21:45:00,40.7024,-73.7431,1,0,Unspecified,4446897,31.3,24.2,2.5,2.5,0.0,5.0,55,16.9,32.8,286,Drizzle: Dense,1,1,
72021,2021-08-14 21:00:00,40.677258,-73.81873,0,0,Failure to Yield Right-of-Way,4447331,31.3,24.2,2.5,2.5,0.0,5.0,55,16.9,32.8,286,Drizzle: Dense,0,0,
72022,2021-08-06 21:10:00,40.810062,-73.95497,0,0,Unsafe Speed,4447578,28.9,17.4,0.0,0.0,0.0,0.0,3,18.1,38.2,188,Overcast,0,0,
72023,2021-08-14 03:35:00,40.8338,-73.88323,3,0,Other Vehicular,4446931,31.3,24.2,2.5,2.5,0.0,5.0,55,16.9,32.8,286,Drizzle: Dense,3,3,
72024,2021-08-02 08:35:00,40.60915,-74.14987,0,0,Following Too Closely,4447428,26.4,17.2,0.0,0.0,0.0,0.0,3,18.4,37.4,313,Overcast,0,0,
72025,2021-08-14 16:50:00,40.669724,-73.86097,0,0,Unspecified,4446832,31.3,24.2,2.5,2.5,0.0,5.0,55,16.9,32.8,286,Drizzle: Dense,0,0,
72026,2021-08-14 16:00:00,40.86179,-73.85765,6,0,Unsafe Speed,4447281,31.3,24.2,2.5,2.5,0.0,5.0,55,16.9,32.8,286,Drizzle: Dense,6,6,
72027,2021-08-14 02:00:00,40.821484,-73.91218,0,0,Unspecified,4447408,31.3,24.2,2.5,2.5,0.0,5.0,55,16.9,32.8,286,Drizzle: Dense,0,0,
72028,2021-08-09 18:25:00,40.818382,-73.86885,1,0,Pedestrian/Bicyclist/Other Pedestrian Error/Confusion,4447450,26.2,20.1,1.1,1.1,0.0,7.0,51,17.3,34.6,36,Drizzle: Light,1,1,
72029,2021-08-14 01:45:00,40.81313,-73.90863,1,0,,4446843,31.3,24.2,2.5,2.5,0.0,5.0,55,16.9,32.8,286,Drizzle: Dense,1,1,
72030,2021-08-14 01:40:00,40.72558,-73.75262,0,0,Unspecified,4446896,31.3,24.2,2.5,2.5,0.0,5.0,55,16.9,32.8,286,Drizzle: Dense,0,0,
72031,2021-08-13 15:00:00,40.686497,-73.9168,1,0,Failure to Yield Right-of-Way,4447591,33.2,24.8,0.0,0.0,0.0,0.0,3,18.2,34.9,215,Overcast,1,1,
72032,2021-08-09 03:30:00,40.727207,-73.90742,0,0,Driver Inattention/Distraction,4447596,26.2,20.1,1.1,1.1,0.0,7.0,51,17.3,34.6,36,Drizzle: Light,0,0,
72033,2021-08-14 05:30:00,40.830982,-73.90082,0,0,Driver Inattention/Distraction,4446926,31.3,24.2,2.5,2.5,0.0,5.0,55,16.9,32.8,286,Drizzle: Dense,0,0,
72034,2021-08-14 11:05:00,40.71638,-73.89751,1,0,,4447129,31.3,24.2,2.5,2.5,0.0,5.0,55,16.9,32.8,286,Drizzle: Dense,1,1,
72035,2021-08-12 16:30:00,40.674553,-73.90566,1,0,Driver Inattention/Distraction,4447583,35.2,23.1,0.0,0.0,0.0,0.0,3,21.0,47.5,220,Overcast,1,1,
72036,2021-08-12 19:29:00,40.711777,-73.99971,1,0,Driver Inattention/Distraction,4447464,35.2,23.1,0.0,0.0,0.0,0.0,3,21.0,47.5,220,Overcast,1,1,
72037,2021-12-03 09:15:00,40.738018,-73.87068,1,0,Driver Inattention/Distraction,4486369,9.3,0.9,0.0,0.0,0.0,0.0,3,27.6,53.3,301,Overcast,1,1,
72038,2021-08-13 23:03:00,40.678905,-73.9164,4,0,Unsafe Speed,4447547,33.2,24.8,0.0,0.0,0.0,0.0,3,18.2,34.9,215,Overcast,4,4,
72039,2021-08-14 15:00:00,40.665737,-73.75194,1,0,Driver Inattention/Distraction,4446857,31.3,24.2,2.5,2.5,0.0,5.0,55,16.9,32.8,286,Drizzle: Dense,1,1,
72040,2021-08-14 19:00:00,40.64962,-73.874306,0,0,Unspecified,4446959,31.3,24.2,2.5,2.5,0.0,5.0,55,16.9,32.8,286,Drizzle: Dense,0,0,
72041,2021-08-14 12:38:00,40.624912,-74.146706,1,0,Failure to Yield Right-of-Way,4446809,31.3,24.2,2.5,2.5,0.0,5.0,55,16.9,32.8,286,Drizzle: Dense,1,1,
72042,2021-08-14 13:00:00,40.583733,-73.94698,0,0,Driver Inattention/Distraction,4446914,31.3,24.2,2.5,2.5,0.0,5.0,55,16.9,32.8,286,Drizzle: Dense,0,0,
72043,2021-08-14 07:53:00,40.697063,-73.76971,0,0,Passing or Lane Usage Improper,4447649,31.3,24.2,2.5,2.5,0.0,5.0,55,16.9,32.8,286,Drizzle: Dense,0,0,
72044,2021-08-14 04:32:00,40.698677,-73.95886,0,0,Following Too Closely,4447259,31.3,24.2,2.5,2.5,0.0,5.0,55,16.9,32.8,286,Drizzle: Dense,0,0,
72045,2021-08-14 01:42:00,40.62621,-73.927666,1,0,Pedestrian/Bicyclist/Other Pedestrian Error/Confusion,4446905,31.3,24.2,2.5,2.5,0.0,5.0,55,16.9,32.8,286,Drizzle: Dense,1,1,
72046,2021-08-08 09:00:00,40.596085,-73.769966,0,0,Unspecified,4447733,22.9,19.4,12.7,12.7,0.0,17.0,63,19.9,36.0,38,Rain: Moderate,0,0,
72047,2021-08-11 19:25:00,40.798874,-73.93819,0,0,Unspecified,4447431,31.2,23.2,2.8,2.8,0.0,7.0,55,23.7,44.6,206,Drizzle: Dense,0,0,
72048,2021-08-14 22:45:00,40.667465,-73.77176,2,0,Following Too Closely,4447004,31.3,24.2,2.5,2.5,0.0,5.0,55,16.9,32.8,286,Drizzle: Dense,2,2,
72049,2021-08-14 20:25:00,40.691994,-73.76111,0,0,Driver Inexperience,4447321,31.3,24.2,2.5,2.5,0.0,5.0,55,16.9,32.8,286,Drizzle: Dense,0,0,
72050,2021-08-14 23:35:00,40.550533,-74.15606,1,0,Unsafe Speed,4447441,31.3,24.2,2.5,2.5,0.0,5.0,55,16.9,32.8,286,Drizzle: Dense,1,1,
72051,2021-08-14 15:16:00,40.755398,-73.93182,1,0,Driver Inattention/Distraction,4447378,31.3,24.2,2.5,2.5,0.0,5.0,55,16.9,32.8,286,Drizzle: Dense,1,1,
72052,2021-08-14 17:40:00,40.72255,-74.00631,1,0,Unspecified,4447122,31.3,24.2,2.5,2.5,0.0,5.0,55,16.9,32.8,286,Drizzle: Dense,1,1,
72053,2021-08-13 13:27:00,40.710175,-74.001144,0,0,Aggressive Driving/Road Rage,4447487,33.2,24.8,0.0,0.0,0.0,0.0,3,18.2,34.9,215,Overcast,0,0,
72054,2021-08-14 17:54:00,40.81339,-73.95627,1,0,Driver Inattention/Distraction,4447569,31.3,24.2,2.5,2.5,0.0,5.0,55,16.9,32.8,286,Drizzle: Dense,1,1,
72055,2021-08-14 11:03:00,40.82733,-73.8498,0,0,Unspecified,4446991,31.3,24.2,2.5,2.5,0.0,5.0,55,16.9,32.8,286,Drizzle: Dense,0,0,
72056,2021-08-06 15:30:00,40.76635,-73.95103,1,0,Following Too Closely,4447500,28.9,17.4,0.0,0.0,0.0,0.0,3,18.1,38.2,188,Overcast,1,1,
72057,2021-08-14 17:48:00,40.787064,-73.94194,1,0,Backing Unsafely,4446976,31.3,24.2,2.5,2.5,0.0,5.0,55,16.9,32.8,286,Drizzle: Dense,1,1,
72058,2021-08-14 00:15:00,40.815754,-73.89529,0,0,Traffic Control Disregarded,4446752,31.3,24.2,2.5,2.5,0.0,5.0,55,16.9,32.8,286,Drizzle: Dense,0,0,
72059,2021-08-01 22:30:00,40.732384,-74.01036,1,0,Backing Unsafely,4447670,24.4,16.6,0.8,0.8,0.0,5.0,51,19.9,39.2,168,Drizzle: Light,1,1,
72060,2021-08-14 16:50:00,40.82161,-73.90599,0,0,Driver Inattention/Distraction,4446887,31.3,24.2,2.5,2.5,0.0,5.0,55,16.9,32.8,286,Drizzle: Dense,0,0,
72061,2021-08-14 02:00:00,40.65093,-73.920425,0,0,Unspecified,4447054,31.3,24.2,2.5,2.5,0.0,5.0,55,16.9,32.8,286,Drizzle: Dense,0,0,
72062,2021-08-06 16:34:00,40.66895,-73.9339,1,0,Failure to Yield Right-of-Way,4447623,28.9,17.4,0.0,0.0,0.0,0.0,3,18.1,38.2,188,Overcast,1,1,
72063,2021-08-14 20:37:00,40.85592,-73.9172,0,0,Following Too Closely,4447566,31.3,24.2,2.5,2.5,0.0,5.0,55,16.9,32.8,286,Drizzle: Dense,0,0,
72064,2021-08-13 15:22:00,40.71958,-73.991585,1,0,Driver Inattention/Distraction,4447470,33.2,24.8,0.0,0.0,0.0,0.0,3,18.2,34.9,215,Overcast,1,1,
72065,2021-08-14 17:00:00,40.62417,-73.97048,0,0,Unspecified,4447073,31.3,24.2,2.5,2.5,0.0,5.0,55,16.9,32.8,286,Drizzle: Dense,0,0,
72066,2020-08-09 15:20:00,40.691536,-73.99912,0,0,Driver Inattention/Distraction,4447692,28.8,20.7,1.2,1.2,0.0,4.0,53,18.3,35.6,203,Drizzle: Moderate,0,0,
72067,2021-08-14 09:40:00,40.69428,-73.92674,0,0,Passing Too Closely,4447250,31.3,24.2,2.5,2.5,0.0,5.0,55,16.9,32.8,286,Drizzle: Dense,0,0,
72068,2021-08-14 15:42:00,40.714268,-73.99415,1,0,Backing Unsafely,4447477,31.3,24.2,2.5,2.5,0.0,5.0,55,16.9,32.8,286,Drizzle: Dense,1,1,
72069,2021-08-14 13:30:00,40.58425,-73.9638,1,0,Unsafe Speed,4447030,31.3,24.2,2.5,2.5,0.0,5.0,55,16.9,32.8,286,Drizzle: Dense,1,1,
72070,2021-08-14 14:54:00,40.855278,-73.86767,0,0,Other Vehicular,4446934,31.3,24.2,2.5,2.5,0.0,5.0,55,16.9,32.8,286,Drizzle: Dense,0,0,
72071,2021-08-10 08:30:00,40.620106,-73.98411,1,0,Passing or Lane Usage Improper,4447536,27.3,20.4,3.8,3.8,0.0,11.0,61,18.0,36.0,170,Rain: Light,1,1,