,CRASH DATETIME,LATITUDE,LONGITUDE,NUMBER OF PERSONS INJURED,NUMBER OF PERSONS KILLED,CONTRIBUTING FACTOR VEHICLE 1,COLLISION_ID,temperature_2m_max,temperature_2m_min,precipitation_sum,rain_sum,snowfall_sum,precipitation_hours,weather_code,wind_speed_10m_max,wind_gusts_10m_max,wind_direction_10m_dominant,Weather Description,Severity_Score,Total_Affected_Persons,Weather_Category
72072,2021-08-14 17:35:00,40.63515,-74.14068,1,0,Driver Inexperience,4447297,31.3,24.2,2.5,2.5,0.0,5.0,55,16.9,32.8,286,Drizzle: Dense,1,1,
72073,2021-08-13 17:55:00,40.80031,-73.93229,1,0,Pedestrian/Bicyclist/Other Pedestrian Error/Confusion,4447458,33.2,24.8,0.0,0.0,0.0,0.0,3,18.2,34.9,215,Overcast,1,1,
72074,2021-08-14 16:00:00,40.509056,-74.24339,0,0,Unspecified,4447090,31.3,24.2,2.5,2.5,0.0,5.0,55,16.9,32.8,286,Drizzle: Dense,0,0,
72075,2021-07-25 15:40:00,40.733612,-73.999565,2,0,Unspecified,4447723,28.0,20.3,7.3,7.3,0.0,10.0,63,20.9,43.2,198,Rain: Moderate,2,2,
72076,2021-08-14 04:23:00,40.87622,-73.84891,2,0,Following Too Closely,4447194,31.3,24.2,2.5,2.5,0.0,5.0,55,16.9,32.8,286,Drizzle: Dense,2,2,
72077,2021-08-14 19:06:00,40.675247,-73.90555,0,0,Alcohol Involvement,4447575,31.3,24.2,2.5,2.5,0.0,5.0,55,16.9,32.8,286,Drizzle: Dense,0,0,
72078,2021-08-12 22:30:00,40.65187,-73.90456,0,0,Unspecified,4447492,35.2,23.1,0.0,0.0,0.0,0.0,3,21.0,47.5,220,Overcast,0,0,
72079,2021-08-14 20:00:00,40.617973,-73.9472,2,0,Lost Consciousness,4447204,31.3,24.2,2.5,2.5,0.0,5.0,55,16.9,32.8,286,Drizzle: Dense,2,2,
72080,2021-08-14 12:54:00,40.61021,-73.976265,0,0,Driver Inattention/Distraction,4447616,31.3,24.2,2.5,2.5,0.0,5.0,55,16.9,32.8,286,Drizzle: Dense,0,0,
72081,2021-07-20 11:37:00,40.715622,-73.99428,1,0,Driver Inattention/Distraction,4447495,30.9,21.1,0.0,0.0,0.0,0.0,1,13.3,26.6,283,Mainly clear,1,1,Sunny/Clear Conditions
72082,2021-08-14 02:30:00,40.72277,-73.83625,0,0,Alcohol Involvement,4446727,31.3,24.2,2.5,2.5,0.0,5.0,55,16.9,32.8,286,Drizzle: Dense,0,0,
72083,2021-08-14 13:10:00,40.844578,-73.902695,2,0,Unspecified,4447560,31.3,24.2,2.5,2.5,0.0,5.0,55,16.9,32.8,286,Drizzle: Dense,2,2,
72084,2021-08-14 20:30:00,40.735546,-73.9598,1,0,Unsafe Speed,4446989,31.3,24.2,2.5,2.5,0.0,5.0,55,16.9,32.8,286,Drizzle: Dense,1,1,
72085,2021-08-14 06:30:00,40.70537,-73.775826,0,0,Driver Inattention/Distraction,4447353,31.3,24.2,2.5,2.5,0.0,5.0,55,16.9,32.8,286,Drizzle: Dense,0,0,
72086,2021-08-14 20:20:00,40.623875,-73.93547,0,0,Driver Inattention/Distraction,4446879,31.3,24.2,2.5,2.5,0.0,5.0,55,16.9,32.8,286,Drizzle: Dense,0,0,
72087,2021-08-14 16:25:00,40.681873,-73.798515,0,0,Reaction to Uninvolved Vehicle,4447343,31.3,24.2,2.5,2.5,0.0,5.0,55,16.9,32.8,286,Drizzle: Dense,0,0,
72088,2021-08-14 17:10:00,40.849964,-73.91416,1,0,Alcohol Involvement,4447540,31.3,24.2,2.5,2.5,0.0,5.0,55,16.9,32.8,286,Drizzle: Dense,1,1,
72089,2021-08-14 08:30:00,40.798836,-73.93936,0,0,Unspecified,4447471,31.3,24.2,2.5,2.5,0.0,5.0,55,16.9,32.8,286,Drizzle: Dense,0,0,
72090,2021-08-14 15:00:00,40.612507,-74.03139,0,0,Passing Too Closely,4447107,31.3,24.2,2.5,2.5,0.0,5.0,55,16.9,32.8,286,Drizzle: Dense,0,0,
72091,2021-08-14 09:37:00,40.663773,-73.92307,0,0,Traffic Control Disregarded,4447152,31.3,24.2,2.5,2.5,0.0,5.0,55,16.9,32.8,286,Drizzle: Dense,0,0,
72092,2021-08-14 09:40:00,40.734623,-73.78568,0,0,Driver Inattention/Distraction,4447268,31.3,24.2,2.5,2.5,0.0,5.0,55,16.9,32.8,286,Drizzle: Dense,0,0,
72093,2021-08-14 23:00:00,40.666348,-73.76093,0,0,Aggressive Driving/Road Rage,4446903,31.3,24.2,2.5,2.5,0.0,5.0,55,16.9,32.8,286,Drizzle: Dense,0,0,
72094,2021-10-17 19:30:00,40.7342811,-73.8646235,0,0,Pavement Slippery,4468669,17.3,11.1,0.2,0.2,0.0,2.0,51,23.9,43.9,293,Drizzle: Light,0,0,
72095,2021-07-16 20:10:00,40.815975,-73.94322,0,0,Aggressive Driving/Road Rage,4447604,32.3,23.2,0.3,0.3,0.0,3.0,51,12.3,33.1,238,Drizzle: Light,0,0,
72096,2021-08-14 09:00:00,40.594025,-73.93872,0,0,Turning Improperly,4446834,31.3,24.2,2.5,2.5,0.0,5.0,55,16.9,32.8,286,Drizzle: Dense,0,0,
72097,2021-08-12 23:37:00,40.662556,-73.91963,2,0,Unspecified,4447584,35.2,23.1,0.0,0.0,0.0,0.0,3,21.0,47.5,220,Overcast,2,2,
72098,2021-08-14 17:12:00,40.60309,-73.99262,0,0,Driver Inattention/Distraction,4447286,31.3,24.2,2.5,2.5,0.0,5.0,55,16.9,32.8,286,Drizzle: Dense,0,0,
72099,2021-08-14 12:00:00,40.642735,-73.92941,0,0,Backing Unsafely,4447051,31.3,24.2,2.5,2.5,0.0,5.0,55,16.9,32.8,286,Drizzle: Dense,0,0,
72100,2021-08-11 07:55:00,40.67645,-73.976425,0,0,Passing Too Closely,4447703,31.2,23.2,2.8,2.8,0.0,7.0,55,23.7,44.6,206,Drizzle: Dense,0,0,
72101,2021-08-13 20:15:00,40.668995,-73.91058,1,0,Driver Inattention/Distraction,4447552,33.2,24.8,0.0,0.0,0.0,0.0,3,18.2,34.9,215,Overcast,1,1,
72102,2021-08-11 18:06:00,40.67994,-73.941216,0,0,Following Too Closely,4447640,31.2,23.2,2.8,2.8,0.0,7.0,55,23.7,44.6,206,Drizzle: Dense,0,0,
72103,2021-08-14 18:49:00,40.623875,-73.93547,1,0,Unspecified,4446906,31.3,24.2,2.5,2.5,0.0,5.0,55,16.9,32.8,286,Drizzle: Dense,1,1,
72104,2021-08-14 15:50:00,40.64816,-73.88212,0,0,Unspecified,4446951,31.3,24.2,2.5,2.5,0.0,5.0,55,16.9,32.8,286,Drizzle: Dense,0,0,
72105,2021-08-13 22:11:00,40.81467,-73.93622,0,0,Unspecified,4447459,33.2,24.8,0.0,0.0,0.0,0.0,3,18.2,34.9,215,Overcast,0,0,
72106,2021-08-04 17:44:00,40.776955,-73.95956,1,0,Pedestrian/Bicyclist/Other Pedestrian Error/Confusion,4447425,24.3,17.5,0.1,0.1,0.0,1.0,51,13.7,27.4,57,Drizzle: Light,1,1,
72107,2021-08-10 13:25:00,40.799984,-73.944855,0,0,Brakes Defective,4447432,27.3,20.4,3.8,3.8,0.0,11.0,61,18.0,36.0,170,Rain: Light,0,0,
72108,2021-08-10 11:30:00,40.83022,-73.94769,0,0,Unsafe Lane Changing,4447724,27.3,20.4,3.8,3.8,0.0,11.0,61,18.0,36.0,170,Rain: Light,0,0,
72109,2021-08-14 15:51:00,40.60591,-73.967,1,0,Tire Failure/Inadequate,4446831,31.3,24.2,2.5,2.5,0.0,5.0,55,16.9,32.8,286,Drizzle: Dense,1,1,
72110,2021-08-14 18:15:00,40.68962,-73.97313,0,0,Fell Asleep,4447164,31.3,24.2,2.5,2.5,0.0,5.0,55,16.9,32.8,286,Drizzle: Dense,0,0,
72111,2021-08-14 12:30:00,40.599728,-73.76388,0,0,Reaction to Uninvolved Vehicle,4447746,31.3,24.2,2.5,2.5,0.0,5.0,55,16.9,32.8,286,Drizzle: Dense,0,0,
72112,2021-08-14 15:07:00,40.73011,-73.86509,0,0,Tire Failure/Inadequate,4446866,31.3,24.2,2.5,2.5,0.0,5.0,55,16.9,32.8,286,Drizzle: Dense,0,0,
72113,2021-08-14 10:15:00,40.63954,-74.13218,0,0,Failure to Yield Right-of-Way,4447296,31.3,24.2,2.5,2.5,0.0,5.0,55,16.9,32.8,286,Drizzle: Dense,0,0,
72114,2021-08-14 12:07:00,40.661236,-73.89266,0,0,Unspecified,4446804,31.3,24.2,2.5,2.5,0.0,5.0,55,16.9,32.8,286,Drizzle: Dense,0,0,
72115,2021-08-14 08:30:00,40.801125,-73.92988,0,0,Driver Inattention/Distraction,4446961,31.3,24.2,2.5,2.5,0.0,5.0,55,16.9,32.8,286,Drizzle: Dense,0,0,
72116,2021-08-14 22:40:00,40.74197,-73.84116,1,0,Following Too Closely,4447400,31.3,24.2,2.5,2.5,0.0,5.0,55,16.9,32.8,286,Drizzle: Dense,1,1,
72117,2021-08-13 06:00:00,40.63999,-73.89014,0,0,Turning Improperly,4447652,33.2,24.8,0.0,0.0,0.0,0.0,3,18.2,34.9,215,Overcast,0,0,
72118,2021-08-14 18:16:00,40.69003,-73.911,1,0,Driver Inattention/Distraction,4447253,31.3,24.2,2.5,2.5,0.0,5.0,55,16.9,32.8,286,Drizzle: Dense,1,1,
72119,2021-08-14 00:20:00,40.81801,-73.96149,0,0,Passing or Lane Usage Improper,4446892,31.3,24.2,2.5,2.5,0.0,5.0,55,16.9,32.8,286,Drizzle: Dense,0,0,
72120,2021-08-14 22:30:00,40.814445,-73.94434,1,0,Driver Inattention/Distraction,4447532,31.3,24.2,2.5,2.5,0.0,5.0,55,16.9,32.8,286,Drizzle: Dense,1,1,
72121,2021-08-14 12:10:00,40.65104,-74.0111,1,0,Unspecified,4447504,31.3,24.2,2.5,2.5,0.0,5.0,55,16.9,32.8,286,Drizzle: Dense,1,1,
72122,2021-08-14 14:30:00,40.636684,-73.94129,1,0,View Obstructed/Limited,4447060,31.3,24.2,2.5,2.5,0.0,5.0,55,16.9,32.8,286,Drizzle: Dense,1,1,
72123,2021-08-14 04:24:00,40.638523,-73.97319,2,0,Failure to Yield Right-of-Way,4447008,31.3,24.2,2.5,2.5,0.0,5.0,55,16.9,32.8,286,Drizzle: Dense,2,2,
72124,2021-07-25 13:00:00,40.718536,-73.999054,0,0,Driver Inattention/Distraction,4447463,28.0,20.3,7.3,7.3,0.0,10.0,63,20.9,43.2,198,Rain: Moderate,0,0,
72125,2021-08-10 12:42:00,40.66623,-73.9499,0,0,Failure to Yield Right-of-Way,4447484,27.3,20.4,3.8,3.8,0.0,11.0,61,18.0,36.0,170,Rain: Light,0,0,
72126,2021-08-14 16:46:00,40.73092,-73.981445,0,0,Unspecified,4447074,31.3,24.2,2.5,2.5,0.0,5.0,55,16.9,32.8,286,Drizzle: Dense,0,0,
72127,2021-08-09 20:40:00,40.693172,-73.9711,0,0,Unspecified,4447679,26.2,20.1,1.1,1.1,0.0,7.0,51,17.3,34.6,36,Drizzle: Light,0,0,
72128,2021-08-14 23:55:00,40.755703,-73.86624,0,0,Unspecified,4446888,31.3,24.2,2.5,2.5,0.0,5.0,55,16.9,32.8,286,Drizzle: Dense,0,0,
72129,2021-08-14 02:20:00,40.69056,-73.98511,0,1,Unspecified,4447625,31.3,24.2,2.5,2.5,0.0,5.0,55,16.9,32.8,286,Drizzle: Dense,20,1,
72130,2021-08-14 14:50:00,40.658768,-73.73768,1,0,Failure to Yield Right-of-Way,4446856,31.3,24.2,2.5,2.5,0.0,5.0,55,16.9,32.8,286,Drizzle: Dense,1,1,
72131,2021-08-14 23:00:00,40.71755,-73.99932,0,0,Driver Inattention/Distraction,4447546,31.3,24.2,2.5,2.5,0.0,5.0,55,16.9,32.8,286,Drizzle: Dense,0,0,
72132,2021-08-14 14:04:00,40.7491,-73.984085,0,0,Driver Inattention/Distraction,4446919,31.3,24.2,2.5,2.5,0.0,5.0,55,16.9,32.8,286,Drizzle: Dense,0,0,
72133,2021-08-14 21:20:00,40.72034,-74.00223,0,0,Driver Inattention/Distraction,4447123,31.3,24.2,2.5,2.5,0.0,5.0,55,16.9,32.8,286,Drizzle: Dense,0,0,
72134,2021-08-14 16:37:00,40.69345,-73.76506,0,0,Passing Too Closely,4447368,31.3,24.2,2.5,2.5,0.0,5.0,55,16.9,32.8,286,Drizzle: Dense,0,0,
72135,2021-08-14 16:57:00,40.697433,-73.93123,0,0,Passing Too Closely,4447247,31.3,24.2,2.5,2.5,0.0,5.0,55,16.9,32.8,286,Drizzle: Dense,0,0,
72136,2021-08-14 01:54:00,40.807507,-73.92701,0,0,Alcohol Involvement,4446850,31.3,24.2,2.5,2.5,0.0,5.0,55,16.9,32.8,286,Drizzle: Dense,0,0,
72137,2021-08-14 07:40:00,40.7568,-73.77698,2,0,Steering Failure,4446776,31.3,24.2,2.5,2.5,0.0,5.0,55,16.9,32.8,286,Drizzle: Dense,2,2,
72138,2021-08-14 10:52:00,40.727566,-73.929276,0,0,Following Too Closely,4446966,31.3,24.2,2.5,2.5,0.0,5.0,55,16.9,32.8,286,Drizzle: Dense,0,0,
72139,2021-07-06 21:47:00,40.741768,-73.952835,0,0,Unspecified,4447595,33.6,21.9,2.1,2.1,0.0,4.0,61,21.8,49.7,231,Rain: Light,0,0,
72140,2021-08-14 18:59:00,40.78058,-73.81431,1,0,Passing or Lane Usage Improper,4446922,31.3,24.2,2.5,2.5,0.0,5.0,55,16.9,32.8,286,Drizzle: Dense,1,1,
72141,2021-08-12 12:30:00,40.812916,-73.88122,0,0,Unspecified,4447513,35.2,23.1,0.0,0.0,0.0,0.0,3,21.0,47.5,220,Overcast,0,0,
72142,2021-08-13 06:54:00,40.809628,-73.94584,1,0,Alcohol Involvement,4447527,33.2,24.8,0.0,0.0,0.0,0.0,3,18.2,34.9,215,Overcast,1,1,
72143,2021-08-11 16:39:00,40.717834,-74.00079,1,0,Unspecified,4447469,31.2,23.2,2.8,2.8,0.0,7.0,55,23.7,44.6,206,Drizzle: Dense,1,1,
72144,2021-08-14 21:25:00,40.86028,-73.89405,0,0,Unspecified,4447567,31.3,24.2,2.5,2.5,0.0,5.0,55,16.9,32.8,286,Drizzle: Dense,0,0,
72145,2021-08-14 15:36:00,40.730587,-73.95772,0,0,Failure to Yield Right-of-Way,4446992,31.3,24.2,2.5,2.5,0.0,5.0,55,16.9,32.8,286,Drizzle: Dense,0,0,
72146,2021-08-14 19:00:00,40.612495,-74.159966,0,0,Failure to Keep Right,4447288,31.3,24.2,2.5,2.5,0.0,5.0,55,16.9,32.8,286,Drizzle: Dense,0,0,
72147,2021-08-08 03:54:00,40.61198,-74.01249,0,0,Unspecified,4447617,22.9,19.4,12.7,12.7,0.0,17.0,63,19.9,36.0,38,Rain: Moderate,0,0,
72148,2021-08-14 17:50:00,40.679787,-73.93844,0,0,Turning Improperly,4447655,31.3,24.2,2.5,2.5,0.0,5.0,55,16.9,32.8,286,Drizzle: Dense,0,0,
72149,2021-08-14 17:42:00,40.822235,-73.88746,1,0,Unspecified,4446881,31.3,24.2,2.5,2.5,0.0,5.0,55,16.9,32.8,286,Drizzle: Dense,1,1,
72150,2021-08-14 19:00:00,40.69113,-73.81008,2,0,Unsafe Lane Changing,4447356,31.3,24.2,2.5,2.5,0.0,5.0,55,16.9,32.8,286,Drizzle: Dense,2,2,
72151,2021-08-08 11:30:00,40.815933,-73.96372,3,0,Following Too Closely,4447550,22.9,19.4,12.7,12.7,0.0,17.0,63,19.9,36.0,38,Rain: Moderate,3,3,
72152,2021-08-14 17:10:00,40.80087,-73.94098,0,0,Driver Inattention/Distraction,4446865,31.3,24.2,2.5,2.5,0.0,5.0,55,16.9,32.8,286,Drizzle: Dense,0,0,
72153,2021-08-14 10:24:00,40.632595,-73.932495,0,0,Unspecified,4446907,31.3,24.2,2.5,2.5,0.0,5.0,55,16.9,32.8,286,Drizzle: Dense,0,0,
72154,2021-08-14 13:50:00,40.570465,-74.10977,0,0,Oversized Vehicle,4447446,31.3,24.2,2.5,2.5,0.0,5.0,55,16.9,32.8,286,Drizzle: Dense,0,0,
72155,2021-08-12 19:00:00,40.813446,-73.93503,1,0,Brakes Defective,4447433,35.2,23.1,0.0,0.0,0.0,0.0,3,21.0,47.5,220,Overcast,1,1,
72156,2021-08-14 07:00:00,40.623604,-74.012886,0,0,Driver Inexperience,4446836,31.3,24.2,2.5,2.5,0.0,5.0,55,16.9,32.8,286,Drizzle: Dense,0,0,
72157,2021-08-14 21:54:00,40.857418,-73.89996,2,0,Driver Inattention/Distraction,4447568,31.3,24.2,2.5,2.5,0.0,5.0,55,16.9,32.8,286,Drizzle: Dense,2,2,
72158,2021-08-14 13:00:00,40.66511,-73.981415,0,0,Passing Too Closely,4447701,31.3,24.2,2.5,2.5,0.0,5.0,55,16.9,32.8,286,Drizzle: Dense,0,0,
72159,2021-08-14 18:25:00,40.63781,-74.08729,0,0,Unspecified,4447088,31.3,24.2,2.5,2.5,0.0,5.0,55,16.9,32.8,286,Drizzle: Dense,0,0,
72160,2021-08-05 03:35:00,40.672905,-73.98981,2,0,Alcohol Involvement,4447519,27.1,17.4,0.1,0.1,0.0,1.0,51,13.2,27.0,5,Drizzle: Light,2,2,
72161,2021-08-14 18:25:00,40.68342,-73.97545,0,0,Driver Inattention/Distraction,4447522,31.3,24.2,2.5,2.5,0.0,5.0,55,16.9,32.8,286,Drizzle: Dense,0,0,
72162,2021-08-14 05:08:00,40.72144,-73.74433,0,0,Driver Inattention/Distraction,4446742,31.3,24.2,2.5,2.5,0.0,5.0,55,16.9,32.8,286,Drizzle: Dense,0,0,
72163,2021-08-14 00:45:00,40.841843,-73.94539,0,0,Driver Inattention/Distraction,4447162,31.3,24.2,2.5,2.5,0.0,5.0,55,16.9,32.8,286,Drizzle: Dense,0,0,
72164,2021-08-14 16:00:00,40.62202,-73.962685,0,0,Unspecified,4447211,31.3,24.2,2.5,2.5,0.0,5.0,55,16.9,32.8,286,Drizzle: Dense,0,0,
72165,2021-08-11 04:40:00,40.8226,-73.939316,0,0,Unspecified,4447752,31.2,23.2,2.8,2.8,0.0,7.0,55,23.7,44.6,206,Drizzle: Dense,0,0,
72166,2021-08-14 07:20:00,40.847107,-73.90843,1,0,Passing or Lane Usage Improper,4447563,31.3,24.2,2.5,2.5,0.0,5.0,55,16.9,32.8,286,Drizzle: Dense,1,1,
72167,2021-08-14 05:40:00,40.765404,-73.91352,0,0,Unspecified,4446988,31.3,24.2,2.5,2.5,0.0,5.0,55,16.9,32.8,286,Drizzle: Dense,0,0,
72168,2021-08-14 09:40:00,40.75251,-73.86727,1,0,Lost Consciousness,4447454,31.3,24.2,2.5,2.5,0.0,5.0,55,16.9,32.8,286,Drizzle: Dense,1,1,
72169,2021-08-14 03:15:00,40.63202,-73.974495,0,0,Other Vehicular,4447050,31.3,24.2,2.5,2.5,0.0,5.0,55,16.9,32.8,286,Drizzle: Dense,0,0,
72170,2021-08-13 14:10:00,40.821262,-73.94608,0,0,Aggressive Driving/Road Rage,4447725,33.2,24.8,0.0,0.0,0.0,0.0,3,18.2,34.9,215,Overcast,0,0,
72171,2021-08-14 08:00:00,40.69454,-73.93036,0,0,Driver Inattention/Distraction,4447196,31.3,24.2,2.5,2.5,0.0,5.0,55,16.9,32.8,286,Drizzle: Dense,0,0,
72172,2021-08-14 04:07:00,40.666306,-73.785934,0,0,Driver Inattention/Distraction,4446902,31.3,24.2,2.5,2.5,0.0,5.0,55,16.9,32.8,286,Drizzle: Dense,0,0,
72173,2021-08-14 14:03:00,40.656116,-73.89666,0,0,Unsafe Lane Changing,4446830,31.3,24.2,2.5,2.5,0.0,5.0,55,16.9,32.8,286,Drizzle: Dense,0,0,
72174,2021-08-14 00:02:00,40.70576,-73.80167,0,0,Unsafe Speed,4447345,31.3,24.2,2.5,2.5,0.0,5.0,55,16.9,32.8,286,Drizzle: Dense,0,0,
72175,2021-08-14 03:20:00,40.80031,-73.93229,0,0,Unsafe Speed,4447460,31.3,24.2,2.5,2.5,0.0,5.0,55,16.9,32.8,286,Drizzle: Dense,0,0,
72176,2021-08-14 23:40:00,40.65393,-73.86744,1,0,Turning Improperly,4446952,31.3,24.2,2.5,2.5,0.0,5.0,55,16.9,32.8,286,Drizzle: Dense,1,1,
72177,2021-08-14 12:20:00,40.828545,-73.8919,0,0,Using On Board Navigation Device,4446929,31.3,24.2,2.5,2.5,0.0,5.0,55,16.9,32.8,286,Drizzle: Dense,0,0,
72178,2021-08-12 00:00:00,40.618732,-74.17606,1,0,Following Too Closely,4447426,35.2,23.1,0.0,0.0,0.0,0.0,3,21.0,47.5,220,Overcast,1,1,
72179,2021-08-13 21:38:00,40.6599,-73.916046,0,0,Driver Inattention/Distraction,4447574,33.2,24.8,0.0,0.0,0.0,0.0,3,18.2,34.9,215,Overcast,0,0,
72180,2021-08-14 05:00:00,40.823536,-73.93108,0,0,Passing or Lane Usage Improper,4447028,31.3,24.2,2.5,2.5,0.0,5.0,55,16.9,32.8,286,Drizzle: Dense,0,0,
72181,2021-08-13 21:40:00,40.68305,-73.97377,0,0,Alcohol Involvement,4447539,33.2,24.8,0.0,0.0,0.0,0.0,3,18.2,34.9,215,Overcast,0,0,
72182,2021-08-13 08:00:00,40.78169,-73.94897,1,0,Driver Inattention/Distraction,4447497,33.2,24.8,0.0,0.0,0.0,0.0,3,18.2,34.9,215,Overcast,1,1,
72183,2021-08-14 06:30:00,40.728832,-73.86811,0,0,Backing Unsafely,4447741,31.3,24.2,2.5,2.5,0.0,5.0,55,16.9,32.8,286,Drizzle: Dense,0,0,
72184,2021-08-14 20:00:00,40.863647,-73.8918,0,0,Unspecified,4447143,31.3,24.2,2.5,2.5,0.0,5.0,55,16.9,32.8,286,Drizzle: Dense,0,0,
72185,2021-08-14 10:00:00,40.618244,-74.0024,0,0,Driver Inattention/Distraction,4447637,31.3,24.2,2.5,2.5,0.0,5.0,55,16.9,32.8,286,Drizzle: Dense,0,0,
72186,2021-08-14 16:28:00,40.646297,-73.91274,0,0,Unspecified,4447491,31.3,24.2,2.5,2.5,0.0,5.0,55,16.9,32.8,286,Drizzle: Dense,0,0,
72187,2022-04-13 15:49:00,40.739265,-73.99545,1,0,Failure to Yield Right-of-Way,4518993,18.9,7.1,0.0,0.0,0.0,0.0,3,18.7,37.4,112,Overcast,1,1,
72188,2021-10-17 14:00:00,40.571041,-74.1091833,0,0,Turning Improperly,4469092,17.3,11.1,0.2,0.2,0.0,2.0,51,23.9,43.9,293,Drizzle: Light,0,0,
72189,2021-10-15 11:50:00,40.6840001,-73.9503006,2,0,Following Too Closely,4467861,25.0,14.5,0.0,0.0,0.0,0.0,3,16.8,28.4,182,Overcast,2,2,
72190,2021-10-24 11:46:00,40.8072695,-73.9238287,0,0,Unspecified,4470631,15.5,7.6,0.7,0.7,0.0,1.0,53,13.0,23.8,248,Drizzle: Moderate,0,0,
72191,2021-10-17 22:55:00,40.6831838,-73.7892919,0,0,Passing Too Closely,4468224,17.3,11.1,0.2,0.2,0.0,2.0,51,23.9,43.9,293,Drizzle: Light,0,0,
72192,2021-10-22 17:39:00,40.6790641,-73.9285883,0,0,Driver Inattention/Distraction,4470416,20.3,14.4,0.0,0.0,0.0,0.0,3,18.1,31.3,267,Overcast,0,0,
72193,2021-10-15 08:20:00,40.5411244,-74.2177906,0,0,Backing Unsafely,4469816,25.0,14.5,0.0,0.0,0.0,0.0,3,16.8,28.4,182,Overcast,0,0,
72194,2021-10-21 07:30:00,40.8402313,-73.8801001,0,0,Other Vehicular,4469490,22.9,12.0,0.0,0.0,0.0,0.0,3,17.0,31.7,207,Overcast,0,0,
72195,2021-10-14 08:00:00,40.6749187,-73.8868822,0,0,Driver Inattention/Distraction,4467264,25.0,15.4,0.0,0.0,0.0,0.0,3,15.4,29.9,328,Overcast,0,0,
72196,2021-10-14 18:25:00,40.6978407,-73.9707743,1,0,Unspecified,4469255,25.0,15.4,0.0,0.0,0.0,0.0,3,15.4,29.9,328,Overcast,1,1,
72197,2021-10-18 09:50:00,40.6981895,-73.9618989,0,0,Following Too Closely,4468402,15.8,9.2,0.0,0.0,0.0,0.0,2,32.4,58.3,296,Partly cloudy,0,0,
72198,2021-10-09 16:48:00,40.6781106,-73.8976176,0,0,Failure to Yield Right-of-Way,4468160,20.2,15.2,1.2,1.2,0.0,5.0,51,22.8,42.8,71,Drizzle: Light,0,0,
72199,2021-10-17 11:40:00,40.7653588,-73.7442823,0,0,Following Too Closely,4468090,17.3,11.1,0.2,0.2,0.0,2.0,51,23.9,43.9,293,Drizzle: Light,0,0,
72200,2021-10-18 20:18:00,40.6211154,-73.9310181,0,0,Unspecified,4468607,15.8,9.2,0.0,0.0,0.0,0.0,2,32.4,58.3,296,Partly cloudy,0,0,
72201,2021-10-13 15:00:00,40.7598833,-73.9367906,1,0,Unspecified,4467065,21.7,14.8,0.1,0.1,0.0,1.0,51,12.2,23.0,200,Drizzle: Light,1,1,
72202,2021-10-12 08:25:00,40.6724486,-73.8921251,0,0,Driver Inattention/Distraction,4467257,21.6,15.2,0.0,0.0,0.0,0.0,3,11.8,23.8,81,Overcast,0,0,
72203,2021-10-22 03:54:00,40.6556338,-73.9598617,0,0,Driver Inattention/Distraction,4469735,20.3,14.4,0.0,0.0,0.0,0.0,3,18.1,31.3,267,Overcast,0,0,
72204,2021-10-17 09:00:00,40.6175896,-73.9638107,0,0,Driver Inattention/Distraction,4468137,17.3,11.1,0.2,0.2,0.0,2.0,51,23.9,43.9,293,Drizzle: Light,0,0,
72205,2021-11-02 07:25:00,40.73351,-73.77243,1,0,Unspecified,4473444,11.4,7.0,0.6,0.6,0.0,4.0,51,14.1,28.1,271,Drizzle: Light,1,1,
72206,2021-10-21 14:19:00,40.7249753,-73.7816916,0,0,Driver Inattention/Distraction,4469707,22.9,12.0,0.0,0.0,0.0,0.0,3,17.0,31.7,207,Overcast,0,0,
72207,2021-10-20 17:30:00,40.7142083,-73.9281658,1,0,Unsafe Speed,4470210,24.1,13.8,0.0,0.0,0.0,0.0,3,21.6,37.1,276,Overcast,1,1,
72208,2021-10-16 23:30:00,40.789169,-73.9527428,0,0,Passing or Lane Usage Improper,4468722,24.3,15.0,17.5,17.5,0.0,9.0,63,25.7,46.4,195,Rain: Moderate,0,0,
72209,2021-10-15 16:55:00,40.8410894,-73.9379314,0,0,Driver Inattention/Distraction,4467940,25.0,14.5,0.0,0.0,0.0,0.0,3,16.8,28.4,182,Overcast,0,0,
72210,2021-10-21 17:38:00,40.6541334,-73.9123297,1,0,Unspecified,4469618,22.9,12.0,0.0,0.0,0.0,0.0,3,17.0,31.7,207,Overcast,1,1,
72211,2021-10-16 14:40:00,40.5965113,-73.9078755,1,0,Unspecified,4467695,24.3,15.0,17.5,17.5,0.0,9.0,63,25.7,46.4,195,Rain: Moderate,1,1,
72212,2021-10-23 21:10:00,40.7009717,-73.8142216,0,0,Driver Inattention/Distraction,4470584,15.9,10.4,0.2,0.2,0.0,2.0,51,14.4,26.6,326,Drizzle: Light,0,0,
72213,2021-10-15 18:40:00,40.7442518,-73.9014099,1,0,Driver Inattention/Distraction,4467663,25.0,14.5,0.0,0.0,0.0,0.0,3,16.8,28.4,182,Overcast,1,1,
72214,2021-10-15 16:00:00,40.7471509,-73.9393407,0,0,Driver Inattention/Distraction,4468526,25.0,14.5,0.0,0.0,0.0,0.0,3,16.8,28.4,182,Overcast,0,0,
72215,2021-10-15 12:55:00,40.8859908,-73.827914,1,0,Passing or Lane Usage Improper,4470389,25.0,14.5,0.0,0.0,0.0,0.0,3,16.8,28.4,182,Overcast,1,1,
72216,2021-10-18 09:00:00,40.8339076,-73.8959986,0,0,Unspecified,4468705,15.8,9.2,0.0,0.0,0.0,0.0,2,32.4,58.3,296,Partly cloudy,0,0,