,CRASH DATETIME,LATITUDE,LONGITUDE,NUMBER OF PERSONS INJURED,NUMBER OF PERSONS KILLED,CONTRIBUTING FACTOR VEHICLE 1,COLLISION_ID,temperature_2m_max,temperature_2m_min,precipitation_sum,rain_sum,snowfall_sum,precipitation_hours,weather_code,wind_speed_10m_max,wind_gusts_10m_max,wind_direction_10m_dominant,Weather Description,Severity_Score,Total_Affected_Persons,Weather_Category
72217,2021-10-12 07:00:00,40.8160255,-73.9394577,0,0,Unspecified,4466727,21.6,15.2,0.0,0.0,0.0,0.0,3,11.8,23.8,81,Overcast,0,0,
72218,2021-10-22 17:25:00,40.7150452,-73.8513332,0,0,Driver Inattention/Distraction,4469942,20.3,14.4,0.0,0.0,0.0,0.0,3,18.1,31.3,267,Overcast,0,0,
72219,2021-10-13 19:53:00,40.6541334,-73.9123297,0,0,Unspecified,4467088,21.7,14.8,0.1,0.1,0.0,1.0,51,12.2,23.0,200,Drizzle: Light,0,0,
72220,2021-10-20 14:19:00,40.7893142,-73.805763,0,0,Failure to Yield Right-of-Way,4469355,24.1,13.8,0.0,0.0,0.0,0.0,3,21.6,37.1,276,Overcast,0,0,
72221,2021-10-07 16:35:00,40.675885,-73.7557617,0,0,Following Too Closely,4467205,22.4,15.7,0.4,0.4,0.0,4.0,51,10.5,20.5,231,Drizzle: Light,0,0,
72222,2021-10-23 17:00:00,40.6950238,-73.9910266,0,0,Passing or Lane Usage Improper,4470504,15.9,10.4,0.2,0.2,0.0,2.0,51,14.4,26.6,326,Drizzle: Light,0,0,
72223,2021-10-15 07:45:00,40.66549,-73.9106243,1,0,Driver Inattention/Distraction,4467795,25.0,14.5,0.0,0.0,0.0,0.0,3,16.8,28.4,182,Overcast,1,1,
72224,2021-10-21 23:09:00,40.7132852,-73.7357924,0,0,Driver Inattention/Distraction,4469636,22.9,12.0,0.0,0.0,0.0,0.0,3,17.0,31.7,207,Overcast,0,0,
72225,2021-10-17 02:51:00,40.7220528,-73.9575486,1,0,Alcohol Involvement,4470296,17.3,11.1,0.2,0.2,0.0,2.0,51,23.9,43.9,293,Drizzle: Light,1,1,
72226,2021-10-23 02:50:00,40.7135434,-73.7789026,0,0,Unspecified,4470574,15.9,10.4,0.2,0.2,0.0,2.0,51,14.4,26.6,326,Drizzle: Light,0,0,
72227,2021-10-12 18:05:00,40.6466293,-73.9556509,1,0,Driver Inattention/Distraction,4466670,21.6,15.2,0.0,0.0,0.0,0.0,3,11.8,23.8,81,Overcast,1,1,
72228,2021-10-13 21:10:00,40.6426886,-73.9576354,1,0,Driver Inattention/Distraction,4466886,21.7,14.8,0.1,0.1,0.0,1.0,51,12.2,23.0,200,Drizzle: Light,1,1,
72229,2021-10-20 20:00:00,40.6993968,-73.9543611,1,0,Driver Inattention/Distraction,4469303,24.1,13.8,0.0,0.0,0.0,0.0,3,21.6,37.1,276,Overcast,1,1,
72230,2021-11-02 12:52:00,40.76996,-73.82658,0,0,Failure to Keep Right,4473394,11.4,7.0,0.6,0.6,0.0,4.0,51,14.1,28.1,271,Drizzle: Light,0,0,
72231,2021-10-15 16:30:00,40.617969,-74.0744315,0,0,Backing Unsafely,4467876,25.0,14.5,0.0,0.0,0.0,0.0,3,16.8,28.4,182,Overcast,0,0,
72232,2021-10-19 21:28:00,40.8376538,-73.8999668,2,0,Unspecified,4469028,19.1,8.3,0.0,0.0,0.0,0.0,1,24.6,45.0,272,Mainly clear,2,2,Sunny/Clear Conditions
72233,2021-10-14 01:50:00,40.8283439,-73.9378194,0,0,Driver Inattention/Distraction,4467374,25.0,15.4,0.0,0.0,0.0,0.0,3,15.4,29.9,328,Overcast,0,0,
72234,2021-10-16 16:05:00,40.845966,-73.8922377,0,0,Pedestrian/Bicyclist/Other Pedestrian Error/Confusion,4468338,24.3,15.0,17.5,17.5,0.0,9.0,63,25.7,46.4,195,Rain: Moderate,0,0,
72235,2021-10-18 06:18:00,40.7902434,-73.8282811,0,0,Fatigued/Drowsy,4468559,15.8,9.2,0.0,0.0,0.0,0.0,2,32.4,58.3,296,Partly cloudy,0,0,
72236,2021-10-14 14:05:00,40.5557928,-74.1294728,0,0,Backing Unsafely,4467164,25.0,15.4,0.0,0.0,0.0,0.0,3,15.4,29.9,328,Overcast,0,0,
72237,2021-10-12 22:35:00,40.7189626,-74.0012734,0,0,Driver Inattention/Distraction,4466695,21.6,15.2,0.0,0.0,0.0,0.0,3,11.8,23.8,81,Overcast,0,0,
72238,2021-10-15 19:00:00,40.653976,-73.9528277,1,0,,4467827,25.0,14.5,0.0,0.0,0.0,0.0,3,16.8,28.4,182,Overcast,1,1,
72239,2021-10-24 16:42:00,40.6507168,-73.9491276,0,0,Driver Inexperience,4470616,15.5,7.6,0.7,0.7,0.0,1.0,53,13.0,23.8,248,Drizzle: Moderate,0,0,
72240,2021-10-21 12:28:00,40.7652597,-73.9909525,0,0,Backing Unsafely,4469674,22.9,12.0,0.0,0.0,0.0,0.0,3,17.0,31.7,207,Overcast,0,0,
72241,2021-10-19 14:10:00,40.837194,-73.9366919,0,0,Driver Inattention/Distraction,4469720,19.1,8.3,0.0,0.0,0.0,0.0,1,24.6,45.0,272,Mainly clear,0,0,Sunny/Clear Conditions
72242,2021-10-15 20:24:00,40.7840597,-73.97502,0,0,Driver Inattention/Distraction,4468504,25.0,14.5,0.0,0.0,0.0,0.0,3,16.8,28.4,182,Overcast,0,0,
72243,2021-10-19 07:30:00,40.8128559,-73.9072437,1,0,Fell Asleep,4468992,19.1,8.3,0.0,0.0,0.0,0.0,1,24.6,45.0,272,Mainly clear,1,1,Sunny/Clear Conditions
72244,2021-10-21 11:10:00,40.7051728,-74.0092614,0,0,Following Too Closely,4469548,22.9,12.0,0.0,0.0,0.0,0.0,3,17.0,31.7,207,Overcast,0,0,
72245,2021-10-21 12:30:00,40.7220122,-73.8534755,0,0,Passing Too Closely,4469718,22.9,12.0,0.0,0.0,0.0,0.0,3,17.0,31.7,207,Overcast,0,0,
72246,2021-10-15 11:50:00,40.6915655,-73.8656225,0,0,Following Too Closely,4467639,25.0,14.5,0.0,0.0,0.0,0.0,3,16.8,28.4,182,Overcast,0,0,
72247,2021-10-13 03:15:00,40.6360216,-74.0772,0,0,Driver Inattention/Distraction,4467149,21.7,14.8,0.1,0.1,0.0,1.0,51,12.2,23.0,200,Drizzle: Light,0,0,
72248,2021-10-14 08:25:00,40.8251719,-73.9415017,0,0,Unspecified,4467034,25.0,15.4,0.0,0.0,0.0,0.0,3,15.4,29.9,328,Overcast,0,0,
72249,2021-10-12 11:43:00,40.69802,-73.8523178,1,0,Lost Consciousness,4466561,21.6,15.2,0.0,0.0,0.0,0.0,3,11.8,23.8,81,Overcast,1,1,
72250,2021-10-14 18:15:00,40.7212282,-73.7583224,0,0,Unspecified,4467200,25.0,15.4,0.0,0.0,0.0,0.0,3,15.4,29.9,328,Overcast,0,0,
72251,2021-10-13 04:12:00,40.6581931,-74.0010322,2,0,Unspecified,4467528,21.7,14.8,0.1,0.1,0.0,1.0,51,12.2,23.0,200,Drizzle: Light,2,2,
72252,2021-09-11 07:00:00,40.769306,-73.9155085,2,0,Traffic Control Disregarded,4467299,24.7,12.9,0.0,0.0,0.0,0.0,3,16.6,34.2,246,Overcast,2,2,
72253,2021-10-18 14:22:00,40.7187947,-73.9890116,1,0,Unspecified,4468575,15.8,9.2,0.0,0.0,0.0,0.0,2,32.4,58.3,296,Partly cloudy,1,1,
72254,2021-10-23 23:09:00,40.7376736,-74.0017682,0,0,Failure to Yield Right-of-Way,4470150,15.9,10.4,0.2,0.2,0.0,2.0,51,14.4,26.6,326,Drizzle: Light,0,0,
72255,2021-10-18 21:25:00,40.7707436,-73.7858161,0,0,Alcohol Involvement,4468592,15.8,9.2,0.0,0.0,0.0,0.0,2,32.4,58.3,296,Partly cloudy,0,0,
72256,2021-10-14 15:54:00,40.7606005,-73.9643142,1,0,Driver Inattention/Distraction,4467347,25.0,15.4,0.0,0.0,0.0,0.0,3,15.4,29.9,328,Overcast,1,1,
72257,2021-10-20 00:35:00,40.818472,-73.941392,1,0,Traffic Control Disregarded,4469187,24.1,13.8,0.0,0.0,0.0,0.0,3,21.6,37.1,276,Overcast,1,1,
72258,2021-10-15 15:00:00,40.6688989,-73.95861,0,0,Failure to Yield Right-of-Way,4467501,25.0,14.5,0.0,0.0,0.0,0.0,3,16.8,28.4,182,Overcast,0,0,
72259,2021-10-13 12:35:00,40.7391685,-73.763613,2,0,Driver Inattention/Distraction,4466786,21.7,14.8,0.1,0.1,0.0,1.0,51,12.2,23.0,200,Drizzle: Light,2,2,
72260,2021-11-02 22:25:00,40.8018,-73.96108,1,0,Pedestrian/Bicyclist/Other Pedestrian Error/Confusion,4473553,11.4,7.0,0.6,0.6,0.0,4.0,51,14.1,28.1,271,Drizzle: Light,1,1,
72261,2021-10-15 03:05:00,40.8571285,-73.8807926,1,0,Unsafe Speed,4467590,25.0,14.5,0.0,0.0,0.0,0.0,3,16.8,28.4,182,Overcast,1,1,
72262,2021-10-19 16:45:00,40.6653762,-73.7539412,0,0,Unspecified,4468893,19.1,8.3,0.0,0.0,0.0,0.0,1,24.6,45.0,272,Mainly clear,0,0,Sunny/Clear Conditions
72263,2021-10-15 15:35:00,40.7371024,-73.8133306,0,0,Driver Inattention/Distraction,4467506,25.0,14.5,0.0,0.0,0.0,0.0,3,16.8,28.4,182,Overcast,0,0,
72264,2021-10-23 00:45:00,40.6547986,-73.9394238,0,0,Unspecified,4470274,15.9,10.4,0.2,0.2,0.0,2.0,51,14.4,26.6,326,Drizzle: Light,0,0,
72265,2021-10-18 13:45:00,40.6862925,-73.9790905,1,0,Unspecified,4468541,15.8,9.2,0.0,0.0,0.0,0.0,2,32.4,58.3,296,Partly cloudy,1,1,
72266,2021-10-19 13:45:00,40.6392866,-73.8986824,2,0,Unspecified,4468902,19.1,8.3,0.0,0.0,0.0,0.0,1,24.6,45.0,272,Mainly clear,2,2,Sunny/Clear Conditions
72267,2021-10-18 12:31:00,40.6962053,-73.9724807,0,0,View Obstructed/Limited,4468654,15.8,9.2,0.0,0.0,0.0,0.0,2,32.4,58.3,296,Partly cloudy,0,0,
72268,2021-10-17 13:25:00,40.8672401,-73.9220264,0,0,Passing or Lane Usage Improper,4469119,17.3,11.1,0.2,0.2,0.0,2.0,51,23.9,43.9,293,Drizzle: Light,0,0,
72269,2021-10-15 09:50:00,40.6841663,-74.0043043,0,0,Passing Too Closely,4467316,25.0,14.5,0.0,0.0,0.0,0.0,3,16.8,28.4,182,Overcast,0,0,
72270,2021-10-20 16:19:00,40.6167335,-73.924694,0,0,Failure to Yield Right-of-Way,4469415,24.1,13.8,0.0,0.0,0.0,0.0,3,21.6,37.1,276,Overcast,0,0,
72271,2021-10-22 09:37:00,40.8618642,-73.9127392,0,0,Unsafe Speed,4469830,20.3,14.4,0.0,0.0,0.0,0.0,3,18.1,31.3,267,Overcast,0,0,
72272,2021-10-16 20:55:00,40.7017418,-73.7654408,3,0,Following Too Closely,4468205,24.3,15.0,17.5,17.5,0.0,9.0,63,25.7,46.4,195,Rain: Moderate,3,3,
72273,2021-10-19 12:10:00,40.706222,-73.9509746,0,0,Following Too Closely,4468960,19.1,8.3,0.0,0.0,0.0,0.0,1,24.6,45.0,272,Mainly clear,0,0,Sunny/Clear Conditions
72274,2021-10-14 17:30:00,40.6282885,-74.1248956,0,0,Unspecified,4467882,25.0,15.4,0.0,0.0,0.0,0.0,3,15.4,29.9,328,Overcast,0,0,
72275,2021-10-14 14:49:00,40.6952037,-73.9284315,1,0,Unspecified,4467281,25.0,15.4,0.0,0.0,0.0,0.0,3,15.4,29.9,328,Overcast,1,1,
72276,2021-10-25 03:00:00,40.5452723,-74.1487204,0,0,Pavement Slippery,4470743,22.8,13.5,10.7,10.7,0.0,8.0,63,18.9,33.5,172,Rain: Moderate,0,0,
72277,2021-10-14 13:55:00,40.5551481,-74.1667176,0,0,Driver Inattention/Distraction,4467181,25.0,15.4,0.0,0.0,0.0,0.0,3,15.4,29.9,328,Overcast,0,0,
72278,2021-11-02 18:00:00,40.667892,-73.84204,0,0,Unsafe Lane Changing,4473477,11.4,7.0,0.6,0.6,0.0,4.0,51,14.1,28.1,271,Drizzle: Light,0,0,
72279,2021-11-02 06:16:00,40.72766,-73.92938,0,0,Unsafe Lane Changing,4473522,11.4,7.0,0.6,0.6,0.0,4.0,51,14.1,28.1,271,Drizzle: Light,0,0,
72280,2021-10-16 17:15:00,40.8115862,-73.9086796,0,0,Failure to Yield Right-of-Way,4467719,24.3,15.0,17.5,17.5,0.0,9.0,63,25.7,46.4,195,Rain: Moderate,0,0,
72281,2021-10-17 07:50:00,40.7383204,-73.8555345,0,0,Alcohol Involvement,4468026,17.3,11.1,0.2,0.2,0.0,2.0,51,23.9,43.9,293,Drizzle: Light,0,0,
72282,2021-10-16 09:11:00,40.7880564,-73.9443222,0,0,Passing or Lane Usage Improper,4467603,24.3,15.0,17.5,17.5,0.0,9.0,63,25.7,46.4,195,Rain: Moderate,0,0,
72283,2021-10-19 15:30:00,40.780065,-73.9470478,1,0,View Obstructed/Limited,4468908,19.1,8.3,0.0,0.0,0.0,0.0,1,24.6,45.0,272,Mainly clear,1,1,Sunny/Clear Conditions
72284,2021-10-16 21:00:00,40.8392713,-73.9225592,0,0,Unspecified,4468408,24.3,15.0,17.5,17.5,0.0,9.0,63,25.7,46.4,195,Rain: Moderate,0,0,
72285,2021-10-22 18:45:00,40.7207656,-73.9906275,0,0,Unspecified,4470248,20.3,14.4,0.0,0.0,0.0,0.0,3,18.1,31.3,267,Overcast,0,0,
72286,2021-10-14 06:00:00,40.8268806,-73.908546,0,0,Failure to Keep Right,4467242,25.0,15.4,0.0,0.0,0.0,0.0,3,15.4,29.9,328,Overcast,0,0,
72287,2021-10-17 11:44:00,40.7121603,-73.8907107,0,0,Driver Inattention/Distraction,4467983,17.3,11.1,0.2,0.2,0.0,2.0,51,23.9,43.9,293,Drizzle: Light,0,0,
72288,2021-10-13 13:15:00,40.7679131,-73.9254183,0,0,Unspecified,4470007,21.7,14.8,0.1,0.1,0.0,1.0,51,12.2,23.0,200,Drizzle: Light,0,0,
72289,2021-10-18 23:45:00,40.672874,-73.8818783,0,0,Animals Action,4468637,15.8,9.2,0.0,0.0,0.0,0.0,2,32.4,58.3,296,Partly cloudy,0,0,
72290,2021-10-16 09:00:00,40.7793641,-73.9773678,0,0,Passing or Lane Usage Improper,4468519,24.3,15.0,17.5,17.5,0.0,9.0,63,25.7,46.4,195,Rain: Moderate,0,0,
72291,2021-10-13 18:06:00,40.633857,-73.9114377,1,0,Passing or Lane Usage Improper,4467099,21.7,14.8,0.1,0.1,0.0,1.0,51,12.2,23.0,200,Drizzle: Light,1,1,
72292,2021-10-17 10:58:00,40.7623345,-73.8269171,0,0,Following Too Closely,4468560,17.3,11.1,0.2,0.2,0.0,2.0,51,23.9,43.9,293,Drizzle: Light,0,0,
72293,2021-11-02 14:40:00,40.846153,-73.932335,0,0,Unspecified,4473611,11.4,7.0,0.6,0.6,0.0,4.0,51,14.1,28.1,271,Drizzle: Light,0,0,
72294,2021-10-23 00:25:00,40.6265698,-73.9709207,1,0,Driver Inattention/Distraction,4470000,15.9,10.4,0.2,0.2,0.0,2.0,51,14.4,26.6,326,Drizzle: Light,1,1,
72295,2021-10-20 15:00:00,40.684473,-73.9696676,1,0,Alcohol Involvement,4469452,24.1,13.8,0.0,0.0,0.0,0.0,3,21.6,37.1,276,Overcast,1,1,
72296,2021-10-24 13:16:00,40.6255646,-73.9182442,0,0,Unspecified,4470599,15.5,7.6,0.7,0.7,0.0,1.0,53,13.0,23.8,248,Drizzle: Moderate,0,0,
72297,2021-10-20 17:30:00,40.716646,-73.9958083,0,0,Driver Inattention/Distraction,4469283,24.1,13.8,0.0,0.0,0.0,0.0,3,21.6,37.1,276,Overcast,0,0,
72298,2021-10-20 13:25:00,40.8357057,-73.8887453,1,0,Driver Inattention/Distraction,4470707,24.1,13.8,0.0,0.0,0.0,0.0,3,21.6,37.1,276,Overcast,1,1,
72299,2021-10-24 10:00:00,40.6297381,-73.96415,0,0,Driver Inattention/Distraction,4470307,15.5,7.6,0.7,0.7,0.0,1.0,53,13.0,23.8,248,Drizzle: Moderate,0,0,
72300,2021-10-20 09:00:00,40.7319307,-73.8079545,1,0,Driver Inattention/Distraction,4469602,24.1,13.8,0.0,0.0,0.0,0.0,3,21.6,37.1,276,Overcast,1,1,
72301,2021-10-16 15:57:00,40.7717829,-73.9654346,1,0,Driver Inattention/Distraction,4468058,24.3,15.0,17.5,17.5,0.0,9.0,63,25.7,46.4,195,Rain: Moderate,1,1,
72302,2021-10-18 05:25:00,40.7658262,-73.8237264,0,0,Passing or Lane Usage Improper,4468552,15.8,9.2,0.0,0.0,0.0,0.0,2,32.4,58.3,296,Partly cloudy,0,0,
72303,2022-04-13 11:09:00,40.63529,-73.958206,1,0,Turning Improperly,4518741,18.9,7.1,0.0,0.0,0.0,0.0,3,18.7,37.4,112,Overcast,1,1,
72304,2021-09-30 00:00:00,40.8278228,-73.8857955,0,0,Failure to Yield Right-of-Way,4467850,18.8,13.1,0.0,0.0,0.0,0.0,3,18.1,37.4,330,Overcast,0,0,
72305,2021-10-31 02:40:00,40.739902,-73.791275,1,0,Following Too Closely,4474062,18.3,12.5,3.7,3.7,0.0,8.0,55,22.9,41.0,268,Drizzle: Dense,1,1,
72306,2021-10-22 03:50:00,40.6572743,-73.8998913,0,0,Unspecified,4470485,20.3,14.4,0.0,0.0,0.0,0.0,3,18.1,31.3,267,Overcast,0,0,
72307,2021-10-16 22:43:00,40.8726198,-73.9046763,5,0,Aggressive Driving/Road Rage,4467998,24.3,15.0,17.5,17.5,0.0,9.0,63,25.7,46.4,195,Rain: Moderate,5,5,
72308,2021-10-14 14:20:00,40.7330316,-73.9547274,0,0,Passing or Lane Usage Improper,4469882,25.0,15.4,0.0,0.0,0.0,0.0,3,15.4,29.9,328,Overcast,0,0,
72309,2021-10-13 10:05:00,40.5833047,-73.8329251,0,0,Passing Too Closely,4468036,21.7,14.8,0.1,0.1,0.0,1.0,51,12.2,23.0,200,Drizzle: Light,0,0,
72310,2021-10-19 06:00:00,40.7107218,-73.8602832,0,0,Driver Inattention/Distraction,4469994,19.1,8.3,0.0,0.0,0.0,0.0,1,24.6,45.0,272,Mainly clear,0,0,Sunny/Clear Conditions
72311,2021-10-13 23:20:00,40.6785156,-73.9639002,0,0,Driver Inattention/Distraction,4467051,21.7,14.8,0.1,0.1,0.0,1.0,51,12.2,23.0,200,Drizzle: Light,0,0,
72312,2021-10-17 05:50:00,40.7570971,-73.9150061,0,0,Unspecified,4467903,17.3,11.1,0.2,0.2,0.0,2.0,51,23.9,43.9,293,Drizzle: Light,0,0,
72313,2021-10-18 10:15:00,40.7424675,-73.9921864,1,0,Pedestrian/Bicyclist/Other Pedestrian Error/Confusion,4468870,15.8,9.2,0.0,0.0,0.0,0.0,2,32.4,58.3,296,Partly cloudy,1,1,
72314,2021-10-23 19:50:00,40.702132,-73.9443146,1,0,Driver Inattention/Distraction,4470111,15.9,10.4,0.2,0.2,0.0,2.0,51,14.4,26.6,326,Drizzle: Light,1,1,
72315,2021-10-21 18:20:00,40.6821283,-73.8649925,1,0,Failure to Yield Right-of-Way,4469691,22.9,12.0,0.0,0.0,0.0,0.0,3,17.0,31.7,207,Overcast,1,1,
72316,2021-10-14 08:12:00,40.6360046,-73.9982634,0,0,Failure to Yield Right-of-Way,4467925,25.0,15.4,0.0,0.0,0.0,0.0,3,15.4,29.9,328,Overcast,0,0,
72317,2021-10-20 09:21:00,40.6470687,-73.9939279,1,0,Reaction to Uninvolved Vehicle,4469175,24.1,13.8,0.0,0.0,0.0,0.0,3,21.6,37.1,276,Overcast,1,1,
72318,2021-11-02 18:35:00,40.607655,-74.01703,2,0,Failure to Yield Right-of-Way,4473505,11.4,7.0,0.6,0.6,0.0,4.0,51,14.1,28.1,271,Drizzle: Light,2,2,
72319,2021-10-15 07:30:00,40.6932413,-73.9286428,0,0,Passing Too Closely,4467479,25.0,14.5,0.0,0.0,0.0,0.0,3,16.8,28.4,182,Overcast,0,0,
72320,2021-11-02 11:30:00,40.803894,-73.95821,1,0,Passing Too Closely,4474137,11.4,7.0,0.6,0.6,0.0,4.0,51,14.1,28.1,271,Drizzle: Light,1,1,
72321,2021-10-20 14:19:00,40.7121326,-73.9617626,0,0,Backing Unsafely,4469308,24.1,13.8,0.0,0.0,0.0,0.0,3,21.6,37.1,276,Overcast,0,0,
72322,2021-10-21 13:29:00,40.6256238,-73.9182506,0,0,Failure to Yield Right-of-Way,4469471,22.9,12.0,0.0,0.0,0.0,0.0,3,17.0,31.7,207,Overcast,0,0,
72323,2021-10-17 05:48:00,40.7575412,-73.8820836,0,0,Unspecified,4469897,17.3,11.1,0.2,0.2,0.0,2.0,51,23.9,43.9,293,Drizzle: Light,0,0,
72324,2021-10-18 20:00:00,40.7143926,-73.792038,0,0,Driver Inattention/Distraction,4468823,15.8,9.2,0.0,0.0,0.0,0.0,2,32.4,58.3,296,Partly cloudy,0,0,
72325,2021-11-02 10:00:00,40.779434,-73.94752,0,0,Driver Inattention/Distraction,4473359,11.4,7.0,0.6,0.6,0.0,4.0,51,14.1,28.1,271,Drizzle: Light,0,0,
72326,2021-10-15 17:15:00,40.7640838,-73.8333515,0,0,Failure to Yield Right-of-Way,4468104,25.0,14.5,0.0,0.0,0.0,0.0,3,16.8,28.4,182,Overcast,0,0,
72327,2021-10-16 14:15:00,40.7566718,-73.8287931,1,0,,4467650,24.3,15.0,17.5,17.5,0.0,9.0,63,25.7,46.4,195,Rain: Moderate,1,1,
72328,2021-10-17 09:35:00,40.6212563,-74.1688798,1,0,Reaction to Uninvolved Vehicle,4470673,17.3,11.1,0.2,0.2,0.0,2.0,51,23.9,43.9,293,Drizzle: Light,1,1,
72329,2021-10-18 14:30:00,40.637055,-73.9864201,0,0,Unspecified,4468753,15.8,9.2,0.0,0.0,0.0,0.0,2,32.4,58.3,296,Partly cloudy,0,0,
72330,2021-10-15 06:55:00,40.7834771,-73.9647574,1,0,Driver Inattention/Distraction,4467296,25.0,14.5,0.0,0.0,0.0,0.0,3,16.8,28.4,182,Overcast,1,1,
72331,2021-10-13 18:30:00,40.6280806,-73.9987151,0,0,Unspecified,4467766,21.7,14.8,0.1,0.1,0.0,1.0,51,12.2,23.0,200,Drizzle: Light,0,0,
72332,2021-10-21 07:19:00,40.7986223,-73.9416189,0,0,Driver Inattention/Distraction,4469394,22.9,12.0,0.0,0.0,0.0,0.0,3,17.0,31.7,207,Overcast,0,0,
72333,2021-10-21 14:36:00,40.7857662,-73.8163647,0,0,Failure to Yield Right-of-Way,4470726,22.9,12.0,0.0,0.0,0.0,0.0,3,17.0,31.7,207,Overcast,0,0,
72334,2021-10-19 09:00:00,40.6241708,-73.9704715,0,0,Unspecified,4469124,19.1,8.3,0.0,0.0,0.0,0.0,1,24.6,45.0,272,Mainly clear,0,0,Sunny/Clear Conditions
72335,2021-10-22 15:03:00,40.7439298,-73.7755414,0,0,Unspecified,4469914,20.3,14.4,0.0,0.0,0.0,0.0,3,18.1,31.3,267,Overcast,0,0,
72336,2021-10-14 13:10:00,40.7494617,-73.9950441,0,0,Unspecified,4467771,25.0,15.4,0.0,0.0,0.0,0.0,3,15.4,29.9,328,Overcast,0,0,
72337,2021-10-20 08:45:00,40.6909209,-73.7622912,1,0,Passing or Lane Usage Improper,4469169,24.1,13.8,0.0,0.0,0.0,0.0,3,21.6,37.1,276,Overcast,1,1,
72338,2021-10-13 17:40:00,40.7129526,-73.8230734,0,0,Unspecified,4466828,21.7,14.8,0.1,0.1,0.0,1.0,51,12.2,23.0,200,Drizzle: Light,0,0,
72339,2021-10-20 12:05:00,40.6358998,-73.9591252,0,0,Unspecified,4469134,24.1,13.8,0.0,0.0,0.0,0.0,3,21.6,37.1,276,Overcast,0,0,
72340,2021-10-23 08:30:00,40.7426813,-73.8803771,0,0,Driver Inattention/Distraction,4470457,15.9,10.4,0.2,0.2,0.0,2.0,51,14.4,26.6,326,Drizzle: Light,0,0,
72341,2021-10-24 13:10:00,40.7233778,-73.8482918,0,0,Backing Unsafely,4470799,15.5,7.6,0.7,0.7,0.0,1.0,53,13.0,23.8,248,Drizzle: Moderate,0,0,
72342,2021-10-20 08:18:00,40.530148,-74.1915413,0,0,Steering Failure,4469831,24.1,13.8,0.0,0.0,0.0,0.0,3,21.6,37.1,276,Overcast,0,0,
72343,2021-10-20 03:15:00,40.7011602,-73.8403337,3,0,Passing or Lane Usage Improper,4469065,24.1,13.8,0.0,0.0,0.0,0.0,3,21.6,37.1,276,Overcast,3,3,
72344,2021-10-08 15:28:00,40.82874,-73.877304,1,0,Driver Inattention/Distraction,4474007,23.7,14.5,0.0,0.0,0.0,0.0,3,13.0,22.3,94,Overcast,1,1,
72345,2021-10-14 18:00:00,40.6975554,-73.9118074,0,0,Passing Too Closely,4468325,25.0,15.4,0.0,0.0,0.0,0.0,3,15.4,29.9,328,Overcast,0,0,
72346,2021-10-22 12:50:00,40.7303232,-74.0024679,1,0,Driver Inattention/Distraction,4470182,20.3,14.4,0.0,0.0,0.0,0.0,3,18.1,31.3,267,Overcast,1,1,
72347,2021-10-21 19:30:00,40.8373235,-73.9198306,0,0,Failure to Yield Right-of-Way,4469848,22.9,12.0,0.0,0.0,0.0,0.0,3,17.0,31.7,207,Overcast,0,0,
72348,2021-10-18 22:36:00,40.6770266,-73.952678,4,0,Traffic Control Disregarded,4468813,15.8,9.2,0.0,0.0,0.0,0.0,2,32.4,58.3,296,Partly cloudy,4,4,
72349,2021-10-18 14:30:00,40.7006209,-73.9590503,0,0,Passing or Lane Usage Improper,4469143,15.8,9.2,0.0,0.0,0.0,0.0,2,32.4,58.3,296,Partly cloudy,0,0,
72350,2021-10-19 07:49:00,40.7540243,-73.8822477,1,0,Driver Inattention/Distraction,4469223,19.1,8.3,0.0,0.0,0.0,0.0,1,24.6,45.0,272,Mainly clear,1,1,Sunny/Clear Conditions
72351,2021-10-18 15:28:00,40.606886,-74.0780932,0,0,Unsafe Lane Changing,4469262,15.8,9.2,0.0,0.0,0.0,0.0,2,32.4,58.3,296,Partly cloudy,0,0,
72352,2021-10-22 17:15:00,40.6973167,-73.9322699,0,0,Passing or Lane Usage Improper,4469986,20.3,14.4,0.0,0.0,0.0,0.0,3,18.1,31.3,267,Overcast,0,0,
72353,2021-10-17 06:10:00,40.6807909,-73.9917292,1,0,Unspecified,4467810,17.3,11.1,0.2,0.2,0.0,2.0,51,23.9,43.9,293,Drizzle: Light,1,1,
72354,2021-10-14 18:00:00,40.754584,-73.9991446,0,0,Passing or Lane Usage Improper,4467443,25.0,15.4,0.0,0.0,0.0,0.0,3,15.4,29.9,328,Overcast,0,0,
72355,2021-10-13 08:15:00,40.6192225,-73.9574974,1,0,Driver Inexperience,4467678,21.7,14.8,0.1,0.1,0.0,1.0,51,12.2,23.0,200,Drizzle: Light,1,1,
72356,2021-10-15 08:35:00,40.5990645,-73.744804,0,0,Unspecified,4468423,25.0,14.5,0.0,0.0,0.0,0.0,3,16.8,28.4,182,Overcast,0,0,
72357,2021-10-20 09:15:00,40.6407638,-74.0076605,2,0,Unspecified,4469276,24.1,13.8,0.0,0.0,0.0,0.0,3,21.6,37.1,276,Overcast,2,2,
72358,2021-10-23 19:25:00,40.6781679,-73.746495,1,0,Failure to Yield Right-of-Way,4470125,15.9,10.4,0.2,0.2,0.0,2.0,51,14.4,26.6,326,Drizzle: Light,1,1,