,CRASH DATETIME,LATITUDE,LONGITUDE,NUMBER OF PERSONS INJURED,NUMBER OF PERSONS KILLED,CONTRIBUTING FACTOR VEHICLE 1,COLLISION_ID,temperature_2m_max,temperature_2m_min,precipitation_sum,rain_sum,snowfall_sum,precipitation_hours,weather_code,wind_speed_10m_max,wind_gusts_10m_max,wind_direction_10m_dominant,Weather Description,Severity_Score,Total_Affected_Persons,Weather_Category
72359,2021-10-22 16:10:00,40.7890514,-73.9703009,0,0,Passing or Lane Usage Improper,4469925,20.3,14.4,0.0,0.0,0.0,0.0,3,18.1,31.3,267,Overcast,0,0,
72360,2021-10-16 22:45:00,40.6387858,-73.9453727,2,0,Other Vehicular,4469208,24.3,15.0,17.5,17.5,0.0,9.0,63,25.7,46.4,195,Rain: Moderate,2,2,
72361,2021-10-21 00:00:00,40.7457274,-73.9781227,0,0,Unspecified,4469516,22.9,12.0,0.0,0.0,0.0,0.0,3,17.0,31.7,207,Overcast,0,0,
72362,2021-10-13 14:00:00,40.5319181,-74.1917442,0,0,Driver Inattention/Distraction,4469538,21.7,14.8,0.1,0.1,0.0,1.0,51,12.2,23.0,200,Drizzle: Light,0,0,
72363,2021-11-02 00:05:00,40.71975,-73.992165,4,0,Following Too Closely,4473497,11.4,7.0,0.6,0.6,0.0,4.0,51,14.1,28.1,271,Drizzle: Light,4,4,
72364,2021-10-24 08:50:00,40.6406452,-73.7433838,1,0,Pavement Defective,4470301,15.5,7.6,0.7,0.7,0.0,1.0,53,13.0,23.8,248,Drizzle: Moderate,1,1,
72365,2021-11-02 07:00:00,40.884346,-73.88706,0,0,Reaction to Uninvolved Vehicle,4473628,11.4,7.0,0.6,0.6,0.0,4.0,51,14.1,28.1,271,Drizzle: Light,0,0,
72366,2021-10-20 14:05:00,40.5901644,-73.7978594,0,0,Driver Inattention/Distraction,4469910,24.1,13.8,0.0,0.0,0.0,0.0,3,21.6,37.1,276,Overcast,0,0,
72367,2021-10-17 18:15:00,40.6814394,-73.9722546,1,0,Traffic Control Disregarded,4468690,17.3,11.1,0.2,0.2,0.0,2.0,51,23.9,43.9,293,Drizzle: Light,1,1,
72368,2021-10-15 00:00:00,40.7243366,-73.9490836,0,0,Unspecified,4468806,25.0,14.5,0.0,0.0,0.0,0.0,3,16.8,28.4,182,Overcast,0,0,
72369,2021-10-16 08:40:00,40.6543763,-73.9791365,0,0,Unspecified,4467908,24.3,15.0,17.5,17.5,0.0,9.0,63,25.7,46.4,195,Rain: Moderate,0,0,
72370,2023-10-27 11:32:00,40.60104,-74.13532,1,0,Backing Unsafely,4676332,24.6,12.8,0.0,0.0,0.0,0.0,3,16.9,28.4,238,Overcast,1,1,
72371,2021-10-23 03:55:00,40.7153474,-73.7484422,1,0,Unspecified,4469946,15.9,10.4,0.2,0.2,0.0,2.0,51,14.4,26.6,326,Drizzle: Light,1,1,
72372,2021-10-07 09:27:00,40.57385,-74.105496,0,0,Following Too Closely,4466387,22.4,15.7,0.4,0.4,0.0,4.0,51,10.5,20.5,231,Drizzle: Light,0,0,
72373,2021-10-18 15:58:00,40.8503039,-73.8513675,2,0,Failure to Yield Right-of-Way,4468845,15.8,9.2,0.0,0.0,0.0,0.0,2,32.4,58.3,296,Partly cloudy,2,2,
72374,2021-11-02 14:32:00,40.66241,-73.90987,1,0,Unspecified,4473697,11.4,7.0,0.6,0.6,0.0,4.0,51,14.1,28.1,271,Drizzle: Light,1,1,
72375,2021-10-15 11:00:00,40.5793999,-74.1694817,1,0,Driver Inattention/Distraction,4467368,25.0,14.5,0.0,0.0,0.0,0.0,3,16.8,28.4,182,Overcast,1,1,
72376,2021-11-02 08:50:00,40.681686,-73.87157,1,0,Driver Inattention/Distraction,4473580,11.4,7.0,0.6,0.6,0.0,4.0,51,14.1,28.1,271,Drizzle: Light,1,1,
72377,2021-10-02 04:50:00,40.70947,-73.74581,2,0,Driver Inattention/Distraction,4463066,23.7,10.8,0.0,0.0,0.0,0.0,3,17.0,34.2,254,Overcast,2,2,
72378,2021-10-19 21:19:00,40.6718577,-73.8175435,1,0,Driver Inattention/Distraction,4468986,19.1,8.3,0.0,0.0,0.0,0.0,1,24.6,45.0,272,Mainly clear,1,1,Sunny/Clear Conditions
72379,2021-10-13 18:00:00,40.6668995,-73.8652569,0,0,Unspecified,4467252,21.7,14.8,0.1,0.1,0.0,1.0,51,12.2,23.0,200,Drizzle: Light,0,0,
72380,2021-10-23 21:30:00,40.8246558,-73.8919289,1,0,,4470116,15.9,10.4,0.2,0.2,0.0,2.0,51,14.4,26.6,326,Drizzle: Light,1,1,
72381,2021-10-13 09:49:00,40.7023306,-73.9357257,0,0,Failure to Yield Right-of-Way,4466841,21.7,14.8,0.1,0.1,0.0,1.0,51,12.2,23.0,200,Drizzle: Light,0,0,
72382,2021-10-17 06:30:00,40.8371265,-73.9096348,0,0,Backing Unsafely,4468255,17.3,11.1,0.2,0.2,0.0,2.0,51,23.9,43.9,293,Drizzle: Light,0,0,
72383,2021-10-13 09:00:00,40.6189153,-74.0836761,0,0,Failure to Yield Right-of-Way,4467865,21.7,14.8,0.1,0.1,0.0,1.0,51,12.2,23.0,200,Drizzle: Light,0,0,
72384,2021-10-24 04:00:00,40.6974347,-73.8986013,0,0,Alcohol Involvement,4470412,15.5,7.6,0.7,0.7,0.0,1.0,53,13.0,23.8,248,Drizzle: Moderate,0,0,
72385,2021-10-20 20:10:00,40.7374934,-73.9350798,3,0,Driver Inattention/Distraction,4469286,24.1,13.8,0.0,0.0,0.0,0.0,3,21.6,37.1,276,Overcast,3,3,
72386,2021-10-23 05:46:00,40.7450675,-73.972576,0,0,Unspecified,4470051,15.9,10.4,0.2,0.2,0.0,2.0,51,14.4,26.6,326,Drizzle: Light,0,0,
72387,2021-10-14 20:03:00,40.5894516,-73.9605171,2,0,Unsafe Lane Changing,4467291,25.0,15.4,0.0,0.0,0.0,0.0,3,15.4,29.9,328,Overcast,2,2,
72388,2021-10-18 18:36:00,40.6679154,-73.775224,0,0,Turning Improperly,4468602,15.8,9.2,0.0,0.0,0.0,0.0,2,32.4,58.3,296,Partly cloudy,0,0,
72389,2021-10-21 17:50:00,40.6338025,-73.8896944,1,0,Following Too Closely,4469626,22.9,12.0,0.0,0.0,0.0,0.0,3,17.0,31.7,207,Overcast,1,1,
72390,2021-10-18 12:55:00,40.860577,-73.9025461,2,0,Passing Too Closely,4468818,15.8,9.2,0.0,0.0,0.0,0.0,2,32.4,58.3,296,Partly cloudy,2,2,
72391,2021-10-22 08:49:00,40.7266052,-73.8142403,1,0,Following Too Closely,4469957,20.3,14.4,0.0,0.0,0.0,0.0,3,18.1,31.3,267,Overcast,1,1,
72392,2021-10-16 03:15:00,40.654313,-73.9175769,0,0,Unspecified,4467830,24.3,15.0,17.5,17.5,0.0,9.0,63,25.7,46.4,195,Rain: Moderate,0,0,
72393,2021-10-21 09:45:00,40.6757357,-73.8968533,0,0,Unsafe Lane Changing,4469687,22.9,12.0,0.0,0.0,0.0,0.0,3,17.0,31.7,207,Overcast,0,0,
72394,2021-10-18 19:45:00,40.7082656,-73.8955766,0,0,Turning Improperly,4470393,15.8,9.2,0.0,0.0,0.0,0.0,2,32.4,58.3,296,Partly cloudy,0,0,
72395,2021-10-24 14:11:00,40.6371409,-74.0254736,2,0,Unspecified,4470334,15.5,7.6,0.7,0.7,0.0,1.0,53,13.0,23.8,248,Drizzle: Moderate,2,2,
72396,2021-10-23 23:30:00,40.6073926,-73.9432087,1,0,Unspecified,4470551,15.9,10.4,0.2,0.2,0.0,2.0,51,14.4,26.6,326,Drizzle: Light,1,1,
72397,2021-10-19 15:30:00,40.6817692,-73.9675328,1,0,View Obstructed/Limited,4469843,19.1,8.3,0.0,0.0,0.0,0.0,1,24.6,45.0,272,Mainly clear,1,1,Sunny/Clear Conditions
72398,2021-10-05 17:52:00,40.7379177,-73.9922237,0,0,View Obstructed/Limited,4466554,19.9,15.0,0.0,0.0,0.0,0.0,3,14.5,28.1,46,Overcast,0,0,
72399,2021-10-20 15:25:00,40.7133723,-73.9348039,1,0,Turning Improperly,4469340,24.1,13.8,0.0,0.0,0.0,0.0,3,21.6,37.1,276,Overcast,1,1,
72400,2021-10-22 16:23:00,40.5989236,-73.968818,0,0,Driver Inattention/Distraction,4469974,20.3,14.4,0.0,0.0,0.0,0.0,3,18.1,31.3,267,Overcast,0,0,
72401,2021-10-24 21:45:00,40.8972514,-73.8552487,0,0,Passing or Lane Usage Improper,4470660,15.5,7.6,0.7,0.7,0.0,1.0,53,13.0,23.8,248,Drizzle: Moderate,0,0,
72402,2021-10-21 15:35:00,40.6825097,-73.9763154,1,0,Unsafe Lane Changing,4469650,22.9,12.0,0.0,0.0,0.0,0.0,3,17.0,31.7,207,Overcast,1,1,
72403,2021-10-19 18:00:00,40.6650265,-73.8705674,0,0,Unspecified,4469244,19.1,8.3,0.0,0.0,0.0,0.0,1,24.6,45.0,272,Mainly clear,0,0,Sunny/Clear Conditions
72404,2021-10-03 18:53:00,40.7193963,-74.0018831,2,0,Unspecified,4466355,25.9,12.8,0.0,0.0,0.0,0.0,3,12.0,24.1,217,Overcast,2,2,
72405,2021-10-23 14:16:00,40.8192693,-73.8848563,3,0,Traffic Control Disregarded,4470739,15.9,10.4,0.2,0.2,0.0,2.0,51,14.4,26.6,326,Drizzle: Light,3,3,
72406,2021-10-17 01:20:00,40.8434776,-73.9246614,0,0,Driver Inattention/Distraction,4467746,17.3,11.1,0.2,0.2,0.0,2.0,51,23.9,43.9,293,Drizzle: Light,0,0,
72407,2021-10-22 18:21:00,40.6700221,-73.7831115,0,0,Following Too Closely,4470534,20.3,14.4,0.0,0.0,0.0,0.0,3,18.1,31.3,267,Overcast,0,0,
72408,2021-10-14 00:54:00,40.7770306,-73.8035963,0,0,Traffic Control Disregarded,4468943,25.0,15.4,0.0,0.0,0.0,0.0,3,15.4,29.9,328,Overcast,0,0,
72409,2021-10-19 22:53:00,40.6713261,-73.8709265,3,0,Other Vehicular,4469234,19.1,8.3,0.0,0.0,0.0,0.0,1,24.6,45.0,272,Mainly clear,3,3,Sunny/Clear Conditions
72410,2021-10-23 23:10:00,40.6664404,-73.9536083,0,0,Driver Inattention/Distraction,4470242,15.9,10.4,0.2,0.2,0.0,2.0,51,14.4,26.6,326,Drizzle: Light,0,0,
72411,2021-10-14 01:40:00,40.8034264,-73.933083,0,0,Unspecified,4466970,25.0,15.4,0.0,0.0,0.0,0.0,3,15.4,29.9,328,Overcast,0,0,
72412,2021-11-02 10:25:00,40.589603,-74.089386,3,0,Passing Too Closely,4473812,11.4,7.0,0.6,0.6,0.0,4.0,51,14.1,28.1,271,Drizzle: Light,3,3,
72413,2021-10-16 01:00:00,40.5965113,-73.9078755,6,0,Driver Inattention/Distraction,4467614,24.3,15.0,17.5,17.5,0.0,9.0,63,25.7,46.4,195,Rain: Moderate,6,6,
72414,2021-10-16 00:00:00,40.6816356,-73.9317919,1,0,Driver Inattention/Distraction,4468109,24.3,15.0,17.5,17.5,0.0,9.0,63,25.7,46.4,195,Rain: Moderate,1,1,
72415,2021-10-08 11:27:00,40.8526741,-73.9190951,0,0,Passing or Lane Usage Improper,4466813,23.7,14.5,0.0,0.0,0.0,0.0,3,13.0,22.3,94,Overcast,0,0,
72416,2021-10-15 14:45:00,40.7509597,-73.9827227,0,0,Driver Inattention/Distraction,4467763,25.0,14.5,0.0,0.0,0.0,0.0,3,16.8,28.4,182,Overcast,0,0,
72417,2021-10-20 14:25:00,40.7058889,-73.9429661,0,0,View Obstructed/Limited,4469367,24.1,13.8,0.0,0.0,0.0,0.0,3,21.6,37.1,276,Overcast,0,0,
72418,2021-10-21 13:30:00,40.8060668,-73.9090412,0,0,Unspecified,4469655,22.9,12.0,0.0,0.0,0.0,0.0,3,17.0,31.7,207,Overcast,0,0,
72419,2021-10-15 21:30:00,40.7554614,-73.9273525,0,0,Driver Inattention/Distraction,4467897,25.0,14.5,0.0,0.0,0.0,0.0,3,16.8,28.4,182,Overcast,0,0,
72420,2021-10-14 11:30:00,40.7330316,-73.9547274,0,0,Driver Inattention/Distraction,4468805,25.0,15.4,0.0,0.0,0.0,0.0,3,15.4,29.9,328,Overcast,0,0,
72421,2021-10-22 08:33:00,40.5754978,-74.0836208,3,0,Passing or Lane Usage Improper,4469760,20.3,14.4,0.0,0.0,0.0,0.0,3,18.1,31.3,267,Overcast,3,3,
72422,2021-10-19 18:06:00,40.7230044,-73.9903425,0,0,Passing Too Closely,4469023,19.1,8.3,0.0,0.0,0.0,0.0,1,24.6,45.0,272,Mainly clear,0,0,Sunny/Clear Conditions
72423,2021-10-21 01:20:00,40.6864528,-73.7611749,0,0,Failure to Yield Right-of-Way,4469382,22.9,12.0,0.0,0.0,0.0,0.0,3,17.0,31.7,207,Overcast,0,0,
72424,2021-10-13 16:20:00,40.6529729,-73.9440024,0,0,Unspecified,4467084,21.7,14.8,0.1,0.1,0.0,1.0,51,12.2,23.0,200,Drizzle: Light,0,0,
72425,2021-10-18 08:30:00,40.8376548,-73.9382991,0,0,Turning Improperly,4468421,15.8,9.2,0.0,0.0,0.0,0.0,2,32.4,58.3,296,Partly cloudy,0,0,
72426,2021-10-14 22:45:00,40.8055956,-73.9581819,1,0,Driver Inattention/Distraction,4467516,25.0,15.4,0.0,0.0,0.0,0.0,3,15.4,29.9,328,Overcast,1,1,
72427,2021-10-16 19:50:00,40.7627496,-73.9969136,1,0,Failure to Yield Right-of-Way,4468455,24.3,15.0,17.5,17.5,0.0,9.0,63,25.7,46.4,195,Rain: Moderate,1,1,
72428,2021-10-23 05:30:00,40.7591264,-73.9274297,1,0,Unspecified,4470677,15.9,10.4,0.2,0.2,0.0,2.0,51,14.4,26.6,326,Drizzle: Light,1,1,
72429,2021-10-21 12:42:00,40.8089583,-73.9404033,0,0,Passing Too Closely,4469703,22.9,12.0,0.0,0.0,0.0,0.0,3,17.0,31.7,207,Overcast,0,0,
72430,2021-10-13 05:38:00,40.8613524,-73.8977368,1,0,Unspecified,4466722,21.7,14.8,0.1,0.1,0.0,1.0,51,12.2,23.0,200,Drizzle: Light,1,1,
72431,2021-10-19 15:00:00,40.591921,-73.9772225,0,0,Unspecified,4468975,19.1,8.3,0.0,0.0,0.0,0.0,1,24.6,45.0,272,Mainly clear,0,0,Sunny/Clear Conditions
72432,2021-10-14 03:35:00,40.7717807,-73.9791936,0,0,Backing Unsafely,4468494,25.0,15.4,0.0,0.0,0.0,0.0,3,15.4,29.9,328,Overcast,0,0,
72433,2021-10-18 21:35:00,40.5769818,-73.9815654,1,0,View Obstructed/Limited,4470214,15.8,9.2,0.0,0.0,0.0,0.0,2,32.4,58.3,296,Partly cloudy,1,1,
72434,2021-10-17 08:45:00,40.6379657,-73.9818872,1,0,Unspecified,4468461,17.3,11.1,0.2,0.2,0.0,2.0,51,23.9,43.9,293,Drizzle: Light,1,1,
72435,2022-04-05 01:28:00,40.870247,-73.83097,0,0,Fell Asleep,4519883,12.1,1.0,1.7,1.7,0.0,3.0,53,16.8,32.8,121,Drizzle: Moderate,0,0,
72436,2021-10-15 10:40:00,40.809564,-73.9292188,2,0,Unspecified,4467714,25.0,14.5,0.0,0.0,0.0,0.0,3,16.8,28.4,182,Overcast,2,2,
72437,2021-10-17 20:02:00,40.7016614,-73.9614533,0,0,Unspecified,4468141,17.3,11.1,0.2,0.2,0.0,2.0,51,23.9,43.9,293,Drizzle: Light,0,0,
72438,2021-10-18 01:56:00,40.7558709,-73.9728206,0,0,Driver Inattention/Distraction,4468273,15.8,9.2,0.0,0.0,0.0,0.0,2,32.4,58.3,296,Partly cloudy,0,0,
72439,2021-10-14 11:25:00,40.6886896,-73.9179266,0,0,Reaction to Uninvolved Vehicle,4467075,25.0,15.4,0.0,0.0,0.0,0.0,3,15.4,29.9,328,Overcast,0,0,
72440,2021-10-20 15:12:00,40.8954288,-73.8446221,0,0,Backing Unsafely,4469570,24.1,13.8,0.0,0.0,0.0,0.0,3,21.6,37.1,276,Overcast,0,0,
72441,2021-10-17 01:17:00,40.8422498,-73.935389,1,0,Fell Asleep,4467946,17.3,11.1,0.2,0.2,0.0,2.0,51,23.9,43.9,293,Drizzle: Light,1,1,
72442,2021-10-17 08:30:00,40.8288537,-73.8993188,0,0,Unspecified,4468701,17.3,11.1,0.2,0.2,0.0,2.0,51,23.9,43.9,293,Drizzle: Light,0,0,
72443,2021-10-17 20:10:00,40.7697928,-73.9168275,0,0,Unspecified,4468241,17.3,11.1,0.2,0.2,0.0,2.0,51,23.9,43.9,293,Drizzle: Light,0,0,
72444,2021-10-16 05:50:00,40.6970864,-73.7332208,1,0,Driver Inattention/Distraction,4467667,24.3,15.0,17.5,17.5,0.0,9.0,63,25.7,46.4,195,Rain: Moderate,1,1,
72445,2021-10-21 11:53:00,40.7329525,-73.979967,0,0,Driver Inattention/Distraction,4469484,22.9,12.0,0.0,0.0,0.0,0.0,3,17.0,31.7,207,Overcast,0,0,
72446,2021-10-19 17:55:00,40.7991471,-73.9725285,0,0,Backing Unsafely,4469055,19.1,8.3,0.0,0.0,0.0,0.0,1,24.6,45.0,272,Mainly clear,0,0,Sunny/Clear Conditions
72447,2021-11-02 17:25:00,40.672363,-73.9308,1,0,Driver Inattention/Distraction,4473719,11.4,7.0,0.6,0.6,0.0,4.0,51,14.1,28.1,271,Drizzle: Light,1,1,
72448,2021-10-15 22:42:00,40.8240665,-73.9087095,1,0,Unspecified,4468673,25.0,14.5,0.0,0.0,0.0,0.0,3,16.8,28.4,182,Overcast,1,1,
72449,2021-10-12 22:40:00,40.6762804,-73.8921621,2,0,Driver Inattention/Distraction,4467002,21.6,15.2,0.0,0.0,0.0,0.0,3,11.8,23.8,81,Overcast,2,2,
72450,2021-10-19 08:18:00,40.7536447,-73.913137,1,0,Driver Inattention/Distraction,4468718,19.1,8.3,0.0,0.0,0.0,0.0,1,24.6,45.0,272,Mainly clear,1,1,Sunny/Clear Conditions
72451,2021-10-13 08:35:00,40.7093827,-73.9370982,0,0,Unsafe Lane Changing,4466843,21.7,14.8,0.1,0.1,0.0,1.0,51,12.2,23.0,200,Drizzle: Light,0,0,
72452,2021-10-21 00:00:00,40.6707181,-73.9170231,0,0,Unspecified,4469765,22.9,12.0,0.0,0.0,0.0,0.0,3,17.0,31.7,207,Overcast,0,0,
72453,2021-10-09 18:13:00,40.7878871,-73.938645,0,0,Passing Too Closely,4466633,20.2,15.2,1.2,1.2,0.0,5.0,51,22.8,42.8,71,Drizzle: Light,0,0,
72454,2021-10-16 10:00:00,40.877528,-73.8754773,0,0,Unspecified,4468391,24.3,15.0,17.5,17.5,0.0,9.0,63,25.7,46.4,195,Rain: Moderate,0,0,
72455,2021-10-22 00:00:00,40.8266576,-73.8738952,0,0,Unspecified,4469739,20.3,14.4,0.0,0.0,0.0,0.0,3,18.1,31.3,267,Overcast,0,0,
72456,2021-10-17 04:17:00,40.7081322,-73.9068526,2,0,Alcohol Involvement,4468477,17.3,11.1,0.2,0.2,0.0,2.0,51,23.9,43.9,293,Drizzle: Light,2,2,
72457,2021-10-18 19:25:00,40.6753129,-73.8433035,1,0,Unsafe Speed,4468585,15.8,9.2,0.0,0.0,0.0,0.0,2,32.4,58.3,296,Partly cloudy,1,1,
72458,2021-10-14 06:20:00,40.6713414,-73.9636813,1,0,Driver Inattention/Distraction,4466937,25.0,15.4,0.0,0.0,0.0,0.0,3,15.4,29.9,328,Overcast,1,1,
72459,2021-10-22 15:30:00,40.8409687,-73.899174,0,0,Unspecified,4470768,20.3,14.4,0.0,0.0,0.0,0.0,3,18.1,31.3,267,Overcast,0,0,
72460,2021-10-10 22:00:00,40.7416232,-73.9937353,1,0,Other Vehicular,4467783,18.5,16.0,2.4,2.4,0.0,8.0,53,27.2,52.6,52,Drizzle: Moderate,1,1,
72461,2021-10-22 15:53:00,40.6784553,-73.9496774,0,0,Passing Too Closely,4470339,20.3,14.4,0.0,0.0,0.0,0.0,3,18.1,31.3,267,Overcast,0,0,
72462,2021-10-13 18:50:00,40.7536767,-73.9144654,0,0,Driver Inattention/Distraction,4466975,21.7,14.8,0.1,0.1,0.0,1.0,51,12.2,23.0,200,Drizzle: Light,0,0,
72463,2021-11-02 15:32:00,40.58832,-73.98523,0,0,Driver Inattention/Distraction,4473588,11.4,7.0,0.6,0.6,0.0,4.0,51,14.1,28.1,271,Drizzle: Light,0,0,
72464,2021-10-17 00:41:00,40.6694586,-73.8628301,0,0,Unsafe Speed,4468173,17.3,11.1,0.2,0.2,0.0,2.0,51,23.9,43.9,293,Drizzle: Light,0,0,
72465,2021-10-15 12:00:00,40.8134591,-73.9393264,0,0,Unspecified,4468287,25.0,14.5,0.0,0.0,0.0,0.0,3,16.8,28.4,182,Overcast,0,0,
72466,2021-10-16 16:28:00,40.6916518,-73.7791971,4,0,Turning Improperly,4468196,24.3,15.0,17.5,17.5,0.0,9.0,63,25.7,46.4,195,Rain: Moderate,4,4,
72467,2021-10-21 17:41:00,40.856813,-73.8981703,0,0,Unsafe Speed,4470693,22.9,12.0,0.0,0.0,0.0,0.0,3,17.0,31.7,207,Overcast,0,0,
72468,2021-10-15 09:32:00,40.6069558,-73.7435241,0,0,Following Too Closely,4467328,25.0,14.5,0.0,0.0,0.0,0.0,3,16.8,28.4,182,Overcast,0,0,
72469,2021-10-15 12:00:00,40.9020444,-73.8515521,0,0,Driver Inattention/Distraction,4467957,25.0,14.5,0.0,0.0,0.0,0.0,3,16.8,28.4,182,Overcast,0,0,
72470,2021-10-14 10:00:00,40.6280663,-74.0113882,0,0,Driver Inattention/Distraction,4467185,25.0,15.4,0.0,0.0,0.0,0.0,3,15.4,29.9,328,Overcast,0,0,
72471,2021-10-19 09:10:00,40.7177844,-73.7624803,0,0,Failure to Yield Right-of-Way,4468786,19.1,8.3,0.0,0.0,0.0,0.0,1,24.6,45.0,272,Mainly clear,0,0,Sunny/Clear Conditions
72472,2021-10-16 00:10:00,40.8308903,-73.8272842,0,0,Driver Inattention/Distraction,4467699,24.3,15.0,17.5,17.5,0.0,9.0,63,25.7,46.4,195,Rain: Moderate,0,0,
72473,2021-10-20 11:55:00,40.8696211,-73.8624461,1,0,Traffic Control Disregarded,4469724,24.1,13.8,0.0,0.0,0.0,0.0,3,21.6,37.1,276,Overcast,1,1,
72474,2021-10-16 20:25:00,40.7035212,-73.8146937,1,0,Failure to Yield Right-of-Way,4468053,24.3,15.0,17.5,17.5,0.0,9.0,63,25.7,46.4,195,Rain: Moderate,1,1,
72475,2021-10-13 17:28:00,40.8543571,-73.8653181,1,0,Backing Unsafely,4466798,21.7,14.8,0.1,0.1,0.0,1.0,51,12.2,23.0,200,Drizzle: Light,1,1,
72476,2021-11-02 14:30:00,40.781662,-73.83366,0,0,Turning Improperly,4473407,11.4,7.0,0.6,0.6,0.0,4.0,51,14.1,28.1,271,Drizzle: Light,0,0,
72477,2021-10-13 23:03:00,40.5791996,-73.9819392,1,0,Driver Inattention/Distraction,4467778,21.7,14.8,0.1,0.1,0.0,1.0,51,12.2,23.0,200,Drizzle: Light,1,1,
72478,2021-10-15 11:40:00,40.8200975,-73.9550764,1,0,Unspecified,4467561,25.0,14.5,0.0,0.0,0.0,0.0,3,16.8,28.4,182,Overcast,1,1,
72479,2021-10-15 03:00:00,40.6441868,-73.9083974,0,0,Driver Inattention/Distraction,4467301,25.0,14.5,0.0,0.0,0.0,0.0,3,16.8,28.4,182,Overcast,0,0,
72480,2021-10-12 10:40:00,40.7452528,-73.8700626,0,0,Driver Inattention/Distraction,4466666,21.6,15.2,0.0,0.0,0.0,0.0,3,11.8,23.8,81,Overcast,0,0,
72481,2021-10-14 22:55:00,40.6347677,-73.9353599,1,0,Alcohol Involvement,4467815,25.0,15.4,0.0,0.0,0.0,0.0,3,15.4,29.9,328,Overcast,1,1,
72482,2021-10-22 15:19:00,40.7974442,-73.9401664,1,0,Driver Inattention/Distraction,4470691,20.3,14.4,0.0,0.0,0.0,0.0,3,18.1,31.3,267,Overcast,1,1,
72483,2021-10-17 13:46:00,40.6447408,-73.9818825,0,0,Unspecified,4468466,17.3,11.1,0.2,0.2,0.0,2.0,51,23.9,43.9,293,Drizzle: Light,0,0,
72484,2021-10-16 15:11:00,40.5791996,-73.9819392,2,0,Driver Inattention/Distraction,4469191,24.3,15.0,17.5,17.5,0.0,9.0,63,25.7,46.4,195,Rain: Moderate,2,2,
72485,2021-10-20 13:30:00,40.7006089,-73.9099388,0,0,Passing Too Closely,4469893,24.1,13.8,0.0,0.0,0.0,0.0,3,21.6,37.1,276,Overcast,0,0,
72486,2021-10-15 18:20:00,40.7159592,-73.9054492,1,0,Pedestrian/Bicyclist/Other Pedestrian Error/Confusion,4468733,25.0,14.5,0.0,0.0,0.0,0.0,3,16.8,28.4,182,Overcast,1,1,
72487,2021-10-17 12:15:00,40.7497247,-73.9836217,0,0,Failure to Yield Right-of-Way,4468228,17.3,11.1,0.2,0.2,0.0,2.0,51,23.9,43.9,293,Drizzle: Light,0,0,
72488,2021-10-23 21:19:00,40.6731495,-73.8961904,0,0,Unspecified,4470476,15.9,10.4,0.2,0.2,0.0,2.0,51,14.4,26.6,326,Drizzle: Light,0,0,
72489,2021-10-23 22:30:00,40.6875062,-73.9146441,0,0,Driver Inattention/Distraction,4470236,15.9,10.4,0.2,0.2,0.0,2.0,51,14.4,26.6,326,Drizzle: Light,0,0,
72490,2021-10-22 15:40:00,40.7334973,-73.8703694,0,0,Failure to Yield Right-of-Way,4470453,20.3,14.4,0.0,0.0,0.0,0.0,3,18.1,31.3,267,Overcast,0,0,
72491,2021-10-17 01:25:00,40.750218,-73.979056,0,0,Driver Inattention/Distraction,4467805,17.3,11.1,0.2,0.2,0.0,2.0,51,23.9,43.9,293,Drizzle: Light,0,0,
72492,2021-10-16 15:00:00,40.7221142,-73.9495725,0,0,Passing Too Closely,4468345,24.3,15.0,17.5,17.5,0.0,9.0,63,25.7,46.4,195,Rain: Moderate,0,0,
72493,2021-10-21 14:45:00,40.8153058,-73.9436997,0,0,View Obstructed/Limited,4470643,22.9,12.0,0.0,0.0,0.0,0.0,3,17.0,31.7,207,Overcast,0,0,
72494,2021-10-17 14:20:00,40.7771936,-73.9522385,1,0,Driver Inattention/Distraction,4468444,17.3,11.1,0.2,0.2,0.0,2.0,51,23.9,43.9,293,Drizzle: Light,1,1,
72495,2021-10-19 19:45:00,40.7354132,-73.9183462,1,0,Driver Inattention/Distraction,4468964,19.1,8.3,0.0,0.0,0.0,0.0,1,24.6,45.0,272,Mainly clear,1,1,Sunny/Clear Conditions
72496,2021-10-16 11:30:00,40.5363506,-74.1515858,0,0,Passing or Lane Usage Improper,4467731,24.3,15.0,17.5,17.5,0.0,9.0,63,25.7,46.4,195,Rain: Moderate,0,0,
72497,2021-10-17 11:14:00,40.6721508,-73.8431812,1,0,Other Vehicular,4468010,17.3,11.1,0.2,0.2,0.0,2.0,51,23.9,43.9,293,Drizzle: Light,1,1,
72498,2021-10-17 21:50:00,40.7449302,-73.8845113,0,0,Unspecified,4468612,17.3,11.1,0.2,0.2,0.0,2.0,51,23.9,43.9,293,Drizzle: Light,0,0,
72499,2021-10-23 03:30:00,40.7184247,-73.9890869,0,0,Unspecified,4470118,15.9,10.4,0.2,0.2,0.0,2.0,51,14.4,26.6,326,Drizzle: Light,0,0,
72500,2021-10-20 13:55:00,40.7220211,-73.8856413,0,0,Failure to Yield Right-of-Way,4469419,24.1,13.8,0.0,0.0,0.0,0.0,3,21.6,37.1,276,Overcast,0,0,
72501,2021-10-24 13:28:00,40.8213688,-73.8784106,1,0,Unspecified,4470381,15.5,7.6,0.7,0.7,0.0,1.0,53,13.0,23.8,248,Drizzle: Moderate,1,1,