,CRASH DATETIME,LATITUDE,LONGITUDE,NUMBER OF PERSONS INJURED,NUMBER OF PERSONS KILLED,CONTRIBUTING FACTOR VEHICLE 1,COLLISION_ID,temperature_2m_max,temperature_2m_min,precipitation_sum,rain_sum,snowfall_sum,precipitation_hours,weather_code,wind_speed_10m_max,wind_gusts_10m_max,wind_direction_10m_dominant,Weather Description,Severity_Score,Total_Affected_Persons,Weather_Category
72502,2021-10-18 03:37:00,40.6366949,-73.9515048,0,0,Driver Inattention/Distraction,4468305,15.8,9.2,0.0,0.0,0.0,0.0,2,32.4,58.3,296,Partly cloudy,0,0,
72503,2021-11-02 20:30:00,40.878887,-73.86058,0,0,Passenger Distraction,4473915,11.4,7.0,0.6,0.6,0.0,4.0,51,14.1,28.1,271,Drizzle: Light,0,0,
72504,2021-10-17 00:00:00,40.6937253,-73.9257141,0,0,Passing Too Closely,4468328,17.3,11.1,0.2,0.2,0.0,2.0,51,23.9,43.9,293,Drizzle: Light,0,0,
72505,2021-10-16 20:30:00,40.7035565,-73.9502247,1,0,Failure to Yield Right-of-Way,4468085,24.3,15.0,17.5,17.5,0.0,9.0,63,25.7,46.4,195,Rain: Moderate,1,1,
72506,2021-10-15 19:55:00,40.6980388,-73.9628402,2,0,Failure to Yield Right-of-Way,4468201,25.0,14.5,0.0,0.0,0.0,0.0,3,16.8,28.4,182,Overcast,2,2,
72507,2021-10-18 18:37:00,40.7291015,-74.0050336,0,0,Driver Inattention/Distraction,4468641,15.8,9.2,0.0,0.0,0.0,0.0,2,32.4,58.3,296,Partly cloudy,0,0,
72508,2021-10-23 03:11:00,40.6919494,-73.9398228,1,0,Following Too Closely,4470362,15.9,10.4,0.2,0.2,0.0,2.0,51,14.4,26.6,326,Drizzle: Light,1,1,
72509,2021-10-20 07:00:00,40.6785759,-73.9162995,1,0,Traffic Control Disregarded,4469318,24.1,13.8,0.0,0.0,0.0,0.0,3,21.6,37.1,276,Overcast,1,1,
72510,2021-10-19 04:04:00,40.6918538,-73.8109872,0,0,Fell Asleep,4468774,19.1,8.3,0.0,0.0,0.0,0.0,1,24.6,45.0,272,Mainly clear,0,0,Sunny/Clear Conditions
72511,2021-10-14 00:00:00,40.6865037,-73.8699992,1,0,Failure to Yield Right-of-Way,4467269,25.0,15.4,0.0,0.0,0.0,0.0,3,15.4,29.9,328,Overcast,1,1,
72512,2021-10-13 17:00:00,40.7334764,-73.9508369,0,0,Driver Inattention/Distraction,4466873,21.7,14.8,0.1,0.1,0.0,1.0,51,12.2,23.0,200,Drizzle: Light,0,0,
72513,2021-10-18 09:00:00,40.6081513,-73.9699209,0,0,Unspecified,4469670,15.8,9.2,0.0,0.0,0.0,0.0,2,32.4,58.3,296,Partly cloudy,0,0,
72514,2021-11-02 10:35:00,40.73235,-73.984955,1,0,Passenger Distraction,4473963,11.4,7.0,0.6,0.6,0.0,4.0,51,14.1,28.1,271,Drizzle: Light,1,1,
72515,2021-10-22 12:27:00,40.8538162,-73.9084987,1,0,Unspecified,4470645,20.3,14.4,0.0,0.0,0.0,0.0,3,18.1,31.3,267,Overcast,1,1,
72516,2021-10-21 00:00:00,40.7342808,-73.9433708,0,0,Backing Unsafely,4469553,22.9,12.0,0.0,0.0,0.0,0.0,3,17.0,31.7,207,Overcast,0,0,
72517,2021-10-07 14:15:00,40.5732959,-74.1337868,0,0,Driver Inattention/Distraction,4467533,22.4,15.7,0.4,0.4,0.0,4.0,51,10.5,20.5,231,Drizzle: Light,0,0,
72518,2021-09-01 14:30:00,40.8690921,-73.8209195,0,0,Pavement Slippery,4452888,23.2,18.4,121.7,121.7,0.0,18.0,65,43.2,78.5,42,Rain: Heavy,0,0,
72519,2021-10-03 09:06:00,40.777295,-73.9547074,0,0,Driver Inattention/Distraction,4467323,25.9,12.8,0.0,0.0,0.0,0.0,3,12.0,24.1,217,Overcast,0,0,
72520,2021-09-30 08:47:00,40.7594002,-73.9014972,0,0,Unsafe Lane Changing,4464651,18.8,13.1,0.0,0.0,0.0,0.0,3,18.1,37.4,330,Overcast,0,0,
72521,2021-10-20 10:45:00,40.6668431,-73.7366239,0,0,Unspecified,4469139,24.1,13.8,0.0,0.0,0.0,0.0,3,21.6,37.1,276,Overcast,0,0,
72522,2021-10-22 07:30:00,40.6362615,-73.9562213,0,0,Unspecified,4470178,20.3,14.4,0.0,0.0,0.0,0.0,3,18.1,31.3,267,Overcast,0,0,
72523,2021-10-13 20:25:00,40.7698167,-73.9017619,0,0,Unspecified,4468626,21.7,14.8,0.1,0.1,0.0,1.0,51,12.2,23.0,200,Drizzle: Light,0,0,
72524,2021-10-23 01:10:00,40.8562453,-73.8955793,3,0,Passing or Lane Usage Improper,4470019,15.9,10.4,0.2,0.2,0.0,2.0,51,14.4,26.6,326,Drizzle: Light,3,3,
72525,2021-10-22 19:45:00,40.7229337,-73.9886394,1,0,Traffic Control Disregarded,4470204,20.3,14.4,0.0,0.0,0.0,0.0,3,18.1,31.3,267,Overcast,1,1,
72526,2021-10-18 19:10:00,40.8163756,-73.9483556,0,0,Other Vehicular,4469001,15.8,9.2,0.0,0.0,0.0,0.0,2,32.4,58.3,296,Partly cloudy,0,0,
72527,2021-10-16 17:40:00,40.703204,-73.7891925,1,0,Unsafe Speed,4467978,24.3,15.0,17.5,17.5,0.0,9.0,63,25.7,46.4,195,Rain: Moderate,1,1,
72528,2021-10-22 07:05:00,40.8155323,-73.918602,0,0,Aggressive Driving/Road Rage,4469746,20.3,14.4,0.0,0.0,0.0,0.0,3,18.1,31.3,267,Overcast,0,0,
72529,2021-08-07 21:30:00,40.84992,-73.93148,3,1,Unspecified,4444798,29.7,19.9,0.0,0.0,0.0,0.0,3,24.2,45.0,198,Overcast,23,4,
72530,2021-08-15 20:15:00,40.7145,-73.957565,2,0,Passing or Lane Usage Improper,4448031,27.9,20.0,0.0,0.0,0.0,0.0,3,16.6,33.1,25,Overcast,2,2,
72531,2021-08-14 06:18:00,40.614223,-73.94743,1,0,Alcohol Involvement,4448068,31.3,24.2,2.5,2.5,0.0,5.0,55,16.9,32.8,286,Drizzle: Dense,1,1,
72532,2021-08-15 08:12:00,40.869675,-73.86564,0,0,Other Vehicular,4447237,27.9,20.0,0.0,0.0,0.0,0.0,3,16.6,33.1,25,Overcast,0,0,
72533,2021-08-15 21:30:00,40.58401,-73.98587,1,0,Other Vehicular,4447391,27.9,20.0,0.0,0.0,0.0,0.0,3,16.6,33.1,25,Overcast,1,1,
72534,2021-08-15 05:37:00,40.57397,-74.16992,0,0,Unspecified,4447291,27.9,20.0,0.0,0.0,0.0,0.0,3,16.6,33.1,25,Overcast,0,0,
72535,2021-05-30 15:00:00,40.719856,-73.91049,0,0,Passing Too Closely,4447986,11.5,8.5,13.7,13.7,0.0,24.0,61,28.1,52.2,22,Rain: Light,0,0,
72536,2021-08-15 15:30:00,40.632824,-73.97633,1,0,Unspecified,4447868,27.9,20.0,0.0,0.0,0.0,0.0,3,16.6,33.1,25,Overcast,1,1,
72537,2021-07-16 12:40:00,40.80897,-73.94833,0,0,Driver Inattention/Distraction,4447836,32.3,23.2,0.3,0.3,0.0,3.0,51,12.3,33.1,238,Drizzle: Light,0,0,
72538,2021-08-15 01:48:00,40.63032,-74.0223,0,0,Traffic Control Disregarded,4446895,27.9,20.0,0.0,0.0,0.0,0.0,3,16.6,33.1,25,Overcast,0,0,
72539,2021-08-15 20:37:00,40.71405,-73.77801,2,0,Unspecified,4447265,27.9,20.0,0.0,0.0,0.0,0.0,3,16.6,33.1,25,Overcast,2,2,
72540,2021-08-10 16:00:00,40.76459,-73.75873,3,0,Driver Inattention/Distraction,4448041,27.3,20.4,3.8,3.8,0.0,11.0,61,18.0,36.0,170,Rain: Light,3,3,
72541,2021-08-15 15:50:00,40.705143,-74.01559,0,0,Unspecified,4447475,27.9,20.0,0.0,0.0,0.0,0.0,3,16.6,33.1,25,Overcast,0,0,
72542,2021-08-13 16:05:00,40.85071,-73.89408,2,0,Failure to Yield Right-of-Way,4447800,33.2,24.8,0.0,0.0,0.0,0.0,3,18.2,34.9,215,Overcast,2,2,
72543,2021-08-13 10:30:00,40.59993,-73.99832,0,0,Driver Inattention/Distraction,4447905,33.2,24.8,0.0,0.0,0.0,0.0,3,18.2,34.9,215,Overcast,0,0,
72544,2021-07-30 16:30:00,40.76691,-73.93837,0,0,Driver Inattention/Distraction,4447947,27.6,19.1,0.0,0.0,0.0,0.0,1,24.2,45.7,310,Mainly clear,0,0,Sunny/Clear Conditions
72545,2021-08-15 05:15:00,40.749725,-73.98363,2,0,Driver Inexperience,4446917,27.9,20.0,0.0,0.0,0.0,0.0,3,16.6,33.1,25,Overcast,2,2,
72546,2021-08-13 06:00:00,40.643646,-73.989784,0,0,Unspecified,4447865,33.2,24.8,0.0,0.0,0.0,0.0,3,18.2,34.9,215,Overcast,0,0,
72547,2021-08-12 19:44:00,40.598553,-73.997345,0,0,Driver Inattention/Distraction,4447898,35.2,23.1,0.0,0.0,0.0,0.0,3,21.0,47.5,220,Overcast,0,0,
72548,2021-08-15 07:50:00,40.63082,-73.88636,0,0,Driver Inattention/Distraction,4447653,27.9,20.0,0.0,0.0,0.0,0.0,3,16.6,33.1,25,Overcast,0,0,
72549,2021-08-15 06:05:00,40.66316,-73.86694,0,0,Reaction to Uninvolved Vehicle,4446954,27.9,20.0,0.0,0.0,0.0,0.0,3,16.6,33.1,25,Overcast,0,0,
72550,2021-08-15 09:00:00,40.882477,-73.845055,0,0,Driver Inattention/Distraction,4447191,27.9,20.0,0.0,0.0,0.0,0.0,3,16.6,33.1,25,Overcast,0,0,
72551,2021-08-13 16:35:00,40.646923,-73.94818,1,0,Driver Inattention/Distraction,4448000,33.2,24.8,0.0,0.0,0.0,0.0,3,18.2,34.9,215,Overcast,1,1,
72552,2021-08-15 14:52:00,40.67953,-73.879105,0,0,Unspecified,4447416,27.9,20.0,0.0,0.0,0.0,0.0,3,16.6,33.1,25,Overcast,0,0,
72553,2021-08-15 22:00:00,40.66223,-73.93997,2,0,Unsafe Speed,4447486,27.9,20.0,0.0,0.0,0.0,0.0,3,16.6,33.1,25,Overcast,2,2,
72554,2021-08-10 14:00:00,40.71046,-73.86646,0,0,Aggressive Driving/Road Rage,4447922,27.3,20.4,3.8,3.8,0.0,11.0,61,18.0,36.0,170,Rain: Light,0,0,
72555,2021-08-14 14:30:00,40.8678,-73.86251,0,0,Turning Improperly,4447936,31.3,24.2,2.5,2.5,0.0,5.0,55,16.9,32.8,286,Drizzle: Dense,0,0,
72556,2021-06-02 00:30:00,40.72299,-73.90417,0,0,Unspecified,4447967,22.4,13.0,0.0,0.0,0.0,0.0,3,16.7,34.9,176,Overcast,0,0,
72557,2021-08-15 12:30:00,40.795525,-73.97594,0,0,Passing Too Closely,4447135,27.9,20.0,0.0,0.0,0.0,0.0,3,16.6,33.1,25,Overcast,0,0,
72558,2021-08-15 11:45:00,40.735325,-73.865166,1,0,Unspecified,4447102,27.9,20.0,0.0,0.0,0.0,0.0,3,16.6,33.1,25,Overcast,1,1,
72559,2021-08-10 10:00:00,40.693264,-73.85324,1,0,Following Too Closely,4447882,27.3,20.4,3.8,3.8,0.0,11.0,61,18.0,36.0,170,Rain: Light,1,1,
72560,2021-08-15 06:15:00,40.86369,-73.91707,2,0,Passing or Lane Usage Improper,4447181,27.9,20.0,0.0,0.0,0.0,0.0,3,16.6,33.1,25,Overcast,2,2,
72561,2021-08-15 00:20:00,40.831635,-73.91894,2,0,Other Vehicular,4447021,27.9,20.0,0.0,0.0,0.0,0.0,3,16.6,33.1,25,Overcast,2,2,
72562,2021-08-15 20:38:00,40.821644,-73.94314,0,0,Obstruction/Debris,4447525,27.9,20.0,0.0,0.0,0.0,0.0,3,16.6,33.1,25,Overcast,0,0,
72563,2021-08-15 16:41:00,40.744915,-73.903694,0,0,Driver Inattention/Distraction,4447315,27.9,20.0,0.0,0.0,0.0,0.0,3,16.6,33.1,25,Overcast,0,0,
72564,2021-08-15 14:00:00,40.633934,-73.9391,0,0,Driver Inattention/Distraction,4448005,27.9,20.0,0.0,0.0,0.0,0.0,3,16.6,33.1,25,Overcast,0,0,
72565,2021-08-13 16:06:00,40.77786,-73.945724,1,0,Driver Inattention/Distraction,4448071,33.2,24.8,0.0,0.0,0.0,0.0,3,18.2,34.9,215,Overcast,1,1,
72566,2021-08-15 03:59:00,40.670403,-73.85629,0,1,Unsafe Speed,4447613,27.9,20.0,0.0,0.0,0.0,0.0,3,16.6,33.1,25,Overcast,20,1,
72567,2021-08-15 06:00:00,40.800087,-73.962814,0,0,Passing Too Closely,4447422,27.9,20.0,0.0,0.0,0.0,0.0,3,16.6,33.1,25,Overcast,0,0,
72568,2021-08-15 07:29:00,40.855385,-73.9181,0,0,Driver Inattention/Distraction,4447559,27.9,20.0,0.0,0.0,0.0,0.0,3,16.6,33.1,25,Overcast,0,0,
72569,2021-08-15 06:05:00,40.749207,-73.99419,0,0,Driver Inattention/Distraction,4447071,27.9,20.0,0.0,0.0,0.0,0.0,3,16.6,33.1,25,Overcast,0,0,
72570,2021-08-15 16:00:00,40.629425,-74.01037,0,0,Driverless/Runaway Vehicle,4447167,27.9,20.0,0.0,0.0,0.0,0.0,3,16.6,33.1,25,Overcast,0,0,
72571,2021-08-15 18:10:00,40.668785,-73.87758,0,0,Following Too Closely,4447274,27.9,20.0,0.0,0.0,0.0,0.0,3,16.6,33.1,25,Overcast,0,0,
72572,2021-08-09 16:00:00,40.697933,-73.892006,0,0,Unspecified,4447916,26.2,20.1,1.1,1.1,0.0,7.0,51,17.3,34.6,36,Drizzle: Light,0,0,
72573,2021-08-12 16:00:00,40.838116,-73.85254,0,0,Unspecified,4447976,35.2,23.1,0.0,0.0,0.0,0.0,3,21.0,47.5,220,Overcast,0,0,
72574,2021-08-15 21:04:00,40.679638,-73.864395,0,0,Unspecified,4447415,27.9,20.0,0.0,0.0,0.0,0.0,3,16.6,33.1,25,Overcast,0,0,
72575,2021-08-11 16:08:00,40.591022,-74.100914,1,0,Traffic Control Disregarded,4447829,31.2,23.2,2.8,2.8,0.0,7.0,55,23.7,44.6,206,Drizzle: Dense,1,1,
72576,2021-08-02 19:30:00,40.75054,-73.896545,0,0,Unspecified,4447923,26.4,17.2,0.0,0.0,0.0,0.0,3,18.4,37.4,313,Overcast,0,0,
72577,2021-08-15 17:30:00,40.750763,-73.97445,0,0,Failure to Yield Right-of-Way,4447197,27.9,20.0,0.0,0.0,0.0,0.0,3,16.6,33.1,25,Overcast,0,0,
72578,2021-08-09 22:45:00,40.705772,-73.89997,0,0,Alcohol Involvement,4447961,26.2,20.1,1.1,1.1,0.0,7.0,51,17.3,34.6,36,Drizzle: Light,0,0,
72579,2021-08-15 00:30:00,40.646847,-73.950134,1,0,Traffic Control Disregarded,4447254,27.9,20.0,0.0,0.0,0.0,0.0,3,16.6,33.1,25,Overcast,1,1,
72580,2021-07-10 17:00:00,40.703575,-73.85716,0,0,Passing Too Closely,4447887,25.5,20.7,0.5,0.5,0.0,3.0,51,14.5,29.9,1,Drizzle: Light,0,0,
72581,2021-08-15 12:25:00,40.666637,-73.7646,1,0,Unspecified,4447110,27.9,20.0,0.0,0.0,0.0,0.0,3,16.6,33.1,25,Overcast,1,1,
72582,2021-08-14 11:00:00,40.686417,-73.9087,0,0,Driver Inattention/Distraction,4447792,31.3,24.2,2.5,2.5,0.0,5.0,55,16.9,32.8,286,Drizzle: Dense,0,0,
72583,2021-08-15 21:35:00,40.82112,-73.848526,0,0,Driver Inattention/Distraction,4447442,27.9,20.0,0.0,0.0,0.0,0.0,3,16.6,33.1,25,Overcast,0,0,
72584,2021-08-15 18:44:00,40.814774,-73.94038,1,0,Driver Inattention/Distraction,4447507,27.9,20.0,0.0,0.0,0.0,0.0,3,16.6,33.1,25,Overcast,1,1,
72585,2021-07-01 11:00:00,40.700665,-73.8961,1,0,Unspecified,4447968,27.8,22.2,25.2,25.2,0.0,12.0,65,10.6,33.1,280,Rain: Heavy,1,1,
72586,2021-08-15 21:05:00,40.57666,-73.965836,0,0,Alcohol Involvement,4447766,27.9,20.0,0.0,0.0,0.0,0.0,3,16.6,33.1,25,Overcast,0,0,
72587,2021-08-13 18:30:00,40.80897,-73.94833,1,0,Driver Inattention/Distraction,4447874,33.2,24.8,0.0,0.0,0.0,0.0,3,18.2,34.9,215,Overcast,1,1,
72588,2021-08-13 15:30:00,40.73211,-73.951935,0,0,Driver Inattention/Distraction,4447842,33.2,24.8,0.0,0.0,0.0,0.0,3,18.2,34.9,215,Overcast,0,0,
72589,2021-08-15 15:44:00,40.74855,-73.89582,0,0,Driver Inattention/Distraction,4447334,27.9,20.0,0.0,0.0,0.0,0.0,3,16.6,33.1,25,Overcast,0,0,
72590,2021-08-12 07:45:00,40.76226,-73.75699,0,0,Driver Inattention/Distraction,4448032,35.2,23.1,0.0,0.0,0.0,0.0,3,21.0,47.5,220,Overcast,0,0,
72591,2021-08-15 18:00:00,40.651737,-73.730255,0,0,Passing or Lane Usage Improper,4447261,27.9,20.0,0.0,0.0,0.0,0.0,3,16.6,33.1,25,Overcast,0,0,
72592,2021-08-15 20:29:00,40.683598,-73.96744,1,0,Reaction to Uninvolved Vehicle,4448051,27.9,20.0,0.0,0.0,0.0,0.0,3,16.6,33.1,25,Overcast,1,1,
72593,2021-08-15 10:32:00,40.809563,-73.92923,0,0,Passing Too Closely,4447409,27.9,20.0,0.0,0.0,0.0,0.0,3,16.6,33.1,25,Overcast,0,0,
72594,2021-05-26 18:35:00,40.706978,-73.87464,1,0,Unspecified,4447911,29.5,17.4,0.1,0.1,0.0,1.0,51,23.4,45.7,210,Drizzle: Light,1,1,
72595,2021-08-15 14:26:00,40.868065,-73.89438,0,0,Unspecified,4447213,27.9,20.0,0.0,0.0,0.0,0.0,3,16.6,33.1,25,Overcast,0,0,
72596,2021-08-04 00:00:00,40.606415,-74.131874,0,0,Passing Too Closely,4447814,24.3,17.5,0.1,0.1,0.0,1.0,51,13.7,27.4,57,Drizzle: Light,0,0,
72597,2021-06-03 15:00:00,40.711014,-73.86451,0,0,Unspecified,4447928,23.0,13.2,11.9,11.9,0.0,10.0,63,13.6,38.9,165,Rain: Moderate,0,0,
72598,2021-08-15 16:20:00,40.83862,-73.92708,0,0,Failure to Yield Right-of-Way,4447366,27.9,20.0,0.0,0.0,0.0,0.0,3,16.6,33.1,25,Overcast,0,0,
72599,2021-08-15 09:55:00,40.655197,-73.8806,1,0,Unspecified,4447267,27.9,20.0,0.0,0.0,0.0,0.0,3,16.6,33.1,25,Overcast,1,1,
72600,2021-08-15 18:30:00,40.645138,-73.998276,1,0,Unspecified,4447380,27.9,20.0,0.0,0.0,0.0,0.0,3,16.6,33.1,25,Overcast,1,1,
72601,2021-08-15 18:40:00,40.67335,-73.82582,0,0,Driver Inattention/Distraction,4447323,27.9,20.0,0.0,0.0,0.0,0.0,3,16.6,33.1,25,Overcast,0,0,
72602,2021-07-29 16:20:00,40.803413,-73.958015,0,0,Backing Unsafely,4447854,25.3,20.4,33.0,33.0,0.0,11.0,65,26.1,50.8,182,Rain: Heavy,0,0,
72603,2021-08-15 00:35:00,40.666157,-73.79904,2,0,Following Too Closely,4446898,27.9,20.0,0.0,0.0,0.0,0.0,3,16.6,33.1,25,Overcast,2,2,
72604,2021-08-15 18:15:00,40.71736,-73.9064,0,0,Passing Too Closely,4447894,27.9,20.0,0.0,0.0,0.0,0.0,3,16.6,33.1,25,Overcast,0,0,
72605,2021-08-13 08:29:00,40.709988,-73.90475,2,0,Traffic Control Disregarded,4447957,33.2,24.8,0.0,0.0,0.0,0.0,3,18.2,34.9,215,Overcast,2,2,
72606,2021-08-15 01:10:00,40.757053,-73.871086,1,0,Driver Inattention/Distraction,4447243,27.9,20.0,0.0,0.0,0.0,0.0,3,16.6,33.1,25,Overcast,1,1,
72607,2021-08-15 03:24:00,40.68305,-73.97377,3,0,Failure to Yield Right-of-Way,4447700,27.9,20.0,0.0,0.0,0.0,0.0,3,16.6,33.1,25,Overcast,3,3,
72608,2021-08-02 15:29:00,40.830128,-73.85087,0,0,Aggressive Driving/Road Rage,4447945,26.4,17.2,0.0,0.0,0.0,0.0,3,18.4,37.4,313,Overcast,0,0,
72609,2021-08-14 20:00:00,40.578556,-74.1696,1,0,Driver Inattention/Distraction,4447927,31.3,24.2,2.5,2.5,0.0,5.0,55,16.9,32.8,286,Drizzle: Dense,1,1,
72610,2021-08-12 18:25:00,40.84857,-73.88542,0,0,Following Too Closely,4447835,35.2,23.1,0.0,0.0,0.0,0.0,3,21.0,47.5,220,Overcast,0,0,
72611,2021-08-15 03:51:00,40.743874,-73.97163,0,0,Unspecified,4446924,27.9,20.0,0.0,0.0,0.0,0.0,3,16.6,33.1,25,Overcast,0,0,
72612,2021-08-13 13:42:00,40.759727,-73.99169,0,0,Failure to Yield Right-of-Way,4447867,33.2,24.8,0.0,0.0,0.0,0.0,3,18.2,34.9,215,Overcast,0,0,
72613,2021-08-15 15:35:00,40.631565,-73.94635,0,0,Backing Unsafely,4447210,27.9,20.0,0.0,0.0,0.0,0.0,3,16.6,33.1,25,Overcast,0,0,
72614,2021-08-13 22:10:00,40.619576,-74.00461,0,0,Driver Inattention/Distraction,4447899,33.2,24.8,0.0,0.0,0.0,0.0,3,18.2,34.9,215,Overcast,0,0,
72615,2021-08-15 18:38:00,40.669735,-73.75111,2,0,Driver Inattention/Distraction,4447262,27.9,20.0,0.0,0.0,0.0,0.0,3,16.6,33.1,25,Overcast,2,2,
72616,2021-08-15 19:12:00,40.632538,-74.032295,0,0,Following Too Closely,4447643,27.9,20.0,0.0,0.0,0.0,0.0,3,16.6,33.1,25,Overcast,0,0,
72617,2021-08-15 08:16:00,40.626312,-74.15858,0,0,Unspecified,4447813,27.9,20.0,0.0,0.0,0.0,0.0,3,16.6,33.1,25,Overcast,0,0,
72618,2021-08-15 08:00:00,40.63608,-74.136505,0,0,Unspecified,4447294,27.9,20.0,0.0,0.0,0.0,0.0,3,16.6,33.1,25,Overcast,0,0,
72619,2021-07-30 15:30:00,40.721897,-73.913185,0,0,Passing or Lane Usage Improper,4447987,27.6,19.1,0.0,0.0,0.0,0.0,1,24.2,45.7,310,Mainly clear,0,0,Sunny/Clear Conditions
72620,2021-07-10 23:05:00,40.697163,-73.90685,2,0,Passing Too Closely,4447886,25.5,20.7,0.5,0.5,0.0,3.0,51,14.5,29.9,1,Drizzle: Light,2,2,
72621,2021-08-15 17:33:00,40.70835,-73.95323,1,0,Failure to Yield Right-of-Way,4448035,27.9,20.0,0.0,0.0,0.0,0.0,3,16.6,33.1,25,Overcast,1,1,
72622,2021-08-15 05:26:00,40.6755,-73.73864,0,0,Unsafe Speed,4447109,27.9,20.0,0.0,0.0,0.0,0.0,3,16.6,33.1,25,Overcast,0,0,
72623,2021-08-15 01:59:00,40.86196,-73.910324,0,0,Driver Inattention/Distraction,4447140,27.9,20.0,0.0,0.0,0.0,0.0,3,16.6,33.1,25,Overcast,0,0,
72624,2021-08-09 10:00:00,40.7155,-73.88325,0,0,Unspecified,4447932,26.2,20.1,1.1,1.1,0.0,7.0,51,17.3,34.6,36,Drizzle: Light,0,0,
72625,2021-08-15 05:15:00,40.8536,-73.84338,0,0,Unspecified,4447238,27.9,20.0,0.0,0.0,0.0,0.0,3,16.6,33.1,25,Overcast,0,0,
72626,2021-10-22 00:00:00,40.7538182,-73.9925039,1,0,Driver Inattention/Distraction,4470425,20.3,14.4,0.0,0.0,0.0,0.0,3,18.1,31.3,267,Overcast,1,1,
72627,2021-08-14 06:00:00,40.614563,-73.994804,0,0,Driver Inattention/Distraction,4447904,31.3,24.2,2.5,2.5,0.0,5.0,55,16.9,32.8,286,Drizzle: Dense,0,0,
72628,2021-08-15 04:43:00,40.725582,-73.94873,1,0,Cell Phone (hand-Held),4447080,27.9,20.0,0.0,0.0,0.0,0.0,3,16.6,33.1,25,Overcast,1,1,
72629,2021-08-15 14:40:00,40.583057,-73.973114,5,0,Driver Inattention/Distraction,4447390,27.9,20.0,0.0,0.0,0.0,0.0,3,16.6,33.1,25,Overcast,5,5,
72630,2021-08-15 06:20:00,40.834114,-73.86327,0,0,Unsafe Speed,4447443,27.9,20.0,0.0,0.0,0.0,0.0,3,16.6,33.1,25,Overcast,0,0,
72631,2021-08-15 13:00:00,40.696564,-73.856476,0,0,Passing or Lane Usage Improper,4447117,27.9,20.0,0.0,0.0,0.0,0.0,3,16.6,33.1,25,Overcast,0,0,
72632,2021-08-15 17:28:00,40.72594,-73.8139,1,0,View Obstructed/Limited,4447273,27.9,20.0,0.0,0.0,0.0,0.0,3,16.6,33.1,25,Overcast,1,1,
72633,2021-08-15 00:52:00,40.59922,-74.09173,0,0,Unsafe Speed,4447831,27.9,20.0,0.0,0.0,0.0,0.0,3,16.6,33.1,25,Overcast,0,0,
72634,2021-08-14 02:50:00,40.76226,-73.9919,0,0,Alcohol Involvement,4447873,31.3,24.2,2.5,2.5,0.0,5.0,55,16.9,32.8,286,Drizzle: Dense,0,0,
72635,2021-08-15 20:58:00,40.600895,-73.98031,1,0,Driver Inattention/Distraction,4447614,27.9,20.0,0.0,0.0,0.0,0.0,3,16.6,33.1,25,Overcast,1,1,
72636,2021-08-15 02:01:00,40.715237,-74.01339,1,0,Alcohol Involvement,4448087,27.9,20.0,0.0,0.0,0.0,0.0,3,16.6,33.1,25,Overcast,1,1,
72637,2021-08-15 15:00:00,40.787018,-73.811584,0,0,Following Too Closely,4447218,27.9,20.0,0.0,0.0,0.0,0.0,3,16.6,33.1,25,Overcast,0,0,
72638,2021-08-15 21:01:00,40.8608,-73.85754,0,0,Reaction to Uninvolved Vehicle,4447282,27.9,20.0,0.0,0.0,0.0,0.0,3,16.6,33.1,25,Overcast,0,0,
72639,2021-05-25 18:00:00,40.705257,-73.90936,0,0,Driver Inexperience,4447981,21.9,13.0,0.0,0.0,0.0,0.0,3,24.3,47.9,182,Overcast,0,0,
72640,2021-08-15 22:50:00,40.845634,-73.83026,0,0,Unspecified,4447975,27.9,20.0,0.0,0.0,0.0,0.0,3,16.6,33.1,25,Overcast,0,0,
72641,2021-06-27 05:45:00,40.713436,-73.91467,0,0,Driver Inattention/Distraction,4447919,29.2,22.2,0.5,0.5,0.0,4.0,51,19.6,45.4,196,Drizzle: Light,0,0,
72642,2021-08-15 00:00:00,40.820187,-73.890686,1,0,,4447822,27.9,20.0,0.0,0.0,0.0,0.0,3,16.6,33.1,25,Overcast,1,1,
72643,2021-08-14 15:20:00,40.76003,-73.82832,0,0,Passing Too Closely,4447962,31.3,24.2,2.5,2.5,0.0,5.0,55,16.9,32.8,286,Drizzle: Dense,0,0,
72644,2021-08-15 05:00:00,40.665245,-73.87513,0,0,Traffic Control Disregarded,4447420,27.9,20.0,0.0,0.0,0.0,0.0,3,16.6,33.1,25,Overcast,0,0,
72645,2021-08-15 03:13:00,40.661022,-73.87845,0,0,Driver Inattention/Distraction,4446946,27.9,20.0,0.0,0.0,0.0,0.0,3,16.6,33.1,25,Overcast,0,0,
72646,2021-08-15 09:10:00,40.812138,-73.96636,2,0,Passing or Lane Usage Improper,4447551,27.9,20.0,0.0,0.0,0.0,0.0,3,16.6,33.1,25,Overcast,2,2,
72647,2021-08-15 16:45:00,40.586117,-73.93604,1,0,Following Too Closely,4447186,27.9,20.0,0.0,0.0,0.0,0.0,3,16.6,33.1,25,Overcast,1,1,
72648,2021-08-15 03:50:00,40.710648,-73.99662,0,0,Driver Inattention/Distraction,4447473,27.9,20.0,0.0,0.0,0.0,0.0,3,16.6,33.1,25,Overcast,0,0,
72649,2021-08-15 15:07:00,40.760586,-73.84592,0,0,Driver Inattention/Distraction,4447396,27.9,20.0,0.0,0.0,0.0,0.0,3,16.6,33.1,25,Overcast,0,0,