,CRASH DATETIME,LATITUDE,LONGITUDE,NUMBER OF PERSONS INJURED,NUMBER OF PERSONS KILLED,CONTRIBUTING FACTOR VEHICLE 1,COLLISION_ID,temperature_2m_max,temperature_2m_min,precipitation_sum,rain_sum,snowfall_sum,precipitation_hours,weather_code,wind_speed_10m_max,wind_gusts_10m_max,wind_direction_10m_dominant,Weather Description,Severity_Score,Total_Affected_Persons,Weather_Category
72650,2021-08-08 21:33:00,40.797676,-73.94929,0,0,Passing Too Closely,4447880,22.9,19.4,12.7,12.7,0.0,17.0,63,19.9,36.0,38,Rain: Moderate,0,0,
72651,2021-08-15 02:00:00,40.66632,-73.83481,0,0,Driver Inattention/Distraction,4447339,27.9,20.0,0.0,0.0,0.0,0.0,3,16.6,33.1,25,Overcast,0,0,
72652,2021-07-15 11:05:00,40.71374,-73.90091,1,0,Driver Inexperience,4447993,29.3,21.2,0.1,0.1,0.0,1.0,51,13.7,27.4,212,Drizzle: Light,1,1,
72653,2021-08-15 17:00:00,40.700054,-73.92459,0,0,Passing Too Closely,4447248,27.9,20.0,0.0,0.0,0.0,0.0,3,16.6,33.1,25,Overcast,0,0,
72654,2021-08-15 16:18:00,40.679516,-73.91109,0,0,Unspecified,4447576,27.9,20.0,0.0,0.0,0.0,0.0,3,16.6,33.1,25,Overcast,0,0,
72655,2021-08-15 12:30:00,40.579197,-73.98195,1,0,Unsafe Speed,4447771,27.9,20.0,0.0,0.0,0.0,0.0,3,16.6,33.1,25,Overcast,1,1,
72656,2021-08-15 19:30:00,40.67035,-73.89743,0,0,Failure to Yield Right-of-Way,4447279,27.9,20.0,0.0,0.0,0.0,0.0,3,16.6,33.1,25,Overcast,0,0,
72657,2021-08-15 18:52:00,40.662674,-73.94562,1,0,Driver Inexperience,4447485,27.9,20.0,0.0,0.0,0.0,0.0,3,16.6,33.1,25,Overcast,1,1,
72658,2021-08-15 05:00:00,40.833813,-73.86275,0,0,Driver Inattention/Distraction,4447002,27.9,20.0,0.0,0.0,0.0,0.0,3,16.6,33.1,25,Overcast,0,0,
72659,2021-08-15 00:00:00,40.585037,-73.95645,0,0,Unsafe Lane Changing,4447357,27.9,20.0,0.0,0.0,0.0,0.0,3,16.6,33.1,25,Overcast,0,0,
72660,2021-08-15 12:26:00,40.862442,-73.89715,0,0,Unsafe Lane Changing,4447146,27.9,20.0,0.0,0.0,0.0,0.0,3,16.6,33.1,25,Overcast,0,0,
72661,2021-08-15 11:30:00,40.58353,-73.971214,0,0,Reaction to Uninvolved Vehicle,4447386,27.9,20.0,0.0,0.0,0.0,0.0,3,16.6,33.1,25,Overcast,0,0,
72662,2021-08-15 02:00:00,40.747177,-73.891495,0,0,Unspecified,4447242,27.9,20.0,0.0,0.0,0.0,0.0,3,16.6,33.1,25,Overcast,0,0,
72663,2021-08-15 18:11:00,40.70537,-73.775826,1,0,Driver Inattention/Distraction,4447350,27.9,20.0,0.0,0.0,0.0,0.0,3,16.6,33.1,25,Overcast,1,1,
72664,2021-08-15 19:00:00,40.64144,-73.927345,0,0,Unspecified,4448004,27.9,20.0,0.0,0.0,0.0,0.0,3,16.6,33.1,25,Overcast,0,0,
72665,2021-08-15 06:30:00,40.844902,-73.89011,1,0,Driver Inattention/Distraction,4447841,27.9,20.0,0.0,0.0,0.0,0.0,3,16.6,33.1,25,Overcast,1,1,
72666,2021-08-15 22:55:00,40.622845,-74.14153,0,0,Driver Inattention/Distraction,4447302,27.9,20.0,0.0,0.0,0.0,0.0,3,16.6,33.1,25,Overcast,0,0,
72667,2021-08-13 11:11:00,40.636044,-73.740265,3,0,Unspecified,4447859,33.2,24.8,0.0,0.0,0.0,0.0,3,18.2,34.9,215,Overcast,3,3,
72668,2021-08-15 03:27:00,40.685463,-73.727,0,0,Unsafe Speed,4446900,27.9,20.0,0.0,0.0,0.0,0.0,3,16.6,33.1,25,Overcast,0,0,
72669,2021-08-09 08:57:00,40.713963,-73.8851,0,0,Other Vehicular,4447895,26.2,20.1,1.1,1.1,0.0,7.0,51,17.3,34.6,36,Drizzle: Light,0,0,
72670,2021-08-12 15:55:00,40.578316,-73.960785,0,0,Driver Inattention/Distraction,4448083,35.2,23.1,0.0,0.0,0.0,0.0,3,21.0,47.5,220,Overcast,0,0,
72671,2021-08-15 05:16:00,40.672527,-73.95026,1,0,Traffic Control Disregarded,4447684,27.9,20.0,0.0,0.0,0.0,0.0,3,16.6,33.1,25,Overcast,1,1,
72672,2021-08-12 04:45:00,40.69897,-73.95702,0,0,Driver Inexperience,4447955,35.2,23.1,0.0,0.0,0.0,0.0,3,21.0,47.5,220,Overcast,0,0,
72673,2021-08-09 12:15:00,40.722042,-73.908394,0,0,Unspecified,4447933,26.2,20.1,1.1,1.1,0.0,7.0,51,17.3,34.6,36,Drizzle: Light,0,0,
72674,2021-08-15 14:18:00,0.0,0.0,0,0,Traffic Control Disregarded,4447447,27.9,20.0,0.0,0.0,0.0,0.0,3,16.6,33.1,25,Overcast,0,0,
72675,2021-08-15 07:45:00,40.69425,-73.81505,0,0,Alcohol Involvement,4447116,27.9,20.0,0.0,0.0,0.0,0.0,3,16.6,33.1,25,Overcast,0,0,
72676,2021-08-15 12:35:00,40.680763,-73.85302,0,0,Failure to Yield Right-of-Way,4447118,27.9,20.0,0.0,0.0,0.0,0.0,3,16.6,33.1,25,Overcast,0,0,
72677,2021-08-15 19:01:00,40.81793,-73.9053,3,0,Unspecified,4447410,27.9,20.0,0.0,0.0,0.0,0.0,3,16.6,33.1,25,Overcast,3,3,
72678,2021-08-15 21:40:00,40.71699,-73.82402,3,0,Following Too Closely,4447893,27.9,20.0,0.0,0.0,0.0,0.0,3,16.6,33.1,25,Overcast,3,3,
72679,2021-08-15 01:07:00,40.682907,-73.95979,0,0,Failure to Yield Right-of-Way,4447166,27.9,20.0,0.0,0.0,0.0,0.0,3,16.6,33.1,25,Overcast,0,0,
72680,2021-08-15 21:00:00,40.61456,-74.156555,0,0,Following Too Closely,4447430,27.9,20.0,0.0,0.0,0.0,0.0,3,16.6,33.1,25,Overcast,0,0,
72681,2021-08-14 15:30:00,40.715538,-73.90725,0,0,Unspecified,4447910,31.3,24.2,2.5,2.5,0.0,5.0,55,16.9,32.8,286,Drizzle: Dense,0,0,
72682,2021-08-15 00:00:00,40.787266,-73.81139,1,0,Driver Inattention/Distraction,4447217,27.9,20.0,0.0,0.0,0.0,0.0,3,16.6,33.1,25,Overcast,1,1,
72683,2021-08-15 00:10:00,40.824757,-73.94052,1,0,Unspecified,4447511,27.9,20.0,0.0,0.0,0.0,0.0,3,16.6,33.1,25,Overcast,1,1,
72684,2021-08-14 08:00:00,40.70775,-73.906204,0,0,Unspecified,4447931,31.3,24.2,2.5,2.5,0.0,5.0,55,16.9,32.8,286,Drizzle: Dense,0,0,
72685,2021-08-15 05:59:00,40.65661,-73.93091,1,0,Driver Inattention/Distraction,4447062,27.9,20.0,0.0,0.0,0.0,0.0,3,16.6,33.1,25,Overcast,1,1,
72686,2021-08-15 08:00:00,40.82137,-73.90491,0,0,Unspecified,4447411,27.9,20.0,0.0,0.0,0.0,0.0,3,16.6,33.1,25,Overcast,0,0,
72687,2021-08-15 01:29:00,40.825054,-73.89117,0,0,Failure to Yield Right-of-Way,4447501,27.9,20.0,0.0,0.0,0.0,0.0,3,16.6,33.1,25,Overcast,0,0,
72688,2021-08-15 23:02:00,40.846687,-73.905594,0,0,Driver Inattention/Distraction,4447570,27.9,20.0,0.0,0.0,0.0,0.0,3,16.6,33.1,25,Overcast,0,0,
72689,2021-08-15 06:00:00,40.548096,-74.189735,0,0,Unspecified,4447091,27.9,20.0,0.0,0.0,0.0,0.0,3,16.6,33.1,25,Overcast,0,0,
72690,2021-08-15 11:45:00,40.68107,-73.94972,1,0,Driver Inattention/Distraction,4447159,27.9,20.0,0.0,0.0,0.0,0.0,3,16.6,33.1,25,Overcast,1,1,
72691,2021-08-13 14:30:00,40.71235,-73.89128,0,0,Passing Too Closely,4447920,33.2,24.8,0.0,0.0,0.0,0.0,3,18.2,34.9,215,Overcast,0,0,
72692,2021-04-28 11:59:00,40.701767,-73.90346,0,0,Following Too Closely,4447926,26.1,7.9,0.0,0.0,0.0,0.0,3,15.3,34.6,133,Overcast,0,0,
72693,2021-08-15 17:35:00,40.895447,-73.88002,0,0,Driver Inattention/Distraction,4447206,27.9,20.0,0.0,0.0,0.0,0.0,3,16.6,33.1,25,Overcast,0,0,
72694,2021-08-15 22:30:00,40.655743,-73.85908,1,0,Reaction to Uninvolved Vehicle,4447326,27.9,20.0,0.0,0.0,0.0,0.0,3,16.6,33.1,25,Overcast,1,1,
72695,2021-07-19 13:15:00,40.716114,-73.912796,0,0,Driver Inexperience,4447912,27.5,20.8,0.5,0.5,0.0,2.0,51,12.8,29.9,307,Drizzle: Light,0,0,
72696,2021-08-15 23:50:00,40.686577,-73.947464,0,0,Passing Too Closely,4447663,27.9,20.0,0.0,0.0,0.0,0.0,3,16.6,33.1,25,Overcast,0,0,
72697,2021-08-15 22:00:00,40.711468,-73.80919,2,0,Driver Inattention/Distraction,4447885,27.9,20.0,0.0,0.0,0.0,0.0,3,16.6,33.1,25,Overcast,2,2,
72698,2021-08-15 13:20:00,40.66758,-73.737404,1,0,Unspecified,4447108,27.9,20.0,0.0,0.0,0.0,0.0,3,16.6,33.1,25,Overcast,1,1,
72699,2021-08-15 14:50:00,40.850807,-73.86781,1,0,Failure to Yield Right-of-Way,4447239,27.9,20.0,0.0,0.0,0.0,0.0,3,16.6,33.1,25,Overcast,1,1,
72700,2021-08-15 00:17:00,40.833073,-73.8535,0,0,Driver Inattention/Distraction,4447001,27.9,20.0,0.0,0.0,0.0,0.0,3,16.6,33.1,25,Overcast,0,0,
72701,2021-08-15 15:26:00,40.880535,-73.83212,0,0,Failure to Yield Right-of-Way,4447187,27.9,20.0,0.0,0.0,0.0,0.0,3,16.6,33.1,25,Overcast,0,0,
72702,2021-05-08 09:00:00,40.726875,-73.89836,0,0,Alcohol Involvement,4447958,11.6,7.7,4.3,4.3,0.0,9.0,61,17.5,36.4,140,Rain: Light,0,0,
72703,2021-08-15 15:20:00,40.74026,-73.867325,0,0,Driver Inexperience,4447404,27.9,20.0,0.0,0.0,0.0,0.0,3,16.6,33.1,25,Overcast,0,0,
72704,2021-08-15 17:59:00,40.718094,-73.851425,0,0,Animals Action,4447177,27.9,20.0,0.0,0.0,0.0,0.0,3,16.6,33.1,25,Overcast,0,0,
72705,2021-08-11 14:41:00,40.70559,-73.85824,0,0,Following Too Closely,4447988,31.2,23.2,2.8,2.8,0.0,7.0,55,23.7,44.6,206,Drizzle: Dense,0,0,
72706,2021-08-13 14:00:00,40.85192,-73.89694,1,0,Following Too Closely,4447839,33.2,24.8,0.0,0.0,0.0,0.0,3,18.2,34.9,215,Overcast,1,1,
72707,2021-08-15 02:25:00,40.822105,-73.90062,2,0,Traffic Control Disregarded,4447512,27.9,20.0,0.0,0.0,0.0,0.0,3,16.6,33.1,25,Overcast,2,2,
72708,2021-08-13 18:40:00,40.707577,-73.92884,1,0,Unsafe Speed,4448037,33.2,24.8,0.0,0.0,0.0,0.0,3,18.2,34.9,215,Overcast,1,1,
72709,2021-08-15 14:30:00,40.73663,-73.801025,1,0,Driver Inattention/Distraction,4447263,27.9,20.0,0.0,0.0,0.0,0.0,3,16.6,33.1,25,Overcast,1,1,
72710,2021-08-15 19:00:00,40.774933,-73.94477,0,0,Driver Inattention/Distraction,4447424,27.9,20.0,0.0,0.0,0.0,0.0,3,16.6,33.1,25,Overcast,0,0,
72711,2021-08-15 16:26:00,40.616596,-73.97294,0,0,Unspecified,4447535,27.9,20.0,0.0,0.0,0.0,0.0,3,16.6,33.1,25,Overcast,0,0,
72712,2021-08-15 23:25:00,40.663704,-73.936424,0,0,Driver Inattention/Distraction,4447483,27.9,20.0,0.0,0.0,0.0,0.0,3,16.6,33.1,25,Overcast,0,0,
72713,2021-08-15 18:29:00,40.867577,-73.88806,1,0,Lost Consciousness,4447809,27.9,20.0,0.0,0.0,0.0,0.0,3,16.6,33.1,25,Overcast,1,1,
72714,2021-10-25 10:00:00,40.7069947,-73.7897878,0,0,Passing Too Closely,4470821,22.8,13.5,10.7,10.7,0.0,8.0,63,18.9,33.5,172,Rain: Moderate,0,0,
72715,2021-08-05 12:17:00,40.705513,-73.895386,0,0,Other Vehicular,4447903,27.1,17.4,0.1,0.1,0.0,1.0,51,13.2,27.0,5,Drizzle: Light,0,0,
72716,2021-08-15 20:37:00,40.64156,-73.949554,0,0,Unspecified,4447257,27.9,20.0,0.0,0.0,0.0,0.0,3,16.6,33.1,25,Overcast,0,0,
72717,2021-08-15 16:39:00,40.852585,-73.884315,1,0,Passing or Lane Usage Improper,4447832,27.9,20.0,0.0,0.0,0.0,0.0,3,16.6,33.1,25,Overcast,1,1,
72718,2021-08-13 09:55:00,40.668564,-73.98508,1,0,,4448097,33.2,24.8,0.0,0.0,0.0,0.0,3,18.2,34.9,215,Overcast,1,1,
72719,2021-08-15 13:04:00,40.641945,-73.916626,1,0,Unspecified,4447246,27.9,20.0,0.0,0.0,0.0,0.0,3,16.6,33.1,25,Overcast,1,1,
72720,2021-08-15 00:31:00,40.584923,-73.982,0,0,Alcohol Involvement,4446938,27.9,20.0,0.0,0.0,0.0,0.0,3,16.6,33.1,25,Overcast,0,0,
72721,2021-07-25 16:26:00,40.609417,-73.9677,0,0,Unspecified,4447860,28.0,20.3,7.3,7.3,0.0,10.0,63,20.9,43.2,198,Rain: Moderate,0,0,
72722,2022-04-14 17:30:00,40.58077,-73.96556,0,0,Driver Inattention/Distraction,4519714,28.1,13.9,0.2,0.2,0.0,2.0,51,25.9,46.1,249,Drizzle: Light,0,0,
72723,2021-08-15 04:30:00,40.729996,-73.91187,1,0,Unspecified,4447141,27.9,20.0,0.0,0.0,0.0,0.0,3,16.6,33.1,25,Overcast,1,1,
72724,2021-08-15 19:40:00,40.841084,-73.93184,1,0,Unsafe Lane Changing,4447283,27.9,20.0,0.0,0.0,0.0,0.0,3,16.6,33.1,25,Overcast,1,1,
72725,2021-07-31 12:30:00,40.711216,-73.94043,0,0,Unsafe Speed,4447939,25.6,14.5,0.0,0.0,0.0,0.0,2,16.8,33.8,304,Partly cloudy,0,0,
72726,2021-08-15 21:03:00,40.62349,-74.000534,1,0,Driver Inattention/Distraction,4447900,27.9,20.0,0.0,0.0,0.0,0.0,3,16.6,33.1,25,Overcast,1,1,
72727,2021-08-15 17:00:00,40.76285,-73.967735,1,0,Driver Inattention/Distraction,4447710,27.9,20.0,0.0,0.0,0.0,0.0,3,16.6,33.1,25,Overcast,1,1,
72728,2021-08-14 13:45:00,40.749054,-73.95222,1,0,Driver Inattention/Distraction,4448025,31.3,24.2,2.5,2.5,0.0,5.0,55,16.9,32.8,286,Drizzle: Dense,1,1,
72729,2021-08-15 03:30:00,40.673107,-73.99959,1,0,Driver Inexperience,4447299,27.9,20.0,0.0,0.0,0.0,0.0,3,16.6,33.1,25,Overcast,1,1,
72730,2021-08-15 23:20:00,40.843014,-73.82372,0,0,Other Vehicular,4447972,27.9,20.0,0.0,0.0,0.0,0.0,3,16.6,33.1,25,Overcast,0,0,
72731,2021-08-15 20:50:00,40.70281,-73.9254,0,0,Unspecified,4447395,27.9,20.0,0.0,0.0,0.0,0.0,3,16.6,33.1,25,Overcast,0,0,
72732,2021-08-15 10:30:00,40.66077,-73.89231,0,0,Unspecified,4447272,27.9,20.0,0.0,0.0,0.0,0.0,3,16.6,33.1,25,Overcast,0,0,
72733,2021-08-15 09:21:00,40.829548,-73.87942,0,0,Unspecified,4447219,27.9,20.0,0.0,0.0,0.0,0.0,3,16.6,33.1,25,Overcast,0,0,
72734,2021-08-14 00:50:00,40.72514,-73.93381,3,0,Following Too Closely,4447844,31.3,24.2,2.5,2.5,0.0,5.0,55,16.9,32.8,286,Drizzle: Dense,3,3,
72735,2021-08-13 18:00:00,40.807545,-73.95681,0,0,Driver Inexperience,4447872,33.2,24.8,0.0,0.0,0.0,0.0,3,18.2,34.9,215,Overcast,0,0,
72736,2021-08-15 22:00:00,40.604248,-74.00679,0,0,Aggressive Driving/Road Rage,4447615,27.9,20.0,0.0,0.0,0.0,0.0,3,16.6,33.1,25,Overcast,0,0,
72737,2021-08-15 13:00:00,40.694588,-73.761986,0,0,Passing Too Closely,4447308,27.9,20.0,0.0,0.0,0.0,0.0,3,16.6,33.1,25,Overcast,0,0,
72738,2021-05-13 09:57:00,40.710506,-73.90241,0,0,Driver Inattention/Distraction,4447982,19.1,7.2,0.0,0.0,0.0,0.0,1,15.8,27.4,315,Mainly clear,0,0,Sunny/Clear Conditions
72739,2021-08-15 10:00:00,40.832607,-73.91762,0,0,Unspecified,4447358,27.9,20.0,0.0,0.0,0.0,0.0,3,16.6,33.1,25,Overcast,0,0,
72740,2021-08-15 05:50:00,40.760372,-73.9852,0,0,Backing Unsafely,4447909,27.9,20.0,0.0,0.0,0.0,0.0,3,16.6,33.1,25,Overcast,0,0,
72741,2021-08-10 05:52:00,40.685665,-73.84679,0,0,Alcohol Involvement,4447820,27.3,20.4,3.8,3.8,0.0,11.0,61,18.0,36.0,170,Rain: Light,0,0,
72742,2021-08-12 01:00:00,40.848045,-73.84972,0,0,Driver Inattention/Distraction,4447944,35.2,23.1,0.0,0.0,0.0,0.0,3,21.0,47.5,220,Overcast,0,0,
72743,2021-08-15 18:15:00,40.72731,-73.98281,1,0,Backing Unsafely,4447387,27.9,20.0,0.0,0.0,0.0,0.0,3,16.6,33.1,25,Overcast,1,1,
72744,2021-08-03 16:09:00,40.750294,-73.99485,0,0,Driver Inattention/Distraction,4447934,24.2,15.3,0.0,0.0,0.0,0.0,3,10.7,21.2,7,Overcast,0,0,
72745,2021-08-11 21:00:00,40.55798,-74.15053,0,0,Passing or Lane Usage Improper,4447825,31.2,23.2,2.8,2.8,0.0,7.0,55,23.7,44.6,206,Drizzle: Dense,0,0,
72746,2021-08-15 02:06:00,40.666035,-73.7592,0,0,Unspecified,4446904,27.9,20.0,0.0,0.0,0.0,0.0,3,16.6,33.1,25,Overcast,0,0,
72747,2021-08-13 22:30:00,40.547832,-74.220375,0,0,Driver Inattention/Distraction,4447847,33.2,24.8,0.0,0.0,0.0,0.0,3,18.2,34.9,215,Overcast,0,0,
72748,2021-08-15 07:36:00,40.675755,-73.95977,0,0,Driver Inattention/Distraction,4447256,27.9,20.0,0.0,0.0,0.0,0.0,3,16.6,33.1,25,Overcast,0,0,
72749,2021-08-15 07:30:00,40.757824,-73.86101,0,0,Unspecified,4447455,27.9,20.0,0.0,0.0,0.0,0.0,3,16.6,33.1,25,Overcast,0,0,
72750,2021-08-15 11:35:00,40.754475,-73.944336,0,0,Obstruction/Debris,4447119,27.9,20.0,0.0,0.0,0.0,0.0,3,16.6,33.1,25,Overcast,0,0,
72751,2021-08-15 15:55:00,40.55733,-74.153015,3,0,Driver Inattention/Distraction,4447437,27.9,20.0,0.0,0.0,0.0,0.0,3,16.6,33.1,25,Overcast,3,3,
72752,2021-08-15 20:57:00,40.804996,-73.95496,0,0,Backing Unsafely,4447879,27.9,20.0,0.0,0.0,0.0,0.0,3,16.6,33.1,25,Overcast,0,0,
72753,2021-08-15 18:00:00,40.82705,-73.89856,0,0,Unspecified,4447751,27.9,20.0,0.0,0.0,0.0,0.0,3,16.6,33.1,25,Overcast,0,0,
72754,2021-08-15 17:25:00,40.675842,-73.78305,0,0,Unsafe Speed,4447317,27.9,20.0,0.0,0.0,0.0,0.0,3,16.6,33.1,25,Overcast,0,0,
72755,2021-08-15 14:00:00,40.67725,-73.826096,0,0,Passing or Lane Usage Improper,4447338,27.9,20.0,0.0,0.0,0.0,0.0,3,16.6,33.1,25,Overcast,0,0,
72756,2021-08-09 18:43:00,40.71473,-73.94208,0,0,Reaction to Uninvolved Vehicle,4448058,26.2,20.1,1.1,1.1,0.0,7.0,51,17.3,34.6,36,Drizzle: Light,0,0,
72757,2021-08-15 23:30:00,40.63396,-74.01476,0,0,Traffic Control Disregarded,4447586,27.9,20.0,0.0,0.0,0.0,0.0,3,16.6,33.1,25,Overcast,0,0,
72758,2021-08-15 22:50:00,40.74956,-73.8548,0,0,Failure to Yield Right-of-Way,4447405,27.9,20.0,0.0,0.0,0.0,0.0,3,16.6,33.1,25,Overcast,0,0,
72759,2021-08-15 04:00:00,40.759445,-73.78964,0,0,Driver Inattention/Distraction,4447173,27.9,20.0,0.0,0.0,0.0,0.0,3,16.6,33.1,25,Overcast,0,0,
72760,2021-08-15 00:45:00,40.77306,-73.824684,0,0,Passing or Lane Usage Improper,4447216,27.9,20.0,0.0,0.0,0.0,0.0,3,16.6,33.1,25,Overcast,0,0,
72761,2021-08-13 16:00:00,40.71738,-73.90769,0,0,Unspecified,4447930,33.2,24.8,0.0,0.0,0.0,0.0,3,18.2,34.9,215,Overcast,0,0,
72762,2021-08-15 01:15:00,40.642372,-73.957466,1,0,Unspecified,4447066,27.9,20.0,0.0,0.0,0.0,0.0,3,16.6,33.1,25,Overcast,1,1,
72763,2021-07-15 09:00:00,40.698013,-73.90039,0,0,Unspecified,4447913,29.3,21.2,0.1,0.1,0.0,1.0,51,13.7,27.4,212,Drizzle: Light,0,0,
72764,2021-08-15 05:16:00,40.809185,-73.920975,0,0,Unspecified,4447412,27.9,20.0,0.0,0.0,0.0,0.0,3,16.6,33.1,25,Overcast,0,0,
72765,2021-08-15 12:00:00,40.719177,-73.79223,0,0,Driver Inattention/Distraction,4447278,27.9,20.0,0.0,0.0,0.0,0.0,3,16.6,33.1,25,Overcast,0,0,
72766,2021-08-15 22:12:00,40.72157,-73.8197,0,0,Unspecified,4447890,27.9,20.0,0.0,0.0,0.0,0.0,3,16.6,33.1,25,Overcast,0,0,
72767,2021-07-04 10:30:00,40.876087,-73.86233,0,0,Driver Inattention/Distraction,4447949,24.6,15.8,1.4,1.4,0.0,12.0,51,11.8,27.0,299,Drizzle: Light,0,0,
72768,2021-08-15 08:40:00,40.82909,-73.85564,0,0,Unspecified,4447221,27.9,20.0,0.0,0.0,0.0,0.0,3,16.6,33.1,25,Overcast,0,0,
72769,2021-08-15 12:30:00,40.67271,-73.97089,0,0,Following Too Closely,4447514,27.9,20.0,0.0,0.0,0.0,0.0,3,16.6,33.1,25,Overcast,0,0,
72770,2021-08-06 18:00:00,40.70051,-73.89421,0,0,Unspecified,4447983,28.9,17.4,0.0,0.0,0.0,0.0,3,18.1,38.2,188,Overcast,0,0,
72771,2021-08-15 00:56:00,40.652035,-73.91914,1,0,Driver Inattention/Distraction,4447061,27.9,20.0,0.0,0.0,0.0,0.0,3,16.6,33.1,25,Overcast,1,1,
72772,2021-08-15 03:10:00,40.68704,-73.780525,0,0,Passing or Lane Usage Improper,4447348,27.9,20.0,0.0,0.0,0.0,0.0,3,16.6,33.1,25,Overcast,0,0,
72773,2021-08-07 20:58:00,40.706,-73.91512,0,0,Backing Unsafely,4447992,29.7,19.9,0.0,0.0,0.0,0.0,3,24.2,45.0,198,Overcast,0,0,
72774,2021-08-14 00:00:00,40.827774,-73.945755,0,0,Unspecified,4448079,31.3,24.2,2.5,2.5,0.0,5.0,55,16.9,32.8,286,Drizzle: Dense,0,0,
72775,2021-08-15 05:30:00,40.67471,-73.73045,0,0,Unspecified,4447115,27.9,20.0,0.0,0.0,0.0,0.0,3,16.6,33.1,25,Overcast,0,0,
72776,2021-06-16 00:00:00,40.702858,-73.863625,1,0,Unspecified,4447990,23.1,15.1,0.0,0.0,0.0,0.0,1,20.2,40.0,317,Mainly clear,1,1,Sunny/Clear Conditions
72777,2021-08-15 23:30:00,40.67059,-73.876114,1,0,Unsafe Speed,4447417,27.9,20.0,0.0,0.0,0.0,0.0,3,16.6,33.1,25,Overcast,1,1,
72778,2021-08-15 04:58:00,40.673214,-73.87218,0,0,Driver Inattention/Distraction,4446960,27.9,20.0,0.0,0.0,0.0,0.0,3,16.6,33.1,25,Overcast,0,0,
72779,2021-08-15 12:24:00,40.64715,-73.916214,1,0,Unsafe Speed,4447240,27.9,20.0,0.0,0.0,0.0,0.0,3,16.6,33.1,25,Overcast,1,1,
72780,2021-08-15 03:04:00,40.820187,-73.890686,1,0,Driver Inattention/Distraction,4447496,27.9,20.0,0.0,0.0,0.0,0.0,3,16.6,33.1,25,Overcast,1,1,
72781,2021-05-21 13:47:00,40.709164,-73.9143,0,0,Unspecified,4447959,23.9,11.3,0.0,0.0,0.0,0.0,3,19.2,38.5,174,Overcast,0,0,
72782,2021-08-15 19:26:00,40.74759,-73.86854,0,0,Turning Improperly,4447403,27.9,20.0,0.0,0.0,0.0,0.0,3,16.6,33.1,25,Overcast,0,0,
72783,2021-08-15 12:51:00,40.786594,-73.96839,0,0,Driver Inexperience,4447151,27.9,20.0,0.0,0.0,0.0,0.0,3,16.6,33.1,25,Overcast,0,0,
72784,2021-08-14 02:41:00,40.736877,-74.00554,0,0,Unsafe Speed,4447871,31.3,24.2,2.5,2.5,0.0,5.0,55,16.9,32.8,286,Drizzle: Dense,0,0,
72785,2021-08-13 09:41:00,40.839962,-73.87681,2,0,Driver Inattention/Distraction,4447833,33.2,24.8,0.0,0.0,0.0,0.0,3,18.2,34.9,215,Overcast,2,2,
72786,2021-08-15 19:00:00,40.724594,-73.81842,0,0,Unspecified,4447264,27.9,20.0,0.0,0.0,0.0,0.0,3,16.6,33.1,25,Overcast,0,0,
72787,2021-08-15 13:09:00,40.693935,-73.95601,0,0,Other Vehicular,4447661,27.9,20.0,0.0,0.0,0.0,0.0,3,16.6,33.1,25,Overcast,0,0,
72788,2021-08-04 08:15:00,40.806355,-73.953964,1,0,Passing or Lane Usage Improper,4447801,24.3,17.5,0.1,0.1,0.0,1.0,51,13.7,27.4,57,Drizzle: Light,1,1,
72789,2021-08-15 22:20:00,40.65943,-73.7613,1,0,Driver Inattention/Distraction,4447300,27.9,20.0,0.0,0.0,0.0,0.0,3,16.6,33.1,25,Overcast,1,1,
72790,2021-07-05 12:30:00,40.71126,-73.899864,0,0,Unspecified,4447966,26.4,17.3,0.7,0.7,0.0,2.0,53,18.8,34.6,142,Drizzle: Moderate,0,0,
72791,2021-09-10 20:42:00,40.840661,-73.8385027,0,0,Unspecified,4456018,22.9,16.0,0.0,0.0,0.0,0.0,3,24.2,47.2,314,Overcast,0,0,
72792,2021-08-15 09:45:00,40.71253,-73.89662,1,0,Following Too Closely,4447142,27.9,20.0,0.0,0.0,0.0,0.0,3,16.6,33.1,25,Overcast,1,1,
72793,2021-08-02 19:35:00,40.714455,-73.935295,0,0,Driver Inattention/Distraction,4447940,26.4,17.2,0.0,0.0,0.0,0.0,3,18.4,37.4,313,Overcast,0,0,
72794,2021-08-15 12:19:00,40.758633,-73.96579,0,0,Driver Inattention/Distraction,4447104,27.9,20.0,0.0,0.0,0.0,0.0,3,16.6,33.1,25,Overcast,0,0,
72795,2021-08-15 10:15:00,40.63413,-73.928505,2,0,Unsafe Lane Changing,4447883,27.9,20.0,0.0,0.0,0.0,0.0,3,16.6,33.1,25,Overcast,2,2,
72796,2021-08-15 13:00:00,40.69168,-73.999344,0,0,Following Too Closely,4447423,27.9,20.0,0.0,0.0,0.0,0.0,3,16.6,33.1,25,Overcast,0,0,
72797,2021-08-15 21:07:00,40.641254,-73.9964,1,0,Unspecified,4447534,27.9,20.0,0.0,0.0,0.0,0.0,3,16.6,33.1,25,Overcast,1,1,
72798,2021-08-15 11:30:00,40.888138,-73.82661,0,0,Driver Inattention/Distraction,4447189,27.9,20.0,0.0,0.0,0.0,0.0,3,16.6,33.1,25,Overcast,0,0,
72799,2021-08-15 18:00:00,40.705917,-73.752365,0,0,Passing or Lane Usage Improper,4447319,27.9,20.0,0.0,0.0,0.0,0.0,3,16.6,33.1,25,Overcast,0,0,
72800,2021-08-15 14:45:00,40.72212,-73.99671,0,0,Driver Inattention/Distraction,4447481,27.9,20.0,0.0,0.0,0.0,0.0,3,16.6,33.1,25,Overcast,0,0,