,CRASH DATETIME,LATITUDE,LONGITUDE,NUMBER OF PERSONS INJURED,NUMBER OF PERSONS KILLED,CONTRIBUTING FACTOR VEHICLE 1,COLLISION_ID,temperature_2m_max,temperature_2m_min,precipitation_sum,rain_sum,snowfall_sum,precipitation_hours,weather_code,wind_speed_10m_max,wind_gusts_10m_max,wind_direction_10m_dominant,Weather Description,Severity_Score,Total_Affected_Persons,Weather_Category
72801,2021-08-15 21:34:00,40.632988,-73.97214,1,0,Backing Unsafely,4447393,27.9,20.0,0.0,0.0,0.0,0.0,3,16.6,33.1,25,Overcast,1,1,
72802,2021-08-15 09:54:00,40.74203,-73.99071,2,0,Unspecified,4447092,27.9,20.0,0.0,0.0,0.0,0.0,3,16.6,33.1,25,Overcast,2,2,
72803,2021-08-15 00:41:00,40.588036,-73.96041,0,0,Driver Inattention/Distraction,4446941,27.9,20.0,0.0,0.0,0.0,0.0,3,16.6,33.1,25,Overcast,0,0,
72804,2021-08-15 05:22:00,40.63622,-73.90779,2,0,Traffic Control Disregarded,4447245,27.9,20.0,0.0,0.0,0.0,0.0,3,16.6,33.1,25,Overcast,2,2,
72805,2021-08-13 02:37:00,40.86953,-73.85746,1,0,Other Vehicular,4447924,33.2,24.8,0.0,0.0,0.0,0.0,3,18.2,34.9,215,Overcast,1,1,
72806,2021-08-15 00:00:00,40.84064,-73.83704,0,0,Unspecified,4447329,27.9,20.0,0.0,0.0,0.0,0.0,3,16.6,33.1,25,Overcast,0,0,
72807,2021-08-15 06:00:00,40.58376,-73.82554,1,0,Fell Asleep,4447203,27.9,20.0,0.0,0.0,0.0,0.0,3,16.6,33.1,25,Overcast,1,1,
72808,2021-08-13 02:20:00,40.756664,-73.984406,0,0,Driver Inattention/Distraction,4447838,33.2,24.8,0.0,0.0,0.0,0.0,3,18.2,34.9,215,Overcast,0,0,
72809,2021-08-13 18:22:00,40.617393,-73.9692,0,0,Unspecified,4447861,33.2,24.8,0.0,0.0,0.0,0.0,3,18.2,34.9,215,Overcast,0,0,
72810,2021-08-15 19:00:00,40.761234,-73.96389,1,0,Reaction to Uninvolved Vehicle,4447708,27.9,20.0,0.0,0.0,0.0,0.0,3,16.6,33.1,25,Overcast,1,1,
72811,2021-08-15 06:40:00,40.70604,-73.90765,0,0,Unspecified,4447901,27.9,20.0,0.0,0.0,0.0,0.0,3,16.6,33.1,25,Overcast,0,0,
72812,2021-08-08 11:05:00,40.80297,-73.96387,0,0,Passing Too Closely,4448030,22.9,19.4,12.7,12.7,0.0,17.0,63,19.9,36.0,38,Rain: Moderate,0,0,
72813,2021-08-15 10:50:00,40.6349,-73.91892,0,0,Steering Failure,4447258,27.9,20.0,0.0,0.0,0.0,0.0,3,16.6,33.1,25,Overcast,0,0,
72814,2021-08-13 12:53:00,40.66907,-73.89731,0,0,Unspecified,4447789,33.2,24.8,0.0,0.0,0.0,0.0,3,18.2,34.9,215,Overcast,0,0,
72815,2021-08-12 09:30:00,40.74795,-73.88097,0,0,Unspecified,4447921,35.2,23.1,0.0,0.0,0.0,0.0,3,21.0,47.5,220,Overcast,0,0,
72816,2021-08-15 14:57:00,40.81099,-73.914856,1,0,Unspecified,4447414,27.9,20.0,0.0,0.0,0.0,0.0,3,16.6,33.1,25,Overcast,1,1,
72817,2021-08-13 19:00:00,40.615627,-74.08406,0,0,Failure to Yield Right-of-Way,4447935,33.2,24.8,0.0,0.0,0.0,0.0,3,18.2,34.9,215,Overcast,0,0,
72818,2021-07-20 17:17:00,40.72591,-73.87726,0,0,Passing or Lane Usage Improper,4447960,30.9,21.1,0.0,0.0,0.0,0.0,1,13.3,26.6,283,Mainly clear,0,0,Sunny/Clear Conditions
72819,2021-08-15 02:48:00,40.723625,-74.00479,0,0,Passing or Lane Usage Improper,4447125,27.9,20.0,0.0,0.0,0.0,0.0,3,16.6,33.1,25,Overcast,0,0,
72820,2021-08-15 10:49:00,40.813446,-73.93503,1,0,Unspecified,4447467,27.9,20.0,0.0,0.0,0.0,0.0,3,16.6,33.1,25,Overcast,1,1,
72821,2021-07-02 17:15:00,40.69942,-73.86878,1,0,Unspecified,4447888,24.3,19.2,29.6,29.6,0.0,23.0,63,14.1,27.7,284,Rain: Moderate,1,1,
72822,2021-08-15 22:20:00,40.87965,-73.84236,0,0,Turning Improperly,4447407,27.9,20.0,0.0,0.0,0.0,0.0,3,16.6,33.1,25,Overcast,0,0,
72823,2021-08-15 05:17:00,40.692425,-73.82143,0,0,Unsafe Speed,4447113,27.9,20.0,0.0,0.0,0.0,0.0,3,16.6,33.1,25,Overcast,0,0,
72824,2021-08-15 16:08:00,40.680313,-73.72879,1,0,Unspecified,4447180,27.9,20.0,0.0,0.0,0.0,0.0,3,16.6,33.1,25,Overcast,1,1,
72825,2021-08-15 00:00:00,40.846878,-73.920616,0,0,Aggressive Driving/Road Rage,4447562,27.9,20.0,0.0,0.0,0.0,0.0,3,16.6,33.1,25,Overcast,0,0,
72826,2021-08-15 09:00:00,40.763138,-73.91341,0,0,Unspecified,4447068,27.9,20.0,0.0,0.0,0.0,0.0,3,16.6,33.1,25,Overcast,0,0,
72827,2021-07-15 08:00:00,40.70419,-73.901726,0,0,Unspecified,4447902,29.3,21.2,0.1,0.1,0.0,1.0,51,13.7,27.4,212,Drizzle: Light,0,0,
72828,2021-08-15 11:30:00,40.704113,-73.94786,1,0,Driver Inattention/Distraction,4447941,27.9,20.0,0.0,0.0,0.0,0.0,3,16.6,33.1,25,Overcast,1,1,
72829,2021-08-15 03:11:00,40.601643,-73.76009,0,0,Unsafe Speed,4447760,27.9,20.0,0.0,0.0,0.0,0.0,3,16.6,33.1,25,Overcast,0,0,
72830,2021-08-12 17:25:00,40.82388,-73.81998,1,0,Unspecified,4447977,35.2,23.1,0.0,0.0,0.0,0.0,3,21.0,47.5,220,Overcast,1,1,
72831,2021-06-15 03:00:00,40.75355,-73.98505,1,0,Unspecified,4447850,25.1,17.4,1.0,1.0,0.0,4.0,53,17.7,33.8,295,Drizzle: Moderate,1,1,
72832,2021-08-15 04:26:00,40.729084,-73.93104,0,0,Driver Inattention/Distraction,4446911,27.9,20.0,0.0,0.0,0.0,0.0,3,16.6,33.1,25,Overcast,0,0,
72833,2021-08-11 21:00:00,40.71116,-73.879074,0,0,Passing Too Closely,4447929,31.2,23.2,2.8,2.8,0.0,7.0,55,23.7,44.6,206,Drizzle: Dense,0,0,
72834,2021-08-15 18:00:00,40.592663,-73.95106,0,0,Passing Too Closely,4447344,27.9,20.0,0.0,0.0,0.0,0.0,3,16.6,33.1,25,Overcast,0,0,
72835,2021-08-15 07:08:00,40.774323,-73.96149,1,0,Driver Inattention/Distraction,4447389,27.9,20.0,0.0,0.0,0.0,0.0,3,16.6,33.1,25,Overcast,1,1,
72836,2021-08-12 22:08:00,40.6568,-73.928,3,0,Traffic Control Disregarded,4448001,35.2,23.1,0.0,0.0,0.0,0.0,3,21.0,47.5,220,Overcast,3,3,
72837,2021-08-02 21:00:00,40.701355,-73.88794,2,0,Failure to Yield Right-of-Way,4447897,26.4,17.2,0.0,0.0,0.0,0.0,3,18.4,37.4,313,Overcast,2,2,
72838,2021-08-12 21:48:00,40.616707,-73.97846,1,0,Traffic Control Disregarded,4448078,35.2,23.1,0.0,0.0,0.0,0.0,3,21.0,47.5,220,Overcast,1,1,
72839,2021-08-15 16:15:00,40.68416,-73.96907,0,0,Unspecified,4447255,27.9,20.0,0.0,0.0,0.0,0.0,3,16.6,33.1,25,Overcast,0,0,
72840,2021-08-15 00:25:00,40.832314,-73.93161,1,0,Failure to Yield Right-of-Way,4447587,27.9,20.0,0.0,0.0,0.0,0.0,3,16.6,33.1,25,Overcast,1,1,
72841,2021-08-15 01:50:00,40.592167,-73.90815,0,0,Other Vehicular,4447277,27.9,20.0,0.0,0.0,0.0,0.0,3,16.6,33.1,25,Overcast,0,0,
72842,2021-08-03 07:07:00,40.704266,-73.89185,0,0,Driver Inexperience,4447914,24.2,15.3,0.0,0.0,0.0,0.0,3,10.7,21.2,7,Overcast,0,0,
72843,2021-08-15 12:00:00,40.624454,-73.91507,0,0,Passing Too Closely,4447985,27.9,20.0,0.0,0.0,0.0,0.0,3,16.6,33.1,25,Overcast,0,0,
72844,2021-08-15 06:28:00,40.82054,-73.930786,1,0,Following Too Closely,4447365,27.9,20.0,0.0,0.0,0.0,0.0,3,16.6,33.1,25,Overcast,1,1,
72845,2021-08-15 00:00:00,40.763344,-73.75791,0,0,Following Too Closely,4447172,27.9,20.0,0.0,0.0,0.0,0.0,3,16.6,33.1,25,Overcast,0,0,
72846,2021-08-15 08:25:00,40.680214,-73.94628,0,0,Traffic Control Disregarded,4447040,27.9,20.0,0.0,0.0,0.0,0.0,3,16.6,33.1,25,Overcast,0,0,
72847,2021-08-15 13:30:00,40.85797,-73.87272,1,0,Following Too Closely,4447440,27.9,20.0,0.0,0.0,0.0,0.0,3,16.6,33.1,25,Overcast,1,1,
72848,2021-08-15 22:25:00,40.79653,-73.97597,0,0,Driver Inattention/Distraction,4447639,27.9,20.0,0.0,0.0,0.0,0.0,3,16.6,33.1,25,Overcast,0,0,
72849,2021-08-15 13:40:00,40.834423,-73.879265,0,0,Unsafe Speed,4447222,27.9,20.0,0.0,0.0,0.0,0.0,3,16.6,33.1,25,Overcast,0,0,
72850,2021-08-15 14:30:00,40.868065,-73.89438,0,0,Unspecified,4447214,27.9,20.0,0.0,0.0,0.0,0.0,3,16.6,33.1,25,Overcast,0,0,
72851,2021-08-15 16:40:00,40.822235,-73.88746,0,0,Unspecified,4447506,27.9,20.0,0.0,0.0,0.0,0.0,3,16.6,33.1,25,Overcast,0,0,
72852,2021-08-15 16:10:00,40.72846,-73.78345,0,0,Driver Inattention/Distraction,4447269,27.9,20.0,0.0,0.0,0.0,0.0,3,16.6,33.1,25,Overcast,0,0,
72853,2021-08-15 05:45:00,40.730137,-73.92693,1,0,Driver Inattention/Distraction,4447316,27.9,20.0,0.0,0.0,0.0,0.0,3,16.6,33.1,25,Overcast,1,1,
72854,2021-08-06 12:25:00,40.807915,-73.94986,0,0,Driver Inattention/Distraction,4447876,28.9,17.4,0.0,0.0,0.0,0.0,3,18.1,38.2,188,Overcast,0,0,
72855,2021-08-12 10:55:00,40.686497,-73.94164,1,0,Failure to Yield Right-of-Way,4447969,35.2,23.1,0.0,0.0,0.0,0.0,3,21.0,47.5,220,Overcast,1,1,
72856,2021-08-02 13:09:00,40.72028,-73.86548,0,0,Driver Inattention/Distraction,4447991,26.4,17.2,0.0,0.0,0.0,0.0,3,18.4,37.4,313,Overcast,0,0,
72857,2021-08-15 09:28:00,40.669014,-73.77083,0,0,Driver Inexperience,4447336,27.9,20.0,0.0,0.0,0.0,0.0,3,16.6,33.1,25,Overcast,0,0,
72858,2021-08-15 17:03:00,40.627018,-73.91593,0,0,Driver Inattention/Distraction,4447260,27.9,20.0,0.0,0.0,0.0,0.0,3,16.6,33.1,25,Overcast,0,0,
72859,2021-07-22 14:20:00,40.875458,-73.85485,1,0,Unsafe Speed,4447948,26.7,17.5,0.0,0.0,0.0,0.0,3,15.3,28.4,327,Overcast,1,1,
72860,2021-08-13 12:55:00,40.676964,-73.89895,0,0,Unspecified,4447790,33.2,24.8,0.0,0.0,0.0,0.0,3,18.2,34.9,215,Overcast,0,0,
72861,2021-08-13 19:40:00,40.620697,-74.14566,0,0,Driver Inattention/Distraction,4447815,33.2,24.8,0.0,0.0,0.0,0.0,3,18.2,34.9,215,Overcast,0,0,
72862,2021-08-15 09:30:00,40.85076,-73.89179,0,0,Driver Inattention/Distraction,4447834,27.9,20.0,0.0,0.0,0.0,0.0,3,16.6,33.1,25,Overcast,0,0,
72863,2021-08-15 21:16:00,40.693497,-73.94594,0,0,Aggressive Driving/Road Rage,4447285,27.9,20.0,0.0,0.0,0.0,0.0,3,16.6,33.1,25,Overcast,0,0,
72864,2021-10-14 01:33:00,40.8257582,-73.950939,0,0,Driver Inattention/Distraction,4466905,25.0,15.4,0.0,0.0,0.0,0.0,3,15.4,29.9,328,Overcast,0,0,
72865,2021-10-24 04:15:00,40.685513,-73.8416137,0,0,Driver Inexperience,4470329,15.5,7.6,0.7,0.7,0.0,1.0,53,13.0,23.8,248,Drizzle: Moderate,0,0,
72866,2021-10-17 23:50:00,40.7486613,-73.8729534,0,0,Following Too Closely,4469323,17.3,11.1,0.2,0.2,0.0,2.0,51,23.9,43.9,293,Drizzle: Light,0,0,
72867,2021-08-07 11:55:00,40.707714,-73.802795,1,0,Unspecified,4447908,29.7,19.9,0.0,0.0,0.0,0.0,3,24.2,45.0,198,Overcast,1,1,
72868,2021-12-12 08:48:00,40.777542,-73.957016,0,0,Failure to Yield Right-of-Way,4485727,13.0,3.4,0.5,0.5,0.0,1.0,53,32.4,62.6,284,Drizzle: Moderate,0,0,
72869,2021-10-21 08:01:00,40.6212663,-73.9526059,1,0,Pedestrian/Bicyclist/Other Pedestrian Error/Confusion,4470159,22.9,12.0,0.0,0.0,0.0,0.0,3,17.0,31.7,207,Overcast,1,1,
72870,2021-09-19 04:34:00,40.511804,-74.2500345,0,0,Other Vehicular,4459136,23.6,16.8,0.0,0.0,0.0,0.0,2,17.6,35.6,0,Partly cloudy,0,0,
72871,2021-10-15 14:20:00,40.7063611,-73.7925261,1,0,Unsafe Lane Changing,4470567,25.0,14.5,0.0,0.0,0.0,0.0,3,16.8,28.4,182,Overcast,1,1,
72872,2022-04-15 15:05:00,40.827682,-73.922165,0,0,Unspecified,4519262,19.2,6.3,0.1,0.1,0.0,1.0,51,26.9,46.1,243,Drizzle: Light,0,0,
72873,2021-10-16 21:50:00,40.7089041,-73.9592525,0,0,Backing Unsafely,4468080,24.3,15.0,17.5,17.5,0.0,9.0,63,25.7,46.4,195,Rain: Moderate,0,0,
72874,2021-10-21 15:20:00,40.6633971,-73.9946817,0,0,Other Vehicular,4470104,22.9,12.0,0.0,0.0,0.0,0.0,3,17.0,31.7,207,Overcast,0,0,
72875,2021-10-20 09:30:00,40.6857966,-73.9116355,0,0,Failure to Yield Right-of-Way,4469436,24.1,13.8,0.0,0.0,0.0,0.0,3,21.6,37.1,276,Overcast,0,0,
72876,2021-10-16 12:30:00,40.7005934,-73.8545649,0,0,Turning Improperly,4467646,24.3,15.0,17.5,17.5,0.0,9.0,63,25.7,46.4,195,Rain: Moderate,0,0,
72877,2021-10-31 02:40:00,40.81553,-73.80225,0,0,Unspecified,4473961,18.3,12.5,3.7,3.7,0.0,8.0,55,22.9,41.0,268,Drizzle: Dense,0,0,
72878,2021-11-02 03:00:00,40.6972,-73.952934,0,0,Driver Inattention/Distraction,4473712,11.4,7.0,0.6,0.6,0.0,4.0,51,14.1,28.1,271,Drizzle: Light,0,0,
72879,2021-10-11 08:00:00,40.8922672,-73.8470768,0,0,Driver Inattention/Distraction,4468791,21.7,16.3,0.0,0.0,0.0,0.0,3,25.7,49.7,41,Overcast,0,0,
72880,2021-10-25 07:50:00,40.681486,-73.9770225,1,0,Failure to Yield Right-of-Way,4470789,22.8,13.5,10.7,10.7,0.0,8.0,63,18.9,33.5,172,Rain: Moderate,1,1,
72881,2021-10-22 07:00:00,40.6541334,-73.9123297,1,0,Failure to Yield Right-of-Way,4470269,20.3,14.4,0.0,0.0,0.0,0.0,3,18.1,31.3,267,Overcast,1,1,
72882,2021-10-22 15:00:00,40.6753551,-73.9527693,2,0,Other Vehicular,4470345,20.3,14.4,0.0,0.0,0.0,0.0,3,18.1,31.3,267,Overcast,2,2,
72883,2021-11-02 12:47:00,40.780125,-73.95304,0,0,Driver Inattention/Distraction,4473562,11.4,7.0,0.6,0.6,0.0,4.0,51,14.1,28.1,271,Drizzle: Light,0,0,
72884,2021-10-25 07:20:00,40.8089229,-73.918433,1,0,View Obstructed/Limited,4470869,22.8,13.5,10.7,10.7,0.0,8.0,63,18.9,33.5,172,Rain: Moderate,1,1,
72885,2021-10-23 05:00:00,40.6668182,-73.9614782,0,0,Unsafe Speed,4470123,15.9,10.4,0.2,0.2,0.0,2.0,51,14.4,26.6,326,Drizzle: Light,0,0,
72886,2021-10-19 21:57:00,40.6783578,-73.788907,0,0,Backing Unsafely,4469171,19.1,8.3,0.0,0.0,0.0,0.0,1,24.6,45.0,272,Mainly clear,0,0,Sunny/Clear Conditions
72887,2021-10-19 15:59:00,40.7424952,-73.873358,1,0,Driver Inexperience,4469335,19.1,8.3,0.0,0.0,0.0,0.0,1,24.6,45.0,272,Mainly clear,1,1,Sunny/Clear Conditions
72888,2021-10-19 00:02:00,40.7484373,-73.9780701,0,0,Driver Inattention/Distraction,4470032,19.1,8.3,0.0,0.0,0.0,0.0,1,24.6,45.0,272,Mainly clear,0,0,Sunny/Clear Conditions
72889,2021-07-25 17:05:00,40.6805793,-73.974316,0,0,Unsafe Speed,4440339,28.0,20.3,7.3,7.3,0.0,10.0,63,20.9,43.2,198,Rain: Moderate,0,0,
72890,2021-11-02 01:30:00,40.851765,-73.85696,0,0,Unspecified,4473314,11.4,7.0,0.6,0.6,0.0,4.0,51,14.1,28.1,271,Drizzle: Light,0,0,
72891,2021-10-20 09:30:00,40.7082577,-73.9199593,0,0,Driver Inattention/Distraction,4469779,24.1,13.8,0.0,0.0,0.0,0.0,3,21.6,37.1,276,Overcast,0,0,
72892,2021-11-02 11:15:00,40.79634,-73.93516,0,0,Following Too Closely,4473378,11.4,7.0,0.6,0.6,0.0,4.0,51,14.1,28.1,271,Drizzle: Light,0,0,
72893,2021-10-21 12:20:00,40.8412733,-73.8622415,0,0,Driver Inattention/Distraction,4470255,22.9,12.0,0.0,0.0,0.0,0.0,3,17.0,31.7,207,Overcast,0,0,
72894,2021-10-19 09:35:00,40.7523789,-73.9703425,1,0,Failure to Yield Right-of-Way,4468954,19.1,8.3,0.0,0.0,0.0,0.0,1,24.6,45.0,272,Mainly clear,1,1,Sunny/Clear Conditions
72895,2022-04-13 07:00:00,40.673363,-73.871414,0,0,Unspecified,4518676,18.9,7.1,0.0,0.0,0.0,0.0,3,18.7,37.4,112,Overcast,0,0,
72896,2021-10-14 13:50:00,40.6867431,-73.8070459,0,0,Turning Improperly,4467424,25.0,15.4,0.0,0.0,0.0,0.0,3,15.4,29.9,328,Overcast,0,0,
72897,2021-10-23 02:00:00,40.6180939,-73.9856023,0,0,Unspecified,4470367,15.9,10.4,0.2,0.2,0.0,2.0,51,14.4,26.6,326,Drizzle: Light,0,0,
72898,2021-10-23 13:00:00,40.7238865,-73.7338418,1,0,Unspecified,4470130,15.9,10.4,0.2,0.2,0.0,2.0,51,14.4,26.6,326,Drizzle: Light,1,1,
72899,2021-10-18 11:00:00,40.676134,-73.8192263,0,0,Backing Unsafely,4468580,15.8,9.2,0.0,0.0,0.0,0.0,2,32.4,58.3,296,Partly cloudy,0,0,
72900,2021-10-21 08:45:00,40.6801897,-73.7694609,1,0,Failure to Yield Right-of-Way,4469458,22.9,12.0,0.0,0.0,0.0,0.0,3,17.0,31.7,207,Overcast,1,1,
72901,2021-10-17 21:44:00,40.7193963,-74.0018831,0,0,Driver Inattention/Distraction,4468429,17.3,11.1,0.2,0.2,0.0,2.0,51,23.9,43.9,293,Drizzle: Light,0,0,
72902,2021-10-21 15:11:00,40.855298,-73.8827032,0,0,Driver Inattention/Distraction,4470219,22.9,12.0,0.0,0.0,0.0,0.0,3,17.0,31.7,207,Overcast,0,0,
72903,2021-10-14 11:55:00,40.6417783,-73.9571081,0,0,Unspecified,4467682,25.0,15.4,0.0,0.0,0.0,0.0,3,15.4,29.9,328,Overcast,0,0,
72904,2021-10-25 06:30:00,40.6976811,-73.7357604,1,0,Failure to Yield Right-of-Way,4470816,22.8,13.5,10.7,10.7,0.0,8.0,63,18.9,33.5,172,Rain: Moderate,1,1,
72905,2021-10-20 15:24:00,40.8128977,-73.9014419,1,0,Failure to Yield Right-of-Way,4469404,24.1,13.8,0.0,0.0,0.0,0.0,3,21.6,37.1,276,Overcast,1,1,
72906,2021-10-20 12:55:00,40.7762963,-73.9821384,0,0,Passing Too Closely,4469219,24.1,13.8,0.0,0.0,0.0,0.0,3,21.6,37.1,276,Overcast,0,0,
72907,2022-04-14 19:00:00,40.762005,-73.98262,0,0,Driver Inattention/Distraction,4519129,28.1,13.9,0.2,0.2,0.0,2.0,51,25.9,46.1,249,Drizzle: Light,0,0,
72908,2021-10-10 02:16:00,40.6838792,-74.0003257,0,0,Unspecified,4466631,18.5,16.0,2.4,2.4,0.0,8.0,53,27.2,52.6,52,Drizzle: Moderate,0,0,
72909,2021-10-09 00:01:00,40.6406452,-73.7433838,0,0,Unsafe Speed,4469598,20.2,15.2,1.2,1.2,0.0,5.0,51,22.8,42.8,71,Drizzle: Light,0,0,
72910,2021-10-14 08:00:00,40.6812161,-73.9887006,1,0,Unspecified,4467204,25.0,15.4,0.0,0.0,0.0,0.0,3,15.4,29.9,328,Overcast,1,1,
72911,2021-10-22 11:14:00,40.7794367,-73.9475068,0,0,Driver Inattention/Distraction,4470556,20.3,14.4,0.0,0.0,0.0,0.0,3,18.1,31.3,267,Overcast,0,0,
72912,2021-10-24 03:40:00,40.8367498,-73.9020814,0,0,Unspecified,4470716,15.5,7.6,0.7,0.7,0.0,1.0,53,13.0,23.8,248,Drizzle: Moderate,0,0,
72913,2021-10-22 01:45:00,40.7477047,-73.8844499,0,0,Passing Too Closely,4469803,20.3,14.4,0.0,0.0,0.0,0.0,3,18.1,31.3,267,Overcast,0,0,
72914,2021-10-22 09:45:00,40.5952245,-73.9324131,0,0,Oversized Vehicle,4469906,20.3,14.4,0.0,0.0,0.0,0.0,3,18.1,31.3,267,Overcast,0,0,
72915,2021-10-21 08:26:00,40.8174423,-73.9105923,1,0,Driver Inattention/Distraction,4469433,22.9,12.0,0.0,0.0,0.0,0.0,3,17.0,31.7,207,Overcast,1,1,
72916,2021-10-15 19:30:00,40.6773646,-73.9079765,0,0,Unspecified,4469761,25.0,14.5,0.0,0.0,0.0,0.0,3,16.8,28.4,182,Overcast,0,0,
72917,2021-10-21 06:30:00,40.6542267,-73.907051,0,0,Alcohol Involvement,4469449,22.9,12.0,0.0,0.0,0.0,0.0,3,17.0,31.7,207,Overcast,0,0,
72918,2021-10-16 08:30:00,40.8225697,-73.9113076,1,0,Passing Too Closely,4470771,24.3,15.0,17.5,17.5,0.0,9.0,63,25.7,46.4,195,Rain: Moderate,1,1,
72919,2021-10-20 01:00:00,40.8153238,-73.9569035,0,0,Unspecified,4469248,24.1,13.8,0.0,0.0,0.0,0.0,3,21.6,37.1,276,Overcast,0,0,
72920,2021-11-02 00:00:00,40.6877,-73.9898,2,0,Driver Inattention/Distraction,4473471,11.4,7.0,0.6,0.6,0.0,4.0,51,14.1,28.1,271,Drizzle: Light,2,2,
72921,2021-10-23 13:30:00,40.7168257,-73.9586553,0,0,Driver Inattention/Distraction,4470430,15.9,10.4,0.2,0.2,0.0,2.0,51,14.4,26.6,326,Drizzle: Light,0,0,
72922,2022-04-15 00:05:00,40.868805,-73.89055,0,0,Unspecified,4519145,19.2,6.3,0.1,0.1,0.0,1.0,51,26.9,46.1,243,Drizzle: Light,0,0,
72923,2021-10-19 07:30:00,40.6394811,-74.0161675,0,0,Unspecified,4468784,19.1,8.3,0.0,0.0,0.0,0.0,1,24.6,45.0,272,Mainly clear,0,0,Sunny/Clear Conditions
72924,2021-10-21 08:30:00,40.5760082,-74.107262,0,0,Unspecified,4469380,22.9,12.0,0.0,0.0,0.0,0.0,3,17.0,31.7,207,Overcast,0,0,
72925,2021-11-02 11:50:00,40.71894,-73.95654,0,0,Passing Too Closely,4473520,11.4,7.0,0.6,0.6,0.0,4.0,51,14.1,28.1,271,Drizzle: Light,0,0,
72926,2021-10-16 17:50:00,40.7190824,-73.9850722,0,0,Other Vehicular,4467967,24.3,15.0,17.5,17.5,0.0,9.0,63,25.7,46.4,195,Rain: Moderate,0,0,
72927,2021-09-20 10:13:00,40.677297,-73.8768167,1,0,Pavement Slippery,4469700,23.1,14.9,0.0,0.0,0.0,0.0,3,17.0,34.2,116,Overcast,1,1,
72928,2021-10-19 15:49:00,40.7589805,-73.9624344,1,0,Driver Inattention/Distraction,4469295,19.1,8.3,0.0,0.0,0.0,0.0,1,24.6,45.0,272,Mainly clear,1,1,Sunny/Clear Conditions
72929,2021-10-16 22:30:00,40.7617451,-73.8135251,0,0,Passing or Lane Usage Improper,4468100,24.3,15.0,17.5,17.5,0.0,9.0,63,25.7,46.4,195,Rain: Moderate,0,0,
72930,2021-10-28 08:17:00,40.830284,-73.88512,1,0,Unspecified,4474012,15.2,7.9,0.0,0.0,0.0,0.0,3,19.1,34.6,28,Overcast,1,1,
72931,2021-10-19 18:14:00,40.7430802,-73.9547366,1,0,Driver Inattention/Distraction,4468918,19.1,8.3,0.0,0.0,0.0,0.0,1,24.6,45.0,272,Mainly clear,1,1,Sunny/Clear Conditions
72932,2021-10-19 09:10:00,40.8275997,-73.93623,0,0,Other Vehicular,4468998,19.1,8.3,0.0,0.0,0.0,0.0,1,24.6,45.0,272,Mainly clear,0,0,Sunny/Clear Conditions
72933,2021-10-14 07:00:00,40.8687708,-73.8317333,0,0,Unspecified,4468277,25.0,15.4,0.0,0.0,0.0,0.0,3,15.4,29.9,328,Overcast,0,0,
72934,2021-10-21 12:00:00,40.8809273,-73.8396511,0,0,Unsafe Speed,4469566,22.9,12.0,0.0,0.0,0.0,0.0,3,17.0,31.7,207,Overcast,0,0,
72935,2021-10-15 18:48:00,40.6898418,-73.8500701,1,0,Turning Improperly,4467935,25.0,14.5,0.0,0.0,0.0,0.0,3,16.8,28.4,182,Overcast,1,1,
72936,2021-10-23 08:45:00,40.6406452,-73.7433838,0,0,Pavement Defective,4470046,15.9,10.4,0.2,0.2,0.0,2.0,51,14.4,26.6,326,Drizzle: Light,0,0,
72937,2021-10-16 15:40:00,40.8177952,-73.8931829,0,0,Passing or Lane Usage Improper,4467666,24.3,15.0,17.5,17.5,0.0,9.0,63,25.7,46.4,195,Rain: Moderate,0,0,
72938,2021-10-21 11:45:00,40.6127077,-73.9795457,1,0,Following Too Closely,4469839,22.9,12.0,0.0,0.0,0.0,0.0,3,17.0,31.7,207,Overcast,1,1,
72939,2021-10-20 15:15:00,40.8044551,-73.9118464,1,0,Unspecified,4469316,24.1,13.8,0.0,0.0,0.0,0.0,3,21.6,37.1,276,Overcast,1,1,
72940,2021-09-10 06:50:00,40.8308903,-73.8272842,0,0,Unspecified,4456015,22.9,16.0,0.0,0.0,0.0,0.0,3,24.2,47.2,314,Overcast,0,0,
72941,2021-11-02 07:30:00,40.83404,-73.85328,0,0,Unsafe Speed,4473600,11.4,7.0,0.6,0.6,0.0,4.0,51,14.1,28.1,271,Drizzle: Light,0,0,
72942,2021-10-19 09:00:00,40.8468063,-73.8493673,0,0,Unsafe Speed,4468848,19.1,8.3,0.0,0.0,0.0,0.0,1,24.6,45.0,272,Mainly clear,0,0,Sunny/Clear Conditions
72943,2021-10-20 16:40:00,40.7125169,-73.9538756,0,0,Passing Too Closely,4469301,24.1,13.8,0.0,0.0,0.0,0.0,3,21.6,37.1,276,Overcast,0,0,
72944,2021-10-19 11:30:00,40.6808069,-73.7638884,0,0,Backing Unsafely,4468846,19.1,8.3,0.0,0.0,0.0,0.0,1,24.6,45.0,272,Mainly clear,0,0,Sunny/Clear Conditions
72945,2021-10-21 16:10:00,40.7324716,-73.8616432,1,0,Failure to Yield Right-of-Way,4469581,22.9,12.0,0.0,0.0,0.0,0.0,3,17.0,31.7,207,Overcast,1,1,
72946,2021-10-11 11:00:00,40.7041853,-73.9660253,0,0,Other Vehicular,4468581,21.7,16.3,0.0,0.0,0.0,0.0,3,25.7,49.7,41,Overcast,0,0,
72947,2021-10-25 02:30:00,40.7038302,-73.9887112,0,0,Driver Inexperience,4470839,22.8,13.5,10.7,10.7,0.0,8.0,63,18.9,33.5,172,Rain: Moderate,0,0,