,CRASH DATETIME,LATITUDE,LONGITUDE,NUMBER OF PERSONS INJURED,NUMBER OF PERSONS KILLED,CONTRIBUTING FACTOR VEHICLE 1,COLLISION_ID,temperature_2m_max,temperature_2m_min,precipitation_sum,rain_sum,snowfall_sum,precipitation_hours,weather_code,wind_speed_10m_max,wind_gusts_10m_max,wind_direction_10m_dominant,Weather Description,Severity_Score,Total_Affected_Persons,Weather_Category
72948,2021-10-17 18:00:00,40.8483123,-73.9184353,1,0,Failure to Yield Right-of-Way,4469672,17.3,11.1,0.2,0.2,0.0,2.0,51,23.9,43.9,293,Drizzle: Light,1,1,
72949,2021-10-11 15:10:00,40.6690679,-73.7387,0,0,Unsafe Lane Changing,4468713,21.7,16.3,0.0,0.0,0.0,0.0,3,25.7,49.7,41,Overcast,0,0,
72950,2021-10-22 17:55:00,40.586461,-73.815433,1,0,Driver Inattention/Distraction,4469921,20.3,14.4,0.0,0.0,0.0,0.0,3,18.1,31.3,267,Overcast,1,1,
72951,2021-10-17 14:14:00,40.6826096,-73.9792571,1,0,Passenger Distraction,4468906,17.3,11.1,0.2,0.2,0.0,2.0,51,23.9,43.9,293,Drizzle: Light,1,1,
72952,2021-10-13 14:30:00,40.7192038,-73.9903644,0,0,Driver Inattention/Distraction,4466821,21.7,14.8,0.1,0.1,0.0,1.0,51,12.2,23.0,200,Drizzle: Light,0,0,
72953,2021-10-17 20:20:00,40.824563,-73.9480999,1,0,Unspecified,4469041,17.3,11.1,0.2,0.2,0.0,2.0,51,23.9,43.9,293,Drizzle: Light,1,1,
72954,2021-10-25 05:20:00,40.6969096,-73.9807042,0,0,Tire Failure/Inadequate,4470841,22.8,13.5,10.7,10.7,0.0,8.0,63,18.9,33.5,172,Rain: Moderate,0,0,
72955,2021-10-14 16:25:00,40.7112201,-73.7282618,1,0,Unspecified,4467671,25.0,15.4,0.0,0.0,0.0,0.0,3,15.4,29.9,328,Overcast,1,1,
72956,2021-10-19 16:07:00,40.7949092,-73.9485565,0,0,Driver Inattention/Distraction,4470895,19.1,8.3,0.0,0.0,0.0,0.0,1,24.6,45.0,272,Mainly clear,0,0,Sunny/Clear Conditions
72957,2021-10-18 00:00:00,40.6960346,-73.9845292,2,0,Following Too Closely,4468543,15.8,9.2,0.0,0.0,0.0,0.0,2,32.4,58.3,296,Partly cloudy,2,2,
72958,2021-10-15 16:45:00,40.5908703,-73.8012778,0,0,Following Too Closely,4468446,25.0,14.5,0.0,0.0,0.0,0.0,3,16.8,28.4,182,Overcast,0,0,
72959,2021-10-18 13:45:00,40.7561453,-73.9947757,1,0,Passing Too Closely,4469146,15.8,9.2,0.0,0.0,0.0,0.0,2,32.4,58.3,296,Partly cloudy,1,1,
72960,2021-10-10 00:30:00,40.8281345,-73.8388185,1,0,Unspecified,4466330,18.5,16.0,2.4,2.4,0.0,8.0,53,27.2,52.6,52,Drizzle: Moderate,1,1,
72961,2021-10-16 14:00:00,40.6596509,-73.7738282,2,0,Following Too Closely,4467803,24.3,15.0,17.5,17.5,0.0,9.0,63,25.7,46.4,195,Rain: Moderate,2,2,
72962,2021-10-16 11:30:00,40.8248396,-73.8705203,0,0,Unspecified,4467703,24.3,15.0,17.5,17.5,0.0,9.0,63,25.7,46.4,195,Rain: Moderate,0,0,
72963,2021-11-02 15:12:00,40.65739,-73.945595,1,0,Illnes,4473466,11.4,7.0,0.6,0.6,0.0,4.0,51,14.1,28.1,271,Drizzle: Light,1,1,
72964,2021-10-14 15:17:00,40.6453166,-73.970545,1,0,Pedestrian/Bicyclist/Other Pedestrian Error/Confusion,4469141,25.0,15.4,0.0,0.0,0.0,0.0,3,15.4,29.9,328,Overcast,1,1,
72965,2021-11-02 03:10:00,40.72106,-73.99821,0,0,Passing or Lane Usage Improper,4473503,11.4,7.0,0.6,0.6,0.0,4.0,51,14.1,28.1,271,Drizzle: Light,0,0,
72966,2021-10-16 12:24:00,40.7018524,-73.8024077,0,0,Driver Inattention/Distraction,4467980,24.3,15.0,17.5,17.5,0.0,9.0,63,25.7,46.4,195,Rain: Moderate,0,0,
72967,2022-09-21 13:30:00,40.773098,-73.96448,1,0,Driver Inattention/Distraction,4567723,26.5,16.0,0.0,0.0,0.0,0.0,3,19.4,36.7,252,Overcast,1,1,
72968,2021-10-25 01:10:00,40.744901,-73.8559969,0,0,Unspecified,4470699,22.8,13.5,10.7,10.7,0.0,8.0,63,18.9,33.5,172,Rain: Moderate,0,0,
72969,2021-10-20 19:04:00,40.8140423,-73.9366886,2,0,Other Vehicular,4469344,24.1,13.8,0.0,0.0,0.0,0.0,3,21.6,37.1,276,Overcast,2,2,
72970,2021-10-13 08:15:00,40.7492141,-73.8677042,0,0,Failure to Yield Right-of-Way,4470445,21.7,14.8,0.1,0.1,0.0,1.0,51,12.2,23.0,200,Drizzle: Light,0,0,
72971,2021-10-13 14:50:00,40.6987389,-73.8930418,0,0,Failure to Yield Right-of-Way,4468730,21.7,14.8,0.1,0.1,0.0,1.0,51,12.2,23.0,200,Drizzle: Light,0,0,
72972,2021-10-10 19:10:00,40.6079265,-74.1389141,0,0,Following Too Closely,4468068,18.5,16.0,2.4,2.4,0.0,8.0,53,27.2,52.6,52,Drizzle: Moderate,0,0,
72973,2021-10-18 06:00:00,40.6888813,-73.9600039,0,0,Driver Inattention/Distraction,4468570,15.8,9.2,0.0,0.0,0.0,0.0,2,32.4,58.3,296,Partly cloudy,0,0,
72974,2021-10-18 13:10:00,40.7343762,-73.8734167,1,0,Driver Inattention/Distraction,4468624,15.8,9.2,0.0,0.0,0.0,0.0,2,32.4,58.3,296,Partly cloudy,1,1,
72975,2021-10-15 14:40:00,40.7213532,-74.0046358,0,0,Driver Inattention/Distraction,4467438,25.0,14.5,0.0,0.0,0.0,0.0,3,16.8,28.4,182,Overcast,0,0,
72976,2021-10-20 17:26:00,40.632206,-73.9095988,2,0,Driver Inattention/Distraction,4469333,24.1,13.8,0.0,0.0,0.0,0.0,3,21.6,37.1,276,Overcast,2,2,
72977,2021-10-23 14:24:00,40.7101018,-73.7533567,0,0,Traffic Control Disregarded,4470571,15.9,10.4,0.2,0.2,0.0,2.0,51,14.4,26.6,326,Drizzle: Light,0,0,
72978,2021-10-18 19:00:00,40.7750748,-73.9142343,0,0,Driver Inattention/Distraction,4469884,15.8,9.2,0.0,0.0,0.0,0.0,2,32.4,58.3,296,Partly cloudy,0,0,
72979,2021-10-13 16:10:00,40.6680541,-73.7420035,0,0,Passing or Lane Usage Improper,4466791,21.7,14.8,0.1,0.1,0.0,1.0,51,12.2,23.0,200,Drizzle: Light,0,0,
72980,2021-10-13 21:09:00,40.7261868,-73.7352341,0,0,Unspecified,4466875,21.7,14.8,0.1,0.1,0.0,1.0,51,12.2,23.0,200,Drizzle: Light,0,0,
72981,2021-10-20 23:20:00,40.6993611,-73.9315538,0,0,Driver Inattention/Distraction,4469794,24.1,13.8,0.0,0.0,0.0,0.0,3,21.6,37.1,276,Overcast,0,0,
72982,2021-10-23 18:54:00,40.6622951,-73.8971432,0,0,Unsafe Speed,4470477,15.9,10.4,0.2,0.2,0.0,2.0,51,14.4,26.6,326,Drizzle: Light,0,0,
72983,2021-10-20 18:20:00,40.7214219,-73.9990332,1,0,Driver Inexperience,4470231,24.1,13.8,0.0,0.0,0.0,0.0,3,21.6,37.1,276,Overcast,1,1,
72984,2021-10-28 11:26:00,40.85403,-73.89334,0,0,Driver Inattention/Distraction,4473975,15.2,7.9,0.0,0.0,0.0,0.0,3,19.1,34.6,28,Overcast,0,0,
72985,2022-04-13 15:45:00,40.589245,-73.94269,5,0,Driver Inattention/Distraction,4519165,18.9,7.1,0.0,0.0,0.0,0.0,3,18.7,37.4,112,Overcast,5,5,
72986,2021-10-22 14:48:00,40.749638,-73.99904,1,0,Driver Inattention/Distraction,4470823,20.3,14.4,0.0,0.0,0.0,0.0,3,18.1,31.3,267,Overcast,1,1,
72987,2021-10-25 08:30:00,40.6385864,-73.9537502,1,0,Unspecified,4470873,22.8,13.5,10.7,10.7,0.0,8.0,63,18.9,33.5,172,Rain: Moderate,1,1,
72988,2021-10-15 15:55:00,40.7323251,-73.8107713,0,0,Unspecified,4467586,25.0,14.5,0.0,0.0,0.0,0.0,3,16.8,28.4,182,Overcast,0,0,
72989,2021-10-18 15:50:00,40.8833828,-73.9023336,0,0,Passing Too Closely,4468863,15.8,9.2,0.0,0.0,0.0,0.0,2,32.4,58.3,296,Partly cloudy,0,0,
72990,2021-10-08 07:46:00,40.8231016,-73.8696902,0,0,Passing or Lane Usage Improper,4467453,23.7,14.5,0.0,0.0,0.0,0.0,3,13.0,22.3,94,Overcast,0,0,
72991,2021-10-25 13:01:00,40.8097663,-73.9256857,0,0,Unspecified,4470871,22.8,13.5,10.7,10.7,0.0,8.0,63,18.9,33.5,172,Rain: Moderate,0,0,
72992,2021-10-21 14:00:00,40.6909539,-73.8678218,2,0,Following Too Closely,4469520,22.9,12.0,0.0,0.0,0.0,0.0,3,17.0,31.7,207,Overcast,2,2,
72993,2021-10-15 15:20:00,40.6931724,-73.9487684,0,0,Turning Improperly,4467846,25.0,14.5,0.0,0.0,0.0,0.0,3,16.8,28.4,182,Overcast,0,0,
72994,2021-10-18 11:40:00,40.6966251,-73.7848894,1,0,Failure to Yield Right-of-Way,4468773,15.8,9.2,0.0,0.0,0.0,0.0,2,32.4,58.3,296,Partly cloudy,1,1,
72995,2021-10-14 15:05:00,40.5995975,-73.9494488,0,0,Following Too Closely,4469667,25.0,15.4,0.0,0.0,0.0,0.0,3,15.4,29.9,328,Overcast,0,0,
72996,2021-10-23 18:05:00,40.7563466,-73.9134116,0,0,Unspecified,4470147,15.9,10.4,0.2,0.2,0.0,2.0,51,14.4,26.6,326,Drizzle: Light,0,0,
72997,2021-10-17 14:50:00,40.7876856,-73.9750141,0,0,Failure to Yield Right-of-Way,4468016,17.3,11.1,0.2,0.2,0.0,2.0,51,23.9,43.9,293,Drizzle: Light,0,0,
72998,2021-10-22 15:10:00,40.7802961,-73.8253202,0,0,Following Too Closely,4470748,20.3,14.4,0.0,0.0,0.0,0.0,3,18.1,31.3,267,Overcast,0,0,
72999,2021-10-15 15:35:00,40.7623345,-73.8269171,0,0,Unsafe Lane Changing,4467571,25.0,14.5,0.0,0.0,0.0,0.0,3,16.8,28.4,182,Overcast,0,0,
73000,2021-10-21 09:45:00,40.6321752,-74.0123291,1,0,Failure to Yield Right-of-Way,4469466,22.9,12.0,0.0,0.0,0.0,0.0,3,17.0,31.7,207,Overcast,1,1,
73001,2021-11-02 17:30:00,40.679085,-73.89007,0,0,Unspecified,4473868,11.4,7.0,0.6,0.6,0.0,4.0,51,14.1,28.1,271,Drizzle: Light,0,0,
73002,2021-10-23 17:00:00,40.8290495,-73.8725284,0,0,Unspecified,4470380,15.9,10.4,0.2,0.2,0.0,2.0,51,14.4,26.6,326,Drizzle: Light,0,0,
73003,2021-10-18 19:22:00,40.6347106,-73.9362967,0,0,Driver Inattention/Distraction,4468874,15.8,9.2,0.0,0.0,0.0,0.0,2,32.4,58.3,296,Partly cloudy,0,0,
73004,2021-10-23 22:20:00,40.6942955,-73.7486695,0,0,Traffic Control Disregarded,4470538,15.9,10.4,0.2,0.2,0.0,2.0,51,14.4,26.6,326,Drizzle: Light,0,0,
73005,2021-10-13 17:50:00,40.8452886,-73.8365903,0,0,Driver Inattention/Distraction,4467174,21.7,14.8,0.1,0.1,0.0,1.0,51,12.2,23.0,200,Drizzle: Light,0,0,
73006,2021-10-21 06:29:00,40.7623345,-73.8269171,1,0,Following Too Closely,4470719,22.9,12.0,0.0,0.0,0.0,0.0,3,17.0,31.7,207,Overcast,1,1,
73007,2021-10-19 01:20:00,40.750999,-73.9487997,0,0,Driver Inattention/Distraction,4468751,19.1,8.3,0.0,0.0,0.0,0.0,1,24.6,45.0,272,Mainly clear,0,0,Sunny/Clear Conditions
73008,2021-10-14 19:30:00,40.7540403,-73.858348,1,0,Driver Inattention/Distraction,4467306,25.0,15.4,0.0,0.0,0.0,0.0,3,15.4,29.9,328,Overcast,1,1,
73009,2022-02-21 21:00:00,40.631615,-73.958755,2,0,Unspecified,4504670,9.9,-1.9,0.0,0.0,0.0,0.0,3,19.2,35.3,192,Overcast,2,2,
73010,2021-10-21 06:27:00,40.727846,-73.9822272,0,0,Backing Unsafely,4470795,22.9,12.0,0.0,0.0,0.0,0.0,3,17.0,31.7,207,Overcast,0,0,
73011,2021-10-15 20:11:00,40.6954688,-73.9828246,2,0,Following Too Closely,4467538,25.0,14.5,0.0,0.0,0.0,0.0,3,16.8,28.4,182,Overcast,2,2,
73012,2021-09-27 20:45:00,40.7784761,-73.9854489,0,0,Other Vehicular,4468884,25.9,14.6,0.0,0.0,0.0,0.0,3,24.1,45.0,233,Overcast,0,0,
73013,2021-10-15 16:19:00,40.6825669,-73.7926578,0,0,Backing Unsafely,4468186,25.0,14.5,0.0,0.0,0.0,0.0,3,16.8,28.4,182,Overcast,0,0,
73014,2021-10-22 13:08:00,40.6500895,-73.9477478,0,0,Passing Too Closely,4470271,20.3,14.4,0.0,0.0,0.0,0.0,3,18.1,31.3,267,Overcast,0,0,
73015,2021-10-22 03:30:00,40.806584,-73.9164956,0,0,Unsafe Speed,4469662,20.3,14.4,0.0,0.0,0.0,0.0,3,18.1,31.3,267,Overcast,0,0,
73016,2021-10-20 08:15:00,40.7089472,-73.8745074,0,0,Oversized Vehicle,4469274,24.1,13.8,0.0,0.0,0.0,0.0,3,21.6,37.1,276,Overcast,0,0,
73017,2021-10-20 14:40:00,40.6922007,-73.9689025,0,0,Unspecified,4469284,24.1,13.8,0.0,0.0,0.0,0.0,3,21.6,37.1,276,Overcast,0,0,
73018,2021-10-17 00:00:00,40.6687852,-73.8349738,0,0,Backing Unsafely,4468213,17.3,11.1,0.2,0.2,0.0,2.0,51,23.9,43.9,293,Drizzle: Light,0,0,
73019,2021-10-19 10:14:00,40.7028945,-73.8691558,1,0,Failure to Yield Right-of-Way,4470014,19.1,8.3,0.0,0.0,0.0,0.0,1,24.6,45.0,272,Mainly clear,1,1,Sunny/Clear Conditions
73020,2021-10-23 10:51:00,40.756955,-73.8826257,0,0,Unspecified,4470292,15.9,10.4,0.2,0.2,0.0,2.0,51,14.4,26.6,326,Drizzle: Light,0,0,
73021,2021-10-17 19:45:00,40.6064705,-74.0024684,0,0,Driver Inattention/Distraction,4470303,17.3,11.1,0.2,0.2,0.0,2.0,51,23.9,43.9,293,Drizzle: Light,0,0,
73022,2021-10-14 17:58:00,40.6246874,-74.0100434,0,0,Driver Inattention/Distraction,4467189,25.0,15.4,0.0,0.0,0.0,0.0,3,15.4,29.9,328,Overcast,0,0,
73023,2021-11-02 23:00:00,40.827656,-73.8861,3,0,Aggressive Driving/Road Rage,4473568,11.4,7.0,0.6,0.6,0.0,4.0,51,14.1,28.1,271,Drizzle: Light,3,3,
73024,2021-10-14 11:30:00,40.8275094,-73.9467892,0,0,Other Vehicular,4467554,25.0,15.4,0.0,0.0,0.0,0.0,3,15.4,29.9,328,Overcast,0,0,
73025,2021-10-21 22:15:00,40.716646,-73.9958083,0,0,Driver Inattention/Distraction,4470251,22.9,12.0,0.0,0.0,0.0,0.0,3,17.0,31.7,207,Overcast,0,0,
73026,2021-10-17 23:25:00,40.7621793,-73.9661291,1,0,Outside Car Distraction,4468245,17.3,11.1,0.2,0.2,0.0,2.0,51,23.9,43.9,293,Drizzle: Light,1,1,
73027,2021-10-20 14:25:00,40.7464492,-73.9955766,1,0,Failure to Yield Right-of-Way,4470812,24.1,13.8,0.0,0.0,0.0,0.0,3,21.6,37.1,276,Overcast,1,1,
73028,2021-10-23 22:10:00,40.8138847,-73.9564789,0,0,Unspecified,4470325,15.9,10.4,0.2,0.2,0.0,2.0,51,14.4,26.6,326,Drizzle: Light,0,0,
73029,2021-10-15 15:20:00,40.8044551,-73.9118464,0,0,Driver Inattention/Distraction,4467720,25.0,14.5,0.0,0.0,0.0,0.0,3,16.8,28.4,182,Overcast,0,0,
73030,2021-10-21 08:23:00,40.8381983,-73.9011767,1,0,Failure to Yield Right-of-Way,4470751,22.9,12.0,0.0,0.0,0.0,0.0,3,17.0,31.7,207,Overcast,1,1,
73031,2021-11-02 14:00:00,40.757492,-73.98057,1,0,Driver Inattention/Distraction,4473528,11.4,7.0,0.6,0.6,0.0,4.0,51,14.1,28.1,271,Drizzle: Light,1,1,
73032,2021-10-20 06:45:00,40.6722124,-73.7346248,2,0,Unspecified,4469178,24.1,13.8,0.0,0.0,0.0,0.0,3,21.6,37.1,276,Overcast,2,2,
73033,2021-11-02 18:22:00,40.768795,-73.958374,1,0,Driver Inattention/Distraction,4473486,11.4,7.0,0.6,0.6,0.0,4.0,51,14.1,28.1,271,Drizzle: Light,1,1,
73034,2021-10-21 22:30:00,40.7019319,-73.8795489,0,0,Driver Inattention/Distraction,4469889,22.9,12.0,0.0,0.0,0.0,0.0,3,17.0,31.7,207,Overcast,0,0,
73035,2021-10-17 15:20:00,40.8479083,-73.9035659,1,0,Passing Too Closely,4468272,17.3,11.1,0.2,0.2,0.0,2.0,51,23.9,43.9,293,Drizzle: Light,1,1,
73036,2021-11-02 16:30:00,40.692707,-73.799065,0,0,Driver Inattention/Distraction,4474125,11.4,7.0,0.6,0.6,0.0,4.0,51,14.1,28.1,271,Drizzle: Light,0,0,
73037,2021-10-16 22:35:00,40.713834,-73.9333365,0,0,Pedestrian/Bicyclist/Other Pedestrian Error/Confusion,4468081,24.3,15.0,17.5,17.5,0.0,9.0,63,25.7,46.4,195,Rain: Moderate,0,0,
73038,2021-10-22 10:45:00,40.8306006,-73.8529517,0,0,Driver Inattention/Distraction,4469858,20.3,14.4,0.0,0.0,0.0,0.0,3,18.1,31.3,267,Overcast,0,0,
73039,2021-10-15 23:50:00,40.7482557,-73.952234,0,0,Passenger Distraction,4468379,25.0,14.5,0.0,0.0,0.0,0.0,3,16.8,28.4,182,Overcast,0,0,
73040,2021-10-16 04:05:00,40.744559,-73.9831755,1,0,Driver Inattention/Distraction,4467758,24.3,15.0,17.5,17.5,0.0,9.0,63,25.7,46.4,195,Rain: Moderate,1,1,
73041,2021-10-17 23:20:00,40.7211597,-73.9607227,0,0,Unspecified,4468346,17.3,11.1,0.2,0.2,0.0,2.0,51,23.9,43.9,293,Drizzle: Light,0,0,
73042,2021-10-14 14:10:00,40.6604367,-73.9454127,3,0,Driver Inattention/Distraction,4469111,25.0,15.4,0.0,0.0,0.0,0.0,3,15.4,29.9,328,Overcast,3,3,
73043,2021-10-22 21:55:00,40.7088222,-73.7518429,0,0,Unspecified,4470566,20.3,14.4,0.0,0.0,0.0,0.0,3,18.1,31.3,267,Overcast,0,0,
73044,2021-10-19 13:08:00,40.6761937,-74.0013303,0,0,Unspecified,4468951,19.1,8.3,0.0,0.0,0.0,0.0,1,24.6,45.0,272,Mainly clear,0,0,Sunny/Clear Conditions
73045,2021-11-02 14:50:00,40.713184,-73.82393,0,0,Unsafe Lane Changing,4473447,11.4,7.0,0.6,0.6,0.0,4.0,51,14.1,28.1,271,Drizzle: Light,0,0,
73046,2021-10-14 17:40:00,40.707901,-73.8511007,2,0,Following Too Closely,4467321,25.0,15.4,0.0,0.0,0.0,0.0,3,15.4,29.9,328,Overcast,2,2,
73047,2021-10-14 11:10:00,40.8672893,-73.8866392,0,0,Unspecified,4467421,25.0,15.4,0.0,0.0,0.0,0.0,3,15.4,29.9,328,Overcast,0,0,
73048,2021-10-22 15:53:00,40.6341626,-74.0073571,0,0,Driver Inattention/Distraction,4470607,20.3,14.4,0.0,0.0,0.0,0.0,3,18.1,31.3,267,Overcast,0,0,
73049,2021-10-20 09:23:00,40.7180854,-73.9522881,0,0,Passing Too Closely,4469137,24.1,13.8,0.0,0.0,0.0,0.0,3,21.6,37.1,276,Overcast,0,0,
73050,2021-10-24 04:00:00,40.6816989,-73.8574641,0,0,Passing Too Closely,4470413,15.5,7.6,0.7,0.7,0.0,1.0,53,13.0,23.8,248,Drizzle: Moderate,0,0,
73051,2021-10-05 23:45:00,40.839908,-73.9360834,0,0,Driver Inattention/Distraction,4467362,19.9,15.0,0.0,0.0,0.0,0.0,3,14.5,28.1,46,Overcast,0,0,
73052,2021-10-21 18:30:00,40.8805548,-73.8833705,0,0,Driver Inattention/Distraction,4469710,22.9,12.0,0.0,0.0,0.0,0.0,3,17.0,31.7,207,Overcast,0,0,
73053,2021-10-21 15:30:00,40.8845762,-73.8988836,1,0,Driver Inexperience,4469715,22.9,12.0,0.0,0.0,0.0,0.0,3,17.0,31.7,207,Overcast,1,1,
73054,2021-10-20 13:45:00,40.7013345,-73.926838,0,0,Unspecified,4469861,24.1,13.8,0.0,0.0,0.0,0.0,3,21.6,37.1,276,Overcast,0,0,
73055,2021-10-20 23:40:00,40.8317291,-73.8763367,0,0,Unspecified,4469391,24.1,13.8,0.0,0.0,0.0,0.0,3,21.6,37.1,276,Overcast,0,0,
73056,2021-10-19 06:52:00,40.8980597,-73.8505959,2,0,Reaction to Uninvolved Vehicle,4468795,19.1,8.3,0.0,0.0,0.0,0.0,1,24.6,45.0,272,Mainly clear,2,2,Sunny/Clear Conditions
73057,2021-10-22 19:25:00,40.6204363,-74.0244658,1,0,Driver Inattention/Distraction,4469911,20.3,14.4,0.0,0.0,0.0,0.0,3,18.1,31.3,267,Overcast,1,1,
73058,2021-10-22 11:15:00,40.6616893,-73.9614295,1,0,Driver Inattention/Distraction,4469933,20.3,14.4,0.0,0.0,0.0,0.0,3,18.1,31.3,267,Overcast,1,1,
73059,2021-10-20 00:00:00,40.8264277,-73.9504508,0,0,Driver Inattention/Distraction,4469269,24.1,13.8,0.0,0.0,0.0,0.0,3,21.6,37.1,276,Overcast,0,0,
73060,2021-10-13 13:00:00,40.7511643,-73.7584676,0,0,Driver Inattention/Distraction,4466761,21.7,14.8,0.1,0.1,0.0,1.0,51,12.2,23.0,200,Drizzle: Light,0,0,
73061,2021-10-21 18:39:00,40.8782876,-73.9080239,0,0,Passing or Lane Usage Improper,4469727,22.9,12.0,0.0,0.0,0.0,0.0,3,17.0,31.7,207,Overcast,0,0,
73062,2021-10-14 16:55:00,40.7489395,-73.8544701,1,0,Driver Inattention/Distraction,4467916,25.0,15.4,0.0,0.0,0.0,0.0,3,15.4,29.9,328,Overcast,1,1,
73063,2021-10-22 17:30:00,40.5863445,-73.9314464,0,0,Driver Inattention/Distraction,4469980,20.3,14.4,0.0,0.0,0.0,0.0,3,18.1,31.3,267,Overcast,0,0,
73064,2021-10-10 06:30:00,40.6997906,-73.9500905,4,0,Driver Inattention/Distraction,4466544,18.5,16.0,2.4,2.4,0.0,8.0,53,27.2,52.6,52,Drizzle: Moderate,4,4,
73065,2021-10-21 16:10:00,40.7538015,-73.9808886,1,0,Unspecified,4470440,22.9,12.0,0.0,0.0,0.0,0.0,3,17.0,31.7,207,Overcast,1,1,
73066,2021-10-19 00:00:00,40.6931192,-73.968811,1,0,Failure to Yield Right-of-Way,4468995,19.1,8.3,0.0,0.0,0.0,0.0,1,24.6,45.0,272,Mainly clear,1,1,Sunny/Clear Conditions
73067,2021-10-19 14:06:00,40.798382,-73.9416235,1,0,Following Too Closely,4469062,19.1,8.3,0.0,0.0,0.0,0.0,1,24.6,45.0,272,Mainly clear,1,1,Sunny/Clear Conditions
73068,2023-11-01 16:45:00,40.805042,-73.936935,1,0,Unspecified,4675832,9.4,3.4,2.8,2.8,0.0,12.0,53,22.0,44.6,333,Drizzle: Moderate,1,1,
73069,2021-10-16 05:15:00,40.7391678,-73.9799688,1,0,Unspecified,4467784,24.3,15.0,17.5,17.5,0.0,9.0,63,25.7,46.4,195,Rain: Moderate,1,1,
73070,2021-10-22 16:13:00,40.6299872,-73.9715677,0,0,Unspecified,4470179,20.3,14.4,0.0,0.0,0.0,0.0,3,18.1,31.3,267,Overcast,0,0,
73071,2021-10-14 12:13:00,40.8821673,-73.8395466,1,0,Driver Inattention/Distraction,4467107,25.0,15.4,0.0,0.0,0.0,0.0,3,15.4,29.9,328,Overcast,1,1,
73072,2021-10-14 00:00:00,40.7425672,-73.7707788,1,0,Unsafe Lane Changing,4467157,25.0,15.4,0.0,0.0,0.0,0.0,3,15.4,29.9,328,Overcast,1,1,
73073,2022-04-14 00:30:00,40.729572,-73.83383,0,0,Unspecified,4519455,28.1,13.9,0.2,0.2,0.0,2.0,51,25.9,46.1,249,Drizzle: Light,0,0,
73074,2021-10-16 10:00:00,40.737428,-73.9816241,0,0,Driver Inattention/Distraction,4470340,24.3,15.0,17.5,17.5,0.0,9.0,63,25.7,46.4,195,Rain: Moderate,0,0,
73075,2021-10-14 13:26:00,40.5888616,-73.9496149,0,0,Unsafe Speed,4467289,25.0,15.4,0.0,0.0,0.0,0.0,3,15.4,29.9,328,Overcast,0,0,
73076,2021-10-17 18:30:00,40.7460347,-73.9344002,0,0,Driver Inattention/Distraction,4468049,17.3,11.1,0.2,0.2,0.0,2.0,51,23.9,43.9,293,Drizzle: Light,0,0,
73077,2021-10-14 09:45:00,40.7639417,-73.8281463,0,0,Following Too Closely,4467382,25.0,15.4,0.0,0.0,0.0,0.0,3,15.4,29.9,328,Overcast,0,0,
73078,2021-10-24 21:30:00,40.7583082,-73.9629257,1,0,Unsafe Speed,4470533,15.5,7.6,0.7,0.7,0.0,1.0,53,13.0,23.8,248,Drizzle: Moderate,1,1,
73079,2021-10-20 08:30:00,40.7261868,-73.7352341,0,0,Reaction to Uninvolved Vehicle,4469184,24.1,13.8,0.0,0.0,0.0,0.0,3,21.6,37.1,276,Overcast,0,0,
73080,2021-09-14 22:55:00,40.8163616,-73.9540891,2,0,Driver Inattention/Distraction,4457425,26.0,19.0,0.2,0.2,0.0,1.0,51,18.0,35.6,138,Drizzle: Light,2,2,
73081,2021-10-16 16:55:00,40.7774128,-73.9787983,1,0,Turning Improperly,4468496,24.3,15.0,17.5,17.5,0.0,9.0,63,25.7,46.4,195,Rain: Moderate,1,1,
73082,2021-10-13 08:03:00,40.8670274,-73.9170421,0,0,Driver Inattention/Distraction,4468816,21.7,14.8,0.1,0.1,0.0,1.0,51,12.2,23.0,200,Drizzle: Light,0,0,
73083,2021-10-20 14:00:00,40.7303712,-73.8216296,0,0,Driver Inattention/Distraction,4469498,24.1,13.8,0.0,0.0,0.0,0.0,3,21.6,37.1,276,Overcast,0,0,
73084,2021-11-02 10:00:00,40.626183,-73.994156,0,0,Unspecified,4473546,11.4,7.0,0.6,0.6,0.0,4.0,51,14.1,28.1,271,Drizzle: Light,0,0,
73085,2021-10-14 16:52:00,40.7308851,-73.9478951,0,0,Backing Unsafely,4469549,25.0,15.4,0.0,0.0,0.0,0.0,3,15.4,29.9,328,Overcast,0,0,
73086,2021-10-17 16:00:00,40.714562,-73.7800787,0,0,Unspecified,4468107,17.3,11.1,0.2,0.2,0.0,2.0,51,23.9,43.9,293,Drizzle: Light,0,0,
73087,2021-10-13 16:20:00,40.7884202,-73.9707634,0,0,Passing or Lane Usage Improper,4467142,21.7,14.8,0.1,0.1,0.0,1.0,51,12.2,23.0,200,Drizzle: Light,0,0,
73088,2021-11-02 11:15:00,40.69382,-73.72694,3,0,Following Too Closely,4473384,11.4,7.0,0.6,0.6,0.0,4.0,51,14.1,28.1,271,Drizzle: Light,3,3,
73089,2021-10-22 12:32:00,40.8932173,-73.856253,0,0,Driver Inattention/Distraction,4469822,20.3,14.4,0.0,0.0,0.0,0.0,3,18.1,31.3,267,Overcast,0,0,