,CRASH DATETIME,LATITUDE,LONGITUDE,NUMBER OF PERSONS INJURED,NUMBER OF PERSONS KILLED,CONTRIBUTING FACTOR VEHICLE 1,COLLISION_ID,temperature_2m_max,temperature_2m_min,precipitation_sum,rain_sum,snowfall_sum,precipitation_hours,weather_code,wind_speed_10m_max,wind_gusts_10m_max,wind_direction_10m_dominant,Weather Description,Severity_Score,Total_Affected_Persons,Weather_Category
73090,2021-10-17 00:50:00,40.824138,-73.8929487,1,0,Following Too Closely,4468763,17.3,11.1,0.2,0.2,0.0,2.0,51,23.9,43.9,293,Drizzle: Light,1,1,
73091,2021-11-02 09:10:00,40.72347,-73.90005,0,0,Unspecified,4473684,11.4,7.0,0.6,0.6,0.0,4.0,51,14.1,28.1,271,Drizzle: Light,0,0,
73092,2021-10-15 15:58:00,40.6726449,-73.8037723,0,0,Passing or Lane Usage Improper,4468218,25.0,14.5,0.0,0.0,0.0,0.0,3,16.8,28.4,182,Overcast,0,0,
73093,2021-10-15 17:20:00,40.6507366,-73.9527594,0,0,Unspecified,4467816,25.0,14.5,0.0,0.0,0.0,0.0,3,16.8,28.4,182,Overcast,0,0,
73094,2021-10-14 14:13:00,40.74478,-73.9758819,1,0,Driver Inattention/Distraction,4467140,25.0,15.4,0.0,0.0,0.0,0.0,3,15.4,29.9,328,Overcast,1,1,
73095,2021-10-20 17:10:00,40.6592308,-73.8932782,1,0,Driver Inattention/Distraction,4469682,24.1,13.8,0.0,0.0,0.0,0.0,3,21.6,37.1,276,Overcast,1,1,
73096,2021-10-18 16:29:00,40.7435109,-73.7174046,3,0,Unspecified,4468511,15.8,9.2,0.0,0.0,0.0,0.0,2,32.4,58.3,296,Partly cloudy,3,3,
73097,2021-10-23 13:13:00,40.8436205,-73.8698562,1,0,Driver Inattention/Distraction,4470624,15.9,10.4,0.2,0.2,0.0,2.0,51,14.4,26.6,326,Drizzle: Light,1,1,
73098,2021-10-15 20:20:00,40.832132,-73.8654615,0,0,Unspecified,4467948,25.0,14.5,0.0,0.0,0.0,0.0,3,16.8,28.4,182,Overcast,0,0,
73099,2021-10-13 18:28:00,40.7957534,-73.948341,0,0,Passing Too Closely,4466968,21.7,14.8,0.1,0.1,0.0,1.0,51,12.2,23.0,200,Drizzle: Light,0,0,
73100,2021-10-18 17:17:00,40.8363929,-73.9158697,1,0,Passing or Lane Usage Improper,4468613,15.8,9.2,0.0,0.0,0.0,0.0,2,32.4,58.3,296,Partly cloudy,1,1,
73101,2021-10-22 16:00:00,40.7341354,-73.8691738,1,0,Failure to Yield Right-of-Way,4470408,20.3,14.4,0.0,0.0,0.0,0.0,3,18.1,31.3,267,Overcast,1,1,
73102,2021-10-20 15:49:00,40.7300177,-73.8234675,1,0,Driver Inattention/Distraction,4469705,24.1,13.8,0.0,0.0,0.0,0.0,3,21.6,37.1,276,Overcast,1,1,
73103,2021-10-14 00:20:00,40.600334,-73.9465481,0,0,Driver Inattention/Distraction,4466853,25.0,15.4,0.0,0.0,0.0,0.0,3,15.4,29.9,328,Overcast,0,0,
73104,2021-10-08 12:45:00,40.7656758,-73.9762353,0,0,Unspecified,4465486,23.7,14.5,0.0,0.0,0.0,0.0,3,13.0,22.3,94,Overcast,0,0,
73105,2021-10-17 09:00:00,40.8690581,-73.8796321,0,0,Unspecified,4468479,17.3,11.1,0.2,0.2,0.0,2.0,51,23.9,43.9,293,Drizzle: Light,0,0,
73106,2021-04-27 16:00:00,40.7214219,-73.9990332,0,0,Driver Inattention/Distraction,4469478,14.8,4.2,0.0,0.0,0.0,0.0,3,15.3,34.2,164,Overcast,0,0,
73107,2021-10-21 09:55:00,40.6257884,-74.1548979,1,0,Driver Inattention/Distraction,4470036,22.9,12.0,0.0,0.0,0.0,0.0,3,17.0,31.7,207,Overcast,1,1,
73108,2021-10-14 23:11:00,40.7484627,-73.8851616,0,0,Driver Inattention/Distraction,4467308,25.0,15.4,0.0,0.0,0.0,0.0,3,15.4,29.9,328,Overcast,0,0,
73109,2021-10-20 20:19:00,40.8633692,-73.8233133,0,0,Unspecified,4469365,24.1,13.8,0.0,0.0,0.0,0.0,3,21.6,37.1,276,Overcast,0,0,
73110,2021-10-19 08:30:00,40.8541166,-73.8909014,1,0,Driver Inattention/Distraction,4469151,19.1,8.3,0.0,0.0,0.0,0.0,1,24.6,45.0,272,Mainly clear,1,1,Sunny/Clear Conditions
73111,2021-10-14 17:40:00,40.7190147,-73.7941786,0,0,Unsafe Lane Changing,4467514,25.0,15.4,0.0,0.0,0.0,0.0,3,15.4,29.9,328,Overcast,0,0,
73112,2021-10-18 16:05:00,40.5853893,-73.8146547,1,0,Traffic Control Disregarded,4468528,15.8,9.2,0.0,0.0,0.0,0.0,2,32.4,58.3,296,Partly cloudy,1,1,
73113,2021-10-20 16:05:00,40.7586002,-73.8023368,1,0,Backing Unsafely,4469363,24.1,13.8,0.0,0.0,0.0,0.0,3,21.6,37.1,276,Overcast,1,1,
73114,2021-10-15 20:00:00,40.6348247,-73.963368,0,0,Unspecified,4467689,25.0,14.5,0.0,0.0,0.0,0.0,3,16.8,28.4,182,Overcast,0,0,
73115,2021-10-20 01:20:00,40.6801616,-73.8778656,0,0,Driver Inattention/Distraction,4470658,24.1,13.8,0.0,0.0,0.0,0.0,3,21.6,37.1,276,Overcast,0,0,
73116,2021-10-20 16:10:00,40.6475284,-73.8946807,1,0,Unspecified,4469416,24.1,13.8,0.0,0.0,0.0,0.0,3,21.6,37.1,276,Overcast,1,1,
73117,2021-10-15 01:40:00,40.6555642,-73.8797328,0,0,Unspecified,4467274,25.0,14.5,0.0,0.0,0.0,0.0,3,16.8,28.4,182,Overcast,0,0,
73118,2021-10-16 15:20:00,40.6912102,-73.8135384,0,0,Driver Inexperience,4468200,24.3,15.0,17.5,17.5,0.0,9.0,63,25.7,46.4,195,Rain: Moderate,0,0,
73119,2021-11-02 12:00:00,40.75493,-73.7752,1,0,Lost Consciousness,4473438,11.4,7.0,0.6,0.6,0.0,4.0,51,14.1,28.1,271,Drizzle: Light,1,1,
73120,2021-10-15 09:00:00,40.6080238,-73.7462724,0,0,Unspecified,4468411,25.0,14.5,0.0,0.0,0.0,0.0,3,16.8,28.4,182,Overcast,0,0,
73121,2021-10-17 18:25:00,40.6205299,-74.1349369,2,0,Unsafe Speed,4468372,17.3,11.1,0.2,0.2,0.0,2.0,51,23.9,43.9,293,Drizzle: Light,2,2,
73122,2021-10-21 10:15:00,40.7162234,-73.9243825,1,0,Turning Improperly,4470199,22.9,12.0,0.0,0.0,0.0,0.0,3,17.0,31.7,207,Overcast,1,1,
73123,2021-10-15 11:30:00,40.6736212,-73.8842138,1,0,Failure to Yield Right-of-Way,4467406,25.0,14.5,0.0,0.0,0.0,0.0,3,16.8,28.4,182,Overcast,1,1,
73124,2021-10-20 07:40:00,40.6459025,-73.9243894,1,0,Passing or Lane Usage Improper,4469231,24.1,13.8,0.0,0.0,0.0,0.0,3,21.6,37.1,276,Overcast,1,1,
73125,2021-10-15 19:22:00,40.8146387,-73.9203299,1,0,Unspecified,4467726,25.0,14.5,0.0,0.0,0.0,0.0,3,16.8,28.4,182,Overcast,1,1,
73126,2021-09-24 22:20:00,40.8308918,-73.9413666,1,0,Failure to Yield Right-of-Way,4461807,22.4,15.6,26.0,26.0,0.0,9.0,63,14.2,29.9,274,Rain: Moderate,1,1,
73127,2021-10-21 19:30:00,40.7299397,-73.810433,0,0,Pavement Defective,4469594,22.9,12.0,0.0,0.0,0.0,0.0,3,17.0,31.7,207,Overcast,0,0,
73128,2021-10-10 15:40:00,40.8006946,-73.9411094,0,0,Following Too Closely,4466720,18.5,16.0,2.4,2.4,0.0,8.0,53,27.2,52.6,52,Drizzle: Moderate,0,0,
73129,2021-10-18 18:45:00,40.6747617,-74.0085793,0,0,Unspecified,4468566,15.8,9.2,0.0,0.0,0.0,0.0,2,32.4,58.3,296,Partly cloudy,0,0,
73130,2021-10-12 18:30:00,40.6029516,-73.7499767,0,0,Failure to Yield Right-of-Way,4467028,21.6,15.2,0.0,0.0,0.0,0.0,3,11.8,23.8,81,Overcast,0,0,
73131,2021-10-13 12:00:00,40.661948,-73.9354152,0,0,Driver Inattention/Distraction,4468399,21.7,14.8,0.1,0.1,0.0,1.0,51,12.2,23.0,200,Drizzle: Light,0,0,
73132,2021-10-23 12:23:00,40.7433326,-73.8549515,0,0,Driver Inattention/Distraction,4470484,15.9,10.4,0.2,0.2,0.0,2.0,51,14.4,26.6,326,Drizzle: Light,0,0,
73133,2022-04-11 22:35:00,40.60301,-74.016884,1,0,Unsafe Lane Changing,4519281,13.1,1.8,0.0,0.0,0.0,0.0,3,18.6,36.4,246,Overcast,1,1,
73134,2021-10-17 20:50:00,40.7025579,-73.9103257,1,0,Traffic Control Disregarded,4468131,17.3,11.1,0.2,0.2,0.0,2.0,51,23.9,43.9,293,Drizzle: Light,1,1,
73135,2021-10-15 20:46:00,40.8658329,-73.8959981,0,0,Backing Unsafely,4468414,25.0,14.5,0.0,0.0,0.0,0.0,3,16.8,28.4,182,Overcast,0,0,
73136,2021-10-18 08:00:00,40.6733017,-73.9039121,0,0,Passing Too Closely,4468364,15.8,9.2,0.0,0.0,0.0,0.0,2,32.4,58.3,296,Partly cloudy,0,0,
73137,2021-10-20 10:00:00,40.7624095,-73.9964059,0,0,Passing or Lane Usage Improper,4469161,24.1,13.8,0.0,0.0,0.0,0.0,3,21.6,37.1,276,Overcast,0,0,
73138,2021-10-13 19:28:00,40.6650265,-73.8705674,1,0,Unspecified,4467259,21.7,14.8,0.1,0.1,0.0,1.0,51,12.2,23.0,200,Drizzle: Light,1,1,
73139,2021-10-19 09:01:00,40.6971174,-73.9340084,0,0,Passing or Lane Usage Improper,4468778,19.1,8.3,0.0,0.0,0.0,0.0,1,24.6,45.0,272,Mainly clear,0,0,Sunny/Clear Conditions
73140,2021-10-17 00:00:00,40.6781627,-73.8974769,3,0,Traffic Control Disregarded,4468171,17.3,11.1,0.2,0.2,0.0,2.0,51,23.9,43.9,293,Drizzle: Light,3,3,
73141,2021-10-24 09:00:00,40.6274769,-74.1440005,0,0,Unspecified,4470845,15.5,7.6,0.7,0.7,0.0,1.0,53,13.0,23.8,248,Drizzle: Moderate,0,0,
73142,2021-10-20 21:00:00,40.6279777,-73.9416474,0,0,Driver Inattention/Distraction,4469413,24.1,13.8,0.0,0.0,0.0,0.0,3,21.6,37.1,276,Overcast,0,0,
73143,2021-10-22 06:14:00,40.5759262,-73.9911338,0,0,Other Vehicular,4470101,20.3,14.4,0.0,0.0,0.0,0.0,3,18.1,31.3,267,Overcast,0,0,
73144,2021-10-17 22:00:00,40.6628102,-73.8964516,0,0,Unspecified,4470472,17.3,11.1,0.2,0.2,0.0,2.0,51,23.9,43.9,293,Drizzle: Light,0,0,
73145,2021-10-24 00:00:00,40.7974839,-73.9487856,1,0,Driver Inexperience,4470702,15.5,7.6,0.7,0.7,0.0,1.0,53,13.0,23.8,248,Drizzle: Moderate,1,1,
73146,2021-10-06 16:37:00,40.8622592,-73.8958844,0,0,Unspecified,4465257,20.3,16.0,0.1,0.1,0.0,1.0,51,6.5,14.0,28,Drizzle: Light,0,0,
73147,2021-09-19 22:30:00,40.7088619,-74.0006182,0,0,Driver Inattention/Distraction,4463322,23.6,16.8,0.0,0.0,0.0,0.0,2,17.6,35.6,0,Partly cloudy,0,0,
73148,2021-10-13 08:05:00,40.6046459,-74.1623684,0,0,Following Too Closely,4466729,21.7,14.8,0.1,0.1,0.0,1.0,51,12.2,23.0,200,Drizzle: Light,0,0,
73149,2021-10-22 05:38:00,40.6724702,-73.900831,3,0,Unspecified,4469695,20.3,14.4,0.0,0.0,0.0,0.0,3,18.1,31.3,267,Overcast,3,3,
73150,2021-10-18 17:45:00,40.5983037,-73.9414808,0,0,Unspecified,4468594,15.8,9.2,0.0,0.0,0.0,0.0,2,32.4,58.3,296,Partly cloudy,0,0,
73151,2021-10-17 11:31:00,40.7273284,-73.8125592,0,0,Driver Inattention/Distraction,4467904,17.3,11.1,0.2,0.2,0.0,2.0,51,23.9,43.9,293,Drizzle: Light,0,0,
73152,2021-10-21 19:22:00,40.6554568,-73.9288273,1,0,Driver Inattention/Distraction,4470264,22.9,12.0,0.0,0.0,0.0,0.0,3,17.0,31.7,207,Overcast,1,1,
73153,2021-10-14 15:30:00,40.8571285,-73.8807926,0,0,Other Vehicular,4467332,25.0,15.4,0.0,0.0,0.0,0.0,3,15.4,29.9,328,Overcast,0,0,
73154,2021-10-23 01:20:00,40.696197,-73.9887629,0,0,Driver Inexperience,4470134,15.9,10.4,0.2,0.2,0.0,2.0,51,14.4,26.6,326,Drizzle: Light,0,0,
73155,2021-10-16 00:47:00,40.6729617,-73.8332328,0,0,Following Too Closely,4468203,24.3,15.0,17.5,17.5,0.0,9.0,63,25.7,46.4,195,Rain: Moderate,0,0,
73156,2021-10-16 23:28:00,40.8548229,-73.911194,0,0,Unsafe Lane Changing,4468698,24.3,15.0,17.5,17.5,0.0,9.0,63,25.7,46.4,195,Rain: Moderate,0,0,
73157,2021-10-19 15:29:00,40.757873,-73.7884961,0,0,Unsafe Lane Changing,4469216,19.1,8.3,0.0,0.0,0.0,0.0,1,24.6,45.0,272,Mainly clear,0,0,Sunny/Clear Conditions
73158,2021-10-13 12:16:00,40.7160714,-74.0011684,1,0,Driver Inexperience,4468281,21.7,14.8,0.1,0.1,0.0,1.0,51,12.2,23.0,200,Drizzle: Light,1,1,
73159,2021-11-02 23:07:00,40.63497,-73.984474,1,0,Unspecified,4473606,11.4,7.0,0.6,0.6,0.0,4.0,51,14.1,28.1,271,Drizzle: Light,1,1,
73160,2021-10-16 08:45:00,40.7075935,-73.9555418,1,0,Failure to Yield Right-of-Way,4468136,24.3,15.0,17.5,17.5,0.0,9.0,63,25.7,46.4,195,Rain: Moderate,1,1,
73161,2021-10-20 10:50:00,40.721473,-73.9838235,0,0,Driver Inattention/Distraction,4469299,24.1,13.8,0.0,0.0,0.0,0.0,3,21.6,37.1,276,Overcast,0,0,
73162,2021-10-14 16:20:00,40.8417618,-73.9152917,0,0,Unspecified,4468266,25.0,15.4,0.0,0.0,0.0,0.0,3,15.4,29.9,328,Overcast,0,0,
73163,2021-10-15 20:30:00,40.6037769,-73.751854,1,0,Failure to Yield Right-of-Way,4468436,25.0,14.5,0.0,0.0,0.0,0.0,3,16.8,28.4,182,Overcast,1,1,
73164,2021-10-18 11:21:00,40.8169326,-73.925822,0,0,Unspecified,4468680,15.8,9.2,0.0,0.0,0.0,0.0,2,32.4,58.3,296,Partly cloudy,0,0,
73165,2021-11-02 13:50:00,40.684006,-74.001656,1,0,Passing or Lane Usage Improper,4473512,11.4,7.0,0.6,0.6,0.0,4.0,51,14.1,28.1,271,Drizzle: Light,1,1,
73166,2021-10-16 19:00:00,40.7597902,-73.9879256,0,0,Unspecified,4468468,24.3,15.0,17.5,17.5,0.0,9.0,63,25.7,46.4,195,Rain: Moderate,0,0,
73167,2021-07-29 15:55:00,40.701458,-73.812515,1,0,Failure to Yield Right-of-Way,4444083,25.3,20.4,33.0,33.0,0.0,11.0,65,26.1,50.8,182,Rain: Heavy,1,1,
73168,2021-08-12 16:45:00,40.746033,-73.93441,1,0,Unspecified,4446661,35.2,23.1,0.0,0.0,0.0,0.0,3,21.0,47.5,220,Overcast,1,1,
73169,2021-08-12 14:00:00,40.609882,-73.74849,0,0,Driver Inexperience,4447747,35.2,23.1,0.0,0.0,0.0,0.0,3,21.0,47.5,220,Overcast,0,0,
73170,2021-08-14 23:40:00,40.69246,-73.726875,0,0,Driver Inattention/Distraction,4448420,31.3,24.2,2.5,2.5,0.0,5.0,55,16.9,32.8,286,Drizzle: Dense,0,0,
73171,2021-08-07 20:09:00,40.66645,-73.75764,0,0,Passing Too Closely,4448451,29.7,19.9,0.0,0.0,0.0,0.0,3,24.2,45.0,198,Overcast,0,0,
73172,2022-04-13 14:30:00,40.628166,-73.92787,0,0,Failure to Yield Right-of-Way,4518726,18.9,7.1,0.0,0.0,0.0,0.0,3,18.7,37.4,112,Overcast,0,0,
73173,2021-08-12 02:20:00,40.788895,-73.81869,1,0,Unsafe Speed,4448487,35.2,23.1,0.0,0.0,0.0,0.0,3,21.0,47.5,220,Overcast,1,1,
73174,2021-08-15 05:45:00,40.651737,-73.730255,0,0,Unspecified,4448419,27.9,20.0,0.0,0.0,0.0,0.0,3,16.6,33.1,25,Overcast,0,0,
73175,2021-08-15 15:15:00,40.76242,-73.99422,1,0,Pedestrian/Bicyclist/Other Pedestrian Error/Confusion,4448442,27.9,20.0,0.0,0.0,0.0,0.0,3,16.6,33.1,25,Overcast,1,1,
73176,2021-08-12 17:43:00,40.697315,-73.932274,0,0,Traffic Control Disregarded,4448492,35.2,23.1,0.0,0.0,0.0,0.0,3,21.0,47.5,220,Overcast,0,0,
73177,2021-07-23 22:49:00,40.791557,-73.93866,0,0,Alcohol Involvement,4448467,26.2,17.3,0.0,0.0,0.0,0.0,1,11.3,27.0,340,Mainly clear,0,0,Sunny/Clear Conditions
73178,2021-08-15 04:23:00,40.723747,-74.00612,2,0,Driver Inattention/Distraction,4448440,27.9,20.0,0.0,0.0,0.0,0.0,3,16.6,33.1,25,Overcast,2,2,
73179,2021-08-16 12:55:00,40.64204,-74.0204,4,0,Unspecified,4448411,26.6,19.9,0.0,0.0,0.0,0.0,3,17.7,33.8,121,Overcast,4,4,
73180,2021-07-28 17:30:00,40.835396,-73.92031,0,0,Unspecified,4448471,26.7,20.2,0.7,0.7,0.0,3.0,53,16.7,34.2,1,Drizzle: Moderate,0,0,
73181,2021-08-16 16:30:00,40.641285,-73.970276,0,0,Unspecified,4448430,26.6,19.9,0.0,0.0,0.0,0.0,3,17.7,33.8,121,Overcast,0,0,
73182,2021-07-22 20:30:00,40.7481368,-73.8647397,1,0,Fell Asleep,4448477,26.7,17.5,0.0,0.0,0.0,0.0,3,15.3,28.4,327,Overcast,1,1,
73183,2021-10-17 13:35:00,40.6022901,-74.006781,2,0,Driver Inattention/Distraction,4467945,17.3,11.1,0.2,0.2,0.0,2.0,51,23.9,43.9,293,Drizzle: Light,2,2,
73184,2021-10-17 23:07:00,40.7056297,-73.8378473,3,1,Alcohol Involvement,4468548,17.3,11.1,0.2,0.2,0.0,2.0,51,23.9,43.9,293,Drizzle: Light,23,4,
73185,2021-10-14 00:25:00,40.7149341,-73.7931487,1,0,Driver Inattention/Distraction,4466833,25.0,15.4,0.0,0.0,0.0,0.0,3,15.4,29.9,328,Overcast,1,1,
73186,2021-10-18 11:28:00,40.5938726,-74.0997976,0,0,Unsafe Lane Changing,4469098,15.8,9.2,0.0,0.0,0.0,0.0,2,32.4,58.3,296,Partly cloudy,0,0,
73187,2021-10-15 18:26:00,40.8371724,-73.901966,1,0,Following Too Closely,4468693,25.0,14.5,0.0,0.0,0.0,0.0,3,16.8,28.4,182,Overcast,1,1,
73188,2021-10-18 10:20:00,40.6336576,-73.8890192,2,0,Unspecified,4468476,15.8,9.2,0.0,0.0,0.0,0.0,2,32.4,58.3,296,Partly cloudy,2,2,
73189,2021-10-22 16:28:00,40.719279,-73.8156785,1,0,Failure to Yield Right-of-Way,4470069,20.3,14.4,0.0,0.0,0.0,0.0,3,18.1,31.3,267,Overcast,1,1,
73190,2021-10-23 03:04:00,40.8965207,-73.8717427,0,0,Unsafe Speed,4470388,15.9,10.4,0.2,0.2,0.0,2.0,51,14.4,26.6,326,Drizzle: Light,0,0,
73191,2021-10-12 14:30:00,40.8177952,-73.8931829,2,0,Unspecified,4467625,21.6,15.2,0.0,0.0,0.0,0.0,3,11.8,23.8,81,Overcast,2,2,
73192,2021-10-15 06:15:00,40.6781564,-73.9441507,0,0,Driver Inattention/Distraction,4467857,25.0,14.5,0.0,0.0,0.0,0.0,3,16.8,28.4,182,Overcast,0,0,
73193,2021-08-16 17:30:00,40.670555,-73.874176,0,0,Turning Improperly,4447783,26.6,19.9,0.0,0.0,0.0,0.0,3,17.7,33.8,121,Overcast,0,0,
73194,2021-08-16 22:00:00,40.804905,-73.91883,0,0,Driver Inattention/Distraction,4447720,26.6,19.9,0.0,0.0,0.0,0.0,3,17.7,33.8,121,Overcast,0,0,
73195,2021-08-14 11:35:00,40.673645,-74.004234,2,0,Unsafe Lane Changing,4448388,31.3,24.2,2.5,2.5,0.0,5.0,55,16.9,32.8,286,Drizzle: Dense,2,2,
73196,2021-08-16 13:17:00,40.67866,-73.89465,0,0,Unspecified,4448174,26.6,19.9,0.0,0.0,0.0,0.0,3,17.7,33.8,121,Overcast,0,0,
73197,2021-08-14 20:02:00,40.587147,-74.15391,1,0,Driver Inattention/Distraction,4448141,31.3,24.2,2.5,2.5,0.0,5.0,55,16.9,32.8,286,Drizzle: Dense,1,1,
73198,2021-08-16 00:40:00,40.723217,-73.75635,0,0,Unsafe Speed,4447301,26.6,19.9,0.0,0.0,0.0,0.0,3,17.7,33.8,121,Overcast,0,0,
73199,2021-08-16 21:00:00,40.674374,-73.97555,1,0,Pedestrian/Bicyclist/Other Pedestrian Error/Confusion,4447702,26.6,19.9,0.0,0.0,0.0,0.0,3,17.7,33.8,121,Overcast,1,1,
73200,2021-08-16 14:20:00,40.85061,-73.863045,1,0,Driver Inattention/Distraction,4447851,26.6,19.9,0.0,0.0,0.0,0.0,3,17.7,33.8,121,Overcast,1,1,
73201,2021-08-16 13:45:00,40.80467,-73.93219,0,0,Driver Inattention/Distraction,4447743,26.6,19.9,0.0,0.0,0.0,0.0,3,17.7,33.8,121,Overcast,0,0,
73202,2021-08-09 15:00:00,40.673378,-74.000244,1,0,Unspecified,4448100,26.2,20.1,1.1,1.1,0.0,7.0,51,17.3,34.6,36,Drizzle: Light,1,1,
73203,2021-08-16 16:54:00,40.668377,-73.92012,0,0,Backing Unsafely,4448227,26.6,19.9,0.0,0.0,0.0,0.0,3,17.7,33.8,121,Overcast,0,0,
73204,2021-08-16 04:05:00,40.652927,-73.959335,2,0,,4447394,26.6,19.9,0.0,0.0,0.0,0.0,3,17.7,33.8,121,Overcast,2,2,
73205,2021-08-16 08:20:00,40.830658,-73.93517,1,0,Unsafe Speed,4447755,26.6,19.9,0.0,0.0,0.0,0.0,3,17.7,33.8,121,Overcast,1,1,
73206,2021-08-07 04:11:00,40.883705,-73.90527,0,0,Driver Inattention/Distraction,4448161,29.7,19.9,0.0,0.0,0.0,0.0,3,24.2,45.0,198,Overcast,0,0,
73207,2021-08-14 06:00:00,40.767864,-73.90847,0,0,Traffic Control Disregarded,4448216,31.3,24.2,2.5,2.5,0.0,5.0,55,16.9,32.8,286,Drizzle: Dense,0,0,
73208,2021-08-16 15:31:00,40.675312,-73.777145,1,0,Unspecified,4447650,26.6,19.9,0.0,0.0,0.0,0.0,3,17.7,33.8,121,Overcast,1,1,
73209,2021-08-16 18:00:00,40.836296,-73.87369,0,0,Driver Inattention/Distraction,4447793,26.6,19.9,0.0,0.0,0.0,0.0,3,17.7,33.8,121,Overcast,0,0,
73210,2021-08-16 22:44:00,40.76217,-73.7568,0,0,Driver Inexperience,4447807,26.6,19.9,0.0,0.0,0.0,0.0,3,17.7,33.8,121,Overcast,0,0,
73211,2021-08-16 16:40:00,40.648834,-73.964645,1,0,Unspecified,4447856,26.6,19.9,0.0,0.0,0.0,0.0,3,17.7,33.8,121,Overcast,1,1,
73212,2021-08-16 13:30:00,40.679455,-73.8578,0,0,Driver Inattention/Distraction,4447622,26.6,19.9,0.0,0.0,0.0,0.0,3,17.7,33.8,121,Overcast,0,0,
73213,2021-08-16 10:15:00,40.76301,-73.87533,2,0,Driver Inattention/Distraction,4447556,26.6,19.9,0.0,0.0,0.0,0.0,3,17.7,33.8,121,Overcast,2,2,
73214,2021-08-11 18:34:00,40.685295,-73.93253,4,0,Illnes,4448263,31.2,23.2,2.8,2.8,0.0,7.0,55,23.7,44.6,206,Drizzle: Dense,4,4,
73215,2021-08-08 16:45:00,40.90012,-73.86004,0,0,Unspecified,4448295,22.9,19.4,12.7,12.7,0.0,17.0,63,19.9,36.0,38,Rain: Moderate,0,0,
73216,2021-08-16 10:25:00,40.616547,-74.02607,1,0,Reaction to Uninvolved Vehicle,4448365,26.6,19.9,0.0,0.0,0.0,0.0,3,17.7,33.8,121,Overcast,1,1,
73217,2021-08-16 14:30:00,40.665257,-73.76305,0,0,Failure to Yield Right-of-Way,4447607,26.6,19.9,0.0,0.0,0.0,0.0,3,17.7,33.8,121,Overcast,0,0,
73218,2021-08-16 10:40:00,40.726833,-73.71358,0,0,Driver Inattention/Distraction,4447561,26.6,19.9,0.0,0.0,0.0,0.0,3,17.7,33.8,121,Overcast,0,0,
73219,2021-08-15 16:25:00,40.88082,-73.90344,0,0,Failure to Yield Right-of-Way,4448192,27.9,20.0,0.0,0.0,0.0,0.0,3,16.6,33.1,25,Overcast,0,0,
73220,2021-08-16 00:00:00,40.76394,-73.828156,0,0,Following Too Closely,4447642,26.6,19.9,0.0,0.0,0.0,0.0,3,17.7,33.8,121,Overcast,0,0,
73221,2021-08-16 00:10:00,40.72631,-74.0075,0,0,Driver Inattention/Distraction,4447468,26.6,19.9,0.0,0.0,0.0,0.0,3,17.7,33.8,121,Overcast,0,0,
73222,2021-08-16 13:42:00,40.73699,-73.81049,0,0,Backing Unsafely,4447892,26.6,19.9,0.0,0.0,0.0,0.0,3,17.7,33.8,121,Overcast,0,0,
73223,2021-08-16 17:25:00,40.75314,-73.87262,0,0,Driver Inattention/Distraction,4447735,26.6,19.9,0.0,0.0,0.0,0.0,3,17.7,33.8,121,Overcast,0,0,
73224,2021-08-16 00:00:00,40.84434,-73.91475,0,0,Unsafe Lane Changing,4447763,26.6,19.9,0.0,0.0,0.0,0.0,3,17.7,33.8,121,Overcast,0,0,
73225,2021-08-16 15:16:00,40.746536,-73.83119,0,0,Unsafe Speed,4447996,26.6,19.9,0.0,0.0,0.0,0.0,3,17.7,33.8,121,Overcast,0,0,
73226,2021-08-16 11:00:00,40.60559,-74.13178,0,0,Following Too Closely,4447816,26.6,19.9,0.0,0.0,0.0,0.0,3,17.7,33.8,121,Overcast,0,0,
73227,2021-08-16 15:50:00,40.88268,-73.85483,0,0,Backing Unsafely,4447952,26.6,19.9,0.0,0.0,0.0,0.0,3,17.7,33.8,121,Overcast,0,0,
73228,2021-08-16 04:05:00,40.82073,-73.91567,2,0,Unsafe Speed,4447543,26.6,19.9,0.0,0.0,0.0,0.0,3,17.7,33.8,121,Overcast,2,2,
73229,2021-08-16 11:30:00,40.792126,-73.97178,0,0,Driverless/Runaway Vehicle,4447631,26.6,19.9,0.0,0.0,0.0,0.0,3,17.7,33.8,121,Overcast,0,0,
73230,2021-08-16 09:54:00,40.680496,-73.821365,0,0,Following Too Closely,4447712,26.6,19.9,0.0,0.0,0.0,0.0,3,17.7,33.8,121,Overcast,0,0,
73231,2021-08-13 17:20:00,40.82269,-73.94947,0,0,Traffic Control Disregarded,4448245,33.2,24.8,0.0,0.0,0.0,0.0,3,18.2,34.9,215,Overcast,0,0,
73232,2021-08-15 13:00:00,40.64137,-74.09388,0,0,Unspecified,4448374,27.9,20.0,0.0,0.0,0.0,0.0,3,16.6,33.1,25,Overcast,0,0,
73233,2021-08-16 19:10:00,40.88181,-73.88092,0,0,Driver Inattention/Distraction,4447806,26.6,19.9,0.0,0.0,0.0,0.0,3,17.7,33.8,121,Overcast,0,0,
73234,2021-08-11 22:40:00,40.71135,-73.95118,1,0,Unspecified,4448134,31.2,23.2,2.8,2.8,0.0,7.0,55,23.7,44.6,206,Drizzle: Dense,1,1,
73235,2021-08-16 17:05:00,40.681847,-73.792496,1,0,Following Too Closely,4447651,26.6,19.9,0.0,0.0,0.0,0.0,3,17.7,33.8,121,Overcast,1,1,