,CRASH DATETIME,LATITUDE,LONGITUDE,NUMBER OF PERSONS INJURED,NUMBER OF PERSONS KILLED,CONTRIBUTING FACTOR VEHICLE 1,COLLISION_ID,temperature_2m_max,temperature_2m_min,precipitation_sum,rain_sum,snowfall_sum,precipitation_hours,weather_code,wind_speed_10m_max,wind_gusts_10m_max,wind_direction_10m_dominant,Weather Description,Severity_Score,Total_Affected_Persons,Weather_Category
73236,2021-08-11 21:06:00,40.666294,-73.89445,0,0,Unsafe Speed,4448349,31.2,23.2,2.8,2.8,0.0,7.0,55,23.7,44.6,206,Drizzle: Dense,0,0,
73237,2021-08-16 22:45:00,40.65965,-73.773834,0,0,Traffic Control Disregarded,4447681,26.6,19.9,0.0,0.0,0.0,0.0,3,17.7,33.8,121,Overcast,0,0,
73238,2021-08-15 03:05:00,40.88271,-73.881256,2,0,Passing or Lane Usage Improper,4448196,27.9,20.0,0.0,0.0,0.0,0.0,3,16.6,33.1,25,Overcast,2,2,
73239,2021-08-16 07:05:00,40.814793,-73.95629,0,0,Fell Asleep,4447581,26.6,19.9,0.0,0.0,0.0,0.0,3,17.7,33.8,121,Overcast,0,0,
73240,2021-08-16 21:50:00,40.67012,-73.99695,0,0,Driver Inattention/Distraction,4448096,26.6,19.9,0.0,0.0,0.0,0.0,3,17.7,33.8,121,Overcast,0,0,
73241,2021-08-16 13:30:00,40.75487,-73.979866,1,0,Unspecified,4447837,26.6,19.9,0.0,0.0,0.0,0.0,3,17.7,33.8,121,Overcast,1,1,
73242,2021-08-16 21:58:00,40.635937,-73.987595,1,0,Unspecified,4447869,26.6,19.9,0.0,0.0,0.0,0.0,3,17.7,33.8,121,Overcast,1,1,
73243,2021-08-16 10:05:00,40.67276,-73.93077,0,0,Driver Inattention/Distraction,4448053,26.6,19.9,0.0,0.0,0.0,0.0,3,17.7,33.8,121,Overcast,0,0,
73244,2021-07-27 08:44:00,40.895447,-73.88002,0,0,Reaction to Uninvolved Vehicle,4448188,30.4,19.1,0.2,0.2,0.0,2.0,51,19.5,38.9,206,Drizzle: Light,0,0,
73245,2021-08-16 15:28:00,40.790367,-73.949776,0,0,Unspecified,4447730,26.6,19.9,0.0,0.0,0.0,0.0,3,17.7,33.8,121,Overcast,0,0,
73246,2021-08-16 15:40:00,40.72036,-74.00853,0,0,Backing Unsafely,4447756,26.6,19.9,0.0,0.0,0.0,0.0,3,17.7,33.8,121,Overcast,0,0,
73247,2021-08-16 19:00:00,40.740852,-73.91632,0,0,Driver Inattention/Distraction,4447695,26.6,19.9,0.0,0.0,0.0,0.0,3,17.7,33.8,121,Overcast,0,0,
73248,2021-08-12 15:20:00,40.760822,-73.99832,0,0,Unsafe Lane Changing,4448234,35.2,23.1,0.0,0.0,0.0,0.0,3,21.0,47.5,220,Overcast,0,0,
73249,2021-08-16 15:30:00,40.66652,-73.73645,1,0,Unspecified,4447658,26.6,19.9,0.0,0.0,0.0,0.0,3,17.7,33.8,121,Overcast,1,1,
73250,2021-08-16 22:19:00,40.801754,-73.94698,1,0,Driver Inattention/Distraction,4448118,26.6,19.9,0.0,0.0,0.0,0.0,3,17.7,33.8,121,Overcast,1,1,
73251,2021-08-16 21:23:00,40.590485,-73.810104,1,0,Following Too Closely,4448276,26.6,19.9,0.0,0.0,0.0,0.0,3,17.7,33.8,121,Overcast,1,1,
73252,2021-08-16 06:47:00,40.599907,-73.94664,0,0,Turning Improperly,4447774,26.6,19.9,0.0,0.0,0.0,0.0,3,17.7,33.8,121,Overcast,0,0,
73253,2021-08-16 06:30:00,40.744576,-73.82581,0,0,Unspecified,4447775,26.6,19.9,0.0,0.0,0.0,0.0,3,17.7,33.8,121,Overcast,0,0,
73254,2021-08-15 08:00:00,40.75428,-73.89751,0,0,Unspecified,4448151,27.9,20.0,0.0,0.0,0.0,0.0,3,16.6,33.1,25,Overcast,0,0,
73255,2021-08-16 01:30:00,40.639366,-73.9113,0,0,Driver Inexperience,4447337,26.6,19.9,0.0,0.0,0.0,0.0,3,17.7,33.8,121,Overcast,0,0,
73256,2021-08-06 09:00:00,40.811657,-73.88958,0,0,Unspecified,4448204,28.9,17.4,0.0,0.0,0.0,0.0,3,18.1,38.2,188,Overcast,0,0,
73257,2021-08-13 07:45:00,40.64157,-73.95149,0,0,Unspecified,4448323,33.2,24.8,0.0,0.0,0.0,0.0,3,18.2,34.9,215,Overcast,0,0,
73258,2021-08-16 16:30:00,40.596745,-73.99799,0,0,Backing Unsafely,4447676,26.6,19.9,0.0,0.0,0.0,0.0,3,17.7,33.8,121,Overcast,0,0,
73259,2021-08-16 23:26:00,40.81339,-73.95627,1,0,Following Too Closely,4448027,26.6,19.9,0.0,0.0,0.0,0.0,3,17.7,33.8,121,Overcast,1,1,
73260,2021-08-06 19:20:00,40.729515,-73.8715,0,0,Driver Inattention/Distraction,4448316,28.9,17.4,0.0,0.0,0.0,0.0,3,18.1,38.2,188,Overcast,0,0,
73261,2021-08-08 14:07:00,40.69629,-73.934715,1,0,Failure to Yield Right-of-Way,4448275,22.9,19.4,12.7,12.7,0.0,17.0,63,19.9,36.0,38,Rain: Moderate,1,1,
73262,2021-07-29 13:10:00,40.800293,-73.95356,0,0,Driver Inattention/Distraction,4448140,25.3,20.4,33.0,33.0,0.0,11.0,65,26.1,50.8,182,Rain: Heavy,0,0,
73263,2021-08-16 04:16:00,40.738453,-73.85984,0,0,Unspecified,4447402,26.6,19.9,0.0,0.0,0.0,0.0,3,17.7,33.8,121,Overcast,0,0,
73264,2021-08-16 09:00:00,40.80809,-73.96882,2,0,Driver Inattention/Distraction,4447657,26.6,19.9,0.0,0.0,0.0,0.0,3,17.7,33.8,121,Overcast,2,2,
73265,2021-08-16 04:08:00,40.86221,-73.89965,4,0,Driver Inattention/Distraction,4447745,26.6,19.9,0.0,0.0,0.0,0.0,3,17.7,33.8,121,Overcast,4,4,
73266,2021-12-12 00:06:00,40.763897,-73.95323,2,0,Unspecified,4485732,13.0,3.4,0.5,0.5,0.0,1.0,53,32.4,62.6,284,Drizzle: Moderate,2,2,
73267,2021-12-12 22:30:00,40.691193,-73.99777,0,0,Unspecified,4486068,13.0,3.4,0.5,0.5,0.0,1.0,53,32.4,62.6,284,Drizzle: Moderate,0,0,
73268,2021-08-15 16:58:00,40.667522,-73.78063,1,0,Failure to Yield Right-of-Way,4448217,27.9,20.0,0.0,0.0,0.0,0.0,3,16.6,33.1,25,Overcast,1,1,
73269,2021-08-16 20:05:00,40.6638,-73.95285,0,0,Driver Inattention/Distraction,4447696,26.6,19.9,0.0,0.0,0.0,0.0,3,17.7,33.8,121,Overcast,0,0,
73270,2021-08-16 22:12:00,40.643063,-73.95166,3,0,Passing or Lane Usage Improper,4448012,26.6,19.9,0.0,0.0,0.0,0.0,3,17.7,33.8,121,Overcast,3,3,
73271,2021-08-12 15:07:00,40.80527,-73.95738,2,0,Driver Inattention/Distraction,4448116,35.2,23.1,0.0,0.0,0.0,0.0,3,21.0,47.5,220,Overcast,2,2,
73272,2021-08-13 18:00:00,40.662277,-73.91078,3,0,Unspecified,4448397,33.2,24.8,0.0,0.0,0.0,0.0,3,18.2,34.9,215,Overcast,3,3,
73273,2021-08-14 23:44:00,40.88288,-73.8632,0,0,Driver Inattention/Distraction,4448297,31.3,24.2,2.5,2.5,0.0,5.0,55,16.9,32.8,286,Drizzle: Dense,0,0,
73274,2021-08-04 09:37:00,40.89833,-73.89848,0,0,Unspecified,4448195,24.3,17.5,0.1,0.1,0.0,1.0,51,13.7,27.4,57,Drizzle: Light,0,0,
73275,2021-08-16 06:30:00,40.624577,-74.00235,0,0,Unspecified,4447580,26.6,19.9,0.0,0.0,0.0,0.0,3,17.7,33.8,121,Overcast,0,0,
73276,2021-08-16 10:58:00,40.828022,-73.84604,0,0,Following Too Closely,4447610,26.6,19.9,0.0,0.0,0.0,0.0,3,17.7,33.8,121,Overcast,0,0,
73277,2021-08-16 23:40:00,40.828613,-73.943855,0,0,Unspecified,4447819,26.6,19.9,0.0,0.0,0.0,0.0,3,17.7,33.8,121,Overcast,0,0,
73278,2021-08-14 23:45:00,40.605114,-73.81973,0,0,Driver Inattention/Distraction,4448283,31.3,24.2,2.5,2.5,0.0,5.0,55,16.9,32.8,286,Drizzle: Dense,0,0,
73279,2021-08-16 21:10:00,40.773327,-73.76503,5,0,Driver Inattention/Distraction,4447672,26.6,19.9,0.0,0.0,0.0,0.0,3,17.7,33.8,121,Overcast,5,5,
73280,2021-08-16 11:00:00,40.680088,-73.94398,1,0,Following Too Closely,4447973,26.6,19.9,0.0,0.0,0.0,0.0,3,17.7,33.8,121,Overcast,1,1,
73281,2021-08-16 14:32:00,40.657207,-73.9003,0,0,Unspecified,4448226,26.6,19.9,0.0,0.0,0.0,0.0,3,17.7,33.8,121,Overcast,0,0,
73282,2021-08-16 06:00:00,40.812855,-73.90725,0,0,Driver Inattention/Distraction,4447544,26.6,19.9,0.0,0.0,0.0,0.0,3,17.7,33.8,121,Overcast,0,0,
73283,2021-08-16 19:00:00,40.688667,-73.87053,0,0,Unspecified,4447782,26.6,19.9,0.0,0.0,0.0,0.0,3,17.7,33.8,121,Overcast,0,0,
73284,2021-08-16 08:00:00,40.752853,-73.99299,1,0,Pedestrian/Bicyclist/Other Pedestrian Error/Confusion,4447840,26.6,19.9,0.0,0.0,0.0,0.0,3,17.7,33.8,121,Overcast,1,1,
73285,2021-08-16 10:15:00,40.679226,-73.86119,0,0,Passenger Distraction,4447711,26.6,19.9,0.0,0.0,0.0,0.0,3,17.7,33.8,121,Overcast,0,0,
73286,2021-08-16 14:36:00,40.774967,-73.9568,1,0,Driver Inattention/Distraction,4448136,26.6,19.9,0.0,0.0,0.0,0.0,3,17.7,33.8,121,Overcast,1,1,
73287,2021-08-14 15:40:00,40.882515,-73.89039,0,0,Unspecified,4448186,31.3,24.2,2.5,2.5,0.0,5.0,55,16.9,32.8,286,Drizzle: Dense,0,0,
73288,2021-08-16 10:00:00,40.810062,-73.95497,0,0,Passing Too Closely,4448006,26.6,19.9,0.0,0.0,0.0,0.0,3,17.7,33.8,121,Overcast,0,0,
73289,2021-08-16 18:30:00,40.6335,-74.023994,0,0,Driver Inattention/Distraction,4447666,26.6,19.9,0.0,0.0,0.0,0.0,3,17.7,33.8,121,Overcast,0,0,
73290,2021-08-16 17:00:00,40.819885,-73.90726,0,0,Unspecified,4447716,26.6,19.9,0.0,0.0,0.0,0.0,3,17.7,33.8,121,Overcast,0,0,
73291,2021-08-15 15:33:00,40.62507,-74.08474,4,0,Unspecified,4448373,27.9,20.0,0.0,0.0,0.0,0.0,3,16.6,33.1,25,Overcast,4,4,
73292,2021-10-13 09:10:00,40.6069695,-73.7582775,0,0,Failure to Yield Right-of-Way,4467060,21.7,14.8,0.1,0.1,0.0,1.0,51,12.2,23.0,200,Drizzle: Light,0,0,
73293,2021-08-13 00:30:00,40.75632,-73.999275,0,0,Driver Inattention/Distraction,4448254,33.2,24.8,0.0,0.0,0.0,0.0,3,18.2,34.9,215,Overcast,0,0,
73294,2021-08-16 11:45:00,40.59999,-73.75394,0,0,Backing Unsafely,4448121,26.6,19.9,0.0,0.0,0.0,0.0,3,17.7,33.8,121,Overcast,0,0,
73295,2021-08-09 10:26:00,40.66777,-73.86049,0,0,Aggressive Driving/Road Rage,4448352,26.2,20.1,1.1,1.1,0.0,7.0,51,17.3,34.6,36,Drizzle: Light,0,0,
73296,2021-08-16 19:30:00,40.862442,-73.89715,1,0,,4447811,26.6,19.9,0.0,0.0,0.0,0.0,3,17.7,33.8,121,Overcast,1,1,
73297,2021-08-16 20:00:00,40.87965,-73.84236,0,0,Driver Inattention/Distraction,4447950,26.6,19.9,0.0,0.0,0.0,0.0,3,17.7,33.8,121,Overcast,0,0,
73298,2021-08-16 13:10:00,40.786377,-73.95058,1,0,Aggressive Driving/Road Rage,4447646,26.6,19.9,0.0,0.0,0.0,0.0,3,17.7,33.8,121,Overcast,1,1,
73299,2021-08-16 21:10:00,40.75614,-73.981255,1,0,Unsafe Lane Changing,4447849,26.6,19.9,0.0,0.0,0.0,0.0,3,17.7,33.8,121,Overcast,1,1,
73300,2021-08-16 11:45:00,40.762676,-73.954346,3,0,Driver Inattention/Distraction,4447791,26.6,19.9,0.0,0.0,0.0,0.0,3,17.7,33.8,121,Overcast,3,3,
73301,2021-08-16 11:30:00,40.799976,-73.94274,1,0,Unspecified,4447734,26.6,19.9,0.0,0.0,0.0,0.0,3,17.7,33.8,121,Overcast,1,1,
73302,2021-08-16 17:05:00,40.61171,-74.07079,0,0,Driver Inattention/Distraction,4448379,26.6,19.9,0.0,0.0,0.0,0.0,3,17.7,33.8,121,Overcast,0,0,
73303,2021-08-13 11:54:00,40.88145,-73.91685,0,0,Driver Inattention/Distraction,4448191,33.2,24.8,0.0,0.0,0.0,0.0,3,18.2,34.9,215,Overcast,0,0,
73304,2021-08-16 07:21:00,40.834915,-73.894135,3,0,Following Too Closely,4447761,26.6,19.9,0.0,0.0,0.0,0.0,3,17.7,33.8,121,Overcast,3,3,
73305,2021-08-16 13:00:00,40.72293,-73.98865,0,0,Unspecified,4448125,26.6,19.9,0.0,0.0,0.0,0.0,3,17.7,33.8,121,Overcast,0,0,
73306,2021-08-16 00:00:00,40.69685,-73.9647,0,0,Turning Improperly,4447680,26.6,19.9,0.0,0.0,0.0,0.0,3,17.7,33.8,121,Overcast,0,0,
73307,2021-08-16 07:45:00,40.676598,-73.93039,1,0,Driver Inattention/Distraction,4448054,26.6,19.9,0.0,0.0,0.0,0.0,3,17.7,33.8,121,Overcast,1,1,
73308,2021-08-16 14:53:00,40.807186,-73.924286,0,0,Unspecified,4447715,26.6,19.9,0.0,0.0,0.0,0.0,3,17.7,33.8,121,Overcast,0,0,
73309,2021-08-16 08:38:00,40.61487,-73.95849,0,0,Unspecified,4447855,26.6,19.9,0.0,0.0,0.0,0.0,3,17.7,33.8,121,Overcast,0,0,
73310,2021-08-16 07:30:00,40.765377,-73.88906,0,0,Unspecified,4447449,26.6,19.9,0.0,0.0,0.0,0.0,3,17.7,33.8,121,Overcast,0,0,
73311,2021-08-16 04:00:00,40.592327,-73.94519,0,0,Unsafe Speed,4447769,26.6,19.9,0.0,0.0,0.0,0.0,3,17.7,33.8,121,Overcast,0,0,
73312,2021-08-16 12:48:00,40.734863,-73.90662,1,0,Driver Inattention/Distraction,4447620,26.6,19.9,0.0,0.0,0.0,0.0,3,17.7,33.8,121,Overcast,1,1,
73313,2021-08-16 21:37:00,40.641525,-74.03331,0,0,Unspecified,4447675,26.6,19.9,0.0,0.0,0.0,0.0,3,17.7,33.8,121,Overcast,0,0,
73314,2021-08-16 19:30:00,40.591675,-73.94994,1,0,Driver Inexperience,4447768,26.6,19.9,0.0,0.0,0.0,0.0,3,17.7,33.8,121,Overcast,1,1,
73315,2021-08-13 12:20:00,40.876583,-73.90266,1,0,Unspecified,4448144,33.2,24.8,0.0,0.0,0.0,0.0,3,18.2,34.9,215,Overcast,1,1,
73316,2021-08-16 16:47:00,40.737682,-73.85206,1,0,Passing or Lane Usage Improper,4447727,26.6,19.9,0.0,0.0,0.0,0.0,3,17.7,33.8,121,Overcast,1,1,
73317,2021-08-09 14:40:00,40.906475,-73.904175,0,0,Unspecified,4448154,26.2,20.1,1.1,1.1,0.0,7.0,51,17.3,34.6,36,Drizzle: Light,0,0,
73318,2021-08-16 02:35:00,40.700436,-73.81534,1,0,Unsafe Speed,4447351,26.6,19.9,0.0,0.0,0.0,0.0,3,17.7,33.8,121,Overcast,1,1,
73319,2021-08-10 11:58:00,40.76415,-73.95526,0,0,Driver Inattention/Distraction,4448210,27.3,20.4,3.8,3.8,0.0,11.0,61,18.0,36.0,170,Rain: Light,0,0,
73320,2021-08-16 19:34:00,40.818733,-73.96109,0,0,Driver Inattention/Distraction,4448023,26.6,19.9,0.0,0.0,0.0,0.0,3,17.7,33.8,121,Overcast,0,0,
73321,2021-08-12 12:49:00,40.81614,-73.894875,0,0,Other Vehicular,4448322,35.2,23.1,0.0,0.0,0.0,0.0,3,21.0,47.5,220,Overcast,0,0,
73322,2021-08-16 16:00:00,40.581367,-73.829956,0,0,Backing Unsafely,4448288,26.6,19.9,0.0,0.0,0.0,0.0,3,17.7,33.8,121,Overcast,0,0,
73323,2021-08-16 08:45:00,40.72978,-73.94613,0,0,Driver Inattention/Distraction,4447845,26.6,19.9,0.0,0.0,0.0,0.0,3,17.7,33.8,121,Overcast,0,0,
73324,2021-08-16 12:40:00,40.67221,-73.734634,0,0,Following Too Closely,4447599,26.6,19.9,0.0,0.0,0.0,0.0,3,17.7,33.8,121,Overcast,0,0,
73325,2021-08-16 17:15:00,40.681946,-73.904884,3,0,Failure to Yield Right-of-Way,4447802,26.6,19.9,0.0,0.0,0.0,0.0,3,17.7,33.8,121,Overcast,3,3,
73326,2021-08-06 08:15:00,40.81579,-73.893326,0,0,Unspecified,4448202,28.9,17.4,0.0,0.0,0.0,0.0,3,18.1,38.2,188,Overcast,0,0,
73327,2021-08-16 18:30:00,40.773052,-73.91886,0,0,Driver Inattention/Distraction,4448233,26.6,19.9,0.0,0.0,0.0,0.0,3,17.7,33.8,121,Overcast,0,0,
73328,2021-08-16 10:00:00,40.74712,-73.94239,1,0,Driver Inattention/Distraction,4447665,26.6,19.9,0.0,0.0,0.0,0.0,3,17.7,33.8,121,Overcast,1,1,
73329,2021-08-16 16:34:00,40.637264,-73.9898,1,0,Unspecified,4447870,26.6,19.9,0.0,0.0,0.0,0.0,3,17.7,33.8,121,Overcast,1,1,
73330,2021-07-24 21:49:00,40.835396,-73.92031,0,0,Driver Inattention/Distraction,4448282,26.8,18.2,0.0,0.0,0.0,0.0,3,16.3,31.7,152,Overcast,0,0,
73331,2021-08-16 05:58:00,40.65207,-74.00676,0,0,Unspecified,4447503,26.6,19.9,0.0,0.0,0.0,0.0,3,17.7,33.8,121,Overcast,0,0,
73332,2021-08-16 18:15:00,40.698772,-73.92233,0,0,Failure to Yield Right-of-Way,4447803,26.6,19.9,0.0,0.0,0.0,0.0,3,17.7,33.8,121,Overcast,0,0,
73333,2021-08-16 14:07:00,40.631596,-73.98494,1,0,Unspecified,4447862,26.6,19.9,0.0,0.0,0.0,0.0,3,17.7,33.8,121,Overcast,1,1,
73334,2021-08-16 09:15:00,40.877296,-73.85212,0,0,Unsafe Speed,4447553,26.6,19.9,0.0,0.0,0.0,0.0,3,17.7,33.8,121,Overcast,0,0,
73335,2021-08-16 13:35:00,40.559383,-74.15393,0,0,Driver Inexperience,4447628,26.6,19.9,0.0,0.0,0.0,0.0,3,17.7,33.8,121,Overcast,0,0,
73336,2021-08-16 23:18:00,40.737877,-73.97689,0,0,Backing Unsafely,4448256,26.6,19.9,0.0,0.0,0.0,0.0,3,17.7,33.8,121,Overcast,0,0,
73337,2021-08-15 16:33:00,40.5905,-73.81246,0,0,Failure to Yield Right-of-Way,4448274,27.9,20.0,0.0,0.0,0.0,0.0,3,16.6,33.1,25,Overcast,0,0,
73338,2021-08-16 07:54:00,40.682816,-73.96578,0,0,Unspecified,4447656,26.6,19.9,0.0,0.0,0.0,0.0,3,17.7,33.8,121,Overcast,0,0,
73339,2021-08-16 13:20:00,40.817226,-73.94231,1,0,Driver Inattention/Distraction,4447748,26.6,19.9,0.0,0.0,0.0,0.0,3,17.7,33.8,121,Overcast,1,1,
73340,2021-08-16 19:01:00,40.76553,-73.94028,1,0,Unspecified,4448236,26.6,19.9,0.0,0.0,0.0,0.0,3,17.7,33.8,121,Overcast,1,1,
73341,2021-08-16 20:53:00,40.64188,-73.894684,1,0,Failure to Yield Right-of-Way,4448021,26.6,19.9,0.0,0.0,0.0,0.0,3,17.7,33.8,121,Overcast,1,1,
73342,2021-08-10 23:11:00,40.89711,-73.88008,1,0,Driver Inattention/Distraction,4448194,27.3,20.4,3.8,3.8,0.0,11.0,61,18.0,36.0,170,Rain: Light,1,1,
73343,2021-08-16 09:19:00,0.0,0.0,1,0,Pavement Defective,4447579,26.6,19.9,0.0,0.0,0.0,0.0,3,17.7,33.8,121,Overcast,1,1,
73344,2021-08-16 18:20:00,40.70462,-73.80916,1,0,Driver Inattention/Distraction,4447673,26.6,19.9,0.0,0.0,0.0,0.0,3,17.7,33.8,121,Overcast,1,1,
73345,2021-08-16 00:40:00,40.831936,-73.86228,0,0,Unspecified,4447448,26.6,19.9,0.0,0.0,0.0,0.0,3,17.7,33.8,121,Overcast,0,0,
73346,2021-08-16 14:50:00,40.794052,-73.970375,0,0,Following Too Closely,4447647,26.6,19.9,0.0,0.0,0.0,0.0,3,17.7,33.8,121,Overcast,0,0,
73347,2021-07-08 06:24:00,40.814594,-73.88588,1,0,Glare,4448329,28.3,21.3,15.2,15.2,0.0,12.0,63,16.9,48.2,125,Rain: Moderate,1,1,
73348,2021-08-16 15:30:00,40.70324,-73.92615,0,0,Turning Improperly,4447795,26.6,19.9,0.0,0.0,0.0,0.0,3,17.7,33.8,121,Overcast,0,0,
73349,2021-08-16 11:19:00,40.756046,-73.81307,2,0,Failure to Yield Right-of-Way,4447636,26.6,19.9,0.0,0.0,0.0,0.0,3,17.7,33.8,121,Overcast,2,2,
73350,2021-08-15 19:34:00,40.733433,-73.86418,0,0,Following Too Closely,4448400,27.9,20.0,0.0,0.0,0.0,0.0,3,16.6,33.1,25,Overcast,0,0,
73351,2021-08-13 09:30:00,40.889503,-73.88764,0,0,Driver Inattention/Distraction,4448143,33.2,24.8,0.0,0.0,0.0,0.0,3,18.2,34.9,215,Overcast,0,0,
73352,2021-08-16 18:58:00,40.80123,-73.9577,0,0,Driver Inattention/Distraction,4447881,26.6,19.9,0.0,0.0,0.0,0.0,3,17.7,33.8,121,Overcast,0,0,
73353,2021-08-16 23:16:00,40.71587,-73.73774,0,0,Unspecified,4447697,26.6,19.9,0.0,0.0,0.0,0.0,3,17.7,33.8,121,Overcast,0,0,
73354,2021-08-16 21:12:00,40.688698,-73.85409,0,0,Traffic Control Disregarded,4447818,26.6,19.9,0.0,0.0,0.0,0.0,3,17.7,33.8,121,Overcast,0,0,
73355,2021-08-16 12:28:00,40.615383,-73.92891,0,0,Following Too Closely,4447943,26.6,19.9,0.0,0.0,0.0,0.0,3,17.7,33.8,121,Overcast,0,0,
73356,2021-08-16 17:13:00,40.856037,-73.83284,0,0,Other Vehicular,4447853,26.6,19.9,0.0,0.0,0.0,0.0,3,17.7,33.8,121,Overcast,0,0,
73357,2021-08-16 02:30:00,40.665855,-73.784065,0,0,Unspecified,4447740,26.6,19.9,0.0,0.0,0.0,0.0,3,17.7,33.8,121,Overcast,0,0,
73358,2021-08-16 05:25:00,40.739655,-73.81784,2,0,Driver Inattention/Distraction,4448111,26.6,19.9,0.0,0.0,0.0,0.0,3,17.7,33.8,121,Overcast,2,2,
73359,2021-08-09 19:21:00,40.75202,-74.00473,0,0,Passing Too Closely,4448225,26.2,20.1,1.1,1.1,0.0,7.0,51,17.3,34.6,36,Drizzle: Light,0,0,
73360,2021-08-16 21:22:00,40.641636,-73.95677,2,0,Alcohol Involvement,4447686,26.6,19.9,0.0,0.0,0.0,0.0,3,17.7,33.8,121,Overcast,2,2,
73361,2021-08-13 06:30:00,40.87802,-73.90241,1,0,Driver Inattention/Distraction,4448137,33.2,24.8,0.0,0.0,0.0,0.0,3,18.2,34.9,215,Overcast,1,1,
73362,2021-08-16 21:05:00,40.749905,-73.862465,1,0,Alcohol Involvement,4447678,26.6,19.9,0.0,0.0,0.0,0.0,3,17.7,33.8,121,Overcast,1,1,
73363,2021-08-16 06:25:00,40.744705,-73.85725,0,0,Driver Inattention/Distraction,4447406,26.6,19.9,0.0,0.0,0.0,0.0,3,17.7,33.8,121,Overcast,0,0,
73364,2021-08-04 09:00:00,40.885303,-73.89826,0,0,Driver Inattention/Distraction,4448159,24.3,17.5,0.1,0.1,0.0,1.0,51,13.7,27.4,57,Drizzle: Light,0,0,
73365,2021-08-16 23:55:00,40.66778,-73.996185,0,0,Unspecified,4448353,26.6,19.9,0.0,0.0,0.0,0.0,3,17.7,33.8,121,Overcast,0,0,
73366,2021-08-16 11:30:00,40.840363,-73.85606,0,0,Unspecified,4447611,26.6,19.9,0.0,0.0,0.0,0.0,3,17.7,33.8,121,Overcast,0,0,
73367,2021-08-16 21:16:00,40.804256,-73.9193,1,0,Unspecified,4447717,26.6,19.9,0.0,0.0,0.0,0.0,3,17.7,33.8,121,Overcast,1,1,
73368,2021-08-10 15:00:00,40.895374,-73.86356,1,0,Passing or Lane Usage Improper,4448300,27.3,20.4,3.8,3.8,0.0,11.0,61,18.0,36.0,170,Rain: Light,1,1,
73369,2021-07-28 07:30:00,40.748558,-74.002205,0,0,Backing Unsafely,4448218,26.7,20.2,0.7,0.7,0.0,3.0,53,16.7,34.2,1,Drizzle: Moderate,0,0,
73370,2021-08-16 20:45:00,40.70082,-73.957466,1,0,Passing or Lane Usage Improper,4448040,26.6,19.9,0.0,0.0,0.0,0.0,3,17.7,33.8,121,Overcast,1,1,
73371,2021-08-16 23:44:00,40.814423,-73.92471,1,0,Unspecified,4447722,26.6,19.9,0.0,0.0,0.0,0.0,3,17.7,33.8,121,Overcast,1,1,
73372,2021-08-11 14:00:00,40.615967,-74.10457,0,0,Driver Inattention/Distraction,4448372,31.2,23.2,2.8,2.8,0.0,7.0,55,23.7,44.6,206,Drizzle: Dense,0,0,
73373,2021-08-16 16:15:00,40.6646,-73.89502,0,0,Unspecified,4447785,26.6,19.9,0.0,0.0,0.0,0.0,3,17.7,33.8,121,Overcast,0,0,
73374,2021-08-16 20:09:00,40.74105,-73.72587,0,0,Unspecified,4448059,26.6,19.9,0.0,0.0,0.0,0.0,3,17.7,33.8,121,Overcast,0,0,
73375,2021-08-16 17:15:00,40.659927,-73.84005,1,0,Failure to Yield Right-of-Way,4447707,26.6,19.9,0.0,0.0,0.0,0.0,3,17.7,33.8,121,Overcast,1,1,
73376,2021-08-16 15:33:00,40.603542,-73.985535,0,0,Driver Inattention/Distraction,4447667,26.6,19.9,0.0,0.0,0.0,0.0,3,17.7,33.8,121,Overcast,0,0,
73377,2021-08-06 19:00:00,40.883717,-73.90526,0,0,Unspecified,4448147,28.9,17.4,0.0,0.0,0.0,0.0,3,18.1,38.2,188,Overcast,0,0,
73378,2021-08-07 11:00:00,40.885715,-73.90895,0,0,Oversized Vehicle,4448185,29.7,19.9,0.0,0.0,0.0,0.0,3,24.2,45.0,198,Overcast,0,0,
73379,2021-08-16 19:04:00,40.863785,-73.90028,1,0,Unspecified,4447810,26.6,19.9,0.0,0.0,0.0,0.0,3,17.7,33.8,121,Overcast,1,1,
73380,2021-08-16 07:15:00,40.711422,-73.77622,0,0,Unsafe Speed,4448009,26.6,19.9,0.0,0.0,0.0,0.0,3,17.7,33.8,121,Overcast,0,0,
73381,2021-08-13 00:45:00,40.707333,-73.94321,1,0,Unsafe Speed,4448384,33.2,24.8,0.0,0.0,0.0,0.0,3,18.2,34.9,215,Overcast,1,1,
73382,2021-08-16 13:30:00,40.60937,-73.96226,1,0,Passing or Lane Usage Improper,4447772,26.6,19.9,0.0,0.0,0.0,0.0,3,17.7,33.8,121,Overcast,1,1,
73383,2021-08-16 15:40:00,40.76238,-73.92944,1,0,Driver Inexperience,4448230,26.6,19.9,0.0,0.0,0.0,0.0,3,17.7,33.8,121,Overcast,1,1,
73384,2021-08-09 23:19:00,40.806953,-73.94353,0,0,Following Too Closely,4448120,26.2,20.1,1.1,1.1,0.0,7.0,51,17.3,34.6,36,Drizzle: Light,0,0,
73385,2021-08-09 14:47:00,40.632164,-74.166336,3,0,Other Vehicular,4448305,26.2,20.1,1.1,1.1,0.0,7.0,51,17.3,34.6,36,Drizzle: Light,3,3,
73386,2021-08-16 17:00:00,40.75675,-73.828545,0,0,Backing Unsafely,4447777,26.6,19.9,0.0,0.0,0.0,0.0,3,17.7,33.8,121,Overcast,0,0,