,CRASH DATETIME,LATITUDE,LONGITUDE,NUMBER OF PERSONS INJURED,NUMBER OF PERSONS KILLED,CONTRIBUTING FACTOR VEHICLE 1,COLLISION_ID,temperature_2m_max,temperature_2m_min,precipitation_sum,rain_sum,snowfall_sum,precipitation_hours,weather_code,wind_speed_10m_max,wind_gusts_10m_max,wind_direction_10m_dominant,Weather Description,Severity_Score,Total_Affected_Persons,Weather_Category
73387,2021-08-10 11:05:00,40.707016,-73.9078,1,0,Driver Inattention/Distraction,4448291,27.3,20.4,3.8,3.8,0.0,11.0,61,18.0,36.0,170,Rain: Light,1,1,
73388,2021-08-13 23:00:00,40.708263,-73.955124,0,0,Unsafe Speed,4448130,33.2,24.8,0.0,0.0,0.0,0.0,3,18.2,34.9,215,Overcast,0,0,
73389,2021-08-16 03:40:00,40.836575,-73.89282,0,0,Unspecified,4447361,26.6,19.9,0.0,0.0,0.0,0.0,3,17.7,33.8,121,Overcast,0,0,
73390,2021-08-08 11:38:00,40.811005,-73.950584,1,0,Other Vehicular,4448212,22.9,19.4,12.7,12.7,0.0,17.0,63,19.9,36.0,38,Rain: Moderate,1,1,
73391,2021-08-16 16:30:00,40.674004,-73.94455,2,0,Illnes,4447685,26.6,19.9,0.0,0.0,0.0,0.0,3,17.7,33.8,121,Overcast,2,2,
73392,2021-08-16 14:08:00,40.714943,-73.942764,0,0,Unspecified,4447846,26.6,19.9,0.0,0.0,0.0,0.0,3,17.7,33.8,121,Overcast,0,0,
73393,2021-10-12 08:30:00,40.7379929,-73.9036781,0,0,Unsafe Speed,4466464,21.6,15.2,0.0,0.0,0.0,0.0,3,11.8,23.8,81,Overcast,0,0,
73394,2021-08-16 09:30:00,40.82201,-73.85827,1,0,Driver Inexperience,4447827,26.6,19.9,0.0,0.0,0.0,0.0,3,17.7,33.8,121,Overcast,1,1,
73395,2021-08-14 07:05:00,40.899616,-73.89357,2,0,Unsafe Speed,4448190,31.3,24.2,2.5,2.5,0.0,5.0,55,16.9,32.8,286,Drizzle: Dense,2,2,
73396,2021-08-16 11:40:00,40.719746,-73.75031,1,0,Unspecified,4448045,26.6,19.9,0.0,0.0,0.0,0.0,3,17.7,33.8,121,Overcast,1,1,
73397,2021-08-16 16:25:00,40.67347,-73.9984,0,0,Driver Inattention/Distraction,4447739,26.6,19.9,0.0,0.0,0.0,0.0,3,17.7,33.8,121,Overcast,0,0,
73398,2021-08-16 22:46:00,40.826458,-73.8993,0,0,Oversized Vehicle,4447759,26.6,19.9,0.0,0.0,0.0,0.0,3,17.7,33.8,121,Overcast,0,0,
73399,2021-08-16 12:29:00,40.60143,-73.91334,0,0,Alcohol Involvement,4447984,26.6,19.9,0.0,0.0,0.0,0.0,3,17.7,33.8,121,Overcast,0,0,
73400,2021-08-16 15:40:00,40.6915,-73.90956,0,0,Failure to Yield Right-of-Way,4447796,26.6,19.9,0.0,0.0,0.0,0.0,3,17.7,33.8,121,Overcast,0,0,
73401,2021-08-16 09:17:00,40.778885,-73.81454,0,0,Failure to Yield Right-of-Way,4447635,26.6,19.9,0.0,0.0,0.0,0.0,3,17.7,33.8,121,Overcast,0,0,
73402,2021-08-16 14:30:00,40.64204,-74.0204,0,0,Unspecified,4447664,26.6,19.9,0.0,0.0,0.0,0.0,3,17.7,33.8,121,Overcast,0,0,
73403,2021-08-13 21:40:00,40.791557,-73.93866,0,0,Unspecified,4448281,33.2,24.8,0.0,0.0,0.0,0.0,3,18.2,34.9,215,Overcast,0,0,
73404,2021-08-16 08:32:00,40.820435,-73.93623,1,0,Following Too Closely,4447528,26.6,19.9,0.0,0.0,0.0,0.0,3,17.7,33.8,121,Overcast,1,1,
73405,2021-08-14 19:00:00,40.699482,-73.96104,1,0,Unspecified,4448240,31.3,24.2,2.5,2.5,0.0,5.0,55,16.9,32.8,286,Drizzle: Dense,1,1,
73406,2021-08-16 23:05:00,40.688553,-73.91245,1,0,Unsafe Speed,4447804,26.6,19.9,0.0,0.0,0.0,0.0,3,17.7,33.8,121,Overcast,1,1,
73407,2021-08-16 09:55:00,40.80549,-73.91031,0,0,Turning Improperly,4447714,26.6,19.9,0.0,0.0,0.0,0.0,3,17.7,33.8,121,Overcast,0,0,
73408,2021-08-14 21:00:00,40.645775,-74.09168,1,0,Driver Inattention/Distraction,4448378,31.3,24.2,2.5,2.5,0.0,5.0,55,16.9,32.8,286,Drizzle: Dense,1,1,
73409,2021-08-13 15:35:00,40.871212,-73.854385,1,0,Unsafe Speed,4448200,33.2,24.8,0.0,0.0,0.0,0.0,3,18.2,34.9,215,Overcast,1,1,
73410,2021-08-15 01:50:00,40.815662,-73.88702,2,0,Unspecified,4448321,27.9,20.0,0.0,0.0,0.0,0.0,3,16.6,33.1,25,Overcast,2,2,
73411,2021-08-16 14:28:00,40.603886,-74.00618,0,0,Driver Inattention/Distraction,4447638,26.6,19.9,0.0,0.0,0.0,0.0,3,17.7,33.8,121,Overcast,0,0,
73412,2021-08-16 15:45:00,40.613182,-74.01245,0,0,Unsafe Lane Changing,4447668,26.6,19.9,0.0,0.0,0.0,0.0,3,17.7,33.8,121,Overcast,0,0,
73413,2021-08-16 09:50:00,40.65559,-73.92676,1,0,Driver Inattention/Distraction,4448010,26.6,19.9,0.0,0.0,0.0,0.0,3,17.7,33.8,121,Overcast,1,1,
73414,2021-08-16 12:30:00,40.644756,-73.9916,0,0,Passing or Lane Usage Improper,4447863,26.6,19.9,0.0,0.0,0.0,0.0,3,17.7,33.8,121,Overcast,0,0,
73415,2021-08-16 07:35:00,40.708836,-73.81578,0,0,Driver Inattention/Distraction,4447889,26.6,19.9,0.0,0.0,0.0,0.0,3,17.7,33.8,121,Overcast,0,0,
73416,2021-08-15 18:58:00,40.644493,-73.928604,4,0,Brakes Defective,4448386,27.9,20.0,0.0,0.0,0.0,0.0,3,16.6,33.1,25,Overcast,4,4,
73417,2021-08-16 04:47:00,40.651264,-74.003914,0,0,Passing or Lane Usage Improper,4447502,26.6,19.9,0.0,0.0,0.0,0.0,3,17.7,33.8,121,Overcast,0,0,
73418,2021-08-16 16:45:00,40.585133,-73.954544,0,0,Unspecified,4447767,26.6,19.9,0.0,0.0,0.0,0.0,3,17.7,33.8,121,Overcast,0,0,
73419,2021-08-13 18:20:00,40.584366,-73.9271,0,0,Unsafe Lane Changing,4448406,33.2,24.8,0.0,0.0,0.0,0.0,3,18.2,34.9,215,Overcast,0,0,
73420,2021-08-16 05:40:00,40.666893,-73.80546,0,0,Unsafe Lane Changing,4447808,26.6,19.9,0.0,0.0,0.0,0.0,3,17.7,33.8,121,Overcast,0,0,
73421,2021-08-16 05:30:00,40.740067,-73.935455,0,0,Driver Inattention/Distraction,4447439,26.6,19.9,0.0,0.0,0.0,0.0,3,17.7,33.8,121,Overcast,0,0,
73422,2021-08-16 11:50:00,40.638824,-74.02273,0,0,Unspecified,4447674,26.6,19.9,0.0,0.0,0.0,0.0,3,17.7,33.8,121,Overcast,0,0,
73423,2021-08-16 18:24:00,40.63406,-73.946815,1,0,View Obstructed/Limited,4447857,26.6,19.9,0.0,0.0,0.0,0.0,3,17.7,33.8,121,Overcast,1,1,
73424,2021-08-09 11:00:00,40.7133,-73.96742,0,0,Passing Too Closely,4448330,26.2,20.1,1.1,1.1,0.0,7.0,51,17.3,34.6,36,Drizzle: Light,0,0,
73425,2021-08-16 09:15:00,40.69953,-73.91104,0,0,Failure to Yield Right-of-Way,4447794,26.6,19.9,0.0,0.0,0.0,0.0,3,17.7,33.8,121,Overcast,0,0,
73426,2021-08-16 15:30:00,40.6078,-73.81932,0,0,Following Too Closely,4447624,26.6,19.9,0.0,0.0,0.0,0.0,3,17.7,33.8,121,Overcast,0,0,
73427,2021-08-16 14:40:00,40.654266,-73.88281,0,0,Unspecified,4448177,26.6,19.9,0.0,0.0,0.0,0.0,3,17.7,33.8,121,Overcast,0,0,
73428,2021-08-15 20:30:00,40.70166,-73.961464,0,0,Unspecified,4448138,27.9,20.0,0.0,0.0,0.0,0.0,3,16.6,33.1,25,Overcast,0,0,
73429,2021-08-16 15:20:00,40.816044,-73.91195,0,0,Unspecified,4447718,26.6,19.9,0.0,0.0,0.0,0.0,3,17.7,33.8,121,Overcast,0,0,
73430,2021-08-16 13:45:00,40.67472,-73.85839,2,0,Failure to Yield Right-of-Way,4447699,26.6,19.9,0.0,0.0,0.0,0.0,3,17.7,33.8,121,Overcast,2,2,
73431,2021-08-16 14:00:00,40.81286,-73.96341,1,0,Passing or Lane Usage Improper,4448017,26.6,19.9,0.0,0.0,0.0,0.0,3,17.7,33.8,121,Overcast,1,1,
73432,2021-08-16 14:18:00,40.842495,-73.93745,0,0,Failure to Yield Right-of-Way,4448104,26.6,19.9,0.0,0.0,0.0,0.0,3,17.7,33.8,121,Overcast,0,0,
73433,2021-08-16 03:00:00,40.746166,-73.866165,0,0,Oversized Vehicle,4447726,26.6,19.9,0.0,0.0,0.0,0.0,3,17.7,33.8,121,Overcast,0,0,
73434,2021-07-20 16:30:00,40.68066,-73.974525,0,0,Unspecified,4448361,30.9,21.1,0.0,0.0,0.0,0.0,1,13.3,26.6,283,Mainly clear,0,0,Sunny/Clear Conditions
73435,2021-08-16 11:45:00,0.0,0.0,0,0,Passing Too Closely,4447619,26.6,19.9,0.0,0.0,0.0,0.0,3,17.7,33.8,121,Overcast,0,0,
73436,2021-08-15 11:37:00,40.61055,-74.00145,1,0,Unspecified,4448302,27.9,20.0,0.0,0.0,0.0,0.0,3,16.6,33.1,25,Overcast,1,1,
73437,2021-08-16 01:20:00,40.66118,-73.95696,0,0,Alcohol Involvement,4447577,26.6,19.9,0.0,0.0,0.0,0.0,3,17.7,33.8,121,Overcast,0,0,
73438,2021-08-03 22:00:00,40.88643,-73.895805,0,0,Unsafe Speed,4448193,24.2,15.3,0.0,0.0,0.0,0.0,3,10.7,21.2,7,Overcast,0,0,
73439,2021-08-16 20:19:00,40.629246,-74.14312,1,0,Backing Unsafely,4447817,26.6,19.9,0.0,0.0,0.0,0.0,3,17.7,33.8,121,Overcast,1,1,
73440,2021-08-16 14:00:00,0.0,0.0,0,0,Driver Inattention/Distraction,4447942,26.6,19.9,0.0,0.0,0.0,0.0,3,17.7,33.8,121,Overcast,0,0,
73441,2021-08-16 08:23:00,40.668636,-73.79189,0,0,Passing Too Closely,4447648,26.6,19.9,0.0,0.0,0.0,0.0,3,17.7,33.8,121,Overcast,0,0,
73442,2021-08-16 11:35:00,40.801765,-73.93723,1,0,Passing or Lane Usage Improper,4447742,26.6,19.9,0.0,0.0,0.0,0.0,3,17.7,33.8,121,Overcast,1,1,
73443,2021-08-16 13:45:00,40.84504,-73.87148,1,0,Following Too Closely,4447852,26.6,19.9,0.0,0.0,0.0,0.0,3,17.7,33.8,121,Overcast,1,1,
73444,2021-08-16 01:30:00,40.683613,-73.86639,0,0,Unspecified,4447784,26.6,19.9,0.0,0.0,0.0,0.0,3,17.7,33.8,121,Overcast,0,0,
73445,2021-08-16 01:40:00,40.807762,-73.96544,0,0,Unspecified,4447554,26.6,19.9,0.0,0.0,0.0,0.0,3,17.7,33.8,121,Overcast,0,0,
73446,2021-08-16 00:00:00,40.669228,-73.8962,0,0,Passenger Distraction,4447419,26.6,19.9,0.0,0.0,0.0,0.0,3,17.7,33.8,121,Overcast,0,0,
73447,2021-08-16 21:16:00,40.644196,-73.91295,1,0,Traffic Control Disregarded,4447677,26.6,19.9,0.0,0.0,0.0,0.0,3,17.7,33.8,121,Overcast,1,1,
73448,2021-08-04 13:30:00,40.801296,-73.96564,0,0,Passing Too Closely,4448272,24.3,17.5,0.1,0.1,0.0,1.0,51,13.7,27.4,57,Drizzle: Light,0,0,
73449,2021-08-16 22:23:00,40.826675,-73.90023,4,0,Driver Inattention/Distraction,4447753,26.6,19.9,0.0,0.0,0.0,0.0,3,17.7,33.8,121,Overcast,4,4,
73450,2021-08-16 12:00:00,40.6407,-73.91874,0,0,Driver Inattention/Distraction,4447654,26.6,19.9,0.0,0.0,0.0,0.0,3,17.7,33.8,121,Overcast,0,0,
73451,2021-07-30 12:07:00,40.894867,-73.88217,1,0,Unspecified,4448142,27.6,19.1,0.0,0.0,0.0,0.0,1,24.2,45.7,310,Mainly clear,1,1,Sunny/Clear Conditions
73452,2021-07-22 17:04:00,40.88271,-73.9158,1,0,Fatigued/Drowsy,4448160,26.7,17.5,0.0,0.0,0.0,0.0,3,15.3,28.4,327,Overcast,1,1,
73453,2021-08-16 17:35:00,40.703934,-73.959854,1,0,Following Too Closely,4448038,26.6,19.9,0.0,0.0,0.0,0.0,3,17.7,33.8,121,Overcast,1,1,
73454,2021-08-13 06:30:00,40.772606,-73.909004,0,0,Unspecified,4448219,33.2,24.8,0.0,0.0,0.0,0.0,3,18.2,34.9,215,Overcast,0,0,
73455,2021-08-16 12:45:00,40.71789,-74.000885,1,0,Backing Unsafely,4447691,26.6,19.9,0.0,0.0,0.0,0.0,3,17.7,33.8,121,Overcast,1,1,
73456,2021-08-16 06:00:00,40.581745,-73.95382,0,0,Unspecified,4448066,26.6,19.9,0.0,0.0,0.0,0.0,3,17.7,33.8,121,Overcast,0,0,
73457,2021-08-16 23:05:00,40.688553,-73.91245,0,0,Failure to Yield Right-of-Way,4447805,26.6,19.9,0.0,0.0,0.0,0.0,3,17.7,33.8,121,Overcast,0,0,
73458,2021-08-13 14:32:00,40.70059,-73.89696,0,0,Unspecified,4448293,33.2,24.8,0.0,0.0,0.0,0.0,3,18.2,34.9,215,Overcast,0,0,
73459,2021-08-09 15:34:00,40.693172,-73.97086,0,0,Driver Inattention/Distraction,4448336,26.2,20.1,1.1,1.1,0.0,7.0,51,17.3,34.6,36,Drizzle: Light,0,0,
73460,2021-08-16 10:30:00,40.69141,-73.72668,0,0,Unspecified,4447606,26.6,19.9,0.0,0.0,0.0,0.0,3,17.7,33.8,121,Overcast,0,0,
73461,2021-08-16 21:17:00,40.58034,-74.092545,0,0,Backing Unsafely,4447848,26.6,19.9,0.0,0.0,0.0,0.0,3,17.7,33.8,121,Overcast,0,0,
73462,2021-08-16 23:15:00,40.869583,-73.86043,0,0,Driver Inexperience,4448198,26.6,19.9,0.0,0.0,0.0,0.0,3,17.7,33.8,121,Overcast,0,0,
73463,2021-08-16 16:43:00,40.69958,-73.9278,0,0,Backing Unsafely,4447797,26.6,19.9,0.0,0.0,0.0,0.0,3,17.7,33.8,121,Overcast,0,0,
73464,2021-08-16 13:55:00,40.791466,-73.97411,0,0,Turning Improperly,4447641,26.6,19.9,0.0,0.0,0.0,0.0,3,17.7,33.8,121,Overcast,0,0,
73465,2021-08-16 07:00:00,40.820606,-73.9116,0,0,Unspecified,4447542,26.6,19.9,0.0,0.0,0.0,0.0,3,17.7,33.8,121,Overcast,0,0,
73466,2021-08-14 11:28:00,40.759365,-73.914276,2,0,Aggressive Driving/Road Rage,4448222,31.3,24.2,2.5,2.5,0.0,5.0,55,16.9,32.8,286,Drizzle: Dense,2,2,
73467,2021-08-08 08:00:00,40.842377,-73.871635,0,0,Alcohol Involvement,4448304,22.9,19.4,12.7,12.7,0.0,17.0,63,19.9,36.0,38,Rain: Moderate,0,0,
73468,2021-08-16 16:50:00,40.64001,-74.0863,0,0,Unspecified,4448375,26.6,19.9,0.0,0.0,0.0,0.0,3,17.7,33.8,121,Overcast,0,0,
73469,2021-08-16 18:10:00,40.739395,-73.87792,0,0,Driver Inattention/Distraction,4447731,26.6,19.9,0.0,0.0,0.0,0.0,3,17.7,33.8,121,Overcast,0,0,
73470,2021-08-05 21:40:00,40.877705,-73.90566,0,0,Unspecified,4448146,27.1,17.4,0.1,0.1,0.0,1.0,51,13.2,27.0,5,Drizzle: Light,0,0,
73471,2021-08-08 20:55:00,40.87262,-73.904686,1,0,,4448149,22.9,19.4,12.7,12.7,0.0,17.0,63,19.9,36.0,38,Rain: Moderate,1,1,
73472,2021-08-16 00:05:00,40.62417,-73.97048,1,0,Alcohol Involvement,4447372,26.6,19.9,0.0,0.0,0.0,0.0,3,17.7,33.8,121,Overcast,1,1,
73473,2021-08-15 18:35:00,40.841618,-73.912476,2,0,Unsafe Speed,4448280,27.9,20.0,0.0,0.0,0.0,0.0,3,16.6,33.1,25,Overcast,2,2,
73474,2021-08-16 11:15:00,40.84362,-73.923706,1,0,Unspecified,4447764,26.6,19.9,0.0,0.0,0.0,0.0,3,17.7,33.8,121,Overcast,1,1,
73475,2021-08-16 18:20:00,40.847862,-73.89923,0,0,Backing Unsafely,4447780,26.6,19.9,0.0,0.0,0.0,0.0,3,17.7,33.8,121,Overcast,0,0,
73476,2021-08-10 20:28:00,40.69297,-73.78024,0,0,Following Too Closely,4448215,27.3,20.4,3.8,3.8,0.0,11.0,61,18.0,36.0,170,Rain: Light,0,0,
73477,2021-08-16 15:27:00,40.670887,-73.93649,1,0,Following Too Closely,4447683,26.6,19.9,0.0,0.0,0.0,0.0,3,17.7,33.8,121,Overcast,1,1,
73478,2021-08-16 11:50:00,40.638824,-74.02273,0,0,Unspecified,4447995,26.6,19.9,0.0,0.0,0.0,0.0,3,17.7,33.8,121,Overcast,0,0,
73479,2021-08-16 22:51:00,40.68514,-73.8301,0,0,Passing or Lane Usage Improper,4447713,26.6,19.9,0.0,0.0,0.0,0.0,3,17.7,33.8,121,Overcast,0,0,
73480,2021-08-16 16:22:00,40.648037,-73.95164,0,0,Driver Inexperience,4448387,26.6,19.9,0.0,0.0,0.0,0.0,3,17.7,33.8,121,Overcast,0,0,
73481,2021-08-16 19:00:00,40.825947,-73.94528,1,0,Failure to Yield Right-of-Way,4447773,26.6,19.9,0.0,0.0,0.0,0.0,3,17.7,33.8,121,Overcast,1,1,
73482,2021-08-16 09:48:00,40.766434,-73.83767,1,0,Failure to Yield Right-of-Way,4447634,26.6,19.9,0.0,0.0,0.0,0.0,3,17.7,33.8,121,Overcast,1,1,
73483,2021-08-16 07:45:00,40.84029,-73.867386,0,0,Backing Unsafely,4447490,26.6,19.9,0.0,0.0,0.0,0.0,3,17.7,33.8,121,Overcast,0,0,
73484,2021-08-16 04:50:00,40.79672,-73.97618,0,0,Turning Improperly,4447828,26.6,19.9,0.0,0.0,0.0,0.0,3,17.7,33.8,121,Overcast,0,0,
73485,2021-08-16 16:20:00,40.636,-73.93741,0,0,Failure to Yield Right-of-Way,4448011,26.6,19.9,0.0,0.0,0.0,0.0,3,17.7,33.8,121,Overcast,0,0,
73486,2021-08-16 16:15:00,40.673847,-74.01025,0,0,Passing Too Closely,4447669,26.6,19.9,0.0,0.0,0.0,0.0,3,17.7,33.8,121,Overcast,0,0,
73487,2021-08-16 13:03:00,40.76018,-73.8012,1,0,Failure to Yield Right-of-Way,4447864,26.6,19.9,0.0,0.0,0.0,0.0,3,17.7,33.8,121,Overcast,1,1,
73488,2021-07-29 10:59:00,40.742756,-74.00035,1,0,Passing or Lane Usage Improper,4448229,25.3,20.4,33.0,33.0,0.0,11.0,65,26.1,50.8,182,Rain: Heavy,1,1,
73489,2021-08-16 18:30:00,40.759922,-73.859276,0,0,Driver Inattention/Distraction,4447736,26.6,19.9,0.0,0.0,0.0,0.0,3,17.7,33.8,121,Overcast,0,0,
73490,2021-08-10 13:30:00,40.88757,-73.90627,0,0,Unspecified,4448189,27.3,20.4,3.8,3.8,0.0,11.0,61,18.0,36.0,170,Rain: Light,0,0,
73491,2021-08-14 16:58:00,40.70725,-73.958466,0,0,Driver Inattention/Distraction,4448131,31.3,24.2,2.5,2.5,0.0,5.0,55,16.9,32.8,286,Drizzle: Dense,0,0,
73492,2021-08-10 15:10:00,40.61242,-74.09936,0,0,Driver Inattention/Distraction,4448371,27.3,20.4,3.8,3.8,0.0,11.0,61,18.0,36.0,170,Rain: Light,0,0,
73493,2021-08-13 21:00:00,40.647903,-74.007416,0,0,Following Too Closely,4448410,33.2,24.8,0.0,0.0,0.0,0.0,3,18.2,34.9,215,Overcast,0,0,
73494,2021-08-16 23:50:00,40.66336,-73.95975,0,0,View Obstructed/Limited,4447693,26.6,19.9,0.0,0.0,0.0,0.0,3,17.7,33.8,121,Overcast,0,0,
73495,2021-08-16 12:30:00,40.708637,-73.90412,0,0,Driver Inattention/Distraction,4448320,26.6,19.9,0.0,0.0,0.0,0.0,3,17.7,33.8,121,Overcast,0,0,
73496,2021-08-16 09:54:00,40.84525,-73.91499,0,0,Driver Inattention/Distraction,4448094,26.6,19.9,0.0,0.0,0.0,0.0,3,17.7,33.8,121,Overcast,0,0,
73497,2021-08-15 22:30:00,40.809086,-73.94859,1,0,Driver Inattention/Distraction,4448119,27.9,20.0,0.0,0.0,0.0,0.0,3,16.6,33.1,25,Overcast,1,1,
73498,2021-08-16 02:00:00,40.844955,-73.89706,0,0,Passing Too Closely,4448139,26.6,19.9,0.0,0.0,0.0,0.0,3,17.7,33.8,121,Overcast,0,0,
73499,2021-08-16 16:46:00,40.818558,-73.92732,1,0,Failure to Yield Right-of-Way,4447719,26.6,19.9,0.0,0.0,0.0,0.0,3,17.7,33.8,121,Overcast,1,1,
73500,2021-11-02 22:30:00,40.70293,-73.78518,0,0,Driver Inattention/Distraction,4474112,11.4,7.0,0.6,0.6,0.0,4.0,51,14.1,28.1,271,Drizzle: Light,0,0,
73501,2021-10-19 09:35:00,40.7002206,-73.9863892,0,0,Unspecified,4468831,19.1,8.3,0.0,0.0,0.0,0.0,1,24.6,45.0,272,Mainly clear,0,0,Sunny/Clear Conditions
73502,2021-11-02 06:02:00,40.833965,-73.8629,0,0,Driver Inattention/Distraction,4473265,11.4,7.0,0.6,0.6,0.0,4.0,51,14.1,28.1,271,Drizzle: Light,0,0,
73503,2021-10-16 00:00:00,40.7816933,-73.8405039,0,0,Passing or Lane Usage Improper,4467575,24.3,15.0,17.5,17.5,0.0,9.0,63,25.7,46.4,195,Rain: Moderate,0,0,
73504,2021-10-24 08:10:00,40.587609,-73.8989061,0,0,Steering Failure,4470598,15.5,7.6,0.7,0.7,0.0,1.0,53,13.0,23.8,248,Drizzle: Moderate,0,0,
73505,2021-10-19 08:40:00,40.7165076,-73.9839205,0,0,Driver Inattention/Distraction,4469577,19.1,8.3,0.0,0.0,0.0,0.0,1,24.6,45.0,272,Mainly clear,0,0,Sunny/Clear Conditions
73506,2021-11-02 16:30:00,40.800507,-73.96798,0,0,Backing Unsafely,4473537,11.4,7.0,0.6,0.6,0.0,4.0,51,14.1,28.1,271,Drizzle: Light,0,0,
73507,2021-10-19 18:16:00,40.7415864,-73.7161116,1,0,Lost Consciousness,4468966,19.1,8.3,0.0,0.0,0.0,0.0,1,24.6,45.0,272,Mainly clear,1,1,Sunny/Clear Conditions
73508,2021-10-21 08:30:00,40.5777434,-73.9560638,0,0,Reaction to Uninvolved Vehicle,4469481,22.9,12.0,0.0,0.0,0.0,0.0,3,17.0,31.7,207,Overcast,0,0,
73509,2021-10-13 22:28:00,40.6375042,-73.9141748,1,0,Unspecified,4467097,21.7,14.8,0.1,0.1,0.0,1.0,51,12.2,23.0,200,Drizzle: Light,1,1,
73510,2021-10-11 00:02:00,40.6770266,-73.952678,0,0,Passing or Lane Usage Improper,4466784,21.7,16.3,0.0,0.0,0.0,0.0,3,25.7,49.7,41,Overcast,0,0,
73511,2021-10-24 20:00:00,40.7779566,-73.921995,0,0,Unspecified,4470685,15.5,7.6,0.7,0.7,0.0,1.0,53,13.0,23.8,248,Drizzle: Moderate,0,0,
73512,2021-10-22 09:20:00,40.7379605,-73.9358768,2,0,Driver Inattention/Distraction,4470467,20.3,14.4,0.0,0.0,0.0,0.0,3,18.1,31.3,267,Overcast,2,2,
73513,2021-10-12 14:31:00,40.8574841,-73.9096686,0,0,Unsafe Speed,4467399,21.6,15.2,0.0,0.0,0.0,0.0,3,11.8,23.8,81,Overcast,0,0,
73514,2021-10-16 22:50:00,40.6048471,-73.7576755,0,0,Unspecified,4469331,24.3,15.0,17.5,17.5,0.0,9.0,63,25.7,46.4,195,Rain: Moderate,0,0,
73515,2021-10-13 10:25:00,40.7166421,-74.0004734,0,0,Driver Inattention/Distraction,4468309,21.7,14.8,0.1,0.1,0.0,1.0,51,12.2,23.0,200,Drizzle: Light,0,0,
73516,2021-11-02 16:40:00,40.71212,-73.94401,1,0,Unspecified,4473462,11.4,7.0,0.6,0.6,0.0,4.0,51,14.1,28.1,271,Drizzle: Light,1,1,
73517,2021-10-11 16:25:00,40.6265698,-73.9709207,1,0,Unspecified,4467045,21.7,16.3,0.0,0.0,0.0,0.0,3,25.7,49.7,41,Overcast,1,1,
73518,2021-10-18 01:21:00,40.7194398,-73.9633851,0,0,Backing Unsafely,4468337,15.8,9.2,0.0,0.0,0.0,0.0,2,32.4,58.3,296,Partly cloudy,0,0,
73519,2021-10-13 06:15:00,40.692317,-73.8826776,0,0,Fell Asleep,4467984,21.7,14.8,0.1,0.1,0.0,1.0,51,12.2,23.0,200,Drizzle: Light,0,0,
73520,2021-10-19 13:22:00,40.7534749,-73.9925287,1,0,Passing or Lane Usage Improper,4469015,19.1,8.3,0.0,0.0,0.0,0.0,1,24.6,45.0,272,Mainly clear,1,1,Sunny/Clear Conditions
73521,2021-10-16 15:35:00,40.8215981,-73.8978629,0,0,Unspecified,4468298,24.3,15.0,17.5,17.5,0.0,9.0,63,25.7,46.4,195,Rain: Moderate,0,0,
73522,2021-10-15 16:00:00,40.696197,-73.9887629,0,0,Driver Inattention/Distraction,4467543,25.0,14.5,0.0,0.0,0.0,0.0,3,16.8,28.4,182,Overcast,0,0,
73523,2021-10-18 00:50:00,40.8559197,-73.9171897,0,0,Passing Too Closely,4468352,15.8,9.2,0.0,0.0,0.0,0.0,2,32.4,58.3,296,Partly cloudy,0,0,
73524,2021-10-21 00:15:00,40.6879623,-73.9419322,0,0,Driver Inattention/Distraction,4470369,22.9,12.0,0.0,0.0,0.0,0.0,3,17.0,31.7,207,Overcast,0,0,
73525,2021-10-16 07:40:00,40.6925273,-73.7909536,0,0,Illnes,4469166,24.3,15.0,17.5,17.5,0.0,9.0,63,25.7,46.4,195,Rain: Moderate,0,0,
73526,2021-10-20 15:04:00,40.8361093,-73.9223713,0,0,Passing or Lane Usage Improper,4469530,24.1,13.8,0.0,0.0,0.0,0.0,3,21.6,37.1,276,Overcast,0,0,
73527,2021-10-15 17:30:00,40.6289877,-74.13666,0,0,Driver Inattention/Distraction,4467593,25.0,14.5,0.0,0.0,0.0,0.0,3,16.8,28.4,182,Overcast,0,0,
73528,2022-04-13 13:48:00,40.80087,-73.94098,0,0,Driver Inattention/Distraction,4518685,18.9,7.1,0.0,0.0,0.0,0.0,3,18.7,37.4,112,Overcast,0,0,
73529,2021-10-14 08:15:00,40.6436048,-73.9942418,0,0,Passing Too Closely,4467773,25.0,15.4,0.0,0.0,0.0,0.0,3,15.4,29.9,328,Overcast,0,0,
73530,2021-10-23 18:35:00,40.7416425,-73.9974342,0,0,Oversized Vehicle,4470827,15.9,10.4,0.2,0.2,0.0,2.0,51,14.4,26.6,326,Drizzle: Light,0,0,
73531,2021-10-24 03:30:00,40.7154563,-73.7617303,0,0,Driver Inattention/Distraction,4470575,15.5,7.6,0.7,0.7,0.0,1.0,53,13.0,23.8,248,Drizzle: Moderate,0,0,
73532,2021-10-14 14:40:00,40.799255,-73.9390504,1,0,Driver Inattention/Distraction,4468725,25.0,15.4,0.0,0.0,0.0,0.0,3,15.4,29.9,328,Overcast,1,1,
73533,2021-10-18 22:21:00,40.6701245,-73.9552712,0,0,Unsafe Lane Changing,4470354,15.8,9.2,0.0,0.0,0.0,0.0,2,32.4,58.3,296,Partly cloudy,0,0,
73534,2021-10-16 16:00:00,40.6660187,-73.8963168,0,0,Driver Inattention/Distraction,4468168,24.3,15.0,17.5,17.5,0.0,9.0,63,25.7,46.4,195,Rain: Moderate,0,0,
73535,2021-10-19 19:45:00,40.7628577,-73.888589,1,0,Driver Inattention/Distraction,4468896,19.1,8.3,0.0,0.0,0.0,0.0,1,24.6,45.0,272,Mainly clear,1,1,Sunny/Clear Conditions