,CRASH DATETIME,LATITUDE,LONGITUDE,NUMBER OF PERSONS INJURED,NUMBER OF PERSONS KILLED,CONTRIBUTING FACTOR VEHICLE 1,COLLISION_ID,temperature_2m_max,temperature_2m_min,precipitation_sum,rain_sum,snowfall_sum,precipitation_hours,weather_code,wind_speed_10m_max,wind_gusts_10m_max,wind_direction_10m_dominant,Weather Description,Severity_Score,Total_Affected_Persons,Weather_Category
73536,2021-10-15 16:00:00,40.655593,-73.9471574,0,0,Failure to Yield Right-of-Way,4467822,25.0,14.5,0.0,0.0,0.0,0.0,3,16.8,28.4,182,Overcast,0,0,
73537,2021-11-02 13:35:00,40.79273,-73.9771,0,0,Alcohol Involvement,4473412,11.4,7.0,0.6,0.6,0.0,4.0,51,14.1,28.1,271,Drizzle: Light,0,0,
73538,2021-10-12 21:45:00,40.755207,-73.9853842,1,0,Following Too Closely,4466785,21.6,15.2,0.0,0.0,0.0,0.0,3,11.8,23.8,81,Overcast,1,1,
73539,2021-10-24 15:18:00,40.8079622,-73.9377838,0,0,Driver Inattention/Distraction,4470731,15.5,7.6,0.7,0.7,0.0,1.0,53,13.0,23.8,248,Drizzle: Moderate,0,0,
73540,2021-10-19 15:09:00,40.7370168,-73.8724269,1,0,Driver Inattention/Distraction,4469005,19.1,8.3,0.0,0.0,0.0,0.0,1,24.6,45.0,272,Mainly clear,1,1,Sunny/Clear Conditions
73541,2021-10-22 21:21:00,40.6082728,-73.9436294,5,0,Driver Inattention/Distraction,4469975,20.3,14.4,0.0,0.0,0.0,0.0,3,18.1,31.3,267,Overcast,5,5,
73542,2021-10-20 10:57:00,40.6781158,-73.9217116,1,0,Failure to Yield Right-of-Way,4470384,24.1,13.8,0.0,0.0,0.0,0.0,3,21.6,37.1,276,Overcast,1,1,
73543,2021-10-17 21:24:00,40.6561603,-73.7673526,1,0,Traffic Control Disregarded,4469258,17.3,11.1,0.2,0.2,0.0,2.0,51,23.9,43.9,293,Drizzle: Light,1,1,
73544,2021-09-04 22:35:00,40.8157322,-73.94542,3,0,Driver Inattention/Distraction,4454158,25.2,14.5,0.0,0.0,0.0,0.0,3,15.4,27.0,289,Overcast,3,3,
73545,2021-10-12 23:29:00,40.8278228,-73.8857955,0,0,Unspecified,4466697,21.6,15.2,0.0,0.0,0.0,0.0,3,11.8,23.8,81,Overcast,0,0,
73546,2021-10-21 23:30:00,40.7037702,-73.8052116,1,0,Lost Consciousness,4469835,22.9,12.0,0.0,0.0,0.0,0.0,3,17.0,31.7,207,Overcast,1,1,
73547,2021-10-14 08:30:00,40.6040288,-73.952294,0,0,Unspecified,4467092,25.0,15.4,0.0,0.0,0.0,0.0,3,15.4,29.9,328,Overcast,0,0,
73548,2021-10-17 02:15:00,40.700105,-73.9472483,1,0,Following Too Closely,4467852,17.3,11.1,0.2,0.2,0.0,2.0,51,23.9,43.9,293,Drizzle: Light,1,1,
73549,2021-10-22 21:12:00,40.7553303,-73.9911785,0,0,Unsafe Speed,4470867,20.3,14.4,0.0,0.0,0.0,0.0,3,18.1,31.3,267,Overcast,0,0,
73550,2021-10-19 19:00:00,40.7728636,-73.9577091,0,0,Driver Inattention/Distraction,4468914,19.1,8.3,0.0,0.0,0.0,0.0,1,24.6,45.0,272,Mainly clear,0,0,Sunny/Clear Conditions
73551,2021-10-22 15:00:00,40.6596829,-73.8402985,0,0,Failure to Yield Right-of-Way,4470435,20.3,14.4,0.0,0.0,0.0,0.0,3,18.1,31.3,267,Overcast,0,0,
73552,2021-10-18 15:00:00,40.6306325,-73.975686,0,0,Unspecified,4468859,15.8,9.2,0.0,0.0,0.0,0.0,2,32.4,58.3,296,Partly cloudy,0,0,
73553,2021-10-20 19:30:00,40.5419939,-74.1616908,0,0,Driver Inattention/Distraction,4469938,24.1,13.8,0.0,0.0,0.0,0.0,3,21.6,37.1,276,Overcast,0,0,
73554,2022-04-13 03:06:00,40.670277,-73.92542,1,0,Driver Inattention/Distraction,4519608,18.9,7.1,0.0,0.0,0.0,0.0,3,18.7,37.4,112,Overcast,1,1,
73555,2021-10-20 10:38:00,40.8869777,-73.8252966,0,0,Oversized Vehicle,4469199,24.1,13.8,0.0,0.0,0.0,0.0,3,21.6,37.1,276,Overcast,0,0,
73556,2021-09-29 11:00:00,40.7215866,-73.9745136,0,0,Driver Inattention/Distraction,4462490,19.9,11.3,0.0,0.0,0.0,0.0,3,20.6,41.8,331,Overcast,0,0,
73557,2021-10-23 09:57:00,40.5994981,-74.1657062,0,0,Unspecified,4470064,15.9,10.4,0.2,0.2,0.0,2.0,51,14.4,26.6,326,Drizzle: Light,0,0,
73558,2021-10-17 22:55:00,40.7202548,-74.0070898,0,0,Reaction to Uninvolved Vehicle,4468431,17.3,11.1,0.2,0.2,0.0,2.0,51,23.9,43.9,293,Drizzle: Light,0,0,
73559,2021-10-13 22:30:00,40.7673257,-73.9298558,0,0,Driver Inattention/Distraction,4470140,21.7,14.8,0.1,0.1,0.0,1.0,51,12.2,23.0,200,Drizzle: Light,0,0,
73560,2021-10-16 19:13:00,40.7680332,-73.9958483,1,0,Driver Inattention/Distraction,4467741,24.3,15.0,17.5,17.5,0.0,9.0,63,25.7,46.4,195,Rain: Moderate,1,1,
73561,2021-10-19 08:00:00,40.6630685,-73.8692135,1,0,Unspecified,4469243,19.1,8.3,0.0,0.0,0.0,0.0,1,24.6,45.0,272,Mainly clear,1,1,Sunny/Clear Conditions
73562,2021-10-20 08:00:00,40.8038293,-73.942102,0,0,Driver Inattention/Distraction,4469126,24.1,13.8,0.0,0.0,0.0,0.0,3,21.6,37.1,276,Overcast,0,0,
73563,2021-10-20 00:14:00,40.7426091,-73.8937653,1,0,Driver Inattention/Distraction,4468956,24.1,13.8,0.0,0.0,0.0,0.0,3,21.6,37.1,276,Overcast,1,1,
73564,2021-10-21 14:00:00,40.7105932,-73.9547354,0,0,Passing or Lane Usage Improper,4469649,22.9,12.0,0.0,0.0,0.0,0.0,3,17.0,31.7,207,Overcast,0,0,
73565,2021-10-13 09:30:00,40.6383544,-73.9066621,0,0,Unspecified,4469446,21.7,14.8,0.1,0.1,0.0,1.0,51,12.2,23.0,200,Drizzle: Light,0,0,
73566,2021-10-22 14:58:00,40.6517812,-73.8274658,1,0,Aggressive Driving/Road Rage,4470542,20.3,14.4,0.0,0.0,0.0,0.0,3,18.1,31.3,267,Overcast,1,1,
73567,2021-10-13 10:00:00,40.6982205,-73.94395,0,0,Passing or Lane Usage Improper,4468931,21.7,14.8,0.1,0.1,0.0,1.0,51,12.2,23.0,200,Drizzle: Light,0,0,
73568,2021-10-22 21:50:00,40.6349473,-73.932499,0,0,Unspecified,4470275,20.3,14.4,0.0,0.0,0.0,0.0,3,18.1,31.3,267,Overcast,0,0,
73569,2021-10-15 18:08:00,40.821441,-73.8517499,1,0,Unspecified,4467489,25.0,14.5,0.0,0.0,0.0,0.0,3,16.8,28.4,182,Overcast,1,1,
73570,2021-10-15 08:30:00,40.840292,-73.9143504,0,0,Passing Too Closely,4468249,25.0,14.5,0.0,0.0,0.0,0.0,3,16.8,28.4,182,Overcast,0,0,
73571,2021-10-22 11:49:00,40.7175995,-73.9983936,0,0,Unspecified,4470243,20.3,14.4,0.0,0.0,0.0,0.0,3,18.1,31.3,267,Overcast,0,0,
73572,2021-10-21 08:38:00,40.8510903,-73.8482138,0,0,Driver Inattention/Distraction,4469869,22.9,12.0,0.0,0.0,0.0,0.0,3,17.0,31.7,207,Overcast,0,0,
73573,2021-10-16 17:50:00,40.7343762,-73.8734167,0,0,Driver Inattention/Distraction,4468021,24.3,15.0,17.5,17.5,0.0,9.0,63,25.7,46.4,195,Rain: Moderate,0,0,
73574,2021-10-19 19:00:00,40.750379,-73.8729059,0,0,Driver Inattention/Distraction,4469221,19.1,8.3,0.0,0.0,0.0,0.0,1,24.6,45.0,272,Mainly clear,0,0,Sunny/Clear Conditions
73575,2021-10-15 11:15:00,40.847028,-73.8980624,1,0,Failure to Yield Right-of-Way,4467357,25.0,14.5,0.0,0.0,0.0,0.0,3,16.8,28.4,182,Overcast,1,1,
73576,2021-10-16 20:00:00,40.8254564,-73.8495297,0,0,Unspecified,4468117,24.3,15.0,17.5,17.5,0.0,9.0,63,25.7,46.4,195,Rain: Moderate,0,0,
73577,2021-10-22 16:00:00,40.7370616,-73.9926284,1,0,Following Too Closely,4470154,20.3,14.4,0.0,0.0,0.0,0.0,3,18.1,31.3,267,Overcast,1,1,
73578,2021-10-14 15:05:00,40.8827003,-73.8244349,0,0,Driver Inattention/Distraction,4467225,25.0,15.4,0.0,0.0,0.0,0.0,3,15.4,29.9,328,Overcast,0,0,
73579,2021-10-21 08:00:00,40.6208652,-73.9349879,0,0,Driver Inattention/Distraction,4469518,22.9,12.0,0.0,0.0,0.0,0.0,3,17.0,31.7,207,Overcast,0,0,
73580,2021-10-16 12:00:00,40.8164085,-73.9157251,0,0,Unspecified,4467718,24.3,15.0,17.5,17.5,0.0,9.0,63,25.7,46.4,195,Rain: Moderate,0,0,
73581,2021-10-15 15:50:00,40.7695247,-73.9352255,1,0,Driver Inattention/Distraction,4468232,25.0,14.5,0.0,0.0,0.0,0.0,3,16.8,28.4,182,Overcast,1,1,
73582,2021-10-04 16:30:00,40.7799246,-73.9806751,0,0,Backing Unsafely,4468881,20.6,16.4,21.8,21.8,0.0,17.0,63,20.8,42.8,61,Rain: Moderate,0,0,
73583,2021-10-24 12:00:00,40.7059842,-73.8274891,0,0,Passing or Lane Usage Improper,4470462,15.5,7.6,0.7,0.7,0.0,1.0,53,13.0,23.8,248,Drizzle: Moderate,0,0,
73584,2021-10-18 14:00:00,40.7491627,-73.889904,1,0,Driver Inattention/Distraction,4469965,15.8,9.2,0.0,0.0,0.0,0.0,2,32.4,58.3,296,Partly cloudy,1,1,
73585,2021-10-23 20:28:00,40.7463477,-73.8723835,0,0,Unspecified,4470403,15.9,10.4,0.2,0.2,0.0,2.0,51,14.4,26.6,326,Drizzle: Light,0,0,
73586,2021-10-13 16:00:00,40.8353741,-73.8845965,0,0,Unspecified,4466860,21.7,14.8,0.1,0.1,0.0,1.0,51,12.2,23.0,200,Drizzle: Light,0,0,
73587,2021-10-21 16:27:00,40.6252821,-73.9604671,1,0,Driver Inattention/Distraction,4470167,22.9,12.0,0.0,0.0,0.0,0.0,3,17.0,31.7,207,Overcast,1,1,
73588,2021-10-23 10:00:00,40.6807671,-73.9067208,0,0,Driver Inexperience,4470196,15.9,10.4,0.2,0.2,0.0,2.0,51,14.4,26.6,326,Drizzle: Light,0,0,
73589,2021-10-13 12:55:00,40.7360047,-73.9936167,1,0,Driver Inattention/Distraction,4467928,21.7,14.8,0.1,0.1,0.0,1.0,51,12.2,23.0,200,Drizzle: Light,1,1,
73590,2021-10-15 20:30:00,40.8757563,-73.8357185,0,0,Unsafe Speed,4467521,25.0,14.5,0.0,0.0,0.0,0.0,3,16.8,28.4,182,Overcast,0,0,
73591,2021-11-02 19:57:00,40.60739,-73.943214,1,0,Failure to Yield Right-of-Way,4473481,11.4,7.0,0.6,0.6,0.0,4.0,51,14.1,28.1,271,Drizzle: Light,1,1,
73592,2021-10-17 15:45:00,40.6640184,-73.7685904,0,0,Driver Inattention/Distraction,4468077,17.3,11.1,0.2,0.2,0.0,2.0,51,23.9,43.9,293,Drizzle: Light,0,0,
73593,2021-10-14 11:30:00,40.5167629,-74.2425751,0,0,Driver Inattention/Distraction,4467130,25.0,15.4,0.0,0.0,0.0,0.0,3,15.4,29.9,328,Overcast,0,0,
73594,2021-10-18 07:15:00,40.6657507,-73.9792267,0,0,Unsafe Lane Changing,4468688,15.8,9.2,0.0,0.0,0.0,0.0,2,32.4,58.3,296,Partly cloudy,0,0,
73595,2021-10-22 23:10:00,40.7414135,-73.9833603,1,0,Unsafe Speed,4470308,20.3,14.4,0.0,0.0,0.0,0.0,3,18.1,31.3,267,Overcast,1,1,
73596,2021-10-13 05:30:00,40.5824479,-73.9559203,0,0,Driver Inattention/Distraction,4466679,21.7,14.8,0.1,0.1,0.0,1.0,51,12.2,23.0,200,Drizzle: Light,0,0,
73597,2021-10-18 20:25:00,40.8823937,-73.8362192,0,0,Passing or Lane Usage Improper,4468799,15.8,9.2,0.0,0.0,0.0,0.0,2,32.4,58.3,296,Partly cloudy,0,0,
73598,2021-10-15 12:05:00,40.6048025,-73.9667959,1,0,Driver Inattention/Distraction,4467389,25.0,14.5,0.0,0.0,0.0,0.0,3,16.8,28.4,182,Overcast,1,1,
73599,2021-10-22 16:53:00,40.6586744,-73.9001884,1,0,Unspecified,4470186,20.3,14.4,0.0,0.0,0.0,0.0,3,18.1,31.3,267,Overcast,1,1,
73600,2021-10-24 05:15:00,40.7250834,-73.9953279,1,0,Driver Inattention/Distraction,4470211,15.5,7.6,0.7,0.7,0.0,1.0,53,13.0,23.8,248,Drizzle: Moderate,1,1,
73601,2021-10-03 06:14:00,40.8345335,-73.9042077,0,0,Alcohol Involvement,4468666,25.9,12.8,0.0,0.0,0.0,0.0,3,12.0,24.1,217,Overcast,0,0,
73602,2021-10-19 11:00:00,40.5828488,-73.9745687,1,0,Lost Consciousness,4469194,19.1,8.3,0.0,0.0,0.0,0.0,1,24.6,45.0,272,Mainly clear,1,1,Sunny/Clear Conditions
73603,2021-10-12 23:35:00,40.716646,-73.9958083,0,0,Unsafe Lane Changing,4466907,21.6,15.2,0.0,0.0,0.0,0.0,3,11.8,23.8,81,Overcast,0,0,
73604,2021-10-20 08:14:00,40.7583179,-73.9106838,1,0,Passenger Distraction,4469115,24.1,13.8,0.0,0.0,0.0,0.0,3,21.6,37.1,276,Overcast,1,1,
73605,2021-10-21 17:30:00,40.862832,-73.8980382,0,0,Unsafe Lane Changing,4469865,22.9,12.0,0.0,0.0,0.0,0.0,3,17.0,31.7,207,Overcast,0,0,
73606,2021-10-13 17:52:00,40.7193016,-73.9754606,0,0,Following Too Closely,4467608,21.7,14.8,0.1,0.1,0.0,1.0,51,12.2,23.0,200,Drizzle: Light,0,0,
73607,2021-10-22 07:31:00,40.8798233,-73.8672671,0,0,Driver Inattention/Distraction,4469771,20.3,14.4,0.0,0.0,0.0,0.0,3,18.1,31.3,267,Overcast,0,0,
73608,2021-10-12 16:30:00,40.878545,-73.8338037,2,0,Illnes,4466599,21.6,15.2,0.0,0.0,0.0,0.0,3,11.8,23.8,81,Overcast,2,2,
73609,2021-10-15 17:55:00,40.6967411,-73.7629123,0,0,Backing Unsafely,4468181,25.0,14.5,0.0,0.0,0.0,0.0,3,16.8,28.4,182,Overcast,0,0,
73610,2021-10-16 14:12:00,40.8805075,-73.8859509,0,0,Turning Improperly,4468396,24.3,15.0,17.5,17.5,0.0,9.0,63,25.7,46.4,195,Rain: Moderate,0,0,
73611,2021-10-19 14:51:00,40.8833828,-73.9023336,0,0,Unspecified,4469732,19.1,8.3,0.0,0.0,0.0,0.0,1,24.6,45.0,272,Mainly clear,0,0,Sunny/Clear Conditions
73612,2021-10-15 19:18:00,40.8129629,-73.9242618,3,0,Driver Inattention/Distraction,4468681,25.0,14.5,0.0,0.0,0.0,0.0,3,16.8,28.4,182,Overcast,3,3,
73613,2021-10-22 03:22:00,40.8606413,-73.9307696,4,0,Traffic Control Disregarded,4470856,20.3,14.4,0.0,0.0,0.0,0.0,3,18.1,31.3,267,Overcast,4,4,
73614,2021-10-01 10:47:00,40.619132,-73.9901807,0,0,Failure to Yield Right-of-Way,4462914,19.4,9.5,0.0,0.0,0.0,0.0,0,13.8,28.1,302,Clear sky,0,0,Sunny/Clear Conditions
73615,2021-10-20 22:56:00,40.7389026,-73.9873015,2,0,Other Vehicular,4470336,24.1,13.8,0.0,0.0,0.0,0.0,3,21.6,37.1,276,Overcast,2,2,
73616,2021-08-30 17:49:00,40.7010761,-73.9404204,0,0,Driver Inattention/Distraction,4470228,28.7,21.7,3.9,3.9,0.0,7.0,63,14.7,33.8,231,Rain: Moderate,0,0,
73617,2021-10-24 16:18:00,40.7696111,-73.9224489,0,0,Unspecified,4470682,15.5,7.6,0.7,0.7,0.0,1.0,53,13.0,23.8,248,Drizzle: Moderate,0,0,
73618,2021-10-12 09:10:00,40.7452528,-73.8700626,0,0,Following Too Closely,4466656,21.6,15.2,0.0,0.0,0.0,0.0,3,11.8,23.8,81,Overcast,0,0,
73619,2021-10-16 05:40:00,40.6802447,-73.8766021,1,0,Driver Inattention/Distraction,4468163,24.3,15.0,17.5,17.5,0.0,9.0,63,25.7,46.4,195,Rain: Moderate,1,1,
73620,2021-10-16 00:59:00,40.7603926,-73.999086,0,0,Unspecified,4469133,24.3,15.0,17.5,17.5,0.0,9.0,63,25.7,46.4,195,Rain: Moderate,0,0,
73621,2021-10-16 14:00:00,40.6399379,-73.9546997,0,0,Unspecified,4467681,24.3,15.0,17.5,17.5,0.0,9.0,63,25.7,46.4,195,Rain: Moderate,0,0,
73622,2021-10-14 10:53:00,40.6956168,-73.9405551,1,0,Driver Inattention/Distraction,4468045,25.0,15.4,0.0,0.0,0.0,0.0,3,15.4,29.9,328,Overcast,1,1,
73623,2021-10-24 15:15:00,40.6852929,-73.9761991,0,0,Following Too Closely,4470588,15.5,7.6,0.7,0.7,0.0,1.0,53,13.0,23.8,248,Drizzle: Moderate,0,0,
73624,2021-10-15 12:15:00,40.6082069,-74.1628381,0,0,Unspecified,4468837,25.0,14.5,0.0,0.0,0.0,0.0,3,16.8,28.4,182,Overcast,0,0,
73625,2021-10-16 12:00:00,40.6974341,-73.931224,0,0,Passing Too Closely,4468320,24.3,15.0,17.5,17.5,0.0,9.0,63,25.7,46.4,195,Rain: Moderate,0,0,
73626,2021-10-23 14:15:00,40.6994563,-73.9396898,1,0,Outside Car Distraction,4470499,15.9,10.4,0.2,0.2,0.0,2.0,51,14.4,26.6,326,Drizzle: Light,1,1,
73627,2021-10-17 17:08:00,40.5469574,-74.1812842,0,0,Passing or Lane Usage Improper,4469790,17.3,11.1,0.2,0.2,0.0,2.0,51,23.9,43.9,293,Drizzle: Light,0,0,
73628,2021-10-15 21:32:00,40.7161116,-73.9953651,2,0,Following Too Closely,4468313,25.0,14.5,0.0,0.0,0.0,0.0,3,16.8,28.4,182,Overcast,2,2,
73629,2021-10-17 08:56:00,40.6082027,-73.9207095,0,0,Driver Inattention/Distraction,4467872,17.3,11.1,0.2,0.2,0.0,2.0,51,23.9,43.9,293,Drizzle: Light,0,0,
73630,2021-10-12 13:47:00,40.5793697,-73.9597455,0,0,Driver Inattention/Distraction,4467782,21.6,15.2,0.0,0.0,0.0,0.0,3,11.8,23.8,81,Overcast,0,0,
73631,2021-11-02 05:30:00,40.67798,-73.872116,1,0,Following Too Closely,4473578,11.4,7.0,0.6,0.6,0.0,4.0,51,14.1,28.1,271,Drizzle: Light,1,1,
73632,2021-10-21 11:40:00,40.7712169,-73.9192157,0,0,Unspecified,4470027,22.9,12.0,0.0,0.0,0.0,0.0,3,17.0,31.7,207,Overcast,0,0,
73633,2021-10-13 08:00:00,40.7074419,-73.9352622,0,0,Passing Too Closely,4466848,21.7,14.8,0.1,0.1,0.0,1.0,51,12.2,23.0,200,Drizzle: Light,0,0,
73634,2021-10-21 17:30:00,40.7872263,-73.9541633,0,0,Following Too Closely,4469635,22.9,12.0,0.0,0.0,0.0,0.0,3,17.0,31.7,207,Overcast,0,0,
73635,2021-10-29 18:30:00,40.71057,-73.815735,0,0,Unspecified,4474026,13.8,8.3,9.3,9.3,0.0,5.0,63,40.9,73.8,78,Rain: Moderate,0,0,
73636,2021-10-16 20:40:00,40.6768082,-73.9557498,1,0,Following Too Closely,4467960,24.3,15.0,17.5,17.5,0.0,9.0,63,25.7,46.4,195,Rain: Moderate,1,1,
73637,2021-10-20 19:35:00,40.8027515,-73.933575,0,0,Reaction to Uninvolved Vehicle,4470668,24.1,13.8,0.0,0.0,0.0,0.0,3,21.6,37.1,276,Overcast,0,0,
73638,2021-10-13 18:30:00,40.7094505,-73.7876467,0,0,Traffic Control Disregarded,4467212,21.7,14.8,0.1,0.1,0.0,1.0,51,12.2,23.0,200,Drizzle: Light,0,0,
73639,2021-10-07 11:54:00,40.6811178,-73.9644216,0,0,Turning Improperly,4466774,22.4,15.7,0.4,0.4,0.0,4.0,51,10.5,20.5,231,Drizzle: Light,0,0,
73640,2021-10-24 21:50:00,40.7655065,-73.804226,1,0,Failure to Yield Right-of-Way,4470758,15.5,7.6,0.7,0.7,0.0,1.0,53,13.0,23.8,248,Drizzle: Moderate,1,1,
73641,2021-10-21 23:00:00,40.8451887,-73.9007254,1,0,Driver Inattention/Distraction,4470218,22.9,12.0,0.0,0.0,0.0,0.0,3,17.0,31.7,207,Overcast,1,1,
73642,2021-10-18 06:30:00,40.6514132,-73.9721352,1,0,Unspecified,4468500,15.8,9.2,0.0,0.0,0.0,0.0,2,32.4,58.3,296,Partly cloudy,1,1,
73643,2021-10-22 19:00:00,40.7285596,-73.8285226,0,0,Unspecified,4470040,20.3,14.4,0.0,0.0,0.0,0.0,3,18.1,31.3,267,Overcast,0,0,
73644,2021-10-10 15:15:00,40.8653906,-73.8868337,0,0,Unsafe Speed,4468814,18.5,16.0,2.4,2.4,0.0,8.0,53,27.2,52.6,52,Drizzle: Moderate,0,0,
73645,2021-10-15 18:09:00,40.681091,-73.9033745,0,0,Failure to Yield Right-of-Way,4469226,25.0,14.5,0.0,0.0,0.0,0.0,3,16.8,28.4,182,Overcast,0,0,
73646,2021-10-23 01:50:00,40.7545457,-73.973377,0,0,Driver Inattention/Distraction,4469943,15.9,10.4,0.2,0.2,0.0,2.0,51,14.4,26.6,326,Drizzle: Light,0,0,
73647,2021-10-14 06:35:00,40.6433316,-73.9597285,1,0,Failure to Yield Right-of-Way,4466897,25.0,15.4,0.0,0.0,0.0,0.0,3,15.4,29.9,328,Overcast,1,1,
73648,2021-10-03 13:38:00,40.5792123,-73.9762585,0,0,Driver Inattention/Distraction,4470096,25.9,12.8,0.0,0.0,0.0,0.0,3,12.0,24.1,217,Overcast,0,0,
73649,2021-10-10 22:20:00,40.6707344,-73.9337245,0,0,Following Too Closely,4469253,18.5,16.0,2.4,2.4,0.0,8.0,53,27.2,52.6,52,Drizzle: Moderate,0,0,
73650,2021-09-20 20:30:00,40.7088619,-74.0006182,0,0,Driver Inattention/Distraction,4459695,23.1,14.9,0.0,0.0,0.0,0.0,3,17.0,34.2,116,Overcast,0,0,
73651,2021-10-19 11:50:00,40.6094623,-73.974184,1,0,Driver Inattention/Distraction,4469094,19.1,8.3,0.0,0.0,0.0,0.0,1,24.6,45.0,272,Mainly clear,1,1,Sunny/Clear Conditions
73652,2021-10-25 16:55:00,40.72293,-73.847336,0,0,Passing Too Closely,4474202,22.8,13.5,10.7,10.7,0.0,8.0,63,18.9,33.5,172,Rain: Moderate,0,0,
73653,2021-10-16 21:20:00,40.6322931,-73.98932,1,0,Unspecified,4468463,24.3,15.0,17.5,17.5,0.0,9.0,63,25.7,46.4,195,Rain: Moderate,1,1,
73654,2021-10-18 08:28:00,40.6390218,-74.022464,1,0,Following Too Closely,4468983,15.8,9.2,0.0,0.0,0.0,0.0,2,32.4,58.3,296,Partly cloudy,1,1,
73655,2021-10-16 15:00:00,40.6392555,-74.0817883,0,0,Unspecified,4467889,24.3,15.0,17.5,17.5,0.0,9.0,63,25.7,46.4,195,Rain: Moderate,0,0,
73656,2021-10-15 09:30:00,40.8127513,-73.9455695,1,0,Pedestrian/Bicyclist/Other Pedestrian Error/Confusion,4467375,25.0,14.5,0.0,0.0,0.0,0.0,3,16.8,28.4,182,Overcast,1,1,
73657,2021-10-19 07:14:00,40.6881809,-73.7886775,2,0,Failure to Yield Right-of-Way,4468842,19.1,8.3,0.0,0.0,0.0,0.0,1,24.6,45.0,272,Mainly clear,2,2,Sunny/Clear Conditions
73658,2021-10-16 01:53:00,40.7291123,-74.0106725,1,0,Driver Inattention/Distraction,4468649,24.3,15.0,17.5,17.5,0.0,9.0,63,25.7,46.4,195,Rain: Moderate,1,1,
73659,2021-10-21 12:10:00,40.8491265,-73.8834139,0,0,Driver Inexperience,4470620,22.9,12.0,0.0,0.0,0.0,0.0,3,17.0,31.7,207,Overcast,0,0,
73660,2021-10-12 07:24:00,40.7623345,-73.8269171,0,0,Unsafe Lane Changing,4466944,21.6,15.2,0.0,0.0,0.0,0.0,3,11.8,23.8,81,Overcast,0,0,
73661,2021-10-19 16:00:00,40.6808791,-73.8579068,0,0,Unsafe Lane Changing,4469066,19.1,8.3,0.0,0.0,0.0,0.0,1,24.6,45.0,272,Mainly clear,0,0,Sunny/Clear Conditions
73662,2021-10-21 11:56:00,40.6915844,-73.7931815,0,0,Driver Inattention/Distraction,4469513,22.9,12.0,0.0,0.0,0.0,0.0,3,17.0,31.7,207,Overcast,0,0,
73663,2021-10-14 19:00:00,40.6734648,-73.9160504,0,0,Backing Unsafely,4467199,25.0,15.4,0.0,0.0,0.0,0.0,3,15.4,29.9,328,Overcast,0,0,
73664,2021-10-14 01:05:00,40.8415989,-73.9011174,2,0,Other Vehicular,4467013,25.0,15.4,0.0,0.0,0.0,0.0,3,15.4,29.9,328,Overcast,2,2,
73665,2021-10-20 21:50:00,40.7730953,-73.8455249,0,0,Steering Failure,4469359,24.1,13.8,0.0,0.0,0.0,0.0,3,21.6,37.1,276,Overcast,0,0,
73666,2021-10-14 23:00:00,40.6810463,-73.9434489,0,0,Driver Inattention/Distraction,4468934,25.0,15.4,0.0,0.0,0.0,0.0,3,15.4,29.9,328,Overcast,0,0,
73667,2021-10-23 14:45:00,40.7599867,-73.9752132,0,0,Backing Unsafely,4470059,15.9,10.4,0.2,0.2,0.0,2.0,51,14.4,26.6,326,Drizzle: Light,0,0,
73668,2021-10-21 12:26:00,40.7242353,-73.9977848,3,0,Unspecified,4469545,22.9,12.0,0.0,0.0,0.0,0.0,3,17.0,31.7,207,Overcast,3,3,
73669,2021-10-31 07:19:00,40.783844,-73.979996,1,0,Fell Asleep,4474156,18.3,12.5,3.7,3.7,0.0,8.0,55,22.9,41.0,268,Drizzle: Dense,1,1,
73670,2021-10-22 01:58:00,40.762106,-73.9601368,3,0,Driver Inattention/Distraction,4469646,20.3,14.4,0.0,0.0,0.0,0.0,3,18.1,31.3,267,Overcast,3,3,
73671,2021-10-15 08:09:00,40.8700151,-73.8324279,0,0,View Obstructed/Limited,4467394,25.0,14.5,0.0,0.0,0.0,0.0,3,16.8,28.4,182,Overcast,0,0,
73672,2021-10-14 10:48:00,40.7425672,-73.7707788,0,0,Driver Inattention/Distraction,4467607,25.0,15.4,0.0,0.0,0.0,0.0,3,15.4,29.9,328,Overcast,0,0,
73673,2021-10-13 15:00:00,40.7521581,-73.89994,1,0,Driver Inattention/Distraction,4466817,21.7,14.8,0.1,0.1,0.0,1.0,51,12.2,23.0,200,Drizzle: Light,1,1,
73674,2021-10-12 00:25:00,40.6775577,-73.8036477,1,0,Failure to Yield Right-of-Way,4468598,21.6,15.2,0.0,0.0,0.0,0.0,3,11.8,23.8,81,Overcast,1,1,
73675,2021-10-16 20:00:00,40.7205754,-73.9362074,0,0,Passenger Distraction,4468342,24.3,15.0,17.5,17.5,0.0,9.0,63,25.7,46.4,195,Rain: Moderate,0,0,
73676,2021-10-24 04:29:00,40.7452528,-73.8700626,1,0,Other Vehicular,4470494,15.5,7.6,0.7,0.7,0.0,1.0,53,13.0,23.8,248,Drizzle: Moderate,1,1,
73677,2021-10-18 04:37:00,40.883535,-73.8553774,1,0,Lost Consciousness,4468304,15.8,9.2,0.0,0.0,0.0,0.0,2,32.4,58.3,296,Partly cloudy,1,1,