,CRASH DATETIME,LATITUDE,LONGITUDE,NUMBER OF PERSONS INJURED,NUMBER OF PERSONS KILLED,CONTRIBUTING FACTOR VEHICLE 1,COLLISION_ID,temperature_2m_max,temperature_2m_min,precipitation_sum,rain_sum,snowfall_sum,precipitation_hours,weather_code,wind_speed_10m_max,wind_gusts_10m_max,wind_direction_10m_dominant,Weather Description,Severity_Score,Total_Affected_Persons,Weather_Category
73678,2021-10-19 09:20:00,40.6387858,-73.9453727,1,0,Fell Asleep,4468720,19.1,8.3,0.0,0.0,0.0,0.0,1,24.6,45.0,272,Mainly clear,1,1,Sunny/Clear Conditions
73679,2021-11-02 13:50:00,40.71612,-73.98365,1,0,Outside Car Distraction,4473826,11.4,7.0,0.6,0.6,0.0,4.0,51,14.1,28.1,271,Drizzle: Light,1,1,
73680,2021-10-14 20:09:00,40.7939517,-73.974163,1,0,Failure to Yield Right-of-Way,4467343,25.0,15.4,0.0,0.0,0.0,0.0,3,15.4,29.9,328,Overcast,1,1,
73681,2021-10-20 18:00:00,40.7744491,-73.9184536,1,0,Driver Inattention/Distraction,4470766,24.1,13.8,0.0,0.0,0.0,0.0,3,21.6,37.1,276,Overcast,1,1,
73682,2021-10-16 12:06:00,40.6979187,-73.9208228,0,0,Passing Too Closely,4468331,24.3,15.0,17.5,17.5,0.0,9.0,63,25.7,46.4,195,Rain: Moderate,0,0,
73683,2021-10-16 18:00:00,40.5752608,-73.9688912,0,0,Turning Improperly,4468609,24.3,15.0,17.5,17.5,0.0,9.0,63,25.7,46.4,195,Rain: Moderate,0,0,
73684,2021-10-23 15:58:00,40.7676535,-73.9388653,0,0,Driver Inattention/Distraction,4470780,15.9,10.4,0.2,0.2,0.0,2.0,51,14.4,26.6,326,Drizzle: Light,0,0,
73685,2021-10-12 19:50:00,40.8557939,-73.917701,1,0,Driver Inattention/Distraction,4466716,21.6,15.2,0.0,0.0,0.0,0.0,3,11.8,23.8,81,Overcast,1,1,
73686,2021-10-19 08:00:00,40.8187955,-73.9221241,0,0,Driver Inattention/Distraction,4468988,19.1,8.3,0.0,0.0,0.0,0.0,1,24.6,45.0,272,Mainly clear,0,0,Sunny/Clear Conditions
73687,2021-10-08 22:38:00,40.8308903,-73.8272842,2,0,Unsafe Lane Changing,4467227,23.7,14.5,0.0,0.0,0.0,0.0,3,13.0,22.3,94,Overcast,2,2,
73688,2021-10-14 13:35:00,40.7724202,-73.9787241,1,0,Unsafe Speed,4468515,25.0,15.4,0.0,0.0,0.0,0.0,3,15.4,29.9,328,Overcast,1,1,
73689,2021-10-20 08:00:00,40.6833708,-73.8552767,0,0,Passing Too Closely,4469211,24.1,13.8,0.0,0.0,0.0,0.0,3,21.6,37.1,276,Overcast,0,0,
73690,2021-10-20 10:35:00,40.5906129,-73.8109341,0,0,Backing Unsafely,4470452,24.1,13.8,0.0,0.0,0.0,0.0,3,21.6,37.1,276,Overcast,0,0,
73691,2021-10-15 08:19:00,40.8170086,-73.9594934,2,0,Unsafe Speed,4468003,25.0,14.5,0.0,0.0,0.0,0.0,3,16.8,28.4,182,Overcast,2,2,
73692,2021-11-02 06:30:00,40.878654,-73.824066,1,0,Unspecified,4473966,11.4,7.0,0.6,0.6,0.0,4.0,51,14.1,28.1,271,Drizzle: Light,1,1,
73693,2021-10-18 13:49:00,40.8216405,-73.8930203,0,0,Backing Unsafely,4468767,15.8,9.2,0.0,0.0,0.0,0.0,2,32.4,58.3,296,Partly cloudy,0,0,
73694,2021-10-20 00:05:00,40.6918538,-73.8109872,0,0,Driver Inattention/Distraction,4468971,24.1,13.8,0.0,0.0,0.0,0.0,3,21.6,37.1,276,Overcast,0,0,
73695,2021-10-19 14:11:00,40.7575232,-73.8291338,1,0,Passing Too Closely,4470763,19.1,8.3,0.0,0.0,0.0,0.0,1,24.6,45.0,272,Mainly clear,1,1,Sunny/Clear Conditions
73696,2021-10-15 18:00:00,40.6813546,-73.8802127,0,0,Failure to Yield Right-of-Way,4468634,25.0,14.5,0.0,0.0,0.0,0.0,3,16.8,28.4,182,Overcast,0,0,
73697,2021-10-09 20:00:00,40.7496522,-73.8852401,0,0,Unspecified,4467739,20.2,15.2,1.2,1.2,0.0,5.0,51,22.8,42.8,71,Drizzle: Light,0,0,
73698,2021-10-14 04:00:00,40.7071992,-73.8774287,0,0,Turning Improperly,4466961,25.0,15.4,0.0,0.0,0.0,0.0,3,15.4,29.9,328,Overcast,0,0,
73699,2021-10-12 15:50:00,40.8736784,-73.8795143,0,0,Unspecified,4466733,21.6,15.2,0.0,0.0,0.0,0.0,3,11.8,23.8,81,Overcast,0,0,
73700,2021-10-21 13:10:00,40.8373235,-73.9198306,0,0,Aggressive Driving/Road Rage,4469542,22.9,12.0,0.0,0.0,0.0,0.0,3,17.0,31.7,207,Overcast,0,0,
73701,2021-10-14 19:00:00,40.7064452,-73.9268252,0,0,Driver Inattention/Distraction,4467221,25.0,15.4,0.0,0.0,0.0,0.0,3,15.4,29.9,328,Overcast,0,0,
73702,2021-10-21 18:35:00,40.5654047,-74.1834038,1,0,Unsafe Speed,4469601,22.9,12.0,0.0,0.0,0.0,0.0,3,17.0,31.7,207,Overcast,1,1,
73703,2021-10-17 15:20:00,40.6732722,-73.9473957,0,0,Driver Inattention/Distraction,4468827,17.3,11.1,0.2,0.2,0.0,2.0,51,23.9,43.9,293,Drizzle: Light,0,0,
73704,2021-10-14 07:45:00,40.6713108,-73.9130858,0,0,Backing Unsafely,4467032,25.0,15.4,0.0,0.0,0.0,0.0,3,15.4,29.9,328,Overcast,0,0,
73705,2021-10-17 19:00:00,40.6215052,-74.0279983,0,0,Driver Inattention/Distraction,4468127,17.3,11.1,0.2,0.2,0.0,2.0,51,23.9,43.9,293,Drizzle: Light,0,0,
73706,2021-10-15 17:25:00,40.8531409,-73.9016967,1,0,View Obstructed/Limited,4468472,25.0,14.5,0.0,0.0,0.0,0.0,3,16.8,28.4,182,Overcast,1,1,
73707,2021-10-22 22:30:00,40.6294253,-73.9979393,3,0,Unspecified,4470614,20.3,14.4,0.0,0.0,0.0,0.0,3,18.1,31.3,267,Overcast,3,3,
73708,2021-10-22 12:01:00,40.6330437,-73.9786496,1,0,Driver Inattention/Distraction,4470602,20.3,14.4,0.0,0.0,0.0,0.0,3,18.1,31.3,267,Overcast,1,1,
73709,2021-10-15 06:30:00,40.7054541,-73.7814778,0,0,View Obstructed/Limited,4467248,25.0,14.5,0.0,0.0,0.0,0.0,3,16.8,28.4,182,Overcast,0,0,
73710,2021-10-22 21:50:00,40.7538318,-74.0071393,0,0,Driver Inattention/Distraction,4470830,20.3,14.4,0.0,0.0,0.0,0.0,3,18.1,31.3,267,Overcast,0,0,
73711,2021-08-17 22:00:00,40.619186,-73.9493,3,0,Traffic Control Disregarded,4448454,26.4,22.2,1.6,1.6,0.0,2.0,55,20.3,39.2,158,Drizzle: Dense,3,3,
73712,2021-10-24 00:30:00,40.6685054,-73.8692449,0,0,Driver Inattention/Distraction,4470488,15.5,7.6,0.7,0.7,0.0,1.0,53,13.0,23.8,248,Drizzle: Moderate,0,0,
73713,2021-10-14 19:00:00,40.7624648,-73.9327632,0,0,Driver Inattention/Distraction,4467892,25.0,15.4,0.0,0.0,0.0,0.0,3,15.4,29.9,328,Overcast,0,0,
73714,2021-10-15 02:30:00,40.7557807,-74.0019852,0,0,Driver Inattention/Distraction,4467446,25.0,14.5,0.0,0.0,0.0,0.0,3,16.8,28.4,182,Overcast,0,0,
73715,2021-10-13 22:10:00,40.769306,-73.9155085,0,0,Driver Inattention/Distraction,4469022,21.7,14.8,0.1,0.1,0.0,1.0,51,12.2,23.0,200,Drizzle: Light,0,0,
73716,2021-10-15 15:55:00,40.5930286,-73.7735821,0,0,Passing or Lane Usage Improper,4468418,25.0,14.5,0.0,0.0,0.0,0.0,3,16.8,28.4,182,Overcast,0,0,
73717,2021-10-15 18:40:00,40.826909,-73.9310215,0,0,Driver Inattention/Distraction,4467524,25.0,14.5,0.0,0.0,0.0,0.0,3,16.8,28.4,182,Overcast,0,0,
73718,2021-10-22 22:15:00,40.7163954,-73.886661,0,0,Passing Too Closely,4469995,20.3,14.4,0.0,0.0,0.0,0.0,3,18.1,31.3,267,Overcast,0,0,
73719,2021-10-15 15:45:00,40.5800646,-73.842357,0,0,Failure to Yield Right-of-Way,4468403,25.0,14.5,0.0,0.0,0.0,0.0,3,16.8,28.4,182,Overcast,0,0,
73720,2021-10-18 07:00:00,40.629976,-74.1033282,0,0,Unspecified,4468782,15.8,9.2,0.0,0.0,0.0,0.0,2,32.4,58.3,296,Partly cloudy,0,0,
73721,2021-10-16 04:52:00,40.6995995,-73.9876978,0,0,Passing or Lane Usage Improper,4468454,24.3,15.0,17.5,17.5,0.0,9.0,63,25.7,46.4,195,Rain: Moderate,0,0,
73722,2021-10-16 12:05:00,40.6921293,-73.8348331,0,0,Following Too Closely,4467645,24.3,15.0,17.5,17.5,0.0,9.0,63,25.7,46.4,195,Rain: Moderate,0,0,
73723,2021-10-17 21:54:00,40.8148822,-73.9094325,0,0,Unspecified,4468264,17.3,11.1,0.2,0.2,0.0,2.0,51,23.9,43.9,293,Drizzle: Light,0,0,
73724,2021-10-21 16:11:00,40.6632221,-73.8936503,0,0,Unspecified,4469690,22.9,12.0,0.0,0.0,0.0,0.0,3,17.0,31.7,207,Overcast,0,0,
73725,2021-10-17 13:46:00,40.6828046,-73.8062211,1,0,Failure to Yield Right-of-Way,4468223,17.3,11.1,0.2,0.2,0.0,2.0,51,23.9,43.9,293,Drizzle: Light,1,1,
73726,2021-10-14 09:10:00,40.6527684,-73.8862898,1,0,Failure to Yield Right-of-Way,4467263,25.0,15.4,0.0,0.0,0.0,0.0,3,15.4,29.9,328,Overcast,1,1,
73727,2021-11-02 14:55:00,40.827152,-73.946205,1,0,Failure to Yield Right-of-Way,4473504,11.4,7.0,0.6,0.6,0.0,4.0,51,14.1,28.1,271,Drizzle: Light,1,1,
73728,2021-11-02 14:50:00,40.691555,-73.93677,0,0,Unspecified,4473710,11.4,7.0,0.6,0.6,0.0,4.0,51,14.1,28.1,271,Drizzle: Light,0,0,
73729,2021-10-13 15:25:00,40.6863379,-73.8269171,0,0,Backing Unsafely,4466876,21.7,14.8,0.1,0.1,0.0,1.0,51,12.2,23.0,200,Drizzle: Light,0,0,
73730,2021-10-16 17:30:00,40.7801485,-73.8469456,0,0,Unsafe Speed,4468103,24.3,15.0,17.5,17.5,0.0,9.0,63,25.7,46.4,195,Rain: Moderate,0,0,
73731,2021-10-23 16:35:00,40.7572323,-73.9897922,0,0,Following Too Closely,4470868,15.9,10.4,0.2,0.2,0.0,2.0,51,14.4,26.6,326,Drizzle: Light,0,0,
73732,2021-10-19 01:00:00,40.714561,-73.7919188,0,0,Alcohol Involvement,4468822,19.1,8.3,0.0,0.0,0.0,0.0,1,24.6,45.0,272,Mainly clear,0,0,Sunny/Clear Conditions
73733,2021-10-20 15:05:00,40.6917675,-73.9999135,0,0,Unspecified,4469485,24.1,13.8,0.0,0.0,0.0,0.0,3,21.6,37.1,276,Overcast,0,0,
73734,2021-10-14 08:30:00,40.6040288,-73.952294,0,0,Unspecified,4467093,25.0,15.4,0.0,0.0,0.0,0.0,3,15.4,29.9,328,Overcast,0,0,
73735,2021-10-16 20:43:00,40.5833519,-73.9669182,2,0,Driver Inattention/Distraction,4468606,24.3,15.0,17.5,17.5,0.0,9.0,63,25.7,46.4,195,Rain: Moderate,2,2,
73736,2021-10-15 01:29:00,40.606045,-73.9505074,0,0,Unspecified,4467295,25.0,14.5,0.0,0.0,0.0,0.0,3,16.8,28.4,182,Overcast,0,0,
73737,2021-10-14 08:17:00,40.6067007,-74.0108222,1,0,Unspecified,4467116,25.0,15.4,0.0,0.0,0.0,0.0,3,15.4,29.9,328,Overcast,1,1,
73738,2021-10-13 18:05:00,40.8954491,-73.8800114,0,0,Backing Unsafely,4467579,21.7,14.8,0.1,0.1,0.0,1.0,51,12.2,23.0,200,Drizzle: Light,0,0,
73739,2022-04-14 23:58:00,40.75576,-73.73939,0,0,Alcohol Involvement,4519093,28.1,13.9,0.2,0.2,0.0,2.0,51,25.9,46.1,249,Drizzle: Light,0,0,
73740,2021-10-13 16:15:00,40.7128385,-73.7924882,0,0,Unspecified,4466829,21.7,14.8,0.1,0.1,0.0,1.0,51,12.2,23.0,200,Drizzle: Light,0,0,
73741,2021-10-21 09:00:00,40.6495723,-73.9388628,1,0,Glare,4470268,22.9,12.0,0.0,0.0,0.0,0.0,3,17.0,31.7,207,Overcast,1,1,
73742,2021-10-23 16:45:00,40.7474493,-73.9414545,0,0,Driver Inattention/Distraction,4470139,15.9,10.4,0.2,0.2,0.0,2.0,51,14.4,26.6,326,Drizzle: Light,0,0,
73743,2021-10-16 20:55:00,40.6999165,-73.8328041,0,0,Driver Inattention/Distraction,4467694,24.3,15.0,17.5,17.5,0.0,9.0,63,25.7,46.4,195,Rain: Moderate,0,0,
73744,2021-10-30 15:20:00,40.733433,-73.86418,0,0,Driver Inattention/Distraction,4474004,17.8,12.0,7.8,7.8,0.0,16.0,61,38.5,68.0,112,Rain: Light,0,0,
73745,2022-07-07 12:20:00,40.696674,-73.957535,1,0,Failure to Yield Right-of-Way,4544985,27.5,20.1,0.0,0.0,0.0,0.0,3,19.1,37.4,110,Overcast,1,1,
73746,2021-11-02 08:55:00,40.75539,-73.828285,1,0,Following Too Closely,4473318,11.4,7.0,0.6,0.6,0.0,4.0,51,14.1,28.1,271,Drizzle: Light,1,1,
73747,2021-11-02 19:20:00,40.6646,-73.89502,0,0,Unspecified,4473584,11.4,7.0,0.6,0.6,0.0,4.0,51,14.1,28.1,271,Drizzle: Light,0,0,
73748,2021-10-21 21:20:00,40.5988242,-73.7606817,2,0,Following Too Closely,4469847,22.9,12.0,0.0,0.0,0.0,0.0,3,17.0,31.7,207,Overcast,2,2,
73749,2021-10-17 14:20:00,40.689582,-73.9721373,1,0,Passing or Lane Usage Improper,4468116,17.3,11.1,0.2,0.2,0.0,2.0,51,23.9,43.9,293,Drizzle: Light,1,1,
73750,2021-10-16 01:24:00,40.6568514,-73.9568739,0,0,Driver Inattention/Distraction,4468422,24.3,15.0,17.5,17.5,0.0,9.0,63,25.7,46.4,195,Rain: Moderate,0,0,
73751,2021-10-23 00:36:00,40.6654783,-73.7487889,1,0,Driver Inattention/Distraction,4470126,15.9,10.4,0.2,0.2,0.0,2.0,51,14.4,26.6,326,Drizzle: Light,1,1,
73752,2021-10-14 09:20:00,40.7296115,-73.9731331,0,0,Passing Too Closely,4467064,25.0,15.4,0.0,0.0,0.0,0.0,3,15.4,29.9,328,Overcast,0,0,
73753,2021-10-21 15:08:00,40.6625545,-73.9089197,0,0,Unspecified,4469738,22.9,12.0,0.0,0.0,0.0,0.0,3,17.0,31.7,207,Overcast,0,0,
73754,2022-04-13 21:30:00,40.65505,-73.95631,1,0,Unspecified,4519234,18.9,7.1,0.0,0.0,0.0,0.0,3,18.7,37.4,112,Overcast,1,1,
73755,2021-10-19 08:24:00,40.8180125,-73.9251851,1,0,Unspecified,4468991,19.1,8.3,0.0,0.0,0.0,0.0,1,24.6,45.0,272,Mainly clear,1,1,Sunny/Clear Conditions
73756,2021-10-21 11:00:00,40.754584,-73.9991446,1,0,Driver Inattention/Distraction,4470815,22.9,12.0,0.0,0.0,0.0,0.0,3,17.0,31.7,207,Overcast,1,1,
73757,2021-10-15 09:30:00,40.7181465,-73.9482455,0,0,Unspecified,4468341,25.0,14.5,0.0,0.0,0.0,0.0,3,16.8,28.4,182,Overcast,0,0,
73758,2021-10-31 05:33:00,40.75327,-73.92803,0,0,Backing Unsafely,4474107,18.3,12.5,3.7,3.7,0.0,8.0,55,22.9,41.0,268,Drizzle: Dense,0,0,
73759,2021-10-20 15:40:00,40.679546,-73.8246972,0,0,Failure to Yield Right-of-Way,4469302,24.1,13.8,0.0,0.0,0.0,0.0,3,21.6,37.1,276,Overcast,0,0,
73760,2021-10-16 01:36:00,40.8534802,-73.9351329,0,0,Failure to Yield Right-of-Way,4468854,24.3,15.0,17.5,17.5,0.0,9.0,63,25.7,46.4,195,Rain: Moderate,0,0,
73761,2021-10-18 22:35:00,40.6117039,-73.9704518,0,0,Unspecified,4469076,15.8,9.2,0.0,0.0,0.0,0.0,2,32.4,58.3,296,Partly cloudy,0,0,
73762,2021-10-16 03:50:00,40.6366269,-73.9422507,1,0,Traffic Control Disregarded,4467826,24.3,15.0,17.5,17.5,0.0,9.0,63,25.7,46.4,195,Rain: Moderate,1,1,
73763,2021-10-18 04:00:00,40.7648096,-73.9107647,0,0,Driver Inattention/Distraction,4468648,15.8,9.2,0.0,0.0,0.0,0.0,2,32.4,58.3,296,Partly cloudy,0,0,
73764,2021-10-15 19:00:00,40.8363929,-73.9158697,0,0,Unspecified,4468296,25.0,14.5,0.0,0.0,0.0,0.0,3,16.8,28.4,182,Overcast,0,0,
73765,2021-10-12 17:05:00,40.6388782,-74.0060425,0,0,Unspecified,4467049,21.6,15.2,0.0,0.0,0.0,0.0,3,11.8,23.8,81,Overcast,0,0,
73766,2021-10-15 14:10:00,40.6708443,-73.9137374,0,0,Unspecified,4467485,25.0,14.5,0.0,0.0,0.0,0.0,3,16.8,28.4,182,Overcast,0,0,
73767,2021-10-22 14:08:00,40.8463121,-73.9194607,1,0,Failure to Yield Right-of-Way,4470690,20.3,14.4,0.0,0.0,0.0,0.0,3,18.1,31.3,267,Overcast,1,1,
73768,2021-10-18 11:39:00,40.6680495,-73.9923609,0,0,Oversized Vehicle,4468689,15.8,9.2,0.0,0.0,0.0,0.0,2,32.4,58.3,296,Partly cloudy,0,0,
73769,2021-10-20 08:12:00,40.7235457,-73.9829103,2,0,Reaction to Uninvolved Vehicle,4469371,24.1,13.8,0.0,0.0,0.0,0.0,3,21.6,37.1,276,Overcast,2,2,
73770,2021-10-15 16:15:00,40.6582291,-74.0003424,1,0,Unspecified,4467527,25.0,14.5,0.0,0.0,0.0,0.0,3,16.8,28.4,182,Overcast,1,1,
73771,2021-11-02 15:00:00,40.664745,-73.74003,0,0,Failure to Yield Right-of-Way,4473402,11.4,7.0,0.6,0.6,0.0,4.0,51,14.1,28.1,271,Drizzle: Light,0,0,
73772,2021-10-17 20:45:00,40.8405923,-73.8663623,0,0,Unspecified,4469386,17.3,11.1,0.2,0.2,0.0,2.0,51,23.9,43.9,293,Drizzle: Light,0,0,
73773,2021-10-19 13:00:00,40.8366949,-73.9417402,0,0,Unspecified,4469203,19.1,8.3,0.0,0.0,0.0,0.0,1,24.6,45.0,272,Mainly clear,0,0,Sunny/Clear Conditions
73774,2021-10-23 01:30:00,40.6569792,-73.8894182,0,0,Driver Inexperience,4470471,15.9,10.4,0.2,0.2,0.0,2.0,51,14.4,26.6,326,Drizzle: Light,0,0,
73775,2021-10-18 17:25:00,40.7697615,-73.9523628,0,0,Driver Inattention/Distraction,4468591,15.8,9.2,0.0,0.0,0.0,0.0,2,32.4,58.3,296,Partly cloudy,0,0,
73776,2021-10-15 15:45:00,40.6718921,-73.8958679,0,0,Driver Inattention/Distraction,4468153,25.0,14.5,0.0,0.0,0.0,0.0,3,16.8,28.4,182,Overcast,0,0,
73777,2021-10-22 17:36:00,40.8187931,-73.8901279,0,0,Unspecified,4470068,20.3,14.4,0.0,0.0,0.0,0.0,3,18.1,31.3,267,Overcast,0,0,
73778,2021-10-13 16:45:00,40.8672066,-73.895082,0,0,Unspecified,4467414,21.7,14.8,0.1,0.1,0.0,1.0,51,12.2,23.0,200,Drizzle: Light,0,0,
73779,2021-10-16 00:05:00,40.6864174,-73.9086888,1,0,Unsafe Speed,4469027,24.3,15.0,17.5,17.5,0.0,9.0,63,25.7,46.4,195,Rain: Moderate,1,1,
73780,2021-10-18 07:00:00,40.7053911,-73.9629207,0,0,Driver Inattention/Distraction,4468443,15.8,9.2,0.0,0.0,0.0,0.0,2,32.4,58.3,296,Partly cloudy,0,0,
73781,2021-10-14 13:00:00,40.6318052,-73.9775533,0,0,Following Too Closely,4467300,25.0,15.4,0.0,0.0,0.0,0.0,3,15.4,29.9,328,Overcast,0,0,
73782,2021-10-14 15:00:00,40.7401332,-73.8997488,2,0,Driver Inattention/Distraction,4467547,25.0,15.4,0.0,0.0,0.0,0.0,3,15.4,29.9,328,Overcast,2,2,
73783,2021-10-22 10:00:00,40.7501627,-73.9446859,0,0,Failure to Yield Right-of-Way,4469958,20.3,14.4,0.0,0.0,0.0,0.0,3,18.1,31.3,267,Overcast,0,0,
73784,2021-10-15 06:44:00,40.8006946,-73.9411094,0,0,Traffic Control Disregarded,4468356,25.0,14.5,0.0,0.0,0.0,0.0,3,16.8,28.4,182,Overcast,0,0,
73785,2021-10-18 16:55:00,40.6781627,-73.8974769,0,0,Driver Inexperience,4469239,15.8,9.2,0.0,0.0,0.0,0.0,2,32.4,58.3,296,Partly cloudy,0,0,
73786,2021-10-14 18:00:00,40.693593,-73.8297052,0,0,Aggressive Driving/Road Rage,4467152,25.0,15.4,0.0,0.0,0.0,0.0,3,15.4,29.9,328,Overcast,0,0,
73787,2022-04-13 17:08:00,40.832626,-73.925385,0,0,Following Too Closely,4518760,18.9,7.1,0.0,0.0,0.0,0.0,3,18.7,37.4,112,Overcast,0,0,
73788,2021-10-20 17:00:00,40.73782,-73.7070741,0,0,Unspecified,4470045,24.1,13.8,0.0,0.0,0.0,0.0,3,21.6,37.1,276,Overcast,0,0,
73789,2021-10-24 11:30:00,40.7025918,-73.8952032,0,0,Unspecified,4470394,15.5,7.6,0.7,0.7,0.0,1.0,53,13.0,23.8,248,Drizzle: Moderate,0,0,
73790,2021-10-19 09:15:00,40.6255728,-73.9812033,0,0,Unspecified,4469059,19.1,8.3,0.0,0.0,0.0,0.0,1,24.6,45.0,272,Mainly clear,0,0,Sunny/Clear Conditions
73791,2021-10-15 17:30:00,40.6837904,-73.8097661,0,0,Unsafe Speed,4468208,25.0,14.5,0.0,0.0,0.0,0.0,3,16.8,28.4,182,Overcast,0,0,
73792,2021-10-25 09:45:00,40.6439614,-73.9489983,0,0,Unspecified,4470863,22.8,13.5,10.7,10.7,0.0,8.0,63,18.9,33.5,172,Rain: Moderate,0,0,
73793,2021-10-20 08:30:00,40.6071903,-74.1624214,0,0,Driver Inexperience,4469829,24.1,13.8,0.0,0.0,0.0,0.0,3,21.6,37.1,276,Overcast,0,0,
73794,2021-08-16 01:02:00,40.864525,-73.92663,0,0,Unspecified,4448759,26.6,19.9,0.0,0.0,0.0,0.0,3,17.7,33.8,121,Overcast,0,0,
73795,2021-08-16 07:06:00,40.825626,-73.82651,0,0,Unspecified,4448761,26.6,19.9,0.0,0.0,0.0,0.0,3,17.7,33.8,121,Overcast,0,0,
73796,2021-10-08 17:35:00,40.8006946,-73.9411094,0,0,Unsafe Lane Changing,4466476,23.7,14.5,0.0,0.0,0.0,0.0,3,13.0,22.3,94,Overcast,0,0,
73797,2021-10-23 01:00:00,40.8693283,-73.8702759,0,0,Driver Inattention/Distraction,4470661,15.9,10.4,0.2,0.2,0.0,2.0,51,14.4,26.6,326,Drizzle: Light,0,0,
73798,2021-11-02 12:10:00,40.85819,-73.88435,0,0,Driver Inattention/Distraction,4473989,11.4,7.0,0.6,0.6,0.0,4.0,51,14.1,28.1,271,Drizzle: Light,0,0,
73799,2021-10-21 06:50:00,40.78739,-73.938225,2,0,Unsafe Lane Changing,4473942,22.9,12.0,0.0,0.0,0.0,0.0,3,17.0,31.7,207,Overcast,2,2,
73800,2021-10-16 16:40:00,40.7499891,-73.9491794,2,0,Following Too Closely,4467745,24.3,15.0,17.5,17.5,0.0,9.0,63,25.7,46.4,195,Rain: Moderate,2,2,
73801,2021-10-07 20:15:00,40.665478,-73.748795,0,0,Following Too Closely,4465100,22.4,15.7,0.4,0.4,0.0,4.0,51,10.5,20.5,231,Drizzle: Light,0,0,
73802,2021-10-18 21:10:00,40.8611306,-73.9239949,0,0,Driver Inattention/Distraction,4468749,15.8,9.2,0.0,0.0,0.0,0.0,2,32.4,58.3,296,Partly cloudy,0,0,
73803,2021-10-25 05:22:00,40.7976786,-73.9372821,0,0,Traffic Control Disregarded,4470738,22.8,13.5,10.7,10.7,0.0,8.0,63,18.9,33.5,172,Rain: Moderate,0,0,
73804,2021-10-23 01:40:00,40.7514934,-73.8874711,0,0,Driver Inexperience,4469971,15.9,10.4,0.2,0.2,0.0,2.0,51,14.4,26.6,326,Drizzle: Light,0,0,
73805,2021-10-19 09:55:00,40.7516035,-73.9338317,1,0,Pedestrian/Bicyclist/Other Pedestrian Error/Confusion,4469044,19.1,8.3,0.0,0.0,0.0,0.0,1,24.6,45.0,272,Mainly clear,1,1,Sunny/Clear Conditions
73806,2021-10-17 05:15:00,40.7327402,-73.8683575,1,0,Following Too Closely,4468025,17.3,11.1,0.2,0.2,0.0,2.0,51,23.9,43.9,293,Drizzle: Light,1,1,
73807,2021-10-20 15:00:00,40.7181445,-73.9938277,0,0,Driver Inattention/Distraction,4470247,24.1,13.8,0.0,0.0,0.0,0.0,3,21.6,37.1,276,Overcast,0,0,
73808,2021-10-22 16:30:00,40.5926753,-73.7990796,1,0,Driver Inattention/Distraction,4469920,20.3,14.4,0.0,0.0,0.0,0.0,3,18.1,31.3,267,Overcast,1,1,
73809,2021-10-05 12:25:00,40.678723,-73.9529869,0,0,Passing or Lane Usage Improper,4467856,19.9,15.0,0.0,0.0,0.0,0.0,3,14.5,28.1,46,Overcast,0,0,
73810,2021-10-11 20:18:00,40.6809775,-73.9365134,0,0,Driver Inattention/Distraction,4468121,21.7,16.3,0.0,0.0,0.0,0.0,3,25.7,49.7,41,Overcast,0,0,
73811,2021-10-19 10:30:00,40.7644985,-73.8335352,0,0,Backing Unsafely,4468927,19.1,8.3,0.0,0.0,0.0,0.0,1,24.6,45.0,272,Mainly clear,0,0,Sunny/Clear Conditions
73812,2021-10-18 08:00:00,40.6541333,-74.0116841,2,0,Aggressive Driving/Road Rage,4468562,15.8,9.2,0.0,0.0,0.0,0.0,2,32.4,58.3,296,Partly cloudy,2,2,
73813,2021-10-20 17:43:00,40.7163297,-73.9480688,1,0,Driver Inattention/Distraction,4469552,24.1,13.8,0.0,0.0,0.0,0.0,3,21.6,37.1,276,Overcast,1,1,
73814,2021-10-22 02:00:00,40.7194758,-73.7926259,0,0,Driver Inattention/Distraction,4470239,20.3,14.4,0.0,0.0,0.0,0.0,3,18.1,31.3,267,Overcast,0,0,
73815,2021-10-21 00:45:00,40.6355816,-73.9915402,1,0,Traffic Control Disregarded,4469442,22.9,12.0,0.0,0.0,0.0,0.0,3,17.0,31.7,207,Overcast,1,1,
73816,2021-10-21 07:45:00,40.6781065,-73.9431882,0,0,Unsafe Lane Changing,4469846,22.9,12.0,0.0,0.0,0.0,0.0,3,17.0,31.7,207,Overcast,0,0,
73817,2021-10-15 16:30:00,40.6605852,-73.9006613,0,0,Other Vehicular,4468057,25.0,14.5,0.0,0.0,0.0,0.0,3,16.8,28.4,182,Overcast,0,0,
73818,2021-08-30 11:32:00,40.8103962,-73.9253107,0,0,Following Too Closely,4466518,28.7,21.7,3.9,3.9,0.0,7.0,63,14.7,33.8,231,Rain: Moderate,0,0,
73819,2021-10-21 10:30:00,40.86967,-73.83223,0,0,Driver Inattention/Distraction,4473952,22.9,12.0,0.0,0.0,0.0,0.0,3,17.0,31.7,207,Overcast,0,0,
73820,2021-08-17 17:25:00,40.691536,-73.85419,0,0,Passing or Lane Usage Improper,4448117,26.4,22.2,1.6,1.6,0.0,2.0,55,20.3,39.2,158,Drizzle: Dense,0,0,