,CRASH DATETIME,LATITUDE,LONGITUDE,NUMBER OF PERSONS INJURED,NUMBER OF PERSONS KILLED,CONTRIBUTING FACTOR VEHICLE 1,COLLISION_ID,temperature_2m_max,temperature_2m_min,precipitation_sum,rain_sum,snowfall_sum,precipitation_hours,weather_code,wind_speed_10m_max,wind_gusts_10m_max,wind_direction_10m_dominant,Weather Description,Severity_Score,Total_Affected_Persons,Weather_Category
73821,2021-08-08 05:24:00,40.641376,-74.09174,0,0,Reaction to Uninvolved Vehicle,4448624,22.9,19.4,12.7,12.7,0.0,17.0,63,19.9,36.0,38,Rain: Moderate,0,0,
73822,2021-08-16 00:00:00,40.839176,-73.94114,1,0,Traffic Control Disregarded,4448596,26.6,19.9,0.0,0.0,0.0,0.0,3,17.7,33.8,121,Overcast,1,1,
73823,2021-08-17 01:15:00,40.74532,-73.715195,0,0,Driver Inattention/Distraction,4447682,26.4,22.2,1.6,1.6,0.0,2.0,55,20.3,39.2,158,Drizzle: Dense,0,0,
73824,2021-08-17 10:50:00,40.691193,-73.99777,2,0,Driver Inattention/Distraction,4448099,26.4,22.2,1.6,1.6,0.0,2.0,55,20.3,39.2,158,Drizzle: Dense,2,2,
73825,2021-08-17 17:20:00,40.67181,-73.998795,2,0,Unsafe Lane Changing,4448409,26.4,22.2,1.6,1.6,0.0,2.0,55,20.3,39.2,158,Drizzle: Dense,2,2,
73826,2021-08-17 16:00:00,40.60485,-73.74822,2,0,Failure to Yield Right-of-Way,4448165,26.4,22.2,1.6,1.6,0.0,2.0,55,20.3,39.2,158,Drizzle: Dense,2,2,
73827,2021-08-15 11:00:00,40.708374,-73.84271,3,0,Reaction to Uninvolved Vehicle,4448556,27.9,20.0,0.0,0.0,0.0,0.0,3,16.6,33.1,25,Overcast,3,3,
73828,2021-08-13 19:30:00,40.633522,-74.08867,0,0,Unspecified,4448681,33.2,24.8,0.0,0.0,0.0,0.0,3,18.2,34.9,215,Overcast,0,0,
73829,2021-08-17 01:04:00,40.677357,-73.88687,2,0,Traffic Control Disregarded,4447786,26.4,22.2,1.6,1.6,0.0,2.0,55,20.3,39.2,158,Drizzle: Dense,2,2,
73830,2021-08-17 00:00:00,40.68493,-73.882065,0,0,Backing Unsafely,4448175,26.4,22.2,1.6,1.6,0.0,2.0,55,20.3,39.2,158,Drizzle: Dense,0,0,
73831,2021-08-17 20:32:00,40.86315,-73.90907,1,0,Traffic Control Disregarded,4448617,26.4,22.2,1.6,1.6,0.0,2.0,55,20.3,39.2,158,Drizzle: Dense,1,1,
73832,2021-10-16 20:44:00,40.7418634,-73.9075049,1,0,Driver Inattention/Distraction,4467677,24.3,15.0,17.5,17.5,0.0,9.0,63,25.7,46.4,195,Rain: Moderate,1,1,
73833,2021-08-13 01:30:00,40.808277,-73.9388,0,0,Unspecified,4448510,33.2,24.8,0.0,0.0,0.0,0.0,3,18.2,34.9,215,Overcast,0,0,
73834,2021-08-17 05:57:00,40.695023,-73.84645,0,0,Failure to Yield Right-of-Way,4447821,26.4,22.2,1.6,1.6,0.0,2.0,55,20.3,39.2,158,Drizzle: Dense,0,0,
73835,2021-08-17 17:45:00,40.665974,-73.74061,3,0,Following Too Closely,4448044,26.4,22.2,1.6,1.6,0.0,2.0,55,20.3,39.2,158,Drizzle: Dense,3,3,
73836,2021-08-17 19:40:00,40.755116,-74.00248,0,0,Reaction to Uninvolved Vehicle,4448286,26.4,22.2,1.6,1.6,0.0,2.0,55,20.3,39.2,158,Drizzle: Dense,0,0,
73837,2021-08-17 12:40:00,40.636684,-73.94129,0,0,Other Vehicular,4448015,26.4,22.2,1.6,1.6,0.0,2.0,55,20.3,39.2,158,Drizzle: Dense,0,0,
73838,2021-08-17 10:50:00,40.869938,-73.890594,0,0,Driver Inattention/Distraction,4447946,26.4,22.2,1.6,1.6,0.0,2.0,55,20.3,39.2,158,Drizzle: Dense,0,0,
73839,2021-08-14 15:00:00,40.70701,-73.946526,1,0,Traffic Control Disregarded,4448702,31.3,24.2,2.5,2.5,0.0,5.0,55,16.9,32.8,286,Drizzle: Dense,1,1,
73840,2021-08-16 23:20:00,40.872314,-73.91274,0,0,Passing or Lane Usage Improper,4448756,26.6,19.9,0.0,0.0,0.0,0.0,3,17.7,33.8,121,Overcast,0,0,
73841,2021-08-17 16:29:00,40.644592,-73.944084,2,0,Unspecified,4448002,26.4,22.2,1.6,1.6,0.0,2.0,55,20.3,39.2,158,Drizzle: Dense,2,2,
73842,2021-08-17 06:36:00,40.880157,-73.848076,2,0,Turning Improperly,4447951,26.4,22.2,1.6,1.6,0.0,2.0,55,20.3,39.2,158,Drizzle: Dense,2,2,
73843,2021-08-11 23:30:00,40.86106,-73.82562,3,0,Following Too Closely,4448639,31.2,23.2,2.8,2.8,0.0,7.0,55,23.7,44.6,206,Drizzle: Dense,3,3,
73844,2021-08-17 11:20:00,40.753788,-73.744286,0,0,Driver Inattention/Distraction,4448034,26.4,22.2,1.6,1.6,0.0,2.0,55,20.3,39.2,158,Drizzle: Dense,0,0,
73845,2021-08-17 09:25:00,40.745842,-73.73009,1,0,Unsafe Speed,4447875,26.4,22.2,1.6,1.6,0.0,2.0,55,20.3,39.2,158,Drizzle: Dense,1,1,
73846,2021-08-17 18:00:00,40.80808,-73.92838,0,0,Other Vehicular,4448453,26.4,22.2,1.6,1.6,0.0,2.0,55,20.3,39.2,158,Drizzle: Dense,0,0,
73847,2021-08-17 15:53:00,40.830112,-73.850266,4,0,Unspecified,4448155,26.4,22.2,1.6,1.6,0.0,2.0,55,20.3,39.2,158,Drizzle: Dense,4,4,
73848,2021-08-17 22:27:00,40.889606,-73.90871,0,0,Unsafe Lane Changing,4448182,26.4,22.2,1.6,1.6,0.0,2.0,55,20.3,39.2,158,Drizzle: Dense,0,0,
73849,2021-08-15 14:00:00,40.667515,-73.98984,0,0,Following Too Closely,4448500,27.9,20.0,0.0,0.0,0.0,0.0,3,16.6,33.1,25,Overcast,0,0,
73850,2021-08-17 12:10:00,40.592213,-73.932556,0,0,Failure to Yield Right-of-Way,4448325,26.4,22.2,1.6,1.6,0.0,2.0,55,20.3,39.2,158,Drizzle: Dense,0,0,
73851,2021-08-17 01:07:00,40.641846,-74.17907,0,0,Driver Inattention/Distraction,4448472,26.4,22.2,1.6,1.6,0.0,2.0,55,20.3,39.2,158,Drizzle: Dense,0,0,
73852,2021-08-17 13:00:00,40.81317,-73.859146,1,0,Unspecified,4447915,26.4,22.2,1.6,1.6,0.0,2.0,55,20.3,39.2,158,Drizzle: Dense,1,1,
73853,2021-08-17 08:00:00,40.615433,-73.99775,0,0,Unspecified,4448022,26.4,22.2,1.6,1.6,0.0,2.0,55,20.3,39.2,158,Drizzle: Dense,0,0,
73854,2021-08-12 14:40:00,40.705833,-73.952705,0,0,Following Too Closely,4448697,35.2,23.1,0.0,0.0,0.0,0.0,3,21.0,47.5,220,Overcast,0,0,
73855,2021-08-17 15:31:00,40.790894,-73.945175,1,0,Passing or Lane Usage Improper,4448285,26.4,22.2,1.6,1.6,0.0,2.0,55,20.3,39.2,158,Drizzle: Dense,1,1,
73856,2021-08-17 19:10:00,40.717743,-73.93854,0,0,Drugs (illegal),4448586,26.4,22.2,1.6,1.6,0.0,2.0,55,20.3,39.2,158,Drizzle: Dense,0,0,
73857,2021-08-15 03:55:00,40.70955,-73.95886,1,0,Driver Inattention/Distraction,4448710,27.9,20.0,0.0,0.0,0.0,0.0,3,16.6,33.1,25,Overcast,1,1,
73858,2021-08-17 13:00:00,40.67452,-73.736084,3,0,Unspecified,4448046,26.4,22.2,1.6,1.6,0.0,2.0,55,20.3,39.2,158,Drizzle: Dense,3,3,
73859,2021-08-17 21:42:00,40.736153,-73.86755,0,0,Driver Inattention/Distraction,4448081,26.4,22.2,1.6,1.6,0.0,2.0,55,20.3,39.2,158,Drizzle: Dense,0,0,
73860,2021-08-15 13:53:00,40.78566,-73.98021,1,0,Other Vehicular,4448643,27.9,20.0,0.0,0.0,0.0,0.0,3,16.6,33.1,25,Overcast,1,1,
73861,2021-08-17 08:15:00,40.71946,-73.89117,0,0,Traffic Control Disregarded,4447964,26.4,22.2,1.6,1.6,0.0,2.0,55,20.3,39.2,158,Drizzle: Dense,0,0,
73862,2021-08-17 23:00:00,40.7295,-74.00093,0,0,Unspecified,4448555,26.4,22.2,1.6,1.6,0.0,2.0,55,20.3,39.2,158,Drizzle: Dense,0,0,
73863,2021-08-17 00:00:00,40.63266,-74.09223,0,0,Unspecified,4448376,26.4,22.2,1.6,1.6,0.0,2.0,55,20.3,39.2,158,Drizzle: Dense,0,0,
73864,2021-08-17 12:30:00,40.647095,-73.958145,0,0,Unspecified,4448444,26.4,22.2,1.6,1.6,0.0,2.0,55,20.3,39.2,158,Drizzle: Dense,0,0,
73865,2021-08-17 03:25:00,40.553284,-74.18027,0,0,Driver Inexperience,4448543,26.4,22.2,1.6,1.6,0.0,2.0,55,20.3,39.2,158,Drizzle: Dense,0,0,
73866,2021-08-14 20:46:00,40.82611,-73.897484,1,0,,4448629,31.3,24.2,2.5,2.5,0.0,5.0,55,16.9,32.8,286,Drizzle: Dense,1,1,
73867,2021-08-16 09:55:00,40.711124,-73.77602,0,0,Passing or Lane Usage Improper,4448601,26.6,19.9,0.0,0.0,0.0,0.0,3,17.7,33.8,121,Overcast,0,0,
73868,2021-08-17 10:32:00,40.6726,-73.86837,0,0,Unspecified,4448176,26.4,22.2,1.6,1.6,0.0,2.0,55,20.3,39.2,158,Drizzle: Dense,0,0,
73869,2021-08-17 17:17:00,40.85482,-73.9112,0,0,Alcohol Involvement,4448091,26.4,22.2,1.6,1.6,0.0,2.0,55,20.3,39.2,158,Drizzle: Dense,0,0,
73870,2021-08-17 21:10:00,40.666233,-73.761,4,0,Driver Inattention/Distraction,4448271,26.4,22.2,1.6,1.6,0.0,2.0,55,20.3,39.2,158,Drizzle: Dense,4,4,
73871,2021-08-14 13:45:00,40.713085,-73.94415,0,0,Backing Unsafely,4448690,31.3,24.2,2.5,2.5,0.0,5.0,55,16.9,32.8,286,Drizzle: Dense,0,0,
73872,2021-08-17 22:14:00,40.68956,-73.967125,0,0,Failure to Yield Right-of-Way,4448052,26.4,22.2,1.6,1.6,0.0,2.0,55,20.3,39.2,158,Drizzle: Dense,0,0,
73873,2021-08-17 08:40:00,40.812073,-73.93604,1,0,Unspecified,4448562,26.4,22.2,1.6,1.6,0.0,2.0,55,20.3,39.2,158,Drizzle: Dense,1,1,
73874,2021-08-17 22:00:00,40.682194,-74.00239,5,0,Following Too Closely,4448735,26.4,22.2,1.6,1.6,0.0,2.0,55,20.3,39.2,158,Drizzle: Dense,5,5,
73875,2021-08-17 11:30:00,40.75089,-73.75113,0,0,Unspecified,4448220,26.4,22.2,1.6,1.6,0.0,2.0,55,20.3,39.2,158,Drizzle: Dense,0,0,
73876,2021-08-17 14:05:00,40.69862,-73.920135,1,0,Failure to Yield Right-of-Way,4448101,26.4,22.2,1.6,1.6,0.0,2.0,55,20.3,39.2,158,Drizzle: Dense,1,1,
73877,2021-08-17 15:30:00,40.69406,-73.74953,0,0,Passing or Lane Usage Improper,4448221,26.4,22.2,1.6,1.6,0.0,2.0,55,20.3,39.2,158,Drizzle: Dense,0,0,
73878,2021-08-17 19:45:00,40.662533,-73.8983,0,0,Unspecified,4448167,26.4,22.2,1.6,1.6,0.0,2.0,55,20.3,39.2,158,Drizzle: Dense,0,0,
73879,2021-08-17 00:20:00,40.66955,-73.94497,2,0,Driver Inattention/Distraction,4447689,26.4,22.2,1.6,1.6,0.0,2.0,55,20.3,39.2,158,Drizzle: Dense,2,2,
73880,2021-08-17 23:56:00,40.672638,-73.965866,0,0,Driver Inattention/Distraction,4448647,26.4,22.2,1.6,1.6,0.0,2.0,55,20.3,39.2,158,Drizzle: Dense,0,0,
73881,2021-08-17 06:57:00,40.737034,-73.85519,0,0,Driver Inattention/Distraction,4448075,26.4,22.2,1.6,1.6,0.0,2.0,55,20.3,39.2,158,Drizzle: Dense,0,0,
73882,2021-08-13 16:55:00,40.51621,-74.196846,1,0,Driver Inattention/Distraction,4448517,33.2,24.8,0.0,0.0,0.0,0.0,3,18.2,34.9,215,Overcast,1,1,
73883,2021-07-23 21:55:00,40.68415,-73.97206,0,0,Unspecified,4448724,26.2,17.3,0.0,0.0,0.0,0.0,1,11.3,27.0,340,Mainly clear,0,0,Sunny/Clear Conditions
73884,2021-08-17 15:20:00,40.83937,-73.941536,0,0,Passing Too Closely,4448595,26.4,22.2,1.6,1.6,0.0,2.0,55,20.3,39.2,158,Drizzle: Dense,0,0,
73885,2021-08-17 00:35:00,40.65945,-73.89847,0,0,Passing or Lane Usage Improper,4447787,26.4,22.2,1.6,1.6,0.0,2.0,55,20.3,39.2,158,Drizzle: Dense,0,0,
73886,2021-08-17 07:35:00,40.69366,-73.983795,0,0,Passing or Lane Usage Improper,4448622,26.4,22.2,1.6,1.6,0.0,2.0,55,20.3,39.2,158,Drizzle: Dense,0,0,
73887,2021-08-17 17:19:00,40.74565,-73.92485,0,0,Backing Unsafely,4448049,26.4,22.2,1.6,1.6,0.0,2.0,55,20.3,39.2,158,Drizzle: Dense,0,0,
73888,2021-08-17 20:12:00,40.65289,-73.866745,2,0,Other Vehicular,4448168,26.4,22.2,1.6,1.6,0.0,2.0,55,20.3,39.2,158,Drizzle: Dense,2,2,
73889,2021-08-10 11:00:00,40.779995,-73.976906,0,0,Oversized Vehicle,4448652,27.3,20.4,3.8,3.8,0.0,11.0,61,18.0,36.0,170,Rain: Light,0,0,
73890,2021-08-17 15:48:00,40.753944,-73.972145,1,0,Traffic Control Disregarded,4448092,26.4,22.2,1.6,1.6,0.0,2.0,55,20.3,39.2,158,Drizzle: Dense,1,1,
73891,2021-08-14 21:30:00,40.897934,-73.857056,0,0,Failure to Yield Right-of-Way,4448508,31.3,24.2,2.5,2.5,0.0,5.0,55,16.9,32.8,286,Drizzle: Dense,0,0,
73892,2021-08-17 17:42:00,40.73771,-73.974266,2,0,Following Too Closely,4448560,26.4,22.2,1.6,1.6,0.0,2.0,55,20.3,39.2,158,Drizzle: Dense,2,2,
73893,2021-08-17 08:56:00,40.715355,-73.99341,0,0,Driver Inattention/Distraction,4448123,26.4,22.2,1.6,1.6,0.0,2.0,55,20.3,39.2,158,Drizzle: Dense,0,0,
73894,2021-08-13 09:55:00,40.867813,-73.92364,0,0,Driver Inattention/Distraction,4448757,33.2,24.8,0.0,0.0,0.0,0.0,3,18.2,34.9,215,Overcast,0,0,
73895,2021-08-06 23:39:00,40.784462,-73.97737,0,0,Passing Too Closely,4448642,28.9,17.4,0.0,0.0,0.0,0.0,3,18.1,38.2,188,Overcast,0,0,
73896,2021-08-17 15:00:00,40.76684,-73.838264,0,0,Unspecified,4448007,26.4,22.2,1.6,1.6,0.0,2.0,55,20.3,39.2,158,Drizzle: Dense,0,0,
73897,2021-08-17 11:15:00,40.644634,-73.943115,2,0,Traffic Control Disregarded,4448354,26.4,22.2,1.6,1.6,0.0,2.0,55,20.3,39.2,158,Drizzle: Dense,2,2,
73898,2021-08-13 19:53:00,40.627773,-74.079475,0,0,Unspecified,4448678,33.2,24.8,0.0,0.0,0.0,0.0,3,18.2,34.9,215,Overcast,0,0,
73899,2021-08-17 10:45:00,40.563416,-74.115555,1,0,View Obstructed/Limited,4447917,26.4,22.2,1.6,1.6,0.0,2.0,55,20.3,39.2,158,Drizzle: Dense,1,1,
73900,2021-08-17 15:00:00,40.768684,-73.90562,0,0,Passing Too Closely,4448244,26.4,22.2,1.6,1.6,0.0,2.0,55,20.3,39.2,158,Drizzle: Dense,0,0,
73901,2021-08-17 16:40:00,40.62229,-74.12078,0,0,Driver Inattention/Distraction,4448382,26.4,22.2,1.6,1.6,0.0,2.0,55,20.3,39.2,158,Drizzle: Dense,0,0,
73902,2021-08-17 13:27:00,40.83089,-73.941376,2,0,Driver Inattention/Distraction,4448105,26.4,22.2,1.6,1.6,0.0,2.0,55,20.3,39.2,158,Drizzle: Dense,2,2,
73903,2021-08-17 14:30:00,40.633026,-73.92546,1,0,Reaction to Uninvolved Vehicle,4448587,26.4,22.2,1.6,1.6,0.0,2.0,55,20.3,39.2,158,Drizzle: Dense,1,1,
73904,2021-08-15 10:52:00,40.82523,-73.88751,0,0,Unspecified,4448628,27.9,20.0,0.0,0.0,0.0,0.0,3,16.6,33.1,25,Overcast,0,0,
73905,2021-08-10 13:18:00,40.798832,-73.95203,3,0,Failure to Yield Right-of-Way,4448501,27.3,20.4,3.8,3.8,0.0,11.0,61,18.0,36.0,170,Rain: Light,3,3,
73906,2021-08-17 23:06:00,40.617382,-73.943474,0,0,Reaction to Uninvolved Vehicle,4448061,26.4,22.2,1.6,1.6,0.0,2.0,55,20.3,39.2,158,Drizzle: Dense,0,0,
73907,2021-08-17 16:14:00,40.6352,-73.896355,0,0,Driver Inexperience,4448698,26.4,22.2,1.6,1.6,0.0,2.0,55,20.3,39.2,158,Drizzle: Dense,0,0,
73908,2021-08-07 20:55:00,40.720104,-74.00677,0,0,Unspecified,4448578,29.7,19.9,0.0,0.0,0.0,0.0,3,24.2,45.0,198,Overcast,0,0,
73909,2021-08-17 23:26:00,40.89193,-73.848076,4,0,Failure to Yield Right-of-Way,4448296,26.4,22.2,1.6,1.6,0.0,2.0,55,20.3,39.2,158,Drizzle: Dense,4,4,
73910,2021-08-17 04:15:00,40.667313,-73.73926,0,0,Unsafe Speed,4447812,26.4,22.2,1.6,1.6,0.0,2.0,55,20.3,39.2,158,Drizzle: Dense,0,0,
73911,2021-08-17 15:09:00,40.82577,-73.91542,1,0,Traffic Control Disregarded,4448469,26.4,22.2,1.6,1.6,0.0,2.0,55,20.3,39.2,158,Drizzle: Dense,1,1,
73912,2021-08-17 22:12:00,40.630283,-74.01635,0,0,Unspecified,4448036,26.4,22.2,1.6,1.6,0.0,2.0,55,20.3,39.2,158,Drizzle: Dense,0,0,
73913,2021-08-17 17:55:00,40.74044,-73.949936,1,0,Driver Inattention/Distraction,4448401,26.4,22.2,1.6,1.6,0.0,2.0,55,20.3,39.2,158,Drizzle: Dense,1,1,
73914,2021-08-17 06:28:00,40.61384,-73.981445,0,0,Pedestrian/Bicyclist/Other Pedestrian Error/Confusion,4448252,26.4,22.2,1.6,1.6,0.0,2.0,55,20.3,39.2,158,Drizzle: Dense,0,0,
73915,2021-08-17 17:05:00,40.833614,-73.857285,2,0,Unspecified,4448150,26.4,22.2,1.6,1.6,0.0,2.0,55,20.3,39.2,158,Drizzle: Dense,2,2,
73916,2021-08-17 17:38:00,40.8688,-73.85831,0,0,Driver Inattention/Distraction,4448636,26.4,22.2,1.6,1.6,0.0,2.0,55,20.3,39.2,158,Drizzle: Dense,0,0,
73917,2021-08-17 19:00:00,40.597954,-73.73919,2,0,Following Too Closely,4448181,26.4,22.2,1.6,1.6,0.0,2.0,55,20.3,39.2,158,Drizzle: Dense,2,2,
73918,2021-08-15 17:35:00,40.816936,-73.9574,0,0,Unspecified,4448579,27.9,20.0,0.0,0.0,0.0,0.0,3,16.6,33.1,25,Overcast,0,0,
73919,2021-08-17 17:04:00,40.57275,-73.997055,0,0,Passing Too Closely,4448080,26.4,22.2,1.6,1.6,0.0,2.0,55,20.3,39.2,158,Drizzle: Dense,0,0,
73920,2021-08-17 21:30:00,40.742657,-73.846214,1,0,Driver Inattention/Distraction,4448485,26.4,22.2,1.6,1.6,0.0,2.0,55,20.3,39.2,158,Drizzle: Dense,1,1,
73921,2021-08-13 18:00:00,40.502804,-74.25186,0,0,Driver Inattention/Distraction,4448544,33.2,24.8,0.0,0.0,0.0,0.0,3,18.2,34.9,215,Overcast,0,0,
73922,2021-08-17 11:17:00,40.644825,-73.99628,0,0,Brakes Defective,4448428,26.4,22.2,1.6,1.6,0.0,2.0,55,20.3,39.2,158,Drizzle: Dense,0,0,
73923,2021-08-17 09:00:00,40.760464,-73.826546,1,0,Traffic Control Disregarded,4447866,26.4,22.2,1.6,1.6,0.0,2.0,55,20.3,39.2,158,Drizzle: Dense,1,1,
73924,2021-08-17 23:00:00,40.630913,-74.01433,1,0,Failure to Yield Right-of-Way,4448207,26.4,22.2,1.6,1.6,0.0,2.0,55,20.3,39.2,158,Drizzle: Dense,1,1,
73925,2021-08-17 06:51:00,40.651546,-73.95257,0,0,Unspecified,4448014,26.4,22.2,1.6,1.6,0.0,2.0,55,20.3,39.2,158,Drizzle: Dense,0,0,
73926,2021-08-17 20:41:00,40.65931,-73.91295,0,0,Backing Unsafely,4448228,26.4,22.2,1.6,1.6,0.0,2.0,55,20.3,39.2,158,Drizzle: Dense,0,0,
73927,2021-08-17 06:42:00,40.59011,-73.97422,0,0,Driver Inattention/Distraction,4448074,26.4,22.2,1.6,1.6,0.0,2.0,55,20.3,39.2,158,Drizzle: Dense,0,0,
73928,2021-08-17 09:01:00,40.73321,-73.981064,0,0,Unsafe Lane Changing,4448206,26.4,22.2,1.6,1.6,0.0,2.0,55,20.3,39.2,158,Drizzle: Dense,0,0,
73929,2021-08-05 08:20:00,40.81558,-73.88694,0,0,Unspecified,4448600,27.1,17.4,0.1,0.1,0.0,1.0,51,13.2,27.0,5,Drizzle: Light,0,0,
73930,2021-08-17 11:20:00,40.766193,-73.95817,0,0,Passing Too Closely,4448128,26.4,22.2,1.6,1.6,0.0,2.0,55,20.3,39.2,158,Drizzle: Dense,0,0,
73931,2021-08-15 21:19:00,40.77377,-73.98395,0,0,Failure to Yield Right-of-Way,4448614,27.9,20.0,0.0,0.0,0.0,0.0,3,16.6,33.1,25,Overcast,0,0,
73932,2021-08-17 00:58:00,40.72543,-73.99678,3,0,Reaction to Uninvolved Vehicle,4447738,26.4,22.2,1.6,1.6,0.0,2.0,55,20.3,39.2,158,Drizzle: Dense,3,3,
73933,2021-08-13 16:00:00,40.77242,-73.97873,0,0,Glare,4448648,33.2,24.8,0.0,0.0,0.0,0.0,3,18.2,34.9,215,Overcast,0,0,
73934,2021-08-16 11:00:00,40.54232,-74.177444,0,0,Driver Inattention/Distraction,4448516,26.6,19.9,0.0,0.0,0.0,0.0,3,17.7,33.8,121,Overcast,0,0,
73935,2021-08-17 20:00:00,40.88385,-73.83435,0,0,Backing Unsafely,4448383,26.4,22.2,1.6,1.6,0.0,2.0,55,20.3,39.2,158,Drizzle: Dense,0,0,
73936,2021-08-17 09:02:00,40.695114,-73.90322,0,0,Following Too Closely,4447989,26.4,22.2,1.6,1.6,0.0,2.0,55,20.3,39.2,158,Drizzle: Dense,0,0,
73937,2021-08-17 13:53:00,40.735638,-73.91744,0,0,Unspecified,4447997,26.4,22.2,1.6,1.6,0.0,2.0,55,20.3,39.2,158,Drizzle: Dense,0,0,
73938,2021-08-17 19:00:00,40.833233,-73.8282,2,0,Unspecified,4448273,26.4,22.2,1.6,1.6,0.0,2.0,55,20.3,39.2,158,Drizzle: Dense,2,2,
73939,2021-08-10 17:30:00,40.77259,-73.99275,0,0,Driver Inattention/Distraction,4448646,27.3,20.4,3.8,3.8,0.0,11.0,61,18.0,36.0,170,Rain: Light,0,0,
73940,2021-08-17 15:00:00,40.66845,-73.99354,0,0,Failure to Yield Right-of-Way,4448020,26.4,22.2,1.6,1.6,0.0,2.0,55,20.3,39.2,158,Drizzle: Dense,0,0,
73941,2021-08-17 16:15:00,40.632465,-73.897316,3,0,Unsafe Lane Changing,4448359,26.4,22.2,1.6,1.6,0.0,2.0,55,20.3,39.2,158,Drizzle: Dense,3,3,
73942,2021-08-12 15:06:00,40.67921,-73.91375,1,0,Traffic Control Disregarded,4448687,35.2,23.1,0.0,0.0,0.0,0.0,3,21.0,47.5,220,Overcast,1,1,
73943,2021-08-17 23:45:00,40.668648,-73.92835,1,0,Traffic Control Disregarded,4448060,26.4,22.2,1.6,1.6,0.0,2.0,55,20.3,39.2,158,Drizzle: Dense,1,1,
73944,2021-08-17 16:30:00,40.820522,-73.91451,0,0,Unsafe Speed,4448445,26.4,22.2,1.6,1.6,0.0,2.0,55,20.3,39.2,158,Drizzle: Dense,0,0,
73945,2021-08-14 14:09:00,40.761234,-73.96389,0,0,Unsafe Lane Changing,4448742,31.3,24.2,2.5,2.5,0.0,5.0,55,16.9,32.8,286,Drizzle: Dense,0,0,
73946,2021-08-17 08:30:00,40.674934,-73.80186,1,0,Following Too Closely,4447884,26.4,22.2,1.6,1.6,0.0,2.0,55,20.3,39.2,158,Drizzle: Dense,1,1,
73947,2021-08-17 13:29:00,40.84413,-73.914215,1,0,Brakes Defective,4448278,26.4,22.2,1.6,1.6,0.0,2.0,55,20.3,39.2,158,Drizzle: Dense,1,1,
73948,2021-08-17 10:00:00,40.616066,-73.95546,0,0,Unspecified,4448438,26.4,22.2,1.6,1.6,0.0,2.0,55,20.3,39.2,158,Drizzle: Dense,0,0,
73949,2021-08-17 20:05:00,40.626015,-74.15655,0,0,Unspecified,4448478,26.4,22.2,1.6,1.6,0.0,2.0,55,20.3,39.2,158,Drizzle: Dense,0,0,
73950,2021-08-17 11:19:00,40.663467,-73.73466,0,0,Backing Unsafely,4447918,26.4,22.2,1.6,1.6,0.0,2.0,55,20.3,39.2,158,Drizzle: Dense,0,0,
73951,2021-08-17 12:27:00,40.640488,-73.9056,0,0,Aggressive Driving/Road Rage,4448019,26.4,22.2,1.6,1.6,0.0,2.0,55,20.3,39.2,158,Drizzle: Dense,0,0,
73952,2021-08-07 15:00:00,40.648808,-73.90542,0,0,Unspecified,4448699,29.7,19.9,0.0,0.0,0.0,0.0,3,24.2,45.0,198,Overcast,0,0,
73953,2021-08-11 05:40:00,40.813797,-73.94987,0,0,Alcohol Involvement,4448716,31.2,23.2,2.8,2.8,0.0,7.0,55,23.7,44.6,206,Drizzle: Dense,0,0,
73954,2021-08-17 22:10:00,40.66585,-73.88392,0,0,Oversized Vehicle,4448169,26.4,22.2,1.6,1.6,0.0,2.0,55,20.3,39.2,158,Drizzle: Dense,0,0,
73955,2021-08-13 17:15:00,40.709755,-73.95707,1,0,Failure to Yield Right-of-Way,4448692,33.2,24.8,0.0,0.0,0.0,0.0,3,18.2,34.9,215,Overcast,1,1,
73956,2021-08-07 08:07:00,40.774143,-73.98682,0,0,Driver Inattention/Distraction,4448641,29.7,19.9,0.0,0.0,0.0,0.0,3,24.2,45.0,198,Overcast,0,0,
73957,2021-08-17 09:05:00,40.66343,-73.95874,0,0,Driver Inattention/Distraction,4447954,26.4,22.2,1.6,1.6,0.0,2.0,55,20.3,39.2,158,Drizzle: Dense,0,0,
73958,2021-08-17 15:35:00,40.777004,-73.96374,1,0,Driver Inattention/Distraction,4448070,26.4,22.2,1.6,1.6,0.0,2.0,55,20.3,39.2,158,Drizzle: Dense,1,1,
73959,2021-08-17 06:35:00,40.709316,-73.73441,1,0,Traffic Control Disregarded,4447858,26.4,22.2,1.6,1.6,0.0,2.0,55,20.3,39.2,158,Drizzle: Dense,1,1,
73960,2021-08-17 16:01:00,40.76226,-73.75699,0,0,Following Too Closely,4448042,26.4,22.2,1.6,1.6,0.0,2.0,55,20.3,39.2,158,Drizzle: Dense,0,0,
73961,2021-08-17 17:50:00,40.70715,-73.79299,0,0,Driver Inattention/Distraction,4448260,26.4,22.2,1.6,1.6,0.0,2.0,55,20.3,39.2,158,Drizzle: Dense,0,0,
73962,2021-08-17 15:10:00,40.814487,-73.95547,0,0,View Obstructed/Limited,4448028,26.4,22.2,1.6,1.6,0.0,2.0,55,20.3,39.2,158,Drizzle: Dense,0,0,
73963,2021-08-15 22:20:00,40.844746,-73.94243,0,0,Driver Inattention/Distraction,4448598,27.9,20.0,0.0,0.0,0.0,0.0,3,16.6,33.1,25,Overcast,0,0,
73964,2021-08-17 19:13:00,40.81722,-73.91924,0,0,Unspecified,4448446,26.4,22.2,1.6,1.6,0.0,2.0,55,20.3,39.2,158,Drizzle: Dense,0,0,