,CRASH DATETIME,LATITUDE,LONGITUDE,NUMBER OF PERSONS INJURED,NUMBER OF PERSONS KILLED,CONTRIBUTING FACTOR VEHICLE 1,COLLISION_ID,temperature_2m_max,temperature_2m_min,precipitation_sum,rain_sum,snowfall_sum,precipitation_hours,weather_code,wind_speed_10m_max,wind_gusts_10m_max,wind_direction_10m_dominant,Weather Description,Severity_Score,Total_Affected_Persons,Weather_Category
73965,2021-08-17 12:44:00,40.849407,-73.900894,0,0,Traffic Control Disregarded,4448093,26.4,22.2,1.6,1.6,0.0,2.0,55,20.3,39.2,158,Drizzle: Dense,0,0,
73966,2021-08-17 12:04:00,40.614162,-73.937546,2,0,Failure to Yield Right-of-Way,4448342,26.4,22.2,1.6,1.6,0.0,2.0,55,20.3,39.2,158,Drizzle: Dense,2,2,
73967,2021-08-17 18:54:00,40.789646,-73.94608,1,0,Failure to Yield Right-of-Way,4448465,26.4,22.2,1.6,1.6,0.0,2.0,55,20.3,39.2,158,Drizzle: Dense,1,1,
73968,2021-08-17 04:45:00,40.675423,-73.738434,3,0,Alcohol Involvement,4448422,26.4,22.2,1.6,1.6,0.0,2.0,55,20.3,39.2,158,Drizzle: Dense,3,3,
73969,2021-08-17 16:10:00,40.598354,-73.74833,0,0,Driver Inexperience,4448158,26.4,22.2,1.6,1.6,0.0,2.0,55,20.3,39.2,158,Drizzle: Dense,0,0,
73970,2021-08-10 21:30:00,40.551826,-74.15793,1,0,Aggressive Driving/Road Rage,4448558,27.3,20.4,3.8,3.8,0.0,11.0,61,18.0,36.0,170,Rain: Light,1,1,
73971,2021-08-17 21:38:00,40.711628,-73.729385,1,0,Unspecified,4448676,26.4,22.2,1.6,1.6,0.0,2.0,55,20.3,39.2,158,Drizzle: Dense,1,1,
73972,2021-10-21 16:59:00,40.7328663,-73.7321859,1,0,Unspecified,4469584,22.9,12.0,0.0,0.0,0.0,0.0,3,17.0,31.7,207,Overcast,1,1,
73973,2021-08-17 00:15:00,40.851044,-73.91488,0,0,Other Vehicular,4448088,26.4,22.2,1.6,1.6,0.0,2.0,55,20.3,39.2,158,Drizzle: Dense,0,0,
73974,2021-08-17 12:00:00,40.641216,-73.99934,0,0,Backing Unsafely,4448077,26.4,22.2,1.6,1.6,0.0,2.0,55,20.3,39.2,158,Drizzle: Dense,0,0,
73975,2021-08-16 10:07:00,40.68459,-73.989136,1,0,Alcohol Involvement,4448615,26.6,19.9,0.0,0.0,0.0,0.0,3,17.7,33.8,121,Overcast,1,1,
73976,2021-08-17 14:30:00,40.69423,-73.78953,2,0,Failure to Yield Right-of-Way,4448008,26.4,22.2,1.6,1.6,0.0,2.0,55,20.3,39.2,158,Drizzle: Dense,2,2,
73977,2021-08-17 14:50:00,40.6051,-74.16112,0,0,Steering Failure,4448112,26.4,22.2,1.6,1.6,0.0,2.0,55,20.3,39.2,158,Drizzle: Dense,0,0,
73978,2021-08-17 16:35:00,40.851093,-73.93244,2,0,Driver Inattention/Distraction,4448758,26.4,22.2,1.6,1.6,0.0,2.0,55,20.3,39.2,158,Drizzle: Dense,2,2,
73979,2021-08-17 17:00:00,40.713974,-73.953094,1,0,Unsafe Lane Changing,4448664,26.4,22.2,1.6,1.6,0.0,2.0,55,20.3,39.2,158,Drizzle: Dense,1,1,
73980,2021-08-14 21:47:00,40.83899,-73.78343,0,0,Unspecified,4448523,31.3,24.2,2.5,2.5,0.0,5.0,55,16.9,32.8,286,Drizzle: Dense,0,0,
73981,2021-08-17 16:10:00,40.68148,-73.95736,1,0,Pedestrian/Bicyclist/Other Pedestrian Error/Confusion,4448250,26.4,22.2,1.6,1.6,0.0,2.0,55,20.3,39.2,158,Drizzle: Dense,1,1,
73982,2021-08-17 11:22:00,40.561092,-74.16984,1,0,Unspecified,4448545,26.4,22.2,1.6,1.6,0.0,2.0,55,20.3,39.2,158,Drizzle: Dense,1,1,
73983,2021-08-17 17:05:00,40.68238,-73.90565,1,0,Unsafe Speed,4448103,26.4,22.2,1.6,1.6,0.0,2.0,55,20.3,39.2,158,Drizzle: Dense,1,1,
73984,2021-08-17 21:10:00,40.61877,-73.929794,0,0,Unspecified,4448062,26.4,22.2,1.6,1.6,0.0,2.0,55,20.3,39.2,158,Drizzle: Dense,0,0,
73985,2021-08-15 14:40:00,40.624603,-74.079605,0,0,Backing Unsafely,4448626,27.9,20.0,0.0,0.0,0.0,0.0,3,16.6,33.1,25,Overcast,0,0,
73986,2021-08-17 18:56:00,40.83404,-73.85328,1,0,Unspecified,4448290,26.4,22.2,1.6,1.6,0.0,2.0,55,20.3,39.2,158,Drizzle: Dense,1,1,
73987,2021-08-17 21:30:00,40.70166,-73.961464,0,0,Driver Inattention/Distraction,4448135,26.4,22.2,1.6,1.6,0.0,2.0,55,20.3,39.2,158,Drizzle: Dense,0,0,
73988,2021-06-08 14:56:00,40.750763,-73.97446,1,0,Passenger Distraction,4448686,30.1,22.0,5.9,5.9,0.0,9.0,61,16.6,34.6,215,Rain: Light,1,1,
73989,2021-08-17 08:16:00,40.672527,-73.86833,0,0,Unspecified,4448571,26.4,22.2,1.6,1.6,0.0,2.0,55,20.3,39.2,158,Drizzle: Dense,0,0,
73990,2021-08-17 09:00:00,40.712856,-73.92224,0,0,Driver Inattention/Distraction,4448237,26.4,22.2,1.6,1.6,0.0,2.0,55,20.3,39.2,158,Drizzle: Dense,0,0,
73991,2021-08-01 19:45:00,40.80151,-73.95007,0,0,Backing Unsafely,4448580,24.4,16.6,0.8,0.8,0.0,5.0,51,19.9,39.2,168,Drizzle: Light,0,0,
73992,2021-08-17 01:10:00,40.805668,-73.93648,0,0,Reaction to Uninvolved Vehicle,4447750,26.4,22.2,1.6,1.6,0.0,2.0,55,20.3,39.2,158,Drizzle: Dense,0,0,
73993,2021-08-09 14:40:00,40.774113,-73.98863,0,0,Driver Inexperience,4448649,26.2,20.1,1.1,1.1,0.0,7.0,51,17.3,34.6,36,Drizzle: Light,0,0,
73994,2021-08-17 23:17:00,40.86173,-73.91182,1,0,Driver Inattention/Distraction,4448610,26.4,22.2,1.6,1.6,0.0,2.0,55,20.3,39.2,158,Drizzle: Dense,1,1,
73995,2021-08-17 16:35:00,40.729572,-73.83383,0,0,Following Too Closely,4448085,26.4,22.2,1.6,1.6,0.0,2.0,55,20.3,39.2,158,Drizzle: Dense,0,0,
73996,2021-08-17 19:30:00,40.62965,-73.944305,0,0,Driver Inattention/Distraction,4448385,26.4,22.2,1.6,1.6,0.0,2.0,55,20.3,39.2,158,Drizzle: Dense,0,0,
73997,2021-08-17 08:01:00,40.742783,-73.899216,0,0,Backing Unsafely,4447998,26.4,22.2,1.6,1.6,0.0,2.0,55,20.3,39.2,158,Drizzle: Dense,0,0,
73998,2021-08-17 11:05:00,40.860935,-73.90656,1,0,Reaction to Uninvolved Vehicle,4448362,26.4,22.2,1.6,1.6,0.0,2.0,55,20.3,39.2,158,Drizzle: Dense,1,1,
73999,2021-08-16 15:00:00,40.781715,-73.98682,0,0,Passing or Lane Usage Improper,4448634,26.6,19.9,0.0,0.0,0.0,0.0,3,17.7,33.8,121,Overcast,0,0,
74000,2021-08-17 10:55:00,40.75363,-73.88597,1,0,Unspecified,4448537,26.4,22.2,1.6,1.6,0.0,2.0,55,20.3,39.2,158,Drizzle: Dense,1,1,
74001,2021-08-17 19:11:00,40.830906,-73.8736,2,0,Driver Inattention/Distraction,4448157,26.4,22.2,1.6,1.6,0.0,2.0,55,20.3,39.2,158,Drizzle: Dense,2,2,
74002,2021-08-17 07:28:00,40.898907,-73.90318,0,0,Backing Unsafely,4448180,26.4,22.2,1.6,1.6,0.0,2.0,55,20.3,39.2,158,Drizzle: Dense,0,0,
74003,2021-08-17 15:30:00,40.760777,-74.00219,1,0,Reaction to Uninvolved Vehicle,4448265,26.4,22.2,1.6,1.6,0.0,2.0,55,20.3,39.2,158,Drizzle: Dense,1,1,
74004,2021-08-17 18:13:00,40.742275,-73.91105,0,0,Backing Unsafely,4448026,26.4,22.2,1.6,1.6,0.0,2.0,55,20.3,39.2,158,Drizzle: Dense,0,0,
74005,2021-08-17 21:50:00,40.669273,-73.922554,0,0,Driver Inattention/Distraction,4448057,26.4,22.2,1.6,1.6,0.0,2.0,55,20.3,39.2,158,Drizzle: Dense,0,0,
74006,2021-08-17 00:54:00,40.71512,-73.77358,1,0,Unspecified,4447906,26.4,22.2,1.6,1.6,0.0,2.0,55,20.3,39.2,158,Drizzle: Dense,1,1,
74007,2021-08-13 08:16:00,40.712536,-73.95139,0,0,Passing Too Closely,4448693,33.2,24.8,0.0,0.0,0.0,0.0,3,18.2,34.9,215,Overcast,0,0,
74008,2021-08-17 14:02:00,0.0,0.0,0,0,Following Too Closely,4448279,26.4,22.2,1.6,1.6,0.0,2.0,55,20.3,39.2,158,Drizzle: Dense,0,0,
74009,2021-08-17 21:00:00,40.716114,-73.824905,0,0,Unspecified,4448108,26.4,22.2,1.6,1.6,0.0,2.0,55,20.3,39.2,158,Drizzle: Dense,0,0,
74010,2021-08-11 00:49:00,40.78517,-73.973145,0,0,Driver Inattention/Distraction,4448645,31.2,23.2,2.8,2.8,0.0,7.0,55,23.7,44.6,206,Drizzle: Dense,0,0,
74011,2021-08-17 18:51:00,40.736065,-73.89598,0,0,Unspecified,4448029,26.4,22.2,1.6,1.6,0.0,2.0,55,20.3,39.2,158,Drizzle: Dense,0,0,
74012,2021-08-17 12:04:00,40.580868,-73.95077,1,0,Unsafe Speed,4448063,26.4,22.2,1.6,1.6,0.0,2.0,55,20.3,39.2,158,Drizzle: Dense,1,1,
74013,2021-08-14 09:22:00,40.858196,-73.907906,0,0,Unspecified,4448504,31.3,24.2,2.5,2.5,0.0,5.0,55,16.9,32.8,286,Drizzle: Dense,0,0,
74014,2021-08-17 23:55:00,40.788795,-73.93755,0,0,Unsafe Lane Changing,4448439,26.4,22.2,1.6,1.6,0.0,2.0,55,20.3,39.2,158,Drizzle: Dense,0,0,
74015,2021-08-17 22:31:00,40.805016,-73.92109,0,0,Unspecified,4448447,26.4,22.2,1.6,1.6,0.0,2.0,55,20.3,39.2,158,Drizzle: Dense,0,0,
74016,2021-08-17 10:30:00,40.72135,-74.00465,0,0,Reaction to Uninvolved Vehicle,4447878,26.4,22.2,1.6,1.6,0.0,2.0,55,20.3,39.2,158,Drizzle: Dense,0,0,
74017,2021-08-17 16:33:00,40.857475,-73.836296,1,0,Unspecified,4448197,26.4,22.2,1.6,1.6,0.0,2.0,55,20.3,39.2,158,Drizzle: Dense,1,1,
74018,2021-08-17 22:46:00,40.815865,-73.899216,1,0,Alcohol Involvement,4448287,26.4,22.2,1.6,1.6,0.0,2.0,55,20.3,39.2,158,Drizzle: Dense,1,1,
74019,2021-08-17 04:54:00,40.74639,-73.977646,4,0,Traffic Control Disregarded,4447830,26.4,22.2,1.6,1.6,0.0,2.0,55,20.3,39.2,158,Drizzle: Dense,4,4,
74020,2021-08-17 17:45:00,40.727844,-73.98223,1,0,Driver Inattention/Distraction,4448072,26.4,22.2,1.6,1.6,0.0,2.0,55,20.3,39.2,158,Drizzle: Dense,1,1,
74021,2021-08-17 16:36:00,40.62454,-73.9838,0,0,Unspecified,4448434,26.4,22.2,1.6,1.6,0.0,2.0,55,20.3,39.2,158,Drizzle: Dense,0,0,
74022,2021-08-17 22:15:00,40.745037,-73.98705,0,0,Other Vehicular,4448257,26.4,22.2,1.6,1.6,0.0,2.0,55,20.3,39.2,158,Drizzle: Dense,0,0,
74023,2021-08-17 14:20:00,40.65315,-73.94117,0,0,Driver Inattention/Distraction,4448018,26.4,22.2,1.6,1.6,0.0,2.0,55,20.3,39.2,158,Drizzle: Dense,0,0,
74024,2021-08-16 00:35:00,40.63877,-74.07574,0,0,Driver Inattention/Distraction,4448625,26.6,19.9,0.0,0.0,0.0,0.0,3,17.7,33.8,121,Overcast,0,0,
74025,2021-08-11 13:00:00,40.691578,-73.73088,0,0,Unspecified,4448590,31.2,23.2,2.8,2.8,0.0,7.0,55,23.7,44.6,206,Drizzle: Dense,0,0,
74026,2021-08-17 22:10:00,40.69453,-73.82588,0,0,Unsafe Lane Changing,4448113,26.4,22.2,1.6,1.6,0.0,2.0,55,20.3,39.2,158,Drizzle: Dense,0,0,
74027,2021-08-17 23:06:00,40.68251,-73.976326,0,0,Driver Inattention/Distraction,4448098,26.4,22.2,1.6,1.6,0.0,2.0,55,20.3,39.2,158,Drizzle: Dense,0,0,
74028,2021-08-09 16:11:00,40.789623,-73.94007,1,0,Turning Improperly,4448512,26.2,20.1,1.1,1.1,0.0,7.0,51,17.3,34.6,36,Drizzle: Light,1,1,
74029,2021-08-17 13:43:00,40.78268,-73.95327,1,0,Driver Inattention/Distraction,4448127,26.4,22.2,1.6,1.6,0.0,2.0,55,20.3,39.2,158,Drizzle: Dense,1,1,
74030,2021-08-17 03:20:00,40.647934,-73.95444,0,0,Alcohol Involvement,4448013,26.4,22.2,1.6,1.6,0.0,2.0,55,20.3,39.2,158,Drizzle: Dense,0,0,
74031,2021-08-17 12:00:00,40.75043,-73.93533,0,0,Unspecified,4447953,26.4,22.2,1.6,1.6,0.0,2.0,55,20.3,39.2,158,Drizzle: Dense,0,0,
74032,2021-08-10 15:33:00,40.77178,-73.9792,1,0,Driver Inattention/Distraction,4448640,27.3,20.4,3.8,3.8,0.0,11.0,61,18.0,36.0,170,Rain: Light,1,1,
74033,2021-08-17 13:53:00,40.658836,-73.92365,0,0,Unspecified,4448328,26.4,22.2,1.6,1.6,0.0,2.0,55,20.3,39.2,158,Drizzle: Dense,0,0,
74034,2021-08-17 23:37:00,40.62334,-73.95595,3,0,Unspecified,4448455,26.4,22.2,1.6,1.6,0.0,2.0,55,20.3,39.2,158,Drizzle: Dense,3,3,
74035,2021-08-17 16:45:00,40.75548,-73.74173,1,0,Unsafe Lane Changing,4448043,26.4,22.2,1.6,1.6,0.0,2.0,55,20.3,39.2,158,Drizzle: Dense,1,1,
74036,2021-08-17 19:00:00,40.752487,-73.87438,0,0,Unspecified,4448164,26.4,22.2,1.6,1.6,0.0,2.0,55,20.3,39.2,158,Drizzle: Dense,0,0,
74037,2021-08-17 17:15:00,40.814465,-73.95305,0,0,Following Too Closely,4448413,26.4,22.2,1.6,1.6,0.0,2.0,55,20.3,39.2,158,Drizzle: Dense,0,0,
74038,2021-08-17 13:21:00,40.7672,-73.887825,0,0,Unspecified,4447925,26.4,22.2,1.6,1.6,0.0,2.0,55,20.3,39.2,158,Drizzle: Dense,0,0,
74039,2021-08-17 01:00:00,40.843956,-73.8978,0,0,Windshield Inadequate,4447798,26.4,22.2,1.6,1.6,0.0,2.0,55,20.3,39.2,158,Drizzle: Dense,0,0,
74040,2021-08-17 09:02:00,40.842068,-73.8975,0,0,Driver Inattention/Distraction,4448076,26.4,22.2,1.6,1.6,0.0,2.0,55,20.3,39.2,158,Drizzle: Dense,0,0,
74041,2021-08-06 15:05:00,40.7145,-73.961296,0,0,Driver Inattention/Distraction,4448711,28.9,17.4,0.0,0.0,0.0,0.0,3,18.1,38.2,188,Overcast,0,0,
74042,2021-08-17 23:25:00,40.670124,-73.8582,0,0,Other Vehicular,4448170,26.4,22.2,1.6,1.6,0.0,2.0,55,20.3,39.2,158,Drizzle: Dense,0,0,
74043,2021-08-17 13:00:00,40.6764,-73.741325,2,0,Unspecified,4448047,26.4,22.2,1.6,1.6,0.0,2.0,55,20.3,39.2,158,Drizzle: Dense,2,2,
74044,2021-08-16 20:19:00,40.835358,-73.94022,0,0,Traffic Control Disregarded,4448597,26.6,19.9,0.0,0.0,0.0,0.0,3,17.7,33.8,121,Overcast,0,0,
74045,2021-08-17 23:00:00,40.839355,-73.845825,0,0,Turning Improperly,4448522,26.4,22.2,1.6,1.6,0.0,2.0,55,20.3,39.2,158,Drizzle: Dense,0,0,
74046,2021-08-10 16:40:00,40.707653,-73.93984,0,0,Unspecified,4448665,27.3,20.4,3.8,3.8,0.0,11.0,61,18.0,36.0,170,Rain: Light,0,0,
74047,2021-08-17 20:54:00,40.852383,-73.92048,1,0,Unsafe Speed,4448089,26.4,22.2,1.6,1.6,0.0,2.0,55,20.3,39.2,158,Drizzle: Dense,1,1,
74048,2021-08-14 20:05:00,40.84784,-73.93953,0,0,Failure to Yield Right-of-Way,4448547,31.3,24.2,2.5,2.5,0.0,5.0,55,16.9,32.8,286,Drizzle: Dense,0,0,
74049,2021-08-02 17:50:00,40.714382,-73.93345,0,0,Unspecified,4448701,26.4,17.2,0.0,0.0,0.0,0.0,3,18.4,37.4,313,Overcast,0,0,
74050,2021-08-17 16:25:00,40.84166,-73.86039,0,0,Unspecified,4448284,26.4,22.2,1.6,1.6,0.0,2.0,55,20.3,39.2,158,Drizzle: Dense,0,0,
74051,2021-08-16 22:20:00,40.846214,-73.82024,1,0,Other Vehicular,4448755,26.6,19.9,0.0,0.0,0.0,0.0,3,17.7,33.8,121,Overcast,1,1,
74052,2021-08-17 19:30:00,40.63556,-73.922844,0,0,Unspecified,4447999,26.4,22.2,1.6,1.6,0.0,2.0,55,20.3,39.2,158,Drizzle: Dense,0,0,
74053,2021-08-17 20:40:00,40.66258,-73.92652,1,0,Unspecified,4448390,26.4,22.2,1.6,1.6,0.0,2.0,55,20.3,39.2,158,Drizzle: Dense,1,1,
74054,2021-08-08 20:28:00,40.784534,-73.9736,0,0,Following Too Closely,4448644,22.9,19.4,12.7,12.7,0.0,17.0,63,19.9,36.0,38,Rain: Moderate,0,0,
74055,2021-08-17 10:55:00,40.712917,-73.87736,0,0,Oversized Vehicle,4447965,26.4,22.2,1.6,1.6,0.0,2.0,55,20.3,39.2,158,Drizzle: Dense,0,0,
74056,2021-08-17 11:15:00,40.726448,-73.75632,0,0,Driver Inattention/Distraction,4448033,26.4,22.2,1.6,1.6,0.0,2.0,55,20.3,39.2,158,Drizzle: Dense,0,0,
74057,2021-08-17 14:25:00,40.74197,-73.84116,0,0,Passing or Lane Usage Improper,4448476,26.4,22.2,1.6,1.6,0.0,2.0,55,20.3,39.2,158,Drizzle: Dense,0,0,
74058,2021-08-17 13:58:00,40.73135,-73.98256,0,0,Other Vehicular,4448449,26.4,22.2,1.6,1.6,0.0,2.0,55,20.3,39.2,158,Drizzle: Dense,0,0,
74059,2021-08-17 06:25:00,40.726326,-73.7662,0,0,Unspecified,4447907,26.4,22.2,1.6,1.6,0.0,2.0,55,20.3,39.2,158,Drizzle: Dense,0,0,
74060,2021-08-17 18:00:00,40.713436,-73.76119,0,0,Passing or Lane Usage Improper,4448669,26.4,22.2,1.6,1.6,0.0,2.0,55,20.3,39.2,158,Drizzle: Dense,0,0,
74061,2021-08-15 12:00:00,40.539318,-74.197655,0,0,Driver Inattention/Distraction,4448542,27.9,20.0,0.0,0.0,0.0,0.0,3,16.6,33.1,25,Overcast,0,0,
74062,2021-08-17 20:17:00,40.71636,-73.96667,1,0,Backing Unsafely,4448133,26.4,22.2,1.6,1.6,0.0,2.0,55,20.3,39.2,158,Drizzle: Dense,1,1,
74063,2021-08-04 23:55:00,40.839275,-73.85275,0,0,Unspecified,4448606,24.3,17.5,0.1,0.1,0.0,1.0,51,13.7,27.4,57,Drizzle: Light,0,0,
74064,2021-08-08 11:00:00,40.70381,-73.988304,0,0,Driver Inattention/Distraction,4448612,22.9,19.4,12.7,12.7,0.0,17.0,63,19.9,36.0,38,Rain: Moderate,0,0,
74065,2021-08-17 05:36:00,40.80765,-73.939255,1,0,Unspecified,4447754,26.4,22.2,1.6,1.6,0.0,2.0,55,20.3,39.2,158,Drizzle: Dense,1,1,
74066,2021-08-17 00:00:00,40.808716,-73.88497,1,0,Unspecified,4448184,26.4,22.2,1.6,1.6,0.0,2.0,55,20.3,39.2,158,Drizzle: Dense,1,1,
74067,2021-08-17 11:00:00,40.77215,-73.929,0,0,Unspecified,4448242,26.4,22.2,1.6,1.6,0.0,2.0,55,20.3,39.2,158,Drizzle: Dense,0,0,
74068,2021-08-14 20:34:00,40.671787,-73.95311,1,0,Traffic Control Disregarded,4448650,31.3,24.2,2.5,2.5,0.0,5.0,55,16.9,32.8,286,Drizzle: Dense,1,1,
74069,2021-08-17 09:45:00,0.0,0.0,0,0,Unspecified,4448082,26.4,22.2,1.6,1.6,0.0,2.0,55,20.3,39.2,158,Drizzle: Dense,0,0,
74070,2021-08-17 21:00:00,40.842953,-73.886185,0,0,Passing or Lane Usage Improper,4448498,26.4,22.2,1.6,1.6,0.0,2.0,55,20.3,39.2,158,Drizzle: Dense,0,0,
74071,2021-08-17 18:00:00,40.72185,-73.807785,1,0,Failure to Yield Right-of-Way,4448107,26.4,22.2,1.6,1.6,0.0,2.0,55,20.3,39.2,158,Drizzle: Dense,1,1,
74072,2021-07-02 17:20:00,40.706367,-73.925354,1,0,Unspecified,4448695,24.3,19.2,29.6,29.6,0.0,23.0,63,14.1,27.7,284,Rain: Moderate,1,1,
74073,2021-08-17 13:30:00,40.57761,-73.96145,0,0,Following Too Closely,4448214,26.4,22.2,1.6,1.6,0.0,2.0,55,20.3,39.2,158,Drizzle: Dense,0,0,
74074,2021-08-17 19:34:00,40.6277,-73.99974,0,0,Unspecified,4448024,26.4,22.2,1.6,1.6,0.0,2.0,55,20.3,39.2,158,Drizzle: Dense,0,0,
74075,2021-08-17 08:35:00,40.72408,-73.97576,0,0,Passing Too Closely,4447877,26.4,22.2,1.6,1.6,0.0,2.0,55,20.3,39.2,158,Drizzle: Dense,0,0,
74076,2021-08-17 15:28:00,40.710747,-73.9532,1,0,Passing or Lane Usage Improper,4448370,26.4,22.2,1.6,1.6,0.0,2.0,55,20.3,39.2,158,Drizzle: Dense,1,1,
74077,2021-08-15 17:06:00,40.84869,-73.90329,0,0,Driver Inattention/Distraction,4448505,27.9,20.0,0.0,0.0,0.0,0.0,3,16.6,33.1,25,Overcast,0,0,
74078,2021-08-17 19:10:00,40.67066,-73.957985,0,0,Driver Inattention/Distraction,4448056,26.4,22.2,1.6,1.6,0.0,2.0,55,20.3,39.2,158,Drizzle: Dense,0,0,
74079,2021-08-17 15:20:00,40.63043,-73.96632,0,0,Backing Unsafely,4448443,26.4,22.2,1.6,1.6,0.0,2.0,55,20.3,39.2,158,Drizzle: Dense,0,0,
74080,2021-08-17 18:26:00,40.82981,-73.866844,0,0,Unspecified,4448156,26.4,22.2,1.6,1.6,0.0,2.0,55,20.3,39.2,158,Drizzle: Dense,0,0,
74081,2021-08-17 14:27:00,40.757698,-73.9694,0,0,Driver Inattention/Distraction,4448632,26.4,22.2,1.6,1.6,0.0,2.0,55,20.3,39.2,158,Drizzle: Dense,0,0,
74082,2021-08-04 09:30:00,40.788532,-73.95322,1,0,Failure to Yield Right-of-Way,4448585,24.3,17.5,0.1,0.1,0.0,1.0,51,13.7,27.4,57,Drizzle: Light,1,1,
74083,2021-08-17 11:00:00,40.737553,-73.85089,1,0,Driver Inattention/Distraction,4448179,26.4,22.2,1.6,1.6,0.0,2.0,55,20.3,39.2,158,Drizzle: Dense,1,1,
74084,2021-08-17 21:10:00,40.845642,-73.90211,0,0,Unspecified,4448090,26.4,22.2,1.6,1.6,0.0,2.0,55,20.3,39.2,158,Drizzle: Dense,0,0,
74085,2021-08-17 00:00:00,40.62731,-73.941826,1,0,Unspecified,4448549,26.4,22.2,1.6,1.6,0.0,2.0,55,20.3,39.2,158,Drizzle: Dense,1,1,
74086,2021-08-15 17:05:00,40.752434,-73.89748,1,0,Failure to Yield Right-of-Way,4448569,27.9,20.0,0.0,0.0,0.0,0.0,3,16.6,33.1,25,Overcast,1,1,
74087,2021-08-17 17:15:00,40.70376,-73.98662,0,0,Other Vehicular,4448592,26.4,22.2,1.6,1.6,0.0,2.0,55,20.3,39.2,158,Drizzle: Dense,0,0,
74088,2021-10-20 18:25:00,40.7242148,-73.9148893,0,0,Passing or Lane Usage Improper,4470095,24.1,13.8,0.0,0.0,0.0,0.0,3,21.6,37.1,276,Overcast,0,0,
74089,2021-10-19 13:00:00,40.8027515,-73.933575,0,0,Passing or Lane Usage Improper,4469069,19.1,8.3,0.0,0.0,0.0,0.0,1,24.6,45.0,272,Mainly clear,0,0,Sunny/Clear Conditions
74090,2021-10-17 14:00:00,40.7964797,-73.7774499,0,0,Unspecified,4468106,17.3,11.1,0.2,0.2,0.0,2.0,51,23.9,43.9,293,Drizzle: Light,0,0,
74091,2021-10-09 23:43:00,40.6745837,-73.9302218,1,0,Physical Disability,4466770,20.2,15.2,1.2,1.2,0.0,5.0,51,22.8,42.8,71,Drizzle: Light,1,1,
74092,2021-10-22 02:17:00,40.8401335,-73.911878,1,0,Driver Inattention/Distraction,4470192,20.3,14.4,0.0,0.0,0.0,0.0,3,18.1,31.3,267,Overcast,1,1,
74093,2021-10-23 03:15:00,40.7538823,-73.8952934,0,0,Outside Car Distraction,4469969,15.9,10.4,0.2,0.2,0.0,2.0,51,14.4,26.6,326,Drizzle: Light,0,0,
74094,2021-10-17 04:45:00,40.7232627,-73.9001374,0,0,Driver Inexperience,4467999,17.3,11.1,0.2,0.2,0.0,2.0,51,23.9,43.9,293,Drizzle: Light,0,0,
74095,2021-10-20 15:16:00,40.8051537,-73.9511132,1,0,Unsafe Speed,4469506,24.1,13.8,0.0,0.0,0.0,0.0,3,21.6,37.1,276,Overcast,1,1,
74096,2021-10-24 21:00:00,40.690993,-73.9893083,0,0,Driver Inattention/Distraction,4470509,15.5,7.6,0.7,0.7,0.0,1.0,53,13.0,23.8,248,Drizzle: Moderate,0,0,
74097,2021-10-14 11:40:00,40.6929712,-73.7802385,0,0,Following Too Closely,4467083,25.0,15.4,0.0,0.0,0.0,0.0,3,15.4,29.9,328,Overcast,0,0,
74098,2021-10-16 23:37:00,40.8276336,-73.9357579,2,0,Unspecified,4468291,24.3,15.0,17.5,17.5,0.0,9.0,63,25.7,46.4,195,Rain: Moderate,2,2,
74099,2021-10-12 21:20:00,40.6952733,-73.9035054,1,0,Unsafe Speed,4466723,21.6,15.2,0.0,0.0,0.0,0.0,3,11.8,23.8,81,Overcast,1,1,
74100,2021-10-23 22:45:00,40.8376742,-73.8347893,1,0,Turning Improperly,4470171,15.9,10.4,0.2,0.2,0.0,2.0,51,14.4,26.6,326,Drizzle: Light,1,1,
74101,2021-10-21 18:18:00,40.7979463,-73.9400231,0,0,Unsafe Speed,4470678,22.9,12.0,0.0,0.0,0.0,0.0,3,17.0,31.7,207,Overcast,0,0,
74102,2021-10-18 14:49:00,40.6090478,-73.9523588,0,0,Unspecified,4468974,15.8,9.2,0.0,0.0,0.0,0.0,2,32.4,58.3,296,Partly cloudy,0,0,
74103,2021-10-16 20:55:00,40.7753854,-73.923027,0,0,Outside Car Distraction,4469091,24.3,15.0,17.5,17.5,0.0,9.0,63,25.7,46.4,195,Rain: Moderate,0,0,
74104,2021-10-19 18:50:00,40.6515468,-73.9525627,0,0,Unspecified,4468873,19.1,8.3,0.0,0.0,0.0,0.0,1,24.6,45.0,272,Mainly clear,0,0,Sunny/Clear Conditions
74105,2021-10-15 20:50:00,40.8115084,-73.9464773,1,0,Driver Inattention/Distraction,4467634,25.0,14.5,0.0,0.0,0.0,0.0,3,16.8,28.4,182,Overcast,1,1,
74106,2021-10-23 02:30:00,40.7461818,-73.8529243,0,0,Driver Inattention/Distraction,4470458,15.9,10.4,0.2,0.2,0.0,2.0,51,14.4,26.6,326,Drizzle: Light,0,0,
74107,2021-10-16 15:30:00,40.7899401,-73.980358,1,0,Unsafe Speed,4467860,24.3,15.0,17.5,17.5,0.0,9.0,63,25.7,46.4,195,Rain: Moderate,1,1,
74108,2021-10-14 11:45:00,40.8084375,-73.9047176,0,0,Driver Inexperience,4467713,25.0,15.4,0.0,0.0,0.0,0.0,3,15.4,29.9,328,Overcast,0,0,
74109,2021-10-21 08:31:00,40.6286468,-73.9520675,1,0,Glare,4470160,22.9,12.0,0.0,0.0,0.0,0.0,3,17.0,31.7,207,Overcast,1,1,
74110,2021-10-24 02:11:00,40.7553632,-73.8872263,1,0,Unsafe Speed,4470207,15.5,7.6,0.7,0.7,0.0,1.0,53,13.0,23.8,248,Drizzle: Moderate,1,1,