,CRASH DATETIME,LATITUDE,LONGITUDE,NUMBER OF PERSONS INJURED,NUMBER OF PERSONS KILLED,CONTRIBUTING FACTOR VEHICLE 1,COLLISION_ID,temperature_2m_max,temperature_2m_min,precipitation_sum,rain_sum,snowfall_sum,precipitation_hours,weather_code,wind_speed_10m_max,wind_gusts_10m_max,wind_direction_10m_dominant,Weather Description,Severity_Score,Total_Affected_Persons,Weather_Category
74111,2021-10-18 08:58:00,40.7583479,-73.8808298,0,0,Unspecified,4469898,15.8,9.2,0.0,0.0,0.0,0.0,2,32.4,58.3,296,Partly cloudy,0,0,
74112,2021-10-15 06:40:00,40.8306836,-73.9007,0,0,Unspecified,4468670,25.0,14.5,0.0,0.0,0.0,0.0,3,16.8,28.4,182,Overcast,0,0,
74113,2021-10-15 05:40:00,40.8149991,-73.8940147,0,0,Oversized Vehicle,4467354,25.0,14.5,0.0,0.0,0.0,0.0,3,16.8,28.4,182,Overcast,0,0,
74114,2021-10-14 19:57:00,40.6247649,-73.9651721,0,0,Unspecified,4467924,25.0,15.4,0.0,0.0,0.0,0.0,3,15.4,29.9,328,Overcast,0,0,
74115,2021-10-04 13:10:00,40.7489432,-73.8726683,0,0,Driver Inattention/Distraction,4469254,20.6,16.4,21.8,21.8,0.0,17.0,63,20.8,42.8,61,Rain: Moderate,0,0,
74116,2021-10-20 20:51:00,40.6944818,-73.8100529,1,0,Driver Inattention/Distraction,4469489,24.1,13.8,0.0,0.0,0.0,0.0,3,21.6,37.1,276,Overcast,1,1,
74117,2021-10-21 19:14:00,40.7583215,-73.778034,1,0,Driver Inattention/Distraction,4469775,22.9,12.0,0.0,0.0,0.0,0.0,3,17.0,31.7,207,Overcast,1,1,
74118,2021-10-09 11:00:00,40.6373612,-74.0083069,0,0,Unspecified,4466471,20.2,15.2,1.2,1.2,0.0,5.0,51,22.8,42.8,71,Drizzle: Light,0,0,
74119,2021-11-02 04:45:00,40.67069,-73.80124,0,0,Passing or Lane Usage Improper,4474061,11.4,7.0,0.6,0.6,0.0,4.0,51,14.1,28.1,271,Drizzle: Light,0,0,
74120,2021-10-16 22:14:00,40.6706551,-73.9133909,0,0,Unspecified,4467809,24.3,15.0,17.5,17.5,0.0,9.0,63,25.7,46.4,195,Rain: Moderate,0,0,
74121,2021-10-14 11:27:00,40.6907326,-73.8152273,0,0,Passing or Lane Usage Improper,4467216,25.0,15.4,0.0,0.0,0.0,0.0,3,15.4,29.9,328,Overcast,0,0,
74122,2021-10-17 18:57:00,40.6773595,-73.8868607,2,0,Unspecified,4468159,17.3,11.1,0.2,0.2,0.0,2.0,51,23.9,43.9,293,Drizzle: Light,2,2,
74123,2021-10-24 03:00:00,40.6596509,-73.7738282,1,0,Pavement Defective,4470224,15.5,7.6,0.7,0.7,0.0,1.0,53,13.0,23.8,248,Drizzle: Moderate,1,1,
74124,2021-10-21 14:05:00,40.7723324,-73.9587154,1,0,Driver Inattention/Distraction,4469639,22.9,12.0,0.0,0.0,0.0,0.0,3,17.0,31.7,207,Overcast,1,1,
74125,2021-10-12 15:30:00,40.5444315,-74.1653991,0,0,Unsafe Lane Changing,4466993,21.6,15.2,0.0,0.0,0.0,0.0,3,11.8,23.8,81,Overcast,0,0,
74126,2021-10-24 00:00:00,40.8034803,-73.9077986,0,0,Unspecified,4470639,15.5,7.6,0.7,0.7,0.0,1.0,53,13.0,23.8,248,Drizzle: Moderate,0,0,
74127,2021-10-13 06:24:00,40.8120074,-73.9515055,1,0,Driver Inattention/Distraction,4467517,21.7,14.8,0.1,0.1,0.0,1.0,51,12.2,23.0,200,Drizzle: Light,1,1,
74128,2021-10-25 02:03:00,40.8757563,-73.8357185,0,0,Driver Inattention/Distraction,4470657,22.8,13.5,10.7,10.7,0.0,8.0,63,18.9,33.5,172,Rain: Moderate,0,0,
74129,2021-10-22 15:55:00,40.769306,-73.9155085,1,0,Driver Inattention/Distraction,4470023,20.3,14.4,0.0,0.0,0.0,0.0,3,18.1,31.3,267,Overcast,1,1,
74130,2021-10-23 16:15:00,40.7050399,-73.7840523,1,0,Turning Improperly,4470583,15.9,10.4,0.2,0.2,0.0,2.0,51,14.4,26.6,326,Drizzle: Light,1,1,
74131,2021-10-21 11:40:00,40.6979035,-73.9467957,0,0,Passing or Lane Usage Improper,4470348,22.9,12.0,0.0,0.0,0.0,0.0,3,17.0,31.7,207,Overcast,0,0,
74132,2021-10-19 17:25:00,40.8504784,-73.9154253,0,0,Passing Too Closely,4469054,19.1,8.3,0.0,0.0,0.0,0.0,1,24.6,45.0,272,Mainly clear,0,0,Sunny/Clear Conditions
74133,2021-10-13 14:45:00,40.6369873,-74.010258,0,0,Unspecified,4466844,21.7,14.8,0.1,0.1,0.0,1.0,51,12.2,23.0,200,Drizzle: Light,0,0,
74134,2021-10-21 09:45:00,40.8027515,-73.933575,0,0,Passing or Lane Usage Improper,4469457,22.9,12.0,0.0,0.0,0.0,0.0,3,17.0,31.7,207,Overcast,0,0,
74135,2021-10-19 07:54:00,40.8377231,-73.939752,1,0,Failure to Yield Right-of-Way,4468841,19.1,8.3,0.0,0.0,0.0,0.0,1,24.6,45.0,272,Mainly clear,1,1,Sunny/Clear Conditions
74136,2021-10-11 23:20:00,40.6926038,-73.9275075,0,0,Driver Inattention/Distraction,4468324,21.7,16.3,0.0,0.0,0.0,0.0,3,25.7,49.7,41,Overcast,0,0,
74137,2021-10-20 03:49:00,40.6153655,-73.9444733,1,0,Reaction to Uninvolved Vehicle,4470222,24.1,13.8,0.0,0.0,0.0,0.0,3,21.6,37.1,276,Overcast,1,1,
74138,2021-10-15 21:20:00,40.629342,-74.1117712,0,0,Unspecified,4469267,25.0,14.5,0.0,0.0,0.0,0.0,3,16.8,28.4,182,Overcast,0,0,
74139,2021-10-20 15:57:00,40.5829661,-73.9863303,0,0,Driver Inattention/Distraction,4469354,24.1,13.8,0.0,0.0,0.0,0.0,3,21.6,37.1,276,Overcast,0,0,
74140,2021-10-18 12:55:00,40.6152167,-73.9371713,0,0,Backing Unsafely,4468525,15.8,9.2,0.0,0.0,0.0,0.0,2,32.4,58.3,296,Partly cloudy,0,0,
74141,2021-10-24 13:51:00,40.60635,-73.9755105,0,0,Driver Inattention/Distraction,4470366,15.5,7.6,0.7,0.7,0.0,1.0,53,13.0,23.8,248,Drizzle: Moderate,0,0,
74142,2021-10-12 05:25:00,40.7623345,-73.8269171,0,0,Following Too Closely,4466594,21.6,15.2,0.0,0.0,0.0,0.0,3,11.8,23.8,81,Overcast,0,0,
74143,2021-10-20 07:45:00,40.7704007,-73.8755722,0,0,Oversized Vehicle,4469222,24.1,13.8,0.0,0.0,0.0,0.0,3,21.6,37.1,276,Overcast,0,0,
74144,2021-10-21 17:00:00,40.6656853,-73.9584741,0,0,Driver Inattention/Distraction,4469736,22.9,12.0,0.0,0.0,0.0,0.0,3,17.0,31.7,207,Overcast,0,0,
74145,2021-10-17 12:15:00,40.882393,-73.84537,0,0,Unspecified,4467956,17.3,11.1,0.2,0.2,0.0,2.0,51,23.9,43.9,293,Drizzle: Light,0,0,
74146,2021-10-12 13:20:00,40.8262762,-73.8597029,0,0,Unspecified,4467470,21.6,15.2,0.0,0.0,0.0,0.0,3,11.8,23.8,81,Overcast,0,0,
74147,2021-10-12 09:00:00,40.7963012,-73.9382838,1,0,View Obstructed/Limited,4466976,21.6,15.2,0.0,0.0,0.0,0.0,3,11.8,23.8,81,Overcast,1,1,
74148,2021-11-02 23:00:00,40.716667,-73.95206,0,0,Driver Inattention/Distraction,4474245,11.4,7.0,0.6,0.6,0.0,4.0,51,14.1,28.1,271,Drizzle: Light,0,0,
74149,2021-10-19 17:12:00,40.7786367,-73.8050689,1,0,Backing Unsafely,4468938,19.1,8.3,0.0,0.0,0.0,0.0,1,24.6,45.0,272,Mainly clear,1,1,Sunny/Clear Conditions
74150,2021-10-18 11:20:00,40.7576718,-73.8277387,0,0,Unspecified,4468558,15.8,9.2,0.0,0.0,0.0,0.0,2,32.4,58.3,296,Partly cloudy,0,0,
74151,2021-10-16 09:35:00,40.5648831,-74.1135852,1,0,Failure to Yield Right-of-Way,4467735,24.3,15.0,17.5,17.5,0.0,9.0,63,25.7,46.4,195,Rain: Moderate,1,1,
74152,2021-10-15 02:30:00,40.5966862,-73.7442081,0,0,Fell Asleep,4467327,25.0,14.5,0.0,0.0,0.0,0.0,3,16.8,28.4,182,Overcast,0,0,
74153,2021-10-21 12:55:00,40.5956794,-73.7709183,0,0,Backing Unsafely,4469814,22.9,12.0,0.0,0.0,0.0,0.0,3,17.0,31.7,207,Overcast,0,0,
74154,2021-10-16 20:14:00,40.6822994,-73.8773378,0,0,Driver Inattention/Distraction,4468176,24.3,15.0,17.5,17.5,0.0,9.0,63,25.7,46.4,195,Rain: Moderate,0,0,
74155,2021-10-16 21:54:00,40.8289858,-73.9389617,1,0,Other Vehicular,4468286,24.3,15.0,17.5,17.5,0.0,9.0,63,25.7,46.4,195,Rain: Moderate,1,1,
74156,2021-10-22 13:10:00,40.6348794,-73.9185384,1,0,Unspecified,4470083,20.3,14.4,0.0,0.0,0.0,0.0,3,18.1,31.3,267,Overcast,1,1,
74157,2021-10-14 16:00:00,40.7405978,-73.9305948,0,0,Driver Inattention/Distraction,4467184,25.0,15.4,0.0,0.0,0.0,0.0,3,15.4,29.9,328,Overcast,0,0,
74158,2021-10-19 19:29:00,40.6234286,-73.9102267,0,0,Reaction to Uninvolved Vehicle,4469207,19.1,8.3,0.0,0.0,0.0,0.0,1,24.6,45.0,272,Mainly clear,0,0,Sunny/Clear Conditions
74159,2021-10-22 14:32:00,40.8197204,-73.9404768,0,0,Driver Inattention/Distraction,4470650,20.3,14.4,0.0,0.0,0.0,0.0,3,18.1,31.3,267,Overcast,0,0,
74160,2021-10-19 19:43:00,40.6921483,-73.9194594,0,0,Reaction to Uninvolved Vehicle,4470055,19.1,8.3,0.0,0.0,0.0,0.0,1,24.6,45.0,272,Mainly clear,0,0,Sunny/Clear Conditions
74161,2021-10-17 17:20:00,40.8774631,-73.9001448,0,0,Unspecified,4468503,17.3,11.1,0.2,0.2,0.0,2.0,51,23.9,43.9,293,Drizzle: Light,0,0,
74162,2021-10-13 22:30:00,40.6928779,-73.8342915,0,0,Backing Unsafely,4466861,21.7,14.8,0.1,0.1,0.0,1.0,51,12.2,23.0,200,Drizzle: Light,0,0,
74163,2021-10-15 21:05:00,40.6972536,-73.9156161,0,0,Driver Inattention/Distraction,4467560,25.0,14.5,0.0,0.0,0.0,0.0,3,16.8,28.4,182,Overcast,0,0,
74164,2021-10-12 19:01:00,40.6390218,-74.022464,1,0,Following Too Closely,4466797,21.6,15.2,0.0,0.0,0.0,0.0,3,11.8,23.8,81,Overcast,1,1,
74165,2021-10-22 17:30:00,40.6087758,-74.0911294,1,0,Traffic Control Disregarded,4469939,20.3,14.4,0.0,0.0,0.0,0.0,3,18.1,31.3,267,Overcast,1,1,
74166,2021-10-19 12:03:00,40.6516652,-73.8383143,0,0,Driver Inattention/Distraction,4468987,19.1,8.3,0.0,0.0,0.0,0.0,1,24.6,45.0,272,Mainly clear,0,0,Sunny/Clear Conditions
74167,2021-11-02 10:39:00,40.770527,-73.98012,0,0,Oversized Vehicle,4474163,11.4,7.0,0.6,0.6,0.0,4.0,51,14.1,28.1,271,Drizzle: Light,0,0,
74168,2021-10-18 18:56:00,40.6761486,-73.9838993,1,0,Driver Inattention/Distraction,4468685,15.8,9.2,0.0,0.0,0.0,0.0,2,32.4,58.3,296,Partly cloudy,1,1,
74169,2021-10-14 16:15:00,40.6804767,-73.9222785,0,0,Driver Inattention/Distraction,4468042,25.0,15.4,0.0,0.0,0.0,0.0,3,15.4,29.9,328,Overcast,0,0,
74170,2021-10-19 15:15:00,40.7571614,-73.9872793,1,0,Unspecified,4469108,19.1,8.3,0.0,0.0,0.0,0.0,1,24.6,45.0,272,Mainly clear,1,1,Sunny/Clear Conditions
74171,2021-10-12 15:35:00,40.722355,-73.9932609,0,0,Driver Inattention/Distraction,4466665,21.6,15.2,0.0,0.0,0.0,0.0,3,11.8,23.8,81,Overcast,0,0,
74172,2021-10-24 10:30:00,40.6596509,-73.7738282,1,0,Unspecified,4470333,15.5,7.6,0.7,0.7,0.0,1.0,53,13.0,23.8,248,Drizzle: Moderate,1,1,
74173,2021-10-23 14:00:00,40.8237208,-73.9176916,0,0,Other Vehicular,4470629,15.9,10.4,0.2,0.2,0.0,2.0,51,14.4,26.6,326,Drizzle: Light,0,0,
74174,2021-10-14 14:30:00,40.6812485,-73.9832067,0,0,Driver Inattention/Distraction,4468740,25.0,15.4,0.0,0.0,0.0,0.0,3,15.4,29.9,328,Overcast,0,0,
74175,2021-10-15 15:41:00,40.8205439,-73.9307752,0,0,Following Too Closely,4468254,25.0,14.5,0.0,0.0,0.0,0.0,3,16.8,28.4,182,Overcast,0,0,
74176,2021-10-14 04:45:00,40.7619894,-73.8693285,0,0,Fell Asleep,4466988,25.0,15.4,0.0,0.0,0.0,0.0,3,15.4,29.9,328,Overcast,0,0,
74177,2021-10-11 10:50:00,40.833775,-73.86668,1,0,Unspecified,4474008,21.7,16.3,0.0,0.0,0.0,0.0,3,25.7,49.7,41,Overcast,1,1,
74178,2021-10-15 01:30:00,40.5952718,-73.9304418,0,0,Animals Action,4467390,25.0,14.5,0.0,0.0,0.0,0.0,3,16.8,28.4,182,Overcast,0,0,
74179,2021-10-22 16:40:00,40.7449346,-73.8679112,1,0,Reaction to Uninvolved Vehicle,4470456,20.3,14.4,0.0,0.0,0.0,0.0,3,18.1,31.3,267,Overcast,1,1,
74180,2021-10-18 06:55:00,40.7600123,-73.8785949,2,0,Traffic Control Disregarded,4468386,15.8,9.2,0.0,0.0,0.0,0.0,2,32.4,58.3,296,Partly cloudy,2,2,
74181,2021-10-19 16:58:00,40.6763934,-73.9718868,0,0,Other Electronic Device,4468903,19.1,8.3,0.0,0.0,0.0,0.0,1,24.6,45.0,272,Mainly clear,0,0,Sunny/Clear Conditions
74182,2021-10-10 15:00:00,40.7175491,-73.999311,1,0,Brakes Defective,4468308,18.5,16.0,2.4,2.4,0.0,8.0,53,27.2,52.6,52,Drizzle: Moderate,1,1,
74183,2021-10-20 14:30:00,40.7025238,-73.9896238,0,0,Unspecified,4469875,24.1,13.8,0.0,0.0,0.0,0.0,3,21.6,37.1,276,Overcast,0,0,
74184,2021-10-18 07:50:00,40.835618,-73.8483562,1,0,Unspecified,4468620,15.8,9.2,0.0,0.0,0.0,0.0,2,32.4,58.3,296,Partly cloudy,1,1,
74185,2021-10-20 18:00:00,40.7161211,-73.9993143,0,0,Passing Too Closely,4469339,24.1,13.8,0.0,0.0,0.0,0.0,3,21.6,37.1,276,Overcast,0,0,
74186,2021-10-22 12:21:00,40.6713212,-73.9280966,0,0,Other Vehicular,4470349,20.3,14.4,0.0,0.0,0.0,0.0,3,18.1,31.3,267,Overcast,0,0,
74187,2021-10-12 15:35:00,40.6279777,-73.9416474,1,0,Unsafe Lane Changing,4466802,21.6,15.2,0.0,0.0,0.0,0.0,3,11.8,23.8,81,Overcast,1,1,
74188,2021-10-23 03:10:00,40.7163952,-73.9845353,1,0,Unspecified,4470119,15.9,10.4,0.2,0.2,0.0,2.0,51,14.4,26.6,326,Drizzle: Light,1,1,
74189,2021-10-20 19:30:00,40.5788242,-73.9862735,1,0,Traffic Control Disregarded,4469353,24.1,13.8,0.0,0.0,0.0,0.0,3,21.6,37.1,276,Overcast,1,1,
74190,2021-10-19 12:40:00,40.7002122,-73.9538878,0,0,Driver Inattention/Distraction,4468959,19.1,8.3,0.0,0.0,0.0,0.0,1,24.6,45.0,272,Mainly clear,0,0,Sunny/Clear Conditions
74191,2021-10-14 09:30:00,40.7261868,-73.7352341,1,0,View Obstructed/Limited,4467017,25.0,15.4,0.0,0.0,0.0,0.0,3,15.4,29.9,328,Overcast,1,1,
74192,2021-10-24 20:42:00,40.8294839,-73.8751981,0,0,Driver Inattention/Distraction,4470490,15.5,7.6,0.7,0.7,0.0,1.0,53,13.0,23.8,248,Drizzle: Moderate,0,0,
74193,2021-10-23 21:00:00,40.6836718,-73.9755725,0,0,Following Too Closely,4470582,15.9,10.4,0.2,0.2,0.0,2.0,51,14.4,26.6,326,Drizzle: Light,0,0,
74194,2021-10-13 08:16:00,40.6716843,-73.7564656,1,0,Unsafe Lane Changing,4466885,21.7,14.8,0.1,0.1,0.0,1.0,51,12.2,23.0,200,Drizzle: Light,1,1,
74195,2021-10-23 04:30:00,40.7582911,-73.8343081,3,0,Traffic Control Disregarded,4470776,15.9,10.4,0.2,0.2,0.0,2.0,51,14.4,26.6,326,Drizzle: Light,3,3,
74196,2021-10-25 08:10:00,40.7786094,-73.8433854,1,0,Following Too Closely,4470759,22.8,13.5,10.7,10.7,0.0,8.0,63,18.9,33.5,172,Rain: Moderate,1,1,
74197,2021-10-22 15:40:00,40.717348,-73.9895945,0,0,Driver Inattention/Distraction,4469930,20.3,14.4,0.0,0.0,0.0,0.0,3,18.1,31.3,267,Overcast,0,0,
74198,2021-10-18 12:03:00,40.8361093,-73.9223713,0,0,Unsafe Lane Changing,4468638,15.8,9.2,0.0,0.0,0.0,0.0,2,32.4,58.3,296,Partly cloudy,0,0,
74199,2021-10-05 10:37:00,40.7152372,-74.0133794,1,0,Failure to Yield Right-of-Way,4464557,19.9,15.0,0.0,0.0,0.0,0.0,3,14.5,28.1,46,Overcast,1,1,
74200,2021-11-02 03:15:00,40.62582,-74.11917,0,0,Steering Failure,4473791,11.4,7.0,0.6,0.6,0.0,4.0,51,14.1,28.1,271,Drizzle: Light,0,0,
74201,2021-10-13 21:45:00,40.6377261,-73.9122774,0,0,Traffic Control Disregarded,4467098,21.7,14.8,0.1,0.1,0.0,1.0,51,12.2,23.0,200,Drizzle: Light,0,0,
74202,2021-10-18 11:30:00,40.5529198,-74.1930668,0,0,Unspecified,4469807,15.8,9.2,0.0,0.0,0.0,0.0,2,32.4,58.3,296,Partly cloudy,0,0,
74203,2021-10-24 19:11:00,40.7432811,-73.7447748,0,0,Driver Inattention/Distraction,4470426,15.5,7.6,0.7,0.7,0.0,1.0,53,13.0,23.8,248,Drizzle: Moderate,0,0,
74204,2021-10-21 08:15:00,40.7556474,-73.7719444,0,0,Driver Inattention/Distraction,4469749,22.9,12.0,0.0,0.0,0.0,0.0,3,17.0,31.7,207,Overcast,0,0,
74205,2021-10-15 00:00:00,40.6932106,-73.9718725,0,0,Unsafe Speed,4468569,25.0,14.5,0.0,0.0,0.0,0.0,3,16.8,28.4,182,Overcast,0,0,
74206,2021-10-15 15:42:00,40.7581225,-73.9308631,1,0,Pedestrian/Bicyclist/Other Pedestrian Error/Confusion,4467896,25.0,14.5,0.0,0.0,0.0,0.0,3,16.8,28.4,182,Overcast,1,1,
74207,2021-10-22 20:18:00,40.6627876,-73.988318,2,0,Driver Inattention/Distraction,4470518,20.3,14.4,0.0,0.0,0.0,0.0,3,18.1,31.3,267,Overcast,2,2,
74208,2021-10-22 20:27:00,40.8477003,-73.9009602,1,0,Traffic Control Disregarded,4470018,20.3,14.4,0.0,0.0,0.0,0.0,3,18.1,31.3,267,Overcast,1,1,
74209,2022-04-13 00:40:00,40.67342,-73.95017,0,0,Unsafe Speed,4518637,18.9,7.1,0.0,0.0,0.0,0.0,3,18.7,37.4,112,Overcast,0,0,
74210,2021-10-13 23:55:00,40.867276,-73.9192147,0,0,Driver Inattention/Distraction,4466825,21.7,14.8,0.1,0.1,0.0,1.0,51,12.2,23.0,200,Drizzle: Light,0,0,
74211,2021-10-21 18:50:00,40.755207,-73.996654,0,0,Obstruction/Debris,4470820,22.9,12.0,0.0,0.0,0.0,0.0,3,17.0,31.7,207,Overcast,0,0,
74212,2021-10-15 21:30:00,40.6792108,-73.9137389,1,0,Unspecified,4467799,25.0,14.5,0.0,0.0,0.0,0.0,3,16.8,28.4,182,Overcast,1,1,
74213,2021-10-13 13:43:00,40.6165068,-73.9724558,0,0,Unspecified,4467849,21.7,14.8,0.1,0.1,0.0,1.0,51,12.2,23.0,200,Drizzle: Light,0,0,
74214,2021-10-15 12:08:00,40.8468783,-73.9206057,0,0,Backing Unsafely,4468351,25.0,14.5,0.0,0.0,0.0,0.0,3,16.8,28.4,182,Overcast,0,0,
74215,2021-09-14 17:18:00,40.6561603,-73.7673526,3,0,Unspecified,4457254,26.0,19.0,0.2,0.2,0.0,1.0,51,18.0,35.6,138,Drizzle: Light,3,3,
74216,2021-10-21 09:50:00,40.7564052,-73.8979087,0,0,Other Vehicular,4469453,22.9,12.0,0.0,0.0,0.0,0.0,3,17.0,31.7,207,Overcast,0,0,
74217,2021-10-14 09:30:00,40.6702649,-73.9976172,0,0,Passing or Lane Usage Improper,4467052,25.0,15.4,0.0,0.0,0.0,0.0,3,15.4,29.9,328,Overcast,0,0,
74218,2021-11-02 21:20:00,40.697945,-73.73564,0,0,Unspecified,4473467,11.4,7.0,0.6,0.6,0.0,4.0,51,14.1,28.1,271,Drizzle: Light,0,0,
74219,2021-10-17 00:39:00,40.7289783,-73.9901084,0,0,Following Too Closely,4467821,17.3,11.1,0.2,0.2,0.0,2.0,51,23.9,43.9,293,Drizzle: Light,0,0,
74220,2021-10-21 07:13:00,40.7039752,-73.9230842,2,0,Backing Unsafely,4469437,22.9,12.0,0.0,0.0,0.0,0.0,3,17.0,31.7,207,Overcast,2,2,
74221,2021-10-13 22:45:00,40.8251381,-73.9513948,0,0,Unspecified,4466904,21.7,14.8,0.1,0.1,0.0,1.0,51,12.2,23.0,200,Drizzle: Light,0,0,
74222,2021-10-16 13:30:00,40.7103167,-73.7524614,1,0,Driver Inattention/Distraction,4468772,24.3,15.0,17.5,17.5,0.0,9.0,63,25.7,46.4,195,Rain: Moderate,1,1,
74223,2021-10-18 23:28:00,40.8223104,-73.9385848,0,0,Unsafe Speed,4469704,15.8,9.2,0.0,0.0,0.0,0.0,2,32.4,58.3,296,Partly cloudy,0,0,
74224,2021-10-12 22:30:00,40.7472447,-73.8876479,1,0,Pedestrian/Bicyclist/Other Pedestrian Error/Confusion,4466738,21.6,15.2,0.0,0.0,0.0,0.0,3,11.8,23.8,81,Overcast,1,1,
74225,2021-10-12 02:45:00,40.7623345,-73.8269171,0,0,Unspecified,4467567,21.6,15.2,0.0,0.0,0.0,0.0,3,11.8,23.8,81,Overcast,0,0,
74226,2021-10-19 00:00:00,40.7745734,-73.8384845,0,0,Unspecified,4468923,19.1,8.3,0.0,0.0,0.0,0.0,1,24.6,45.0,272,Mainly clear,0,0,Sunny/Clear Conditions
74227,2021-10-16 10:35:00,40.7650882,-73.8370347,0,0,Passing or Lane Usage Improper,4467649,24.3,15.0,17.5,17.5,0.0,9.0,63,25.7,46.4,195,Rain: Moderate,0,0,
74228,2021-10-15 10:40:00,40.6829686,-73.8282324,2,0,Driver Inattention/Distraction,4468012,25.0,14.5,0.0,0.0,0.0,0.0,3,16.8,28.4,182,Overcast,2,2,
74229,2021-10-19 18:35:00,40.6965487,-73.9057647,1,0,Reaction to Uninvolved Vehicle,4469797,19.1,8.3,0.0,0.0,0.0,0.0,1,24.6,45.0,272,Mainly clear,1,1,Sunny/Clear Conditions
74230,2021-10-23 00:00:00,40.657977,-73.938154,0,0,Driver Inattention/Distraction,4470124,15.9,10.4,0.2,0.2,0.0,2.0,51,14.4,26.6,326,Drizzle: Light,0,0,
74231,2021-10-18 07:59:00,40.8181307,-73.8910002,2,0,Brakes Defective,4468450,15.8,9.2,0.0,0.0,0.0,0.0,2,32.4,58.3,296,Partly cloudy,2,2,
74232,2021-10-14 06:13:00,40.6303095,-74.166401,1,0,Driver Inattention/Distraction,4467074,25.0,15.4,0.0,0.0,0.0,0.0,3,15.4,29.9,328,Overcast,1,1,
74233,2021-10-21 11:28:00,40.8928522,-73.8556633,0,0,Unsafe Lane Changing,4469569,22.9,12.0,0.0,0.0,0.0,0.0,3,17.0,31.7,207,Overcast,0,0,
74234,2021-10-21 16:07:00,40.8173878,-73.922758,0,0,Driver Inexperience,4470635,22.9,12.0,0.0,0.0,0.0,0.0,3,17.0,31.7,207,Overcast,0,0,
74235,2021-10-30 07:07:00,40.670124,-73.95528,1,0,Driver Inattention/Distraction,4474000,17.8,12.0,7.8,7.8,0.0,16.0,61,38.5,68.0,112,Rain: Light,1,1,
74236,2021-11-02 13:40:00,40.697998,-73.974525,0,0,Other Vehicular,4473730,11.4,7.0,0.6,0.6,0.0,4.0,51,14.1,28.1,271,Drizzle: Light,0,0,
74237,2021-10-15 23:20:00,40.6501801,-73.9149225,0,0,Unspecified,4470256,25.0,14.5,0.0,0.0,0.0,0.0,3,16.8,28.4,182,Overcast,0,0,
74238,2021-10-16 12:01:00,40.6662815,-73.9527249,0,0,Passing Too Closely,4469172,24.3,15.0,17.5,17.5,0.0,9.0,63,25.7,46.4,195,Rain: Moderate,0,0,
74239,2021-10-15 16:52:00,40.769306,-73.9155085,0,0,Following Too Closely,4468717,25.0,14.5,0.0,0.0,0.0,0.0,3,16.8,28.4,182,Overcast,0,0,
74240,2021-10-23 16:25:00,40.7542523,-73.8278248,1,0,Failure to Yield Right-of-Way,4470710,15.9,10.4,0.2,0.2,0.0,2.0,51,14.4,26.6,326,Drizzle: Light,1,1,
74241,2021-10-18 11:30:00,40.7620377,-73.9152504,0,0,Unspecified,4469037,15.8,9.2,0.0,0.0,0.0,0.0,2,32.4,58.3,296,Partly cloudy,0,0,
74242,2021-10-15 13:30:00,40.7371506,-73.9308149,0,0,Unspecified,4467662,25.0,14.5,0.0,0.0,0.0,0.0,3,16.8,28.4,182,Overcast,0,0,
74243,2021-10-17 17:03:00,40.7256299,-74.0064175,1,0,Driver Inattention/Distraction,4468428,17.3,11.1,0.2,0.2,0.0,2.0,51,23.9,43.9,293,Drizzle: Light,1,1,
74244,2021-10-23 03:18:00,40.6370705,-73.8895981,0,0,Driver Inattention/Distraction,4470885,15.9,10.4,0.2,0.2,0.0,2.0,51,14.4,26.6,326,Drizzle: Light,0,0,
74245,2021-10-05 07:28:00,40.7161961,-73.9974902,2,0,Unsafe Speed,4464678,19.9,15.0,0.0,0.0,0.0,0.0,3,14.5,28.1,46,Overcast,2,2,
74246,2021-10-17 15:00:00,40.7043114,-73.9132917,0,0,Unspecified,4468112,17.3,11.1,0.2,0.2,0.0,2.0,51,23.9,43.9,293,Drizzle: Light,0,0,
74247,2021-10-23 12:15:00,40.7167783,-73.9896947,0,0,Alcohol Involvement,4470035,15.9,10.4,0.2,0.2,0.0,2.0,51,14.4,26.6,326,Drizzle: Light,0,0,
74248,2021-10-13 13:30:00,40.6594798,-73.912844,1,0,Fatigued/Drowsy,4467794,21.7,14.8,0.1,0.1,0.0,1.0,51,12.2,23.0,200,Drizzle: Light,1,1,
74249,2021-10-21 13:30:00,40.8339076,-73.8959986,1,0,Passing or Lane Usage Improper,4470712,22.9,12.0,0.0,0.0,0.0,0.0,3,17.0,31.7,207,Overcast,1,1,
74250,2021-10-12 13:00:00,40.6415167,-73.9174017,0,0,Failure to Yield Right-of-Way,4466755,21.6,15.2,0.0,0.0,0.0,0.0,3,11.8,23.8,81,Overcast,0,0,
74251,2021-10-19 04:25:00,40.7870644,-73.941936,0,0,Traffic Control Disregarded,4470131,19.1,8.3,0.0,0.0,0.0,0.0,1,24.6,45.0,272,Mainly clear,0,0,Sunny/Clear Conditions
74252,2021-10-20 09:25:00,40.6921205,-73.9843426,0,0,Failure to Yield Right-of-Way,4469142,24.1,13.8,0.0,0.0,0.0,0.0,3,21.6,37.1,276,Overcast,0,0,
74253,2021-10-12 23:40:00,40.7674712,-73.9564643,0,0,Pavement Slippery,4468244,21.6,15.2,0.0,0.0,0.0,0.0,3,11.8,23.8,81,Overcast,0,0,