,CRASH DATETIME,LATITUDE,LONGITUDE,NUMBER OF PERSONS INJURED,NUMBER OF PERSONS KILLED,CONTRIBUTING FACTOR VEHICLE 1,COLLISION_ID,temperature_2m_max,temperature_2m_min,precipitation_sum,rain_sum,snowfall_sum,precipitation_hours,weather_code,wind_speed_10m_max,wind_gusts_10m_max,wind_direction_10m_dominant,Weather Description,Severity_Score,Total_Affected_Persons,Weather_Category
74254,2022-01-29 08:41:00,40.822445,-73.885666,0,0,Pavement Slippery,4498525,-1.7,-12.9,17.6,0.1,12.25,19.0,75,39.7,72.7,336,Snow fall: Heavy,0,0,Snowy Conditions
74255,2021-10-20 07:20:00,40.5888039,-73.8050769,0,0,Unspecified,4470441,24.1,13.8,0.0,0.0,0.0,0.0,3,21.6,37.1,276,Overcast,0,0,
74256,2021-10-14 02:25:00,40.698081,-73.9253522,0,0,Driver Inattention/Distraction,4466936,25.0,15.4,0.0,0.0,0.0,0.0,3,15.4,29.9,328,Overcast,0,0,
74257,2021-10-19 15:15:00,40.7214324,-73.8927385,1,0,Driver Inattention/Distraction,4469275,19.1,8.3,0.0,0.0,0.0,0.0,1,24.6,45.0,272,Mainly clear,1,1,Sunny/Clear Conditions
74258,2021-10-14 09:26:00,40.6115503,-74.0130415,1,0,Failure to Yield Right-of-Way,4467020,25.0,15.4,0.0,0.0,0.0,0.0,3,15.4,29.9,328,Overcast,1,1,
74259,2021-10-15 15:55:00,40.6022303,-73.9342642,0,0,Unspecified,4467617,25.0,14.5,0.0,0.0,0.0,0.0,3,16.8,28.4,182,Overcast,0,0,
74260,2021-10-17 16:15:00,40.638843,-73.9033859,0,0,Unspecified,4468195,17.3,11.1,0.2,0.2,0.0,2.0,51,23.9,43.9,293,Drizzle: Light,0,0,
74261,2021-10-17 18:31:00,40.775461,-73.9472417,1,0,Failure to Yield Right-of-Way,4468064,17.3,11.1,0.2,0.2,0.0,2.0,51,23.9,43.9,293,Drizzle: Light,1,1,
74262,2021-10-13 08:30:00,40.6611381,-73.990052,0,0,Unspecified,4467656,21.7,14.8,0.1,0.1,0.0,1.0,51,12.2,23.0,200,Drizzle: Light,0,0,
74263,2021-10-20 13:53:00,40.73197,-73.8847763,1,0,Driver Inattention/Distraction,4469321,24.1,13.8,0.0,0.0,0.0,0.0,3,21.6,37.1,276,Overcast,1,1,
74264,2021-10-13 19:20:00,40.7729545,-73.9202715,0,0,Unspecified,4468644,21.7,14.8,0.1,0.1,0.0,1.0,51,12.2,23.0,200,Drizzle: Light,0,0,
74265,2021-11-02 18:21:00,40.758614,-73.96767,0,0,Driver Inattention/Distraction,4473492,11.4,7.0,0.6,0.6,0.0,4.0,51,14.1,28.1,271,Drizzle: Light,0,0,
74266,2021-10-20 23:00:00,40.7587284,-73.9227232,1,0,Driver Inattention/Distraction,4470723,24.1,13.8,0.0,0.0,0.0,0.0,3,21.6,37.1,276,Overcast,1,1,
74267,2021-10-24 12:00:00,40.7152372,-74.0133794,0,0,Passing Too Closely,4470694,15.5,7.6,0.7,0.7,0.0,1.0,53,13.0,23.8,248,Drizzle: Moderate,0,0,
74268,2021-10-15 00:00:00,40.6873414,-73.8610409,2,0,Traffic Control Disregarded,4467698,25.0,14.5,0.0,0.0,0.0,0.0,3,16.8,28.4,182,Overcast,2,2,
74269,2021-11-02 10:41:00,40.71736,-73.9064,0,0,Failure to Yield Right-of-Way,4473691,11.4,7.0,0.6,0.6,0.0,4.0,51,14.1,28.1,271,Drizzle: Light,0,0,
74270,2021-10-21 20:30:00,40.8033054,-73.9662487,1,0,Alcohol Involvement,4469723,22.9,12.0,0.0,0.0,0.0,0.0,3,17.0,31.7,207,Overcast,1,1,
74271,2021-10-17 19:50:00,40.8683414,-73.8327373,0,0,Following Too Closely,4468789,17.3,11.1,0.2,0.2,0.0,2.0,51,23.9,43.9,293,Drizzle: Light,0,0,
74272,2021-10-14 20:10:00,40.8805957,-73.8507512,0,0,Unsafe Speed,4467992,25.0,15.4,0.0,0.0,0.0,0.0,3,15.4,29.9,328,Overcast,0,0,
74273,2021-10-13 10:45:00,40.840755,-73.8769079,0,0,View Obstructed/Limited,4467003,21.7,14.8,0.1,0.1,0.0,1.0,51,12.2,23.0,200,Drizzle: Light,0,0,
74274,2021-10-13 18:54:00,40.8875714,-73.9062642,0,0,Unspecified,4467302,21.7,14.8,0.1,0.1,0.0,1.0,51,12.2,23.0,200,Drizzle: Light,0,0,
74275,2021-10-22 22:50:00,40.7463333,-73.8963254,1,0,Driver Inattention/Distraction,4469962,20.3,14.4,0.0,0.0,0.0,0.0,3,18.1,31.3,267,Overcast,1,1,
74276,2021-10-23 12:55:00,40.7257724,-74.0008984,0,0,Unspecified,4470848,15.9,10.4,0.2,0.2,0.0,2.0,51,14.4,26.6,326,Drizzle: Light,0,0,
74277,2021-10-19 07:45:00,40.8200975,-73.9550764,0,0,Unspecified,4469190,19.1,8.3,0.0,0.0,0.0,0.0,1,24.6,45.0,272,Mainly clear,0,0,Sunny/Clear Conditions
74278,2021-10-30 08:03:00,40.655945,-73.915565,0,0,Unspecified,4474096,17.8,12.0,7.8,7.8,0.0,16.0,61,38.5,68.0,112,Rain: Light,0,0,
74279,2021-10-13 18:48:00,40.7425993,-73.7875161,1,0,Driver Inattention/Distraction,4466787,21.7,14.8,0.1,0.1,0.0,1.0,51,12.2,23.0,200,Drizzle: Light,1,1,
74280,2021-10-13 19:20:00,40.7010081,-73.906142,1,0,Unsafe Speed,4468734,21.7,14.8,0.1,0.1,0.0,1.0,51,12.2,23.0,200,Drizzle: Light,1,1,
74281,2021-10-16 04:46:00,40.7189463,-73.9754511,1,0,Driver Inattention/Distraction,4468574,24.3,15.0,17.5,17.5,0.0,9.0,63,25.7,46.4,195,Rain: Moderate,1,1,
74282,2021-10-24 00:15:00,40.6418947,-73.9332342,0,0,Aggressive Driving/Road Rage,4470283,15.5,7.6,0.7,0.7,0.0,1.0,53,13.0,23.8,248,Drizzle: Moderate,0,0,
74283,2021-10-20 06:30:00,40.7245706,-73.7340989,1,0,Driver Inattention/Distraction,4469289,24.1,13.8,0.0,0.0,0.0,0.0,3,21.6,37.1,276,Overcast,1,1,
74284,2021-10-22 15:16:00,40.7092049,-73.9960612,1,0,Driver Inattention/Distraction,4470235,20.3,14.4,0.0,0.0,0.0,0.0,3,18.1,31.3,267,Overcast,1,1,
74285,2021-10-16 17:51:00,40.655593,-73.9471574,0,0,Driver Inattention/Distraction,4467831,24.3,15.0,17.5,17.5,0.0,9.0,63,25.7,46.4,195,Rain: Moderate,0,0,
74286,2021-10-19 16:00:00,40.6983855,-73.7868997,1,0,Failure to Yield Right-of-Way,4468878,19.1,8.3,0.0,0.0,0.0,0.0,1,24.6,45.0,272,Mainly clear,1,1,Sunny/Clear Conditions
74287,2021-10-20 16:41:00,40.6888623,-73.9448706,0,0,Passing or Lane Usage Improper,4469270,24.1,13.8,0.0,0.0,0.0,0.0,3,21.6,37.1,276,Overcast,0,0,
74288,2021-10-16 03:45:00,40.678723,-73.9529869,0,0,Driver Inattention/Distraction,4470523,24.3,15.0,17.5,17.5,0.0,9.0,63,25.7,46.4,195,Rain: Moderate,0,0,
74289,2021-10-14 15:40:00,40.6374254,-73.9917828,1,0,Driver Inattention/Distraction,4468460,25.0,15.4,0.0,0.0,0.0,0.0,3,15.4,29.9,328,Overcast,1,1,
74290,2021-11-02 08:15:00,40.701572,-73.9313,0,0,Driver Inattention/Distraction,4473551,11.4,7.0,0.6,0.6,0.0,4.0,51,14.1,28.1,271,Drizzle: Light,0,0,
74291,2021-10-24 14:20:00,40.6867007,-73.9981899,0,0,Driver Inattention/Distraction,4470665,15.5,7.6,0.7,0.7,0.0,1.0,53,13.0,23.8,248,Drizzle: Moderate,0,0,
74292,2021-10-21 08:55:00,40.8276556,-73.8860957,0,0,Passing or Lane Usage Improper,4470734,22.9,12.0,0.0,0.0,0.0,0.0,3,17.0,31.7,207,Overcast,0,0,
74293,2021-10-15 07:20:00,40.8571297,-73.9246285,1,0,Pedestrian/Bicyclist/Other Pedestrian Error/Confusion,4469118,25.0,14.5,0.0,0.0,0.0,0.0,3,16.8,28.4,182,Overcast,1,1,
74294,2021-10-16 18:40:00,40.7645691,-73.9736365,0,0,Unspecified,4468439,24.3,15.0,17.5,17.5,0.0,9.0,63,25.7,46.4,195,Rain: Moderate,0,0,
74295,2021-10-13 13:48:00,40.7019114,-73.936979,1,0,Reaction to Uninvolved Vehicle,4468777,21.7,14.8,0.1,0.1,0.0,1.0,51,12.2,23.0,200,Drizzle: Light,1,1,
74296,2021-11-02 23:47:00,40.782887,-73.9439,2,0,Unspecified,4473926,11.4,7.0,0.6,0.6,0.0,4.0,51,14.1,28.1,271,Drizzle: Light,2,2,
74297,2021-10-19 07:15:00,40.7703176,-73.8961572,1,0,Backing Unsafely,4470143,19.1,8.3,0.0,0.0,0.0,0.0,1,24.6,45.0,272,Mainly clear,1,1,Sunny/Clear Conditions
74298,2021-10-22 15:48:00,40.8043758,-73.9374202,1,0,Failure to Yield Right-of-Way,4470853,20.3,14.4,0.0,0.0,0.0,0.0,3,18.1,31.3,267,Overcast,1,1,
74299,2021-10-16 06:50:00,40.6076551,-74.0170205,1,0,Failure to Yield Right-of-Way,4467582,24.3,15.0,17.5,17.5,0.0,9.0,63,25.7,46.4,195,Rain: Moderate,1,1,
74300,2021-10-17 12:58:00,40.724781,-73.8877809,0,0,Driver Inattention/Distraction,4470398,17.3,11.1,0.2,0.2,0.0,2.0,51,23.9,43.9,293,Drizzle: Light,0,0,
74301,2021-10-22 01:02:00,40.7543484,-73.9769721,0,0,Unspecified,4469671,20.3,14.4,0.0,0.0,0.0,0.0,3,18.1,31.3,267,Overcast,0,0,
74302,2021-09-29 08:00:00,40.6818033,-73.9085148,4,0,Unsafe Speed,4467280,19.9,11.3,0.0,0.0,0.0,0.0,3,20.6,41.8,331,Overcast,4,4,
74303,2021-10-19 16:20:00,40.7822139,-73.9599226,0,0,Following Too Closely,4468907,19.1,8.3,0.0,0.0,0.0,0.0,1,24.6,45.0,272,Mainly clear,0,0,Sunny/Clear Conditions
74304,2021-10-15 08:48:00,40.5985042,-74.0919292,0,0,Following Too Closely,4467534,25.0,14.5,0.0,0.0,0.0,0.0,3,16.8,28.4,182,Overcast,0,0,
74305,2021-10-17 09:38:00,40.6654902,-73.8195255,0,0,Unspecified,4468212,17.3,11.1,0.2,0.2,0.0,2.0,51,23.9,43.9,293,Drizzle: Light,0,0,
74306,2021-10-15 16:10:00,40.692251,-73.950262,0,0,Passing Too Closely,4470361,25.0,14.5,0.0,0.0,0.0,0.0,3,16.8,28.4,182,Overcast,0,0,
74307,2021-10-14 15:30:00,40.6891598,-73.8019729,3,0,Driver Inattention/Distraction,4467148,25.0,15.4,0.0,0.0,0.0,0.0,3,15.4,29.9,328,Overcast,3,3,
74308,2021-10-13 11:40:00,40.655881,-73.9437214,0,0,Turning Improperly,4468948,21.7,14.8,0.1,0.1,0.0,1.0,51,12.2,23.0,200,Drizzle: Light,0,0,
74309,2021-10-17 21:30:00,40.7832211,-73.8458553,0,0,Unsafe Lane Changing,4468942,17.3,11.1,0.2,0.2,0.0,2.0,51,23.9,43.9,293,Drizzle: Light,0,0,
74310,2021-10-21 09:36:00,40.8310577,-73.9058416,1,0,Failure to Yield Right-of-Way,4470791,22.9,12.0,0.0,0.0,0.0,0.0,3,17.0,31.7,207,Overcast,1,1,
74311,2021-10-19 14:10:00,40.6637248,-73.7592558,0,0,Unspecified,4468888,19.1,8.3,0.0,0.0,0.0,0.0,1,24.6,45.0,272,Mainly clear,0,0,Sunny/Clear Conditions
74312,2021-10-18 09:10:00,40.7047483,-73.9140305,1,0,Passing Too Closely,4468745,15.8,9.2,0.0,0.0,0.0,0.0,2,32.4,58.3,296,Partly cloudy,1,1,
74313,2021-10-17 00:30:00,40.6101723,-74.1214496,0,0,Unspecified,4468712,17.3,11.1,0.2,0.2,0.0,2.0,51,23.9,43.9,293,Drizzle: Light,0,0,
74314,2021-10-16 05:00:00,40.6063696,-73.9824112,0,0,Unspecified,4467762,24.3,15.0,17.5,17.5,0.0,9.0,63,25.7,46.4,195,Rain: Moderate,0,0,
74315,2021-10-17 00:00:00,40.6466434,-73.9245917,3,0,Following Too Closely,4469079,17.3,11.1,0.2,0.2,0.0,2.0,51,23.9,43.9,293,Drizzle: Light,3,3,
74316,2021-10-20 10:00:00,40.730874,-73.8923408,0,0,Unspecified,4469140,24.1,13.8,0.0,0.0,0.0,0.0,3,21.6,37.1,276,Overcast,0,0,
74317,2021-10-19 04:54:00,40.7281758,-73.9848573,1,0,View Obstructed/Limited,4468804,19.1,8.3,0.0,0.0,0.0,0.0,1,24.6,45.0,272,Mainly clear,1,1,Sunny/Clear Conditions
74318,2021-10-16 04:55:00,40.7452378,-73.9376959,2,0,Driver Inattention/Distraction,4467550,24.3,15.0,17.5,17.5,0.0,9.0,63,25.7,46.4,195,Rain: Moderate,2,2,
74319,2021-10-24 04:05:00,40.7387549,-74.0054958,3,0,Driver Inattention/Distraction,4470175,15.5,7.6,0.7,0.7,0.0,1.0,53,13.0,23.8,248,Drizzle: Moderate,3,3,
74320,2021-10-14 12:35:00,40.779567,-73.909385,0,0,Backing Unsafely,4468625,25.0,15.4,0.0,0.0,0.0,0.0,3,15.4,29.9,328,Overcast,0,0,
74321,2021-10-20 15:09:00,40.6027297,-73.9517828,0,0,Driver Inattention/Distraction,4469307,24.1,13.8,0.0,0.0,0.0,0.0,3,21.6,37.1,276,Overcast,0,0,
74322,2021-10-21 18:00:00,40.7216783,-73.9806054,1,0,Failure to Yield Right-of-Way,4470203,22.9,12.0,0.0,0.0,0.0,0.0,3,17.0,31.7,207,Overcast,1,1,
74323,2021-10-20 08:35:00,40.8566878,-73.8692726,0,0,Failure to Yield Right-of-Way,4469510,24.1,13.8,0.0,0.0,0.0,0.0,3,21.6,37.1,276,Overcast,0,0,
74324,2021-10-22 17:03:00,40.8328995,-73.8622655,0,0,Physical Disability,4470288,20.3,14.4,0.0,0.0,0.0,0.0,3,18.1,31.3,267,Overcast,0,0,
74325,2021-10-23 04:11:00,40.723939,-73.8559717,0,0,Driver Inattention/Distraction,4470078,15.9,10.4,0.2,0.2,0.0,2.0,51,14.4,26.6,326,Drizzle: Light,0,0,
74326,2021-10-21 16:09:00,40.8682829,-73.9010669,0,0,View Obstructed/Limited,4469706,22.9,12.0,0.0,0.0,0.0,0.0,3,17.0,31.7,207,Overcast,0,0,
74327,2021-10-22 08:30:00,40.7151057,-73.9627766,1,0,Driver Inattention/Distraction,4470328,20.3,14.4,0.0,0.0,0.0,0.0,3,18.1,31.3,267,Overcast,1,1,
74328,2021-10-23 14:38:00,40.8683245,-73.8303286,0,0,Unspecified,4470164,15.9,10.4,0.2,0.2,0.0,2.0,51,14.4,26.6,326,Drizzle: Light,0,0,
74329,2021-10-22 19:50:00,40.6227293,-74.0313614,0,0,Following Too Closely,4470003,20.3,14.4,0.0,0.0,0.0,0.0,3,18.1,31.3,267,Overcast,0,0,
74330,2021-10-20 19:51:00,40.5507894,-74.2009707,0,0,Driver Inattention/Distraction,4469854,24.1,13.8,0.0,0.0,0.0,0.0,3,21.6,37.1,276,Overcast,0,0,
74331,2021-10-23 19:00:00,40.7706682,-73.9085056,1,0,Pedestrian/Bicyclist/Other Pedestrian Error/Confusion,4470676,15.9,10.4,0.2,0.2,0.0,2.0,51,14.4,26.6,326,Drizzle: Light,1,1,
74332,2021-10-13 18:00:00,40.6787295,-73.9329702,1,0,Failure to Yield Right-of-Way,4468039,21.7,14.8,0.1,0.1,0.0,1.0,51,12.2,23.0,200,Drizzle: Light,1,1,
74333,2021-10-14 21:30:00,40.6303364,-73.9934143,0,0,Unspecified,4467767,25.0,15.4,0.0,0.0,0.0,0.0,3,15.4,29.9,328,Overcast,0,0,
74334,2021-11-02 07:15:00,40.808445,-73.945,1,0,Failure to Yield Right-of-Way,4474071,11.4,7.0,0.6,0.6,0.0,4.0,51,14.1,28.1,271,Drizzle: Light,1,1,
74335,2021-10-17 06:25:00,40.7277524,-73.8586078,0,0,Fell Asleep,4468276,17.3,11.1,0.2,0.2,0.0,2.0,51,23.9,43.9,293,Drizzle: Light,0,0,
74336,2021-10-17 11:45:00,40.6643565,-73.7345263,0,0,Passing Too Closely,4468508,17.3,11.1,0.2,0.2,0.0,2.0,51,23.9,43.9,293,Drizzle: Light,0,0,
74337,2021-10-20 00:00:00,40.8687475,-73.826155,0,0,Unspecified,4469366,24.1,13.8,0.0,0.0,0.0,0.0,3,21.6,37.1,276,Overcast,0,0,
74338,2021-10-23 00:49:00,40.7288469,-73.9097939,0,0,Driver Inattention/Distraction,4469952,15.9,10.4,0.2,0.2,0.0,2.0,51,14.4,26.6,326,Drizzle: Light,0,0,
74339,2021-10-17 12:53:00,40.6828046,-73.8062211,0,0,Following Too Closely,4468217,17.3,11.1,0.2,0.2,0.0,2.0,51,23.9,43.9,293,Drizzle: Light,0,0,
74340,2021-11-02 15:25:00,40.52671,-74.17841,1,0,Unspecified,4473609,11.4,7.0,0.6,0.6,0.0,4.0,51,14.1,28.1,271,Drizzle: Light,1,1,
74341,2021-10-30 01:35:00,40.834473,-73.8293,2,0,Unspecified,4473958,17.8,12.0,7.8,7.8,0.0,16.0,61,38.5,68.0,112,Rain: Light,2,2,
74342,2021-10-16 12:23:00,40.8467897,-73.8655441,0,0,Following Too Closely,4467864,24.3,15.0,17.5,17.5,0.0,9.0,63,25.7,46.4,195,Rain: Moderate,0,0,
74343,2021-10-14 14:25:00,40.8210693,-73.8989332,1,0,Unspecified,4467350,25.0,15.4,0.0,0.0,0.0,0.0,3,15.4,29.9,328,Overcast,1,1,
74344,2021-10-15 14:04:00,40.7636457,-73.7902647,1,0,Driver Inattention/Distraction,4467502,25.0,14.5,0.0,0.0,0.0,0.0,3,16.8,28.4,182,Overcast,1,1,
74345,2021-11-02 06:30:00,40.666893,-73.80546,0,0,View Obstructed/Limited,4473349,11.4,7.0,0.6,0.6,0.0,4.0,51,14.1,28.1,271,Drizzle: Light,0,0,
74346,2021-10-15 14:23:00,40.6547394,-73.9564276,1,0,Driver Inattention/Distraction,4467688,25.0,14.5,0.0,0.0,0.0,0.0,3,16.8,28.4,182,Overcast,1,1,
74347,2021-10-20 00:00:00,40.6981167,-73.9775324,0,0,Passing Too Closely,4469174,24.1,13.8,0.0,0.0,0.0,0.0,3,21.6,37.1,276,Overcast,0,0,
74348,2021-10-17 07:50:00,40.7117777,-73.9104143,0,0,Passing Too Closely,4468744,17.3,11.1,0.2,0.2,0.0,2.0,51,23.9,43.9,293,Drizzle: Light,0,0,
74349,2021-11-02 15:50:00,40.847897,-73.844894,0,0,Backing Unsafely,4473559,11.4,7.0,0.6,0.6,0.0,4.0,51,14.1,28.1,271,Drizzle: Light,0,0,
74350,2021-10-19 12:40:00,40.6288775,-73.980427,2,0,Unspecified,4469123,19.1,8.3,0.0,0.0,0.0,0.0,1,24.6,45.0,272,Mainly clear,2,2,Sunny/Clear Conditions
74351,2021-10-19 16:20:00,40.678749,-73.8204991,0,0,Pavement Defective,4468980,19.1,8.3,0.0,0.0,0.0,0.0,1,24.6,45.0,272,Mainly clear,0,0,Sunny/Clear Conditions
74352,2021-10-13 06:20:00,40.7090151,-73.9485398,1,0,Failure to Yield Right-of-Way,4466840,21.7,14.8,0.1,0.1,0.0,1.0,51,12.2,23.0,200,Drizzle: Light,1,1,
74353,2021-10-19 10:00:00,40.6103846,-74.1508442,0,0,Following Too Closely,4468756,19.1,8.3,0.0,0.0,0.0,0.0,1,24.6,45.0,272,Mainly clear,0,0,Sunny/Clear Conditions
74354,2021-10-14 08:30:00,40.827245,-73.9240474,0,0,Unspecified,4467236,25.0,15.4,0.0,0.0,0.0,0.0,3,15.4,29.9,328,Overcast,0,0,
74355,2021-10-22 15:55:00,40.8252295,-73.9075521,0,0,Driver Inattention/Distraction,4470788,20.3,14.4,0.0,0.0,0.0,0.0,3,18.1,31.3,267,Overcast,0,0,
74356,2021-11-02 14:41:00,40.75363,-73.97143,0,0,Unspecified,4473442,11.4,7.0,0.6,0.6,0.0,4.0,51,14.1,28.1,271,Drizzle: Light,0,0,
74357,2021-10-21 18:51:00,40.7013345,-73.926838,0,0,Unspecified,4469782,22.9,12.0,0.0,0.0,0.0,0.0,3,17.0,31.7,207,Overcast,0,0,
74358,2021-10-21 13:40:00,40.6550087,-73.9050701,0,0,Unspecified,4469764,22.9,12.0,0.0,0.0,0.0,0.0,3,17.0,31.7,207,Overcast,0,0,
74359,2021-10-12 11:17:00,40.6457415,-73.9507706,1,0,Lost Consciousness,4467087,21.6,15.2,0.0,0.0,0.0,0.0,3,11.8,23.8,81,Overcast,1,1,
74360,2021-10-21 21:15:00,40.7342811,-73.8646235,1,0,Following Too Closely,4469616,22.9,12.0,0.0,0.0,0.0,0.0,3,17.0,31.7,207,Overcast,1,1,
74361,2021-10-16 05:30:00,40.8091984,-73.8928932,1,0,Pavement Defective,4469405,24.3,15.0,17.5,17.5,0.0,9.0,63,25.7,46.4,195,Rain: Moderate,1,1,
74362,2021-10-22 20:29:00,40.6853486,-73.8586977,1,0,Failure to Yield Right-of-Way,4470316,20.3,14.4,0.0,0.0,0.0,0.0,3,18.1,31.3,267,Overcast,1,1,
74363,2021-10-13 07:00:00,40.6415504,-74.0814813,0,0,Unspecified,4469263,21.7,14.8,0.1,0.1,0.0,1.0,51,12.2,23.0,200,Drizzle: Light,0,0,
74364,2021-10-23 02:53:00,40.699628,-73.9238321,0,0,Driver Inattention/Distraction,4469985,15.9,10.4,0.2,0.2,0.0,2.0,51,14.4,26.6,326,Drizzle: Light,0,0,
74365,2021-10-15 19:14:00,40.7396983,-73.880212,0,0,Passing Too Closely,4467920,25.0,14.5,0.0,0.0,0.0,0.0,3,16.8,28.4,182,Overcast,0,0,
74366,2021-10-14 02:51:00,40.7149976,-73.9594724,1,0,Unspecified,4466889,25.0,15.4,0.0,0.0,0.0,0.0,3,15.4,29.9,328,Overcast,1,1,
74367,2021-10-15 19:30:00,40.764828,-73.8698464,2,0,Driver Inattention/Distraction,4467836,25.0,14.5,0.0,0.0,0.0,0.0,3,16.8,28.4,182,Overcast,2,2,
74368,2021-10-21 15:00:00,40.6961687,-73.8044909,0,0,Backing Unsafely,4469537,22.9,12.0,0.0,0.0,0.0,0.0,3,17.0,31.7,207,Overcast,0,0,
74369,2021-10-20 00:00:00,40.8145783,-73.8499159,0,0,Unspecified,4469086,24.1,13.8,0.0,0.0,0.0,0.0,3,21.6,37.1,276,Overcast,0,0,
74370,2021-10-18 14:10:00,40.6605893,-73.885207,0,0,Driver Inattention/Distraction,4468483,15.8,9.2,0.0,0.0,0.0,0.0,2,32.4,58.3,296,Partly cloudy,0,0,
74371,2021-10-23 10:41:00,40.6801176,-73.7532369,0,0,Passing Too Closely,4470537,15.9,10.4,0.2,0.2,0.0,2.0,51,14.4,26.6,326,Drizzle: Light,0,0,
74372,2021-10-16 17:58:00,40.7276971,-73.8517781,1,0,Driver Inattention/Distraction,4469719,24.3,15.0,17.5,17.5,0.0,9.0,63,25.7,46.4,195,Rain: Moderate,1,1,
74373,2021-10-15 05:30:00,40.6512655,-74.0039065,0,0,Unspecified,4467312,25.0,14.5,0.0,0.0,0.0,0.0,3,16.8,28.4,182,Overcast,0,0,
74374,2021-10-14 16:05:00,40.7944657,-73.939629,1,0,Failure to Yield Right-of-Way,4467285,25.0,15.4,0.0,0.0,0.0,0.0,3,15.4,29.9,328,Overcast,1,1,
74375,2022-04-15 17:42:00,40.86759,-73.85095,2,0,Driver Inattention/Distraction,4519463,19.2,6.3,0.1,0.1,0.0,1.0,51,26.9,46.1,243,Drizzle: Light,2,2,
74376,2021-11-02 08:30:00,40.746235,-73.98905,0,0,Unspecified,4473625,11.4,7.0,0.6,0.6,0.0,4.0,51,14.1,28.1,271,Drizzle: Light,0,0,
74377,2021-10-15 00:00:00,40.7286048,-74.0053146,0,0,Backing Unsafely,4468390,25.0,14.5,0.0,0.0,0.0,0.0,3,16.8,28.4,182,Overcast,0,0,
74378,2021-10-17 09:00:00,40.6873579,-73.9182933,0,0,Passing Too Closely,4468329,17.3,11.1,0.2,0.2,0.0,2.0,51,23.9,43.9,293,Drizzle: Light,0,0,
74379,2021-10-25 09:53:00,40.7651908,-73.9574964,1,0,Illnes,4470803,22.8,13.5,10.7,10.7,0.0,8.0,63,18.9,33.5,172,Rain: Moderate,1,1,
74380,2021-10-03 14:15:00,40.6431521,-73.9754682,0,0,Unspecified,4464197,25.9,12.8,0.0,0.0,0.0,0.0,3,12.0,24.1,217,Overcast,0,0,
74381,2021-11-02 15:20:00,40.658577,-73.89063,3,0,Unsafe Speed,4473579,11.4,7.0,0.6,0.6,0.0,4.0,51,14.1,28.1,271,Drizzle: Light,3,3,
74382,2021-10-16 08:30:00,40.8061148,-73.9593663,0,0,Passing Too Closely,4468032,24.3,15.0,17.5,17.5,0.0,9.0,63,25.7,46.4,195,Rain: Moderate,0,0,
74383,2021-10-13 20:48:00,40.6670937,-73.7637567,1,0,Passing Too Closely,4468180,21.7,14.8,0.1,0.1,0.0,1.0,51,12.2,23.0,200,Drizzle: Light,1,1,
74384,2021-11-02 23:30:00,40.76329,-73.980705,1,0,Driver Inattention/Distraction,4473530,11.4,7.0,0.6,0.6,0.0,4.0,51,14.1,28.1,271,Drizzle: Light,1,1,
74385,2021-10-14 18:40:00,40.8384262,-73.9416888,1,0,Driver Inattention/Distraction,4467367,25.0,15.4,0.0,0.0,0.0,0.0,3,15.4,29.9,328,Overcast,1,1,
74386,2021-10-14 17:57:00,40.6487403,-73.9491962,0,0,Driver Inexperience,4467814,25.0,15.4,0.0,0.0,0.0,0.0,3,15.4,29.9,328,Overcast,0,0,
74387,2021-10-20 11:26:00,40.7229781,-74.005058,1,0,Failure to Yield Right-of-Way,4469188,24.1,13.8,0.0,0.0,0.0,0.0,3,21.6,37.1,276,Overcast,1,1,
74388,2021-10-23 08:00:00,40.8147963,-73.8863593,0,0,Unspecified,4470115,15.9,10.4,0.2,0.2,0.0,2.0,51,14.4,26.6,326,Drizzle: Light,0,0,
74389,2021-10-12 02:14:00,40.8622592,-73.8958844,0,0,Backing Unsafely,4466382,21.6,15.2,0.0,0.0,0.0,0.0,3,11.8,23.8,81,Overcast,0,0,
74390,2021-10-16 09:54:00,40.6723802,-73.9474794,1,0,Driver Inattention/Distraction,4467952,24.3,15.0,17.5,17.5,0.0,9.0,63,25.7,46.4,195,Rain: Moderate,1,1,
74391,2021-10-20 15:07:00,40.7360731,-73.7735507,1,0,Unspecified,4469606,24.1,13.8,0.0,0.0,0.0,0.0,3,21.6,37.1,276,Overcast,1,1,
74392,2021-11-02 19:00:00,40.60322,-73.74893,1,0,Backing Unsafely,4473653,11.4,7.0,0.6,0.6,0.0,4.0,51,14.1,28.1,271,Drizzle: Light,1,1,
74393,2021-10-14 14:55:00,40.7429324,-73.9546991,0,0,Driver Inattention/Distraction,4467135,25.0,15.4,0.0,0.0,0.0,0.0,3,15.4,29.9,328,Overcast,0,0,
74394,2021-10-20 13:15:00,40.7017306,-73.8820332,0,0,Unspecified,4469894,24.1,13.8,0.0,0.0,0.0,0.0,3,21.6,37.1,276,Overcast,0,0,
74395,2021-10-16 22:45:00,40.6931332,-73.9698315,1,0,Driver Inattention/Distraction,4467709,24.3,15.0,17.5,17.5,0.0,9.0,63,25.7,46.4,195,Rain: Moderate,1,1,