,CRASH DATETIME,LATITUDE,LONGITUDE,NUMBER OF PERSONS INJURED,NUMBER OF PERSONS KILLED,CONTRIBUTING FACTOR VEHICLE 1,COLLISION_ID,temperature_2m_max,temperature_2m_min,precipitation_sum,rain_sum,snowfall_sum,precipitation_hours,weather_code,wind_speed_10m_max,wind_gusts_10m_max,wind_direction_10m_dominant,Weather Description,Severity_Score,Total_Affected_Persons,Weather_Category
74396,2021-10-17 20:00:00,40.740493,-73.9296675,0,0,Passing Too Closely,4468375,17.3,11.1,0.2,0.2,0.0,2.0,51,23.9,43.9,293,Drizzle: Light,0,0,
74397,2021-10-06 10:53:00,40.8660891,-73.8826747,0,0,Unspecified,4467589,20.3,16.0,0.1,0.1,0.0,1.0,51,6.5,14.0,28,Drizzle: Light,0,0,
74398,2021-10-16 20:34:00,40.7335892,-74.0073428,0,0,Unspecified,4468757,24.3,15.0,17.5,17.5,0.0,9.0,63,25.7,46.4,195,Rain: Moderate,0,0,
74399,2021-10-17 18:00:00,40.6564087,-73.9592668,0,0,Driver Inattention/Distraction,4468540,17.3,11.1,0.2,0.2,0.0,2.0,51,23.9,43.9,293,Drizzle: Light,0,0,
74400,2021-10-13 10:49:00,40.7110321,-74.0145328,1,0,Driver Inattention/Distraction,4467000,21.7,14.8,0.1,0.1,0.0,1.0,51,12.2,23.0,200,Drizzle: Light,1,1,
74401,2021-10-18 00:46:00,40.679729,-73.7616136,0,0,Following Too Closely,4468601,15.8,9.2,0.0,0.0,0.0,0.0,2,32.4,58.3,296,Partly cloudy,0,0,
74402,2021-11-02 18:05:00,40.676075,-73.74577,1,0,Failure to Yield Right-of-Way,4473763,11.4,7.0,0.6,0.6,0.0,4.0,51,14.1,28.1,271,Drizzle: Light,1,1,
74403,2021-10-19 14:40:00,40.7113227,-73.9597757,0,0,Passing or Lane Usage Improper,4468963,19.1,8.3,0.0,0.0,0.0,0.0,1,24.6,45.0,272,Mainly clear,0,0,Sunny/Clear Conditions
74404,2021-10-13 06:06:00,40.7602762,-73.9581437,1,0,Accelerator Defective,4466857,21.7,14.8,0.1,0.1,0.0,1.0,51,12.2,23.0,200,Drizzle: Light,1,1,
74405,2021-10-23 07:00:00,40.7021197,-73.8139389,0,0,Passing Too Closely,4470570,15.9,10.4,0.2,0.2,0.0,2.0,51,14.4,26.6,326,Drizzle: Light,0,0,
74406,2021-10-24 19:35:00,40.7571667,-73.8221106,0,0,Failure to Yield Right-of-Way,4470755,15.5,7.6,0.7,0.7,0.0,1.0,53,13.0,23.8,248,Drizzle: Moderate,0,0,
74407,2021-10-21 11:10:00,40.6607352,-73.8996518,0,0,Passing Too Closely,4469686,22.9,12.0,0.0,0.0,0.0,0.0,3,17.0,31.7,207,Overcast,0,0,
74408,2021-10-14 17:25:00,40.57385,-74.105496,0,0,Passing or Lane Usage Improper,4467730,25.0,15.4,0.0,0.0,0.0,0.0,3,15.4,29.9,328,Overcast,0,0,
74409,2021-10-21 09:20:00,40.8246558,-73.8919289,2,0,Unsafe Speed,4469474,22.9,12.0,0.0,0.0,0.0,0.0,3,17.0,31.7,207,Overcast,2,2,
74410,2022-04-10 22:25:00,40.677414,-73.93033,1,0,Unsafe Lane Changing,4519739,9.8,3.5,0.0,0.0,0.0,0.0,3,29.3,54.4,307,Overcast,1,1,
74411,2021-10-24 01:00:00,40.6797343,-73.9743118,0,0,Failure to Yield Right-of-Way,4470550,15.5,7.6,0.7,0.7,0.0,1.0,53,13.0,23.8,248,Drizzle: Moderate,0,0,
74412,2021-10-20 16:26:00,40.6329536,-73.9041503,0,0,Driver Inattention/Distraction,4469420,24.1,13.8,0.0,0.0,0.0,0.0,3,21.6,37.1,276,Overcast,0,0,
74413,2021-10-20 17:47:00,40.8064149,-73.9422623,1,0,Driver Inattention/Distraction,4469390,24.1,13.8,0.0,0.0,0.0,0.0,3,21.6,37.1,276,Overcast,1,1,
74414,2022-04-01 08:15:00,40.598713,-74.124,0,0,Unspecified,4519217,15.2,5.3,1.4,1.4,0.0,8.0,51,33.1,61.9,277,Drizzle: Light,0,0,
74415,2021-10-20 07:32:00,40.6706265,-73.8955418,1,0,Passing or Lane Usage Improper,4469235,24.1,13.8,0.0,0.0,0.0,0.0,3,21.6,37.1,276,Overcast,1,1,
74416,2021-10-24 07:30:00,40.7161941,-73.8264333,1,0,Driver Inexperience,4470505,15.5,7.6,0.7,0.7,0.0,1.0,53,13.0,23.8,248,Drizzle: Moderate,1,1,
74417,2021-10-14 07:44:00,40.6106231,-74.0977697,0,0,Unspecified,4467180,25.0,15.4,0.0,0.0,0.0,0.0,3,15.4,29.9,328,Overcast,0,0,
74418,2021-10-22 11:39:00,40.6896895,-73.9923627,0,0,Passing or Lane Usage Improper,4469879,20.3,14.4,0.0,0.0,0.0,0.0,3,18.1,31.3,267,Overcast,0,0,
74419,2021-10-15 18:15:00,40.8163185,-73.8962127,1,0,Unspecified,4467630,25.0,14.5,0.0,0.0,0.0,0.0,3,16.8,28.4,182,Overcast,1,1,
74420,2021-10-14 16:30:00,40.6756249,-73.8987786,2,0,Driver Inattention/Distraction,4467268,25.0,15.4,0.0,0.0,0.0,0.0,3,15.4,29.9,328,Overcast,2,2,
74421,2021-10-19 18:15:00,40.6554579,-73.9797539,4,0,Driver Inattention/Distraction,4469101,19.1,8.3,0.0,0.0,0.0,0.0,1,24.6,45.0,272,Mainly clear,4,4,Sunny/Clear Conditions
74422,2021-10-18 17:30:00,40.659477,-73.908131,1,0,,4469155,15.8,9.2,0.0,0.0,0.0,0.0,2,32.4,58.3,296,Partly cloudy,1,1,
74423,2021-11-02 12:49:00,40.752693,-73.97305,0,0,Driver Inattention/Distraction,4473799,11.4,7.0,0.6,0.6,0.0,4.0,51,14.1,28.1,271,Drizzle: Light,0,0,
74424,2021-10-23 20:40:00,40.7185724,-73.8588044,0,0,Unspecified,4470880,15.9,10.4,0.2,0.2,0.0,2.0,51,14.4,26.6,326,Drizzle: Light,0,0,
74425,2021-10-14 10:38:00,40.7103272,-74.0095442,0,0,Following Too Closely,4467386,25.0,15.4,0.0,0.0,0.0,0.0,3,15.4,29.9,328,Overcast,0,0,
74426,2021-10-13 06:10:00,40.8120666,-73.8957823,0,0,Unspecified,4466691,21.7,14.8,0.1,0.1,0.0,1.0,51,12.2,23.0,200,Drizzle: Light,0,0,
74427,2021-11-02 14:00:00,40.72165,-73.94196,0,0,Following Too Closely,4473521,11.4,7.0,0.6,0.6,0.0,4.0,51,14.1,28.1,271,Drizzle: Light,0,0,
74428,2021-10-23 15:15:00,40.8530276,-73.918256,0,0,Failure to Yield Right-of-Way,4470646,15.9,10.4,0.2,0.2,0.0,2.0,51,14.4,26.6,326,Drizzle: Light,0,0,
74429,2021-10-18 19:50:00,40.7194758,-73.7926259,0,0,Unspecified,4468522,15.8,9.2,0.0,0.0,0.0,0.0,2,32.4,58.3,296,Partly cloudy,0,0,
74430,2021-10-14 19:15:00,40.680015,-73.8774282,1,0,Unspecified,4467270,25.0,15.4,0.0,0.0,0.0,0.0,3,15.4,29.9,328,Overcast,1,1,
74431,2021-10-18 10:45:00,40.74745,-74.000853,0,0,Driver Inattention/Distraction,4470836,15.8,9.2,0.0,0.0,0.0,0.0,2,32.4,58.3,296,Partly cloudy,0,0,
74432,2021-10-22 20:50:00,40.5946375,-73.9330114,2,0,Following Too Closely,4469926,20.3,14.4,0.0,0.0,0.0,0.0,3,18.1,31.3,267,Overcast,2,2,
74433,2021-11-02 15:20:00,40.655895,-74.00591,1,0,Unspecified,4473431,11.4,7.0,0.6,0.6,0.0,4.0,51,14.1,28.1,271,Drizzle: Light,1,1,
74434,2021-10-18 10:12:00,40.6960153,-73.9841326,0,0,Passing or Lane Usage Improper,4468407,15.8,9.2,0.0,0.0,0.0,0.0,2,32.4,58.3,296,Partly cloudy,0,0,
74435,2021-10-02 19:50:00,40.7430802,-73.9547366,2,0,Following Too Closely,4466956,23.7,10.8,0.0,0.0,0.0,0.0,3,17.0,34.2,254,Overcast,2,2,
74436,2021-10-18 10:26:00,40.7130236,-73.9063808,1,0,Other Vehicular,4468731,15.8,9.2,0.0,0.0,0.0,0.0,2,32.4,58.3,296,Partly cloudy,1,1,
74437,2021-09-30 13:30:00,40.6771023,-73.9247844,1,0,Following Too Closely,4468108,18.8,13.1,0.0,0.0,0.0,0.0,3,18.1,37.4,330,Overcast,1,1,
74438,2021-10-14 13:00:00,40.7230731,-73.9966451,0,0,Backing Unsafely,4468299,25.0,15.4,0.0,0.0,0.0,0.0,3,15.4,29.9,328,Overcast,0,0,
74439,2021-10-16 13:10:00,40.8924774,-73.8544923,0,0,Unsafe Speed,4467985,24.3,15.0,17.5,17.5,0.0,9.0,63,25.7,46.4,195,Rain: Moderate,0,0,
74440,2021-10-20 00:58:00,40.6447735,-73.9547296,0,0,Unspecified,4469008,24.1,13.8,0.0,0.0,0.0,0.0,3,21.6,37.1,276,Overcast,0,0,
74441,2021-11-02 11:00:00,40.588562,-74.14584,2,0,Following Too Closely,4473381,11.4,7.0,0.6,0.6,0.0,4.0,51,14.1,28.1,271,Drizzle: Light,2,2,
74442,2021-10-17 15:50:00,40.6315744,-73.9954605,1,0,Failure to Yield Right-of-Way,4468464,17.3,11.1,0.2,0.2,0.0,2.0,51,23.9,43.9,293,Drizzle: Light,1,1,
74443,2021-10-21 15:35:00,40.7164669,-74.0130802,1,0,Unspecified,4469550,22.9,12.0,0.0,0.0,0.0,0.0,3,17.0,31.7,207,Overcast,1,1,
74444,2021-10-15 14:00:00,40.6259011,-74.1347738,2,0,Driver Inattention/Distraction,4467594,25.0,14.5,0.0,0.0,0.0,0.0,3,16.8,28.4,182,Overcast,2,2,
74445,2021-10-23 17:02:00,40.703556,-73.7880409,0,0,Unspecified,4470572,15.9,10.4,0.2,0.2,0.0,2.0,51,14.4,26.6,326,Drizzle: Light,0,0,
74446,2021-10-16 00:45:00,40.6486499,-73.9503351,0,0,Unspecified,4467817,24.3,15.0,17.5,17.5,0.0,9.0,63,25.7,46.4,195,Rain: Moderate,0,0,
74447,2021-10-20 00:36:00,40.7429104,-73.9928041,0,0,Backing Unsafely,4469167,24.1,13.8,0.0,0.0,0.0,0.0,3,21.6,37.1,276,Overcast,0,0,
74448,2021-10-21 14:05:00,40.7391685,-73.763613,0,0,Unspecified,4469819,22.9,12.0,0.0,0.0,0.0,0.0,3,17.0,31.7,207,Overcast,0,0,
74449,2021-10-17 13:55:00,40.6277386,-73.9815658,0,0,Driver Inattention/Distraction,4467949,17.3,11.1,0.2,0.2,0.0,2.0,51,23.9,43.9,293,Drizzle: Light,0,0,
74450,2021-10-16 22:00:00,40.8264277,-73.9504508,0,0,Driver Inattention/Distraction,4467900,24.3,15.0,17.5,17.5,0.0,9.0,63,25.7,46.4,195,Rain: Moderate,0,0,
74451,2021-10-22 06:20:00,40.760716,-73.9947568,0,0,Unspecified,4469716,20.3,14.4,0.0,0.0,0.0,0.0,3,18.1,31.3,267,Overcast,0,0,
74452,2021-10-15 02:05:00,40.7470012,-73.8910513,2,0,Driver Inattention/Distraction,4467307,25.0,14.5,0.0,0.0,0.0,0.0,3,16.8,28.4,182,Overcast,2,2,
74453,2021-10-24 15:58:00,40.600571,-74.1133837,1,0,Failure to Yield Right-of-Way,4470732,15.5,7.6,0.7,0.7,0.0,1.0,53,13.0,23.8,248,Drizzle: Moderate,1,1,
74454,2021-10-19 17:25:00,40.6584172,-73.7676691,1,0,Driver Inattention/Distraction,4468895,19.1,8.3,0.0,0.0,0.0,0.0,1,24.6,45.0,272,Mainly clear,1,1,Sunny/Clear Conditions
74455,2021-10-26 05:16:00,40.734467,-73.89415,0,0,Unsafe Speed,4474151,16.9,13.8,84.5,84.5,0.0,17.0,65,28.7,53.6,87,Rain: Heavy,0,0,
74456,2021-10-21 12:52:00,40.619526,-73.9982669,0,0,Driver Inattention/Distraction,4469477,22.9,12.0,0.0,0.0,0.0,0.0,3,17.0,31.7,207,Overcast,0,0,
74457,2021-10-12 12:00:00,40.6706551,-73.9133909,0,0,Unspecified,4466751,21.6,15.2,0.0,0.0,0.0,0.0,3,11.8,23.8,81,Overcast,0,0,
74458,2021-11-02 11:00:00,40.843174,-73.91196,1,0,Driver Inattention/Distraction,4473656,11.4,7.0,0.6,0.6,0.0,4.0,51,14.1,28.1,271,Drizzle: Light,1,1,
74459,2021-10-14 15:57:00,40.7427803,-73.9588593,0,0,Unspecified,4467191,25.0,15.4,0.0,0.0,0.0,0.0,3,15.4,29.9,328,Overcast,0,0,
74460,2021-10-20 10:45:00,40.7266697,-73.729144,1,0,Driver Inattention/Distraction,4469185,24.1,13.8,0.0,0.0,0.0,0.0,3,21.6,37.1,276,Overcast,1,1,
74461,2021-10-17 20:00:00,40.6971366,-73.8937188,0,0,Unspecified,4468480,17.3,11.1,0.2,0.2,0.0,2.0,51,23.9,43.9,293,Drizzle: Light,0,0,
74462,2021-10-21 19:47:00,40.7972169,-73.9699144,1,0,Failure to Yield Right-of-Way,4469895,22.9,12.0,0.0,0.0,0.0,0.0,3,17.0,31.7,207,Overcast,1,1,
74463,2021-10-19 00:00:00,40.847379,-73.9223112,2,0,Following Too Closely,4469052,19.1,8.3,0.0,0.0,0.0,0.0,1,24.6,45.0,272,Mainly clear,2,2,Sunny/Clear Conditions
74464,2021-10-17 13:50:00,40.7002206,-73.9863892,1,0,Aggressive Driving/Road Rage,4468033,17.3,11.1,0.2,0.2,0.0,2.0,51,23.9,43.9,293,Drizzle: Light,1,1,
74465,2021-10-09 03:50:00,40.7842453,-73.9470878,0,0,Unspecified,4466704,20.2,15.2,1.2,1.2,0.0,5.0,51,22.8,42.8,71,Drizzle: Light,0,0,
74466,2021-10-20 16:10:00,40.8300564,-73.8649851,0,0,Failure to Yield Right-of-Way,4469555,24.1,13.8,0.0,0.0,0.0,0.0,3,21.6,37.1,276,Overcast,0,0,
74467,2021-10-14 13:46:00,40.7592391,-73.9790467,1,0,Driver Inattention/Distraction,4467072,25.0,15.4,0.0,0.0,0.0,0.0,3,15.4,29.9,328,Overcast,1,1,
74468,2021-10-17 02:08:00,40.6661388,-73.9480682,4,0,Driver Inexperience,4467753,17.3,11.1,0.2,0.2,0.0,2.0,51,23.9,43.9,293,Drizzle: Light,4,4,
74469,2021-10-16 14:16:00,40.6190078,-74.1314686,2,0,Traffic Control Disregarded,4468432,24.3,15.0,17.5,17.5,0.0,9.0,63,25.7,46.4,195,Rain: Moderate,2,2,
74470,2021-10-24 16:14:00,40.6930414,-73.9704306,1,0,Failure to Yield Right-of-Way,4470392,15.5,7.6,0.7,0.7,0.0,1.0,53,13.0,23.8,248,Drizzle: Moderate,1,1,
74471,2021-10-15 15:15:00,40.6465774,-74.0052035,1,0,Failure to Yield Right-of-Way,4470379,25.0,14.5,0.0,0.0,0.0,0.0,3,16.8,28.4,182,Overcast,1,1,
74472,2021-10-24 20:36:00,40.6913591,-73.8375359,1,0,Unspecified,4470749,15.5,7.6,0.7,0.7,0.0,1.0,53,13.0,23.8,248,Drizzle: Moderate,1,1,
74473,2021-10-22 19:56:00,40.8185601,-73.9273161,1,0,Unsafe Lane Changing,4470202,20.3,14.4,0.0,0.0,0.0,0.0,3,18.1,31.3,267,Overcast,1,1,
74474,2021-10-21 18:22:00,40.7617706,-73.979056,1,0,Illnes,4470009,22.9,12.0,0.0,0.0,0.0,0.0,3,17.0,31.7,207,Overcast,1,1,
74475,2021-10-21 08:00:00,40.6750028,-73.8243414,0,0,Fatigued/Drowsy,4469417,22.9,12.0,0.0,0.0,0.0,0.0,3,17.0,31.7,207,Overcast,0,0,
74476,2021-10-14 19:00:00,40.6647513,-73.8940407,0,0,Following Too Closely,4467271,25.0,15.4,0.0,0.0,0.0,0.0,3,15.4,29.9,328,Overcast,0,0,
74477,2021-10-24 05:10:00,40.7367232,-73.807072,0,0,Animals Action,4470254,15.5,7.6,0.7,0.7,0.0,1.0,53,13.0,23.8,248,Drizzle: Moderate,0,0,
74478,2021-10-15 18:57:00,40.5461369,-74.1740677,0,0,Unspecified,4469035,25.0,14.5,0.0,0.0,0.0,0.0,3,16.8,28.4,182,Overcast,0,0,
74479,2021-10-16 03:00:00,40.6944341,-73.9209249,0,0,Driver Inexperience,4468332,24.3,15.0,17.5,17.5,0.0,9.0,63,25.7,46.4,195,Rain: Moderate,0,0,
74480,2021-10-22 14:30:00,40.6397952,-73.9291071,1,0,Unspecified,4470276,20.3,14.4,0.0,0.0,0.0,0.0,3,18.1,31.3,267,Overcast,1,1,
74481,2021-10-12 10:30:00,40.8193144,-73.8853966,0,0,Unspecified,4468410,21.6,15.2,0.0,0.0,0.0,0.0,3,11.8,23.8,81,Overcast,0,0,
74482,2021-10-15 15:15:00,40.6790056,-73.8195862,1,0,Following Too Closely,4468006,25.0,14.5,0.0,0.0,0.0,0.0,3,16.8,28.4,182,Overcast,1,1,
74483,2021-10-19 16:30:00,40.6792815,-74.0036017,0,0,Backing Unsafely,4468900,19.1,8.3,0.0,0.0,0.0,0.0,1,24.6,45.0,272,Mainly clear,0,0,Sunny/Clear Conditions
74484,2021-10-16 20:48:00,40.6953722,-73.763249,1,0,Traffic Control Disregarded,4468197,24.3,15.0,17.5,17.5,0.0,9.0,63,25.7,46.4,195,Rain: Moderate,1,1,
74485,2021-10-15 19:50:00,40.7129023,-73.906077,0,0,Reaction to Uninvolved Vehicle,4467535,25.0,14.5,0.0,0.0,0.0,0.0,3,16.8,28.4,182,Overcast,0,0,
74486,2021-10-17 15:15:00,40.7454622,-73.8758281,1,0,Failure to Yield Right-of-Way,4468024,17.3,11.1,0.2,0.2,0.0,2.0,51,23.9,43.9,293,Drizzle: Light,1,1,
74487,2021-10-03 19:05:00,40.6847527,-73.860765,1,0,Unspecified,4467101,25.9,12.8,0.0,0.0,0.0,0.0,3,12.0,24.1,217,Overcast,1,1,
74488,2021-10-18 13:10:00,40.6960029,-73.7974808,2,0,Driver Inattention/Distraction,4468768,15.8,9.2,0.0,0.0,0.0,0.0,2,32.4,58.3,296,Partly cloudy,2,2,
74489,2021-10-19 09:35:00,40.7161106,-73.9555232,0,0,Reaction to Uninvolved Vehicle,4469868,19.1,8.3,0.0,0.0,0.0,0.0,1,24.6,45.0,272,Mainly clear,0,0,Sunny/Clear Conditions
74490,2021-10-25 06:15:00,40.7830159,-73.8439844,0,0,Driver Inexperience,4470764,22.8,13.5,10.7,10.7,0.0,8.0,63,18.9,33.5,172,Rain: Moderate,0,0,
74491,2021-10-14 16:27:00,40.6979187,-73.9208228,0,0,Failure to Yield Right-of-Way,4467557,25.0,15.4,0.0,0.0,0.0,0.0,3,15.4,29.9,328,Overcast,0,0,
74492,2021-10-18 16:56:00,40.6741348,-73.8715988,0,0,Driver Inattention/Distraction,4468635,15.8,9.2,0.0,0.0,0.0,0.0,2,32.4,58.3,296,Partly cloudy,0,0,
74493,2021-10-16 12:32:00,40.6794127,-73.9108972,0,0,Unspecified,4467800,24.3,15.0,17.5,17.5,0.0,9.0,63,25.7,46.4,195,Rain: Moderate,0,0,
74494,2021-10-22 18:27:00,40.7295015,-73.9539577,0,0,Other Vehicular,4469905,20.3,14.4,0.0,0.0,0.0,0.0,3,18.1,31.3,267,Overcast,0,0,
74495,2021-10-20 22:53:00,40.511804,-74.2500345,0,0,Unspecified,4469808,24.1,13.8,0.0,0.0,0.0,0.0,3,21.6,37.1,276,Overcast,0,0,
74496,2021-10-20 18:04:00,40.836539,-73.8933768,0,0,Unsafe Speed,4470705,24.1,13.8,0.0,0.0,0.0,0.0,3,21.6,37.1,276,Overcast,0,0,
74497,2021-10-18 12:00:00,40.6857553,-73.9702042,0,0,Unspecified,4469285,15.8,9.2,0.0,0.0,0.0,0.0,2,32.4,58.3,296,Partly cloudy,0,0,
74498,2021-10-24 11:00:00,40.6586056,-73.7561657,3,0,Unspecified,4470304,15.5,7.6,0.7,0.7,0.0,1.0,53,13.0,23.8,248,Drizzle: Moderate,3,3,
74499,2021-10-15 04:01:00,40.8302944,-73.8758834,0,0,Unspecified,4467477,25.0,14.5,0.0,0.0,0.0,0.0,3,16.8,28.4,182,Overcast,0,0,
74500,2021-10-21 06:00:00,40.6666704,-73.9218137,0,0,Other Vehicular,4469450,22.9,12.0,0.0,0.0,0.0,0.0,3,17.0,31.7,207,Overcast,0,0,
74501,2021-10-13 15:00:00,40.6074131,-73.9262495,0,0,Unspecified,4466775,21.7,14.8,0.1,0.1,0.0,1.0,51,12.2,23.0,200,Drizzle: Light,0,0,
74502,2021-10-23 19:30:00,40.6661335,-73.9051858,0,0,Unspecified,4470197,15.9,10.4,0.2,0.2,0.0,2.0,51,14.4,26.6,326,Drizzle: Light,0,0,
74503,2021-09-15 14:05:00,40.8308903,-73.8272842,3,0,Passing or Lane Usage Improper,4460385,29.6,20.7,0.3,0.3,0.0,3.0,51,21.6,40.7,192,Drizzle: Light,3,3,
74504,2021-10-23 00:22:00,40.7223244,-74.0117465,0,0,Unspecified,4469998,15.9,10.4,0.2,0.2,0.0,2.0,51,14.4,26.6,326,Drizzle: Light,0,0,
74505,2021-10-23 02:05:00,40.6859878,-73.8178296,1,0,Driver Inattention/Distraction,4469964,15.9,10.4,0.2,0.2,0.0,2.0,51,14.4,26.6,326,Drizzle: Light,1,1,
74506,2021-10-16 00:30:00,40.8165011,-73.9465455,0,0,Driver Inattention/Distraction,4467636,24.3,15.0,17.5,17.5,0.0,9.0,63,25.7,46.4,195,Rain: Moderate,0,0,
74507,2021-10-14 17:55:00,40.5992491,-74.0014332,1,0,Unspecified,4467144,25.0,15.4,0.0,0.0,0.0,0.0,3,15.4,29.9,328,Overcast,1,1,
74508,2021-10-14 12:31:00,40.696081,-73.9693938,0,0,Driver Inattention/Distraction,4467190,25.0,15.4,0.0,0.0,0.0,0.0,3,15.4,29.9,328,Overcast,0,0,
74509,2021-10-18 02:00:00,40.7440247,-73.7189004,0,0,Driver Inattention/Distraction,4468567,15.8,9.2,0.0,0.0,0.0,0.0,2,32.4,58.3,296,Partly cloudy,0,0,
74510,2021-10-23 16:37:00,40.8896795,-73.8205914,1,0,Driver Inattention/Distraction,4470402,15.9,10.4,0.2,0.2,0.0,2.0,51,14.4,26.6,326,Drizzle: Light,1,1,
74511,2021-10-24 19:15:00,40.7003604,-73.8298012,0,0,Passing or Lane Usage Improper,4470463,15.5,7.6,0.7,0.7,0.0,1.0,53,13.0,23.8,248,Drizzle: Moderate,0,0,
74512,2021-10-16 05:53:00,40.8163066,-73.9080481,0,0,Reaction to Uninvolved Vehicle,4467721,24.3,15.0,17.5,17.5,0.0,9.0,63,25.7,46.4,195,Rain: Moderate,0,0,
74513,2021-10-09 07:18:00,40.6140296,-73.973995,1,0,Passing or Lane Usage Improper,4467848,20.2,15.2,1.2,1.2,0.0,5.0,51,22.8,42.8,71,Drizzle: Light,1,1,
74514,2022-04-12 07:25:00,40.71407,-73.954346,0,0,Driver Inattention/Distraction,4519360,20.4,7.7,1.6,1.6,0.0,3.0,53,17.8,36.0,271,Drizzle: Moderate,0,0,
74515,2021-10-20 11:10:00,40.6647903,-73.9570124,0,0,Backing Unsafely,4469177,24.1,13.8,0.0,0.0,0.0,0.0,3,21.6,37.1,276,Overcast,0,0,
74516,2021-10-19 19:02:00,40.7399638,-73.8175844,0,0,Reaction to Uninvolved Vehicle,4468920,19.1,8.3,0.0,0.0,0.0,0.0,1,24.6,45.0,272,Mainly clear,0,0,Sunny/Clear Conditions
74517,2021-10-19 23:30:00,40.7445859,-73.8861731,0,0,Backing Unsafely,4469009,19.1,8.3,0.0,0.0,0.0,0.0,1,24.6,45.0,272,Mainly clear,0,0,Sunny/Clear Conditions
74518,2021-10-17 04:15:00,40.7309325,-73.8645761,0,0,Unsafe Lane Changing,4468779,17.3,11.1,0.2,0.2,0.0,2.0,51,23.9,43.9,293,Drizzle: Light,0,0,
74519,2021-10-12 16:00:00,40.701033,-73.7885259,0,0,Driver Inattention/Distraction,4467057,21.6,15.2,0.0,0.0,0.0,0.0,3,11.8,23.8,81,Overcast,0,0,
74520,2021-10-18 13:30:00,40.7073058,-73.7512138,1,0,Failure to Yield Right-of-Way,4468785,15.8,9.2,0.0,0.0,0.0,0.0,2,32.4,58.3,296,Partly cloudy,1,1,
74521,2021-11-01 01:45:00,40.64431,-73.93155,0,0,Unspecified,4474085,14.4,8.0,0.0,0.0,0.0,0.0,3,20.7,38.5,278,Overcast,0,0,
74522,2021-10-22 08:41:00,40.7668271,-73.914652,0,0,Physical Disability,4470030,20.3,14.4,0.0,0.0,0.0,0.0,3,18.1,31.3,267,Overcast,0,0,
74523,2021-10-14 18:00:00,40.5967458,-73.9979871,2,0,Driver Inattention/Distraction,4467768,25.0,15.4,0.0,0.0,0.0,0.0,3,15.4,29.9,328,Overcast,2,2,
74524,2021-10-14 17:10:00,40.7633655,-73.9592408,0,0,Driver Inattention/Distraction,4468082,25.0,15.4,0.0,0.0,0.0,0.0,3,15.4,29.9,328,Overcast,0,0,
74525,2021-10-23 04:22:00,40.7525875,-73.9031006,0,0,Alcohol Involvement,4469988,15.9,10.4,0.2,0.2,0.0,2.0,51,14.4,26.6,326,Drizzle: Light,0,0,
74526,2021-10-23 15:15:00,40.6418837,-74.0064968,1,0,Driver Inattention/Distraction,4470106,15.9,10.4,0.2,0.2,0.0,2.0,51,14.4,26.6,326,Drizzle: Light,1,1,
74527,2021-10-17 06:09:00,40.8129961,-73.9501429,0,0,Driver Inexperience,4468999,17.3,11.1,0.2,0.2,0.0,2.0,51,23.9,43.9,293,Drizzle: Light,0,0,
74528,2021-11-02 18:45:00,40.70139,-73.79009,1,0,Unsafe Speed,4474118,11.4,7.0,0.6,0.6,0.0,4.0,51,14.1,28.1,271,Drizzle: Light,1,1,
74529,2021-10-19 15:18:00,40.6330046,-73.95673,1,0,Unspecified,4469131,19.1,8.3,0.0,0.0,0.0,0.0,1,24.6,45.0,272,Mainly clear,1,1,Sunny/Clear Conditions
74530,2021-10-07 15:45:00,40.7430802,-73.9547366,0,0,Unsafe Lane Changing,4467422,22.4,15.7,0.4,0.4,0.0,4.0,51,10.5,20.5,231,Drizzle: Light,0,0,
74531,2021-10-24 10:12:00,40.7092049,-73.9960612,1,0,Pedestrian/Bicyclist/Other Pedestrian Error/Confusion,4470608,15.5,7.6,0.7,0.7,0.0,1.0,53,13.0,23.8,248,Drizzle: Moderate,1,1,
74532,2021-10-20 16:20:00,40.6659076,-73.9185358,1,0,Unspecified,4469317,24.1,13.8,0.0,0.0,0.0,0.0,3,21.6,37.1,276,Overcast,1,1,
74533,2021-10-22 12:25:00,40.8593269,-73.9313133,1,0,Traffic Control Disregarded,4470857,20.3,14.4,0.0,0.0,0.0,0.0,3,18.1,31.3,267,Overcast,1,1,
74534,2021-10-19 12:30:00,40.6792938,-74.0005041,0,0,Following Too Closely,4468952,19.1,8.3,0.0,0.0,0.0,0.0,1,24.6,45.0,272,Mainly clear,0,0,Sunny/Clear Conditions
74535,2021-10-17 11:20:00,40.6875928,-73.9646273,0,0,Unspecified,4467932,17.3,11.1,0.2,0.2,0.0,2.0,51,23.9,43.9,293,Drizzle: Light,0,0,
74536,2021-10-15 17:43:00,40.6933432,-73.9736239,1,0,Driver Inattention/Distraction,4468864,25.0,14.5,0.0,0.0,0.0,0.0,3,16.8,28.4,182,Overcast,1,1,
74537,2021-10-15 07:45:00,40.7681729,-73.9615242,1,0,Passing or Lane Usage Improper,4467322,25.0,14.5,0.0,0.0,0.0,0.0,3,16.8,28.4,182,Overcast,1,1,
74538,2021-11-01 13:55:00,40.66336,-73.95975,0,0,Driver Inattention/Distraction,4474001,14.4,8.0,0.0,0.0,0.0,0.0,3,20.7,38.5,278,Overcast,0,0,