,CRASH DATETIME,LATITUDE,LONGITUDE,NUMBER OF PERSONS INJURED,NUMBER OF PERSONS KILLED,CONTRIBUTING FACTOR VEHICLE 1,COLLISION_ID,temperature_2m_max,temperature_2m_min,precipitation_sum,rain_sum,snowfall_sum,precipitation_hours,weather_code,wind_speed_10m_max,wind_gusts_10m_max,wind_direction_10m_dominant,Weather Description,Severity_Score,Total_Affected_Persons,Weather_Category
74539,2021-10-08 14:45:00,40.6489032,-73.9646386,0,0,Driver Inattention/Distraction,4470874,23.7,14.5,0.0,0.0,0.0,0.0,3,13.0,22.3,94,Overcast,0,0,
74540,2021-10-24 18:03:00,40.6005377,-73.9408919,2,0,Failure to Yield Right-of-Way,4470565,15.5,7.6,0.7,0.7,0.0,1.0,53,13.0,23.8,248,Drizzle: Moderate,2,2,
74541,2021-10-21 07:15:00,40.6448634,-74.0174696,2,0,Backing Unsafely,4469582,22.9,12.0,0.0,0.0,0.0,0.0,3,17.0,31.7,207,Overcast,2,2,
74542,2021-10-16 08:20:00,40.7678602,-73.9640756,0,0,Passing Too Closely,4468905,24.3,15.0,17.5,17.5,0.0,9.0,63,25.7,46.4,195,Rain: Moderate,0,0,
74543,2021-10-20 00:00:00,40.8624717,-73.9002838,1,0,Following Too Closely,4469427,24.1,13.8,0.0,0.0,0.0,0.0,3,21.6,37.1,276,Overcast,1,1,
74544,2021-10-18 15:20:00,40.8501811,-73.9105821,1,0,View Obstructed/Limited,4469067,15.8,9.2,0.0,0.0,0.0,0.0,2,32.4,58.3,296,Partly cloudy,1,1,
74545,2021-10-17 14:30:00,40.85422,-73.8900301,0,0,Driver Inattention/Distraction,4468319,17.3,11.1,0.2,0.2,0.0,2.0,51,23.9,43.9,293,Drizzle: Light,0,0,
74546,2021-10-23 18:40:00,40.653267,-73.9392594,0,0,Unspecified,4470282,15.9,10.4,0.2,0.2,0.0,2.0,51,14.4,26.6,326,Drizzle: Light,0,0,
74547,2021-10-22 13:55:00,40.7600833,-73.7702745,0,0,Driver Inattention/Distraction,4469912,20.3,14.4,0.0,0.0,0.0,0.0,3,18.1,31.3,267,Overcast,0,0,
74548,2021-10-13 08:15:00,40.7122076,-73.9967072,0,0,Driver Inattention/Distraction,4466925,21.7,14.8,0.1,0.1,0.0,1.0,51,12.2,23.0,200,Drizzle: Light,0,0,
74549,2021-10-24 16:00:00,40.6735603,-73.9362632,0,0,Unspecified,4470439,15.5,7.6,0.7,0.7,0.0,1.0,53,13.0,23.8,248,Drizzle: Moderate,0,0,
74550,2021-10-21 19:55:00,40.7025561,-73.7623182,1,0,Traffic Control Disregarded,4469873,22.9,12.0,0.0,0.0,0.0,0.0,3,17.0,31.7,207,Overcast,1,1,
74551,2021-10-23 01:45:00,40.6572284,-73.9007564,0,0,Unspecified,4470180,15.9,10.4,0.2,0.2,0.0,2.0,51,14.4,26.6,326,Drizzle: Light,0,0,
74552,2021-11-02 06:50:00,40.65965,-73.773834,1,0,Unspecified,4473285,11.4,7.0,0.6,0.6,0.0,4.0,51,14.1,28.1,271,Drizzle: Light,1,1,
74553,2021-10-23 07:30:00,40.8215671,-73.8257545,0,0,Unspecified,4470158,15.9,10.4,0.2,0.2,0.0,2.0,51,14.4,26.6,326,Drizzle: Light,0,0,
74554,2021-10-19 19:15:00,40.5777999,-73.9605636,0,0,Backing Unsafely,4469349,19.1,8.3,0.0,0.0,0.0,0.0,1,24.6,45.0,272,Mainly clear,0,0,Sunny/Clear Conditions
74555,2021-10-13 14:21:00,40.6116845,-73.9469328,2,0,Unspecified,4467290,21.7,14.8,0.1,0.1,0.0,1.0,51,12.2,23.0,200,Drizzle: Light,2,2,
74556,2021-10-22 21:20:00,40.59779,-73.9462309,4,0,Passing or Lane Usage Improper,4469979,20.3,14.4,0.0,0.0,0.0,0.0,3,18.1,31.3,267,Overcast,4,4,
74557,2021-10-13 14:50:00,40.8852032,-73.845034,0,0,Unsafe Speed,4467040,21.7,14.8,0.1,0.1,0.0,1.0,51,12.2,23.0,200,Drizzle: Light,0,0,
74558,2021-10-16 12:05:00,40.7018198,-73.7404929,0,0,View Obstructed/Limited,4467668,24.3,15.0,17.5,17.5,0.0,9.0,63,25.7,46.4,195,Rain: Moderate,0,0,
74559,2021-10-19 10:05:00,40.7497658,-73.8028755,1,0,Unspecified,4468925,19.1,8.3,0.0,0.0,0.0,0.0,1,24.6,45.0,272,Mainly clear,1,1,Sunny/Clear Conditions
74560,2021-10-17 19:30:00,40.6906946,-73.9572731,1,0,Following Too Closely,4468935,17.3,11.1,0.2,0.2,0.0,2.0,51,23.9,43.9,293,Drizzle: Light,1,1,
74561,2021-10-20 08:05:00,40.6485398,-73.9242472,1,0,Turning Improperly,4469229,24.1,13.8,0.0,0.0,0.0,0.0,3,21.6,37.1,276,Overcast,1,1,
74562,2021-10-16 15:00:00,40.6245928,-74.1412853,0,0,Failure to Yield Right-of-Way,4468489,24.3,15.0,17.5,17.5,0.0,9.0,63,25.7,46.4,195,Rain: Moderate,0,0,
74563,2021-10-21 20:00:00,40.7405818,-73.8587497,0,0,Driver Inattention/Distraction,4470407,22.9,12.0,0.0,0.0,0.0,0.0,3,17.0,31.7,207,Overcast,0,0,
74564,2021-10-20 18:23:00,40.8115084,-73.9464773,2,0,Other Vehicular,4469345,24.1,13.8,0.0,0.0,0.0,0.0,3,21.6,37.1,276,Overcast,2,2,
74565,2021-10-13 10:20:00,40.8220118,-73.858263,0,0,Unspecified,4467471,21.7,14.8,0.1,0.1,0.0,1.0,51,12.2,23.0,200,Drizzle: Light,0,0,
74566,2021-10-15 20:30:00,40.7769214,-73.9618657,0,0,Backing Unsafely,4468065,25.0,14.5,0.0,0.0,0.0,0.0,3,16.8,28.4,182,Overcast,0,0,
74567,2021-10-17 00:38:00,40.8477003,-73.9009602,0,0,Driver Inattention/Distraction,4469462,17.3,11.1,0.2,0.2,0.0,2.0,51,23.9,43.9,293,Drizzle: Light,0,0,
74568,2021-10-18 11:30:00,40.6390218,-74.022464,0,0,Following Too Closely,4468984,15.8,9.2,0.0,0.0,0.0,0.0,2,32.4,58.3,296,Partly cloudy,0,0,
74569,2021-10-14 19:45:00,40.7487047,-73.8852045,0,0,Alcohol Involvement,4469540,25.0,15.4,0.0,0.0,0.0,0.0,3,15.4,29.9,328,Overcast,0,0,
74570,2021-10-30 21:15:00,40.650703,-73.920586,1,0,Driver Inattention/Distraction,4474093,17.8,12.0,7.8,7.8,0.0,16.0,61,38.5,68.0,112,Rain: Light,1,1,
74571,2021-10-24 03:40:00,40.6803817,-73.8596637,0,0,Passing Too Closely,4470315,15.5,7.6,0.7,0.7,0.0,1.0,53,13.0,23.8,248,Drizzle: Moderate,0,0,
74572,2021-10-19 17:00:00,40.6969748,-73.906525,0,0,Unspecified,4470052,19.1,8.3,0.0,0.0,0.0,0.0,1,24.6,45.0,272,Mainly clear,0,0,Sunny/Clear Conditions
74573,2021-10-23 10:52:00,40.625818,-73.9769219,1,0,Driver Inattention/Distraction,4470041,15.9,10.4,0.2,0.2,0.0,2.0,51,14.4,26.6,326,Drizzle: Light,1,1,
74574,2021-10-15 18:04:00,40.6090573,-74.0892245,0,0,Driver Inattention/Distraction,4467890,25.0,14.5,0.0,0.0,0.0,0.0,3,16.8,28.4,182,Overcast,0,0,
74575,2021-10-21 08:25:00,40.6836718,-73.9755725,0,0,Driver Inattention/Distraction,4469647,22.9,12.0,0.0,0.0,0.0,0.0,3,17.0,31.7,207,Overcast,0,0,
74576,2021-10-19 22:45:00,40.8985689,-73.854801,0,0,Turning Improperly,4469200,19.1,8.3,0.0,0.0,0.0,0.0,1,24.6,45.0,272,Mainly clear,0,0,Sunny/Clear Conditions
74577,2021-10-21 20:09:00,40.7601858,-73.7678427,0,0,Other Vehicular,4470419,22.9,12.0,0.0,0.0,0.0,0.0,3,17.0,31.7,207,Overcast,0,0,
74578,2021-10-20 20:20:00,40.6627814,-73.8808552,0,0,Driver Inattention/Distraction,4469683,24.1,13.8,0.0,0.0,0.0,0.0,3,21.6,37.1,276,Overcast,0,0,
74579,2021-10-18 17:43:00,40.7299198,-73.742423,1,0,Unspecified,4468512,15.8,9.2,0.0,0.0,0.0,0.0,2,32.4,58.3,296,Partly cloudy,1,1,
74580,2021-10-13 02:47:00,40.5769818,-73.9815654,0,0,Passing Too Closely,4466675,21.7,14.8,0.1,0.1,0.0,1.0,51,12.2,23.0,200,Drizzle: Light,0,0,
74581,2021-10-18 17:00:00,40.8044551,-73.9118464,0,0,Unspecified,4468682,15.8,9.2,0.0,0.0,0.0,0.0,2,32.4,58.3,296,Partly cloudy,0,0,
74582,2021-10-16 03:32:00,40.7281388,-73.8876287,0,0,Unsafe Speed,4467969,24.3,15.0,17.5,17.5,0.0,9.0,63,25.7,46.4,195,Rain: Moderate,0,0,
74583,2021-10-21 11:00:00,40.8263977,-73.9211541,0,0,Unspecified,4470190,22.9,12.0,0.0,0.0,0.0,0.0,3,17.0,31.7,207,Overcast,0,0,
74584,2021-10-22 12:30:00,40.6601384,-73.9839176,0,0,Unspecified,4469900,20.3,14.4,0.0,0.0,0.0,0.0,3,18.1,31.3,267,Overcast,0,0,
74585,2021-10-21 09:30:00,40.6559131,-74.0082785,0,0,Passing or Lane Usage Improper,4469519,22.9,12.0,0.0,0.0,0.0,0.0,3,17.0,31.7,207,Overcast,0,0,
74586,2021-10-13 19:41:00,40.8472479,-73.9368558,0,0,Passing Too Closely,4467366,21.7,14.8,0.1,0.1,0.0,1.0,51,12.2,23.0,200,Drizzle: Light,0,0,
74587,2021-10-24 05:02:00,40.6756691,-73.8643459,1,0,Unspecified,4470466,15.5,7.6,0.7,0.7,0.0,1.0,53,13.0,23.8,248,Drizzle: Moderate,1,1,
74588,2021-10-13 08:58:00,40.698339,-73.7960564,0,0,Passing Too Closely,4467134,21.7,14.8,0.1,0.1,0.0,1.0,51,12.2,23.0,200,Drizzle: Light,0,0,
74589,2021-11-02 21:13:00,40.902233,-73.843666,0,0,Alcohol Involvement,4473502,11.4,7.0,0.6,0.6,0.0,4.0,51,14.1,28.1,271,Drizzle: Light,0,0,
74590,2021-10-17 16:00:00,40.7619571,-73.8970519,1,0,Reaction to Uninvolved Vehicle,4468533,17.3,11.1,0.2,0.2,0.0,2.0,51,23.9,43.9,293,Drizzle: Light,1,1,
74591,2021-10-24 14:55:00,40.8214482,-73.9116901,0,0,Unspecified,4470621,15.5,7.6,0.7,0.7,0.0,1.0,53,13.0,23.8,248,Drizzle: Moderate,0,0,
74592,2021-10-20 20:15:00,40.6810463,-73.9434489,0,0,Driver Inexperience,4470374,24.1,13.8,0.0,0.0,0.0,0.0,3,21.6,37.1,276,Overcast,0,0,
74593,2021-10-21 15:15:00,40.6908472,-73.7266153,0,0,Following Too Closely,4469628,22.9,12.0,0.0,0.0,0.0,0.0,3,17.0,31.7,207,Overcast,0,0,
74594,2021-10-21 11:11:00,40.7346598,-74.0047486,0,0,Passing Too Closely,4469463,22.9,12.0,0.0,0.0,0.0,0.0,3,17.0,31.7,207,Overcast,0,0,
74595,2021-10-24 08:44:00,40.7469565,-73.874908,0,0,Driver Inattention/Distraction,4470495,15.5,7.6,0.7,0.7,0.0,1.0,53,13.0,23.8,248,Drizzle: Moderate,0,0,
74596,2021-10-17 16:50:00,40.7075334,-73.9568846,0,0,Unspecified,4468140,17.3,11.1,0.2,0.2,0.0,2.0,51,23.9,43.9,293,Drizzle: Light,0,0,
74597,2021-10-21 16:55:00,40.7847137,-73.9581047,0,0,Driver Inattention/Distraction,4469652,22.9,12.0,0.0,0.0,0.0,0.0,3,17.0,31.7,207,Overcast,0,0,
74598,2021-10-15 13:30:00,40.7391647,-73.7855496,0,0,Passing or Lane Usage Improper,4467509,25.0,14.5,0.0,0.0,0.0,0.0,3,16.8,28.4,182,Overcast,0,0,
74599,2021-10-21 08:15:00,40.7032877,-73.9506397,0,0,Failure to Yield Right-of-Way,4470089,22.9,12.0,0.0,0.0,0.0,0.0,3,17.0,31.7,207,Overcast,0,0,
74600,2021-10-17 16:05:00,40.7497011,-73.9025603,1,0,Driver Inattention/Distraction,4468097,17.3,11.1,0.2,0.2,0.0,2.0,51,23.9,43.9,293,Drizzle: Light,1,1,
74601,2022-04-13 07:55:00,40.70801,-73.96433,0,0,Driver Inattention/Distraction,4518855,18.9,7.1,0.0,0.0,0.0,0.0,3,18.7,37.4,112,Overcast,0,0,
74602,2021-09-30 14:39:00,40.6094168,-73.9676868,1,0,Traffic Control Disregarded,4462760,18.8,13.1,0.0,0.0,0.0,0.0,3,18.1,37.4,330,Overcast,1,1,
74603,2021-10-22 06:15:00,40.679049,-73.9585677,0,0,Unspecified,4470355,20.3,14.4,0.0,0.0,0.0,0.0,3,18.1,31.3,267,Overcast,0,0,
74604,2021-10-21 23:59:00,40.8355842,-73.8906604,1,0,Unspecified,4470718,22.9,12.0,0.0,0.0,0.0,0.0,3,17.0,31.7,207,Overcast,1,1,
74605,2021-10-18 22:07:00,40.6481479,-73.9317719,1,0,Unsafe Speed,4468875,15.8,9.2,0.0,0.0,0.0,0.0,2,32.4,58.3,296,Partly cloudy,1,1,
74606,2021-10-20 02:45:00,40.7034882,-73.905637,0,0,Following Too Closely,4469127,24.1,13.8,0.0,0.0,0.0,0.0,3,21.6,37.1,276,Overcast,0,0,
74607,2021-10-14 13:25:00,40.661037,-73.9974301,1,0,Unspecified,4467230,25.0,15.4,0.0,0.0,0.0,0.0,3,15.4,29.9,328,Overcast,1,1,
74608,2021-10-24 02:05:00,40.678749,-73.8204991,1,0,Pavement Defective,4470539,15.5,7.6,0.7,0.7,0.0,1.0,53,13.0,23.8,248,Drizzle: Moderate,1,1,
74609,2022-04-14 20:43:00,40.68963,-73.98575,0,0,Turning Improperly,4519499,28.1,13.9,0.2,0.2,0.0,2.0,51,25.9,46.1,249,Drizzle: Light,0,0,
74610,2021-10-16 01:30:00,40.5544107,-74.1546087,0,0,Driver Inattention/Distraction,4467736,24.3,15.0,17.5,17.5,0.0,9.0,63,25.7,46.4,195,Rain: Moderate,0,0,
74611,2021-10-19 16:25:00,40.735855,-73.8157507,0,0,Driver Inattention/Distraction,4468945,19.1,8.3,0.0,0.0,0.0,0.0,1,24.6,45.0,272,Mainly clear,0,0,Sunny/Clear Conditions
74612,2021-10-18 18:00:00,40.6443933,-73.9737844,0,0,Unspecified,4468752,15.8,9.2,0.0,0.0,0.0,0.0,2,32.4,58.3,296,Partly cloudy,0,0,
74613,2021-10-16 10:30:00,40.789792,-73.9478923,0,0,Turning Improperly,4467604,24.3,15.0,17.5,17.5,0.0,9.0,63,25.7,46.4,195,Rain: Moderate,0,0,
74614,2021-10-17 08:46:00,40.8810412,-73.8574465,1,0,Failure to Yield Right-of-Way,4468000,17.3,11.1,0.2,0.2,0.0,2.0,51,23.9,43.9,293,Drizzle: Light,1,1,
74615,2021-10-12 00:00:00,40.7498691,-73.8627259,0,0,Driver Inattention/Distraction,4466527,21.6,15.2,0.0,0.0,0.0,0.0,3,11.8,23.8,81,Overcast,0,0,
74616,2021-10-02 12:00:00,40.6637286,-73.9538481,1,0,Driver Inattention/Distraction,4466201,23.7,10.8,0.0,0.0,0.0,0.0,3,17.0,34.2,254,Overcast,1,1,
74617,2021-10-19 08:20:00,40.6891029,-73.9450575,0,0,Driver Inexperience,4468930,19.1,8.3,0.0,0.0,0.0,0.0,1,24.6,45.0,272,Mainly clear,0,0,Sunny/Clear Conditions
74618,2021-10-06 07:00:00,40.7721666,-73.9917575,1,0,Backing Unsafely,4468885,20.3,16.0,0.1,0.1,0.0,1.0,51,6.5,14.0,28,Drizzle: Light,1,1,
74619,2021-10-10 14:40:00,40.8006946,-73.9411094,0,0,Passing or Lane Usage Improper,4466719,18.5,16.0,2.4,2.4,0.0,8.0,53,27.2,52.6,52,Drizzle: Moderate,0,0,
74620,2021-10-16 19:30:00,40.7656468,-73.8889351,0,0,Driver Inexperience,4467868,24.3,15.0,17.5,17.5,0.0,9.0,63,25.7,46.4,195,Rain: Moderate,0,0,
74621,2021-10-19 15:27:00,40.6674882,-73.8958827,0,0,Unspecified,4469232,19.1,8.3,0.0,0.0,0.0,0.0,1,24.6,45.0,272,Mainly clear,0,0,Sunny/Clear Conditions
74622,2021-10-19 13:30:00,40.7148977,-73.9963664,1,0,Pedestrian/Bicyclist/Other Pedestrian Error/Confusion,4469020,19.1,8.3,0.0,0.0,0.0,0.0,1,24.6,45.0,272,Mainly clear,1,1,Sunny/Clear Conditions
74623,2021-10-21 13:00:00,40.790724,-73.8100817,0,0,Unspecified,4470717,22.9,12.0,0.0,0.0,0.0,0.0,3,17.0,31.7,207,Overcast,0,0,
74624,2021-10-18 18:15:00,40.8141049,-73.9408539,0,0,Passing or Lane Usage Improper,4470644,15.8,9.2,0.0,0.0,0.0,0.0,2,32.4,58.3,296,Partly cloudy,0,0,
74625,2021-10-17 01:00:00,40.7771942,-73.9598482,0,0,Driver Inattention/Distraction,4468130,17.3,11.1,0.2,0.2,0.0,2.0,51,23.9,43.9,293,Drizzle: Light,0,0,
74626,2021-10-20 10:40:00,40.8323165,-73.9316013,0,0,Driver Inexperience,4470185,24.1,13.8,0.0,0.0,0.0,0.0,3,21.6,37.1,276,Overcast,0,0,
74627,2021-10-15 10:15:00,40.6064803,-74.166032,0,0,Driver Inattention/Distraction,4467371,25.0,14.5,0.0,0.0,0.0,0.0,3,16.8,28.4,182,Overcast,0,0,
74628,2021-10-12 15:00:00,40.7666057,-73.9161022,0,0,Unspecified,4467885,21.6,15.2,0.0,0.0,0.0,0.0,3,11.8,23.8,81,Overcast,0,0,
74629,2021-10-21 11:35:00,40.8374635,-73.8737713,2,0,Unsafe Speed,4470424,22.9,12.0,0.0,0.0,0.0,0.0,3,17.0,31.7,207,Overcast,2,2,
74630,2021-10-17 20:30:00,40.6656022,-73.7846221,1,0,,4469595,17.3,11.1,0.2,0.2,0.0,2.0,51,23.9,43.9,293,Drizzle: Light,1,1,
74631,2021-10-20 15:35:00,40.8908418,-73.862459,0,0,Unsafe Lane Changing,4469509,24.1,13.8,0.0,0.0,0.0,0.0,3,21.6,37.1,276,Overcast,0,0,
74632,2021-10-18 07:40:00,40.7342811,-73.8646235,0,0,Following Too Closely,4468363,15.8,9.2,0.0,0.0,0.0,0.0,2,32.4,58.3,296,Partly cloudy,0,0,
74633,2021-10-12 08:45:00,40.6805793,-73.974316,1,0,Driver Inattention/Distraction,4467025,21.6,15.2,0.0,0.0,0.0,0.0,3,11.8,23.8,81,Overcast,1,1,
74634,2021-10-15 11:05:00,40.7580065,-73.9166461,0,0,Unspecified,4467895,25.0,14.5,0.0,0.0,0.0,0.0,3,16.8,28.4,182,Overcast,0,0,
74635,2021-11-01 01:50:00,40.76229,-73.986115,0,0,Turning Improperly,4473932,14.4,8.0,0.0,0.0,0.0,0.0,3,20.7,38.5,278,Overcast,0,0,
74636,2021-10-21 07:00:00,40.766952,-73.8945297,0,0,Passing Too Closely,4470770,22.9,12.0,0.0,0.0,0.0,0.0,3,17.0,31.7,207,Overcast,0,0,
74637,2021-10-20 15:34:00,40.7601858,-73.7678427,1,0,Failure to Yield Right-of-Way,4469249,24.1,13.8,0.0,0.0,0.0,0.0,3,21.6,37.1,276,Overcast,1,1,
74638,2021-10-20 00:00:00,40.7754866,-73.9821639,1,0,Pedestrian/Bicyclist/Other Pedestrian Error/Confusion,4469610,24.1,13.8,0.0,0.0,0.0,0.0,3,21.6,37.1,276,Overcast,1,1,
74639,2021-10-13 06:50:00,40.8513338,-73.9402172,1,0,Pedestrian/Bicyclist/Other Pedestrian Error/Confusion,4468246,21.7,14.8,0.1,0.1,0.0,1.0,51,12.2,23.0,200,Drizzle: Light,1,1,
74640,2021-10-18 08:27:00,40.8296651,-73.856823,1,0,Unspecified,4468400,15.8,9.2,0.0,0.0,0.0,0.0,2,32.4,58.3,296,Partly cloudy,1,1,
74641,2021-10-16 09:20:00,40.8300667,-73.8793653,0,0,Unspecified,4467705,24.3,15.0,17.5,17.5,0.0,9.0,63,25.7,46.4,195,Rain: Moderate,0,0,
74642,2021-10-14 12:00:00,40.8300027,-73.9317229,0,0,Driver Inattention/Distraction,4468267,25.0,15.4,0.0,0.0,0.0,0.0,3,15.4,29.9,328,Overcast,0,0,
74643,2021-10-24 13:27:00,40.710472,-73.960936,1,0,Driver Inattention/Distraction,4470326,15.5,7.6,0.7,0.7,0.0,1.0,53,13.0,23.8,248,Drizzle: Moderate,1,1,
74644,2021-10-15 09:30:00,40.7885008,-73.8092639,0,0,Unspecified,4467568,25.0,14.5,0.0,0.0,0.0,0.0,3,16.8,28.4,182,Overcast,0,0,
74645,2021-10-20 08:45:00,40.7742808,-73.9773695,0,0,Driver Inattention/Distraction,4470889,24.1,13.8,0.0,0.0,0.0,0.0,3,21.6,37.1,276,Overcast,0,0,
74646,2021-10-24 16:40:00,40.6779424,-73.802291,0,0,Following Too Closely,4470549,15.5,7.6,0.7,0.7,0.0,1.0,53,13.0,23.8,248,Drizzle: Moderate,0,0,
74647,2021-10-13 22:25:00,40.6442177,-73.9704405,0,0,Unspecified,4468667,21.7,14.8,0.1,0.1,0.0,1.0,51,12.2,23.0,200,Drizzle: Light,0,0,
74648,2021-10-22 20:20:00,40.6607852,-73.9398113,0,0,Driver Inattention/Distraction,4469947,20.3,14.4,0.0,0.0,0.0,0.0,3,18.1,31.3,267,Overcast,0,0,
74649,2021-10-13 08:25:00,40.8255779,-73.9184596,1,0,Driver Inattention/Distraction,4466807,21.7,14.8,0.1,0.1,0.0,1.0,51,12.2,23.0,200,Drizzle: Light,1,1,
74650,2021-10-17 08:45:00,40.6553345,-73.9307664,1,0,Failure to Yield Right-of-Way,4467832,17.3,11.1,0.2,0.2,0.0,2.0,51,23.9,43.9,293,Drizzle: Light,1,1,
74651,2021-10-13 14:55:00,40.6758675,-73.8747278,0,0,Reaction to Uninvolved Vehicle,4467266,21.7,14.8,0.1,0.1,0.0,1.0,51,12.2,23.0,200,Drizzle: Light,0,0,
74652,2021-10-13 09:20:00,40.7483564,-73.8205244,0,0,Unspecified,4466940,21.7,14.8,0.1,0.1,0.0,1.0,51,12.2,23.0,200,Drizzle: Light,0,0,
74653,2021-10-17 10:00:00,40.8339166,-73.9270066,0,0,Unspecified,4468261,17.3,11.1,0.2,0.2,0.0,2.0,51,23.9,43.9,293,Drizzle: Light,0,0,
74654,2021-10-20 17:35:00,40.8696589,-73.8989172,1,0,Driver Inexperience,4469688,24.1,13.8,0.0,0.0,0.0,0.0,3,21.6,37.1,276,Overcast,1,1,
74655,2021-10-22 06:15:00,40.6104469,-73.9849633,1,0,Following Too Closely,4469840,20.3,14.4,0.0,0.0,0.0,0.0,3,18.1,31.3,267,Overcast,1,1,
74656,2021-10-18 19:19:00,40.8953759,-73.8635575,3,0,Failure to Yield Right-of-Way,4468800,15.8,9.2,0.0,0.0,0.0,0.0,2,32.4,58.3,296,Partly cloudy,3,3,
74657,2021-10-20 06:10:00,40.6650046,-73.8440537,0,0,Obstruction/Debris,4469057,24.1,13.8,0.0,0.0,0.0,0.0,3,21.6,37.1,276,Overcast,0,0,
74658,2021-10-01 19:35:00,40.5437783,-74.1634582,1,0,Failure to Yield Right-of-Way,4463047,19.4,9.5,0.0,0.0,0.0,0.0,0,13.8,28.1,302,Clear sky,1,1,Sunny/Clear Conditions
74659,2021-10-22 00:00:00,40.7591654,-73.976743,0,0,Unspecified,4469864,20.3,14.4,0.0,0.0,0.0,0.0,3,18.1,31.3,267,Overcast,0,0,
74660,2021-10-16 21:05:00,40.7522294,-73.9391006,1,0,Unspecified,4468239,24.3,15.0,17.5,17.5,0.0,9.0,63,25.7,46.4,195,Rain: Moderate,1,1,
74661,2021-10-14 23:30:00,40.6683599,-73.9559068,1,0,Aggressive Driving/Road Rage,4467239,25.0,15.4,0.0,0.0,0.0,0.0,3,15.4,29.9,328,Overcast,1,1,
74662,2021-10-19 10:30:00,40.6105165,-73.9988835,0,0,Passing or Lane Usage Improper,4469407,19.1,8.3,0.0,0.0,0.0,0.0,1,24.6,45.0,272,Mainly clear,0,0,Sunny/Clear Conditions
74663,2021-10-22 00:25:00,40.6686555,-73.8784908,0,0,Driver Inexperience,4469767,20.3,14.4,0.0,0.0,0.0,0.0,3,18.1,31.3,267,Overcast,0,0,
74664,2021-10-19 07:10:00,40.5682139,-74.112033,0,0,Failure to Yield Right-of-Way,4469381,19.1,8.3,0.0,0.0,0.0,0.0,1,24.6,45.0,272,Mainly clear,0,0,Sunny/Clear Conditions
74665,2021-10-05 16:33:00,40.8733829,-73.8893729,1,0,Unspecified,4467059,19.9,15.0,0.0,0.0,0.0,0.0,3,14.5,28.1,46,Overcast,1,1,
74666,2021-10-17 16:18:00,40.8311405,-73.8797696,0,0,Unspecified,4468358,17.3,11.1,0.2,0.2,0.0,2.0,51,23.9,43.9,293,Drizzle: Light,0,0,
74667,2021-10-19 19:50:00,40.6791635,-73.862345,0,0,Failure to Yield Right-of-Way,4468979,19.1,8.3,0.0,0.0,0.0,0.0,1,24.6,45.0,272,Mainly clear,0,0,Sunny/Clear Conditions
74668,2021-10-22 15:00:00,40.6948378,-73.9839237,0,0,Unspecified,4469932,20.3,14.4,0.0,0.0,0.0,0.0,3,18.1,31.3,267,Overcast,0,0,
74669,2021-10-15 16:09:00,40.8618642,-73.9127392,0,0,Backing Unsafely,4468395,25.0,14.5,0.0,0.0,0.0,0.0,3,16.8,28.4,182,Overcast,0,0,
74670,2021-10-16 04:58:00,40.6437591,-73.903497,0,0,Fell Asleep,4467626,24.3,15.0,17.5,17.5,0.0,9.0,63,25.7,46.4,195,Rain: Moderate,0,0,
74671,2021-10-15 11:40:00,40.7384715,-73.9319755,0,0,Driver Inattention/Distraction,4467339,25.0,14.5,0.0,0.0,0.0,0.0,3,16.8,28.4,182,Overcast,0,0,
74672,2021-10-20 07:40:00,40.8439015,-73.9005043,1,0,Driver Inattention/Distraction,4469116,24.1,13.8,0.0,0.0,0.0,0.0,3,21.6,37.1,276,Overcast,1,1,
74673,2021-10-17 17:19:00,40.8534742,-73.9064496,0,0,Traffic Control Disregarded,4468278,17.3,11.1,0.2,0.2,0.0,2.0,51,23.9,43.9,293,Drizzle: Light,0,0,
74674,2021-10-18 14:53:00,40.8444164,-73.902783,1,0,Failure to Yield Right-of-Way,4468699,15.8,9.2,0.0,0.0,0.0,0.0,2,32.4,58.3,296,Partly cloudy,1,1,
74675,2021-10-15 07:25:00,40.7428324,-73.8794596,0,0,Driver Inattention/Distraction,4467917,25.0,14.5,0.0,0.0,0.0,0.0,3,16.8,28.4,182,Overcast,0,0,
74676,2021-09-23 17:11:00,40.693693,-73.9312026,1,0,,4468123,26.2,18.0,15.6,15.6,0.0,14.0,63,40.7,77.4,156,Rain: Moderate,1,1,
74677,2021-10-14 15:17:00,40.6102564,-74.1323122,0,0,Driver Inattention/Distraction,4468714,25.0,15.4,0.0,0.0,0.0,0.0,3,15.4,29.9,328,Overcast,0,0,
74678,2021-10-30 02:46:00,40.832897,-73.862274,1,0,,4474018,17.8,12.0,7.8,7.8,0.0,16.0,61,38.5,68.0,112,Rain: Light,1,1,
74679,2021-10-18 11:30:00,40.6390218,-74.022464,0,0,Following Too Closely,4468832,15.8,9.2,0.0,0.0,0.0,0.0,2,32.4,58.3,296,Partly cloudy,0,0,
74680,2021-10-23 00:00:00,40.6357932,-74.1324487,0,0,Driver Inattention/Distraction,4470842,15.9,10.4,0.2,0.2,0.0,2.0,51,14.4,26.6,326,Drizzle: Light,0,0,
74681,2021-10-18 23:30:00,40.8365359,-73.9443466,0,0,Driver Inattention/Distraction,4470074,15.8,9.2,0.0,0.0,0.0,0.0,2,32.4,58.3,296,Partly cloudy,0,0,