,CRASH DATETIME,LATITUDE,LONGITUDE,NUMBER OF PERSONS INJURED,NUMBER OF PERSONS KILLED,CONTRIBUTING FACTOR VEHICLE 1,COLLISION_ID,temperature_2m_max,temperature_2m_min,precipitation_sum,rain_sum,snowfall_sum,precipitation_hours,weather_code,wind_speed_10m_max,wind_gusts_10m_max,wind_direction_10m_dominant,Weather Description,Severity_Score,Total_Affected_Persons,Weather_Category
74682,2021-10-19 14:10:00,40.6796533,-73.7772287,0,0,View Obstructed/Limited,4468849,19.1,8.3,0.0,0.0,0.0,0.0,1,24.6,45.0,272,Mainly clear,0,0,Sunny/Clear Conditions
74683,2021-10-14 19:50:00,40.678723,-73.9529869,0,0,Following Too Closely,4467858,25.0,15.4,0.0,0.0,0.0,0.0,3,15.4,29.9,328,Overcast,0,0,
74684,2021-10-21 14:15:00,40.7384039,-73.9386261,0,0,Failure to Yield Right-of-Way,4469823,22.9,12.0,0.0,0.0,0.0,0.0,3,17.0,31.7,207,Overcast,0,0,
74685,2021-10-20 01:22:00,40.7018277,-73.7476817,1,0,Unsafe Speed,4468967,24.1,13.8,0.0,0.0,0.0,0.0,3,21.6,37.1,276,Overcast,1,1,
74686,2021-10-13 14:40:00,40.6314722,-73.9195434,2,0,Driver Inattention/Distraction,4467158,21.7,14.8,0.1,0.1,0.0,1.0,51,12.2,23.0,200,Drizzle: Light,2,2,
74687,2021-10-21 23:53:00,40.6503302,-74.0046793,0,0,Passing or Lane Usage Improper,4469729,22.9,12.0,0.0,0.0,0.0,0.0,3,17.0,31.7,207,Overcast,0,0,
74688,2021-10-18 06:45:00,40.6766938,-73.9173942,0,0,Driver Inattention/Distraction,4470498,15.8,9.2,0.0,0.0,0.0,0.0,2,32.4,58.3,296,Partly cloudy,0,0,
74689,2021-10-20 15:10:00,40.7611934,-73.8578651,0,0,Unsafe Speed,4470446,24.1,13.8,0.0,0.0,0.0,0.0,3,21.6,37.1,276,Overcast,0,0,
74690,2021-10-17 12:39:00,40.5965113,-73.9078755,1,0,Other Vehicular,4468050,17.3,11.1,0.2,0.2,0.0,2.0,51,23.9,43.9,293,Drizzle: Light,1,1,
74691,2021-10-21 08:50:00,40.6685062,-73.9256052,0,0,Other Vehicular,4470342,22.9,12.0,0.0,0.0,0.0,0.0,3,17.0,31.7,207,Overcast,0,0,
74692,2021-11-02 06:10:00,40.67398,-73.899315,0,0,Failure to Yield Right-of-Way,4473570,11.4,7.0,0.6,0.6,0.0,4.0,51,14.1,28.1,271,Drizzle: Light,0,0,
74693,2021-10-17 20:00:00,40.8009872,-73.9134098,0,0,Unspecified,4469656,17.3,11.1,0.2,0.2,0.0,2.0,51,23.9,43.9,293,Drizzle: Light,0,0,
74694,2021-10-14 09:15:00,40.8527553,-73.9399166,0,0,Backing Unsafely,4469527,25.0,15.4,0.0,0.0,0.0,0.0,3,15.4,29.9,328,Overcast,0,0,
74695,2021-10-18 12:00:00,40.7746805,-73.9255538,0,0,Driver Inattention/Distraction,4468647,15.8,9.2,0.0,0.0,0.0,0.0,2,32.4,58.3,296,Partly cloudy,0,0,
74696,2021-10-15 15:45:00,40.7109458,-73.828099,1,0,Passing or Lane Usage Improper,4467641,25.0,14.5,0.0,0.0,0.0,0.0,3,16.8,28.4,182,Overcast,1,1,
74697,2021-10-23 22:00:00,40.7453835,-73.9947093,1,0,Passing or Lane Usage Improper,4470828,15.9,10.4,0.2,0.2,0.0,2.0,51,14.4,26.6,326,Drizzle: Light,1,1,
74698,2021-10-15 19:45:00,40.685723,-73.8573737,1,0,Failure to Yield Right-of-Way,4467697,25.0,14.5,0.0,0.0,0.0,0.0,3,16.8,28.4,182,Overcast,1,1,
74699,2021-10-11 14:00:00,40.7749093,-73.9769108,0,0,Unspecified,4468497,21.7,16.3,0.0,0.0,0.0,0.0,3,25.7,49.7,41,Overcast,0,0,
74700,2021-11-02 00:00:00,40.744892,-73.77022,1,0,Following Too Closely,4473457,11.4,7.0,0.6,0.6,0.0,4.0,51,14.1,28.1,271,Drizzle: Light,1,1,
74701,2021-10-19 11:40:00,40.7304639,-73.9514819,0,0,Passing Too Closely,4469883,19.1,8.3,0.0,0.0,0.0,0.0,1,24.6,45.0,272,Mainly clear,0,0,Sunny/Clear Conditions
74702,2021-11-01 18:30:00,40.759727,-73.99169,1,0,Driver Inattention/Distraction,4473997,14.4,8.0,0.0,0.0,0.0,0.0,3,20.7,38.5,278,Overcast,1,1,
74703,2021-10-21 19:00:00,40.8564099,-73.9050863,0,0,Passing Too Closely,4469676,22.9,12.0,0.0,0.0,0.0,0.0,3,17.0,31.7,207,Overcast,0,0,
74704,2021-10-17 06:00:00,40.8227534,-73.892748,0,0,Backing Unsafely,4468764,17.3,11.1,0.2,0.2,0.0,2.0,51,23.9,43.9,293,Drizzle: Light,0,0,
74705,2021-10-24 10:35:00,40.6077242,-74.1427169,0,0,Driver Inattention/Distraction,4470684,15.5,7.6,0.7,0.7,0.0,1.0,53,13.0,23.8,248,Drizzle: Moderate,0,0,
74706,2021-10-14 10:15:00,40.769483,-73.9578652,0,0,Driver Inattention/Distraction,4467010,25.0,15.4,0.0,0.0,0.0,0.0,3,15.4,29.9,328,Overcast,0,0,
74707,2021-10-23 17:00:00,40.7386344,-73.8646507,1,0,Driver Inexperience,4470478,15.9,10.4,0.2,0.2,0.0,2.0,51,14.4,26.6,326,Drizzle: Light,1,1,
74708,2021-10-13 04:05:00,40.6891512,-73.8273646,0,0,Oversized Vehicle,4466862,21.7,14.8,0.1,0.1,0.0,1.0,51,12.2,23.0,200,Drizzle: Light,0,0,
74709,2021-10-20 04:55:00,40.7547111,-73.9257543,1,0,Unspecified,4469048,24.1,13.8,0.0,0.0,0.0,0.0,3,21.6,37.1,276,Overcast,1,1,
74710,2021-11-02 07:30:00,40.818172,-73.95649,1,0,Unspecified,4473856,11.4,7.0,0.6,0.6,0.0,4.0,51,14.1,28.1,271,Drizzle: Light,1,1,
74711,2021-10-17 19:40:00,40.6292054,-73.9831702,0,0,Unspecified,4468650,17.3,11.1,0.2,0.2,0.0,2.0,51,23.9,43.9,293,Drizzle: Light,0,0,
74712,2021-10-14 15:35:00,40.6342978,-73.9952555,0,0,Backing Unsafely,4467772,25.0,15.4,0.0,0.0,0.0,0.0,3,15.4,29.9,328,Overcast,0,0,
74713,2021-10-14 01:50:00,40.8276556,-73.8860957,0,0,Unspecified,4467012,25.0,15.4,0.0,0.0,0.0,0.0,3,15.4,29.9,328,Overcast,0,0,
74714,2021-10-17 00:42:00,40.6669163,-73.8390603,0,0,Unsafe Lane Changing,4468219,17.3,11.1,0.2,0.2,0.0,2.0,51,23.9,43.9,293,Drizzle: Light,0,0,
74715,2021-10-16 07:30:00,40.6984873,-73.9214352,0,0,Passing or Lane Usage Improper,4468326,24.3,15.0,17.5,17.5,0.0,9.0,63,25.7,46.4,195,Rain: Moderate,0,0,
74716,2021-10-18 03:30:00,40.7410282,-73.9343077,0,0,Steering Failure,4468226,15.8,9.2,0.0,0.0,0.0,0.0,2,32.4,58.3,296,Partly cloudy,0,0,
74717,2021-10-16 15:00:00,40.5919969,-73.7882496,0,0,Backing Unsafely,4468442,24.3,15.0,17.5,17.5,0.0,9.0,63,25.7,46.4,195,Rain: Moderate,0,0,
74718,2021-10-12 00:14:00,40.694305,-73.918512,0,0,Following Too Closely,4466363,21.6,15.2,0.0,0.0,0.0,0.0,3,11.8,23.8,81,Overcast,0,0,
74719,2021-10-12 21:32:00,40.7255629,-73.8383617,0,0,Driver Inattention/Distraction,4467526,21.6,15.2,0.0,0.0,0.0,0.0,3,11.8,23.8,81,Overcast,0,0,
74720,2021-10-15 14:00:00,40.5869928,-73.9422576,1,0,Unspecified,4467391,25.0,14.5,0.0,0.0,0.0,0.0,3,16.8,28.4,182,Overcast,1,1,
74721,2021-10-13 10:30:00,40.776906,-73.8462237,0,0,Passing or Lane Usage Improper,4466945,21.7,14.8,0.1,0.1,0.0,1.0,51,12.2,23.0,200,Drizzle: Light,0,0,
74722,2021-10-18 02:15:00,40.6705699,-73.7513292,0,0,Driver Inattention/Distraction,4468150,15.8,9.2,0.0,0.0,0.0,0.0,2,32.4,58.3,296,Partly cloudy,0,0,
74723,2021-10-10 13:35:00,40.6390218,-74.022464,0,0,Reaction to Uninvolved Vehicle,4466796,18.5,16.0,2.4,2.4,0.0,8.0,53,27.2,52.6,52,Drizzle: Moderate,0,0,
74724,2021-10-16 19:27:00,40.7040857,-74.0089878,0,0,Unspecified,4469546,24.3,15.0,17.5,17.5,0.0,9.0,63,25.7,46.4,195,Rain: Moderate,0,0,
74725,2021-10-15 15:15:00,40.8192462,-73.9113705,0,0,Following Too Closely,4467725,25.0,14.5,0.0,0.0,0.0,0.0,3,16.8,28.4,182,Overcast,0,0,
74726,2021-11-02 23:14:00,40.83047,-73.90972,0,0,Unspecified,4473555,11.4,7.0,0.6,0.6,0.0,4.0,51,14.1,28.1,271,Drizzle: Light,0,0,
74727,2021-10-19 16:20:00,40.8787289,-73.8454667,0,0,Driver Inexperience,4468913,19.1,8.3,0.0,0.0,0.0,0.0,1,24.6,45.0,272,Mainly clear,0,0,Sunny/Clear Conditions
74728,2021-11-02 16:20:00,40.600082,-73.96591,1,0,Unspecified,4473411,11.4,7.0,0.6,0.6,0.0,4.0,51,14.1,28.1,271,Drizzle: Light,1,1,
74729,2021-10-15 22:00:00,40.6509791,-73.9611907,0,0,Unspecified,4467690,25.0,14.5,0.0,0.0,0.0,0.0,3,16.8,28.4,182,Overcast,0,0,
74730,2021-10-19 14:25:00,40.8669728,-73.8373202,2,0,Brakes Defective,4468911,19.1,8.3,0.0,0.0,0.0,0.0,1,24.6,45.0,272,Mainly clear,2,2,Sunny/Clear Conditions
74731,2021-10-14 21:26:00,40.8093716,-73.9490865,0,0,Unspecified,4468343,25.0,15.4,0.0,0.0,0.0,0.0,3,15.4,29.9,328,Overcast,0,0,
74732,2021-10-18 10:30:00,40.6878322,-73.9300332,1,0,Driver Inattention/Distraction,4470383,15.8,9.2,0.0,0.0,0.0,0.0,2,32.4,58.3,296,Partly cloudy,1,1,
74733,2021-10-18 00:05:00,40.9024848,-73.8525061,0,0,Backing Unsafely,4468303,15.8,9.2,0.0,0.0,0.0,0.0,2,32.4,58.3,296,Partly cloudy,0,0,
74734,2021-11-02 19:15:00,40.753384,-73.92358,0,0,Unspecified,4473642,11.4,7.0,0.6,0.6,0.0,4.0,51,14.1,28.1,271,Drizzle: Light,0,0,
74735,2021-10-17 14:00:00,40.6068651,-74.0880403,2,0,Other Vehicular,4467954,17.3,11.1,0.2,0.2,0.0,2.0,51,23.9,43.9,293,Drizzle: Light,2,2,
74736,2021-10-24 15:39:00,40.6693852,-73.8144574,2,0,Failure to Yield Right-of-Way,4470434,15.5,7.6,0.7,0.7,0.0,1.0,53,13.0,23.8,248,Drizzle: Moderate,2,2,
74737,2021-10-14 15:35:00,40.69041,-73.7555643,1,0,Failure to Yield Right-of-Way,4468187,25.0,15.4,0.0,0.0,0.0,0.0,3,15.4,29.9,328,Overcast,1,1,
74738,2021-10-23 02:15:00,40.8282374,-73.8860116,0,0,Unspecified,4470781,15.9,10.4,0.2,0.2,0.0,2.0,51,14.4,26.6,326,Drizzle: Light,0,0,
74739,2022-04-08 23:10:00,40.84772,-73.933075,0,0,Backing Unsafely,4519705,16.5,7.1,5.2,5.2,0.0,4.0,63,21.3,42.8,253,Rain: Moderate,0,0,
74740,2021-10-18 07:09:00,40.7694507,-73.7901851,1,0,Failure to Yield Right-of-Way,4468459,15.8,9.2,0.0,0.0,0.0,0.0,2,32.4,58.3,296,Partly cloudy,1,1,
74741,2021-10-22 09:59:00,40.8432041,-73.9057659,0,0,Passing Too Closely,4469851,20.3,14.4,0.0,0.0,0.0,0.0,3,18.1,31.3,267,Overcast,0,0,
74742,2021-10-19 17:17:00,40.6971266,-73.9110471,0,0,Following Too Closely,4470234,19.1,8.3,0.0,0.0,0.0,0.0,1,24.6,45.0,272,Mainly clear,0,0,Sunny/Clear Conditions
74743,2021-10-24 20:00:00,40.7954563,-73.9656282,0,0,Passing Too Closely,4470449,15.5,7.6,0.7,0.7,0.0,1.0,53,13.0,23.8,248,Drizzle: Moderate,0,0,
74744,2021-10-15 15:44:00,40.6984546,-73.9217562,0,0,Passing Too Closely,4467559,25.0,14.5,0.0,0.0,0.0,0.0,3,16.8,28.4,182,Overcast,0,0,
74745,2021-10-15 08:42:00,40.5563864,-74.1567091,1,0,Traffic Control Disregarded,4467531,25.0,14.5,0.0,0.0,0.0,0.0,3,16.8,28.4,182,Overcast,1,1,
74746,2021-10-23 03:32:00,40.5907861,-73.8066213,2,0,Fell Asleep,4470451,15.9,10.4,0.2,0.2,0.0,2.0,51,14.4,26.6,326,Drizzle: Light,2,2,
74747,2021-10-15 20:50:00,40.647573,-73.8985545,8,0,Failure to Yield Right-of-Way,4469445,25.0,14.5,0.0,0.0,0.0,0.0,3,16.8,28.4,182,Overcast,8,8,
74748,2021-10-15 10:00:00,40.7598833,-73.9367906,0,0,Backing Unsafely,4470013,25.0,14.5,0.0,0.0,0.0,0.0,3,16.8,28.4,182,Overcast,0,0,
74749,2021-10-14 08:20:00,40.5720116,-74.0949019,0,0,Driver Inattention/Distraction,4466995,25.0,15.4,0.0,0.0,0.0,0.0,3,15.4,29.9,328,Overcast,0,0,
74750,2021-10-09 13:20:00,40.6377822,-74.0769404,0,0,Fell Asleep,4467151,20.2,15.2,1.2,1.2,0.0,5.0,51,22.8,42.8,71,Drizzle: Light,0,0,
74751,2021-09-27 10:55:00,40.5973961,-74.1914152,0,0,Unspecified,4464951,25.9,14.6,0.0,0.0,0.0,0.0,3,24.1,45.0,233,Overcast,0,0,
74752,2021-10-13 07:00:00,40.7103167,-73.7524614,4,0,Unspecified,4466700,21.7,14.8,0.1,0.1,0.0,1.0,51,12.2,23.0,200,Drizzle: Light,4,4,
74753,2021-10-20 06:40:00,40.8115127,-73.8905269,1,0,Unspecified,4469397,24.1,13.8,0.0,0.0,0.0,0.0,3,21.6,37.1,276,Overcast,1,1,
74754,2021-10-20 14:35:00,40.8208035,-73.9026694,3,0,Traffic Control Disregarded,4469430,24.1,13.8,0.0,0.0,0.0,0.0,3,21.6,37.1,276,Overcast,3,3,
74755,2021-10-21 10:10:00,40.5556663,-74.2135016,0,0,Turning Improperly,4469888,22.9,12.0,0.0,0.0,0.0,0.0,3,17.0,31.7,207,Overcast,0,0,
74756,2021-10-19 16:10:00,40.6447898,-74.0143238,1,0,Failure to Yield Right-of-Way,4468880,19.1,8.3,0.0,0.0,0.0,0.0,1,24.6,45.0,272,Mainly clear,1,1,Sunny/Clear Conditions
74757,2021-10-20 07:52:00,40.6376753,-73.8924948,1,0,Unspecified,4469281,24.1,13.8,0.0,0.0,0.0,0.0,3,21.6,37.1,276,Overcast,1,1,
74758,2021-10-22 02:05:00,40.7581576,-73.8962637,1,0,Traffic Control Disregarded,4469804,20.3,14.4,0.0,0.0,0.0,0.0,3,18.1,31.3,267,Overcast,1,1,
74759,2021-10-22 08:45:00,40.7515446,-73.8708432,1,0,Turning Improperly,4470309,20.3,14.4,0.0,0.0,0.0,0.0,3,18.1,31.3,267,Overcast,1,1,
74760,2021-10-19 13:10:00,40.7568608,-73.8756563,4,0,Following Too Closely,4468868,19.1,8.3,0.0,0.0,0.0,0.0,1,24.6,45.0,272,Mainly clear,4,4,Sunny/Clear Conditions
74761,2021-10-24 12:40:00,40.6627445,-73.8851157,0,0,Unspecified,4470483,15.5,7.6,0.7,0.7,0.0,1.0,53,13.0,23.8,248,Drizzle: Moderate,0,0,
74762,2021-10-15 14:30:00,40.6396507,-73.9679172,1,0,Unspecified,4467680,25.0,14.5,0.0,0.0,0.0,0.0,3,16.8,28.4,182,Overcast,1,1,
74763,2021-10-17 09:26:00,40.8093438,-73.9477221,1,0,Driver Inattention/Distraction,4469164,17.3,11.1,0.2,0.2,0.0,2.0,51,23.9,43.9,293,Drizzle: Light,1,1,
74764,2021-10-17 13:39:00,40.6682299,-73.9064266,0,0,Driver Inattention/Distraction,4468056,17.3,11.1,0.2,0.2,0.0,2.0,51,23.9,43.9,293,Drizzle: Light,0,0,
74765,2021-10-22 05:43:00,40.6586744,-73.9001884,0,0,Other Vehicular,4469752,20.3,14.4,0.0,0.0,0.0,0.0,3,18.1,31.3,267,Overcast,0,0,
74766,2022-01-30 09:20:00,40.68572,-73.84762,2,0,Unspecified,4498534,-5.4,-13.8,0.0,0.0,0.0,0.0,3,28.5,50.0,290,Overcast,2,2,
74767,2022-04-11 19:00:00,40.799957,-73.96053,0,0,Unspecified,4519819,13.1,1.8,0.0,0.0,0.0,0.0,3,18.6,36.4,246,Overcast,0,0,
74768,2021-10-14 19:27:00,40.6603181,-73.9132119,1,0,Unspecified,4467796,25.0,15.4,0.0,0.0,0.0,0.0,3,15.4,29.9,328,Overcast,1,1,
74769,2021-11-02 16:00:00,40.762226,-73.96819,0,0,Driver Inattention/Distraction,4473483,11.4,7.0,0.6,0.6,0.0,4.0,51,14.1,28.1,271,Drizzle: Light,0,0,
74770,2021-10-16 21:25:00,40.7058999,-73.9630991,0,0,Unsafe Lane Changing,4468078,24.3,15.0,17.5,17.5,0.0,9.0,63,25.7,46.4,195,Rain: Moderate,0,0,
74771,2021-10-21 03:39:00,40.6756249,-73.8987786,1,0,Driver Inattention/Distraction,4469694,22.9,12.0,0.0,0.0,0.0,0.0,3,17.0,31.7,207,Overcast,1,1,
74772,2021-10-19 16:15:00,40.8369385,-73.9271154,1,0,Traffic Control Disregarded,4469031,19.1,8.3,0.0,0.0,0.0,0.0,1,24.6,45.0,272,Mainly clear,1,1,Sunny/Clear Conditions
74773,2021-10-17 10:45:00,40.7832211,-73.8458553,0,0,Driver Inattention/Distraction,4467905,17.3,11.1,0.2,0.2,0.0,2.0,51,23.9,43.9,293,Drizzle: Light,0,0,
74774,2021-10-22 09:15:00,40.5774108,-73.9623637,0,0,Passing Too Closely,4470102,20.3,14.4,0.0,0.0,0.0,0.0,3,18.1,31.3,267,Overcast,0,0,
74775,2021-10-20 23:09:00,40.682681,-73.9226689,0,0,Passing Too Closely,4469624,24.1,13.8,0.0,0.0,0.0,0.0,3,21.6,37.1,276,Overcast,0,0,
74776,2021-10-20 20:30:00,40.7454034,-73.9773613,0,0,Driver Inattention/Distraction,4469296,24.1,13.8,0.0,0.0,0.0,0.0,3,21.6,37.1,276,Overcast,0,0,
74777,2021-10-18 07:50:00,40.6730836,-73.8940446,2,0,Following Too Closely,4468485,15.8,9.2,0.0,0.0,0.0,0.0,2,32.4,58.3,296,Partly cloudy,2,2,
74778,2021-10-18 18:30:00,40.8388864,-73.9216417,0,0,Passing Too Closely,4469563,15.8,9.2,0.0,0.0,0.0,0.0,2,32.4,58.3,296,Partly cloudy,0,0,
74779,2021-10-19 22:26:00,40.7865943,-73.9683844,1,0,Passing or Lane Usage Improper,4469063,19.1,8.3,0.0,0.0,0.0,0.0,1,24.6,45.0,272,Mainly clear,1,1,Sunny/Clear Conditions
74780,2021-10-14 00:00:00,40.6099434,-73.9610861,1,0,Driver Inattention/Distraction,4467294,25.0,15.4,0.0,0.0,0.0,0.0,3,15.4,29.9,328,Overcast,1,1,
74781,2021-10-06 06:00:00,40.797644,-73.9508548,0,0,Passing Too Closely,4470783,20.3,16.0,0.1,0.1,0.0,1.0,51,6.5,14.0,28,Drizzle: Light,0,0,
74782,2021-10-19 07:54:00,40.7122429,-73.7966734,0,0,Unspecified,4468821,19.1,8.3,0.0,0.0,0.0,0.0,1,24.6,45.0,272,Mainly clear,0,0,Sunny/Clear Conditions
74783,2021-10-15 05:00:00,40.644579,-74.0975231,0,0,Unspecified,4467873,25.0,14.5,0.0,0.0,0.0,0.0,3,16.8,28.4,182,Overcast,0,0,
74784,2021-10-22 07:49:00,40.8998154,-73.8578041,1,0,Failure to Yield Right-of-Way,4469772,20.3,14.4,0.0,0.0,0.0,0.0,3,18.1,31.3,267,Overcast,1,1,
74785,2021-10-24 05:33:00,40.819676,-73.9057965,0,0,Unspecified,4470604,15.5,7.6,0.7,0.7,0.0,1.0,53,13.0,23.8,248,Drizzle: Moderate,0,0,
74786,2021-10-20 15:00:00,40.7223638,-73.8514741,1,0,Driver Inattention/Distraction,4469578,24.1,13.8,0.0,0.0,0.0,0.0,3,21.6,37.1,276,Overcast,1,1,
74787,2021-10-21 00:30:00,40.6594846,-73.918295,0,0,Driver Inattention/Distraction,4470261,22.9,12.0,0.0,0.0,0.0,0.0,3,17.0,31.7,207,Overcast,0,0,
74788,2021-10-25 09:50:00,40.6578584,-73.9164877,2,0,Traffic Control Disregarded,4470861,22.8,13.5,10.7,10.7,0.0,8.0,63,18.9,33.5,172,Rain: Moderate,2,2,
74789,2021-10-15 16:07:00,40.7623345,-73.8269171,0,0,Following Too Closely,4467574,25.0,14.5,0.0,0.0,0.0,0.0,3,16.8,28.4,182,Overcast,0,0,
74790,2021-10-23 14:40:00,40.6689105,-73.8895304,0,0,Following Too Closely,4470473,15.9,10.4,0.2,0.2,0.0,2.0,51,14.4,26.6,326,Drizzle: Light,0,0,
74791,2021-10-12 19:44:00,40.687523,-73.7982854,0,0,Passing Too Closely,4468182,21.6,15.2,0.0,0.0,0.0,0.0,3,11.8,23.8,81,Overcast,0,0,
74792,2021-11-02 09:00:00,40.587513,-74.09122,0,0,Unspecified,4473821,11.4,7.0,0.6,0.6,0.0,4.0,51,14.1,28.1,271,Drizzle: Light,0,0,
74793,2021-10-09 13:33:00,40.6732722,-73.9473957,0,0,Driver Inattention/Distraction,4466779,20.2,15.2,1.2,1.2,0.0,5.0,51,22.8,42.8,71,Drizzle: Light,0,0,
74794,2021-10-20 14:29:00,40.8006946,-73.9411094,0,0,Unsafe Lane Changing,4469392,24.1,13.8,0.0,0.0,0.0,0.0,3,21.6,37.1,276,Overcast,0,0,
74795,2021-10-24 07:50:00,40.8289196,-73.9368721,1,0,Steering Failure,4470652,15.5,7.6,0.7,0.7,0.0,1.0,53,13.0,23.8,248,Drizzle: Moderate,1,1,
74796,2021-10-13 17:38:00,40.6509497,-74.0079175,1,0,Unsafe Speed,4466835,21.7,14.8,0.1,0.1,0.0,1.0,51,12.2,23.0,200,Drizzle: Light,1,1,
74797,2021-10-25 09:59:00,40.7899496,-73.9429266,0,0,Driver Inattention/Distraction,4470878,22.8,13.5,10.7,10.7,0.0,8.0,63,18.9,33.5,172,Rain: Moderate,0,0,
74798,2021-10-20 01:20:00,40.8137781,-73.9596868,0,0,Unspecified,4469429,24.1,13.8,0.0,0.0,0.0,0.0,3,21.6,37.1,276,Overcast,0,0,
74799,2021-10-20 17:00:00,40.6663862,-73.9064136,0,0,Other Vehicular,4469313,24.1,13.8,0.0,0.0,0.0,0.0,3,21.6,37.1,276,Overcast,0,0,
74800,2021-10-22 18:18:00,40.8381602,-73.9232326,0,0,Following Too Closely,4470593,20.3,14.4,0.0,0.0,0.0,0.0,3,18.1,31.3,267,Overcast,0,0,
74801,2021-10-13 07:23:00,40.7160306,-73.8235839,0,0,Driver Inattention/Distraction,4466830,21.7,14.8,0.1,0.1,0.0,1.0,51,12.2,23.0,200,Drizzle: Light,0,0,
74802,2021-10-15 21:07:00,40.6039836,-74.1153774,1,0,Unspecified,4470742,25.0,14.5,0.0,0.0,0.0,0.0,3,16.8,28.4,182,Overcast,1,1,
74803,2021-10-13 18:25:00,40.7615508,-73.9665842,1,0,Turning Improperly,4468582,21.7,14.8,0.1,0.1,0.0,1.0,51,12.2,23.0,200,Drizzle: Light,1,1,
74804,2021-10-23 01:10:00,40.8333563,-73.8798736,0,0,Fell Asleep,4470293,15.9,10.4,0.2,0.2,0.0,2.0,51,14.4,26.6,326,Drizzle: Light,0,0,
74805,2021-10-18 07:35:00,40.7429437,-73.9168429,0,0,Driver Inattention/Distraction,4468470,15.8,9.2,0.0,0.0,0.0,0.0,2,32.4,58.3,296,Partly cloudy,0,0,
74806,2021-11-02 12:38:00,40.635845,-73.99484,0,0,Unspecified,4473541,11.4,7.0,0.6,0.6,0.0,4.0,51,14.1,28.1,271,Drizzle: Light,0,0,
74807,2021-10-12 16:15:00,40.6341626,-74.0073571,0,0,Unspecified,4467044,21.6,15.2,0.0,0.0,0.0,0.0,3,11.8,23.8,81,Overcast,0,0,
74808,2021-10-14 19:20:00,40.7313511,-73.9825546,1,0,Reaction to Uninvolved Vehicle,4467609,25.0,15.4,0.0,0.0,0.0,0.0,3,15.4,29.9,328,Overcast,1,1,
74809,2021-10-19 14:54:00,40.6860658,-73.9714321,1,0,Unspecified,4468994,19.1,8.3,0.0,0.0,0.0,0.0,1,24.6,45.0,272,Mainly clear,1,1,Sunny/Clear Conditions
74810,2021-10-18 00:00:00,40.7070105,-73.9465215,1,0,Driver Inattention/Distraction,4468204,15.8,9.2,0.0,0.0,0.0,0.0,2,32.4,58.3,296,Partly cloudy,1,1,
74811,2021-10-15 16:04:00,40.842389,-73.8851593,0,0,Driver Inattention/Distraction,4468314,25.0,14.5,0.0,0.0,0.0,0.0,3,16.8,28.4,182,Overcast,0,0,
74812,2021-10-23 10:15:00,40.7460318,-73.9133709,1,0,Passing or Lane Usage Improper,4470217,15.9,10.4,0.2,0.2,0.0,2.0,51,14.4,26.6,326,Drizzle: Light,1,1,
74813,2021-10-23 10:00:00,40.8088424,-73.9658127,1,0,Failure to Yield Right-of-Way,4470024,15.9,10.4,0.2,0.2,0.0,2.0,51,14.4,26.6,326,Drizzle: Light,1,1,
74814,2021-10-16 20:00:00,40.5932045,-73.7641441,0,0,Turning Improperly,4468447,24.3,15.0,17.5,17.5,0.0,9.0,63,25.7,46.4,195,Rain: Moderate,0,0,
74815,2021-10-20 09:20:00,40.7211442,-73.942816,0,0,Unspecified,4469145,24.1,13.8,0.0,0.0,0.0,0.0,3,21.6,37.1,276,Overcast,0,0,
74816,2021-10-18 11:25:00,40.6203971,-73.9619144,0,0,Unspecified,4470514,15.8,9.2,0.0,0.0,0.0,0.0,2,32.4,58.3,296,Partly cloudy,0,0,
74817,2021-10-11 13:00:00,40.7852936,-73.9693348,2,0,Failure to Yield Right-of-Way,4468501,21.7,16.3,0.0,0.0,0.0,0.0,3,25.7,49.7,41,Overcast,2,2,
74818,2021-10-19 08:22:00,40.7343835,-73.8647412,0,0,Unspecified,4469004,19.1,8.3,0.0,0.0,0.0,0.0,1,24.6,45.0,272,Mainly clear,0,0,Sunny/Clear Conditions
74819,2021-10-23 02:33:00,40.76226,-73.7569828,0,0,Unsafe Speed,4469944,15.9,10.4,0.2,0.2,0.0,2.0,51,14.4,26.6,326,Drizzle: Light,0,0,
74820,2021-10-14 14:00:00,40.748539,-73.8629398,0,0,Alcohol Involvement,4467912,25.0,15.4,0.0,0.0,0.0,0.0,3,15.4,29.9,328,Overcast,0,0,
74821,2021-10-14 09:00:00,40.7560353,-73.9869481,1,0,Unspecified,4467079,25.0,15.4,0.0,0.0,0.0,0.0,3,15.4,29.9,328,Overcast,1,1,
74822,2021-10-15 22:00:00,40.7007672,-73.9909333,0,0,Failure to Yield Right-of-Way,4467542,25.0,14.5,0.0,0.0,0.0,0.0,3,16.8,28.4,182,Overcast,0,0,
74823,2021-10-13 15:30:00,40.7650136,-73.8870909,0,0,Driver Inattention/Distraction,4467740,21.7,14.8,0.1,0.1,0.0,1.0,51,12.2,23.0,200,Drizzle: Light,0,0,
74824,2021-11-01 12:35:00,40.699406,-73.95338,2,0,Failure to Yield Right-of-Way,4474219,14.4,8.0,0.0,0.0,0.0,0.0,3,20.7,38.5,278,Overcast,2,2,