,CRASH DATETIME,LATITUDE,LONGITUDE,NUMBER OF PERSONS INJURED,NUMBER OF PERSONS KILLED,CONTRIBUTING FACTOR VEHICLE 1,COLLISION_ID,temperature_2m_max,temperature_2m_min,precipitation_sum,rain_sum,snowfall_sum,precipitation_hours,weather_code,wind_speed_10m_max,wind_gusts_10m_max,wind_direction_10m_dominant,Weather Description,Severity_Score,Total_Affected_Persons,Weather_Category
74825,2021-10-20 13:04:00,40.6769386,-73.8703892,1,0,Unspecified,4469242,24.1,13.8,0.0,0.0,0.0,0.0,3,21.6,37.1,276,Overcast,1,1,
74826,2021-10-18 17:40:00,40.5825808,-73.8286622,0,0,Passing Too Closely,4468529,15.8,9.2,0.0,0.0,0.0,0.0,2,32.4,58.3,296,Partly cloudy,0,0,
74827,2021-10-24 06:25:00,40.8090449,-73.9285547,0,0,Unspecified,4470625,15.5,7.6,0.7,0.7,0.0,1.0,53,13.0,23.8,248,Drizzle: Moderate,0,0,
74828,2021-11-02 04:50:00,40.7238,-73.854774,0,0,Driver Inattention/Distraction,4473374,11.4,7.0,0.6,0.6,0.0,4.0,51,14.1,28.1,271,Drizzle: Light,0,0,
74829,2021-10-17 12:09:00,40.8585763,-73.8512297,1,0,Driver Inattention/Distraction,4468843,17.3,11.1,0.2,0.2,0.0,2.0,51,23.9,43.9,293,Drizzle: Light,1,1,
74830,2021-10-22 11:25:00,40.6817416,-73.958584,1,0,Traffic Control Disregarded,4470370,20.3,14.4,0.0,0.0,0.0,0.0,3,18.1,31.3,267,Overcast,1,1,
74831,2021-10-20 12:31:00,40.7285016,-73.9179686,0,0,Driver Inattention/Distraction,4469959,24.1,13.8,0.0,0.0,0.0,0.0,3,21.6,37.1,276,Overcast,0,0,
74832,2021-10-23 12:41:00,40.6807878,-73.919574,0,0,Driver Inattention/Distraction,4470417,15.9,10.4,0.2,0.2,0.0,2.0,51,14.4,26.6,326,Drizzle: Light,0,0,
74833,2021-10-15 03:28:00,40.8648086,-73.9193623,0,0,Passing or Lane Usage Improper,4468853,25.0,14.5,0.0,0.0,0.0,0.0,3,16.8,28.4,182,Overcast,0,0,
74834,2021-09-30 16:45:00,40.7713465,-73.833391,2,0,Following Too Closely,4463638,18.8,13.1,0.0,0.0,0.0,0.0,3,18.1,37.4,330,Overcast,2,2,
74835,2021-10-13 07:51:00,40.7999787,-73.9427338,3,0,Traffic Control Disregarded,4466963,21.7,14.8,0.1,0.1,0.0,1.0,51,12.2,23.0,200,Drizzle: Light,3,3,
74836,2021-10-23 14:45:00,40.6114904,-74.1402455,0,0,Failure to Yield Right-of-Way,4470056,15.9,10.4,0.2,0.2,0.0,2.0,51,14.4,26.6,326,Drizzle: Light,0,0,
74837,2021-10-19 13:30:00,40.594406,-73.9616721,0,0,Alcohol Involvement,4468972,19.1,8.3,0.0,0.0,0.0,0.0,1,24.6,45.0,272,Mainly clear,0,0,Sunny/Clear Conditions
74838,2021-10-22 18:40:00,40.7105878,-73.9550998,1,0,Failure to Yield Right-of-Way,4470085,20.3,14.4,0.0,0.0,0.0,0.0,3,18.1,31.3,267,Overcast,1,1,
74839,2021-10-18 13:37:00,40.6185936,-74.0287012,1,0,Turning Improperly,4468452,15.8,9.2,0.0,0.0,0.0,0.0,2,32.4,58.3,296,Partly cloudy,1,1,
74840,2021-10-08 10:50:00,40.7093173,-73.9329972,0,0,Passing Too Closely,4468093,23.7,14.5,0.0,0.0,0.0,0.0,3,13.0,22.3,94,Overcast,0,0,
74841,2022-04-13 23:37:00,40.760403,-73.98748,1,0,Driver Inattention/Distraction,4518886,18.9,7.1,0.0,0.0,0.0,0.0,3,18.7,37.4,112,Overcast,1,1,
74842,2021-10-21 08:32:00,40.8872398,-73.8635864,1,0,View Obstructed/Limited,4469559,22.9,12.0,0.0,0.0,0.0,0.0,3,17.0,31.7,207,Overcast,1,1,
74843,2021-10-22 15:00:00,40.734792,-73.7201515,0,0,Unspecified,4469915,20.3,14.4,0.0,0.0,0.0,0.0,3,18.1,31.3,267,Overcast,0,0,
74844,2021-11-02 18:48:00,40.65531,-73.90318,0,0,Unspecified,4473948,11.4,7.0,0.6,0.6,0.0,4.0,51,14.1,28.1,271,Drizzle: Light,0,0,
74845,2021-11-02 00:15:00,40.692425,-73.96075,0,0,Traffic Control Disregarded,4473740,11.4,7.0,0.6,0.6,0.0,4.0,51,14.1,28.1,271,Drizzle: Light,0,0,
74846,2021-10-16 19:36:00,40.8230758,-73.9125407,2,0,Unspecified,4468704,24.3,15.0,17.5,17.5,0.0,9.0,63,25.7,46.4,195,Rain: Moderate,2,2,
74847,2021-10-20 08:20:00,40.7083558,-73.9609841,0,0,Driver Inattention/Distraction,4469648,24.1,13.8,0.0,0.0,0.0,0.0,3,21.6,37.1,276,Overcast,0,0,
74848,2021-10-19 15:00:00,40.6690679,-73.7387,1,0,Following Too Closely,4469492,19.1,8.3,0.0,0.0,0.0,0.0,1,24.6,45.0,272,Mainly clear,1,1,Sunny/Clear Conditions
74849,2021-10-16 21:40:00,40.6517331,-73.930381,2,0,Unspecified,4467828,24.3,15.0,17.5,17.5,0.0,9.0,63,25.7,46.4,195,Rain: Moderate,2,2,
74850,2021-10-24 13:10:00,40.7340319,-73.7236511,1,0,Driver Inattention/Distraction,4470359,15.5,7.6,0.7,0.7,0.0,1.0,53,13.0,23.8,248,Drizzle: Moderate,1,1,
74851,2021-10-25 00:12:00,40.6740701,-73.9153366,0,0,Driver Inattention/Distraction,4470528,22.8,13.5,10.7,10.7,0.0,8.0,63,18.9,33.5,172,Rain: Moderate,0,0,
74852,2021-10-22 21:25:00,40.6755733,-73.8037077,1,0,Failure to Yield Right-of-Way,4470543,20.3,14.4,0.0,0.0,0.0,0.0,3,18.1,31.3,267,Overcast,1,1,
74853,2021-10-22 15:00:00,40.5843,-74.1649063,0,0,Driver Inattention/Distraction,4470062,20.3,14.4,0.0,0.0,0.0,0.0,3,18.1,31.3,267,Overcast,0,0,
74854,2021-10-21 19:20:00,40.8044551,-73.9118464,0,0,Unspecified,4469661,22.9,12.0,0.0,0.0,0.0,0.0,3,17.0,31.7,207,Overcast,0,0,
74855,2021-10-24 19:40:00,40.6877519,-74.0013882,0,0,Passing Too Closely,4470883,15.5,7.6,0.7,0.7,0.0,1.0,53,13.0,23.8,248,Drizzle: Moderate,0,0,
74856,2021-10-25 00:00:00,40.6690679,-73.7387,0,0,Unspecified,4470813,22.8,13.5,10.7,10.7,0.0,8.0,63,18.9,33.5,172,Rain: Moderate,0,0,
74857,2021-10-08 16:30:00,40.6076551,-74.0170205,1,0,Failure to Yield Right-of-Way,4467490,23.7,14.5,0.0,0.0,0.0,0.0,3,13.0,22.3,94,Overcast,1,1,
74858,2021-10-23 14:22:00,40.7186479,-73.8376966,0,0,Failure to Yield Right-of-Way,4470796,15.9,10.4,0.2,0.2,0.0,2.0,51,14.4,26.6,326,Drizzle: Light,0,0,
74859,2021-10-13 17:14:00,40.8006946,-73.9411094,0,0,Following Too Closely,4466978,21.7,14.8,0.1,0.1,0.0,1.0,51,12.2,23.0,200,Drizzle: Light,0,0,
74860,2022-04-13 16:35:00,40.7171,-73.9986,1,0,Driver Inattention/Distraction,4519189,18.9,7.1,0.0,0.0,0.0,0.0,3,18.7,37.4,112,Overcast,1,1,
74861,2021-10-15 11:55:00,40.7920718,-73.9755397,1,0,Traffic Control Disregarded,4467358,25.0,14.5,0.0,0.0,0.0,0.0,3,16.8,28.4,182,Overcast,1,1,
74862,2021-11-02 15:44:00,40.85206,-73.82664,1,0,Unspecified,4473969,11.4,7.0,0.6,0.6,0.0,4.0,51,14.1,28.1,271,Drizzle: Light,1,1,
74863,2021-10-17 13:00:00,40.7564521,-73.9703154,0,0,Failure to Yield Right-of-Way,4468250,17.3,11.1,0.2,0.2,0.0,2.0,51,23.9,43.9,293,Drizzle: Light,0,0,
74864,2021-10-23 21:25:00,40.7416358,-73.9902079,0,0,Driver Inattention/Distraction,4470153,15.9,10.4,0.2,0.2,0.0,2.0,51,14.4,26.6,326,Drizzle: Light,0,0,
74865,2021-10-17 13:30:00,40.6772545,-73.8757004,1,0,,4468632,17.3,11.1,0.2,0.2,0.0,2.0,51,23.9,43.9,293,Drizzle: Light,1,1,
74866,2021-10-23 11:15:00,40.7161961,-73.9974902,3,0,Unsafe Speed,4470244,15.9,10.4,0.2,0.2,0.0,2.0,51,14.4,26.6,326,Drizzle: Light,3,3,
74867,2021-10-15 19:19:00,40.839908,-73.9360834,1,0,Driver Inattention/Distraction,4468118,25.0,14.5,0.0,0.0,0.0,0.0,3,16.8,28.4,182,Overcast,1,1,
74868,2021-10-21 19:10:00,40.7642305,-73.8755368,3,0,Driver Inattention/Distraction,4469591,22.9,12.0,0.0,0.0,0.0,0.0,3,17.0,31.7,207,Overcast,3,3,
74869,2021-10-16 23:33:00,40.6810601,-73.996528,1,0,Unspecified,4467757,24.3,15.0,17.5,17.5,0.0,9.0,63,25.7,46.4,195,Rain: Moderate,1,1,
74870,2021-10-20 10:00:00,40.6575644,-73.9047314,0,0,Unspecified,4469741,24.1,13.8,0.0,0.0,0.0,0.0,3,21.6,37.1,276,Overcast,0,0,
74871,2021-10-16 15:04:00,40.8680396,-73.8790955,0,0,Failure to Yield Right-of-Way,4468415,24.3,15.0,17.5,17.5,0.0,9.0,63,25.7,46.4,195,Rain: Moderate,0,0,
74872,2021-10-16 20:57:00,40.6749968,-73.8085366,0,0,Failure to Yield Right-of-Way,4468214,24.3,15.0,17.5,17.5,0.0,9.0,63,25.7,46.4,195,Rain: Moderate,0,0,
74873,2021-11-02 13:45:00,40.8549,-73.849495,0,0,Unspecified,4473563,11.4,7.0,0.6,0.6,0.0,4.0,51,14.1,28.1,271,Drizzle: Light,0,0,
74874,2021-10-19 08:30:00,40.6771912,-73.9780665,0,0,Passing Too Closely,4468736,19.1,8.3,0.0,0.0,0.0,0.0,1,24.6,45.0,272,Mainly clear,0,0,Sunny/Clear Conditions
74875,2021-10-14 06:20:00,40.6520399,-73.8879488,3,0,Unspecified,4467262,25.0,15.4,0.0,0.0,0.0,0.0,3,15.4,29.9,328,Overcast,3,3,
74876,2022-04-11 10:05:00,40.73619,-73.85806,0,0,Driver Inattention/Distraction,4519202,13.1,1.8,0.0,0.0,0.0,0.0,3,18.6,36.4,246,Overcast,0,0,
74877,2021-10-16 10:29:00,40.8540771,-73.8675183,0,0,Unspecified,4467658,24.3,15.0,17.5,17.5,0.0,9.0,63,25.7,46.4,195,Rain: Moderate,0,0,
74878,2021-10-11 00:00:00,40.8373235,-73.9198306,2,0,Following Too Closely,4466811,21.7,16.3,0.0,0.0,0.0,0.0,3,25.7,49.7,41,Overcast,2,2,
74879,2021-10-23 20:00:00,40.8851277,-73.8215996,0,0,Unspecified,4470170,15.9,10.4,0.2,0.2,0.0,2.0,51,14.4,26.6,326,Drizzle: Light,0,0,
74880,2021-10-25 07:30:00,40.5890646,-74.1386214,0,0,Steering Failure,4470846,22.8,13.5,10.7,10.7,0.0,8.0,63,18.9,33.5,172,Rain: Moderate,0,0,
74881,2021-10-20 11:40:00,40.8657971,-73.9199975,0,0,Unspecified,4469412,24.1,13.8,0.0,0.0,0.0,0.0,3,21.6,37.1,276,Overcast,0,0,
74882,2021-10-20 16:14:00,40.6802409,-73.9467485,0,0,Failure to Yield Right-of-Way,4469754,24.1,13.8,0.0,0.0,0.0,0.0,3,21.6,37.1,276,Overcast,0,0,
74883,2022-04-14 15:00:00,40.82403,-73.94476,0,0,Unspecified,4519011,28.1,13.9,0.2,0.2,0.0,2.0,51,25.9,46.1,249,Drizzle: Light,0,0,
74884,2021-10-13 19:40:00,40.8120807,-73.9498938,0,0,Passing Too Closely,4466948,21.7,14.8,0.1,0.1,0.0,1.0,51,12.2,23.0,200,Drizzle: Light,0,0,
74885,2021-10-16 14:50:00,40.8168185,-73.9211662,0,0,Passing or Lane Usage Improper,4467712,24.3,15.0,17.5,17.5,0.0,9.0,63,25.7,46.4,195,Rain: Moderate,0,0,
74886,2021-10-19 15:57:00,40.8377444,-73.9173822,1,0,Traffic Control Disregarded,4468962,19.1,8.3,0.0,0.0,0.0,0.0,1,24.6,45.0,272,Mainly clear,1,1,Sunny/Clear Conditions
74887,2021-10-17 04:55:00,40.6731187,-73.8786449,0,0,Failure to Yield Right-of-Way,4468172,17.3,11.1,0.2,0.2,0.0,2.0,51,23.9,43.9,293,Drizzle: Light,0,0,
74888,2021-10-14 12:45:00,40.7416232,-73.9937353,1,0,Failure to Yield Right-of-Way,4468147,25.0,15.4,0.0,0.0,0.0,0.0,3,15.4,29.9,328,Overcast,1,1,
74889,2021-10-20 15:00:00,40.7027386,-73.7788985,1,0,View Obstructed/Limited,4469836,24.1,13.8,0.0,0.0,0.0,0.0,3,21.6,37.1,276,Overcast,1,1,
74890,2021-10-12 18:32:00,40.6531723,-73.9615966,0,0,Unsafe Lane Changing,4466732,21.6,15.2,0.0,0.0,0.0,0.0,3,11.8,23.8,81,Overcast,0,0,
74891,2021-10-14 21:20:00,40.7241363,-73.9926041,0,0,Passing Too Closely,4468282,25.0,15.4,0.0,0.0,0.0,0.0,3,15.4,29.9,328,Overcast,0,0,
74892,2021-10-11 16:30:00,40.5864653,-73.8165219,1,0,Unspecified,4466390,21.7,16.3,0.0,0.0,0.0,0.0,3,25.7,49.7,41,Overcast,1,1,
74893,2021-10-15 16:27:00,40.6882933,-73.8318534,0,0,Traffic Control Disregarded,4467944,25.0,14.5,0.0,0.0,0.0,0.0,3,16.8,28.4,182,Overcast,0,0,
74894,2021-10-17 09:15:00,40.8468268,-73.8970434,1,0,Unspecified,4468347,17.3,11.1,0.2,0.2,0.0,2.0,51,23.9,43.9,293,Drizzle: Light,1,1,
74895,2021-10-15 20:05:00,40.708805,-73.9257658,1,0,Reaction to Uninvolved Vehicle,4468088,25.0,14.5,0.0,0.0,0.0,0.0,3,16.8,28.4,182,Overcast,1,1,
74896,2021-10-13 09:00:00,40.839908,-73.9360834,1,0,Unspecified,4467359,21.7,14.8,0.1,0.1,0.0,1.0,51,12.2,23.0,200,Drizzle: Light,1,1,
74897,2022-04-15 22:07:00,40.664158,-73.99106,0,0,Unspecified,4519412,19.2,6.3,0.1,0.1,0.0,1.0,51,26.9,46.1,243,Drizzle: Light,0,0,
74898,2021-08-07 18:00:00,40.732876,-73.89592,1,0,Alcohol Involvement,4447137,29.7,19.9,0.0,0.0,0.0,0.0,3,24.2,45.0,198,Overcast,1,1,
74899,2021-08-16 13:05:00,40.69768,-73.98703,0,0,Driver Inattention/Distraction,4447605,26.6,19.9,0.0,0.0,0.0,0.0,3,17.7,33.8,121,Overcast,0,0,
74900,2021-08-18 16:01:00,40.71364,-73.9953,1,0,Driver Inattention/Distraction,4449164,27.0,21.1,1.5,1.5,0.0,5.0,53,24.7,46.8,150,Drizzle: Moderate,1,1,
74901,2021-08-20 13:30:00,40.649624,-73.96311,1,0,Driver Inattention/Distraction,4449677,26.9,22.0,1.1,1.1,0.0,5.0,53,12.4,22.0,310,Drizzle: Moderate,1,1,
74902,2021-08-18 15:00:00,40.695343,-73.98324,0,0,Traffic Control Disregarded,4448332,27.0,21.1,1.5,1.5,0.0,5.0,53,24.7,46.8,150,Drizzle: Moderate,0,0,
74903,2021-08-20 20:30:00,40.65371,-73.95714,0,0,Unspecified,4449684,26.9,22.0,1.1,1.1,0.0,5.0,53,12.4,22.0,310,Drizzle: Moderate,0,0,
74904,2021-08-20 13:30:00,40.75289,-73.98732,1,0,Passing or Lane Usage Improper,4449489,26.9,22.0,1.1,1.1,0.0,5.0,53,12.4,22.0,310,Drizzle: Moderate,1,1,
74905,2021-08-18 14:00:00,40.84065,-73.91902,0,0,Backing Unsafely,4449118,27.0,21.1,1.5,1.5,0.0,5.0,53,24.7,46.8,150,Drizzle: Moderate,0,0,
74906,2021-08-12 22:30:00,40.820988,-73.89491,1,0,Unspecified,4448811,35.2,23.1,0.0,0.0,0.0,0.0,3,21.0,47.5,220,Overcast,1,1,
74907,2021-08-18 17:30:00,40.741608,-73.88295,1,0,Driver Inattention/Distraction,4448459,27.0,21.1,1.5,1.5,0.0,5.0,53,24.7,46.8,150,Drizzle: Moderate,1,1,
74908,2021-07-23 09:30:00,40.668507,-73.92561,0,0,Following Too Closely,4449380,26.2,17.3,0.0,0.0,0.0,0.0,1,11.3,27.0,340,Mainly clear,0,0,Sunny/Clear Conditions
74909,2021-08-18 23:20:00,40.714024,-73.92556,0,0,Unspecified,4448393,27.0,21.1,1.5,1.5,0.0,5.0,53,24.7,46.8,150,Drizzle: Moderate,0,0,
74910,2021-08-20 21:15:00,40.69325,-73.97287,2,0,Unspecified,4448926,26.9,22.0,1.1,1.1,0.0,5.0,53,12.4,22.0,310,Drizzle: Moderate,2,2,
74911,2021-08-18 11:30:00,40.60391,-74.07313,0,0,Unspecified,4448793,27.0,21.1,1.5,1.5,0.0,5.0,53,24.7,46.8,150,Drizzle: Moderate,0,0,
74912,2021-08-20 14:36:00,40.879055,-73.851875,0,0,Pedestrian/Bicyclist/Other Pedestrian Error/Confusion,4449730,26.9,22.0,1.1,1.1,0.0,5.0,53,12.4,22.0,310,Drizzle: Moderate,0,0,
74913,2021-08-18 18:20:00,40.81094,-73.94318,0,0,Driver Inattention/Distraction,4448779,27.0,21.1,1.5,1.5,0.0,5.0,53,24.7,46.8,150,Drizzle: Moderate,0,0,
74914,2021-08-19 18:47:00,40.843903,-73.927284,0,0,Following Too Closely,4449116,30.2,23.4,11.8,11.8,0.0,13.0,61,26.3,53.3,223,Rain: Light,0,0,
74915,2021-08-19 18:00:00,40.6374,-74.01116,0,0,Unspecified,4448660,30.2,23.4,11.8,11.8,0.0,13.0,61,26.3,53.3,223,Rain: Light,0,0,
74916,2021-08-20 00:00:00,40.618557,-73.95504,1,0,Failure to Yield Right-of-Way,4449678,26.9,22.0,1.1,1.1,0.0,5.0,53,12.4,22.0,310,Drizzle: Moderate,1,1,
74917,2021-08-20 20:30:00,40.71122,-73.72827,2,0,Unsafe Speed,4448966,26.9,22.0,1.1,1.1,0.0,5.0,53,12.4,22.0,310,Drizzle: Moderate,2,2,
74918,2021-08-19 17:30:00,40.69056,-73.98511,1,0,Driver Inattention/Distraction,4448915,30.2,23.4,11.8,11.8,0.0,13.0,61,26.3,53.3,223,Rain: Light,1,1,
74919,2021-08-18 13:55:00,40.822693,-73.89176,0,0,Unspecified,4448623,27.0,21.1,1.5,1.5,0.0,5.0,53,24.7,46.8,150,Drizzle: Moderate,0,0,
74920,2021-08-18 03:00:00,40.666714,-73.82207,0,0,Passing or Lane Usage Improper,4448065,27.0,21.1,1.5,1.5,0.0,5.0,53,24.7,46.8,150,Drizzle: Moderate,0,0,
74921,2021-08-14 15:08:00,40.66323,-73.93161,1,0,Unspecified,4449409,31.3,24.2,2.5,2.5,0.0,5.0,55,16.9,32.8,286,Drizzle: Dense,1,1,
74922,2021-08-20 22:00:00,40.720272,-73.981544,0,0,Unspecified,4449011,26.9,22.0,1.1,1.1,0.0,5.0,53,12.4,22.0,310,Drizzle: Moderate,0,0,
74923,2021-06-30 00:00:00,40.87276,-73.84516,0,0,Driver Inattention/Distraction,4449201,35.2,24.9,0.1,0.1,0.0,1.0,51,20.6,37.1,246,Drizzle: Light,0,0,
74924,2021-08-18 15:39:00,40.669525,-73.98525,0,0,Driver Inattention/Distraction,4448357,27.0,21.1,1.5,1.5,0.0,5.0,53,24.7,46.8,150,Drizzle: Moderate,0,0,
74925,2021-08-20 22:20:00,40.70914,-73.950836,0,0,Backing Unsafely,4448928,26.9,22.0,1.1,1.1,0.0,5.0,53,12.4,22.0,310,Drizzle: Moderate,0,0,
74926,2021-08-20 04:25:00,40.71214,-73.80952,2,0,Traffic Control Disregarded,4448854,26.9,22.0,1.1,1.1,0.0,5.0,53,12.4,22.0,310,Drizzle: Moderate,2,2,
74927,2021-08-18 15:51:00,40.856323,-73.86958,0,0,Passing or Lane Usage Improper,4448515,27.0,21.1,1.5,1.5,0.0,5.0,53,24.7,46.8,150,Drizzle: Moderate,0,0,
74928,2021-08-20 23:40:00,40.718395,-73.826385,0,0,Driver Inattention/Distraction,4448973,26.9,22.0,1.1,1.1,0.0,5.0,53,12.4,22.0,310,Drizzle: Moderate,0,0,
74929,2021-08-19 09:00:00,40.762745,-73.83329,1,0,Failure to Yield Right-of-Way,4449048,30.2,23.4,11.8,11.8,0.0,13.0,61,26.3,53.3,223,Rain: Light,1,1,
74930,2021-08-20 17:45:00,40.77178,-73.9792,1,0,Failure to Yield Right-of-Way,4449382,26.9,22.0,1.1,1.1,0.0,5.0,53,12.4,22.0,310,Drizzle: Moderate,1,1,
74931,2021-08-19 00:30:00,40.752155,-73.89995,0,0,Driver Inattention/Distraction,4448415,30.2,23.4,11.8,11.8,0.0,13.0,61,26.3,53.3,223,Rain: Light,0,0,
74932,2021-08-16 19:50:00,40.687637,-73.94478,0,0,Driver Inattention/Distraction,4449225,26.6,19.9,0.0,0.0,0.0,0.0,3,17.7,33.8,121,Overcast,0,0,
74933,2021-08-15 12:30:00,40.726315,-73.85215,0,0,Driver Inattention/Distraction,4449320,27.9,20.0,0.0,0.0,0.0,0.0,3,16.6,33.1,25,Overcast,0,0,
74934,2021-08-19 00:40:00,40.642796,-73.97945,1,0,Unspecified,4448584,30.2,23.4,11.8,11.8,0.0,13.0,61,26.3,53.3,223,Rain: Light,1,1,
74935,2021-08-19 11:15:00,40.739426,-73.93464,0,0,Reaction to Uninvolved Vehicle,4448705,30.2,23.4,11.8,11.8,0.0,13.0,61,26.3,53.3,223,Rain: Light,0,0,
74936,2021-08-18 21:00:00,0.0,0.0,0,0,Unspecified,4448748,27.0,21.1,1.5,1.5,0.0,5.0,53,24.7,46.8,150,Drizzle: Moderate,0,0,
74937,2021-08-18 05:03:00,40.709896,-73.83941,1,0,Unsafe Lane Changing,4448115,27.0,21.1,1.5,1.5,0.0,5.0,53,24.7,46.8,150,Drizzle: Moderate,1,1,
74938,2021-08-20 08:34:00,40.859875,-73.89323,1,0,Failure to Yield Right-of-Way,4449631,26.9,22.0,1.1,1.1,0.0,5.0,53,12.4,22.0,310,Drizzle: Moderate,1,1,
74939,2022-09-07 08:56:00,40.801155,-73.959656,1,0,Illnes,4567887,22.7,18.4,1.9,1.9,0.0,4.0,55,21.8,38.9,48,Drizzle: Dense,1,1,
74940,2021-08-18 20:35:00,40.610046,-73.7536,1,0,Driver Inexperience,4448423,27.0,21.1,1.5,1.5,0.0,5.0,53,24.7,46.8,150,Drizzle: Moderate,1,1,
74941,2021-08-19 12:17:00,40.69941,-73.93622,1,0,Passing Too Closely,4448658,30.2,23.4,11.8,11.8,0.0,13.0,61,26.3,53.3,223,Rain: Light,1,1,
74942,2021-08-20 05:35:00,40.75548,-73.74173,0,0,Unspecified,4448825,26.9,22.0,1.1,1.1,0.0,5.0,53,12.4,22.0,310,Drizzle: Moderate,0,0,
74943,2021-08-14 13:10:00,40.560795,-74.11269,1,0,Passing or Lane Usage Improper,4449649,31.3,24.2,2.5,2.5,0.0,5.0,55,16.9,32.8,286,Drizzle: Dense,1,1,
74944,2021-08-20 14:26:00,40.690784,-73.76257,1,0,Unsafe Speed,4448887,26.9,22.0,1.1,1.1,0.0,5.0,53,12.4,22.0,310,Drizzle: Moderate,1,1,
74945,2021-08-19 20:45:00,40.6294,-73.99949,0,0,Driver Inattention/Distraction,4449188,30.2,23.4,11.8,11.8,0.0,13.0,61,26.3,53.3,223,Rain: Light,0,0,
74946,2021-08-18 22:15:00,40.71603,-73.82359,0,0,Following Too Closely,4448959,27.0,21.1,1.5,1.5,0.0,5.0,53,24.7,46.8,150,Drizzle: Moderate,0,0,
74947,2021-08-20 18:50:00,40.70066,-73.98775,0,0,Unsafe Speed,4449098,26.9,22.0,1.1,1.1,0.0,5.0,53,12.4,22.0,310,Drizzle: Moderate,0,0,
74948,2021-08-19 17:48:00,40.766685,-73.892136,0,0,Driver Inattention/Distraction,4448689,30.2,23.4,11.8,11.8,0.0,13.0,61,26.3,53.3,223,Rain: Light,0,0,
74949,2021-08-17 16:40:00,40.627037,-74.16483,0,0,Unspecified,4449215,26.4,22.2,1.6,1.6,0.0,2.0,55,20.3,39.2,158,Drizzle: Dense,0,0,
74950,2021-08-18 17:30:00,40.57468,-74.12929,0,0,Failure to Yield Right-of-Way,4448564,27.0,21.1,1.5,1.5,0.0,5.0,53,24.7,46.8,150,Drizzle: Moderate,0,0,
74951,2021-08-20 22:15:00,40.84506,-73.916855,0,0,Unsafe Speed,4449070,26.9,22.0,1.1,1.1,0.0,5.0,53,12.4,22.0,310,Drizzle: Moderate,0,0,
74952,2021-08-19 08:00:00,40.735275,-73.95391,0,0,Following Too Closely,4449606,30.2,23.4,11.8,11.8,0.0,13.0,61,26.3,53.3,223,Rain: Light,0,0,
74953,2021-08-18 09:00:00,40.74667,-73.947845,1,0,Unspecified,4448153,27.0,21.1,1.5,1.5,0.0,5.0,53,24.7,46.8,150,Drizzle: Moderate,1,1,
74954,2021-08-19 14:48:00,40.818794,-73.922134,0,0,Failure to Yield Right-of-Way,4448831,30.2,23.4,11.8,11.8,0.0,13.0,61,26.3,53.3,223,Rain: Light,0,0,
74955,2021-08-20 07:20:00,40.655518,-74.00645,1,0,Unspecified,4448830,26.9,22.0,1.1,1.1,0.0,5.0,53,12.4,22.0,310,Drizzle: Moderate,1,1,
74956,2021-08-18 16:02:00,40.80098,-73.93178,0,0,Unspecified,4448309,27.0,21.1,1.5,1.5,0.0,5.0,53,24.7,46.8,150,Drizzle: Moderate,0,0,
74957,2021-08-11 19:10:00,40.71585,-73.81183,0,0,Driver Inattention/Distraction,4448985,31.2,23.2,2.8,2.8,0.0,7.0,55,23.7,44.6,206,Drizzle: Dense,0,0,
74958,2021-08-20 14:40:00,40.765614,-73.9607,0,0,Driver Inexperience,4449004,26.9,22.0,1.1,1.1,0.0,5.0,53,12.4,22.0,310,Drizzle: Moderate,0,0,
74959,2021-08-19 03:26:00,40.795322,-73.929825,2,0,Unsafe Lane Changing,4448463,30.2,23.4,11.8,11.8,0.0,13.0,61,26.3,53.3,223,Rain: Light,2,2,
74960,2021-08-20 13:35:00,40.65414,-73.88732,0,0,Driver Inattention/Distraction,4448947,26.9,22.0,1.1,1.1,0.0,5.0,53,12.4,22.0,310,Drizzle: Moderate,0,0,
74961,2021-08-20 10:25:00,40.828094,-73.85203,0,0,Unspecified,4449464,26.9,22.0,1.1,1.1,0.0,5.0,53,12.4,22.0,310,Drizzle: Moderate,0,0,
74962,2021-08-20 19:00:00,40.678417,-73.729225,0,0,Passing Too Closely,4449291,26.9,22.0,1.1,1.1,0.0,5.0,53,12.4,22.0,310,Drizzle: Moderate,0,0,
74963,2021-08-20 19:20:00,40.612213,-73.99718,0,0,Steering Failure,4448919,26.9,22.0,1.1,1.1,0.0,5.0,53,12.4,22.0,310,Drizzle: Moderate,0,0,
74964,2021-07-28 00:22:00,40.821445,-73.950386,3,0,Pedestrian/Bicyclist/Other Pedestrian Error/Confusion,4449495,26.7,20.2,0.7,0.7,0.0,3.0,53,16.7,34.2,1,Drizzle: Moderate,3,3,
74965,2021-08-20 14:00:00,40.644466,-74.07686,1,0,Failure to Yield Right-of-Way,4449249,26.9,22.0,1.1,1.1,0.0,5.0,53,12.4,22.0,310,Drizzle: Moderate,1,1,
74966,2021-08-14 15:26:00,40.893425,-73.88347,0,0,Unspecified,4449361,31.3,24.2,2.5,2.5,0.0,5.0,55,16.9,32.8,286,Drizzle: Dense,0,0,
74967,2021-08-20 07:38:00,40.6228,-74.02836,0,0,Passing Too Closely,4448786,26.9,22.0,1.1,1.1,0.0,5.0,53,12.4,22.0,310,Drizzle: Moderate,0,0,