,CRASH DATETIME,LATITUDE,LONGITUDE,NUMBER OF PERSONS INJURED,NUMBER OF PERSONS KILLED,CONTRIBUTING FACTOR VEHICLE 1,COLLISION_ID,temperature_2m_max,temperature_2m_min,precipitation_sum,rain_sum,snowfall_sum,precipitation_hours,weather_code,wind_speed_10m_max,wind_gusts_10m_max,wind_direction_10m_dominant,Weather Description,Severity_Score,Total_Affected_Persons,Weather_Category
74968,2021-08-19 08:45:00,40.717033,-73.8221,1,0,Unspecified,4448990,30.2,23.4,11.8,11.8,0.0,13.0,61,26.3,53.3,223,Rain: Light,1,1,
74969,2021-08-18 22:19:00,40.745728,-73.86213,1,0,Backing Unsafely,4448484,27.0,21.1,1.5,1.5,0.0,5.0,53,24.7,46.8,150,Drizzle: Moderate,1,1,
74970,2021-08-15 12:45:00,40.554085,-74.19276,0,0,Driver Inattention/Distraction,4449207,27.9,20.0,0.0,0.0,0.0,0.0,3,16.6,33.1,25,Overcast,0,0,
74971,2021-08-18 11:18:00,40.607933,-74.00688,0,0,Unspecified,4449531,27.0,21.1,1.5,1.5,0.0,5.0,53,24.7,46.8,150,Drizzle: Moderate,0,0,
74972,2021-08-18 12:00:00,40.848793,-73.94358,0,0,Failure to Yield Right-of-Way,4448521,27.0,21.1,1.5,1.5,0.0,5.0,53,24.7,46.8,150,Drizzle: Moderate,0,0,
74973,2021-08-20 12:00:00,40.60648,-73.9277,0,0,Unspecified,4448850,26.9,22.0,1.1,1.1,0.0,5.0,53,12.4,22.0,310,Drizzle: Moderate,0,0,
74974,2021-08-19 02:40:00,40.835808,-73.949455,2,0,Pavement Slippery,4448534,30.2,23.4,11.8,11.8,0.0,13.0,61,26.3,53.3,223,Rain: Light,2,2,
74975,2021-08-18 12:40:00,40.71256,-73.732994,0,0,Passing or Lane Usage Improper,4448267,27.0,21.1,1.5,1.5,0.0,5.0,53,24.7,46.8,150,Drizzle: Moderate,0,0,
74976,2021-08-19 12:20:00,40.653233,-73.93054,0,0,Unspecified,4449415,30.2,23.4,11.8,11.8,0.0,13.0,61,26.3,53.3,223,Rain: Light,0,0,
74977,2021-08-20 15:40:00,40.690044,-73.81481,0,0,Aggressive Driving/Road Rage,4449271,26.9,22.0,1.1,1.1,0.0,5.0,53,12.4,22.0,310,Drizzle: Moderate,0,0,
74978,2021-08-16 17:47:00,40.751602,-73.93384,1,0,Failure to Yield Right-of-Way,4449553,26.6,19.9,0.0,0.0,0.0,0.0,3,17.7,33.8,121,Overcast,1,1,
74979,2021-03-22 18:10:00,40.706585,-73.897,1,0,Unspecified,4448863,13.5,-1.5,0.0,0.0,0.0,0.0,0,14.1,29.9,126,Clear sky,1,1,Sunny/Clear Conditions
74980,2021-08-18 00:42:00,40.71036,-73.91067,0,0,Unspecified,4448211,27.0,21.1,1.5,1.5,0.0,5.0,53,24.7,46.8,150,Drizzle: Moderate,0,0,
74981,2021-08-20 18:10:00,40.73166,-73.98545,1,0,Driver Inattention/Distraction,4449661,26.9,22.0,1.1,1.1,0.0,5.0,53,12.4,22.0,310,Drizzle: Moderate,1,1,
74982,2021-08-18 09:43:00,40.597614,-73.79666,0,0,Unspecified,4448720,27.0,21.1,1.5,1.5,0.0,5.0,53,24.7,46.8,150,Drizzle: Moderate,0,0,
74983,2021-08-18 12:52:00,40.675507,-74.00075,1,0,Driver Inattention/Distraction,4448734,27.0,21.1,1.5,1.5,0.0,5.0,53,24.7,46.8,150,Drizzle: Moderate,1,1,
74984,2021-08-18 18:06:00,40.803123,-73.940445,2,0,Traffic Control Disregarded,4448766,27.0,21.1,1.5,1.5,0.0,5.0,53,24.7,46.8,150,Drizzle: Moderate,2,2,
74985,2021-07-12 06:57:00,40.720154,-73.87531,0,0,Driver Inexperience,4449024,28.6,22.0,9.7,9.7,0.0,12.0,63,12.0,31.7,107,Rain: Moderate,0,0,
74986,2021-08-20 08:24:00,40.722153,-73.752495,1,0,Passing Too Closely,4448883,26.9,22.0,1.1,1.1,0.0,5.0,53,12.4,22.0,310,Drizzle: Moderate,1,1,
74987,2021-08-18 12:00:00,40.740643,-73.97581,0,0,Failure to Yield Right-of-Way,4448255,27.0,21.1,1.5,1.5,0.0,5.0,53,24.7,46.8,150,Drizzle: Moderate,0,0,
74988,2021-08-18 08:56:00,40.688213,-73.919815,0,0,Passing Too Closely,4448213,27.0,21.1,1.5,1.5,0.0,5.0,53,24.7,46.8,150,Drizzle: Moderate,0,0,
74989,2021-08-20 00:00:00,40.841133,-73.924,2,0,Traffic Control Disregarded,4449183,26.9,22.0,1.1,1.1,0.0,5.0,53,12.4,22.0,310,Drizzle: Moderate,2,2,
74990,2021-08-19 17:00:00,40.731613,-73.84892,0,0,Following Too Closely,4448671,30.2,23.4,11.8,11.8,0.0,13.0,61,26.3,53.3,223,Rain: Light,0,0,
74991,2021-08-20 03:55:00,40.725994,-73.89843,0,0,Driver Inattention/Distraction,4448835,26.9,22.0,1.1,1.1,0.0,5.0,53,12.4,22.0,310,Drizzle: Moderate,0,0,
74992,2021-08-18 13:00:00,40.871376,-73.86334,0,0,Driver Inattention/Distraction,4448303,27.0,21.1,1.5,1.5,0.0,5.0,53,24.7,46.8,150,Drizzle: Moderate,0,0,
74993,2021-08-20 15:00:00,40.754864,-73.85255,1,0,Following Too Closely,4449310,26.9,22.0,1.1,1.1,0.0,5.0,53,12.4,22.0,310,Drizzle: Moderate,1,1,
74994,2021-08-18 01:25:00,40.675053,-73.87436,1,0,Traffic Control Disregarded,4448172,27.0,21.1,1.5,1.5,0.0,5.0,53,24.7,46.8,150,Drizzle: Moderate,1,1,
74995,2021-08-18 16:40:00,40.797676,-73.93729,1,0,Unspecified,4449029,27.0,21.1,1.5,1.5,0.0,5.0,53,24.7,46.8,150,Drizzle: Moderate,1,1,
74996,2021-08-19 08:48:00,40.713715,-73.998024,1,0,Driver Inattention/Distraction,4448533,30.2,23.4,11.8,11.8,0.0,13.0,61,26.3,53.3,223,Rain: Light,1,1,
74997,2021-08-20 12:35:00,40.862755,-73.901085,1,0,Failure to Yield Right-of-Way,4449303,26.9,22.0,1.1,1.1,0.0,5.0,53,12.4,22.0,310,Drizzle: Moderate,1,1,
74998,2021-08-20 11:10:00,40.660175,-73.9282,0,0,Unspecified,4449418,26.9,22.0,1.1,1.1,0.0,5.0,53,12.4,22.0,310,Drizzle: Moderate,0,0,
74999,2021-08-20 08:00:00,40.607002,-74.147415,0,0,Turning Improperly,4448818,26.9,22.0,1.1,1.1,0.0,5.0,53,12.4,22.0,310,Drizzle: Moderate,0,0,
75000,2021-08-19 15:20:00,40.66937,-73.89523,1,0,Unspecified,4448951,30.2,23.4,11.8,11.8,0.0,13.0,61,26.3,53.3,223,Rain: Light,1,1,
75001,2021-08-18 09:00:00,40.72293,-73.98865,1,0,Unspecified,4448405,27.0,21.1,1.5,1.5,0.0,5.0,53,24.7,46.8,150,Drizzle: Moderate,1,1,
75002,2021-08-16 19:01:00,40.752487,-73.8269,0,0,Unspecified,4449104,26.6,19.9,0.0,0.0,0.0,0.0,3,17.7,33.8,121,Overcast,0,0,
75003,2021-08-10 11:31:00,40.59931,-73.972916,1,0,Driver Inattention/Distraction,4449550,27.3,20.4,3.8,3.8,0.0,11.0,61,18.0,36.0,170,Rain: Light,1,1,
75004,2021-08-19 17:23:00,40.840103,-73.88619,0,0,Unspecified,4449255,30.2,23.4,11.8,11.8,0.0,13.0,61,26.3,53.3,223,Rain: Light,0,0,
75005,2021-08-13 14:26:00,40.875057,-73.91234,0,0,Unspecified,4449366,33.2,24.8,0.0,0.0,0.0,0.0,3,18.2,34.9,215,Overcast,0,0,
75006,2021-08-17 17:54:00,40.769226,-73.98477,0,0,View Obstructed/Limited,4449472,26.4,22.2,1.6,1.6,0.0,2.0,55,20.3,39.2,158,Drizzle: Dense,0,0,
75007,2021-08-18 14:15:00,40.60426,-73.75286,1,0,Following Too Closely,4448429,27.0,21.1,1.5,1.5,0.0,5.0,53,24.7,46.8,150,Drizzle: Moderate,1,1,
75008,2021-08-19 13:15:00,40.605427,-74.0762,0,0,Driver Inattention/Distraction,4448790,30.2,23.4,11.8,11.8,0.0,13.0,61,26.3,53.3,223,Rain: Light,0,0,
75009,2021-08-19 08:00:00,40.573265,-74.146965,1,0,Other Vehicular,4448552,30.2,23.4,11.8,11.8,0.0,13.0,61,26.3,53.3,223,Rain: Light,1,1,
75010,2021-08-15 22:47:00,40.71619,-73.77412,0,0,Unspecified,4448994,27.9,20.0,0.0,0.0,0.0,0.0,3,16.6,33.1,25,Overcast,0,0,
75011,2021-08-20 15:32:00,40.67441,-73.991875,0,0,Driver Inattention/Distraction,4448907,26.9,22.0,1.1,1.1,0.0,5.0,53,12.4,22.0,310,Drizzle: Moderate,0,0,
75012,2021-08-16 17:41:00,40.678955,-73.95413,1,0,Passing or Lane Usage Improper,4449501,26.6,19.9,0.0,0.0,0.0,0.0,3,17.7,33.8,121,Overcast,1,1,
75013,2021-08-15 02:30:00,40.833233,-73.8282,1,0,Unspecified,4449693,27.9,20.0,0.0,0.0,0.0,0.0,3,16.6,33.1,25,Overcast,1,1,
75014,2021-08-20 18:15:00,40.707306,-73.965645,0,0,Driver Inattention/Distraction,4449016,26.9,22.0,1.1,1.1,0.0,5.0,53,12.4,22.0,310,Drizzle: Moderate,0,0,
75015,2021-08-20 19:10:00,40.753223,-73.91215,0,0,Driver Inattention/Distraction,4449568,26.9,22.0,1.1,1.1,0.0,5.0,53,12.4,22.0,310,Drizzle: Moderate,0,0,
75016,2021-08-18 12:58:00,40.722492,-73.99607,0,0,Passing Too Closely,4448539,27.0,21.1,1.5,1.5,0.0,5.0,53,24.7,46.8,150,Drizzle: Moderate,0,0,
75017,2021-08-19 14:22:00,40.87122,-73.85558,1,0,Passing or Lane Usage Improper,4448867,30.2,23.4,11.8,11.8,0.0,13.0,61,26.3,53.3,223,Rain: Light,1,1,
75018,2021-08-20 23:15:00,40.683765,-73.97877,0,0,Unspecified,4449620,26.9,22.0,1.1,1.1,0.0,5.0,53,12.4,22.0,310,Drizzle: Moderate,0,0,
75019,2021-08-18 12:25:00,40.831684,-73.85562,0,0,Unspecified,4448289,27.0,21.1,1.5,1.5,0.0,5.0,53,24.7,46.8,150,Drizzle: Moderate,0,0,
75020,2021-08-18 18:11:00,40.606674,-73.99252,0,0,Driver Inattention/Distraction,4448367,27.0,21.1,1.5,1.5,0.0,5.0,53,24.7,46.8,150,Drizzle: Moderate,0,0,
75021,2021-08-20 20:25:00,40.697433,-73.97667,0,0,Turning Improperly,4449085,26.9,22.0,1.1,1.1,0.0,5.0,53,12.4,22.0,310,Drizzle: Moderate,0,0,
75022,2021-08-19 13:18:00,40.679935,-73.91389,3,0,Unspecified,4448715,30.2,23.4,11.8,11.8,0.0,13.0,61,26.3,53.3,223,Rain: Light,3,3,
75023,2021-08-16 02:09:00,40.7736,-73.98158,0,0,Driver Inattention/Distraction,4449396,26.6,19.9,0.0,0.0,0.0,0.0,3,17.7,33.8,121,Overcast,0,0,
75024,2021-08-20 21:26:00,40.599648,-74.06627,0,0,Driver Inattention/Distraction,4449652,26.9,22.0,1.1,1.1,0.0,5.0,53,12.4,22.0,310,Drizzle: Moderate,0,0,
75025,2021-08-16 10:30:00,40.701584,-73.88515,1,0,Failure to Yield Right-of-Way,4448862,26.6,19.9,0.0,0.0,0.0,0.0,3,17.7,33.8,121,Overcast,1,1,
75026,2021-08-19 19:04:00,40.85891,-73.922966,0,0,Aggressive Driving/Road Rage,4448771,30.2,23.4,11.8,11.8,0.0,13.0,61,26.3,53.3,223,Rain: Light,0,0,
75027,2021-08-18 20:47:00,40.750893,-73.855484,0,0,Passing or Lane Usage Improper,4448483,27.0,21.1,1.5,1.5,0.0,5.0,53,24.7,46.8,150,Drizzle: Moderate,0,0,
75028,2021-08-18 17:00:00,40.67877,-73.764,0,0,Unspecified,4448721,27.0,21.1,1.5,1.5,0.0,5.0,53,24.7,46.8,150,Drizzle: Moderate,0,0,
75029,2021-08-18 07:00:00,40.667885,-73.93249,0,0,Driver Inattention/Distraction,4448895,27.0,21.1,1.5,1.5,0.0,5.0,53,24.7,46.8,150,Drizzle: Moderate,0,0,
75030,2021-08-18 11:40:00,40.703106,-73.859985,0,0,Driver Inattention/Distraction,4448310,27.0,21.1,1.5,1.5,0.0,5.0,53,24.7,46.8,150,Drizzle: Moderate,0,0,
75031,2021-08-19 20:57:00,40.680946,-73.90703,0,0,Driver Inexperience,4448762,30.2,23.4,11.8,11.8,0.0,13.0,61,26.3,53.3,223,Rain: Light,0,0,
75032,2021-08-18 11:00:00,40.78593,-73.84777,0,0,Passing Too Closely,4448343,27.0,21.1,1.5,1.5,0.0,5.0,53,24.7,46.8,150,Drizzle: Moderate,0,0,
75033,2021-08-19 16:21:00,40.73246,-73.73576,0,0,Backing Unsafely,4448675,30.2,23.4,11.8,11.8,0.0,13.0,61,26.3,53.3,223,Rain: Light,0,0,
75034,2021-08-18 12:30:00,40.794926,-73.97032,0,0,Passing Too Closely,4448232,27.0,21.1,1.5,1.5,0.0,5.0,53,24.7,46.8,150,Drizzle: Moderate,0,0,
75035,2021-08-18 19:55:00,40.630966,-73.97931,0,0,Unspecified,4448583,27.0,21.1,1.5,1.5,0.0,5.0,53,24.7,46.8,150,Drizzle: Moderate,0,0,
75036,2021-08-20 18:00:00,40.715424,-73.74812,0,0,Unspecified,4448922,26.9,22.0,1.1,1.1,0.0,5.0,53,12.4,22.0,310,Drizzle: Moderate,0,0,
75037,2021-08-19 21:00:00,40.665016,-73.898026,0,0,Turning Improperly,4448939,30.2,23.4,11.8,11.8,0.0,13.0,61,26.3,53.3,223,Rain: Light,0,0,
75038,2021-08-18 18:50:00,40.808445,-73.945,0,0,Driver Inexperience,4448502,27.0,21.1,1.5,1.5,0.0,5.0,53,24.7,46.8,150,Drizzle: Moderate,0,0,
75039,2021-08-20 23:15:00,40.65661,-73.93091,0,0,Unspecified,4449423,26.9,22.0,1.1,1.1,0.0,5.0,53,12.4,22.0,310,Drizzle: Moderate,0,0,
75040,2021-08-18 16:22:00,40.82325,-73.88277,0,0,Unspecified,4448528,27.0,21.1,1.5,1.5,0.0,5.0,53,24.7,46.8,150,Drizzle: Moderate,0,0,
75041,2021-08-20 17:00:00,40.757763,-73.852516,0,0,Unsafe Lane Changing,4449062,26.9,22.0,1.1,1.1,0.0,5.0,53,12.4,22.0,310,Drizzle: Moderate,0,0,
75042,2021-08-19 04:15:00,40.813972,-73.93467,0,0,Driver Inattention/Distraction,4448767,30.2,23.4,11.8,11.8,0.0,13.0,61,26.3,53.3,223,Rain: Light,0,0,
75043,2021-08-19 07:08:00,40.75455,-73.74317,1,0,Other Vehicular,4448822,30.2,23.4,11.8,11.8,0.0,13.0,61,26.3,53.3,223,Rain: Light,1,1,
75044,2021-08-19 00:15:00,40.789085,-73.780464,0,0,Unsafe Speed,4449108,30.2,23.4,11.8,11.8,0.0,13.0,61,26.3,53.3,223,Rain: Light,0,0,
75045,2021-08-19 06:15:00,40.679108,-73.88062,0,0,Pavement Slippery,4448575,30.2,23.4,11.8,11.8,0.0,13.0,61,26.3,53.3,223,Rain: Light,0,0,
75046,2021-08-19 14:13:00,40.72697,-73.98575,1,0,Driver Inattention/Distraction,4449166,30.2,23.4,11.8,11.8,0.0,13.0,61,26.3,53.3,223,Rain: Light,1,1,
75047,2021-08-19 13:40:00,40.612785,-73.93101,1,0,Unspecified,4448666,30.2,23.4,11.8,11.8,0.0,13.0,61,26.3,53.3,223,Rain: Light,1,1,
75048,2021-08-11 15:30:00,0.0,0.0,0,0,Unspecified,4449546,31.2,23.2,2.8,2.8,0.0,7.0,55,23.7,44.6,206,Drizzle: Dense,0,0,
75049,2021-08-18 17:29:00,40.6563,-73.894356,3,0,Driver Inattention/Distraction,4448399,27.0,21.1,1.5,1.5,0.0,5.0,53,24.7,46.8,150,Drizzle: Moderate,3,3,
75050,2021-08-19 14:25:00,40.677715,-73.97738,2,0,Accelerator Defective,4448633,30.2,23.4,11.8,11.8,0.0,13.0,61,26.3,53.3,223,Rain: Light,2,2,
75051,2021-08-18 16:15:00,40.824062,-73.89982,1,0,Driver Inattention/Distraction,4448424,27.0,21.1,1.5,1.5,0.0,5.0,53,24.7,46.8,150,Drizzle: Moderate,1,1,
75052,2021-08-15 03:00:00,40.66684,-73.78941,1,0,Passing or Lane Usage Improper,4448962,27.9,20.0,0.0,0.0,0.0,0.0,3,16.6,33.1,25,Overcast,1,1,
75053,2021-08-19 23:10:00,40.597706,-74.092545,0,0,Unspecified,4448794,30.2,23.4,11.8,11.8,0.0,13.0,61,26.3,53.3,223,Rain: Light,0,0,
75054,2021-08-19 21:40:00,40.66542,-73.745995,0,0,Unspecified,4449035,30.2,23.4,11.8,11.8,0.0,13.0,61,26.3,53.3,223,Rain: Light,0,0,
75055,2021-08-15 20:45:00,40.687798,-73.93692,0,0,Unspecified,4449481,27.9,20.0,0.0,0.0,0.0,0.0,3,16.6,33.1,25,Overcast,0,0,
75056,2021-08-18 14:00:00,40.66679,-73.8833,0,0,Unspecified,4448350,27.0,21.1,1.5,1.5,0.0,5.0,53,24.7,46.8,150,Drizzle: Moderate,0,0,
75057,2021-08-18 10:30:00,40.766285,-73.98186,1,0,Pedestrian/Bicyclist/Other Pedestrian Error/Confusion,4448799,27.0,21.1,1.5,1.5,0.0,5.0,53,24.7,46.8,150,Drizzle: Moderate,1,1,
75058,2021-08-19 09:54:00,40.79031,-73.811905,0,0,Passing Too Closely,4449512,30.2,23.4,11.8,11.8,0.0,13.0,61,26.3,53.3,223,Rain: Light,0,0,
75059,2021-08-20 02:00:00,40.880035,-73.86245,0,0,Unspecified,4449718,26.9,22.0,1.1,1.1,0.0,5.0,53,12.4,22.0,310,Drizzle: Moderate,0,0,
75060,2021-08-20 19:05:00,40.700726,-73.94194,0,0,Driver Inattention/Distraction,4448927,26.9,22.0,1.1,1.1,0.0,5.0,53,12.4,22.0,310,Drizzle: Moderate,0,0,
75061,2021-08-20 22:26:00,40.60143,-73.91334,0,0,Unsafe Lane Changing,4449075,26.9,22.0,1.1,1.1,0.0,5.0,53,12.4,22.0,310,Drizzle: Moderate,0,0,
75062,2021-08-19 02:11:00,40.679276,-73.92906,1,0,Unspecified,4449390,30.2,23.4,11.8,11.8,0.0,13.0,61,26.3,53.3,223,Rain: Light,1,1,
75063,2021-08-18 07:40:00,40.741676,-73.86756,0,0,Driver Inattention/Distraction,4448473,27.0,21.1,1.5,1.5,0.0,5.0,53,24.7,46.8,150,Drizzle: Moderate,0,0,
75064,2021-08-19 21:18:00,40.862297,-73.89842,0,0,Unsafe Lane Changing,4448843,30.2,23.4,11.8,11.8,0.0,13.0,61,26.3,53.3,223,Rain: Light,0,0,
75065,2021-08-20 14:55:00,40.711777,-73.99971,0,0,Driver Inattention/Distraction,4449229,26.9,22.0,1.1,1.1,0.0,5.0,53,12.4,22.0,310,Drizzle: Moderate,0,0,
75066,2021-08-19 16:40:00,40.73566,-73.91521,0,0,Driver Inattention/Distraction,4448709,30.2,23.4,11.8,11.8,0.0,13.0,61,26.3,53.3,223,Rain: Light,0,0,
75067,2021-08-18 15:30:00,40.605568,-74.00443,0,0,,4448314,27.0,21.1,1.5,1.5,0.0,5.0,53,24.7,46.8,150,Drizzle: Moderate,0,0,
75068,2021-08-20 03:00:00,40.781693,-73.82225,0,0,Unsafe Speed,4449131,26.9,22.0,1.1,1.1,0.0,5.0,53,12.4,22.0,310,Drizzle: Moderate,0,0,
75069,2021-08-19 23:30:00,40.598503,-74.091934,0,0,Unsafe Speed,4449645,30.2,23.4,11.8,11.8,0.0,13.0,61,26.3,53.3,223,Rain: Light,0,0,
75070,2021-08-19 02:00:00,40.90031,-73.84372,0,0,Alcohol Involvement,4449241,30.2,23.4,11.8,11.8,0.0,13.0,61,26.3,53.3,223,Rain: Light,0,0,
75071,2021-08-20 21:15:00,40.70403,-73.81711,1,0,Following Too Closely,4449331,26.9,22.0,1.1,1.1,0.0,5.0,53,12.4,22.0,310,Drizzle: Moderate,1,1,
75072,2021-08-18 12:12:00,40.843502,-73.93799,1,0,Failure to Yield Right-of-Way,4448594,27.0,21.1,1.5,1.5,0.0,5.0,53,24.7,46.8,150,Drizzle: Moderate,1,1,
75073,2021-08-19 00:45:00,40.69832,-73.962265,1,0,Unsafe Speed,4448726,30.2,23.4,11.8,11.8,0.0,13.0,61,26.3,53.3,223,Rain: Light,1,1,
75074,2021-08-18 15:25:00,40.725998,-73.950035,1,0,Failure to Yield Right-of-Way,4449615,27.0,21.1,1.5,1.5,0.0,5.0,53,24.7,46.8,150,Drizzle: Moderate,1,1,
75075,2021-08-20 17:30:00,40.745026,-73.950775,1,0,Driver Inattention/Distraction,4448900,26.9,22.0,1.1,1.1,0.0,5.0,53,12.4,22.0,310,Drizzle: Moderate,1,1,
75076,2021-08-18 10:20:00,40.810947,-73.92993,0,0,Driver Inattention/Distraction,4448448,27.0,21.1,1.5,1.5,0.0,5.0,53,24.7,46.8,150,Drizzle: Moderate,0,0,
75077,2021-08-17 23:40:00,40.677025,-73.95268,0,0,Driver Inattention/Distraction,4449403,26.4,22.2,1.6,1.6,0.0,2.0,55,20.3,39.2,158,Drizzle: Dense,0,0,
75078,2021-08-19 10:19:00,40.869583,-73.88827,0,0,Passing Too Closely,4448842,30.2,23.4,11.8,11.8,0.0,13.0,61,26.3,53.3,223,Rain: Light,0,0,
75079,2021-08-18 18:55:00,40.681736,-73.97531,1,0,Passing or Lane Usage Improper,4448358,27.0,21.1,1.5,1.5,0.0,5.0,53,24.7,46.8,150,Drizzle: Moderate,1,1,
75080,2021-08-18 15:57:00,40.808453,-73.9154,0,0,Unspecified,4448450,27.0,21.1,1.5,1.5,0.0,5.0,53,24.7,46.8,150,Drizzle: Moderate,0,0,
75081,2021-08-18 14:33:00,0.0,0.0,0,0,Following Too Closely,4449193,27.0,21.1,1.5,1.5,0.0,5.0,53,24.7,46.8,150,Drizzle: Moderate,0,0,
75082,2021-08-20 09:00:00,40.7012,-73.93992,0,0,Following Too Closely,4448857,26.9,22.0,1.1,1.1,0.0,5.0,53,12.4,22.0,310,Drizzle: Moderate,0,0,
75083,2021-08-18 12:28:00,40.66712,-73.81228,1,0,Unsafe Lane Changing,4448416,27.0,21.1,1.5,1.5,0.0,5.0,53,24.7,46.8,150,Drizzle: Moderate,1,1,
75084,2021-08-19 15:55:00,40.698185,-73.9374,1,0,Driver Inattention/Distraction,4448654,30.2,23.4,11.8,11.8,0.0,13.0,61,26.3,53.3,223,Rain: Light,1,1,
75085,2021-08-13 00:00:00,40.694675,-73.80198,0,0,Other Vehicular,4448874,33.2,24.8,0.0,0.0,0.0,0.0,3,18.2,34.9,215,Overcast,0,0,
75086,2021-08-18 03:15:00,40.757027,-73.76774,0,0,Driver Inattention/Distraction,4448073,27.0,21.1,1.5,1.5,0.0,5.0,53,24.7,46.8,150,Drizzle: Moderate,0,0,
75087,2021-08-19 14:59:00,40.8344,-73.87276,2,0,Unspecified,4448682,30.2,23.4,11.8,11.8,0.0,13.0,61,26.3,53.3,223,Rain: Light,2,2,
75088,2021-08-19 14:40:00,40.771435,-73.91421,0,0,Unspecified,4449561,30.2,23.4,11.8,11.8,0.0,13.0,61,26.3,53.3,223,Rain: Light,0,0,
75089,2021-08-20 16:00:00,40.675755,-73.88738,1,0,Traffic Control Disregarded,4448954,26.9,22.0,1.1,1.1,0.0,5.0,53,12.4,22.0,310,Drizzle: Moderate,1,1,
75090,2021-08-15 08:30:00,0.0,0.0,0,0,Driver Inattention/Distraction,4448979,27.9,20.0,0.0,0.0,0.0,0.0,3,16.6,33.1,25,Overcast,0,0,
75091,2021-08-18 05:27:00,40.857784,-73.83081,0,0,Unspecified,4448752,27.0,21.1,1.5,1.5,0.0,5.0,53,24.7,46.8,150,Drizzle: Moderate,0,0,
75092,2021-08-18 07:19:00,40.71886,-73.97492,2,0,Following Too Closely,4448338,27.0,21.1,1.5,1.5,0.0,5.0,53,24.7,46.8,150,Drizzle: Moderate,2,2,
75093,2021-08-18 19:45:00,40.549114,-74.150635,0,0,Unsafe Speed,4448568,27.0,21.1,1.5,1.5,0.0,5.0,53,24.7,46.8,150,Drizzle: Moderate,0,0,
75094,2021-08-19 22:08:00,40.804054,-73.91369,0,0,Unspecified,4448744,30.2,23.4,11.8,11.8,0.0,13.0,61,26.3,53.3,223,Rain: Light,0,0,
75095,2021-08-20 01:38:00,40.666386,-73.80178,0,0,Unsafe Speed,4448725,26.9,22.0,1.1,1.1,0.0,5.0,53,12.4,22.0,310,Drizzle: Moderate,0,0,
75096,2021-08-18 00:00:00,40.688404,-73.99267,0,0,Driverless/Runaway Vehicle,4448621,27.0,21.1,1.5,1.5,0.0,5.0,53,24.7,46.8,150,Drizzle: Moderate,0,0,
75097,2021-08-20 15:00:00,40.663395,-73.750626,0,0,Driver Inattention/Distraction,4448899,26.9,22.0,1.1,1.1,0.0,5.0,53,12.4,22.0,310,Drizzle: Moderate,0,0,
75098,2021-08-19 12:40:00,40.598392,-73.90629,1,0,Driver Inattention/Distraction,4448659,30.2,23.4,11.8,11.8,0.0,13.0,61,26.3,53.3,223,Rain: Light,1,1,
75099,2021-08-18 11:14:00,0.0,0.0,0,0,Backing Unsafely,4448826,27.0,21.1,1.5,1.5,0.0,5.0,53,24.7,46.8,150,Drizzle: Moderate,0,0,
75100,2021-08-18 10:20:00,40.68444,-73.83192,1,0,Backing Unsafely,4448417,27.0,21.1,1.5,1.5,0.0,5.0,53,24.7,46.8,150,Drizzle: Moderate,1,1,
75101,2021-08-18 11:15:00,40.8188,-73.956024,0,0,Unspecified,4448960,27.0,21.1,1.5,1.5,0.0,5.0,53,24.7,46.8,150,Drizzle: Moderate,0,0,
75102,2021-08-16 09:30:00,40.670586,-73.76509,0,0,Following Too Closely,4448886,26.6,19.9,0.0,0.0,0.0,0.0,3,17.7,33.8,121,Overcast,0,0,
75103,2021-08-17 18:44:00,40.624844,-74.14308,1,0,Driver Inattention/Distraction,4449218,26.4,22.2,1.6,1.6,0.0,2.0,55,20.3,39.2,158,Drizzle: Dense,1,1,
75104,2021-08-18 17:58:00,40.712627,-73.965,0,0,Turning Improperly,4448691,27.0,21.1,1.5,1.5,0.0,5.0,53,24.7,46.8,150,Drizzle: Moderate,0,0,
75105,2021-08-18 17:44:00,40.72752,-73.75879,3,0,Following Too Closely,4448981,27.0,21.1,1.5,1.5,0.0,5.0,53,24.7,46.8,150,Drizzle: Moderate,3,3,
75106,2021-08-20 18:20:00,40.89016,-73.84261,0,0,Driver Inattention/Distraction,4449194,26.9,22.0,1.1,1.1,0.0,5.0,53,12.4,22.0,310,Drizzle: Moderate,0,0,
75107,2021-08-18 21:00:00,40.59143,-73.775986,1,0,Unspecified,4449000,27.0,21.1,1.5,1.5,0.0,5.0,53,24.7,46.8,150,Drizzle: Moderate,1,1,
75108,2021-08-16 02:05:00,40.69294,-73.9377,0,0,View Obstructed/Limited,4449451,26.6,19.9,0.0,0.0,0.0,0.0,3,17.7,33.8,121,Overcast,0,0,
75109,2021-08-18 17:30:00,40.670624,-73.895546,0,0,Unspecified,4448351,27.0,21.1,1.5,1.5,0.0,5.0,53,24.7,46.8,150,Drizzle: Moderate,0,0,
75110,2021-08-19 09:00:00,40.801235,-73.941826,1,0,Unsafe Speed,4448563,30.2,23.4,11.8,11.8,0.0,13.0,61,26.3,53.3,223,Rain: Light,1,1,
75111,2021-08-19 13:00:00,40.70944,-73.86395,0,0,Driver Inattention/Distraction,4449490,30.2,23.4,11.8,11.8,0.0,13.0,61,26.3,53.3,223,Rain: Light,0,0,