,CRASH DATETIME,LATITUDE,LONGITUDE,NUMBER OF PERSONS INJURED,NUMBER OF PERSONS KILLED,CONTRIBUTING FACTOR VEHICLE 1,COLLISION_ID,temperature_2m_max,temperature_2m_min,precipitation_sum,rain_sum,snowfall_sum,precipitation_hours,weather_code,wind_speed_10m_max,wind_gusts_10m_max,wind_direction_10m_dominant,Weather Description,Severity_Score,Total_Affected_Persons,Weather_Category
75112,2021-08-15 05:15:00,40.6818,-73.760956,0,0,Fell Asleep,4448827,27.9,20.0,0.0,0.0,0.0,0.0,3,16.6,33.1,25,Overcast,0,0,
75113,2021-08-19 08:05:00,40.65433,-73.9326,0,0,Backing Unsafely,4448593,30.2,23.4,11.8,11.8,0.0,13.0,61,26.3,53.3,223,Rain: Light,0,0,
75114,2021-08-20 17:00:00,40.773872,-73.98223,1,0,Unspecified,4449381,26.9,22.0,1.1,1.1,0.0,5.0,53,12.4,22.0,310,Drizzle: Moderate,1,1,
75115,2021-08-20 05:40:00,40.81623,-73.887596,1,0,Driver Inattention/Distraction,4448812,26.9,22.0,1.1,1.1,0.0,5.0,53,12.4,22.0,310,Drizzle: Moderate,1,1,
75116,2021-08-18 17:00:00,40.704403,-73.814445,0,0,Unspecified,4448986,27.0,21.1,1.5,1.5,0.0,5.0,53,24.7,46.8,150,Drizzle: Moderate,0,0,
75117,2021-08-18 17:28:00,40.682076,-73.89521,0,0,Unspecified,4448394,27.0,21.1,1.5,1.5,0.0,5.0,53,24.7,46.8,150,Drizzle: Moderate,0,0,
75118,2021-08-20 16:46:00,40.852486,-73.88724,0,0,Traffic Control Disregarded,4449287,26.9,22.0,1.1,1.1,0.0,5.0,53,12.4,22.0,310,Drizzle: Moderate,0,0,
75119,2021-08-17 18:50:00,40.758507,-73.99075,0,0,Passing Too Closely,4449465,26.4,22.2,1.6,1.6,0.0,2.0,55,20.3,39.2,158,Drizzle: Dense,0,0,
75120,2021-08-19 13:44:00,40.76285,-73.967735,1,0,Unsafe Speed,4448780,30.2,23.4,11.8,11.8,0.0,13.0,61,26.3,53.3,223,Rain: Light,1,1,
75121,2021-08-13 18:12:00,40.775658,-73.953354,0,0,Driver Inattention/Distraction,4449731,33.2,24.8,0.0,0.0,0.0,0.0,3,18.2,34.9,215,Overcast,0,0,
75122,2021-08-20 18:50:00,40.63524,-73.967636,0,0,Driver Inattention/Distraction,4449679,26.9,22.0,1.1,1.1,0.0,5.0,53,12.4,22.0,310,Drizzle: Moderate,0,0,
75123,2021-08-12 02:10:00,40.910633,-73.903076,0,0,Driver Inattention/Distraction,4449360,35.2,23.1,0.0,0.0,0.0,0.0,3,21.0,47.5,220,Overcast,0,0,
75124,2021-08-20 09:00:00,40.649693,-73.936966,1,0,Driver Inattention/Distraction,4449520,26.9,22.0,1.1,1.1,0.0,5.0,53,12.4,22.0,310,Drizzle: Moderate,1,1,
75125,2021-08-17 08:30:00,40.634174,-73.944885,0,0,Unspecified,4449410,26.4,22.2,1.6,1.6,0.0,2.0,55,20.3,39.2,158,Drizzle: Dense,0,0,
75126,2021-08-19 14:10:00,40.665073,-73.996574,2,0,Unspecified,4448736,30.2,23.4,11.8,11.8,0.0,13.0,61,26.3,53.3,223,Rain: Light,2,2,
75127,2021-08-18 16:50:00,40.662533,-73.94792,1,0,Driver Inattention/Distraction,4448674,27.0,21.1,1.5,1.5,0.0,5.0,53,24.7,46.8,150,Drizzle: Moderate,1,1,
75128,2021-08-20 13:18:00,40.73169,-73.959564,0,0,Following Too Closely,4449607,26.9,22.0,1.1,1.1,0.0,5.0,53,12.4,22.0,310,Drizzle: Moderate,0,0,
75129,2021-08-20 04:30:00,40.827656,-73.8861,0,0,Failure to Yield Right-of-Way,4448795,26.9,22.0,1.1,1.1,0.0,5.0,53,12.4,22.0,310,Drizzle: Moderate,0,0,
75130,2021-08-18 09:45:00,40.706703,-73.935715,0,0,Unspecified,4448231,27.0,21.1,1.5,1.5,0.0,5.0,53,24.7,46.8,150,Drizzle: Moderate,0,0,
75131,2021-08-20 11:11:00,40.84106,-73.92851,0,0,Unsafe Lane Changing,4449071,26.9,22.0,1.1,1.1,0.0,5.0,53,12.4,22.0,310,Drizzle: Moderate,0,0,
75132,2021-08-18 18:36:00,40.727905,-73.994675,0,0,Driver Inattention/Distraction,4448495,27.0,21.1,1.5,1.5,0.0,5.0,53,24.7,46.8,150,Drizzle: Moderate,0,0,
75133,2021-08-18 18:17:00,40.69657,-73.95844,0,0,Driver Inattention/Distraction,4449506,27.0,21.1,1.5,1.5,0.0,5.0,53,24.7,46.8,150,Drizzle: Moderate,0,0,
75134,2021-08-20 11:06:00,40.783844,-73.979996,1,0,Unspecified,4449018,26.9,22.0,1.1,1.1,0.0,5.0,53,12.4,22.0,310,Drizzle: Moderate,1,1,
75135,2021-08-20 02:16:00,40.841087,-73.937935,3,0,Unsafe Speed,4448838,26.9,22.0,1.1,1.1,0.0,5.0,53,12.4,22.0,310,Drizzle: Moderate,3,3,
75136,2021-08-19 20:40:00,40.679253,-73.81871,1,0,Failure to Yield Right-of-Way,4448730,30.2,23.4,11.8,11.8,0.0,13.0,61,26.3,53.3,223,Rain: Light,1,1,
75137,2021-08-18 17:20:00,40.7379,-73.714775,0,0,Failure to Yield Right-of-Way,4448333,27.0,21.1,1.5,1.5,0.0,5.0,53,24.7,46.8,150,Drizzle: Moderate,0,0,
75138,2021-08-19 07:00:00,40.597813,-73.95907,0,0,Unspecified,4448546,30.2,23.4,11.8,11.8,0.0,13.0,61,26.3,53.3,223,Rain: Light,0,0,
75139,2021-08-20 09:46:00,40.774628,-73.95012,0,0,Unspecified,4448853,26.9,22.0,1.1,1.1,0.0,5.0,53,12.4,22.0,310,Drizzle: Moderate,0,0,
75140,2021-08-17 09:13:00,40.8831,-73.83766,0,0,Unsafe Speed,4449242,26.4,22.2,1.6,1.6,0.0,2.0,55,20.3,39.2,158,Drizzle: Dense,0,0,
75141,2021-08-19 21:00:00,40.829697,-73.91313,1,0,Passing Too Closely,4449119,30.2,23.4,11.8,11.8,0.0,13.0,61,26.3,53.3,223,Rain: Light,1,1,
75142,2021-08-19 08:00:00,40.73555,-73.894226,0,0,Unsafe Speed,4448704,30.2,23.4,11.8,11.8,0.0,13.0,61,26.3,53.3,223,Rain: Light,0,0,
75143,2021-08-20 20:25:00,40.661606,-73.92066,1,0,Driver Inattention/Distraction,4449421,26.9,22.0,1.1,1.1,0.0,5.0,53,12.4,22.0,310,Drizzle: Moderate,1,1,
75144,2021-08-18 07:40:00,40.59957,-73.76422,1,0,Failure to Yield Right-of-Way,4448203,27.0,21.1,1.5,1.5,0.0,5.0,53,24.7,46.8,150,Drizzle: Moderate,1,1,
75145,2021-08-18 16:00:00,40.793556,-73.967026,0,0,Backing Unsafely,4448458,27.0,21.1,1.5,1.5,0.0,5.0,53,24.7,46.8,150,Drizzle: Moderate,0,0,
75146,2021-08-18 15:06:00,40.84512,-73.90663,0,0,Unspecified,4448506,27.0,21.1,1.5,1.5,0.0,5.0,53,24.7,46.8,150,Drizzle: Moderate,0,0,
75147,2021-08-18 06:55:00,40.68603,-73.93268,0,0,Unsafe Speed,4449496,27.0,21.1,1.5,1.5,0.0,5.0,53,24.7,46.8,150,Drizzle: Moderate,0,0,
75148,2021-08-19 08:23:00,40.872494,-73.88147,1,0,Pedestrian/Bicyclist/Other Pedestrian Error/Confusion,4449318,30.2,23.4,11.8,11.8,0.0,13.0,61,26.3,53.3,223,Rain: Light,1,1,
75149,2021-08-18 07:20:00,40.769646,-73.91425,0,0,Unspecified,4448243,27.0,21.1,1.5,1.5,0.0,5.0,53,24.7,46.8,150,Drizzle: Moderate,0,0,
75150,2021-08-15 06:45:00,40.820435,-73.93623,3,0,Alcohol Involvement,4447572,27.9,20.0,0.0,0.0,0.0,0.0,3,16.6,33.1,25,Overcast,3,3,
75151,2021-08-14 14:00:00,40.699703,-73.99627,0,0,Driver Inattention/Distraction,4448914,31.3,24.2,2.5,2.5,0.0,5.0,55,16.9,32.8,286,Drizzle: Dense,0,0,
75152,2021-08-18 15:54:00,40.87316,-73.87476,2,0,Unsafe Speed,4448611,27.0,21.1,1.5,1.5,0.0,5.0,53,24.7,46.8,150,Drizzle: Moderate,2,2,
75153,2021-08-19 09:10:00,40.769432,-73.917114,0,0,Driver Inattention/Distraction,4449559,30.2,23.4,11.8,11.8,0.0,13.0,61,26.3,53.3,223,Rain: Light,0,0,
75154,2021-08-20 17:03:00,40.797306,-73.93446,1,0,Driver Inattention/Distraction,4449025,26.9,22.0,1.1,1.1,0.0,5.0,53,12.4,22.0,310,Drizzle: Moderate,1,1,
75155,2021-08-13 07:40:00,40.67707,-73.88814,1,0,Unspecified,4448931,33.2,24.8,0.0,0.0,0.0,0.0,3,18.2,34.9,215,Overcast,1,1,
75156,2021-08-19 15:35:00,40.71594,-73.92488,1,0,Unspecified,4448663,30.2,23.4,11.8,11.8,0.0,13.0,61,26.3,53.3,223,Rain: Light,1,1,
75157,2021-08-18 16:50:00,40.574177,-74.16385,1,0,Fell Asleep,4448553,27.0,21.1,1.5,1.5,0.0,5.0,53,24.7,46.8,150,Drizzle: Moderate,1,1,
75158,2021-08-18 12:07:00,40.659336,-73.92726,0,0,Driver Inattention/Distraction,4448324,27.0,21.1,1.5,1.5,0.0,5.0,53,24.7,46.8,150,Drizzle: Moderate,0,0,
75159,2021-08-18 17:39:00,40.658672,-73.90019,1,0,Unspecified,4449111,27.0,21.1,1.5,1.5,0.0,5.0,53,24.7,46.8,150,Drizzle: Moderate,1,1,
75160,2021-08-20 12:00:00,40.857327,-73.904526,1,0,Following Too Closely,4449650,26.9,22.0,1.1,1.1,0.0,5.0,53,12.4,22.0,310,Drizzle: Moderate,1,1,
75161,2021-08-20 11:00:00,40.75123,-73.9366,0,0,Passing Too Closely,4449565,26.9,22.0,1.1,1.1,0.0,5.0,53,12.4,22.0,310,Drizzle: Moderate,0,0,
75162,2021-08-13 13:05:00,40.691765,-73.99992,0,0,Driver Inattention/Distraction,4448882,33.2,24.8,0.0,0.0,0.0,0.0,3,18.2,34.9,215,Overcast,0,0,
75163,2021-08-18 17:25:00,40.894436,-73.84807,0,0,Turning Improperly,4448381,27.0,21.1,1.5,1.5,0.0,5.0,53,24.7,46.8,150,Drizzle: Moderate,0,0,
75164,2021-08-16 09:15:00,40.771694,-73.95919,0,0,Failure to Yield Right-of-Way,4448775,26.6,19.9,0.0,0.0,0.0,0.0,3,17.7,33.8,121,Overcast,0,0,
75165,2021-08-20 01:00:00,40.899246,-73.84609,1,0,Traffic Control Disregarded,4449200,26.9,22.0,1.1,1.1,0.0,5.0,53,12.4,22.0,310,Drizzle: Moderate,1,1,
75166,2021-08-19 11:40:00,40.76471,-73.830696,0,0,Failure to Yield Right-of-Way,4449049,30.2,23.4,11.8,11.8,0.0,13.0,61,26.3,53.3,223,Rain: Light,0,0,
75167,2021-08-20 13:49:00,40.726814,-73.83846,0,0,Following Too Closely,4448972,26.9,22.0,1.1,1.1,0.0,5.0,53,12.4,22.0,310,Drizzle: Moderate,0,0,
75168,2021-08-20 11:48:00,40.74947,-73.98704,0,0,Turning Improperly,4449542,26.9,22.0,1.1,1.1,0.0,5.0,53,12.4,22.0,310,Drizzle: Moderate,0,0,
75169,2021-08-20 15:50:00,40.64663,-73.95566,1,0,Failure to Yield Right-of-Way,4449670,26.9,22.0,1.1,1.1,0.0,5.0,53,12.4,22.0,310,Drizzle: Moderate,1,1,
75170,2021-10-21 14:00:00,40.7278033,-73.8051521,1,0,Following Too Closely,4469709,22.9,12.0,0.0,0.0,0.0,0.0,3,17.0,31.7,207,Overcast,1,1,
75171,2021-08-20 05:57:00,40.676598,-73.89038,1,0,Failure to Yield Right-of-Way,4448940,26.9,22.0,1.1,1.1,0.0,5.0,53,12.4,22.0,310,Drizzle: Moderate,1,1,
75172,2021-08-20 06:34:00,40.722298,-73.99713,1,0,Failure to Yield Right-of-Way,4449224,26.9,22.0,1.1,1.1,0.0,5.0,53,12.4,22.0,310,Drizzle: Moderate,1,1,
75173,2021-08-18 06:00:00,40.63145,-73.887085,0,0,Unspecified,4449005,27.0,21.1,1.5,1.5,0.0,5.0,53,24.7,46.8,150,Drizzle: Moderate,0,0,
75174,2021-08-18 15:31:00,40.85145,-73.89867,0,0,Passing Too Closely,4449272,27.0,21.1,1.5,1.5,0.0,5.0,53,24.7,46.8,150,Drizzle: Moderate,0,0,
75175,2021-08-20 10:15:00,40.70715,-73.79299,0,0,Failure to Yield Right-of-Way,4448903,26.9,22.0,1.1,1.1,0.0,5.0,53,12.4,22.0,310,Drizzle: Moderate,0,0,
75176,2021-08-17 12:00:00,40.768818,-73.93346,0,0,Unspecified,4449554,26.4,22.2,1.6,1.6,0.0,2.0,55,20.3,39.2,158,Drizzle: Dense,0,0,
75177,2021-08-19 02:15:00,40.867012,-73.92312,0,0,Unsafe Lane Changing,4448770,30.2,23.4,11.8,11.8,0.0,13.0,61,26.3,53.3,223,Rain: Light,0,0,
75178,2021-08-19 21:55:00,40.619488,-73.918106,0,0,Unspecified,4448717,30.2,23.4,11.8,11.8,0.0,13.0,61,26.3,53.3,223,Rain: Light,0,0,
75179,2021-08-19 13:30:00,40.81261,-73.95683,0,0,Unspecified,4448603,30.2,23.4,11.8,11.8,0.0,13.0,61,26.3,53.3,223,Rain: Light,0,0,
75180,2021-08-20 23:49:00,40.719547,-73.9749,0,0,Unspecified,4448967,26.9,22.0,1.1,1.1,0.0,5.0,53,12.4,22.0,310,Drizzle: Moderate,0,0,
75181,2021-08-11 17:17:00,40.8827,-73.89273,1,0,Unspecified,4449354,31.2,23.2,2.8,2.8,0.0,7.0,55,23.7,44.6,206,Drizzle: Dense,1,1,
75182,2021-08-19 13:00:00,40.789116,-73.82259,0,0,Passing or Lane Usage Improper,4449044,30.2,23.4,11.8,11.8,0.0,13.0,61,26.3,53.3,223,Rain: Light,0,0,
75183,2021-08-19 16:40:00,40.61991,-74.099396,0,0,Other Vehicular,4449248,30.2,23.4,11.8,11.8,0.0,13.0,61,26.3,53.3,223,Rain: Light,0,0,
75184,2021-08-20 13:50:00,40.761787,-73.95745,0,0,Brakes Defective,4449634,26.9,22.0,1.1,1.1,0.0,5.0,53,12.4,22.0,310,Drizzle: Moderate,0,0,
75185,2021-08-20 04:00:00,40.683228,-73.907135,0,0,Passing or Lane Usage Improper,4448763,26.9,22.0,1.1,1.1,0.0,5.0,53,12.4,22.0,310,Drizzle: Moderate,0,0,
75186,2021-08-15 23:50:00,40.84506,-73.916855,0,0,Driver Inattention/Distraction,4449181,27.9,20.0,0.0,0.0,0.0,0.0,3,16.6,33.1,25,Overcast,0,0,
75187,2021-08-19 03:30:00,40.74803,-73.83315,0,0,Failure to Yield Right-of-Way,4448489,30.2,23.4,11.8,11.8,0.0,13.0,61,26.3,53.3,223,Rain: Light,0,0,
75188,2021-08-18 11:45:00,40.690163,-73.98711,0,0,Passing or Lane Usage Improper,4449100,27.0,21.1,1.5,1.5,0.0,5.0,53,24.7,46.8,150,Drizzle: Moderate,0,0,
75189,2021-08-19 09:00:00,40.7338,-73.871414,0,0,Unspecified,4449313,30.2,23.4,11.8,11.8,0.0,13.0,61,26.3,53.3,223,Rain: Light,0,0,
75190,2021-08-18 06:47:00,40.74473,-73.93359,1,0,Following Too Closely,4448152,27.0,21.1,1.5,1.5,0.0,5.0,53,24.7,46.8,150,Drizzle: Moderate,1,1,
75191,2021-08-19 01:07:00,0.0,0.0,0,0,Fell Asleep,4448538,30.2,23.4,11.8,11.8,0.0,13.0,61,26.3,53.3,223,Rain: Light,0,0,
75192,2021-08-05 11:52:00,40.703815,-73.89106,0,0,Unspecified,4448834,27.1,17.4,0.1,0.1,0.0,1.0,51,13.2,27.0,5,Drizzle: Light,0,0,
75193,2021-08-18 16:30:00,40.667236,-73.770004,0,0,Following Too Closely,4448306,27.0,21.1,1.5,1.5,0.0,5.0,53,24.7,46.8,150,Drizzle: Moderate,0,0,
75194,2021-08-19 18:39:00,40.762127,-73.99739,0,0,Unspecified,4448802,30.2,23.4,11.8,11.8,0.0,13.0,61,26.3,53.3,223,Rain: Light,0,0,
75195,2021-08-18 15:12:00,40.84541,-73.891136,1,0,Passing or Lane Usage Improper,4448513,27.0,21.1,1.5,1.5,0.0,5.0,53,24.7,46.8,150,Drizzle: Moderate,1,1,
75196,2021-08-18 18:23:00,40.63323,-73.964806,3,0,Failure to Yield Right-of-Way,4448462,27.0,21.1,1.5,1.5,0.0,5.0,53,24.7,46.8,150,Drizzle: Moderate,3,3,
75197,2021-08-20 04:46:00,40.71618,-73.942085,0,0,Passing or Lane Usage Improper,4449618,26.9,22.0,1.1,1.1,0.0,5.0,53,12.4,22.0,310,Drizzle: Moderate,0,0,
75198,2021-08-19 17:30:00,40.735424,-73.974754,2,0,Driver Inattention/Distraction,4449091,30.2,23.4,11.8,11.8,0.0,13.0,61,26.3,53.3,223,Rain: Light,2,2,
75199,2021-08-19 17:30:00,40.654274,-73.948135,0,0,Unspecified,4449416,30.2,23.4,11.8,11.8,0.0,13.0,61,26.3,53.3,223,Rain: Light,0,0,
75200,2021-08-19 21:00:00,40.842514,-73.871544,0,0,Other Vehicular,4448866,30.2,23.4,11.8,11.8,0.0,13.0,61,26.3,53.3,223,Rain: Light,0,0,
75201,2021-08-20 11:50:00,40.67239,-73.87463,0,0,Driver Inattention/Distraction,4448946,26.9,22.0,1.1,1.1,0.0,5.0,53,12.4,22.0,310,Drizzle: Moderate,0,0,
75202,2021-08-19 11:24:00,40.68928,-73.79611,2,0,Passing or Lane Usage Improper,4449588,30.2,23.4,11.8,11.8,0.0,13.0,61,26.3,53.3,223,Rain: Light,2,2,
75203,2021-08-19 16:27:00,40.79799,-73.96199,0,0,Traffic Control Disregarded,4448774,30.2,23.4,11.8,11.8,0.0,13.0,61,26.3,53.3,223,Rain: Light,0,0,
75204,2021-08-20 20:10:00,40.611404,-74.00952,0,0,Steering Failure,4448918,26.9,22.0,1.1,1.1,0.0,5.0,53,12.4,22.0,310,Drizzle: Moderate,0,0,
75205,2021-08-19 18:40:00,40.685226,-73.91454,0,0,Driver Inattention/Distraction,4448670,30.2,23.4,11.8,11.8,0.0,13.0,61,26.3,53.3,223,Rain: Light,0,0,
75206,2021-08-17 18:05:00,40.73274,-73.99121,1,0,Driver Inattention/Distraction,4449659,26.4,22.2,1.6,1.6,0.0,2.0,55,20.3,39.2,158,Drizzle: Dense,1,1,
75207,2021-08-19 18:20:00,40.675625,-73.89879,0,0,Turning Improperly,4448935,30.2,23.4,11.8,11.8,0.0,13.0,61,26.3,53.3,223,Rain: Light,0,0,
75208,2021-08-18 20:49:00,40.836304,-73.90264,0,0,Driver Inattention/Distraction,4448427,27.0,21.1,1.5,1.5,0.0,5.0,53,24.7,46.8,150,Drizzle: Moderate,0,0,
75209,2021-08-19 13:29:00,40.745106,-73.97078,1,0,Driver Inattention/Distraction,4448604,30.2,23.4,11.8,11.8,0.0,13.0,61,26.3,53.3,223,Rain: Light,1,1,
75210,2021-08-19 23:05:00,40.586903,-73.942986,0,0,Animals Action,4448785,30.2,23.4,11.8,11.8,0.0,13.0,61,26.3,53.3,223,Rain: Light,0,0,
75211,2021-08-18 13:33:00,40.640015,-73.92575,1,0,Unspecified,4448341,27.0,21.1,1.5,1.5,0.0,5.0,53,24.7,46.8,150,Drizzle: Moderate,1,1,
75212,2021-08-20 20:50:00,40.676495,-73.913704,1,0,Failure to Yield Right-of-Way,4449010,26.9,22.0,1.1,1.1,0.0,5.0,53,12.4,22.0,310,Drizzle: Moderate,1,1,
75213,2021-08-19 06:42:00,40.629406,-73.945206,0,0,Unspecified,4448548,30.2,23.4,11.8,11.8,0.0,13.0,61,26.3,53.3,223,Rain: Light,0,0,
75214,2021-08-19 14:06:00,40.72721,-73.82756,0,0,Driver Inattention/Distraction,4448989,30.2,23.4,11.8,11.8,0.0,13.0,61,26.3,53.3,223,Rain: Light,0,0,
75215,2021-08-19 13:00:00,40.68899,-73.94503,0,0,Backing Unsafely,4449206,30.2,23.4,11.8,11.8,0.0,13.0,61,26.3,53.3,223,Rain: Light,0,0,
75216,2021-08-20 11:10:00,40.71724,-73.995285,0,0,Passing Too Closely,4449228,26.9,22.0,1.1,1.1,0.0,5.0,53,12.4,22.0,310,Drizzle: Moderate,0,0,
75217,2021-08-19 23:45:00,40.62305,-74.02114,0,0,Passing Too Closely,4448923,30.2,23.4,11.8,11.8,0.0,13.0,61,26.3,53.3,223,Rain: Light,0,0,
75218,2021-08-20 15:05:00,40.66725,-73.99455,1,0,Unspecified,4449160,26.9,22.0,1.1,1.1,0.0,5.0,53,12.4,22.0,310,Drizzle: Moderate,1,1,
75219,2021-08-20 16:35:00,40.726326,-73.7662,0,0,Driver Inattention/Distraction,4448978,26.9,22.0,1.1,1.1,0.0,5.0,53,12.4,22.0,310,Drizzle: Moderate,0,0,
75220,2021-08-17 20:00:00,40.6779,-74.00955,0,0,Unspecified,4449140,26.4,22.2,1.6,1.6,0.0,2.0,55,20.3,39.2,158,Drizzle: Dense,0,0,
75221,2021-08-20 23:30:00,40.675625,-73.89879,0,0,Aggressive Driving/Road Rage,4448936,26.9,22.0,1.1,1.1,0.0,5.0,53,12.4,22.0,310,Drizzle: Moderate,0,0,
75222,2021-08-20 21:00:00,40.5377,-74.15002,0,0,Unspecified,4449061,26.9,22.0,1.1,1.1,0.0,5.0,53,12.4,22.0,310,Drizzle: Moderate,0,0,
75223,2021-08-17 21:00:00,40.68174,-73.95859,2,0,Traffic Control Disregarded,4449221,26.4,22.2,1.6,1.6,0.0,2.0,55,20.3,39.2,158,Drizzle: Dense,2,2,
75224,2021-08-17 18:29:00,40.779133,-73.96076,0,0,Driver Inexperience,4449001,26.4,22.2,1.6,1.6,0.0,2.0,55,20.3,39.2,158,Drizzle: Dense,0,0,
75225,2021-08-20 04:55:00,40.68846,-73.80878,1,0,View Obstructed/Limited,4449261,26.9,22.0,1.1,1.1,0.0,5.0,53,12.4,22.0,310,Drizzle: Moderate,1,1,
75226,2021-08-19 15:15:00,40.787685,-73.81528,0,0,Passing or Lane Usage Improper,4449107,30.2,23.4,11.8,11.8,0.0,13.0,61,26.3,53.3,223,Rain: Light,0,0,
75227,2021-08-14 14:45:00,40.75608,-73.94042,0,0,Unspecified,4449549,31.3,24.2,2.5,2.5,0.0,5.0,55,16.9,32.8,286,Drizzle: Dense,0,0,
75228,2021-08-19 17:00:00,40.83473,-73.940674,1,0,Driver Inattention/Distraction,4448839,30.2,23.4,11.8,11.8,0.0,13.0,61,26.3,53.3,223,Rain: Light,1,1,
75229,2021-08-18 12:36:00,40.65489,-73.95905,0,0,Following Too Closely,4449172,27.0,21.1,1.5,1.5,0.0,5.0,53,24.7,46.8,150,Drizzle: Moderate,0,0,
75230,2021-07-14 17:15:00,40.818233,-73.95273,2,0,Unspecified,4448963,30.6,21.5,0.8,0.8,0.0,3.0,53,14.5,36.0,191,Drizzle: Moderate,2,2,
75231,2021-08-08 18:00:00,40.62964,-73.91836,1,0,Driver Inattention/Distraction,4449347,22.9,19.4,12.7,12.7,0.0,17.0,63,19.9,36.0,38,Rain: Moderate,1,1,
75232,2021-08-20 15:45:00,40.712162,-73.95907,0,0,Passing or Lane Usage Improper,4448904,26.9,22.0,1.1,1.1,0.0,5.0,53,12.4,22.0,310,Drizzle: Moderate,0,0,
75233,2021-08-18 22:00:00,0.0,0.0,1,0,Turning Improperly,4448520,27.0,21.1,1.5,1.5,0.0,5.0,53,24.7,46.8,150,Drizzle: Moderate,1,1,
75234,2021-08-14 02:11:00,40.66116,-73.918304,0,0,Unsafe Speed,4449732,31.3,24.2,2.5,2.5,0.0,5.0,55,16.9,32.8,286,Drizzle: Dense,0,0,
75235,2021-08-14 00:01:00,40.746624,-73.886604,0,0,Unspecified,4449305,31.3,24.2,2.5,2.5,0.0,5.0,55,16.9,32.8,286,Drizzle: Dense,0,0,
75236,2021-08-18 00:18:00,40.65886,-73.866,0,0,Driver Inattention/Distraction,4448171,27.0,21.1,1.5,1.5,0.0,5.0,53,24.7,46.8,150,Drizzle: Moderate,0,0,
75237,2021-08-18 14:19:00,40.633083,-74.00558,0,0,Driver Inattention/Distraction,4448436,27.0,21.1,1.5,1.5,0.0,5.0,53,24.7,46.8,150,Drizzle: Moderate,0,0,
75238,2021-08-20 15:48:00,40.797924,-73.9296,0,0,Driver Inattention/Distraction,4449028,26.9,22.0,1.1,1.1,0.0,5.0,53,12.4,22.0,310,Drizzle: Moderate,0,0,
75239,2021-08-18 11:15:00,40.714455,-73.74291,0,0,Unspecified,4448266,27.0,21.1,1.5,1.5,0.0,5.0,53,24.7,46.8,150,Drizzle: Moderate,0,0,
75240,2021-08-17 08:36:00,40.658836,-73.92046,1,0,Driver Inattention/Distraction,4449411,26.4,22.2,1.6,1.6,0.0,2.0,55,20.3,39.2,158,Drizzle: Dense,1,1,
75241,2021-08-19 15:05:00,40.633152,-73.97762,1,0,Traffic Control Disregarded,4449187,30.2,23.4,11.8,11.8,0.0,13.0,61,26.3,53.3,223,Rain: Light,1,1,
75242,2021-10-18 03:00:00,40.8974924,-73.8582917,0,0,Unspecified,4468796,15.8,9.2,0.0,0.0,0.0,0.0,2,32.4,58.3,296,Partly cloudy,0,0,
75243,2021-08-19 15:00:00,40.585533,-74.15551,0,0,Turning Improperly,4448817,30.2,23.4,11.8,11.8,0.0,13.0,61,26.3,53.3,223,Rain: Light,0,0,
75244,2021-08-19 17:45:00,40.675224,-73.89097,1,0,Failure to Yield Right-of-Way,4448950,30.2,23.4,11.8,11.8,0.0,13.0,61,26.3,53.3,223,Rain: Light,1,1,
75245,2021-08-20 19:40:00,40.59793,-73.9855,0,0,Alcohol Involvement,4449084,26.9,22.0,1.1,1.1,0.0,5.0,53,12.4,22.0,310,Drizzle: Moderate,0,0,
75246,2021-08-18 12:30:00,40.58516,-73.9874,0,0,View Obstructed/Limited,4448452,27.0,21.1,1.5,1.5,0.0,5.0,53,24.7,46.8,150,Drizzle: Moderate,0,0,
75247,2021-08-18 13:45:00,40.697998,-73.974525,0,0,Driver Inattention/Distraction,4448337,27.0,21.1,1.5,1.5,0.0,5.0,53,24.7,46.8,150,Drizzle: Moderate,0,0,
75248,2021-08-18 10:50:00,40.62234,-73.964935,0,0,Driver Inattention/Distraction,4448435,27.0,21.1,1.5,1.5,0.0,5.0,53,24.7,46.8,150,Drizzle: Moderate,0,0,
75249,2021-08-19 22:19:00,40.610085,-74.11668,1,0,Reaction to Uninvolved Vehicle,4448789,30.2,23.4,11.8,11.8,0.0,13.0,61,26.3,53.3,223,Rain: Light,1,1,
75250,2021-08-18 23:45:00,40.66077,-73.89551,0,0,Failure to Yield Right-of-Way,4448398,27.0,21.1,1.5,1.5,0.0,5.0,53,24.7,46.8,150,Drizzle: Moderate,0,0,
75251,2021-08-18 20:40:00,40.787212,-73.971825,0,0,Passing Too Closely,4448655,27.0,21.1,1.5,1.5,0.0,5.0,53,24.7,46.8,150,Drizzle: Moderate,0,0,
75252,2021-08-15 11:05:00,40.691494,-73.93077,0,0,Unsafe Speed,4449450,27.9,20.0,0.0,0.0,0.0,0.0,3,16.6,33.1,25,Overcast,0,0,
75253,2021-08-18 03:45:00,40.749264,-73.86847,1,0,Following Too Closely,4448084,27.0,21.1,1.5,1.5,0.0,5.0,53,24.7,46.8,150,Drizzle: Moderate,1,1,