,CRASH DATETIME,LATITUDE,LONGITUDE,NUMBER OF PERSONS INJURED,NUMBER OF PERSONS KILLED,CONTRIBUTING FACTOR VEHICLE 1,COLLISION_ID,temperature_2m_max,temperature_2m_min,precipitation_sum,rain_sum,snowfall_sum,precipitation_hours,weather_code,wind_speed_10m_max,wind_gusts_10m_max,wind_direction_10m_dominant,Weather Description,Severity_Score,Total_Affected_Persons,Weather_Category
75254,2021-08-18 18:00:00,40.667854,-73.905396,2,0,Driver Inattention/Distraction,4448684,27.0,21.1,1.5,1.5,0.0,5.0,53,24.7,46.8,150,Drizzle: Moderate,2,2,
75255,2021-08-20 02:19:00,40.839172,-73.845535,2,0,Aggressive Driving/Road Rage,4449125,26.9,22.0,1.1,1.1,0.0,5.0,53,12.4,22.0,310,Drizzle: Moderate,2,2,
75256,2021-08-20 01:10:00,40.75979,-73.98793,1,0,Unsafe Lane Changing,4448806,26.9,22.0,1.1,1.1,0.0,5.0,53,12.4,22.0,310,Drizzle: Moderate,1,1,
75257,2021-08-17 16:10:00,40.750114,-73.98859,0,0,Passing Too Closely,4449480,26.4,22.2,1.6,1.6,0.0,2.0,55,20.3,39.2,158,Drizzle: Dense,0,0,
75258,2021-08-19 10:50:00,40.595966,-74.08715,0,0,Turning Improperly,4448567,30.2,23.4,11.8,11.8,0.0,13.0,61,26.3,53.3,223,Rain: Light,0,0,
75259,2021-08-20 16:25:00,40.767494,-73.77505,0,0,Fatigued/Drowsy,4448955,26.9,22.0,1.1,1.1,0.0,5.0,53,12.4,22.0,310,Drizzle: Moderate,0,0,
75260,2021-08-19 07:21:00,40.86135,-73.89774,1,0,Unspecified,4448751,30.2,23.4,11.8,11.8,0.0,13.0,61,26.3,53.3,223,Rain: Light,1,1,
75261,2021-08-19 20:35:00,40.707363,-73.80695,1,0,Unsafe Speed,4448993,30.2,23.4,11.8,11.8,0.0,13.0,61,26.3,53.3,223,Rain: Light,1,1,
75262,2021-08-19 06:30:00,40.617287,-73.97786,1,0,Unspecified,4449190,30.2,23.4,11.8,11.8,0.0,13.0,61,26.3,53.3,223,Rain: Light,1,1,
75263,2021-08-13 12:10:00,40.697468,-73.93614,0,0,Passing or Lane Usage Improper,4449386,33.2,24.8,0.0,0.0,0.0,0.0,3,18.2,34.9,215,Overcast,0,0,
75264,2021-08-19 22:54:00,40.86173,-73.91182,0,0,Passing Too Closely,4448844,30.2,23.4,11.8,11.8,0.0,13.0,61,26.3,53.3,223,Rain: Light,0,0,
75265,2021-08-09 12:30:00,40.70992,-73.9623,0,0,Driver Inattention/Distraction,4449015,26.2,20.1,1.1,1.1,0.0,7.0,51,17.3,34.6,36,Drizzle: Light,0,0,
75266,2021-08-20 16:55:00,40.559128,-74.16948,0,0,Other Vehicular,4449212,26.9,22.0,1.1,1.1,0.0,5.0,53,12.4,22.0,310,Drizzle: Moderate,0,0,
75267,2021-08-18 10:00:00,40.71206,-73.81602,0,0,Unspecified,4448982,27.0,21.1,1.5,1.5,0.0,5.0,53,24.7,46.8,150,Drizzle: Moderate,0,0,
75268,2021-08-17 07:43:00,40.677845,-73.95282,1,0,Following Too Closely,4449402,26.4,22.2,1.6,1.6,0.0,2.0,55,20.3,39.2,158,Drizzle: Dense,1,1,
75269,2021-08-17 13:32:00,40.8307,-73.88519,0,0,Unspecified,4449454,26.4,22.2,1.6,1.6,0.0,2.0,55,20.3,39.2,158,Drizzle: Dense,0,0,
75270,2021-08-20 15:30:00,40.7597,-73.80031,0,0,Following Too Closely,4449052,26.9,22.0,1.1,1.1,0.0,5.0,53,12.4,22.0,310,Drizzle: Moderate,0,0,
75271,2021-08-11 09:00:00,40.898632,-73.8548,0,0,Lane Marking Improper/Inadequate,4449195,31.2,23.2,2.8,2.8,0.0,7.0,55,23.7,44.6,206,Drizzle: Dense,0,0,
75272,2021-08-19 15:56:00,40.839584,-73.88647,0,0,Turning Improperly,4449300,30.2,23.4,11.8,11.8,0.0,13.0,61,26.3,53.3,223,Rain: Light,0,0,
75273,2021-08-19 20:10:00,40.619595,-73.96317,0,0,Unspecified,4449669,30.2,23.4,11.8,11.8,0.0,13.0,61,26.3,53.3,223,Rain: Light,0,0,
75274,2021-08-08 04:15:00,40.741623,-73.993744,0,0,Alcohol Involvement,4449722,22.9,19.4,12.7,12.7,0.0,17.0,63,19.9,36.0,38,Rain: Moderate,0,0,
75275,2021-08-19 06:47:00,40.67472,-73.85839,0,0,Unsafe Speed,4448731,30.2,23.4,11.8,11.8,0.0,13.0,61,26.3,53.3,223,Rain: Light,0,0,
75276,2021-08-19 21:46:00,40.846336,-73.85711,0,0,Unspecified,4448858,30.2,23.4,11.8,11.8,0.0,13.0,61,26.3,53.3,223,Rain: Light,0,0,
75277,2021-08-03 13:10:00,40.883648,-73.8952,0,0,Driver Inattention/Distraction,4449365,24.2,15.3,0.0,0.0,0.0,0.0,3,10.7,21.2,7,Overcast,0,0,
75278,2021-08-15 00:12:00,40.763668,-73.82303,0,0,Following Too Closely,4449103,27.9,20.0,0.0,0.0,0.0,0.0,3,16.6,33.1,25,Overcast,0,0,
75279,2021-08-19 01:45:00,40.868546,-73.85859,3,0,Driver Inattention/Distraction,4448871,30.2,23.4,11.8,11.8,0.0,13.0,61,26.3,53.3,223,Rain: Light,3,3,
75280,2021-08-19 03:45:00,40.72804,-73.83171,0,0,Driver Inattention/Distraction,4448961,30.2,23.4,11.8,11.8,0.0,13.0,61,26.3,53.3,223,Rain: Light,0,0,
75281,2021-08-19 09:39:00,40.694275,-73.901855,0,0,Unspecified,4448876,30.2,23.4,11.8,11.8,0.0,13.0,61,26.3,53.3,223,Rain: Light,0,0,
75282,2021-08-19 23:00:00,40.692886,-73.801605,1,0,Unsafe Speed,4449518,30.2,23.4,11.8,11.8,0.0,13.0,61,26.3,53.3,223,Rain: Light,1,1,
75283,2021-08-18 10:10:00,40.846863,-73.90142,0,0,Other Vehicular,4448507,27.0,21.1,1.5,1.5,0.0,5.0,53,24.7,46.8,150,Drizzle: Moderate,0,0,
75284,2021-08-18 07:20:00,40.763798,-73.925026,0,0,Unspecified,4448239,27.0,21.1,1.5,1.5,0.0,5.0,53,24.7,46.8,150,Drizzle: Moderate,0,0,
75285,2021-08-18 09:15:00,40.77039,-73.91771,0,0,Unspecified,4448246,27.0,21.1,1.5,1.5,0.0,5.0,53,24.7,46.8,150,Drizzle: Moderate,0,0,
75286,2021-08-18 23:12:00,40.85517,-73.89711,3,0,Traffic Control Disregarded,4448475,27.0,21.1,1.5,1.5,0.0,5.0,53,24.7,46.8,150,Drizzle: Moderate,3,3,
75287,2021-08-18 18:00:00,40.615227,-74.01272,0,0,Driver Inattention/Distraction,4448680,27.0,21.1,1.5,1.5,0.0,5.0,53,24.7,46.8,150,Drizzle: Moderate,0,0,
75288,2021-08-20 07:27:00,40.83037,-73.94015,0,0,Turning Improperly,4449585,26.9,22.0,1.1,1.1,0.0,5.0,53,12.4,22.0,310,Drizzle: Moderate,0,0,
75289,2021-08-18 00:00:00,40.73329,-73.98719,1,0,Failure to Yield Right-of-Way,4448496,27.0,21.1,1.5,1.5,0.0,5.0,53,24.7,46.8,150,Drizzle: Moderate,1,1,
75290,2021-08-18 14:14:00,40.880527,-73.901794,0,0,Unspecified,4449358,27.0,21.1,1.5,1.5,0.0,5.0,53,24.7,46.8,150,Drizzle: Moderate,0,0,
75291,2021-08-19 12:12:00,40.70205,-73.95256,1,0,Failure to Yield Right-of-Way,4448708,30.2,23.4,11.8,11.8,0.0,13.0,61,26.3,53.3,223,Rain: Light,1,1,
75292,2021-08-18 10:30:00,40.825287,-73.88646,0,0,Unspecified,4448319,27.0,21.1,1.5,1.5,0.0,5.0,53,24.7,46.8,150,Drizzle: Moderate,0,0,
75293,2021-08-20 17:30:00,40.804134,-73.93684,1,0,Driver Inattention/Distraction,4449033,26.9,22.0,1.1,1.1,0.0,5.0,53,12.4,22.0,310,Drizzle: Moderate,1,1,
75294,2021-08-18 11:00:00,40.709522,-74.00167,0,0,Unspecified,4448529,27.0,21.1,1.5,1.5,0.0,5.0,53,24.7,46.8,150,Drizzle: Moderate,0,0,
75295,2021-08-15 05:30:00,40.8829,-73.84607,1,0,Passing or Lane Usage Improper,4449238,27.9,20.0,0.0,0.0,0.0,0.0,3,16.6,33.1,25,Overcast,1,1,
75296,2021-08-19 23:50:00,40.685303,-73.8115,0,0,Passing or Lane Usage Improper,4448729,30.2,23.4,11.8,11.8,0.0,13.0,61,26.3,53.3,223,Rain: Light,0,0,
75297,2021-08-18 01:30:00,40.825275,-73.891945,1,0,Unspecified,4448183,27.0,21.1,1.5,1.5,0.0,5.0,53,24.7,46.8,150,Drizzle: Moderate,1,1,
75298,2021-08-19 17:54:00,40.742073,-73.89837,1,0,Failure to Yield Right-of-Way,4448891,30.2,23.4,11.8,11.8,0.0,13.0,61,26.3,53.3,223,Rain: Light,1,1,
75299,2021-08-19 03:30:00,40.676132,-73.921906,0,0,Driver Inattention/Distraction,4448479,30.2,23.4,11.8,11.8,0.0,13.0,61,26.3,53.3,223,Rain: Light,0,0,
75300,2021-08-20 15:35:00,40.69405,-73.82802,0,0,Failure to Yield Right-of-Way,4449330,26.9,22.0,1.1,1.1,0.0,5.0,53,12.4,22.0,310,Drizzle: Moderate,0,0,
75301,2021-08-19 13:20:00,40.789116,-73.82259,0,0,Passing or Lane Usage Improper,4449050,30.2,23.4,11.8,11.8,0.0,13.0,61,26.3,53.3,223,Rain: Light,0,0,
75302,2021-08-20 22:14:00,40.61269,-73.95395,0,0,Unspecified,4449504,26.9,22.0,1.1,1.1,0.0,5.0,53,12.4,22.0,310,Drizzle: Moderate,0,0,
75303,2021-08-19 18:58:00,40.844864,-73.92256,0,0,Following Too Closely,4449717,30.2,23.4,11.8,11.8,0.0,13.0,61,26.3,53.3,223,Rain: Light,0,0,
75304,2021-08-20 12:55:00,40.805737,-73.94065,1,0,Aggressive Driving/Road Rage,4448869,26.9,22.0,1.1,1.1,0.0,5.0,53,12.4,22.0,310,Drizzle: Moderate,1,1,
75305,2021-07-29 21:00:00,0.0,0.0,0,0,Passing or Lane Usage Improper,4449243,25.3,20.4,33.0,33.0,0.0,11.0,65,26.1,50.8,182,Rain: Heavy,0,0,
75306,2021-08-18 23:50:00,40.666714,-73.75156,0,0,Unspecified,4448541,27.0,21.1,1.5,1.5,0.0,5.0,53,24.7,46.8,150,Drizzle: Moderate,0,0,
75307,2021-08-19 17:10:00,40.86157,-73.913185,0,0,Unspecified,4448848,30.2,23.4,11.8,11.8,0.0,13.0,61,26.3,53.3,223,Rain: Light,0,0,
75308,2021-08-13 21:29:00,40.68215,-73.85041,1,0,Brakes Defective,4449326,33.2,24.8,0.0,0.0,0.0,0.0,3,18.2,34.9,215,Overcast,1,1,
75309,2021-08-18 07:45:00,40.602676,-73.74936,0,0,Failure to Yield Right-of-Way,4448205,27.0,21.1,1.5,1.5,0.0,5.0,53,24.7,46.8,150,Drizzle: Moderate,0,0,
75310,2021-08-18 14:00:00,40.716145,-73.73118,0,0,Unspecified,4448269,27.0,21.1,1.5,1.5,0.0,5.0,53,24.7,46.8,150,Drizzle: Moderate,0,0,
75311,2021-08-16 16:40:00,40.757473,-73.91582,1,0,Backing Unsafely,4449555,26.6,19.9,0.0,0.0,0.0,0.0,3,17.7,33.8,121,Overcast,1,1,
75312,2021-08-20 00:00:00,40.668648,-73.92835,1,0,Unsafe Speed,4449400,26.9,22.0,1.1,1.1,0.0,5.0,53,12.4,22.0,310,Drizzle: Moderate,1,1,
75313,2021-08-20 00:00:00,40.60485,-74.02559,0,0,Unsafe Speed,4448718,26.9,22.0,1.1,1.1,0.0,5.0,53,12.4,22.0,310,Drizzle: Moderate,0,0,
75314,2021-08-06 14:30:00,40.880547,-73.902016,0,0,Driver Inexperience,4449355,28.9,17.4,0.0,0.0,0.0,0.0,3,18.1,38.2,188,Overcast,0,0,
75315,2021-08-19 22:20:00,40.643894,-73.97421,0,0,Unspecified,4449638,30.2,23.4,11.8,11.8,0.0,13.0,61,26.3,53.3,223,Rain: Light,0,0,
75316,2021-08-14 20:19:00,40.676144,-73.893074,1,0,Unspecified,4449523,31.3,24.2,2.5,2.5,0.0,5.0,55,16.9,32.8,286,Drizzle: Dense,1,1,
75317,2021-08-19 11:35:00,40.8439,-73.89242,0,0,Driver Inattention/Distraction,4449276,30.2,23.4,11.8,11.8,0.0,13.0,61,26.3,53.3,223,Rain: Light,0,0,
75318,2021-08-19 21:58:00,40.773777,-73.81966,0,0,Passing or Lane Usage Improper,4449045,30.2,23.4,11.8,11.8,0.0,13.0,61,26.3,53.3,223,Rain: Light,0,0,
75319,2021-08-19 14:30:00,40.692066,-73.7654,0,0,Failure to Yield Right-of-Way,4448723,30.2,23.4,11.8,11.8,0.0,13.0,61,26.3,53.3,223,Rain: Light,0,0,
75320,2021-08-18 07:30:00,40.643215,-73.90306,2,0,Unsafe Speed,4448312,27.0,21.1,1.5,1.5,0.0,5.0,53,24.7,46.8,150,Drizzle: Moderate,2,2,
75321,2021-08-18 08:45:00,40.685654,-73.828636,1,0,Failure to Yield Right-of-Way,4448418,27.0,21.1,1.5,1.5,0.0,5.0,53,24.7,46.8,150,Drizzle: Moderate,1,1,
75322,2021-08-19 05:45:00,40.577946,-74.102325,1,0,Failure to Yield Right-of-Way,4448566,30.2,23.4,11.8,11.8,0.0,13.0,61,26.3,53.3,223,Rain: Light,1,1,
75323,2021-08-20 12:32:00,40.595497,-73.77823,0,0,Following Too Closely,4448999,26.9,22.0,1.1,1.1,0.0,5.0,53,12.4,22.0,310,Drizzle: Moderate,0,0,
75324,2021-08-19 14:30:00,40.716637,-73.83422,1,0,Driver Inattention/Distraction,4448673,30.2,23.4,11.8,11.8,0.0,13.0,61,26.3,53.3,223,Rain: Light,1,1,
75325,2021-08-18 08:42:00,40.794464,-73.93964,0,0,Unsafe Lane Changing,4448224,27.0,21.1,1.5,1.5,0.0,5.0,53,24.7,46.8,150,Drizzle: Moderate,0,0,
75326,2021-08-19 23:27:00,40.857414,-73.84662,0,0,Unspecified,4448859,30.2,23.4,11.8,11.8,0.0,13.0,61,26.3,53.3,223,Rain: Light,0,0,
75327,2021-08-18 09:30:00,40.669476,-73.919975,2,0,Other Vehicular,4449146,27.0,21.1,1.5,1.5,0.0,5.0,53,24.7,46.8,150,Drizzle: Moderate,2,2,
75328,2021-08-18 17:40:00,40.798874,-73.96604,2,0,Backing Unsafely,4448334,27.0,21.1,1.5,1.5,0.0,5.0,53,24.7,46.8,150,Drizzle: Moderate,2,2,
75329,2021-08-20 08:05:00,40.71196,-73.917725,0,0,Alcohol Involvement,4448837,26.9,22.0,1.1,1.1,0.0,5.0,53,12.4,22.0,310,Drizzle: Moderate,0,0,
75330,2021-08-20 07:00:00,40.75287,-73.9459,0,0,Failure to Yield Right-of-Way,4448892,26.9,22.0,1.1,1.1,0.0,5.0,53,12.4,22.0,310,Drizzle: Moderate,0,0,
75331,2021-08-18 00:25:00,40.86877,-73.83174,1,0,Traffic Control Disregarded,4448828,27.0,21.1,1.5,1.5,0.0,5.0,53,24.7,46.8,150,Drizzle: Moderate,1,1,
75332,2021-08-18 14:45:00,40.798584,-73.93353,1,0,Failure to Yield Right-of-Way,4448307,27.0,21.1,1.5,1.5,0.0,5.0,53,24.7,46.8,150,Drizzle: Moderate,1,1,
75333,2021-08-20 23:39:00,40.812073,-73.93604,0,0,Unsafe Lane Changing,4449032,26.9,22.0,1.1,1.1,0.0,5.0,53,12.4,22.0,310,Drizzle: Moderate,0,0,
75334,2021-08-19 05:50:00,40.830402,-73.837654,0,0,Pavement Slippery,4448753,30.2,23.4,11.8,11.8,0.0,13.0,61,26.3,53.3,223,Rain: Light,0,0,
75335,2021-08-20 20:00:00,40.638454,-73.95185,0,0,Unspecified,4449420,26.9,22.0,1.1,1.1,0.0,5.0,53,12.4,22.0,310,Drizzle: Moderate,0,0,
75336,2021-08-18 22:23:00,40.613052,-73.94913,2,0,Backing Unsafely,4448466,27.0,21.1,1.5,1.5,0.0,5.0,53,24.7,46.8,150,Drizzle: Moderate,2,2,
75337,2021-08-20 17:10:00,40.856537,-73.87257,0,0,Unspecified,4449283,26.9,22.0,1.1,1.1,0.0,5.0,53,12.4,22.0,310,Drizzle: Moderate,0,0,
75338,2021-08-19 19:00:00,40.652878,-73.87706,1,0,Unspecified,4448945,30.2,23.4,11.8,11.8,0.0,13.0,61,26.3,53.3,223,Rain: Light,1,1,
75339,2021-08-18 15:30:00,40.630985,-74.02203,0,0,Passing or Lane Usage Improper,4448298,27.0,21.1,1.5,1.5,0.0,5.0,53,24.7,46.8,150,Drizzle: Moderate,0,0,
75340,2021-08-18 11:41:00,40.630383,-73.895004,1,0,Passing or Lane Usage Improper,4448913,27.0,21.1,1.5,1.5,0.0,5.0,53,24.7,46.8,150,Drizzle: Moderate,1,1,
75341,2021-08-20 05:47:00,40.65711,-73.91335,0,0,Other Vehicular,4448781,26.9,22.0,1.1,1.1,0.0,5.0,53,12.4,22.0,310,Drizzle: Moderate,0,0,
75342,2021-08-19 14:36:00,40.667706,-73.90636,0,0,Reaction to Uninvolved Vehicle,4448630,30.2,23.4,11.8,11.8,0.0,13.0,61,26.3,53.3,223,Rain: Light,0,0,
75343,2021-08-16 19:50:00,40.715397,-73.903336,0,0,Unsafe Speed,4449479,26.6,19.9,0.0,0.0,0.0,0.0,3,17.7,33.8,121,Overcast,0,0,
75344,2021-08-18 10:00:00,40.85044,-73.89514,0,0,Passing Too Closely,4449258,27.0,21.1,1.5,1.5,0.0,5.0,53,24.7,46.8,150,Drizzle: Moderate,0,0,
75345,2021-08-16 10:55:00,40.76234,-73.98236,2,0,Driver Inattention/Distraction,4448796,26.6,19.9,0.0,0.0,0.0,0.0,3,17.7,33.8,121,Overcast,2,2,
75346,2021-08-19 18:50:00,40.7042,-73.815254,1,0,Failure to Yield Right-of-Way,4448992,30.2,23.4,11.8,11.8,0.0,13.0,61,26.3,53.3,223,Rain: Light,1,1,
75347,2021-08-18 08:35:00,40.651268,-73.97181,0,0,Unspecified,4448355,27.0,21.1,1.5,1.5,0.0,5.0,53,24.7,46.8,150,Drizzle: Moderate,0,0,
75348,2021-08-18 22:27:00,40.7065,-73.91701,1,0,Driver Inattention/Distraction,4448493,27.0,21.1,1.5,1.5,0.0,5.0,53,24.7,46.8,150,Drizzle: Moderate,1,1,
75349,2021-08-18 04:09:00,40.70978,-73.82043,1,0,Driver Inattention/Distraction,4449385,27.0,21.1,1.5,1.5,0.0,5.0,53,24.7,46.8,150,Drizzle: Moderate,1,1,
75350,2021-08-19 00:00:00,40.762756,-73.82261,0,0,Alcohol Involvement,4449083,30.2,23.4,11.8,11.8,0.0,13.0,61,26.3,53.3,223,Rain: Light,0,0,
75351,2021-08-18 16:00:00,40.749214,-73.8861,0,0,Unspecified,4448536,27.0,21.1,1.5,1.5,0.0,5.0,53,24.7,46.8,150,Drizzle: Moderate,0,0,
75352,2021-08-20 14:05:00,40.827583,-73.84085,1,0,Other Vehicular,4449689,26.9,22.0,1.1,1.1,0.0,5.0,53,12.4,22.0,310,Drizzle: Moderate,1,1,
75353,2021-08-20 13:40:00,40.55532,-74.13824,0,0,Steering Failure,4448852,26.9,22.0,1.1,1.1,0.0,5.0,53,12.4,22.0,310,Drizzle: Moderate,0,0,
75354,2021-08-18 21:30:00,40.533665,-74.171585,0,0,Other Vehicular,4448519,27.0,21.1,1.5,1.5,0.0,5.0,53,24.7,46.8,150,Drizzle: Moderate,0,0,
75355,2021-07-15 09:20:00,40.768883,-73.91424,0,0,Unspecified,4449543,29.3,21.2,0.1,0.1,0.0,1.0,51,13.7,27.4,212,Drizzle: Light,0,0,
75356,2021-08-18 15:40:00,40.645805,-74.00242,1,0,Unspecified,4448412,27.0,21.1,1.5,1.5,0.0,5.0,53,24.7,46.8,150,Drizzle: Moderate,1,1,
75357,2021-08-18 19:02:00,40.71787,-73.997116,0,0,Driver Inattention/Distraction,4449223,27.0,21.1,1.5,1.5,0.0,5.0,53,24.7,46.8,150,Drizzle: Moderate,0,0,
75358,2021-08-19 11:15:00,40.73557,-73.70864,0,0,Driver Inattention/Distraction,4448591,30.2,23.4,11.8,11.8,0.0,13.0,61,26.3,53.3,223,Rain: Light,0,0,
75359,2021-08-19 22:38:00,40.64188,-73.894684,1,0,Unspecified,4448703,30.2,23.4,11.8,11.8,0.0,13.0,61,26.3,53.3,223,Rain: Light,1,1,
75360,2021-08-19 18:25:00,40.644257,-73.93228,1,0,Passing or Lane Usage Improper,4449417,30.2,23.4,11.8,11.8,0.0,13.0,61,26.3,53.3,223,Rain: Light,1,1,
75361,2021-07-07 17:30:00,40.707222,-73.9127,0,0,Outside Car Distraction,4448865,31.4,22.2,1.4,1.4,0.0,6.0,53,17.4,37.8,213,Drizzle: Moderate,0,0,
75362,2021-08-18 12:40:00,40.663685,-73.88893,1,0,Unspecified,4448346,27.0,21.1,1.5,1.5,0.0,5.0,53,24.7,46.8,150,Drizzle: Moderate,1,1,
75363,2021-08-16 13:00:00,40.744556,-73.870834,0,0,Driver Inattention/Distraction,4449342,26.6,19.9,0.0,0.0,0.0,0.0,3,17.7,33.8,121,Overcast,0,0,
75364,2021-08-20 09:40:00,40.763245,-73.75806,0,0,Driver Inattention/Distraction,4448823,26.9,22.0,1.1,1.1,0.0,5.0,53,12.4,22.0,310,Drizzle: Moderate,0,0,
75365,2021-08-19 14:00:00,40.701416,-73.99334,1,0,Driver Inattention/Distraction,4448618,30.2,23.4,11.8,11.8,0.0,13.0,61,26.3,53.3,223,Rain: Light,1,1,
75366,2021-08-19 23:03:00,40.706142,-74.00603,1,0,Unspecified,4448808,30.2,23.4,11.8,11.8,0.0,13.0,61,26.3,53.3,223,Rain: Light,1,1,
75367,2021-08-20 16:16:00,40.752007,-73.71514,0,0,Driver Inattention/Distraction,4448898,26.9,22.0,1.1,1.1,0.0,5.0,53,12.4,22.0,310,Drizzle: Moderate,0,0,
75368,2021-08-18 08:38:00,40.625683,-73.93344,2,0,Driver Inexperience,4448340,27.0,21.1,1.5,1.5,0.0,5.0,53,24.7,46.8,150,Drizzle: Moderate,2,2,
75369,2021-08-18 08:40:00,40.744286,-73.75993,1,0,Traffic Control Disregarded,4448124,27.0,21.1,1.5,1.5,0.0,5.0,53,24.7,46.8,150,Drizzle: Moderate,1,1,
75370,2021-08-19 11:36:00,40.70281,-73.9254,0,0,Unspecified,4448656,30.2,23.4,11.8,11.8,0.0,13.0,61,26.3,53.3,223,Rain: Light,0,0,
75371,2021-08-20 14:30:00,40.743893,-73.85282,0,0,Unspecified,4449343,26.9,22.0,1.1,1.1,0.0,5.0,53,12.4,22.0,310,Drizzle: Moderate,0,0,
75372,2021-08-19 23:55:00,40.8481,-73.90145,1,0,Failure to Yield Right-of-Way,4448764,30.2,23.4,11.8,11.8,0.0,13.0,61,26.3,53.3,223,Rain: Light,1,1,
75373,2021-08-20 21:10:00,40.763245,-73.75806,1,0,Following Too Closely,4448956,26.9,22.0,1.1,1.1,0.0,5.0,53,12.4,22.0,310,Drizzle: Moderate,1,1,
75374,2021-08-20 20:35:00,40.565254,-74.1301,2,0,Failure to Yield Right-of-Way,4449651,26.9,22.0,1.1,1.1,0.0,5.0,53,12.4,22.0,310,Drizzle: Moderate,2,2,
75375,2021-08-18 08:00:00,40.752815,-73.98138,1,0,View Obstructed/Limited,4448261,27.0,21.1,1.5,1.5,0.0,5.0,53,24.7,46.8,150,Drizzle: Moderate,1,1,
75376,2021-08-20 13:00:00,40.838997,-73.91073,0,0,Passing Too Closely,4449180,26.9,22.0,1.1,1.1,0.0,5.0,53,12.4,22.0,310,Drizzle: Moderate,0,0,
75377,2021-08-15 04:15:00,40.666492,-73.76536,1,0,Alcohol Involvement,4448881,27.9,20.0,0.0,0.0,0.0,0.0,3,16.6,33.1,25,Overcast,1,1,
75378,2021-08-18 09:44:00,40.639984,-73.94842,1,0,Unspecified,4448389,27.0,21.1,1.5,1.5,0.0,5.0,53,24.7,46.8,150,Drizzle: Moderate,1,1,
75379,2021-08-20 23:00:00,40.635506,-73.913284,0,0,Driver Inattention/Distraction,4449101,26.9,22.0,1.1,1.1,0.0,5.0,53,12.4,22.0,310,Drizzle: Moderate,0,0,
75380,2021-08-19 09:30:00,40.68892,-73.99915,0,0,Unspecified,4448738,30.2,23.4,11.8,11.8,0.0,13.0,61,26.3,53.3,223,Rain: Light,0,0,
75381,2021-08-19 15:15:00,40.67594,-73.94715,0,0,Passing or Lane Usage Improper,4448694,30.2,23.4,11.8,11.8,0.0,13.0,61,26.3,53.3,223,Rain: Light,0,0,
75382,2021-08-18 23:05:00,40.809994,-73.95872,0,0,Backing Unsafely,4448572,27.0,21.1,1.5,1.5,0.0,5.0,53,24.7,46.8,150,Drizzle: Moderate,0,0,
75383,2021-08-20 22:55:00,40.666405,-73.802635,5,0,Driver Inattention/Distraction,4449072,26.9,22.0,1.1,1.1,0.0,5.0,53,12.4,22.0,310,Drizzle: Moderate,5,5,
75384,2021-08-20 00:30:00,40.732388,-73.943726,0,0,Unspecified,4449609,26.9,22.0,1.1,1.1,0.0,5.0,53,12.4,22.0,310,Drizzle: Moderate,0,0,
75385,2021-08-20 14:30:00,40.61772,-73.94518,0,0,Driver Inattention/Distraction,4449671,26.9,22.0,1.1,1.1,0.0,5.0,53,12.4,22.0,310,Drizzle: Moderate,0,0,
75386,2021-08-20 15:46:00,40.727207,-73.90742,1,0,Driver Inattention/Distraction,4448924,26.9,22.0,1.1,1.1,0.0,5.0,53,12.4,22.0,310,Drizzle: Moderate,1,1,
75387,2021-08-20 18:24:00,40.82531,-73.95369,0,0,Unsafe Lane Changing,4449491,26.9,22.0,1.1,1.1,0.0,5.0,53,12.4,22.0,310,Drizzle: Moderate,0,0,
75388,2021-08-18 09:55:00,40.784996,-73.824234,0,0,Failure to Yield Right-of-Way,4448833,27.0,21.1,1.5,1.5,0.0,5.0,53,24.7,46.8,150,Drizzle: Moderate,0,0,
75389,2021-08-20 10:20:00,40.655983,-73.897575,0,0,Unspecified,4448941,26.9,22.0,1.1,1.1,0.0,5.0,53,12.4,22.0,310,Drizzle: Moderate,0,0,
75390,2021-08-16 19:00:00,40.844715,-73.91228,1,0,Unspecified,4449120,26.6,19.9,0.0,0.0,0.0,0.0,3,17.7,33.8,121,Overcast,1,1,
75391,2021-08-18 20:15:00,40.602917,-74.08294,0,0,Unspecified,4448791,27.0,21.1,1.5,1.5,0.0,5.0,53,24.7,46.8,150,Drizzle: Moderate,0,0,
75392,2021-08-19 16:00:00,40.714687,-73.94271,0,0,Unspecified,4449599,30.2,23.4,11.8,11.8,0.0,13.0,61,26.3,53.3,223,Rain: Light,0,0,
75393,2021-08-19 12:32:00,40.700874,-73.93317,0,0,Backing Unsafely,4448813,30.2,23.4,11.8,11.8,0.0,13.0,61,26.3,53.3,223,Rain: Light,0,0,
75394,2021-08-10 06:00:00,40.774853,-73.98067,0,0,Passing Too Closely,4449006,27.3,20.4,3.8,3.8,0.0,11.0,61,18.0,36.0,170,Rain: Light,0,0,
75395,2021-08-18 20:00:00,40.743275,-73.77572,0,0,Unspecified,4448987,27.0,21.1,1.5,1.5,0.0,5.0,53,24.7,46.8,150,Drizzle: Moderate,0,0,
75396,2021-08-20 18:40:00,40.665916,-73.92547,0,0,Unspecified,4449500,26.9,22.0,1.1,1.1,0.0,5.0,53,12.4,22.0,310,Drizzle: Moderate,0,0,
75397,2021-08-18 21:30:00,40.67777,-73.863914,0,0,Unspecified,4448395,27.0,21.1,1.5,1.5,0.0,5.0,53,24.7,46.8,150,Drizzle: Moderate,0,0,