,CRASH DATETIME,LATITUDE,LONGITUDE,NUMBER OF PERSONS INJURED,NUMBER OF PERSONS KILLED,CONTRIBUTING FACTOR VEHICLE 1,COLLISION_ID,temperature_2m_max,temperature_2m_min,precipitation_sum,rain_sum,snowfall_sum,precipitation_hours,weather_code,wind_speed_10m_max,wind_gusts_10m_max,wind_direction_10m_dominant,Weather Description,Severity_Score,Total_Affected_Persons,Weather_Category
75398,2021-08-20 09:10:00,40.745163,-73.9923,0,0,Unspecified,4449090,26.9,22.0,1.1,1.1,0.0,5.0,53,12.4,22.0,310,Drizzle: Moderate,0,0,
75399,2021-08-09 04:24:00,40.862312,-73.929436,2,0,Pavement Slippery,4448769,26.2,20.1,1.1,1.1,0.0,7.0,51,17.3,34.6,36,Drizzle: Light,2,2,
75400,2021-08-09 01:55:00,40.701763,-73.81618,2,0,Driver Inattention/Distraction,4449065,26.2,20.1,1.1,1.1,0.0,7.0,51,17.3,34.6,36,Drizzle: Light,2,2,
75401,2021-08-18 17:20:00,40.644966,-73.958984,1,0,Failure to Yield Right-of-Way,4448461,27.0,21.1,1.5,1.5,0.0,5.0,53,24.7,46.8,150,Drizzle: Moderate,1,1,
75402,2021-08-20 12:35:00,40.838955,-73.86377,0,0,Unspecified,4449466,26.9,22.0,1.1,1.1,0.0,5.0,53,12.4,22.0,310,Drizzle: Moderate,0,0,
75403,2021-08-18 14:30:00,40.6779,-73.892586,0,0,Unspecified,4448577,27.0,21.1,1.5,1.5,0.0,5.0,53,24.7,46.8,150,Drizzle: Moderate,0,0,
75404,2021-08-20 14:10:00,40.855057,-73.88401,0,0,Driver Inattention/Distraction,4449314,26.9,22.0,1.1,1.1,0.0,5.0,53,12.4,22.0,310,Drizzle: Moderate,0,0,
75405,2021-08-18 15:00:00,40.756325,-73.803604,0,0,Unspecified,4449106,27.0,21.1,1.5,1.5,0.0,5.0,53,24.7,46.8,150,Drizzle: Moderate,0,0,
75406,2021-08-18 18:19:00,40.627693,-74.010506,0,0,Traffic Control Disregarded,4448363,27.0,21.1,1.5,1.5,0.0,5.0,53,24.7,46.8,150,Drizzle: Moderate,0,0,
75407,2021-08-18 09:46:00,40.759983,-73.964806,1,0,Driver Inattention/Distraction,4448930,27.0,21.1,1.5,1.5,0.0,5.0,53,24.7,46.8,150,Drizzle: Moderate,1,1,
75408,2021-08-20 21:41:00,40.624653,-73.99933,0,0,Unspecified,4449560,26.9,22.0,1.1,1.1,0.0,5.0,53,12.4,22.0,310,Drizzle: Moderate,0,0,
75409,2021-08-20 05:45:00,40.842945,-73.89061,2,0,Turning Improperly,4449252,26.9,22.0,1.1,1.1,0.0,5.0,53,12.4,22.0,310,Drizzle: Moderate,2,2,
75410,2021-08-15 17:00:00,40.593163,-73.9086,1,0,Lost Consciousness,4448970,27.9,20.0,0.0,0.0,0.0,0.0,3,16.6,33.1,25,Overcast,1,1,
75411,2021-08-18 05:30:00,40.64688,-73.91837,0,0,Unspecified,4448326,27.0,21.1,1.5,1.5,0.0,5.0,53,24.7,46.8,150,Drizzle: Moderate,0,0,
75412,2021-08-19 14:00:00,40.842896,-73.83893,0,0,Driver Inattention/Distraction,4448637,30.2,23.4,11.8,11.8,0.0,13.0,61,26.3,53.3,223,Rain: Light,0,0,
75413,2021-08-19 16:08:00,40.71122,-73.72827,0,0,Unspecified,4448662,30.2,23.4,11.8,11.8,0.0,13.0,61,26.3,53.3,223,Rain: Light,0,0,
75414,2021-08-20 19:15:00,40.650116,-73.960785,0,0,Other Vehicular,4449680,26.9,22.0,1.1,1.1,0.0,5.0,53,12.4,22.0,310,Drizzle: Moderate,0,0,
75415,2021-08-19 11:20:00,40.836304,-73.92518,1,0,Unsafe Speed,4449114,30.2,23.4,11.8,11.8,0.0,13.0,61,26.3,53.3,223,Rain: Light,1,1,
75416,2021-08-11 03:01:00,40.78383,-73.97783,1,0,Following Too Closely,4449394,31.2,23.2,2.8,2.8,0.0,7.0,55,23.7,44.6,206,Drizzle: Dense,1,1,
75417,2021-08-20 17:30:00,40.87349,-73.83664,0,0,Driver Inattention/Distraction,4449204,26.9,22.0,1.1,1.1,0.0,5.0,53,12.4,22.0,310,Drizzle: Moderate,0,0,
75418,2021-08-19 08:10:00,40.642708,-73.91006,2,0,Driver Inattention/Distraction,4448554,30.2,23.4,11.8,11.8,0.0,13.0,61,26.3,53.3,223,Rain: Light,2,2,
75419,2021-08-18 21:55:00,40.734314,-73.93803,1,0,Driver Inattention/Distraction,4448403,27.0,21.1,1.5,1.5,0.0,5.0,53,24.7,46.8,150,Drizzle: Moderate,1,1,
75420,2021-08-18 10:30:00,40.778812,-73.95609,0,0,Passing or Lane Usage Improper,4448776,27.0,21.1,1.5,1.5,0.0,5.0,53,24.7,46.8,150,Drizzle: Moderate,0,0,
75421,2021-08-20 12:30:00,40.66775,-73.930046,0,0,Driver Inattention/Distraction,4448909,26.9,22.0,1.1,1.1,0.0,5.0,53,12.4,22.0,310,Drizzle: Moderate,0,0,
75422,2021-08-18 10:00:00,40.652096,-73.90857,2,0,Alcohol Involvement,4449735,27.0,21.1,1.5,1.5,0.0,5.0,53,24.7,46.8,150,Drizzle: Moderate,2,2,
75423,2021-08-19 09:15:00,40.705246,-73.95908,1,0,Driver Inattention/Distraction,4448971,30.2,23.4,11.8,11.8,0.0,13.0,61,26.3,53.3,223,Rain: Light,1,1,
75424,2021-08-19 03:35:00,40.780857,-73.958824,0,0,Steering Failure,4448437,30.2,23.4,11.8,11.8,0.0,13.0,61,26.3,53.3,223,Rain: Light,0,0,
75425,2021-08-19 05:12:00,40.840473,-73.9353,0,0,Unspecified,4448845,30.2,23.4,11.8,11.8,0.0,13.0,61,26.3,53.3,223,Rain: Light,0,0,
75426,2021-08-16 23:30:00,40.753925,-73.77365,0,0,Passing or Lane Usage Improper,4449392,26.6,19.9,0.0,0.0,0.0,0.0,3,17.7,33.8,121,Overcast,0,0,
75427,2021-08-20 13:51:00,40.84105,-73.94469,0,0,Unspecified,4449528,26.9,22.0,1.1,1.1,0.0,5.0,53,12.4,22.0,310,Drizzle: Moderate,0,0,
75428,2021-08-18 13:00:00,40.700104,-73.94726,1,0,Following Too Closely,4449245,27.0,21.1,1.5,1.5,0.0,5.0,53,24.7,46.8,150,Drizzle: Moderate,1,1,
75429,2021-08-18 12:45:00,40.75078,-73.90675,0,0,Driver Inattention/Distraction,4448707,27.0,21.1,1.5,1.5,0.0,5.0,53,24.7,46.8,150,Drizzle: Moderate,0,0,
75430,2021-08-19 08:22:00,40.722652,-73.94817,0,0,Failure to Yield Right-of-Way,4449617,30.2,23.4,11.8,11.8,0.0,13.0,61,26.3,53.3,223,Rain: Light,0,0,
75431,2021-08-17 02:40:00,40.638786,-73.94538,3,0,Unspecified,4449412,26.4,22.2,1.6,1.6,0.0,2.0,55,20.3,39.2,158,Drizzle: Dense,3,3,
75432,2021-08-20 10:05:00,40.798717,-73.95954,0,0,Passing Too Closely,4448902,26.9,22.0,1.1,1.1,0.0,5.0,53,12.4,22.0,310,Drizzle: Moderate,0,0,
75433,2021-08-20 03:55:00,40.850857,-73.90765,1,0,Unsafe Speed,4449658,26.9,22.0,1.1,1.1,0.0,5.0,53,12.4,22.0,310,Drizzle: Moderate,1,1,
75434,2021-08-19 08:00:00,40.712875,-73.76597,0,0,Backing Unsafely,4448602,30.2,23.4,11.8,11.8,0.0,13.0,61,26.3,53.3,223,Rain: Light,0,0,
75435,2021-08-19 11:58:00,40.74147,-73.985435,1,0,Passenger Distraction,4449089,30.2,23.4,11.8,11.8,0.0,13.0,61,26.3,53.3,223,Rain: Light,1,1,
75436,2021-08-19 06:54:00,40.588573,-73.81228,0,0,Driver Inexperience,4448840,30.2,23.4,11.8,11.8,0.0,13.0,61,26.3,53.3,223,Rain: Light,0,0,
75437,2021-08-19 15:00:00,40.80565,-73.92062,0,0,Unspecified,4448743,30.2,23.4,11.8,11.8,0.0,13.0,61,26.3,53.3,223,Rain: Light,0,0,
75438,2021-08-18 08:00:00,40.626293,-73.96068,0,0,Passing Too Closely,4448456,27.0,21.1,1.5,1.5,0.0,5.0,53,24.7,46.8,150,Drizzle: Moderate,0,0,
75439,2021-08-19 08:45:00,40.775013,-73.990776,0,0,Other Vehicular,4449020,30.2,23.4,11.8,11.8,0.0,13.0,61,26.3,53.3,223,Rain: Light,0,0,
75440,2021-08-19 23:42:00,40.678795,-73.80632,0,0,Backing Unsafely,4448732,30.2,23.4,11.8,11.8,0.0,13.0,61,26.3,53.3,223,Rain: Light,0,0,
75441,2021-08-19 09:02:00,40.747066,-73.97925,0,0,Driver Inattention/Distraction,4448605,30.2,23.4,11.8,11.8,0.0,13.0,61,26.3,53.3,223,Rain: Light,0,0,
75442,2021-08-18 01:00:00,40.74197,-73.84116,1,0,Driver Inattention/Distraction,4448086,27.0,21.1,1.5,1.5,0.0,5.0,53,24.7,46.8,150,Drizzle: Moderate,1,1,
75443,2021-08-19 01:00:00,40.66155,-73.91058,0,0,Unspecified,4448685,30.2,23.4,11.8,11.8,0.0,13.0,61,26.3,53.3,223,Rain: Light,0,0,
75444,2021-08-20 12:05:00,40.760868,-73.916115,0,0,Driver Inattention/Distraction,4449564,26.9,22.0,1.1,1.1,0.0,5.0,53,12.4,22.0,310,Drizzle: Moderate,0,0,
75445,2021-08-20 12:00:00,40.674232,-73.86177,0,0,Unspecified,4448952,26.9,22.0,1.1,1.1,0.0,5.0,53,12.4,22.0,310,Drizzle: Moderate,0,0,
75446,2020-08-14 18:00:00,40.709866,-73.91119,1,0,Traffic Control Disregarded,4448885,29.7,22.3,0.0,0.0,0.0,0.0,3,18.6,37.1,63,Overcast,1,1,
75447,2021-08-19 21:25:00,40.6341,-73.97096,0,0,Unspecified,4448877,30.2,23.4,11.8,11.8,0.0,13.0,61,26.3,53.3,223,Rain: Light,0,0,
75448,2021-08-19 14:51:00,40.8595,-73.84301,0,0,Other Vehicular,4448638,30.2,23.4,11.8,11.8,0.0,13.0,61,26.3,53.3,223,Rain: Light,0,0,
75449,2021-08-18 10:40:00,40.761623,-73.82208,1,0,Failure to Yield Right-of-Way,4448345,27.0,21.1,1.5,1.5,0.0,5.0,53,24.7,46.8,150,Drizzle: Moderate,1,1,
75450,2021-10-22 13:00:00,40.6944972,-73.9148082,0,0,Backing Unsafely,4469860,20.3,14.4,0.0,0.0,0.0,0.0,3,18.1,31.3,267,Overcast,0,0,
75451,2021-08-20 14:12:00,40.64545,-73.97311,0,0,Driver Inattention/Distraction,4449186,26.9,22.0,1.1,1.1,0.0,5.0,53,12.4,22.0,310,Drizzle: Moderate,0,0,
75452,2021-08-18 18:15:00,40.871376,-73.86334,0,0,Failure to Yield Right-of-Way,4448509,27.0,21.1,1.5,1.5,0.0,5.0,53,24.7,46.8,150,Drizzle: Moderate,0,0,
75453,2021-08-18 11:00:00,40.82316,-73.94623,1,0,Driver Inattention/Distraction,4448247,27.0,21.1,1.5,1.5,0.0,5.0,53,24.7,46.8,150,Drizzle: Moderate,1,1,
75454,2021-08-19 10:00:00,40.89155,-73.86179,1,0,Driver Inattention/Distraction,4449191,30.2,23.4,11.8,11.8,0.0,13.0,61,26.3,53.3,223,Rain: Light,1,1,
75455,2021-08-13 23:30:00,40.73599,-73.86551,0,0,Driver Inattention/Distraction,4449306,33.2,24.8,0.0,0.0,0.0,0.0,3,18.2,34.9,215,Overcast,0,0,
75456,2021-08-19 14:17:00,40.65753,-73.89797,0,0,Driver Inattention/Distraction,4448937,30.2,23.4,11.8,11.8,0.0,13.0,61,26.3,53.3,223,Rain: Light,0,0,
75457,2021-08-19 09:30:00,40.69024,-73.9482,2,0,Driver Inattention/Distraction,4449213,30.2,23.4,11.8,11.8,0.0,13.0,61,26.3,53.3,223,Rain: Light,2,2,
75458,2021-08-16 23:20:00,40.634953,-73.98144,0,0,Unspecified,4448872,26.6,19.9,0.0,0.0,0.0,0.0,3,17.7,33.8,121,Overcast,0,0,
75459,2021-08-18 16:28:00,40.762745,-73.83329,0,0,Traffic Control Disregarded,4449056,27.0,21.1,1.5,1.5,0.0,5.0,53,24.7,46.8,150,Drizzle: Moderate,0,0,
75460,2021-08-18 16:10:00,40.5956,-73.94098,0,0,Driver Inattention/Distraction,4448497,27.0,21.1,1.5,1.5,0.0,5.0,53,24.7,46.8,150,Drizzle: Moderate,0,0,
75461,2021-08-18 16:25:00,40.719135,-73.78949,1,0,Following Too Closely,4448983,27.0,21.1,1.5,1.5,0.0,5.0,53,24.7,46.8,150,Drizzle: Moderate,1,1,
75462,2021-08-20 00:00:00,40.83328,-73.86097,0,0,Reaction to Uninvolved Vehicle,4449455,26.9,22.0,1.1,1.1,0.0,5.0,53,12.4,22.0,310,Drizzle: Moderate,0,0,
75463,2021-08-20 18:30:00,40.69023,-73.95154,1,0,Brakes Defective,4449222,26.9,22.0,1.1,1.1,0.0,5.0,53,12.4,22.0,310,Drizzle: Moderate,1,1,
75464,2021-08-09 19:00:00,40.88643,-73.84784,1,0,Driver Inattention/Distraction,4449197,26.2,20.1,1.1,1.1,0.0,7.0,51,17.3,34.6,36,Drizzle: Light,1,1,
75465,2021-08-17 12:00:00,40.777264,-73.9544,0,0,Driver Inattention/Distraction,4449002,26.4,22.2,1.6,1.6,0.0,2.0,55,20.3,39.2,158,Drizzle: Dense,0,0,
75466,2021-08-19 07:45:00,40.578682,-73.8465,1,0,Driver Inattention/Distraction,4448820,30.2,23.4,11.8,11.8,0.0,13.0,61,26.3,53.3,223,Rain: Light,1,1,
75467,2021-08-18 17:57:00,40.61222,-73.918846,0,0,Unspecified,4448668,27.0,21.1,1.5,1.5,0.0,5.0,53,24.7,46.8,150,Drizzle: Moderate,0,0,
75468,2021-08-13 15:54:00,40.83163,-73.92252,0,0,Unspecified,4449179,33.2,24.8,0.0,0.0,0.0,0.0,3,18.2,34.9,215,Overcast,0,0,
75469,2021-08-18 23:36:00,40.676144,-73.893074,1,0,Unspecified,4448573,27.0,21.1,1.5,1.5,0.0,5.0,53,24.7,46.8,150,Drizzle: Moderate,1,1,
75470,2021-08-20 17:50:00,40.716682,-73.98244,2,0,Failure to Yield Right-of-Way,4448934,26.9,22.0,1.1,1.1,0.0,5.0,53,12.4,22.0,310,Drizzle: Moderate,2,2,
75471,2021-08-18 09:58:00,40.750217,-73.979065,1,0,Driver Inattention/Distraction,4448408,27.0,21.1,1.5,1.5,0.0,5.0,53,24.7,46.8,150,Drizzle: Moderate,1,1,
75472,2021-08-18 18:41:00,40.679592,-73.93488,0,0,Unsafe Lane Changing,4449492,27.0,21.1,1.5,1.5,0.0,5.0,53,24.7,46.8,150,Drizzle: Moderate,0,0,
75473,2021-06-12 11:41:00,40.8827,-73.892845,0,0,Unspecified,4449364,21.2,16.4,0.4,0.4,0.0,3.0,51,15.5,31.3,112,Drizzle: Light,0,0,
75474,2021-08-12 16:00:00,40.692547,-73.990974,0,0,Passing or Lane Usage Improper,4449102,35.2,23.1,0.0,0.0,0.0,0.0,3,21.0,47.5,220,Overcast,0,0,
75475,2021-08-20 08:20:00,40.81092,-73.95899,0,0,Driver Inexperience,4448964,26.9,22.0,1.1,1.1,0.0,5.0,53,12.4,22.0,310,Drizzle: Moderate,0,0,
75476,2021-08-18 13:54:00,40.816025,-73.93947,1,0,View Obstructed/Limited,4448788,27.0,21.1,1.5,1.5,0.0,5.0,53,24.7,46.8,150,Drizzle: Moderate,1,1,
75477,2021-08-18 18:06:00,40.626713,-73.891655,0,0,Driver Inattention/Distraction,4448426,27.0,21.1,1.5,1.5,0.0,5.0,53,24.7,46.8,150,Drizzle: Moderate,0,0,
75478,2021-08-14 00:30:00,40.768032,-73.99586,1,0,Unspecified,4448801,31.3,24.2,2.5,2.5,0.0,5.0,55,16.9,32.8,286,Drizzle: Dense,1,1,
75479,2021-08-19 09:00:00,40.67393,-73.999954,0,0,Unspecified,4449371,30.2,23.4,11.8,11.8,0.0,13.0,61,26.3,53.3,223,Rain: Light,0,0,
75480,2021-08-08 21:24:00,40.785492,-73.984116,1,0,Passing or Lane Usage Improper,4449007,22.9,19.4,12.7,12.7,0.0,17.0,63,19.9,36.0,38,Rain: Moderate,1,1,
75481,2021-08-20 13:18:00,0.0,0.0,1,0,Failure to Yield Right-of-Way,4448905,26.9,22.0,1.1,1.1,0.0,5.0,53,12.4,22.0,310,Drizzle: Moderate,1,1,
75482,2021-08-19 19:30:00,40.693428,-73.81105,0,0,Driver Inattention/Distraction,4449517,30.2,23.4,11.8,11.8,0.0,13.0,61,26.3,53.3,223,Rain: Light,0,0,
75483,2021-08-13 10:50:00,0.0,0.0,0,0,Unspecified,4449548,33.2,24.8,0.0,0.0,0.0,0.0,3,18.2,34.9,215,Overcast,0,0,
75484,2021-08-18 14:14:00,40.735226,-73.865105,1,0,Driver Inexperience,4448468,27.0,21.1,1.5,1.5,0.0,5.0,53,24.7,46.8,150,Drizzle: Moderate,1,1,
75485,2021-08-19 22:54:00,40.681183,-73.93471,0,0,Passing Too Closely,4449407,30.2,23.4,11.8,11.8,0.0,13.0,61,26.3,53.3,223,Rain: Light,0,0,
75486,2021-08-18 13:20:00,40.88471,-73.83131,1,0,Driver Inattention/Distraction,4448294,27.0,21.1,1.5,1.5,0.0,5.0,53,24.7,46.8,150,Drizzle: Moderate,1,1,
75487,2021-08-20 18:21:00,40.720375,-74.003265,0,0,Aggressive Driving/Road Rage,4448975,26.9,22.0,1.1,1.1,0.0,5.0,53,12.4,22.0,310,Drizzle: Moderate,0,0,
75488,2021-08-20 17:24:00,40.868748,-73.89497,0,0,Passing or Lane Usage Improper,4449278,26.9,22.0,1.1,1.1,0.0,5.0,53,12.4,22.0,310,Drizzle: Moderate,0,0,
75489,2021-08-16 13:36:00,40.858635,-73.846466,3,0,Other Vehicular,4449013,26.6,19.9,0.0,0.0,0.0,0.0,3,17.7,33.8,121,Overcast,3,3,
75490,2021-08-20 10:20:00,40.6783,-74.01294,0,0,Backing Unsafely,4449572,26.9,22.0,1.1,1.1,0.0,5.0,53,12.4,22.0,310,Drizzle: Moderate,0,0,
75491,2021-08-19 17:50:00,40.881508,-73.85111,0,0,Failure to Yield Right-of-Way,4449239,30.2,23.4,11.8,11.8,0.0,13.0,61,26.3,53.3,223,Rain: Light,0,0,
75492,2021-08-18 14:40:00,40.703472,-73.9306,0,0,Failure to Yield Right-of-Way,4448318,27.0,21.1,1.5,1.5,0.0,5.0,53,24.7,46.8,150,Drizzle: Moderate,0,0,
75493,2021-08-20 06:50:00,40.734314,-73.93803,0,0,Unspecified,4449143,26.9,22.0,1.1,1.1,0.0,5.0,53,12.4,22.0,310,Drizzle: Moderate,0,0,
75494,2021-08-19 20:10:00,40.762093,-73.75691,0,0,Driver Inattention/Distraction,4448728,30.2,23.4,11.8,11.8,0.0,13.0,61,26.3,53.3,223,Rain: Light,0,0,
75495,2021-08-18 09:06:00,40.82066,-73.86843,0,0,Unspecified,4448187,27.0,21.1,1.5,1.5,0.0,5.0,53,24.7,46.8,150,Drizzle: Moderate,0,0,
75496,2021-08-20 05:00:00,40.59364,-73.978,0,0,Unspecified,4449623,26.9,22.0,1.1,1.1,0.0,5.0,53,12.4,22.0,310,Drizzle: Moderate,0,0,
75497,2021-08-20 10:35:00,40.843422,-73.89239,0,0,Following Too Closely,4449259,26.9,22.0,1.1,1.1,0.0,5.0,53,12.4,22.0,310,Drizzle: Moderate,0,0,
75498,2021-08-19 12:10:00,40.667946,-73.933266,0,0,Driver Inattention/Distraction,4448713,30.2,23.4,11.8,11.8,0.0,13.0,61,26.3,53.3,223,Rain: Light,0,0,
75499,2021-08-18 14:05:00,40.589935,-74.145676,0,0,Following Too Closely,4448480,27.0,21.1,1.5,1.5,0.0,5.0,53,24.7,46.8,150,Drizzle: Moderate,0,0,
75500,2021-08-20 10:50:00,40.66535,-73.81695,0,0,Driver Inattention/Distraction,4449262,26.9,22.0,1.1,1.1,0.0,5.0,53,12.4,22.0,310,Drizzle: Moderate,0,0,
75501,2021-06-03 21:00:00,40.632294,-73.96678,0,0,Unspecified,4449668,23.0,13.2,11.9,11.9,0.0,10.0,63,13.6,38.9,165,Rain: Moderate,0,0,
75502,2021-08-20 08:00:00,40.7021,-73.87897,0,0,Unspecified,4448860,26.9,22.0,1.1,1.1,0.0,5.0,53,12.4,22.0,310,Drizzle: Moderate,0,0,
75503,2021-08-18 18:00:00,40.701797,-73.94055,0,0,Driver Inattention/Distraction,4448369,27.0,21.1,1.5,1.5,0.0,5.0,53,24.7,46.8,150,Drizzle: Moderate,0,0,
75504,2021-08-11 10:34:00,40.82851,-73.85024,0,0,Unspecified,4448773,31.2,23.2,2.8,2.8,0.0,7.0,55,23.7,44.6,206,Drizzle: Dense,0,0,
75505,2021-08-18 12:08:00,40.628807,-73.94726,0,0,Passing Too Closely,4449348,27.0,21.1,1.5,1.5,0.0,5.0,53,24.7,46.8,150,Drizzle: Moderate,0,0,
75506,2021-08-19 17:29:00,40.69319,-73.89575,0,0,Following Too Closely,4448855,30.2,23.4,11.8,11.8,0.0,13.0,61,26.3,53.3,223,Rain: Light,0,0,
75507,2021-08-19 08:00:00,40.626556,-74.0916,0,0,Driver Inattention/Distraction,4448679,30.2,23.4,11.8,11.8,0.0,13.0,61,26.3,53.3,223,Rain: Light,0,0,
75508,2021-08-19 16:20:00,40.727875,-74.00543,0,0,Unsafe Lane Changing,4448750,30.2,23.4,11.8,11.8,0.0,13.0,61,26.3,53.3,223,Rain: Light,0,0,
75509,2021-08-18 16:29:00,40.63574,-74.02605,1,0,Unspecified,4448299,27.0,21.1,1.5,1.5,0.0,5.0,53,24.7,46.8,150,Drizzle: Moderate,1,1,
75510,2021-08-18 07:59:00,40.662315,-73.92145,0,0,Driver Inattention/Distraction,4448327,27.0,21.1,1.5,1.5,0.0,5.0,53,24.7,46.8,150,Drizzle: Moderate,0,0,
75511,2021-08-18 16:42:00,40.569218,-74.111015,0,0,Backing Unsafely,4448559,27.0,21.1,1.5,1.5,0.0,5.0,53,24.7,46.8,150,Drizzle: Moderate,0,0,
75512,2021-08-20 10:30:00,40.532482,-74.2031,1,0,Following Too Closely,4449211,26.9,22.0,1.1,1.1,0.0,5.0,53,12.4,22.0,310,Drizzle: Moderate,1,1,
75513,2021-08-20 18:40:00,40.70145,-73.989624,1,0,Following Too Closely,4449448,26.9,22.0,1.1,1.1,0.0,5.0,53,12.4,22.0,310,Drizzle: Moderate,1,1,
75514,2021-08-19 01:13:00,40.718143,-73.993835,1,0,Driver Inattention/Distraction,4448531,30.2,23.4,11.8,11.8,0.0,13.0,61,26.3,53.3,223,Rain: Light,1,1,
75515,2021-08-16 16:45:00,40.820435,-73.93623,1,0,Other Vehicular,4448777,26.6,19.9,0.0,0.0,0.0,0.0,3,17.7,33.8,121,Overcast,1,1,
75516,2021-08-20 14:20:00,40.81393,-73.908844,0,0,Other Vehicular,4448888,26.9,22.0,1.1,1.1,0.0,5.0,53,12.4,22.0,310,Drizzle: Moderate,0,0,
75517,2021-08-18 00:25:00,40.67885,-73.88153,0,0,Driver Inattention/Distraction,4448178,27.0,21.1,1.5,1.5,0.0,5.0,53,24.7,46.8,150,Drizzle: Moderate,0,0,
75518,2021-08-19 20:00:00,40.788303,-73.81699,1,0,Steering Failure,4449051,30.2,23.4,11.8,11.8,0.0,13.0,61,26.3,53.3,223,Rain: Light,1,1,
75519,2021-08-20 06:10:00,0.0,0.0,2,0,Unspecified,4448816,26.9,22.0,1.1,1.1,0.0,5.0,53,12.4,22.0,310,Drizzle: Moderate,2,2,
75520,2021-08-20 20:00:00,40.709827,-73.83983,0,0,Following Too Closely,4449298,26.9,22.0,1.1,1.1,0.0,5.0,53,12.4,22.0,310,Drizzle: Moderate,0,0,
75521,2021-08-20 21:19:00,40.662563,-73.89146,4,0,Driver Inattention/Distraction,4448949,26.9,22.0,1.1,1.1,0.0,5.0,53,12.4,22.0,310,Drizzle: Moderate,4,4,
75522,2021-08-14 17:00:00,40.775383,-73.923035,1,0,Unspecified,4449552,31.3,24.2,2.5,2.5,0.0,5.0,55,16.9,32.8,286,Drizzle: Dense,1,1,
75523,2021-08-20 18:55:00,40.745636,-73.75351,0,0,Passing or Lane Usage Improper,4448910,26.9,22.0,1.1,1.1,0.0,5.0,53,12.4,22.0,310,Drizzle: Moderate,0,0,
75524,2021-08-18 04:30:00,40.640625,-73.9863,1,0,Driver Inattention/Distraction,4448433,27.0,21.1,1.5,1.5,0.0,5.0,53,24.7,46.8,150,Drizzle: Moderate,1,1,
75525,2021-08-19 20:55:00,40.829163,-73.93727,2,0,Unsafe Speed,4448784,30.2,23.4,11.8,11.8,0.0,13.0,61,26.3,53.3,223,Rain: Light,2,2,
75526,2021-08-20 16:48:00,40.635006,-73.89515,2,0,Unspecified,4448917,26.9,22.0,1.1,1.1,0.0,5.0,53,12.4,22.0,310,Drizzle: Moderate,2,2,
75527,2021-08-18 00:58:00,40.666885,-73.911964,1,0,Driver Inattention/Distraction,4449039,27.0,21.1,1.5,1.5,0.0,5.0,53,24.7,46.8,150,Drizzle: Moderate,1,1,
75528,2021-08-16 21:54:00,40.763344,-73.986694,1,0,Unspecified,4448805,26.6,19.9,0.0,0.0,0.0,0.0,3,17.7,33.8,121,Overcast,1,1,
75529,2021-08-20 12:00:00,40.72662,-73.757324,2,0,Unspecified,4448996,26.9,22.0,1.1,1.1,0.0,5.0,53,12.4,22.0,310,Drizzle: Moderate,2,2,
75530,2021-08-20 17:40:00,40.873642,-73.85318,0,0,Unspecified,4449728,26.9,22.0,1.1,1.1,0.0,5.0,53,12.4,22.0,310,Drizzle: Moderate,0,0,
75531,2021-08-18 00:45:00,40.674934,-73.80186,0,0,Passing Too Closely,4448238,27.0,21.1,1.5,1.5,0.0,5.0,53,24.7,46.8,150,Drizzle: Moderate,0,0,
75532,2021-08-20 19:10:00,40.87892,-73.90479,0,0,Unspecified,4449356,26.9,22.0,1.1,1.1,0.0,5.0,53,12.4,22.0,310,Drizzle: Moderate,0,0,
75533,2021-08-17 21:40:00,40.814777,-73.938416,0,0,Other Vehicular,4448782,26.4,22.2,1.6,1.6,0.0,2.0,55,20.3,39.2,158,Drizzle: Dense,0,0,
75534,2021-08-20 12:55:00,40.8452,-73.8829,1,0,Backing Unsafely,4449256,26.9,22.0,1.1,1.1,0.0,5.0,53,12.4,22.0,310,Drizzle: Moderate,1,1,
75535,2021-08-19 19:54:00,40.620914,-73.9753,0,0,Turning Improperly,4449189,30.2,23.4,11.8,11.8,0.0,13.0,61,26.3,53.3,223,Rain: Light,0,0,
75536,2021-08-16 11:10:00,40.84954,-73.93641,0,0,Driver Inattention/Distraction,4449096,26.6,19.9,0.0,0.0,0.0,0.0,3,17.7,33.8,121,Overcast,0,0,
75537,2021-08-18 18:00:00,40.60891,-74.17833,2,0,Driver Inattention/Distraction,4448486,27.0,21.1,1.5,1.5,0.0,5.0,53,24.7,46.8,150,Drizzle: Moderate,2,2,
75538,2021-08-19 22:00:00,40.628036,-73.92012,0,0,Unspecified,4449073,30.2,23.4,11.8,11.8,0.0,13.0,61,26.3,53.3,223,Rain: Light,0,0,
75539,2021-08-19 05:07:00,40.71976,-73.94476,0,0,Pavement Slippery,4449611,30.2,23.4,11.8,11.8,0.0,13.0,61,26.3,53.3,223,Rain: Light,0,0,
75540,2021-08-18 06:50:00,40.824913,-73.8689,0,0,Unsafe Speed,4448163,27.0,21.1,1.5,1.5,0.0,5.0,53,24.7,46.8,150,Drizzle: Moderate,0,0,