,CRASH DATETIME,LATITUDE,LONGITUDE,NUMBER OF PERSONS INJURED,NUMBER OF PERSONS KILLED,CONTRIBUTING FACTOR VEHICLE 1,COLLISION_ID,temperature_2m_max,temperature_2m_min,precipitation_sum,rain_sum,snowfall_sum,precipitation_hours,weather_code,wind_speed_10m_max,wind_gusts_10m_max,wind_direction_10m_dominant,Weather Description,Severity_Score,Total_Affected_Persons,Weather_Category
75541,2021-08-20 21:17:00,40.744514,-73.86779,1,0,Driver Inattention/Distraction,4449315,26.9,22.0,1.1,1.1,0.0,5.0,53,12.4,22.0,310,Drizzle: Moderate,1,1,
75542,2021-08-19 08:30:00,40.691563,-73.86563,0,0,Passing or Lane Usage Improper,4448524,30.2,23.4,11.8,11.8,0.0,13.0,61,26.3,53.3,223,Rain: Light,0,0,
75543,2021-08-18 18:40:00,40.667236,-73.770004,0,0,Following Too Closely,4448832,27.0,21.1,1.5,1.5,0.0,5.0,53,24.7,46.8,150,Drizzle: Moderate,0,0,
75544,2021-08-19 10:30:00,40.664223,-73.95932,0,0,Driver Inattention/Distraction,4448893,30.2,23.4,11.8,11.8,0.0,13.0,61,26.3,53.3,223,Rain: Light,0,0,
75545,2021-08-20 22:24:00,40.80194,-73.93414,0,0,Unspecified,4449031,26.9,22.0,1.1,1.1,0.0,5.0,53,12.4,22.0,310,Drizzle: Moderate,0,0,
75546,2021-08-17 15:17:00,40.68671,-73.979065,0,0,Unspecified,4449066,26.4,22.2,1.6,1.6,0.0,2.0,55,20.3,39.2,158,Drizzle: Dense,0,0,
75547,2021-08-13 09:30:00,40.85715,-73.92741,0,0,Unspecified,4449095,33.2,24.8,0.0,0.0,0.0,0.0,3,18.2,34.9,215,Overcast,0,0,
75548,2021-08-18 12:00:00,40.634506,-73.949455,1,0,Driver Inattention/Distraction,4448464,27.0,21.1,1.5,1.5,0.0,5.0,53,24.7,46.8,150,Drizzle: Moderate,1,1,
75549,2021-08-20 14:45:00,40.652767,-73.8863,4,0,Unspecified,4448944,26.9,22.0,1.1,1.1,0.0,5.0,53,12.4,22.0,310,Drizzle: Moderate,4,4,
75550,2021-08-18 14:15:00,40.667313,-73.73926,0,0,Following Too Closely,4448268,27.0,21.1,1.5,1.5,0.0,5.0,53,24.7,46.8,150,Drizzle: Moderate,0,0,
75551,2021-08-19 16:15:00,40.59319,-74.082405,1,0,Driver Inattention/Distraction,4449643,30.2,23.4,11.8,11.8,0.0,13.0,61,26.3,53.3,223,Rain: Light,1,1,
75552,2021-08-18 05:20:00,40.724506,-73.93768,0,0,Backing Unsafely,4449601,27.0,21.1,1.5,1.5,0.0,5.0,53,24.7,46.8,150,Drizzle: Moderate,0,0,
75553,2021-08-20 18:45:00,40.60723,-74.01624,1,0,Turning Improperly,4449557,26.9,22.0,1.1,1.1,0.0,5.0,53,12.4,22.0,310,Drizzle: Moderate,1,1,
75554,2021-08-19 07:15:00,40.783333,-73.94368,3,0,Driver Inattention/Distraction,4448661,30.2,23.4,11.8,11.8,0.0,13.0,61,26.3,53.3,223,Rain: Light,3,3,
75555,2021-08-20 13:10:00,40.619022,-74.029915,0,0,Passing Too Closely,4448912,26.9,22.0,1.1,1.1,0.0,5.0,53,12.4,22.0,310,Drizzle: Moderate,0,0,
75556,2021-08-19 03:00:00,40.691536,-73.99912,0,0,Unspecified,4448619,30.2,23.4,11.8,11.8,0.0,13.0,61,26.3,53.3,223,Rain: Light,0,0,
75557,2021-08-20 16:50:00,40.844177,-73.90292,0,0,Driver Inattention/Distraction,4449115,26.9,22.0,1.1,1.1,0.0,5.0,53,12.4,22.0,310,Drizzle: Moderate,0,0,
75558,2021-08-20 18:10:00,40.617672,-73.99542,1,0,Driver Inattention/Distraction,4448897,26.9,22.0,1.1,1.1,0.0,5.0,53,12.4,22.0,310,Drizzle: Moderate,1,1,
75559,2021-08-18 20:00:00,40.652363,-73.89137,0,0,Driver Inattention/Distraction,4448391,27.0,21.1,1.5,1.5,0.0,5.0,53,24.7,46.8,150,Drizzle: Moderate,0,0,
75560,2021-08-14 16:30:00,40.765648,-73.99108,2,0,Driver Inattention/Distraction,4448809,31.3,24.2,2.5,2.5,0.0,5.0,55,16.9,32.8,286,Drizzle: Dense,2,2,
75561,2021-08-20 17:30:00,40.87152,-73.84832,0,0,Driver Inattention/Distraction,4449012,26.9,22.0,1.1,1.1,0.0,5.0,53,12.4,22.0,310,Drizzle: Moderate,0,0,
75562,2021-08-19 15:00:00,40.71991,-73.809044,1,0,Unspecified,4448991,30.2,23.4,11.8,11.8,0.0,13.0,61,26.3,53.3,223,Rain: Light,1,1,
75563,2021-08-18 15:06:00,40.647724,-73.97634,0,0,Unspecified,4448356,27.0,21.1,1.5,1.5,0.0,5.0,53,24.7,46.8,150,Drizzle: Moderate,0,0,
75564,2021-08-20 18:20:00,40.71372,-73.93497,1,0,Failure to Yield Right-of-Way,4448929,26.9,22.0,1.1,1.1,0.0,5.0,53,12.4,22.0,310,Drizzle: Moderate,1,1,
75565,2021-08-18 19:50:00,40.574135,-74.08581,1,0,Failure to Yield Right-of-Way,4448565,27.0,21.1,1.5,1.5,0.0,5.0,53,24.7,46.8,150,Drizzle: Moderate,1,1,
75566,2021-08-18 13:16:00,40.526077,-74.18759,0,0,Reaction to Uninvolved Vehicle,4449209,27.0,21.1,1.5,1.5,0.0,5.0,53,24.7,46.8,150,Drizzle: Moderate,0,0,
75567,2021-08-15 17:00:00,40.69045,-73.959435,1,0,Driver Inattention/Distraction,4449234,27.9,20.0,0.0,0.0,0.0,0.0,3,16.6,33.1,25,Overcast,1,1,
75568,2021-08-20 14:57:00,40.726173,-74.01097,0,0,Unspecified,4448974,26.9,22.0,1.1,1.1,0.0,5.0,53,12.4,22.0,310,Drizzle: Moderate,0,0,
75569,2021-08-20 06:20:00,40.746555,-73.82621,1,0,Failure to Yield Right-of-Way,4449047,26.9,22.0,1.1,1.1,0.0,5.0,53,12.4,22.0,310,Drizzle: Moderate,1,1,
75570,2021-08-15 15:25:00,40.67189,-73.895874,2,0,Failure to Yield Right-of-Way,4448942,27.9,20.0,0.0,0.0,0.0,0.0,3,16.6,33.1,25,Overcast,2,2,
75571,2021-08-04 09:17:00,40.67297,-73.96745,0,0,Unsafe Speed,4449379,24.3,17.5,0.1,0.1,0.0,1.0,51,13.7,27.4,57,Drizzle: Light,0,0,
75572,2021-08-19 14:00:00,40.61172,-73.955925,0,0,Unspecified,4449673,30.2,23.4,11.8,11.8,0.0,13.0,61,26.3,53.3,223,Rain: Light,0,0,
75573,2021-08-18 20:05:00,40.680485,-73.774704,2,0,Reaction to Uninvolved Vehicle,4448589,27.0,21.1,1.5,1.5,0.0,5.0,53,24.7,46.8,150,Drizzle: Moderate,2,2,
75574,2021-08-18 21:33:00,40.669548,-73.911674,1,0,Unspecified,4448396,27.0,21.1,1.5,1.5,0.0,5.0,53,24.7,46.8,150,Drizzle: Moderate,1,1,
75575,2021-08-15 06:47:00,40.588573,-73.81228,1,0,Tire Failure/Inadequate,4448814,27.9,20.0,0.0,0.0,0.0,0.0,3,16.6,33.1,25,Overcast,1,1,
75576,2021-08-18 04:40:00,40.75694,-73.93464,0,0,Alcohol Involvement,4449556,27.0,21.1,1.5,1.5,0.0,5.0,53,24.7,46.8,150,Drizzle: Moderate,0,0,
75577,2021-08-17 22:50:00,40.676693,-73.917404,1,0,Following Too Closely,4449399,26.4,22.2,1.6,1.6,0.0,2.0,55,20.3,39.2,158,Drizzle: Dense,1,1,
75578,2021-08-20 08:40:00,40.77132,-73.84655,0,0,Backing Unsafely,4449055,26.9,22.0,1.1,1.1,0.0,5.0,53,12.4,22.0,310,Drizzle: Moderate,0,0,
75579,2021-08-20 21:00:00,40.8197,-73.93449,0,0,Unspecified,4449250,26.9,22.0,1.1,1.1,0.0,5.0,53,12.4,22.0,310,Drizzle: Moderate,0,0,
75580,2021-08-18 21:05:00,40.751568,-73.98799,1,0,Passing Too Closely,4449493,27.0,21.1,1.5,1.5,0.0,5.0,53,24.7,46.8,150,Drizzle: Moderate,1,1,
75581,2021-08-20 21:20:00,40.69078,-73.72728,1,0,Driver Inexperience,4448965,26.9,22.0,1.1,1.1,0.0,5.0,53,12.4,22.0,310,Drizzle: Moderate,1,1,
75582,2021-08-18 17:39:00,40.852383,-73.92048,1,0,Unspecified,4448765,27.0,21.1,1.5,1.5,0.0,5.0,53,24.7,46.8,150,Drizzle: Moderate,1,1,
75583,2021-08-20 22:14:00,40.61382,-73.9512,0,0,Failure to Yield Right-of-Way,4449681,26.9,22.0,1.1,1.1,0.0,5.0,53,12.4,22.0,310,Drizzle: Moderate,0,0,
75584,2021-08-07 06:47:00,40.877537,-73.91039,0,0,Unspecified,4449363,29.7,19.9,0.0,0.0,0.0,0.0,3,24.2,45.0,198,Overcast,0,0,
75585,2021-08-18 11:15:00,40.746445,-73.98603,0,0,Other Vehicular,4448262,27.0,21.1,1.5,1.5,0.0,5.0,53,24.7,46.8,150,Drizzle: Moderate,0,0,
75586,2021-08-18 00:00:00,40.657524,-73.91055,2,0,Unspecified,4448223,27.0,21.1,1.5,1.5,0.0,5.0,53,24.7,46.8,150,Drizzle: Moderate,2,2,
75587,2021-08-19 17:15:00,40.71851,-73.842804,0,0,Failure to Yield Right-of-Way,4448672,30.2,23.4,11.8,11.8,0.0,13.0,61,26.3,53.3,223,Rain: Light,0,0,
75588,2021-10-18 05:00:00,40.7693326,-73.8417321,1,0,Unsafe Speed,4468549,15.8,9.2,0.0,0.0,0.0,0.0,2,32.4,58.3,296,Partly cloudy,1,1,
75589,2021-08-20 15:40:00,40.61611,-73.97545,0,0,Unspecified,4449185,26.9,22.0,1.1,1.1,0.0,5.0,53,12.4,22.0,310,Drizzle: Moderate,0,0,
75590,2021-08-19 20:15:00,40.598434,-74.09198,0,0,Unspecified,4448797,30.2,23.4,11.8,11.8,0.0,13.0,61,26.3,53.3,223,Rain: Light,0,0,
75591,2021-08-04 06:00:00,40.704056,-73.87905,0,0,Unspecified,4448836,24.3,17.5,0.1,0.1,0.0,1.0,51,13.7,27.4,57,Drizzle: Light,0,0,
75592,2021-08-18 10:29:00,40.748222,-73.87835,1,0,Driver Inattention/Distraction,4448535,27.0,21.1,1.5,1.5,0.0,5.0,53,24.7,46.8,150,Drizzle: Moderate,1,1,
75593,2021-08-18 05:40:00,40.81205,-73.95355,0,0,Unspecified,4448414,27.0,21.1,1.5,1.5,0.0,5.0,53,24.7,46.8,150,Drizzle: Moderate,0,0,
75594,2021-08-19 22:00:00,40.85217,-73.78918,0,0,Unspecified,4449124,30.2,23.4,11.8,11.8,0.0,13.0,61,26.3,53.3,223,Rain: Light,0,0,
75595,2021-08-20 12:15:00,40.593807,-73.94062,0,0,Following Too Closely,4448847,26.9,22.0,1.1,1.1,0.0,5.0,53,12.4,22.0,310,Drizzle: Moderate,0,0,
75596,2021-08-18 19:56:00,40.84054,-73.87058,1,0,Other Vehicular,4448518,27.0,21.1,1.5,1.5,0.0,5.0,53,24.7,46.8,150,Drizzle: Moderate,1,1,
75597,2021-08-18 20:20:00,40.63448,-73.962204,1,0,Driver Inattention/Distraction,4448460,27.0,21.1,1.5,1.5,0.0,5.0,53,24.7,46.8,150,Drizzle: Moderate,1,1,
75598,2021-08-18 20:05:00,40.882217,-73.88046,1,0,Aggressive Driving/Road Rage,4449324,27.0,21.1,1.5,1.5,0.0,5.0,53,24.7,46.8,150,Drizzle: Moderate,1,1,
75599,2021-05-07 15:30:00,40.692966,-73.90191,0,0,Following Too Closely,4448864,16.4,7.7,0.0,0.0,0.0,0.0,3,15.8,32.4,73,Overcast,0,0,
75600,2021-08-20 15:40:00,40.639927,-73.94939,1,0,Unspecified,4449419,26.9,22.0,1.1,1.1,0.0,5.0,53,12.4,22.0,310,Drizzle: Moderate,1,1,
75601,2021-08-19 18:30:00,40.654316,-73.922165,0,0,Following Too Closely,4449414,30.2,23.4,11.8,11.8,0.0,13.0,61,26.3,53.3,223,Rain: Light,0,0,
75602,2021-08-18 01:32:00,40.62707,-74.01865,1,0,Following Too Closely,4448209,27.0,21.1,1.5,1.5,0.0,5.0,53,24.7,46.8,150,Drizzle: Moderate,1,1,
75603,2021-08-18 08:27:00,40.768875,-73.94898,0,0,Following Too Closely,4448129,27.0,21.1,1.5,1.5,0.0,5.0,53,24.7,46.8,150,Drizzle: Moderate,0,0,
75604,2021-08-20 22:20:00,40.80119,-73.93003,0,0,Unspecified,4449027,26.9,22.0,1.1,1.1,0.0,5.0,53,12.4,22.0,310,Drizzle: Moderate,0,0,
75605,2021-08-19 08:00:00,40.670868,-73.781425,0,0,Unspecified,4448722,30.2,23.4,11.8,11.8,0.0,13.0,61,26.3,53.3,223,Rain: Light,0,0,
75606,2021-08-18 22:05:00,40.679638,-73.731415,3,0,Driver Inattention/Distraction,4448421,27.0,21.1,1.5,1.5,0.0,5.0,53,24.7,46.8,150,Drizzle: Moderate,3,3,
75607,2021-08-18 00:15:00,40.70325,-73.79195,1,0,Driver Inattention/Distraction,4448311,27.0,21.1,1.5,1.5,0.0,5.0,53,24.7,46.8,150,Drizzle: Moderate,1,1,
75608,2021-08-20 09:05:00,40.664795,-73.93985,0,0,Passing Too Closely,4448824,26.9,22.0,1.1,1.1,0.0,5.0,53,12.4,22.0,310,Drizzle: Moderate,0,0,
75609,2021-08-18 19:50:00,40.696033,-73.984535,1,0,Failure to Yield Right-of-Way,4448627,27.0,21.1,1.5,1.5,0.0,5.0,53,24.7,46.8,150,Drizzle: Moderate,1,1,
75610,2021-08-19 08:00:00,40.69911,-73.93402,0,0,Passing Too Closely,4448657,30.2,23.4,11.8,11.8,0.0,13.0,61,26.3,53.3,223,Rain: Light,0,0,
75611,2021-08-20 09:35:00,40.67216,-73.98721,0,0,Following Too Closely,4448880,26.9,22.0,1.1,1.1,0.0,5.0,53,12.4,22.0,310,Drizzle: Moderate,0,0,
75612,2021-08-20 17:00:00,40.68612,-73.785286,0,0,Passing Too Closely,4448958,26.9,22.0,1.1,1.1,0.0,5.0,53,12.4,22.0,310,Drizzle: Moderate,0,0,
75613,2021-08-18 18:10:00,40.67831,-73.869804,0,0,Unspecified,4448570,27.0,21.1,1.5,1.5,0.0,5.0,53,24.7,46.8,150,Drizzle: Moderate,0,0,
75614,2021-08-18 22:42:00,40.88974,-73.84591,1,0,Failure to Yield Right-of-Way,4449203,27.0,21.1,1.5,1.5,0.0,5.0,53,24.7,46.8,150,Drizzle: Moderate,1,1,
75615,2021-08-20 11:00:00,40.740517,-73.89236,0,0,Unspecified,4448925,26.9,22.0,1.1,1.1,0.0,5.0,53,12.4,22.0,310,Drizzle: Moderate,0,0,
75616,2021-08-11 14:04:00,40.78542,-73.98399,0,0,Driver Inattention/Distraction,4449383,31.2,23.2,2.8,2.8,0.0,7.0,55,23.7,44.6,206,Drizzle: Dense,0,0,
75617,2021-08-18 20:50:00,40.698677,-73.95886,0,0,Passing or Lane Usage Improper,4448696,27.0,21.1,1.5,1.5,0.0,5.0,53,24.7,46.8,150,Drizzle: Moderate,0,0,
75618,2021-08-20 00:45:00,40.638264,-74.021095,0,0,Driver Inattention/Distraction,4448829,26.9,22.0,1.1,1.1,0.0,5.0,53,12.4,22.0,310,Drizzle: Moderate,0,0,
75619,2021-08-20 12:55:00,40.840645,-73.84205,1,0,Other Vehicular,4449688,26.9,22.0,1.1,1.1,0.0,5.0,53,12.4,22.0,310,Drizzle: Moderate,1,1,
75620,2021-08-05 14:40:00,40.757946,-73.9099,0,0,Unspecified,4449544,27.1,17.4,0.1,0.1,0.0,1.0,51,13.2,27.0,5,Drizzle: Light,0,0,
75621,2021-08-16 21:47:00,40.715633,-73.9985,0,0,Passing or Lane Usage Improper,4449226,26.6,19.9,0.0,0.0,0.0,0.0,3,17.7,33.8,121,Overcast,0,0,
75622,2021-08-19 23:45:00,40.803143,-73.97256,1,0,Following Too Closely,4448792,30.2,23.4,11.8,11.8,0.0,13.0,61,26.3,53.3,223,Rain: Light,1,1,
75623,2021-08-20 18:01:00,40.782787,-73.95741,1,0,Driver Inattention/Distraction,4449003,26.9,22.0,1.1,1.1,0.0,5.0,53,12.4,22.0,310,Drizzle: Moderate,1,1,
75624,2021-08-18 13:15:00,40.753544,-73.83381,1,0,Failure to Yield Right-of-Way,4448347,27.0,21.1,1.5,1.5,0.0,5.0,53,24.7,46.8,150,Drizzle: Moderate,1,1,
75625,2021-08-18 02:10:00,40.84541,-73.891136,0,0,Failure to Yield Right-of-Way,4449293,27.0,21.1,1.5,1.5,0.0,5.0,53,24.7,46.8,150,Drizzle: Moderate,0,0,
75626,2021-08-18 16:35:00,40.639725,-73.97201,0,0,Passing Too Closely,4448581,27.0,21.1,1.5,1.5,0.0,5.0,53,24.7,46.8,150,Drizzle: Moderate,0,0,
75627,2021-08-19 08:00:00,40.82466,-73.870804,1,0,Unspecified,4449468,30.2,23.4,11.8,11.8,0.0,13.0,61,26.3,53.3,223,Rain: Light,1,1,
75628,2021-08-19 22:20:00,40.667847,-73.99404,0,0,Driver Inattention/Distraction,4448719,30.2,23.4,11.8,11.8,0.0,13.0,61,26.3,53.3,223,Rain: Light,0,0,
75629,2021-08-18 22:30:00,40.745304,-73.89019,0,0,Traffic Control Disregarded,4448482,27.0,21.1,1.5,1.5,0.0,5.0,53,24.7,46.8,150,Drizzle: Moderate,0,0,
75630,2021-08-18 13:00:00,40.759773,-73.8173,0,0,Passing Too Closely,4449105,27.0,21.1,1.5,1.5,0.0,5.0,53,24.7,46.8,150,Drizzle: Moderate,0,0,
75631,2021-08-16 17:50:00,40.688,-73.99757,0,0,Unspecified,4449367,26.6,19.9,0.0,0.0,0.0,0.0,3,17.7,33.8,121,Overcast,0,0,
75632,2021-08-13 14:50:00,40.662674,-73.94562,1,0,Driver Inattention/Distraction,4448894,33.2,24.8,0.0,0.0,0.0,0.0,3,18.2,34.9,215,Overcast,1,1,
75633,2021-08-19 07:35:00,40.857166,-73.92824,0,0,Outside Car Distraction,4448760,30.2,23.4,11.8,11.8,0.0,13.0,61,26.3,53.3,223,Rain: Light,0,0,
75634,2021-07-29 09:41:00,40.698597,-73.88905,0,0,Unspecified,4448879,25.3,20.4,33.0,33.0,0.0,11.0,65,26.1,50.8,182,Rain: Heavy,0,0,
75635,2021-08-05 10:00:00,40.77421,-73.93182,0,0,Unspecified,4449545,27.1,17.4,0.1,0.1,0.0,1.0,51,13.2,27.0,5,Drizzle: Light,0,0,
75636,2021-08-20 02:20:00,40.70654,-73.95041,0,0,Turning Improperly,4448856,26.9,22.0,1.1,1.1,0.0,5.0,53,12.4,22.0,310,Drizzle: Moderate,0,0,
75637,2021-08-18 07:40:00,40.553837,-74.14578,0,0,Driver Inattention/Distraction,4448251,27.0,21.1,1.5,1.5,0.0,5.0,53,24.7,46.8,150,Drizzle: Moderate,0,0,
75638,2021-08-18 21:00:00,40.816765,-73.93472,0,0,Unspecified,4448511,27.0,21.1,1.5,1.5,0.0,5.0,53,24.7,46.8,150,Drizzle: Moderate,0,0,
75639,2021-08-06 07:30:00,40.755398,-73.93182,0,0,Unspecified,4449547,28.9,17.4,0.0,0.0,0.0,0.0,3,18.1,38.2,188,Overcast,0,0,
75640,2021-08-19 17:56:00,40.784145,-73.91257,1,0,Aggressive Driving/Road Rage,4448677,30.2,23.4,11.8,11.8,0.0,13.0,61,26.3,53.3,223,Rain: Light,1,1,
75641,2021-08-18 22:45:00,40.829144,-73.9287,0,0,Driver Inexperience,4448470,27.0,21.1,1.5,1.5,0.0,5.0,53,24.7,46.8,150,Drizzle: Moderate,0,0,
75642,2021-08-18 09:23:00,40.699707,-73.95718,0,0,Passing or Lane Usage Improper,4448235,27.0,21.1,1.5,1.5,0.0,5.0,53,24.7,46.8,150,Drizzle: Moderate,0,0,
75643,2021-08-19 09:30:00,40.647766,-73.95816,0,0,Unspecified,4449503,30.2,23.4,11.8,11.8,0.0,13.0,61,26.3,53.3,223,Rain: Light,0,0,
75644,2021-08-19 14:04:00,40.850807,-73.86781,0,0,Driver Inattention/Distraction,4448851,30.2,23.4,11.8,11.8,0.0,13.0,61,26.3,53.3,223,Rain: Light,0,0,
75645,2021-08-20 20:00:00,40.762825,-73.93398,1,0,Unspecified,4449569,26.9,22.0,1.1,1.1,0.0,5.0,53,12.4,22.0,310,Drizzle: Moderate,1,1,
75646,2021-08-18 10:20:00,40.72163,-73.99354,0,0,Driver Inexperience,4448540,27.0,21.1,1.5,1.5,0.0,5.0,53,24.7,46.8,150,Drizzle: Moderate,0,0,
75647,2021-08-18 21:00:00,40.739494,-73.97663,0,0,Unspecified,4448532,27.0,21.1,1.5,1.5,0.0,5.0,53,24.7,46.8,150,Drizzle: Moderate,0,0,
75648,2021-08-18 10:00:00,40.87059,-73.84651,0,0,Driver Inattention/Distraction,4448199,27.0,21.1,1.5,1.5,0.0,5.0,53,24.7,46.8,150,Drizzle: Moderate,0,0,
75649,2021-04-12 09:00:00,40.71029,-73.91789,0,0,Other Vehicular,4448868,8.7,6.7,13.6,13.6,0.0,21.0,61,23.4,42.1,51,Rain: Light,0,0,
75650,2021-08-16 15:27:00,40.674862,-73.96008,0,0,Driver Inattention/Distraction,4449434,26.6,19.9,0.0,0.0,0.0,0.0,3,17.7,33.8,121,Overcast,0,0,
75651,2021-08-18 19:00:00,40.727047,-73.95062,0,0,Passing Too Closely,4449616,27.0,21.1,1.5,1.5,0.0,5.0,53,24.7,46.8,150,Drizzle: Moderate,0,0,
75652,2021-08-19 18:24:00,40.64091,-73.90892,1,0,Pedestrian/Bicyclist/Other Pedestrian Error/Confusion,4448700,30.2,23.4,11.8,11.8,0.0,13.0,61,26.3,53.3,223,Rain: Light,1,1,
75653,2021-08-20 08:45:00,40.715443,-73.95185,0,0,Following Too Closely,4449612,26.9,22.0,1.1,1.1,0.0,5.0,53,12.4,22.0,310,Drizzle: Moderate,0,0,
75654,2021-08-18 21:16:00,40.584225,-73.813866,2,0,Unspecified,4448819,27.0,21.1,1.5,1.5,0.0,5.0,53,24.7,46.8,150,Drizzle: Moderate,2,2,
75655,2021-08-20 19:50:00,40.610683,-73.93858,1,0,Obstruction/Debris,4449077,26.9,22.0,1.1,1.1,0.0,5.0,53,12.4,22.0,310,Drizzle: Moderate,1,1,
75656,2021-08-20 09:30:00,40.734276,-73.8477,2,0,Failure to Yield Right-of-Way,4449023,26.9,22.0,1.1,1.1,0.0,5.0,53,12.4,22.0,310,Drizzle: Moderate,2,2,
75657,2021-08-19 12:04:00,40.769753,-73.95458,1,0,Driver Inattention/Distraction,4448740,30.2,23.4,11.8,11.8,0.0,13.0,61,26.3,53.3,223,Rain: Light,1,1,
75658,2021-08-19 04:10:00,40.667953,-73.87007,0,0,Other Vehicular,4448574,30.2,23.4,11.8,11.8,0.0,13.0,61,26.3,53.3,223,Rain: Light,0,0,
75659,2021-08-18 21:55:00,40.856808,-73.92827,0,0,Backing Unsafely,4448772,27.0,21.1,1.5,1.5,0.0,5.0,53,24.7,46.8,150,Drizzle: Moderate,0,0,
75660,2021-08-18 11:10:00,40.750847,-73.94859,0,0,Driver Inattention/Distraction,4448402,27.0,21.1,1.5,1.5,0.0,5.0,53,24.7,46.8,150,Drizzle: Moderate,0,0,
75661,2021-08-19 11:15:00,40.79292,-73.94579,1,0,Passenger Distraction,4448635,30.2,23.4,11.8,11.8,0.0,13.0,61,26.3,53.3,223,Rain: Light,1,1,
75662,2021-08-19 17:35:00,40.69596,-73.964096,0,0,Unsafe Lane Changing,4448653,30.2,23.4,11.8,11.8,0.0,13.0,61,26.3,53.3,223,Rain: Light,0,0,
75663,2021-08-18 01:30:00,40.756718,-73.830826,0,0,Passing or Lane Usage Improper,4448095,27.0,21.1,1.5,1.5,0.0,5.0,53,24.7,46.8,150,Drizzle: Moderate,0,0,
75664,2021-08-20 00:30:00,40.69382,-73.72694,0,0,Unsafe Speed,4448727,26.9,22.0,1.1,1.1,0.0,5.0,53,12.4,22.0,310,Drizzle: Moderate,0,0,
75665,2021-08-18 07:45:00,40.638947,-73.988045,1,0,Failure to Yield Right-of-Way,4448431,27.0,21.1,1.5,1.5,0.0,5.0,53,24.7,46.8,150,Drizzle: Moderate,1,1,
75666,2021-08-18 08:39:00,40.770412,-73.987625,0,0,Driver Inattention/Distraction,4449471,27.0,21.1,1.5,1.5,0.0,5.0,53,24.7,46.8,150,Drizzle: Moderate,0,0,
75667,2021-08-18 16:54:00,40.818058,-73.90501,0,0,Unspecified,4448457,27.0,21.1,1.5,1.5,0.0,5.0,53,24.7,46.8,150,Drizzle: Moderate,0,0,
75668,2021-08-18 10:15:00,40.823574,-73.94158,0,0,Passing Too Closely,4448787,27.0,21.1,1.5,1.5,0.0,5.0,53,24.7,46.8,150,Drizzle: Moderate,0,0,
75669,2021-08-20 11:45:00,40.66685,-73.8907,0,0,Unspecified,4448953,26.9,22.0,1.1,1.1,0.0,5.0,53,12.4,22.0,310,Drizzle: Moderate,0,0,
75670,2021-08-19 18:35:00,40.81824,-73.87001,0,0,Passing Too Closely,4448688,30.2,23.4,11.8,11.8,0.0,13.0,61,26.3,53.3,223,Rain: Light,0,0,
75671,2021-08-18 17:38:00,40.760925,-73.99454,0,0,Following Too Closely,4448804,27.0,21.1,1.5,1.5,0.0,5.0,53,24.7,46.8,150,Drizzle: Moderate,0,0,
75672,2021-08-18 14:54:00,40.772346,-73.826584,1,0,Failure to Yield Right-of-Way,4448344,27.0,21.1,1.5,1.5,0.0,5.0,53,24.7,46.8,150,Drizzle: Moderate,1,1,
75673,2021-08-18 12:58:00,40.676647,-73.91647,1,0,Failure to Yield Right-of-Way,4449483,27.0,21.1,1.5,1.5,0.0,5.0,53,24.7,46.8,150,Drizzle: Moderate,1,1,
75674,2021-08-19 06:00:00,40.732033,-73.91893,0,0,Driver Inattention/Distraction,4448551,30.2,23.4,11.8,11.8,0.0,13.0,61,26.3,53.3,223,Rain: Light,0,0,
75675,2021-08-20 02:42:00,40.69286,-73.87801,0,0,Alcohol Involvement,4448884,26.9,22.0,1.1,1.1,0.0,5.0,53,12.4,22.0,310,Drizzle: Moderate,0,0,
75676,2021-08-20 22:14:00,40.61382,-73.9512,3,0,Unspecified,4449682,26.9,22.0,1.1,1.1,0.0,5.0,53,12.4,22.0,310,Drizzle: Moderate,3,3,
75677,2021-08-20 15:52:00,40.634964,-74.0204,1,0,Unspecified,4448921,26.9,22.0,1.1,1.1,0.0,5.0,53,12.4,22.0,310,Drizzle: Moderate,1,1,
75678,2021-08-17 12:30:00,40.684547,-73.91939,1,0,,4449391,26.4,22.2,1.6,1.6,0.0,2.0,55,20.3,39.2,158,Drizzle: Dense,1,1,
75679,2021-08-19 18:00:00,40.890602,-73.83518,0,0,Passing Too Closely,4449198,30.2,23.4,11.8,11.8,0.0,13.0,61,26.3,53.3,223,Rain: Light,0,0,
75680,2021-08-19 13:00:00,40.606216,-73.96535,1,0,Turning Improperly,4448846,30.2,23.4,11.8,11.8,0.0,13.0,61,26.3,53.3,223,Rain: Light,1,1,
75681,2021-08-20 18:15:00,40.846317,-73.93275,0,0,Driver Inattention/Distraction,4449529,26.9,22.0,1.1,1.1,0.0,5.0,53,12.4,22.0,310,Drizzle: Moderate,0,0,
75682,2021-08-17 14:50:00,40.674625,-74.00772,1,0,Unspecified,4449138,26.4,22.2,1.6,1.6,0.0,2.0,55,20.3,39.2,158,Drizzle: Dense,1,1,
75683,2021-08-18 19:55:00,40.730465,-73.815025,1,0,,4448984,27.0,21.1,1.5,1.5,0.0,5.0,53,24.7,46.8,150,Drizzle: Moderate,1,1,
75684,2021-08-19 19:16:00,40.63328,-74.09509,0,0,Fatigued/Drowsy,4449247,30.2,23.4,11.8,11.8,0.0,13.0,61,26.3,53.3,223,Rain: Light,0,0,