,CRASH DATETIME,LATITUDE,LONGITUDE,NUMBER OF PERSONS INJURED,NUMBER OF PERSONS KILLED,CONTRIBUTING FACTOR VEHICLE 1,COLLISION_ID,temperature_2m_max,temperature_2m_min,precipitation_sum,rain_sum,snowfall_sum,precipitation_hours,weather_code,wind_speed_10m_max,wind_gusts_10m_max,wind_direction_10m_dominant,Weather Description,Severity_Score,Total_Affected_Persons,Weather_Category
75685,2021-08-20 13:17:00,40.640625,-74.014984,1,0,Turning Improperly,4449304,26.9,22.0,1.1,1.1,0.0,5.0,53,12.4,22.0,310,Drizzle: Moderate,1,1,
75686,2021-08-18 17:36:00,40.701008,-73.9424,2,0,Unsafe Speed,4448368,27.0,21.1,1.5,1.5,0.0,5.0,53,24.7,46.8,150,Drizzle: Moderate,2,2,
75687,2021-08-20 16:22:00,40.819016,-73.84804,0,0,Unspecified,4449462,26.9,22.0,1.1,1.1,0.0,5.0,53,12.4,22.0,310,Drizzle: Moderate,0,0,
75688,2021-08-19 23:07:00,40.645473,-74.09287,2,0,Driver Inattention/Distraction,4448714,30.2,23.4,11.8,11.8,0.0,13.0,61,26.3,53.3,223,Rain: Light,2,2,
75689,2021-08-14 18:07:00,40.76374,-73.8289,0,0,Unspecified,4449663,31.3,24.2,2.5,2.5,0.0,5.0,55,16.9,32.8,286,Drizzle: Dense,0,0,
75690,2021-08-20 04:17:00,40.879215,-73.885284,0,0,Unspecified,4448861,26.9,22.0,1.1,1.1,0.0,5.0,53,12.4,22.0,310,Drizzle: Moderate,0,0,
75691,2021-08-19 19:00:00,40.861862,-73.91275,0,0,Traffic Control Disregarded,4448841,30.2,23.4,11.8,11.8,0.0,13.0,61,26.3,53.3,223,Rain: Light,0,0,
75692,2021-08-18 21:17:00,40.659477,-73.908134,0,0,Unspecified,4449110,27.0,21.1,1.5,1.5,0.0,5.0,53,24.7,46.8,150,Drizzle: Moderate,0,0,
75693,2021-08-15 16:00:00,40.772892,-73.92543,0,0,Unspecified,4449551,27.9,20.0,0.0,0.0,0.0,0.0,3,16.6,33.1,25,Overcast,0,0,
75694,2021-08-20 22:30:00,40.871395,-73.89308,1,0,Reaction to Uninvolved Vehicle,4449316,26.9,22.0,1.1,1.1,0.0,5.0,53,12.4,22.0,310,Drizzle: Moderate,1,1,
75695,2021-08-20 13:43:00,40.617893,-73.92575,0,0,Driver Inattention/Distraction,4449350,26.9,22.0,1.1,1.1,0.0,5.0,53,12.4,22.0,310,Drizzle: Moderate,0,0,
75696,2021-08-20 12:37:00,40.636078,-74.019714,1,0,Unspecified,4448911,26.9,22.0,1.1,1.1,0.0,5.0,53,12.4,22.0,310,Drizzle: Moderate,1,1,
75697,2021-08-17 22:00:00,40.812813,-73.94955,0,0,Unspecified,4448778,26.4,22.2,1.6,1.6,0.0,2.0,55,20.3,39.2,158,Drizzle: Dense,0,0,
75698,2021-08-20 08:00:00,40.65943,-73.7613,0,0,Unspecified,4449038,26.9,22.0,1.1,1.1,0.0,5.0,53,12.4,22.0,310,Drizzle: Moderate,0,0,
75699,2021-08-20 06:10:00,40.707664,-73.78772,0,0,Driver Inattention/Distraction,4448873,26.9,22.0,1.1,1.1,0.0,5.0,53,12.4,22.0,310,Drizzle: Moderate,0,0,
75700,2021-08-12 15:14:00,40.73476,-73.95927,1,0,Other Vehicular,4449605,35.2,23.1,0.0,0.0,0.0,0.0,3,21.0,47.5,220,Overcast,1,1,
75701,2021-08-19 21:30:00,0.0,0.0,0,0,Unspecified,4449067,30.2,23.4,11.8,11.8,0.0,13.0,61,26.3,53.3,223,Rain: Light,0,0,
75702,2021-08-17 14:00:00,40.704403,-73.814445,1,0,Following Too Closely,4448980,26.4,22.2,1.6,1.6,0.0,2.0,55,20.3,39.2,158,Drizzle: Dense,1,1,
75703,2021-08-18 06:00:00,40.72261,-73.99242,0,0,Unspecified,4449163,27.0,21.1,1.5,1.5,0.0,5.0,53,24.7,46.8,150,Drizzle: Moderate,0,0,
75704,2021-08-20 00:10:00,40.818974,-73.89145,1,0,Unspecified,4448906,26.9,22.0,1.1,1.1,0.0,5.0,53,12.4,22.0,310,Drizzle: Moderate,1,1,
75705,2021-08-19 11:00:00,40.88392,-73.84633,0,0,Unspecified,4449729,30.2,23.4,11.8,11.8,0.0,13.0,61,26.3,53.3,223,Rain: Light,0,0,
75706,2021-08-19 16:04:00,40.86235,-73.89997,0,0,Following Too Closely,4449309,30.2,23.4,11.8,11.8,0.0,13.0,61,26.3,53.3,223,Rain: Light,0,0,
75707,2021-08-20 21:25:00,40.660656,-73.93033,0,0,Unspecified,4449516,26.9,22.0,1.1,1.1,0.0,5.0,53,12.4,22.0,310,Drizzle: Moderate,0,0,
75708,2021-08-18 06:49:00,40.789433,-73.94759,0,0,Backing Unsafely,4448441,27.0,21.1,1.5,1.5,0.0,5.0,53,24.7,46.8,150,Drizzle: Moderate,0,0,
75709,2021-08-18 11:24:00,40.726067,-73.9089,0,0,Driver Inattention/Distraction,4448292,27.0,21.1,1.5,1.5,0.0,5.0,53,24.7,46.8,150,Drizzle: Moderate,0,0,
75710,2021-08-18 07:58:00,40.68045,-73.88482,2,0,Unspecified,4448173,27.0,21.1,1.5,1.5,0.0,5.0,53,24.7,46.8,150,Drizzle: Moderate,2,2,
75711,2021-08-18 21:17:00,40.669426,-73.972824,1,0,Unsafe Speed,4448499,27.0,21.1,1.5,1.5,0.0,5.0,53,24.7,46.8,150,Drizzle: Moderate,1,1,
75712,2021-08-19 10:40:00,40.69259,-73.858025,0,0,Backing Unsafely,4448561,30.2,23.4,11.8,11.8,0.0,13.0,61,26.3,53.3,223,Rain: Light,0,0,
75713,2021-08-19 18:45:00,40.753857,-73.91764,1,0,Failure to Yield Right-of-Way,4449563,30.2,23.4,11.8,11.8,0.0,13.0,61,26.3,53.3,223,Rain: Light,1,1,
75714,2021-08-18 12:00:00,40.714455,-73.935295,0,0,Unspecified,4448331,27.0,21.1,1.5,1.5,0.0,5.0,53,24.7,46.8,150,Drizzle: Moderate,0,0,
75715,2021-08-18 15:40:00,40.722775,-73.85775,0,0,Backing Unsafely,4448315,27.0,21.1,1.5,1.5,0.0,5.0,53,24.7,46.8,150,Drizzle: Moderate,0,0,
75716,2021-08-18 15:34:00,40.833366,-73.85139,1,0,Failure to Yield Right-of-Way,4448527,27.0,21.1,1.5,1.5,0.0,5.0,53,24.7,46.8,150,Drizzle: Moderate,1,1,
75717,2021-08-19 18:30:00,40.708904,-73.95926,1,0,Passing or Lane Usage Improper,4448706,30.2,23.4,11.8,11.8,0.0,13.0,61,26.3,53.3,223,Rain: Light,1,1,
75718,2021-08-20 00:35:00,40.900486,-73.85411,2,0,Unsafe Speed,4449240,26.9,22.0,1.1,1.1,0.0,5.0,53,12.4,22.0,310,Drizzle: Moderate,2,2,
75719,2021-08-20 10:00:00,40.719826,-73.95775,0,0,Unspecified,4449621,26.9,22.0,1.1,1.1,0.0,5.0,53,12.4,22.0,310,Drizzle: Moderate,0,0,
75720,2021-08-20 19:30:00,40.670235,-73.87604,0,0,Driver Inexperience,4448948,26.9,22.0,1.1,1.1,0.0,5.0,53,12.4,22.0,310,Drizzle: Moderate,0,0,
75721,2021-08-18 17:10:00,40.827168,-73.896225,1,0,Failure to Yield Right-of-Way,4448815,27.0,21.1,1.5,1.5,0.0,5.0,53,24.7,46.8,150,Drizzle: Moderate,1,1,
75722,2021-08-20 09:55:00,40.73378,-73.982414,0,0,Following Too Closely,4449087,26.9,22.0,1.1,1.1,0.0,5.0,53,12.4,22.0,310,Drizzle: Moderate,0,0,
75723,2021-08-18 08:50:00,40.63853,-73.90785,1,0,Passing Too Closely,4448360,27.0,21.1,1.5,1.5,0.0,5.0,53,24.7,46.8,150,Drizzle: Moderate,1,1,
75724,2021-08-18 18:07:00,40.630505,-73.92812,0,0,Unspecified,4448407,27.0,21.1,1.5,1.5,0.0,5.0,53,24.7,46.8,150,Drizzle: Moderate,0,0,
75725,2021-08-12 15:30:00,40.76267,-73.87528,0,0,Unspecified,4448768,35.2,23.1,0.0,0.0,0.0,0.0,3,21.0,47.5,220,Overcast,0,0,
75726,2021-08-18 21:00:00,40.717724,-73.98577,0,0,Unspecified,4448933,27.0,21.1,1.5,1.5,0.0,5.0,53,24.7,46.8,150,Drizzle: Moderate,0,0,
75727,2021-08-19 09:49:00,40.77929,-73.98114,0,0,Driver Inattention/Distraction,4449475,30.2,23.4,11.8,11.8,0.0,13.0,61,26.3,53.3,223,Rain: Light,0,0,
75728,2021-08-18 07:00:00,40.676857,-73.92038,0,0,Unspecified,4448783,27.0,21.1,1.5,1.5,0.0,5.0,53,24.7,46.8,150,Drizzle: Moderate,0,0,
75729,2021-08-18 11:55:00,40.82419,-73.91385,1,0,Driver Inattention/Distraction,4448425,27.0,21.1,1.5,1.5,0.0,5.0,53,24.7,46.8,150,Drizzle: Moderate,1,1,
75730,2021-08-20 18:10:00,40.695965,-73.96642,2,0,Unsafe Speed,4448916,26.9,22.0,1.1,1.1,0.0,5.0,53,12.4,22.0,310,Drizzle: Moderate,2,2,
75731,2021-08-18 06:00:00,40.76624,-73.960236,0,0,Failure to Yield Right-of-Way,4448800,27.0,21.1,1.5,1.5,0.0,5.0,53,24.7,46.8,150,Drizzle: Moderate,0,0,
75732,2021-08-18 13:32:00,40.675625,-73.89879,0,0,Unspecified,4448348,27.0,21.1,1.5,1.5,0.0,5.0,53,24.7,46.8,150,Drizzle: Moderate,0,0,
75733,2021-08-19 09:20:00,40.705246,-73.95908,5,0,Driver Inattention/Distraction,4448749,30.2,23.4,11.8,11.8,0.0,13.0,61,26.3,53.3,223,Rain: Light,5,5,
75734,2021-06-29 18:00:00,40.905605,-73.85317,0,0,Driver Inattention/Distraction,4449192,33.4,24.0,0.7,0.7,0.0,4.0,51,19.5,40.0,231,Drizzle: Light,0,0,
75735,2021-08-18 13:21:00,40.64029,-73.994804,0,0,Unspecified,4448582,27.0,21.1,1.5,1.5,0.0,5.0,53,24.7,46.8,150,Drizzle: Moderate,0,0,
75736,2021-08-17 20:01:00,40.68942,-73.939316,1,0,Driver Inattention/Distraction,4449406,26.4,22.2,1.6,1.6,0.0,2.0,55,20.3,39.2,158,Drizzle: Dense,1,1,
75737,2021-07-29 07:40:00,40.781025,-73.981316,0,0,Brakes Defective,4449017,25.3,20.4,33.0,33.0,0.0,11.0,65,26.1,50.8,182,Rain: Heavy,0,0,
75738,2021-08-12 07:50:00,40.748146,-73.90426,0,0,Unspecified,4449142,35.2,23.1,0.0,0.0,0.0,0.0,3,21.0,47.5,220,Overcast,0,0,
75739,2021-08-20 12:30:00,40.881,-73.917366,0,0,Unspecified,4449372,26.9,22.0,1.1,1.1,0.0,5.0,53,12.4,22.0,310,Drizzle: Moderate,0,0,
75740,2021-08-20 18:25:00,40.581104,-74.16246,3,0,Driver Inattention/Distraction,4449214,26.9,22.0,1.1,1.1,0.0,5.0,53,12.4,22.0,310,Drizzle: Moderate,3,3,
75741,2021-08-19 20:20:00,40.64604,-73.8819,0,0,Passing or Lane Usage Improper,4448938,30.2,23.4,11.8,11.8,0.0,13.0,61,26.3,53.3,223,Rain: Light,0,0,
75742,2021-08-19 12:22:00,40.647114,-73.94338,1,0,Passing or Lane Usage Improper,4448599,30.2,23.4,11.8,11.8,0.0,13.0,61,26.3,53.3,223,Rain: Light,1,1,
75743,2021-08-20 23:30:00,40.704494,-73.81743,0,0,Driver Inattention/Distraction,4449063,26.9,22.0,1.1,1.1,0.0,5.0,53,12.4,22.0,310,Drizzle: Moderate,0,0,
75744,2021-08-20 14:18:00,40.67821,-73.883804,0,0,Driver Inattention/Distraction,4448943,26.9,22.0,1.1,1.1,0.0,5.0,53,12.4,22.0,310,Drizzle: Moderate,0,0,
75745,2021-08-19 17:05:00,40.752098,-73.94425,1,0,Driver Inattention/Distraction,4448901,30.2,23.4,11.8,11.8,0.0,13.0,61,26.3,53.3,223,Rain: Light,1,1,
75746,2021-08-05 14:47:00,40.709415,-73.87022,1,0,Failure to Yield Right-of-Way,4448810,27.1,17.4,0.1,0.1,0.0,1.0,51,13.2,27.0,5,Drizzle: Light,1,1,
75747,2021-06-21 05:45:00,0.0,0.0,0,0,Unspecified,4449265,28.0,21.7,0.5,0.5,0.0,2.0,51,24.4,46.8,181,Drizzle: Light,0,0,
75748,2021-08-19 15:42:00,40.702538,-73.99071,1,0,Failure to Yield Right-of-Way,4448620,30.2,23.4,11.8,11.8,0.0,13.0,61,26.3,53.3,223,Rain: Light,1,1,
75749,2021-08-20 05:00:00,40.60583,-73.75776,0,0,Fell Asleep,4449657,26.9,22.0,1.1,1.1,0.0,5.0,53,12.4,22.0,310,Drizzle: Moderate,0,0,
75750,2021-08-18 23:10:00,40.670715,-73.91703,1,0,Unspecified,4448392,27.0,21.1,1.5,1.5,0.0,5.0,53,24.7,46.8,150,Drizzle: Moderate,1,1,
75751,2021-10-19 11:44:00,40.6686479,-73.9283482,1,0,Driver Inattention/Distraction,4470337,19.1,8.3,0.0,0.0,0.0,0.0,1,24.6,45.0,272,Mainly clear,1,1,Sunny/Clear Conditions
75752,2021-10-15 15:55:00,40.6913292,-73.9517592,0,0,Driver Inattention/Distraction,4467492,25.0,14.5,0.0,0.0,0.0,0.0,3,16.8,28.4,182,Overcast,0,0,
75753,2021-10-24 20:05:00,40.8269923,-73.8200377,1,0,Unspecified,4470640,15.5,7.6,0.7,0.7,0.0,1.0,53,13.0,23.8,248,Drizzle: Moderate,1,1,
75754,2021-10-19 19:12:00,40.5963635,-73.977696,0,0,Alcohol Involvement,4468977,19.1,8.3,0.0,0.0,0.0,0.0,1,24.6,45.0,272,Mainly clear,0,0,Sunny/Clear Conditions
75755,2021-10-22 17:41:00,40.7006627,-73.9877415,0,0,Passing or Lane Usage Improper,4470137,20.3,14.4,0.0,0.0,0.0,0.0,3,18.1,31.3,267,Overcast,0,0,
75756,2021-10-15 08:00:00,40.7038495,-73.9020411,2,0,Failure to Yield Right-of-Way,4468679,25.0,14.5,0.0,0.0,0.0,0.0,3,16.8,28.4,182,Overcast,2,2,
75757,2021-11-02 19:30:00,40.87823,-73.84438,0,0,Unsafe Speed,4473507,11.4,7.0,0.6,0.6,0.0,4.0,51,14.1,28.1,271,Drizzle: Light,0,0,
75758,2021-10-05 15:54:00,40.6796955,-73.9302767,2,0,Following Too Closely,4468046,19.9,15.0,0.0,0.0,0.0,0.0,3,14.5,28.1,46,Overcast,2,2,
75759,2021-10-20 19:10:00,40.7292952,-73.8522364,0,0,Other Vehicular,4469614,24.1,13.8,0.0,0.0,0.0,0.0,3,21.6,37.1,276,Overcast,0,0,
75760,2021-10-25 05:50:00,40.8087502,-73.9525853,0,0,Driver Inattention/Distraction,4470700,22.8,13.5,10.7,10.7,0.0,8.0,63,18.9,33.5,172,Rain: Moderate,0,0,
75761,2021-10-22 10:10:00,40.7901865,-73.9769055,0,0,Passing Too Closely,4469787,20.3,14.4,0.0,0.0,0.0,0.0,3,18.1,31.3,267,Overcast,0,0,
75762,2021-10-19 14:40:00,40.6532071,-73.9402289,1,0,Brakes Defective,4468836,19.1,8.3,0.0,0.0,0.0,0.0,1,24.6,45.0,272,Mainly clear,1,1,Sunny/Clear Conditions
75763,2021-10-22 16:30:00,40.8768341,-73.8647165,0,0,Driver Inattention/Distraction,4470387,20.3,14.4,0.0,0.0,0.0,0.0,3,18.1,31.3,267,Overcast,0,0,
75764,2021-10-13 11:15:00,40.76379,-73.975182,0,0,Unspecified,4466764,21.7,14.8,0.1,0.1,0.0,1.0,51,12.2,23.0,200,Drizzle: Light,0,0,
75765,2021-10-14 17:30:00,40.68424,-73.838076,0,0,Following Too Closely,4467211,25.0,15.4,0.0,0.0,0.0,0.0,3,15.4,29.9,328,Overcast,0,0,
75766,2021-10-21 11:04:00,40.7376173,-73.9863641,0,0,Unspecified,4469482,22.9,12.0,0.0,0.0,0.0,0.0,3,17.0,31.7,207,Overcast,0,0,
75767,2021-10-16 04:35:00,40.6890403,-73.8587368,0,0,Unsafe Speed,4467665,24.3,15.0,17.5,17.5,0.0,9.0,63,25.7,46.4,195,Rain: Moderate,0,0,
75768,2021-10-16 11:20:00,40.6471498,-73.8949618,0,0,Unspecified,4468475,24.3,15.0,17.5,17.5,0.0,9.0,63,25.7,46.4,195,Rain: Moderate,0,0,
75769,2021-10-13 19:46:00,40.7051271,-73.8281825,1,0,Passing Too Closely,4466849,21.7,14.8,0.1,0.1,0.0,1.0,51,12.2,23.0,200,Drizzle: Light,1,1,
75770,2021-10-14 15:00:00,40.7674502,-73.7801083,0,0,Failure to Yield Right-of-Way,4467166,25.0,15.4,0.0,0.0,0.0,0.0,3,15.4,29.9,328,Overcast,0,0,
75771,2021-10-15 22:30:00,40.6804635,-73.9613466,0,0,Driver Inattention/Distraction,4467959,25.0,14.5,0.0,0.0,0.0,0.0,3,16.8,28.4,182,Overcast,0,0,
75772,2021-10-07 15:20:00,40.6750601,-73.9166176,0,0,Unspecified,4468055,22.4,15.7,0.4,0.4,0.0,4.0,51,10.5,20.5,231,Drizzle: Light,0,0,
75773,2021-10-16 21:18:00,40.6807335,-73.9745025,0,0,Traffic Control Disregarded,4468194,24.3,15.0,17.5,17.5,0.0,9.0,63,25.7,46.4,195,Rain: Moderate,0,0,
75774,2021-10-20 13:30:00,40.6347902,-73.9749902,0,0,Unspecified,4469441,24.1,13.8,0.0,0.0,0.0,0.0,3,21.6,37.1,276,Overcast,0,0,
75775,2021-10-21 23:15:00,40.8894449,-73.8349101,3,0,Accelerator Defective,4469722,22.9,12.0,0.0,0.0,0.0,0.0,3,17.0,31.7,207,Overcast,3,3,
75776,2021-10-19 14:48:00,40.8158653,-73.9198588,0,0,Unspecified,4468990,19.1,8.3,0.0,0.0,0.0,0.0,1,24.6,45.0,272,Mainly clear,0,0,Sunny/Clear Conditions
75777,2021-10-16 10:37:00,40.6793378,-73.8948252,4,0,Failure to Yield Right-of-Way,4468175,24.3,15.0,17.5,17.5,0.0,9.0,63,25.7,46.4,195,Rain: Moderate,4,4,
75778,2021-10-22 15:45:00,40.6972045,-73.8133341,1,0,Turning Improperly,4469887,20.3,14.4,0.0,0.0,0.0,0.0,3,18.1,31.3,267,Overcast,1,1,
75779,2021-10-13 16:10:00,40.7199725,-73.9928968,1,0,Driver Inattention/Distraction,4468310,21.7,14.8,0.1,0.1,0.0,1.0,51,12.2,23.0,200,Drizzle: Light,1,1,
75780,2021-10-08 00:00:00,40.7459115,-73.9528779,1,0,Backing Unsafely,4467183,23.7,14.5,0.0,0.0,0.0,0.0,3,13.0,22.3,94,Overcast,1,1,
75781,2021-10-24 12:27:00,40.7423751,-74.0087909,4,0,Driver Inattention/Distraction,4470824,15.5,7.6,0.7,0.7,0.0,1.0,53,13.0,23.8,248,Drizzle: Moderate,4,4,
75782,2021-10-16 23:47:00,40.7098353,-74.0148752,0,0,Unspecified,4468427,24.3,15.0,17.5,17.5,0.0,9.0,63,25.7,46.4,195,Rain: Moderate,0,0,
75783,2021-10-23 14:08:00,40.8519037,-73.9164465,2,0,Failure to Yield Right-of-Way,4470651,15.9,10.4,0.2,0.2,0.0,2.0,51,14.4,26.6,326,Drizzle: Light,2,2,
75784,2021-10-11 15:41:00,40.8782895,-73.8700582,0,0,Passing or Lane Usage Improper,4466344,21.7,16.3,0.0,0.0,0.0,0.0,3,25.7,49.7,41,Overcast,0,0,
75785,2021-10-21 21:15:00,40.751715,-73.8706364,2,0,Driver Inattention/Distraction,4469801,22.9,12.0,0.0,0.0,0.0,0.0,3,17.0,31.7,207,Overcast,2,2,
75786,2021-10-15 12:05:00,40.8041684,-73.9667001,0,0,Passing or Lane Usage Improper,4467398,25.0,14.5,0.0,0.0,0.0,0.0,3,16.8,28.4,182,Overcast,0,0,
75787,2021-10-12 14:50:00,40.6239626,-73.9724457,1,0,Unspecified,4467048,21.6,15.2,0.0,0.0,0.0,0.0,3,11.8,23.8,81,Overcast,1,1,
75788,2021-10-15 13:00:00,40.7300309,-73.9522104,0,0,Unspecified,4468340,25.0,14.5,0.0,0.0,0.0,0.0,3,16.8,28.4,182,Overcast,0,0,
75789,2021-10-16 20:38:00,40.6374668,-74.0282805,1,0,Pedestrian/Bicyclist/Other Pedestrian Error/Confusion,4467693,24.3,15.0,17.5,17.5,0.0,9.0,63,25.7,46.4,195,Rain: Moderate,1,1,
75790,2021-10-13 14:28:00,40.6793737,-73.8864391,0,0,Driver Inattention/Distraction,4468154,21.7,14.8,0.1,0.1,0.0,1.0,51,12.2,23.0,200,Drizzle: Light,0,0,
75791,2021-10-22 17:30:00,40.6901702,-73.7959083,0,0,Traffic Control Disregarded,4470586,20.3,14.4,0.0,0.0,0.0,0.0,3,18.1,31.3,267,Overcast,0,0,
75792,2021-10-22 08:50:00,40.8011849,-73.9397457,1,0,Driver Inattention/Distraction,4470689,20.3,14.4,0.0,0.0,0.0,0.0,3,18.1,31.3,267,Overcast,1,1,
75793,2021-10-17 09:30:00,40.7264997,-73.9889582,0,0,Unspecified,4467825,17.3,11.1,0.2,0.2,0.0,2.0,51,23.9,43.9,293,Drizzle: Light,0,0,
75794,2021-10-23 03:38:00,40.8033301,-73.9487269,2,0,Other Vehicular,4470782,15.9,10.4,0.2,0.2,0.0,2.0,51,14.4,26.6,326,Drizzle: Light,2,2,
75795,2021-10-23 05:25:00,40.7138514,-73.7705203,0,0,Driver Inattention/Distraction,4470564,15.9,10.4,0.2,0.2,0.0,2.0,51,14.4,26.6,326,Drizzle: Light,0,0,
75796,2021-11-02 10:50:00,40.681656,-73.72783,0,0,Driver Inattention/Distraction,4473401,11.4,7.0,0.6,0.6,0.0,4.0,51,14.1,28.1,271,Drizzle: Light,0,0,
75797,2021-10-15 07:40:00,40.8193388,-73.8989644,0,0,Unspecified,4467629,25.0,14.5,0.0,0.0,0.0,0.0,3,16.8,28.4,182,Overcast,0,0,
75798,2021-10-17 14:30:00,40.6986419,-73.9469574,1,0,Following Too Closely,4468008,17.3,11.1,0.2,0.2,0.0,2.0,51,23.9,43.9,293,Drizzle: Light,1,1,
75799,2021-10-21 15:48:00,40.6936492,-73.9833217,1,0,Passing or Lane Usage Improper,4469876,22.9,12.0,0.0,0.0,0.0,0.0,3,17.0,31.7,207,Overcast,1,1,
75800,2021-10-24 03:29:00,40.6881494,-73.8488335,2,0,Passing Too Closely,4470238,15.5,7.6,0.7,0.7,0.0,1.0,53,13.0,23.8,248,Drizzle: Moderate,2,2,
75801,2021-10-22 06:30:00,40.7605853,-73.8459113,0,0,Unspecified,4470455,20.3,14.4,0.0,0.0,0.0,0.0,3,18.1,31.3,267,Overcast,0,0,
75802,2021-10-16 03:40:00,40.5913594,-73.7870974,0,0,Turning Improperly,4468438,24.3,15.0,17.5,17.5,0.0,9.0,63,25.7,46.4,195,Rain: Moderate,0,0,
75803,2021-10-23 17:09:00,40.6604139,-73.8963111,0,0,Driver Inattention/Distraction,4470474,15.9,10.4,0.2,0.2,0.0,2.0,51,14.4,26.6,326,Drizzle: Light,0,0,
75804,2021-11-02 10:34:00,40.71493,-73.983345,0,0,Backing Unsafely,4473825,11.4,7.0,0.6,0.6,0.0,4.0,51,14.1,28.1,271,Drizzle: Light,0,0,
75805,2021-10-24 18:35:00,40.676121,-73.9359976,1,0,Driver Inattention/Distraction,4470438,15.5,7.6,0.7,0.7,0.0,1.0,53,13.0,23.8,248,Drizzle: Moderate,1,1,
75806,2021-10-16 20:50:00,40.8561638,-73.8443975,1,0,Other Vehicular,4467729,24.3,15.0,17.5,17.5,0.0,9.0,63,25.7,46.4,195,Rain: Moderate,1,1,
75807,2021-11-02 18:39:00,40.687004,-73.91769,1,0,Driver Inattention/Distraction,4473550,11.4,7.0,0.6,0.6,0.0,4.0,51,14.1,28.1,271,Drizzle: Light,1,1,
75808,2021-10-20 23:20:00,40.5119121,-74.2498707,0,0,Following Too Closely,4469573,24.1,13.8,0.0,0.0,0.0,0.0,3,21.6,37.1,276,Overcast,0,0,
75809,2021-10-16 10:48:00,40.6749899,-73.856535,0,0,Turning Improperly,4468207,24.3,15.0,17.5,17.5,0.0,9.0,63,25.7,46.4,195,Rain: Moderate,0,0,
75810,2021-10-23 13:40:00,40.769306,-73.9155085,1,0,Unspecified,4470144,15.9,10.4,0.2,0.2,0.0,2.0,51,14.4,26.6,326,Drizzle: Light,1,1,
75811,2021-10-18 18:58:00,40.6103007,-73.9595215,0,0,Turning Improperly,4468590,15.8,9.2,0.0,0.0,0.0,0.0,2,32.4,58.3,296,Partly cloudy,0,0,
75812,2021-10-15 18:29:00,40.7161961,-73.9974902,2,0,Passing or Lane Usage Improper,4468307,25.0,14.5,0.0,0.0,0.0,0.0,3,16.8,28.4,182,Overcast,2,2,
75813,2021-10-20 23:35:00,40.7225113,-73.7440078,0,0,Driver Inattention/Distraction,4469293,24.1,13.8,0.0,0.0,0.0,0.0,3,21.6,37.1,276,Overcast,0,0,
75814,2021-10-20 14:20:00,40.5944448,-73.9860183,0,0,Unspecified,4469352,24.1,13.8,0.0,0.0,0.0,0.0,3,21.6,37.1,276,Overcast,0,0,
75815,2021-10-23 17:12:00,40.7834771,-73.9647574,1,0,Driver Inexperience,4470120,15.9,10.4,0.2,0.2,0.0,2.0,51,14.4,26.6,326,Drizzle: Light,1,1,
75816,2021-10-21 18:20:00,40.6797006,-73.7760474,0,0,Passing Too Closely,4469758,22.9,12.0,0.0,0.0,0.0,0.0,3,17.0,31.7,207,Overcast,0,0,
75817,2021-10-28 08:36:00,40.55554,-74.17562,2,0,Following Too Closely,4473988,15.2,7.9,0.0,0.0,0.0,0.0,3,19.1,34.6,28,Overcast,2,2,
75818,2021-10-23 03:08:00,40.7121976,-73.7688823,1,0,Fell Asleep,4470579,15.9,10.4,0.2,0.2,0.0,2.0,51,14.4,26.6,326,Drizzle: Light,1,1,
75819,2022-04-15 09:45:00,40.608543,-74.08886,0,0,Driver Inattention/Distraction,4519305,19.2,6.3,0.1,0.1,0.0,1.0,51,26.9,46.1,243,Drizzle: Light,0,0,
75820,2021-10-19 14:30:00,40.7491978,-73.9364503,0,0,Driver Inattention/Distraction,4469043,19.1,8.3,0.0,0.0,0.0,0.0,1,24.6,45.0,272,Mainly clear,0,0,Sunny/Clear Conditions
75821,2021-11-02 20:26:00,40.810986,-73.95911,0,0,Unspecified,4473859,11.4,7.0,0.6,0.6,0.0,4.0,51,14.1,28.1,271,Drizzle: Light,0,0,
75822,2021-10-18 11:50:00,40.6390218,-74.022464,2,0,Following Too Closely,4468776,15.8,9.2,0.0,0.0,0.0,0.0,2,32.4,58.3,296,Partly cloudy,2,2,
75823,2021-10-20 11:00:00,40.705064,-73.891268,0,0,Unspecified,4470017,24.1,13.8,0.0,0.0,0.0,0.0,3,21.6,37.1,276,Overcast,0,0,
75824,2021-10-14 11:05:00,40.8035674,-73.9671411,0,0,Following Too Closely,4467147,25.0,15.4,0.0,0.0,0.0,0.0,3,15.4,29.9,328,Overcast,0,0,
75825,2022-04-13 13:48:00,40.667076,-73.99508,1,0,Unspecified,4518943,18.9,7.1,0.0,0.0,0.0,0.0,3,18.7,37.4,112,Overcast,1,1,
75826,2021-10-23 20:00:00,40.8688059,-73.8905447,2,0,Unsafe Speed,4470777,15.9,10.4,0.2,0.2,0.0,2.0,51,14.4,26.6,326,Drizzle: Light,2,2,
75827,2021-11-02 22:20:00,40.744026,-73.92616,1,0,Driver Inattention/Distraction,4473463,11.4,7.0,0.6,0.6,0.0,4.0,51,14.1,28.1,271,Drizzle: Light,1,1,
75828,2021-10-13 17:57:00,40.6289305,-73.9713664,3,0,Unsafe Speed,4466884,21.7,14.8,0.1,0.1,0.0,1.0,51,12.2,23.0,200,Drizzle: Light,3,3,