,CRASH DATETIME,LATITUDE,LONGITUDE,NUMBER OF PERSONS INJURED,NUMBER OF PERSONS KILLED,CONTRIBUTING FACTOR VEHICLE 1,COLLISION_ID,temperature_2m_max,temperature_2m_min,precipitation_sum,rain_sum,snowfall_sum,precipitation_hours,weather_code,wind_speed_10m_max,wind_gusts_10m_max,wind_direction_10m_dominant,Weather Description,Severity_Score,Total_Affected_Persons,Weather_Category
75829,2021-10-11 19:40:00,40.6561603,-73.7673526,3,0,Unsafe Speed,4466306,21.7,16.3,0.0,0.0,0.0,0.0,3,25.7,49.7,41,Overcast,3,3,
75830,2021-10-23 16:52:00,40.6940665,-73.8014174,1,0,Driver Inattention/Distraction,4470581,15.9,10.4,0.2,0.2,0.0,2.0,51,14.4,26.6,326,Drizzle: Light,1,1,
75831,2021-10-18 11:00:00,40.7558352,-73.9281534,0,0,Unspecified,4468643,15.8,9.2,0.0,0.0,0.0,0.0,2,32.4,58.3,296,Partly cloudy,0,0,
75832,2021-10-13 15:00:00,40.6993917,-73.9193749,0,0,Unspecified,4467279,21.7,14.8,0.1,0.1,0.0,1.0,51,12.2,23.0,200,Drizzle: Light,0,0,
75833,2021-10-22 04:11:00,40.5863751,-73.947889,0,0,Unspecified,4469664,20.3,14.4,0.0,0.0,0.0,0.0,3,18.1,31.3,267,Overcast,0,0,
75834,2022-04-12 18:40:00,40.746555,-73.82621,0,0,Backing Unsafely,4519448,20.4,7.7,1.6,1.6,0.0,3.0,53,17.8,36.0,271,Drizzle: Moderate,0,0,
75835,2021-10-22 17:40:00,40.8934115,-73.8573621,0,0,Driver Inattention/Distraction,4470364,20.3,14.4,0.0,0.0,0.0,0.0,3,18.1,31.3,267,Overcast,0,0,
75836,2021-11-01 15:20:00,40.86877,-73.83174,0,0,Unspecified,4473965,14.4,8.0,0.0,0.0,0.0,0.0,3,20.7,38.5,278,Overcast,0,0,
75837,2021-10-15 14:11:00,40.7169255,-74.0108329,0,0,Traffic Control Disregarded,4467597,25.0,14.5,0.0,0.0,0.0,0.0,3,16.8,28.4,182,Overcast,0,0,
75838,2021-10-14 20:33:00,40.7517512,-74.0079259,0,0,Turning Improperly,4467445,25.0,15.4,0.0,0.0,0.0,0.0,3,15.4,29.9,328,Overcast,0,0,
75839,2021-10-16 13:50:00,40.7641484,-73.7262948,0,0,Unspecified,4467676,24.3,15.0,17.5,17.5,0.0,9.0,63,25.7,46.4,195,Rain: Moderate,0,0,
75840,2021-10-13 18:28:00,40.7962162,-73.9496859,0,0,Backing Unsafely,4466867,21.7,14.8,0.1,0.1,0.0,1.0,51,12.2,23.0,200,Drizzle: Light,0,0,
75841,2021-10-20 19:00:00,40.7369995,-73.8752485,1,0,Driver Inattention/Distraction,4469325,24.1,13.8,0.0,0.0,0.0,0.0,3,21.6,37.1,276,Overcast,1,1,
75842,2021-10-24 02:49:00,40.6841902,-73.8702958,0,0,Unspecified,4470487,15.5,7.6,0.7,0.7,0.0,1.0,53,13.0,23.8,248,Drizzle: Moderate,0,0,
75843,2021-10-18 11:45:00,40.7430998,-73.9740095,1,0,Driver Inattention/Distraction,4468578,15.8,9.2,0.0,0.0,0.0,0.0,2,32.4,58.3,296,Partly cloudy,1,1,
75844,2021-10-12 19:48:00,40.8456427,-73.9020981,0,1,Obstruction/Debris,4469160,21.6,15.2,0.0,0.0,0.0,0.0,3,11.8,23.8,81,Overcast,20,1,
75845,2021-10-20 19:00:00,40.8096976,-73.9156325,0,0,Unspecified,4469434,24.1,13.8,0.0,0.0,0.0,0.0,3,21.6,37.1,276,Overcast,0,0,
75846,2021-10-16 08:49:00,40.688224,-73.8361789,0,0,Passenger Distraction,4467644,24.3,15.0,17.5,17.5,0.0,9.0,63,25.7,46.4,195,Rain: Moderate,0,0,
75847,2021-11-02 13:00:00,40.637436,-73.90286,0,0,Driver Inattention/Distraction,4473709,11.4,7.0,0.6,0.6,0.0,4.0,51,14.1,28.1,271,Drizzle: Light,0,0,
75848,2021-10-16 06:30:00,40.5364235,-74.1805817,0,0,Driver Inattention/Distraction,4469526,24.3,15.0,17.5,17.5,0.0,9.0,63,25.7,46.4,195,Rain: Moderate,0,0,
75849,2021-10-18 20:15:00,40.5919203,-73.994005,1,0,Driver Inattention/Distraction,4469011,15.8,9.2,0.0,0.0,0.0,0.0,2,32.4,58.3,296,Partly cloudy,1,1,
75850,2021-10-22 22:17:00,40.8323542,-73.8621362,1,0,Unspecified,4470289,20.3,14.4,0.0,0.0,0.0,0.0,3,18.1,31.3,267,Overcast,1,1,
75851,2021-10-23 04:17:00,40.809621,-73.9281351,0,0,Traffic Control Disregarded,4470613,15.9,10.4,0.2,0.2,0.0,2.0,51,14.4,26.6,326,Drizzle: Light,0,0,
75852,2021-10-21 16:26:00,40.7112201,-73.7282618,1,0,Unspecified,4469583,22.9,12.0,0.0,0.0,0.0,0.0,3,17.0,31.7,207,Overcast,1,1,
75853,2021-10-17 03:55:00,40.6986342,-73.8332229,0,0,Passing Too Closely,4467927,17.3,11.1,0.2,0.2,0.0,2.0,51,23.9,43.9,293,Drizzle: Light,0,0,
75854,2021-10-19 15:23:00,40.7959573,-73.9708287,2,0,Traffic Control Disregarded,4468872,19.1,8.3,0.0,0.0,0.0,0.0,1,24.6,45.0,272,Mainly clear,2,2,Sunny/Clear Conditions
75855,2021-10-19 07:40:00,40.8948215,-73.8541355,1,0,Backing Unsafely,4468793,19.1,8.3,0.0,0.0,0.0,0.0,1,24.6,45.0,272,Mainly clear,1,1,Sunny/Clear Conditions
75856,2021-10-23 00:00:00,40.587447,-73.952127,0,0,Unspecified,4470557,15.9,10.4,0.2,0.2,0.0,2.0,51,14.4,26.6,326,Drizzle: Light,0,0,
75857,2021-10-12 02:00:00,40.8282811,-73.9486042,0,0,Driver Inattention/Distraction,4466903,21.6,15.2,0.0,0.0,0.0,0.0,3,11.8,23.8,81,Overcast,0,0,
75858,2021-09-25 19:45:00,40.5692091,-74.1917808,1,0,Lost Consciousness,4465743,22.8,14.0,0.0,0.0,0.0,0.0,3,7.9,15.8,322,Overcast,1,1,
75859,2021-10-16 18:01:00,40.6444172,-73.9524111,0,0,Unspecified,4468060,24.3,15.0,17.5,17.5,0.0,9.0,63,25.7,46.4,195,Rain: Moderate,0,0,
75860,2021-10-14 16:05:00,40.8209989,-73.8968919,1,0,Unspecified,4467353,25.0,15.4,0.0,0.0,0.0,0.0,3,15.4,29.9,328,Overcast,1,1,
75861,2021-10-22 18:40:00,40.6376871,-73.9965194,0,0,Unspecified,4470611,20.3,14.4,0.0,0.0,0.0,0.0,3,18.1,31.3,267,Overcast,0,0,
75862,2021-11-02 04:20:00,40.817116,-73.88307,0,0,Passing Too Closely,4473558,11.4,7.0,0.6,0.6,0.0,4.0,51,14.1,28.1,271,Drizzle: Light,0,0,
75863,2021-10-14 15:15:00,40.7917574,-73.9482388,0,0,Unspecified,4467578,25.0,15.4,0.0,0.0,0.0,0.0,3,15.4,29.9,328,Overcast,0,0,
75864,2021-10-20 17:40:00,40.65104,-74.0110961,1,0,Unspecified,4469398,24.1,13.8,0.0,0.0,0.0,0.0,3,21.6,37.1,276,Overcast,1,1,
75865,2021-10-14 21:05:00,40.7149447,-73.9766502,1,0,Driver Inattention/Distraction,4467198,25.0,15.4,0.0,0.0,0.0,0.0,3,15.4,29.9,328,Overcast,1,1,
75866,2021-10-07 21:50:00,40.6390218,-74.022464,1,0,Unspecified,4466467,22.4,15.7,0.4,0.4,0.0,4.0,51,10.5,20.5,231,Drizzle: Light,1,1,
75867,2021-10-14 22:45:00,40.7464777,-73.9838968,0,0,Failure to Yield Right-of-Way,4469193,25.0,15.4,0.0,0.0,0.0,0.0,3,15.4,29.9,328,Overcast,0,0,
75868,2021-10-13 17:45:00,40.5135884,-74.2475619,0,0,Driver Inattention/Distraction,4467298,21.7,14.8,0.1,0.1,0.0,1.0,51,12.2,23.0,200,Drizzle: Light,0,0,
75869,2021-10-13 12:35:00,40.727594,-73.985294,1,0,Failure to Yield Right-of-Way,4466839,21.7,14.8,0.1,0.1,0.0,1.0,51,12.2,23.0,200,Drizzle: Light,1,1,
75870,2021-10-12 00:15:00,40.7609587,-73.8076794,0,0,Passing or Lane Usage Improper,4468102,21.6,15.2,0.0,0.0,0.0,0.0,3,11.8,23.8,81,Overcast,0,0,
75871,2021-10-16 15:45:00,40.6512859,-73.9550566,1,0,Unspecified,4470257,24.3,15.0,17.5,17.5,0.0,9.0,63,25.7,46.4,195,Rain: Moderate,1,1,
75872,2021-10-15 07:10:00,40.6646204,-73.907767,0,0,Passing Too Closely,4467808,25.0,14.5,0.0,0.0,0.0,0.0,3,16.8,28.4,182,Overcast,0,0,
75873,2021-10-23 14:35:00,40.7232769,-73.9374098,0,0,Failure to Yield Right-of-Way,4470431,15.9,10.4,0.2,0.2,0.0,2.0,51,14.4,26.6,326,Drizzle: Light,0,0,
75874,2021-10-22 15:20:00,40.6662815,-73.9527249,0,0,Driver Inattention/Distraction,4470121,20.3,14.4,0.0,0.0,0.0,0.0,3,18.1,31.3,267,Overcast,0,0,
75875,2021-10-20 18:45:00,40.8776194,-73.8548065,0,0,Backing Unsafely,4469558,24.1,13.8,0.0,0.0,0.0,0.0,3,21.6,37.1,276,Overcast,0,0,
75876,2021-10-20 07:55:00,40.6739993,-73.9603914,0,0,Following Too Closely,4470347,24.1,13.8,0.0,0.0,0.0,0.0,3,21.6,37.1,276,Overcast,0,0,
75877,2021-10-23 18:59:00,40.8540264,-73.9207729,1,0,Failure to Yield Right-of-Way,4470656,15.9,10.4,0.2,0.2,0.0,2.0,51,14.4,26.6,326,Drizzle: Light,1,1,
75878,2021-10-22 08:20:00,40.8339028,-73.8835048,0,0,Passing Too Closely,4470787,20.3,14.4,0.0,0.0,0.0,0.0,3,18.1,31.3,267,Overcast,0,0,
75879,2021-10-15 14:07:00,40.8501677,-73.9357542,1,0,Other Vehicular,4468825,25.0,14.5,0.0,0.0,0.0,0.0,3,16.8,28.4,182,Overcast,1,1,
75880,2021-11-02 03:15:00,40.66484,-73.82229,0,0,Unsafe Speed,4473337,11.4,7.0,0.6,0.6,0.0,4.0,51,14.1,28.1,271,Drizzle: Light,0,0,
75881,2021-10-15 16:17:00,40.6465545,-74.0157368,1,0,Unspecified,4467530,25.0,14.5,0.0,0.0,0.0,0.0,3,16.8,28.4,182,Overcast,1,1,
75882,2021-10-23 22:00:00,40.7180039,-73.986584,3,0,Alcohol Involvement,4470365,15.9,10.4,0.2,0.2,0.0,2.0,51,14.4,26.6,326,Drizzle: Light,3,3,
75883,2021-10-23 18:55:00,40.796797,-73.9471753,1,0,Turning Improperly,4470132,15.9,10.4,0.2,0.2,0.0,2.0,51,14.4,26.6,326,Drizzle: Light,1,1,
75884,2021-10-18 18:20:00,40.625724,-74.0752109,0,0,Unspecified,4469264,15.8,9.2,0.0,0.0,0.0,0.0,2,32.4,58.3,296,Partly cloudy,0,0,
75885,2021-10-19 20:13:00,40.6531902,-73.9662132,0,0,Unspecified,4469122,19.1,8.3,0.0,0.0,0.0,0.0,1,24.6,45.0,272,Mainly clear,0,0,Sunny/Clear Conditions
75886,2021-10-21 12:22:00,40.8438242,-73.9103666,1,0,Passing Too Closely,4469531,22.9,12.0,0.0,0.0,0.0,0.0,3,17.0,31.7,207,Overcast,1,1,
75887,2021-10-21 00:00:00,40.7600741,-73.9961212,1,0,Driver Inattention/Distraction,4470814,22.9,12.0,0.0,0.0,0.0,0.0,3,17.0,31.7,207,Overcast,1,1,
75888,2021-10-18 09:29:00,40.6863108,-73.9744391,1,0,Unspecified,4469370,15.8,9.2,0.0,0.0,0.0,0.0,2,32.4,58.3,296,Partly cloudy,1,1,
75889,2021-11-01 10:26:00,40.862717,-73.9023,0,0,Unspecified,4474258,14.4,8.0,0.0,0.0,0.0,0.0,3,20.7,38.5,278,Overcast,0,0,
75890,2021-11-02 16:00:00,40.720604,-73.80697,0,0,Backing Unsafely,4473624,11.4,7.0,0.6,0.6,0.0,4.0,51,14.1,28.1,271,Drizzle: Light,0,0,
75891,2021-10-18 09:47:00,40.6781617,-73.9350461,0,0,Driver Inattention/Distraction,4469206,15.8,9.2,0.0,0.0,0.0,0.0,2,32.4,58.3,296,Partly cloudy,0,0,
75892,2021-10-18 13:42:00,40.6752035,-73.9729522,0,0,Reaction to Uninvolved Vehicle,4468692,15.8,9.2,0.0,0.0,0.0,0.0,2,32.4,58.3,296,Partly cloudy,0,0,
75893,2021-10-19 08:56:00,40.6362865,-73.9713597,1,0,Unspecified,4469075,19.1,8.3,0.0,0.0,0.0,0.0,1,24.6,45.0,272,Mainly clear,1,1,Sunny/Clear Conditions
75894,2021-10-10 14:16:00,40.8680396,-73.8790955,2,0,Driver Inattention/Distraction,4466349,18.5,16.0,2.4,2.4,0.0,8.0,53,27.2,52.6,52,Drizzle: Moderate,2,2,
75895,2021-10-15 11:30:00,40.737019,-73.7080393,0,0,Unspecified,4467486,25.0,14.5,0.0,0.0,0.0,0.0,3,16.8,28.4,182,Overcast,0,0,
75896,2021-10-12 05:03:00,40.7498691,-73.8627259,1,0,Failure to Yield Right-of-Way,4467910,21.6,15.2,0.0,0.0,0.0,0.0,3,11.8,23.8,81,Overcast,1,1,
75897,2021-10-11 15:36:00,40.665837,-73.9425282,2,0,Driver Inattention/Distraction,4466253,21.7,16.3,0.0,0.0,0.0,0.0,3,25.7,49.7,41,Overcast,2,2,
75898,2021-10-22 13:50:00,40.6332231,-74.0151464,1,0,Unspecified,4469908,20.3,14.4,0.0,0.0,0.0,0.0,3,18.1,31.3,267,Overcast,1,1,
75899,2021-10-15 01:13:00,40.6409422,-73.8961288,0,0,Driver Inattention/Distraction,4468808,25.0,14.5,0.0,0.0,0.0,0.0,3,16.8,28.4,182,Overcast,0,0,
75900,2021-10-18 07:18:00,40.8507741,-73.9354247,0,0,Following Too Closely,4468857,15.8,9.2,0.0,0.0,0.0,0.0,2,32.4,58.3,296,Partly cloudy,0,0,
75901,2021-11-02 04:10:00,40.714855,-73.76289,0,0,Driver Inattention/Distraction,4474111,11.4,7.0,0.6,0.6,0.0,4.0,51,14.1,28.1,271,Drizzle: Light,0,0,
75902,2021-10-19 13:00:00,40.5529198,-74.1930668,0,0,Driver Inattention/Distraction,4469791,19.1,8.3,0.0,0.0,0.0,0.0,1,24.6,45.0,272,Mainly clear,0,0,Sunny/Clear Conditions
75903,2021-10-18 13:22:00,40.5722228,-74.1213878,0,0,Brakes Defective,4469940,15.8,9.2,0.0,0.0,0.0,0.0,2,32.4,58.3,296,Partly cloudy,0,0,
75904,2021-10-20 17:30:00,40.5793999,-74.1694817,0,0,Driver Inattention/Distraction,4469389,24.1,13.8,0.0,0.0,0.0,0.0,3,21.6,37.1,276,Overcast,0,0,
75905,2021-10-10 23:10:00,40.605073,-73.9427678,4,0,Traffic Control Disregarded,4466283,18.5,16.0,2.4,2.4,0.0,8.0,53,27.2,52.6,52,Drizzle: Moderate,4,4,
75906,2021-10-22 11:03:00,40.8134236,-73.8984246,2,0,Traffic Control Disregarded,4470067,20.3,14.4,0.0,0.0,0.0,0.0,3,18.1,31.3,267,Overcast,2,2,
75907,2021-09-02 20:00:00,40.851658,-73.8971,0,0,Driver Inattention/Distraction,4473971,24.5,15.0,24.6,24.6,0.0,5.0,65,43.0,83.5,344,Rain: Heavy,0,0,
75908,2021-10-01 23:22:00,40.6474513,-74.0064495,0,0,Unspecified,4468253,19.4,9.5,0.0,0.0,0.0,0.0,0,13.8,28.1,302,Clear sky,0,0,Sunny/Clear Conditions
75909,2021-10-13 20:43:00,40.7076955,-73.8370428,0,0,Other Vehicular,4466850,21.7,14.8,0.1,0.1,0.0,1.0,51,12.2,23.0,200,Drizzle: Light,0,0,
75910,2021-10-24 11:00:00,40.6686054,-73.7504353,0,0,Unspecified,4470332,15.5,7.6,0.7,0.7,0.0,1.0,53,13.0,23.8,248,Drizzle: Moderate,0,0,
75911,2021-10-22 14:00:00,40.6660852,-73.8280776,2,0,Passing or Lane Usage Improper,4470546,20.3,14.4,0.0,0.0,0.0,0.0,3,18.1,31.3,267,Overcast,2,2,
75912,2021-10-17 15:30:00,40.6640852,-73.9493357,0,0,Unspecified,4468041,17.3,11.1,0.2,0.2,0.0,2.0,51,23.9,43.9,293,Drizzle: Light,0,0,
75913,2021-10-19 03:50:00,40.5409975,-74.1730253,0,0,Driver Inattention/Distraction,4469813,19.1,8.3,0.0,0.0,0.0,0.0,1,24.6,45.0,272,Mainly clear,0,0,Sunny/Clear Conditions
75914,2021-09-25 14:40:00,40.8411547,-73.9319189,0,0,Driver Inattention/Distraction,4467364,22.8,14.0,0.0,0.0,0.0,0.0,3,7.9,15.8,322,Overcast,0,0,
75915,2021-10-18 00:01:00,40.57385,-74.105496,1,0,Unsafe Lane Changing,4470114,15.8,9.2,0.0,0.0,0.0,0.0,2,32.4,58.3,296,Partly cloudy,1,1,
75916,2021-10-16 04:00:00,40.7569342,-73.866598,0,0,Unsafe Speed,4467867,24.3,15.0,17.5,17.5,0.0,9.0,63,25.7,46.4,195,Rain: Moderate,0,0,
75917,2021-10-16 01:30:00,40.6652573,-73.7395512,0,0,Reaction to Uninvolved Vehicle,4467546,24.3,15.0,17.5,17.5,0.0,9.0,63,25.7,46.4,195,Rain: Moderate,0,0,
75918,2021-10-23 01:41:00,40.678723,-73.9529869,1,0,Unsafe Speed,4470524,15.9,10.4,0.2,0.2,0.0,2.0,51,14.4,26.6,326,Drizzle: Light,1,1,
75919,2022-04-15 15:25:00,40.806133,-73.961555,0,0,Unspecified,4519591,19.2,6.3,0.1,0.1,0.0,1.0,51,26.9,46.1,243,Drizzle: Light,0,0,
75920,2021-10-22 18:22:00,40.8499963,-73.9386533,0,0,Driver Inattention/Distraction,4470866,20.3,14.4,0.0,0.0,0.0,0.0,3,18.1,31.3,267,Overcast,0,0,
75921,2021-10-18 04:00:00,40.7608275,-73.8747004,0,0,Alcohol Involvement,4468387,15.8,9.2,0.0,0.0,0.0,0.0,2,32.4,58.3,296,Partly cloudy,0,0,
75922,2021-10-20 22:34:00,40.7262166,-73.83871,0,0,Failure to Yield Right-of-Way,4469623,24.1,13.8,0.0,0.0,0.0,0.0,3,21.6,37.1,276,Overcast,0,0,
75923,2021-10-17 13:53:00,40.6072833,-73.9442064,0,0,Turning Improperly,4468238,17.3,11.1,0.2,0.2,0.0,2.0,51,23.9,43.9,293,Drizzle: Light,0,0,
75924,2021-10-18 02:19:00,40.6741611,-73.7275548,0,0,Turning Improperly,4470044,15.8,9.2,0.0,0.0,0.0,0.0,2,32.4,58.3,296,Partly cloudy,0,0,
75925,2021-10-21 09:10:00,40.6025308,-73.9929254,1,0,Backing Unsafely,4469408,22.9,12.0,0.0,0.0,0.0,0.0,3,17.0,31.7,207,Overcast,1,1,
75926,2021-10-19 18:52:00,40.6861824,-73.7914819,0,0,Passing Too Closely,4470049,19.1,8.3,0.0,0.0,0.0,0.0,1,24.6,45.0,272,Mainly clear,0,0,Sunny/Clear Conditions
75927,2021-10-21 06:10:00,40.6328856,-73.9476978,0,0,Aggressive Driving/Road Rage,4469338,22.9,12.0,0.0,0.0,0.0,0.0,3,17.0,31.7,207,Overcast,0,0,
75928,2021-10-21 22:30:00,40.7567104,-73.9864571,0,0,Reaction to Uninvolved Vehicle,4469621,22.9,12.0,0.0,0.0,0.0,0.0,3,17.0,31.7,207,Overcast,0,0,
75929,2021-10-22 22:20:00,40.6204631,-73.9281921,1,0,Unspecified,4469972,20.3,14.4,0.0,0.0,0.0,0.0,3,18.1,31.3,267,Overcast,1,1,
75930,2021-10-09 23:41:00,40.7586947,-73.9853377,0,0,Passing or Lane Usage Improper,4466312,20.2,15.2,1.2,1.2,0.0,5.0,51,22.8,42.8,71,Drizzle: Light,0,0,
75931,2021-10-22 22:40:00,40.8838609,-73.8558854,1,0,Failure to Yield Right-of-Way,4470399,20.3,14.4,0.0,0.0,0.0,0.0,3,18.1,31.3,267,Overcast,1,1,
75932,2021-09-17 10:30:00,40.8294755,-73.9312624,2,0,Unsafe Lane Changing,4460970,23.6,20.1,1.0,1.0,0.0,7.0,51,20.3,38.9,59,Drizzle: Light,2,2,
75933,2021-10-13 13:20:00,40.8406623,-73.9042584,0,0,Unspecified,4466856,21.7,14.8,0.1,0.1,0.0,1.0,51,12.2,23.0,200,Drizzle: Light,0,0,
75934,2021-10-19 15:00:00,40.6846859,-73.8773221,1,0,Failure to Yield Right-of-Way,4469238,19.1,8.3,0.0,0.0,0.0,0.0,1,24.6,45.0,272,Mainly clear,1,1,Sunny/Clear Conditions
75935,2021-11-02 15:50:00,40.657864,-73.89227,0,0,Pavement Defective,4473582,11.4,7.0,0.6,0.6,0.0,4.0,51,14.1,28.1,271,Drizzle: Light,0,0,
75936,2021-11-01 09:55:00,40.81417,-73.93431,1,0,Fell Asleep,4473936,14.4,8.0,0.0,0.0,0.0,0.0,3,20.7,38.5,278,Overcast,1,1,
75937,2021-10-22 08:25:00,40.8328296,-73.9112848,1,0,Glare,4470193,20.3,14.4,0.0,0.0,0.0,0.0,3,18.1,31.3,267,Overcast,1,1,
75938,2021-10-22 13:50:00,40.715743,-74.0016846,0,0,Driver Inattention/Distraction,4470240,20.3,14.4,0.0,0.0,0.0,0.0,3,18.1,31.3,267,Overcast,0,0,
75939,2021-10-21 10:50:00,40.8279035,-73.9121694,0,0,Unspecified,4470741,22.9,12.0,0.0,0.0,0.0,0.0,3,17.0,31.7,207,Overcast,0,0,
75940,2021-10-12 23:10:00,40.659204,-73.9099875,2,0,Unspecified,4469768,21.6,15.2,0.0,0.0,0.0,0.0,3,11.8,23.8,81,Overcast,2,2,
75941,2021-10-22 17:50:00,40.7628577,-73.888589,0,0,Driver Inattention/Distraction,4470879,20.3,14.4,0.0,0.0,0.0,0.0,3,18.1,31.3,267,Overcast,0,0,
75942,2021-10-13 11:15:00,40.8542644,-73.8693786,0,0,Driver Inattention/Distraction,4468803,21.7,14.8,0.1,0.1,0.0,1.0,51,12.2,23.0,200,Drizzle: Light,0,0,
75943,2021-10-22 16:00:00,40.5950018,-73.7953602,3,0,Failure to Yield Right-of-Way,4469919,20.3,14.4,0.0,0.0,0.0,0.0,3,18.1,31.3,267,Overcast,3,3,
75944,2021-10-15 10:40:00,40.7440404,-73.8180315,0,0,Passing or Lane Usage Improper,4467385,25.0,14.5,0.0,0.0,0.0,0.0,3,16.8,28.4,182,Overcast,0,0,
75945,2021-10-16 00:00:00,40.7351608,-73.897833,1,0,Driver Inattention/Distraction,4467744,24.3,15.0,17.5,17.5,0.0,9.0,63,25.7,46.4,195,Rain: Moderate,1,1,
75946,2021-10-21 09:34:00,40.8332351,-73.9050394,1,0,Driver Inattention/Distraction,4470792,22.9,12.0,0.0,0.0,0.0,0.0,3,17.0,31.7,207,Overcast,1,1,
75947,2021-10-22 09:55:00,40.6877861,-73.9704916,3,0,Following Too Closely,4469845,20.3,14.4,0.0,0.0,0.0,0.0,3,18.1,31.3,267,Overcast,3,3,
75948,2021-10-18 19:12:00,40.7322776,-73.8492638,1,0,Following Too Closely,4469786,15.8,9.2,0.0,0.0,0.0,0.0,2,32.4,58.3,296,Partly cloudy,1,1,
75949,2021-10-14 15:00:00,40.6848799,-73.9231026,0,0,Passing Too Closely,4468122,25.0,15.4,0.0,0.0,0.0,0.0,3,15.4,29.9,328,Overcast,0,0,
75950,2021-11-02 17:25:00,40.7426,-73.997925,0,0,Turning Improperly,4473433,11.4,7.0,0.6,0.6,0.0,4.0,51,14.1,28.1,271,Drizzle: Light,0,0,
75951,2021-11-02 13:30:00,40.644073,-74.077774,0,0,Driver Inexperience,4473792,11.4,7.0,0.6,0.6,0.0,4.0,51,14.1,28.1,271,Drizzle: Light,0,0,
75952,2021-10-15 20:20:00,40.7290846,-73.9854122,1,0,Passenger Distraction,4467612,25.0,14.5,0.0,0.0,0.0,0.0,3,16.8,28.4,182,Overcast,1,1,
75953,2021-10-13 16:20:00,40.7395229,-73.9868503,0,0,View Obstructed/Limited,4468760,21.7,14.8,0.1,0.1,0.0,1.0,51,12.2,23.0,200,Drizzle: Light,0,0,
75954,2021-10-12 19:34:00,40.6344751,-73.9793734,0,0,Unspecified,4466946,21.6,15.2,0.0,0.0,0.0,0.0,3,11.8,23.8,81,Overcast,0,0,
75955,2021-10-20 23:02:00,40.8325737,-73.9105155,1,0,Failure to Yield Right-of-Way,4469541,24.1,13.8,0.0,0.0,0.0,0.0,3,21.6,37.1,276,Overcast,1,1,
75956,2021-10-10 18:10:00,40.8327073,-73.8426489,0,0,Backing Unsafely,4467460,18.5,16.0,2.4,2.4,0.0,8.0,53,27.2,52.6,52,Drizzle: Moderate,0,0,
75957,2021-10-13 19:32:00,40.7503922,-73.9052229,1,0,Driver Inattention/Distraction,4466815,21.7,14.8,0.1,0.1,0.0,1.0,51,12.2,23.0,200,Drizzle: Light,1,1,
75958,2021-10-18 11:45:00,40.7446316,-73.9026255,0,0,Driver Inattention/Distraction,4468471,15.8,9.2,0.0,0.0,0.0,0.0,2,32.4,58.3,296,Partly cloudy,0,0,
75959,2021-10-14 07:18:00,40.6236805,-73.9977125,1,0,Driver Inattention/Distraction,4467105,25.0,15.4,0.0,0.0,0.0,0.0,3,15.4,29.9,328,Overcast,1,1,
75960,2021-10-16 12:00:00,40.5972673,-73.9986569,1,0,Driver Inattention/Distraction,4467840,24.3,15.0,17.5,17.5,0.0,9.0,63,25.7,46.4,195,Rain: Moderate,1,1,
75961,2021-10-18 08:12:00,40.6968391,-73.9870607,0,0,Unspecified,4468419,15.8,9.2,0.0,0.0,0.0,0.0,2,32.4,58.3,296,Partly cloudy,0,0,
75962,2021-10-19 12:40:00,40.8075087,-73.8835523,0,0,Passing Too Closely,4469021,19.1,8.3,0.0,0.0,0.0,0.0,1,24.6,45.0,272,Mainly clear,0,0,Sunny/Clear Conditions
75963,2021-10-15 10:53:00,40.8055312,-73.9397483,1,0,Backing Unsafely,4467338,25.0,14.5,0.0,0.0,0.0,0.0,3,16.8,28.4,182,Overcast,1,1,
75964,2021-10-15 12:50:00,40.6194456,-73.9458096,0,0,Driver Inattention/Distraction,4467761,25.0,14.5,0.0,0.0,0.0,0.0,3,16.8,28.4,182,Overcast,0,0,
75965,2022-04-13 10:20:00,40.802876,-73.93598,0,0,Other Vehicular,4518665,18.9,7.1,0.0,0.0,0.0,0.0,3,18.7,37.4,112,Overcast,0,0,
75966,2021-10-14 23:00:00,40.8101754,-73.9374076,1,0,Traffic Control Disregarded,4469384,25.0,15.4,0.0,0.0,0.0,0.0,3,15.4,29.9,328,Overcast,1,1,
75967,2021-10-18 10:30:00,40.6972045,-73.8133341,0,0,Passing or Lane Usage Improper,4468771,15.8,9.2,0.0,0.0,0.0,0.0,2,32.4,58.3,296,Partly cloudy,0,0,
75968,2021-10-20 16:00:00,40.7112201,-73.7282618,1,0,Driver Inattention/Distraction,4469257,24.1,13.8,0.0,0.0,0.0,0.0,3,21.6,37.1,276,Overcast,1,1,
75969,2021-10-20 13:02:00,40.8467636,-73.8901847,0,0,Driver Inattention/Distraction,4469488,24.1,13.8,0.0,0.0,0.0,0.0,3,21.6,37.1,276,Overcast,0,0,
75970,2021-10-13 10:30:00,40.7587736,-73.9971887,0,0,Turning Improperly,4470809,21.7,14.8,0.1,0.1,0.0,1.0,51,12.2,23.0,200,Drizzle: Light,0,0,
75971,2021-10-22 17:10:00,40.8044551,-73.9118464,1,0,Unspecified,4470636,20.3,14.4,0.0,0.0,0.0,0.0,3,18.1,31.3,267,Overcast,1,1,