,CRASH DATETIME,LATITUDE,LONGITUDE,NUMBER OF PERSONS INJURED,NUMBER OF PERSONS KILLED,CONTRIBUTING FACTOR VEHICLE 1,COLLISION_ID,temperature_2m_max,temperature_2m_min,precipitation_sum,rain_sum,snowfall_sum,precipitation_hours,weather_code,wind_speed_10m_max,wind_gusts_10m_max,wind_direction_10m_dominant,Weather Description,Severity_Score,Total_Affected_Persons,Weather_Category
75972,2021-10-15 12:50:00,40.7795404,-73.9597725,0,0,Driver Inattention/Distraction,4469090,25.0,14.5,0.0,0.0,0.0,0.0,3,16.8,28.4,182,Overcast,0,0,
75973,2021-10-13 14:20:00,40.7225346,-73.9593451,1,0,Following Too Closely,4466877,21.7,14.8,0.1,0.1,0.0,1.0,51,12.2,23.0,200,Drizzle: Light,1,1,
75974,2021-10-23 00:00:00,40.7539366,-73.8602884,0,0,Driver Inattention/Distraction,4470208,15.9,10.4,0.2,0.2,0.0,2.0,51,14.4,26.6,326,Drizzle: Light,0,0,
75975,2021-10-19 18:20:00,40.694886,-73.908381,0,0,Backing Unsafely,4469796,19.1,8.3,0.0,0.0,0.0,0.0,1,24.6,45.0,272,Mainly clear,0,0,Sunny/Clear Conditions
75976,2021-11-02 10:15:00,40.683914,-73.997406,1,0,Driver Inattention/Distraction,4473513,11.4,7.0,0.6,0.6,0.0,4.0,51,14.1,28.1,271,Drizzle: Light,1,1,
75977,2021-10-12 22:45:00,40.8378751,-73.9196986,0,0,Unspecified,4468275,21.6,15.2,0.0,0.0,0.0,0.0,3,11.8,23.8,81,Overcast,0,0,
75978,2021-10-13 14:09:00,40.765868,-73.9574126,1,0,Driver Inexperience,4467009,21.7,14.8,0.1,0.1,0.0,1.0,51,12.2,23.0,200,Drizzle: Light,1,1,
75979,2021-10-14 21:28:00,40.615516,-74.1329664,0,0,Unspecified,4468852,25.0,15.4,0.0,0.0,0.0,0.0,3,15.4,29.9,328,Overcast,0,0,
75980,2021-10-15 20:00:00,40.6405699,-73.9139042,2,0,Failure to Yield Right-of-Way,4467523,25.0,14.5,0.0,0.0,0.0,0.0,3,16.8,28.4,182,Overcast,2,2,
75981,2021-10-21 18:29:00,40.7958661,-73.9742575,1,0,Unspecified,4469697,22.9,12.0,0.0,0.0,0.0,0.0,3,17.0,31.7,207,Overcast,1,1,
75982,2021-10-22 17:30:00,40.7461632,-73.9566493,0,0,Driver Inattention/Distraction,4469955,20.3,14.4,0.0,0.0,0.0,0.0,3,18.1,31.3,267,Overcast,0,0,
75983,2021-10-17 22:27:00,40.6870802,-73.913891,0,0,Other Vehicular,4468675,17.3,11.1,0.2,0.2,0.0,2.0,51,23.9,43.9,293,Drizzle: Light,0,0,
75984,2021-10-20 00:00:00,40.8434552,-73.892867,0,0,Driver Inattention/Distraction,4469486,24.1,13.8,0.0,0.0,0.0,0.0,3,21.6,37.1,276,Overcast,0,0,
75985,2021-10-24 12:00:00,40.7637669,-73.9119451,0,0,Unspecified,4470683,15.5,7.6,0.7,0.7,0.0,1.0,53,13.0,23.8,248,Drizzle: Moderate,0,0,
75986,2021-10-14 08:19:00,40.7499908,-73.9886538,1,0,Unspecified,4467115,25.0,15.4,0.0,0.0,0.0,0.0,3,15.4,29.9,328,Overcast,1,1,
75987,2021-10-17 17:50:00,40.7605342,-73.7734423,0,0,Passing Too Closely,4468092,17.3,11.1,0.2,0.2,0.0,2.0,51,23.9,43.9,293,Drizzle: Light,0,0,
75988,2021-08-20 23:55:00,40.84989,-73.93332,1,0,Turning Improperly,4449777,26.9,22.0,1.1,1.1,0.0,5.0,53,12.4,22.0,310,Drizzle: Moderate,1,1,
75989,2021-10-09 11:30:00,40.6720783,-73.941946,0,0,Following Too Closely,4466768,20.2,15.2,1.2,1.2,0.0,5.0,51,22.8,42.8,71,Drizzle: Light,0,0,
75990,2021-10-19 08:00:00,40.71392,-73.9376718,0,0,Unspecified,4468724,19.1,8.3,0.0,0.0,0.0,0.0,1,24.6,45.0,272,Mainly clear,0,0,Sunny/Clear Conditions
75991,2021-10-14 16:30:00,40.6856536,-73.8286257,0,0,Passing or Lane Usage Improper,4467215,25.0,15.4,0.0,0.0,0.0,0.0,3,15.4,29.9,328,Overcast,0,0,
75992,2021-10-19 17:55:00,40.6715968,-73.9905275,1,0,Backing Unsafely,4469105,19.1,8.3,0.0,0.0,0.0,0.0,1,24.6,45.0,272,Mainly clear,1,1,Sunny/Clear Conditions
75993,2021-10-21 18:15:00,40.7633472,-73.8839423,1,0,Driver Inattention/Distraction,4469568,22.9,12.0,0.0,0.0,0.0,0.0,3,17.0,31.7,207,Overcast,1,1,
75994,2021-11-02 14:38:00,40.638447,-73.95309,1,0,Unspecified,4473736,11.4,7.0,0.6,0.6,0.0,4.0,51,14.1,28.1,271,Drizzle: Light,1,1,
75995,2021-10-15 21:25:00,40.5117356,-74.2104339,1,0,Passing or Lane Usage Improper,4469737,25.0,14.5,0.0,0.0,0.0,0.0,3,16.8,28.4,182,Overcast,1,1,
75996,2021-10-15 13:00:00,40.7794367,-73.9475068,0,0,Driver Inattention/Distraction,4468073,25.0,14.5,0.0,0.0,0.0,0.0,3,16.8,28.4,182,Overcast,0,0,
75997,2021-10-15 06:00:00,40.8661815,-73.8226314,1,0,Failure to Yield Right-of-Way,4467396,25.0,14.5,0.0,0.0,0.0,0.0,3,16.8,28.4,182,Overcast,1,1,
75998,2021-10-17 20:03:00,40.8349361,-73.9402988,0,0,Failure to Yield Right-of-Way,4468115,17.3,11.1,0.2,0.2,0.0,2.0,51,23.9,43.9,293,Drizzle: Light,0,0,
75999,2021-10-16 15:21:00,40.7445614,-73.9307531,0,0,Driver Inattention/Distraction,4467661,24.3,15.0,17.5,17.5,0.0,9.0,63,25.7,46.4,195,Rain: Moderate,0,0,
76000,2021-11-02 18:20:00,40.674397,-73.896515,0,0,Unspecified,4473583,11.4,7.0,0.6,0.6,0.0,4.0,51,14.1,28.1,271,Drizzle: Light,0,0,
76001,2021-10-13 14:53:00,40.8473568,-73.9351714,0,0,Other Vehicular,4468840,21.7,14.8,0.1,0.1,0.0,1.0,51,12.2,23.0,200,Drizzle: Light,0,0,
76002,2021-10-13 23:00:00,40.7091925,-73.9684789,0,0,Driver Inattention/Distraction,4466845,21.7,14.8,0.1,0.1,0.0,1.0,51,12.2,23.0,200,Drizzle: Light,0,0,
76003,2021-10-11 23:32:00,40.8137456,-73.9313928,1,0,Traffic Control Disregarded,4466327,21.7,16.3,0.0,0.0,0.0,0.0,3,25.7,49.7,41,Overcast,1,1,
76004,2021-10-23 11:00:00,40.6280275,-73.8986563,0,0,Driver Inattention/Distraction,4470082,15.9,10.4,0.2,0.2,0.0,2.0,51,14.4,26.6,326,Drizzle: Light,0,0,
76005,2021-10-13 20:13:00,40.7015443,-73.9383643,0,0,Aggressive Driving/Road Rage,4466935,21.7,14.8,0.1,0.1,0.0,1.0,51,12.2,23.0,200,Drizzle: Light,0,0,
76006,2021-10-16 08:15:00,40.5763924,-73.9868932,1,0,Driver Inattention/Distraction,4467793,24.3,15.0,17.5,17.5,0.0,9.0,63,25.7,46.4,195,Rain: Moderate,1,1,
76007,2021-10-18 21:46:00,40.6778685,-73.9033142,1,0,Unspecified,4468605,15.8,9.2,0.0,0.0,0.0,0.0,2,32.4,58.3,296,Partly cloudy,1,1,
76008,2021-10-14 08:15:00,40.7726568,-73.9009562,1,0,Driver Inattention/Distraction,4466977,25.0,15.4,0.0,0.0,0.0,0.0,3,15.4,29.9,328,Overcast,1,1,
76009,2021-10-14 09:06:00,40.798471,-73.9690036,1,0,Traffic Control Disregarded,4467143,25.0,15.4,0.0,0.0,0.0,0.0,3,15.4,29.9,328,Overcast,1,1,
76010,2021-10-16 13:20:00,40.7231438,-73.8942654,3,0,Traffic Control Disregarded,4467981,24.3,15.0,17.5,17.5,0.0,9.0,63,25.7,46.4,195,Rain: Moderate,3,3,
76011,2021-10-16 19:00:00,40.842098,-73.9262315,0,0,Unspecified,4468406,24.3,15.0,17.5,17.5,0.0,9.0,63,25.7,46.4,195,Rain: Moderate,0,0,
76012,2021-10-13 23:02:00,40.6313535,-73.9463597,0,0,Backing Unsafely,4466888,21.7,14.8,0.1,0.1,0.0,1.0,51,12.2,23.0,200,Drizzle: Light,0,0,
76013,2021-10-13 11:44:00,40.6237893,-73.9082017,0,0,Unspecified,4466776,21.7,14.8,0.1,0.1,0.0,1.0,51,12.2,23.0,200,Drizzle: Light,0,0,
76014,2021-10-20 23:20:00,40.6796023,-73.8034831,1,0,Unspecified,4470695,24.1,13.8,0.0,0.0,0.0,0.0,3,21.6,37.1,276,Overcast,1,1,
76015,2021-10-20 05:55:00,40.5862603,-73.9489224,1,0,Turning Improperly,4469305,24.1,13.8,0.0,0.0,0.0,0.0,3,21.6,37.1,276,Overcast,1,1,
76016,2021-10-18 08:00:00,40.7737736,-73.8246766,0,0,Failure to Yield Right-of-Way,4468557,15.8,9.2,0.0,0.0,0.0,0.0,2,32.4,58.3,296,Partly cloudy,0,0,
76017,2021-10-18 00:40:00,40.8128153,-73.9418016,0,0,Alcohol Involvement,4468293,15.8,9.2,0.0,0.0,0.0,0.0,2,32.4,58.3,296,Partly cloudy,0,0,
76018,2021-10-17 22:10:00,40.6759124,-73.8949099,0,0,Unspecified,4468179,17.3,11.1,0.2,0.2,0.0,2.0,51,23.9,43.9,293,Drizzle: Light,0,0,
76019,2021-10-24 22:15:00,40.6613694,-73.9193349,1,0,Unspecified,4470618,15.5,7.6,0.7,0.7,0.0,1.0,53,13.0,23.8,248,Drizzle: Moderate,1,1,
76020,2021-10-21 08:51:00,40.8002297,-73.9594853,0,0,Passing Too Closely,4469423,22.9,12.0,0.0,0.0,0.0,0.0,3,17.0,31.7,207,Overcast,0,0,
76021,2021-10-19 12:49:00,40.8612759,-73.8636528,0,0,Driver Inattention/Distraction,4468867,19.1,8.3,0.0,0.0,0.0,0.0,1,24.6,45.0,272,Mainly clear,0,0,Sunny/Clear Conditions
76022,2021-10-15 08:05:00,40.8786453,-73.871598,0,0,Unspecified,4467402,25.0,14.5,0.0,0.0,0.0,0.0,3,16.8,28.4,182,Overcast,0,0,
76023,2021-10-17 12:35:00,40.6118085,-74.121222,1,0,Pedestrian/Bicyclist/Other Pedestrian Error/Confusion,4468788,17.3,11.1,0.2,0.2,0.0,2.0,51,23.9,43.9,293,Drizzle: Light,1,1,
76024,2021-10-20 13:40:00,40.6358672,-74.0055846,0,0,View Obstructed/Limited,4469189,24.1,13.8,0.0,0.0,0.0,0.0,3,21.6,37.1,276,Overcast,0,0,
76025,2021-10-14 13:40:00,40.5830447,-74.0961705,0,0,Following Too Closely,4467179,25.0,15.4,0.0,0.0,0.0,0.0,3,15.4,29.9,328,Overcast,0,0,
76026,2021-11-02 18:15:00,40.771053,-73.98715,0,0,Driver Inattention/Distraction,4474159,11.4,7.0,0.6,0.6,0.0,4.0,51,14.1,28.1,271,Drizzle: Light,0,0,
76027,2021-10-20 08:00:00,40.8229458,-73.8681791,0,0,Unspecified,4469085,24.1,13.8,0.0,0.0,0.0,0.0,3,21.6,37.1,276,Overcast,0,0,
76028,2021-10-03 22:00:00,40.7604221,-73.9288487,0,0,Driver Inattention/Distraction,4467878,25.9,12.8,0.0,0.0,0.0,0.0,3,12.0,24.1,217,Overcast,0,0,
76029,2021-10-15 08:05:00,40.633209,-73.9225857,0,0,Passing or Lane Usage Improper,4467311,25.0,14.5,0.0,0.0,0.0,0.0,3,16.8,28.4,182,Overcast,0,0,
76030,2021-10-15 15:24:00,40.7038568,-73.9185039,0,0,Passing or Lane Usage Improper,4469026,25.0,14.5,0.0,0.0,0.0,0.0,3,16.8,28.4,182,Overcast,0,0,
76031,2021-10-18 04:45:00,40.6486415,-73.8830711,1,0,Driver Inattention/Distraction,4468484,15.8,9.2,0.0,0.0,0.0,0.0,2,32.4,58.3,296,Partly cloudy,1,1,
76032,2021-10-20 09:45:00,40.7381361,-73.8125094,0,0,Unspecified,4469605,24.1,13.8,0.0,0.0,0.0,0.0,3,21.6,37.1,276,Overcast,0,0,
76033,2021-10-14 18:52:00,40.7624884,-73.9629739,0,0,Driver Inattention/Distraction,4467318,25.0,15.4,0.0,0.0,0.0,0.0,3,15.4,29.9,328,Overcast,0,0,
76034,2021-10-14 16:36:00,40.6283543,-73.9023447,0,0,Unspecified,4467202,25.0,15.4,0.0,0.0,0.0,0.0,3,15.4,29.9,328,Overcast,0,0,
76035,2021-10-19 18:35:00,40.8693189,-73.91711,1,0,Failure to Yield Right-of-Way,4469117,19.1,8.3,0.0,0.0,0.0,0.0,1,24.6,45.0,272,Mainly clear,1,1,Sunny/Clear Conditions
76036,2021-10-18 11:30:00,40.7495815,-73.8698426,0,0,Driver Inattention/Distraction,4468860,15.8,9.2,0.0,0.0,0.0,0.0,2,32.4,58.3,296,Partly cloudy,0,0,
76037,2021-10-15 17:25:00,40.7959573,-73.9708287,0,0,Driver Inattention/Distraction,4467583,25.0,14.5,0.0,0.0,0.0,0.0,3,16.8,28.4,182,Overcast,0,0,
76038,2021-10-23 11:15:00,40.6830499,-73.9737625,1,0,Backing Unsafely,4470569,15.9,10.4,0.2,0.2,0.0,2.0,51,14.4,26.6,326,Drizzle: Light,1,1,
76039,2021-10-14 15:00:00,40.6066661,-74.0825443,0,0,Unsafe Lane Changing,4468656,25.0,15.4,0.0,0.0,0.0,0.0,3,15.4,29.9,328,Overcast,0,0,
76040,2021-10-19 08:13:00,40.7041489,-73.9463747,0,0,Passing Too Closely,4468958,19.1,8.3,0.0,0.0,0.0,0.0,1,24.6,45.0,272,Mainly clear,0,0,Sunny/Clear Conditions
76041,2021-10-23 20:00:00,40.6386809,-73.9168107,1,0,Unspecified,4470148,15.9,10.4,0.2,0.2,0.0,2.0,51,14.4,26.6,326,Drizzle: Light,1,1,
76042,2021-08-14 16:54:00,40.827076,-73.90749,4,0,Passing or Lane Usage Improper,4446930,31.3,24.2,2.5,2.5,0.0,5.0,55,16.9,32.8,286,Drizzle: Dense,4,4,
76043,2021-08-19 04:50:00,40.78702,-73.968094,3,0,Turning Improperly,4448491,30.2,23.4,11.8,11.8,0.0,13.0,61,26.3,53.3,223,Rain: Light,3,3,
76044,2021-10-21 19:20:00,40.6651292,-73.8448522,0,0,Passing or Lane Usage Improper,4469633,22.9,12.0,0.0,0.0,0.0,0.0,3,17.0,31.7,207,Overcast,0,0,
76045,2021-10-14 20:30:00,40.7062217,-73.9158997,0,0,Failure to Keep Right,4467434,25.0,15.4,0.0,0.0,0.0,0.0,3,15.4,29.9,328,Overcast,0,0,
76046,2021-10-13 17:50:00,40.7468287,-73.883652,1,0,Driver Inattention/Distraction,4469668,21.7,14.8,0.1,0.1,0.0,1.0,51,12.2,23.0,200,Drizzle: Light,1,1,
76047,2021-10-21 09:53:00,40.8172447,-73.8831342,0,0,Backing Unsafely,4469473,22.9,12.0,0.0,0.0,0.0,0.0,3,17.0,31.7,207,Overcast,0,0,
76048,2021-10-18 15:45:00,40.6926785,-73.9861168,0,0,Passing or Lane Usage Improper,4468539,15.8,9.2,0.0,0.0,0.0,0.0,2,32.4,58.3,296,Partly cloudy,0,0,
76049,2021-10-17 03:00:00,40.769306,-73.9155085,0,0,Driver Inattention/Distraction,4470745,17.3,11.1,0.2,0.2,0.0,2.0,51,23.9,43.9,293,Drizzle: Light,0,0,
76050,2021-10-13 14:20:00,40.7035375,-73.9091362,0,0,Unspecified,4469421,21.7,14.8,0.1,0.1,0.0,1.0,51,12.2,23.0,200,Drizzle: Light,0,0,
76051,2021-10-16 11:50:00,40.8231352,-73.8948833,1,0,Unspecified,4467633,24.3,15.0,17.5,17.5,0.0,9.0,63,25.7,46.4,195,Rain: Moderate,1,1,
76052,2021-10-18 06:42:00,40.8449733,-73.9024678,0,0,Driver Inattention/Distraction,4468318,15.8,9.2,0.0,0.0,0.0,0.0,2,32.4,58.3,296,Partly cloudy,0,0,
76053,2021-10-22 09:25:00,40.7526925,-73.9730457,1,0,Unspecified,4469880,20.3,14.4,0.0,0.0,0.0,0.0,3,18.1,31.3,267,Overcast,1,1,
76054,2021-11-02 13:35:00,40.810753,-73.96443,0,0,Driver Inattention/Distraction,4473884,11.4,7.0,0.6,0.6,0.0,4.0,51,14.1,28.1,271,Drizzle: Light,0,0,
76055,2021-10-13 22:00:00,40.6030815,-73.7488228,0,0,Unspecified,4467068,21.7,14.8,0.1,0.1,0.0,1.0,51,12.2,23.0,200,Drizzle: Light,0,0,
76056,2021-10-18 15:50:00,40.8742704,-73.8847756,0,0,Unspecified,4468521,15.8,9.2,0.0,0.0,0.0,0.0,2,32.4,58.3,296,Partly cloudy,0,0,
76057,2021-11-02 12:30:00,40.76814,-73.98622,0,0,Unspecified,4473527,11.4,7.0,0.6,0.6,0.0,4.0,51,14.1,28.1,271,Drizzle: Light,0,0,
76058,2021-10-25 06:35:00,40.7436399,-73.9968689,0,0,Passing or Lane Usage Improper,4470835,22.8,13.5,10.7,10.7,0.0,8.0,63,18.9,33.5,172,Rain: Moderate,0,0,
76059,2021-10-23 11:00:00,40.8544106,-73.862933,1,0,Unsafe Speed,4470647,15.9,10.4,0.2,0.2,0.0,2.0,51,14.4,26.6,326,Drizzle: Light,1,1,
76060,2021-10-16 06:50:00,40.5926584,-73.7966137,0,0,Following Too Closely,4468028,24.3,15.0,17.5,17.5,0.0,9.0,63,25.7,46.4,195,Rain: Moderate,0,0,
76061,2021-10-21 14:30:00,40.7804168,-73.803135,0,0,Following Too Closely,4470760,22.9,12.0,0.0,0.0,0.0,0.0,3,17.0,31.7,207,Overcast,0,0,
76062,2021-10-15 11:16:00,40.6711066,-73.8814331,0,0,Driver Inattention/Distraction,4467407,25.0,14.5,0.0,0.0,0.0,0.0,3,16.8,28.4,182,Overcast,0,0,
76063,2021-10-19 17:53:00,40.7060869,-73.8084942,1,0,Glare,4470272,19.1,8.3,0.0,0.0,0.0,0.0,1,24.6,45.0,272,Mainly clear,1,1,Sunny/Clear Conditions
76064,2021-10-18 15:02:00,40.8256025,-73.8176567,1,0,Unspecified,4468639,15.8,9.2,0.0,0.0,0.0,0.0,2,32.4,58.3,296,Partly cloudy,1,1,
76065,2021-10-21 22:26:00,40.6327099,-74.1351702,0,0,Driver Inattention/Distraction,4469828,22.9,12.0,0.0,0.0,0.0,0.0,3,17.0,31.7,207,Overcast,0,0,
76066,2021-10-23 08:30:00,40.6745992,-73.9388939,0,0,Obstruction/Debris,4470250,15.9,10.4,0.2,0.2,0.0,2.0,51,14.4,26.6,326,Drizzle: Light,0,0,
76067,2021-10-19 16:30:00,40.7281455,-73.9491599,0,0,Turning Improperly,4469551,19.1,8.3,0.0,0.0,0.0,0.0,1,24.6,45.0,272,Mainly clear,0,0,Sunny/Clear Conditions
76068,2021-11-02 10:45:00,40.5177,-74.24055,0,0,Turning Improperly,4473608,11.4,7.0,0.6,0.6,0.0,4.0,51,14.1,28.1,271,Drizzle: Light,0,0,
76069,2021-10-16 04:50:00,40.7510224,-73.9403938,0,0,Driver Inattention/Distraction,4467551,24.3,15.0,17.5,17.5,0.0,9.0,63,25.7,46.4,195,Rain: Moderate,0,0,
76070,2021-08-21 23:20:00,40.659374,-73.951126,1,0,View Obstructed/Limited,4449174,27.2,23.0,0.8,0.8,0.0,6.0,51,14.3,29.5,109,Drizzle: Light,1,1,
76071,2021-08-21 17:50:00,40.648983,-73.94841,0,0,Unspecified,4449429,27.2,23.0,0.8,0.8,0.0,6.0,51,14.3,29.5,109,Drizzle: Light,0,0,
76072,2021-08-21 03:03:00,40.861862,-73.91275,0,0,Unspecified,4449301,27.2,23.0,0.8,0.8,0.0,6.0,51,14.3,29.5,109,Drizzle: Light,0,0,
76073,2021-08-21 23:15:00,40.78389,-73.95662,0,0,,4449811,27.2,23.0,0.8,0.8,0.0,6.0,51,14.3,29.5,109,Drizzle: Light,0,0,
76074,2021-08-21 01:56:00,40.749825,-73.972206,0,0,Turning Improperly,4448957,27.2,23.0,0.8,0.8,0.0,6.0,51,14.3,29.5,109,Drizzle: Light,0,0,
76075,2021-08-21 02:30:00,40.67422,-73.82171,0,0,Unspecified,4449264,27.2,23.0,0.8,0.8,0.0,6.0,51,14.3,29.5,109,Drizzle: Light,0,0,
76076,2021-08-21 04:00:00,40.73135,-73.98256,0,0,Failure to Yield Right-of-Way,4449581,27.2,23.0,0.8,0.8,0.0,6.0,51,14.3,29.5,109,Drizzle: Light,0,0,
76077,2021-08-21 06:00:00,40.74099,-73.86563,0,0,Driver Inattention/Distraction,4449344,27.2,23.0,0.8,0.8,0.0,6.0,51,14.3,29.5,109,Drizzle: Light,0,0,
76078,2021-08-21 20:00:00,40.806774,-73.919815,0,0,Unspecified,4449749,27.2,23.0,0.8,0.8,0.0,6.0,51,14.3,29.5,109,Drizzle: Light,0,0,
76079,2021-08-21 16:35:00,40.77146,-73.994354,2,0,Following Too Closely,4449957,27.2,23.0,0.8,0.8,0.0,6.0,51,14.3,29.5,109,Drizzle: Light,2,2,
76080,2021-08-21 04:48:00,40.67922,-73.90405,0,0,Following Too Closely,4448997,27.2,23.0,0.8,0.8,0.0,6.0,51,14.3,29.5,109,Drizzle: Light,0,0,
76081,2021-08-21 11:20:00,40.7905,-73.94755,0,0,Backing Unsafely,4449359,27.2,23.0,0.8,0.8,0.0,6.0,51,14.3,29.5,109,Drizzle: Light,0,0,
76082,2021-08-21 08:30:00,40.69078,-73.72728,0,0,Unspecified,4449805,27.2,23.0,0.8,0.8,0.0,6.0,51,14.3,29.5,109,Drizzle: Light,0,0,
76083,2021-08-21 16:46:00,40.83751,-73.83446,3,0,Fell Asleep,4449703,27.2,23.0,0.8,0.8,0.0,6.0,51,14.3,29.5,109,Drizzle: Light,3,3,
76084,2021-08-21 09:25:00,40.763878,-73.72672,0,0,Passing Too Closely,4449021,27.2,23.0,0.8,0.8,0.0,6.0,51,14.3,29.5,109,Drizzle: Light,0,0,
76085,2021-08-21 20:33:00,40.73698,-73.89417,0,0,Unspecified,4449144,27.2,23.0,0.8,0.8,0.0,6.0,51,14.3,29.5,109,Drizzle: Light,0,0,
76086,2021-08-21 17:30:00,40.67386,-73.88259,1,0,Other Vehicular,4449437,27.2,23.0,0.8,0.8,0.0,6.0,51,14.3,29.5,109,Drizzle: Light,1,1,
76087,2021-08-21 21:08:00,40.828068,-73.87298,0,0,Unspecified,4449461,27.2,23.0,0.8,0.8,0.0,6.0,51,14.3,29.5,109,Drizzle: Light,0,0,
76088,2021-08-21 20:30:00,40.684277,-73.78302,1,0,Alcohol Involvement,4449593,27.2,23.0,0.8,0.8,0.0,6.0,51,14.3,29.5,109,Drizzle: Light,1,1,
76089,2021-08-21 19:35:00,40.54615,-74.15449,0,0,Failure to Yield Right-of-Way,4449644,27.2,23.0,0.8,0.8,0.0,6.0,51,14.3,29.5,109,Drizzle: Light,0,0,
76090,2021-08-21 20:16:00,40.59419,-73.99771,0,0,Driver Inattention/Distraction,4449121,27.2,23.0,0.8,0.8,0.0,6.0,51,14.3,29.5,109,Drizzle: Light,0,0,
76091,2021-08-21 12:04:00,40.705906,-73.91048,2,0,Aggressive Driving/Road Rage,4449068,27.2,23.0,0.8,0.8,0.0,6.0,51,14.3,29.5,109,Drizzle: Light,2,2,
76092,2021-08-21 21:15:00,40.709984,-73.95856,0,0,Illnes,4449907,27.2,23.0,0.8,0.8,0.0,6.0,51,14.3,29.5,109,Drizzle: Light,0,0,
76093,2021-08-21 16:30:00,40.829422,-73.897575,1,0,Driver Inattention/Distraction,4449946,27.2,23.0,0.8,0.8,0.0,6.0,51,14.3,29.5,109,Drizzle: Light,1,1,
76094,2021-08-21 00:00:00,40.708603,-73.73952,0,0,Driver Inattention/Distraction,4449099,27.2,23.0,0.8,0.8,0.0,6.0,51,14.3,29.5,109,Drizzle: Light,0,0,
76095,2021-08-21 11:15:00,40.717827,-73.88669,0,0,Backing Unsafely,4449069,27.2,23.0,0.8,0.8,0.0,6.0,51,14.3,29.5,109,Drizzle: Light,0,0,
76096,2021-08-14 11:00:00,40.820187,-73.890686,0,0,Unspecified,4449822,31.3,24.2,2.5,2.5,0.0,5.0,55,16.9,32.8,286,Drizzle: Dense,0,0,
76097,2021-08-21 15:37:00,40.729294,-73.85224,0,0,Driver Inattention/Distraction,4449134,27.2,23.0,0.8,0.8,0.0,6.0,51,14.3,29.5,109,Drizzle: Light,0,0,
76098,2021-08-21 08:30:00,40.741905,-73.700966,1,0,Fell Asleep,4449036,27.2,23.0,0.8,0.8,0.0,6.0,51,14.3,29.5,109,Drizzle: Light,1,1,
76099,2021-08-21 22:00:00,40.632435,-73.998405,1,0,Driver Inattention/Distraction,4449640,27.2,23.0,0.8,0.8,0.0,6.0,51,14.3,29.5,109,Drizzle: Light,1,1,
76100,2021-08-21 20:35:00,40.696415,-73.84088,0,0,Pavement Slippery,4449332,27.2,23.0,0.8,0.8,0.0,6.0,51,14.3,29.5,109,Drizzle: Light,0,0,
76101,2021-08-21 20:26:00,40.69126,-73.93925,1,0,Unspecified,4449387,27.2,23.0,0.8,0.8,0.0,6.0,51,14.3,29.5,109,Drizzle: Light,1,1,
76102,2021-08-21 14:44:00,40.63669,-73.96452,0,0,Driver Inattention/Distraction,4449687,27.2,23.0,0.8,0.8,0.0,6.0,51,14.3,29.5,109,Drizzle: Light,0,0,
76103,2021-08-21 00:10:00,40.8681,-73.90836,3,0,Unsafe Speed,4449487,27.2,23.0,0.8,0.8,0.0,6.0,51,14.3,29.5,109,Drizzle: Light,3,3,
76104,2021-08-21 17:05:00,40.81967,-73.94424,0,0,Other Vehicular,4449660,27.2,23.0,0.8,0.8,0.0,6.0,51,14.3,29.5,109,Drizzle: Light,0,0,
76105,2021-08-21 11:35:00,40.774906,-73.97692,0,0,Driver Inattention/Distraction,4449057,27.2,23.0,0.8,0.8,0.0,6.0,51,14.3,29.5,109,Drizzle: Light,0,0,
76106,2021-08-21 09:30:00,40.706852,-73.948204,0,0,Unspecified,4449127,27.2,23.0,0.8,0.8,0.0,6.0,51,14.3,29.5,109,Drizzle: Light,0,0,
76107,2021-08-21 18:40:00,40.6723,-73.84211,2,0,Failure to Yield Right-of-Way,4449273,27.2,23.0,0.8,0.8,0.0,6.0,51,14.3,29.5,109,Drizzle: Light,2,2,
76108,2021-07-21 17:40:00,40.68963,-73.98575,0,0,Driver Inattention/Distraction,4449893,27.6,20.9,1.4,1.4,0.0,4.0,53,16.0,31.3,315,Drizzle: Moderate,0,0,
76109,2021-08-21 09:00:00,40.83411,-73.86336,0,0,Unspecified,4449458,27.2,23.0,0.8,0.8,0.0,6.0,51,14.3,29.5,109,Drizzle: Light,0,0,
76110,2021-07-22 12:00:00,40.70254,-73.813995,1,0,Driver Inattention/Distraction,4449760,26.7,17.5,0.0,0.0,0.0,0.0,3,15.3,28.4,327,Overcast,1,1,
76111,2021-08-21 22:43:00,40.69897,-73.95702,1,0,Driver Inattention/Distraction,4449908,27.2,23.0,0.8,0.8,0.0,6.0,51,14.3,29.5,109,Drizzle: Light,1,1,
76112,2021-08-21 13:50:00,40.52865,-74.216835,4,0,Driver Inattention/Distraction,4449208,27.2,23.0,0.8,0.8,0.0,6.0,51,14.3,29.5,109,Drizzle: Light,4,4,
76113,2021-08-20 13:00:00,40.821358,-73.889114,0,0,Traffic Control Disregarded,4449826,26.9,22.0,1.1,1.1,0.0,5.0,53,12.4,22.0,310,Drizzle: Moderate,0,0,
76114,2021-08-21 13:28:00,40.61258,-73.9183,0,0,Failure to Yield Right-of-Way,4449080,27.2,23.0,0.8,0.8,0.0,6.0,51,14.3,29.5,109,Drizzle: Light,0,0,