,CRASH DATETIME,LATITUDE,LONGITUDE,NUMBER OF PERSONS INJURED,NUMBER OF PERSONS KILLED,CONTRIBUTING FACTOR VEHICLE 1,COLLISION_ID,temperature_2m_max,temperature_2m_min,precipitation_sum,rain_sum,snowfall_sum,precipitation_hours,weather_code,wind_speed_10m_max,wind_gusts_10m_max,wind_direction_10m_dominant,Weather Description,Severity_Score,Total_Affected_Persons,Weather_Category
76115,2021-08-21 11:45:00,40.812386,-73.92469,1,0,Unspecified,4449748,27.2,23.0,0.8,0.8,0.0,6.0,51,14.3,29.5,109,Drizzle: Light,1,1,
76116,2021-08-21 12:45:00,40.832237,-73.942505,1,0,Turning Improperly,4449538,27.2,23.0,0.8,0.8,0.0,6.0,51,14.3,29.5,109,Drizzle: Light,1,1,
76117,2021-08-21 16:30:00,40.759617,-73.961975,0,0,Driver Inattention/Distraction,4449626,27.2,23.0,0.8,0.8,0.0,6.0,51,14.3,29.5,109,Drizzle: Light,0,0,
76118,2021-08-14 19:00:00,40.855137,-73.90836,0,0,Passing Too Closely,4449739,31.3,24.2,2.5,2.5,0.0,5.0,55,16.9,32.8,286,Drizzle: Dense,0,0,
76119,2021-08-19 10:20:00,40.786808,-73.94524,0,0,Unsafe Lane Changing,4449818,30.2,23.4,11.8,11.8,0.0,13.0,61,26.3,53.3,223,Rain: Light,0,0,
76120,2021-08-21 20:00:00,40.737682,-73.85206,1,0,Failure to Yield Right-of-Way,4449322,27.2,23.0,0.8,0.8,0.0,6.0,51,14.3,29.5,109,Drizzle: Light,1,1,
76121,2021-08-07 23:00:00,40.860527,-73.91939,0,0,Driver Inattention/Distraction,4449784,29.7,19.9,0.0,0.0,0.0,0.0,3,24.2,45.0,198,Overcast,0,0,
76122,2021-08-21 01:23:00,40.85223,-73.87141,0,0,Reaction to Uninvolved Vehicle,4449233,27.2,23.0,0.8,0.8,0.0,6.0,51,14.3,29.5,109,Drizzle: Light,0,0,
76123,2021-08-21 15:15:00,40.67567,-73.87008,0,0,Unspecified,4449445,27.2,23.0,0.8,0.8,0.0,6.0,51,14.3,29.5,109,Drizzle: Light,0,0,
76124,2021-08-21 00:40:00,40.654953,-74.00703,1,0,Unspecified,4449875,27.2,23.0,0.8,0.8,0.0,6.0,51,14.3,29.5,109,Drizzle: Light,1,1,
76125,2021-08-21 23:45:00,40.749283,-73.756645,0,0,Driver Inattention/Distraction,4449150,27.2,23.0,0.8,0.8,0.0,6.0,51,14.3,29.5,109,Drizzle: Light,0,0,
76126,2021-08-08 03:00:00,40.661003,-73.904655,0,0,Unspecified,4449753,22.9,19.4,12.7,12.7,0.0,17.0,63,19.9,36.0,38,Rain: Moderate,0,0,
76127,2021-08-21 14:55:00,40.608253,-74.08879,0,0,Passing or Lane Usage Improper,4449923,27.2,23.0,0.8,0.8,0.0,6.0,51,14.3,29.5,109,Drizzle: Light,0,0,
76128,2021-08-21 20:52:00,40.68949,-73.92207,1,0,Driver Inattention/Distraction,4449405,27.2,23.0,0.8,0.8,0.0,6.0,51,14.3,29.5,109,Drizzle: Light,1,1,
76129,2021-08-21 01:11:00,0.0,0.0,0,0,Backing Unsafely,4449266,27.2,23.0,0.8,0.8,0.0,6.0,51,14.3,29.5,109,Drizzle: Light,0,0,
76130,2021-08-21 06:17:00,40.72003,-73.78607,0,0,Unspecified,4449408,27.2,23.0,0.8,0.8,0.0,6.0,51,14.3,29.5,109,Drizzle: Light,0,0,
76131,2021-08-21 21:50:00,40.62731,-73.941826,2,0,Reaction to Uninvolved Vehicle,4449349,27.2,23.0,0.8,0.8,0.0,6.0,51,14.3,29.5,109,Drizzle: Light,2,2,
76132,2021-08-07 11:53:00,40.75892,-73.999695,0,0,Turning Improperly,4449797,29.7,19.9,0.0,0.0,0.0,0.0,3,24.2,45.0,198,Overcast,0,0,
76133,2021-08-21 04:00:00,40.72773,-73.90674,0,0,Driver Inattention/Distraction,4448968,27.2,23.0,0.8,0.8,0.0,6.0,51,14.3,29.5,109,Drizzle: Light,0,0,
76134,2021-08-19 19:48:00,40.57896,-73.83976,0,0,Traffic Control Disregarded,4449832,30.2,23.4,11.8,11.8,0.0,13.0,61,26.3,53.3,223,Rain: Light,0,0,
76135,2021-08-21 14:25:00,40.884945,-73.83039,1,0,Failure to Yield Right-of-Way,4449196,27.2,23.0,0.8,0.8,0.0,6.0,51,14.3,29.5,109,Drizzle: Light,1,1,
76136,2021-08-21 23:00:00,40.851902,-73.91645,0,0,Backing Unsafely,4449711,27.2,23.0,0.8,0.8,0.0,6.0,51,14.3,29.5,109,Drizzle: Light,0,0,
76137,2021-08-16 15:29:00,40.765858,-73.98874,1,0,Unspecified,4449956,26.6,19.9,0.0,0.0,0.0,0.0,3,17.7,33.8,121,Overcast,1,1,
76138,2021-07-31 23:51:00,40.700577,-73.98483,0,0,Passing or Lane Usage Improper,4449922,25.6,14.5,0.0,0.0,0.0,0.0,2,16.8,33.8,304,Partly cloudy,0,0,
76139,2021-08-15 04:35:00,40.823658,-73.836426,0,0,Unspecified,4449768,27.9,20.0,0.0,0.0,0.0,0.0,3,16.6,33.1,25,Overcast,0,0,
76140,2021-08-21 00:50:00,40.70153,-73.92314,0,0,Turning Improperly,4448998,27.2,23.0,0.8,0.8,0.0,6.0,51,14.3,29.5,109,Drizzle: Light,0,0,
76141,2021-08-12 23:40:00,40.6884,-73.95118,0,0,Traffic Control Disregarded,4449807,35.2,23.1,0.0,0.0,0.0,0.0,3,21.0,47.5,220,Overcast,0,0,
76142,2021-08-21 20:51:00,40.763645,-73.790276,0,0,Pavement Slippery,4449149,27.2,23.0,0.8,0.8,0.0,6.0,51,14.3,29.5,109,Drizzle: Light,0,0,
76143,2021-08-21 13:00:00,40.610813,-73.92756,0,0,Unspecified,4449351,27.2,23.0,0.8,0.8,0.0,6.0,51,14.3,29.5,109,Drizzle: Light,0,0,
76144,2021-08-21 19:11:00,40.701714,-73.87901,0,0,Following Too Closely,4449853,27.2,23.0,0.8,0.8,0.0,6.0,51,14.3,29.5,109,Drizzle: Light,0,0,
76145,2021-08-21 18:20:00,40.87176,-73.848366,0,0,Unspecified,4449244,27.2,23.0,0.8,0.8,0.0,6.0,51,14.3,29.5,109,Drizzle: Light,0,0,
76146,2021-08-21 17:59:00,40.837177,-73.83203,1,0,Unspecified,4449702,27.2,23.0,0.8,0.8,0.0,6.0,51,14.3,29.5,109,Drizzle: Light,1,1,
76147,2021-08-21 00:27:00,40.8477,-73.90097,0,0,Following Too Closely,4449752,27.2,23.0,0.8,0.8,0.0,6.0,51,14.3,29.5,109,Drizzle: Light,0,0,
76148,2021-08-21 11:30:00,40.64647,-74.01258,1,0,Traffic Control Disregarded,4449302,27.2,23.0,0.8,0.8,0.0,6.0,51,14.3,29.5,109,Drizzle: Light,1,1,
76149,2021-08-17 22:15:00,40.76531,-73.99134,1,0,Unspecified,4449947,26.4,22.2,1.6,1.6,0.0,2.0,55,20.3,39.2,158,Drizzle: Dense,1,1,
76150,2021-08-21 11:00:00,40.820988,-73.89491,1,0,Unspecified,4449825,27.2,23.0,0.8,0.8,0.0,6.0,51,14.3,29.5,109,Drizzle: Light,1,1,
76151,2021-08-21 17:08:00,40.635216,-73.924736,0,0,Unspecified,4449079,27.2,23.0,0.8,0.8,0.0,6.0,51,14.3,29.5,109,Drizzle: Light,0,0,
76152,2021-08-21 15:15:00,40.668373,-73.92264,0,0,Unspecified,4449109,27.2,23.0,0.8,0.8,0.0,6.0,51,14.3,29.5,109,Drizzle: Light,0,0,
76153,2021-08-21 17:00:00,40.761345,-73.80009,0,0,Unspecified,4449511,27.2,23.0,0.8,0.8,0.0,6.0,51,14.3,29.5,109,Drizzle: Light,0,0,
76154,2021-08-21 22:00:00,40.65864,-73.93407,0,0,Driver Inattention/Distraction,4449175,27.2,23.0,0.8,0.8,0.0,6.0,51,14.3,29.5,109,Drizzle: Light,0,0,
76155,2021-08-21 23:30:00,40.694115,-73.85237,0,0,Passing Too Closely,4449675,27.2,23.0,0.8,0.8,0.0,6.0,51,14.3,29.5,109,Drizzle: Light,0,0,
76156,2021-08-21 12:11:00,40.847908,-73.87121,0,0,Passing or Lane Usage Improper,4449058,27.2,23.0,0.8,0.8,0.0,6.0,51,14.3,29.5,109,Drizzle: Light,0,0,
76157,2021-08-21 17:48:00,40.635654,-73.94605,0,0,Steering Failure,4449426,27.2,23.0,0.8,0.8,0.0,6.0,51,14.3,29.5,109,Drizzle: Light,0,0,
76158,2021-08-21 20:00:00,40.845367,-73.94053,1,0,Pedestrian/Bicyclist/Other Pedestrian Error/Confusion,4449540,27.2,23.0,0.8,0.8,0.0,6.0,51,14.3,29.5,109,Drizzle: Light,1,1,
76159,2021-08-21 17:40:00,40.749245,-73.73831,0,0,Driver Inattention/Distraction,4449088,27.2,23.0,0.8,0.8,0.0,6.0,51,14.3,29.5,109,Drizzle: Light,0,0,
76160,2021-08-21 20:10:00,40.679043,-73.805435,2,0,Failure to Yield Right-of-Way,4449269,27.2,23.0,0.8,0.8,0.0,6.0,51,14.3,29.5,109,Drizzle: Light,2,2,
76161,2021-08-21 20:00:00,40.851936,-73.91078,0,0,Following Too Closely,4449761,27.2,23.0,0.8,0.8,0.0,6.0,51,14.3,29.5,109,Drizzle: Light,0,0,
76162,2021-08-09 16:46:00,40.65474,-73.910835,0,0,Unspecified,4449817,26.2,20.1,1.1,1.1,0.0,7.0,51,17.3,34.6,36,Drizzle: Light,0,0,
76163,2021-08-21 19:25:00,40.649082,-73.96399,0,0,Driver Inexperience,4449690,27.2,23.0,0.8,0.8,0.0,6.0,51,14.3,29.5,109,Drizzle: Light,0,0,
76164,2021-08-21 19:58:00,40.714485,-74.013596,0,0,Driver Inexperience,4449159,27.2,23.0,0.8,0.8,0.0,6.0,51,14.3,29.5,109,Drizzle: Light,0,0,
76165,2021-08-21 20:33:00,40.85365,-73.882744,1,0,Failure to Yield Right-of-Way,4449280,27.2,23.0,0.8,0.8,0.0,6.0,51,14.3,29.5,109,Drizzle: Light,1,1,
76166,2021-08-21 09:20:00,40.666046,-73.91762,0,0,Unspecified,4449756,27.2,23.0,0.8,0.8,0.0,6.0,51,14.3,29.5,109,Drizzle: Light,0,0,
76167,2021-08-21 18:42:00,40.68815,-73.84884,1,0,Following Too Closely,4449656,27.2,23.0,0.8,0.8,0.0,6.0,51,14.3,29.5,109,Drizzle: Light,1,1,
76168,2021-08-21 18:45:00,40.730957,-73.85626,0,0,Driver Inattention/Distraction,4449135,27.2,23.0,0.8,0.8,0.0,6.0,51,14.3,29.5,109,Drizzle: Light,0,0,
76169,2021-08-21 12:53:00,40.6468,-73.88496,1,0,Driver Inattention/Distraction,4449435,27.2,23.0,0.8,0.8,0.0,6.0,51,14.3,29.5,109,Drizzle: Light,1,1,
76170,2021-08-21 21:25:00,40.685642,-73.8652,0,0,Aggressive Driving/Road Rage,4449328,27.2,23.0,0.8,0.8,0.0,6.0,51,14.3,29.5,109,Drizzle: Light,0,0,
76171,2021-08-14 14:40:00,40.82145,-73.898186,0,0,Unspecified,4449821,31.3,24.2,2.5,2.5,0.0,5.0,55,16.9,32.8,286,Drizzle: Dense,0,0,
76172,2021-08-21 19:08:00,40.77178,-73.9792,1,0,Traffic Control Disregarded,4449384,27.2,23.0,0.8,0.8,0.0,6.0,51,14.3,29.5,109,Drizzle: Light,1,1,
76173,2021-07-30 11:30:00,40.668396,-73.919426,0,0,Tow Hitch Defective,4449757,27.6,19.1,0.0,0.0,0.0,0.0,1,24.2,45.7,310,Mainly clear,0,0,Sunny/Clear Conditions
76174,2021-08-21 03:20:00,40.87829,-73.87006,0,0,Other Vehicular,4449205,27.2,23.0,0.8,0.8,0.0,6.0,51,14.3,29.5,109,Drizzle: Light,0,0,
76175,2021-08-21 08:47:00,40.631374,-73.95965,1,0,Driver Inattention/Distraction,4449683,27.2,23.0,0.8,0.8,0.0,6.0,51,14.3,29.5,109,Drizzle: Light,1,1,
76176,2021-08-21 03:11:00,40.85797,-73.87272,1,0,Passing Too Closely,4449279,27.2,23.0,0.8,0.8,0.0,6.0,51,14.3,29.5,109,Drizzle: Light,1,1,
76177,2021-08-21 22:00:00,40.682568,-73.79266,0,0,Passing or Lane Usage Improper,4449592,27.2,23.0,0.8,0.8,0.0,6.0,51,14.3,29.5,109,Drizzle: Light,0,0,
76178,2021-08-21 04:27:00,40.728855,-73.92782,3,0,Driver Inattention/Distraction,4449034,27.2,23.0,0.8,0.8,0.0,6.0,51,14.3,29.5,109,Drizzle: Light,3,3,
76179,2021-08-21 20:30:00,40.726444,-73.76579,0,0,Following Too Closely,4449395,27.2,23.0,0.8,0.8,0.0,6.0,51,14.3,29.5,109,Drizzle: Light,0,0,
76180,2021-08-21 14:25:00,40.823635,-73.93095,0,0,Following Too Closely,4449117,27.2,23.0,0.8,0.8,0.0,6.0,51,14.3,29.5,109,Drizzle: Light,0,0,
76181,2021-08-21 05:50:00,40.644966,-73.93258,0,0,Unspecified,4449422,27.2,23.0,0.8,0.8,0.0,6.0,51,14.3,29.5,109,Drizzle: Light,0,0,
76182,2021-08-21 10:30:00,40.782806,-73.97962,0,0,Passing Too Closely,4449393,27.2,23.0,0.8,0.8,0.0,6.0,51,14.3,29.5,109,Drizzle: Light,0,0,
76183,2021-08-20 15:45:00,40.850773,-73.93543,0,0,Driver Inattention/Distraction,4449780,26.9,22.0,1.1,1.1,0.0,5.0,53,12.4,22.0,310,Drizzle: Moderate,0,0,
76184,2021-08-21 22:20:00,40.863785,-73.90028,2,0,Glare,4449319,27.2,23.0,0.8,0.8,0.0,6.0,51,14.3,29.5,109,Drizzle: Light,2,2,
76185,2021-08-21 15:10:00,40.676395,-73.91187,2,0,Driver Inattention/Distraction,4449798,27.2,23.0,0.8,0.8,0.0,6.0,51,14.3,29.5,109,Drizzle: Light,2,2,
76186,2021-08-21 02:55:00,40.753624,-73.96944,1,0,Driver Inattention/Distraction,4448969,27.2,23.0,0.8,0.8,0.0,6.0,51,14.3,29.5,109,Drizzle: Light,1,1,
76187,2021-08-14 13:51:00,40.840866,-73.87281,2,0,Driver Inattention/Distraction,4449834,31.3,24.2,2.5,2.5,0.0,5.0,55,16.9,32.8,286,Drizzle: Dense,2,2,
76188,2021-08-21 18:08:00,40.83876,-73.90157,0,0,Reaction to Uninvolved Vehicle,4449709,27.2,23.0,0.8,0.8,0.0,6.0,51,14.3,29.5,109,Drizzle: Light,0,0,
76189,2021-08-18 23:10:00,40.700104,-73.94726,1,0,Other Vehicular,4449936,27.0,21.1,1.5,1.5,0.0,5.0,53,24.7,46.8,150,Drizzle: Moderate,1,1,
76190,2021-08-21 01:00:00,40.756714,-73.984566,0,0,Unspecified,4449541,27.2,23.0,0.8,0.8,0.0,6.0,51,14.3,29.5,109,Drizzle: Light,0,0,
76191,2021-08-21 09:50:00,40.736965,-73.897766,0,0,Driver Inattention/Distraction,4449086,27.2,23.0,0.8,0.8,0.0,6.0,51,14.3,29.5,109,Drizzle: Light,0,0,
76192,2021-08-21 15:40:00,40.661697,-73.75381,1,0,View Obstructed/Limited,4449092,27.2,23.0,0.8,0.8,0.0,6.0,51,14.3,29.5,109,Drizzle: Light,1,1,
76193,2021-08-21 20:40:00,40.65729,-73.880005,1,0,Other Vehicular,4449452,27.2,23.0,0.8,0.8,0.0,6.0,51,14.3,29.5,109,Drizzle: Light,1,1,
76194,2021-08-21 12:20:00,40.85362,-73.79021,1,0,Unspecified,4449126,27.2,23.0,0.8,0.8,0.0,6.0,51,14.3,29.5,109,Drizzle: Light,1,1,
76195,2021-08-21 20:02:00,40.652626,-74.00617,1,0,Unspecified,4449873,27.2,23.0,0.8,0.8,0.0,6.0,51,14.3,29.5,109,Drizzle: Light,1,1,
76196,2021-08-21 19:30:00,40.714054,-73.9902,1,0,Other Vehicular,4449158,27.2,23.0,0.8,0.8,0.0,6.0,51,14.3,29.5,109,Drizzle: Light,1,1,
76197,2021-08-21 03:30:00,40.763363,-73.95925,0,0,Traffic Control Disregarded,4449629,27.2,23.0,0.8,0.8,0.0,6.0,51,14.3,29.5,109,Drizzle: Light,0,0,
76198,2021-08-20 09:00:00,40.632107,-74.00703,1,0,Unspecified,4449926,26.9,22.0,1.1,1.1,0.0,5.0,53,12.4,22.0,310,Drizzle: Moderate,1,1,
76199,2021-08-21 12:45:00,40.749256,-73.75595,0,0,Backing Unsafely,4449041,27.2,23.0,0.8,0.8,0.0,6.0,51,14.3,29.5,109,Drizzle: Light,0,0,
76200,2021-08-21 01:46:00,40.75348,-73.980896,0,0,Following Too Closely,4449453,27.2,23.0,0.8,0.8,0.0,6.0,51,14.3,29.5,109,Drizzle: Light,0,0,
76201,2021-08-21 07:58:00,40.640236,-73.90598,1,0,Unspecified,4449059,27.2,23.0,0.8,0.8,0.0,6.0,51,14.3,29.5,109,Drizzle: Light,1,1,
76202,2021-08-21 17:16:00,40.68668,-73.97937,1,0,Passing or Lane Usage Improper,4449123,27.2,23.0,0.8,0.8,0.0,6.0,51,14.3,29.5,109,Drizzle: Light,1,1,
76203,2021-08-13 18:46:00,40.667423,-73.90824,0,0,Unspecified,4449900,33.2,24.8,0.0,0.0,0.0,0.0,3,18.2,34.9,215,Overcast,0,0,
76204,2021-08-15 21:00:00,40.61427,-74.156654,0,0,Following Too Closely,4449921,27.9,20.0,0.0,0.0,0.0,0.0,3,16.6,33.1,25,Overcast,0,0,
76205,2021-08-21 00:00:00,40.67055,-73.91738,0,0,Following Too Closely,4449148,27.2,23.0,0.8,0.8,0.0,6.0,51,14.3,29.5,109,Drizzle: Light,0,0,
76206,2021-08-21 21:09:00,40.620934,-73.920296,0,0,Pavement Slippery,4449352,27.2,23.0,0.8,0.8,0.0,6.0,51,14.3,29.5,109,Drizzle: Light,0,0,
76207,2021-08-21 21:15:00,40.680164,-73.733154,0,0,Unspecified,4449878,27.2,23.0,0.8,0.8,0.0,6.0,51,14.3,29.5,109,Drizzle: Light,0,0,
76208,2021-08-21 17:30:00,40.82439,-73.8363,0,0,Unspecified,4449705,27.2,23.0,0.8,0.8,0.0,6.0,51,14.3,29.5,109,Drizzle: Light,0,0,
76209,2021-08-21 07:40:00,40.818798,-73.89213,1,0,Unspecified,4449824,27.2,23.0,0.8,0.8,0.0,6.0,51,14.3,29.5,109,Drizzle: Light,1,1,
76210,2021-08-21 10:45:00,40.61247,-73.92941,0,0,Unsafe Speed,4449078,27.2,23.0,0.8,0.8,0.0,6.0,51,14.3,29.5,109,Drizzle: Light,0,0,
76211,2021-08-21 12:15:00,40.854176,-73.88588,0,0,Driver Inattention/Distraction,4449178,27.2,23.0,0.8,0.8,0.0,6.0,51,14.3,29.5,109,Drizzle: Light,0,0,
76212,2021-08-21 10:40:00,40.799576,-73.935905,1,0,Driver Inattention/Distraction,4449030,27.2,23.0,0.8,0.8,0.0,6.0,51,14.3,29.5,109,Drizzle: Light,1,1,
76213,2021-08-21 18:20:00,40.730957,-73.85626,0,0,Failure to Yield Right-of-Way,4449136,27.2,23.0,0.8,0.8,0.0,6.0,51,14.3,29.5,109,Drizzle: Light,0,0,
76214,2021-08-21 17:40:00,40.675888,-73.88649,0,0,Unspecified,4449441,27.2,23.0,0.8,0.8,0.0,6.0,51,14.3,29.5,109,Drizzle: Light,0,0,
76215,2021-08-21 14:24:00,40.670933,-73.867004,0,0,Following Too Closely,4449130,27.2,23.0,0.8,0.8,0.0,6.0,51,14.3,29.5,109,Drizzle: Light,0,0,
76216,2021-08-21 00:59:00,40.850906,-73.93829,1,0,Driver Inattention/Distraction,4449779,27.2,23.0,0.8,0.8,0.0,6.0,51,14.3,29.5,109,Drizzle: Light,1,1,
76217,2021-08-21 10:20:00,40.77936,-73.953156,0,0,Driver Inexperience,4449632,27.2,23.0,0.8,0.8,0.0,6.0,51,14.3,29.5,109,Drizzle: Light,0,0,
76218,2021-08-21 20:46:00,40.66612,-73.82225,1,0,Unspecified,4449260,27.2,23.0,0.8,0.8,0.0,6.0,51,14.3,29.5,109,Drizzle: Light,1,1,
76219,2021-08-21 23:00:00,40.743565,-73.82966,0,0,Passing Too Closely,4449508,27.2,23.0,0.8,0.8,0.0,6.0,51,14.3,29.5,109,Drizzle: Light,0,0,
76220,2021-08-21 23:00:00,40.735306,-74.01011,0,0,Unspecified,4449654,27.2,23.0,0.8,0.8,0.0,6.0,51,14.3,29.5,109,Drizzle: Light,0,0,
76221,2021-08-21 12:10:00,40.679363,-73.7973,3,0,Unsafe Speed,4449591,27.2,23.0,0.8,0.8,0.0,6.0,51,14.3,29.5,109,Drizzle: Light,3,3,
76222,2021-08-21 14:10:00,40.696213,-73.97528,0,0,Driver Inattention/Distraction,4449336,27.2,23.0,0.8,0.8,0.0,6.0,51,14.3,29.5,109,Drizzle: Light,0,0,
76223,2021-08-19 12:47:00,40.855286,-73.89809,0,0,Passing Too Closely,4449751,30.2,23.4,11.8,11.8,0.0,13.0,61,26.3,53.3,223,Rain: Light,0,0,
76224,2021-08-19 19:00:00,40.699883,-73.90831,0,0,Following Too Closely,4449861,30.2,23.4,11.8,11.8,0.0,13.0,61,26.3,53.3,223,Rain: Light,0,0,
76225,2021-08-21 17:48:00,40.869473,-73.86622,2,0,Unspecified,4449230,27.2,23.0,0.8,0.8,0.0,6.0,51,14.3,29.5,109,Drizzle: Light,2,2,
76226,2021-08-21 15:40:00,40.8541,-73.919106,1,0,Following Too Closely,4449763,27.2,23.0,0.8,0.8,0.0,6.0,51,14.3,29.5,109,Drizzle: Light,1,1,
76227,2021-08-21 21:29:00,40.88599,-73.82792,0,0,Driver Inexperience,4449202,27.2,23.0,0.8,0.8,0.0,6.0,51,14.3,29.5,109,Drizzle: Light,0,0,
76228,2021-08-21 00:05:00,40.667015,-73.9313,2,0,Driver Inattention/Distraction,4449008,27.2,23.0,0.8,0.8,0.0,6.0,51,14.3,29.5,109,Drizzle: Light,2,2,
76229,2021-08-20 15:25:00,40.820187,-73.890686,0,0,Unsafe Speed,4449799,26.9,22.0,1.1,1.1,0.0,5.0,53,12.4,22.0,310,Drizzle: Moderate,0,0,
76230,2021-08-21 00:00:00,40.673553,-73.91062,1,0,Following Too Closely,4449112,27.2,23.0,0.8,0.8,0.0,6.0,51,14.3,29.5,109,Drizzle: Light,1,1,
76231,2021-08-21 07:40:00,40.839615,-73.88443,0,0,Passing or Lane Usage Improper,4449288,27.2,23.0,0.8,0.8,0.0,6.0,51,14.3,29.5,109,Drizzle: Light,0,0,
76232,2021-08-08 16:04:00,40.86159,-73.92475,1,0,Failure to Yield Right-of-Way,4449948,22.9,19.4,12.7,12.7,0.0,17.0,63,19.9,36.0,38,Rain: Moderate,1,1,
76233,2021-08-21 01:35:00,40.71352,-73.89727,0,0,Eating or Drinking,4449854,27.2,23.0,0.8,0.8,0.0,6.0,51,14.3,29.5,109,Drizzle: Light,0,0,
76234,2021-08-21 04:05:00,40.674953,-73.80205,0,0,Unsafe Lane Changing,4449714,27.2,23.0,0.8,0.8,0.0,6.0,51,14.3,29.5,109,Drizzle: Light,0,0,
76235,2021-08-21 19:23:00,40.879547,-73.885796,0,0,Unspecified,4449311,27.2,23.0,0.8,0.8,0.0,6.0,51,14.3,29.5,109,Drizzle: Light,0,0,
76236,2021-08-21 13:16:00,40.749706,-73.99157,0,0,Unsafe Lane Changing,4449433,27.2,23.0,0.8,0.8,0.0,6.0,51,14.3,29.5,109,Drizzle: Light,0,0,
76237,2021-08-21 18:15:00,40.679512,-73.83576,0,0,Driver Inattention/Distraction,4449268,27.2,23.0,0.8,0.8,0.0,6.0,51,14.3,29.5,109,Drizzle: Light,0,0,
76238,2021-08-21 14:36:00,40.711006,-74.003624,0,0,Traffic Control Disregarded,4449165,27.2,23.0,0.8,0.8,0.0,6.0,51,14.3,29.5,109,Drizzle: Light,0,0,
76239,2021-08-12 12:00:00,40.661587,-73.90966,0,0,Unspecified,4449816,35.2,23.1,0.0,0.0,0.0,0.0,3,21.0,47.5,220,Overcast,0,0,
76240,2021-08-21 09:00:00,40.826595,-73.85986,0,0,Unspecified,4449469,27.2,23.0,0.8,0.8,0.0,6.0,51,14.3,29.5,109,Drizzle: Light,0,0,
76241,2021-08-21 00:00:00,40.843178,-73.836815,0,0,Backing Unsafely,4449698,27.2,23.0,0.8,0.8,0.0,6.0,51,14.3,29.5,109,Drizzle: Light,0,0,
76242,2021-08-21 21:20:00,40.738415,-73.84899,0,0,Following Too Closely,4449325,27.2,23.0,0.8,0.8,0.0,6.0,51,14.3,29.5,109,Drizzle: Light,0,0,
76243,2021-08-21 09:05:00,40.716305,-73.79306,1,0,Driver Inattention/Distraction,4449397,27.2,23.0,0.8,0.8,0.0,6.0,51,14.3,29.5,109,Drizzle: Light,1,1,
76244,2021-08-21 20:24:00,40.641747,-74.013824,1,0,Unspecified,4449872,27.2,23.0,0.8,0.8,0.0,6.0,51,14.3,29.5,109,Drizzle: Light,1,1,
76245,2023-10-23 06:12:00,40.817352,-73.88339,0,0,Unsafe Lane Changing,4676073,16.1,7.7,0.0,0.0,0.0,0.0,3,22.7,40.7,320,Overcast,0,0,
76246,2021-08-20 18:51:00,40.76713,-73.99373,0,0,Unspecified,4449955,26.9,22.0,1.1,1.1,0.0,5.0,53,12.4,22.0,310,Drizzle: Moderate,0,0,
76247,2021-08-21 15:46:00,40.677414,-73.93033,1,0,Unspecified,4449424,27.2,23.0,0.8,0.8,0.0,6.0,51,14.3,29.5,109,Drizzle: Light,1,1,
76248,2021-08-18 21:50:00,40.853905,-73.89864,0,0,Driver Inattention/Distraction,4449942,27.0,21.1,1.5,1.5,0.0,5.0,53,24.7,46.8,150,Drizzle: Moderate,0,0,
76249,2021-08-19 13:25:00,40.657417,-73.90569,0,0,View Obstructed/Limited,4449758,30.2,23.4,11.8,11.8,0.0,13.0,61,26.3,53.3,223,Rain: Light,0,0,
76250,2021-08-21 01:06:00,40.625267,-74.01727,1,0,Driver Inattention/Distraction,4448976,27.2,23.0,0.8,0.8,0.0,6.0,51,14.3,29.5,109,Drizzle: Light,1,1,
76251,2021-08-14 11:35:00,40.81655,-73.91955,0,0,Unspecified,4449835,31.3,24.2,2.5,2.5,0.0,5.0,55,16.9,32.8,286,Drizzle: Dense,0,0,
76252,2021-08-18 10:40:00,40.75326,-74.00383,0,0,Passing Too Closely,4449794,27.0,21.1,1.5,1.5,0.0,5.0,53,24.7,46.8,150,Drizzle: Moderate,0,0,
76253,2021-08-21 15:00:00,40.72802,-73.86368,1,0,Driver Inattention/Distraction,4449219,27.2,23.0,0.8,0.8,0.0,6.0,51,14.3,29.5,109,Drizzle: Light,1,1,
76254,2021-08-21 14:15:00,40.75694,-73.93464,1,0,Failure to Yield Right-of-Way,4449570,27.2,23.0,0.8,0.8,0.0,6.0,51,14.3,29.5,109,Drizzle: Light,1,1,
76255,2021-08-21 18:18:00,40.73669,-73.993126,1,0,Unspecified,4449093,27.2,23.0,0.8,0.8,0.0,6.0,51,14.3,29.5,109,Drizzle: Light,1,1,
76256,2021-08-21 08:50:00,40.698895,-73.78541,0,0,Passing Too Closely,4449519,27.2,23.0,0.8,0.8,0.0,6.0,51,14.3,29.5,109,Drizzle: Light,0,0,
76257,2021-11-01 14:15:00,40.595222,-73.99927,1,0,Unsafe Speed,4474132,14.4,8.0,0.0,0.0,0.0,0.0,3,20.7,38.5,278,Overcast,1,1,
76258,2021-08-21 20:44:00,40.832737,-73.90504,0,0,Unsafe Speed,4449716,27.2,23.0,0.8,0.8,0.0,6.0,51,14.3,29.5,109,Drizzle: Light,0,0,
76259,2021-08-21 17:00:00,40.528,-74.23547,0,0,Unspecified,4449335,27.2,23.0,0.8,0.8,0.0,6.0,51,14.3,29.5,109,Drizzle: Light,0,0,
76260,2021-08-21 21:00:00,40.71524,-73.732765,0,0,Unspecified,4449377,27.2,23.0,0.8,0.8,0.0,6.0,51,14.3,29.5,109,Drizzle: Light,0,0,