,CRASH DATETIME,LATITUDE,LONGITUDE,NUMBER OF PERSONS INJURED,NUMBER OF PERSONS KILLED,CONTRIBUTING FACTOR VEHICLE 1,COLLISION_ID,temperature_2m_max,temperature_2m_min,precipitation_sum,rain_sum,snowfall_sum,precipitation_hours,weather_code,wind_speed_10m_max,wind_gusts_10m_max,wind_direction_10m_dominant,Weather Description,Severity_Score,Total_Affected_Persons,Weather_Category
76261,2021-08-21 10:53:00,40.64462,-73.95999,0,0,Unspecified,4449685,27.2,23.0,0.8,0.8,0.0,6.0,51,14.3,29.5,109,Drizzle: Light,0,0,
76262,2021-08-21 21:15:00,40.679535,-73.900475,1,0,Pavement Slippery,4449442,27.2,23.0,0.8,0.8,0.0,6.0,51,14.3,29.5,109,Drizzle: Light,1,1,
76263,2021-08-21 17:14:00,40.833282,-73.82836,1,0,View Obstructed/Limited,4449129,27.2,23.0,0.8,0.8,0.0,6.0,51,14.3,29.5,109,Drizzle: Light,1,1,
76264,2021-08-21 23:45:00,40.593323,-73.964645,2,0,Unspecified,4449155,27.2,23.0,0.8,0.8,0.0,6.0,51,14.3,29.5,109,Drizzle: Light,2,2,
76265,2021-08-19 21:00:00,40.62725,-74.00854,0,0,Turning Improperly,4449925,30.2,23.4,11.8,11.8,0.0,13.0,61,26.3,53.3,223,Rain: Light,0,0,
76266,2021-08-21 09:25:00,40.77348,-73.804085,0,0,Driver Inattention/Distraction,4449043,27.2,23.0,0.8,0.8,0.0,6.0,51,14.3,29.5,109,Drizzle: Light,0,0,
76267,2021-08-21 13:45:00,40.651695,-73.94968,1,0,Passing or Lane Usage Improper,4449890,27.2,23.0,0.8,0.8,0.0,6.0,51,14.3,29.5,109,Drizzle: Light,1,1,
76268,2021-08-21 12:00:00,40.834778,-73.87776,0,0,Unspecified,4449456,27.2,23.0,0.8,0.8,0.0,6.0,51,14.3,29.5,109,Drizzle: Light,0,0,
76269,2021-08-21 15:51:00,40.855812,-73.890785,2,0,Driver Inattention/Distraction,4449277,27.2,23.0,0.8,0.8,0.0,6.0,51,14.3,29.5,109,Drizzle: Light,2,2,
76270,2021-08-21 14:55:00,40.709316,-73.93301,4,0,Driver Inattention/Distraction,4449132,27.2,23.0,0.8,0.8,0.0,6.0,51,14.3,29.5,109,Drizzle: Light,4,4,
76271,2021-08-21 03:00:00,40.63501,-73.914055,0,0,Backing Unsafely,4449169,27.2,23.0,0.8,0.8,0.0,6.0,51,14.3,29.5,109,Drizzle: Light,0,0,
76272,2021-08-21 07:30:00,40.874992,-73.81846,0,0,Unspecified,4449699,27.2,23.0,0.8,0.8,0.0,6.0,51,14.3,29.5,109,Drizzle: Light,0,0,
76273,2021-08-21 16:00:00,40.72747,-73.95291,0,0,Unspecified,4449602,27.2,23.0,0.8,0.8,0.0,6.0,51,14.3,29.5,109,Drizzle: Light,0,0,
76274,2021-08-21 11:49:00,40.760532,-73.95836,0,0,Traffic Control Disregarded,4449633,27.2,23.0,0.8,0.8,0.0,6.0,51,14.3,29.5,109,Drizzle: Light,0,0,
76275,2021-08-21 05:21:00,40.619465,-74.02288,0,0,Driver Inattention/Distraction,4449040,27.2,23.0,0.8,0.8,0.0,6.0,51,14.3,29.5,109,Drizzle: Light,0,0,
76276,2021-08-21 13:00:00,40.705944,-73.81202,0,0,Driver Inattention/Distraction,4449389,27.2,23.0,0.8,0.8,0.0,6.0,51,14.3,29.5,109,Drizzle: Light,0,0,
76277,2021-08-21 17:10:00,40.670353,-73.88171,0,0,Passing Too Closely,4449082,27.2,23.0,0.8,0.8,0.0,6.0,51,14.3,29.5,109,Drizzle: Light,0,0,
76278,2021-08-21 02:29:00,40.827595,-73.85004,0,0,Driver Inattention/Distraction,4449463,27.2,23.0,0.8,0.8,0.0,6.0,51,14.3,29.5,109,Drizzle: Light,0,0,
76279,2021-08-21 09:25:00,40.71123,-73.90859,0,0,Unspecified,4449022,27.2,23.0,0.8,0.8,0.0,6.0,51,14.3,29.5,109,Drizzle: Light,0,0,
76280,2021-08-21 02:40:00,40.68204,-73.808914,0,0,Traffic Control Disregarded,4449595,27.2,23.0,0.8,0.8,0.0,6.0,51,14.3,29.5,109,Drizzle: Light,0,0,
76281,2021-08-21 07:30:00,40.65822,-73.89146,1,0,Passing or Lane Usage Improper,4449440,27.2,23.0,0.8,0.8,0.0,6.0,51,14.3,29.5,109,Drizzle: Light,1,1,
76282,2021-08-21 12:50:00,40.851902,-73.91645,0,0,Passing Too Closely,4449765,27.2,23.0,0.8,0.8,0.0,6.0,51,14.3,29.5,109,Drizzle: Light,0,0,
76283,2021-08-21 00:00:00,40.836895,-73.8736,0,0,Following Too Closely,4449290,27.2,23.0,0.8,0.8,0.0,6.0,51,14.3,29.5,109,Drizzle: Light,0,0,
76284,2021-08-21 01:07:00,40.66496,-73.82226,0,0,Unsafe Lane Changing,4449263,27.2,23.0,0.8,0.8,0.0,6.0,51,14.3,29.5,109,Drizzle: Light,0,0,
76285,2021-08-21 21:00:00,40.8262,-73.821686,1,0,Unspecified,4449704,27.2,23.0,0.8,0.8,0.0,6.0,51,14.3,29.5,109,Drizzle: Light,1,1,
76286,2021-08-20 17:08:00,40.8175,-73.92038,0,0,Obstruction/Debris,4449750,26.9,22.0,1.1,1.1,0.0,5.0,53,12.4,22.0,310,Drizzle: Moderate,0,0,
76287,2021-08-21 02:30:00,40.871395,-73.89308,1,0,Following Too Closely,4449317,27.2,23.0,0.8,0.8,0.0,6.0,51,14.3,29.5,109,Drizzle: Light,1,1,
76288,2021-08-21 15:42:00,40.665707,-73.91939,0,0,Unspecified,4449113,27.2,23.0,0.8,0.8,0.0,6.0,51,14.3,29.5,109,Drizzle: Light,0,0,
76289,2021-08-20 16:28:00,40.763454,-73.985275,1,0,Failure to Yield Right-of-Way,4449949,26.9,22.0,1.1,1.1,0.0,5.0,53,12.4,22.0,310,Drizzle: Moderate,1,1,
76290,2021-08-21 15:30:00,40.66552,-73.74467,0,0,Following Too Closely,4449076,27.2,23.0,0.8,0.8,0.0,6.0,51,14.3,29.5,109,Drizzle: Light,0,0,
76291,2021-08-20 17:50:00,40.817795,-73.89319,0,0,Driver Inexperience,4449823,26.9,22.0,1.1,1.1,0.0,5.0,53,12.4,22.0,310,Drizzle: Moderate,0,0,
76292,2021-08-21 20:38:00,40.82935,-73.94834,0,0,Passing or Lane Usage Improper,4449499,27.2,23.0,0.8,0.8,0.0,6.0,51,14.3,29.5,109,Drizzle: Light,0,0,
76293,2021-08-21 22:45:00,40.603325,-73.76364,1,0,View Obstructed/Limited,4449648,27.2,23.0,0.8,0.8,0.0,6.0,51,14.3,29.5,109,Drizzle: Light,1,1,
76294,2021-08-21 11:30:00,40.81294,-73.951775,0,0,Unspecified,4449137,27.2,23.0,0.8,0.8,0.0,6.0,51,14.3,29.5,109,Drizzle: Light,0,0,
76295,2021-08-21 12:45:00,40.759068,-73.845146,0,0,Unspecified,4449341,27.2,23.0,0.8,0.8,0.0,6.0,51,14.3,29.5,109,Drizzle: Light,0,0,
76296,2021-08-21 02:15:00,40.677357,-73.88687,2,0,Failure to Yield Right-of-Way,4449590,27.2,23.0,0.8,0.8,0.0,6.0,51,14.3,29.5,109,Drizzle: Light,2,2,
76297,2021-08-21 21:40:00,40.66237,-73.926865,0,0,Unspecified,4449432,27.2,23.0,0.8,0.8,0.0,6.0,51,14.3,29.5,109,Drizzle: Light,0,0,
76298,2021-08-21 06:23:00,40.668026,-73.78108,0,0,Fell Asleep,4449009,27.2,23.0,0.8,0.8,0.0,6.0,51,14.3,29.5,109,Drizzle: Light,0,0,
76299,2021-08-21 19:33:00,40.87003,-73.840744,1,0,Driver Inexperience,4449199,27.2,23.0,0.8,0.8,0.0,6.0,51,14.3,29.5,109,Drizzle: Light,1,1,
76300,2021-08-21 18:05:00,40.67725,-73.826096,0,0,Unspecified,4449914,27.2,23.0,0.8,0.8,0.0,6.0,51,14.3,29.5,109,Drizzle: Light,0,0,
76301,2021-08-21 05:56:00,40.895447,-73.88002,1,0,Other Vehicular,4449357,27.2,23.0,0.8,0.8,0.0,6.0,51,14.3,29.5,109,Drizzle: Light,1,1,
76302,2021-08-21 22:28:00,40.67619,-73.9081,0,0,Driver Inattention/Distraction,4449147,27.2,23.0,0.8,0.8,0.0,6.0,51,14.3,29.5,109,Drizzle: Light,0,0,
76303,2021-08-20 17:15:00,40.84292,-73.85239,0,0,Unspecified,4449778,26.9,22.0,1.1,1.1,0.0,5.0,53,12.4,22.0,310,Drizzle: Moderate,0,0,
76304,2021-08-18 18:10:00,40.819584,-73.84378,0,0,Unspecified,4449802,27.0,21.1,1.5,1.5,0.0,5.0,53,24.7,46.8,150,Drizzle: Moderate,0,0,
76305,2021-08-21 01:00:00,40.66743,-73.76676,0,0,Passing or Lane Usage Improper,4449712,27.2,23.0,0.8,0.8,0.0,6.0,51,14.3,29.5,109,Drizzle: Light,0,0,
76306,2021-08-15 04:00:00,40.729996,-73.91187,0,0,Following Too Closely,4449855,27.9,20.0,0.0,0.0,0.0,0.0,3,16.6,33.1,25,Overcast,0,0,
76307,2021-08-21 05:30:00,40.710083,-73.99411,0,0,Driver Inattention/Distraction,4449231,27.2,23.0,0.8,0.8,0.0,6.0,51,14.3,29.5,109,Drizzle: Light,0,0,
76308,2021-08-10 04:00:00,40.80875,-73.91176,0,0,Unspecified,4449746,27.3,20.4,3.8,3.8,0.0,11.0,61,18.0,36.0,170,Rain: Light,0,0,
76309,2021-08-17 13:30:00,40.66137,-73.75297,0,0,Unspecified,4449902,26.4,22.2,1.6,1.6,0.0,2.0,55,20.3,39.2,158,Drizzle: Dense,0,0,
76310,2021-08-21 12:30:00,40.812904,-73.847694,0,0,,4449457,27.2,23.0,0.8,0.8,0.0,6.0,51,14.3,29.5,109,Drizzle: Light,0,0,
76311,2021-08-18 06:11:00,40.763657,-73.97347,0,0,Backing Unsafely,4449944,27.0,21.1,1.5,1.5,0.0,5.0,53,24.7,46.8,150,Drizzle: Moderate,0,0,
76312,2021-08-21 12:30:00,40.854977,-73.92779,0,0,Driver Inattention/Distraction,4449097,27.2,23.0,0.8,0.8,0.0,6.0,51,14.3,29.5,109,Drizzle: Light,0,0,
76313,2021-08-21 11:10:00,40.759365,-73.914276,0,0,Failure to Yield Right-of-Way,4449571,27.2,23.0,0.8,0.8,0.0,6.0,51,14.3,29.5,109,Drizzle: Light,0,0,
76314,2021-08-16 12:00:00,0.0,0.0,0,0,Unspecified,4449829,26.6,19.9,0.0,0.0,0.0,0.0,3,17.7,33.8,121,Overcast,0,0,
76315,2021-08-21 20:00:00,40.67816,-73.897484,0,0,Driver Inattention/Distraction,4449444,27.2,23.0,0.8,0.8,0.0,6.0,51,14.3,29.5,109,Drizzle: Light,0,0,
76316,2021-08-21 17:15:00,40.798504,-73.96713,0,0,Turning Improperly,4449081,27.2,23.0,0.8,0.8,0.0,6.0,51,14.3,29.5,109,Drizzle: Light,0,0,
76317,2021-08-21 18:20:00,40.689137,-73.990715,0,0,Unspecified,4449133,27.2,23.0,0.8,0.8,0.0,6.0,51,14.3,29.5,109,Drizzle: Light,0,0,
76318,2021-08-21 02:07:00,40.771286,-73.9467,1,0,Unspecified,4449635,27.2,23.0,0.8,0.8,0.0,6.0,51,14.3,29.5,109,Drizzle: Light,1,1,
76319,2021-08-21 10:15:00,40.74216,-73.804436,0,0,Passing or Lane Usage Improper,4449054,27.2,23.0,0.8,0.8,0.0,6.0,51,14.3,29.5,109,Drizzle: Light,0,0,
76320,2021-08-20 13:00:00,40.78555,-73.85822,0,0,Unspecified,4449857,26.9,22.0,1.1,1.1,0.0,5.0,53,12.4,22.0,310,Drizzle: Moderate,0,0,
76321,2021-08-20 12:35:00,40.762005,-73.98262,0,0,Unspecified,4449952,26.9,22.0,1.1,1.1,0.0,5.0,53,12.4,22.0,310,Drizzle: Moderate,0,0,
76322,2021-08-20 19:20:00,40.757732,-73.99686,0,0,Turning Improperly,4449737,26.9,22.0,1.1,1.1,0.0,5.0,53,12.4,22.0,310,Drizzle: Moderate,0,0,
76323,2021-08-21 12:19:00,40.86235,-73.89997,0,0,Passing Too Closely,4449323,27.2,23.0,0.8,0.8,0.0,6.0,51,14.3,29.5,109,Drizzle: Light,0,0,
76324,2021-08-21 17:04:00,40.615463,-74.069466,1,0,Unsafe Speed,4449792,27.2,23.0,0.8,0.8,0.0,6.0,51,14.3,29.5,109,Drizzle: Light,1,1,
76325,2021-08-21 02:00:00,40.639446,-74.02696,0,0,Driver Inattention/Distraction,4448977,27.2,23.0,0.8,0.8,0.0,6.0,51,14.3,29.5,109,Drizzle: Light,0,0,
76326,2021-08-18 02:00:00,40.84384,-73.84779,0,0,Driver Inattention/Distraction,4449924,27.0,21.1,1.5,1.5,0.0,5.0,53,24.7,46.8,150,Drizzle: Moderate,0,0,
76327,2021-08-21 21:46:00,40.68151,-73.93475,3,0,Following Too Closely,4449388,27.2,23.0,0.8,0.8,0.0,6.0,51,14.3,29.5,109,Drizzle: Light,3,3,
76328,2021-08-21 07:28:00,40.66059,-73.931335,0,0,Unspecified,4449425,27.2,23.0,0.8,0.8,0.0,6.0,51,14.3,29.5,109,Drizzle: Light,0,0,
76329,2021-08-21 16:40:00,40.572548,-74.16997,0,0,Backing Unsafely,4449216,27.2,23.0,0.8,0.8,0.0,6.0,51,14.3,29.5,109,Drizzle: Light,0,0,
76330,2021-08-21 08:40:00,40.63231,-73.94842,0,0,Traffic Control Disregarded,4449686,27.2,23.0,0.8,0.8,0.0,6.0,51,14.3,29.5,109,Drizzle: Light,0,0,
76331,2021-08-21 13:17:00,40.841232,-73.89247,0,0,Driver Inattention/Distraction,4449275,27.2,23.0,0.8,0.8,0.0,6.0,51,14.3,29.5,109,Drizzle: Light,0,0,
76332,2021-08-18 17:40:00,40.69024,-73.99437,0,0,Passing Too Closely,4449892,27.0,21.1,1.5,1.5,0.0,5.0,53,24.7,46.8,150,Drizzle: Moderate,0,0,
76333,2021-08-21 03:15:00,40.684147,-73.922966,0,0,Traffic Control Disregarded,4449404,27.2,23.0,0.8,0.8,0.0,6.0,51,14.3,29.5,109,Drizzle: Light,0,0,
76334,2021-08-21 02:00:00,40.666573,-73.78632,0,0,Driver Inattention/Distraction,4449037,27.2,23.0,0.8,0.8,0.0,6.0,51,14.3,29.5,109,Drizzle: Light,0,0,
76335,2021-08-21 23:18:00,40.843246,-73.94505,1,0,Unspecified,4449532,27.2,23.0,0.8,0.8,0.0,6.0,51,14.3,29.5,109,Drizzle: Light,1,1,
76336,2021-08-21 06:56:00,40.829685,-73.8253,1,0,Unspecified,4449700,27.2,23.0,0.8,0.8,0.0,6.0,51,14.3,29.5,109,Drizzle: Light,1,1,
76337,2021-08-21 09:00:00,40.73643,-74.00663,0,0,Backing Unsafely,4449170,27.2,23.0,0.8,0.8,0.0,6.0,51,14.3,29.5,109,Drizzle: Light,0,0,
76338,2021-08-21 17:19:00,40.59925,-73.952614,0,0,Driver Inattention/Distraction,4449154,27.2,23.0,0.8,0.8,0.0,6.0,51,14.3,29.5,109,Drizzle: Light,0,0,
76339,2021-08-21 13:42:00,40.721703,-73.95065,1,0,Passing Too Closely,4449613,27.2,23.0,0.8,0.8,0.0,6.0,51,14.3,29.5,109,Drizzle: Light,1,1,
76340,2021-08-19 16:06:00,40.6488,-74.01343,1,0,Unspecified,4449870,30.2,23.4,11.8,11.8,0.0,13.0,61,26.3,53.3,223,Rain: Light,1,1,
76341,2021-08-21 09:00:00,40.66653,-73.806274,0,0,Following Too Closely,4449267,27.2,23.0,0.8,0.8,0.0,6.0,51,14.3,29.5,109,Drizzle: Light,0,0,
76342,2021-08-21 20:00:00,40.533367,-74.17045,0,0,Unspecified,4449334,27.2,23.0,0.8,0.8,0.0,6.0,51,14.3,29.5,109,Drizzle: Light,0,0,
76343,2021-08-13 18:51:00,40.654408,-73.910774,0,0,Unspecified,4449819,33.2,24.8,0.0,0.0,0.0,0.0,3,18.2,34.9,215,Overcast,0,0,
76344,2021-08-21 10:20:00,40.66113,-73.90782,0,0,Other Vehicular,4449759,27.2,23.0,0.8,0.8,0.0,6.0,51,14.3,29.5,109,Drizzle: Light,0,0,
76345,2021-08-21 17:36:00,40.87644,-73.90276,0,0,Unspecified,4449369,27.2,23.0,0.8,0.8,0.0,6.0,51,14.3,29.5,109,Drizzle: Light,0,0,
76346,2021-08-21 13:13:00,40.76527,-73.97531,2,0,Driver Inattention/Distraction,4449958,27.2,23.0,0.8,0.8,0.0,6.0,51,14.3,29.5,109,Drizzle: Light,2,2,
76347,2021-08-09 08:50:00,40.814877,-73.92076,0,0,Backing Unsafely,4449747,26.2,20.1,1.1,1.1,0.0,7.0,51,17.3,34.6,36,Drizzle: Light,0,0,
76348,2021-08-19 22:24:00,40.657757,-73.91162,1,0,Driver Inattention/Distraction,4449754,30.2,23.4,11.8,11.8,0.0,13.0,61,26.3,53.3,223,Rain: Light,1,1,
76349,2021-06-11 10:00:00,40.765545,-73.95471,1,0,Pedestrian/Bicyclist/Other Pedestrian Error/Confusion,4449767,20.7,15.3,1.2,1.2,0.0,3.0,53,13.2,27.0,97,Drizzle: Moderate,1,1,
76350,2021-08-21 21:30:00,40.628204,-74.01286,0,0,Traffic Control Disregarded,4449297,27.2,23.0,0.8,0.8,0.0,6.0,51,14.3,29.5,109,Drizzle: Light,0,0,
76351,2021-10-15 20:22:00,40.8782895,-73.8700582,1,0,Other Vehicular,4467974,25.0,14.5,0.0,0.0,0.0,0.0,3,16.8,28.4,182,Overcast,1,1,
76352,2021-10-19 14:00:00,40.5958855,-73.9831409,0,0,Unspecified,4469306,19.1,8.3,0.0,0.0,0.0,0.0,1,24.6,45.0,272,Mainly clear,0,0,Sunny/Clear Conditions
76353,2021-10-13 12:10:00,40.8461229,-73.866647,1,0,Unsafe Speed,4466771,21.7,14.8,0.1,0.1,0.0,1.0,51,12.2,23.0,200,Drizzle: Light,1,1,
76354,2021-10-20 17:25:00,40.7397514,-74.0025224,1,0,Unspecified,4470833,24.1,13.8,0.0,0.0,0.0,0.0,3,21.6,37.1,276,Overcast,1,1,
76355,2021-10-22 12:57:00,40.736562,-74.0010934,1,0,Pedestrian/Bicyclist/Other Pedestrian Error/Confusion,4470176,20.3,14.4,0.0,0.0,0.0,0.0,3,18.1,31.3,267,Overcast,1,1,
76356,2021-10-22 08:10:00,40.6842783,-73.7830147,1,0,Failure to Yield Right-of-Way,4470002,20.3,14.4,0.0,0.0,0.0,0.0,3,18.1,31.3,267,Overcast,1,1,
76357,2021-10-13 19:45:00,40.8201654,-73.8852237,0,0,Unspecified,4466871,21.7,14.8,0.1,0.1,0.0,1.0,51,12.2,23.0,200,Drizzle: Light,0,0,
76358,2021-10-21 13:37:00,40.6265698,-73.9709207,1,0,Unspecified,4470601,22.9,12.0,0.0,0.0,0.0,0.0,3,17.0,31.7,207,Overcast,1,1,
76359,2021-10-13 14:00:00,40.6414351,-74.0178146,0,0,Unspecified,4468563,21.7,14.8,0.1,0.1,0.0,1.0,51,12.2,23.0,200,Drizzle: Light,0,0,
76360,2021-10-20 12:17:00,40.5952075,-73.758491,0,0,Following Too Closely,4469454,24.1,13.8,0.0,0.0,0.0,0.0,3,21.6,37.1,276,Overcast,0,0,
76361,2021-10-21 12:00:00,40.7223029,-73.9017911,0,0,Unspecified,4469992,22.9,12.0,0.0,0.0,0.0,0.0,3,17.0,31.7,207,Overcast,0,0,
76362,2021-10-21 14:15:00,40.7512132,-74.0029823,1,0,Driver Inattention/Distraction,4470819,22.9,12.0,0.0,0.0,0.0,0.0,3,17.0,31.7,207,Overcast,1,1,
76363,2021-10-21 18:00:00,40.7520727,-73.863997,0,0,Unspecified,4469968,22.9,12.0,0.0,0.0,0.0,0.0,3,17.0,31.7,207,Overcast,0,0,
76364,2021-10-22 19:45:00,40.7264527,-73.9524425,0,0,Unsafe Speed,4470427,20.3,14.4,0.0,0.0,0.0,0.0,3,18.1,31.3,267,Overcast,0,0,
76365,2021-10-16 08:25:00,40.8893233,-73.8492038,0,0,Unspecified,4467976,24.3,15.0,17.5,17.5,0.0,9.0,63,25.7,46.4,195,Rain: Moderate,0,0,
76366,2021-10-30 15:29:00,40.88261,-73.826706,3,0,Unspecified,4473959,17.8,12.0,7.8,7.8,0.0,16.0,61,38.5,68.0,112,Rain: Light,3,3,
76367,2021-10-23 11:40:00,40.8188473,-73.8184381,0,0,Unspecified,4470161,15.9,10.4,0.2,0.2,0.0,2.0,51,14.4,26.6,326,Drizzle: Light,0,0,
76368,2021-10-23 19:20:00,40.695157,-73.9200111,1,0,Unspecified,4470094,15.9,10.4,0.2,0.2,0.0,2.0,51,14.4,26.6,326,Drizzle: Light,1,1,
76369,2021-10-26 08:50:00,40.628704,-74.10979,0,0,Driver Inattention/Distraction,4474064,16.9,13.8,84.5,84.5,0.0,17.0,65,28.7,53.6,87,Rain: Heavy,0,0,
76370,2021-10-18 14:40:00,40.6485861,-73.9069919,0,0,Unspecified,4468595,15.8,9.2,0.0,0.0,0.0,0.0,2,32.4,58.3,296,Partly cloudy,0,0,
76371,2021-10-13 11:40:00,40.710558,-73.9941422,0,0,Driver Inexperience,4466899,21.7,14.8,0.1,0.1,0.0,1.0,51,12.2,23.0,200,Drizzle: Light,0,0,
76372,2021-09-21 19:09:00,40.8308903,-73.8272842,1,0,Unspecified,4459890,23.1,16.4,0.0,0.0,0.0,0.0,3,14.2,29.5,108,Overcast,1,1,
76373,2021-10-15 18:48:00,40.7426112,-73.8305655,1,0,Following Too Closely,4467648,25.0,14.5,0.0,0.0,0.0,0.0,3,16.8,28.4,182,Overcast,1,1,
76374,2021-10-18 15:35:00,40.7623345,-73.8269171,0,0,Following Too Closely,4468924,15.8,9.2,0.0,0.0,0.0,0.0,2,32.4,58.3,296,Partly cloudy,0,0,
76375,2021-10-13 04:25:00,40.6065258,-73.7441166,1,0,Alcohol Involvement,4467031,21.7,14.8,0.1,0.1,0.0,1.0,51,12.2,23.0,200,Drizzle: Light,1,1,
76376,2021-11-02 23:00:00,40.671555,-73.987724,1,0,Unspecified,4473470,11.4,7.0,0.6,0.6,0.0,4.0,51,14.1,28.1,271,Drizzle: Light,1,1,
76377,2021-10-17 13:00:00,40.6995997,-73.8531486,0,0,Passing Too Closely,4467931,17.3,11.1,0.2,0.2,0.0,2.0,51,23.9,43.9,293,Drizzle: Light,0,0,
76378,2021-10-12 14:49:00,40.6193809,-73.9828828,5,0,Unspecified,4467053,21.6,15.2,0.0,0.0,0.0,0.0,3,11.8,23.8,81,Overcast,5,5,
76379,2021-10-22 09:40:00,40.689452,-73.9680771,2,0,Passing or Lane Usage Improper,4469781,20.3,14.4,0.0,0.0,0.0,0.0,3,18.1,31.3,267,Overcast,2,2,
76380,2021-10-08 22:00:00,40.66706,-73.7392,1,0,Following Too Closely,4465408,23.7,14.5,0.0,0.0,0.0,0.0,3,13.0,22.3,94,Overcast,1,1,
76381,2021-10-15 11:35:00,40.756478,-73.9720606,0,0,Passing or Lane Usage Improper,4467349,25.0,14.5,0.0,0.0,0.0,0.0,3,16.8,28.4,182,Overcast,0,0,
76382,2021-10-16 00:59:00,40.7603926,-73.999086,0,0,Unspecified,4469136,24.3,15.0,17.5,17.5,0.0,9.0,63,25.7,46.4,195,Rain: Moderate,0,0,
76383,2021-10-21 12:20:00,40.5829477,-74.156865,1,0,,4469833,22.9,12.0,0.0,0.0,0.0,0.0,3,17.0,31.7,207,Overcast,1,1,
76384,2021-10-19 20:20:00,40.6928564,-73.7470233,0,0,Passing Too Closely,4469173,19.1,8.3,0.0,0.0,0.0,0.0,1,24.6,45.0,272,Mainly clear,0,0,Sunny/Clear Conditions
76385,2021-10-17 04:14:00,40.8984496,-73.8542983,1,0,Driver Inattention/Distraction,4467953,17.3,11.1,0.2,0.2,0.0,2.0,51,23.9,43.9,293,Drizzle: Light,1,1,
76386,2021-10-15 07:02:00,40.7392377,-73.8499843,1,0,,4469456,25.0,14.5,0.0,0.0,0.0,0.0,3,16.8,28.4,182,Overcast,1,1,
76387,2021-10-18 00:00:00,40.6574671,-73.9417401,0,0,Unspecified,4468538,15.8,9.2,0.0,0.0,0.0,0.0,2,32.4,58.3,296,Partly cloudy,0,0,
76388,2021-10-23 19:28:00,40.8273436,-73.9427825,0,0,Driver Inattention/Distraction,4470459,15.9,10.4,0.2,0.2,0.0,2.0,51,14.4,26.6,326,Drizzle: Light,0,0,
76389,2021-10-16 13:00:00,40.7635579,-73.9757607,0,0,Unspecified,4468755,24.3,15.0,17.5,17.5,0.0,9.0,63,25.7,46.4,195,Rain: Moderate,0,0,
76390,2021-11-02 18:00:00,40.818497,-73.8681,0,0,Unspecified,4473601,11.4,7.0,0.6,0.6,0.0,4.0,51,14.1,28.1,271,Drizzle: Light,0,0,
76391,2021-10-21 16:59:00,40.7273825,-73.9498081,0,0,Passing Too Closely,4469556,22.9,12.0,0.0,0.0,0.0,0.0,3,17.0,31.7,207,Overcast,0,0,
76392,2021-10-23 18:25:00,40.730053,-73.7935239,0,0,Driver Inattention/Distraction,4470109,15.9,10.4,0.2,0.2,0.0,2.0,51,14.4,26.6,326,Drizzle: Light,0,0,
76393,2021-10-13 10:50:00,40.6252157,-73.9913259,0,0,Unspecified,4466920,21.7,14.8,0.1,0.1,0.0,1.0,51,12.2,23.0,200,Drizzle: Light,0,0,
76394,2021-10-22 21:30:00,40.6385252,-73.9260638,2,0,Unspecified,4470267,20.3,14.4,0.0,0.0,0.0,0.0,3,18.1,31.3,267,Overcast,2,2,
76395,2021-10-15 15:58:00,40.7125314,-74.0076652,1,0,Failure to Yield Right-of-Way,4467556,25.0,14.5,0.0,0.0,0.0,0.0,3,16.8,28.4,182,Overcast,1,1,
76396,2021-10-15 14:36:00,40.8566878,-73.8692726,2,0,Unspecified,4467449,25.0,14.5,0.0,0.0,0.0,0.0,3,16.8,28.4,182,Overcast,2,2,
76397,2021-10-21 21:20:00,40.8717404,-73.8985527,0,0,Passing Too Closely,4470034,22.9,12.0,0.0,0.0,0.0,0.0,3,17.0,31.7,207,Overcast,0,0,
76398,2021-10-17 20:25:00,40.6882937,-73.9639703,1,0,Following Too Closely,4468323,17.3,11.1,0.2,0.2,0.0,2.0,51,23.9,43.9,293,Drizzle: Light,1,1,
76399,2021-10-16 17:20:00,40.6667139,-73.7515526,2,0,Traffic Control Disregarded,4467672,24.3,15.0,17.5,17.5,0.0,9.0,63,25.7,46.4,195,Rain: Moderate,2,2,
76400,2021-10-22 08:40:00,40.7806906,-73.9465923,0,0,Turning Improperly,4469850,20.3,14.4,0.0,0.0,0.0,0.0,3,18.1,31.3,267,Overcast,0,0,
76401,2021-10-14 14:52:00,40.657865,-73.7660672,0,0,Backing Unsafely,4467170,25.0,15.4,0.0,0.0,0.0,0.0,3,15.4,29.9,328,Overcast,0,0,
76402,2021-10-19 00:40:00,40.5885678,-74.1624473,0,0,Driver Inattention/Distraction,4469984,19.1,8.3,0.0,0.0,0.0,0.0,1,24.6,45.0,272,Mainly clear,0,0,Sunny/Clear Conditions
76403,2021-10-22 18:00:00,40.7336953,-73.7252474,1,0,Unspecified,4470128,20.3,14.4,0.0,0.0,0.0,0.0,3,18.1,31.3,267,Overcast,1,1,
76404,2021-10-15 16:15:00,40.6654081,-73.9653509,1,0,Driver Inattention/Distraction,4468190,25.0,14.5,0.0,0.0,0.0,0.0,3,16.8,28.4,182,Overcast,1,1,
76405,2021-10-19 18:19:00,40.6354928,-74.1578218,0,0,Driver Inattention/Distraction,4469402,19.1,8.3,0.0,0.0,0.0,0.0,1,24.6,45.0,272,Mainly clear,0,0,Sunny/Clear Conditions