,CRASH DATETIME,LATITUDE,LONGITUDE,NUMBER OF PERSONS INJURED,NUMBER OF PERSONS KILLED,CONTRIBUTING FACTOR VEHICLE 1,COLLISION_ID,temperature_2m_max,temperature_2m_min,precipitation_sum,rain_sum,snowfall_sum,precipitation_hours,weather_code,wind_speed_10m_max,wind_gusts_10m_max,wind_direction_10m_dominant,Weather Description,Severity_Score,Total_Affected_Persons,Weather_Category
76406,2021-10-24 12:29:00,40.6946866,-73.911108,1,0,Driver Inattention/Distraction,4470442,15.5,7.6,0.7,0.7,0.0,1.0,53,13.0,23.8,248,Drizzle: Moderate,1,1,
76407,2021-11-02 20:31:00,40.788795,-73.93755,0,0,Driver Inattention/Distraction,4473490,11.4,7.0,0.6,0.6,0.0,4.0,51,14.1,28.1,271,Drizzle: Light,0,0,
76408,2021-11-02 10:00:00,40.608612,-74.13098,1,0,Unsafe Lane Changing,4473980,11.4,7.0,0.6,0.6,0.0,4.0,51,14.1,28.1,271,Drizzle: Light,1,1,
76409,2021-10-21 16:15:00,40.8934115,-73.8573621,2,0,Driver Inattention/Distraction,4469588,22.9,12.0,0.0,0.0,0.0,0.0,3,17.0,31.7,207,Overcast,2,2,
76410,2021-11-02 08:30:00,40.704254,-73.788345,0,0,Passing or Lane Usage Improper,4474117,11.4,7.0,0.6,0.6,0.0,4.0,51,14.1,28.1,271,Drizzle: Light,0,0,
76411,2021-10-15 12:55:00,40.7519423,-73.8322954,0,0,Passing or Lane Usage Improper,4467381,25.0,14.5,0.0,0.0,0.0,0.0,3,16.8,28.4,182,Overcast,0,0,
76412,2021-10-16 16:33:00,40.8567836,-73.8619196,2,0,Traffic Control Disregarded,4467657,24.3,15.0,17.5,17.5,0.0,9.0,63,25.7,46.4,195,Rain: Moderate,2,2,
76413,2021-10-21 15:00:00,40.6341172,-73.9458666,1,0,Obstruction/Debris,4469536,22.9,12.0,0.0,0.0,0.0,0.0,3,17.0,31.7,207,Overcast,1,1,
76414,2021-10-21 15:35:00,40.6263619,-74.0083001,0,0,Driver Inattention/Distraction,4469590,22.9,12.0,0.0,0.0,0.0,0.0,3,17.0,31.7,207,Overcast,0,0,
76415,2021-10-17 10:37:00,40.6713386,-73.9447945,0,0,Driver Inattention/Distraction,4468811,17.3,11.1,0.2,0.2,0.0,2.0,51,23.9,43.9,293,Drizzle: Light,0,0,
76416,2021-10-21 21:00:00,40.5763037,-73.9685308,1,0,Driver Inattention/Distraction,4470099,22.9,12.0,0.0,0.0,0.0,0.0,3,17.0,31.7,207,Overcast,1,1,
76417,2021-10-19 09:35:00,40.6069558,-73.7435241,1,0,Failure to Yield Right-of-Way,4470596,19.1,8.3,0.0,0.0,0.0,0.0,1,24.6,45.0,272,Mainly clear,1,1,Sunny/Clear Conditions
76418,2021-10-24 01:42:00,40.7518471,-73.787862,1,0,Driver Inattention/Distraction,4470423,15.5,7.6,0.7,0.7,0.0,1.0,53,13.0,23.8,248,Drizzle: Moderate,1,1,
76419,2021-10-14 16:41:00,40.7965655,-73.9380162,0,0,Driver Inattention/Distraction,4468728,25.0,15.4,0.0,0.0,0.0,0.0,3,15.4,29.9,328,Overcast,0,0,
76420,2021-10-14 12:01:00,40.750119,-73.8072704,1,0,Failure to Yield Right-of-Way,4468939,25.0,15.4,0.0,0.0,0.0,0.0,3,15.4,29.9,328,Overcast,1,1,
76421,2021-10-18 20:03:00,40.7589979,-73.8745828,0,0,Driver Inattention/Distraction,4468696,15.8,9.2,0.0,0.0,0.0,0.0,2,32.4,58.3,296,Partly cloudy,0,0,
76422,2021-10-12 21:06:00,40.6048025,-73.9667959,1,0,Failure to Yield Right-of-Way,4466852,21.6,15.2,0.0,0.0,0.0,0.0,3,11.8,23.8,81,Overcast,1,1,
76423,2021-10-21 05:25:00,40.7093202,-73.8174543,0,0,Unspecified,4469499,22.9,12.0,0.0,0.0,0.0,0.0,3,17.0,31.7,207,Overcast,0,0,
76424,2021-10-25 19:20:00,40.626965,-74.08215,2,0,Pavement Slippery,4474099,22.8,13.5,10.7,10.7,0.0,8.0,63,18.9,33.5,172,Rain: Moderate,2,2,
76425,2021-10-23 20:31:00,40.6805793,-73.974316,0,0,Failure to Yield Right-of-Way,4470548,15.9,10.4,0.2,0.2,0.0,2.0,51,14.4,26.6,326,Drizzle: Light,0,0,
76426,2021-10-20 17:05:00,40.7612344,-73.9638843,0,0,Driver Inattention/Distraction,4469643,24.1,13.8,0.0,0.0,0.0,0.0,3,21.6,37.1,276,Overcast,0,0,
76427,2021-10-14 22:58:00,40.6081954,-74.1390393,1,0,Lost Consciousness,4467370,25.0,15.4,0.0,0.0,0.0,0.0,3,15.4,29.9,328,Overcast,1,1,
76428,2021-10-25 13:20:00,40.7060125,-74.0088114,0,0,Unspecified,4470847,22.8,13.5,10.7,10.7,0.0,8.0,63,18.9,33.5,172,Rain: Moderate,0,0,
76429,2021-10-03 15:58:00,40.7016303,-73.8404963,0,0,Backing Unsafely,4463906,25.9,12.8,0.0,0.0,0.0,0.0,3,12.0,24.1,217,Overcast,0,0,
76430,2021-10-24 05:43:00,40.6517331,-73.930381,4,0,Unspecified,4470286,15.5,7.6,0.7,0.7,0.0,1.0,53,13.0,23.8,248,Drizzle: Moderate,4,4,
76431,2022-04-13 10:00:00,40.717518,-73.96474,0,0,Pavement Defective,4518749,18.9,7.1,0.0,0.0,0.0,0.0,3,18.7,37.4,112,Overcast,0,0,
76432,2021-10-17 17:00:00,40.8462662,-73.9205776,0,0,Passing Too Closely,4468374,17.3,11.1,0.2,0.2,0.0,2.0,51,23.9,43.9,293,Drizzle: Light,0,0,
76433,2021-10-23 20:04:00,40.7146219,-73.9011579,0,0,Failure to Yield Right-of-Way,4470410,15.9,10.4,0.2,0.2,0.0,2.0,51,14.4,26.6,326,Drizzle: Light,0,0,
76434,2021-10-16 07:30:00,40.8870062,-73.8572608,0,0,Unspecified,4467995,24.3,15.0,17.5,17.5,0.0,9.0,63,25.7,46.4,195,Rain: Moderate,0,0,
76435,2021-10-23 01:53:00,40.6624152,-73.883577,0,0,Steering Failure,4470470,15.9,10.4,0.2,0.2,0.0,2.0,51,14.4,26.6,326,Drizzle: Light,0,0,
76436,2021-10-13 01:30:00,40.8672566,-73.8836235,0,0,Passing Too Closely,4467417,21.7,14.8,0.1,0.1,0.0,1.0,51,12.2,23.0,200,Drizzle: Light,0,0,
76437,2021-10-13 15:00:00,40.75278,-73.8662678,1,0,Backing Unsafely,4466989,21.7,14.8,0.1,0.1,0.0,1.0,51,12.2,23.0,200,Drizzle: Light,1,1,
76438,2021-10-19 13:31:00,40.7067016,-73.916637,0,0,Passing Too Closely,4470395,19.1,8.3,0.0,0.0,0.0,0.0,1,24.6,45.0,272,Mainly clear,0,0,Sunny/Clear Conditions
76439,2021-10-21 18:10:00,40.6741471,-73.9306135,1,0,Unspecified,4470352,22.9,12.0,0.0,0.0,0.0,0.0,3,17.0,31.7,207,Overcast,1,1,
76440,2021-10-15 23:00:00,40.668735,-73.8422736,2,0,Failure to Yield Right-of-Way,4468013,25.0,14.5,0.0,0.0,0.0,0.0,3,16.8,28.4,182,Overcast,2,2,
76441,2021-10-17 22:10:00,40.8494102,-73.9008853,1,0,Traffic Control Disregarded,4468619,17.3,11.1,0.2,0.2,0.0,2.0,51,23.9,43.9,293,Drizzle: Light,1,1,
76442,2021-10-14 13:00:00,40.7903471,-73.8198334,1,0,Failure to Yield Right-of-Way,4468941,25.0,15.4,0.0,0.0,0.0,0.0,3,15.4,29.9,328,Overcast,1,1,
76443,2021-10-21 16:00:00,40.6707518,-73.8909129,0,0,Passing Too Closely,4469689,22.9,12.0,0.0,0.0,0.0,0.0,3,17.0,31.7,207,Overcast,0,0,
76444,2021-10-24 20:35:00,40.892133,-73.8534043,1,0,Failure to Yield Right-of-Way,4470662,15.5,7.6,0.7,0.7,0.0,1.0,53,13.0,23.8,248,Drizzle: Moderate,1,1,
76445,2021-10-17 08:14:00,40.7168112,-73.9023437,2,0,Failure to Yield Right-of-Way,4467996,17.3,11.1,0.2,0.2,0.0,2.0,51,23.9,43.9,293,Drizzle: Light,2,2,
76446,2021-10-19 17:00:00,40.8179073,-73.9543884,0,0,Other Vehicular,4470322,19.1,8.3,0.0,0.0,0.0,0.0,1,24.6,45.0,272,Mainly clear,0,0,Sunny/Clear Conditions
76447,2021-10-01 17:00:00,40.5794435,-73.9796099,0,0,Driver Inattention/Distraction,4466972,19.4,9.5,0.0,0.0,0.0,0.0,0,13.8,28.1,302,Clear sky,0,0,Sunny/Clear Conditions
76448,2021-09-17 09:30:00,40.749321,-73.7568423,0,0,Aggressive Driving/Road Rage,4469156,23.6,20.1,1.0,1.0,0.0,7.0,51,20.3,38.9,59,Drizzle: Light,0,0,
76449,2021-11-02 16:50:00,40.755756,-73.96479,1,0,Driver Inattention/Distraction,4473806,11.4,7.0,0.6,0.6,0.0,4.0,51,14.1,28.1,271,Drizzle: Light,1,1,
76450,2021-10-05 10:00:00,40.8350523,-73.9261381,0,0,Unspecified,4468258,19.9,15.0,0.0,0.0,0.0,0.0,3,14.5,28.1,46,Overcast,0,0,
76451,2021-10-24 18:30:00,40.6050275,-73.9615094,0,0,Passing Too Closely,4470554,15.5,7.6,0.7,0.7,0.0,1.0,53,13.0,23.8,248,Drizzle: Moderate,0,0,
76452,2021-10-16 06:50:00,40.6036253,-74.0693024,0,0,Driver Inattention/Distraction,4467732,24.3,15.0,17.5,17.5,0.0,9.0,63,25.7,46.4,195,Rain: Moderate,0,0,
76453,2021-10-19 08:30:00,40.6643433,-73.9315393,0,0,Driver Inattention/Distraction,4468947,19.1,8.3,0.0,0.0,0.0,0.0,1,24.6,45.0,272,Mainly clear,0,0,Sunny/Clear Conditions
76454,2021-10-22 02:40:00,40.8176847,-73.8985192,0,0,Unspecified,4470722,20.3,14.4,0.0,0.0,0.0,0.0,3,18.1,31.3,267,Overcast,0,0,
76455,2021-10-23 13:03:00,40.6758728,-73.7868923,0,0,Turning Improperly,4470536,15.9,10.4,0.2,0.2,0.0,2.0,51,14.4,26.6,326,Drizzle: Light,0,0,
76456,2022-04-13 16:55:00,40.69447,-73.76204,0,0,Failure to Yield Right-of-Way,4518828,18.9,7.1,0.0,0.0,0.0,0.0,3,18.7,37.4,112,Overcast,0,0,
76457,2021-10-16 20:23:00,40.6334692,-74.0210119,0,0,Unspecified,4468126,24.3,15.0,17.5,17.5,0.0,9.0,63,25.7,46.4,195,Rain: Moderate,0,0,
76458,2021-10-19 09:30:00,40.5794435,-73.9796099,0,0,Driver Inattention/Distraction,4468746,19.1,8.3,0.0,0.0,0.0,0.0,1,24.6,45.0,272,Mainly clear,0,0,Sunny/Clear Conditions
76459,2021-10-14 16:30:00,40.616943,-73.9779419,0,0,Driver Inexperience,4469058,25.0,15.4,0.0,0.0,0.0,0.0,3,15.4,29.9,328,Overcast,0,0,
76460,2022-04-11 10:40:00,40.679527,-73.91651,0,0,Other Vehicular,4519528,13.1,1.8,0.0,0.0,0.0,0.0,3,18.6,36.4,246,Overcast,0,0,
76461,2021-10-16 08:30:00,40.7548762,-73.9685222,1,0,Driver Inattention/Distraction,4467616,24.3,15.0,17.5,17.5,0.0,9.0,63,25.7,46.4,195,Rain: Moderate,1,1,
76462,2021-10-19 21:07:00,40.8151131,-73.9550003,0,0,Other Vehicular,4468926,19.1,8.3,0.0,0.0,0.0,0.0,1,24.6,45.0,272,Mainly clear,0,0,Sunny/Clear Conditions
76463,2021-10-21 16:06:00,40.7042143,-73.876161,0,0,Reaction to Uninvolved Vehicle,4469923,22.9,12.0,0.0,0.0,0.0,0.0,3,17.0,31.7,207,Overcast,0,0,
76464,2021-10-17 10:30:00,40.714134,-73.74916,0,0,,4468889,17.3,11.1,0.2,0.2,0.0,2.0,51,23.9,43.9,293,Drizzle: Light,0,0,
76465,2021-10-18 11:52:00,40.6604416,-73.9568744,0,0,Driver Inattention/Distraction,4468490,15.8,9.2,0.0,0.0,0.0,0.0,2,32.4,58.3,296,Partly cloudy,0,0,
76466,2021-10-15 20:30:00,40.7678553,-73.9342271,1,0,Driver Inattention/Distraction,4467899,25.0,14.5,0.0,0.0,0.0,0.0,3,16.8,28.4,182,Overcast,1,1,
76467,2021-10-09 12:30:00,40.7567179,-73.7391791,0,0,Unspecified,4466258,20.2,15.2,1.2,1.2,0.0,5.0,51,22.8,42.8,71,Drizzle: Light,0,0,
76468,2021-10-15 17:00:00,40.6297765,-73.9939944,0,0,Unspecified,4468290,25.0,14.5,0.0,0.0,0.0,0.0,3,16.8,28.4,182,Overcast,0,0,
76469,2021-10-13 08:30:00,40.7565443,-73.9826352,0,0,Following Too Closely,4467086,21.7,14.8,0.1,0.1,0.0,1.0,51,12.2,23.0,200,Drizzle: Light,0,0,
76470,2021-10-24 06:15:00,40.6971299,-73.7432782,0,0,Fell Asleep,4470510,15.5,7.6,0.7,0.7,0.0,1.0,53,13.0,23.8,248,Drizzle: Moderate,0,0,
76471,2021-10-14 15:26:00,40.8614333,-73.891343,0,0,Driver Inattention/Distraction,4468350,25.0,15.4,0.0,0.0,0.0,0.0,3,15.4,29.9,328,Overcast,0,0,
76472,2021-10-23 17:45:00,40.6122256,-74.0339424,0,0,Driver Inattention/Distraction,4470077,15.9,10.4,0.2,0.2,0.0,2.0,51,14.4,26.6,326,Drizzle: Light,0,0,
76473,2021-10-19 00:01:00,40.8978107,-73.8526177,0,0,Driver Inattention/Distraction,4469505,19.1,8.3,0.0,0.0,0.0,0.0,1,24.6,45.0,272,Mainly clear,0,0,Sunny/Clear Conditions
76474,2021-10-21 02:30:00,40.6659413,-73.7652439,0,0,Unsafe Speed,4469494,22.9,12.0,0.0,0.0,0.0,0.0,3,17.0,31.7,207,Overcast,0,0,
76475,2021-10-16 01:00:00,40.8316974,-73.8902858,0,0,Driver Inattention/Distraction,4468671,24.3,15.0,17.5,17.5,0.0,9.0,63,25.7,46.4,195,Rain: Moderate,0,0,
76476,2021-10-15 14:51:00,40.6550952,-73.9346446,0,0,Unspecified,4467820,25.0,14.5,0.0,0.0,0.0,0.0,3,16.8,28.4,182,Overcast,0,0,
76477,2021-10-17 18:12:00,40.7722922,-73.9153946,1,0,Driver Inattention/Distraction,4470750,17.3,11.1,0.2,0.2,0.0,2.0,51,23.9,43.9,293,Drizzle: Light,1,1,
76478,2021-10-22 23:56:00,40.6733913,-73.916771,0,0,Driver Inattention/Distraction,4470189,20.3,14.4,0.0,0.0,0.0,0.0,3,18.1,31.3,267,Overcast,0,0,
76479,2021-10-22 10:30:00,40.608317,-74.1313086,1,0,Unsafe Speed,4470679,20.3,14.4,0.0,0.0,0.0,0.0,3,18.1,31.3,267,Overcast,1,1,
76480,2021-10-15 19:15:00,40.8733019,-73.8536375,0,0,Driver Inattention/Distraction,4467968,25.0,14.5,0.0,0.0,0.0,0.0,3,16.8,28.4,182,Overcast,0,0,
76481,2021-10-13 07:30:00,40.8308903,-73.8272842,0,0,Unspecified,4466803,21.7,14.8,0.1,0.1,0.0,1.0,51,12.2,23.0,200,Drizzle: Light,0,0,
76482,2021-10-13 00:35:00,40.7139009,-73.9088099,0,0,Unsafe Speed,4466724,21.7,14.8,0.1,0.1,0.0,1.0,51,12.2,23.0,200,Drizzle: Light,0,0,
76483,2021-10-18 14:45:00,40.8896404,-73.9095304,0,0,Turning Improperly,4468507,15.8,9.2,0.0,0.0,0.0,0.0,2,32.4,58.3,296,Partly cloudy,0,0,
76484,2021-10-18 06:50:00,40.5077536,-74.2300632,0,0,Unspecified,4469818,15.8,9.2,0.0,0.0,0.0,0.0,2,32.4,58.3,296,Partly cloudy,0,0,
76485,2021-10-16 12:15:00,40.6780837,-73.9779685,0,0,Backing Unsafely,4469112,24.3,15.0,17.5,17.5,0.0,9.0,63,25.7,46.4,195,Rain: Moderate,0,0,
76486,2021-10-20 06:46:00,40.6547758,-73.8897039,1,0,Driver Inattention/Distraction,4469701,24.1,13.8,0.0,0.0,0.0,0.0,3,21.6,37.1,276,Overcast,1,1,
76487,2021-10-23 15:35:00,40.8308903,-73.8272842,1,0,Unspecified,4470633,15.9,10.4,0.2,0.2,0.0,2.0,51,14.4,26.6,326,Drizzle: Light,1,1,
76488,2021-10-17 00:24:00,40.7128614,-73.9657826,1,0,Failure to Yield Right-of-Way,4468222,17.3,11.1,0.2,0.2,0.0,2.0,51,23.9,43.9,293,Drizzle: Light,1,1,
76489,2021-10-19 12:40:00,40.6840616,-73.7287222,1,0,Driver Inattention/Distraction,4468891,19.1,8.3,0.0,0.0,0.0,0.0,1,24.6,45.0,272,Mainly clear,1,1,Sunny/Clear Conditions
76490,2021-10-14 00:00:00,40.8140833,-73.9523327,0,0,Unspecified,4467138,25.0,15.4,0.0,0.0,0.0,0.0,3,15.4,29.9,328,Overcast,0,0,
76491,2021-10-20 03:30:00,40.6125508,-74.0673798,0,0,Driver Inattention/Distraction,4469261,24.1,13.8,0.0,0.0,0.0,0.0,3,21.6,37.1,276,Overcast,0,0,
76492,2021-10-12 23:41:00,40.7674712,-73.9564643,0,0,Pavement Slippery,4468243,21.6,15.2,0.0,0.0,0.0,0.0,3,11.8,23.8,81,Overcast,0,0,
76493,2021-10-14 20:00:00,40.6562053,-73.8866876,0,0,Unspecified,4467254,25.0,15.4,0.0,0.0,0.0,0.0,3,15.4,29.9,328,Overcast,0,0,
76494,2021-10-15 04:35:00,40.671645,-73.9625737,0,0,Driver Inattention/Distraction,4467499,25.0,14.5,0.0,0.0,0.0,0.0,3,16.8,28.4,182,Overcast,0,0,
76495,2021-10-13 15:00:00,40.6307552,-74.1165045,0,0,Driver Inattention/Distraction,4467863,21.7,14.8,0.1,0.1,0.0,1.0,51,12.2,23.0,200,Drizzle: Light,0,0,
76496,2021-10-17 22:09:00,40.6299872,-73.9715677,1,0,Unspecified,4468139,17.3,11.1,0.2,0.2,0.0,2.0,51,23.9,43.9,293,Drizzle: Light,1,1,
76497,2021-10-29 15:06:00,40.729275,-73.78095,1,0,Driver Inattention/Distraction,4474027,13.8,8.3,9.3,9.3,0.0,5.0,63,40.9,73.8,78,Rain: Moderate,1,1,
76498,2021-10-23 12:29:00,40.6664029,-73.7411796,3,0,Unspecified,4470225,15.9,10.4,0.2,0.2,0.0,2.0,51,14.4,26.6,326,Drizzle: Light,3,3,
76499,2021-10-15 20:29:00,40.769306,-73.9155085,0,0,Driver Inattention/Distraction,4467518,25.0,14.5,0.0,0.0,0.0,0.0,3,16.8,28.4,182,Overcast,0,0,
76500,2021-10-20 08:20:00,40.6692356,-73.9969648,1,0,Passing or Lane Usage Improper,4469107,24.1,13.8,0.0,0.0,0.0,0.0,3,21.6,37.1,276,Overcast,1,1,
76501,2021-10-08 06:00:00,40.6778626,-73.9386241,0,0,Driver Inattention/Distraction,4466542,23.7,14.5,0.0,0.0,0.0,0.0,3,13.0,22.3,94,Overcast,0,0,
76502,2021-10-22 17:50:00,40.6643007,-73.9291675,0,0,Failure to Yield Right-of-Way,4469936,20.3,14.4,0.0,0.0,0.0,0.0,3,18.1,31.3,267,Overcast,0,0,
76503,2021-10-14 15:10:00,40.6150121,-73.9910134,1,0,Driver Inexperience,4467119,25.0,15.4,0.0,0.0,0.0,0.0,3,15.4,29.9,328,Overcast,1,1,
76504,2021-10-07 20:00:00,40.6055927,-74.1794077,0,0,Unspecified,4466408,22.4,15.7,0.4,0.4,0.0,4.0,51,10.5,20.5,231,Drizzle: Light,0,0,
76505,2021-10-20 12:00:00,40.7653631,-73.8278647,0,0,Unspecified,4469357,24.1,13.8,0.0,0.0,0.0,0.0,3,21.6,37.1,276,Overcast,0,0,
76506,2021-10-22 22:10:00,40.8381983,-73.9011767,0,0,Unspecified,4470713,20.3,14.4,0.0,0.0,0.0,0.0,3,18.1,31.3,267,Overcast,0,0,
76507,2021-10-15 07:00:00,40.8859908,-73.827914,1,0,Aggressive Driving/Road Rage,4467963,25.0,14.5,0.0,0.0,0.0,0.0,3,16.8,28.4,182,Overcast,1,1,
76508,2021-09-18 15:57:00,40.8092386,-73.9530067,1,0,Unspecified,4469040,27.1,19.2,0.2,0.2,0.0,2.0,51,14.6,25.9,349,Drizzle: Light,1,1,
76509,2021-10-18 11:58:00,40.7029026,-73.8690332,1,0,Other Vehicular,4469095,15.8,9.2,0.0,0.0,0.0,0.0,2,32.4,58.3,296,Partly cloudy,1,1,
76510,2021-10-13 09:18:00,40.6968248,-73.9148665,0,0,Driver Inattention/Distraction,4466931,21.7,14.8,0.1,0.1,0.0,1.0,51,12.2,23.0,200,Drizzle: Light,0,0,
76511,2021-10-21 14:38:00,40.838846,-73.8781619,0,0,Driver Inattention/Distraction,4470319,22.9,12.0,0.0,0.0,0.0,0.0,3,17.0,31.7,207,Overcast,0,0,
76512,2021-10-14 10:30:00,40.8630205,-73.9175569,0,0,Backing Unsafely,4468229,25.0,15.4,0.0,0.0,0.0,0.0,3,15.4,29.9,328,Overcast,0,0,
76513,2021-09-28 15:24:00,40.7621851,-73.9894923,0,0,Unspecified,4462845,22.1,16.3,12.4,12.4,0.0,9.0,63,19.2,38.5,264,Rain: Moderate,0,0,
76514,2021-10-22 09:35:00,40.7568696,-73.8570553,1,0,Failure to Yield Right-of-Way,4470061,20.3,14.4,0.0,0.0,0.0,0.0,3,18.1,31.3,267,Overcast,1,1,
76515,2021-10-18 11:38:00,40.7491025,-73.9920058,0,0,Following Too Closely,4468711,15.8,9.2,0.0,0.0,0.0,0.0,2,32.4,58.3,296,Partly cloudy,0,0,
76516,2021-10-21 08:25:00,40.7527074,-73.7414326,0,0,Failure to Yield Right-of-Way,4469763,22.9,12.0,0.0,0.0,0.0,0.0,3,17.0,31.7,207,Overcast,0,0,
76517,2021-10-13 13:00:00,40.5925438,-73.7658424,0,0,Passing or Lane Usage Improper,4467063,21.7,14.8,0.1,0.1,0.0,1.0,51,12.2,23.0,200,Drizzle: Light,0,0,
76518,2021-10-16 00:28:00,40.662394,-73.8859345,1,0,Unspecified,4467921,24.3,15.0,17.5,17.5,0.0,9.0,63,25.7,46.4,195,Rain: Moderate,1,1,
76519,2021-10-22 15:30:00,40.6425622,-73.9063202,1,0,Failure to Yield Right-of-Way,4470502,20.3,14.4,0.0,0.0,0.0,0.0,3,18.1,31.3,267,Overcast,1,1,
76520,2021-10-14 10:13:00,40.651621,-73.7584314,0,0,Other Vehicular,4467021,25.0,15.4,0.0,0.0,0.0,0.0,3,15.4,29.9,328,Overcast,0,0,
76521,2021-10-18 22:20:00,40.6686479,-73.9283482,1,0,Driver Inattention/Distraction,4468828,15.8,9.2,0.0,0.0,0.0,0.0,2,32.4,58.3,296,Partly cloudy,1,1,
76522,2021-12-01 16:30:00,40.633682,-73.89868,0,0,Driver Inattention/Distraction,4486492,8.6,1.0,0.1,0.1,0.0,1.0,51,16.6,29.5,254,Drizzle: Light,0,0,
76523,2021-12-12 00:22:00,40.585934,-73.9519,0,0,Alcohol Involvement,4485767,13.0,3.4,0.5,0.5,0.0,1.0,53,32.4,62.6,284,Drizzle: Moderate,0,0,
76524,2021-12-12 12:30:00,40.607964,-74.162346,0,0,Glare,4486119,13.0,3.4,0.5,0.5,0.0,1.0,53,32.4,62.6,284,Drizzle: Moderate,0,0,
76525,2021-12-12 04:47:00,40.809284,-73.92927,2,1,Alcohol Involvement,4486548,13.0,3.4,0.5,0.5,0.0,1.0,53,32.4,62.6,284,Drizzle: Moderate,22,3,
76526,2021-12-12 20:15:00,40.684734,-73.950455,1,0,Driver Inattention/Distraction,4485807,13.0,3.4,0.5,0.5,0.0,1.0,53,32.4,62.6,284,Drizzle: Moderate,1,1,
76527,2021-12-12 11:00:00,40.690266,-73.91546,0,0,Passing Too Closely,4486227,13.0,3.4,0.5,0.5,0.0,1.0,53,32.4,62.6,284,Drizzle: Moderate,0,0,
76528,2021-12-12 06:56:00,40.697193,-73.72752,0,0,Unspecified,4485661,13.0,3.4,0.5,0.5,0.0,1.0,53,32.4,62.6,284,Drizzle: Moderate,0,0,
76529,2021-12-12 22:41:00,40.847813,-73.90754,1,0,Driver Inattention/Distraction,4486070,13.0,3.4,0.5,0.5,0.0,1.0,53,32.4,62.6,284,Drizzle: Moderate,1,1,
76530,2021-12-12 15:07:00,40.639854,-74.0122,0,0,Backing Unsafely,4486206,13.0,3.4,0.5,0.5,0.0,1.0,53,32.4,62.6,284,Drizzle: Moderate,0,0,
76531,2021-12-08 12:09:00,40.813213,-73.89098,1,0,Unspecified,4486340,4.7,0.9,0.7,0.7,0.0,2.0,51,14.5,24.8,355,Drizzle: Light,1,1,
76532,2021-12-12 09:00:00,40.64043,-73.95624,0,0,Driver Inattention/Distraction,4485687,13.0,3.4,0.5,0.5,0.0,1.0,53,32.4,62.6,284,Drizzle: Moderate,0,0,
76533,2021-12-12 04:27:00,40.58945,-73.960526,5,0,Traffic Control Disregarded,4485766,13.0,3.4,0.5,0.5,0.0,1.0,53,32.4,62.6,284,Drizzle: Moderate,5,5,
76534,2021-12-12 14:10:00,40.687763,-73.74095,3,0,Unspecified,4485794,13.0,3.4,0.5,0.5,0.0,1.0,53,32.4,62.6,284,Drizzle: Moderate,3,3,
76535,2021-12-12 07:34:00,40.74824,-73.89172,0,0,Driver Inexperience,4485947,13.0,3.4,0.5,0.5,0.0,1.0,53,32.4,62.6,284,Drizzle: Moderate,0,0,
76536,2021-12-01 09:20:00,40.64785,-73.976364,0,0,Passing or Lane Usage Improper,4486562,8.6,1.0,0.1,0.1,0.0,1.0,51,16.6,29.5,254,Drizzle: Light,0,0,
76537,2021-12-11 11:19:00,40.715176,-73.951965,1,0,Steering Failure,4486368,17.3,5.0,8.1,8.1,0.0,5.0,63,35.0,67.0,206,Rain: Moderate,1,1,
76538,2021-12-12 04:55:00,40.701385,-73.898796,0,0,Unspecified,4486487,13.0,3.4,0.5,0.5,0.0,1.0,53,32.4,62.6,284,Drizzle: Moderate,0,0,
76539,2021-12-12 12:30:00,40.734882,-73.97484,0,0,Unsafe Lane Changing,4485717,13.0,3.4,0.5,0.5,0.0,1.0,53,32.4,62.6,284,Drizzle: Moderate,0,0,
76540,2021-12-12 22:43:00,40.697536,-73.87106,0,0,Reaction to Uninvolved Vehicle,4485824,13.0,3.4,0.5,0.5,0.0,1.0,53,32.4,62.6,284,Drizzle: Moderate,0,0,
76541,2021-12-12 00:00:00,40.722095,-73.77772,1,0,Unspecified,4485611,13.0,3.4,0.5,0.5,0.0,1.0,53,32.4,62.6,284,Drizzle: Moderate,1,1,
76542,2021-12-12 16:00:00,40.632435,-73.88818,0,0,Driver Inexperience,4485787,13.0,3.4,0.5,0.5,0.0,1.0,53,32.4,62.6,284,Drizzle: Moderate,0,0,
76543,2021-12-12 10:41:00,40.78422,-73.98499,0,0,Other Vehicular,4486051,13.0,3.4,0.5,0.5,0.0,1.0,53,32.4,62.6,284,Drizzle: Moderate,0,0,
76544,2021-12-12 00:00:00,40.68087,-73.97515,0,0,Passing or Lane Usage Improper,4485774,13.0,3.4,0.5,0.5,0.0,1.0,53,32.4,62.6,284,Drizzle: Moderate,0,0,
76545,2021-12-10 19:30:00,40.75326,-73.864456,1,0,Driver Inattention/Distraction,4486441,8.5,1.6,0.0,0.0,0.0,0.0,3,9.8,20.5,183,Overcast,1,1,
76546,2021-12-12 19:38:00,40.677437,-73.82181,1,0,Unsafe Speed,4485857,13.0,3.4,0.5,0.5,0.0,1.0,53,32.4,62.6,284,Drizzle: Moderate,1,1,
76547,2021-12-12 18:54:00,40.72762,-73.99263,1,0,Pedestrian/Bicyclist/Other Pedestrian Error/Confusion,4486105,13.0,3.4,0.5,0.5,0.0,1.0,53,32.4,62.6,284,Drizzle: Moderate,1,1,