,CRASH DATETIME,LATITUDE,LONGITUDE,NUMBER OF PERSONS INJURED,NUMBER OF PERSONS KILLED,CONTRIBUTING FACTOR VEHICLE 1,COLLISION_ID,temperature_2m_max,temperature_2m_min,precipitation_sum,rain_sum,snowfall_sum,precipitation_hours,weather_code,wind_speed_10m_max,wind_gusts_10m_max,wind_direction_10m_dominant,Weather Description,Severity_Score,Total_Affected_Persons,Weather_Category
76548,2021-12-12 18:08:00,40.719395,-74.00189,0,0,Unspecified,4486282,13.0,3.4,0.5,0.5,0.0,1.0,53,32.4,62.6,284,Drizzle: Moderate,0,0,
76549,2021-12-12 13:40:00,40.66354,-73.950935,0,0,Driver Inattention/Distraction,4486182,13.0,3.4,0.5,0.5,0.0,1.0,53,32.4,62.6,284,Drizzle: Moderate,0,0,
76550,2021-12-12 02:50:00,40.900604,-73.85259,0,0,Driver Inexperience,4485921,13.0,3.4,0.5,0.5,0.0,1.0,53,32.4,62.6,284,Drizzle: Moderate,0,0,
76551,2021-12-11 22:27:00,40.711823,-73.83612,2,0,Turning Improperly,4486523,17.3,5.0,8.1,8.1,0.0,5.0,63,35.0,67.0,206,Rain: Moderate,2,2,
76552,2021-12-12 12:00:00,40.666435,-73.83478,0,0,Passing or Lane Usage Improper,4485843,13.0,3.4,0.5,0.5,0.0,1.0,53,32.4,62.6,284,Drizzle: Moderate,0,0,
76553,2021-12-06 13:30:00,40.659348,-73.759995,0,0,Unspecified,4486429,16.3,7.7,6.3,6.3,0.0,10.0,61,35.1,65.5,201,Rain: Light,0,0,
76554,2021-12-12 19:25:00,40.746334,-73.89633,0,0,Driver Inattention/Distraction,4485834,13.0,3.4,0.5,0.5,0.0,1.0,53,32.4,62.6,284,Drizzle: Moderate,0,0,
76555,2021-12-12 00:20:00,40.76403,-73.87743,3,0,Unsafe Speed,4485547,13.0,3.4,0.5,0.5,0.0,1.0,53,32.4,62.6,284,Drizzle: Moderate,3,3,
76556,2021-12-10 16:04:00,40.62168,-73.94883,1,0,Unspecified,4486459,8.5,1.6,0.0,0.0,0.0,0.0,3,9.8,20.5,183,Overcast,1,1,
76557,2021-12-12 16:15:00,40.7879,-73.77701,0,0,Unsafe Lane Changing,4485741,13.0,3.4,0.5,0.5,0.0,1.0,53,32.4,62.6,284,Drizzle: Moderate,0,0,
76558,2021-12-12 11:05:00,40.810387,-73.91521,1,0,,4485886,13.0,3.4,0.5,0.5,0.0,1.0,53,32.4,62.6,284,Drizzle: Moderate,1,1,
76559,2021-12-08 09:00:00,40.672752,-73.95432,2,0,Fell Asleep,4486507,4.7,0.9,0.7,0.7,0.0,2.0,51,14.5,24.8,355,Drizzle: Light,2,2,
76560,2021-12-10 09:25:00,40.608223,-74.1294,0,0,Passing or Lane Usage Improper,4486383,8.5,1.6,0.0,0.0,0.0,0.0,3,9.8,20.5,183,Overcast,0,0,
76561,2021-12-12 20:38:00,40.600746,-73.93892,2,0,Driver Inattention/Distraction,4485901,13.0,3.4,0.5,0.5,0.0,1.0,53,32.4,62.6,284,Drizzle: Moderate,2,2,
76562,2021-12-12 18:14:00,40.682674,-73.86995,0,0,Unsafe Speed,4486034,13.0,3.4,0.5,0.5,0.0,1.0,53,32.4,62.6,284,Drizzle: Moderate,0,0,
76563,2021-11-30 07:57:00,40.839622,-73.8674,0,0,Unspecified,4486388,4.7,-2.4,0.1,0.1,0.0,1.0,51,19.1,34.9,245,Drizzle: Light,0,0,
76564,2021-12-12 03:00:00,40.69168,-73.75127,0,0,Failure to Keep Right,4485870,13.0,3.4,0.5,0.5,0.0,1.0,53,32.4,62.6,284,Drizzle: Moderate,0,0,
76565,2021-12-12 15:25:00,40.61872,-74.027306,2,0,Driver Inattention/Distraction,4485813,13.0,3.4,0.5,0.5,0.0,1.0,53,32.4,62.6,284,Drizzle: Moderate,2,2,
76566,2022-04-14 11:45:00,40.761135,-73.98339,0,0,Unspecified,4519123,28.1,13.9,0.2,0.2,0.0,2.0,51,25.9,46.1,249,Drizzle: Light,0,0,
76567,2022-04-14 04:30:00,40.589962,-74.19117,0,0,Unspecified,4519862,28.1,13.9,0.2,0.2,0.0,2.0,51,25.9,46.1,249,Drizzle: Light,0,0,
76568,2022-04-09 21:05:00,40.70373,-73.82135,1,0,Passing or Lane Usage Improper,4519261,13.6,5.0,4.8,4.8,0.0,12.0,55,20.1,42.8,263,Drizzle: Dense,1,1,
76569,2022-04-14 12:20:00,40.675625,-73.89879,0,0,Driver Inattention/Distraction,4519170,28.1,13.9,0.2,0.2,0.0,2.0,51,25.9,46.1,249,Drizzle: Light,0,0,
76570,2022-04-14 11:50:00,40.736866,-73.986084,0,0,Passing Too Closely,4518935,28.1,13.9,0.2,0.2,0.0,2.0,51,25.9,46.1,249,Drizzle: Light,0,0,
76571,2022-04-14 20:35:00,40.74925,-73.739685,1,0,Unspecified,4519056,28.1,13.9,0.2,0.2,0.0,2.0,51,25.9,46.1,249,Drizzle: Light,1,1,
76572,2022-04-14 23:20:00,40.757385,-73.98226,0,0,Unspecified,4519130,28.1,13.9,0.2,0.2,0.0,2.0,51,25.9,46.1,249,Drizzle: Light,0,0,
76573,2022-09-25 16:45:00,40.694782,-73.85258,0,0,Following Too Closely,4567929,23.8,11.8,0.3,0.3,0.0,1.0,51,22.2,41.0,207,Drizzle: Light,0,0,
76574,2022-04-13 18:25:00,40.731983,-73.91912,0,0,Failure to Yield Right-of-Way,4518768,18.9,7.1,0.0,0.0,0.0,0.0,3,18.7,37.4,112,Overcast,0,0,
76575,2022-04-11 14:10:00,40.59487,-73.95056,1,0,Unspecified,4519161,13.1,1.8,0.0,0.0,0.0,0.0,3,18.6,36.4,246,Overcast,1,1,
76576,2022-04-13 16:00:00,40.828865,-73.906815,1,0,Unspecified,4518808,18.9,7.1,0.0,0.0,0.0,0.0,3,18.7,37.4,112,Overcast,1,1,
76577,2022-04-14 12:12:00,40.701912,-73.93699,0,0,Failure to Yield Right-of-Way,4519098,28.1,13.9,0.2,0.2,0.0,2.0,51,25.9,46.1,249,Drizzle: Light,0,0,
76578,2022-04-13 14:15:00,40.70113,-73.96087,0,0,Driver Inattention/Distraction,4518697,18.9,7.1,0.0,0.0,0.0,0.0,3,18.7,37.4,112,Overcast,0,0,
76579,2022-04-13 16:30:00,40.73612,-73.793144,0,0,Unspecified,4519041,18.9,7.1,0.0,0.0,0.0,0.0,3,18.7,37.4,112,Overcast,0,0,
76580,2022-04-15 23:30:00,40.764194,-73.79877,0,0,Alcohol Involvement,4519326,19.2,6.3,0.1,0.1,0.0,1.0,51,26.9,46.1,243,Drizzle: Light,0,0,
76581,2022-04-15 15:19:00,40.755398,-73.93182,2,0,Traffic Control Disregarded,4519348,19.2,6.3,0.1,0.1,0.0,1.0,51,26.9,46.1,243,Drizzle: Light,2,2,
76582,2022-04-14 12:08:00,40.762745,-73.83329,0,0,Following Too Closely,4518958,28.1,13.9,0.2,0.2,0.0,2.0,51,25.9,46.1,249,Drizzle: Light,0,0,
76583,2022-04-10 17:30:00,40.783566,-73.947586,0,0,Following Too Closely,4519827,9.8,3.5,0.0,0.0,0.0,0.0,3,29.3,54.4,307,Overcast,0,0,
76584,2022-04-14 16:38:00,40.667023,-73.97484,1,0,Failure to Yield Right-of-Way,4519894,28.1,13.9,0.2,0.2,0.0,2.0,51,25.9,46.1,249,Drizzle: Light,1,1,
76585,2022-04-14 12:20:00,40.692722,-73.72673,0,0,Unsafe Lane Changing,4518986,28.1,13.9,0.2,0.2,0.0,2.0,51,25.9,46.1,249,Drizzle: Light,0,0,
76586,2022-04-09 15:30:00,40.684418,-73.91407,0,0,Unspecified,4519506,13.6,5.0,4.8,4.8,0.0,12.0,55,20.1,42.8,263,Drizzle: Dense,0,0,
76587,2022-04-14 12:45:00,40.744526,-73.77161,0,0,Other Vehicular,4519288,28.1,13.9,0.2,0.2,0.0,2.0,51,25.9,46.1,249,Drizzle: Light,0,0,
76588,2022-04-13 21:50:00,40.670467,-73.86592,2,0,Driver Inattention/Distraction,4519166,18.9,7.1,0.0,0.0,0.0,0.0,3,18.7,37.4,112,Overcast,2,2,
76589,2022-04-15 07:54:00,40.784245,-73.9471,0,0,Turning Improperly,4519221,19.2,6.3,0.1,0.1,0.0,1.0,51,26.9,46.1,243,Drizzle: Light,0,0,
76590,2022-04-02 14:15:00,40.741676,-73.880806,0,0,Driver Inexperience,4519565,11.1,1.4,0.0,0.0,0.0,0.0,3,26.3,47.9,286,Overcast,0,0,
76591,2022-04-14 13:15:00,40.67413,-73.913925,1,0,Driver Inattention/Distraction,4519602,28.1,13.9,0.2,0.2,0.0,2.0,51,25.9,46.1,249,Drizzle: Light,1,1,
76592,2022-04-14 18:15:00,40.732582,-73.86806,1,0,Driver Inattention/Distraction,4519089,28.1,13.9,0.2,0.2,0.0,2.0,51,25.9,46.1,249,Drizzle: Light,1,1,
76593,2022-04-12 07:30:00,40.681286,-73.76979,0,0,Unsafe Lane Changing,4519339,20.4,7.7,1.6,1.6,0.0,3.0,53,17.8,36.0,271,Drizzle: Moderate,0,0,
76594,2022-04-13 08:20:00,40.588135,-74.15719,2,0,Driver Inattention/Distraction,4518849,18.9,7.1,0.0,0.0,0.0,0.0,3,18.7,37.4,112,Overcast,2,2,
76595,2022-04-13 14:50:00,40.850414,-73.93455,1,0,Driver Inattention/Distraction,4518881,18.9,7.1,0.0,0.0,0.0,0.0,3,18.7,37.4,112,Overcast,1,1,
76596,2022-04-14 16:25:00,40.754192,-73.9328,0,0,Aggressive Driving/Road Rage,4519370,28.1,13.9,0.2,0.2,0.0,2.0,51,25.9,46.1,249,Drizzle: Light,0,0,
76597,2022-04-13 07:33:00,40.867058,-73.8868,0,0,Unspecified,4519193,18.9,7.1,0.0,0.0,0.0,0.0,3,18.7,37.4,112,Overcast,0,0,
76598,2022-04-15 18:41:00,40.838196,-73.901184,0,0,Unspecified,4519470,19.2,6.3,0.1,0.1,0.0,1.0,51,26.9,46.1,243,Drizzle: Light,0,0,
76599,2022-04-14 01:37:00,40.655884,-73.942535,0,0,Unspecified,4518819,28.1,13.9,0.2,0.2,0.0,2.0,51,25.9,46.1,249,Drizzle: Light,0,0,
76600,2022-04-13 20:40:00,40.745,-73.892975,1,0,Unsafe Speed,4519198,18.9,7.1,0.0,0.0,0.0,0.0,3,18.7,37.4,112,Overcast,1,1,
76601,2022-04-15 22:30:00,40.696186,-73.751976,2,0,Traffic Control Disregarded,4519334,19.2,6.3,0.1,0.1,0.0,1.0,51,26.9,46.1,243,Drizzle: Light,2,2,
76602,2022-04-15 18:40:00,40.66339,-73.914,0,0,Passing or Lane Usage Improper,4519523,19.2,6.3,0.1,0.1,0.0,1.0,51,26.9,46.1,243,Drizzle: Light,0,0,
76603,2022-04-06 08:30:00,40.8097,-73.90304,0,0,Unspecified,4519855,12.5,6.2,17.5,17.5,0.0,14.0,61,31.2,62.3,55,Rain: Light,0,0,
76604,2022-04-14 09:15:00,40.82309,-73.956345,0,0,Cell Phone (hands-free),4518927,28.1,13.9,0.2,0.2,0.0,2.0,51,25.9,46.1,249,Drizzle: Light,0,0,
76605,2022-04-15 10:18:00,40.619736,-73.98958,0,0,Driver Inattention/Distraction,4519242,19.2,6.3,0.1,0.1,0.0,1.0,51,26.9,46.1,243,Drizzle: Light,0,0,
76606,2022-03-31 15:23:00,40.68814,-73.92375,1,0,Driver Inattention/Distraction,4519686,19.0,3.5,12.0,12.0,0.0,4.0,65,37.8,67.3,194,Rain: Heavy,1,1,
76607,2022-04-13 20:45:00,40.713684,-74.01069,0,0,Unspecified,4519119,18.9,7.1,0.0,0.0,0.0,0.0,3,18.7,37.4,112,Overcast,0,0,
76608,2022-04-13 23:51:00,40.740364,-73.89972,1,0,Unspecified,4518777,18.9,7.1,0.0,0.0,0.0,0.0,3,18.7,37.4,112,Overcast,1,1,
76609,2022-04-13 18:30:00,40.769894,-73.90967,0,0,Driver Inattention/Distraction,4519584,18.9,7.1,0.0,0.0,0.0,0.0,3,18.7,37.4,112,Overcast,0,0,
76610,2022-04-12 09:13:00,40.75333,-73.76573,0,0,Backing Unsafely,4519692,20.4,7.7,1.6,1.6,0.0,3.0,53,17.8,36.0,271,Drizzle: Moderate,0,0,
76611,2022-04-15 13:20:00,40.718224,-73.95078,1,0,Driver Inexperience,4519786,19.2,6.3,0.1,0.1,0.0,1.0,51,26.9,46.1,243,Drizzle: Light,1,1,
76612,2022-04-14 02:50:00,40.731083,-73.83442,3,0,Driver Inattention/Distraction,4519049,28.1,13.9,0.2,0.2,0.0,2.0,51,25.9,46.1,249,Drizzle: Light,3,3,
76613,2022-04-14 17:29:00,40.8666,-73.895454,0,0,Driver Inattention/Distraction,4519135,28.1,13.9,0.2,0.2,0.0,2.0,51,25.9,46.1,249,Drizzle: Light,0,0,
76614,2022-04-15 17:20:00,40.720955,-73.80935,0,0,Unspecified,4519298,19.2,6.3,0.1,0.1,0.0,1.0,51,26.9,46.1,243,Drizzle: Light,0,0,
76615,2022-04-13 11:58:00,40.719715,-74.00236,0,0,Unspecified,4518899,18.9,7.1,0.0,0.0,0.0,0.0,3,18.7,37.4,112,Overcast,0,0,
76616,2021-08-22 04:43:00,40.726524,-73.99585,0,0,Driver Inattention/Distraction,4450293,23.9,22.5,56.2,56.2,0.0,21.0,63,19.8,36.0,299,Rain: Moderate,0,0,
76617,2021-08-21 21:25:00,40.660362,-73.77553,2,0,Following Too Closely,4450288,27.2,23.0,0.8,0.8,0.0,6.0,51,14.3,29.5,109,Drizzle: Light,2,2,
76618,2021-08-18 15:47:00,40.73006,-73.99829,0,0,Unspecified,4450287,27.0,21.1,1.5,1.5,0.0,5.0,53,24.7,46.8,150,Drizzle: Moderate,0,0,
76619,2022-04-07 15:20:00,40.653862,-73.9296,2,0,Driver Inattention/Distraction,4519241,11.5,5.6,74.1,74.1,0.0,14.0,65,35.0,64.8,98,Rain: Heavy,2,2,
76620,2022-04-13 07:23:00,40.73807,-73.93756,0,0,Driver Inattention/Distraction,4518824,18.9,7.1,0.0,0.0,0.0,0.0,3,18.7,37.4,112,Overcast,0,0,
76621,2022-04-13 14:25:00,40.71322,-74.01172,0,0,Driver Inattention/Distraction,4518900,18.9,7.1,0.0,0.0,0.0,0.0,3,18.7,37.4,112,Overcast,0,0,
76622,2022-04-13 10:30:00,40.701077,-73.94043,0,0,Reaction to Uninvolved Vehicle,4519628,18.9,7.1,0.0,0.0,0.0,0.0,3,18.7,37.4,112,Overcast,0,0,
76623,2022-04-13 10:09:00,40.666126,-73.9953,0,0,Unspecified,4519256,18.9,7.1,0.0,0.0,0.0,0.0,3,18.7,37.4,112,Overcast,0,0,
76624,2022-04-13 20:30:00,40.69907,-73.93548,1,0,Failure to Yield Right-of-Way,4518873,18.9,7.1,0.0,0.0,0.0,0.0,3,18.7,37.4,112,Overcast,1,1,
76625,2022-04-14 16:25:00,40.68787,-73.978355,0,0,Passing or Lane Usage Improper,4519077,28.1,13.9,0.2,0.2,0.0,2.0,51,25.9,46.1,249,Drizzle: Light,0,0,
76626,2022-04-11 04:31:00,40.76565,-73.837425,0,0,Passing Too Closely,4519273,13.1,1.8,0.0,0.0,0.0,0.0,3,18.6,36.4,246,Overcast,0,0,
76627,2022-04-13 02:15:00,40.82138,-73.91174,0,0,Passing Too Closely,4518491,18.9,7.1,0.0,0.0,0.0,0.0,3,18.7,37.4,112,Overcast,0,0,
76628,2022-04-14 20:19:00,40.766445,-73.829094,0,0,Passing or Lane Usage Improper,4519102,28.1,13.9,0.2,0.2,0.0,2.0,51,25.9,46.1,249,Drizzle: Light,0,0,
76629,2022-04-15 12:00:00,40.70152,-73.94052,0,0,Unspecified,4519363,19.2,6.3,0.1,0.1,0.0,1.0,51,26.9,46.1,243,Drizzle: Light,0,0,
76630,2022-04-09 12:00:00,40.76854,-73.911194,0,0,Failure to Yield Right-of-Way,4519386,13.6,5.0,4.8,4.8,0.0,12.0,55,20.1,42.8,263,Drizzle: Dense,0,0,
76631,2022-04-14 23:40:00,40.809105,-73.9229,0,0,Traffic Control Disregarded,4519157,28.1,13.9,0.2,0.2,0.0,2.0,51,25.9,46.1,249,Drizzle: Light,0,0,
76632,2022-04-14 01:20:00,40.836792,-73.84669,3,0,Driver Inattention/Distraction,4519025,28.1,13.9,0.2,0.2,0.0,2.0,51,25.9,46.1,249,Drizzle: Light,3,3,
76633,2022-04-14 23:40:00,40.731506,-73.895805,0,0,Aggressive Driving/Road Rage,4519152,28.1,13.9,0.2,0.2,0.0,2.0,51,25.9,46.1,249,Drizzle: Light,0,0,
76634,2022-04-14 16:28:00,40.673645,-74.004234,1,0,Pedestrian/Bicyclist/Other Pedestrian Error/Confusion,4519134,28.1,13.9,0.2,0.2,0.0,2.0,51,25.9,46.1,249,Drizzle: Light,1,1,
76635,2022-04-14 15:45:00,40.711113,-73.95621,0,0,Passing Too Closely,4519065,28.1,13.9,0.2,0.2,0.0,2.0,51,25.9,46.1,249,Drizzle: Light,0,0,
76636,2022-04-15 19:00:00,40.716972,-73.80009,0,0,Unspecified,4519297,19.2,6.3,0.1,0.1,0.0,1.0,51,26.9,46.1,243,Drizzle: Light,0,0,
76637,2022-04-13 06:30:00,40.74128,-73.90257,1,0,Failure to Yield Right-of-Way,4518574,18.9,7.1,0.0,0.0,0.0,0.0,3,18.7,37.4,112,Overcast,1,1,
76638,2022-04-14 21:30:00,40.700676,-73.82726,0,0,Backing Unsafely,4519084,28.1,13.9,0.2,0.2,0.0,2.0,51,25.9,46.1,249,Drizzle: Light,0,0,
76639,2022-04-13 11:00:00,40.7375,-73.93385,0,0,Passing or Lane Usage Improper,4518776,18.9,7.1,0.0,0.0,0.0,0.0,3,18.7,37.4,112,Overcast,0,0,
76640,2022-04-12 14:50:00,40.6491,-73.94649,1,0,Unspecified,4519225,20.4,7.7,1.6,1.6,0.0,3.0,53,17.8,36.0,271,Drizzle: Moderate,1,1,
76641,2022-04-13 20:24:00,40.697918,-73.92083,0,0,Passing Too Closely,4518874,18.9,7.1,0.0,0.0,0.0,0.0,3,18.7,37.4,112,Overcast,0,0,
76642,2021-08-22 17:00:00,40.766617,-73.98667,0,0,Unspecified,4449476,23.9,22.5,56.2,56.2,0.0,21.0,63,19.8,36.0,299,Rain: Moderate,0,0,
76643,2021-08-22 09:42:00,40.6251,-73.96207,0,0,Unspecified,4449695,23.9,22.5,56.2,56.2,0.0,21.0,63,19.8,36.0,299,Rain: Moderate,0,0,
76644,2021-08-22 22:25:00,40.885597,-73.85616,0,0,Unsafe Speed,4450112,23.9,22.5,56.2,56.2,0.0,21.0,63,19.8,36.0,299,Rain: Moderate,0,0,
76645,2021-08-20 08:30:00,40.688004,-73.7569,0,0,Following Too Closely,4450082,26.9,22.0,1.1,1.1,0.0,5.0,53,12.4,22.0,310,Drizzle: Moderate,0,0,
76646,2021-08-22 02:45:00,40.66561,-73.73568,0,0,Pedestrian/Bicyclist/Other Pedestrian Error/Confusion,4449151,23.9,22.5,56.2,56.2,0.0,21.0,63,19.8,36.0,299,Rain: Moderate,0,0,
76647,2021-08-22 19:56:00,40.68045,-73.87586,0,0,Unsafe Lane Changing,4449525,23.9,22.5,56.2,56.2,0.0,21.0,63,19.8,36.0,299,Rain: Moderate,0,0,
76648,2021-08-22 11:35:00,40.862755,-73.901085,0,0,Turning Improperly,4449801,23.9,22.5,56.2,56.2,0.0,21.0,63,19.8,36.0,299,Rain: Moderate,0,0,
76649,2021-08-22 10:25:00,40.692352,-73.762436,0,0,View Obstructed/Limited,4449598,23.9,22.5,56.2,56.2,0.0,21.0,63,19.8,36.0,299,Rain: Moderate,0,0,
76650,2021-08-22 11:03:00,40.620914,-73.9753,2,0,Driver Inattention/Distraction,4450042,23.9,22.5,56.2,56.2,0.0,21.0,63,19.8,36.0,299,Rain: Moderate,2,2,
76651,2021-08-20 13:20:00,40.674572,-73.96314,0,0,Other Vehicular,4450169,26.9,22.0,1.1,1.1,0.0,5.0,53,12.4,22.0,310,Drizzle: Moderate,0,0,
76652,2021-07-23 14:58:00,40.686398,-73.7497,0,0,Turning Improperly,4450286,26.2,17.3,0.0,0.0,0.0,0.0,1,11.3,27.0,340,Mainly clear,0,0,Sunny/Clear Conditions
76653,2021-08-22 01:30:00,40.809574,-73.96805,0,0,Unsafe Speed,4449161,23.9,22.5,56.2,56.2,0.0,21.0,63,19.8,36.0,299,Rain: Moderate,0,0,
76654,2021-08-22 15:35:00,40.728565,-73.951996,0,0,Passing Too Closely,4449610,23.9,22.5,56.2,56.2,0.0,21.0,63,19.8,36.0,299,Rain: Moderate,0,0,
76655,2021-08-20 22:40:00,40.85162,-73.8265,0,0,Unspecified,4450110,26.9,22.0,1.1,1.1,0.0,5.0,53,12.4,22.0,310,Drizzle: Moderate,0,0,
76656,2021-08-14 01:15:00,40.74662,-73.89359,0,0,Driver Inattention/Distraction,4450159,31.3,24.2,2.5,2.5,0.0,5.0,55,16.9,32.8,286,Drizzle: Dense,0,0,
76657,2021-08-20 15:44:00,40.841293,-73.8828,1,0,Following Too Closely,4450016,26.9,22.0,1.1,1.1,0.0,5.0,53,12.4,22.0,310,Drizzle: Moderate,1,1,
76658,2021-08-22 00:35:00,40.801815,-73.93929,5,0,Unsafe Speed,4449176,23.9,22.5,56.2,56.2,0.0,21.0,63,19.8,36.0,299,Rain: Moderate,5,5,
76659,2021-08-22 16:40:00,40.6652,-73.87941,1,0,Driver Inattention/Distraction,4449436,23.9,22.5,56.2,56.2,0.0,21.0,63,19.8,36.0,299,Rain: Moderate,1,1,
76660,2021-08-22 14:59:00,40.65258,-73.882225,0,0,Driver Inattention/Distraction,4449708,23.9,22.5,56.2,56.2,0.0,21.0,63,19.8,36.0,299,Rain: Moderate,0,0,
76661,2021-08-22 21:45:00,40.63132,-73.902336,0,0,Unspecified,4449741,23.9,22.5,56.2,56.2,0.0,21.0,63,19.8,36.0,299,Rain: Moderate,0,0,
76662,2021-08-22 13:50:00,40.610443,-73.93341,0,0,Oversized Vehicle,4449846,23.9,22.5,56.2,56.2,0.0,21.0,63,19.8,36.0,299,Rain: Moderate,0,0,
76663,2021-06-26 23:20:00,40.72015,-73.93783,1,0,Turning Improperly,4449961,26.5,18.6,1.3,1.3,0.0,8.0,51,23.7,52.9,181,Drizzle: Light,1,1,
76664,2021-08-22 07:03:00,40.771248,-73.84374,0,0,Unsafe Speed,4449338,23.9,22.5,56.2,56.2,0.0,21.0,63,19.8,36.0,299,Rain: Moderate,0,0,
76665,2021-08-22 09:20:00,40.823257,-73.94293,0,0,Other Vehicular,4449282,23.9,22.5,56.2,56.2,0.0,21.0,63,19.8,36.0,299,Rain: Moderate,0,0,
76666,2021-08-10 15:00:00,40.69366,-73.983795,0,0,Passing or Lane Usage Improper,4450202,27.3,20.4,3.8,3.8,0.0,11.0,61,18.0,36.0,170,Rain: Light,0,0,
76667,2021-08-17 22:29:00,40.750248,-73.89542,0,0,Following Too Closely,4450230,26.4,22.2,1.6,1.6,0.0,2.0,55,20.3,39.2,158,Drizzle: Dense,0,0,
76668,2022-02-22 12:37:00,40.643833,-73.97391,0,0,Driver Inattention/Distraction,4504874,13.6,-0.2,4.7,4.7,0.0,8.0,61,38.4,76.0,175,Rain: Light,0,0,
76669,2021-08-22 09:00:00,40.712,-73.82546,0,0,Passing or Lane Usage Improper,4449321,23.9,22.5,56.2,56.2,0.0,21.0,63,19.8,36.0,299,Rain: Moderate,0,0,
76670,2021-08-22 01:45:00,40.85106,-73.88233,0,0,Pavement Slippery,4449284,23.9,22.5,56.2,56.2,0.0,21.0,63,19.8,36.0,299,Rain: Moderate,0,0,
76671,2021-08-21 05:20:00,40.76991,-73.87999,0,0,Following Too Closely,4450135,27.2,23.0,0.8,0.8,0.0,6.0,51,14.3,29.5,109,Drizzle: Light,0,0,
76672,2021-08-22 00:33:00,40.653774,-73.95617,1,0,,4449427,23.9,22.5,56.2,56.2,0.0,21.0,63,19.8,36.0,299,Rain: Moderate,1,1,
76673,2021-08-22 00:20:00,40.868362,-73.850006,0,0,Unsafe Speed,4449235,23.9,22.5,56.2,56.2,0.0,21.0,63,19.8,36.0,299,Rain: Moderate,0,0,
76674,2021-08-22 18:20:00,40.76428,-73.99859,2,0,Driver Inattention/Distraction,4449950,23.9,22.5,56.2,56.2,0.0,21.0,63,19.8,36.0,299,Rain: Moderate,2,2,
76675,2021-08-22 14:30:00,40.678436,-73.80057,1,0,Failure to Yield Right-of-Way,4449586,23.9,22.5,56.2,56.2,0.0,21.0,63,19.8,36.0,299,Rain: Moderate,1,1,
76676,2021-08-22 22:45:00,40.761787,-73.95745,0,0,Driver Inattention/Distraction,4449630,23.9,22.5,56.2,56.2,0.0,21.0,63,19.8,36.0,299,Rain: Moderate,0,0,
76677,2021-08-22 23:54:00,40.850067,-73.9449,0,0,Unspecified,4449762,23.9,22.5,56.2,56.2,0.0,21.0,63,19.8,36.0,299,Rain: Moderate,0,0,
76678,2021-08-19 17:05:00,40.848118,-73.93089,0,0,Driver Inattention/Distraction,4449974,30.2,23.4,11.8,11.8,0.0,13.0,61,26.3,53.3,223,Rain: Light,0,0,
76679,2021-08-22 02:20:00,40.85017,-73.89792,0,0,Backing Unsafely,4449257,23.9,22.5,56.2,56.2,0.0,21.0,63,19.8,36.0,299,Rain: Moderate,0,0,
76680,2021-08-22 15:20:00,40.62307,-74.149315,0,0,Driver Inattention/Distraction,4449370,23.9,22.5,56.2,56.2,0.0,21.0,63,19.8,36.0,299,Rain: Moderate,0,0,
76681,2021-08-22 14:00:00,40.83439,-73.94091,0,0,Unspecified,4449534,23.9,22.5,56.2,56.2,0.0,21.0,63,19.8,36.0,299,Rain: Moderate,0,0,
76682,2021-08-22 05:10:00,40.75996,-73.8614,0,0,Backing Unsafely,4450192,23.9,22.5,56.2,56.2,0.0,21.0,63,19.8,36.0,299,Rain: Moderate,0,0,
76683,2021-08-22 03:50:00,40.760822,-73.99832,0,0,Pavement Slippery,4449738,23.9,22.5,56.2,56.2,0.0,21.0,63,19.8,36.0,299,Rain: Moderate,0,0,
76684,2021-08-13 04:00:00,40.76604,-73.789986,0,0,Driver Inattention/Distraction,4450066,33.2,24.8,0.0,0.0,0.0,0.0,3,18.2,34.9,215,Overcast,0,0,
76685,2021-07-11 16:30:00,40.874638,-73.90252,0,0,Driver Inexperience,4450203,24.9,19.8,2.5,2.5,0.0,9.0,53,15.8,35.3,141,Drizzle: Moderate,0,0,
76686,2021-08-22 02:37:00,40.660633,-73.89002,0,0,Unspecified,4449438,23.9,22.5,56.2,56.2,0.0,21.0,63,19.8,36.0,299,Rain: Moderate,0,0,
76687,2021-08-22 16:45:00,40.681446,-73.94644,0,0,Traffic Control Disregarded,4449502,23.9,22.5,56.2,56.2,0.0,21.0,63,19.8,36.0,299,Rain: Moderate,0,0,
76688,2021-08-22 13:22:00,40.766357,-73.88756,1,0,Unspecified,4450140,23.9,22.5,56.2,56.2,0.0,21.0,63,19.8,36.0,299,Rain: Moderate,1,1,
76689,2021-08-22 12:40:00,40.658955,-73.73995,0,0,Unspecified,4449292,23.9,22.5,56.2,56.2,0.0,21.0,63,19.8,36.0,299,Rain: Moderate,0,0,
76690,2021-08-20 12:43:00,40.862755,-73.901085,1,0,Failure to Yield Right-of-Way,4450041,26.9,22.0,1.1,1.1,0.0,5.0,53,12.4,22.0,310,Drizzle: Moderate,1,1,
76691,2021-08-22 02:00:00,40.86369,-73.91707,0,0,Driver Inattention/Distraction,4449785,23.9,22.5,56.2,56.2,0.0,21.0,63,19.8,36.0,299,Rain: Moderate,0,0,
76692,2021-08-22 11:00:00,40.738758,-74.00811,0,0,Unspecified,4449896,23.9,22.5,56.2,56.2,0.0,21.0,63,19.8,36.0,299,Rain: Moderate,0,0,