,CRASH DATETIME,LATITUDE,LONGITUDE,NUMBER OF PERSONS INJURED,NUMBER OF PERSONS KILLED,CONTRIBUTING FACTOR VEHICLE 1,COLLISION_ID,temperature_2m_max,temperature_2m_min,precipitation_sum,rain_sum,snowfall_sum,precipitation_hours,weather_code,wind_speed_10m_max,wind_gusts_10m_max,wind_direction_10m_dominant,Weather Description,Severity_Score,Total_Affected_Persons,Weather_Category
76693,2021-08-22 08:43:00,40.828114,-73.93107,1,0,Pavement Slippery,4450031,23.9,22.5,56.2,56.2,0.0,21.0,63,19.8,36.0,299,Rain: Moderate,1,1,
76694,2021-08-22 13:29:00,40.73978,-73.97951,1,0,Failure to Yield Right-of-Way,4449580,23.9,22.5,56.2,56.2,0.0,21.0,63,19.8,36.0,299,Rain: Moderate,1,1,
76695,2021-08-21 02:13:00,40.765392,-73.9182,0,0,Driver Inattention/Distraction,4450086,27.2,23.0,0.8,0.8,0.0,6.0,51,14.3,29.5,109,Drizzle: Light,0,0,
76696,2021-08-22 00:20:00,40.714066,-73.95163,0,0,Following Too Closely,4449619,23.9,22.5,56.2,56.2,0.0,21.0,63,19.8,36.0,299,Rain: Moderate,0,0,
76697,2021-08-22 20:35:00,40.667076,-73.99508,2,0,Driver Inattention/Distraction,4449514,23.9,22.5,56.2,56.2,0.0,21.0,63,19.8,36.0,299,Rain: Moderate,2,2,
76698,2021-08-22 04:43:00,40.67619,-73.9081,0,0,Unspecified,4449723,23.9,22.5,56.2,56.2,0.0,21.0,63,19.8,36.0,299,Rain: Moderate,0,0,
76699,2021-08-11 08:50:00,40.754257,-73.890816,0,0,Driver Inattention/Distraction,4450173,31.2,23.2,2.8,2.8,0.0,7.0,55,23.7,44.6,206,Drizzle: Dense,0,0,
76700,2021-08-22 13:36:00,40.628387,-73.92431,1,0,Pavement Slippery,4449447,23.9,22.5,56.2,56.2,0.0,21.0,63,19.8,36.0,299,Rain: Moderate,1,1,
76701,2021-08-20 16:00:00,40.67105,-73.914154,0,0,Other Vehicular,4450051,26.9,22.0,1.1,1.1,0.0,5.0,53,12.4,22.0,310,Drizzle: Moderate,0,0,
76702,2021-08-20 04:50:00,40.88742,-73.89449,0,0,Unspecified,4450209,26.9,22.0,1.1,1.1,0.0,5.0,53,12.4,22.0,310,Drizzle: Moderate,0,0,
76703,2021-08-22 12:48:00,40.56898,-74.142654,0,0,Unspecified,4449653,23.9,22.5,56.2,56.2,0.0,21.0,63,19.8,36.0,299,Rain: Moderate,0,0,
76704,2021-08-22 22:48:00,40.65658,-73.88586,1,0,Unspecified,4449526,23.9,22.5,56.2,56.2,0.0,21.0,63,19.8,36.0,299,Rain: Moderate,1,1,
76705,2021-08-22 22:30:00,40.59214,-73.782425,0,0,Tire Failure/Inadequate,4449662,23.9,22.5,56.2,56.2,0.0,21.0,63,19.8,36.0,299,Rain: Moderate,0,0,
76706,2021-08-22 11:24:00,40.69845,-73.751976,0,0,Unsafe Speed,4449600,23.9,22.5,56.2,56.2,0.0,21.0,63,19.8,36.0,299,Rain: Moderate,0,0,
76707,2021-08-13 09:20:00,40.685955,-73.98028,0,0,Passing Too Closely,4450101,33.2,24.8,0.0,0.0,0.0,0.0,3,18.2,34.9,215,Overcast,0,0,
76708,2021-08-22 00:45:00,40.764435,-73.72269,0,0,Pavement Slippery,4449152,23.9,22.5,56.2,56.2,0.0,21.0,63,19.8,36.0,299,Rain: Moderate,0,0,
76709,2021-08-19 13:50:00,40.76628,-73.86584,0,0,Unspecified,4450146,30.2,23.4,11.8,11.8,0.0,13.0,61,26.3,53.3,223,Rain: Light,0,0,
76710,2021-08-22 15:14:00,40.856537,-73.87257,0,0,Driver Inattention/Distraction,4449486,23.9,22.5,56.2,56.2,0.0,21.0,63,19.8,36.0,299,Rain: Moderate,0,0,
76711,2021-08-03 00:52:00,40.843304,-73.91919,0,0,Driver Inattention/Distraction,4450024,24.2,15.3,0.0,0.0,0.0,0.0,3,10.7,21.2,7,Overcast,0,0,
76712,2021-08-18 12:00:00,40.645462,-74.00036,0,0,Unspecified,4450254,27.0,21.1,1.5,1.5,0.0,5.0,53,24.7,46.8,150,Drizzle: Moderate,0,0,
76713,2021-07-18 18:47:00,40.87892,-73.90479,2,0,Other Vehicular,4450207,28.4,23.1,12.4,12.4,0.0,10.0,63,19.6,39.2,232,Rain: Moderate,2,2,
76714,2021-08-20 22:13:00,40.767735,-73.9185,0,0,Driver Inattention/Distraction,4450081,26.9,22.0,1.1,1.1,0.0,5.0,53,12.4,22.0,310,Drizzle: Moderate,0,0,
76715,2021-08-22 06:00:00,40.72285,-73.75491,0,0,Fell Asleep,4449167,23.9,22.5,56.2,56.2,0.0,21.0,63,19.8,36.0,299,Rain: Moderate,0,0,
76716,2021-08-19 14:52:00,40.81951,-73.817505,0,0,Unspecified,4450111,30.2,23.4,11.8,11.8,0.0,13.0,61,26.3,53.3,223,Rain: Light,0,0,
76717,2021-08-22 03:50:00,40.666725,-73.86977,2,0,Unspecified,4449446,23.9,22.5,56.2,56.2,0.0,21.0,63,19.8,36.0,299,Rain: Moderate,2,2,
76718,2021-08-22 15:30:00,40.67784,-73.780266,0,0,Failure to Yield Right-of-Way,4449603,23.9,22.5,56.2,56.2,0.0,21.0,63,19.8,36.0,299,Rain: Moderate,0,0,
76719,2021-08-21 22:15:00,40.7516,-73.88275,0,0,Passing or Lane Usage Improper,4450160,27.2,23.0,0.8,0.8,0.0,6.0,51,14.3,29.5,109,Drizzle: Light,0,0,
76720,2021-08-22 11:10:00,40.68305,-73.97377,0,0,Driver Inattention/Distraction,4449521,23.9,22.5,56.2,56.2,0.0,21.0,63,19.8,36.0,299,Rain: Moderate,0,0,
76721,2021-08-22 14:00:00,40.85311,-73.8928,0,0,Driver Inattention/Distraction,4450015,23.9,22.5,56.2,56.2,0.0,21.0,63,19.8,36.0,299,Rain: Moderate,0,0,
76722,2021-08-21 12:00:00,40.838905,-73.874535,0,0,Driver Inattention/Distraction,4450047,27.2,23.0,0.8,0.8,0.0,6.0,51,14.3,29.5,109,Drizzle: Light,0,0,
76723,2021-12-08 21:40:00,40.637104,-73.95268,0,0,Unspecified,4486452,4.7,0.9,0.7,0.7,0.0,2.0,51,14.5,24.8,355,Drizzle: Light,0,0,
76724,2021-08-22 23:54:00,40.67752,-73.972725,0,0,Following Too Closely,4449575,23.9,22.5,56.2,56.2,0.0,21.0,63,19.8,36.0,299,Rain: Moderate,0,0,
76725,2021-08-17 03:35:00,40.828407,-73.93125,1,0,Unsafe Speed,4450240,26.4,22.2,1.6,1.6,0.0,2.0,55,20.3,39.2,158,Drizzle: Dense,1,1,
76726,2021-08-21 15:36:00,40.7613,-73.86527,1,0,Driver Inattention/Distraction,4450139,27.2,23.0,0.8,0.8,0.0,6.0,51,14.3,29.5,109,Drizzle: Light,1,1,
76727,2021-08-22 06:58:00,40.69141,-73.72668,0,0,Unspecified,4449289,23.9,22.5,56.2,56.2,0.0,21.0,63,19.8,36.0,299,Rain: Moderate,0,0,
76728,2021-08-22 00:30:00,40.701763,-73.81618,2,0,Unspecified,4449327,23.9,22.5,56.2,56.2,0.0,21.0,63,19.8,36.0,299,Rain: Moderate,2,2,
76729,2021-08-22 22:05:00,40.737118,-73.87925,1,0,Failure to Yield Right-of-Way,4449774,23.9,22.5,56.2,56.2,0.0,21.0,63,19.8,36.0,299,Rain: Moderate,1,1,
76730,2021-08-22 21:05:00,40.60864,-74.13075,0,0,Driver Inattention/Distraction,4449477,23.9,22.5,56.2,56.2,0.0,21.0,63,19.8,36.0,299,Rain: Moderate,0,0,
76731,2021-08-22 00:00:00,40.831642,-73.876076,0,0,Unspecified,4449989,23.9,22.5,56.2,56.2,0.0,21.0,63,19.8,36.0,299,Rain: Moderate,0,0,
76732,2021-08-09 09:30:00,40.666798,-73.9866,0,0,Passing Too Closely,4450167,26.2,20.1,1.1,1.1,0.0,7.0,51,17.3,34.6,36,Drizzle: Light,0,0,
76733,2022-06-22 00:00:00,40.788315,-73.9765,1,0,Pedestrian/Bicyclist/Other Pedestrian Error/Confusion,4544965,20.6,16.7,3.3,3.3,0.0,11.0,53,23.2,43.9,127,Drizzle: Moderate,1,1,
76734,2021-08-22 04:00:00,40.625214,-73.96099,0,0,Traffic Control Disregarded,4449694,23.9,22.5,56.2,56.2,0.0,21.0,63,19.8,36.0,299,Rain: Moderate,0,0,
76735,2021-08-22 09:50:00,40.691563,-73.86563,1,0,Failure to Yield Right-of-Way,4449299,23.9,22.5,56.2,56.2,0.0,21.0,63,19.8,36.0,299,Rain: Moderate,1,1,
76736,2021-08-22 01:43:00,40.84805,-73.93554,0,0,Unspecified,4449533,23.9,22.5,56.2,56.2,0.0,21.0,63,19.8,36.0,299,Rain: Moderate,0,0,
76737,2021-08-06 17:07:00,40.667835,-73.89484,1,0,Driver Inattention/Distraction,4450068,28.9,17.4,0.0,0.0,0.0,0.0,3,18.1,38.2,188,Overcast,1,1,
76738,2021-08-22 15:54:00,40.80562,-73.97069,0,0,View Obstructed/Limited,4449467,23.9,22.5,56.2,56.2,0.0,21.0,63,19.8,36.0,299,Rain: Moderate,0,0,
76739,2021-08-22 19:24:00,40.836468,-73.937035,0,0,Unspecified,4449539,23.9,22.5,56.2,56.2,0.0,21.0,63,19.8,36.0,299,Rain: Moderate,0,0,
76740,2021-08-11 15:40:00,40.58864,-73.90874,0,0,Driver Inattention/Distraction,4450194,31.2,23.2,2.8,2.8,0.0,7.0,55,23.7,44.6,206,Drizzle: Dense,0,0,
76741,2021-08-08 03:54:00,40.75167,-73.94188,0,0,Unspecified,4450057,22.9,19.4,12.7,12.7,0.0,17.0,63,19.9,36.0,38,Rain: Moderate,0,0,
76742,2021-08-22 00:55:00,40.8078,-73.92388,0,0,Alcohol Involvement,4449745,23.9,22.5,56.2,56.2,0.0,21.0,63,19.8,36.0,299,Rain: Moderate,0,0,
76743,2021-08-22 05:05:00,40.662846,-73.94284,4,0,Driver Inattention/Distraction,4449173,23.9,22.5,56.2,56.2,0.0,21.0,63,19.8,36.0,299,Rain: Moderate,4,4,
76744,2021-08-20 13:35:00,40.64029,-73.994804,1,0,Unspecified,4449971,26.9,22.0,1.1,1.1,0.0,5.0,53,12.4,22.0,310,Drizzle: Moderate,1,1,
76745,2021-08-22 15:00:00,40.604572,-73.7569,0,0,Unspecified,4449795,23.9,22.5,56.2,56.2,0.0,21.0,63,19.8,36.0,299,Rain: Moderate,0,0,
76746,2021-08-22 10:54:00,40.650093,-73.96083,1,0,Turning Improperly,4449701,23.9,22.5,56.2,56.2,0.0,21.0,63,19.8,36.0,299,Rain: Moderate,1,1,
76747,2021-08-22 23:20:00,40.722584,-73.8509,0,0,Backing Unsafely,4449584,23.9,22.5,56.2,56.2,0.0,21.0,63,19.8,36.0,299,Rain: Moderate,0,0,
76748,2021-08-21 20:00:00,40.75845,-73.88779,1,0,Driver Inattention/Distraction,4450134,27.2,23.0,0.8,0.8,0.0,6.0,51,14.3,29.5,109,Drizzle: Light,1,1,
76749,2021-08-22 01:25:00,40.58407,-73.92344,0,0,Pavement Slippery,4449628,23.9,22.5,56.2,56.2,0.0,21.0,63,19.8,36.0,299,Rain: Moderate,0,0,
76750,2021-08-16 20:45:00,40.64577,-73.97486,0,0,Unspecified,4450059,26.6,19.9,0.0,0.0,0.0,0.0,3,17.7,33.8,121,Overcast,0,0,
76751,2021-08-22 18:39:00,40.684166,-73.92931,1,0,Driver Inattention/Distraction,4449498,23.9,22.5,56.2,56.2,0.0,21.0,63,19.8,36.0,299,Rain: Moderate,1,1,
76752,2021-08-20 07:30:00,40.716076,-73.98605,0,0,Driver Inattention/Distraction,4449990,26.9,22.0,1.1,1.1,0.0,5.0,53,12.4,22.0,310,Drizzle: Moderate,0,0,
76753,2021-08-22 00:05:00,40.843246,-73.94505,0,0,Unspecified,4449537,23.9,22.5,56.2,56.2,0.0,21.0,63,19.8,36.0,299,Rain: Moderate,0,0,
76754,2021-08-22 19:55:00,40.620495,-73.93458,1,0,Unspecified,4449845,23.9,22.5,56.2,56.2,0.0,21.0,63,19.8,36.0,299,Rain: Moderate,1,1,
76755,2021-08-22 06:00:00,40.794052,-73.970375,0,0,Passing Too Closely,4449220,23.9,22.5,56.2,56.2,0.0,21.0,63,19.8,36.0,299,Rain: Moderate,0,0,
76756,2021-08-22 05:07:00,40.643303,-73.974106,0,0,Unspecified,4449641,23.9,22.5,56.2,56.2,0.0,21.0,63,19.8,36.0,299,Rain: Moderate,0,0,
76757,2021-08-22 10:00:00,40.69386,-73.96222,0,0,Unspecified,4449337,23.9,22.5,56.2,56.2,0.0,21.0,63,19.8,36.0,299,Rain: Moderate,0,0,
76758,2021-08-22 20:00:00,40.79726,-73.94053,1,0,Driver Inattention/Distraction,4449667,23.9,22.5,56.2,56.2,0.0,21.0,63,19.8,36.0,299,Rain: Moderate,1,1,
76759,2021-08-22 08:15:00,40.885426,-73.897446,3,0,Pavement Slippery,4449485,23.9,22.5,56.2,56.2,0.0,21.0,63,19.8,36.0,299,Rain: Moderate,3,3,
76760,2021-08-22 14:00:00,40.616123,-73.979065,1,0,Other Vehicular,4449639,23.9,22.5,56.2,56.2,0.0,21.0,63,19.8,36.0,299,Rain: Moderate,1,1,
76761,2021-08-20 23:37:00,40.767647,-73.92078,0,0,Alcohol Involvement,4450085,26.9,22.0,1.1,1.1,0.0,5.0,53,12.4,22.0,310,Drizzle: Moderate,0,0,
76762,2021-08-22 08:55:00,40.733425,-73.97447,0,0,Passing or Lane Usage Improper,4449579,23.9,22.5,56.2,56.2,0.0,21.0,63,19.8,36.0,299,Rain: Moderate,0,0,
76763,2022-07-06 19:58:00,40.893402,-73.8515,1,0,Failure to Yield Right-of-Way,4544805,31.6,21.7,0.2,0.2,0.0,1.0,51,19.0,37.1,299,Drizzle: Light,1,1,
76764,2021-08-18 18:00:00,40.743332,-73.85496,0,0,Unsafe Speed,4450148,27.0,21.1,1.5,1.5,0.0,5.0,53,24.7,46.8,150,Drizzle: Moderate,0,0,
76765,2021-08-22 02:07:00,40.652233,-73.98122,0,0,Unspecified,4450021,23.9,22.5,56.2,56.2,0.0,21.0,63,19.8,36.0,299,Rain: Moderate,0,0,
76766,2021-08-14 10:15:00,40.87004,-73.8997,0,0,Driver Inattention/Distraction,4450215,31.3,24.2,2.5,2.5,0.0,5.0,55,16.9,32.8,286,Drizzle: Dense,0,0,
76767,2021-08-22 18:05:00,40.667706,-73.90636,0,0,Driver Inattention/Distraction,4449788,23.9,22.5,56.2,56.2,0.0,21.0,63,19.8,36.0,299,Rain: Moderate,0,0,
76768,2021-08-22 11:48:00,40.867474,-73.89741,0,0,Following Too Closely,4449296,23.9,22.5,56.2,56.2,0.0,21.0,63,19.8,36.0,299,Rain: Moderate,0,0,
76769,2021-08-22 12:30:00,40.662296,-73.98874,1,0,Brakes Defective,4449307,23.9,22.5,56.2,56.2,0.0,21.0,63,19.8,36.0,299,Rain: Moderate,1,1,
76770,2021-08-22 02:04:00,40.66049,-73.90839,8,0,Alcohol Involvement,4449724,23.9,22.5,56.2,56.2,0.0,21.0,63,19.8,36.0,299,Rain: Moderate,8,8,
76771,2021-08-19 16:30:00,40.755554,-73.885376,1,0,Backing Unsafely,4450145,30.2,23.4,11.8,11.8,0.0,13.0,61,26.3,53.3,223,Rain: Light,1,1,
76772,2021-08-22 15:08:00,40.69596,-73.964096,0,0,Driver Inattention/Distraction,4449346,23.9,22.5,56.2,56.2,0.0,21.0,63,19.8,36.0,299,Rain: Moderate,0,0,
76773,2021-08-22 01:30:00,40.857166,-73.92824,0,0,Driver Inattention/Distraction,4449781,23.9,22.5,56.2,56.2,0.0,21.0,63,19.8,36.0,299,Rain: Moderate,0,0,
76774,2021-08-03 00:00:00,40.75567,-73.8892,0,0,Unspecified,4450172,24.2,15.3,0.0,0.0,0.0,0.0,3,10.7,21.2,7,Overcast,0,0,
76775,2021-08-22 14:05:00,40.836155,-73.87179,0,0,Unspecified,4449460,23.9,22.5,56.2,56.2,0.0,21.0,63,19.8,36.0,299,Rain: Moderate,0,0,
76776,2021-08-22 12:20:00,40.67075,-73.91439,0,0,Unspecified,4449904,23.9,22.5,56.2,56.2,0.0,21.0,63,19.8,36.0,299,Rain: Moderate,0,0,
76777,2021-08-22 20:51:00,40.875683,-73.90839,1,0,Unspecified,4450213,23.9,22.5,56.2,56.2,0.0,21.0,63,19.8,36.0,299,Rain: Moderate,1,1,
76778,2021-08-22 10:03:00,40.80275,-73.93358,2,0,Unspecified,4449246,23.9,22.5,56.2,56.2,0.0,21.0,63,19.8,36.0,299,Rain: Moderate,2,2,
76779,2021-08-22 21:30:00,40.663513,-73.90241,0,0,Turning Improperly,4449725,23.9,22.5,56.2,56.2,0.0,21.0,63,19.8,36.0,299,Rain: Moderate,0,0,
76780,2021-08-22 22:52:00,40.75372,-73.83283,0,0,Failure to Yield Right-of-Way,4449867,23.9,22.5,56.2,56.2,0.0,21.0,63,19.8,36.0,299,Rain: Moderate,0,0,
76781,2021-08-22 14:11:00,40.838837,-73.84424,0,0,Pavement Slippery,4449976,23.9,22.5,56.2,56.2,0.0,21.0,63,19.8,36.0,299,Rain: Moderate,0,0,
76782,2021-08-22 08:20:00,40.890354,-73.84175,3,0,Other Vehicular,4449274,23.9,22.5,56.2,56.2,0.0,21.0,63,19.8,36.0,299,Rain: Moderate,3,3,
76783,2021-08-10 23:45:00,40.59651,-73.90788,1,0,Unsafe Speed,4450195,27.3,20.4,3.8,3.8,0.0,11.0,61,18.0,36.0,170,Rain: Light,1,1,
76784,2021-08-22 02:15:00,40.660217,-73.89675,3,0,Failure to Yield Right-of-Way,4449443,23.9,22.5,56.2,56.2,0.0,21.0,63,19.8,36.0,299,Rain: Moderate,3,3,
76785,2021-08-22 17:50:00,40.69182,-73.78779,1,0,Alcohol Involvement,4449604,23.9,22.5,56.2,56.2,0.0,21.0,63,19.8,36.0,299,Rain: Moderate,1,1,
76786,2021-06-09 11:15:00,40.765743,-73.89239,0,0,Passing or Lane Usage Improper,4450175,30.2,21.4,1.1,1.1,0.0,5.0,51,11.7,28.1,286,Drizzle: Light,0,0,
76787,2021-08-22 00:50:00,40.83639,-73.91588,0,0,Other Vehicular,4450019,23.9,22.5,56.2,56.2,0.0,21.0,63,19.8,36.0,299,Rain: Moderate,0,0,
76788,2021-08-22 20:10:00,40.75423,-73.88019,1,0,Alcohol Involvement,4450138,23.9,22.5,56.2,56.2,0.0,21.0,63,19.8,36.0,299,Rain: Moderate,1,1,
76789,2021-08-22 18:04:00,40.60324,-73.95016,0,0,Backing Unsafely,4449478,23.9,22.5,56.2,56.2,0.0,21.0,63,19.8,36.0,299,Rain: Moderate,0,0,
76790,2021-08-22 00:40:00,40.63725,-74.149124,0,0,Unspecified,4449217,23.9,22.5,56.2,56.2,0.0,21.0,63,19.8,36.0,299,Rain: Moderate,0,0,
76791,2021-08-22 01:36:00,40.651005,-73.94571,1,0,Driver Inattention/Distraction,4449430,23.9,22.5,56.2,56.2,0.0,21.0,63,19.8,36.0,299,Rain: Moderate,1,1,
76792,2021-08-22 20:34:00,40.822105,-73.90062,1,0,Driver Inattention/Distraction,4449719,23.9,22.5,56.2,56.2,0.0,21.0,63,19.8,36.0,299,Rain: Moderate,1,1,
76793,2021-08-22 04:45:00,40.715572,-73.77493,0,0,Driver Inattention/Distraction,4449398,23.9,22.5,56.2,56.2,0.0,21.0,63,19.8,36.0,299,Rain: Moderate,0,0,
76794,2021-08-22 18:22:00,40.852383,-73.92048,1,0,Other Vehicular,4449931,23.9,22.5,56.2,56.2,0.0,21.0,63,19.8,36.0,299,Rain: Moderate,1,1,
76795,2021-08-22 13:15:00,40.672375,-73.972145,0,0,Unspecified,4449522,23.9,22.5,56.2,56.2,0.0,21.0,63,19.8,36.0,299,Rain: Moderate,0,0,
76796,2021-08-22 14:01:00,40.859974,-73.900795,0,0,Following Too Closely,4449770,23.9,22.5,56.2,56.2,0.0,21.0,63,19.8,36.0,299,Rain: Moderate,0,0,
76797,2021-08-21 15:30:00,40.70187,-73.76202,0,0,Passing Too Closely,4449965,27.2,23.0,0.8,0.8,0.0,6.0,51,14.3,29.5,109,Drizzle: Light,0,0,
76798,2021-08-22 14:15:00,40.810726,-73.92465,1,0,Driver Inattention/Distraction,4449838,23.9,22.5,56.2,56.2,0.0,21.0,63,19.8,36.0,299,Rain: Moderate,1,1,
76799,2021-08-22 19:00:00,40.666855,-73.80425,1,0,Unsafe Lane Changing,4449594,23.9,22.5,56.2,56.2,0.0,21.0,63,19.8,36.0,299,Rain: Moderate,1,1,
76800,2021-08-21 01:07:00,40.85713,-73.8808,3,0,Aggressive Driving/Road Rage,4450046,27.2,23.0,0.8,0.8,0.0,6.0,51,14.3,29.5,109,Drizzle: Light,3,3,
76801,2021-08-19 22:00:00,40.67561,-73.941025,0,0,Unspecified,4450166,30.2,23.4,11.8,11.8,0.0,13.0,61,26.3,53.3,223,Rain: Light,0,0,
76802,2021-08-22 20:37:00,40.765358,-73.80237,0,0,Failure to Yield Right-of-Way,4449509,23.9,22.5,56.2,56.2,0.0,21.0,63,19.8,36.0,299,Rain: Moderate,0,0,
76803,2021-07-13 10:30:00,40.81706,-73.921524,1,0,,4450075,25.0,20.8,2.4,2.4,0.0,12.0,53,13.0,26.3,84,Drizzle: Moderate,1,1,
76804,2021-08-22 17:44:00,40.825577,-73.918465,1,0,Turning Improperly,4449497,23.9,22.5,56.2,56.2,0.0,21.0,63,19.8,36.0,299,Rain: Moderate,1,1,
76805,2021-08-22 04:32:00,40.608906,-74.03452,2,0,Unsafe Speed,4449168,23.9,22.5,56.2,56.2,0.0,21.0,63,19.8,36.0,299,Rain: Moderate,2,2,
76806,2021-08-20 13:16:00,40.630505,-73.92812,0,0,Failure to Yield Right-of-Way,4450104,26.9,22.0,1.1,1.1,0.0,5.0,53,12.4,22.0,310,Drizzle: Moderate,0,0,
76807,2021-08-22 11:10:00,40.746906,-73.86371,0,0,Driver Inattention/Distraction,4449329,23.9,22.5,56.2,56.2,0.0,21.0,63,19.8,36.0,299,Rain: Moderate,0,0,
76808,2021-08-22 09:45:00,40.753586,-73.98083,1,0,Passing Too Closely,4449562,23.9,22.5,56.2,56.2,0.0,21.0,63,19.8,36.0,299,Rain: Moderate,1,1,
76809,2021-08-17 20:23:00,40.838383,-73.91902,0,0,View Obstructed/Limited,4450242,26.4,22.2,1.6,1.6,0.0,2.0,55,20.3,39.2,158,Drizzle: Dense,0,0,
76810,2021-08-21 05:00:00,40.756485,-73.86731,0,0,Driver Inattention/Distraction,4450161,27.2,23.0,0.8,0.8,0.0,6.0,51,14.3,29.5,109,Drizzle: Light,0,0,
76811,2021-08-22 19:21:00,40.845177,-73.91417,1,0,Traffic Control Disregarded,4450028,23.9,22.5,56.2,56.2,0.0,21.0,63,19.8,36.0,299,Rain: Moderate,1,1,
76812,2021-08-22 10:58:00,40.74614,-73.91431,0,0,Driver Inattention/Distraction,4449576,23.9,22.5,56.2,56.2,0.0,21.0,63,19.8,36.0,299,Rain: Moderate,0,0,
76813,2021-08-22 08:16:00,40.79766,-73.94231,1,0,Fell Asleep,4449697,23.9,22.5,56.2,56.2,0.0,21.0,63,19.8,36.0,299,Rain: Moderate,1,1,
76814,2021-08-22 03:52:00,40.829422,-73.9319,2,0,Unsafe Speed,4450035,23.9,22.5,56.2,56.2,0.0,21.0,63,19.8,36.0,299,Rain: Moderate,2,2,
76815,2021-08-22 22:12:00,40.846153,-73.932335,0,0,Turning Improperly,4449530,23.9,22.5,56.2,56.2,0.0,21.0,63,19.8,36.0,299,Rain: Moderate,0,0,
76816,2021-08-22 13:03:00,40.819427,-73.84497,0,0,Unspecified,4449470,23.9,22.5,56.2,56.2,0.0,21.0,63,19.8,36.0,299,Rain: Moderate,0,0,
76817,2021-08-22 19:06:00,40.695053,-73.82381,1,0,Passing Too Closely,4450088,23.9,22.5,56.2,56.2,0.0,21.0,63,19.8,36.0,299,Rain: Moderate,1,1,
76818,2021-08-20 12:15:00,40.872032,-73.86824,0,0,Unspecified,4450115,26.9,22.0,1.1,1.1,0.0,5.0,53,12.4,22.0,310,Drizzle: Moderate,0,0,
76819,2021-08-22 20:27:00,40.633053,-73.91053,4,0,Turning Improperly,4449743,23.9,22.5,56.2,56.2,0.0,21.0,63,19.8,36.0,299,Rain: Moderate,4,4,
76820,2021-08-22 00:00:00,40.736362,-73.79311,1,0,Driver Inattention/Distraction,4449583,23.9,22.5,56.2,56.2,0.0,21.0,63,19.8,36.0,299,Rain: Moderate,1,1,
76821,2021-08-22 11:00:00,40.630672,-73.981895,2,0,Unspecified,4449642,23.9,22.5,56.2,56.2,0.0,21.0,63,19.8,36.0,299,Rain: Moderate,2,2,
76822,2021-08-13 21:00:00,40.753983,-73.868675,0,0,Driver Inattention/Distraction,4450171,33.2,24.8,0.0,0.0,0.0,0.0,3,18.2,34.9,215,Overcast,0,0,
76823,2021-08-22 13:40:00,40.53735,-74.22253,0,0,Driver Inattention/Distraction,4450053,23.9,22.5,56.2,56.2,0.0,21.0,63,19.8,36.0,299,Rain: Moderate,0,0,
76824,2021-08-14 20:07:00,40.882835,-73.888016,0,0,Turning Improperly,4450216,31.3,24.2,2.5,2.5,0.0,5.0,55,16.9,32.8,286,Drizzle: Dense,0,0,
76825,2021-08-22 01:20:00,40.605675,-73.966965,0,0,Unspecified,4449156,23.9,22.5,56.2,56.2,0.0,21.0,63,19.8,36.0,299,Rain: Moderate,0,0,
76826,2021-08-16 17:45:00,40.7513,-73.859085,0,0,Unspecified,4450150,26.6,19.9,0.0,0.0,0.0,0.0,3,17.7,33.8,121,Overcast,0,0,
76827,2021-08-21 05:58:00,40.869144,-73.92215,0,0,Driver Inattention/Distraction,4450089,27.2,23.0,0.8,0.8,0.0,6.0,51,14.3,29.5,109,Drizzle: Light,0,0,
76828,2021-08-22 18:40:00,40.69603,-73.943535,0,0,Traffic Control Disregarded,4449507,23.9,22.5,56.2,56.2,0.0,21.0,63,19.8,36.0,299,Rain: Moderate,0,0,
76829,2021-08-22 02:32:00,40.667095,-73.92276,0,0,Following Too Closely,4449789,23.9,22.5,56.2,56.2,0.0,21.0,63,19.8,36.0,299,Rain: Moderate,0,0,
76830,2021-08-22 11:09:00,40.71185,-73.745026,0,0,Unspecified,4449308,23.9,22.5,56.2,56.2,0.0,21.0,63,19.8,36.0,299,Rain: Moderate,0,0,
76831,2021-08-22 00:10:00,40.86287,-73.934784,0,0,Obstruction/Debris,4449782,23.9,22.5,56.2,56.2,0.0,21.0,63,19.8,36.0,299,Rain: Moderate,0,0,
76832,2021-08-22 02:40:00,40.7574,-73.864586,0,0,Driver Inattention/Distraction,4450133,23.9,22.5,56.2,56.2,0.0,21.0,63,19.8,36.0,299,Rain: Moderate,0,0,
76833,2021-08-20 20:50:00,40.84299,-73.91099,0,0,Passing or Lane Usage Improper,4450029,26.9,22.0,1.1,1.1,0.0,5.0,53,12.4,22.0,310,Drizzle: Moderate,0,0,
76834,2021-08-22 23:51:00,40.654846,-73.88569,2,0,Unspecified,4449589,23.9,22.5,56.2,56.2,0.0,21.0,63,19.8,36.0,299,Rain: Moderate,2,2,
76835,2021-08-22 09:45:00,40.765675,-73.964745,0,0,Driver Inexperience,4449627,23.9,22.5,56.2,56.2,0.0,21.0,63,19.8,36.0,299,Rain: Moderate,0,0,