,CRASH DATETIME,LATITUDE,LONGITUDE,NUMBER OF PERSONS INJURED,NUMBER OF PERSONS KILLED,CONTRIBUTING FACTOR VEHICLE 1,COLLISION_ID,temperature_2m_max,temperature_2m_min,precipitation_sum,rain_sum,snowfall_sum,precipitation_hours,weather_code,wind_speed_10m_max,wind_gusts_10m_max,wind_direction_10m_dominant,Weather Description,Severity_Score,Total_Affected_Persons,Weather_Category
76836,2021-08-22 07:09:00,40.83553,-73.86317,0,0,Tire Failure/Inadequate,4449993,23.9,22.5,56.2,56.2,0.0,21.0,63,19.8,36.0,299,Rain: Moderate,0,0,
76837,2021-08-22 20:20:00,40.72013,-73.79038,1,0,Driver Inattention/Distraction,4449720,23.9,22.5,56.2,56.2,0.0,21.0,63,19.8,36.0,299,Rain: Moderate,1,1,
76838,2021-08-22 00:00:00,40.704082,-73.73813,0,0,Unspecified,4449378,23.9,22.5,56.2,56.2,0.0,21.0,63,19.8,36.0,299,Rain: Moderate,0,0,
76839,2021-08-22 08:25:00,40.830986,-73.871,0,0,Driver Inattention/Distraction,4449459,23.9,22.5,56.2,56.2,0.0,21.0,63,19.8,36.0,299,Rain: Moderate,0,0,
76840,2021-08-20 15:35:00,40.880337,-73.90434,0,0,Unspecified,4450212,26.9,22.0,1.1,1.1,0.0,5.0,53,12.4,22.0,310,Drizzle: Moderate,0,0,
76841,2021-08-22 05:19:00,40.81828,-73.93409,0,0,Fatigued/Drowsy,4449251,23.9,22.5,56.2,56.2,0.0,21.0,63,19.8,36.0,299,Rain: Moderate,0,0,
76842,2021-07-09 14:00:00,40.7549,-73.89169,0,0,Backing Unsafely,4450179,29.8,22.0,35.0,35.0,0.0,14.0,63,31.0,55.8,341,Rain: Moderate,0,0,
76843,2021-08-22 05:00:00,40.901367,-73.86425,0,0,Unsafe Speed,4449726,23.9,22.5,56.2,56.2,0.0,21.0,63,19.8,36.0,299,Rain: Moderate,0,0,
76844,2021-08-22 20:41:00,40.59987,-74.00839,0,0,Driver Inattention/Distraction,4449536,23.9,22.5,56.2,56.2,0.0,21.0,63,19.8,36.0,299,Rain: Moderate,0,0,
76845,2021-08-21 23:00:00,40.755825,-73.876884,0,0,Unspecified,4450143,27.2,23.0,0.8,0.8,0.0,6.0,51,14.3,29.5,109,Drizzle: Light,0,0,
76846,2021-08-22 15:38:00,40.749184,-73.758194,0,0,Following Too Closely,4449401,23.9,22.5,56.2,56.2,0.0,21.0,63,19.8,36.0,299,Rain: Moderate,0,0,
76847,2021-08-22 13:10:00,40.855743,-73.86195,0,0,Unspecified,4449473,23.9,22.5,56.2,56.2,0.0,21.0,63,19.8,36.0,299,Rain: Moderate,0,0,
76848,2021-08-16 20:28:00,40.85611,-73.88252,0,0,Backing Unsafely,4450011,26.6,19.9,0.0,0.0,0.0,0.0,3,17.7,33.8,121,Overcast,0,0,
76849,2021-08-22 01:00:00,40.79653,-73.97597,0,0,Passing Too Closely,4449884,23.9,22.5,56.2,56.2,0.0,21.0,63,19.8,36.0,299,Rain: Moderate,0,0,
76850,2021-08-22 18:30:00,40.84519,-73.9112,0,0,Following Too Closely,4449940,23.9,22.5,56.2,56.2,0.0,21.0,63,19.8,36.0,299,Rain: Moderate,0,0,
76851,2021-08-22 11:30:00,40.635445,-73.99431,0,0,Unspecified,4449637,23.9,22.5,56.2,56.2,0.0,21.0,63,19.8,36.0,299,Rain: Moderate,0,0,
76852,2021-08-22 17:59:00,40.639053,-73.881584,1,0,Brakes Defective,4449742,23.9,22.5,56.2,56.2,0.0,21.0,63,19.8,36.0,299,Rain: Moderate,1,1,
76853,2021-08-22 02:50:00,40.88893,-73.83644,0,0,Unsafe Speed,4449177,23.9,22.5,56.2,56.2,0.0,21.0,63,19.8,36.0,299,Rain: Moderate,0,0,
76854,2021-08-22 15:58:00,40.71638,-73.89751,0,0,Pavement Slippery,4449482,23.9,22.5,56.2,56.2,0.0,21.0,63,19.8,36.0,299,Rain: Moderate,0,0,
76855,2021-08-22 15:29:00,40.702667,-73.86516,1,0,Unspecified,4449851,23.9,22.5,56.2,56.2,0.0,21.0,63,19.8,36.0,299,Rain: Moderate,1,1,
76856,2021-08-22 13:45:00,40.74147,-73.82281,1,0,Unsafe Lane Changing,4449339,23.9,22.5,56.2,56.2,0.0,21.0,63,19.8,36.0,299,Rain: Moderate,1,1,
76857,2021-08-21 13:20:00,40.87307,-73.84424,0,0,Alcohol Involvement,4450113,27.2,23.0,0.8,0.8,0.0,6.0,51,14.3,29.5,109,Drizzle: Light,0,0,
76858,2021-08-22 12:02:00,40.632015,-73.99167,1,0,Unspecified,4450079,23.9,22.5,56.2,56.2,0.0,21.0,63,19.8,36.0,299,Rain: Moderate,1,1,
76859,2021-08-22 16:00:00,40.63742,-74.13378,0,0,Alcohol Involvement,4449566,23.9,22.5,56.2,56.2,0.0,21.0,63,19.8,36.0,299,Rain: Moderate,0,0,
76860,2021-08-22 19:24:00,40.660755,-73.87611,2,0,Driver Inattention/Distraction,4449524,23.9,22.5,56.2,56.2,0.0,21.0,63,19.8,36.0,299,Rain: Moderate,2,2,
76861,2021-08-20 06:19:00,40.847393,-73.90463,0,0,Oversized Vehicle,4450018,26.9,22.0,1.1,1.1,0.0,5.0,53,12.4,22.0,310,Drizzle: Moderate,0,0,
76862,2021-08-21 02:40:00,40.846516,-73.89537,0,0,Driver Inattention/Distraction,4450045,27.2,23.0,0.8,0.8,0.0,6.0,51,14.3,29.5,109,Drizzle: Light,0,0,
76863,2021-08-22 03:50:00,40.735413,-73.91835,1,0,Driver Inattention/Distraction,4449578,23.9,22.5,56.2,56.2,0.0,21.0,63,19.8,36.0,299,Rain: Moderate,1,1,
76864,2021-08-22 12:05:00,40.51599,-74.23871,1,0,Failure to Yield Right-of-Way,4449333,23.9,22.5,56.2,56.2,0.0,21.0,63,19.8,36.0,299,Rain: Moderate,1,1,
76865,2021-08-13 22:35:00,40.8733,-73.853645,4,0,Driver Inattention/Distraction,4450246,33.2,24.8,0.0,0.0,0.0,0.0,3,18.2,34.9,215,Overcast,4,4,
76866,2021-08-22 11:55:00,40.66345,-73.94554,2,0,Driver Inattention/Distraction,4449285,23.9,22.5,56.2,56.2,0.0,21.0,63,19.8,36.0,299,Rain: Moderate,2,2,
76867,2021-08-06 16:05:00,40.729607,-73.85134,0,0,Unspecified,4450136,28.9,17.4,0.0,0.0,0.0,0.0,3,18.1,38.2,188,Overcast,0,0,
76868,2021-08-22 01:51:00,40.713593,-73.96595,0,0,Other Vehicular,4449766,23.9,22.5,56.2,56.2,0.0,21.0,63,19.8,36.0,299,Rain: Moderate,0,0,
76869,2021-08-19 17:56:00,40.852726,-73.93443,1,0,Unsafe Lane Changing,4449964,30.2,23.4,11.8,11.8,0.0,13.0,61,26.3,53.3,223,Rain: Light,1,1,
76870,2021-08-22 18:03:00,40.652462,-73.92285,1,0,Traffic Control Device Improper/Non-Working,4449431,23.9,22.5,56.2,56.2,0.0,21.0,63,19.8,36.0,299,Rain: Moderate,1,1,
76871,2021-08-22 09:50:00,40.663685,-73.803085,0,0,Unsafe Speed,4449596,23.9,22.5,56.2,56.2,0.0,21.0,63,19.8,36.0,299,Rain: Moderate,0,0,
76872,2021-08-22 09:40:00,40.62897,-73.90323,0,0,Unspecified,4449833,23.9,22.5,56.2,56.2,0.0,21.0,63,19.8,36.0,299,Rain: Moderate,0,0,
76873,2021-08-22 14:05:00,40.632294,-73.96678,1,0,Turning Improperly,4449696,23.9,22.5,56.2,56.2,0.0,21.0,63,19.8,36.0,299,Rain: Moderate,1,1,
76874,2021-08-22 11:35:00,40.843437,-73.87965,0,0,Pavement Slippery,4449281,23.9,22.5,56.2,56.2,0.0,21.0,63,19.8,36.0,299,Rain: Moderate,0,0,
76875,2021-08-22 01:07:00,40.67297,-73.97162,0,0,Driver Inattention/Distraction,4449171,23.9,22.5,56.2,56.2,0.0,21.0,63,19.8,36.0,299,Rain: Moderate,0,0,
76876,2021-08-22 10:43:00,40.826836,-73.92263,1,0,Failure to Yield Right-of-Way,4449494,23.9,22.5,56.2,56.2,0.0,21.0,63,19.8,36.0,299,Rain: Moderate,1,1,
76877,2021-08-21 10:52:00,40.885517,-73.894684,0,0,Driver Inattention/Distraction,4450204,27.2,23.0,0.8,0.8,0.0,6.0,51,14.3,29.5,109,Drizzle: Light,0,0,
76878,2021-08-22 08:00:00,40.748737,-73.758385,0,0,Unsafe Speed,4449608,23.9,22.5,56.2,56.2,0.0,21.0,63,19.8,36.0,299,Rain: Moderate,0,0,
76879,2021-08-22 10:05:00,40.663795,-73.89577,0,0,Passenger Distraction,4449439,23.9,22.5,56.2,56.2,0.0,21.0,63,19.8,36.0,299,Rain: Moderate,0,0,
76880,2021-08-22 17:10:00,40.706215,-73.75648,0,0,Unsafe Speed,4450083,23.9,22.5,56.2,56.2,0.0,21.0,63,19.8,36.0,299,Rain: Moderate,0,0,
76881,2021-08-21 16:30:00,40.665688,-73.939766,0,0,Driver Inattention/Distraction,4450106,27.2,23.0,0.8,0.8,0.0,6.0,51,14.3,29.5,109,Drizzle: Light,0,0,
76882,2021-08-22 18:43:00,40.831974,-73.9235,0,0,Driver Inattention/Distraction,4450027,23.9,22.5,56.2,56.2,0.0,21.0,63,19.8,36.0,299,Rain: Moderate,0,0,
76883,2021-08-08 22:10:00,40.670734,-73.93373,1,0,Other Vehicular,4450164,22.9,19.4,12.7,12.7,0.0,17.0,63,19.9,36.0,38,Rain: Moderate,1,1,
76884,2021-08-22 15:35:00,40.665688,-73.939766,0,0,Unspecified,4449510,23.9,22.5,56.2,56.2,0.0,21.0,63,19.8,36.0,299,Rain: Moderate,0,0,
76885,2021-08-21 18:50:00,40.86038,-73.88889,1,0,Turning Improperly,4450039,27.2,23.0,0.8,0.8,0.0,6.0,51,14.3,29.5,109,Drizzle: Light,1,1,
76886,2021-08-22 16:20:00,40.683743,-73.913506,0,0,Driver Inattention/Distraction,4449733,23.9,22.5,56.2,56.2,0.0,21.0,63,19.8,36.0,299,Rain: Moderate,0,0,
76887,2021-08-14 03:00:00,40.75053,-73.876884,1,0,Driver Inattention/Distraction,4450224,31.3,24.2,2.5,2.5,0.0,5.0,55,16.9,32.8,286,Drizzle: Dense,1,1,
76888,2022-07-05 15:46:00,40.676147,-73.98391,1,0,Traffic Control Disregarded,4544944,30.0,20.3,0.5,0.5,0.0,2.0,51,30.4,56.5,191,Drizzle: Light,1,1,
76889,2021-08-22 00:00:00,40.608673,-74.0828,7,0,Driver Inattention/Distraction,4449791,23.9,22.5,56.2,56.2,0.0,21.0,63,19.8,36.0,299,Rain: Moderate,7,7,
76890,2021-08-20 11:45:00,40.761078,-73.875946,0,0,Unspecified,4450141,26.9,22.0,1.1,1.1,0.0,5.0,53,12.4,22.0,310,Drizzle: Moderate,0,0,
76891,2021-08-22 21:40:00,40.7168,-73.78723,0,0,Traffic Control Disregarded,4449721,23.9,22.5,56.2,56.2,0.0,21.0,63,19.8,36.0,299,Rain: Moderate,0,0,
76892,2021-08-22 17:25:00,40.62487,-73.93333,0,0,Pavement Defective,4449413,23.9,22.5,56.2,56.2,0.0,21.0,63,19.8,36.0,299,Rain: Moderate,0,0,
76893,2021-08-21 21:30:00,40.86877,-73.83174,0,0,Unspecified,4449975,27.2,23.0,0.8,0.8,0.0,6.0,51,14.3,29.5,109,Drizzle: Light,0,0,
76894,2021-08-22 00:50:00,40.82419,-73.91385,1,0,,4449941,23.9,22.5,56.2,56.2,0.0,21.0,63,19.8,36.0,299,Rain: Moderate,1,1,
76895,2021-08-22 11:00:00,40.739025,-73.89408,0,0,Driver Inattention/Distraction,4449254,23.9,22.5,56.2,56.2,0.0,21.0,63,19.8,36.0,299,Rain: Moderate,0,0,
76896,2021-08-18 21:38:00,40.67058,-73.93096,1,0,Traffic Control Disregarded,4450165,27.0,21.1,1.5,1.5,0.0,5.0,53,24.7,46.8,150,Drizzle: Moderate,1,1,
76897,2021-08-11 23:00:00,40.68978,-73.98139,1,0,Driver Inattention/Distraction,4450247,31.2,23.2,2.8,2.8,0.0,7.0,55,23.7,44.6,206,Drizzle: Dense,1,1,
76898,2021-08-22 13:32:00,40.833626,-73.92615,0,0,Passing Too Closely,4450030,23.9,22.5,56.2,56.2,0.0,21.0,63,19.8,36.0,299,Rain: Moderate,0,0,
76899,2021-08-22 21:42:00,40.729797,-73.97481,1,0,Failure to Yield Right-of-Way,4449582,23.9,22.5,56.2,56.2,0.0,21.0,63,19.8,36.0,299,Rain: Moderate,1,1,
76900,2021-08-22 01:04:00,40.761166,-73.923645,0,0,Unspecified,4450087,23.9,22.5,56.2,56.2,0.0,21.0,63,19.8,36.0,299,Rain: Moderate,0,0,
76901,2021-08-22 02:51:00,40.67657,-73.91519,0,0,Driver Inattention/Distraction,4449157,23.9,22.5,56.2,56.2,0.0,21.0,63,19.8,36.0,299,Rain: Moderate,0,0,
76902,2021-08-22 14:00:00,40.88305,-73.89983,0,0,Pavement Slippery,4450211,23.9,22.5,56.2,56.2,0.0,21.0,63,19.8,36.0,299,Rain: Moderate,0,0,
76903,2021-08-22 10:39:00,40.85396,-73.90944,1,0,Failure to Yield Right-of-Way,4449636,23.9,22.5,56.2,56.2,0.0,21.0,63,19.8,36.0,299,Rain: Moderate,1,1,
76904,2021-08-22 06:23:00,40.632294,-73.96678,2,0,Following Too Closely,4449691,23.9,22.5,56.2,56.2,0.0,21.0,63,19.8,36.0,299,Rain: Moderate,2,2,
76905,2021-08-03 11:39:00,40.75744,-73.86186,0,0,Unspecified,4450158,24.2,15.3,0.0,0.0,0.0,0.0,3,10.7,21.2,7,Overcast,0,0,
76906,2021-08-22 17:30:00,40.789455,-73.84679,0,0,Traffic Control Disregarded,4449505,23.9,22.5,56.2,56.2,0.0,21.0,63,19.8,36.0,299,Rain: Moderate,0,0,
76907,2021-08-02 21:20:00,40.86404,-73.89245,0,0,View Obstructed/Limited,4449997,26.4,17.2,0.0,0.0,0.0,0.0,3,18.4,37.4,313,Overcast,0,0,
76908,2021-08-22 19:27:00,40.606987,-74.00057,0,0,Brakes Defective,4449535,23.9,22.5,56.2,56.2,0.0,21.0,63,19.8,36.0,299,Rain: Moderate,0,0,
76909,2021-08-21 15:00:00,40.70438,-73.96402,0,0,Unspecified,4450185,27.2,23.0,0.8,0.8,0.0,6.0,51,14.3,29.5,109,Drizzle: Light,0,0,
76910,2021-08-22 15:55:00,0.0,0.0,2,0,Driver Inattention/Distraction,4449646,23.9,22.5,56.2,56.2,0.0,21.0,63,19.8,36.0,299,Rain: Moderate,2,2,
76911,2021-08-22 11:21:00,40.7157,-73.77389,1,0,Pavement Slippery,4449376,23.9,22.5,56.2,56.2,0.0,21.0,63,19.8,36.0,299,Rain: Moderate,1,1,
76912,2021-08-22 02:05:00,40.864086,-73.918015,2,0,Aggressive Driving/Road Rage,4449783,23.9,22.5,56.2,56.2,0.0,21.0,63,19.8,36.0,299,Rain: Moderate,2,2,
76913,2021-08-20 17:27:00,40.84991,-73.89452,0,0,Following Too Closely,4450014,26.9,22.0,1.1,1.1,0.0,5.0,53,12.4,22.0,310,Drizzle: Moderate,0,0,
76914,2021-08-22 13:15:00,40.865406,-73.86883,0,0,Unspecified,4449474,23.9,22.5,56.2,56.2,0.0,21.0,63,19.8,36.0,299,Rain: Moderate,0,0,
76915,2021-08-22 13:45:00,40.64385,-73.87576,0,0,Steering Failure,4449449,23.9,22.5,56.2,56.2,0.0,21.0,63,19.8,36.0,299,Rain: Moderate,0,0,
76916,2021-08-22 04:00:00,40.71695,-73.98032,0,0,Passing or Lane Usage Improper,4449889,23.9,22.5,56.2,56.2,0.0,21.0,63,19.8,36.0,299,Rain: Moderate,0,0,
76917,2021-08-22 08:00:00,40.67809,-73.8842,0,0,Unspecified,4449527,23.9,22.5,56.2,56.2,0.0,21.0,63,19.8,36.0,299,Rain: Moderate,0,0,
76918,2021-08-15 17:45:00,40.74845,-73.892654,0,0,Driver Inattention/Distraction,4450130,27.9,20.0,0.0,0.0,0.0,0.0,3,16.6,33.1,25,Overcast,0,0,
76919,2021-08-19 08:20:00,40.73718,-73.932014,0,0,Following Too Closely,4450064,30.2,23.4,11.8,11.8,0.0,13.0,61,26.3,53.3,223,Rain: Light,0,0,
76920,2021-08-22 19:45:00,40.61127,-73.95048,0,0,Unspecified,4449624,23.9,22.5,56.2,56.2,0.0,21.0,63,19.8,36.0,299,Rain: Moderate,0,0,
76921,2021-08-22 21:15:00,40.66563,-73.73921,0,0,Following Too Closely,4449513,23.9,22.5,56.2,56.2,0.0,21.0,63,19.8,36.0,299,Rain: Moderate,0,0,
76922,2021-08-21 14:00:00,40.604485,-74.070656,5,0,Unsafe Lane Changing,4450052,27.2,23.0,0.8,0.8,0.0,6.0,51,14.3,29.5,109,Drizzle: Light,5,5,
76923,2021-08-22 20:00:00,40.62811,-74.1421,0,0,Driver Inattention/Distraction,4449567,23.9,22.5,56.2,56.2,0.0,21.0,63,19.8,36.0,299,Rain: Moderate,0,0,
76924,2022-07-07 19:00:00,40.683903,-73.82496,0,0,Following Too Closely,4544394,27.5,20.1,0.0,0.0,0.0,0.0,3,19.1,37.4,110,Overcast,0,0,
76925,2022-07-08 00:36:00,40.706753,-73.91437,0,0,Traffic Control Disregarded,4544709,29.6,19.3,1.8,1.8,0.0,8.0,51,15.0,31.0,187,Drizzle: Light,0,0,
76926,2022-04-15 05:14:00,40.822235,-73.88746,0,0,Driver Inattention/Distraction,4519669,19.2,6.3,0.1,0.1,0.0,1.0,51,26.9,46.1,243,Drizzle: Light,0,0,
76927,2022-04-14 13:29:00,40.78627,-73.8359,1,0,Failure to Keep Right,4519108,28.1,13.9,0.2,0.2,0.0,2.0,51,25.9,46.1,249,Drizzle: Light,1,1,
76928,2022-04-11 15:53:00,40.769993,-73.915825,1,0,Following Too Closely,4519388,13.1,1.8,0.0,0.0,0.0,0.0,3,18.6,36.4,246,Overcast,1,1,
76929,2022-03-24 15:00:00,40.66895,-73.9339,0,0,Passing or Lane Usage Improper,4519631,9.9,3.5,21.4,21.4,0.0,16.0,63,27.2,50.8,57,Rain: Moderate,0,0,
76930,2022-04-13 23:40:00,40.63698,-73.936554,0,0,Failure to Yield Right-of-Way,4519418,18.9,7.1,0.0,0.0,0.0,0.0,3,18.7,37.4,112,Overcast,0,0,
76931,2022-04-15 19:10:00,40.675175,-73.98471,1,0,Failure to Yield Right-of-Way,4519903,19.2,6.3,0.1,0.1,0.0,1.0,51,26.9,46.1,243,Drizzle: Light,1,1,
76932,2022-04-13 07:38:00,40.756725,-73.96,0,0,Unsafe Lane Changing,4518820,18.9,7.1,0.0,0.0,0.0,0.0,3,18.7,37.4,112,Overcast,0,0,
76933,2022-04-14 18:20:00,40.67452,-73.736084,0,0,Driver Inattention/Distraction,4519018,28.1,13.9,0.2,0.2,0.0,2.0,51,25.9,46.1,249,Drizzle: Light,0,0,
76934,2022-04-15 01:49:00,40.844734,-73.89935,0,0,Driver Inattention/Distraction,4519844,19.2,6.3,0.1,0.1,0.0,1.0,51,26.9,46.1,243,Drizzle: Light,0,0,
76935,2022-04-11 19:55:00,40.66095,-73.92906,1,0,Unspecified,4519226,13.1,1.8,0.0,0.0,0.0,0.0,3,18.6,36.4,246,Overcast,1,1,
76936,2022-04-14 08:44:00,40.81651,-73.88987,0,0,Other Vehicular,4519048,28.1,13.9,0.2,0.2,0.0,2.0,51,25.9,46.1,249,Drizzle: Light,0,0,
76937,2022-04-14 17:20:00,40.744545,-73.86782,0,0,Unspecified,4519211,28.1,13.9,0.2,0.2,0.0,2.0,51,25.9,46.1,249,Drizzle: Light,0,0,
76938,2022-04-15 17:27:00,40.74216,-73.804436,0,0,Turning Improperly,4519399,19.2,6.3,0.1,0.1,0.0,1.0,51,26.9,46.1,243,Drizzle: Light,0,0,
76939,2022-04-13 13:32:00,40.70431,-73.9133,0,0,Passing Too Closely,4518843,18.9,7.1,0.0,0.0,0.0,0.0,3,18.7,37.4,112,Overcast,0,0,
76940,2022-03-26 22:56:00,40.714073,-73.95534,1,0,View Obstructed/Limited,4519724,10.1,4.9,6.1,5.8,0.21,8.0,71,21.6,41.0,251,Snow fall: Light,1,1,Snowy Conditions
76941,2022-04-15 08:30:00,40.66922,-73.98462,0,0,Backing Unsafely,4519910,19.2,6.3,0.1,0.1,0.0,1.0,51,26.9,46.1,243,Drizzle: Light,0,0,
76942,2022-04-15 23:44:00,40.77631,-73.96423,0,0,Alcohol Involvement,4519811,19.2,6.3,0.1,0.1,0.0,1.0,51,26.9,46.1,243,Drizzle: Light,0,0,
76943,2022-04-14 21:56:00,40.807507,-73.92701,0,0,Failure to Yield Right-of-Way,4519877,28.1,13.9,0.2,0.2,0.0,2.0,51,25.9,46.1,249,Drizzle: Light,0,0,
76944,2022-04-15 01:30:00,40.875576,-73.88609,0,0,Fell Asleep,4519146,19.2,6.3,0.1,0.1,0.0,1.0,51,26.9,46.1,243,Drizzle: Light,0,0,
76945,2022-04-15 02:33:00,40.68561,-73.75027,0,0,Traffic Control Disregarded,4519097,19.2,6.3,0.1,0.1,0.0,1.0,51,26.9,46.1,243,Drizzle: Light,0,0,
76946,2022-04-15 08:38:00,40.871193,-73.892715,0,0,Unspecified,4519194,19.2,6.3,0.1,0.1,0.0,1.0,51,26.9,46.1,243,Drizzle: Light,0,0,
76947,2022-04-13 14:45:00,40.57826,-73.849335,0,0,Driver Inattention/Distraction,4518692,18.9,7.1,0.0,0.0,0.0,0.0,3,18.7,37.4,112,Overcast,0,0,
76948,2022-04-13 16:00:00,40.74376,-73.90003,1,0,Backing Unsafely,4518732,18.9,7.1,0.0,0.0,0.0,0.0,3,18.7,37.4,112,Overcast,1,1,
76949,2022-04-15 16:29:00,40.64143,-74.02098,2,0,Failure to Yield Right-of-Way,4519284,19.2,6.3,0.1,0.1,0.0,1.0,51,26.9,46.1,243,Drizzle: Light,2,2,
76950,2022-07-06 16:53:00,40.82732,-73.93884,0,0,Unspecified,4544177,31.6,21.7,0.2,0.2,0.0,1.0,51,19.0,37.1,299,Drizzle: Light,0,0,
76951,2022-04-14 21:22:00,40.62764,-73.99657,2,0,Unspecified,4519517,28.1,13.9,0.2,0.2,0.0,2.0,51,25.9,46.1,249,Drizzle: Light,2,2,
76952,2022-04-13 11:38:00,40.71696,-73.994484,1,0,Unspecified,4518950,18.9,7.1,0.0,0.0,0.0,0.0,3,18.7,37.4,112,Overcast,1,1,
76953,2022-04-15 13:30:00,40.683186,-73.86631,0,0,Unsafe Lane Changing,4519450,19.2,6.3,0.1,0.1,0.0,1.0,51,26.9,46.1,243,Drizzle: Light,0,0,
76954,2022-04-14 16:26:00,40.872143,-73.818695,0,0,Unspecified,4519237,28.1,13.9,0.2,0.2,0.0,2.0,51,25.9,46.1,249,Drizzle: Light,0,0,
76955,2022-04-13 20:00:00,40.677654,-73.82866,0,0,Failure to Yield Right-of-Way,4518796,18.9,7.1,0.0,0.0,0.0,0.0,3,18.7,37.4,112,Overcast,0,0,
76956,2022-04-15 10:20:00,40.6026,-74.01491,2,0,Following Too Closely,4519269,19.2,6.3,0.1,0.1,0.0,1.0,51,26.9,46.1,243,Drizzle: Light,2,2,
76957,2022-04-14 09:45:00,40.75487,-73.891884,1,0,Backing Unsafely,4519006,28.1,13.9,0.2,0.2,0.0,2.0,51,25.9,46.1,249,Drizzle: Light,1,1,
76958,2022-04-14 04:45:00,40.769875,-73.90972,0,0,Unsafe Speed,4519252,28.1,13.9,0.2,0.2,0.0,2.0,51,25.9,46.1,249,Drizzle: Light,0,0,
76959,2022-04-14 21:35:00,40.642242,-73.910774,0,0,Unspecified,4519695,28.1,13.9,0.2,0.2,0.0,2.0,51,25.9,46.1,249,Drizzle: Light,0,0,
76960,2022-04-12 15:56:00,40.77579,-73.90075,0,0,Backing Unsafely,4519573,20.4,7.7,1.6,1.6,0.0,3.0,53,17.8,36.0,271,Drizzle: Moderate,0,0,
76961,2022-04-15 06:20:00,40.746555,-73.82621,1,0,Following Too Closely,4519274,19.2,6.3,0.1,0.1,0.0,1.0,51,26.9,46.1,243,Drizzle: Light,1,1,
76962,2022-04-13 12:50:00,40.71106,-73.87904,0,0,Turning Improperly,4519114,18.9,7.1,0.0,0.0,0.0,0.0,3,18.7,37.4,112,Overcast,0,0,
76963,2022-04-14 14:53:00,40.7334,-73.84985,0,0,Unspecified,4519893,28.1,13.9,0.2,0.2,0.0,2.0,51,25.9,46.1,249,Drizzle: Light,0,0,
76964,2022-04-13 08:40:00,40.870426,-73.84619,0,0,Driver Inattention/Distraction,4518666,18.9,7.1,0.0,0.0,0.0,0.0,3,18.7,37.4,112,Overcast,0,0,
76965,2022-04-13 08:30:00,40.667976,-73.79814,0,0,Passing Too Closely,4518905,18.9,7.1,0.0,0.0,0.0,0.0,3,18.7,37.4,112,Overcast,0,0,
76966,2022-04-13 14:00:00,40.714928,-74.00795,0,0,Driver Inattention/Distraction,4518960,18.9,7.1,0.0,0.0,0.0,0.0,3,18.7,37.4,112,Overcast,0,0,
76967,2022-04-14 23:15:00,40.68467,-73.83493,0,0,Passing Too Closely,4519766,28.1,13.9,0.2,0.2,0.0,2.0,51,25.9,46.1,249,Drizzle: Light,0,0,
76968,2022-04-13 13:40:00,0.0,0.0,2,0,Unsafe Speed,4518712,18.9,7.1,0.0,0.0,0.0,0.0,3,18.7,37.4,112,Overcast,2,2,
76969,2022-04-13 10:45:00,40.597443,-73.746346,0,0,Unspecified,4518827,18.9,7.1,0.0,0.0,0.0,0.0,3,18.7,37.4,112,Overcast,0,0,
76970,2022-04-12 22:00:00,40.61269,-73.982666,1,0,,4519313,20.4,7.7,1.6,1.6,0.0,3.0,53,17.8,36.0,271,Drizzle: Moderate,1,1,
76971,2022-04-13 01:00:00,40.62739,-73.925835,2,0,Driver Inattention/Distraction,4519059,18.9,7.1,0.0,0.0,0.0,0.0,3,18.7,37.4,112,Overcast,2,2,
76972,2022-04-15 13:25:00,40.731945,-73.747444,0,0,Driver Inexperience,4519456,19.2,6.3,0.1,0.1,0.0,1.0,51,26.9,46.1,243,Drizzle: Light,0,0,
76973,2022-04-14 09:10:00,40.733616,-73.85253,0,0,Driver Inattention/Distraction,4519088,28.1,13.9,0.2,0.2,0.0,2.0,51,25.9,46.1,249,Drizzle: Light,0,0,
76974,2022-04-14 14:50:00,40.63321,-73.92259,0,0,Driver Inattention/Distraction,4519013,28.1,13.9,0.2,0.2,0.0,2.0,51,25.9,46.1,249,Drizzle: Light,0,0,
76975,2022-04-14 11:40:00,40.73599,-73.86551,2,0,Driver Inattention/Distraction,4519206,28.1,13.9,0.2,0.2,0.0,2.0,51,25.9,46.1,249,Drizzle: Light,2,2,
76976,2022-04-13 15:00:00,40.5377,-74.15002,1,0,Backing Unsafely,4518781,18.9,7.1,0.0,0.0,0.0,0.0,3,18.7,37.4,112,Overcast,1,1,
76977,2022-03-28 11:00:00,40.6727,-73.93635,0,0,Unspecified,4519567,0.0,-5.2,0.3,0.0,0.21,3.0,71,31.3,59.0,303,Snow fall: Light,0,0,Snowy Conditions
76978,2022-04-15 08:15:00,40.594616,-73.99743,0,0,Driver Inattention/Distraction,4519280,19.2,6.3,0.1,0.1,0.0,1.0,51,26.9,46.1,243,Drizzle: Light,0,0,
76979,2022-04-14 05:00:00,40.718456,-73.99482,2,0,Driver Inattention/Distraction,4518832,28.1,13.9,0.2,0.2,0.0,2.0,51,25.9,46.1,249,Drizzle: Light,2,2,