,CRASH DATETIME,LATITUDE,LONGITUDE,NUMBER OF PERSONS INJURED,NUMBER OF PERSONS KILLED,CONTRIBUTING FACTOR VEHICLE 1,COLLISION_ID,temperature_2m_max,temperature_2m_min,precipitation_sum,rain_sum,snowfall_sum,precipitation_hours,weather_code,wind_speed_10m_max,wind_gusts_10m_max,wind_direction_10m_dominant,Weather Description,Severity_Score,Total_Affected_Persons,Weather_Category
76980,2022-04-11 21:00:00,40.697582,-73.94965,1,0,Driver Inattention/Distraction,4519636,13.1,1.8,0.0,0.0,0.0,0.0,3,18.6,36.4,246,Overcast,1,1,
76981,2022-04-13 07:00:00,40.61785,-73.988075,0,0,Driver Inattention/Distraction,4519490,18.9,7.1,0.0,0.0,0.0,0.0,3,18.7,37.4,112,Overcast,0,0,
76982,2022-04-15 23:14:00,40.75545,-73.962105,0,0,Unsafe Speed,4519381,19.2,6.3,0.1,0.1,0.0,1.0,51,26.9,46.1,243,Drizzle: Light,0,0,
76983,2022-04-15 20:24:00,40.76363,-73.9533,0,0,Unspecified,4519828,19.2,6.3,0.1,0.1,0.0,1.0,51,26.9,46.1,243,Drizzle: Light,0,0,
76984,2022-04-10 22:00:00,40.80304,-73.868904,0,0,Other Vehicular,4519674,9.8,3.5,0.0,0.0,0.0,0.0,3,29.3,54.4,307,Overcast,0,0,
76985,2022-04-15 21:26:00,40.74835,-73.967865,0,0,Driver Inattention/Distraction,4519715,19.2,6.3,0.1,0.1,0.0,1.0,51,26.9,46.1,243,Drizzle: Light,0,0,
76986,2022-04-15 19:15:00,40.683105,-73.874115,0,0,Passing Too Closely,4519301,19.2,6.3,0.1,0.1,0.0,1.0,51,26.9,46.1,243,Drizzle: Light,0,0,
76987,2022-04-14 09:15:00,40.665596,-73.87431,0,0,Unsafe Lane Changing,4519169,28.1,13.9,0.2,0.2,0.0,2.0,51,25.9,46.1,249,Drizzle: Light,0,0,
76988,2022-04-14 11:09:00,40.76342,-73.9613,1,0,Unspecified,4519126,28.1,13.9,0.2,0.2,0.0,2.0,51,25.9,46.1,249,Drizzle: Light,1,1,
76989,2022-04-14 07:10:00,40.747612,-73.792366,2,0,Driver Inattention/Distraction,4519052,28.1,13.9,0.2,0.2,0.0,2.0,51,25.9,46.1,249,Drizzle: Light,2,2,
76990,2022-04-15 10:44:00,40.707306,-73.75122,0,0,Passing Too Closely,4519375,19.2,6.3,0.1,0.1,0.0,1.0,51,26.9,46.1,243,Drizzle: Light,0,0,
76991,2022-04-14 09:18:00,40.791496,-73.97224,0,0,Passing Too Closely,4519807,28.1,13.9,0.2,0.2,0.0,2.0,51,25.9,46.1,249,Drizzle: Light,0,0,
76992,2022-04-09 01:39:00,40.79031,-73.811905,0,0,Reaction to Uninvolved Vehicle,4519477,13.6,5.0,4.8,4.8,0.0,12.0,55,20.1,42.8,263,Drizzle: Dense,0,0,
76993,2022-04-08 16:00:00,40.847427,-73.931404,0,0,Turning Improperly,4519700,16.5,7.1,5.2,5.2,0.0,4.0,63,21.3,42.8,253,Rain: Moderate,0,0,
76994,2022-04-14 13:24:00,40.59487,-73.95056,1,0,Driver Inattention/Distraction,4519162,28.1,13.9,0.2,0.2,0.0,2.0,51,25.9,46.1,249,Drizzle: Light,1,1,
76995,2022-04-13 16:41:00,40.67922,-73.90405,0,0,Unspecified,4519607,18.9,7.1,0.0,0.0,0.0,0.0,3,18.7,37.4,112,Overcast,0,0,
76996,2022-09-25 06:35:00,40.644432,-73.9296,2,0,Unspecified,4566940,23.8,11.8,0.3,0.3,0.0,1.0,51,22.2,41.0,207,Drizzle: Light,2,2,
76997,2022-04-15 19:13:00,40.7366,-73.856674,0,0,Oversized Vehicle,4519549,19.2,6.3,0.1,0.1,0.0,1.0,51,26.9,46.1,243,Drizzle: Light,0,0,
76998,2022-04-15 23:10:00,40.683094,-73.80576,0,0,Following Too Closely,4519757,19.2,6.3,0.1,0.1,0.0,1.0,51,26.9,46.1,243,Drizzle: Light,0,0,
76999,2022-04-15 11:55:00,40.665794,-73.7464,2,0,Driver Inattention/Distraction,4519248,19.2,6.3,0.1,0.1,0.0,1.0,51,26.9,46.1,243,Drizzle: Light,2,2,
77000,2022-04-13 01:20:00,40.84269,-73.88737,1,0,Driver Inattention/Distraction,4518598,18.9,7.1,0.0,0.0,0.0,0.0,3,18.7,37.4,112,Overcast,1,1,
77001,2022-04-13 17:00:00,40.873787,-73.8623,0,0,Passing Too Closely,4519002,18.9,7.1,0.0,0.0,0.0,0.0,3,18.7,37.4,112,Overcast,0,0,
77002,2022-04-11 09:53:00,40.778625,-73.97958,0,0,Other Vehicular,4519233,13.1,1.8,0.0,0.0,0.0,0.0,3,18.6,36.4,246,Overcast,0,0,
77003,2022-04-13 15:31:00,40.633232,-74.0211,1,0,View Obstructed/Limited,4518762,18.9,7.1,0.0,0.0,0.0,0.0,3,18.7,37.4,112,Overcast,1,1,
77004,2022-04-14 04:40:00,40.736534,-73.85611,0,0,Unsafe Lane Changing,4519201,28.1,13.9,0.2,0.2,0.0,2.0,51,25.9,46.1,249,Drizzle: Light,0,0,
77005,2022-04-13 01:15:00,40.76978,-73.808365,0,0,Unspecified,4518910,18.9,7.1,0.0,0.0,0.0,0.0,3,18.7,37.4,112,Overcast,0,0,
77006,2022-04-15 07:50:00,40.652287,-73.95634,0,0,Passing Too Closely,4519539,19.2,6.3,0.1,0.1,0.0,1.0,51,26.9,46.1,243,Drizzle: Light,0,0,
77007,2022-04-15 16:40:00,40.568913,-74.15034,0,0,Driver Inattention/Distraction,4519884,19.2,6.3,0.1,0.1,0.0,1.0,51,26.9,46.1,243,Drizzle: Light,0,0,
77008,2022-04-13 00:10:00,40.69832,-73.962265,0,0,Unsafe Lane Changing,4519265,18.9,7.1,0.0,0.0,0.0,0.0,3,18.7,37.4,112,Overcast,0,0,
77009,2022-04-15 19:30:00,40.709305,-73.84369,0,0,Failure to Yield Right-of-Way,4519355,19.2,6.3,0.1,0.1,0.0,1.0,51,26.9,46.1,243,Drizzle: Light,0,0,
77010,2022-04-14 00:00:00,40.63697,-74.15141,0,0,Driver Inexperience,4518854,28.1,13.9,0.2,0.2,0.0,2.0,51,25.9,46.1,249,Drizzle: Light,0,0,
77011,2022-04-14 18:45:00,40.669456,-73.865654,0,0,Aggressive Driving/Road Rage,4519173,28.1,13.9,0.2,0.2,0.0,2.0,51,25.9,46.1,249,Drizzle: Light,0,0,
77012,2022-04-15 19:08:00,40.681164,-73.93172,1,0,Unspecified,4519318,19.2,6.3,0.1,0.1,0.0,1.0,51,26.9,46.1,243,Drizzle: Light,1,1,
77013,2022-04-14 17:35:00,40.71312,-73.83376,0,0,Unsafe Speed,4519092,28.1,13.9,0.2,0.2,0.0,2.0,51,25.9,46.1,249,Drizzle: Light,0,0,
77014,2022-04-15 14:26:00,40.695183,-73.90095,0,0,Following Too Closely,4519342,19.2,6.3,0.1,0.1,0.0,1.0,51,26.9,46.1,243,Drizzle: Light,0,0,
77015,2022-04-13 20:35:00,40.769115,-73.98856,1,0,Passing or Lane Usage Improper,4518885,18.9,7.1,0.0,0.0,0.0,0.0,3,18.7,37.4,112,Overcast,1,1,
77016,2022-04-14 07:45:00,40.68521,-73.84838,1,0,Unsafe Speed,4519184,28.1,13.9,0.2,0.2,0.0,2.0,51,25.9,46.1,249,Drizzle: Light,1,1,
77017,2022-04-13 17:18:00,40.61335,-73.92145,0,0,Unspecified,4518807,18.9,7.1,0.0,0.0,0.0,0.0,3,18.7,37.4,112,Overcast,0,0,
77018,2022-04-15 16:55:00,40.708763,-73.998116,0,0,Unsafe Lane Changing,4519428,19.2,6.3,0.1,0.1,0.0,1.0,51,26.9,46.1,243,Drizzle: Light,0,0,
77019,2022-04-14 08:35:00,40.79465,-73.97179,1,0,Following Too Closely,4519821,28.1,13.9,0.2,0.2,0.0,2.0,51,25.9,46.1,249,Drizzle: Light,1,1,
77020,2022-04-14 14:35:00,40.71314,-73.8241,2,0,Driver Inattention/Distraction,4519007,28.1,13.9,0.2,0.2,0.0,2.0,51,25.9,46.1,249,Drizzle: Light,2,2,
77021,2022-04-15 13:54:00,40.68246,-73.830025,2,0,Traffic Control Disregarded,4519402,19.2,6.3,0.1,0.1,0.0,1.0,51,26.9,46.1,243,Drizzle: Light,2,2,
77022,2022-04-11 04:17:00,40.682316,-73.88814,0,0,Driver Inattention/Distraction,4519640,13.1,1.8,0.0,0.0,0.0,0.0,3,18.6,36.4,246,Overcast,0,0,
77023,2022-04-15 17:00:00,40.697166,-73.893364,0,0,Unspecified,4519679,19.2,6.3,0.1,0.1,0.0,1.0,51,26.9,46.1,243,Drizzle: Light,0,0,
77024,2022-04-15 17:25:00,40.686302,-73.793915,1,0,Following Too Closely,4519328,19.2,6.3,0.1,0.1,0.0,1.0,51,26.9,46.1,243,Drizzle: Light,1,1,
77025,2022-04-15 13:45:00,40.70183,-73.91933,0,0,Passing Too Closely,4519595,19.2,6.3,0.1,0.1,0.0,1.0,51,26.9,46.1,243,Drizzle: Light,0,0,
77026,2022-04-14 08:00:00,40.673874,-73.95393,0,0,Driver Inattention/Distraction,4519590,28.1,13.9,0.2,0.2,0.0,2.0,51,25.9,46.1,249,Drizzle: Light,0,0,
77027,2022-04-14 08:20:00,40.709393,-73.9219,1,0,Failure to Yield Right-of-Way,4519343,28.1,13.9,0.2,0.2,0.0,2.0,51,25.9,46.1,249,Drizzle: Light,1,1,
77028,2022-04-15 21:45:00,40.691647,-73.98438,0,0,Backing Unsafely,4519502,19.2,6.3,0.1,0.1,0.0,1.0,51,26.9,46.1,243,Drizzle: Light,0,0,
77029,2022-04-13 08:00:00,40.822838,-73.9003,0,0,Driver Inattention/Distraction,4519671,18.9,7.1,0.0,0.0,0.0,0.0,3,18.7,37.4,112,Overcast,0,0,
77030,2022-04-14 20:05:00,40.65152,-73.909454,1,0,Driver Inattention/Distraction,4519419,28.1,13.9,0.2,0.2,0.0,2.0,51,25.9,46.1,249,Drizzle: Light,1,1,
77031,2022-04-14 10:25:00,40.852127,-73.93783,0,0,Unspecified,4519711,28.1,13.9,0.2,0.2,0.0,2.0,51,25.9,46.1,249,Drizzle: Light,0,0,
77032,2022-04-13 21:27:00,40.671978,-73.76206,0,0,Reaction to Uninvolved Vehicle,4518831,18.9,7.1,0.0,0.0,0.0,0.0,3,18.7,37.4,112,Overcast,0,0,
77033,2022-04-14 13:40:00,40.636566,-73.997696,1,0,Unspecified,4519563,28.1,13.9,0.2,0.2,0.0,2.0,51,25.9,46.1,249,Drizzle: Light,1,1,
77034,2022-04-15 07:00:00,40.87318,-73.827286,0,0,Unspecified,4519238,19.2,6.3,0.1,0.1,0.0,1.0,51,26.9,46.1,243,Drizzle: Light,0,0,
77035,2022-02-02 22:05:00,40.676872,-73.94985,1,0,Driver Inattention/Distraction,4519603,3.8,-7.2,0.0,0.0,0.0,0.0,3,10.6,16.2,93,Overcast,1,1,
77036,2022-04-11 23:56:00,40.85519,-73.93977,3,0,Unsafe Speed,4519704,13.1,1.8,0.0,0.0,0.0,0.0,3,18.6,36.4,246,Overcast,3,3,
77037,2022-04-14 09:10:00,40.761414,-73.91922,1,0,Illnes,4519371,28.1,13.9,0.2,0.2,0.0,2.0,51,25.9,46.1,249,Drizzle: Light,1,1,
77038,2022-04-15 15:46:00,40.797836,-73.96946,0,0,Traffic Control Disregarded,4519799,19.2,6.3,0.1,0.1,0.0,1.0,51,26.9,46.1,243,Drizzle: Light,0,0,
77039,2022-04-03 10:27:00,40.673256,-73.9307,1,0,Following Too Closely,4519615,8.3,3.4,3.1,3.1,0.0,5.0,61,21.9,38.2,274,Rain: Light,1,1,
77040,2022-04-15 19:50:00,40.6087,-73.97404,1,0,Unsafe Speed,4519302,19.2,6.3,0.1,0.1,0.0,1.0,51,26.9,46.1,243,Drizzle: Light,1,1,
77041,2022-04-14 11:00:00,40.71684,-74.00233,0,0,Passing Too Closely,4518978,28.1,13.9,0.2,0.2,0.0,2.0,51,25.9,46.1,249,Drizzle: Light,0,0,
77042,2022-04-15 08:30:00,40.862812,-73.907555,0,0,Passing or Lane Usage Improper,4519741,19.2,6.3,0.1,0.1,0.0,1.0,51,26.9,46.1,243,Drizzle: Light,0,0,
77043,2022-04-13 09:30:00,40.67251,-73.99905,0,0,Unspecified,4518625,18.9,7.1,0.0,0.0,0.0,0.0,3,18.7,37.4,112,Overcast,0,0,
77044,2022-04-14 07:10:00,40.762226,-73.96819,1,0,Driver Inattention/Distraction,4518891,28.1,13.9,0.2,0.2,0.0,2.0,51,25.9,46.1,249,Drizzle: Light,1,1,
77045,2022-04-10 14:00:00,40.630505,-73.92812,1,0,Failure to Yield Right-of-Way,4519462,9.8,3.5,0.0,0.0,0.0,0.0,3,29.3,54.4,307,Overcast,1,1,
77046,2022-04-13 16:42:00,40.67417,-73.95671,0,0,Unspecified,4518739,18.9,7.1,0.0,0.0,0.0,0.0,3,18.7,37.4,112,Overcast,0,0,
77047,2022-04-11 16:40:00,0.0,0.0,0,0,Driver Inattention/Distraction,4519879,13.1,1.8,0.0,0.0,0.0,0.0,3,18.6,36.4,246,Overcast,0,0,
77048,2022-04-15 03:20:00,40.76053,-73.883446,0,0,Driver Inattention/Distraction,4519216,19.2,6.3,0.1,0.1,0.0,1.0,51,26.9,46.1,243,Drizzle: Light,0,0,
77049,2022-04-14 20:30:00,40.772755,-73.93282,1,0,Driver Inattention/Distraction,4519359,28.1,13.9,0.2,0.2,0.0,2.0,51,25.9,46.1,249,Drizzle: Light,1,1,
77050,2022-07-08 21:50:00,40.66386,-73.82297,0,0,Following Too Closely,4545149,29.6,19.3,1.8,1.8,0.0,8.0,51,15.0,31.0,187,Drizzle: Light,0,0,
77051,2022-04-15 18:05:00,40.669476,-73.919975,2,0,Driver Inattention/Distraction,4519527,19.2,6.3,0.1,0.1,0.0,1.0,51,26.9,46.1,243,Drizzle: Light,2,2,
77052,2022-04-13 10:34:00,40.744377,-73.974915,4,0,Driver Inattention/Distraction,4518901,18.9,7.1,0.0,0.0,0.0,0.0,3,18.7,37.4,112,Overcast,4,4,
77053,2022-04-13 10:15:00,40.665462,-73.81858,0,0,Passing or Lane Usage Improper,4518801,18.9,7.1,0.0,0.0,0.0,0.0,3,18.7,37.4,112,Overcast,0,0,
77054,2022-04-14 08:41:00,40.76706,-73.98372,1,0,Driver Inattention/Distraction,4518889,28.1,13.9,0.2,0.2,0.0,2.0,51,25.9,46.1,249,Drizzle: Light,1,1,
77055,2022-04-14 15:35:00,40.713505,-73.998634,0,0,Unspecified,4519188,28.1,13.9,0.2,0.2,0.0,2.0,51,25.9,46.1,249,Drizzle: Light,0,0,
77056,2022-04-14 21:35:00,40.711643,-73.94392,1,0,Driver Inattention/Distraction,4519069,28.1,13.9,0.2,0.2,0.0,2.0,51,25.9,46.1,249,Drizzle: Light,1,1,
77057,2022-04-14 04:50:00,40.701942,-73.95573,0,0,Driver Inattention/Distraction,4518847,28.1,13.9,0.2,0.2,0.0,2.0,51,25.9,46.1,249,Drizzle: Light,0,0,
77058,2022-04-14 06:24:00,40.67619,-73.9081,0,0,Failure to Yield Right-of-Way,4519080,28.1,13.9,0.2,0.2,0.0,2.0,51,25.9,46.1,249,Drizzle: Light,0,0,
77059,2022-04-15 15:21:00,40.680424,-73.96913,1,0,Driver Inexperience,4519902,19.2,6.3,0.1,0.1,0.0,1.0,51,26.9,46.1,243,Drizzle: Light,1,1,
77060,2022-04-13 00:45:00,40.71406,-73.95292,2,0,Failure to Yield Right-of-Way,4518506,18.9,7.1,0.0,0.0,0.0,0.0,3,18.7,37.4,112,Overcast,2,2,
77061,2022-04-14 17:15:00,40.762676,-73.954346,0,0,Driver Inattention/Distraction,4519103,28.1,13.9,0.2,0.2,0.0,2.0,51,25.9,46.1,249,Drizzle: Light,0,0,
77062,2022-04-15 00:15:00,40.691074,-73.908806,0,0,Driver Inattention/Distraction,4519580,19.2,6.3,0.1,0.1,0.0,1.0,51,26.9,46.1,243,Drizzle: Light,0,0,
77063,2022-04-14 09:00:00,40.744934,-73.86792,2,0,Driver Inattention/Distraction,4519205,28.1,13.9,0.2,0.2,0.0,2.0,51,25.9,46.1,249,Drizzle: Light,2,2,
77064,2022-04-14 16:55:00,40.67828,-73.958855,1,0,Unsafe Lane Changing,4519023,28.1,13.9,0.2,0.2,0.0,2.0,51,25.9,46.1,249,Drizzle: Light,1,1,
77065,2022-02-19 05:00:00,40.841347,-73.9169,2,0,Alcohol Involvement,4519364,3.3,-5.5,0.4,0.0,0.28,4.0,71,35.3,64.4,260,Snow fall: Light,2,2,Snowy Conditions
77066,2022-04-14 19:45:00,40.772343,-73.95269,1,0,Passing or Lane Usage Improper,4519156,28.1,13.9,0.2,0.2,0.0,2.0,51,25.9,46.1,249,Drizzle: Light,1,1,
77067,2022-04-08 20:36:00,40.772045,-73.87623,0,0,Driver Inattention/Distraction,4519408,16.5,7.1,5.2,5.2,0.0,4.0,63,21.3,42.8,253,Rain: Moderate,0,0,
77068,2022-04-14 14:55:00,40.63692,-73.93752,0,0,Failure to Yield Right-of-Way,4519622,28.1,13.9,0.2,0.2,0.0,2.0,51,25.9,46.1,249,Drizzle: Light,0,0,
77069,2022-04-15 11:20:00,40.704845,-73.80112,0,0,Driver Inattention/Distraction,4519854,19.2,6.3,0.1,0.1,0.0,1.0,51,26.9,46.1,243,Drizzle: Light,0,0,
77070,2022-04-13 12:00:00,40.75687,-73.872986,1,0,Driver Inattention/Distraction,4519243,18.9,7.1,0.0,0.0,0.0,0.0,3,18.7,37.4,112,Overcast,1,1,
77071,2022-04-14 19:20:00,40.679405,-73.87206,1,0,Unsafe Speed,4519655,28.1,13.9,0.2,0.2,0.0,2.0,51,25.9,46.1,249,Drizzle: Light,1,1,
77072,2022-04-15 18:00:00,40.630688,-73.92521,0,0,Driver Inattention/Distraction,4519389,19.2,6.3,0.1,0.1,0.0,1.0,51,26.9,46.1,243,Drizzle: Light,0,0,
77073,2022-04-15 22:25:00,40.5843,-74.16492,1,0,Unsafe Speed,4519865,19.2,6.3,0.1,0.1,0.0,1.0,51,26.9,46.1,243,Drizzle: Light,1,1,
77074,2022-04-15 22:15:00,40.66115,-73.98018,1,0,Pedestrian/Bicyclist/Other Pedestrian Error/Confusion,4519904,19.2,6.3,0.1,0.1,0.0,1.0,51,26.9,46.1,243,Drizzle: Light,1,1,
77075,2022-04-15 23:35:00,40.712524,-73.94997,1,0,Following Too Closely,4519498,19.2,6.3,0.1,0.1,0.0,1.0,51,26.9,46.1,243,Drizzle: Light,1,1,
77076,2022-04-15 19:27:00,40.69689,-73.95564,1,0,Unspecified,4519632,19.2,6.3,0.1,0.1,0.0,1.0,51,26.9,46.1,243,Drizzle: Light,1,1,
77077,2022-04-10 18:08:00,40.787624,-73.80232,0,0,Aggressive Driving/Road Rage,4519734,9.8,3.5,0.0,0.0,0.0,0.0,3,29.3,54.4,307,Overcast,0,0,
77078,2022-04-14 17:30:00,40.709003,-73.92234,0,0,Passing Too Closely,4519141,28.1,13.9,0.2,0.2,0.0,2.0,51,25.9,46.1,249,Drizzle: Light,0,0,
77079,2022-04-14 21:00:00,40.712463,-73.99241,1,0,Driver Inattention/Distraction,4519257,28.1,13.9,0.2,0.2,0.0,2.0,51,25.9,46.1,249,Drizzle: Light,1,1,
77080,2022-04-12 18:00:00,40.794495,-73.976456,0,0,Unspecified,4519818,20.4,7.7,1.6,1.6,0.0,3.0,53,17.8,36.0,271,Drizzle: Moderate,0,0,
77081,2022-04-15 13:00:00,40.761204,-73.84053,0,0,Driver Inattention/Distraction,4519552,19.2,6.3,0.1,0.1,0.0,1.0,51,26.9,46.1,243,Drizzle: Light,0,0,
77082,2022-04-10 21:30:00,40.605568,-74.03118,0,0,Unsafe Speed,4519270,9.8,3.5,0.0,0.0,0.0,0.0,3,29.3,54.4,307,Overcast,0,0,
77083,2022-04-13 23:50:00,40.827682,-73.922165,0,0,Driver Inattention/Distraction,4519369,18.9,7.1,0.0,0.0,0.0,0.0,3,18.7,37.4,112,Overcast,0,0,
77084,2022-03-30 07:30:00,40.775063,-73.98864,0,0,Turning Improperly,4519275,5.9,-3.5,0.0,0.0,0.0,0.0,3,17.0,30.6,215,Overcast,0,0,
77085,2022-04-14 08:45:00,40.72293,-73.847336,0,0,Driver Inattention/Distraction,4518961,28.1,13.9,0.2,0.2,0.0,2.0,51,25.9,46.1,249,Drizzle: Light,0,0,
77086,2022-04-13 15:00:00,40.840027,-73.85739,1,0,Backing Unsafely,4518711,18.9,7.1,0.0,0.0,0.0,0.0,3,18.7,37.4,112,Overcast,1,1,
77087,2022-04-13 07:25:00,40.641434,-74.01782,0,0,Other Vehicular,4518716,18.9,7.1,0.0,0.0,0.0,0.0,3,18.7,37.4,112,Overcast,0,0,
77088,2022-04-13 16:30:00,40.80479,-73.93632,1,0,Driver Inattention/Distraction,4518928,18.9,7.1,0.0,0.0,0.0,0.0,3,18.7,37.4,112,Overcast,1,1,
77089,2022-04-13 15:00:00,40.830112,-73.850266,0,0,Following Too Closely,4519101,18.9,7.1,0.0,0.0,0.0,0.0,3,18.7,37.4,112,Overcast,0,0,
77090,2022-04-13 18:00:00,40.869423,-73.825745,0,0,Pedestrian/Bicyclist/Other Pedestrian Error/Confusion,4518746,18.9,7.1,0.0,0.0,0.0,0.0,3,18.7,37.4,112,Overcast,0,0,
77091,2022-04-13 13:11:00,40.67474,-73.9741,0,0,Passenger Distraction,4518951,18.9,7.1,0.0,0.0,0.0,0.0,3,18.7,37.4,112,Overcast,0,0,
77092,2022-04-15 18:50:00,40.79847,-73.96901,0,0,Driver Inattention/Distraction,4519810,19.2,6.3,0.1,0.1,0.0,1.0,51,26.9,46.1,243,Drizzle: Light,0,0,
77093,2022-04-13 08:00:00,40.719208,-73.94802,0,0,Driver Inattention/Distraction,4519118,18.9,7.1,0.0,0.0,0.0,0.0,3,18.7,37.4,112,Overcast,0,0,
77094,2022-04-13 12:55:00,40.59589,-74.085884,0,0,Unspecified,4518780,18.9,7.1,0.0,0.0,0.0,0.0,3,18.7,37.4,112,Overcast,0,0,
77095,2022-04-13 15:29:00,40.822758,-73.90036,0,0,Driver Inattention/Distraction,4519469,18.9,7.1,0.0,0.0,0.0,0.0,3,18.7,37.4,112,Overcast,0,0,
77096,2022-04-14 10:44:00,40.689217,-73.917656,0,0,Unsafe Speed,4518987,28.1,13.9,0.2,0.2,0.0,2.0,51,25.9,46.1,249,Drizzle: Light,0,0,
77097,2022-04-15 14:35:00,40.693233,-73.93518,2,0,Steering Failure,4519688,19.2,6.3,0.1,0.1,0.0,1.0,51,26.9,46.1,243,Drizzle: Light,2,2,
77098,2022-04-14 13:50:00,40.697315,-73.932274,0,0,Driver Inattention/Distraction,4519139,28.1,13.9,0.2,0.2,0.0,2.0,51,25.9,46.1,249,Drizzle: Light,0,0,
77099,2022-04-13 09:00:00,40.698765,-73.82454,0,0,Passing or Lane Usage Improper,4518655,18.9,7.1,0.0,0.0,0.0,0.0,3,18.7,37.4,112,Overcast,0,0,
77100,2022-04-14 13:58:00,40.6224,-73.936646,0,0,Driver Inexperience,4519289,28.1,13.9,0.2,0.2,0.0,2.0,51,25.9,46.1,249,Drizzle: Light,0,0,
77101,2022-04-13 18:19:00,40.802757,-73.93026,1,0,Unsafe Lane Changing,4518931,18.9,7.1,0.0,0.0,0.0,0.0,3,18.7,37.4,112,Overcast,1,1,
77102,2022-04-15 09:28:00,40.683784,-73.769745,4,0,Passing Too Closely,4519220,19.2,6.3,0.1,0.1,0.0,1.0,51,26.9,46.1,243,Drizzle: Light,4,4,
77103,2022-04-15 15:00:00,40.730133,-73.95503,0,0,Backing Unsafely,4519785,19.2,6.3,0.1,0.1,0.0,1.0,51,26.9,46.1,243,Drizzle: Light,0,0,
77104,2022-04-15 22:32:00,40.714363,-73.99283,1,0,Driver Inattention/Distraction,4519522,19.2,6.3,0.1,0.1,0.0,1.0,51,26.9,46.1,243,Drizzle: Light,1,1,
77105,2022-04-13 15:00:00,40.708534,-73.96258,0,0,Passing Too Closely,4519494,18.9,7.1,0.0,0.0,0.0,0.0,3,18.7,37.4,112,Overcast,0,0,
77106,2022-04-15 15:28:00,40.69631,-73.851555,1,0,Failure to Yield Right-of-Way,4519451,19.2,6.3,0.1,0.1,0.0,1.0,51,26.9,46.1,243,Drizzle: Light,1,1,
77107,2022-04-14 00:53:00,40.665794,-73.7464,1,0,Pavement Defective,4518983,28.1,13.9,0.2,0.2,0.0,2.0,51,25.9,46.1,249,Drizzle: Light,1,1,
77108,2022-04-10 09:57:00,40.86769,-73.92122,0,0,Failure to Yield Right-of-Way,4519696,9.8,3.5,0.0,0.0,0.0,0.0,3,29.3,54.4,307,Overcast,0,0,
77109,2022-04-14 13:49:00,40.75196,-73.85456,1,0,,4519005,28.1,13.9,0.2,0.2,0.0,2.0,51,25.9,46.1,249,Drizzle: Light,1,1,
77110,2022-04-14 14:15:00,40.711033,-73.7281,1,0,Following Too Closely,4519247,28.1,13.9,0.2,0.2,0.0,2.0,51,25.9,46.1,249,Drizzle: Light,1,1,
77111,2022-04-14 18:52:00,40.681503,-73.81782,2,0,Failure to Yield Right-of-Way,4519778,28.1,13.9,0.2,0.2,0.0,2.0,51,25.9,46.1,249,Drizzle: Light,2,2,
77112,2022-04-13 13:00:00,40.665768,-73.89432,0,0,Unspecified,4518668,18.9,7.1,0.0,0.0,0.0,0.0,3,18.7,37.4,112,Overcast,0,0,
77113,2022-07-07 01:40:00,40.840473,-73.9353,0,0,Alcohol Involvement,4544908,27.5,20.1,0.0,0.0,0.0,0.0,3,19.1,37.4,110,Overcast,0,0,
77114,2022-04-15 11:00:00,40.708447,-73.800224,1,0,Traffic Control Disregarded,4519864,19.2,6.3,0.1,0.1,0.0,1.0,51,26.9,46.1,243,Drizzle: Light,1,1,
77115,2022-04-14 13:24:00,40.76536,-73.98759,2,0,Driver Inattention/Distraction,4519127,28.1,13.9,0.2,0.2,0.0,2.0,51,25.9,46.1,249,Drizzle: Light,2,2,
77116,2022-04-15 13:00:00,40.792126,-73.97178,1,0,Failure to Yield Right-of-Way,4519808,19.2,6.3,0.1,0.1,0.0,1.0,51,26.9,46.1,243,Drizzle: Light,1,1,
77117,2022-04-15 22:45:00,40.732018,-73.919044,1,0,Following Too Closely,4519474,19.2,6.3,0.1,0.1,0.0,1.0,51,26.9,46.1,243,Drizzle: Light,1,1,
77118,2022-04-15 15:00:00,40.872314,-73.91274,1,0,Driver Inattention/Distraction,4519717,19.2,6.3,0.1,0.1,0.0,1.0,51,26.9,46.1,243,Drizzle: Light,1,1,
77119,2022-04-13 17:50:00,40.6742,-73.999985,0,0,Aggressive Driving/Road Rage,4519479,18.9,7.1,0.0,0.0,0.0,0.0,3,18.7,37.4,112,Overcast,0,0,
77120,2022-04-14 15:05:00,40.859642,-73.899826,0,0,Pedestrian/Bicyclist/Other Pedestrian Error/Confusion,4519133,28.1,13.9,0.2,0.2,0.0,2.0,51,25.9,46.1,249,Drizzle: Light,0,0,
77121,2022-04-13 08:00:00,40.694393,-73.96233,0,0,Driver Inattention/Distraction,4518772,18.9,7.1,0.0,0.0,0.0,0.0,3,18.7,37.4,112,Overcast,0,0,
77122,2022-04-13 06:30:00,40.697315,-73.932274,0,0,Driver Inattention/Distraction,4518876,18.9,7.1,0.0,0.0,0.0,0.0,3,18.7,37.4,112,Overcast,0,0,
77123,2022-04-13 16:30:00,40.726143,-74.0057,0,0,Unspecified,4519120,18.9,7.1,0.0,0.0,0.0,0.0,3,18.7,37.4,112,Overcast,0,0,
77124,2022-04-14 15:16:00,40.618088,-73.990105,0,0,Unspecified,4519022,28.1,13.9,0.2,0.2,0.0,2.0,51,25.9,46.1,249,Drizzle: Light,0,0,