,CRASH DATETIME,LATITUDE,LONGITUDE,NUMBER OF PERSONS INJURED,NUMBER OF PERSONS KILLED,CONTRIBUTING FACTOR VEHICLE 1,COLLISION_ID,temperature_2m_max,temperature_2m_min,precipitation_sum,rain_sum,snowfall_sum,precipitation_hours,weather_code,wind_speed_10m_max,wind_gusts_10m_max,wind_direction_10m_dominant,Weather Description,Severity_Score,Total_Affected_Persons,Weather_Category
77125,2022-04-15 14:30:00,40.650463,-73.930244,3,0,Driver Inattention/Distraction,4519417,19.2,6.3,0.1,0.1,0.0,1.0,51,26.9,46.1,243,Drizzle: Light,3,3,
77126,2022-04-14 23:00:00,40.67984,-73.80265,0,0,Unsafe Speed,4519095,28.1,13.9,0.2,0.2,0.0,2.0,51,25.9,46.1,249,Drizzle: Light,0,0,
77127,2022-04-13 05:20:00,40.671947,-73.96351,0,0,Reaction to Uninvolved Vehicle,4518691,18.9,7.1,0.0,0.0,0.0,0.0,3,18.7,37.4,112,Overcast,0,0,
77128,2022-04-14 15:35:00,40.720623,-73.99498,0,0,Passing or Lane Usage Improper,4519258,28.1,13.9,0.2,0.2,0.0,2.0,51,25.9,46.1,249,Drizzle: Light,0,0,
77129,2022-04-14 18:00:00,40.697178,-73.93342,0,0,Unspecified,4519594,28.1,13.9,0.2,0.2,0.0,2.0,51,25.9,46.1,249,Drizzle: Light,0,0,
77130,2022-04-13 10:11:00,40.677654,-73.82866,0,0,Failure to Yield Right-of-Way,4518797,18.9,7.1,0.0,0.0,0.0,0.0,3,18.7,37.4,112,Overcast,0,0,
77131,2022-04-15 11:30:00,40.726547,-73.94838,1,0,Driver Inattention/Distraction,4519236,19.2,6.3,0.1,0.1,0.0,1.0,51,26.9,46.1,243,Drizzle: Light,1,1,
77132,2022-04-13 01:20:00,40.69221,-73.92293,1,0,Driver Inattention/Distraction,4518624,18.9,7.1,0.0,0.0,0.0,0.0,3,18.7,37.4,112,Overcast,1,1,
77133,2022-04-14 11:02:00,40.724266,-73.86915,1,0,Unspecified,4519290,28.1,13.9,0.2,0.2,0.0,2.0,51,25.9,46.1,249,Drizzle: Light,1,1,
77134,2022-04-10 17:30:00,40.65223,-73.92818,1,0,Turning Improperly,4519227,9.8,3.5,0.0,0.0,0.0,0.0,3,29.3,54.4,307,Overcast,1,1,
77135,2022-04-13 20:45:00,40.644478,-74.00022,1,0,Traffic Control Disregarded,4518764,18.9,7.1,0.0,0.0,0.0,0.0,3,18.7,37.4,112,Overcast,1,1,
77136,2022-04-12 11:20:00,40.82581,-73.907036,0,0,Driver Inattention/Distraction,4519468,20.4,7.7,1.6,1.6,0.0,3.0,53,17.8,36.0,271,Drizzle: Moderate,0,0,
77137,2022-04-13 18:21:00,40.673916,-73.87312,1,0,Failure to Yield Right-of-Way,4519158,18.9,7.1,0.0,0.0,0.0,0.0,3,18.7,37.4,112,Overcast,1,1,
77138,2022-04-05 08:00:00,40.67132,-73.9281,0,0,Driverless/Runaway Vehicle,4519543,12.1,1.0,1.7,1.7,0.0,3.0,53,16.8,32.8,121,Drizzle: Moderate,0,0,
77139,2022-04-15 11:00:00,40.71091,-73.85373,0,0,Driver Inattention/Distraction,4519889,19.2,6.3,0.1,0.1,0.0,1.0,51,26.9,46.1,243,Drizzle: Light,0,0,
77140,2022-04-13 08:00:00,40.8546,-73.854706,0,0,Driver Inattention/Distraction,4518913,18.9,7.1,0.0,0.0,0.0,0.0,3,18.7,37.4,112,Overcast,0,0,
77141,2022-04-14 13:24:00,40.862923,-73.92777,0,0,Failure to Yield Right-of-Way,4519722,28.1,13.9,0.2,0.2,0.0,2.0,51,25.9,46.1,249,Drizzle: Light,0,0,
77142,2022-04-15 04:00:00,40.710938,-73.92671,0,0,Aggressive Driving/Road Rage,4519354,19.2,6.3,0.1,0.1,0.0,1.0,51,26.9,46.1,243,Drizzle: Light,0,0,
77143,2022-04-13 17:40:00,40.68569,-73.93559,2,0,Failure to Yield Right-of-Way,4518754,18.9,7.1,0.0,0.0,0.0,0.0,3,18.7,37.4,112,Overcast,2,2,
77144,2022-04-08 04:25:00,40.81572,-73.925064,0,0,Pavement Slippery,4519180,16.5,7.1,5.2,5.2,0.0,4.0,63,21.3,42.8,253,Rain: Moderate,0,0,
77145,2022-04-13 23:11:00,40.71286,-73.96579,1,0,Following Too Closely,4519068,18.9,7.1,0.0,0.0,0.0,0.0,3,18.7,37.4,112,Overcast,1,1,
77146,2022-04-14 09:40:00,40.6818,-73.90852,0,0,Passing or Lane Usage Improper,4518988,28.1,13.9,0.2,0.2,0.0,2.0,51,25.9,46.1,249,Drizzle: Light,0,0,
77147,2022-04-12 12:30:00,40.85411,-73.938194,0,0,Passing Too Closely,4519707,20.4,7.7,1.6,1.6,0.0,3.0,53,17.8,36.0,271,Drizzle: Moderate,0,0,
77148,2022-04-14 15:36:00,40.86808,-73.90858,1,0,Aggressive Driving/Road Rage,4519195,28.1,13.9,0.2,0.2,0.0,2.0,51,25.9,46.1,249,Drizzle: Light,1,1,
77149,2022-03-18 15:40:00,40.760975,-73.8634,0,0,Driver Inattention/Distraction,4519407,20.8,7.4,0.0,0.0,0.0,0.0,3,16.0,31.7,181,Overcast,0,0,
77150,2022-04-13 12:25:00,40.63394,-73.979774,0,0,Unspecified,4518821,18.9,7.1,0.0,0.0,0.0,0.0,3,18.7,37.4,112,Overcast,0,0,
77151,2022-04-13 17:20:00,40.888554,-73.841064,1,0,Failure to Yield Right-of-Way,4518949,18.9,7.1,0.0,0.0,0.0,0.0,3,18.7,37.4,112,Overcast,1,1,
77152,2021-08-01 13:45:00,40.786804,-73.98338,0,1,Unsafe Lane Changing,4444048,24.4,16.6,0.8,0.8,0.0,5.0,51,19.9,39.2,168,Drizzle: Light,20,1,
77153,2021-08-20 14:30:00,40.771038,-73.83413,1,0,Driver Inattention/Distraction,4448896,26.9,22.0,1.1,1.1,0.0,5.0,53,12.4,22.0,310,Drizzle: Moderate,1,1,
77154,2021-08-23 10:05:00,40.66658,-73.93968,0,0,Pavement Slippery,4450514,28.7,22.0,36.1,36.1,0.0,19.0,65,27.4,49.3,230,Rain: Heavy,0,0,
77155,2021-08-17 22:30:00,40.850395,-73.9228,1,0,Unsafe Lane Changing,4450655,26.4,22.2,1.6,1.6,0.0,2.0,55,20.3,39.2,158,Drizzle: Dense,1,1,
77156,2021-08-23 17:00:00,40.64914,-73.91691,0,0,Unsafe Speed,4449891,28.7,22.0,36.1,36.1,0.0,19.0,65,27.4,49.3,230,Rain: Heavy,0,0,
77157,2021-08-23 22:09:00,40.84768,-73.91237,0,0,Unsafe Speed,4450065,28.7,22.0,36.1,36.1,0.0,19.0,65,27.4,49.3,230,Rain: Heavy,0,0,
77158,2021-08-19 12:50:00,40.846878,-73.920616,0,0,Backing Unsafely,4450458,30.2,23.4,11.8,11.8,0.0,13.0,61,26.3,53.3,223,Rain: Light,0,0,
77159,2021-08-23 00:32:00,40.75062,-73.90612,1,0,Driver Inattention/Distraction,4449577,28.7,22.0,36.1,36.1,0.0,19.0,65,27.4,49.3,230,Rain: Heavy,1,1,
77160,2021-08-23 13:20:00,40.686825,-74.00183,1,0,Failure to Yield Right-of-Way,4449930,28.7,22.0,36.1,36.1,0.0,19.0,65,27.4,49.3,230,Rain: Heavy,1,1,
77161,2021-08-23 12:00:00,40.736473,-73.86574,0,0,Unspecified,4450304,28.7,22.0,36.1,36.1,0.0,19.0,65,27.4,49.3,230,Rain: Heavy,0,0,
77162,2021-08-23 23:50:00,40.648464,-74.00683,0,0,Unspecified,4449988,28.7,22.0,36.1,36.1,0.0,19.0,65,27.4,49.3,230,Rain: Heavy,0,0,
77163,2021-08-23 18:52:00,40.66696,-73.87533,3,0,Unspecified,4450418,28.7,22.0,36.1,36.1,0.0,19.0,65,27.4,49.3,230,Rain: Heavy,3,3,
77164,2021-08-23 02:17:00,40.73058,-74.00169,0,0,Unsafe Speed,4449655,28.7,22.0,36.1,36.1,0.0,19.0,65,27.4,49.3,230,Rain: Heavy,0,0,
77165,2021-08-23 17:15:00,40.577835,-74.10241,0,0,Backing Unsafely,4450002,28.7,22.0,36.1,36.1,0.0,19.0,65,27.4,49.3,230,Rain: Heavy,0,0,
77166,2021-08-23 14:35:00,40.700005,-73.90296,2,0,Failure to Yield Right-of-Way,4450510,28.7,22.0,36.1,36.1,0.0,19.0,65,27.4,49.3,230,Rain: Heavy,2,2,
77167,2021-08-20 08:23:00,40.745106,-73.97078,1,0,Driver Inattention/Distraction,4450382,26.9,22.0,1.1,1.1,0.0,5.0,53,12.4,22.0,310,Drizzle: Moderate,1,1,
77168,2021-08-23 05:05:00,40.646446,-73.87392,1,0,Unsafe Lane Changing,4449707,28.7,22.0,36.1,36.1,0.0,19.0,65,27.4,49.3,230,Rain: Heavy,1,1,
77169,2021-08-23 15:30:00,40.645164,-73.898346,0,0,Driver Inattention/Distraction,4449871,28.7,22.0,36.1,36.1,0.0,19.0,65,27.4,49.3,230,Rain: Heavy,0,0,
77170,2021-08-23 18:45:00,40.755363,-73.94595,0,0,Following Too Closely,4450091,28.7,22.0,36.1,36.1,0.0,19.0,65,27.4,49.3,230,Rain: Heavy,0,0,
77171,2021-08-23 07:00:00,40.69168,-73.999344,0,0,Passing or Lane Usage Improper,4450147,28.7,22.0,36.1,36.1,0.0,19.0,65,27.4,49.3,230,Rain: Heavy,0,0,
77172,2021-08-22 22:00:00,40.716957,-73.82655,1,0,Following Too Closely,4450326,23.9,22.5,56.2,56.2,0.0,21.0,63,19.8,36.0,299,Rain: Moderate,1,1,
77173,2021-08-20 15:12:00,40.59098,-73.98963,1,0,View Obstructed/Limited,4450349,26.9,22.0,1.1,1.1,0.0,5.0,53,12.4,22.0,310,Drizzle: Moderate,1,1,
77174,2021-08-23 15:50:00,40.608826,-74.00983,0,0,Unspecified,4449844,28.7,22.0,36.1,36.1,0.0,19.0,65,27.4,49.3,230,Rain: Heavy,0,0,
77175,2021-08-23 10:40:00,40.64161,-73.96356,0,0,Turning Improperly,4449800,28.7,22.0,36.1,36.1,0.0,19.0,65,27.4,49.3,230,Rain: Heavy,0,0,
77176,2021-08-23 15:42:00,40.87816,-73.871704,1,0,Turning Improperly,4449837,28.7,22.0,36.1,36.1,0.0,19.0,65,27.4,49.3,230,Rain: Heavy,1,1,
77177,2021-08-23 20:12:00,40.794052,-73.970375,0,0,Unspecified,4449865,28.7,22.0,36.1,36.1,0.0,19.0,65,27.4,49.3,230,Rain: Heavy,0,0,
77178,2021-08-23 01:55:00,40.65531,-73.90318,0,0,Other Vehicular,4449736,28.7,22.0,36.1,36.1,0.0,19.0,65,27.4,49.3,230,Rain: Heavy,0,0,
77179,2021-08-11 17:45:00,40.866062,-73.92251,3,0,Unsafe Speed,4450348,31.2,23.2,2.8,2.8,0.0,7.0,55,23.7,44.6,206,Drizzle: Dense,3,3,
77180,2021-08-23 00:00:00,40.6104,-73.9586,1,0,Driver Inattention/Distraction,4449983,28.7,22.0,36.1,36.1,0.0,19.0,65,27.4,49.3,230,Rain: Heavy,1,1,
77181,2021-12-08 16:24:00,40.906723,-73.90413,0,0,Other Vehicular,4486472,4.7,0.9,0.7,0.7,0.0,2.0,51,14.5,24.8,355,Drizzle: Light,0,0,
77182,2021-08-23 08:00:00,40.851887,-73.89535,0,0,Passing or Lane Usage Improper,4450012,28.7,22.0,36.1,36.1,0.0,19.0,65,27.4,49.3,230,Rain: Heavy,0,0,
77183,2021-08-21 11:10:00,40.743336,-73.90804,0,0,Driver Inattention/Distraction,4450367,27.2,23.0,0.8,0.8,0.0,6.0,51,14.3,29.5,109,Drizzle: Light,0,0,
77184,2021-08-20 20:04:00,40.798832,-73.95203,2,0,Unsafe Lane Changing,4450355,26.9,22.0,1.1,1.1,0.0,5.0,53,12.4,22.0,310,Drizzle: Moderate,2,2,
77185,2021-08-23 08:57:00,40.745,-73.892975,0,0,Driver Inattention/Distraction,4449775,28.7,22.0,36.1,36.1,0.0,19.0,65,27.4,49.3,230,Rain: Heavy,0,0,
77186,2021-08-23 12:30:00,40.71805,-73.920715,0,0,Following Too Closely,4449850,28.7,22.0,36.1,36.1,0.0,19.0,65,27.4,49.3,230,Rain: Heavy,0,0,
77187,2021-08-23 19:15:00,40.754974,-73.89095,2,0,Unspecified,4450142,28.7,22.0,36.1,36.1,0.0,19.0,65,27.4,49.3,230,Rain: Heavy,2,2,
77188,2021-08-13 14:40:00,40.84931,-73.93002,2,0,Failure to Yield Right-of-Way,4450447,33.2,24.8,0.0,0.0,0.0,0.0,3,18.2,34.9,215,Overcast,2,2,
77189,2021-08-23 08:55:00,40.641113,-74.003716,1,0,Failure to Yield Right-of-Way,4449874,28.7,22.0,36.1,36.1,0.0,19.0,65,27.4,49.3,230,Rain: Heavy,1,1,
77190,2021-08-23 10:00:00,40.735435,-73.960014,0,0,Following Too Closely,4449912,28.7,22.0,36.1,36.1,0.0,19.0,65,27.4,49.3,230,Rain: Heavy,0,0,
77191,2021-08-23 17:15:00,40.66932,-73.91324,0,0,Unspecified,4450608,28.7,22.0,36.1,36.1,0.0,19.0,65,27.4,49.3,230,Rain: Heavy,0,0,
77192,2021-08-23 15:40:00,40.68331,-73.88358,0,0,Unspecified,4450417,28.7,22.0,36.1,36.1,0.0,19.0,65,27.4,49.3,230,Rain: Heavy,0,0,
77193,2021-08-23 09:00:00,40.761944,-73.76699,0,0,Passing Too Closely,4450219,28.7,22.0,36.1,36.1,0.0,19.0,65,27.4,49.3,230,Rain: Heavy,0,0,
77194,2021-08-22 20:22:00,40.61462,-73.968666,1,0,Unspecified,4450333,23.9,22.5,56.2,56.2,0.0,21.0,63,19.8,36.0,299,Rain: Moderate,1,1,
77195,2021-08-23 12:36:00,40.679108,-73.88062,1,0,Unspecified,4450410,28.7,22.0,36.1,36.1,0.0,19.0,65,27.4,49.3,230,Rain: Heavy,1,1,
77196,2021-08-23 13:47:00,40.88473,-73.81571,3,0,Following Too Closely,4449977,28.7,22.0,36.1,36.1,0.0,19.0,65,27.4,49.3,230,Rain: Heavy,3,3,
77197,2021-08-18 14:00:00,40.820435,-73.93623,0,0,Other Vehicular,4450477,27.0,21.1,1.5,1.5,0.0,5.0,53,24.7,46.8,150,Drizzle: Moderate,0,0,
77198,2021-08-23 19:45:00,40.684002,-73.81603,0,0,Unspecified,4449919,28.7,22.0,36.1,36.1,0.0,19.0,65,27.4,49.3,230,Rain: Heavy,0,0,
77199,2021-08-23 17:00:00,40.7079,-73.74948,1,0,Traffic Control Disregarded,4449880,28.7,22.0,36.1,36.1,0.0,19.0,65,27.4,49.3,230,Rain: Heavy,1,1,
77200,2021-08-23 13:00:00,0.0,0.0,0,0,Unspecified,4450043,28.7,22.0,36.1,36.1,0.0,19.0,65,27.4,49.3,230,Rain: Heavy,0,0,
77201,2021-08-23 17:47:00,40.638878,-73.95405,4,0,Unsafe Speed,4449932,28.7,22.0,36.1,36.1,0.0,19.0,65,27.4,49.3,230,Rain: Heavy,4,4,
77202,2021-08-23 17:20:00,40.635868,-74.00559,0,0,Unspecified,4450044,28.7,22.0,36.1,36.1,0.0,19.0,65,27.4,49.3,230,Rain: Heavy,0,0,
77203,2021-08-23 21:21:00,40.831,-73.82652,2,0,Driver Inattention/Distraction,4449991,28.7,22.0,36.1,36.1,0.0,19.0,65,27.4,49.3,230,Rain: Heavy,2,2,
77204,2021-08-20 18:00:00,40.611084,-73.98223,0,0,Unspecified,4450499,26.9,22.0,1.1,1.1,0.0,5.0,53,12.4,22.0,310,Drizzle: Moderate,0,0,
77205,2021-08-23 21:00:00,40.723835,-73.97357,0,0,Unspecified,4449901,28.7,22.0,36.1,36.1,0.0,19.0,65,27.4,49.3,230,Rain: Heavy,0,0,
77206,2021-08-21 10:30:00,40.575714,-73.96301,0,0,Unspecified,4450402,27.2,23.0,0.8,0.8,0.0,6.0,51,14.3,29.5,109,Drizzle: Light,0,0,
77207,2021-07-10 16:30:00,40.888596,-73.89068,1,0,Unspecified,4450457,25.5,20.7,0.5,0.5,0.0,3.0,51,14.5,29.9,1,Drizzle: Light,1,1,
77208,2021-08-23 06:05:00,40.583107,-73.95415,0,0,Unspecified,4449666,28.7,22.0,36.1,36.1,0.0,19.0,65,27.4,49.3,230,Rain: Heavy,0,0,
77209,2021-08-13 09:00:00,40.7704,-73.87558,0,0,Driver Inattention/Distraction,4450512,33.2,24.8,0.0,0.0,0.0,0.0,3,18.2,34.9,215,Overcast,0,0,
77210,2021-08-23 14:29:00,40.83019,-73.84748,0,0,Unspecified,4449992,28.7,22.0,36.1,36.1,0.0,19.0,65,27.4,49.3,230,Rain: Heavy,0,0,
77211,2021-08-19 04:40:00,40.88594,-73.8226,0,0,Fell Asleep,4450658,30.2,23.4,11.8,11.8,0.0,13.0,61,26.3,53.3,223,Rain: Light,0,0,
77212,2021-08-23 08:05:00,40.7642,-73.9557,0,0,Driver Inexperience,4449920,28.7,22.0,36.1,36.1,0.0,19.0,65,27.4,49.3,230,Rain: Heavy,0,0,
77213,2021-08-20 09:35:00,40.744072,-73.78216,1,0,Failure to Yield Right-of-Way,4450380,26.9,22.0,1.1,1.1,0.0,5.0,53,12.4,22.0,310,Drizzle: Moderate,1,1,
77214,2021-08-23 10:21:00,40.815403,-73.93992,0,0,Driver Inattention/Distraction,4450432,28.7,22.0,36.1,36.1,0.0,19.0,65,27.4,49.3,230,Rain: Heavy,0,0,
77215,2021-08-23 14:50:00,40.69997,-73.76351,0,0,Passing Too Closely,4449968,28.7,22.0,36.1,36.1,0.0,19.0,65,27.4,49.3,230,Rain: Heavy,0,0,
77216,2021-08-20 00:30:00,40.760857,-73.961075,1,0,Traffic Control Disregarded,4450598,26.9,22.0,1.1,1.1,0.0,5.0,53,12.4,22.0,310,Drizzle: Moderate,1,1,
77217,2021-08-23 02:00:00,40.79393,-73.825584,0,0,Passing Too Closely,4449808,28.7,22.0,36.1,36.1,0.0,19.0,65,27.4,49.3,230,Rain: Heavy,0,0,
77218,2021-08-23 21:20:00,40.67521,-73.961655,0,0,Driver Inattention/Distraction,4450182,28.7,22.0,36.1,36.1,0.0,19.0,65,27.4,49.3,230,Rain: Heavy,0,0,
77219,2021-08-23 05:30:00,40.69557,-73.97896,0,0,Turning Improperly,4449895,28.7,22.0,36.1,36.1,0.0,19.0,65,27.4,49.3,230,Rain: Heavy,0,0,
77220,2022-04-15 17:59:00,40.674885,-73.879105,0,0,Unspecified,4519653,19.2,6.3,0.1,0.1,0.0,1.0,51,26.9,46.1,243,Drizzle: Light,0,0,
77221,2021-08-23 04:00:00,40.73938,-73.8505,0,0,Driver Inattention/Distraction,4449776,28.7,22.0,36.1,36.1,0.0,19.0,65,27.4,49.3,230,Rain: Heavy,0,0,
77222,2021-08-23 01:05:00,40.71621,-73.82682,2,0,Following Too Closely,4450063,28.7,22.0,36.1,36.1,0.0,19.0,65,27.4,49.3,230,Rain: Heavy,2,2,
77223,2021-08-23 17:35:00,40.676796,-74.01356,1,0,Lost Consciousness,4450248,28.7,22.0,36.1,36.1,0.0,19.0,65,27.4,49.3,230,Rain: Heavy,1,1,
77224,2021-08-23 10:15:00,40.718502,-73.73527,0,0,Passing or Lane Usage Improper,4449815,28.7,22.0,36.1,36.1,0.0,19.0,65,27.4,49.3,230,Rain: Heavy,0,0,
77225,2021-08-16 21:15:00,40.85431,-73.93009,1,0,Passing or Lane Usage Improper,4450448,26.6,19.9,0.0,0.0,0.0,0.0,3,17.7,33.8,121,Overcast,1,1,
77226,2021-08-23 14:00:00,40.71283,-73.878296,1,0,Driver Inattention/Distraction,4450528,28.7,22.0,36.1,36.1,0.0,19.0,65,27.4,49.3,230,Rain: Heavy,1,1,
77227,2021-08-23 16:10:00,40.789253,-73.85182,0,0,Unspecified,4449885,28.7,22.0,36.1,36.1,0.0,19.0,65,27.4,49.3,230,Rain: Heavy,0,0,
77228,2021-08-23 10:00:00,40.76489,-73.98423,0,0,Driver Inexperience,4449959,28.7,22.0,36.1,36.1,0.0,19.0,65,27.4,49.3,230,Rain: Heavy,0,0,
77229,2021-08-23 13:30:00,40.668507,-73.92561,0,0,View Obstructed/Limited,4450163,28.7,22.0,36.1,36.1,0.0,19.0,65,27.4,49.3,230,Rain: Heavy,0,0,
77230,2021-08-23 04:25:00,40.673275,-73.86853,0,0,Driver Inattention/Distraction,4449706,28.7,22.0,36.1,36.1,0.0,19.0,65,27.4,49.3,230,Rain: Heavy,0,0,
77231,2021-08-10 11:35:00,40.801697,-73.95103,1,0,Driver Inattention/Distraction,4450353,27.3,20.4,3.8,3.8,0.0,11.0,61,18.0,36.0,170,Rain: Light,1,1,
77232,2021-08-23 15:30:00,40.770744,-73.78582,0,0,Driver Inattention/Distraction,4449866,28.7,22.0,36.1,36.1,0.0,19.0,65,27.4,49.3,230,Rain: Heavy,0,0,
77233,2021-08-23 15:30:00,40.755516,-73.961105,1,0,Driver Inattention/Distraction,4450303,28.7,22.0,36.1,36.1,0.0,19.0,65,27.4,49.3,230,Rain: Heavy,1,1,
77234,2021-08-23 14:35:00,40.762062,-73.934715,0,0,Passing or Lane Usage Improper,4450090,28.7,22.0,36.1,36.1,0.0,19.0,65,27.4,49.3,230,Rain: Heavy,0,0,
77235,2021-08-23 23:40:00,40.60351,-73.76171,0,0,Failure to Keep Right,4449982,28.7,22.0,36.1,36.1,0.0,19.0,65,27.4,49.3,230,Rain: Heavy,0,0,
77236,2021-05-20 11:50:00,40.74445,-73.97304,0,0,Unspecified,4450554,22.2,12.5,0.0,0.0,0.0,0.0,3,19.0,38.2,147,Overcast,0,0,
77237,2021-08-23 17:55:00,40.596294,-74.09491,0,0,Unspecified,4450009,28.7,22.0,36.1,36.1,0.0,19.0,65,27.4,49.3,230,Rain: Heavy,0,0,
77238,2021-08-23 09:15:00,40.681988,-73.83698,1,0,Backing Unsafely,4449909,28.7,22.0,36.1,36.1,0.0,19.0,65,27.4,49.3,230,Rain: Heavy,1,1,
77239,2021-08-17 18:00:00,40.5825,-73.96118,0,0,Driver Inattention/Distraction,4450361,26.4,22.2,1.6,1.6,0.0,2.0,55,20.3,39.2,158,Drizzle: Dense,0,0,
77240,2021-08-23 14:10:00,40.64511,-73.874886,0,0,Reaction to Uninvolved Vehicle,4450411,28.7,22.0,36.1,36.1,0.0,19.0,65,27.4,49.3,230,Rain: Heavy,0,0,
77241,2021-08-23 15:00:00,40.764683,-73.99179,0,0,Failure to Yield Right-of-Way,4449953,28.7,22.0,36.1,36.1,0.0,19.0,65,27.4,49.3,230,Rain: Heavy,0,0,
77242,2021-08-23 02:44:00,40.67308,-73.91124,0,0,Shoulders Defective/Improper,4449734,28.7,22.0,36.1,36.1,0.0,19.0,65,27.4,49.3,230,Rain: Heavy,0,0,
77243,2021-08-23 20:30:00,40.736595,-73.80013,1,0,Unsafe Speed,4450023,28.7,22.0,36.1,36.1,0.0,19.0,65,27.4,49.3,230,Rain: Heavy,1,1,
77244,2021-08-23 13:30:00,40.600292,-73.9943,1,0,Driver Inattention/Distraction,4449843,28.7,22.0,36.1,36.1,0.0,19.0,65,27.4,49.3,230,Rain: Heavy,1,1,
77245,2021-08-23 00:00:00,40.53117,-74.22361,1,0,Unsafe Speed,4450050,28.7,22.0,36.1,36.1,0.0,19.0,65,27.4,49.3,230,Rain: Heavy,1,1,
77246,2021-08-23 18:31:00,40.66339,-73.914,0,0,Unspecified,4449899,28.7,22.0,36.1,36.1,0.0,19.0,65,27.4,49.3,230,Rain: Heavy,0,0,
77247,2021-08-23 04:15:00,40.84398,-73.92296,1,0,Pavement Slippery,4450022,28.7,22.0,36.1,36.1,0.0,19.0,65,27.4,49.3,230,Rain: Heavy,1,1,
77248,2021-08-10 01:25:00,40.573345,-73.85438,0,0,Failure to Yield Right-of-Way,4450474,27.3,20.4,3.8,3.8,0.0,11.0,61,18.0,36.0,170,Rain: Light,0,0,
77249,2021-08-23 21:25:00,40.707214,-73.83227,0,0,Driver Inexperience,4449972,28.7,22.0,36.1,36.1,0.0,19.0,65,27.4,49.3,230,Rain: Heavy,0,0,
77250,2021-08-22 20:27:00,40.682304,-73.92596,2,0,Driver Inattention/Distraction,4450506,23.9,22.5,56.2,56.2,0.0,21.0,63,19.8,36.0,299,Rain: Moderate,2,2,
77251,2021-08-23 04:15:00,40.65471,-73.93072,0,0,Unspecified,4449622,28.7,22.0,36.1,36.1,0.0,19.0,65,27.4,49.3,230,Rain: Heavy,0,0,
77252,2021-08-17 10:16:00,40.72581,-73.81385,0,0,Unspecified,4450632,26.4,22.2,1.6,1.6,0.0,2.0,55,20.3,39.2,158,Drizzle: Dense,0,0,
77253,2021-08-23 10:55:00,40.662758,-73.9973,0,0,Passing Too Closely,4450252,28.7,22.0,36.1,36.1,0.0,19.0,65,27.4,49.3,230,Rain: Heavy,0,0,
77254,2021-08-23 11:40:00,40.768486,-73.96362,0,0,Turning Improperly,4449814,28.7,22.0,36.1,36.1,0.0,19.0,65,27.4,49.3,230,Rain: Heavy,0,0,
77255,2021-08-23 08:45:00,40.760117,-73.98484,0,0,Driver Inattention/Distraction,4449827,28.7,22.0,36.1,36.1,0.0,19.0,65,27.4,49.3,230,Rain: Heavy,0,0,
77256,2021-08-23 00:15:00,40.788795,-73.93755,0,0,Pavement Slippery,4450624,28.7,22.0,36.1,36.1,0.0,19.0,65,27.4,49.3,230,Rain: Heavy,0,0,
77257,2021-08-23 17:43:00,40.689056,-73.97853,0,0,Unspecified,4449849,28.7,22.0,36.1,36.1,0.0,19.0,65,27.4,49.3,230,Rain: Heavy,0,0,
77258,2021-08-23 18:02:00,40.7558,-73.86535,0,0,Driver Inattention/Distraction,4450186,28.7,22.0,36.1,36.1,0.0,19.0,65,27.4,49.3,230,Rain: Heavy,0,0,
77259,2021-08-23 15:45:00,40.771038,-73.83413,0,0,Following Too Closely,4449883,28.7,22.0,36.1,36.1,0.0,19.0,65,27.4,49.3,230,Rain: Heavy,0,0,
77260,2021-08-23 09:06:00,40.814632,-73.9442,0,0,Passenger Distraction,4449771,28.7,22.0,36.1,36.1,0.0,19.0,65,27.4,49.3,230,Rain: Heavy,0,0,
77261,2021-08-23 19:18:00,40.89016,-73.84726,0,0,Driver Inattention/Distraction,4450114,28.7,22.0,36.1,36.1,0.0,19.0,65,27.4,49.3,230,Rain: Heavy,0,0,
77262,2021-08-22 15:50:00,40.62202,-73.98726,1,0,View Obstructed/Limited,4450329,23.9,22.5,56.2,56.2,0.0,21.0,63,19.8,36.0,299,Rain: Moderate,1,1,
77263,2021-08-23 00:00:00,40.855583,-73.882805,0,0,Driver Inattention/Distraction,4450357,28.7,22.0,36.1,36.1,0.0,19.0,65,27.4,49.3,230,Rain: Heavy,0,0,
77264,2021-08-23 08:30:00,40.879055,-73.87439,0,0,Unspecified,4449786,28.7,22.0,36.1,36.1,0.0,19.0,65,27.4,49.3,230,Rain: Heavy,0,0,
77265,2021-08-23 18:36:00,40.632755,-73.92984,0,0,Failure to Yield Right-of-Way,4449848,28.7,22.0,36.1,36.1,0.0,19.0,65,27.4,49.3,230,Rain: Heavy,0,0,
77266,2021-08-23 19:54:00,40.612293,-74.03412,1,0,Failure to Yield Right-of-Way,4449877,28.7,22.0,36.1,36.1,0.0,19.0,65,27.4,49.3,230,Rain: Heavy,1,1,
77267,2021-08-23 16:30:00,40.83202,-73.87323,0,0,Unspecified,4449994,28.7,22.0,36.1,36.1,0.0,19.0,65,27.4,49.3,230,Rain: Heavy,0,0,
77268,2021-08-13 22:35:00,40.693726,-73.75485,1,0,Passing or Lane Usage Improper,4450397,33.2,24.8,0.0,0.0,0.0,0.0,3,18.2,34.9,215,Overcast,1,1,
77269,2021-08-23 01:38:00,40.726135,-73.76318,1,0,Following Too Closely,4449727,28.7,22.0,36.1,36.1,0.0,19.0,65,27.4,49.3,230,Rain: Heavy,1,1,