,CRASH DATETIME,LATITUDE,LONGITUDE,NUMBER OF PERSONS INJURED,NUMBER OF PERSONS KILLED,CONTRIBUTING FACTOR VEHICLE 1,COLLISION_ID,temperature_2m_max,temperature_2m_min,precipitation_sum,rain_sum,snowfall_sum,precipitation_hours,weather_code,wind_speed_10m_max,wind_gusts_10m_max,wind_direction_10m_dominant,Weather Description,Severity_Score,Total_Affected_Persons,Weather_Category
77270,2021-08-23 18:20:00,40.74729,-73.92832,1,0,Driver Inattention/Distraction,4449868,28.7,22.0,36.1,36.1,0.0,19.0,65,27.4,49.3,230,Rain: Heavy,1,1,
77271,2021-08-23 18:41:00,40.728493,-74.005325,1,0,Failure to Yield Right-of-Way,4450096,28.7,22.0,36.1,36.1,0.0,19.0,65,27.4,49.3,230,Rain: Heavy,1,1,
77272,2021-08-23 18:00:00,40.70559,-73.85824,1,0,Traffic Control Disregarded,4449859,28.7,22.0,36.1,36.1,0.0,19.0,65,27.4,49.3,230,Rain: Heavy,1,1,
77273,2021-08-16 09:09:00,40.688904,-73.980934,0,0,Unsafe Lane Changing,4450473,26.6,19.9,0.0,0.0,0.0,0.0,3,17.7,33.8,121,Overcast,0,0,
77274,2021-08-23 17:42:00,40.603783,-73.74558,0,0,Unspecified,4449928,28.7,22.0,36.1,36.1,0.0,19.0,65,27.4,49.3,230,Rain: Heavy,0,0,
77275,2021-08-23 13:30:00,40.668507,-73.92561,0,0,Other Vehicular,4450181,28.7,22.0,36.1,36.1,0.0,19.0,65,27.4,49.3,230,Rain: Heavy,0,0,
77276,2021-08-17 00:00:00,40.810093,-73.95309,1,0,Failure to Yield Right-of-Way,4450352,26.4,22.2,1.6,1.6,0.0,2.0,55,20.3,39.2,158,Drizzle: Dense,1,1,
77277,2021-08-21 17:09:00,40.684437,-73.97773,1,0,Other Vehicular,4450322,27.2,23.0,0.8,0.8,0.0,6.0,51,14.3,29.5,109,Drizzle: Light,1,1,
77278,2021-08-23 10:25:00,40.755287,-73.83331,1,0,Following Too Closely,4449986,28.7,22.0,36.1,36.1,0.0,19.0,65,27.4,49.3,230,Rain: Heavy,1,1,
77279,2021-08-17 16:00:00,40.660095,-73.87347,0,0,Failure to Yield Right-of-Way,4450422,26.4,22.2,1.6,1.6,0.0,2.0,55,20.3,39.2,158,Drizzle: Dense,0,0,
77280,2021-08-23 06:00:00,40.692703,-73.75857,0,0,Passing or Lane Usage Improper,4450665,28.7,22.0,36.1,36.1,0.0,19.0,65,27.4,49.3,230,Rain: Heavy,0,0,
77281,2021-08-23 06:27:00,40.67471,-73.83703,0,0,Driver Inattention/Distraction,4449916,28.7,22.0,36.1,36.1,0.0,19.0,65,27.4,49.3,230,Rain: Heavy,0,0,
77282,2021-08-18 23:55:00,40.866062,-73.92251,0,0,Driver Inattention/Distraction,4450452,27.0,21.1,1.5,1.5,0.0,5.0,53,24.7,46.8,150,Drizzle: Moderate,0,0,
77283,2021-08-23 11:55:00,40.70489,-73.94617,0,0,Eating or Drinking,4449906,28.7,22.0,36.1,36.1,0.0,19.0,65,27.4,49.3,230,Rain: Heavy,0,0,
77284,2021-08-23 00:19:00,40.856873,-73.88771,0,0,Failure to Yield Right-of-Way,4449672,28.7,22.0,36.1,36.1,0.0,19.0,65,27.4,49.3,230,Rain: Heavy,0,0,
77285,2021-08-11 11:00:00,40.75208,-73.881905,1,0,Driver Inattention/Distraction,4450507,31.2,23.2,2.8,2.8,0.0,7.0,55,23.7,44.6,206,Drizzle: Dense,1,1,
77286,2021-08-23 11:00:00,40.750515,-73.85158,0,0,Unspecified,4449840,28.7,22.0,36.1,36.1,0.0,19.0,65,27.4,49.3,230,Rain: Heavy,0,0,
77287,2021-08-23 11:17:00,40.71976,-73.94476,0,0,Following Too Closely,4449960,28.7,22.0,36.1,36.1,0.0,19.0,65,27.4,49.3,230,Rain: Heavy,0,0,
77288,2021-08-20 18:15:00,40.877476,-73.83661,2,0,Failure to Yield Right-of-Way,4450660,26.9,22.0,1.1,1.1,0.0,5.0,53,12.4,22.0,310,Drizzle: Moderate,2,2,
77289,2021-07-30 17:00:00,40.85015,-73.93022,0,0,Passing Too Closely,4450404,27.6,19.1,0.0,0.0,0.0,0.0,1,24.2,45.7,310,Mainly clear,0,0,Sunny/Clear Conditions
77290,2021-08-23 17:42:00,40.712833,-73.82741,1,0,Following Too Closely,4449969,28.7,22.0,36.1,36.1,0.0,19.0,65,27.4,49.3,230,Rain: Heavy,1,1,
77291,2021-08-23 17:25:00,40.626568,-73.970924,0,0,Unspecified,4450078,28.7,22.0,36.1,36.1,0.0,19.0,65,27.4,49.3,230,Rain: Heavy,0,0,
77292,2021-08-23 08:20:00,40.814632,-73.9442,0,0,View Obstructed/Limited,4450414,28.7,22.0,36.1,36.1,0.0,19.0,65,27.4,49.3,230,Rain: Heavy,0,0,
77293,2021-08-02 13:00:00,40.68963,-73.98575,0,0,Failure to Yield Right-of-Way,4450482,26.4,17.2,0.0,0.0,0.0,0.0,3,18.4,37.4,313,Overcast,0,0,
77294,2021-08-10 09:00:00,40.856537,-73.87257,0,0,Unsafe Speed,4450519,27.3,20.4,3.8,3.8,0.0,11.0,61,18.0,36.0,170,Rain: Light,0,0,
77295,2021-08-23 01:20:00,40.75713,-73.87042,1,0,Alcohol Involvement,4450156,28.7,22.0,36.1,36.1,0.0,19.0,65,27.4,49.3,230,Rain: Heavy,1,1,
77296,2021-08-19 13:30:00,40.674934,-73.80186,1,0,Following Too Closely,4450373,30.2,23.4,11.8,11.8,0.0,13.0,61,26.3,53.3,223,Rain: Light,1,1,
77297,2021-08-23 23:10:00,40.717834,-73.95773,0,0,Passing Too Closely,4449979,28.7,22.0,36.1,36.1,0.0,19.0,65,27.4,49.3,230,Rain: Heavy,0,0,
77298,2021-08-23 10:00:00,40.84434,-73.91475,0,0,Unspecified,4450033,28.7,22.0,36.1,36.1,0.0,19.0,65,27.4,49.3,230,Rain: Heavy,0,0,
77299,2021-08-22 13:38:00,40.667038,-73.7682,2,0,Following Too Closely,4449295,23.9,22.5,56.2,56.2,0.0,21.0,63,19.8,36.0,299,Rain: Moderate,2,2,
77300,2021-08-20 01:00:00,40.823204,-73.93875,0,0,Unspecified,4450435,26.9,22.0,1.1,1.1,0.0,5.0,53,12.4,22.0,310,Drizzle: Moderate,0,0,
77301,2021-08-23 15:00:00,40.5426,-74.208336,0,0,Unspecified,4450054,28.7,22.0,36.1,36.1,0.0,19.0,65,27.4,49.3,230,Rain: Heavy,0,0,
77302,2021-08-23 03:10:00,40.763344,-73.75791,0,0,Unsafe Speed,4449625,28.7,22.0,36.1,36.1,0.0,19.0,65,27.4,49.3,230,Rain: Heavy,0,0,
77303,2021-08-15 21:22:00,40.632294,-73.96678,0,0,Unspecified,4450634,27.9,20.0,0.0,0.0,0.0,0.0,3,16.6,33.1,25,Overcast,0,0,
77304,2021-08-15 04:00:00,40.729996,-73.91187,0,0,Unspecified,4450487,27.9,20.0,0.0,0.0,0.0,0.0,3,16.6,33.1,25,Overcast,0,0,
77305,2021-08-23 16:50:00,40.728992,-73.95067,0,0,Failure to Yield Right-of-Way,4449915,28.7,22.0,36.1,36.1,0.0,19.0,65,27.4,49.3,230,Rain: Heavy,0,0,
77306,2021-08-23 23:53:00,40.672966,-73.73019,0,0,Unspecified,4450260,28.7,22.0,36.1,36.1,0.0,19.0,65,27.4,49.3,230,Rain: Heavy,0,0,
77307,2021-08-23 14:00:00,40.800762,-73.944305,1,0,Driver Inattention/Distraction,4449828,28.7,22.0,36.1,36.1,0.0,19.0,65,27.4,49.3,230,Rain: Heavy,1,1,
77308,2021-08-23 21:00:00,40.71196,-73.9407,0,0,Failure to Yield Right-of-Way,4450187,28.7,22.0,36.1,36.1,0.0,19.0,65,27.4,49.3,230,Rain: Heavy,0,0,
77309,2022-04-14 18:00:00,40.815113,-73.92978,0,0,Unspecified,4519851,28.1,13.9,0.2,0.2,0.0,2.0,51,25.9,46.1,249,Drizzle: Light,0,0,
77310,2021-08-01 12:10:00,40.864113,-73.92126,0,0,Traffic Control Disregarded,4450405,24.4,16.6,0.8,0.8,0.0,5.0,51,19.9,39.2,168,Drizzle: Light,0,0,
77311,2021-08-23 16:30:00,40.804367,-73.93533,1,0,Unspecified,4449985,28.7,22.0,36.1,36.1,0.0,19.0,65,27.4,49.3,230,Rain: Heavy,1,1,
77312,2021-08-23 19:51:00,40.583622,-74.09544,0,0,Unsafe Speed,4450008,28.7,22.0,36.1,36.1,0.0,19.0,65,27.4,49.3,230,Rain: Heavy,0,0,
77313,2021-08-21 16:30:00,40.69529,-73.94339,1,0,Unsafe Speed,4450362,27.2,23.0,0.8,0.8,0.0,6.0,51,14.3,29.5,109,Drizzle: Light,1,1,
77314,2021-08-23 13:00:00,40.869656,-73.864334,0,0,Unspecified,4450098,28.7,22.0,36.1,36.1,0.0,19.0,65,27.4,49.3,230,Rain: Heavy,0,0,
77315,2021-08-23 14:00:00,40.75858,-73.82562,1,0,Passing or Lane Usage Improper,4449858,28.7,22.0,36.1,36.1,0.0,19.0,65,27.4,49.3,230,Rain: Heavy,1,1,
77316,2021-08-23 18:56:00,40.72469,-73.7541,1,0,Failure to Yield Right-of-Way,4449882,28.7,22.0,36.1,36.1,0.0,19.0,65,27.4,49.3,230,Rain: Heavy,1,1,
77317,2021-08-23 07:15:00,40.640503,-73.95564,2,0,Driver Inattention/Distraction,4449772,28.7,22.0,36.1,36.1,0.0,19.0,65,27.4,49.3,230,Rain: Heavy,2,2,
77318,2021-08-23 08:30:00,40.604763,-74.02746,0,0,Driver Inattention/Distraction,4450126,28.7,22.0,36.1,36.1,0.0,19.0,65,27.4,49.3,230,Rain: Heavy,0,0,
77319,2021-08-23 15:35:00,40.861828,-73.89286,0,0,Passing Too Closely,4449951,28.7,22.0,36.1,36.1,0.0,19.0,65,27.4,49.3,230,Rain: Heavy,0,0,
77320,2021-08-19 05:30:00,40.605732,-73.98987,0,0,Unspecified,4450619,30.2,23.4,11.8,11.8,0.0,13.0,61,26.3,53.3,223,Rain: Light,0,0,
77321,2021-08-23 08:35:00,40.714443,-73.885086,0,0,Driver Inattention/Distraction,4449860,28.7,22.0,36.1,36.1,0.0,19.0,65,27.4,49.3,230,Rain: Heavy,0,0,
77322,2021-08-23 13:00:00,40.75934,-73.79417,0,0,Other Vehicular,4449887,28.7,22.0,36.1,36.1,0.0,19.0,65,27.4,49.3,230,Rain: Heavy,0,0,
77323,2021-08-01 05:27:00,40.678654,-73.75969,0,0,Passing Too Closely,4450378,24.4,16.6,0.8,0.8,0.0,5.0,51,19.9,39.2,168,Drizzle: Light,0,0,
77324,2021-08-23 11:25:00,40.635414,-74.00788,0,0,Pedestrian/Bicyclist/Other Pedestrian Error/Confusion,4450330,28.7,22.0,36.1,36.1,0.0,19.0,65,27.4,49.3,230,Rain: Heavy,0,0,
77325,2021-08-20 19:08:00,40.859623,-73.88747,0,0,Traffic Control Disregarded,4450343,26.9,22.0,1.1,1.1,0.0,5.0,53,12.4,22.0,310,Drizzle: Moderate,0,0,
77326,2021-08-23 09:00:00,40.679897,-73.74757,1,0,Unspecified,4449769,28.7,22.0,36.1,36.1,0.0,19.0,65,27.4,49.3,230,Rain: Heavy,1,1,
77327,2021-08-23 09:15:00,40.83968,-73.929276,1,0,Following Too Closely,4450020,28.7,22.0,36.1,36.1,0.0,19.0,65,27.4,49.3,230,Rain: Heavy,1,1,
77328,2021-08-23 09:59:00,40.78515,-73.94063,1,0,Other Vehicular,4449813,28.7,22.0,36.1,36.1,0.0,19.0,65,27.4,49.3,230,Rain: Heavy,1,1,
77329,2021-08-23 15:35:00,40.741104,-73.85382,0,0,Driver Inattention/Distraction,4450152,28.7,22.0,36.1,36.1,0.0,19.0,65,27.4,49.3,230,Rain: Heavy,0,0,
77330,2021-08-23 04:55:00,40.63073,-74.01734,1,0,Driver Inattention/Distraction,4449715,28.7,22.0,36.1,36.1,0.0,19.0,65,27.4,49.3,230,Rain: Heavy,1,1,
77331,2021-08-23 19:11:00,40.662277,-73.91078,0,0,Failure to Yield Right-of-Way,4449898,28.7,22.0,36.1,36.1,0.0,19.0,65,27.4,49.3,230,Rain: Heavy,0,0,
77332,2021-08-23 19:00:00,40.587883,-74.19238,0,0,Unspecified,4450328,28.7,22.0,36.1,36.1,0.0,19.0,65,27.4,49.3,230,Rain: Heavy,0,0,
77333,2021-08-23 15:00:00,40.771477,-73.91824,0,0,Following Too Closely,4450092,28.7,22.0,36.1,36.1,0.0,19.0,65,27.4,49.3,230,Rain: Heavy,0,0,
77334,2021-08-23 13:00:00,40.72706,-73.870636,0,0,Unspecified,4449847,28.7,22.0,36.1,36.1,0.0,19.0,65,27.4,49.3,230,Rain: Heavy,0,0,
77335,2021-08-23 07:30:00,40.84519,-73.9112,0,0,Following Too Closely,4450518,28.7,22.0,36.1,36.1,0.0,19.0,65,27.4,49.3,230,Rain: Heavy,0,0,
77336,2021-08-23 15:15:00,40.724785,-73.93288,0,0,Backing Unsafely,4449962,28.7,22.0,36.1,36.1,0.0,19.0,65,27.4,49.3,230,Rain: Heavy,0,0,
77337,2021-08-23 18:20:00,40.605618,-73.75666,1,0,Glare,4449929,28.7,22.0,36.1,36.1,0.0,19.0,65,27.4,49.3,230,Rain: Heavy,1,1,
77338,2021-08-21 18:30:00,40.829807,-73.909294,0,0,Unspecified,4450391,27.2,23.0,0.8,0.8,0.0,6.0,51,14.3,29.5,109,Drizzle: Light,0,0,
77339,2021-08-23 12:00:00,40.64481,-73.87704,0,0,Unspecified,4450420,28.7,22.0,36.1,36.1,0.0,19.0,65,27.4,49.3,230,Rain: Heavy,0,0,
77340,2021-08-23 19:10:00,40.703663,-73.81741,0,0,Passing or Lane Usage Improper,4449970,28.7,22.0,36.1,36.1,0.0,19.0,65,27.4,49.3,230,Rain: Heavy,0,0,
77341,2021-08-23 11:50:00,40.735172,-73.865105,0,0,Unspecified,4449841,28.7,22.0,36.1,36.1,0.0,19.0,65,27.4,49.3,230,Rain: Heavy,0,0,
77342,2021-08-23 09:00:00,40.733486,-73.7069,1,0,Failure to Yield Right-of-Way,4449804,28.7,22.0,36.1,36.1,0.0,19.0,65,27.4,49.3,230,Rain: Heavy,1,1,
77343,2021-08-23 10:35:00,40.731415,-73.91723,0,0,Backing Unsafely,4450573,28.7,22.0,36.1,36.1,0.0,19.0,65,27.4,49.3,230,Rain: Heavy,0,0,
77344,2021-08-23 21:10:00,40.669865,-73.95051,2,0,Following Too Closely,4450180,28.7,22.0,36.1,36.1,0.0,19.0,65,27.4,49.3,230,Rain: Heavy,2,2,
77345,2021-08-19 15:50:00,40.79996,-73.94698,2,0,Alcohol Involvement,4450351,30.2,23.4,11.8,11.8,0.0,13.0,61,26.3,53.3,223,Rain: Light,2,2,
77346,2021-08-23 06:05:00,40.64703,-74.012,1,0,Unspecified,4449869,28.7,22.0,36.1,36.1,0.0,19.0,65,27.4,49.3,230,Rain: Heavy,1,1,
77347,2021-08-23 15:30:00,40.812073,-73.93604,1,0,Failure to Yield Right-of-Way,4449987,28.7,22.0,36.1,36.1,0.0,19.0,65,27.4,49.3,230,Rain: Heavy,1,1,
77348,2021-08-20 02:17:00,40.687984,-73.856575,1,0,Unsafe Speed,4450320,26.9,22.0,1.1,1.1,0.0,5.0,53,12.4,22.0,310,Drizzle: Moderate,1,1,
77349,2021-08-23 13:28:00,40.610085,-74.11668,1,0,Turning Improperly,4450001,28.7,22.0,36.1,36.1,0.0,19.0,65,27.4,49.3,230,Rain: Heavy,1,1,
77350,2021-08-23 17:10:00,40.68107,-73.94972,1,0,Turning Improperly,4449876,28.7,22.0,36.1,36.1,0.0,19.0,65,27.4,49.3,230,Rain: Heavy,1,1,
77351,2021-08-18 01:30:00,40.690758,-73.99624,0,0,Alcohol Involvement,4450469,27.0,21.1,1.5,1.5,0.0,5.0,53,24.7,46.8,150,Drizzle: Moderate,0,0,
77352,2021-08-23 10:50:00,40.762802,-73.965675,0,0,Driver Inattention/Distraction,4450403,28.7,22.0,36.1,36.1,0.0,19.0,65,27.4,49.3,230,Rain: Heavy,0,0,
77353,2021-08-18 15:50:00,40.897636,-73.85727,0,0,Unsafe Speed,4450663,27.0,21.1,1.5,1.5,0.0,5.0,53,24.7,46.8,150,Drizzle: Moderate,0,0,
77354,2021-08-23 16:10:00,40.66778,-73.86243,0,0,Other Vehicular,4450415,28.7,22.0,36.1,36.1,0.0,19.0,65,27.4,49.3,230,Rain: Heavy,0,0,
77355,2021-08-23 09:00:00,40.74916,-73.88991,0,0,Driver Inexperience,4450137,28.7,22.0,36.1,36.1,0.0,19.0,65,27.4,49.3,230,Rain: Heavy,0,0,
77356,2021-08-23 13:08:00,40.862953,-73.89066,1,0,Unsafe Speed,4449836,28.7,22.0,36.1,36.1,0.0,19.0,65,27.4,49.3,230,Rain: Heavy,1,1,
77357,2021-08-23 12:24:00,40.674553,-73.99967,0,0,Unspecified,4450294,28.7,22.0,36.1,36.1,0.0,19.0,65,27.4,49.3,230,Rain: Heavy,0,0,
77358,2021-08-17 15:56:00,40.821224,-73.91719,0,0,Unspecified,4450614,26.4,22.2,1.6,1.6,0.0,2.0,55,20.3,39.2,158,Drizzle: Dense,0,0,
77359,2021-08-23 19:40:00,40.86784,-73.864395,1,0,Failure to Yield Right-of-Way,4450099,28.7,22.0,36.1,36.1,0.0,19.0,65,27.4,49.3,230,Rain: Heavy,1,1,
77360,2021-08-23 12:05:00,40.69832,-73.962265,0,0,Reaction to Uninvolved Vehicle,4449810,28.7,22.0,36.1,36.1,0.0,19.0,65,27.4,49.3,230,Rain: Heavy,0,0,
77361,2021-08-23 17:00:00,40.588478,-73.80356,0,0,Unsafe Speed,4449863,28.7,22.0,36.1,36.1,0.0,19.0,65,27.4,49.3,230,Rain: Heavy,0,0,
77362,2021-08-21 11:10:00,40.80777,-73.94549,1,0,Turning Improperly,4450356,27.2,23.0,0.8,0.8,0.0,6.0,51,14.3,29.5,109,Drizzle: Light,1,1,
77363,2021-08-20 16:00:00,40.586517,-73.967575,0,0,Driver Inattention/Distraction,4450347,26.9,22.0,1.1,1.1,0.0,5.0,53,12.4,22.0,310,Drizzle: Moderate,0,0,
77364,2021-08-23 07:23:00,40.850456,-73.899315,0,0,Following Too Closely,4449773,28.7,22.0,36.1,36.1,0.0,19.0,65,27.4,49.3,230,Rain: Heavy,0,0,
77365,2021-08-19 14:40:00,40.74274,-73.89283,0,0,Driver Inattention/Distraction,4450664,30.2,23.4,11.8,11.8,0.0,13.0,61,26.3,53.3,223,Rain: Light,0,0,
77366,2021-08-23 16:45:00,40.575836,-73.960396,0,0,Unspecified,4450406,28.7,22.0,36.1,36.1,0.0,19.0,65,27.4,49.3,230,Rain: Heavy,0,0,
77367,2021-08-23 16:13:00,40.843956,-73.8978,0,0,Driver Inattention/Distraction,4449978,28.7,22.0,36.1,36.1,0.0,19.0,65,27.4,49.3,230,Rain: Heavy,0,0,
77368,2021-08-19 09:30:00,40.634506,-73.949455,1,0,Driver Inattention/Distraction,4450480,30.2,23.4,11.8,11.8,0.0,13.0,61,26.3,53.3,223,Rain: Light,1,1,
77369,2021-08-22 13:40:00,40.717022,-73.96527,1,0,View Obstructed/Limited,4450492,23.9,22.5,56.2,56.2,0.0,21.0,63,19.8,36.0,299,Rain: Moderate,1,1,
77370,2021-08-23 01:02:00,40.60179,-74.076515,0,0,Tinted Windows,4449647,28.7,22.0,36.1,36.1,0.0,19.0,65,27.4,49.3,230,Rain: Heavy,0,0,
77371,2021-08-23 14:16:00,40.847515,-73.9001,0,0,Unsafe Lane Changing,4450013,28.7,22.0,36.1,36.1,0.0,19.0,65,27.4,49.3,230,Rain: Heavy,0,0,
77372,2021-08-23 22:30:00,40.69929,-73.72702,0,0,Reaction to Uninvolved Vehicle,4450060,28.7,22.0,36.1,36.1,0.0,19.0,65,27.4,49.3,230,Rain: Heavy,0,0,
77373,2021-08-10 09:20:00,40.72866,-73.82278,1,0,,4450636,27.3,20.4,3.8,3.8,0.0,11.0,61,18.0,36.0,170,Rain: Light,1,1,
77374,2021-08-23 11:30:00,40.72114,-73.942825,0,0,Following Too Closely,4449913,28.7,22.0,36.1,36.1,0.0,19.0,65,27.4,49.3,230,Rain: Heavy,0,0,
77375,2021-08-19 20:00:00,40.697098,-73.95386,0,0,Backing Unsafely,4450363,30.2,23.4,11.8,11.8,0.0,13.0,61,26.3,53.3,223,Rain: Light,0,0,
77376,2021-08-23 09:45:00,40.635937,-73.987595,0,0,Unspecified,4450038,28.7,22.0,36.1,36.1,0.0,19.0,65,27.4,49.3,230,Rain: Heavy,0,0,
77377,2021-08-23 14:00:00,40.752052,-73.8307,0,0,Failure to Yield Right-of-Way,4449856,28.7,22.0,36.1,36.1,0.0,19.0,65,27.4,49.3,230,Rain: Heavy,0,0,
77378,2021-08-23 06:51:00,40.732716,-73.95807,0,0,Unspecified,4449764,28.7,22.0,36.1,36.1,0.0,19.0,65,27.4,49.3,230,Rain: Heavy,0,0,
77379,2021-08-23 00:54:00,40.882713,-73.89643,1,0,Aggressive Driving/Road Rage,4450206,28.7,22.0,36.1,36.1,0.0,19.0,65,27.4,49.3,230,Rain: Heavy,1,1,
77380,2021-08-17 10:00:00,40.75124,-73.77502,0,0,Driver Inattention/Distraction,4450379,26.4,22.2,1.6,1.6,0.0,2.0,55,20.3,39.2,158,Drizzle: Dense,0,0,
77381,2021-08-23 23:00:00,40.61304,-73.92621,0,0,Unspecified,4449888,28.7,22.0,36.1,36.1,0.0,19.0,65,27.4,49.3,230,Rain: Heavy,0,0,
77382,2021-08-23 19:30:00,40.69067,-73.73134,1,0,Unspecified,4449881,28.7,22.0,36.1,36.1,0.0,19.0,65,27.4,49.3,230,Rain: Heavy,1,1,
77383,2021-08-20 11:20:00,40.810135,-73.95106,0,0,View Obstructed/Limited,4450331,26.9,22.0,1.1,1.1,0.0,5.0,53,12.4,22.0,310,Drizzle: Moderate,0,0,
77384,2021-08-22 01:35:00,40.724552,-73.72452,0,0,Reaction to Uninvolved Vehicle,4449153,23.9,22.5,56.2,56.2,0.0,21.0,63,19.8,36.0,299,Rain: Moderate,0,0,
77385,2021-08-23 18:35:00,40.60455,-73.94752,2,0,Unspecified,4449984,28.7,22.0,36.1,36.1,0.0,19.0,65,27.4,49.3,230,Rain: Heavy,2,2,
77386,2021-08-23 09:40:00,40.716316,-73.90164,1,0,Driver Inattention/Distraction,4450540,28.7,22.0,36.1,36.1,0.0,19.0,65,27.4,49.3,230,Rain: Heavy,1,1,
77387,2021-08-18 20:04:00,40.84497,-73.9092,0,0,Unsafe Speed,4450444,27.0,21.1,1.5,1.5,0.0,5.0,53,24.7,46.8,150,Drizzle: Moderate,0,0,
77388,2021-08-23 19:40:00,40.669125,-73.80591,0,0,Passing or Lane Usage Improper,4449918,28.7,22.0,36.1,36.1,0.0,19.0,65,27.4,49.3,230,Rain: Heavy,0,0,
77389,2021-08-23 12:00:00,40.66294,-73.89743,0,0,Unspecified,4450416,28.7,22.0,36.1,36.1,0.0,19.0,65,27.4,49.3,230,Rain: Heavy,0,0,
77390,2021-08-23 20:18:00,40.816025,-73.93947,0,0,Unspecified,4450434,28.7,22.0,36.1,36.1,0.0,19.0,65,27.4,49.3,230,Rain: Heavy,0,0,
77391,2021-08-09 07:06:00,40.88051,-73.9007,0,0,Unspecified,4450456,26.2,20.1,1.1,1.1,0.0,7.0,51,17.3,34.6,36,Drizzle: Light,0,0,
77392,2021-08-23 08:20:00,40.66395,-73.95036,1,0,Unspecified,4449963,28.7,22.0,36.1,36.1,0.0,19.0,65,27.4,49.3,230,Rain: Heavy,1,1,
77393,2022-04-10 15:42:00,40.66917,-73.91425,0,0,Unspecified,4519525,9.8,3.5,0.0,0.0,0.0,0.0,3,29.3,54.4,307,Overcast,0,0,
77394,2022-04-13 21:07:00,40.88974,-73.84591,2,0,Passing or Lane Usage Improper,4519001,18.9,7.1,0.0,0.0,0.0,0.0,3,18.7,37.4,112,Overcast,2,2,
77395,2022-04-14 11:58:00,40.59392,-73.97367,0,0,Driver Inattention/Distraction,4519251,28.1,13.9,0.2,0.2,0.0,2.0,51,25.9,46.1,249,Drizzle: Light,0,0,
77396,2022-04-14 14:28:00,40.804375,-73.93742,1,0,Traffic Control Disregarded,4518977,28.1,13.9,0.2,0.2,0.0,2.0,51,25.9,46.1,249,Drizzle: Light,1,1,
77397,2022-04-13 14:00:00,40.612644,-74.13073,0,0,Unsafe Lane Changing,4518862,18.9,7.1,0.0,0.0,0.0,0.0,3,18.7,37.4,112,Overcast,0,0,
77398,2022-04-12 18:00:00,40.686203,-73.950745,0,0,Alcohol Involvement,4519673,20.4,7.7,1.6,1.6,0.0,3.0,53,17.8,36.0,271,Drizzle: Moderate,0,0,
77399,2022-04-14 00:20:00,40.717014,-73.7994,0,0,Unspecified,4519047,28.1,13.9,0.2,0.2,0.0,2.0,51,25.9,46.1,249,Drizzle: Light,0,0,
77400,2022-04-14 07:40:00,40.70444,-73.89374,0,0,Reaction to Uninvolved Vehicle,4519113,28.1,13.9,0.2,0.2,0.0,2.0,51,25.9,46.1,249,Drizzle: Light,0,0,
77401,2022-04-13 18:42:00,40.67619,-73.9081,3,0,Driverless/Runaway Vehicle,4519885,18.9,7.1,0.0,0.0,0.0,0.0,3,18.7,37.4,112,Overcast,3,3,
77402,2022-04-12 18:30:00,40.582874,-73.98053,1,0,Following Too Closely,4519264,20.4,7.7,1.6,1.6,0.0,3.0,53,17.8,36.0,271,Drizzle: Moderate,1,1,
77403,2022-04-13 16:28:00,40.78221,-73.95993,0,0,Following Too Closely,4518814,18.9,7.1,0.0,0.0,0.0,0.0,3,18.7,37.4,112,Overcast,0,0,
77404,2022-04-15 21:00:00,40.839268,-73.903824,0,0,Unspecified,4519789,19.2,6.3,0.1,0.1,0.0,1.0,51,26.9,46.1,243,Drizzle: Light,0,0,
77405,2022-04-15 08:29:00,40.786163,-73.95162,0,0,Unsafe Lane Changing,4519222,19.2,6.3,0.1,0.1,0.0,1.0,51,26.9,46.1,243,Drizzle: Light,0,0,
77406,2022-04-14 17:00:00,40.59651,-73.90788,1,0,Unsafe Lane Changing,4519061,28.1,13.9,0.2,0.2,0.0,2.0,51,25.9,46.1,249,Drizzle: Light,1,1,
77407,2022-04-14 18:30:00,40.73361,-73.835915,0,0,View Obstructed/Limited,4519207,28.1,13.9,0.2,0.2,0.0,2.0,51,25.9,46.1,249,Drizzle: Light,0,0,
77408,2022-04-15 15:26:00,40.721054,-73.82255,1,0,Passing Too Closely,4519296,19.2,6.3,0.1,0.1,0.0,1.0,51,26.9,46.1,243,Drizzle: Light,1,1,
77409,2022-04-13 09:00:00,40.671932,-73.85165,1,0,Unsafe Lane Changing,4518804,18.9,7.1,0.0,0.0,0.0,0.0,3,18.7,37.4,112,Overcast,1,1,
77410,2022-04-12 01:00:00,40.677746,-73.73096,0,0,Driver Inattention/Distraction,4519457,20.4,7.7,1.6,1.6,0.0,3.0,53,17.8,36.0,271,Drizzle: Moderate,0,0,
77411,2022-04-13 06:56:00,40.744656,-73.94853,2,0,Turning Improperly,4518577,18.9,7.1,0.0,0.0,0.0,0.0,3,18.7,37.4,112,Overcast,2,2,
77412,2022-04-14 05:52:00,40.616283,-74.026115,0,0,Unsafe Lane Changing,4519081,28.1,13.9,0.2,0.2,0.0,2.0,51,25.9,46.1,249,Drizzle: Light,0,0,
77413,2022-04-15 00:01:00,40.592007,-73.94513,1,0,Driver Inattention/Distraction,4519797,19.2,6.3,0.1,0.1,0.0,1.0,51,26.9,46.1,243,Drizzle: Light,1,1,
77414,2022-04-14 08:40:00,40.66503,-73.81863,2,0,Unsafe Lane Changing,4519163,28.1,13.9,0.2,0.2,0.0,2.0,51,25.9,46.1,249,Drizzle: Light,2,2,