,CRASH DATETIME,LATITUDE,LONGITUDE,NUMBER OF PERSONS INJURED,NUMBER OF PERSONS KILLED,CONTRIBUTING FACTOR VEHICLE 1,COLLISION_ID,temperature_2m_max,temperature_2m_min,precipitation_sum,rain_sum,snowfall_sum,precipitation_hours,weather_code,wind_speed_10m_max,wind_gusts_10m_max,wind_direction_10m_dominant,Weather Description,Severity_Score,Total_Affected_Persons,Weather_Category
77415,2022-04-06 14:54:00,40.842667,-73.90685,1,0,Unspecified,4519365,12.5,6.2,17.5,17.5,0.0,14.0,61,31.2,62.3,55,Rain: Light,1,1,
77416,2022-04-13 14:52:00,40.64286,-73.91519,1,0,Failure to Yield Right-of-Way,4518735,18.9,7.1,0.0,0.0,0.0,0.0,3,18.7,37.4,112,Overcast,1,1,
77417,2022-04-01 05:50:00,40.677563,-73.93309,0,0,Driver Inattention/Distraction,4519605,15.2,5.3,1.4,1.4,0.0,8.0,51,33.1,61.9,277,Drizzle: Light,0,0,
77418,2022-04-13 13:15:00,40.64254,-73.87652,1,0,Tinted Windows,4519279,18.9,7.1,0.0,0.0,0.0,0.0,3,18.7,37.4,112,Overcast,1,1,
77419,2022-04-13 16:55:00,40.606113,-73.95488,1,0,Failure to Yield Right-of-Way,4518833,18.9,7.1,0.0,0.0,0.0,0.0,3,18.7,37.4,112,Overcast,1,1,
77420,2022-04-15 04:55:00,40.74928,-73.86086,0,0,Unspecified,4519550,19.2,6.3,0.1,0.1,0.0,1.0,51,26.9,46.1,243,Drizzle: Light,0,0,
77421,2022-04-13 17:00:00,40.87,-73.87888,0,0,Following Too Closely,4519147,18.9,7.1,0.0,0.0,0.0,0.0,3,18.7,37.4,112,Overcast,0,0,
77422,2022-04-14 09:50:00,40.632782,-73.99446,1,0,Backing Unsafely,4519110,28.1,13.9,0.2,0.2,0.0,2.0,51,25.9,46.1,249,Drizzle: Light,1,1,
77423,2022-04-14 13:25:00,40.84429,-73.829025,0,0,Unspecified,4519028,28.1,13.9,0.2,0.2,0.0,2.0,51,25.9,46.1,249,Drizzle: Light,0,0,
77424,2022-04-15 22:28:00,40.585556,-73.94881,1,0,Driver Inattention/Distraction,4519519,19.2,6.3,0.1,0.1,0.0,1.0,51,26.9,46.1,243,Drizzle: Light,1,1,
77425,2022-04-03 16:00:00,40.68461,-73.79987,0,0,Other Vehicular,4519329,8.3,3.4,3.1,3.1,0.0,5.0,61,21.9,38.2,274,Rain: Light,0,0,
77426,2022-04-10 17:50:00,40.66095,-73.92906,0,0,Traffic Control Disregarded,4519232,9.8,3.5,0.0,0.0,0.0,0.0,3,29.3,54.4,307,Overcast,0,0,
77427,2022-04-15 00:00:00,40.709206,-73.95452,0,0,Backing Unsafely,4519350,19.2,6.3,0.1,0.1,0.0,1.0,51,26.9,46.1,243,Drizzle: Light,0,0,
77428,2022-04-13 03:30:00,40.632412,-73.999886,0,0,Alcohol Involvement,4519835,18.9,7.1,0.0,0.0,0.0,0.0,3,18.7,37.4,112,Overcast,0,0,
77429,2022-04-08 08:51:00,40.78764,-73.953026,0,0,Driver Inexperience,4519190,16.5,7.1,5.2,5.2,0.0,4.0,63,21.3,42.8,253,Rain: Moderate,0,0,
77430,2022-04-14 20:58:00,40.60058,-73.74631,0,0,Unsafe Speed,4519212,28.1,13.9,0.2,0.2,0.0,2.0,51,25.9,46.1,249,Drizzle: Light,0,0,
77431,2022-04-11 19:30:00,40.665207,-73.99378,0,0,Following Too Closely,4519425,13.1,1.8,0.0,0.0,0.0,0.0,3,18.6,36.4,246,Overcast,0,0,
77432,2022-04-11 16:50:00,40.75369,-73.80377,1,0,Accelerator Defective,4519400,13.1,1.8,0.0,0.0,0.0,0.0,3,18.6,36.4,246,Overcast,1,1,
77433,2022-04-13 18:10:00,40.755516,-73.98363,0,0,Passing Too Closely,4518844,18.9,7.1,0.0,0.0,0.0,0.0,3,18.7,37.4,112,Overcast,0,0,
77434,2022-04-14 19:55:00,40.63719,-73.952286,0,0,Unspecified,4519538,28.1,13.9,0.2,0.2,0.0,2.0,51,25.9,46.1,249,Drizzle: Light,0,0,
77435,2022-04-14 07:00:00,40.6765,-73.88234,0,0,Driver Inattention/Distraction,4519168,28.1,13.9,0.2,0.2,0.0,2.0,51,25.9,46.1,249,Drizzle: Light,0,0,
77436,2022-04-15 16:10:00,40.608746,-73.95829,1,0,Driver Inattention/Distraction,4519513,19.2,6.3,0.1,0.1,0.0,1.0,51,26.9,46.1,243,Drizzle: Light,1,1,
77437,2022-04-13 09:40:00,40.690594,-73.95162,0,0,Passing or Lane Usage Improper,4518909,18.9,7.1,0.0,0.0,0.0,0.0,3,18.7,37.4,112,Overcast,0,0,
77438,2022-04-14 16:25:00,40.67481,-73.79511,0,0,Passing or Lane Usage Improper,4519035,28.1,13.9,0.2,0.2,0.0,2.0,51,25.9,46.1,249,Drizzle: Light,0,0,
77439,2022-04-15 09:45:00,40.69137,-73.77997,0,0,Pedestrian/Bicyclist/Other Pedestrian Error/Confusion,4519759,19.2,6.3,0.1,0.1,0.0,1.0,51,26.9,46.1,243,Drizzle: Light,0,0,
77440,2022-04-15 16:48:00,40.861355,-73.83994,0,0,Driver Inattention/Distraction,4519555,19.2,6.3,0.1,0.1,0.0,1.0,51,26.9,46.1,243,Drizzle: Light,0,0,
77441,2022-04-13 19:30:00,40.743187,-73.97207,0,0,Driver Inattention/Distraction,4518826,18.9,7.1,0.0,0.0,0.0,0.0,3,18.7,37.4,112,Overcast,0,0,
77442,2022-04-15 12:05:00,40.767475,-73.99064,0,0,Unspecified,4519337,19.2,6.3,0.1,0.1,0.0,1.0,51,26.9,46.1,243,Drizzle: Light,0,0,
77443,2022-04-11 20:50:00,40.865044,-73.91953,0,0,Unspecified,4519703,13.1,1.8,0.0,0.0,0.0,0.0,3,18.6,36.4,246,Overcast,0,0,
77444,2022-04-12 09:00:00,40.75974,-73.93195,1,0,Failure to Yield Right-of-Way,4519376,20.4,7.7,1.6,1.6,0.0,3.0,53,17.8,36.0,271,Drizzle: Moderate,1,1,
77445,2022-04-13 18:10:00,40.606567,-74.09057,0,0,Unspecified,4518782,18.9,7.1,0.0,0.0,0.0,0.0,3,18.7,37.4,112,Overcast,0,0,
77446,2022-04-14 21:12:00,40.600025,-73.75741,0,0,Unspecified,4519087,28.1,13.9,0.2,0.2,0.0,2.0,51,25.9,46.1,249,Drizzle: Light,0,0,
77447,2022-04-10 06:10:00,40.67801,-73.94138,2,0,Unsafe Speed,4519568,9.8,3.5,0.0,0.0,0.0,0.0,3,29.3,54.4,307,Overcast,2,2,
77448,2022-04-14 14:35:00,40.62499,-74.14403,0,0,Driver Inattention/Distraction,4519861,28.1,13.9,0.2,0.2,0.0,2.0,51,25.9,46.1,249,Drizzle: Light,0,0,
77449,2022-04-13 12:50:00,40.66045,-73.86719,0,0,Unspecified,4519639,18.9,7.1,0.0,0.0,0.0,0.0,3,18.7,37.4,112,Overcast,0,0,
77450,2022-04-13 11:30:00,40.736378,-73.98494,0,0,Passing Too Closely,4518941,18.9,7.1,0.0,0.0,0.0,0.0,3,18.7,37.4,112,Overcast,0,0,
77451,2022-04-14 13:51:00,40.643227,-73.90136,0,0,Unspecified,4519014,28.1,13.9,0.2,0.2,0.0,2.0,51,25.9,46.1,249,Drizzle: Light,0,0,
77452,2022-04-13 15:38:00,40.621563,-74.16849,1,0,Driver Inattention/Distraction,4518853,18.9,7.1,0.0,0.0,0.0,0.0,3,18.7,37.4,112,Overcast,1,1,
77453,2022-12-20 16:07:00,40.68238,-73.90565,0,0,Driver Inattention/Distraction,4598756,3.7,-2.4,0.0,0.0,0.0,0.0,2,18.3,34.6,314,Partly cloudy,0,0,
77454,2021-11-05 17:26:00,40.65378,-73.74706,1,0,Unspecified,4474336,10.7,3.2,0.0,0.0,0.0,0.0,0,14.8,30.2,1,Clear sky,1,1,Sunny/Clear Conditions
77455,2022-04-13 00:10:00,40.67601,-73.88567,0,0,Alcohol Involvement,4519175,18.9,7.1,0.0,0.0,0.0,0.0,3,18.7,37.4,112,Overcast,0,0,
77456,2022-04-14 15:05:00,40.747627,-73.782394,0,0,Driver Inattention/Distraction,4519307,28.1,13.9,0.2,0.2,0.0,2.0,51,25.9,46.1,249,Drizzle: Light,0,0,
77457,2022-04-15 21:45:00,40.7147,-73.886505,0,0,Unsafe Speed,4519678,19.2,6.3,0.1,0.1,0.0,1.0,51,26.9,46.1,243,Drizzle: Light,0,0,
77458,2022-04-15 19:30:00,40.829975,-73.88045,0,0,Driver Inattention/Distraction,4519380,19.2,6.3,0.1,0.1,0.0,1.0,51,26.9,46.1,243,Drizzle: Light,0,0,
77459,2022-04-13 21:44:00,40.860577,-73.90255,1,0,Unsafe Speed,4518893,18.9,7.1,0.0,0.0,0.0,0.0,3,18.7,37.4,112,Overcast,1,1,
77460,2022-03-16 07:58:00,40.80623,-73.91206,0,0,Passing or Lane Usage Improper,4519858,16.1,3.2,0.3,0.3,0.0,1.0,51,18.8,36.4,183,Drizzle: Light,0,0,
77461,2022-04-14 10:30:00,40.6705,-73.94488,0,0,Driver Inattention/Distraction,4519588,28.1,13.9,0.2,0.2,0.0,2.0,51,25.9,46.1,249,Drizzle: Light,0,0,
77462,2022-04-15 19:25:00,40.679592,-73.93488,0,0,Reaction to Uninvolved Vehicle,4519697,19.2,6.3,0.1,0.1,0.0,1.0,51,26.9,46.1,243,Drizzle: Light,0,0,
77463,2022-04-13 15:43:00,40.711838,-73.917496,1,0,Failure to Yield Right-of-Way,4519117,18.9,7.1,0.0,0.0,0.0,0.0,3,18.7,37.4,112,Overcast,1,1,
77464,2022-04-15 12:17:00,40.574825,-74.16987,0,0,Passing Too Closely,4519881,19.2,6.3,0.1,0.1,0.0,1.0,51,26.9,46.1,243,Drizzle: Light,0,0,
77465,2022-03-28 05:15:00,40.789707,-73.9403,0,0,Other Vehicular,4519300,0.0,-5.2,0.3,0.0,0.21,3.0,71,31.3,59.0,303,Snow fall: Light,0,0,Snowy Conditions
77466,2022-04-14 21:30:00,40.69067,-73.73134,1,0,Reaction to Uninvolved Vehicle,4519051,28.1,13.9,0.2,0.2,0.0,2.0,51,25.9,46.1,249,Drizzle: Light,1,1,
77467,2022-04-07 23:00:00,40.650387,-73.95872,1,0,Unspecified,4519537,11.5,5.6,74.1,74.1,0.0,14.0,65,35.0,64.8,98,Rain: Heavy,1,1,
77468,2022-04-12 14:43:00,40.78056,-73.98022,0,0,Unspecified,4519239,20.4,7.7,1.6,1.6,0.0,3.0,53,17.8,36.0,271,Drizzle: Moderate,0,0,
77469,2022-04-14 19:20:00,40.816906,-73.92087,1,0,Pavement Slippery,4519151,28.1,13.9,0.2,0.2,0.0,2.0,51,25.9,46.1,249,Drizzle: Light,1,1,
77470,2022-04-13 18:47:00,40.85179,-73.90279,0,0,Unspecified,4518903,18.9,7.1,0.0,0.0,0.0,0.0,3,18.7,37.4,112,Overcast,0,0,
77471,2022-04-15 00:44:00,40.655846,-73.94316,1,0,Unspecified,4519453,19.2,6.3,0.1,0.1,0.0,1.0,51,26.9,46.1,243,Drizzle: Light,1,1,
77472,2022-04-14 17:35:00,40.69891,-73.93078,1,0,Failure to Yield Right-of-Way,4519142,28.1,13.9,0.2,0.2,0.0,2.0,51,25.9,46.1,249,Drizzle: Light,1,1,
77473,2022-04-13 12:30:00,40.744526,-73.77161,1,0,Driver Inattention/Distraction,4519054,18.9,7.1,0.0,0.0,0.0,0.0,3,18.7,37.4,112,Overcast,1,1,
77474,2022-04-13 00:14:00,40.670864,-73.80753,0,0,Passing or Lane Usage Improper,4518525,18.9,7.1,0.0,0.0,0.0,0.0,3,18.7,37.4,112,Overcast,0,0,
77475,2022-04-14 11:15:00,40.804813,-73.95138,1,0,Driver Inattention/Distraction,4519361,28.1,13.9,0.2,0.2,0.0,2.0,51,25.9,46.1,249,Drizzle: Light,1,1,
77476,2022-04-15 15:45:00,40.68286,-73.78116,2,0,Failure to Yield Right-of-Way,4519283,19.2,6.3,0.1,0.1,0.0,1.0,51,26.9,46.1,243,Drizzle: Light,2,2,
77477,2022-04-11 17:17:00,40.7795,-73.981636,0,0,Unspecified,4519276,13.1,1.8,0.0,0.0,0.0,0.0,3,18.6,36.4,246,Overcast,0,0,
77478,2022-04-14 15:35:00,40.682663,-73.96303,0,0,Alcohol Involvement,4519075,28.1,13.9,0.2,0.2,0.0,2.0,51,25.9,46.1,249,Drizzle: Light,0,0,
77479,2022-04-13 07:46:00,40.765545,-73.95471,1,0,Unspecified,4518813,18.9,7.1,0.0,0.0,0.0,0.0,3,18.7,37.4,112,Overcast,1,1,
77480,2022-04-13 09:34:00,40.66725,-73.99455,0,0,Unspecified,4518718,18.9,7.1,0.0,0.0,0.0,0.0,3,18.7,37.4,112,Overcast,0,0,
77481,2022-04-14 19:55:00,40.644672,-73.92573,2,0,Failure to Yield Right-of-Way,4519623,28.1,13.9,0.2,0.2,0.0,2.0,51,25.9,46.1,249,Drizzle: Light,2,2,
77482,2022-04-15 16:31:00,40.862747,-73.90494,0,0,Unspecified,4519742,19.2,6.3,0.1,0.1,0.0,1.0,51,26.9,46.1,243,Drizzle: Light,0,0,
77483,2022-04-09 09:30:00,40.70768,-73.87678,0,0,Turning Improperly,4519344,13.6,5.0,4.8,4.8,0.0,12.0,55,20.1,42.8,263,Drizzle: Dense,0,0,
77484,2022-04-15 22:54:00,40.66661,-73.876144,1,0,Driver Inattention/Distraction,4519657,19.2,6.3,0.1,0.1,0.0,1.0,51,26.9,46.1,243,Drizzle: Light,1,1,
77485,2022-04-11 13:00:00,40.748203,-73.94374,0,0,Driver Inattention/Distraction,4519271,13.1,1.8,0.0,0.0,0.0,0.0,3,18.6,36.4,246,Overcast,0,0,
77486,2022-04-15 12:40:00,40.686646,-73.97982,1,0,Turning Improperly,4519501,19.2,6.3,0.1,0.1,0.0,1.0,51,26.9,46.1,243,Drizzle: Light,1,1,
77487,2022-04-13 18:20:00,40.68025,-73.98005,1,0,Failure to Yield Right-of-Way,4518953,18.9,7.1,0.0,0.0,0.0,0.0,3,18.7,37.4,112,Overcast,1,1,
77488,2022-04-11 22:00:00,40.754883,-73.90871,0,0,Driver Inattention/Distraction,4519391,13.1,1.8,0.0,0.0,0.0,0.0,3,18.6,36.4,246,Overcast,0,0,
77489,2022-04-15 21:00:00,40.665726,-73.96425,0,0,Passing or Lane Usage Improper,4519905,19.2,6.3,0.1,0.1,0.0,1.0,51,26.9,46.1,243,Drizzle: Light,0,0,
77490,2023-01-16 10:20:00,40.5977,-73.94814,0,0,Unspecified,4598303,8.0,-2.7,0.0,0.0,0.0,0.0,2,23.4,41.4,339,Partly cloudy,0,0,
77491,2022-04-13 07:00:00,40.686577,-73.947464,0,0,Driver Inattention/Distraction,4519633,18.9,7.1,0.0,0.0,0.0,0.0,3,18.7,37.4,112,Overcast,0,0,
77492,2022-04-15 09:09:00,40.830067,-73.92915,0,0,Unspecified,4519420,19.2,6.3,0.1,0.1,0.0,1.0,51,26.9,46.1,243,Drizzle: Light,0,0,
77493,2022-04-13 17:45:00,40.608612,-74.13098,0,0,Unspecified,4519219,18.9,7.1,0.0,0.0,0.0,0.0,3,18.7,37.4,112,Overcast,0,0,
77494,2022-04-13 18:07:00,40.66229,-73.91566,0,0,Driver Inattention/Distraction,4519604,18.9,7.1,0.0,0.0,0.0,0.0,3,18.7,37.4,112,Overcast,0,0,
77495,2022-04-13 21:09:00,40.64761,-73.89455,0,0,Driver Inattention/Distraction,4519029,18.9,7.1,0.0,0.0,0.0,0.0,3,18.7,37.4,112,Overcast,0,0,
77496,2022-04-13 15:20:00,40.72219,-73.87417,1,0,Unspecified,4519341,18.9,7.1,0.0,0.0,0.0,0.0,3,18.7,37.4,112,Overcast,1,1,
77497,2022-04-13 21:25:00,40.62521,-73.9804,0,0,Alcohol Involvement,4518860,18.9,7.1,0.0,0.0,0.0,0.0,3,18.7,37.4,112,Overcast,0,0,
77498,2022-04-12 17:55:00,40.797215,-73.969925,1,0,Unspecified,4519817,20.4,7.7,1.6,1.6,0.0,3.0,53,17.8,36.0,271,Drizzle: Moderate,1,1,
77499,2022-04-14 22:59:00,40.75694,-73.93464,1,0,Failure to Yield Right-of-Way,4519372,28.1,13.9,0.2,0.2,0.0,2.0,51,25.9,46.1,249,Drizzle: Light,1,1,
77500,2022-04-14 01:15:00,40.58539,-73.81466,0,0,Headlights Defective,4519187,28.1,13.9,0.2,0.2,0.0,2.0,51,25.9,46.1,249,Drizzle: Light,0,0,
77501,2022-04-14 05:10:00,40.74561,-73.84785,0,0,Driver Inattention/Distraction,4519200,28.1,13.9,0.2,0.2,0.0,2.0,51,25.9,46.1,249,Drizzle: Light,0,0,
77502,2022-04-04 14:45:00,40.766407,-73.96066,1,0,Driver Inattention/Distraction,4519822,12.2,2.6,0.1,0.1,0.0,1.0,51,23.7,41.4,304,Drizzle: Light,1,1,
77503,2021-08-24 07:41:00,40.718502,-73.73527,1,0,Driver Inexperience,4450261,30.6,21.9,0.0,0.0,0.0,0.0,1,13.9,28.1,291,Mainly clear,1,1,Sunny/Clear Conditions
77504,2022-01-27 18:30:00,40.67776,-73.89349,0,0,Unspecified,4499066,-0.3,-9.6,0.0,0.0,0.0,0.0,3,18.7,37.1,184,Overcast,0,0,
77505,2022-04-14 18:00:00,40.844917,-73.926384,0,0,Driver Inattention/Distraction,4519427,28.1,13.9,0.2,0.2,0.0,2.0,51,25.9,46.1,249,Drizzle: Light,0,0,
77506,2022-04-15 17:10:00,40.60589,-74.07427,1,0,Following Too Closely,4519303,19.2,6.3,0.1,0.1,0.0,1.0,51,26.9,46.1,243,Drizzle: Light,1,1,
77507,2022-04-14 10:00:00,40.805275,-73.94102,0,0,Unspecified,4519008,28.1,13.9,0.2,0.2,0.0,2.0,51,25.9,46.1,249,Drizzle: Light,0,0,
77508,2022-04-14 09:30:00,40.667522,-73.78063,0,0,Driver Inattention/Distraction,4518917,28.1,13.9,0.2,0.2,0.0,2.0,51,25.9,46.1,249,Drizzle: Light,0,0,
77509,2022-04-10 03:30:00,40.588177,-74.1573,0,0,Unspecified,4519875,9.8,3.5,0.0,0.0,0.0,0.0,3,29.3,54.4,307,Overcast,0,0,
77510,2022-04-13 13:00:00,40.666637,-73.78149,1,0,Unspecified,4518751,18.9,7.1,0.0,0.0,0.0,0.0,3,18.7,37.4,112,Overcast,1,1,
77511,2022-04-04 21:26:00,40.767204,-73.910095,0,0,Traffic Control Disregarded,4519384,12.2,2.6,0.1,0.1,0.0,1.0,51,23.7,41.4,304,Drizzle: Light,0,0,
77512,2022-04-14 20:00:00,40.858788,-73.92291,0,0,Following Too Closely,4519721,28.1,13.9,0.2,0.2,0.0,2.0,51,25.9,46.1,249,Drizzle: Light,0,0,
77513,2022-04-15 20:13:00,40.825428,-73.93631,1,0,Driver Inattention/Distraction,4519443,19.2,6.3,0.1,0.1,0.0,1.0,51,26.9,46.1,243,Drizzle: Light,1,1,
77514,2022-04-12 15:12:00,40.692505,-73.970726,0,0,Unspecified,4519483,20.4,7.7,1.6,1.6,0.0,3.0,53,17.8,36.0,271,Drizzle: Moderate,0,0,
77515,2022-04-12 17:59:00,40.678978,-73.9237,0,0,Passing or Lane Usage Improper,4519690,20.4,7.7,1.6,1.6,0.0,3.0,53,17.8,36.0,271,Drizzle: Moderate,0,0,
77516,2022-04-13 18:00:00,40.545395,-74.16575,1,0,Driver Inattention/Distraction,4518779,18.9,7.1,0.0,0.0,0.0,0.0,3,18.7,37.4,112,Overcast,1,1,
77517,2022-04-15 08:30:00,40.69891,-73.93078,0,0,Passing Too Closely,4519593,19.2,6.3,0.1,0.1,0.0,1.0,51,26.9,46.1,243,Drizzle: Light,0,0,
77518,2022-04-14 14:50:00,40.848846,-73.90831,1,0,Failure to Yield Right-of-Way,4519137,28.1,13.9,0.2,0.2,0.0,2.0,51,25.9,46.1,249,Drizzle: Light,1,1,
77519,2022-04-13 09:30:00,40.66743,-73.76676,1,0,Following Too Closely,4518663,18.9,7.1,0.0,0.0,0.0,0.0,3,18.7,37.4,112,Overcast,1,1,
77520,2022-04-13 13:19:00,40.856712,-73.93264,1,0,Turning Improperly,4519708,18.9,7.1,0.0,0.0,0.0,0.0,3,18.7,37.4,112,Overcast,1,1,
77521,2022-04-14 14:31:00,40.716965,-74.0076,0,0,Unspecified,4519121,28.1,13.9,0.2,0.2,0.0,2.0,51,25.9,46.1,249,Drizzle: Light,0,0,
77522,2022-04-13 16:00:00,40.800552,-73.94623,1,0,Pedestrian/Bicyclist/Other Pedestrian Error/Confusion,4518932,18.9,7.1,0.0,0.0,0.0,0.0,3,18.7,37.4,112,Overcast,1,1,
77523,2022-04-14 09:25:00,40.854557,-73.9288,0,0,Unspecified,4519712,28.1,13.9,0.2,0.2,0.0,2.0,51,25.9,46.1,249,Drizzle: Light,0,0,
77524,2022-04-14 23:32:00,40.64479,-74.01433,0,0,Alcohol Involvement,4519259,28.1,13.9,0.2,0.2,0.0,2.0,51,25.9,46.1,249,Drizzle: Light,0,0,
77525,2022-04-13 07:00:00,40.722897,-73.902985,0,0,Unspecified,4518830,18.9,7.1,0.0,0.0,0.0,0.0,3,18.7,37.4,112,Overcast,0,0,
77526,2022-04-14 18:10:00,40.677208,-73.89723,1,0,Driver Inattention/Distraction,4519172,28.1,13.9,0.2,0.2,0.0,2.0,51,25.9,46.1,249,Drizzle: Light,1,1,
77527,2022-04-15 10:45:00,40.691666,-73.76239,1,0,Driver Inattention/Distraction,4519254,19.2,6.3,0.1,0.1,0.0,1.0,51,26.9,46.1,243,Drizzle: Light,1,1,
77528,2022-04-13 16:00:00,40.830112,-73.850266,0,0,Following Too Closely,4519100,18.9,7.1,0.0,0.0,0.0,0.0,3,18.7,37.4,112,Overcast,0,0,
77529,2022-04-12 11:00:00,40.706142,-74.00603,0,0,Turning Improperly,4519155,20.4,7.7,1.6,1.6,0.0,3.0,53,17.8,36.0,271,Drizzle: Moderate,0,0,
77530,2022-01-31 10:20:00,40.89505,-73.88489,0,0,Following Too Closely,4499117,-3.4,-17.1,0.0,0.0,0.0,0.0,3,12.2,18.0,23,Overcast,0,0,
77531,2022-02-22 00:10:00,40.811638,-73.9316,1,0,Unsafe Speed,4504666,13.6,-0.2,4.7,4.7,0.0,8.0,61,38.4,76.0,175,Rain: Light,1,1,
77532,2022-02-05 09:00:00,40.759113,-73.87845,0,0,Unspecified,4505385,-1.9,-6.9,0.4,0.0,0.28,3.0,71,26.8,50.4,322,Snow fall: Light,0,0,Snowy Conditions
77533,2022-02-22 17:48:00,40.631706,-73.94649,1,0,Failure to Yield Right-of-Way,4504927,13.6,-0.2,4.7,4.7,0.0,8.0,61,38.4,76.0,175,Rain: Light,1,1,
77534,2022-02-22 13:10:00,40.777805,-73.91052,0,0,Reaction to Uninvolved Vehicle,4505033,13.6,-0.2,4.7,4.7,0.0,8.0,61,38.4,76.0,175,Rain: Light,0,0,
77535,2022-02-22 18:15:00,40.738026,-73.86118,0,0,Failure to Yield Right-of-Way,4504901,13.6,-0.2,4.7,4.7,0.0,8.0,61,38.4,76.0,175,Rain: Light,0,0,
77536,2022-02-22 16:15:00,40.756096,-73.74655,0,0,Turning Improperly,4504856,13.6,-0.2,4.7,4.7,0.0,8.0,61,38.4,76.0,175,Rain: Light,0,0,
77537,2022-02-18 17:18:00,40.719456,-73.99441,0,0,Driver Inattention/Distraction,4505358,15.6,-2.8,11.9,11.9,0.0,6.0,63,44.1,79.2,261,Rain: Moderate,0,0,
77538,2022-02-21 04:35:00,40.713783,-73.74922,0,0,Driver Inattention/Distraction,4505393,9.9,-1.9,0.0,0.0,0.0,0.0,3,19.2,35.3,192,Overcast,0,0,
77539,2022-02-20 21:18:00,40.83227,-73.85817,2,0,Unsafe Lane Changing,4505271,2.4,-6.6,0.0,0.0,0.0,0.0,3,23.4,44.3,250,Overcast,2,2,
77540,2022-02-22 04:16:00,40.83609,-73.87039,0,0,Unspecified,4504947,13.6,-0.2,4.7,4.7,0.0,8.0,61,38.4,76.0,175,Rain: Light,0,0,
77541,2022-02-22 21:28:00,40.698505,-73.84193,0,0,Following Too Closely,4504989,13.6,-0.2,4.7,4.7,0.0,8.0,61,38.4,76.0,175,Rain: Light,0,0,
77542,2022-02-18 11:20:00,40.69858,-73.95417,0,0,Driver Inattention/Distraction,4505319,15.6,-2.8,11.9,11.9,0.0,6.0,63,44.1,79.2,261,Rain: Moderate,0,0,
77543,2022-02-22 23:00:00,40.756107,-73.90071,0,0,Unspecified,4505001,13.6,-0.2,4.7,4.7,0.0,8.0,61,38.4,76.0,175,Rain: Light,0,0,
77544,2022-02-22 00:20:00,40.74458,-73.91557,0,0,Driver Inattention/Distraction,4504624,13.6,-0.2,4.7,4.7,0.0,8.0,61,38.4,76.0,175,Rain: Light,0,0,
77545,2022-02-22 15:45:00,40.868797,-73.90232,0,0,Unspecified,4505370,13.6,-0.2,4.7,4.7,0.0,8.0,61,38.4,76.0,175,Rain: Light,0,0,
77546,2022-02-22 14:45:00,40.806614,-73.90769,0,0,Unspecified,4504883,13.6,-0.2,4.7,4.7,0.0,8.0,61,38.4,76.0,175,Rain: Light,0,0,
77547,2022-02-22 14:58:00,40.649094,-74.01694,1,0,Failure to Yield Right-of-Way,4504807,13.6,-0.2,4.7,4.7,0.0,8.0,61,38.4,76.0,175,Rain: Light,1,1,
77548,2022-02-22 22:28:00,40.775963,-73.94248,3,0,Passing Too Closely,4505135,13.6,-0.2,4.7,4.7,0.0,8.0,61,38.4,76.0,175,Rain: Light,3,3,
77549,2022-02-10 18:25:00,40.76197,-73.92539,1,0,Unspecified,4505408,10.8,-0.2,0.0,0.0,0.0,0.0,3,32.6,59.4,244,Overcast,1,1,
77550,2021-02-23 14:45:00,40.86558,-73.89888,1,0,Passing Too Closely,4505289,6.6,-1.7,0.6,0.6,0.0,3.0,51,23.7,43.2,260,Drizzle: Light,1,1,
77551,2022-02-22 14:15:00,40.83029,-73.850655,0,0,Unsafe Lane Changing,4504954,13.6,-0.2,4.7,4.7,0.0,8.0,61,38.4,76.0,175,Rain: Light,0,0,
77552,2022-02-22 20:37:00,40.690926,-73.92066,1,0,Illnes,4504972,13.6,-0.2,4.7,4.7,0.0,8.0,61,38.4,76.0,175,Rain: Light,1,1,
77553,2022-02-21 16:00:00,40.852833,-73.85891,0,0,Other Vehicular,4505265,9.9,-1.9,0.0,0.0,0.0,0.0,3,19.2,35.3,192,Overcast,0,0,
77554,2022-04-13 15:40:00,40.60756,-73.984406,0,0,Driver Inattention/Distraction,4518756,18.9,7.1,0.0,0.0,0.0,0.0,3,18.7,37.4,112,Overcast,0,0,
77555,2022-04-13 09:40:00,40.600113,-74.06348,0,0,Unspecified,4518784,18.9,7.1,0.0,0.0,0.0,0.0,3,18.7,37.4,112,Overcast,0,0,
77556,2022-04-13 08:42:00,40.639812,-73.90662,0,0,Driver Inattention/Distraction,4519015,18.9,7.1,0.0,0.0,0.0,0.0,3,18.7,37.4,112,Overcast,0,0,
77557,2022-04-15 18:00:00,40.676476,-73.87029,0,0,Backing Unsafely,4519654,19.2,6.3,0.1,0.1,0.0,1.0,51,26.9,46.1,243,Drizzle: Light,0,0,
77558,2022-04-14 09:00:00,40.68075,-73.742,0,0,Unspecified,4518984,28.1,13.9,0.2,0.2,0.0,2.0,51,25.9,46.1,249,Drizzle: Light,0,0,
77559,2022-04-08 12:50:00,40.677048,-73.98004,1,0,Passing or Lane Usage Improper,4519901,16.5,7.1,5.2,5.2,0.0,4.0,63,21.3,42.8,253,Rain: Moderate,1,1,
77560,2022-04-13 19:00:00,40.695713,-73.926506,0,0,Driver Inattention/Distraction,4518989,18.9,7.1,0.0,0.0,0.0,0.0,3,18.7,37.4,112,Overcast,0,0,
77561,2022-04-14 23:50:00,40.675373,-73.8722,0,0,Unspecified,4519176,28.1,13.9,0.2,0.2,0.0,2.0,51,25.9,46.1,249,Drizzle: Light,0,0,