,CRASH DATETIME,LATITUDE,LONGITUDE,NUMBER OF PERSONS INJURED,NUMBER OF PERSONS KILLED,CONTRIBUTING FACTOR VEHICLE 1,COLLISION_ID,temperature_2m_max,temperature_2m_min,precipitation_sum,rain_sum,snowfall_sum,precipitation_hours,weather_code,wind_speed_10m_max,wind_gusts_10m_max,wind_direction_10m_dominant,Weather Description,Severity_Score,Total_Affected_Persons,Weather_Category
77562,2022-04-12 23:55:00,40.69832,-73.962265,0,0,Unspecified,4519286,20.4,7.7,1.6,1.6,0.0,3.0,53,17.8,36.0,271,Drizzle: Moderate,0,0,
77563,2022-04-13 06:35:00,40.75831,-73.96294,0,0,Unspecified,4518654,18.9,7.1,0.0,0.0,0.0,0.0,3,18.7,37.4,112,Overcast,0,0,
77564,2022-04-13 08:30:00,40.706596,-73.94309,0,0,Turning Improperly,4519495,18.9,7.1,0.0,0.0,0.0,0.0,3,18.7,37.4,112,Overcast,0,0,
77565,2022-04-14 02:10:00,40.74763,-73.88394,0,0,Driver Inattention/Distraction,4519215,28.1,13.9,0.2,0.2,0.0,2.0,51,25.9,46.1,249,Drizzle: Light,0,0,
77566,2022-04-15 17:13:00,40.676937,-73.92183,0,0,Driver Inattention/Distraction,4519732,19.2,6.3,0.1,0.1,0.0,1.0,51,26.9,46.1,243,Drizzle: Light,0,0,
77567,2022-03-31 12:40:00,40.799816,-73.956184,0,0,Following Too Closely,4519358,19.0,3.5,12.0,12.0,0.0,4.0,65,37.8,67.3,194,Rain: Heavy,0,0,
77568,2022-04-15 16:02:00,40.754986,-73.74535,1,0,Following Too Closely,4519308,19.2,6.3,0.1,0.1,0.0,1.0,51,26.9,46.1,243,Drizzle: Light,1,1,
77569,2022-04-13 00:00:00,40.844124,-73.88083,1,0,Driver Inattention/Distraction,4518888,18.9,7.1,0.0,0.0,0.0,0.0,3,18.7,37.4,112,Overcast,1,1,
77570,2022-04-01 14:02:00,40.70139,-73.83153,1,0,Failure to Yield Right-of-Way,4519183,15.2,5.3,1.4,1.4,0.0,8.0,51,33.1,61.9,277,Drizzle: Light,1,1,
77571,2022-04-07 13:34:00,40.650055,-73.90739,0,0,Unspecified,4519316,11.5,5.6,74.1,74.1,0.0,14.0,65,35.0,64.8,98,Rain: Heavy,0,0,
77572,2022-04-11 06:35:00,40.735374,-73.91917,1,0,Driver Inattention/Distraction,4519472,13.1,1.8,0.0,0.0,0.0,0.0,3,18.6,36.4,246,Overcast,1,1,
77573,2022-04-14 08:00:00,40.76684,-73.838264,2,0,Driver Inattention/Distraction,4519204,28.1,13.9,0.2,0.2,0.0,2.0,51,25.9,46.1,249,Drizzle: Light,2,2,
77574,2022-04-13 13:30:00,40.70738,-73.91849,0,0,Backing Unsafely,4519596,18.9,7.1,0.0,0.0,0.0,0.0,3,18.7,37.4,112,Overcast,0,0,
77575,2022-04-11 15:12:00,40.69696,-73.79273,1,0,Driver Inattention/Distraction,4519416,13.1,1.8,0.0,0.0,0.0,0.0,3,18.6,36.4,246,Overcast,1,1,
77576,2022-04-13 01:10:00,40.84075,-73.872536,4,0,Alcohol Involvement,4518710,18.9,7.1,0.0,0.0,0.0,0.0,3,18.7,37.4,112,Overcast,4,4,
77577,2022-04-15 10:58:00,40.77624,-73.94691,0,0,Driver Inattention/Distraction,4519809,19.2,6.3,0.1,0.1,0.0,1.0,51,26.9,46.1,243,Drizzle: Light,0,0,
77578,2022-03-29 18:00:00,40.54973,-74.18442,0,0,Driver Inexperience,4519181,3.3,-5.2,0.0,0.0,0.0,0.0,2,29.3,54.4,311,Partly cloudy,0,0,
77579,2022-04-09 04:05:00,40.871193,-73.9141,0,0,Driver Inattention/Distraction,4519706,13.6,5.0,4.8,4.8,0.0,12.0,55,20.1,42.8,263,Drizzle: Dense,0,0,
77580,2022-04-15 15:00:00,40.70638,-73.79998,0,0,Unspecified,4519618,19.2,6.3,0.1,0.1,0.0,1.0,51,26.9,46.1,243,Drizzle: Light,0,0,
77581,2022-04-14 19:30:00,40.629654,-73.96509,1,0,Traffic Control Disregarded,4519545,28.1,13.9,0.2,0.2,0.0,2.0,51,25.9,46.1,249,Drizzle: Light,1,1,
77582,2022-04-14 05:10:00,40.6644,-73.993935,1,0,Unspecified,4518939,28.1,13.9,0.2,0.2,0.0,2.0,51,25.9,46.1,249,Drizzle: Light,1,1,
77583,2022-04-15 16:07:00,40.6315,-73.99581,0,0,Unspecified,4519520,19.2,6.3,0.1,0.1,0.0,1.0,51,26.9,46.1,243,Drizzle: Light,0,0,
77584,2022-04-13 07:50:00,40.73688,-73.90564,0,0,Unspecified,4518611,18.9,7.1,0.0,0.0,0.0,0.0,3,18.7,37.4,112,Overcast,0,0,
77585,2022-04-14 13:50:00,40.70316,-73.96588,1,0,Following Too Closely,4519760,28.1,13.9,0.2,0.2,0.0,2.0,51,25.9,46.1,249,Drizzle: Light,1,1,
77586,2022-04-13 15:40:00,40.851223,-73.85523,0,0,Other Vehicular,4518799,18.9,7.1,0.0,0.0,0.0,0.0,3,18.7,37.4,112,Overcast,0,0,
77587,2022-04-13 22:50:00,40.71485,-73.74108,1,0,Driver Inattention/Distraction,4518982,18.9,7.1,0.0,0.0,0.0,0.0,3,18.7,37.4,112,Overcast,1,1,
77588,2022-04-09 21:30:00,40.658478,-73.92818,3,0,Other Vehicular,4519231,13.6,5.0,4.8,4.8,0.0,12.0,55,20.1,42.8,263,Drizzle: Dense,3,3,
77589,2022-04-14 08:30:00,40.59219,-73.97492,1,0,Unspecified,4519159,28.1,13.9,0.2,0.2,0.0,2.0,51,25.9,46.1,249,Drizzle: Light,1,1,
77590,2022-04-15 11:19:00,40.74568,-73.97213,0,0,Driver Inattention/Distraction,4519291,19.2,6.3,0.1,0.1,0.0,1.0,51,26.9,46.1,243,Drizzle: Light,0,0,
77591,2022-04-15 17:40:00,40.863247,-73.86984,0,0,Driver Inattention/Distraction,4519464,19.2,6.3,0.1,0.1,0.0,1.0,51,26.9,46.1,243,Drizzle: Light,0,0,
77592,2022-04-14 15:10:00,40.6421,-73.99207,0,0,Unspecified,4519514,28.1,13.9,0.2,0.2,0.0,2.0,51,25.9,46.1,249,Drizzle: Light,0,0,
77593,2022-04-13 07:50:00,40.638763,-73.956635,0,0,Unspecified,4519544,18.9,7.1,0.0,0.0,0.0,0.0,3,18.7,37.4,112,Overcast,0,0,
77594,2022-04-15 12:30:00,40.707638,-73.96739,0,0,Unspecified,4519353,19.2,6.3,0.1,0.1,0.0,1.0,51,26.9,46.1,243,Drizzle: Light,0,0,
77595,2022-04-13 17:50:00,40.818798,-73.89213,0,0,Driver Inattention/Distraction,4518742,18.9,7.1,0.0,0.0,0.0,0.0,3,18.7,37.4,112,Overcast,0,0,
77596,2022-04-13 08:35:00,40.719112,-73.9792,0,0,Unspecified,4519086,18.9,7.1,0.0,0.0,0.0,0.0,3,18.7,37.4,112,Overcast,0,0,
77597,2022-04-15 18:04:00,40.748913,-73.9374,1,0,Driver Inattention/Distraction,4519310,19.2,6.3,0.1,0.1,0.0,1.0,51,26.9,46.1,243,Drizzle: Light,1,1,
77598,2022-04-14 14:30:00,40.70591,-73.951096,0,0,Other Vehicular,4519063,28.1,13.9,0.2,0.2,0.0,2.0,51,25.9,46.1,249,Drizzle: Light,0,0,
77599,2022-04-10 16:40:00,40.767193,-73.93759,0,0,Backing Unsafely,4519570,9.8,3.5,0.0,0.0,0.0,0.0,3,29.3,54.4,307,Overcast,0,0,
77600,2022-04-13 14:00:00,40.719288,-73.80398,1,0,Driver Inattention/Distraction,4519295,18.9,7.1,0.0,0.0,0.0,0.0,3,18.7,37.4,112,Overcast,1,1,
77601,2022-04-13 19:42:00,40.59783,-73.96549,2,0,Unspecified,4518834,18.9,7.1,0.0,0.0,0.0,0.0,3,18.7,37.4,112,Overcast,2,2,
77602,2022-04-12 17:30:00,40.740364,-73.85646,0,0,Reaction to Uninvolved Vehicle,4519208,20.4,7.7,1.6,1.6,0.0,3.0,53,17.8,36.0,271,Drizzle: Moderate,0,0,
77603,2022-04-15 08:47:00,40.732838,-73.783936,0,0,Driver Inattention/Distraction,4519437,19.2,6.3,0.1,0.1,0.0,1.0,51,26.9,46.1,243,Drizzle: Light,0,0,
77604,2022-04-13 16:15:00,40.633278,-73.983185,1,0,Unspecified,4518822,18.9,7.1,0.0,0.0,0.0,0.0,3,18.7,37.4,112,Overcast,1,1,
77605,2022-04-14 15:15:00,40.613895,-74.01051,0,0,Driver Inattention/Distraction,4519021,28.1,13.9,0.2,0.2,0.0,2.0,51,25.9,46.1,249,Drizzle: Light,0,0,
77606,2022-04-15 16:00:00,40.680664,-73.902626,0,0,Passing or Lane Usage Improper,4519652,19.2,6.3,0.1,0.1,0.0,1.0,51,26.9,46.1,243,Drizzle: Light,0,0,
77607,2022-04-14 12:46:00,40.69003,-73.93048,1,0,Failure to Yield Right-of-Way,4519687,28.1,13.9,0.2,0.2,0.0,2.0,51,25.9,46.1,249,Drizzle: Light,1,1,
77608,2022-03-30 10:50:00,40.75897,-73.94031,0,0,Passing or Lane Usage Improper,4519383,5.9,-3.5,0.0,0.0,0.0,0.0,3,17.0,30.6,215,Overcast,0,0,
77609,2022-04-15 20:14:00,40.686287,-73.9695,1,0,Unspecified,4519484,19.2,6.3,0.1,0.1,0.0,1.0,51,26.9,46.1,243,Drizzle: Light,1,1,
77610,2022-04-15 22:18:00,40.71036,-73.942,1,0,Pedestrian/Bicyclist/Other Pedestrian Error/Confusion,4519351,19.2,6.3,0.1,0.1,0.0,1.0,51,26.9,46.1,243,Drizzle: Light,1,1,
77611,2022-04-15 06:00:00,40.739033,-74.00256,0,0,Unspecified,4519836,19.2,6.3,0.1,0.1,0.0,1.0,51,26.9,46.1,243,Drizzle: Light,0,0,
77612,2022-04-13 20:10:00,40.72811,-73.78065,0,0,Unspecified,4519046,18.9,7.1,0.0,0.0,0.0,0.0,3,18.7,37.4,112,Overcast,0,0,
77613,2022-04-13 11:00:00,40.61659,-73.96363,1,0,Failure to Yield Right-of-Way,4518846,18.9,7.1,0.0,0.0,0.0,0.0,3,18.7,37.4,112,Overcast,1,1,
77614,2022-04-14 18:52:00,40.754387,-73.89653,1,0,Driver Inattention/Distraction,4519213,28.1,13.9,0.2,0.2,0.0,2.0,51,25.9,46.1,249,Drizzle: Light,1,1,
77615,2022-04-14 18:00:00,40.592236,-74.18978,0,0,Driver Inattention/Distraction,4519863,28.1,13.9,0.2,0.2,0.0,2.0,51,25.9,46.1,249,Drizzle: Light,0,0,
77616,2022-04-15 18:40:00,40.690292,-73.98444,1,0,Driver Inattention/Distraction,4519500,19.2,6.3,0.1,0.1,0.0,1.0,51,26.9,46.1,243,Drizzle: Light,1,1,
77617,2022-04-14 13:33:00,40.668507,-73.92561,2,0,Failure to Yield Right-of-Way,4519702,28.1,13.9,0.2,0.2,0.0,2.0,51,25.9,46.1,249,Drizzle: Light,2,2,
77618,2022-04-10 17:50:00,40.610996,-74.176605,6,0,Unsafe Speed,4519373,9.8,3.5,0.0,0.0,0.0,0.0,3,29.3,54.4,307,Overcast,6,6,
77619,2022-04-14 14:00:00,40.597168,-73.97149,1,0,Unspecified,4519164,28.1,13.9,0.2,0.2,0.0,2.0,51,25.9,46.1,249,Drizzle: Light,1,1,
77620,2022-04-12 15:50:00,40.79799,-73.96199,0,0,Passing or Lane Usage Improper,4519816,20.4,7.7,1.6,1.6,0.0,3.0,53,17.8,36.0,271,Drizzle: Moderate,0,0,
77621,2022-04-13 16:20:00,40.638577,-73.90414,1,0,Driver Inattention/Distraction,4518737,18.9,7.1,0.0,0.0,0.0,0.0,3,18.7,37.4,112,Overcast,1,1,
77622,2022-04-14 11:55:00,40.808437,-73.904724,0,0,Passing or Lane Usage Improper,4519149,28.1,13.9,0.2,0.2,0.0,2.0,51,25.9,46.1,249,Drizzle: Light,0,0,
77623,2022-04-14 19:00:00,40.732018,-73.919044,0,0,Driver Inattention/Distraction,4519094,28.1,13.9,0.2,0.2,0.0,2.0,51,25.9,46.1,249,Drizzle: Light,0,0,
77624,2022-04-14 10:05:00,40.581516,-73.96734,0,0,Unspecified,4518948,28.1,13.9,0.2,0.2,0.0,2.0,51,25.9,46.1,249,Drizzle: Light,0,0,
77625,2022-04-12 15:48:00,40.830154,-73.93964,1,0,Backing Unsafely,4519609,20.4,7.7,1.6,1.6,0.0,3.0,53,17.8,36.0,271,Drizzle: Moderate,1,1,
77626,2022-04-06 16:15:00,40.74572,-73.86773,0,0,Driver Inattention/Distraction,4519196,12.5,6.2,17.5,17.5,0.0,14.0,61,31.2,62.3,55,Rain: Light,0,0,
77627,2022-04-14 17:35:00,40.7606,-73.964325,0,0,Driver Inattention/Distraction,4519235,28.1,13.9,0.2,0.2,0.0,2.0,51,25.9,46.1,249,Drizzle: Light,0,0,
77628,2022-04-14 12:20:00,40.696663,-73.98085,0,0,Unspecified,4519000,28.1,13.9,0.2,0.2,0.0,2.0,51,25.9,46.1,249,Drizzle: Light,0,0,
77629,2022-04-13 20:30:00,40.75806,-73.81402,0,0,Unspecified,4518765,18.9,7.1,0.0,0.0,0.0,0.0,3,18.7,37.4,112,Overcast,0,0,
77630,2022-04-13 09:20:00,40.701912,-73.93699,1,0,Failure to Yield Right-of-Way,4518868,18.9,7.1,0.0,0.0,0.0,0.0,3,18.7,37.4,112,Overcast,1,1,
77631,2022-04-14 18:00:00,40.689415,-73.74008,0,0,Traffic Control Disregarded,4519246,28.1,13.9,0.2,0.2,0.0,2.0,51,25.9,46.1,249,Drizzle: Light,0,0,
77632,2022-04-14 07:15:00,40.75544,-73.72199,0,0,Passing or Lane Usage Improper,4518976,28.1,13.9,0.2,0.2,0.0,2.0,51,25.9,46.1,249,Drizzle: Light,0,0,
77633,2022-04-13 22:00:00,40.69035,-73.807045,0,0,Unsafe Speed,4518907,18.9,7.1,0.0,0.0,0.0,0.0,3,18.7,37.4,112,Overcast,0,0,
77634,2022-04-14 08:45:00,40.666893,-73.80546,0,0,Unsafe Lane Changing,4519775,28.1,13.9,0.2,0.2,0.0,2.0,51,25.9,46.1,249,Drizzle: Light,0,0,
77635,2022-04-08 14:27:00,40.60301,-74.016884,0,0,Driver Inattention/Distraction,4519263,16.5,7.1,5.2,5.2,0.0,4.0,63,21.3,42.8,253,Rain: Moderate,0,0,
77636,2022-04-13 21:50:00,40.663116,-73.915886,1,0,Unspecified,4519887,18.9,7.1,0.0,0.0,0.0,0.0,3,18.7,37.4,112,Overcast,1,1,
77637,2022-04-15 21:30:00,40.626358,-74.13231,2,0,Unsafe Speed,4519882,19.2,6.3,0.1,0.1,0.0,1.0,51,26.9,46.1,243,Drizzle: Light,2,2,
77638,2022-04-13 07:52:00,40.68064,-73.89672,0,0,Unspecified,4518675,18.9,7.1,0.0,0.0,0.0,0.0,3,18.7,37.4,112,Overcast,0,0,
77639,2022-04-13 06:54:00,40.76636,-73.96309,0,0,Unspecified,4518583,18.9,7.1,0.0,0.0,0.0,0.0,3,18.7,37.4,112,Overcast,0,0,
77640,2022-04-13 13:00:00,40.67541,-73.80365,0,0,Turning Improperly,4518803,18.9,7.1,0.0,0.0,0.0,0.0,3,18.7,37.4,112,Overcast,0,0,
77641,2022-04-15 00:06:00,40.721275,-73.98931,0,0,Alcohol Involvement,4519459,19.2,6.3,0.1,0.1,0.0,1.0,51,26.9,46.1,243,Drizzle: Light,0,0,
77642,2022-04-14 16:27:00,40.884346,-73.88706,1,0,Driver Inattention/Distraction,4519131,28.1,13.9,0.2,0.2,0.0,2.0,51,25.9,46.1,249,Drizzle: Light,1,1,
77643,2022-04-13 05:00:00,40.685368,-73.9109,0,0,Driver Inattention/Distraction,4518877,18.9,7.1,0.0,0.0,0.0,0.0,3,18.7,37.4,112,Overcast,0,0,
77644,2022-04-13 16:56:00,40.7371,-73.90372,2,0,Passing or Lane Usage Improper,4518769,18.9,7.1,0.0,0.0,0.0,0.0,3,18.7,37.4,112,Overcast,2,2,
77645,2022-04-14 14:30:00,40.793488,-73.94328,0,0,Passing or Lane Usage Improper,4519223,28.1,13.9,0.2,0.2,0.0,2.0,51,25.9,46.1,249,Drizzle: Light,0,0,
77646,2022-04-14 18:30:00,40.706985,-73.928665,0,0,Pedestrian/Bicyclist/Other Pedestrian Error/Confusion,4519067,28.1,13.9,0.2,0.2,0.0,2.0,51,25.9,46.1,249,Drizzle: Light,0,0,
77647,2022-04-14 22:00:00,40.627403,-73.99926,0,0,Driver Inattention/Distraction,4519082,28.1,13.9,0.2,0.2,0.0,2.0,51,25.9,46.1,249,Drizzle: Light,0,0,
77648,2022-04-10 15:40:00,40.781273,-73.976006,0,0,Unspecified,4519278,9.8,3.5,0.0,0.0,0.0,0.0,3,29.3,54.4,307,Overcast,0,0,
77649,2022-04-09 19:30:00,40.840225,-73.91769,0,0,Passing or Lane Usage Improper,4519366,13.6,5.0,4.8,4.8,0.0,12.0,55,20.1,42.8,263,Drizzle: Dense,0,0,
77650,2022-04-15 07:00:00,40.67532,-73.868095,0,0,Unspecified,4519638,19.2,6.3,0.1,0.1,0.0,1.0,51,26.9,46.1,243,Drizzle: Light,0,0,
77651,2022-04-15 15:05:00,40.688957,-73.79824,2,0,Failure to Yield Right-of-Way,4519330,19.2,6.3,0.1,0.1,0.0,1.0,51,26.9,46.1,243,Drizzle: Light,2,2,
77652,2022-04-07 19:03:00,40.82249,-73.915504,0,0,Unspecified,4519850,11.5,5.6,74.1,74.1,0.0,14.0,65,35.0,64.8,98,Rain: Heavy,0,0,
77653,2022-04-14 08:47:00,40.636353,-74.003395,0,0,Unspecified,4519111,28.1,13.9,0.2,0.2,0.0,2.0,51,25.9,46.1,249,Drizzle: Light,0,0,
77654,2022-04-12 16:10:00,40.652527,-73.94297,0,0,Unspecified,4519228,20.4,7.7,1.6,1.6,0.0,3.0,53,17.8,36.0,271,Drizzle: Moderate,0,0,
77655,2022-04-14 10:56:00,40.733204,-73.88838,0,0,Failure to Yield Right-of-Way,4519677,28.1,13.9,0.2,0.2,0.0,2.0,51,25.9,46.1,249,Drizzle: Light,0,0,
77656,2022-04-14 15:00:00,40.768795,-73.958374,0,0,Driver Inattention/Distraction,4519191,28.1,13.9,0.2,0.2,0.0,2.0,51,25.9,46.1,249,Drizzle: Light,0,0,
77657,2022-04-14 18:11:00,40.81881,-73.92828,0,0,Driver Inattention/Distraction,4519422,28.1,13.9,0.2,0.2,0.0,2.0,51,25.9,46.1,249,Drizzle: Light,0,0,
77658,2022-04-15 21:25:00,40.758545,-73.833145,1,0,Failure to Yield Right-of-Way,4519401,19.2,6.3,0.1,0.1,0.0,1.0,51,26.9,46.1,243,Drizzle: Light,1,1,
77659,2022-04-13 13:46:00,40.655186,-73.954124,1,0,Pedestrian/Bicyclist/Other Pedestrian Error/Confusion,4518815,18.9,7.1,0.0,0.0,0.0,0.0,3,18.7,37.4,112,Overcast,1,1,
77660,2022-04-11 14:52:00,40.68177,-73.93703,0,0,Unspecified,4519731,13.1,1.8,0.0,0.0,0.0,0.0,3,18.6,36.4,246,Overcast,0,0,
77661,2022-04-14 18:15:00,40.686302,-73.793915,1,0,Failure to Yield Right-of-Way,4519036,28.1,13.9,0.2,0.2,0.0,2.0,51,25.9,46.1,249,Drizzle: Light,1,1,
77662,2022-04-15 00:14:00,40.692547,-73.90736,0,0,Steering Failure,4519143,19.2,6.3,0.1,0.1,0.0,1.0,51,26.9,46.1,243,Drizzle: Light,0,0,
77663,2022-04-14 17:50:00,40.856037,-73.83284,0,0,Unspecified,4519554,28.1,13.9,0.2,0.2,0.0,2.0,51,25.9,46.1,249,Drizzle: Light,0,0,
77664,2022-04-13 16:00:00,40.79286,-73.96754,0,0,Unsafe Lane Changing,4519820,18.9,7.1,0.0,0.0,0.0,0.0,3,18.7,37.4,112,Overcast,0,0,
77665,2022-04-14 22:00:00,40.70274,-73.74414,2,0,Driver Inattention/Distraction,4519292,28.1,13.9,0.2,0.2,0.0,2.0,51,25.9,46.1,249,Drizzle: Light,2,2,
77666,2022-04-14 08:24:00,40.67169,-73.816635,1,0,Traffic Control Disregarded,4519160,28.1,13.9,0.2,0.2,0.0,2.0,51,25.9,46.1,249,Drizzle: Light,1,1,
77667,2022-04-07 13:12:00,40.78056,-73.98022,1,0,Oversized Vehicle,4519277,11.5,5.6,74.1,74.1,0.0,14.0,65,35.0,64.8,98,Rain: Heavy,1,1,
77668,2022-04-01 20:00:00,40.73574,-73.872665,2,0,Driver Inexperience,4519255,15.2,5.3,1.4,1.4,0.0,8.0,51,33.1,61.9,277,Drizzle: Light,2,2,
77669,2022-04-13 13:44:00,40.813095,-73.89827,1,0,Driver Inattention/Distraction,4518723,18.9,7.1,0.0,0.0,0.0,0.0,3,18.7,37.4,112,Overcast,1,1,
77670,2022-04-13 07:55:00,40.674747,-73.9417,0,0,Other Vehicular,4518966,18.9,7.1,0.0,0.0,0.0,0.0,3,18.7,37.4,112,Overcast,0,0,
77671,2022-04-14 13:30:00,40.788555,-73.7787,0,0,Following Too Closely,4519099,28.1,13.9,0.2,0.2,0.0,2.0,51,25.9,46.1,249,Drizzle: Light,0,0,
77672,2022-04-13 16:00:00,40.788982,-73.93039,0,0,Alcohol Involvement,4518925,18.9,7.1,0.0,0.0,0.0,0.0,3,18.7,37.4,112,Overcast,0,0,
77673,2022-04-13 07:56:00,40.845554,-73.88749,1,0,Backing Unsafely,4518698,18.9,7.1,0.0,0.0,0.0,0.0,3,18.7,37.4,112,Overcast,1,1,
77674,2022-04-13 15:35:00,40.633446,-73.91097,4,0,Driver Inattention/Distraction,4518759,18.9,7.1,0.0,0.0,0.0,0.0,3,18.7,37.4,112,Overcast,4,4,
77675,2022-04-14 19:35:00,40.72015,-73.93783,1,0,Pedestrian/Bicyclist/Other Pedestrian Error/Confusion,4519250,28.1,13.9,0.2,0.2,0.0,2.0,51,25.9,46.1,249,Drizzle: Light,1,1,
77676,2022-04-13 07:00:00,40.7609,-73.87018,0,0,Unspecified,4519004,18.9,7.1,0.0,0.0,0.0,0.0,3,18.7,37.4,112,Overcast,0,0,
77677,2022-04-13 15:40:00,40.657665,-74.00093,1,0,Driver Inexperience,4518990,18.9,7.1,0.0,0.0,0.0,0.0,3,18.7,37.4,112,Overcast,1,1,
77678,2022-04-13 08:30:00,40.766857,-73.76269,1,0,Driver Inattention/Distraction,4518664,18.9,7.1,0.0,0.0,0.0,0.0,3,18.7,37.4,112,Overcast,1,1,
77679,2022-04-12 18:00:00,40.60301,-74.016884,0,0,Following Too Closely,4519267,20.4,7.7,1.6,1.6,0.0,3.0,53,17.8,36.0,271,Drizzle: Moderate,0,0,
77680,2022-04-13 07:55:00,40.66677,-73.98831,2,0,Following Too Closely,4519899,18.9,7.1,0.0,0.0,0.0,0.0,3,18.7,37.4,112,Overcast,2,2,
77681,2021-08-23 13:42:00,40.704422,-73.792854,2,0,Aggressive Driving/Road Rage,4450946,28.7,22.0,36.1,36.1,0.0,19.0,65,27.4,49.3,230,Rain: Heavy,2,2,
77682,2021-08-22 03:00:00,40.620914,-73.9753,1,0,Failure to Yield Right-of-Way,4450965,23.9,22.5,56.2,56.2,0.0,21.0,63,19.8,36.0,299,Rain: Moderate,1,1,
77683,2021-08-24 02:26:00,40.702614,-73.96058,2,0,Unsafe Speed,4450935,30.6,21.9,0.0,0.0,0.0,0.0,1,13.9,28.1,291,Mainly clear,2,2,Sunny/Clear Conditions
77684,2021-06-20 05:40:00,40.719788,-73.94404,1,0,Alcohol Involvement,4450962,28.7,17.3,0.3,0.3,0.0,2.0,51,19.5,40.0,212,Drizzle: Light,1,1,
77685,2021-08-23 07:00:00,40.702053,-73.78561,0,0,Unspecified,4450945,28.7,22.0,36.1,36.1,0.0,19.0,65,27.4,49.3,230,Rain: Heavy,0,0,
77686,2021-08-24 16:00:00,40.71249,-73.93848,0,0,Unspecified,4450939,30.6,21.9,0.0,0.0,0.0,0.0,1,13.9,28.1,291,Mainly clear,0,0,Sunny/Clear Conditions
77687,2021-08-20 16:04:00,40.817574,-73.90359,1,0,Failure to Yield Right-of-Way,4450953,26.9,22.0,1.1,1.1,0.0,5.0,53,12.4,22.0,310,Drizzle: Moderate,1,1,
77688,2021-08-21 18:38:00,40.691277,-73.7951,0,0,Aggressive Driving/Road Rage,4450943,27.2,23.0,0.8,0.8,0.0,6.0,51,14.3,29.5,109,Drizzle: Light,0,0,
77689,2022-04-14 11:41:00,40.63659,-73.994736,0,0,Passing or Lane Usage Improper,4519112,28.1,13.9,0.2,0.2,0.0,2.0,51,25.9,46.1,249,Drizzle: Light,0,0,
77690,2022-03-22 20:10:00,40.626217,-74.15783,2,0,Driver Inattention/Distraction,4519218,12.8,3.9,0.0,0.0,0.0,0.0,3,23.1,44.3,311,Overcast,2,2,
77691,2022-04-12 17:50:00,40.71755,-73.99932,0,0,Following Too Closely,4519524,20.4,7.7,1.6,1.6,0.0,3.0,53,17.8,36.0,271,Drizzle: Moderate,0,0,
77692,2022-04-14 12:44:00,40.719166,-73.94854,1,0,Failure to Yield Right-of-Way,4519787,28.1,13.9,0.2,0.2,0.0,2.0,51,25.9,46.1,249,Drizzle: Light,1,1,
77693,2022-04-13 15:50:00,40.748226,-73.75979,2,0,Unsafe Lane Changing,4519454,18.9,7.1,0.0,0.0,0.0,0.0,3,18.7,37.4,112,Overcast,2,2,
77694,2021-12-26 16:34:00,40.69819,-73.96191,1,0,Unspecified,4490116,8.9,3.4,0.0,0.0,0.0,0.0,3,21.9,38.9,316,Overcast,1,1,
77695,2021-12-25 22:45:00,40.8375,-73.91061,1,0,Reaction to Uninvolved Vehicle,4490172,8.8,0.5,6.1,6.1,0.0,14.0,55,14.5,24.8,284,Drizzle: Dense,1,1,
77696,2022-01-01 20:43:00,40.64816,-73.88288,2,0,Turning Improperly,4491555,11.7,7.5,19.4,19.4,0.0,19.0,63,13.9,22.3,161,Rain: Moderate,2,2,
77697,2022-01-09 20:02:00,40.761112,-73.86814,2,0,Traffic Control Disregarded,4493423,4.0,-5.3,5.1,5.1,0.0,12.0,53,23.8,42.1,220,Drizzle: Moderate,2,2,
77698,2022-01-14 15:20:00,40.67043,-73.928185,0,0,Driver Inattention/Distraction,4494590,5.0,-5.0,0.0,0.0,0.0,0.0,3,34.6,62.6,358,Overcast,0,0,
77699,2022-01-14 22:20:00,40.72106,-73.75945,1,0,Driver Inattention/Distraction,4495060,5.0,-5.0,0.0,0.0,0.0,0.0,3,34.6,62.6,358,Overcast,1,1,
77700,2022-01-23 09:48:00,40.776188,-73.90596,3,0,Driver Inattention/Distraction,4496758,2.8,-6.1,0.5,0.0,0.35,3.0,71,14.2,28.1,243,Snow fall: Light,3,3,Snowy Conditions
77701,2022-01-24 06:36:00,40.86442,-73.90389,1,0,Passing or Lane Usage Improper,4496870,0.2,-2.7,0.3,0.0,0.21,2.0,71,15.1,31.0,307,Snow fall: Light,1,1,Snowy Conditions
77702,2022-01-22 10:15:00,40.869633,-73.82653,0,0,Unspecified,4496945,-1.3,-12.3,0.0,0.0,0.0,0.0,3,18.4,32.8,1,Overcast,0,0,
77703,2022-01-25 22:20:00,40.69099,-73.99175,3,0,Failure to Yield Right-of-Way,4497347,6.3,-3.9,0.0,0.0,0.0,0.0,3,16.9,33.8,270,Overcast,3,3,
77704,2022-01-26 01:50:00,40.790615,-73.83901,1,0,Failure to Yield Right-of-Way,4497420,-3.1,-8.0,0.0,0.0,0.0,0.0,0,20.5,39.6,328,Clear sky,1,1,Sunny/Clear Conditions
77705,2021-08-24 16:00:00,40.692875,-73.83219,2,0,Failure to Yield Right-of-Way,4450183,30.6,21.9,0.0,0.0,0.0,0.0,1,13.9,28.1,291,Mainly clear,2,2,Sunny/Clear Conditions