,CRASH DATETIME,LATITUDE,LONGITUDE,NUMBER OF PERSONS INJURED,NUMBER OF PERSONS KILLED,CONTRIBUTING FACTOR VEHICLE 1,COLLISION_ID,temperature_2m_max,temperature_2m_min,precipitation_sum,rain_sum,snowfall_sum,precipitation_hours,weather_code,wind_speed_10m_max,wind_gusts_10m_max,wind_direction_10m_dominant,Weather Description,Severity_Score,Total_Affected_Persons,Weather_Category
77706,2021-08-24 11:50:00,40.669476,-73.919975,1,0,Driver Inattention/Distraction,4450238,30.6,21.9,0.0,0.0,0.0,0.0,1,13.9,28.1,291,Mainly clear,1,1,Sunny/Clear Conditions
77707,2021-07-01 07:05:00,40.719105,-73.95635,1,0,Backing Unsafely,4450928,27.8,22.2,25.2,25.2,0.0,12.0,65,10.6,33.1,280,Rain: Heavy,1,1,
77708,2021-08-24 17:51:00,40.846687,-73.905594,0,0,Passing Too Closely,4450650,30.6,21.9,0.0,0.0,0.0,0.0,1,13.9,28.1,291,Mainly clear,0,0,Sunny/Clear Conditions
77709,2021-08-24 00:00:00,40.71406,-73.95292,0,0,Turning Improperly,4449905,30.6,21.9,0.0,0.0,0.0,0.0,1,13.9,28.1,291,Mainly clear,0,0,Sunny/Clear Conditions
77710,2021-08-24 17:24:00,40.66835,-73.738106,1,0,Following Too Closely,4450223,30.6,21.9,0.0,0.0,0.0,0.0,1,13.9,28.1,291,Mainly clear,1,1,Sunny/Clear Conditions
77711,2021-08-24 11:45:00,40.69283,-73.85468,0,0,Passing or Lane Usage Improper,4450341,30.6,21.9,0.0,0.0,0.0,0.0,1,13.9,28.1,291,Mainly clear,0,0,Sunny/Clear Conditions
77712,2021-08-24 20:10:00,40.708324,-73.95766,1,0,Passing or Lane Usage Improper,4450494,30.6,21.9,0.0,0.0,0.0,0.0,1,13.9,28.1,291,Mainly clear,1,1,Sunny/Clear Conditions
77713,2021-08-08 05:47:00,40.814938,-73.9449,0,0,Unspecified,4450751,22.9,19.4,12.7,12.7,0.0,17.0,63,19.9,36.0,38,Rain: Moderate,0,0,
77714,2021-08-16 23:40:00,40.82902,-73.94485,0,0,Unspecified,4450852,26.6,19.9,0.0,0.0,0.0,0.0,3,17.7,33.8,121,Overcast,0,0,
77715,2021-08-24 06:45:00,40.67942,-73.91184,0,0,Unspecified,4449943,30.6,21.9,0.0,0.0,0.0,0.0,1,13.9,28.1,291,Mainly clear,0,0,Sunny/Clear Conditions
77716,2021-08-24 18:20:00,40.60223,-73.93427,1,0,Driver Inattention/Distraction,4450266,30.6,21.9,0.0,0.0,0.0,0.0,1,13.9,28.1,291,Mainly clear,1,1,Sunny/Clear Conditions
77717,2021-08-22 18:20:00,40.697117,-73.93401,0,0,Failure to Yield Right-of-Way,4450682,23.9,22.5,56.2,56.2,0.0,21.0,63,19.8,36.0,299,Rain: Moderate,0,0,
77718,2021-08-18 20:20:00,40.56106,-74.17718,1,0,Driver Inattention/Distraction,4450733,27.0,21.1,1.5,1.5,0.0,5.0,53,24.7,46.8,150,Drizzle: Moderate,1,1,
77719,2021-08-24 01:52:00,40.763596,-73.90972,0,0,Alcohol Involvement,4450450,30.6,21.9,0.0,0.0,0.0,0.0,1,13.9,28.1,291,Mainly clear,0,0,Sunny/Clear Conditions
77720,2021-08-24 07:00:00,40.729877,-73.91774,0,0,Driver Inattention/Distraction,4449981,30.6,21.9,0.0,0.0,0.0,0.0,1,13.9,28.1,291,Mainly clear,0,0,Sunny/Clear Conditions
77721,2021-08-24 16:02:00,40.652363,-73.89137,0,0,Turning Improperly,4450132,30.6,21.9,0.0,0.0,0.0,0.0,1,13.9,28.1,291,Mainly clear,0,0,Sunny/Clear Conditions
77722,2021-08-24 19:30:00,40.782887,-73.9439,0,0,Unspecified,4450291,30.6,21.9,0.0,0.0,0.0,0.0,1,13.9,28.1,291,Mainly clear,0,0,Sunny/Clear Conditions
77723,2021-08-24 18:00:00,40.741623,-74.00698,0,0,Unspecified,4450310,30.6,21.9,0.0,0.0,0.0,0.0,1,13.9,28.1,291,Mainly clear,0,0,Sunny/Clear Conditions
77724,2021-08-24 15:45:00,40.679787,-73.93844,1,0,Driver Inattention/Distraction,4450365,30.6,21.9,0.0,0.0,0.0,0.0,1,13.9,28.1,291,Mainly clear,1,1,Sunny/Clear Conditions
77725,2021-08-24 21:20:00,40.878265,-73.872696,0,0,Backing Unsafely,4450390,30.6,21.9,0.0,0.0,0.0,0.0,1,13.9,28.1,291,Mainly clear,0,0,Sunny/Clear Conditions
77726,2021-08-24 14:25:00,40.625656,-73.94011,0,0,Unspecified,4450108,30.6,21.9,0.0,0.0,0.0,0.0,1,13.9,28.1,291,Mainly clear,0,0,Sunny/Clear Conditions
77727,2021-08-24 09:10:00,40.61132,-74.114716,0,0,Following Too Closely,4450049,30.6,21.9,0.0,0.0,0.0,0.0,1,13.9,28.1,291,Mainly clear,0,0,Sunny/Clear Conditions
77728,2021-08-12 00:17:00,40.861862,-73.91275,0,0,Traffic Control Disregarded,4450790,35.2,23.1,0.0,0.0,0.0,0.0,3,21.0,47.5,220,Overcast,0,0,
77729,2021-08-21 00:26:00,40.740334,-74.00209,1,0,Passing or Lane Usage Improper,4450828,27.2,23.0,0.8,0.8,0.0,6.0,51,14.3,29.5,109,Drizzle: Light,1,1,
77730,2021-08-23 19:15:00,40.65944,-73.93018,0,0,Unspecified,4450867,28.7,22.0,36.1,36.1,0.0,19.0,65,27.4,49.3,230,Rain: Heavy,0,0,
77731,2021-08-24 12:00:00,40.826275,-73.85971,0,0,Unspecified,4450093,30.6,21.9,0.0,0.0,0.0,0.0,1,13.9,28.1,291,Mainly clear,0,0,Sunny/Clear Conditions
77732,2021-08-24 07:30:00,40.709812,-73.96657,0,0,Unspecified,4450055,30.6,21.9,0.0,0.0,0.0,0.0,1,13.9,28.1,291,Mainly clear,0,0,Sunny/Clear Conditions
77733,2021-08-24 17:30:00,40.68708,-73.913895,1,0,Traffic Control Disregarded,4450694,30.6,21.9,0.0,0.0,0.0,0.0,1,13.9,28.1,291,Mainly clear,1,1,Sunny/Clear Conditions
77734,2021-08-24 12:20:00,40.879803,-73.878914,0,0,Passing Too Closely,4450127,30.6,21.9,0.0,0.0,0.0,0.0,1,13.9,28.1,291,Mainly clear,0,0,Sunny/Clear Conditions
77735,2021-08-24 07:00:00,40.871174,-73.891106,0,0,Unspecified,4449999,30.6,21.9,0.0,0.0,0.0,0.0,1,13.9,28.1,291,Mainly clear,0,0,Sunny/Clear Conditions
77736,2021-08-24 17:39:00,40.870243,-73.89356,1,0,Unspecified,4450388,30.6,21.9,0.0,0.0,0.0,0.0,1,13.9,28.1,291,Mainly clear,1,1,Sunny/Clear Conditions
77737,2021-08-24 18:00:00,40.65639,-73.9738,1,0,Other Vehicular,4450255,30.6,21.9,0.0,0.0,0.0,0.0,1,13.9,28.1,291,Mainly clear,1,1,Sunny/Clear Conditions
77738,2021-08-24 22:08:00,40.775642,-73.958405,1,0,Driver Inattention/Distraction,4450271,30.6,21.9,0.0,0.0,0.0,0.0,1,13.9,28.1,291,Mainly clear,1,1,Sunny/Clear Conditions
77739,2021-08-24 21:10:00,40.6468,-73.88496,0,0,Alcohol Involvement,4450424,30.6,21.9,0.0,0.0,0.0,0.0,1,13.9,28.1,291,Mainly clear,0,0,Sunny/Clear Conditions
77740,2021-08-24 23:15:00,40.84645,-73.91439,0,0,Driver Inattention/Distraction,4450314,30.6,21.9,0.0,0.0,0.0,0.0,1,13.9,28.1,291,Mainly clear,0,0,Sunny/Clear Conditions
77741,2021-08-24 16:15:00,40.805737,-73.94065,0,0,Unspecified,4450400,30.6,21.9,0.0,0.0,0.0,0.0,1,13.9,28.1,291,Mainly clear,0,0,Sunny/Clear Conditions
77742,2021-08-24 08:30:00,40.6841,-73.76566,0,0,Following Too Closely,4450034,30.6,21.9,0.0,0.0,0.0,0.0,1,13.9,28.1,291,Mainly clear,0,0,Sunny/Clear Conditions
77743,2021-08-24 12:00:00,40.893692,-73.85723,0,0,Passing or Lane Usage Improper,4450118,30.6,21.9,0.0,0.0,0.0,0.0,1,13.9,28.1,291,Mainly clear,0,0,Sunny/Clear Conditions
77744,2021-08-23 08:24:00,40.52599,-74.22536,0,0,Pavement Slippery,4450773,28.7,22.0,36.1,36.1,0.0,19.0,65,27.4,49.3,230,Rain: Heavy,0,0,
77745,2021-08-14 22:27:00,40.62368,-73.99772,1,0,Driver Inattention/Distraction,4450897,31.3,24.2,2.5,2.5,0.0,5.0,55,16.9,32.8,286,Drizzle: Dense,1,1,
77746,2021-08-24 17:10:00,40.732426,-73.853905,0,0,Driver Inattention/Distraction,4450309,30.6,21.9,0.0,0.0,0.0,0.0,1,13.9,28.1,291,Mainly clear,0,0,Sunny/Clear Conditions
77747,2021-08-24 19:58:00,40.633316,-74.02302,1,0,Illnes,4450542,30.6,21.9,0.0,0.0,0.0,0.0,1,13.9,28.1,291,Mainly clear,1,1,Sunny/Clear Conditions
77748,2021-08-24 21:31:00,40.878742,-73.87255,0,0,Driver Inattention/Distraction,4450794,30.6,21.9,0.0,0.0,0.0,0.0,1,13.9,28.1,291,Mainly clear,0,0,Sunny/Clear Conditions
77749,2021-08-24 17:00:00,40.753395,-73.79243,0,0,Following Too Closely,4450144,30.6,21.9,0.0,0.0,0.0,0.0,1,13.9,28.1,291,Mainly clear,0,0,Sunny/Clear Conditions
77750,2021-08-23 12:10:00,40.642498,-73.92358,2,0,Unspecified,4450862,28.7,22.0,36.1,36.1,0.0,19.0,65,27.4,49.3,230,Rain: Heavy,2,2,
77751,2021-08-24 15:37:00,40.634464,-73.91211,0,0,Driver Inattention/Distraction,4450199,30.6,21.9,0.0,0.0,0.0,0.0,1,13.9,28.1,291,Mainly clear,0,0,Sunny/Clear Conditions
77752,2021-08-23 23:20:00,40.613983,-74.10128,3,0,Unspecified,4450711,28.7,22.0,36.1,36.1,0.0,19.0,65,27.4,49.3,230,Rain: Heavy,3,3,
77753,2021-08-24 11:30:00,40.74947,-73.7564,1,0,Driver Inattention/Distraction,4450067,30.6,21.9,0.0,0.0,0.0,0.0,1,13.9,28.1,291,Mainly clear,1,1,Sunny/Clear Conditions
77754,2021-08-24 09:20:00,40.712963,-73.92761,0,0,Driver Inattention/Distraction,4450493,30.6,21.9,0.0,0.0,0.0,0.0,1,13.9,28.1,291,Mainly clear,0,0,Sunny/Clear Conditions
77755,2021-08-24 17:00:00,40.608852,-74.15334,0,0,Driver Inattention/Distraction,4450327,30.6,21.9,0.0,0.0,0.0,0.0,1,13.9,28.1,291,Mainly clear,0,0,Sunny/Clear Conditions
77756,2021-08-24 10:28:00,40.72924,-73.8152,0,0,Backing Unsafely,4450374,30.6,21.9,0.0,0.0,0.0,0.0,1,13.9,28.1,291,Mainly clear,0,0,Sunny/Clear Conditions
77757,2022-01-16 00:00:00,40.668667,-73.868324,1,0,Reaction to Uninvolved Vehicle,4497459,1.3,-13.5,4.4,0.7,2.59,4.0,75,28.1,47.2,36,Snow fall: Heavy,1,1,Snowy Conditions
77758,2021-08-24 12:00:00,40.579407,-73.83696,0,0,Pedestrian/Bicyclist/Other Pedestrian Error/Confusion,4450475,30.6,21.9,0.0,0.0,0.0,0.0,1,13.9,28.1,291,Mainly clear,0,0,Sunny/Clear Conditions
77759,2021-08-23 19:00:00,40.704308,-73.91924,0,0,Passing Too Closely,4450690,28.7,22.0,36.1,36.1,0.0,19.0,65,27.4,49.3,230,Rain: Heavy,0,0,
77760,2021-08-24 15:56:00,40.896408,-73.852615,1,0,Driver Inattention/Distraction,4450245,30.6,21.9,0.0,0.0,0.0,0.0,1,13.9,28.1,291,Mainly clear,1,1,Sunny/Clear Conditions
77761,2021-08-21 00:00:00,40.698452,-73.92176,1,0,Alcohol Involvement,4450671,27.2,23.0,0.8,0.8,0.0,6.0,51,14.3,29.5,109,Drizzle: Light,1,1,
77762,2021-08-24 14:50:00,40.585934,-73.9519,1,0,Driver Inattention/Distraction,4450267,30.6,21.9,0.0,0.0,0.0,0.0,1,13.9,28.1,291,Mainly clear,1,1,Sunny/Clear Conditions
77763,2021-08-24 18:53:00,40.66851,-73.76626,2,0,Pedestrian/Bicyclist/Other Pedestrian Error/Confusion,4450218,30.6,21.9,0.0,0.0,0.0,0.0,1,13.9,28.1,291,Mainly clear,2,2,Sunny/Clear Conditions
77764,2021-08-24 15:15:00,40.722553,-73.95008,0,0,Driver Inattention/Distraction,4450299,30.6,21.9,0.0,0.0,0.0,0.0,1,13.9,28.1,291,Mainly clear,0,0,Sunny/Clear Conditions
77765,2021-08-17 10:50:00,40.824654,-73.89194,0,0,Obstruction/Debris,4450764,26.4,22.2,1.6,1.6,0.0,2.0,55,20.3,39.2,158,Drizzle: Dense,0,0,
77766,2021-08-24 16:13:00,40.63665,-73.96805,0,0,Driver Inattention/Distraction,4450154,30.6,21.9,0.0,0.0,0.0,0.0,1,13.9,28.1,291,Mainly clear,0,0,Sunny/Clear Conditions
77767,2021-08-24 16:41:00,40.730274,-73.88722,0,0,Passing Too Closely,4450511,30.6,21.9,0.0,0.0,0.0,0.0,1,13.9,28.1,291,Mainly clear,0,0,Sunny/Clear Conditions
77768,2021-08-24 15:07:00,40.723976,-74.00831,0,0,Passing or Lane Usage Improper,4450278,30.6,21.9,0.0,0.0,0.0,0.0,1,13.9,28.1,291,Mainly clear,0,0,Sunny/Clear Conditions
77769,2021-08-24 03:44:00,40.78393,-73.94423,0,0,Driver Inattention/Distraction,4450279,30.6,21.9,0.0,0.0,0.0,0.0,1,13.9,28.1,291,Mainly clear,0,0,Sunny/Clear Conditions
77770,2021-08-24 23:07:00,40.679295,-73.73764,3,0,Unspecified,4450262,30.6,21.9,0.0,0.0,0.0,0.0,1,13.9,28.1,291,Mainly clear,3,3,Sunny/Clear Conditions
77771,2021-08-21 18:40:00,40.707653,-73.921776,0,0,Driver Inattention/Distraction,4450676,27.2,23.0,0.8,0.8,0.0,6.0,51,14.3,29.5,109,Drizzle: Light,0,0,
77772,2021-08-24 03:50:00,40.727207,-73.90742,5,0,Driver Inattention/Distraction,4449910,30.6,21.9,0.0,0.0,0.0,0.0,1,13.9,28.1,291,Mainly clear,5,5,Sunny/Clear Conditions
77773,2021-08-24 00:00:00,40.798126,-73.94832,0,0,Failure to Yield Right-of-Way,4450725,30.6,21.9,0.0,0.0,0.0,0.0,1,13.9,28.1,291,Mainly clear,0,0,Sunny/Clear Conditions
77774,2021-08-22 14:02:00,40.650806,-73.94958,1,0,Unspecified,4450857,23.9,22.5,56.2,56.2,0.0,21.0,63,19.8,36.0,299,Rain: Moderate,1,1,
77775,2021-08-24 12:30:00,40.831333,-73.92167,0,0,Passing or Lane Usage Improper,4450191,30.6,21.9,0.0,0.0,0.0,0.0,1,13.9,28.1,291,Mainly clear,0,0,Sunny/Clear Conditions
77776,2021-08-24 07:00:00,40.654346,-73.9217,2,0,Unspecified,4450851,30.6,21.9,0.0,0.0,0.0,0.0,1,13.9,28.1,291,Mainly clear,2,2,Sunny/Clear Conditions
77777,2021-08-13 12:15:00,40.880165,-73.90721,0,0,Unspecified,4450801,33.2,24.8,0.0,0.0,0.0,0.0,3,18.2,34.9,215,Overcast,0,0,
77778,2021-08-24 20:03:00,40.62615,-74.00494,0,1,Failure to Yield Right-of-Way,4450585,30.6,21.9,0.0,0.0,0.0,0.0,1,13.9,28.1,291,Mainly clear,20,1,Sunny/Clear Conditions
77779,2021-08-24 03:11:00,40.766388,-73.98421,0,0,Driver Inattention/Distraction,4449954,30.6,21.9,0.0,0.0,0.0,0.0,1,13.9,28.1,291,Mainly clear,0,0,Sunny/Clear Conditions
77780,2021-08-23 07:00:00,40.6967,-73.91031,0,0,Unsafe Speed,4450684,28.7,22.0,36.1,36.1,0.0,19.0,65,27.4,49.3,230,Rain: Heavy,0,0,
77781,2021-08-24 13:00:00,40.735123,-73.8792,0,0,Driver Inattention/Distraction,4450153,30.6,21.9,0.0,0.0,0.0,0.0,1,13.9,28.1,291,Mainly clear,0,0,Sunny/Clear Conditions
77782,2021-08-24 19:19:00,40.677048,-73.80547,1,0,Failure to Yield Right-of-Way,4450263,30.6,21.9,0.0,0.0,0.0,0.0,1,13.9,28.1,291,Mainly clear,1,1,Sunny/Clear Conditions
77783,2021-08-24 15:40:00,40.56152,-74.17186,1,0,Aggressive Driving/Road Rage,4450738,30.6,21.9,0.0,0.0,0.0,0.0,1,13.9,28.1,291,Mainly clear,1,1,Sunny/Clear Conditions
77784,2021-08-24 18:00:00,40.74128,-73.90257,1,0,Driver Inattention/Distraction,4450220,30.6,21.9,0.0,0.0,0.0,0.0,1,13.9,28.1,291,Mainly clear,1,1,Sunny/Clear Conditions
77785,2021-08-24 00:19:00,40.753468,-73.91355,1,0,Driver Inattention/Distraction,4450449,30.6,21.9,0.0,0.0,0.0,0.0,1,13.9,28.1,291,Mainly clear,1,1,Sunny/Clear Conditions
77786,2021-08-24 11:24:00,40.699047,-73.89698,0,0,Unspecified,4450509,30.6,21.9,0.0,0.0,0.0,0.0,1,13.9,28.1,291,Mainly clear,0,0,Sunny/Clear Conditions
77787,2021-08-24 19:00:00,40.76094,-73.83037,0,0,Following Too Closely,4450239,30.6,21.9,0.0,0.0,0.0,0.0,1,13.9,28.1,291,Mainly clear,0,0,Sunny/Clear Conditions
77788,2021-08-21 13:24:00,40.667763,-73.785645,0,0,Vehicle Vandalism,4450931,27.2,23.0,0.8,0.8,0.0,6.0,51,14.3,29.5,109,Drizzle: Light,0,0,
77789,2021-08-12 14:55:00,40.749413,-73.755325,0,0,Passing or Lane Usage Improper,4450831,35.2,23.1,0.0,0.0,0.0,0.0,3,21.0,47.5,220,Overcast,0,0,
77790,2021-08-23 04:24:00,40.81666,-73.938995,1,0,Pavement Slippery,4450707,28.7,22.0,36.1,36.1,0.0,19.0,65,27.4,49.3,230,Rain: Heavy,1,1,
77791,2021-08-24 07:20:00,40.749283,-73.756645,0,0,Passing or Lane Usage Improper,4450062,30.6,21.9,0.0,0.0,0.0,0.0,1,13.9,28.1,291,Mainly clear,0,0,Sunny/Clear Conditions
77792,2021-08-24 00:25:00,40.706142,-74.00603,0,0,Driver Inattention/Distraction,4450094,30.6,21.9,0.0,0.0,0.0,0.0,1,13.9,28.1,291,Mainly clear,0,0,Sunny/Clear Conditions
77793,2021-08-22 08:56:00,40.828114,-73.93107,0,0,Passing Too Closely,4450809,23.9,22.5,56.2,56.2,0.0,21.0,63,19.8,36.0,299,Rain: Moderate,0,0,
77794,2021-08-24 13:10:00,40.70251,-73.95636,0,0,Passing Too Closely,4450184,30.6,21.9,0.0,0.0,0.0,0.0,1,13.9,28.1,291,Mainly clear,0,0,Sunny/Clear Conditions
77795,2021-08-24 20:57:00,40.655785,-73.86289,0,0,Passing or Lane Usage Improper,4450412,30.6,21.9,0.0,0.0,0.0,0.0,1,13.9,28.1,291,Mainly clear,0,0,Sunny/Clear Conditions
77796,2021-08-22 00:10:00,40.852818,-73.90476,1,0,Driver Inattention/Distraction,4450749,23.9,22.5,56.2,56.2,0.0,21.0,63,19.8,36.0,299,Rain: Moderate,1,1,
77797,2021-08-24 09:00:00,40.643738,-74.01863,0,0,Driver Inattention/Distraction,4450036,30.6,21.9,0.0,0.0,0.0,0.0,1,13.9,28.1,291,Mainly clear,0,0,Sunny/Clear Conditions
77798,2021-08-24 16:59:00,40.62147,-73.95072,2,0,Following Too Closely,4450283,30.6,21.9,0.0,0.0,0.0,0.0,1,13.9,28.1,291,Mainly clear,2,2,Sunny/Clear Conditions
77799,2021-08-24 01:10:00,40.608154,-74.12724,0,0,Illnes,4450332,30.6,21.9,0.0,0.0,0.0,0.0,1,13.9,28.1,291,Mainly clear,0,0,Sunny/Clear Conditions
77800,2021-08-24 09:55:00,40.785973,-73.96886,0,0,Passing Too Closely,4450072,30.6,21.9,0.0,0.0,0.0,0.0,1,13.9,28.1,291,Mainly clear,0,0,Sunny/Clear Conditions
77801,2021-08-24 11:00:00,40.7456,-73.868095,1,0,Turning Improperly,4450545,30.6,21.9,0.0,0.0,0.0,0.0,1,13.9,28.1,291,Mainly clear,1,1,Sunny/Clear Conditions
77802,2021-08-23 13:30:00,40.69428,-73.92674,1,0,Drugs (illegal),4450688,28.7,22.0,36.1,36.1,0.0,19.0,65,27.4,49.3,230,Rain: Heavy,1,1,
77803,2021-08-24 18:50:00,40.681522,-73.88507,0,0,Unsafe Speed,4450425,30.6,21.9,0.0,0.0,0.0,0.0,1,13.9,28.1,291,Mainly clear,0,0,Sunny/Clear Conditions
77804,2021-08-24 16:00:00,40.68297,-73.97667,0,0,Following Too Closely,4450168,30.6,21.9,0.0,0.0,0.0,0.0,1,13.9,28.1,291,Mainly clear,0,0,Sunny/Clear Conditions
77805,2021-08-24 22:10:00,40.772045,-73.87623,0,0,Driver Inattention/Distraction,4450234,30.6,21.9,0.0,0.0,0.0,0.0,1,13.9,28.1,291,Mainly clear,0,0,Sunny/Clear Conditions
77806,2021-08-23 00:56:00,40.73539,-73.97511,3,0,Unspecified,4450921,28.7,22.0,36.1,36.1,0.0,19.0,65,27.4,49.3,230,Rain: Heavy,3,3,
77807,2021-08-23 14:15:00,40.726173,-73.86489,1,0,Unspecified,4450893,28.7,22.0,36.1,36.1,0.0,19.0,65,27.4,49.3,230,Rain: Heavy,1,1,
77808,2021-08-22 10:32:00,40.794235,-73.93979,0,0,Turning Improperly,4450776,23.9,22.5,56.2,56.2,0.0,21.0,63,19.8,36.0,299,Rain: Moderate,0,0,
77809,2021-08-24 21:30:00,40.71085,-73.901276,0,0,Driver Inexperience,4450524,30.6,21.9,0.0,0.0,0.0,0.0,1,13.9,28.1,291,Mainly clear,0,0,Sunny/Clear Conditions
77810,2021-08-24 08:45:00,40.631783,-73.945404,1,0,Unspecified,4450864,30.6,21.9,0.0,0.0,0.0,0.0,1,13.9,28.1,291,Mainly clear,1,1,Sunny/Clear Conditions
77811,2021-08-24 12:55:00,40.655457,-73.90285,0,0,View Obstructed/Limited,4450313,30.6,21.9,0.0,0.0,0.0,0.0,1,13.9,28.1,291,Mainly clear,0,0,Sunny/Clear Conditions
77812,2021-08-24 05:09:00,40.745415,-74.00821,1,0,Following Too Closely,4449980,30.6,21.9,0.0,0.0,0.0,0.0,1,13.9,28.1,291,Mainly clear,1,1,Sunny/Clear Conditions
77813,2021-08-24 14:08:00,40.803425,-73.93309,0,0,Unspecified,4450399,30.6,21.9,0.0,0.0,0.0,0.0,1,13.9,28.1,291,Mainly clear,0,0,Sunny/Clear Conditions
77814,2021-08-24 14:05:00,40.862404,-73.89799,2,0,Passing Too Closely,4450128,30.6,21.9,0.0,0.0,0.0,0.0,1,13.9,28.1,291,Mainly clear,2,2,Sunny/Clear Conditions
77815,2021-08-24 16:15:00,40.737865,-74.00019,1,0,Failure to Yield Right-of-Way,4450290,30.6,21.9,0.0,0.0,0.0,0.0,1,13.9,28.1,291,Mainly clear,1,1,Sunny/Clear Conditions
77816,2021-08-24 10:27:00,40.649376,-74.0023,0,0,Unspecified,4450253,30.6,21.9,0.0,0.0,0.0,0.0,1,13.9,28.1,291,Mainly clear,0,0,Sunny/Clear Conditions
77817,2021-08-17 16:45:00,40.770317,-73.87079,0,0,Unspecified,4450917,26.4,22.2,1.6,1.6,0.0,2.0,55,20.3,39.2,158,Drizzle: Dense,0,0,
77818,2021-08-24 13:15:00,40.700546,-73.917076,0,0,Passing or Lane Usage Improper,4450693,30.6,21.9,0.0,0.0,0.0,0.0,1,13.9,28.1,291,Mainly clear,0,0,Sunny/Clear Conditions
77819,2021-08-24 10:00:00,40.603283,-73.969795,0,0,Driver Inattention/Distraction,4450270,30.6,21.9,0.0,0.0,0.0,0.0,1,13.9,28.1,291,Mainly clear,0,0,Sunny/Clear Conditions
77820,2021-08-24 17:40:00,40.6616,-73.73661,0,0,Unspecified,4450531,30.6,21.9,0.0,0.0,0.0,0.0,1,13.9,28.1,291,Mainly clear,0,0,Sunny/Clear Conditions
77821,2021-08-24 16:00:00,40.662834,-73.76758,0,0,Unspecified,4450198,30.6,21.9,0.0,0.0,0.0,0.0,1,13.9,28.1,291,Mainly clear,0,0,Sunny/Clear Conditions
77822,2021-08-24 00:48:00,40.652767,-73.8863,0,0,Unspecified,4450419,30.6,21.9,0.0,0.0,0.0,0.0,1,13.9,28.1,291,Mainly clear,0,0,Sunny/Clear Conditions
77823,2021-08-24 13:00:00,40.81112,-73.94168,0,0,Unspecified,4450479,30.6,21.9,0.0,0.0,0.0,0.0,1,13.9,28.1,291,Mainly clear,0,0,Sunny/Clear Conditions
77824,2021-08-24 20:00:00,40.764748,-73.72533,0,0,Unspecified,4450233,30.6,21.9,0.0,0.0,0.0,0.0,1,13.9,28.1,291,Mainly clear,0,0,Sunny/Clear Conditions
77825,2021-08-24 19:40:00,40.857773,-73.89459,3,0,Driver Inattention/Distraction,4450358,30.6,21.9,0.0,0.0,0.0,0.0,1,13.9,28.1,291,Mainly clear,3,3,Sunny/Clear Conditions
77826,2021-08-24 06:50:00,40.83213,-73.86547,0,0,Driver Inattention/Distraction,4449998,30.6,21.9,0.0,0.0,0.0,0.0,1,13.9,28.1,291,Mainly clear,0,0,Sunny/Clear Conditions
77827,2021-08-24 18:45:00,40.814743,-73.90561,0,0,Driver Inexperience,4450275,30.6,21.9,0.0,0.0,0.0,0.0,1,13.9,28.1,291,Mainly clear,0,0,Sunny/Clear Conditions
77828,2021-08-24 13:18:00,40.69099,-73.98932,0,0,Failure to Yield Right-of-Way,4450102,30.6,21.9,0.0,0.0,0.0,0.0,1,13.9,28.1,291,Mainly clear,0,0,Sunny/Clear Conditions
77829,2021-08-24 17:12:00,40.789623,-73.94007,1,0,Traffic Control Disregarded,4450280,30.6,21.9,0.0,0.0,0.0,0.0,1,13.9,28.1,291,Mainly clear,1,1,Sunny/Clear Conditions
77830,2021-08-24 01:20:00,40.83609,-73.87039,4,0,Unspecified,4450190,30.6,21.9,0.0,0.0,0.0,0.0,1,13.9,28.1,291,Mainly clear,4,4,Sunny/Clear Conditions
77831,2021-08-24 16:40:00,40.816166,-73.914246,2,0,Unspecified,4450274,30.6,21.9,0.0,0.0,0.0,0.0,1,13.9,28.1,291,Mainly clear,2,2,Sunny/Clear Conditions
77832,2021-08-13 10:05:00,40.690926,-73.92066,1,0,Driver Inattention/Distraction,4450668,33.2,24.8,0.0,0.0,0.0,0.0,3,18.2,34.9,215,Overcast,1,1,
77833,2021-08-24 17:34:00,40.710464,-73.986626,2,0,Driver Inattention/Distraction,4450244,30.6,21.9,0.0,0.0,0.0,0.0,1,13.9,28.1,291,Mainly clear,2,2,Sunny/Clear Conditions
77834,2021-08-21 11:51:00,40.70324,-73.92615,0,0,Passing or Lane Usage Improper,4450677,27.2,23.0,0.8,0.8,0.0,6.0,51,14.3,29.5,109,Drizzle: Light,0,0,
77835,2021-08-24 02:29:00,40.717155,-73.94924,0,0,Unsafe Lane Changing,4449911,30.6,21.9,0.0,0.0,0.0,0.0,1,13.9,28.1,291,Mainly clear,0,0,Sunny/Clear Conditions
77836,2021-08-23 21:10:00,40.80284,-73.95282,1,0,Backing Unsafely,4450726,28.7,22.0,36.1,36.1,0.0,19.0,65,27.4,49.3,230,Rain: Heavy,1,1,