,CRASH DATETIME,LATITUDE,LONGITUDE,NUMBER OF PERSONS INJURED,NUMBER OF PERSONS KILLED,CONTRIBUTING FACTOR VEHICLE 1,COLLISION_ID,temperature_2m_max,temperature_2m_min,precipitation_sum,rain_sum,snowfall_sum,precipitation_hours,weather_code,wind_speed_10m_max,wind_gusts_10m_max,wind_direction_10m_dominant,Weather Description,Severity_Score,Total_Affected_Persons,Weather_Category
77837,2021-08-24 10:28:00,40.75976,-73.94082,0,0,Driver Inattention/Distraction,4450459,30.6,21.9,0.0,0.0,0.0,0.0,1,13.9,28.1,291,Mainly clear,0,0,Sunny/Clear Conditions
77838,2021-08-24 16:30:00,40.651325,-73.93906,0,0,Driver Inattention/Distraction,4450856,30.6,21.9,0.0,0.0,0.0,0.0,1,13.9,28.1,291,Mainly clear,0,0,Sunny/Clear Conditions
77839,2021-08-24 14:15:00,40.75898,-73.99595,0,0,Following Too Closely,4450823,30.6,21.9,0.0,0.0,0.0,0.0,1,13.9,28.1,291,Mainly clear,0,0,Sunny/Clear Conditions
77840,2021-08-24 01:12:00,40.615627,-74.16152,0,0,Driver Inattention/Distraction,4450334,30.6,21.9,0.0,0.0,0.0,0.0,1,13.9,28.1,291,Mainly clear,0,0,Sunny/Clear Conditions
77841,2021-08-24 09:55:00,40.61367,-74.03536,0,0,Unspecified,4450071,30.6,21.9,0.0,0.0,0.0,0.0,1,13.9,28.1,291,Mainly clear,0,0,Sunny/Clear Conditions
77842,2021-08-24 14:51:00,40.728386,-73.95809,0,0,Backing Unsafely,4450300,30.6,21.9,0.0,0.0,0.0,0.0,1,13.9,28.1,291,Mainly clear,0,0,Sunny/Clear Conditions
77843,2021-08-06 13:57:00,40.80003,-73.954865,1,0,Driver Inattention/Distraction,4450724,28.9,17.4,0.0,0.0,0.0,0.0,3,18.1,38.2,188,Overcast,1,1,
77844,2021-08-24 00:52:00,40.875484,-73.8507,2,0,Traffic Control Disregarded,4450117,30.6,21.9,0.0,0.0,0.0,0.0,1,13.9,28.1,291,Mainly clear,2,2,Sunny/Clear Conditions
77845,2021-08-24 16:00:00,40.795383,-73.97351,0,0,Backing Unsafely,4450319,30.6,21.9,0.0,0.0,0.0,0.0,1,13.9,28.1,291,Mainly clear,0,0,Sunny/Clear Conditions
77846,2021-08-24 12:05:00,40.79166,-73.96469,2,0,Traffic Control Disregarded,4450162,30.6,21.9,0.0,0.0,0.0,0.0,1,13.9,28.1,291,Mainly clear,2,2,Sunny/Clear Conditions
77847,2021-08-24 15:10:00,40.731777,-73.77012,0,0,Passenger Distraction,4450375,30.6,21.9,0.0,0.0,0.0,0.0,1,13.9,28.1,291,Mainly clear,0,0,Sunny/Clear Conditions
77848,2021-08-24 10:10:00,40.858406,-73.89061,1,0,Backing Unsafely,4450017,30.6,21.9,0.0,0.0,0.0,0.0,1,13.9,28.1,291,Mainly clear,1,1,Sunny/Clear Conditions
77849,2021-08-24 17:53:00,40.722836,-73.95687,0,0,Passing Too Closely,4450301,30.6,21.9,0.0,0.0,0.0,0.0,1,13.9,28.1,291,Mainly clear,0,0,Sunny/Clear Conditions
77850,2021-08-24 22:02:00,40.71937,-73.7876,0,0,Steering Failure,4450369,30.6,21.9,0.0,0.0,0.0,0.0,1,13.9,28.1,291,Mainly clear,0,0,Sunny/Clear Conditions
77851,2021-08-24 02:31:00,40.57788,-73.99477,2,0,Following Too Closely,4450409,30.6,21.9,0.0,0.0,0.0,0.0,1,13.9,28.1,291,Mainly clear,2,2,Sunny/Clear Conditions
77852,2021-08-24 09:40:00,40.865448,-73.86635,0,0,Following Too Closely,4450037,30.6,21.9,0.0,0.0,0.0,0.0,1,13.9,28.1,291,Mainly clear,0,0,Sunny/Clear Conditions
77853,2021-08-24 03:15:00,40.896378,-73.8718,0,0,Unsafe Lane Changing,4450116,30.6,21.9,0.0,0.0,0.0,0.0,1,13.9,28.1,291,Mainly clear,0,0,Sunny/Clear Conditions
77854,2021-08-12 14:29:00,40.823315,-73.94901,2,0,Unspecified,4450780,35.2,23.1,0.0,0.0,0.0,0.0,3,21.0,47.5,220,Overcast,2,2,
77855,2021-08-24 04:45:00,40.757824,-73.86101,0,0,Driver Inattention/Distraction,4450151,30.6,21.9,0.0,0.0,0.0,0.0,1,13.9,28.1,291,Mainly clear,0,0,Sunny/Clear Conditions
77856,2021-08-24 16:00:00,40.664524,-73.81978,0,0,Passing or Lane Usage Improper,4450264,30.6,21.9,0.0,0.0,0.0,0.0,1,13.9,28.1,291,Mainly clear,0,0,Sunny/Clear Conditions
77857,2021-08-22 02:00:00,40.57246,-74.189835,0,0,Unsafe Speed,4450768,23.9,22.5,56.2,56.2,0.0,21.0,63,19.8,36.0,299,Rain: Moderate,0,0,
77858,2021-08-24 07:19:00,40.768917,-73.888756,1,0,Driver Inattention/Distraction,4450455,30.6,21.9,0.0,0.0,0.0,0.0,1,13.9,28.1,291,Mainly clear,1,1,Sunny/Clear Conditions
77859,2021-08-24 20:45:00,40.697247,-73.932846,1,0,Failure to Yield Right-of-Way,4450701,30.6,21.9,0.0,0.0,0.0,0.0,1,13.9,28.1,291,Mainly clear,1,1,Sunny/Clear Conditions
77860,2021-08-24 11:35:00,40.748203,-73.84962,2,0,Following Too Closely,4450058,30.6,21.9,0.0,0.0,0.0,0.0,1,13.9,28.1,291,Mainly clear,2,2,Sunny/Clear Conditions
77861,2021-08-24 15:20:00,40.743008,-73.77996,0,0,Passing or Lane Usage Improper,4450188,30.6,21.9,0.0,0.0,0.0,0.0,1,13.9,28.1,291,Mainly clear,0,0,Sunny/Clear Conditions
77862,2021-08-24 06:02:00,40.864117,-73.90106,0,0,Unspecified,4449996,30.6,21.9,0.0,0.0,0.0,0.0,1,13.9,28.1,291,Mainly clear,0,0,Sunny/Clear Conditions
77863,2021-08-24 14:32:00,40.654953,-74.00703,4,0,Unspecified,4450129,30.6,21.9,0.0,0.0,0.0,0.0,1,13.9,28.1,291,Mainly clear,4,4,Sunny/Clear Conditions
77864,2021-08-24 20:28:00,40.649868,-73.93409,2,0,Illnes,4450858,30.6,21.9,0.0,0.0,0.0,0.0,1,13.9,28.1,291,Mainly clear,2,2,Sunny/Clear Conditions
77865,2021-08-24 12:30:00,40.719437,-73.94063,0,0,Driver Inattention/Distraction,4450295,30.6,21.9,0.0,0.0,0.0,0.0,1,13.9,28.1,291,Mainly clear,0,0,Sunny/Clear Conditions
77866,2021-08-24 08:48:00,40.765686,-73.82913,1,0,Unspecified,4450121,30.6,21.9,0.0,0.0,0.0,0.0,1,13.9,28.1,291,Mainly clear,1,1,Sunny/Clear Conditions
77867,2021-07-13 07:38:00,40.69149,-73.92557,1,0,Passing Too Closely,4450666,25.0,20.8,2.4,2.4,0.0,12.0,53,13.0,26.3,84,Drizzle: Moderate,1,1,
77868,2021-08-24 23:46:00,40.773983,-73.74209,0,0,Backing Unsafely,4450381,30.6,21.9,0.0,0.0,0.0,0.0,1,13.9,28.1,291,Mainly clear,0,0,Sunny/Clear Conditions
77869,2021-08-24 11:00:00,40.710434,-73.838066,0,0,Unsafe Speed,4450316,30.6,21.9,0.0,0.0,0.0,0.0,1,13.9,28.1,291,Mainly clear,0,0,Sunny/Clear Conditions
77870,2021-08-24 10:05:00,40.833733,-73.88994,0,0,Driver Inattention/Distraction,4450393,30.6,21.9,0.0,0.0,0.0,0.0,1,13.9,28.1,291,Mainly clear,0,0,Sunny/Clear Conditions
77871,2021-08-24 17:41:00,40.839176,-73.94114,0,0,Backing Unsafely,4450350,30.6,21.9,0.0,0.0,0.0,0.0,1,13.9,28.1,291,Mainly clear,0,0,Sunny/Clear Conditions
77872,2021-08-24 21:00:00,40.754063,-73.89958,0,0,Driver Inattention/Distraction,4450258,30.6,21.9,0.0,0.0,0.0,0.0,1,13.9,28.1,291,Mainly clear,0,0,Sunny/Clear Conditions
77873,2021-08-24 23:50:00,40.747265,-73.88752,1,0,Driver Inattention/Distraction,4450503,30.6,21.9,0.0,0.0,0.0,0.0,1,13.9,28.1,291,Mainly clear,1,1,Sunny/Clear Conditions
77874,2021-08-08 17:15:00,40.87166,-73.92903,0,0,Following Too Closely,4450747,22.9,19.4,12.7,12.7,0.0,17.0,63,19.9,36.0,38,Rain: Moderate,0,0,
77875,2021-08-24 13:30:00,40.703796,-73.79765,1,0,Driver Inattention/Distraction,4450208,30.6,21.9,0.0,0.0,0.0,0.0,1,13.9,28.1,291,Mainly clear,1,1,Sunny/Clear Conditions
77876,2021-08-24 23:50:00,40.71214,-73.955574,1,0,Driver Inattention/Distraction,4450558,30.6,21.9,0.0,0.0,0.0,0.0,1,13.9,28.1,291,Mainly clear,1,1,Sunny/Clear Conditions
77877,2021-08-24 17:08:00,40.75857,-73.985054,1,0,Pedestrian/Bicyclist/Other Pedestrian Error/Confusion,4450196,30.6,21.9,0.0,0.0,0.0,0.0,1,13.9,28.1,291,Mainly clear,1,1,Sunny/Clear Conditions
77878,2021-08-24 00:35:00,40.692112,-73.77729,3,0,Aggressive Driving/Road Rage,4449966,30.6,21.9,0.0,0.0,0.0,0.0,1,13.9,28.1,291,Mainly clear,3,3,Sunny/Clear Conditions
77879,2021-08-21 20:59:00,40.701103,-73.92239,1,0,View Obstructed/Limited,4450680,27.2,23.0,0.8,0.8,0.0,6.0,51,14.3,29.5,109,Drizzle: Light,1,1,
77880,2021-08-24 11:52:00,40.65097,-73.94642,1,0,Unspecified,4450865,30.6,21.9,0.0,0.0,0.0,0.0,1,13.9,28.1,291,Mainly clear,1,1,Sunny/Clear Conditions
77881,2021-08-24 10:35:00,40.57936,-73.96505,1,0,Unsafe Speed,4450095,30.6,21.9,0.0,0.0,0.0,0.0,1,13.9,28.1,291,Mainly clear,1,1,Sunny/Clear Conditions
77882,2021-08-24 05:42:00,40.675884,-73.90347,1,0,Aggressive Driving/Road Rage,4450235,30.6,21.9,0.0,0.0,0.0,0.0,1,13.9,28.1,291,Mainly clear,1,1,Sunny/Clear Conditions
77883,2021-08-20 16:47:00,40.80119,-73.93003,0,0,Driver Inexperience,4450836,26.9,22.0,1.1,1.1,0.0,5.0,53,12.4,22.0,310,Drizzle: Moderate,0,0,
77884,2022-02-22 18:00:00,40.69278,-73.98895,0,0,Unspecified,4505050,13.6,-0.2,4.7,4.7,0.0,8.0,61,38.4,76.0,175,Rain: Light,0,0,
77885,2021-08-06 12:20:00,40.752853,-73.99299,1,0,Driver Inattention/Distraction,4450743,28.9,17.4,0.0,0.0,0.0,0.0,3,18.1,38.2,188,Overcast,1,1,
77886,2021-08-24 16:30:00,40.582756,-73.8351,2,0,Brakes Defective,4450467,30.6,21.9,0.0,0.0,0.0,0.0,1,13.9,28.1,291,Mainly clear,2,2,Sunny/Clear Conditions
77887,2021-08-24 22:10:00,40.74147,-73.82281,0,0,Failure to Yield Right-of-Way,4450241,30.6,21.9,0.0,0.0,0.0,0.0,1,13.9,28.1,291,Mainly clear,0,0,Sunny/Clear Conditions
77888,2021-08-24 10:15:00,40.70964,-73.92164,1,0,Driver Inattention/Distraction,4450887,30.6,21.9,0.0,0.0,0.0,0.0,1,13.9,28.1,291,Mainly clear,1,1,Sunny/Clear Conditions
77889,2021-08-24 21:08:00,40.61324,-73.96199,1,0,Unspecified,4450289,30.6,21.9,0.0,0.0,0.0,0.0,1,13.9,28.1,291,Mainly clear,1,1,Sunny/Clear Conditions
77890,2021-08-24 11:26:00,40.871193,-73.9141,0,0,Unsafe Lane Changing,4450485,30.6,21.9,0.0,0.0,0.0,0.0,1,13.9,28.1,291,Mainly clear,0,0,Sunny/Clear Conditions
77891,2021-08-24 14:09:00,40.724575,-73.987495,1,0,Driver Inattention/Distraction,4450227,30.6,21.9,0.0,0.0,0.0,0.0,1,13.9,28.1,291,Mainly clear,1,1,Sunny/Clear Conditions
77892,2021-08-24 15:52:00,40.655632,-73.95987,1,0,Unspecified,4450176,30.6,21.9,0.0,0.0,0.0,0.0,1,13.9,28.1,291,Mainly clear,1,1,Sunny/Clear Conditions
77893,2021-08-18 10:45:00,40.703667,-73.9269,1,0,Failure to Yield Right-of-Way,4450673,27.0,21.1,1.5,1.5,0.0,5.0,53,24.7,46.8,150,Drizzle: Moderate,1,1,
77894,2021-08-24 23:59:00,40.684338,-73.914764,0,0,Traffic Control Disregarded,4450312,30.6,21.9,0.0,0.0,0.0,0.0,1,13.9,28.1,291,Mainly clear,0,0,Sunny/Clear Conditions
77895,2021-08-24 11:28:00,40.67134,-73.88195,2,0,Traffic Control Disregarded,4450428,30.6,21.9,0.0,0.0,0.0,0.0,1,13.9,28.1,291,Mainly clear,2,2,Sunny/Clear Conditions
77896,2021-08-24 14:30:00,40.67321,-73.99947,0,0,Driver Inattention/Distraction,4450251,30.6,21.9,0.0,0.0,0.0,0.0,1,13.9,28.1,291,Mainly clear,0,0,Sunny/Clear Conditions
77897,2021-08-23 13:47:00,40.747852,-73.99291,1,0,Failure to Yield Right-of-Way,4450923,28.7,22.0,36.1,36.1,0.0,19.0,65,27.4,49.3,230,Rain: Heavy,1,1,
77898,2021-08-24 12:12:00,40.603798,-73.75211,1,0,Traffic Control Disregarded,4450276,30.6,21.9,0.0,0.0,0.0,0.0,1,13.9,28.1,291,Mainly clear,1,1,Sunny/Clear Conditions
77899,2021-08-23 02:40:00,40.860718,-73.834175,0,0,Pavement Slippery,4450761,28.7,22.0,36.1,36.1,0.0,19.0,65,27.4,49.3,230,Rain: Heavy,0,0,
77900,2021-08-24 11:00:00,40.66658,-73.73587,0,0,Unspecified,4450847,30.6,21.9,0.0,0.0,0.0,0.0,1,13.9,28.1,291,Mainly clear,0,0,Sunny/Clear Conditions
77901,2021-08-24 14:23:00,40.84681,-73.9083,0,0,Passing Too Closely,4450281,30.6,21.9,0.0,0.0,0.0,0.0,1,13.9,28.1,291,Mainly clear,0,0,Sunny/Clear Conditions
77902,2021-08-24 07:30:00,40.75664,-73.994316,0,0,Turning Improperly,4450825,30.6,21.9,0.0,0.0,0.0,0.0,1,13.9,28.1,291,Mainly clear,0,0,Sunny/Clear Conditions
77903,2021-08-24 01:40:00,40.701565,-73.94333,0,0,Backing Unsafely,4449938,30.6,21.9,0.0,0.0,0.0,0.0,1,13.9,28.1,291,Mainly clear,0,0,Sunny/Clear Conditions
77904,2021-08-24 12:59:00,40.808163,-73.94519,1,0,Passing or Lane Usage Improper,4450727,30.6,21.9,0.0,0.0,0.0,0.0,1,13.9,28.1,291,Mainly clear,1,1,Sunny/Clear Conditions
77905,2021-08-20 21:32:00,40.69864,-73.93819,0,0,Backing Unsafely,4450674,26.9,22.0,1.1,1.1,0.0,5.0,53,12.4,22.0,310,Drizzle: Moderate,0,0,
77906,2021-08-24 19:05:00,40.747887,-73.77485,1,0,Driver Inattention/Distraction,4450201,30.6,21.9,0.0,0.0,0.0,0.0,1,13.9,28.1,291,Mainly clear,1,1,Sunny/Clear Conditions
77907,2021-08-24 13:05:00,40.839615,-73.88443,0,0,Driver Inexperience,4450335,30.6,21.9,0.0,0.0,0.0,0.0,1,13.9,28.1,291,Mainly clear,0,0,Sunny/Clear Conditions
77908,2021-08-24 13:00:00,40.807766,-73.91023,0,0,Unspecified,4450076,30.6,21.9,0.0,0.0,0.0,0.0,1,13.9,28.1,291,Mainly clear,0,0,Sunny/Clear Conditions
77909,2021-08-24 00:25:00,40.640903,-74.00035,0,0,Unspecified,4450323,30.6,21.9,0.0,0.0,0.0,0.0,1,13.9,28.1,291,Mainly clear,0,0,Sunny/Clear Conditions
77910,2021-08-24 10:15:00,40.693314,-73.92496,0,0,Following Too Closely,4450692,30.6,21.9,0.0,0.0,0.0,0.0,1,13.9,28.1,291,Mainly clear,0,0,Sunny/Clear Conditions
77911,2021-08-24 22:15:00,40.852818,-73.90476,0,0,Passing Too Closely,4450468,30.6,21.9,0.0,0.0,0.0,0.0,1,13.9,28.1,291,Mainly clear,0,0,Sunny/Clear Conditions
77912,2021-08-24 21:58:00,40.699413,-73.95902,1,0,Driver Inattention/Distraction,4450257,30.6,21.9,0.0,0.0,0.0,0.0,1,13.9,28.1,291,Mainly clear,1,1,Sunny/Clear Conditions
77913,2021-08-24 20:00:00,40.583687,-73.94487,1,0,Driver Inattention/Distraction,4450269,30.6,21.9,0.0,0.0,0.0,0.0,1,13.9,28.1,291,Mainly clear,1,1,Sunny/Clear Conditions
77914,2021-08-24 15:40:00,40.665176,-73.89122,0,0,Driver Inattention/Distraction,4450421,30.6,21.9,0.0,0.0,0.0,0.0,1,13.9,28.1,291,Mainly clear,0,0,Sunny/Clear Conditions
77915,2021-08-24 22:14:00,40.766502,-73.99418,3,0,Driver Inattention/Distraction,4450296,30.6,21.9,0.0,0.0,0.0,0.0,1,13.9,28.1,291,Mainly clear,3,3,Sunny/Clear Conditions
77916,2021-08-24 14:25:00,40.75809,-73.795815,2,0,Following Too Closely,4450120,30.6,21.9,0.0,0.0,0.0,0.0,1,13.9,28.1,291,Mainly clear,2,2,Sunny/Clear Conditions
77917,2021-08-24 16:45:00,40.622517,-74.0248,0,0,Driver Inattention/Distraction,4450157,30.6,21.9,0.0,0.0,0.0,0.0,1,13.9,28.1,291,Mainly clear,0,0,Sunny/Clear Conditions
77918,2021-08-21 04:58:00,40.836796,-73.91949,0,0,Passing Too Closely,4450807,27.2,23.0,0.8,0.8,0.0,6.0,51,14.3,29.5,109,Drizzle: Light,0,0,
77919,2021-08-24 10:57:00,40.76431,-73.971214,1,0,Driver Inexperience,4450025,30.6,21.9,0.0,0.0,0.0,0.0,1,13.9,28.1,291,Mainly clear,1,1,Sunny/Clear Conditions
77920,2021-08-24 15:12:00,40.75425,-73.96899,1,0,Driver Inattention/Distraction,4450302,30.6,21.9,0.0,0.0,0.0,0.0,1,13.9,28.1,291,Mainly clear,1,1,Sunny/Clear Conditions
77921,2021-08-24 10:30:00,40.66528,-73.73562,0,0,Unspecified,4450232,30.6,21.9,0.0,0.0,0.0,0.0,1,13.9,28.1,291,Mainly clear,0,0,Sunny/Clear Conditions
77922,2021-08-23 15:56:00,40.706898,-73.953964,0,0,Driver Inattention/Distraction,4450905,28.7,22.0,36.1,36.1,0.0,19.0,65,27.4,49.3,230,Rain: Heavy,0,0,
77923,2021-08-03 19:15:00,40.80777,-73.94549,2,0,Turning Improperly,4450723,24.2,15.3,0.0,0.0,0.0,0.0,3,10.7,21.2,7,Overcast,2,2,
77924,2021-08-24 14:54:00,40.65254,-73.923676,0,0,Traffic Control Disregarded,4450855,30.6,21.9,0.0,0.0,0.0,0.0,1,13.9,28.1,291,Mainly clear,0,0,Sunny/Clear Conditions
77925,2021-08-24 09:40:00,40.832184,-73.82755,1,0,Unspecified,4450122,30.6,21.9,0.0,0.0,0.0,0.0,1,13.9,28.1,291,Mainly clear,1,1,Sunny/Clear Conditions
77926,2021-08-24 10:20:00,40.62043,-74.08444,0,0,Unspecified,4450177,30.6,21.9,0.0,0.0,0.0,0.0,1,13.9,28.1,291,Mainly clear,0,0,Sunny/Clear Conditions
77927,2021-08-24 17:00:00,40.61265,-73.96187,0,0,Unspecified,4450443,30.6,21.9,0.0,0.0,0.0,0.0,1,13.9,28.1,291,Mainly clear,0,0,Sunny/Clear Conditions
77928,2021-08-24 09:46:00,40.745117,-73.904495,2,0,Driver Inattention/Distraction,4450383,30.6,21.9,0.0,0.0,0.0,0.0,1,13.9,28.1,291,Mainly clear,2,2,Sunny/Clear Conditions
77929,2021-08-24 09:15:00,40.72118,-73.95866,0,0,Turning Improperly,4450070,30.6,21.9,0.0,0.0,0.0,0.0,1,13.9,28.1,291,Mainly clear,0,0,Sunny/Clear Conditions
77930,2021-08-24 10:50:00,40.720623,-74.00666,0,0,Unspecified,4450311,30.6,21.9,0.0,0.0,0.0,0.0,1,13.9,28.1,291,Mainly clear,0,0,Sunny/Clear Conditions
77931,2021-08-24 09:00:00,40.718792,-73.98902,1,0,Unspecified,4449995,30.6,21.9,0.0,0.0,0.0,0.0,1,13.9,28.1,291,Mainly clear,1,1,Sunny/Clear Conditions
77932,2021-11-03 06:00:00,40.677414,-73.93033,0,0,Unspecified,4474807,10.7,3.8,0.1,0.1,0.0,1.0,51,15.6,30.6,302,Drizzle: Light,0,0,
77933,2021-08-24 00:00:00,40.832764,-73.94583,0,0,Driver Inattention/Distraction,4450366,30.6,21.9,0.0,0.0,0.0,0.0,1,13.9,28.1,291,Mainly clear,0,0,Sunny/Clear Conditions
77934,2021-08-23 15:00:00,40.643093,-73.92558,0,0,Unspecified,4450859,28.7,22.0,36.1,36.1,0.0,19.0,65,27.4,49.3,230,Rain: Heavy,0,0,
77935,2021-08-24 21:10:00,40.70504,-73.959045,0,0,Other Vehicular,4450292,30.6,21.9,0.0,0.0,0.0,0.0,1,13.9,28.1,291,Mainly clear,0,0,Sunny/Clear Conditions
77936,2021-08-24 14:40:00,40.623695,-73.9142,1,0,Unsafe Speed,4450109,30.6,21.9,0.0,0.0,0.0,0.0,1,13.9,28.1,291,Mainly clear,1,1,Sunny/Clear Conditions
77937,2021-08-23 11:13:00,40.696014,-73.92153,1,0,Failure to Yield Right-of-Way,4450686,28.7,22.0,36.1,36.1,0.0,19.0,65,27.4,49.3,230,Rain: Heavy,1,1,
77938,2021-08-24 09:14:00,40.678276,-73.91076,1,0,Unspecified,4450236,30.6,21.9,0.0,0.0,0.0,0.0,1,13.9,28.1,291,Mainly clear,1,1,Sunny/Clear Conditions
77939,2021-08-24 19:43:00,40.68315,-73.780304,2,0,Driver Inattention/Distraction,4450222,30.6,21.9,0.0,0.0,0.0,0.0,1,13.9,28.1,291,Mainly clear,2,2,Sunny/Clear Conditions
77940,2021-08-24 03:00:00,40.769993,-73.915825,1,0,Unspecified,4450454,30.6,21.9,0.0,0.0,0.0,0.0,1,13.9,28.1,291,Mainly clear,1,1,Sunny/Clear Conditions
77941,2021-08-24 15:00:00,40.744335,-73.951004,1,0,Passenger Distraction,4450501,30.6,21.9,0.0,0.0,0.0,0.0,1,13.9,28.1,291,Mainly clear,1,1,Sunny/Clear Conditions
77942,2021-08-23 10:52:00,40.64677,-73.95206,0,0,Unspecified,4450866,28.7,22.0,36.1,36.1,0.0,19.0,65,27.4,49.3,230,Rain: Heavy,0,0,
77943,2021-08-24 13:45:00,40.7598,-73.91835,0,0,Driver Inattention/Distraction,4450097,30.6,21.9,0.0,0.0,0.0,0.0,1,13.9,28.1,291,Mainly clear,0,0,Sunny/Clear Conditions
77944,2021-08-23 01:55:00,40.650402,-73.89422,2,0,Unspecified,4450839,28.7,22.0,36.1,36.1,0.0,19.0,65,27.4,49.3,230,Rain: Heavy,2,2,
77945,2021-08-24 09:45:00,40.70312,-73.96443,2,0,Driver Inattention/Distraction,4450056,30.6,21.9,0.0,0.0,0.0,0.0,1,13.9,28.1,291,Mainly clear,2,2,Sunny/Clear Conditions
77946,2021-08-23 13:38:00,40.64411,-74.09577,0,0,Unspecified,4450697,28.7,22.0,36.1,36.1,0.0,19.0,65,27.4,49.3,230,Rain: Heavy,0,0,
77947,2021-08-24 16:35:00,40.766285,-73.98186,1,0,Passing or Lane Usage Improper,4450315,30.6,21.9,0.0,0.0,0.0,0.0,1,13.9,28.1,291,Mainly clear,1,1,Sunny/Clear Conditions
77948,2021-08-24 15:35:00,40.871002,-73.893845,0,0,Driver Inattention/Distraction,4450392,30.6,21.9,0.0,0.0,0.0,0.0,1,13.9,28.1,291,Mainly clear,0,0,Sunny/Clear Conditions
77949,2021-08-24 14:09:00,40.640102,-73.91461,1,0,Failure to Yield Right-of-Way,4450131,30.6,21.9,0.0,0.0,0.0,0.0,1,13.9,28.1,291,Mainly clear,1,1,Sunny/Clear Conditions
77950,2021-08-24 15:40:00,40.69365,-73.98333,0,0,Passing or Lane Usage Improper,4450259,30.6,21.9,0.0,0.0,0.0,0.0,1,13.9,28.1,291,Mainly clear,0,0,Sunny/Clear Conditions
77951,2021-08-24 13:00:00,40.842052,-73.868706,1,0,Unspecified,4450344,30.6,21.9,0.0,0.0,0.0,0.0,1,13.9,28.1,291,Mainly clear,1,1,Sunny/Clear Conditions
77952,2021-08-24 10:26:00,40.729824,-74.010605,1,0,Failure to Yield Right-of-Way,4450285,30.6,21.9,0.0,0.0,0.0,0.0,1,13.9,28.1,291,Mainly clear,1,1,Sunny/Clear Conditions
77953,2021-08-24 07:40:00,40.608223,-74.1294,0,0,Unsafe Lane Changing,4450048,30.6,21.9,0.0,0.0,0.0,0.0,1,13.9,28.1,291,Mainly clear,0,0,Sunny/Clear Conditions
77954,2021-08-24 07:36:00,40.69595,-73.86237,1,0,Unspecified,4449973,30.6,21.9,0.0,0.0,0.0,0.0,1,13.9,28.1,291,Mainly clear,1,1,Sunny/Clear Conditions
77955,2021-07-10 21:15:00,40.88031,-73.91854,1,0,Unsafe Speed,4450796,25.5,20.7,0.5,0.5,0.0,3.0,51,14.5,29.9,1,Drizzle: Light,1,1,
77956,2021-08-24 22:50:00,40.71039,-73.98662,0,0,Passing or Lane Usage Improper,4450265,30.6,21.9,0.0,0.0,0.0,0.0,1,13.9,28.1,291,Mainly clear,0,0,Sunny/Clear Conditions
77957,2021-08-24 12:45:00,40.75337,-73.85302,2,0,Driver Inattention/Distraction,4450149,30.6,21.9,0.0,0.0,0.0,0.0,1,13.9,28.1,291,Mainly clear,2,2,Sunny/Clear Conditions
77958,2021-08-24 22:00:00,40.870804,-73.841125,0,0,Driver Inattention/Distraction,4450661,30.6,21.9,0.0,0.0,0.0,0.0,1,13.9,28.1,291,Mainly clear,0,0,Sunny/Clear Conditions
77959,2021-08-22 17:35:00,40.697678,-73.916374,0,0,Unsafe Speed,4450681,23.9,22.5,56.2,56.2,0.0,21.0,63,19.8,36.0,299,Rain: Moderate,0,0,
77960,2021-08-24 22:00:00,40.76145,-73.76876,0,0,Driver Inattention/Distraction,4450464,30.6,21.9,0.0,0.0,0.0,0.0,1,13.9,28.1,291,Mainly clear,0,0,Sunny/Clear Conditions
77961,2021-08-21 20:34:00,40.791466,-73.938736,1,0,Failure to Yield Right-of-Way,4450744,27.2,23.0,0.8,0.8,0.0,6.0,51,14.3,29.5,109,Drizzle: Light,1,1,
77962,2021-08-24 07:30:00,40.71133,-73.78763,0,0,Driver Inattention/Distraction,4450210,30.6,21.9,0.0,0.0,0.0,0.0,1,13.9,28.1,291,Mainly clear,0,0,Sunny/Clear Conditions
77963,2021-08-24 17:10:00,40.75608,-73.8805,0,0,Driver Inattention/Distraction,4450489,30.6,21.9,0.0,0.0,0.0,0.0,1,13.9,28.1,291,Mainly clear,0,0,Sunny/Clear Conditions
77964,2021-08-24 09:00:00,40.642452,-74.00138,0,0,Alcohol Involvement,4450786,30.6,21.9,0.0,0.0,0.0,0.0,1,13.9,28.1,291,Mainly clear,0,0,Sunny/Clear Conditions
77965,2021-08-24 21:29:00,40.755066,-73.84419,1,0,Driver Inattention/Distraction,4450307,30.6,21.9,0.0,0.0,0.0,0.0,1,13.9,28.1,291,Mainly clear,1,1,Sunny/Clear Conditions