,CRASH DATETIME,LATITUDE,LONGITUDE,NUMBER OF PERSONS INJURED,NUMBER OF PERSONS KILLED,CONTRIBUTING FACTOR VEHICLE 1,COLLISION_ID,temperature_2m_max,temperature_2m_min,precipitation_sum,rain_sum,snowfall_sum,precipitation_hours,weather_code,wind_speed_10m_max,wind_gusts_10m_max,wind_direction_10m_dominant,Weather Description,Severity_Score,Total_Affected_Persons,Weather_Category
77966,2021-08-24 01:10:00,40.749302,-74.00807,0,0,Unspecified,4450826,30.6,21.9,0.0,0.0,0.0,0.0,1,13.9,28.1,291,Mainly clear,0,0,Sunny/Clear Conditions
77967,2021-08-21 19:10:00,40.651615,-73.94387,0,0,Unspecified,4450861,27.2,23.0,0.8,0.8,0.0,6.0,51,14.3,29.5,109,Drizzle: Light,0,0,
77968,2021-08-24 07:00:00,40.707554,-73.7503,1,0,Failure to Yield Right-of-Way,4450077,30.6,21.9,0.0,0.0,0.0,0.0,1,13.9,28.1,291,Mainly clear,1,1,Sunny/Clear Conditions
77969,2021-08-24 20:05:00,40.836376,-73.83671,0,0,Unspecified,4450338,30.6,21.9,0.0,0.0,0.0,0.0,1,13.9,28.1,291,Mainly clear,0,0,Sunny/Clear Conditions
77970,2021-08-13 14:22:00,40.810173,-73.937416,0,0,Pedestrian/Bicyclist/Other Pedestrian Error/Confusion,4450719,33.2,24.8,0.0,0.0,0.0,0.0,3,18.2,34.9,215,Overcast,0,0,
77971,2021-08-24 12:36:00,40.725708,-73.977165,1,0,Unspecified,4450298,30.6,21.9,0.0,0.0,0.0,0.0,1,13.9,28.1,291,Mainly clear,1,1,Sunny/Clear Conditions
77972,2021-08-24 12:00:00,40.724464,-73.940506,0,0,Backing Unsafely,4450069,30.6,21.9,0.0,0.0,0.0,0.0,1,13.9,28.1,291,Mainly clear,0,0,Sunny/Clear Conditions
77973,2021-08-24 12:00:00,40.69614,-73.9734,0,0,Driver Inattention/Distraction,4450125,30.6,21.9,0.0,0.0,0.0,0.0,1,13.9,28.1,291,Mainly clear,0,0,Sunny/Clear Conditions
77974,2021-08-24 15:49:00,40.786697,-73.95457,0,0,Other Vehicular,4450407,30.6,21.9,0.0,0.0,0.0,0.0,1,13.9,28.1,291,Mainly clear,0,0,Sunny/Clear Conditions
77975,2021-08-24 18:46:00,40.637615,-73.98584,1,0,Unspecified,4450386,30.6,21.9,0.0,0.0,0.0,0.0,1,13.9,28.1,291,Mainly clear,1,1,Sunny/Clear Conditions
77976,2021-08-24 10:37:00,40.62685,-73.91183,0,0,Driver Inattention/Distraction,4450026,30.6,21.9,0.0,0.0,0.0,0.0,1,13.9,28.1,291,Mainly clear,0,0,Sunny/Clear Conditions
77977,2021-08-23 13:17:00,40.74715,-73.985504,1,0,Backing Unsafely,4450746,28.7,22.0,36.1,36.1,0.0,19.0,65,27.4,49.3,230,Rain: Heavy,1,1,
77978,2021-08-24 15:40:00,40.862083,-73.90162,2,0,Driver Inattention/Distraction,4450471,30.6,21.9,0.0,0.0,0.0,0.0,1,13.9,28.1,291,Mainly clear,2,2,Sunny/Clear Conditions
77979,2022-01-26 13:50:00,40.81636,-73.954094,1,0,Pedestrian/Bicyclist/Other Pedestrian Error/Confusion,4497577,-3.1,-8.0,0.0,0.0,0.0,0.0,0,20.5,39.6,328,Clear sky,1,1,Sunny/Clear Conditions
77980,2021-08-24 16:15:00,40.61747,-73.98129,0,0,Driver Inattention/Distraction,4450249,30.6,21.9,0.0,0.0,0.0,0.0,1,13.9,28.1,291,Mainly clear,0,0,Sunny/Clear Conditions
77981,2021-08-19 11:30:00,40.700726,-73.94194,0,0,Driver Inattention/Distraction,4450672,30.2,23.4,11.8,11.8,0.0,13.0,61,26.3,53.3,223,Rain: Light,0,0,
77982,2021-08-21 08:05:00,40.69783,-73.93677,1,0,Failure to Yield Right-of-Way,4450675,27.2,23.0,0.8,0.8,0.0,6.0,51,14.3,29.5,109,Drizzle: Light,1,1,
77983,2021-08-24 06:50:00,40.788555,-73.78234,0,0,Following Too Closely,4449939,30.6,21.9,0.0,0.0,0.0,0.0,1,13.9,28.1,291,Mainly clear,0,0,Sunny/Clear Conditions
77984,2021-08-16 20:30:00,40.84506,-73.916855,0,0,Unspecified,4450806,26.6,19.9,0.0,0.0,0.0,0.0,3,17.7,33.8,121,Overcast,0,0,
77985,2021-08-24 22:04:00,40.773006,-73.96033,0,0,Other Vehicular,4450272,30.6,21.9,0.0,0.0,0.0,0.0,1,13.9,28.1,291,Mainly clear,0,0,Sunny/Clear Conditions
77986,2021-08-24 13:48:00,40.668957,-73.898026,1,0,Passing or Lane Usage Improper,4450282,30.6,21.9,0.0,0.0,0.0,0.0,1,13.9,28.1,291,Mainly clear,1,1,Sunny/Clear Conditions
77987,2021-08-21 20:49:00,40.730995,-73.988846,3,0,Driver Inattention/Distraction,4450732,27.2,23.0,0.8,0.8,0.0,6.0,51,14.3,29.5,109,Drizzle: Light,3,3,
77988,2021-08-24 17:10:00,40.75855,-73.89253,1,0,Traffic Control Disregarded,4450200,30.6,21.9,0.0,0.0,0.0,0.0,1,13.9,28.1,291,Mainly clear,1,1,Sunny/Clear Conditions
77989,2021-08-24 15:55:00,40.690357,-73.989746,0,0,Traffic Control Disregarded,4450231,30.6,21.9,0.0,0.0,0.0,0.0,1,13.9,28.1,291,Mainly clear,0,0,Sunny/Clear Conditions
77990,2021-08-24 15:35:00,40.608223,-74.1294,0,0,Unsafe Speed,4450770,30.6,21.9,0.0,0.0,0.0,0.0,1,13.9,28.1,291,Mainly clear,0,0,Sunny/Clear Conditions
77991,2021-08-21 20:33:00,40.68558,-73.79105,2,0,Driver Inexperience,4450927,27.2,23.0,0.8,0.8,0.0,6.0,51,14.3,29.5,109,Drizzle: Light,2,2,
77992,2021-08-24 18:27:00,40.63825,-73.91766,0,0,Unspecified,4450277,30.6,21.9,0.0,0.0,0.0,0.0,1,13.9,28.1,291,Mainly clear,0,0,Sunny/Clear Conditions
77993,2021-08-24 14:00:00,40.78169,-73.843216,1,0,Failure to Yield Right-of-Way,4450119,30.6,21.9,0.0,0.0,0.0,0.0,1,13.9,28.1,291,Mainly clear,1,1,Sunny/Clear Conditions
77994,2021-08-24 06:50:00,40.70978,-73.82043,0,0,Driver Inattention/Distraction,4450003,30.6,21.9,0.0,0.0,0.0,0.0,1,13.9,28.1,291,Mainly clear,0,0,Sunny/Clear Conditions
77995,2021-08-24 18:38:00,40.681484,-73.84788,1,0,Failure to Yield Right-of-Way,4450324,30.6,21.9,0.0,0.0,0.0,0.0,1,13.9,28.1,291,Mainly clear,1,1,Sunny/Clear Conditions
77996,2021-08-24 16:30:00,40.839832,-73.92392,0,0,Unspecified,4450445,30.6,21.9,0.0,0.0,0.0,0.0,1,13.9,28.1,291,Mainly clear,0,0,Sunny/Clear Conditions
77997,2021-08-24 17:35:00,40.704422,-73.792854,0,0,Turning Improperly,4450178,30.6,21.9,0.0,0.0,0.0,0.0,1,13.9,28.1,291,Mainly clear,0,0,Sunny/Clear Conditions
77998,2021-08-24 14:30:00,40.619537,-74.03266,0,0,Unsafe Speed,4450155,30.6,21.9,0.0,0.0,0.0,0.0,1,13.9,28.1,291,Mainly clear,0,0,Sunny/Clear Conditions
77999,2021-08-24 17:30:00,40.73483,-73.802055,0,0,Failure to Yield Right-of-Way,4450372,30.6,21.9,0.0,0.0,0.0,0.0,1,13.9,28.1,291,Mainly clear,0,0,Sunny/Clear Conditions
78000,2021-08-24 23:30:00,40.710907,-73.95165,1,0,Driver Inattention/Distraction,4450755,30.6,21.9,0.0,0.0,0.0,0.0,1,13.9,28.1,291,Mainly clear,1,1,Sunny/Clear Conditions
78001,2021-08-24 09:50:00,40.751995,-73.901566,1,0,Driver Inattention/Distraction,4450226,30.6,21.9,0.0,0.0,0.0,0.0,1,13.9,28.1,291,Mainly clear,1,1,Sunny/Clear Conditions
78002,2021-08-24 16:29:00,40.64367,-74.015495,1,0,Driver Inexperience,4450256,30.6,21.9,0.0,0.0,0.0,0.0,1,13.9,28.1,291,Mainly clear,1,1,Sunny/Clear Conditions
78003,2021-08-14 11:30:00,40.70767,-73.901054,1,0,Unspecified,4450886,31.3,24.2,2.5,2.5,0.0,5.0,55,16.9,32.8,286,Drizzle: Dense,1,1,
78004,2021-08-24 20:00:00,40.743484,-73.95809,1,0,Driver Inattention/Distraction,4450217,30.6,21.9,0.0,0.0,0.0,0.0,1,13.9,28.1,291,Mainly clear,1,1,Sunny/Clear Conditions
78005,2021-08-23 04:26:00,40.6481,-73.91474,2,0,Unspecified,4450854,28.7,22.0,36.1,36.1,0.0,19.0,65,27.4,49.3,230,Rain: Heavy,2,2,
78006,2021-08-24 12:00:00,40.603886,-74.00618,0,0,Unspecified,4450490,30.6,21.9,0.0,0.0,0.0,0.0,1,13.9,28.1,291,Mainly clear,0,0,Sunny/Clear Conditions
78007,2021-08-24 19:30:00,40.72616,-73.90012,0,0,Passing Too Closely,4450517,30.6,21.9,0.0,0.0,0.0,0.0,1,13.9,28.1,291,Mainly clear,0,0,Sunny/Clear Conditions
78008,2021-08-24 22:40:00,40.754105,-73.72321,2,0,Unsafe Speed,4450582,30.6,21.9,0.0,0.0,0.0,0.0,1,13.9,28.1,291,Mainly clear,2,2,Sunny/Clear Conditions
78009,2021-08-24 14:35:00,40.657227,-73.900764,0,0,Unspecified,4450237,30.6,21.9,0.0,0.0,0.0,0.0,1,13.9,28.1,291,Mainly clear,0,0,Sunny/Clear Conditions
78010,2022-01-26 19:44:00,40.813095,-73.89827,1,0,Failure to Yield Right-of-Way,4497673,-3.1,-8.0,0.0,0.0,0.0,0.0,0,20.5,39.6,328,Clear sky,1,1,Sunny/Clear Conditions
78011,2022-01-28 02:14:00,40.73235,-73.984955,1,0,Driver Inattention/Distraction,4497954,1.0,-3.1,2.4,0.0,1.68,13.0,73,18.7,31.3,251,Snow fall: Moderate,1,1,Snowy Conditions
78012,2022-02-21 16:20:00,40.669876,-73.84741,0,0,Failure to Yield Right-of-Way,4504612,9.9,-1.9,0.0,0.0,0.0,0.0,3,19.2,35.3,192,Overcast,0,0,
78013,2022-02-21 23:45:00,40.75892,-73.999695,0,0,Following Too Closely,4504981,9.9,-1.9,0.0,0.0,0.0,0.0,3,19.2,35.3,192,Overcast,0,0,
78014,2022-02-11 18:00:00,40.54129,-74.2069,1,0,Driver Inattention/Distraction,4505066,11.8,-3.7,0.0,0.0,0.0,0.0,3,26.6,47.5,188,Overcast,1,1,
78015,2022-02-20 21:12:00,40.88024,-73.83819,0,0,Driver Inattention/Distraction,4504931,2.4,-6.6,0.0,0.0,0.0,0.0,3,23.4,44.3,250,Overcast,0,0,
78016,2022-02-19 14:15:00,40.719734,-73.78652,2,0,Driver Inattention/Distraction,4505157,3.3,-5.5,0.4,0.0,0.28,4.0,71,35.3,64.4,260,Snow fall: Light,2,2,Snowy Conditions
78017,2022-02-21 20:19:00,40.60398,-74.11539,1,0,Unspecified,4504937,9.9,-1.9,0.0,0.0,0.0,0.0,3,19.2,35.3,192,Overcast,1,1,
78018,2022-02-08 16:45:00,40.73873,-73.81428,0,0,Unspecified,4505161,7.9,-1.4,3.9,3.9,0.0,5.0,55,25.0,44.3,301,Drizzle: Dense,0,0,
78019,2022-02-21 00:14:00,40.857838,-73.932045,0,0,Driver Inattention/Distraction,4504433,9.9,-1.9,0.0,0.0,0.0,0.0,3,19.2,35.3,192,Overcast,0,0,
78020,2022-02-21 04:45:00,40.741924,-73.854546,0,0,Aggressive Driving/Road Rage,4504642,9.9,-1.9,0.0,0.0,0.0,0.0,3,19.2,35.3,192,Overcast,0,0,
78021,2022-02-20 18:53:00,40.627213,-73.99895,0,0,Failure to Yield Right-of-Way,4505007,2.4,-6.6,0.0,0.0,0.0,0.0,3,23.4,44.3,250,Overcast,0,0,
78022,2022-02-10 22:18:00,40.639915,-73.94549,0,0,Unspecified,4504993,10.8,-0.2,0.0,0.0,0.0,0.0,3,32.6,59.4,244,Overcast,0,0,
78023,2022-02-18 00:20:00,40.640568,-74.118,0,0,Driver Inattention/Distraction,4505087,15.6,-2.8,11.9,11.9,0.0,6.0,63,44.1,79.2,261,Rain: Moderate,0,0,
78024,2022-02-21 22:35:00,40.708405,-73.730835,0,0,Traffic Control Disregarded,4504751,9.9,-1.9,0.0,0.0,0.0,0.0,3,19.2,35.3,192,Overcast,0,0,
78025,2022-02-21 17:00:00,40.632065,-73.91861,0,0,Driver Inattention/Distraction,4504854,9.9,-1.9,0.0,0.0,0.0,0.0,3,19.2,35.3,192,Overcast,0,0,
78026,2022-02-21 12:40:00,40.678818,-73.96535,1,0,Driver Inattention/Distraction,4505048,9.9,-1.9,0.0,0.0,0.0,0.0,3,19.2,35.3,192,Overcast,1,1,
78027,2022-02-17 11:20:00,40.763733,-73.962074,0,0,Unspecified,4504953,16.7,5.1,2.2,2.2,0.0,2.0,61,31.8,56.5,201,Rain: Light,0,0,
78028,2022-02-21 00:33:00,40.66937,-73.89523,1,0,Unsafe Speed,4504583,9.9,-1.9,0.0,0.0,0.0,0.0,3,19.2,35.3,192,Overcast,1,1,
78029,2022-02-21 16:51:00,40.743504,-73.83567,1,0,Following Too Closely,4504609,9.9,-1.9,0.0,0.0,0.0,0.0,3,19.2,35.3,192,Overcast,1,1,
78030,2022-02-21 12:30:00,40.728302,-73.8549,1,0,Failure to Yield Right-of-Way,4504499,9.9,-1.9,0.0,0.0,0.0,0.0,3,19.2,35.3,192,Overcast,1,1,
78031,2022-02-16 07:55:00,40.685368,-73.9109,0,0,View Obstructed/Limited,4504969,6.2,-5.1,0.0,0.0,0.0,0.0,3,21.1,41.0,187,Overcast,0,0,
78032,2022-02-21 14:40:00,40.643024,-73.981895,0,0,Oversized Vehicle,4504684,9.9,-1.9,0.0,0.0,0.0,0.0,3,19.2,35.3,192,Overcast,0,0,
78033,2022-02-21 00:42:00,40.67624,-73.866104,0,0,Traffic Control Disregarded,4504587,9.9,-1.9,0.0,0.0,0.0,0.0,3,19.2,35.3,192,Overcast,0,0,
78034,2022-02-21 15:50:00,40.667114,-73.834656,0,0,Reaction to Uninvolved Vehicle,4504615,9.9,-1.9,0.0,0.0,0.0,0.0,3,19.2,35.3,192,Overcast,0,0,
78035,2022-02-21 20:15:00,40.666397,-73.75337,1,0,Unspecified,4504747,9.9,-1.9,0.0,0.0,0.0,0.0,3,19.2,35.3,192,Overcast,1,1,
78036,2022-01-29 18:00:00,40.81612,-73.926636,1,0,,4498627,-1.7,-12.9,17.6,0.1,12.25,19.0,75,39.7,72.7,336,Snow fall: Heavy,1,1,Snowy Conditions
78037,2022-01-29 17:00:00,40.674763,-73.92267,0,0,Unspecified,4498875,-1.7,-12.9,17.6,0.1,12.25,19.0,75,39.7,72.7,336,Snow fall: Heavy,0,0,Snowy Conditions
78038,2022-01-28 15:40:00,40.676693,-73.74221,0,0,Passing or Lane Usage Improper,4498051,1.0,-3.1,2.4,0.0,1.68,13.0,73,18.7,31.3,251,Snow fall: Moderate,0,0,Snowy Conditions
78039,2022-01-16 12:30:00,40.821262,-73.94608,2,0,Failure to Yield Right-of-Way,4499025,1.3,-13.5,4.4,0.7,2.59,4.0,75,28.1,47.2,36,Snow fall: Heavy,2,2,Snowy Conditions
78040,2022-01-12 15:14:00,40.850487,-73.88675,0,0,Pavement Slippery,4498792,4.6,-7.3,0.0,0.0,0.0,0.0,3,20.5,39.2,213,Overcast,0,0,
78041,2022-01-29 14:00:00,40.85566,-73.86988,0,0,Unspecified,4498611,-1.7,-12.9,17.6,0.1,12.25,19.0,75,39.7,72.7,336,Snow fall: Heavy,0,0,Snowy Conditions
78042,2022-01-25 12:00:00,40.734673,-73.99459,0,0,Failure to Yield Right-of-Way,4499009,6.3,-3.9,0.0,0.0,0.0,0.0,3,16.9,33.8,270,Overcast,0,0,
78043,2022-01-22 14:12:00,40.71539,-73.99785,0,0,Following Too Closely,4498347,-1.3,-12.3,0.0,0.0,0.0,0.0,3,18.4,32.8,1,Overcast,0,0,
78044,2021-11-30 07:10:00,40.682568,-73.79266,0,0,Passing Too Closely,4498120,4.7,-2.4,0.1,0.1,0.0,1.0,51,19.1,34.9,245,Drizzle: Light,0,0,
78045,2022-01-31 15:20:00,40.752438,-73.98819,0,0,Driver Inattention/Distraction,4499257,-3.4,-17.1,0.0,0.0,0.0,0.0,3,12.2,18.0,23,Overcast,0,0,
78046,2022-01-28 09:12:00,40.848736,-73.93234,0,0,Driver Inattention/Distraction,4499209,1.0,-3.1,2.4,0.0,1.68,13.0,73,18.7,31.3,251,Snow fall: Moderate,0,0,Snowy Conditions
78047,2022-01-27 18:46:00,40.667027,-73.911026,1,0,Unspecified,4498743,-0.3,-9.6,0.0,0.0,0.0,0.0,3,18.7,37.1,184,Overcast,1,1,
78048,2022-01-27 03:44:00,40.719223,-74.00786,0,0,Alcohol Involvement,4498083,-0.3,-9.6,0.0,0.0,0.0,0.0,3,18.7,37.1,184,Overcast,0,0,
78049,2022-01-29 19:15:00,40.80438,-73.93953,1,0,Pavement Slippery,4498461,-1.7,-12.9,17.6,0.1,12.25,19.0,75,39.7,72.7,336,Snow fall: Heavy,1,1,Snowy Conditions
78050,2022-01-30 08:00:00,40.902317,-73.90161,0,0,Unspecified,4499107,-5.4,-13.8,0.0,0.0,0.0,0.0,3,28.5,50.0,290,Overcast,0,0,
78051,2022-01-27 12:15:00,40.5778,-73.96057,0,0,Other Vehicular,4498329,-0.3,-9.6,0.0,0.0,0.0,0.0,3,18.7,37.1,184,Overcast,0,0,
78052,2022-01-30 08:04:00,40.593628,-73.80075,0,0,Driver Inattention/Distraction,4499365,-5.4,-13.8,0.0,0.0,0.0,0.0,3,28.5,50.0,290,Overcast,0,0,
78053,2022-01-29 07:46:00,40.57858,-73.9884,0,0,Driver Inattention/Distraction,4498829,-1.7,-12.9,17.6,0.1,12.25,19.0,75,39.7,72.7,336,Snow fall: Heavy,0,0,Snowy Conditions
78054,2022-01-28 23:00:00,40.602093,-74.080086,0,0,Pavement Slippery,4498892,1.0,-3.1,2.4,0.0,1.68,13.0,73,18.7,31.3,251,Snow fall: Moderate,0,0,Snowy Conditions
78055,2022-01-25 18:50:00,40.586212,-73.990585,0,0,Following Too Closely,4498315,6.3,-3.9,0.0,0.0,0.0,0.0,3,16.9,33.8,270,Overcast,0,0,
78056,2022-01-29 14:10:00,40.865257,-73.9096,1,0,Driver Inexperience,4498610,-1.7,-12.9,17.6,0.1,12.25,19.0,75,39.7,72.7,336,Snow fall: Heavy,1,1,Snowy Conditions
78057,2022-01-27 15:25:00,40.828407,-73.93125,1,0,Unspecified,4498231,-0.3,-9.6,0.0,0.0,0.0,0.0,3,18.7,37.1,184,Overcast,1,1,
78058,2022-01-31 18:25:00,40.714554,-73.83147,0,0,Passing Too Closely,4498876,-3.4,-17.1,0.0,0.0,0.0,0.0,3,12.2,18.0,23,Overcast,0,0,
78059,2022-01-30 16:00:00,40.789253,-73.85182,0,0,Unspecified,4498500,-5.4,-13.8,0.0,0.0,0.0,0.0,3,28.5,50.0,290,Overcast,0,0,
78060,2022-01-30 10:00:00,40.66891,-73.89826,0,0,Unspecified,4499077,-5.4,-13.8,0.0,0.0,0.0,0.0,3,28.5,50.0,290,Overcast,0,0,
78061,2022-01-12 16:10:00,40.77039,-73.91771,1,0,Driver Inattention/Distraction,4498945,4.6,-7.3,0.0,0.0,0.0,0.0,3,20.5,39.2,213,Overcast,1,1,
78062,2022-01-30 12:10:00,40.62539,-74.135376,1,0,Backing Unsafely,4498450,-5.4,-13.8,0.0,0.0,0.0,0.0,3,28.5,50.0,290,Overcast,1,1,
78063,2022-02-22 20:00:00,40.896423,-73.86291,0,0,Turning Improperly,4504830,13.6,-0.2,4.7,4.7,0.0,8.0,61,38.4,76.0,175,Rain: Light,0,0,
78064,2022-01-28 12:45:00,40.68031,-73.96793,1,0,Driver Inattention/Distraction,4498216,1.0,-3.1,2.4,0.0,1.68,13.0,73,18.7,31.3,251,Snow fall: Moderate,1,1,Snowy Conditions
78065,2021-01-31 05:35:00,40.713562,-73.72903,0,0,Pavement Slippery,4498924,-3.0,-8.0,2.4,0.0,1.68,8.0,73,20.2,37.1,43,Snow fall: Moderate,0,0,Snowy Conditions
78066,2022-01-27 13:00:00,40.788525,-73.81117,0,0,Unspecified,4497982,-0.3,-9.6,0.0,0.0,0.0,0.0,3,18.7,37.1,184,Overcast,0,0,
78067,2022-01-24 13:00:00,40.781025,-73.981316,0,0,Driver Inattention/Distraction,4499235,0.2,-2.7,0.3,0.0,0.21,2.0,71,15.1,31.0,307,Snow fall: Light,0,0,Snowy Conditions
78068,2022-01-28 12:30:00,40.810856,-73.939026,1,0,Unspecified,4498760,1.0,-3.1,2.4,0.0,1.68,13.0,73,18.7,31.3,251,Snow fall: Moderate,1,1,Snowy Conditions
78069,2022-01-29 12:00:00,40.686348,-73.83071,0,0,Pavement Slippery,4498537,-1.7,-12.9,17.6,0.1,12.25,19.0,75,39.7,72.7,336,Snow fall: Heavy,0,0,Snowy Conditions
78070,2022-01-30 00:00:00,40.844193,-73.82932,0,0,Unspecified,4498648,-5.4,-13.8,0.0,0.0,0.0,0.0,3,28.5,50.0,290,Overcast,0,0,
78071,2022-01-27 16:30:00,40.65569,-73.959145,1,0,Backing Unsafely,4498070,-0.3,-9.6,0.0,0.0,0.0,0.0,3,18.7,37.1,184,Overcast,1,1,
78072,2022-01-29 18:01:00,40.58285,-73.959015,0,0,Pavement Slippery,4498334,-1.7,-12.9,17.6,0.1,12.25,19.0,75,39.7,72.7,336,Snow fall: Heavy,0,0,Snowy Conditions
78073,2022-01-28 23:00:00,40.68085,-73.79907,0,0,Passing Too Closely,4499291,1.0,-3.1,2.4,0.0,1.68,13.0,73,18.7,31.3,251,Snow fall: Moderate,0,0,Snowy Conditions
78074,2022-01-28 05:00:00,40.697758,-73.88901,0,0,Passing Too Closely,4498390,1.0,-3.1,2.4,0.0,1.68,13.0,73,18.7,31.3,251,Snow fall: Moderate,0,0,Snowy Conditions
78075,2022-01-31 18:56:00,40.80801,-73.88961,1,0,Unspecified,4498960,-3.4,-17.1,0.0,0.0,0.0,0.0,3,12.2,18.0,23,Overcast,1,1,
78076,2022-01-31 16:40:00,40.640514,-73.96431,0,0,Passing or Lane Usage Improper,4499316,-3.4,-17.1,0.0,0.0,0.0,0.0,3,12.2,18.0,23,Overcast,0,0,
78077,2022-01-30 17:02:00,40.66714,-73.95925,0,0,Driver Inattention/Distraction,4498505,-5.4,-13.8,0.0,0.0,0.0,0.0,3,28.5,50.0,290,Overcast,0,0,
78078,2022-01-24 18:40:00,40.70199,-73.936745,0,0,Driver Inattention/Distraction,4498564,0.2,-2.7,0.3,0.0,0.21,2.0,71,15.1,31.0,307,Snow fall: Light,0,0,Snowy Conditions
78079,2022-01-30 03:15:00,40.66984,-73.91906,1,0,Passenger Distraction,4498745,-5.4,-13.8,0.0,0.0,0.0,0.0,3,28.5,50.0,290,Overcast,1,1,
78080,2022-01-28 21:37:00,40.757183,-73.83396,1,0,Following Too Closely,4498097,1.0,-3.1,2.4,0.0,1.68,13.0,73,18.7,31.3,251,Snow fall: Moderate,1,1,Snowy Conditions
78081,2022-01-29 11:26:00,40.86315,-73.90907,2,0,Other Vehicular,4498665,-1.7,-12.9,17.6,0.1,12.25,19.0,75,39.7,72.7,336,Snow fall: Heavy,2,2,Snowy Conditions
78082,2022-01-30 22:15:00,40.62772,-74.15183,0,0,Backing Unsafely,4498713,-5.4,-13.8,0.0,0.0,0.0,0.0,3,28.5,50.0,290,Overcast,0,0,
78083,2022-01-31 07:54:00,40.737915,-73.81485,0,0,Unspecified,4499542,-3.4,-17.1,0.0,0.0,0.0,0.0,3,12.2,18.0,23,Overcast,0,0,
78084,2022-01-26 11:15:00,40.838196,-73.901184,1,0,Following Too Closely,4498199,-3.1,-8.0,0.0,0.0,0.0,0.0,0,20.5,39.6,328,Clear sky,1,1,Sunny/Clear Conditions
78085,2022-01-27 19:17:00,40.658836,-73.92046,0,0,Unspecified,4498258,-0.3,-9.6,0.0,0.0,0.0,0.0,3,18.7,37.1,184,Overcast,0,0,
78086,2022-01-31 23:34:00,40.666294,-73.89445,2,0,Unsafe Speed,4499060,-3.4,-17.1,0.0,0.0,0.0,0.0,3,12.2,18.0,23,Overcast,2,2,
78087,2022-01-31 08:30:00,40.68046,-73.96136,0,0,Unspecified,4498977,-3.4,-17.1,0.0,0.0,0.0,0.0,3,12.2,18.0,23,Overcast,0,0,
78088,2022-01-27 18:10:00,40.69302,-73.93706,1,0,Driver Inattention/Distraction,4498290,-0.3,-9.6,0.0,0.0,0.0,0.0,3,18.7,37.1,184,Overcast,1,1,
78089,2022-01-28 15:16:00,40.683933,-73.91228,0,0,Other Vehicular,4498724,1.0,-3.1,2.4,0.0,1.68,13.0,73,18.7,31.3,251,Snow fall: Moderate,0,0,Snowy Conditions
78090,2022-01-27 00:00:00,40.680016,-73.87743,0,0,Passing or Lane Usage Improper,4499067,-0.3,-9.6,0.0,0.0,0.0,0.0,3,18.7,37.1,184,Overcast,0,0,
78091,2022-01-26 07:46:00,40.686077,-74.00038,1,0,Following Too Closely,4497987,-3.1,-8.0,0.0,0.0,0.0,0.0,0,20.5,39.6,328,Clear sky,1,1,Sunny/Clear Conditions
78092,2022-01-29 17:00:00,40.650402,-73.89422,0,0,Unspecified,4498856,-1.7,-12.9,17.6,0.1,12.25,19.0,75,39.7,72.7,336,Snow fall: Heavy,0,0,Snowy Conditions
78093,2022-01-28 12:30:00,40.754677,-73.975815,0,0,Unspecified,4499304,1.0,-3.1,2.4,0.0,1.68,13.0,73,18.7,31.3,251,Snow fall: Moderate,0,0,Snowy Conditions
78094,2022-01-30 00:11:00,40.745903,-73.884415,0,0,Driver Inattention/Distraction,4498431,-5.4,-13.8,0.0,0.0,0.0,0.0,3,28.5,50.0,290,Overcast,0,0,
78095,2022-01-29 04:48:00,40.673107,-73.99959,0,0,Other Vehicular,4498102,-1.7,-12.9,17.6,0.1,12.25,19.0,75,39.7,72.7,336,Snow fall: Heavy,0,0,Snowy Conditions
78096,2022-01-26 14:44:00,40.8351,-73.919464,1,0,Failure to Yield Right-of-Way,4498229,-3.1,-8.0,0.0,0.0,0.0,0.0,0,20.5,39.6,328,Clear sky,1,1,Sunny/Clear Conditions
78097,2022-01-28 12:00:00,40.767193,-73.93759,1,0,Driver Inattention/Distraction,4499159,1.0,-3.1,2.4,0.0,1.68,13.0,73,18.7,31.3,251,Snow fall: Moderate,1,1,Snowy Conditions
78098,2022-04-14 10:30:00,40.804256,-73.9193,0,0,Unspecified,4519150,28.1,13.9,0.2,0.2,0.0,2.0,51,25.9,46.1,249,Drizzle: Light,0,0,
78099,2022-01-29 19:11:00,40.746166,-73.866165,0,0,Pavement Slippery,4498422,-1.7,-12.9,17.6,0.1,12.25,19.0,75,39.7,72.7,336,Snow fall: Heavy,0,0,Snowy Conditions
78100,2022-01-28 13:50:00,40.842766,-73.84594,0,0,Unspecified,4498637,1.0,-3.1,2.4,0.0,1.68,13.0,73,18.7,31.3,251,Snow fall: Moderate,0,0,Snowy Conditions
78101,2022-01-30 17:35:00,40.896614,-73.860954,2,0,Pavement Slippery,4498493,-5.4,-13.8,0.0,0.0,0.0,0.0,3,28.5,50.0,290,Overcast,2,2,
78102,2022-01-25 09:10:00,40.76241,-73.95443,0,0,Reaction to Uninvolved Vehicle,4498596,6.3,-3.9,0.0,0.0,0.0,0.0,3,16.9,33.8,270,Overcast,0,0,
78103,2022-01-19 20:33:00,40.682304,-73.92596,1,0,Driver Inattention/Distraction,4498251,7.6,-4.9,0.0,0.0,0.0,0.0,3,23.5,43.2,208,Overcast,1,1,