,CRASH DATETIME,LATITUDE,LONGITUDE,NUMBER OF PERSONS INJURED,NUMBER OF PERSONS KILLED,CONTRIBUTING FACTOR VEHICLE 1,COLLISION_ID,temperature_2m_max,temperature_2m_min,precipitation_sum,rain_sum,snowfall_sum,precipitation_hours,weather_code,wind_speed_10m_max,wind_gusts_10m_max,wind_direction_10m_dominant,Weather Description,Severity_Score,Total_Affected_Persons,Weather_Category
78104,2022-01-21 04:50:00,40.693905,-73.792946,0,0,Unspecified,4498579,-5.3,-11.6,0.0,0.0,0.0,0.0,3,21.9,40.0,2,Overcast,0,0,
78105,2022-01-31 08:00:00,40.827,-73.84359,0,0,Unspecified,4499032,-3.4,-17.1,0.0,0.0,0.0,0.0,3,12.2,18.0,23,Overcast,0,0,
78106,2022-01-31 07:20:00,40.632156,-73.98435,2,0,Unspecified,4498844,-3.4,-17.1,0.0,0.0,0.0,0.0,3,12.2,18.0,23,Overcast,2,2,
78107,2022-01-28 09:00:00,40.877476,-73.83661,1,0,Following Too Closely,4499220,1.0,-3.1,2.4,0.0,1.68,13.0,73,18.7,31.3,251,Snow fall: Moderate,1,1,Snowy Conditions
78108,2022-01-27 19:30:00,40.755505,-73.96807,0,0,Driver Inattention/Distraction,4497992,-0.3,-9.6,0.0,0.0,0.0,0.0,3,18.7,37.1,184,Overcast,0,0,
78109,2022-01-29 03:25:00,40.66682,-73.88166,0,0,Driver Inattention/Distraction,4499072,-1.7,-12.9,17.6,0.1,12.25,19.0,75,39.7,72.7,336,Snow fall: Heavy,0,0,Snowy Conditions
78110,2022-01-29 05:20:00,40.6234,-74.02812,0,0,Unspecified,4498367,-1.7,-12.9,17.6,0.1,12.25,19.0,75,39.7,72.7,336,Snow fall: Heavy,0,0,Snowy Conditions
78111,2022-01-26 09:25:00,40.696785,-73.95659,0,0,Driver Inattention/Distraction,4498366,-3.1,-8.0,0.0,0.0,0.0,0.0,0,20.5,39.6,328,Clear sky,0,0,Sunny/Clear Conditions
78112,2022-01-11 00:29:00,40.60235,-74.189644,0,0,Unspecified,4498038,-4.2,-8.8,0.0,0.0,0.0,0.0,1,26.7,50.8,316,Mainly clear,0,0,Sunny/Clear Conditions
78113,2022-01-24 21:26:00,40.588886,-73.965645,0,0,Driver Inattention/Distraction,4499151,0.2,-2.7,0.3,0.0,0.21,2.0,71,15.1,31.0,307,Snow fall: Light,0,0,Snowy Conditions
78114,2022-01-30 20:39:00,40.74613,-73.83605,3,0,Driver Inattention/Distraction,4498515,-5.4,-13.8,0.0,0.0,0.0,0.0,3,28.5,50.0,290,Overcast,3,3,
78115,2022-02-03 02:34:00,40.71504,-73.99681,0,0,Unspecified,4499478,9.2,2.3,13.1,13.1,0.0,17.0,61,14.9,23.8,194,Rain: Light,0,0,
78116,2022-01-30 13:41:00,40.68752,-73.849495,0,0,Unspecified,4498532,-5.4,-13.8,0.0,0.0,0.0,0.0,3,28.5,50.0,290,Overcast,0,0,
78117,2022-01-28 17:23:00,40.820984,-73.891624,1,0,Unspecified,4498124,1.0,-3.1,2.4,0.0,1.68,13.0,73,18.7,31.3,251,Snow fall: Moderate,1,1,Snowy Conditions
78118,2022-01-30 16:24:00,40.6831,-73.93209,0,0,Unspecified,4499200,-5.4,-13.8,0.0,0.0,0.0,0.0,3,28.5,50.0,290,Overcast,0,0,
78119,2022-01-31 03:48:00,40.759003,-73.9349,0,0,Pavement Slippery,4498780,-3.4,-17.1,0.0,0.0,0.0,0.0,3,12.2,18.0,23,Overcast,0,0,
78120,2022-01-28 12:47:00,40.697407,-73.93601,0,0,Following Too Closely,4498697,1.0,-3.1,2.4,0.0,1.68,13.0,73,18.7,31.3,251,Snow fall: Moderate,0,0,Snowy Conditions
78121,2022-01-06 18:28:00,40.66803,-73.983955,0,0,Passing or Lane Usage Improper,4499496,4.1,-0.7,0.0,0.0,0.0,0.0,3,20.2,38.2,269,Overcast,0,0,
78122,2022-01-24 15:24:00,40.644497,-74.08332,1,0,Unspecified,4498454,0.2,-2.7,0.3,0.0,0.21,2.0,71,15.1,31.0,307,Snow fall: Light,1,1,Snowy Conditions
78123,2022-01-29 13:40:00,40.562767,-74.18087,0,0,Pavement Slippery,4499359,-1.7,-12.9,17.6,0.1,12.25,19.0,75,39.7,72.7,336,Snow fall: Heavy,0,0,Snowy Conditions
78124,2022-01-30 23:17:00,40.890293,-73.86518,3,0,Unsafe Speed,4498797,-5.4,-13.8,0.0,0.0,0.0,0.0,3,28.5,50.0,290,Overcast,3,3,
78125,2022-01-31 19:01:00,40.760223,-73.957634,0,0,Traffic Control Disregarded,4499436,-3.4,-17.1,0.0,0.0,0.0,0.0,3,12.2,18.0,23,Overcast,0,0,
78126,2022-01-28 22:25:00,40.717716,-73.94097,0,0,Driver Inattention/Distraction,4498680,1.0,-3.1,2.4,0.0,1.68,13.0,73,18.7,31.3,251,Snow fall: Moderate,0,0,Snowy Conditions
78127,2020-01-29 23:50:00,40.833233,-73.85449,0,0,Passing or Lane Usage Improper,4498730,4.2,-2.6,0.0,0.0,0.0,0.0,3,18.6,33.8,334,Overcast,0,0,
78128,2022-01-22 16:37:00,40.782703,-73.97123,0,0,Driver Inattention/Distraction,4498896,-1.3,-12.3,0.0,0.0,0.0,0.0,3,18.4,32.8,1,Overcast,0,0,
78129,2022-01-29 06:20:00,40.678165,-73.89454,0,0,Unspecified,4499055,-1.7,-12.9,17.6,0.1,12.25,19.0,75,39.7,72.7,336,Snow fall: Heavy,0,0,Snowy Conditions
78130,2022-01-27 21:00:00,40.5832,-73.97304,2,0,Following Too Closely,4498322,-0.3,-9.6,0.0,0.0,0.0,0.0,3,18.7,37.1,184,Overcast,2,2,
78131,2022-01-22 12:27:00,40.674885,-73.927765,0,0,Passing or Lane Usage Improper,4498520,-1.3,-12.3,0.0,0.0,0.0,0.0,3,18.4,32.8,1,Overcast,0,0,
78132,2022-01-29 09:33:00,40.846474,-73.86011,0,0,Other Vehicular,4498135,-1.7,-12.9,17.6,0.1,12.25,19.0,75,39.7,72.7,336,Snow fall: Heavy,0,0,Snowy Conditions
78133,2022-01-28 17:00:00,40.64166,-73.93705,0,0,Following Too Closely,4499334,1.0,-3.1,2.4,0.0,1.68,13.0,73,18.7,31.3,251,Snow fall: Moderate,0,0,Snowy Conditions
78134,2022-01-31 20:56:00,40.75369,-73.74445,0,0,Unspecified,4498913,-3.4,-17.1,0.0,0.0,0.0,0.0,3,12.2,18.0,23,Overcast,0,0,
78135,2022-01-30 10:08:00,40.855194,-73.79131,0,0,Unspecified,4498652,-5.4,-13.8,0.0,0.0,0.0,0.0,3,28.5,50.0,290,Overcast,0,0,
78136,2022-01-31 11:30:00,40.78996,-73.94291,0,0,Unsafe Lane Changing,4498812,-3.4,-17.1,0.0,0.0,0.0,0.0,3,12.2,18.0,23,Overcast,0,0,
78137,2022-01-28 23:02:00,40.62935,-74.024086,0,0,Unsafe Speed,4498156,1.0,-3.1,2.4,0.0,1.68,13.0,73,18.7,31.3,251,Snow fall: Moderate,0,0,Snowy Conditions
78138,2022-01-26 11:20:00,40.757336,-73.86849,1,0,Failure to Yield Right-of-Way,4499092,-3.1,-8.0,0.0,0.0,0.0,0.0,0,20.5,39.6,328,Clear sky,1,1,Sunny/Clear Conditions
78139,2022-01-30 07:13:00,40.58396,-73.9253,2,0,Unsafe Speed,4498386,-5.4,-13.8,0.0,0.0,0.0,0.0,3,28.5,50.0,290,Overcast,2,2,
78140,2019-01-07 12:45:00,40.868885,-73.9176,0,0,Unsafe Lane Changing,4063673,0.1,-5.4,0.2,0.1,0.07,2.0,71,17.9,36.4,347,Snow fall: Light,0,0,Snowy Conditions
78141,2022-01-30 16:30:00,40.71204,-73.73646,0,0,Following Too Closely,4498881,-5.4,-13.8,0.0,0.0,0.0,0.0,3,28.5,50.0,290,Overcast,0,0,
78142,2022-01-29 16:00:00,40.722786,-73.73544,0,0,Unspecified,4498167,-1.7,-12.9,17.6,0.1,12.25,19.0,75,39.7,72.7,336,Snow fall: Heavy,0,0,Snowy Conditions
78143,2022-01-31 17:29:00,40.602497,-73.933846,2,0,Pavement Slippery,4498984,-3.4,-17.1,0.0,0.0,0.0,0.0,3,12.2,18.0,23,Overcast,2,2,
78144,2022-01-31 10:33:00,40.6251,-73.96208,0,0,Driver Inattention/Distraction,4499390,-3.4,-17.1,0.0,0.0,0.0,0.0,3,12.2,18.0,23,Overcast,0,0,
78145,2022-01-31 06:00:00,40.69671,-73.892525,0,0,Unspecified,4499140,-3.4,-17.1,0.0,0.0,0.0,0.0,3,12.2,18.0,23,Overcast,0,0,
78146,2022-01-28 08:50:00,40.538044,-74.205734,0,0,Unspecified,4498024,1.0,-3.1,2.4,0.0,1.68,13.0,73,18.7,31.3,251,Snow fall: Moderate,0,0,Snowy Conditions
78147,2021-10-31 19:05:00,40.654797,-73.93943,2,0,Alcohol Involvement,4472859,18.3,12.5,3.7,3.7,0.0,8.0,55,22.9,41.0,268,Drizzle: Dense,2,2,
78148,2021-09-18 07:00:00,40.67769,-73.78873,0,0,Turning Improperly,4475101,27.1,19.2,0.2,0.2,0.0,2.0,51,14.6,25.9,349,Drizzle: Light,0,0,
78149,2021-11-03 19:20:00,40.78542,-73.98399,1,0,Following Too Closely,4473784,10.7,3.8,0.1,0.1,0.0,1.0,51,15.6,30.6,302,Drizzle: Light,1,1,
78150,2021-11-04 13:41:00,40.656105,-74.00594,1,0,Unspecified,4474890,9.9,3.0,0.0,0.0,0.0,0.0,3,10.8,21.2,5,Overcast,1,1,
78151,2021-10-28 22:55:00,40.76129,-73.9429,0,0,Driver Inattention/Distraction,4474549,15.2,7.9,0.0,0.0,0.0,0.0,3,19.1,34.6,28,Overcast,0,0,
78152,2021-11-04 22:42:00,40.75196,-73.85456,1,0,Turning Improperly,4474264,9.9,3.0,0.0,0.0,0.0,0.0,3,10.8,21.2,5,Overcast,1,1,
78153,2021-11-03 10:48:00,40.88469,-73.83592,0,0,View Obstructed/Limited,4473920,10.7,3.8,0.1,0.1,0.0,1.0,51,15.6,30.6,302,Drizzle: Light,0,0,
78154,2021-11-03 17:20:00,40.81175,-73.93144,0,0,Unsafe Lane Changing,4473848,10.7,3.8,0.1,0.1,0.0,1.0,51,15.6,30.6,302,Drizzle: Light,0,0,
78155,2021-11-05 16:35:00,40.676445,-73.91277,0,0,Driver Inattention/Distraction,4474378,10.7,3.2,0.0,0.0,0.0,0.0,0,14.8,30.2,1,Clear sky,0,0,Sunny/Clear Conditions
78156,2021-11-03 20:30:00,40.761272,-73.95571,0,0,Driver Inexperience,4474244,10.7,3.8,0.1,0.1,0.0,1.0,51,15.6,30.6,302,Drizzle: Light,0,0,
78157,2021-11-05 14:00:00,40.71196,-73.9407,1,0,Driver Inattention/Distraction,4474970,10.7,3.2,0.0,0.0,0.0,0.0,0,14.8,30.2,1,Clear sky,1,1,Sunny/Clear Conditions
78158,2021-11-04 18:45:00,40.70094,-73.95462,0,0,Passing Too Closely,4474230,9.9,3.0,0.0,0.0,0.0,0.0,3,10.8,21.2,5,Overcast,0,0,
78159,2021-11-05 14:41:00,40.701782,-73.80634,0,1,Driver Inattention/Distraction,4474547,10.7,3.2,0.0,0.0,0.0,0.0,0,14.8,30.2,1,Clear sky,20,1,Sunny/Clear Conditions
78160,2021-11-03 22:30:00,40.687508,-73.80666,0,0,Turning Improperly,4474130,10.7,3.8,0.1,0.1,0.0,1.0,51,15.6,30.6,302,Drizzle: Light,0,0,
78161,2021-10-30 17:55:00,40.850582,-73.89509,0,0,Driver Inattention/Distraction,4475104,17.8,12.0,7.8,7.8,0.0,16.0,61,38.5,68.0,112,Rain: Light,0,0,
78162,2021-11-04 14:30:00,40.769115,-73.98856,1,0,Turning Improperly,4474420,9.9,3.0,0.0,0.0,0.0,0.0,3,10.8,21.2,5,Overcast,1,1,
78163,2021-11-05 12:15:00,40.62848,-74.00612,1,0,Passing or Lane Usage Improper,4474367,10.7,3.2,0.0,0.0,0.0,0.0,0,14.8,30.2,1,Clear sky,1,1,Sunny/Clear Conditions
78164,2021-11-03 18:23:00,40.592857,-73.77531,1,0,Failure to Yield Right-of-Way,4474102,10.7,3.8,0.1,0.1,0.0,1.0,51,15.6,30.6,302,Drizzle: Light,1,1,
78165,2021-11-02 19:30:00,40.66626,-73.99596,0,0,Failure to Yield Right-of-Way,4474839,11.4,7.0,0.6,0.6,0.0,4.0,51,14.1,28.1,271,Drizzle: Light,0,0,
78166,2021-08-25 22:08:00,40.672695,-73.758224,0,0,Unspecified,4450669,31.2,20.1,0.0,0.0,0.0,0.0,3,10.2,18.7,277,Overcast,0,0,
78167,2021-11-05 15:30:00,40.694836,-73.98393,0,0,Failure to Yield Right-of-Way,4474574,10.7,3.2,0.0,0.0,0.0,0.0,0,14.8,30.2,1,Clear sky,0,0,Sunny/Clear Conditions
78168,2021-11-05 09:00:00,40.789375,-73.84376,0,0,Traffic Control Disregarded,4474457,10.7,3.2,0.0,0.0,0.0,0.0,0,14.8,30.2,1,Clear sky,0,0,Sunny/Clear Conditions
78169,2021-11-05 04:35:00,40.784985,-73.94345,0,0,View Obstructed/Limited,4474602,10.7,3.2,0.0,0.0,0.0,0.0,0,14.8,30.2,1,Clear sky,0,0,Sunny/Clear Conditions
78170,2021-11-03 13:00:00,40.68899,-73.81707,0,0,Passing or Lane Usage Improper,4473833,10.7,3.8,0.1,0.1,0.0,1.0,51,15.6,30.6,302,Drizzle: Light,0,0,
78171,2021-11-03 08:50:00,40.74266,-73.93209,1,0,Driver Inattention/Distraction,4474380,10.7,3.8,0.1,0.1,0.0,1.0,51,15.6,30.6,302,Drizzle: Light,1,1,
78172,2021-11-04 19:00:00,40.718792,-73.93726,1,0,Failure to Yield Right-of-Way,4474250,9.9,3.0,0.0,0.0,0.0,0.0,3,10.8,21.2,5,Overcast,1,1,
78173,2021-11-04 19:07:00,40.722992,-74.0023,0,0,Unspecified,4474307,9.9,3.0,0.0,0.0,0.0,0.0,3,10.8,21.2,5,Overcast,0,0,
78174,2021-11-03 18:30:00,40.66309,-73.962395,0,0,Traffic Control Disregarded,4473998,10.7,3.8,0.1,0.1,0.0,1.0,51,15.6,30.6,302,Drizzle: Light,0,0,
78175,2021-11-03 18:53:00,40.634434,-73.88871,0,0,Unspecified,4474425,10.7,3.8,0.1,0.1,0.0,1.0,51,15.6,30.6,302,Drizzle: Light,0,0,
78176,2021-10-29 21:10:00,40.692875,-73.83219,4,0,Driver Inattention/Distraction,4474484,13.8,8.3,9.3,9.3,0.0,5.0,63,40.9,73.8,78,Rain: Moderate,4,4,
78177,2021-11-03 13:00:00,40.725792,-73.94264,0,0,Failure to Yield Right-of-Way,4474814,10.7,3.8,0.1,0.1,0.0,1.0,51,15.6,30.6,302,Drizzle: Light,0,0,
78178,2021-11-03 16:15:00,40.630135,-74.00676,0,0,Driver Inattention/Distraction,4473872,10.7,3.8,0.1,0.1,0.0,1.0,51,15.6,30.6,302,Drizzle: Light,0,0,
78179,2021-10-30 23:10:00,40.689228,-73.957,1,0,Passing or Lane Usage Improper,4474644,17.8,12.0,7.8,7.8,0.0,16.0,61,38.5,68.0,112,Rain: Light,1,1,
78180,2021-11-03 14:00:00,40.66675,-73.779945,0,0,Reaction to Uninvolved Vehicle,4474074,10.7,3.8,0.1,0.1,0.0,1.0,51,15.6,30.6,302,Drizzle: Light,0,0,
78181,2021-11-03 21:36:00,40.666695,-73.767136,0,0,Backing Unsafely,4474169,10.7,3.8,0.1,0.1,0.0,1.0,51,15.6,30.6,302,Drizzle: Light,0,0,
78182,2021-11-04 22:00:00,40.74045,-73.844376,0,0,Passing or Lane Usage Improper,4474201,9.9,3.0,0.0,0.0,0.0,0.0,3,10.8,21.2,5,Overcast,0,0,
78183,2021-11-05 14:50:00,0.0,0.0,1,0,Failure to Keep Right,4474763,10.7,3.2,0.0,0.0,0.0,0.0,0,14.8,30.2,1,Clear sky,1,1,Sunny/Clear Conditions
78184,2021-11-03 06:15:00,40.730434,-73.86061,0,0,Unspecified,4473565,10.7,3.8,0.1,0.1,0.0,1.0,51,15.6,30.6,302,Drizzle: Light,0,0,
78185,2021-10-29 09:36:00,40.71181,-73.78785,0,0,Other Vehicular,4475060,13.8,8.3,9.3,9.3,0.0,5.0,63,40.9,73.8,78,Rain: Moderate,0,0,
78186,2021-11-04 20:15:00,40.58657,-74.090675,0,0,Unspecified,4474348,9.9,3.0,0.0,0.0,0.0,0.0,3,10.8,21.2,5,Overcast,0,0,
78187,2021-11-04 02:15:00,40.657787,-73.874596,0,0,Reaction to Uninvolved Vehicle,4473880,9.9,3.0,0.0,0.0,0.0,0.0,3,10.8,21.2,5,Overcast,0,0,
78188,2021-11-03 08:10:00,40.693005,-73.789856,5,0,Traffic Control Disregarded,4474128,10.7,3.8,0.1,0.1,0.0,1.0,51,15.6,30.6,302,Drizzle: Light,5,5,
78189,2021-11-05 11:00:00,40.748913,-73.9374,1,0,Driver Inattention/Distraction,4474278,10.7,3.2,0.0,0.0,0.0,0.0,0,14.8,30.2,1,Clear sky,1,1,Sunny/Clear Conditions
78190,2021-11-04 20:45:00,40.693344,-73.80228,4,0,Traffic Control Disregarded,4475068,9.9,3.0,0.0,0.0,0.0,0.0,3,10.8,21.2,5,Overcast,4,4,
78191,2021-11-05 16:14:00,40.619606,-73.945526,1,0,Driver Inattention/Distraction,4474339,10.7,3.2,0.0,0.0,0.0,0.0,0,14.8,30.2,1,Clear sky,1,1,Sunny/Clear Conditions
78192,2021-11-05 21:00:00,40.665478,-73.748795,0,0,Driver Inattention/Distraction,4474590,10.7,3.2,0.0,0.0,0.0,0.0,0,14.8,30.2,1,Clear sky,0,0,Sunny/Clear Conditions
78193,2021-11-03 19:10:00,40.871914,-73.87909,0,0,Other Vehicular,4474413,10.7,3.8,0.1,0.1,0.0,1.0,51,15.6,30.6,302,Drizzle: Light,0,0,
78194,2021-11-04 16:30:00,40.642582,-73.998604,0,0,Driver Inattention/Distraction,4474521,9.9,3.0,0.0,0.0,0.0,0.0,3,10.8,21.2,5,Overcast,0,0,
78195,2021-11-05 06:45:00,40.742058,-73.98079,0,0,Driver Inattention/Distraction,4474634,10.7,3.2,0.0,0.0,0.0,0.0,0,14.8,30.2,1,Clear sky,0,0,Sunny/Clear Conditions
78196,2021-11-04 08:00:00,40.894547,-73.86104,0,0,Unspecified,4474054,9.9,3.0,0.0,0.0,0.0,0.0,3,10.8,21.2,5,Overcast,0,0,
78197,2021-11-05 09:00:00,40.639736,-73.906746,1,0,Traffic Control Disregarded,4474499,10.7,3.2,0.0,0.0,0.0,0.0,0,14.8,30.2,1,Clear sky,1,1,Sunny/Clear Conditions
78198,2021-11-05 16:00:00,40.831184,-73.913284,0,0,Passing or Lane Usage Improper,4475013,10.7,3.2,0.0,0.0,0.0,0.0,0,14.8,30.2,1,Clear sky,0,0,Sunny/Clear Conditions
78199,2021-11-03 00:00:00,40.843548,-73.936134,2,0,Unsafe Speed,4473614,10.7,3.8,0.1,0.1,0.0,1.0,51,15.6,30.6,302,Drizzle: Light,2,2,
78200,2021-11-04 11:27:00,40.541744,-74.207,0,0,Failure to Yield Right-of-Way,4474284,9.9,3.0,0.0,0.0,0.0,0.0,3,10.8,21.2,5,Overcast,0,0,
78201,2021-11-03 15:40:00,40.735325,-73.865166,0,0,Driver Inattention/Distraction,4473753,10.7,3.8,0.1,0.1,0.0,1.0,51,15.6,30.6,302,Drizzle: Light,0,0,
78202,2021-11-04 20:17:00,40.667473,-73.79388,0,0,Following Too Closely,4474435,9.9,3.0,0.0,0.0,0.0,0.0,3,10.8,21.2,5,Overcast,0,0,
78203,2021-11-04 19:10:00,40.76319,-73.80644,0,0,Unspecified,4474452,9.9,3.0,0.0,0.0,0.0,0.0,3,10.8,21.2,5,Overcast,0,0,
78204,2021-11-03 13:51:00,40.76031,-73.9717,1,0,Driver Inattention/Distraction,4473933,10.7,3.8,0.1,0.1,0.0,1.0,51,15.6,30.6,302,Drizzle: Light,1,1,
78205,2021-11-05 17:13:00,40.68746,-73.906494,0,0,Driver Inattention/Distraction,4474400,10.7,3.2,0.0,0.0,0.0,0.0,0,14.8,30.2,1,Clear sky,0,0,Sunny/Clear Conditions
78206,2021-11-05 01:00:00,40.63762,-73.9395,0,0,Passing Too Closely,4474869,10.7,3.2,0.0,0.0,0.0,0.0,0,14.8,30.2,1,Clear sky,0,0,Sunny/Clear Conditions
78207,2021-11-05 15:07:00,40.871735,-73.83036,1,0,Unspecified,4474717,10.7,3.2,0.0,0.0,0.0,0.0,0,14.8,30.2,1,Clear sky,1,1,Sunny/Clear Conditions
78208,2021-11-04 23:00:00,40.61278,-73.93969,1,0,Driver Inattention/Distraction,4474371,9.9,3.0,0.0,0.0,0.0,0.0,3,10.8,21.2,5,Overcast,1,1,
78209,2021-11-04 15:30:00,40.689857,-73.92535,0,0,Unspecified,4474899,9.9,3.0,0.0,0.0,0.0,0.0,3,10.8,21.2,5,Overcast,0,0,
78210,2021-11-05 21:50:00,40.72311,-73.98923,2,0,Unsafe Lane Changing,4474690,10.7,3.2,0.0,0.0,0.0,0.0,0,14.8,30.2,1,Clear sky,2,2,Sunny/Clear Conditions
78211,2021-11-03 18:40:00,40.74757,-73.98253,1,0,Turning Improperly,4474779,10.7,3.8,0.1,0.1,0.0,1.0,51,15.6,30.6,302,Drizzle: Light,1,1,
78212,2021-11-04 01:30:00,40.706993,-73.80952,0,0,Driver Inattention/Distraction,4474237,9.9,3.0,0.0,0.0,0.0,0.0,3,10.8,21.2,5,Overcast,0,0,
78213,2021-11-03 23:39:00,40.86307,-73.90912,2,0,Turning Improperly,4474440,10.7,3.8,0.1,0.1,0.0,1.0,51,15.6,30.6,302,Drizzle: Light,2,2,
78214,2021-11-03 19:25:00,40.66617,-73.988815,1,0,Unspecified,4473949,10.7,3.8,0.1,0.1,0.0,1.0,51,15.6,30.6,302,Drizzle: Light,1,1,
78215,2021-11-05 15:00:00,40.75004,-73.88152,1,0,Aggressive Driving/Road Rage,4474611,10.7,3.2,0.0,0.0,0.0,0.0,0,14.8,30.2,1,Clear sky,1,1,Sunny/Clear Conditions
78216,2021-11-05 11:05:00,40.705734,-73.89449,0,0,Unspecified,4474920,10.7,3.2,0.0,0.0,0.0,0.0,0,14.8,30.2,1,Clear sky,0,0,Sunny/Clear Conditions
78217,2021-11-01 06:05:00,40.83562,-73.927864,0,0,Driverless/Runaway Vehicle,4474303,14.4,8.0,0.0,0.0,0.0,0.0,3,20.7,38.5,278,Overcast,0,0,
78218,2021-08-25 14:05:00,40.798107,-73.944115,0,0,Unspecified,4450748,31.2,20.1,0.0,0.0,0.0,0.0,3,10.2,18.7,277,Overcast,0,0,
78219,2021-11-03 14:36:00,40.760223,-73.957634,0,0,Backing Unsafely,4475111,10.7,3.8,0.1,0.1,0.0,1.0,51,15.6,30.6,302,Drizzle: Light,0,0,
78220,2021-11-03 20:35:00,40.82248,-73.8806,0,0,Unspecified,4474036,10.7,3.8,0.1,0.1,0.0,1.0,51,15.6,30.6,302,Drizzle: Light,0,0,
78221,2021-11-03 09:28:00,40.738167,-73.98364,0,0,Driver Inattention/Distraction,4473720,10.7,3.8,0.1,0.1,0.0,1.0,51,15.6,30.6,302,Drizzle: Light,0,0,
78222,2021-11-02 08:00:00,40.89352,-73.860695,0,0,Passing Too Closely,4474846,11.4,7.0,0.6,0.6,0.0,4.0,51,14.1,28.1,271,Drizzle: Light,0,0,
78223,2021-11-04 13:13:00,40.86882,-73.83175,0,0,Unspecified,4474711,9.9,3.0,0.0,0.0,0.0,0.0,3,10.8,21.2,5,Overcast,0,0,
78224,2021-11-05 15:09:00,40.66002,-73.99123,1,0,Pedestrian/Bicyclist/Other Pedestrian Error/Confusion,4474957,10.7,3.2,0.0,0.0,0.0,0.0,0,14.8,30.2,1,Clear sky,1,1,Sunny/Clear Conditions
78225,2021-11-05 15:10:00,40.743366,-73.82765,2,0,Failure to Yield Right-of-Way,4474316,10.7,3.2,0.0,0.0,0.0,0.0,0,14.8,30.2,1,Clear sky,2,2,Sunny/Clear Conditions
78226,2021-11-03 09:30:00,40.809494,-73.935814,0,0,Turning Improperly,4473661,10.7,3.8,0.1,0.1,0.0,1.0,51,15.6,30.6,302,Drizzle: Light,0,0,
78227,2021-11-05 16:00:00,40.800617,-73.9465,0,0,Unspecified,4475079,10.7,3.2,0.0,0.0,0.0,0.0,0,14.8,30.2,1,Clear sky,0,0,Sunny/Clear Conditions
78228,2021-11-04 06:00:00,40.744644,-73.77041,1,0,Physical Disability,4474181,9.9,3.0,0.0,0.0,0.0,0.0,3,10.8,21.2,5,Overcast,1,1,
78229,2022-04-14 13:00:00,40.74539,-73.90662,1,0,Driver Inattention/Distraction,4519031,28.1,13.9,0.2,0.2,0.0,2.0,51,25.9,46.1,249,Drizzle: Light,1,1,
78230,2021-11-05 14:03:00,40.6804,-73.80067,1,0,Reaction to Uninvolved Vehicle,4474335,10.7,3.2,0.0,0.0,0.0,0.0,0,14.8,30.2,1,Clear sky,1,1,Sunny/Clear Conditions
78231,2021-11-03 10:20:00,40.67948,-73.93291,1,0,Traffic Control Disregarded,4473705,10.7,3.8,0.1,0.1,0.0,1.0,51,15.6,30.6,302,Drizzle: Light,1,1,
78232,2021-11-03 12:30:00,40.756535,-73.876076,0,0,Failure to Yield Right-of-Way,4473663,10.7,3.8,0.1,0.1,0.0,1.0,51,15.6,30.6,302,Drizzle: Light,0,0,
78233,2021-10-28 18:31:00,40.761887,-73.96843,0,0,Driver Inattention/Distraction,4474581,15.2,7.9,0.0,0.0,0.0,0.0,3,19.1,34.6,28,Overcast,0,0,
78234,2021-11-04 13:11:00,40.696297,-73.97716,1,0,Driver Inattention/Distraction,4474142,9.9,3.0,0.0,0.0,0.0,0.0,3,10.8,21.2,5,Overcast,1,1,
78235,2021-11-05 09:00:00,40.673126,-73.752304,0,0,Unspecified,4474288,10.7,3.2,0.0,0.0,0.0,0.0,0,14.8,30.2,1,Clear sky,0,0,Sunny/Clear Conditions
78236,2021-11-03 14:30:00,40.674225,-73.79986,2,0,Pavement Defective,4473746,10.7,3.8,0.1,0.1,0.0,1.0,51,15.6,30.6,302,Drizzle: Light,2,2,
78237,2021-11-05 16:40:00,40.691765,-73.99992,0,0,Unspecified,4474728,10.7,3.2,0.0,0.0,0.0,0.0,0,14.8,30.2,1,Clear sky,0,0,Sunny/Clear Conditions
78238,2021-11-03 11:20:00,40.674496,-74.00993,1,0,Following Too Closely,4473630,10.7,3.8,0.1,0.1,0.0,1.0,51,15.6,30.6,302,Drizzle: Light,1,1,
78239,2021-11-04 19:23:00,40.79043,-73.97558,1,0,Aggressive Driving/Road Rage,4474472,9.9,3.0,0.0,0.0,0.0,0.0,3,10.8,21.2,5,Overcast,1,1,
78240,2021-11-04 09:00:00,40.6045,-74.12126,0,0,Steering Failure,4474035,9.9,3.0,0.0,0.0,0.0,0.0,3,10.8,21.2,5,Overcast,0,0,
78241,2021-11-05 09:02:00,40.592422,-73.99508,0,0,Driver Inattention/Distraction,4474723,10.7,3.2,0.0,0.0,0.0,0.0,0,14.8,30.2,1,Clear sky,0,0,Sunny/Clear Conditions
78242,2021-11-05 17:45:00,40.646667,-73.92458,1,0,Unspecified,4474851,10.7,3.2,0.0,0.0,0.0,0.0,0,14.8,30.2,1,Clear sky,1,1,Sunny/Clear Conditions
78243,2021-09-24 14:00:00,40.554054,-74.2125,0,0,Driver Inexperience,4474271,22.4,15.6,26.0,26.0,0.0,9.0,63,14.2,29.9,274,Rain: Moderate,0,0,
78244,2021-11-04 14:00:00,40.765423,-73.98582,0,0,Passing or Lane Usage Improper,4474405,9.9,3.0,0.0,0.0,0.0,0.0,3,10.8,21.2,5,Overcast,0,0,