,CRASH DATETIME,LATITUDE,LONGITUDE,NUMBER OF PERSONS INJURED,NUMBER OF PERSONS KILLED,CONTRIBUTING FACTOR VEHICLE 1,COLLISION_ID,temperature_2m_max,temperature_2m_min,precipitation_sum,rain_sum,snowfall_sum,precipitation_hours,weather_code,wind_speed_10m_max,wind_gusts_10m_max,wind_direction_10m_dominant,Weather Description,Severity_Score,Total_Affected_Persons,Weather_Category
78245,2021-11-03 18:15:00,0.0,0.0,0,0,Unspecified,4473866,10.7,3.8,0.1,0.1,0.0,1.0,51,15.6,30.6,302,Drizzle: Light,0,0,
78246,2021-04-23 17:00:00,40.633682,-73.89868,2,0,Unspecified,4474489,15.5,2.0,0.0,0.0,0.0,0.0,3,28.7,57.2,273,Overcast,2,2,
78247,2021-11-05 23:25:00,40.72775,-73.81188,0,0,Passing or Lane Usage Improper,4474528,10.7,3.2,0.0,0.0,0.0,0.0,0,14.8,30.2,1,Clear sky,0,0,Sunny/Clear Conditions
78248,2021-11-05 03:00:00,40.71997,-73.992905,0,0,Following Too Closely,4474701,10.7,3.2,0.0,0.0,0.0,0.0,0,14.8,30.2,1,Clear sky,0,0,Sunny/Clear Conditions
78249,2021-11-05 13:01:00,40.824085,-73.874344,0,0,Driver Inattention/Distraction,4474785,10.7,3.2,0.0,0.0,0.0,0.0,0,14.8,30.2,1,Clear sky,0,0,Sunny/Clear Conditions
78250,2021-11-01 07:39:00,40.74807,-73.863335,0,0,Driver Inattention/Distraction,4474880,14.4,8.0,0.0,0.0,0.0,0.0,3,20.7,38.5,278,Overcast,0,0,
78251,2021-11-03 19:04:00,40.89711,-73.88008,0,0,Unspecified,4473894,10.7,3.8,0.1,0.1,0.0,1.0,51,15.6,30.6,302,Drizzle: Light,0,0,
78252,2021-11-04 21:56:00,40.763885,-73.84002,2,0,Unspecified,4474241,9.9,3.0,0.0,0.0,0.0,0.0,3,10.8,21.2,5,Overcast,2,2,
78253,2021-11-04 13:50:00,40.60708,-73.75447,0,0,Unspecified,4474255,9.9,3.0,0.0,0.0,0.0,0.0,3,10.8,21.2,5,Overcast,0,0,
78254,2021-11-03 19:05:00,40.62269,-73.961876,2,0,Unspecified,4474047,10.7,3.8,0.1,0.1,0.0,1.0,51,15.6,30.6,302,Drizzle: Light,2,2,
78255,2021-11-04 15:30:00,40.851616,-73.92165,0,0,Failure to Yield Right-of-Way,4474444,9.9,3.0,0.0,0.0,0.0,0.0,3,10.8,21.2,5,Overcast,0,0,
78256,2021-11-02 12:15:00,40.58667,-73.966156,1,0,Other Vehicular,4474359,11.4,7.0,0.6,0.6,0.0,4.0,51,14.1,28.1,271,Drizzle: Light,1,1,
78257,2021-11-03 17:17:00,0.0,0.0,3,0,Driver Inattention/Distraction,4473970,10.7,3.8,0.1,0.1,0.0,1.0,51,15.6,30.6,302,Drizzle: Light,3,3,
78258,2021-10-29 11:50:00,0.0,0.0,1,0,Following Too Closely,4474902,13.8,8.3,9.3,9.3,0.0,5.0,63,40.9,73.8,78,Rain: Moderate,1,1,
78259,2021-11-04 10:50:00,40.76614,-73.97166,0,0,Driver Inexperience,4475118,9.9,3.0,0.0,0.0,0.0,0.0,3,10.8,21.2,5,Overcast,0,0,
78260,2021-10-31 10:40:00,40.766563,-73.762596,0,0,Driver Inattention/Distraction,4474461,18.3,12.5,3.7,3.7,0.0,8.0,55,22.9,41.0,268,Drizzle: Dense,0,0,
78261,2021-11-04 04:13:00,40.718304,-73.987404,0,0,Backing Unsafely,4474564,9.9,3.0,0.0,0.0,0.0,0.0,3,10.8,21.2,5,Overcast,0,0,
78262,2021-11-05 17:00:00,40.661915,-73.83287,3,0,Traffic Control Disregarded,4474989,10.7,3.2,0.0,0.0,0.0,0.0,0,14.8,30.2,1,Clear sky,3,3,Sunny/Clear Conditions
78263,2021-11-04 08:33:00,40.630535,-73.8884,0,0,Unspecified,4474040,9.9,3.0,0.0,0.0,0.0,0.0,3,10.8,21.2,5,Overcast,0,0,
78264,2021-11-03 08:30:00,40.834198,-73.89017,0,0,Unspecified,4473657,10.7,3.8,0.1,0.1,0.0,1.0,51,15.6,30.6,302,Drizzle: Light,0,0,
78265,2021-11-05 15:00:00,40.696323,-73.975784,0,0,Driver Inattention/Distraction,4474320,10.7,3.2,0.0,0.0,0.0,0.0,0,14.8,30.2,1,Clear sky,0,0,Sunny/Clear Conditions
78266,2021-11-03 23:23:00,40.79531,-73.93592,0,0,Unsafe Speed,4475056,10.7,3.8,0.1,0.1,0.0,1.0,51,15.6,30.6,302,Drizzle: Light,0,0,
78267,2021-11-03 09:15:00,40.74281,-73.99659,1,0,Unsafe Lane Changing,4473728,10.7,3.8,0.1,0.1,0.0,1.0,51,15.6,30.6,302,Drizzle: Light,1,1,
78268,2021-11-04 00:39:00,40.74266,-73.72108,2,0,Driver Inattention/Distraction,4473840,9.9,3.0,0.0,0.0,0.0,0.0,3,10.8,21.2,5,Overcast,2,2,
78269,2021-11-05 17:38:00,40.61172,-73.94669,1,0,Driver Inattention/Distraction,4474510,10.7,3.2,0.0,0.0,0.0,0.0,0,14.8,30.2,1,Clear sky,1,1,Sunny/Clear Conditions
78270,2021-11-04 08:29:00,40.72178,-73.760025,1,0,Driver Inattention/Distraction,4474177,9.9,3.0,0.0,0.0,0.0,0.0,3,10.8,21.2,5,Overcast,1,1,
78271,2021-08-26 15:45:00,40.681503,-73.974236,1,0,Traffic Control Disregarded,4450837,31.8,22.8,0.1,0.1,0.0,1.0,51,14.8,29.2,228,Drizzle: Light,1,1,
78272,2021-11-05 21:30:00,40.881046,-73.84382,2,0,Outside Car Distraction,4474827,10.7,3.2,0.0,0.0,0.0,0.0,0,14.8,30.2,1,Clear sky,2,2,Sunny/Clear Conditions
78273,2021-11-05 19:45:00,40.706657,-73.79806,0,0,Unspecified,4475073,10.7,3.2,0.0,0.0,0.0,0.0,0,14.8,30.2,1,Clear sky,0,0,Sunny/Clear Conditions
78274,2021-11-03 15:25:00,40.593525,-73.99628,0,0,Driver Inattention/Distraction,4474315,10.7,3.8,0.1,0.1,0.0,1.0,51,15.6,30.6,302,Drizzle: Light,0,0,
78275,2021-11-03 10:00:00,40.715305,-73.96044,0,0,Driver Inattention/Distraction,4474221,10.7,3.8,0.1,0.1,0.0,1.0,51,15.6,30.6,302,Drizzle: Light,0,0,
78276,2021-11-04 01:40:00,40.665348,-73.922325,1,0,Backing Unsafely,4473947,9.9,3.0,0.0,0.0,0.0,0.0,3,10.8,21.2,5,Overcast,1,1,
78277,2021-11-03 08:20:00,40.696983,-73.935234,0,0,Driver Inattention/Distraction,4474090,10.7,3.8,0.1,0.1,0.0,1.0,51,15.6,30.6,302,Drizzle: Light,0,0,
78278,2021-11-03 10:10:00,40.775707,-73.84633,0,0,Passing or Lane Usage Improper,4473757,10.7,3.8,0.1,0.1,0.0,1.0,51,15.6,30.6,302,Drizzle: Light,0,0,
78279,2021-11-04 00:00:00,40.820816,-73.91005,0,0,Unspecified,4474210,9.9,3.0,0.0,0.0,0.0,0.0,3,10.8,21.2,5,Overcast,0,0,
78280,2021-11-03 16:50:00,40.59075,-74.08837,1,0,Failure to Yield Right-of-Way,4473808,10.7,3.8,0.1,0.1,0.0,1.0,51,15.6,30.6,302,Drizzle: Light,1,1,
78281,2021-11-04 11:30:00,40.722725,-74.00654,1,0,Driver Inattention/Distraction,4474147,9.9,3.0,0.0,0.0,0.0,0.0,3,10.8,21.2,5,Overcast,1,1,
78282,2021-11-03 09:50:00,40.741734,-73.7283,0,0,Driver Inattention/Distraction,4473673,10.7,3.8,0.1,0.1,0.0,1.0,51,15.6,30.6,302,Drizzle: Light,0,0,
78283,2021-11-04 11:39:00,40.70703,-73.909325,0,0,Driver Inattention/Distraction,4474073,9.9,3.0,0.0,0.0,0.0,0.0,3,10.8,21.2,5,Overcast,0,0,
78284,2021-11-04 04:00:00,40.68576,-73.915504,0,0,Fell Asleep,4474374,9.9,3.0,0.0,0.0,0.0,0.0,3,10.8,21.2,5,Overcast,0,0,
78285,2021-11-05 22:00:00,40.741364,-73.92096,1,0,Driver Inattention/Distraction,4474391,10.7,3.2,0.0,0.0,0.0,0.0,0,14.8,30.2,1,Clear sky,1,1,Sunny/Clear Conditions
78286,2021-11-03 17:30:00,40.853344,-73.881676,1,0,Failure to Yield Right-of-Way,4473982,10.7,3.8,0.1,0.1,0.0,1.0,51,15.6,30.6,302,Drizzle: Light,1,1,
78287,2021-11-05 19:55:00,40.73012,-73.98947,1,0,Other Vehicular,4474793,10.7,3.2,0.0,0.0,0.0,0.0,0,14.8,30.2,1,Clear sky,1,1,Sunny/Clear Conditions
78288,2021-11-05 04:51:00,40.64952,-73.955795,1,0,Reaction to Uninvolved Vehicle,4474856,10.7,3.2,0.0,0.0,0.0,0.0,0,14.8,30.2,1,Clear sky,1,1,Sunny/Clear Conditions
78289,2021-11-03 11:00:00,40.644505,-73.99874,0,0,Unspecified,4474030,10.7,3.8,0.1,0.1,0.0,1.0,51,15.6,30.6,302,Drizzle: Light,0,0,
78290,2021-11-05 10:30:00,40.62103,-74.0118,0,0,Passing or Lane Usage Improper,4474493,10.7,3.2,0.0,0.0,0.0,0.0,0,14.8,30.2,1,Clear sky,0,0,Sunny/Clear Conditions
78291,2021-11-03 20:35:00,40.69447,-73.78147,0,0,Aggressive Driving/Road Rage,4474342,10.7,3.8,0.1,0.1,0.0,1.0,51,15.6,30.6,302,Drizzle: Light,0,0,
78292,2021-11-04 16:45:00,40.68811,-73.819336,0,0,Passing or Lane Usage Improper,4474215,9.9,3.0,0.0,0.0,0.0,0.0,3,10.8,21.2,5,Overcast,0,0,
78293,2021-10-31 12:40:00,40.519722,-74.22867,1,0,Outside Car Distraction,4474275,18.3,12.5,3.7,3.7,0.0,8.0,55,22.9,41.0,268,Drizzle: Dense,1,1,
78294,2021-11-03 19:11:00,40.66626,-73.99596,1,0,Following Too Closely,4474536,10.7,3.8,0.1,0.1,0.0,1.0,51,15.6,30.6,302,Drizzle: Light,1,1,
78295,2021-11-05 18:07:00,40.630478,-73.9861,0,0,Unspecified,4474575,10.7,3.2,0.0,0.0,0.0,0.0,0,14.8,30.2,1,Clear sky,0,0,Sunny/Clear Conditions
78296,2021-11-04 05:47:00,40.831768,-73.90803,0,0,Traffic Control Disregarded,4474135,9.9,3.0,0.0,0.0,0.0,0.0,3,10.8,21.2,5,Overcast,0,0,
78297,2021-11-04 11:15:00,40.668293,-73.97924,0,0,Passing Too Closely,4474384,9.9,3.0,0.0,0.0,0.0,0.0,3,10.8,21.2,5,Overcast,0,0,
78298,2021-11-04 21:37:00,40.760624,-73.81769,1,0,View Obstructed/Limited,4474934,9.9,3.0,0.0,0.0,0.0,0.0,3,10.8,21.2,5,Overcast,1,1,
78299,2021-11-03 16:25:00,40.727207,-73.90742,0,0,Driver Inattention/Distraction,4473854,10.7,3.8,0.1,0.1,0.0,1.0,51,15.6,30.6,302,Drizzle: Light,0,0,
78300,2021-11-03 15:00:00,40.691372,-73.80989,0,0,Failure to Yield Right-of-Way,4474108,10.7,3.8,0.1,0.1,0.0,1.0,51,15.6,30.6,302,Drizzle: Light,0,0,
78301,2021-11-03 14:40:00,40.633995,-74.02081,0,0,Unspecified,4473885,10.7,3.8,0.1,0.1,0.0,1.0,51,15.6,30.6,302,Drizzle: Light,0,0,
78302,2021-11-04 13:00:00,40.698837,-73.91407,0,0,Unspecified,4474416,9.9,3.0,0.0,0.0,0.0,0.0,3,10.8,21.2,5,Overcast,0,0,
78303,2021-11-04 14:00:00,40.767048,-73.96466,0,0,Driver Inattention/Distraction,4474246,9.9,3.0,0.0,0.0,0.0,0.0,3,10.8,21.2,5,Overcast,0,0,
78304,2021-11-05 08:00:00,40.60098,-73.75555,0,0,Traffic Control Disregarded,4474476,10.7,3.2,0.0,0.0,0.0,0.0,0,14.8,30.2,1,Clear sky,0,0,Sunny/Clear Conditions
78305,2021-11-04 06:00:00,40.664516,-73.99709,0,0,Unspecified,4474887,9.9,3.0,0.0,0.0,0.0,0.0,3,10.8,21.2,5,Overcast,0,0,
78306,2021-11-03 21:00:00,40.67172,-73.850975,3,0,Failure to Yield Right-of-Way,4473829,10.7,3.8,0.1,0.1,0.0,1.0,51,15.6,30.6,302,Drizzle: Light,3,3,
78307,2021-11-03 10:10:00,40.70028,-73.941154,1,0,Driver Inattention/Distraction,4474908,10.7,3.8,0.1,0.1,0.0,1.0,51,15.6,30.6,302,Drizzle: Light,1,1,
78308,2021-10-31 03:29:00,40.849144,-73.93548,0,0,Driver Inattention/Distraction,4475123,18.3,12.5,3.7,3.7,0.0,8.0,55,22.9,41.0,268,Drizzle: Dense,0,0,
78309,2021-10-31 10:08:00,40.749184,-73.90059,0,0,Driver Inattention/Distraction,4474379,18.3,12.5,3.7,3.7,0.0,8.0,55,22.9,41.0,268,Drizzle: Dense,0,0,
78310,2021-11-05 22:59:00,40.772236,-73.99388,0,0,Driver Inattention/Distraction,4474504,10.7,3.2,0.0,0.0,0.0,0.0,0,14.8,30.2,1,Clear sky,0,0,Sunny/Clear Conditions
78311,2021-10-30 00:17:00,40.676807,-73.95576,0,0,Unspecified,4474822,17.8,12.0,7.8,7.8,0.0,16.0,61,38.5,68.0,112,Rain: Light,0,0,
78312,2021-11-03 13:20:00,40.70543,-73.9181,0,0,Turning Improperly,4473939,10.7,3.8,0.1,0.1,0.0,1.0,51,15.6,30.6,302,Drizzle: Light,0,0,
78313,2021-11-04 22:20:00,40.834667,-73.92939,0,0,Driver Inattention/Distraction,4474296,9.9,3.0,0.0,0.0,0.0,0.0,3,10.8,21.2,5,Overcast,0,0,
78314,2021-11-04 13:30:00,40.70421,-73.96123,0,0,Passing Too Closely,4474657,9.9,3.0,0.0,0.0,0.0,0.0,3,10.8,21.2,5,Overcast,0,0,
78315,2021-11-04 12:35:00,40.725937,-73.8165,2,0,Unspecified,4474173,9.9,3.0,0.0,0.0,0.0,0.0,3,10.8,21.2,5,Overcast,2,2,
78316,2021-11-03 11:00:00,40.65738,-73.931,0,0,Unspecified,4473767,10.7,3.8,0.1,0.1,0.0,1.0,51,15.6,30.6,302,Drizzle: Light,0,0,
78317,2021-11-05 09:15:00,40.72255,-74.00631,0,0,Passing Too Closely,4474559,10.7,3.2,0.0,0.0,0.0,0.0,0,14.8,30.2,1,Clear sky,0,0,Sunny/Clear Conditions
78318,2021-11-01 09:45:00,40.713013,-73.76397,0,0,Driver Inattention/Distraction,4475067,14.4,8.0,0.0,0.0,0.0,0.0,3,20.7,38.5,278,Overcast,0,0,
78319,2021-11-05 20:42:00,40.647743,-73.962746,0,0,Driver Inattention/Distraction,4474684,10.7,3.2,0.0,0.0,0.0,0.0,0,14.8,30.2,1,Clear sky,0,0,Sunny/Clear Conditions
78320,2021-11-03 17:30:00,40.856987,-73.90897,1,0,Unspecified,4474078,10.7,3.8,0.1,0.1,0.0,1.0,51,15.6,30.6,302,Drizzle: Light,1,1,
78321,2021-11-04 16:16:00,40.743305,-73.93766,0,0,Unspecified,4474186,9.9,3.0,0.0,0.0,0.0,0.0,3,10.8,21.2,5,Overcast,0,0,
78322,2021-11-02 16:00:00,40.75992,-73.95693,0,0,Failure to Yield Right-of-Way,4475034,11.4,7.0,0.6,0.6,0.0,4.0,51,14.1,28.1,271,Drizzle: Light,0,0,
78323,2021-11-02 18:35:00,40.84271,-73.89037,1,0,Driver Inattention/Distraction,4474352,11.4,7.0,0.6,0.6,0.0,4.0,51,14.1,28.1,271,Drizzle: Light,1,1,
78324,2021-11-03 18:20:00,40.78418,-73.95219,0,0,Traffic Control Disregarded,4473907,10.7,3.8,0.1,0.1,0.0,1.0,51,15.6,30.6,302,Drizzle: Light,0,0,
78325,2021-11-01 07:37:00,40.69635,-73.94071,0,0,Traffic Control Device Improper/Non-Working,4474834,14.4,8.0,0.0,0.0,0.0,0.0,3,20.7,38.5,278,Overcast,0,0,
78326,2021-11-04 11:00:00,40.84104,-73.92195,0,0,Passing Too Closely,4474295,9.9,3.0,0.0,0.0,0.0,0.0,3,10.8,21.2,5,Overcast,0,0,
78327,2021-11-03 15:45:00,40.721004,-73.7511,0,0,Driver Inattention/Distraction,4473835,10.7,3.8,0.1,0.1,0.0,1.0,51,15.6,30.6,302,Drizzle: Light,0,0,
78328,2021-11-03 16:00:00,40.682575,-73.985985,0,0,Unspecified,4473908,10.7,3.8,0.1,0.1,0.0,1.0,51,15.6,30.6,302,Drizzle: Light,0,0,
78329,2021-11-05 19:53:00,40.818977,-73.927124,1,0,Unspecified,4474595,10.7,3.2,0.0,0.0,0.0,0.0,0,14.8,30.2,1,Clear sky,1,1,Sunny/Clear Conditions
78330,2021-11-04 19:13:00,40.662395,-73.93735,1,0,Driver Inexperience,4474310,9.9,3.0,0.0,0.0,0.0,0.0,3,10.8,21.2,5,Overcast,1,1,
78331,2021-11-03 18:06:00,40.63396,-74.01476,1,0,Failure to Yield Right-of-Way,4473873,10.7,3.8,0.1,0.1,0.0,1.0,51,15.6,30.6,302,Drizzle: Light,1,1,
78332,2021-11-03 15:00:00,40.691982,-73.808044,2,0,Unsafe Speed,4474122,10.7,3.8,0.1,0.1,0.0,1.0,51,15.6,30.6,302,Drizzle: Light,2,2,
78333,2021-11-04 20:39:00,40.77303,-73.97829,2,0,Turning Improperly,4474327,9.9,3.0,0.0,0.0,0.0,0.0,3,10.8,21.2,5,Overcast,2,2,
78334,2021-11-03 02:50:00,40.73118,-73.88307,0,0,Oversized Vehicle,4473529,10.7,3.8,0.1,0.1,0.0,1.0,51,15.6,30.6,302,Drizzle: Light,0,0,
78335,2021-11-03 10:10:00,40.72288,-73.889626,1,0,Failure to Yield Right-of-Way,4474152,10.7,3.8,0.1,0.1,0.0,1.0,51,15.6,30.6,302,Drizzle: Light,1,1,
78336,2021-11-04 23:30:00,40.73257,-73.95202,0,0,Driver Inattention/Distraction,4474409,9.9,3.0,0.0,0.0,0.0,0.0,3,10.8,21.2,5,Overcast,0,0,
78337,2021-11-04 19:52:00,40.857082,-73.88203,0,0,Driver Inattention/Distraction,4474429,9.9,3.0,0.0,0.0,0.0,0.0,3,10.8,21.2,5,Overcast,0,0,
78338,2021-11-04 17:50:00,40.607876,-73.92554,0,0,Traffic Control Disregarded,4474206,9.9,3.0,0.0,0.0,0.0,0.0,3,10.8,21.2,5,Overcast,0,0,
78339,2021-11-03 12:30:00,40.68397,-73.944046,0,0,Backing Unsafely,4473802,10.7,3.8,0.1,0.1,0.0,1.0,51,15.6,30.6,302,Drizzle: Light,0,0,
78340,2021-11-04 09:25:00,40.66644,-73.95361,0,0,Driver Inattention/Distraction,4474058,9.9,3.0,0.0,0.0,0.0,0.0,3,10.8,21.2,5,Overcast,0,0,
78341,2021-11-04 13:00:00,40.709805,-73.99191,1,0,Reaction to Uninvolved Vehicle,4474200,9.9,3.0,0.0,0.0,0.0,0.0,3,10.8,21.2,5,Overcast,1,1,
78342,2021-11-03 08:50:00,40.73736,-73.934074,1,0,Driver Inattention/Distraction,4474185,10.7,3.8,0.1,0.1,0.0,1.0,51,15.6,30.6,302,Drizzle: Light,1,1,
78343,2021-11-04 09:00:00,40.67619,-73.9081,1,0,Driver Inattention/Distraction,4474100,9.9,3.0,0.0,0.0,0.0,0.0,3,10.8,21.2,5,Overcast,1,1,
78344,2021-11-05 09:55:00,40.592815,-73.90808,0,0,Following Too Closely,4474351,10.7,3.2,0.0,0.0,0.0,0.0,0,14.8,30.2,1,Clear sky,0,0,Sunny/Clear Conditions
78345,2021-11-03 06:05:00,40.659756,-73.866684,1,0,View Obstructed/Limited,4473585,10.7,3.8,0.1,0.1,0.0,1.0,51,15.6,30.6,302,Drizzle: Light,1,1,
78346,2021-11-03 17:00:00,40.698578,-73.80599,1,0,Driver Inattention/Distraction,4474129,10.7,3.8,0.1,0.1,0.0,1.0,51,15.6,30.6,302,Drizzle: Light,1,1,
78347,2021-11-03 17:41:00,40.814358,-73.94067,1,0,Unspecified,4473765,10.7,3.8,0.1,0.1,0.0,1.0,51,15.6,30.6,302,Drizzle: Light,1,1,
78348,2021-10-07 17:50:00,40.844685,-73.89176,0,0,Passing or Lane Usage Improper,4474279,22.4,15.7,0.4,0.4,0.0,4.0,51,10.5,20.5,231,Drizzle: Light,0,0,
78349,2021-11-03 20:14:00,40.64254,-73.87652,1,0,Unspecified,4473876,10.7,3.8,0.1,0.1,0.0,1.0,51,15.6,30.6,302,Drizzle: Light,1,1,
78350,2021-11-04 07:10:00,40.87316,-73.87476,0,0,Following Too Closely,4474414,9.9,3.0,0.0,0.0,0.0,0.0,3,10.8,21.2,5,Overcast,0,0,
78351,2021-11-04 00:35:00,40.84519,-73.9112,0,0,Reaction to Uninvolved Vehicle,4474338,9.9,3.0,0.0,0.0,0.0,0.0,3,10.8,21.2,5,Overcast,0,0,
78352,2021-11-02 16:20:00,40.739166,-73.97997,1,0,Traffic Control Disregarded,4474638,11.4,7.0,0.6,0.6,0.0,4.0,51,14.1,28.1,271,Drizzle: Light,1,1,
78353,2021-11-04 15:19:00,40.727642,-73.78318,1,0,Failure to Yield Right-of-Way,4474161,9.9,3.0,0.0,0.0,0.0,0.0,3,10.8,21.2,5,Overcast,1,1,
78354,2021-10-29 14:15:00,40.52474,-74.233444,0,0,Failure to Yield Right-of-Way,4474431,13.8,8.3,9.3,9.3,0.0,5.0,63,40.9,73.8,78,Rain: Moderate,0,0,
78355,2021-11-04 23:26:00,40.811653,-73.91685,2,0,Unspecified,4474596,9.9,3.0,0.0,0.0,0.0,0.0,3,10.8,21.2,5,Overcast,2,2,
78356,2021-11-05 08:35:00,40.766308,-73.8197,0,0,Passing Too Closely,4474448,10.7,3.2,0.0,0.0,0.0,0.0,0,14.8,30.2,1,Clear sky,0,0,Sunny/Clear Conditions
78357,2021-11-05 22:22:00,40.654575,-73.943214,2,0,Traffic Control Disregarded,4474863,10.7,3.2,0.0,0.0,0.0,0.0,0,14.8,30.2,1,Clear sky,2,2,Sunny/Clear Conditions
78358,2021-11-03 11:33:00,40.887817,-73.83102,0,0,Passing Too Closely,4474053,10.7,3.8,0.1,0.1,0.0,1.0,51,15.6,30.6,302,Drizzle: Light,0,0,
78359,2021-11-05 18:14:00,40.670006,-73.95328,2,0,Driver Inattention/Distraction,4474810,10.7,3.2,0.0,0.0,0.0,0.0,0,14.8,30.2,1,Clear sky,2,2,Sunny/Clear Conditions
78360,2021-11-04 00:00:00,40.654953,-74.00703,1,0,Following Too Closely,4474891,9.9,3.0,0.0,0.0,0.0,0.0,3,10.8,21.2,5,Overcast,1,1,
78361,2021-11-01 16:10:00,40.529373,-74.161354,0,0,Unspecified,4474280,14.4,8.0,0.0,0.0,0.0,0.0,3,20.7,38.5,278,Overcast,0,0,
78362,2021-11-03 20:58:00,40.85681,-73.89818,2,0,Unspecified,4474077,10.7,3.8,0.1,0.1,0.0,1.0,51,15.6,30.6,302,Drizzle: Light,2,2,
78363,2021-11-05 01:20:00,40.747475,-73.89329,1,0,Unspecified,4474265,10.7,3.2,0.0,0.0,0.0,0.0,0,14.8,30.2,1,Clear sky,1,1,Sunny/Clear Conditions
78364,2021-11-04 10:30:00,40.68435,-73.80078,0,0,Passing or Lane Usage Improper,4474436,9.9,3.0,0.0,0.0,0.0,0.0,3,10.8,21.2,5,Overcast,0,0,
78365,2021-11-03 19:55:00,40.81148,-73.9264,0,0,Unspecified,4473849,10.7,3.8,0.1,0.1,0.0,1.0,51,15.6,30.6,302,Drizzle: Light,0,0,
78366,2021-11-05 12:45:00,40.86732,-73.82254,0,0,Unspecified,4474716,10.7,3.2,0.0,0.0,0.0,0.0,0,14.8,30.2,1,Clear sky,0,0,Sunny/Clear Conditions
78367,2021-11-05 19:53:00,40.650806,-73.94958,1,0,Backing Unsafely,4474870,10.7,3.2,0.0,0.0,0.0,0.0,0,14.8,30.2,1,Clear sky,1,1,Sunny/Clear Conditions
78368,2021-11-04 22:30:00,40.699707,-73.95718,0,0,Driver Inattention/Distraction,4474231,9.9,3.0,0.0,0.0,0.0,0.0,3,10.8,21.2,5,Overcast,0,0,
78369,2021-11-02 22:30:00,40.705147,-74.00999,0,0,Unspecified,4475105,11.4,7.0,0.6,0.6,0.0,4.0,51,14.1,28.1,271,Drizzle: Light,0,0,
78370,2021-11-02 22:40:00,40.746414,-73.98184,1,0,Traffic Control Disregarded,4474778,11.4,7.0,0.6,0.6,0.0,4.0,51,14.1,28.1,271,Drizzle: Light,1,1,
78371,2021-11-04 01:08:00,40.711727,-73.91729,0,0,Passing Too Closely,4474916,9.9,3.0,0.0,0.0,0.0,0.0,3,10.8,21.2,5,Overcast,0,0,
78372,2021-11-04 12:35:00,40.64495,-73.9249,0,0,Driver Inattention/Distraction,4474842,9.9,3.0,0.0,0.0,0.0,0.0,3,10.8,21.2,5,Overcast,0,0,
78373,2021-11-04 08:55:00,40.701756,-73.99275,0,0,Passing or Lane Usage Improper,4474195,9.9,3.0,0.0,0.0,0.0,0.0,3,10.8,21.2,5,Overcast,0,0,
78374,2021-11-03 20:03:00,40.72255,-74.00631,1,0,Driver Inattention/Distraction,4474146,10.7,3.8,0.1,0.1,0.0,1.0,51,15.6,30.6,302,Drizzle: Light,1,1,
78375,2021-09-15 15:00:00,40.830257,-73.914856,1,0,Backing Unsafely,4475015,29.6,20.7,0.3,0.3,0.0,3.0,51,21.6,40.7,192,Drizzle: Light,1,1,
78376,2021-11-04 21:00:00,40.73396,-73.94372,0,0,Backing Unsafely,4474247,9.9,3.0,0.0,0.0,0.0,0.0,3,10.8,21.2,5,Overcast,0,0,
78377,2021-11-03 08:30:00,40.6664,-73.74011,2,0,Unspecified,4473672,10.7,3.8,0.1,0.1,0.0,1.0,51,15.6,30.6,302,Drizzle: Light,2,2,
78378,2021-11-03 09:12:00,40.679592,-73.93488,0,0,Passing or Lane Usage Improper,4473708,10.7,3.8,0.1,0.1,0.0,1.0,51,15.6,30.6,302,Drizzle: Light,0,0,
78379,2021-11-05 09:05:00,40.758022,-73.981804,1,0,Traffic Control Disregarded,4474500,10.7,3.2,0.0,0.0,0.0,0.0,0,14.8,30.2,1,Clear sky,1,1,Sunny/Clear Conditions
78380,2021-11-03 09:20:00,40.82804,-73.85228,0,0,Unspecified,4473977,10.7,3.8,0.1,0.1,0.0,1.0,51,15.6,30.6,302,Drizzle: Light,0,0,
78381,2021-10-29 23:30:00,40.69308,-73.929955,0,0,Unspecified,4474907,13.8,8.3,9.3,9.3,0.0,5.0,63,40.9,73.8,78,Rain: Moderate,0,0,
78382,2021-11-04 20:45:00,40.763382,-73.8303,1,0,Passing Too Closely,4474463,9.9,3.0,0.0,0.0,0.0,0.0,3,10.8,21.2,5,Overcast,1,1,
78383,2021-11-03 15:10:00,0.0,0.0,0,0,Passing or Lane Usage Improper,4474291,10.7,3.8,0.1,0.1,0.0,1.0,51,15.6,30.6,302,Drizzle: Light,0,0,
78384,2021-11-04 18:05:00,40.67973,-73.76162,1,0,Passing or Lane Usage Improper,4474190,9.9,3.0,0.0,0.0,0.0,0.0,3,10.8,21.2,5,Overcast,1,1,
78385,2021-11-03 21:20:00,40.666122,-73.93139,1,0,Driver Inattention/Distraction,4473795,10.7,3.8,0.1,0.1,0.0,1.0,51,15.6,30.6,302,Drizzle: Light,1,1,
78386,2021-11-05 12:11:00,40.68496,-73.973206,0,0,View Obstructed/Limited,4474323,10.7,3.2,0.0,0.0,0.0,0.0,0,14.8,30.2,1,Clear sky,0,0,Sunny/Clear Conditions
78387,2021-11-03 16:34:00,40.610504,-73.95767,0,0,Failure to Yield Right-of-Way,4474043,10.7,3.8,0.1,0.1,0.0,1.0,51,15.6,30.6,302,Drizzle: Light,0,0,
78388,2021-11-05 09:20:00,40.625492,-73.95855,0,0,Unspecified,4474306,10.7,3.2,0.0,0.0,0.0,0.0,0,14.8,30.2,1,Clear sky,0,0,Sunny/Clear Conditions
78389,2021-11-03 13:08:00,40.717632,-74.00224,0,0,Turning Improperly,4474685,10.7,3.8,0.1,0.1,0.0,1.0,51,15.6,30.6,302,Drizzle: Light,0,0,