,CRASH DATETIME,LATITUDE,LONGITUDE,NUMBER OF PERSONS INJURED,NUMBER OF PERSONS KILLED,CONTRIBUTING FACTOR VEHICLE 1,COLLISION_ID,temperature_2m_max,temperature_2m_min,precipitation_sum,rain_sum,snowfall_sum,precipitation_hours,weather_code,wind_speed_10m_max,wind_gusts_10m_max,wind_direction_10m_dominant,Weather Description,Severity_Score,Total_Affected_Persons,Weather_Category
78390,2021-10-31 15:57:00,40.76963,-73.915855,0,0,Unspecified,4474553,18.3,12.5,3.7,3.7,0.0,8.0,55,22.9,41.0,268,Drizzle: Dense,0,0,
78391,2021-11-04 20:12:00,40.775486,-73.98217,0,0,Driver Inattention/Distraction,4474328,9.9,3.0,0.0,0.0,0.0,0.0,3,10.8,21.2,5,Overcast,0,0,
78392,2021-11-03 15:16:00,40.724335,-73.72464,0,0,Unspecified,4474168,10.7,3.8,0.1,0.1,0.0,1.0,51,15.6,30.6,302,Drizzle: Light,0,0,
78393,2021-10-18 08:25:00,40.64437,-73.93061,0,0,Failure to Yield Right-of-Way,4474855,15.8,9.2,0.0,0.0,0.0,0.0,2,32.4,58.3,296,Partly cloudy,0,0,
78394,2021-11-03 08:20:00,40.83228,-73.90963,0,0,Driver Inattention/Distraction,4473658,10.7,3.8,0.1,0.1,0.0,1.0,51,15.6,30.6,302,Drizzle: Light,0,0,
78395,2021-11-04 05:42:00,40.87835,-73.870346,1,0,Unspecified,4473919,9.9,3.0,0.0,0.0,0.0,0.0,3,10.8,21.2,5,Overcast,1,1,
78396,2021-11-03 08:30:00,40.85415,-73.88447,0,0,Passing Too Closely,4473990,10.7,3.8,0.1,0.1,0.0,1.0,51,15.6,30.6,302,Drizzle: Light,0,0,
78397,2021-11-05 10:15:00,40.677414,-73.93033,1,0,Unspecified,4474900,10.7,3.2,0.0,0.0,0.0,0.0,0,14.8,30.2,1,Clear sky,1,1,Sunny/Clear Conditions
78398,2021-11-05 22:30:00,40.731815,-73.8713,0,0,Driver Inattention/Distraction,4474734,10.7,3.2,0.0,0.0,0.0,0.0,0,14.8,30.2,1,Clear sky,0,0,Sunny/Clear Conditions
78399,2021-11-03 13:50:00,40.62338,-73.93029,1,0,Driver Inattention/Distraction,4473690,10.7,3.8,0.1,0.1,0.0,1.0,51,15.6,30.6,302,Drizzle: Light,1,1,
78400,2021-11-04 00:34:00,40.732388,-73.73238,0,0,Unspecified,4473838,9.9,3.0,0.0,0.0,0.0,0.0,3,10.8,21.2,5,Overcast,0,0,
78401,2021-11-05 19:40:00,40.620914,-74.00846,0,0,Driver Inattention/Distraction,4474366,10.7,3.2,0.0,0.0,0.0,0.0,0,14.8,30.2,1,Clear sky,0,0,Sunny/Clear Conditions
78402,2022-04-14 10:55:00,40.66618,-73.88316,1,0,Failure to Yield Right-of-Way,4519171,28.1,13.9,0.2,0.2,0.0,2.0,51,25.9,46.1,249,Drizzle: Light,1,1,
78403,2021-11-04 11:00:00,40.637196,-74.00779,0,0,Passing Too Closely,4474091,9.9,3.0,0.0,0.0,0.0,0.0,3,10.8,21.2,5,Overcast,0,0,
78404,2021-11-04 18:05:00,40.711082,-73.94989,1,0,Driver Inattention/Distraction,4474974,9.9,3.0,0.0,0.0,0.0,0.0,3,10.8,21.2,5,Overcast,1,1,
78405,2021-11-05 08:20:00,40.731415,-73.91723,0,0,Following Too Closely,4474468,10.7,3.2,0.0,0.0,0.0,0.0,0,14.8,30.2,1,Clear sky,0,0,Sunny/Clear Conditions
78406,2021-11-04 11:20:00,40.680492,-73.97461,0,0,Outside Car Distraction,4474383,9.9,3.0,0.0,0.0,0.0,0.0,3,10.8,21.2,5,Overcast,0,0,
78407,2021-11-03 20:00:00,40.611404,-74.00952,0,0,Unspecified,4474134,10.7,3.8,0.1,0.1,0.0,1.0,51,15.6,30.6,302,Drizzle: Light,0,0,
78408,2021-11-03 17:15:00,40.82102,-73.88725,0,0,Unspecified,4474048,10.7,3.8,0.1,0.1,0.0,1.0,51,15.6,30.6,302,Drizzle: Light,0,0,
78409,2021-11-05 00:42:00,40.707443,-74.007614,0,0,Unspecified,4474260,10.7,3.2,0.0,0.0,0.0,0.0,0,14.8,30.2,1,Clear sky,0,0,Sunny/Clear Conditions
78410,2021-11-03 16:50:00,40.75455,-73.74317,0,0,Other Vehicular,4473777,10.7,3.8,0.1,0.1,0.0,1.0,51,15.6,30.6,302,Drizzle: Light,0,0,
78411,2021-11-05 19:05:00,40.7031,-73.98666,0,0,Failure to Yield Right-of-Way,4474541,10.7,3.2,0.0,0.0,0.0,0.0,0,14.8,30.2,1,Clear sky,0,0,Sunny/Clear Conditions
78412,2021-11-04 15:14:00,40.702553,-73.78983,1,0,Aggressive Driving/Road Rage,4475071,9.9,3.0,0.0,0.0,0.0,0.0,3,10.8,21.2,5,Overcast,1,1,
78413,2021-11-03 12:00:00,40.669,-73.80357,0,0,Driver Inattention/Distraction,4474988,10.7,3.8,0.1,0.1,0.0,1.0,51,15.6,30.6,302,Drizzle: Light,0,0,
78414,2021-11-05 20:20:00,40.719025,-73.98978,0,0,Failure to Yield Right-of-Way,4474334,10.7,3.2,0.0,0.0,0.0,0.0,0,14.8,30.2,1,Clear sky,0,0,Sunny/Clear Conditions
78415,2021-11-03 15:00:00,40.650623,-74.013405,0,0,Unspecified,4473844,10.7,3.8,0.1,0.1,0.0,1.0,51,15.6,30.6,302,Drizzle: Light,0,0,
78416,2021-11-04 20:40:00,40.71153,-73.95504,0,0,Driver Inattention/Distraction,4474225,9.9,3.0,0.0,0.0,0.0,0.0,3,10.8,21.2,5,Overcast,0,0,
78417,2021-11-04 18:20:00,40.63002,-74.02839,0,0,Driver Inattention/Distraction,4474601,9.9,3.0,0.0,0.0,0.0,0.0,3,10.8,21.2,5,Overcast,0,0,
78418,2021-11-04 19:41:00,40.693336,-73.85301,0,0,Passing Too Closely,4474485,9.9,3.0,0.0,0.0,0.0,0.0,3,10.8,21.2,5,Overcast,0,0,
78419,2021-10-31 02:08:00,40.635853,-73.90834,2,0,Unspecified,4474424,18.3,12.5,3.7,3.7,0.0,8.0,55,22.9,41.0,268,Drizzle: Dense,2,2,
78420,2021-10-31 18:25:00,40.702686,-73.87166,1,0,Unspecified,4474922,18.3,12.5,3.7,3.7,0.0,8.0,55,22.9,41.0,268,Drizzle: Dense,1,1,
78421,2021-11-05 20:00:00,40.822933,-73.93813,0,0,Passing Too Closely,4475083,10.7,3.2,0.0,0.0,0.0,0.0,0,14.8,30.2,1,Clear sky,0,0,Sunny/Clear Conditions
78422,2021-11-03 11:10:00,40.590828,-73.98414,3,0,Failure to Yield Right-of-Way,4474360,10.7,3.8,0.1,0.1,0.0,1.0,51,15.6,30.6,302,Drizzle: Light,3,3,
78423,2021-11-05 18:45:00,40.71401,-73.85965,1,0,Traffic Control Disregarded,4474392,10.7,3.2,0.0,0.0,0.0,0.0,0,14.8,30.2,1,Clear sky,1,1,Sunny/Clear Conditions
78424,2021-11-05 20:42:00,40.734146,-73.98924,1,0,Unspecified,4474796,10.7,3.2,0.0,0.0,0.0,0.0,0,14.8,30.2,1,Clear sky,1,1,Sunny/Clear Conditions
78425,2021-10-27 17:55:00,40.69635,-73.94071,2,0,Driver Inattention/Distraction,4474643,16.1,12.2,6.6,6.6,0.0,6.0,61,33.3,63.0,359,Rain: Light,2,2,
78426,2021-11-05 00:26:00,40.583992,-73.96752,0,0,Driver Inattention/Distraction,4474712,10.7,3.2,0.0,0.0,0.0,0.0,0,14.8,30.2,1,Clear sky,0,0,Sunny/Clear Conditions
78427,2021-11-05 00:00:00,40.703053,-73.942505,0,0,Unspecified,4474355,10.7,3.2,0.0,0.0,0.0,0.0,0,14.8,30.2,1,Clear sky,0,0,Sunny/Clear Conditions
78428,2021-11-05 22:00:00,40.675735,-73.89686,0,0,Unspecified,4474958,10.7,3.2,0.0,0.0,0.0,0.0,0,14.8,30.2,1,Clear sky,0,0,Sunny/Clear Conditions
78429,2021-11-04 00:00:00,40.703556,-73.95023,0,0,Driver Inexperience,4474218,9.9,3.0,0.0,0.0,0.0,0.0,3,10.8,21.2,5,Overcast,0,0,
78430,2022-04-13 07:00:00,40.813232,-73.90908,0,0,Unspecified,4518852,18.9,7.1,0.0,0.0,0.0,0.0,3,18.7,37.4,112,Overcast,0,0,
78431,2021-11-04 07:00:00,40.72162,-73.77672,0,0,Driver Inattention/Distraction,4474178,9.9,3.0,0.0,0.0,0.0,0.0,3,10.8,21.2,5,Overcast,0,0,
78432,2021-11-03 21:36:00,40.66851,-73.76626,0,0,Traffic Control Disregarded,4474082,10.7,3.8,0.1,0.1,0.0,1.0,51,15.6,30.6,302,Drizzle: Light,0,0,
78433,2021-11-04 12:00:00,40.613655,-73.978,0,0,Driver Inattention/Distraction,4474768,9.9,3.0,0.0,0.0,0.0,0.0,3,10.8,21.2,5,Overcast,0,0,
78434,2021-11-05 10:30:00,40.822697,-73.87001,0,0,Unspecified,4474480,10.7,3.2,0.0,0.0,0.0,0.0,0,14.8,30.2,1,Clear sky,0,0,Sunny/Clear Conditions
78435,2021-11-04 09:20:00,40.729492,-74.00698,0,0,Unspecified,4474689,9.9,3.0,0.0,0.0,0.0,0.0,3,10.8,21.2,5,Overcast,0,0,
78436,2021-11-05 13:00:00,40.694504,-73.80078,0,0,Unspecified,4475061,10.7,3.2,0.0,0.0,0.0,0.0,0,14.8,30.2,1,Clear sky,0,0,Sunny/Clear Conditions
78437,2021-11-03 09:30:00,40.813652,-73.906975,0,0,Other Vehicular,4474211,10.7,3.8,0.1,0.1,0.0,1.0,51,15.6,30.6,302,Drizzle: Light,0,0,
78438,2021-11-05 09:25:00,40.805367,-73.9219,1,0,Unspecified,4474580,10.7,3.2,0.0,0.0,0.0,0.0,0,14.8,30.2,1,Clear sky,1,1,Sunny/Clear Conditions
78439,2021-11-03 16:00:00,40.68342,-73.97545,0,0,View Obstructed/Limited,4473955,10.7,3.8,0.1,0.1,0.0,1.0,51,15.6,30.6,302,Drizzle: Light,0,0,
78440,2021-11-05 23:13:00,40.641182,-73.9712,1,0,Unspecified,4474522,10.7,3.2,0.0,0.0,0.0,0.0,0,14.8,30.2,1,Clear sky,1,1,Sunny/Clear Conditions
78441,2021-11-05 13:30:00,40.737907,-73.877174,0,0,Passing or Lane Usage Improper,4474729,10.7,3.2,0.0,0.0,0.0,0.0,0,14.8,30.2,1,Clear sky,0,0,Sunny/Clear Conditions
78442,2021-11-05 00:20:00,40.760693,-73.96648,0,0,Driver Inattention/Distraction,4474302,10.7,3.2,0.0,0.0,0.0,0.0,0,14.8,30.2,1,Clear sky,0,0,Sunny/Clear Conditions
78443,2021-11-03 01:09:00,40.82084,-73.87266,0,0,Backing Unsafely,4473603,10.7,3.8,0.1,0.1,0.0,1.0,51,15.6,30.6,302,Drizzle: Light,0,0,
78444,2021-11-04 10:30:00,40.67263,-73.850914,1,0,View Obstructed/Limited,4474039,9.9,3.0,0.0,0.0,0.0,0.0,3,10.8,21.2,5,Overcast,1,1,
78445,2021-11-04 09:00:00,40.743427,-73.775475,1,0,Driver Inattention/Distraction,4474287,9.9,3.0,0.0,0.0,0.0,0.0,3,10.8,21.2,5,Overcast,1,1,
78446,2021-11-03 18:25:00,40.67045,-73.793335,0,0,Backing Unsafely,4473748,10.7,3.8,0.1,0.1,0.0,1.0,51,15.6,30.6,302,Drizzle: Light,0,0,
78447,2021-11-04 17:22:00,40.730072,-73.95549,0,0,Other Vehicular,4474254,9.9,3.0,0.0,0.0,0.0,0.0,3,10.8,21.2,5,Overcast,0,0,
78448,2021-11-03 20:30:00,40.59116,-73.94498,1,0,Driver Inattention/Distraction,4473995,10.7,3.8,0.1,0.1,0.0,1.0,51,15.6,30.6,302,Drizzle: Light,1,1,
78449,2021-11-05 00:30:00,40.618088,-74.0303,0,0,Driver Inattention/Distraction,4474495,10.7,3.2,0.0,0.0,0.0,0.0,0,14.8,30.2,1,Clear sky,0,0,Sunny/Clear Conditions
78450,2021-11-03 19:25:00,40.74849,-73.86355,1,0,Failure to Yield Right-of-Way,4473930,10.7,3.8,0.1,0.1,0.0,1.0,51,15.6,30.6,302,Drizzle: Light,1,1,
78451,2021-11-01 19:00:00,40.641014,-73.99903,0,0,Unspecified,4475054,14.4,8.0,0.0,0.0,0.0,0.0,3,20.7,38.5,278,Overcast,0,0,
78452,2021-11-04 03:40:00,40.64431,-73.93155,0,0,Unspecified,4474848,9.9,3.0,0.0,0.0,0.0,0.0,3,10.8,21.2,5,Overcast,0,0,
78453,2021-10-25 01:15:00,40.778095,-73.9783,1,0,Failure to Yield Right-of-Way,4474319,22.8,13.5,10.7,10.7,0.0,8.0,63,18.9,33.5,172,Rain: Moderate,1,1,
78454,2021-11-04 16:21:00,40.696117,-73.905014,0,0,Driver Inattention/Distraction,4474399,9.9,3.0,0.0,0.0,0.0,0.0,3,10.8,21.2,5,Overcast,0,0,
78455,2021-11-05 15:45:00,40.676132,-73.81924,1,0,Failure to Yield Right-of-Way,4474993,10.7,3.2,0.0,0.0,0.0,0.0,0,14.8,30.2,1,Clear sky,1,1,Sunny/Clear Conditions
78456,2021-11-03 16:55:00,40.66463,-73.894875,0,0,Aggressive Driving/Road Rage,4473865,10.7,3.8,0.1,0.1,0.0,1.0,51,15.6,30.6,302,Drizzle: Light,0,0,
78457,2021-11-04 19:45:00,40.604645,-74.16238,0,0,Unsafe Lane Changing,4474224,9.9,3.0,0.0,0.0,0.0,0.0,3,10.8,21.2,5,Overcast,0,0,
78458,2021-11-04 16:55:00,40.621113,-73.93102,0,0,Backing Unsafely,4474370,9.9,3.0,0.0,0.0,0.0,0.0,3,10.8,21.2,5,Overcast,0,0,
78459,2021-11-04 13:10:00,40.836063,-73.90422,0,0,Unspecified,4474141,9.9,3.0,0.0,0.0,0.0,0.0,3,10.8,21.2,5,Overcast,0,0,
78460,2021-11-02 23:35:00,40.82803,-73.934845,2,0,Alcohol Involvement,4475078,11.4,7.0,0.6,0.6,0.0,4.0,51,14.1,28.1,271,Drizzle: Light,2,2,
78461,2021-11-04 00:00:00,40.674786,-73.98389,0,0,Driver Inattention/Distraction,4474387,9.9,3.0,0.0,0.0,0.0,0.0,3,10.8,21.2,5,Overcast,0,0,
78462,2021-11-03 17:19:00,40.817596,-73.95319,1,0,Passing or Lane Usage Improper,4473893,10.7,3.8,0.1,0.1,0.0,1.0,51,15.6,30.6,302,Drizzle: Light,1,1,
78463,2021-11-03 21:36:00,40.66851,-73.76626,0,0,Traffic Control Disregarded,4474083,10.7,3.8,0.1,0.1,0.0,1.0,51,15.6,30.6,302,Drizzle: Light,0,0,
78464,2021-11-04 14:00:00,40.740757,-73.89028,0,0,Unspecified,4474236,9.9,3.0,0.0,0.0,0.0,0.0,3,10.8,21.2,5,Overcast,0,0,
78465,2021-11-03 15:15:00,40.75691,-73.81951,1,0,Driver Inexperience,4473805,10.7,3.8,0.1,0.1,0.0,1.0,51,15.6,30.6,302,Drizzle: Light,1,1,
78466,2021-11-04 09:30:00,40.778606,-73.84339,0,0,Oversized Vehicle,4474456,9.9,3.0,0.0,0.0,0.0,0.0,3,10.8,21.2,5,Overcast,0,0,
78467,2021-11-05 15:30:00,40.816936,-73.8643,0,0,Unspecified,4474788,10.7,3.2,0.0,0.0,0.0,0.0,0,14.8,30.2,1,Clear sky,0,0,Sunny/Clear Conditions
78468,2021-11-03 19:33:00,40.63278,-73.966934,0,0,Failure to Yield Right-of-Way,4474044,10.7,3.8,0.1,0.1,0.0,1.0,51,15.6,30.6,302,Drizzle: Light,0,0,
78469,2021-11-05 03:10:00,40.667522,-73.78063,0,0,Other Vehicular,4474439,10.7,3.2,0.0,0.0,0.0,0.0,0,14.8,30.2,1,Clear sky,0,0,Sunny/Clear Conditions
78470,2021-11-04 12:30:00,40.753788,-73.86967,0,0,Driver Inattention/Distraction,4474610,9.9,3.0,0.0,0.0,0.0,0.0,3,10.8,21.2,5,Overcast,0,0,
78471,2021-11-04 18:14:00,40.71236,-73.99384,0,0,Driver Inattention/Distraction,4475115,9.9,3.0,0.0,0.0,0.0,0.0,3,10.8,21.2,5,Overcast,0,0,
78472,2021-11-05 13:00:00,40.74094,-74.007484,0,0,Unspecified,4474654,10.7,3.2,0.0,0.0,0.0,0.0,0,14.8,30.2,1,Clear sky,0,0,Sunny/Clear Conditions
78473,2021-10-29 11:19:00,40.67735,-73.9076,0,0,Unspecified,4474375,13.8,8.3,9.3,9.3,0.0,5.0,63,40.9,73.8,78,Rain: Moderate,0,0,
78474,2021-11-05 00:00:00,40.633606,-73.91623,1,0,Unspecified,4474571,10.7,3.2,0.0,0.0,0.0,0.0,0,14.8,30.2,1,Clear sky,1,1,Sunny/Clear Conditions
78475,2021-11-04 04:30:00,40.842163,-73.88902,0,0,Other Vehicular,4474428,9.9,3.0,0.0,0.0,0.0,0.0,3,10.8,21.2,5,Overcast,0,0,
78476,2021-11-05 16:45:00,40.669415,-73.94262,1,0,Driver Inattention/Distraction,4474562,10.7,3.2,0.0,0.0,0.0,0.0,0,14.8,30.2,1,Clear sky,1,1,Sunny/Clear Conditions
78477,2021-11-04 18:14:00,40.67639,-73.97189,1,0,Other Vehicular,4474388,9.9,3.0,0.0,0.0,0.0,0.0,3,10.8,21.2,5,Overcast,1,1,
78478,2021-11-05 10:30:00,40.60738,-73.74748,0,0,Backing Unsafely,4474492,10.7,3.2,0.0,0.0,0.0,0.0,0,14.8,30.2,1,Clear sky,0,0,Sunny/Clear Conditions
78479,2021-11-05 11:04:00,40.740734,-73.99167,1,0,Driver Inattention/Distraction,4474640,10.7,3.2,0.0,0.0,0.0,0.0,0,14.8,30.2,1,Clear sky,1,1,Sunny/Clear Conditions
78480,2021-11-04 07:10:00,40.783226,-73.83862,0,0,Other Vehicular,4474449,9.9,3.0,0.0,0.0,0.0,0.0,3,10.8,21.2,5,Overcast,0,0,
78481,2021-11-03 14:00:00,40.853207,-73.8433,0,0,Passing or Lane Usage Improper,4474068,10.7,3.8,0.1,0.1,0.0,1.0,51,15.6,30.6,302,Drizzle: Light,0,0,
78482,2021-11-02 16:30:00,40.856625,-73.8319,0,0,Unspecified,4474706,11.4,7.0,0.6,0.6,0.0,4.0,51,14.1,28.1,271,Drizzle: Light,0,0,
78483,2021-11-03 20:10:00,40.65881,-73.98172,0,0,Aggressive Driving/Road Rage,4473843,10.7,3.8,0.1,0.1,0.0,1.0,51,15.6,30.6,302,Drizzle: Light,0,0,
78484,2021-10-29 19:00:00,40.58893,-74.09525,0,0,Driver Inattention/Distraction,4474947,13.8,8.3,9.3,9.3,0.0,5.0,63,40.9,73.8,78,Rain: Moderate,0,0,
78485,2021-11-05 11:30:00,40.60536,-73.96174,1,0,Driver Inattention/Distraction,4474292,10.7,3.2,0.0,0.0,0.0,0.0,0,14.8,30.2,1,Clear sky,1,1,Sunny/Clear Conditions
78486,2021-11-05 18:20:00,40.84232,-73.85472,0,0,Backing Unsafely,4474576,10.7,3.2,0.0,0.0,0.0,0.0,0,14.8,30.2,1,Clear sky,0,0,Sunny/Clear Conditions
78487,2021-11-05 22:00:00,40.78888,-73.78358,0,0,Unspecified,4474699,10.7,3.2,0.0,0.0,0.0,0.0,0,14.8,30.2,1,Clear sky,0,0,Sunny/Clear Conditions
78488,2021-11-04 00:42:00,40.878853,-73.87349,0,0,Unspecified,4474417,9.9,3.0,0.0,0.0,0.0,0.0,3,10.8,21.2,5,Overcast,0,0,
78489,2021-11-05 18:00:00,40.865494,-73.85868,0,0,Driver Inattention/Distraction,4474757,10.7,3.2,0.0,0.0,0.0,0.0,0,14.8,30.2,1,Clear sky,0,0,Sunny/Clear Conditions
78490,2021-11-02 20:03:00,40.69599,-73.73665,1,0,Failure to Yield Right-of-Way,4474587,11.4,7.0,0.6,0.6,0.0,4.0,51,14.1,28.1,271,Drizzle: Light,1,1,
78491,2021-11-05 22:08:00,40.815277,-73.95913,1,0,Unspecified,4474356,10.7,3.2,0.0,0.0,0.0,0.0,0,14.8,30.2,1,Clear sky,1,1,Sunny/Clear Conditions
78492,2021-11-03 17:50:00,40.837177,-73.942604,0,0,Oversized Vehicle,4474019,10.7,3.8,0.1,0.1,0.0,1.0,51,15.6,30.6,302,Drizzle: Light,0,0,
78493,2021-11-05 11:00:00,40.866447,-73.9305,0,0,Passing or Lane Usage Improper,4475130,10.7,3.2,0.0,0.0,0.0,0.0,0,14.8,30.2,1,Clear sky,0,0,Sunny/Clear Conditions
78494,2021-11-03 16:38:00,40.76948,-73.95787,0,0,Unspecified,4473903,10.7,3.8,0.1,0.1,0.0,1.0,51,15.6,30.6,302,Drizzle: Light,0,0,
78495,2021-11-05 07:37:00,40.599762,-73.76001,0,0,Reaction to Uninvolved Vehicle,4474471,10.7,3.2,0.0,0.0,0.0,0.0,0,14.8,30.2,1,Clear sky,0,0,Sunny/Clear Conditions
78496,2021-11-05 13:02:00,40.690483,-73.93954,0,0,View Obstructed/Limited,4474843,10.7,3.2,0.0,0.0,0.0,0.0,0,14.8,30.2,1,Clear sky,0,0,Sunny/Clear Conditions
78497,2021-11-05 12:30:00,40.6964,-73.74808,0,0,Backing Unsafely,4474270,10.7,3.2,0.0,0.0,0.0,0.0,0,14.8,30.2,1,Clear sky,0,0,Sunny/Clear Conditions
78498,2021-11-05 10:36:00,40.654007,-73.901245,1,0,Unspecified,4474404,10.7,3.2,0.0,0.0,0.0,0.0,0,14.8,30.2,1,Clear sky,1,1,Sunny/Clear Conditions
78499,2021-11-05 23:10:00,40.600426,-73.941895,1,0,Failure to Yield Right-of-Way,4474509,10.7,3.2,0.0,0.0,0.0,0.0,0,14.8,30.2,1,Clear sky,1,1,Sunny/Clear Conditions
78500,2021-11-03 17:30:00,0.0,0.0,2,0,Driver Inattention/Distraction,4473913,10.7,3.8,0.1,0.1,0.0,1.0,51,15.6,30.6,302,Drizzle: Light,2,2,
78501,2021-11-03 15:50:00,40.757755,-73.79304,0,0,Failure to Yield Right-of-Way,4473801,10.7,3.8,0.1,0.1,0.0,1.0,51,15.6,30.6,302,Drizzle: Light,0,0,
78502,2021-11-03 13:27:00,40.76685,-73.95376,0,0,Turning Improperly,4473902,10.7,3.8,0.1,0.1,0.0,1.0,51,15.6,30.6,302,Drizzle: Light,0,0,
78503,2021-11-04 20:16:00,40.719482,-73.81058,0,0,Backing Unsafely,4474240,9.9,3.0,0.0,0.0,0.0,0.0,3,10.8,21.2,5,Overcast,0,0,
78504,2021-11-04 02:09:00,40.74284,-74.00028,1,0,Traffic Control Disregarded,4474106,9.9,3.0,0.0,0.0,0.0,0.0,3,10.8,21.2,5,Overcast,1,1,
78505,2021-11-03 22:21:00,40.830265,-73.95131,2,0,Passing or Lane Usage Improper,4473853,10.7,3.8,0.1,0.1,0.0,1.0,51,15.6,30.6,302,Drizzle: Light,2,2,
78506,2021-11-04 11:20:00,40.697712,-73.786194,0,0,Backing Unsafely,4474123,9.9,3.0,0.0,0.0,0.0,0.0,3,10.8,21.2,5,Overcast,0,0,
78507,2021-11-04 22:00:00,40.898273,-73.867325,0,0,Unspecified,4474862,9.9,3.0,0.0,0.0,0.0,0.0,3,10.8,21.2,5,Overcast,0,0,
78508,2021-11-03 02:25:00,40.875946,-73.888214,0,0,Driver Inattention/Distraction,4473533,10.7,3.8,0.1,0.1,0.0,1.0,51,15.6,30.6,302,Drizzle: Light,0,0,
78509,2021-11-04 09:28:00,40.70766,-73.897514,0,0,Passing Too Closely,4474153,9.9,3.0,0.0,0.0,0.0,0.0,3,10.8,21.2,5,Overcast,0,0,
78510,2021-09-22 20:15:00,40.70973,-74.00626,1,0,Driver Inattention/Distraction,4474557,25.3,19.9,5.1,5.1,0.0,15.0,61,29.3,55.1,154,Rain: Light,1,1,
78511,2021-11-05 06:08:00,40.711243,-73.98974,0,0,Driver Inattention/Distraction,4474259,10.7,3.2,0.0,0.0,0.0,0.0,0,14.8,30.2,1,Clear sky,0,0,Sunny/Clear Conditions
78512,2021-11-05 13:00:00,40.74326,-73.8898,1,0,Driver Inattention/Distraction,4474885,10.7,3.2,0.0,0.0,0.0,0.0,0,14.8,30.2,1,Clear sky,1,1,Sunny/Clear Conditions
78513,2021-11-03 09:00:00,40.853477,-73.93514,0,0,Passing or Lane Usage Improper,4474057,10.7,3.8,0.1,0.1,0.0,1.0,51,15.6,30.6,302,Drizzle: Light,0,0,
78514,2021-11-02 20:46:00,40.697186,-73.92884,3,0,Following Too Closely,4474410,11.4,7.0,0.6,0.6,0.0,4.0,51,14.1,28.1,271,Drizzle: Light,3,3,
78515,2021-11-04 06:34:00,40.59702,-74.09339,1,0,Driver Inattention/Distraction,4474205,9.9,3.0,0.0,0.0,0.0,0.0,3,10.8,21.2,5,Overcast,1,1,
78516,2021-11-04 14:30:00,40.551857,-74.135284,0,0,Driver Inattention/Distraction,4474443,9.9,3.0,0.0,0.0,0.0,0.0,3,10.8,21.2,5,Overcast,0,0,
78517,2021-11-05 19:16:00,40.81793,-73.9053,0,0,Other Vehicular,4474592,10.7,3.2,0.0,0.0,0.0,0.0,0,14.8,30.2,1,Clear sky,0,0,Sunny/Clear Conditions
78518,2021-11-02 14:00:00,40.73036,-73.952515,1,0,Failure to Yield Right-of-Way,4474821,11.4,7.0,0.6,0.6,0.0,4.0,51,14.1,28.1,271,Drizzle: Light,1,1,
78519,2021-11-04 05:10:00,40.771484,-73.929405,0,0,Unspecified,4474297,9.9,3.0,0.0,0.0,0.0,0.0,3,10.8,21.2,5,Overcast,0,0,
78520,2021-11-05 06:40:00,40.760956,-73.807686,0,0,Passing or Lane Usage Improper,4474460,10.7,3.2,0.0,0.0,0.0,0.0,0,14.8,30.2,1,Clear sky,0,0,Sunny/Clear Conditions
78521,2021-10-27 02:35:00,40.759586,-73.86497,0,0,Unspecified,4474617,16.1,12.2,6.6,6.6,0.0,6.0,61,33.3,63.0,359,Rain: Light,0,0,
78522,2021-11-05 23:00:00,40.90325,-73.84801,0,0,Driver Inattention/Distraction,4474833,10.7,3.2,0.0,0.0,0.0,0.0,0,14.8,30.2,1,Clear sky,0,0,Sunny/Clear Conditions
78523,2021-11-05 08:50:00,40.64495,-73.9249,0,0,Unspecified,4474865,10.7,3.2,0.0,0.0,0.0,0.0,0,14.8,30.2,1,Clear sky,0,0,Sunny/Clear Conditions
78524,2021-11-05 01:32:00,40.684753,-73.86077,0,0,Unspecified,4474488,10.7,3.2,0.0,0.0,0.0,0.0,0,14.8,30.2,1,Clear sky,0,0,Sunny/Clear Conditions
78525,2021-11-05 14:00:00,40.81909,-73.902725,1,0,Unspecified,4474597,10.7,3.2,0.0,0.0,0.0,0.0,0,14.8,30.2,1,Clear sky,1,1,Sunny/Clear Conditions
78526,2021-11-05 19:56:00,40.58425,-73.9638,0,0,Following Too Closely,4474722,10.7,3.2,0.0,0.0,0.0,0.0,0,14.8,30.2,1,Clear sky,0,0,Sunny/Clear Conditions
78527,2021-11-05 15:00:00,40.819206,-73.947044,1,0,Driver Inattention/Distraction,4475082,10.7,3.2,0.0,0.0,0.0,0.0,0,14.8,30.2,1,Clear sky,1,1,Sunny/Clear Conditions
78528,2021-11-01 16:46:00,40.85372,-73.928696,1,0,Traffic Control Disregarded,4475124,14.4,8.0,0.0,0.0,0.0,0.0,3,20.7,38.5,278,Overcast,1,1,
78529,2021-11-04 19:50:00,40.666405,-73.802635,0,0,Following Too Closely,4474191,9.9,3.0,0.0,0.0,0.0,0.0,3,10.8,21.2,5,Overcast,0,0,
78530,2021-11-04 14:18:00,40.8531,-73.92915,0,0,Unspecified,4474311,9.9,3.0,0.0,0.0,0.0,0.0,3,10.8,21.2,5,Overcast,0,0,
78531,2021-11-05 23:18:00,40.827507,-73.85634,0,0,Driver Inattention/Distraction,4474784,10.7,3.2,0.0,0.0,0.0,0.0,0,14.8,30.2,1,Clear sky,0,0,Sunny/Clear Conditions
78532,2021-11-02 11:44:00,40.63367,-74.12848,0,0,Following Too Closely,4474527,11.4,7.0,0.6,0.6,0.0,4.0,51,14.1,28.1,271,Drizzle: Light,0,0,