,CRASH DATETIME,LATITUDE,LONGITUDE,NUMBER OF PERSONS INJURED,NUMBER OF PERSONS KILLED,CONTRIBUTING FACTOR VEHICLE 1,COLLISION_ID,temperature_2m_max,temperature_2m_min,precipitation_sum,rain_sum,snowfall_sum,precipitation_hours,weather_code,wind_speed_10m_max,wind_gusts_10m_max,wind_direction_10m_dominant,Weather Description,Severity_Score,Total_Affected_Persons,Weather_Category
78533,2021-11-05 16:00:00,40.692326,-73.74429,1,0,Unspecified,4474324,10.7,3.2,0.0,0.0,0.0,0.0,0,14.8,30.2,1,Clear sky,1,1,Sunny/Clear Conditions
78534,2021-11-03 11:38:00,40.698757,-73.91885,0,0,Failure to Yield Right-of-Way,4474415,10.7,3.8,0.1,0.1,0.0,1.0,51,15.6,30.6,302,Drizzle: Light,0,0,
78535,2021-11-04 16:56:00,40.783245,-73.94473,1,0,Unspecified,4474329,9.9,3.0,0.0,0.0,0.0,0.0,3,10.8,21.2,5,Overcast,1,1,
78536,2021-10-04 00:00:00,40.730762,-73.89668,0,0,Driver Inattention/Distraction,4474915,20.6,16.4,21.8,21.8,0.0,17.0,63,20.8,42.8,61,Rain: Moderate,0,0,
78537,2021-11-03 00:00:00,40.856903,-73.89015,0,0,Driver Inattention/Distraction,4473991,10.7,3.8,0.1,0.1,0.0,1.0,51,15.6,30.6,302,Drizzle: Light,0,0,
78538,2021-11-03 07:05:00,40.81986,-73.94041,0,0,Traffic Control Disregarded,4473689,10.7,3.8,0.1,0.1,0.0,1.0,51,15.6,30.6,302,Drizzle: Light,0,0,
78539,2021-11-03 14:53:00,40.6877,-73.91095,1,0,Driver Inattention/Distraction,4473940,10.7,3.8,0.1,0.1,0.0,1.0,51,15.6,30.6,302,Drizzle: Light,1,1,
78540,2021-11-05 15:10:00,40.676647,-73.82236,1,0,Traffic Control Disregarded,4474992,10.7,3.2,0.0,0.0,0.0,0.0,0,14.8,30.2,1,Clear sky,1,1,Sunny/Clear Conditions
78541,2021-11-03 22:50:00,40.847027,-73.89807,1,0,Failure to Yield Right-of-Way,4473978,10.7,3.8,0.1,0.1,0.0,1.0,51,15.6,30.6,302,Drizzle: Light,1,1,
78542,2021-10-31 04:00:00,40.744495,-73.98112,1,0,Unspecified,4474777,18.3,12.5,3.7,3.7,0.0,8.0,55,22.9,41.0,268,Drizzle: Dense,1,1,
78543,2021-11-04 19:00:00,40.71596,-73.81965,0,0,Unspecified,4474172,9.9,3.0,0.0,0.0,0.0,0.0,3,10.8,21.2,5,Overcast,0,0,
78544,2021-11-03 18:30:00,40.726814,-73.83846,0,0,Following Too Closely,4473776,10.7,3.8,0.1,0.1,0.0,1.0,51,15.6,30.6,302,Drizzle: Light,0,0,
78545,2021-11-05 09:55:00,40.73767,-73.90278,0,0,Driver Inattention/Distraction,4474475,10.7,3.2,0.0,0.0,0.0,0.0,0,14.8,30.2,1,Clear sky,0,0,Sunny/Clear Conditions
78546,2021-11-03 09:10:00,40.703434,-73.74051,1,0,Driver Inattention/Distraction,4474031,10.7,3.8,0.1,0.1,0.0,1.0,51,15.6,30.6,302,Drizzle: Light,1,1,
78547,2021-11-05 21:15:00,40.77086,-73.92992,1,0,Driver Inattention/Distraction,4474673,10.7,3.2,0.0,0.0,0.0,0.0,0,14.8,30.2,1,Clear sky,1,1,Sunny/Clear Conditions
78548,2021-11-03 09:35:00,40.779728,-73.90631,0,0,Driver Inattention/Distraction,4473651,10.7,3.8,0.1,0.1,0.0,1.0,51,15.6,30.6,302,Drizzle: Light,0,0,
78549,2021-11-03 16:12:00,40.702053,-73.75261,1,0,Other Vehicular,4474343,10.7,3.8,0.1,0.1,0.0,1.0,51,15.6,30.6,302,Drizzle: Light,1,1,
78550,2021-11-05 08:53:00,40.60981,-73.92251,1,0,Driver Inexperience,4474274,10.7,3.2,0.0,0.0,0.0,0.0,0,14.8,30.2,1,Clear sky,1,1,Sunny/Clear Conditions
78551,2021-10-29 08:45:00,40.83562,-73.927864,0,0,Turning Improperly,4474748,13.8,8.3,9.3,9.3,0.0,5.0,63,40.9,73.8,78,Rain: Moderate,0,0,
78552,2021-11-05 19:43:00,40.757004,-73.98254,0,0,Failure to Yield Right-of-Way,4474503,10.7,3.2,0.0,0.0,0.0,0.0,0,14.8,30.2,1,Clear sky,0,0,Sunny/Clear Conditions
78553,2021-11-05 09:27:00,40.607853,-73.75812,0,0,Passing Too Closely,4474486,10.7,3.2,0.0,0.0,0.0,0.0,0,14.8,30.2,1,Clear sky,0,0,Sunny/Clear Conditions
78554,2021-11-05 00:00:00,40.69442,-73.93135,0,0,Traffic Control Disregarded,4474906,10.7,3.2,0.0,0.0,0.0,0.0,0,14.8,30.2,1,Clear sky,0,0,Sunny/Clear Conditions
78555,2021-11-04 14:48:00,40.72125,-73.99224,1,0,Following Too Closely,4474464,9.9,3.0,0.0,0.0,0.0,0.0,3,10.8,21.2,5,Overcast,1,1,
78556,2021-11-04 18:00:00,40.86369,-73.91707,0,0,Following Too Closely,4475122,9.9,3.0,0.0,0.0,0.0,0.0,3,10.8,21.2,5,Overcast,0,0,
78557,2021-11-03 10:47:00,40.86369,-73.91707,1,0,Traffic Control Disregarded,4474022,10.7,3.8,0.1,0.1,0.0,1.0,51,15.6,30.6,302,Drizzle: Light,1,1,
78558,2021-11-05 14:45:00,40.667168,-73.73349,0,0,Unspecified,4474322,10.7,3.2,0.0,0.0,0.0,0.0,0,14.8,30.2,1,Clear sky,0,0,Sunny/Clear Conditions
78559,2021-11-05 00:17:00,40.71589,-73.99631,2,0,Driver Inattention/Distraction,4474686,10.7,3.2,0.0,0.0,0.0,0.0,0,14.8,30.2,1,Clear sky,2,2,Sunny/Clear Conditions
78560,2021-11-03 13:49:00,40.623077,-73.96485,0,0,Unspecified,4474042,10.7,3.8,0.1,0.1,0.0,1.0,51,15.6,30.6,302,Drizzle: Light,0,0,
78561,2021-11-05 13:10:00,40.837864,-73.9114,1,0,Failure to Yield Right-of-Way,4474747,10.7,3.2,0.0,0.0,0.0,0.0,0,14.8,30.2,1,Clear sky,1,1,Sunny/Clear Conditions
78562,2021-11-03 08:03:00,40.66778,-73.996185,1,0,Unspecified,4473659,10.7,3.8,0.1,0.1,0.0,1.0,51,15.6,30.6,302,Drizzle: Light,1,1,
78563,2021-11-03 12:27:00,40.707684,-74.015686,0,0,Following Too Closely,4473725,10.7,3.8,0.1,0.1,0.0,1.0,51,15.6,30.6,302,Drizzle: Light,0,0,
78564,2021-11-04 21:30:00,40.87677,-73.84716,0,0,Driver Inattention/Distraction,4474832,9.9,3.0,0.0,0.0,0.0,0.0,3,10.8,21.2,5,Overcast,0,0,
78565,2021-11-05 13:50:00,40.6599,-73.916046,0,0,Driver Inattention/Distraction,4474771,10.7,3.2,0.0,0.0,0.0,0.0,0,14.8,30.2,1,Clear sky,0,0,Sunny/Clear Conditions
78566,2021-11-04 10:30:00,0.0,0.0,0,0,Driver Inattention/Distraction,4475063,9.9,3.0,0.0,0.0,0.0,0.0,3,10.8,21.2,5,Overcast,0,0,
78567,2021-11-05 19:15:00,40.721592,-73.87647,0,0,Failure to Yield Right-of-Way,4474917,10.7,3.2,0.0,0.0,0.0,0.0,0,14.8,30.2,1,Clear sky,0,0,Sunny/Clear Conditions
78568,2021-11-04 19:45:00,40.832386,-73.86457,0,0,Alcohol Involvement,4474479,9.9,3.0,0.0,0.0,0.0,0.0,3,10.8,21.2,5,Overcast,0,0,
78569,2021-11-05 00:25:00,40.839092,-73.85005,0,0,Turning Improperly,4474713,10.7,3.2,0.0,0.0,0.0,0.0,0,14.8,30.2,1,Clear sky,0,0,Sunny/Clear Conditions
78570,2022-04-14 21:50:00,40.6338,-73.8897,2,0,Failure to Yield Right-of-Way,4519073,28.1,13.9,0.2,0.2,0.0,2.0,51,25.9,46.1,249,Drizzle: Light,2,2,
78571,2021-11-03 18:15:00,40.72634,-73.76508,0,0,Unspecified,4474184,10.7,3.8,0.1,0.1,0.0,1.0,51,15.6,30.6,302,Drizzle: Light,0,0,
78572,2021-11-03 15:58:00,40.665497,-73.75573,0,0,Unspecified,4473764,10.7,3.8,0.1,0.1,0.0,1.0,51,15.6,30.6,302,Drizzle: Light,0,0,
78573,2021-11-03 13:30:00,0.0,0.0,0,0,Unsafe Lane Changing,4473877,10.7,3.8,0.1,0.1,0.0,1.0,51,15.6,30.6,302,Drizzle: Light,0,0,
78574,2021-11-04 12:39:00,40.62368,-74.028,0,0,Driver Inattention/Distraction,4474056,9.9,3.0,0.0,0.0,0.0,0.0,3,10.8,21.2,5,Overcast,0,0,
78575,2021-11-05 08:10:00,40.75897,-73.807014,0,0,Unspecified,4474447,10.7,3.2,0.0,0.0,0.0,0.0,0,14.8,30.2,1,Clear sky,0,0,Sunny/Clear Conditions
78576,2021-11-03 17:27:00,0.0,0.0,1,0,Unspecified,4474145,10.7,3.8,0.1,0.1,0.0,1.0,51,15.6,30.6,302,Drizzle: Light,1,1,
78577,2021-11-03 07:30:00,40.664085,-73.731865,2,0,Failure to Yield Right-of-Way,4473671,10.7,3.8,0.1,0.1,0.0,1.0,51,15.6,30.6,302,Drizzle: Light,2,2,
78578,2021-11-05 09:00:00,40.749844,-73.883385,1,0,Driver Inattention/Distraction,4474312,10.7,3.2,0.0,0.0,0.0,0.0,0,14.8,30.2,1,Clear sky,1,1,Sunny/Clear Conditions
78579,2021-11-05 22:20:00,40.656063,-73.93957,1,0,Driver Inexperience,4474569,10.7,3.2,0.0,0.0,0.0,0.0,0,14.8,30.2,1,Clear sky,1,1,Sunny/Clear Conditions
78580,2021-11-03 21:20:00,40.711338,-73.85646,1,0,Passing Too Closely,4473796,10.7,3.8,0.1,0.1,0.0,1.0,51,15.6,30.6,302,Drizzle: Light,1,1,
78581,2021-11-05 13:27:00,40.71365,-73.73413,0,0,Unspecified,4474290,10.7,3.2,0.0,0.0,0.0,0.0,0,14.8,30.2,1,Clear sky,0,0,Sunny/Clear Conditions
78582,2021-11-03 10:07:00,40.802444,-73.938835,0,0,Driver Inattention/Distraction,4473626,10.7,3.8,0.1,0.1,0.0,1.0,51,15.6,30.6,302,Drizzle: Light,0,0,
78583,2021-08-27 00:00:00,40.665398,-73.95093,1,0,Driver Inattention/Distraction,4451258,32.2,23.4,1.4,1.4,0.0,2.0,55,9.4,22.3,299,Drizzle: Dense,1,1,
78584,2021-11-05 08:30:00,40.526733,-74.17477,1,0,Driver Inattention/Distraction,4474281,10.7,3.2,0.0,0.0,0.0,0.0,0,14.8,30.2,1,Clear sky,1,1,Sunny/Clear Conditions
78585,2021-11-03 11:50:00,40.739426,-73.93464,0,0,Driver Inattention/Distraction,4473750,10.7,3.8,0.1,0.1,0.0,1.0,51,15.6,30.6,302,Drizzle: Light,0,0,
78586,2021-11-05 08:56:00,40.725094,-73.910194,0,0,Traffic Control Disregarded,4474474,10.7,3.2,0.0,0.0,0.0,0.0,0,14.8,30.2,1,Clear sky,0,0,Sunny/Clear Conditions
78587,2021-11-03 20:00:00,40.62085,-73.91422,0,0,Unspecified,4474207,10.7,3.8,0.1,0.1,0.0,1.0,51,15.6,30.6,302,Drizzle: Light,0,0,
78588,2021-10-30 00:55:00,40.687138,-73.75136,0,0,Backing Unsafely,4474518,17.8,12.0,7.8,7.8,0.0,16.0,61,38.5,68.0,112,Rain: Light,0,0,
78589,2021-11-03 15:05:00,40.89341,-73.85737,1,0,Driver Inattention/Distraction,4474853,10.7,3.8,0.1,0.1,0.0,1.0,51,15.6,30.6,302,Drizzle: Light,1,1,
78590,2021-11-05 13:21:00,40.86261,-73.82679,3,0,Unspecified,4474715,10.7,3.2,0.0,0.0,0.0,0.0,0,14.8,30.2,1,Clear sky,3,3,Sunny/Clear Conditions
78591,2021-11-05 07:00:00,40.694813,-73.98328,0,0,View Obstructed/Limited,4474398,10.7,3.2,0.0,0.0,0.0,0.0,0,14.8,30.2,1,Clear sky,0,0,Sunny/Clear Conditions
78592,2021-11-03 16:30:00,40.75461,-73.89448,0,0,Turning Improperly,4473733,10.7,3.8,0.1,0.1,0.0,1.0,51,15.6,30.6,302,Drizzle: Light,0,0,
78593,2021-11-04 21:30:00,40.716183,-73.98075,1,0,Failure to Yield Right-of-Way,4474365,9.9,3.0,0.0,0.0,0.0,0.0,3,10.8,21.2,5,Overcast,1,1,
78594,2021-11-04 14:50:00,40.636,-73.991104,1,0,Unspecified,4474232,9.9,3.0,0.0,0.0,0.0,0.0,3,10.8,21.2,5,Overcast,1,1,
78595,2021-11-04 13:08:00,40.799034,-73.941315,0,0,Passing Too Closely,4474104,9.9,3.0,0.0,0.0,0.0,0.0,3,10.8,21.2,5,Overcast,0,0,
78596,2021-11-05 04:45:00,40.760586,-73.84592,6,0,Unsafe Speed,4474884,10.7,3.2,0.0,0.0,0.0,0.0,0,14.8,30.2,1,Clear sky,6,6,Sunny/Clear Conditions
78597,2021-11-03 07:56:00,40.67066,-73.957985,0,0,Unspecified,4474032,10.7,3.8,0.1,0.1,0.0,1.0,51,15.6,30.6,302,Drizzle: Light,0,0,
78598,2021-11-04 22:50:00,40.717922,-73.9931,1,0,Failure to Yield Right-of-Way,4474703,9.9,3.0,0.0,0.0,0.0,0.0,3,10.8,21.2,5,Overcast,1,1,
78599,2021-11-03 19:26:00,40.730484,-73.94625,1,0,Failure to Yield Right-of-Way,4474248,10.7,3.8,0.1,0.1,0.0,1.0,51,15.6,30.6,302,Drizzle: Light,1,1,
78600,2022-01-31 06:25:00,40.799576,-73.935905,0,0,Alcohol Involvement,4498765,-3.4,-17.1,0.0,0.0,0.0,0.0,3,12.2,18.0,23,Overcast,0,0,
78601,2021-11-03 15:20:00,0.0,0.0,1,0,Failure to Yield Right-of-Way,4473831,10.7,3.8,0.1,0.1,0.0,1.0,51,15.6,30.6,302,Drizzle: Light,1,1,
78602,2021-11-03 16:05:00,40.82918,-73.83782,0,0,Unspecified,4473976,10.7,3.8,0.1,0.1,0.0,1.0,51,15.6,30.6,302,Drizzle: Light,0,0,
78603,2021-11-05 20:05:00,40.76294,-73.86067,0,0,Following Too Closely,4474615,10.7,3.2,0.0,0.0,0.0,0.0,0,14.8,30.2,1,Clear sky,0,0,Sunny/Clear Conditions
78604,2021-11-05 16:00:00,40.722775,-73.9471,0,0,Unsafe Lane Changing,4474817,10.7,3.2,0.0,0.0,0.0,0.0,0,14.8,30.2,1,Clear sky,0,0,Sunny/Clear Conditions
78605,2021-11-05 09:45:00,40.607338,-73.96189,0,0,Driver Inattention/Distraction,4474508,10.7,3.2,0.0,0.0,0.0,0.0,0,14.8,30.2,1,Clear sky,0,0,Sunny/Clear Conditions
78606,2021-11-03 20:54:00,40.905018,-73.88631,1,0,Fell Asleep,4474038,10.7,3.8,0.1,0.1,0.0,1.0,51,15.6,30.6,302,Drizzle: Light,1,1,
78607,2021-11-03 14:20:00,40.841908,-73.885414,0,0,Other Vehicular,4475114,10.7,3.8,0.1,0.1,0.0,1.0,51,15.6,30.6,302,Drizzle: Light,0,0,
78608,2021-11-02 19:00:00,40.613506,-73.954094,0,0,Aggressive Driving/Road Rage,4474305,11.4,7.0,0.6,0.6,0.0,4.0,51,14.1,28.1,271,Drizzle: Light,0,0,
78609,2021-11-01 13:40:00,40.697166,-73.893364,0,0,Failure to Yield Right-of-Way,4474923,14.4,8.0,0.0,0.0,0.0,0.0,3,20.7,38.5,278,Overcast,0,0,
78610,2021-11-03 12:00:00,40.62702,-74.009384,0,0,Unspecified,4473870,10.7,3.8,0.1,0.1,0.0,1.0,51,15.6,30.6,302,Drizzle: Light,0,0,
78611,2021-10-30 20:20:00,40.694576,-73.95615,0,0,Passing Too Closely,4474642,17.8,12.0,7.8,7.8,0.0,16.0,61,38.5,68.0,112,Rain: Light,0,0,
78612,2021-11-03 16:00:00,40.849453,-73.906006,1,0,Driver Inattention/Distraction,4474076,10.7,3.8,0.1,0.1,0.0,1.0,51,15.6,30.6,302,Drizzle: Light,1,1,
78613,2021-11-04 17:01:00,40.749477,-73.71845,1,0,Failure to Yield Right-of-Way,4474167,9.9,3.0,0.0,0.0,0.0,0.0,3,10.8,21.2,5,Overcast,1,1,
78614,2021-11-05 19:00:00,40.881046,-73.84382,0,0,Unsafe Speed,4474849,10.7,3.2,0.0,0.0,0.0,0.0,0,14.8,30.2,1,Clear sky,0,0,Sunny/Clear Conditions
78615,2021-11-04 18:30:00,40.786182,-73.98145,0,0,Backing Unsafely,4474318,9.9,3.0,0.0,0.0,0.0,0.0,3,10.8,21.2,5,Overcast,0,0,
78616,2021-11-03 21:36:00,40.666695,-73.767136,0,0,Backing Unsafely,4473818,10.7,3.8,0.1,0.1,0.0,1.0,51,15.6,30.6,302,Drizzle: Light,0,0,
78617,2021-11-05 06:04:00,40.819042,-73.93075,0,0,Passing or Lane Usage Improper,4474752,10.7,3.2,0.0,0.0,0.0,0.0,0,14.8,30.2,1,Clear sky,0,0,Sunny/Clear Conditions
78618,2021-11-05 09:40:00,40.57927,-73.95335,1,0,Failure to Yield Right-of-Way,4474276,10.7,3.2,0.0,0.0,0.0,0.0,0,14.8,30.2,1,Clear sky,1,1,Sunny/Clear Conditions
78619,2021-11-03 15:20:00,40.652462,-73.92285,0,0,View Obstructed/Limited,4474092,10.7,3.8,0.1,0.1,0.0,1.0,51,15.6,30.6,302,Drizzle: Light,0,0,
78620,2021-11-01 00:12:00,40.757977,-73.853004,0,0,Driver Inattention/Distraction,4474261,14.4,8.0,0.0,0.0,0.0,0.0,3,20.7,38.5,278,Overcast,0,0,
78621,2021-11-05 23:10:00,40.691193,-73.99777,0,0,Failure to Yield Right-of-Way,4474350,10.7,3.2,0.0,0.0,0.0,0.0,0,14.8,30.2,1,Clear sky,0,0,Sunny/Clear Conditions
78622,2021-11-03 14:40:00,40.738842,-73.81404,4,0,Following Too Closely,4473804,10.7,3.8,0.1,0.1,0.0,1.0,51,15.6,30.6,302,Drizzle: Light,4,4,
78623,2021-11-05 07:45:00,40.616966,-74.14513,1,0,Pedestrian/Bicyclist/Other Pedestrian Error/Confusion,4474469,10.7,3.2,0.0,0.0,0.0,0.0,0,14.8,30.2,1,Clear sky,1,1,Sunny/Clear Conditions
78624,2021-11-03 00:00:00,40.696804,-73.80338,0,0,Driver Inattention/Distraction,4474126,10.7,3.8,0.1,0.1,0.0,1.0,51,15.6,30.6,302,Drizzle: Light,0,0,
78625,2021-11-05 14:40:00,40.750717,-73.771126,1,0,Failure to Yield Right-of-Way,4474754,10.7,3.2,0.0,0.0,0.0,0.0,0,14.8,30.2,1,Clear sky,1,1,Sunny/Clear Conditions
78626,2021-11-04 12:50:00,0.0,0.0,1,0,Driver Inattention/Distraction,4474212,9.9,3.0,0.0,0.0,0.0,0.0,3,10.8,21.2,5,Overcast,1,1,
78627,2021-10-28 23:47:00,40.69578,-73.917076,0,0,Passenger Distraction,4474411,15.2,7.9,0.0,0.0,0.0,0.0,3,19.1,34.6,28,Overcast,0,0,
78628,2021-10-29 22:00:00,40.70003,-73.78873,0,0,Unspecified,4475072,13.8,8.3,9.3,9.3,0.0,5.0,63,40.9,73.8,78,Rain: Moderate,0,0,
78629,2021-11-03 13:15:00,40.737194,-73.98328,0,0,Driver Inexperience,4473715,10.7,3.8,0.1,0.1,0.0,1.0,51,15.6,30.6,302,Drizzle: Light,0,0,
78630,2021-11-05 15:18:00,40.783752,-73.77631,0,0,Passing Too Closely,4474579,10.7,3.2,0.0,0.0,0.0,0.0,0,14.8,30.2,1,Clear sky,0,0,Sunny/Clear Conditions
78631,2021-11-03 18:00:00,40.704277,-73.933014,1,0,Backing Unsafely,4474333,10.7,3.8,0.1,0.1,0.0,1.0,51,15.6,30.6,302,Drizzle: Light,1,1,
78632,2021-10-29 00:00:00,40.618443,-74.02885,0,0,Backing Unsafely,4474524,13.8,8.3,9.3,9.3,0.0,5.0,63,40.9,73.8,78,Rain: Moderate,0,0,
78633,2021-11-04 15:37:00,40.793392,-73.97675,0,0,Backing Unsafely,4474162,9.9,3.0,0.0,0.0,0.0,0.0,3,10.8,21.2,5,Overcast,0,0,
78634,2021-11-03 08:25:00,40.683235,-73.77419,1,0,Traffic Control Disregarded,4474060,10.7,3.8,0.1,0.1,0.0,1.0,51,15.6,30.6,302,Drizzle: Light,1,1,
78635,2021-11-05 16:28:00,40.763374,-73.99647,0,0,Unsafe Lane Changing,4474501,10.7,3.2,0.0,0.0,0.0,0.0,0,14.8,30.2,1,Clear sky,0,0,Sunny/Clear Conditions
78636,2021-11-01 10:50:00,40.592518,-73.932625,0,0,Unspecified,4475016,14.4,8.0,0.0,0.0,0.0,0.0,3,20.7,38.5,278,Overcast,0,0,
78637,2021-11-03 22:14:00,40.792244,-73.94419,0,0,Backing Unsafely,4475085,10.7,3.8,0.1,0.1,0.0,1.0,51,15.6,30.6,302,Drizzle: Light,0,0,
78638,2021-11-04 07:30:00,40.66748,-73.92188,0,0,Failure to Yield Right-of-Way,4474376,9.9,3.0,0.0,0.0,0.0,0.0,3,10.8,21.2,5,Overcast,0,0,
78639,2021-11-05 17:30:00,40.65443,-74.00757,2,0,Other Vehicular,4474892,10.7,3.2,0.0,0.0,0.0,0.0,0,14.8,30.2,1,Clear sky,2,2,Sunny/Clear Conditions
78640,2021-10-27 16:30:00,40.710888,-74.00907,1,0,Other Vehicular,4474286,16.1,12.2,6.6,6.6,0.0,6.0,61,33.3,63.0,359,Rain: Light,1,1,
78641,2021-11-05 21:45:00,40.726814,-73.83846,0,0,Following Too Closely,4474393,10.7,3.2,0.0,0.0,0.0,0.0,0,14.8,30.2,1,Clear sky,0,0,Sunny/Clear Conditions
78642,2021-11-05 17:58:00,40.78585,-73.838356,1,0,Passing or Lane Usage Improper,4474554,10.7,3.2,0.0,0.0,0.0,0.0,0,14.8,30.2,1,Clear sky,1,1,Sunny/Clear Conditions
78643,2021-11-04 16:30:00,40.676445,-73.92762,0,0,Driver Inattention/Distraction,4474805,9.9,3.0,0.0,0.0,0.0,0.0,3,10.8,21.2,5,Overcast,0,0,
78644,2021-11-03 12:00:00,40.774643,-73.95016,0,0,Driver Inexperience,4474242,10.7,3.8,0.1,0.1,0.0,1.0,51,15.6,30.6,302,Drizzle: Light,0,0,
78645,2021-11-05 16:30:00,40.669395,-73.80771,1,0,Failure to Yield Right-of-Way,4474995,10.7,3.2,0.0,0.0,0.0,0.0,0,14.8,30.2,1,Clear sky,1,1,Sunny/Clear Conditions
78646,2021-11-04 13:45:00,40.83609,-73.92926,0,0,Unspecified,4474266,9.9,3.0,0.0,0.0,0.0,0.0,3,10.8,21.2,5,Overcast,0,0,
78647,2021-11-05 03:00:00,40.735664,-73.8457,0,0,Fell Asleep,4474454,10.7,3.2,0.0,0.0,0.0,0.0,0,14.8,30.2,1,Clear sky,0,0,Sunny/Clear Conditions
78648,2021-11-01 09:01:00,40.677284,-73.78684,1,0,Failure to Yield Right-of-Way,4474437,14.4,8.0,0.0,0.0,0.0,0.0,3,20.7,38.5,278,Overcast,1,1,
78649,2021-11-03 15:00:00,40.84299,-73.91099,0,0,Driver Inattention/Distraction,4473850,10.7,3.8,0.1,0.1,0.0,1.0,51,15.6,30.6,302,Drizzle: Light,0,0,
78650,2021-11-04 19:00:00,40.66929,-73.842445,2,0,Following Too Closely,4474217,9.9,3.0,0.0,0.0,0.0,0.0,3,10.8,21.2,5,Overcast,2,2,
78651,2021-11-05 07:41:00,40.625687,-74.04075,0,0,Turning Improperly,4474496,10.7,3.2,0.0,0.0,0.0,0.0,0,14.8,30.2,1,Clear sky,0,0,Sunny/Clear Conditions
78652,2021-11-04 03:00:00,40.613968,-73.9863,0,0,Lost Consciousness,4473923,9.9,3.0,0.0,0.0,0.0,0.0,3,10.8,21.2,5,Overcast,0,0,
78653,2021-11-05 08:30:00,40.637417,-73.945244,0,0,Unspecified,4474873,10.7,3.2,0.0,0.0,0.0,0.0,0,14.8,30.2,1,Clear sky,0,0,Sunny/Clear Conditions
78654,2021-11-05 12:30:00,40.681385,-74.00074,2,0,Turning Improperly,4474730,10.7,3.2,0.0,0.0,0.0,0.0,0,14.8,30.2,1,Clear sky,2,2,Sunny/Clear Conditions
78655,2021-11-05 15:56:00,40.726326,-73.78993,0,0,Driver Inattention/Distraction,4474532,10.7,3.2,0.0,0.0,0.0,0.0,0,14.8,30.2,1,Clear sky,0,0,Sunny/Clear Conditions
78656,2021-11-04 01:45:00,40.646923,-73.75094,0,0,Driver Inattention/Distraction,4473837,9.9,3.0,0.0,0.0,0.0,0.0,3,10.8,21.2,5,Overcast,0,0,
78657,2021-11-05 14:00:00,40.735527,-73.93698,1,0,Driver Inattention/Distraction,4474382,10.7,3.2,0.0,0.0,0.0,0.0,0,14.8,30.2,1,Clear sky,1,1,Sunny/Clear Conditions
78658,2023-10-25 00:00:00,40.81977,-73.93673,0,0,Other Vehicular,4676232,21.7,8.0,0.0,0.0,0.0,0.0,3,14.0,29.9,223,Overcast,0,0,
78659,2021-11-05 12:20:00,40.703587,-73.944336,1,0,Failure to Yield Right-of-Way,4474979,10.7,3.2,0.0,0.0,0.0,0.0,0,14.8,30.2,1,Clear sky,1,1,Sunny/Clear Conditions
78660,2021-11-04 19:46:00,40.86546,-73.84169,0,0,Driver Inattention/Distraction,4474422,9.9,3.0,0.0,0.0,0.0,0.0,3,10.8,21.2,5,Overcast,0,0,
78661,2021-11-03 00:00:00,40.710777,-73.86502,0,0,Unspecified,4473778,10.7,3.8,0.1,0.1,0.0,1.0,51,15.6,30.6,302,Drizzle: Light,0,0,
78662,2021-11-03 21:20:00,40.699013,-73.79573,0,0,Failure to Yield Right-of-Way,4474114,10.7,3.8,0.1,0.1,0.0,1.0,51,15.6,30.6,302,Drizzle: Light,0,0,
78663,2021-11-03 16:19:00,40.835884,-73.88341,1,0,Failure to Yield Right-of-Way,4474133,10.7,3.8,0.1,0.1,0.0,1.0,51,15.6,30.6,302,Drizzle: Light,1,1,
78664,2021-11-05 09:30:00,40.84175,-73.88546,0,0,Driver Inattention/Distraction,4475106,10.7,3.2,0.0,0.0,0.0,0.0,0,14.8,30.2,1,Clear sky,0,0,Sunny/Clear Conditions
78665,2021-11-05 16:30:00,40.703243,-73.99068,1,0,Unspecified,4474542,10.7,3.2,0.0,0.0,0.0,0.0,0,14.8,30.2,1,Clear sky,1,1,Sunny/Clear Conditions
78666,2021-11-05 10:32:00,40.723274,-73.937416,0,0,Driver Inexperience,4474826,10.7,3.2,0.0,0.0,0.0,0.0,0,14.8,30.2,1,Clear sky,0,0,Sunny/Clear Conditions
78667,2021-11-05 21:19:00,40.75996,-73.8614,1,0,Driver Inattention/Distraction,4474607,10.7,3.2,0.0,0.0,0.0,0.0,0,14.8,30.2,1,Clear sky,1,1,Sunny/Clear Conditions
78668,2021-11-03 18:20:00,40.74135,-73.981316,0,0,Traffic Control Disregarded,4473953,10.7,3.8,0.1,0.1,0.0,1.0,51,15.6,30.6,302,Drizzle: Light,0,0,
78669,2021-11-04 07:00:00,40.699833,-73.93697,0,0,Unspecified,4474049,9.9,3.0,0.0,0.0,0.0,0.0,3,10.8,21.2,5,Overcast,0,0,
78670,2021-11-03 15:45:00,40.84442,-73.92505,1,0,Unsafe Speed,4473860,10.7,3.8,0.1,0.1,0.0,1.0,51,15.6,30.6,302,Drizzle: Light,1,1,
78671,2021-11-04 17:15:00,40.561092,-74.16984,1,0,Following Too Closely,4474226,9.9,3.0,0.0,0.0,0.0,0.0,3,10.8,21.2,5,Overcast,1,1,
78672,2021-11-02 19:45:00,40.58703,-73.9854,0,0,Driver Inattention/Distraction,4474361,11.4,7.0,0.6,0.6,0.0,4.0,51,14.1,28.1,271,Drizzle: Light,0,0,
78673,2021-11-04 13:00:00,40.727287,-74.00064,0,0,Driver Inattention/Distraction,4474653,9.9,3.0,0.0,0.0,0.0,0.0,3,10.8,21.2,5,Overcast,0,0,
78674,2021-11-03 17:40:00,40.76912,-73.95505,1,0,Failure to Yield Right-of-Way,4473904,10.7,3.8,0.1,0.1,0.0,1.0,51,15.6,30.6,302,Drizzle: Light,1,1,