,CRASH DATETIME,LATITUDE,LONGITUDE,NUMBER OF PERSONS INJURED,NUMBER OF PERSONS KILLED,CONTRIBUTING FACTOR VEHICLE 1,COLLISION_ID,temperature_2m_max,temperature_2m_min,precipitation_sum,rain_sum,snowfall_sum,precipitation_hours,weather_code,wind_speed_10m_max,wind_gusts_10m_max,wind_direction_10m_dominant,Weather Description,Severity_Score,Total_Affected_Persons,Weather_Category
78675,2021-11-05 12:35:00,40.75012,-73.80728,0,0,Driver Inattention/Distraction,4474298,10.7,3.2,0.0,0.0,0.0,0.0,0,14.8,30.2,1,Clear sky,0,0,Sunny/Clear Conditions
78676,2021-11-03 11:00:00,40.720444,-73.942726,0,0,Driver Inattention/Distraction,4474825,10.7,3.8,0.1,0.1,0.0,1.0,51,15.6,30.6,302,Drizzle: Light,0,0,
78677,2021-11-04 06:20:00,40.706356,-73.900276,0,0,Tire Failure/Inadequate,4474918,9.9,3.0,0.0,0.0,0.0,0.0,3,10.8,21.2,5,Overcast,0,0,
78678,2021-11-05 11:53:00,40.662388,-73.95005,1,0,Passing or Lane Usage Improper,4474561,10.7,3.2,0.0,0.0,0.0,0.0,0,14.8,30.2,1,Clear sky,1,1,Sunny/Clear Conditions
78679,2021-11-05 15:50:00,40.710175,-74.001144,0,0,Driver Inattention/Distraction,4474687,10.7,3.2,0.0,0.0,0.0,0.0,0,14.8,30.2,1,Clear sky,0,0,Sunny/Clear Conditions
78680,2021-11-04 13:30:00,40.722393,-73.7649,0,0,Unspecified,4474171,9.9,3.0,0.0,0.0,0.0,0.0,3,10.8,21.2,5,Overcast,0,0,
78681,2021-11-05 18:25:00,40.705486,-73.77652,0,0,Driver Inattention/Distraction,4475051,10.7,3.2,0.0,0.0,0.0,0.0,0,14.8,30.2,1,Clear sky,0,0,Sunny/Clear Conditions
78682,2021-10-07 17:55:00,40.698643,-73.94697,0,0,Driver Inattention/Distraction,4474844,22.4,15.7,0.4,0.4,0.0,4.0,51,10.5,20.5,231,Drizzle: Light,0,0,
78683,2021-11-05 11:00:00,40.81144,-73.95211,0,0,Turning Improperly,4474354,10.7,3.2,0.0,0.0,0.0,0.0,0,14.8,30.2,1,Clear sky,0,0,Sunny/Clear Conditions
78684,2021-11-03 21:36:00,40.66851,-73.76626,0,0,Traffic Control Disregarded,4474081,10.7,3.8,0.1,0.1,0.0,1.0,51,15.6,30.6,302,Drizzle: Light,0,0,
78685,2021-11-04 19:01:00,40.861523,-73.84328,0,0,Other Vehicular,4474515,9.9,3.0,0.0,0.0,0.0,0.0,3,10.8,21.2,5,Overcast,0,0,
78686,2021-11-04 18:10:00,0.0,0.0,1,0,Failure to Yield Right-of-Way,4474293,9.9,3.0,0.0,0.0,0.0,0.0,3,10.8,21.2,5,Overcast,1,1,
78687,2021-11-04 13:00:00,40.68461,-73.998375,0,0,Unspecified,4474199,9.9,3.0,0.0,0.0,0.0,0.0,3,10.8,21.2,5,Overcast,0,0,
78688,2021-11-03 16:40:00,40.871414,-73.86503,0,0,Driver Inattention/Distraction,4473914,10.7,3.8,0.1,0.1,0.0,1.0,51,15.6,30.6,302,Drizzle: Light,0,0,
78689,2021-10-31 13:10:00,40.60915,-74.14987,1,0,Driver Inattention/Distraction,4474465,18.3,12.5,3.7,3.7,0.0,8.0,55,22.9,41.0,268,Drizzle: Dense,1,1,
78690,2021-11-04 20:00:00,40.689415,-73.74008,1,0,Unspecified,4474192,9.9,3.0,0.0,0.0,0.0,0.0,3,10.8,21.2,5,Overcast,1,1,
78691,2021-11-03 16:04:00,40.691555,-73.93677,3,0,Following Too Closely,4474088,10.7,3.8,0.1,0.1,0.0,1.0,51,15.6,30.6,302,Drizzle: Light,3,3,
78692,2021-11-03 00:55:00,40.6915,-73.90956,0,0,Driver Inexperience,4473552,10.7,3.8,0.1,0.1,0.0,1.0,51,15.6,30.6,302,Drizzle: Light,0,0,
78693,2021-11-03 06:00:00,40.736496,-73.909225,0,0,Driver Inattention/Distraction,4474154,10.7,3.8,0.1,0.1,0.0,1.0,51,15.6,30.6,302,Drizzle: Light,0,0,
78694,2021-11-05 03:39:00,40.67875,-73.8205,0,0,Passing Too Closely,4474987,10.7,3.2,0.0,0.0,0.0,0.0,0,14.8,30.2,1,Clear sky,0,0,Sunny/Clear Conditions
78695,2021-11-04 18:20:00,40.76525,-73.995094,1,0,Driver Inattention/Distraction,4474407,9.9,3.0,0.0,0.0,0.0,0.0,3,10.8,21.2,5,Overcast,1,1,
78696,2021-11-05 17:26:00,40.665634,-73.75817,0,0,Unspecified,4474337,10.7,3.2,0.0,0.0,0.0,0.0,0,14.8,30.2,1,Clear sky,0,0,Sunny/Clear Conditions
78697,2021-11-05 15:50:00,40.727627,-73.84173,1,0,Traffic Control Disregarded,4474330,10.7,3.2,0.0,0.0,0.0,0.0,0,14.8,30.2,1,Clear sky,1,1,Sunny/Clear Conditions
78698,2021-11-04 02:30:00,40.701344,-73.81148,0,0,Alcohol Involvement,4474120,9.9,3.0,0.0,0.0,0.0,0.0,3,10.8,21.2,5,Overcast,0,0,
78699,2021-11-03 08:00:00,40.567627,-74.11262,2,0,Failure to Yield Right-of-Way,4473815,10.7,3.8,0.1,0.1,0.0,1.0,51,15.6,30.6,302,Drizzle: Light,2,2,
78700,2021-11-05 22:55:00,40.666836,-73.7664,0,0,Following Too Closely,4474584,10.7,3.2,0.0,0.0,0.0,0.0,0,14.8,30.2,1,Clear sky,0,0,Sunny/Clear Conditions
78701,2021-11-04 08:20:00,40.75933,-73.88511,1,0,Other Vehicular,4473993,9.9,3.0,0.0,0.0,0.0,0.0,3,10.8,21.2,5,Overcast,1,1,
78702,2021-11-03 12:30:00,40.71935,-73.91233,0,0,Backing Unsafely,4473696,10.7,3.8,0.1,0.1,0.0,1.0,51,15.6,30.6,302,Drizzle: Light,0,0,
78703,2021-11-05 20:02:00,40.805016,-73.92109,1,0,Unspecified,4474593,10.7,3.2,0.0,0.0,0.0,0.0,0,14.8,30.2,1,Clear sky,1,1,Sunny/Clear Conditions
78704,2021-11-05 09:00:00,40.61294,-73.9221,0,0,Passing Too Closely,4474372,10.7,3.2,0.0,0.0,0.0,0.0,0,14.8,30.2,1,Clear sky,0,0,Sunny/Clear Conditions
78705,2021-11-05 19:10:00,40.677547,-73.99138,1,0,Unspecified,4474726,10.7,3.2,0.0,0.0,0.0,0.0,0,14.8,30.2,1,Clear sky,1,1,Sunny/Clear Conditions
78706,2021-11-05 14:45:00,40.694855,-73.925,1,0,Failure to Yield Right-of-Way,4474624,10.7,3.2,0.0,0.0,0.0,0.0,0,14.8,30.2,1,Clear sky,1,1,Sunny/Clear Conditions
78707,2021-11-04 23:00:00,40.718502,-73.73527,0,0,Unspecified,4474325,9.9,3.0,0.0,0.0,0.0,0.0,3,10.8,21.2,5,Overcast,0,0,
78708,2021-11-05 10:30:00,40.687237,-73.82754,1,0,Failure to Yield Right-of-Way,4474491,10.7,3.2,0.0,0.0,0.0,0.0,0,14.8,30.2,1,Clear sky,1,1,Sunny/Clear Conditions
78709,2021-11-04 04:30:00,40.82325,-73.88277,0,0,Unspecified,4473979,9.9,3.0,0.0,0.0,0.0,0.0,3,10.8,21.2,5,Overcast,0,0,
78710,2021-11-05 14:13:00,40.884487,-73.86567,0,0,Driver Inattention/Distraction,4474867,10.7,3.2,0.0,0.0,0.0,0.0,0,14.8,30.2,1,Clear sky,0,0,Sunny/Clear Conditions
78711,2021-11-05 19:50:00,40.8133,-73.930405,0,0,Following Too Closely,4474598,10.7,3.2,0.0,0.0,0.0,0.0,0,14.8,30.2,1,Clear sky,0,0,Sunny/Clear Conditions
78712,2021-11-04 19:15:00,40.764706,-73.811005,0,0,Unspecified,4474450,9.9,3.0,0.0,0.0,0.0,0.0,3,10.8,21.2,5,Overcast,0,0,
78713,2021-11-05 07:59:00,40.884518,-73.89387,1,0,Unspecified,4474273,10.7,3.2,0.0,0.0,0.0,0.0,0,14.8,30.2,1,Clear sky,1,1,Sunny/Clear Conditions
78714,2021-11-04 07:20:00,40.834316,-73.889565,1,0,Unspecified,4474140,9.9,3.0,0.0,0.0,0.0,0.0,3,10.8,21.2,5,Overcast,1,1,
78715,2021-11-05 17:08:00,40.84996,-73.84774,1,0,Failure to Yield Right-of-Way,4474577,10.7,3.2,0.0,0.0,0.0,0.0,0,14.8,30.2,1,Clear sky,1,1,Sunny/Clear Conditions
78716,2021-11-03 12:30:00,40.615368,-74.08275,0,0,Driver Inattention/Distraction,4474065,10.7,3.8,0.1,0.1,0.0,1.0,51,15.6,30.6,302,Drizzle: Light,0,0,
78717,2021-11-02 09:00:00,40.7429,-73.89659,1,0,Unspecified,4474386,11.4,7.0,0.6,0.6,0.0,4.0,51,14.1,28.1,271,Drizzle: Light,1,1,
78718,2021-11-03 08:00:00,40.66679,-73.85832,0,0,Driver Inexperience,4473869,10.7,3.8,0.1,0.1,0.0,1.0,51,15.6,30.6,302,Drizzle: Light,0,0,
78719,2021-11-05 13:25:00,40.657146,-73.983444,1,0,Driver Inattention/Distraction,4474895,10.7,3.2,0.0,0.0,0.0,0.0,0,14.8,30.2,1,Clear sky,1,1,Sunny/Clear Conditions
78720,2021-11-03 14:22:00,40.63787,-73.90963,1,0,Driver Inattention/Distraction,4474781,10.7,3.8,0.1,0.1,0.0,1.0,51,15.6,30.6,302,Drizzle: Light,1,1,
78721,2021-11-04 11:30:00,40.63277,-74.09004,0,0,Passing Too Closely,4474526,9.9,3.0,0.0,0.0,0.0,0.0,3,10.8,21.2,5,Overcast,0,0,
78722,2021-11-04 12:25:00,40.691822,-73.92223,0,0,Oversized Vehicle,4474418,9.9,3.0,0.0,0.0,0.0,0.0,3,10.8,21.2,5,Overcast,0,0,
78723,2021-11-04 08:45:00,40.715927,-73.80889,0,0,Unspecified,4474239,9.9,3.0,0.0,0.0,0.0,0.0,3,10.8,21.2,5,Overcast,0,0,
78724,2021-11-03 16:15:00,40.759365,-73.914276,1,0,Traffic Control Disregarded,4473889,10.7,3.8,0.1,0.1,0.0,1.0,51,15.6,30.6,302,Drizzle: Light,1,1,
78725,2021-11-04 22:10:00,40.742573,-73.88505,1,0,Backing Unsafely,4474253,9.9,3.0,0.0,0.0,0.0,0.0,3,10.8,21.2,5,Overcast,1,1,
78726,2021-11-03 08:00:00,40.836414,-73.86333,0,0,Unspecified,4474789,10.7,3.8,0.1,0.1,0.0,1.0,51,15.6,30.6,302,Drizzle: Light,0,0,
78727,2021-11-05 07:00:00,40.786095,-73.79412,0,0,Following Too Closely,4474455,10.7,3.2,0.0,0.0,0.0,0.0,0,14.8,30.2,1,Clear sky,0,0,Sunny/Clear Conditions
78728,2021-11-05 19:05:00,40.711452,-73.91987,0,0,Driver Inattention/Distraction,4474914,10.7,3.2,0.0,0.0,0.0,0.0,0,14.8,30.2,1,Clear sky,0,0,Sunny/Clear Conditions
78729,2021-11-04 21:00:00,40.65249,-73.95267,1,0,,4474940,9.9,3.0,0.0,0.0,0.0,0.0,3,10.8,21.2,5,Overcast,1,1,
78730,2021-11-03 08:30:00,40.8097,-73.90304,0,0,Unspecified,4474045,10.7,3.8,0.1,0.1,0.0,1.0,51,15.6,30.6,302,Drizzle: Light,0,0,
78731,2021-11-03 17:00:00,40.69363,-73.91332,0,0,Passing Too Closely,4473937,10.7,3.8,0.1,0.1,0.0,1.0,51,15.6,30.6,302,Drizzle: Light,0,0,
78732,2021-11-03 10:06:00,40.640015,-73.92575,0,0,Following Too Closely,4474836,10.7,3.8,0.1,0.1,0.0,1.0,51,15.6,30.6,302,Drizzle: Light,0,0,
78733,2021-11-03 10:00:00,40.64074,-73.89882,0,0,Other Vehicular,4473732,10.7,3.8,0.1,0.1,0.0,1.0,51,15.6,30.6,302,Drizzle: Light,0,0,
78734,2021-11-05 06:24:00,40.63677,-73.89148,0,0,Tire Failure/Inadequate,4474427,10.7,3.2,0.0,0.0,0.0,0.0,0,14.8,30.2,1,Clear sky,0,0,Sunny/Clear Conditions
78735,2021-11-05 05:10:00,40.75548,-73.74173,0,0,Following Too Closely,4474459,10.7,3.2,0.0,0.0,0.0,0.0,0,14.8,30.2,1,Clear sky,0,0,Sunny/Clear Conditions
78736,2021-10-27 10:25:00,40.687004,-73.82836,0,0,Driver Inattention/Distraction,4474482,16.1,12.2,6.6,6.6,0.0,6.0,61,33.3,63.0,359,Rain: Light,0,0,
78737,2021-11-05 09:30:00,40.66549,-73.819534,0,0,Passing or Lane Usage Improper,4474991,10.7,3.2,0.0,0.0,0.0,0.0,0,14.8,30.2,1,Clear sky,0,0,Sunny/Clear Conditions
78738,2021-11-05 20:40:00,40.624763,-73.96518,2,0,Driver Inattention/Distraction,4474678,10.7,3.2,0.0,0.0,0.0,0.0,0,14.8,30.2,1,Clear sky,2,2,Sunny/Clear Conditions
78739,2021-11-03 09:20:00,40.64405,-73.90399,1,0,Glare,4473769,10.7,3.8,0.1,0.1,0.0,1.0,51,15.6,30.6,302,Drizzle: Light,1,1,
78740,2021-11-05 19:30:00,40.718555,-73.988205,1,0,Traffic Control Disregarded,4474566,10.7,3.2,0.0,0.0,0.0,0.0,0,14.8,30.2,1,Clear sky,1,1,Sunny/Clear Conditions
78741,2021-11-04 15:10:00,0.0,0.0,1,0,Passing or Lane Usage Improper,4474188,9.9,3.0,0.0,0.0,0.0,0.0,3,10.8,21.2,5,Overcast,1,1,
78742,2021-11-03 12:00:00,40.81467,-73.93622,0,0,Reaction to Uninvolved Vehicle,4473652,10.7,3.8,0.1,0.1,0.0,1.0,51,15.6,30.6,302,Drizzle: Light,0,0,
78743,2021-11-05 15:10:00,40.706604,-73.76198,0,0,Unspecified,4475058,10.7,3.2,0.0,0.0,0.0,0.0,0,14.8,30.2,1,Clear sky,0,0,Sunny/Clear Conditions
78744,2021-11-04 11:35:00,40.738934,-73.79267,0,0,Driver Inattention/Distraction,4474175,9.9,3.0,0.0,0.0,0.0,0.0,3,10.8,21.2,5,Overcast,0,0,
78745,2021-11-04 04:10:00,40.666546,-73.78808,1,0,Obstruction/Debris,4473945,9.9,3.0,0.0,0.0,0.0,0.0,3,10.8,21.2,5,Overcast,1,1,
78746,2022-04-14 17:51:00,40.68978,-73.965195,1,0,Driver Inattention/Distraction,4519076,28.1,13.9,0.2,0.2,0.0,2.0,51,25.9,46.1,249,Drizzle: Light,1,1,
78747,2021-11-05 11:00:00,40.798576,-73.97316,0,0,Passenger Distraction,4474313,10.7,3.2,0.0,0.0,0.0,0.0,0,14.8,30.2,1,Clear sky,0,0,Sunny/Clear Conditions
78748,2021-11-03 18:32:00,40.64417,-74.0103,1,0,Unspecified,4473842,10.7,3.8,0.1,0.1,0.0,1.0,51,15.6,30.6,302,Drizzle: Light,1,1,
78749,2021-11-04 11:30:00,40.699448,-73.95876,0,0,Turning Improperly,4474223,9.9,3.0,0.0,0.0,0.0,0.0,3,10.8,21.2,5,Overcast,0,0,
78750,2021-10-30 16:00:00,40.67619,-73.9081,0,0,Unspecified,4474759,17.8,12.0,7.8,7.8,0.0,16.0,61,38.5,68.0,112,Rain: Light,0,0,
78751,2021-11-04 20:44:00,40.660027,-73.96061,2,0,Unsafe Speed,4474308,9.9,3.0,0.0,0.0,0.0,0.0,3,10.8,21.2,5,Overcast,2,2,
78752,2021-11-03 18:40:00,40.700485,-73.90105,0,0,Driver Inattention/Distraction,4474149,10.7,3.8,0.1,0.1,0.0,1.0,51,15.6,30.6,302,Drizzle: Light,0,0,
78753,2021-11-04 17:25:00,40.617382,-73.943474,0,0,Driver Inattention/Distraction,4474204,9.9,3.0,0.0,0.0,0.0,0.0,3,10.8,21.2,5,Overcast,0,0,
78754,2021-11-03 19:36:00,0.0,0.0,1,0,Driver Inattention/Distraction,4473781,10.7,3.8,0.1,0.1,0.0,1.0,51,15.6,30.6,302,Drizzle: Light,1,1,
78755,2021-11-03 17:42:00,40.641033,-73.913155,0,0,Unspecified,4474050,10.7,3.8,0.1,0.1,0.0,1.0,51,15.6,30.6,302,Drizzle: Light,0,0,
78756,2021-11-05 21:15:00,40.76294,-73.86067,5,0,Driver Inattention/Distraction,4474616,10.7,3.2,0.0,0.0,0.0,0.0,0,14.8,30.2,1,Clear sky,5,5,Sunny/Clear Conditions
78757,2021-11-04 06:55:00,40.71122,-73.72827,0,0,Following Too Closely,4474024,9.9,3.0,0.0,0.0,0.0,0.0,3,10.8,21.2,5,Overcast,0,0,
78758,2021-11-03 09:14:00,40.863632,-73.87168,1,0,Driver Inattention/Distraction,4474861,10.7,3.8,0.1,0.1,0.0,1.0,51,15.6,30.6,302,Drizzle: Light,1,1,
78759,2021-11-03 10:30:00,40.72973,-73.91183,0,0,Passing or Lane Usage Improper,4474033,10.7,3.8,0.1,0.1,0.0,1.0,51,15.6,30.6,302,Drizzle: Light,0,0,
78760,2021-11-03 12:00:00,40.713375,-73.92603,0,0,Passing Too Closely,4474227,10.7,3.8,0.1,0.1,0.0,1.0,51,15.6,30.6,302,Drizzle: Light,0,0,
78761,2021-11-05 00:00:00,40.714325,-73.80743,1,0,Pedestrian/Bicyclist/Other Pedestrian Error/Confusion,4474340,10.7,3.2,0.0,0.0,0.0,0.0,0,14.8,30.2,1,Clear sky,1,1,Sunny/Clear Conditions
78762,2021-11-03 08:55:00,40.759254,-73.93091,1,0,Glare,4473650,10.7,3.8,0.1,0.1,0.0,1.0,51,15.6,30.6,302,Drizzle: Light,1,1,
78763,2021-10-28 17:35:00,40.683086,-73.85416,3,0,Failure to Yield Right-of-Way,4474487,15.2,7.9,0.0,0.0,0.0,0.0,3,19.1,34.6,28,Overcast,3,3,
78764,2021-11-04 16:55:00,40.79864,-73.9534,1,0,View Obstructed/Limited,4474269,9.9,3.0,0.0,0.0,0.0,0.0,3,10.8,21.2,5,Overcast,1,1,
78765,2021-11-04 12:15:00,40.57576,-73.96209,1,0,Driver Inattention/Distraction,4474721,9.9,3.0,0.0,0.0,0.0,0.0,3,10.8,21.2,5,Overcast,1,1,
78766,2021-11-05 15:13:00,40.664963,-73.98982,1,0,Unspecified,4474956,10.7,3.2,0.0,0.0,0.0,0.0,0,14.8,30.2,1,Clear sky,1,1,Sunny/Clear Conditions
78767,2021-11-03 12:30:00,40.71982,-73.946625,0,0,Driver Inexperience,4473900,10.7,3.8,0.1,0.1,0.0,1.0,51,15.6,30.6,302,Drizzle: Light,0,0,
78768,2021-11-05 00:08:00,40.68532,-73.98071,1,0,Unspecified,4474235,10.7,3.2,0.0,0.0,0.0,0.0,0,14.8,30.2,1,Clear sky,1,1,Sunny/Clear Conditions
78769,2021-11-01 11:00:00,40.632374,-73.935875,1,0,Driver Inattention/Distraction,4474369,14.4,8.0,0.0,0.0,0.0,0.0,3,20.7,38.5,278,Overcast,1,1,
78770,2021-11-05 09:00:00,40.795525,-73.97594,0,0,Driver Inattention/Distraction,4474478,10.7,3.2,0.0,0.0,0.0,0.0,0,14.8,30.2,1,Clear sky,0,0,Sunny/Clear Conditions
78771,2021-11-04 14:00:00,40.590084,-73.95476,0,0,Driver Inattention/Distraction,4474257,9.9,3.0,0.0,0.0,0.0,0.0,3,10.8,21.2,5,Overcast,0,0,
78772,2021-11-04 12:56:00,40.664085,-73.939926,1,0,Driver Inattention/Distraction,4474572,9.9,3.0,0.0,0.0,0.0,0.0,3,10.8,21.2,5,Overcast,1,1,
78773,2021-10-30 17:24:00,40.785866,-73.950935,1,0,Passing or Lane Usage Improper,4475125,17.8,12.0,7.8,7.8,0.0,16.0,61,38.5,68.0,112,Rain: Light,1,1,
78774,2021-11-03 01:50:00,40.729923,-73.91208,0,0,Following Too Closely,4473686,10.7,3.8,0.1,0.1,0.0,1.0,51,15.6,30.6,302,Drizzle: Light,0,0,
78775,2021-11-05 12:11:00,40.675205,-73.904396,1,0,Failure to Yield Right-of-Way,4474773,10.7,3.2,0.0,0.0,0.0,0.0,0,14.8,30.2,1,Clear sky,1,1,Sunny/Clear Conditions
78776,2021-11-04 15:15:00,40.638382,-73.98863,1,0,Driver Inattention/Distraction,4474233,9.9,3.0,0.0,0.0,0.0,0.0,3,10.8,21.2,5,Overcast,1,1,
78777,2021-11-01 19:05:00,40.578358,-73.99051,1,0,Aggressive Driving/Road Rage,4474702,14.4,8.0,0.0,0.0,0.0,0.0,3,20.7,38.5,278,Overcast,1,1,
78778,2021-11-05 17:00:00,40.804585,-73.91213,0,0,Unspecified,4474591,10.7,3.2,0.0,0.0,0.0,0.0,0,14.8,30.2,1,Clear sky,0,0,Sunny/Clear Conditions
78779,2021-10-29 18:30:00,40.67973,-73.76162,0,0,Passing Too Closely,4474520,13.8,8.3,9.3,9.3,0.0,5.0,63,40.9,73.8,78,Rain: Moderate,0,0,
78780,2021-11-03 11:14:00,40.68305,-73.97377,0,0,Other Vehicular,4473950,10.7,3.8,0.1,0.1,0.0,1.0,51,15.6,30.6,302,Drizzle: Light,0,0,
78781,2021-10-20 20:28:00,40.634483,-73.91886,0,0,Unspecified,4474502,24.1,13.8,0.0,0.0,0.0,0.0,3,21.6,37.1,276,Overcast,0,0,
78782,2021-11-05 16:00:00,40.605675,-73.966965,1,0,Failure to Yield Right-of-Way,4475017,10.7,3.2,0.0,0.0,0.0,0.0,0,14.8,30.2,1,Clear sky,1,1,Sunny/Clear Conditions
78783,2021-11-03 00:24:00,40.841843,-73.94539,1,0,Unspecified,4473615,10.7,3.8,0.1,0.1,0.0,1.0,51,15.6,30.6,302,Drizzle: Light,1,1,
78784,2021-11-05 14:31:00,40.68482,-74.004585,1,0,Oversized Vehicle,4474731,10.7,3.2,0.0,0.0,0.0,0.0,0,14.8,30.2,1,Clear sky,1,1,Sunny/Clear Conditions
78785,2021-11-03 12:41:00,40.74954,-73.97744,0,0,Backing Unsafely,4473800,10.7,3.8,0.1,0.1,0.0,1.0,51,15.6,30.6,302,Drizzle: Light,0,0,
78786,2021-11-03 07:55:00,40.71368,-73.78746,0,0,Driver Inattention/Distraction,4474021,10.7,3.8,0.1,0.1,0.0,1.0,51,15.6,30.6,302,Drizzle: Light,0,0,
78787,2021-11-04 17:20:00,40.811657,-73.90483,0,0,Backing Unsafely,4474208,9.9,3.0,0.0,0.0,0.0,0.0,3,10.8,21.2,5,Overcast,0,0,
78788,2021-11-05 20:30:00,40.58405,-74.09489,0,0,Backing Unsafely,4474345,10.7,3.2,0.0,0.0,0.0,0.0,0,14.8,30.2,1,Clear sky,0,0,Sunny/Clear Conditions
78789,2021-11-05 08:00:00,40.7549,-73.74548,0,0,Unsafe Lane Changing,4474473,10.7,3.2,0.0,0.0,0.0,0.0,0,14.8,30.2,1,Clear sky,0,0,Sunny/Clear Conditions
78790,2021-11-04 15:15:00,40.63233,-74.01854,0,0,Turning Improperly,4474497,9.9,3.0,0.0,0.0,0.0,0.0,3,10.8,21.2,5,Overcast,0,0,
78791,2021-11-04 06:16:00,40.830242,-73.9497,0,0,Unspecified,4474519,9.9,3.0,0.0,0.0,0.0,0.0,3,10.8,21.2,5,Overcast,0,0,
78792,2021-11-03 20:10:00,40.77074,-73.99455,0,0,Unspecified,4473934,10.7,3.8,0.1,0.1,0.0,1.0,51,15.6,30.6,302,Drizzle: Light,0,0,
78793,2021-11-05 18:16:00,40.877106,-73.90616,0,0,Unspecified,4474397,10.7,3.2,0.0,0.0,0.0,0.0,0,14.8,30.2,1,Clear sky,0,0,Sunny/Clear Conditions
78794,2021-11-03 14:40:00,40.639793,-73.929115,0,0,Unspecified,4473723,10.7,3.8,0.1,0.1,0.0,1.0,51,15.6,30.6,302,Drizzle: Light,0,0,
78795,2021-11-04 00:00:00,40.717407,-73.76336,0,0,Driver Inattention/Distraction,4475066,9.9,3.0,0.0,0.0,0.0,0.0,3,10.8,21.2,5,Overcast,0,0,
78796,2021-11-05 14:54:00,40.703663,-73.94706,1,0,Unspecified,4474997,10.7,3.2,0.0,0.0,0.0,0.0,0,14.8,30.2,1,Clear sky,1,1,Sunny/Clear Conditions
78797,2021-11-05 23:12:00,40.699715,-73.96182,0,0,Failure to Yield Right-of-Way,4474969,10.7,3.2,0.0,0.0,0.0,0.0,0,14.8,30.2,1,Clear sky,0,0,Sunny/Clear Conditions
78798,2021-11-03 11:41:00,40.658894,-73.94247,0,0,Driver Inexperience,4474131,10.7,3.8,0.1,0.1,0.0,1.0,51,15.6,30.6,302,Drizzle: Light,0,0,
78799,2021-11-04 23:00:00,40.70996,-73.989334,0,0,Driver Inattention/Distraction,4474364,9.9,3.0,0.0,0.0,0.0,0.0,3,10.8,21.2,5,Overcast,0,0,
78800,2021-11-03 13:20:00,40.609985,-73.96239,0,0,Unspecified,4474097,10.7,3.8,0.1,0.1,0.0,1.0,51,15.6,30.6,302,Drizzle: Light,0,0,
78801,2021-11-05 10:58:00,40.68963,-73.98575,1,0,Following Too Closely,4474543,10.7,3.2,0.0,0.0,0.0,0.0,0,14.8,30.2,1,Clear sky,1,1,Sunny/Clear Conditions
78802,2021-11-01 15:00:00,40.840836,-73.87258,1,0,Driver Inattention/Distraction,4474349,14.4,8.0,0.0,0.0,0.0,0.0,3,20.7,38.5,278,Overcast,1,1,
78803,2021-11-03 21:10:00,40.598312,-73.96119,0,0,Unspecified,4473846,10.7,3.8,0.1,0.1,0.0,1.0,51,15.6,30.6,302,Drizzle: Light,0,0,
78804,2022-04-13 01:49:00,40.845192,-73.8663,1,0,Driver Inexperience,4518556,18.9,7.1,0.0,0.0,0.0,0.0,3,18.7,37.4,112,Overcast,1,1,
78805,2021-11-04 13:00:00,40.763824,-73.72686,0,0,Backing Unsafely,4474458,9.9,3.0,0.0,0.0,0.0,0.0,3,10.8,21.2,5,Overcast,0,0,
78806,2021-10-23 13:00:00,40.879547,-73.885796,0,0,Backing Unsafely,4474441,15.9,10.4,0.2,0.2,0.0,2.0,51,14.4,26.6,326,Drizzle: Light,0,0,
78807,2021-11-03 11:13:00,40.641987,-74.01724,1,0,Driver Inattention/Distraction,4474055,10.7,3.8,0.1,0.1,0.0,1.0,51,15.6,30.6,302,Drizzle: Light,1,1,
78808,2021-10-31 17:30:00,40.763077,-73.88657,0,0,Unspecified,4474614,18.3,12.5,3.7,3.7,0.0,8.0,55,22.9,41.0,268,Drizzle: Dense,0,0,
78809,2021-10-27 08:00:00,40.86369,-73.91707,1,0,Unsafe Speed,4475120,16.1,12.2,6.6,6.6,0.0,6.0,61,33.3,63.0,359,Rain: Light,1,1,
78810,2021-11-04 06:45:00,40.640438,-73.911224,0,0,Passing or Lane Usage Improper,4474426,9.9,3.0,0.0,0.0,0.0,0.0,3,10.8,21.2,5,Overcast,0,0,
78811,2021-11-05 12:24:00,40.66998,-73.98793,0,0,Passing Too Closely,4474394,10.7,3.2,0.0,0.0,0.0,0.0,0,14.8,30.2,1,Clear sky,0,0,Sunny/Clear Conditions
78812,2021-10-30 01:12:00,40.676872,-73.94985,0,0,Unspecified,4474806,17.8,12.0,7.8,7.8,0.0,16.0,61,38.5,68.0,112,Rain: Light,0,0,
78813,2021-10-29 07:00:00,40.72085,-74.00394,0,0,Unspecified,4475100,13.8,8.3,9.3,9.3,0.0,5.0,63,40.9,73.8,78,Rain: Moderate,0,0,
78814,2021-08-09 21:00:00,40.589344,-74.1015,0,0,Brakes Defective,4445553,26.2,20.1,1.1,1.1,0.0,7.0,51,17.3,34.6,36,Drizzle: Light,0,0,
78815,2021-08-08 05:20:00,40.698013,-73.90265,0,0,Unsafe Speed,4446057,22.9,19.4,12.7,12.7,0.0,17.0,63,19.9,36.0,38,Rain: Moderate,0,0,
78816,2021-08-24 22:30:00,40.675987,-73.91932,1,0,Unspecified,4450317,30.6,21.9,0.0,0.0,0.0,0.0,1,13.9,28.1,291,Mainly clear,1,1,Sunny/Clear Conditions
78817,2021-08-27 13:00:00,40.64094,-73.96051,0,0,Unspecified,4451897,32.2,23.4,1.4,1.4,0.0,2.0,55,9.4,22.3,299,Drizzle: Dense,0,0,
78818,2021-08-26 14:02:00,40.830193,-73.82579,1,0,Unspecified,4451906,31.8,22.8,0.1,0.1,0.0,1.0,51,14.8,29.2,228,Drizzle: Light,1,1,