,CRASH DATETIME,LATITUDE,LONGITUDE,NUMBER OF PERSONS INJURED,NUMBER OF PERSONS KILLED,CONTRIBUTING FACTOR VEHICLE 1,COLLISION_ID,temperature_2m_max,temperature_2m_min,precipitation_sum,rain_sum,snowfall_sum,precipitation_hours,weather_code,wind_speed_10m_max,wind_gusts_10m_max,wind_direction_10m_dominant,Weather Description,Severity_Score,Total_Affected_Persons,Weather_Category
78819,2021-08-27 08:57:00,40.85493,-73.82617,0,0,Following Too Closely,4451907,32.2,23.4,1.4,1.4,0.0,2.0,55,9.4,22.3,299,Drizzle: Dense,0,0,
78820,2021-08-24 15:36:00,40.815826,-73.947044,0,0,Unspecified,4451894,30.6,21.9,0.0,0.0,0.0,0.0,1,13.9,28.1,291,Mainly clear,0,0,Sunny/Clear Conditions
78821,2021-08-26 16:15:00,40.83913,-73.84389,0,0,Unspecified,4451903,31.8,22.8,0.1,0.1,0.0,1.0,51,14.8,29.2,228,Drizzle: Light,0,0,
78822,2021-08-20 15:36:00,40.682014,-73.968796,0,0,Passing Too Closely,4448908,26.9,22.0,1.1,1.1,0.0,5.0,53,12.4,22.0,310,Drizzle: Moderate,0,0,
78823,2021-08-25 21:50:00,40.67693,-74.00211,0,0,Unspecified,4451914,31.2,20.1,0.0,0.0,0.0,0.0,3,10.2,18.7,277,Overcast,0,0,
78824,2021-08-27 11:00:00,40.57702,-73.9642,1,0,Failure to Yield Right-of-Way,4451890,32.2,23.4,1.4,1.4,0.0,2.0,55,9.4,22.3,299,Drizzle: Dense,1,1,
78825,2021-08-22 18:00:00,40.7856,-73.83936,0,0,Turning Improperly,4451922,23.9,22.5,56.2,56.2,0.0,21.0,63,19.8,36.0,299,Rain: Moderate,0,0,
78826,2021-08-26 11:51:00,40.843124,-73.83026,0,0,Unspecified,4451904,31.8,22.8,0.1,0.1,0.0,1.0,51,14.8,29.2,228,Drizzle: Light,0,0,
78827,2021-11-03 19:00:00,40.60242,-73.99459,0,0,Failure to Yield Right-of-Way,4473852,10.7,3.8,0.1,0.1,0.0,1.0,51,15.6,30.6,302,Drizzle: Light,0,0,
78828,2021-11-05 22:24:00,40.724716,-73.94932,0,0,Alcohol Involvement,4474828,10.7,3.2,0.0,0.0,0.0,0.0,0,14.8,30.2,1,Clear sky,0,0,Sunny/Clear Conditions
78829,2021-10-28 19:56:00,40.711823,-73.83612,0,0,Passing Too Closely,4474490,15.2,7.9,0.0,0.0,0.0,0.0,3,19.1,34.6,28,Overcast,0,0,
78830,2021-11-05 14:45:00,40.735306,-74.01011,0,0,Driver Inattention/Distraction,4474691,10.7,3.2,0.0,0.0,0.0,0.0,0,14.8,30.2,1,Clear sky,0,0,Sunny/Clear Conditions
78831,2021-11-05 00:05:00,40.655457,-73.961975,0,0,Following Too Closely,4474419,10.7,3.2,0.0,0.0,0.0,0.0,0,14.8,30.2,1,Clear sky,0,0,Sunny/Clear Conditions
78832,2021-08-25 12:06:00,40.62509,-74.12474,0,0,Other Vehicular,4451694,31.2,20.1,0.0,0.0,0.0,0.0,3,10.2,18.7,277,Overcast,0,0,
78833,2021-08-25 19:59:00,40.777416,-73.81752,1,0,Failure to Yield Right-of-Way,4450529,31.2,20.1,0.0,0.0,0.0,0.0,3,10.2,18.7,277,Overcast,1,1,
78834,2021-08-27 02:40:00,40.747536,-73.884865,0,0,Traffic Control Disregarded,4451549,32.2,23.4,1.4,1.4,0.0,2.0,55,9.4,22.3,299,Drizzle: Dense,0,0,
78835,2021-08-26 08:35:00,40.641727,-73.99265,3,0,Unspecified,4450966,31.8,22.8,0.1,0.1,0.0,1.0,51,14.8,29.2,228,Drizzle: Light,3,3,
78836,2021-08-25 08:15:00,40.60452,-73.82106,0,0,Backing Unsafely,4450617,31.2,20.1,0.0,0.0,0.0,0.0,3,10.2,18.7,277,Overcast,0,0,
78837,2021-08-25 20:02:00,40.575165,-73.98542,2,0,Driver Inexperience,4451454,31.2,20.1,0.0,0.0,0.0,0.0,3,10.2,18.7,277,Overcast,2,2,
78838,2021-08-26 00:01:00,40.680016,-73.87743,1,0,Unsafe Speed,4450572,31.8,22.8,0.1,0.1,0.0,1.0,51,14.8,29.2,228,Drizzle: Light,1,1,
78839,2021-08-26 16:30:00,40.7774,-73.96064,0,0,Passing or Lane Usage Improper,4451082,31.8,22.8,0.1,0.1,0.0,1.0,51,14.8,29.2,228,Drizzle: Light,0,0,
78840,2021-08-26 12:45:00,40.86159,-73.91295,0,0,Following Too Closely,4450941,31.8,22.8,0.1,0.1,0.0,1.0,51,14.8,29.2,228,Drizzle: Light,0,0,
78841,2021-08-18 16:30:00,40.6997,-73.94425,1,0,Unspecified,4451628,27.0,21.1,1.5,1.5,0.0,5.0,53,24.7,46.8,150,Drizzle: Moderate,1,1,
78842,2021-08-27 15:44:00,40.67524,-73.95725,0,0,Unspecified,4451756,32.2,23.4,1.4,1.4,0.0,2.0,55,9.4,22.3,299,Drizzle: Dense,0,0,
78843,2021-08-26 21:19:00,40.710506,-73.95656,1,0,Unsafe Speed,4450919,31.8,22.8,0.1,0.1,0.0,1.0,51,14.8,29.2,228,Drizzle: Light,1,1,
78844,2021-08-27 08:00:00,40.818558,-73.92732,0,0,Driver Inattention/Distraction,4451238,32.2,23.4,1.4,1.4,0.0,2.0,55,9.4,22.3,299,Drizzle: Dense,0,0,
78845,2021-08-25 13:30:00,40.696136,-73.85284,0,0,Driver Inattention/Distraction,4450797,31.2,20.1,0.0,0.0,0.0,0.0,3,10.2,18.7,277,Overcast,0,0,
78846,2021-08-27 22:57:00,40.6247,-74.07453,0,0,Unspecified,4451695,32.2,23.4,1.4,1.4,0.0,2.0,55,9.4,22.3,299,Drizzle: Dense,0,0,
78847,2021-08-27 06:24:00,40.785805,-73.97268,1,0,Unspecified,4451121,32.2,23.4,1.4,1.4,0.0,2.0,55,9.4,22.3,299,Drizzle: Dense,1,1,
78848,2021-08-27 10:16:00,40.809696,-73.92428,1,0,Unspecified,4451071,32.2,23.4,1.4,1.4,0.0,2.0,55,9.4,22.3,299,Drizzle: Dense,1,1,
78849,2021-08-25 18:50:00,40.842163,-73.88902,0,0,Oversized Vehicle,4450777,31.2,20.1,0.0,0.0,0.0,0.0,3,10.2,18.7,277,Overcast,0,0,
78850,2021-08-27 09:30:00,40.844532,-73.89043,0,0,Driver Inattention/Distraction,4451868,32.2,23.4,1.4,1.4,0.0,2.0,55,9.4,22.3,299,Drizzle: Dense,0,0,
78851,2021-08-25 00:05:00,40.769115,-73.98856,1,0,Traffic Control Disregarded,4450297,31.2,20.1,0.0,0.0,0.0,0.0,3,10.2,18.7,277,Overcast,1,1,
78852,2021-08-23 13:30:00,40.765594,-73.914734,1,0,Driver Inattention/Distraction,4451474,28.7,22.0,36.1,36.1,0.0,19.0,65,27.4,49.3,230,Rain: Heavy,1,1,
78853,2021-08-27 15:15:00,40.80549,-73.91031,1,0,Unsafe Speed,4451158,32.2,23.4,1.4,1.4,0.0,2.0,55,9.4,22.3,299,Drizzle: Dense,1,1,
78854,2021-08-27 14:00:00,40.67045,-73.98193,0,0,Unspecified,4451292,32.2,23.4,1.4,1.4,0.0,2.0,55,9.4,22.3,299,Drizzle: Dense,0,0,
78855,2021-08-25 20:45:00,40.706226,-73.96264,1,0,Backing Unsafely,4450557,31.2,20.1,0.0,0.0,0.0,0.0,3,10.2,18.7,277,Overcast,1,1,
78856,2021-08-27 09:00:00,40.75426,-73.74334,0,0,Following Too Closely,4451084,32.2,23.4,1.4,1.4,0.0,2.0,55,9.4,22.3,299,Drizzle: Dense,0,0,
78857,2021-08-25 22:10:00,40.70404,-73.78161,0,0,Driver Inattention/Distraction,4450950,31.2,20.1,0.0,0.0,0.0,0.0,3,10.2,18.7,277,Overcast,0,0,
78858,2021-08-26 16:30:00,40.739494,-73.97663,0,0,Backing Unsafely,4451011,31.8,22.8,0.1,0.1,0.0,1.0,51,14.8,29.2,228,Drizzle: Light,0,0,
78859,2021-08-25 19:00:00,40.873837,-73.86707,1,0,Turning Improperly,4450657,31.2,20.1,0.0,0.0,0.0,0.0,3,10.2,18.7,277,Overcast,1,1,
78860,2021-08-27 23:44:00,40.6568,-73.85758,1,0,Driver Inattention/Distraction,4451185,32.2,23.4,1.4,1.4,0.0,2.0,55,9.4,22.3,299,Drizzle: Dense,1,1,
78861,2021-08-26 20:20:00,40.574295,-73.98869,1,0,Other Vehicular,4451456,31.8,22.8,0.1,0.1,0.0,1.0,51,14.8,29.2,228,Drizzle: Light,1,1,
78862,2021-08-22 09:45:00,40.675037,-73.930534,0,0,Other Vehicular,4451314,23.9,22.5,56.2,56.2,0.0,21.0,63,19.8,36.0,299,Rain: Moderate,0,0,
78863,2021-08-26 09:30:00,40.66259,-73.876396,0,0,Unspecified,4451395,31.8,22.8,0.1,0.1,0.0,1.0,51,14.8,29.2,228,Drizzle: Light,0,0,
78864,2021-08-25 18:55:00,40.728363,-74.00282,0,0,Driver Inattention/Distraction,4450750,31.2,20.1,0.0,0.0,0.0,0.0,3,10.2,18.7,277,Overcast,0,0,
78865,2021-08-26 16:47:00,40.733616,-73.85253,0,0,Driver Inattention/Distraction,4450889,31.8,22.8,0.1,0.1,0.0,1.0,51,14.8,29.2,228,Drizzle: Light,0,0,
78866,2021-08-27 16:50:00,40.65818,-73.89717,0,0,Unspecified,4451414,32.2,23.4,1.4,1.4,0.0,2.0,55,9.4,22.3,299,Drizzle: Dense,0,0,
78867,2021-08-25 02:30:00,40.696415,-73.84088,0,0,Passing Too Closely,4450321,31.2,20.1,0.0,0.0,0.0,0.0,3,10.2,18.7,277,Overcast,0,0,
78868,2021-08-24 13:58:00,40.697903,-73.9468,0,0,Passing Too Closely,4451663,30.6,21.9,0.0,0.0,0.0,0.0,1,13.9,28.1,291,Mainly clear,0,0,Sunny/Clear Conditions
78869,2021-08-24 07:45:00,40.749676,-73.94372,0,0,Unspecified,4451052,30.6,21.9,0.0,0.0,0.0,0.0,1,13.9,28.1,291,Mainly clear,0,0,Sunny/Clear Conditions
78870,2021-08-25 15:45:00,40.868748,-73.89497,0,0,Driver Inattention/Distraction,4450793,31.2,20.1,0.0,0.0,0.0,0.0,3,10.2,18.7,277,Overcast,0,0,
78871,2021-08-27 05:30:00,40.681286,-73.76979,0,0,Turning Improperly,4450982,32.2,23.4,1.4,1.4,0.0,2.0,55,9.4,22.3,299,Drizzle: Dense,0,0,
78872,2021-08-26 17:54:00,40.59241,-73.80334,0,0,Turning Improperly,4451668,31.8,22.8,0.1,0.1,0.0,1.0,51,14.8,29.2,228,Drizzle: Light,0,0,
78873,2021-08-25 03:26:00,40.862717,-73.9023,1,0,Unsafe Speed,4451043,31.2,20.1,0.0,0.0,0.0,0.0,3,10.2,18.7,277,Overcast,1,1,
78874,2021-08-26 09:32:00,40.66778,-73.86243,0,0,Unspecified,4451273,31.8,22.8,0.1,0.1,0.0,1.0,51,14.8,29.2,228,Drizzle: Light,0,0,
78875,2021-08-27 00:00:00,40.695892,-73.99555,0,0,Following Too Closely,4451114,32.2,23.4,1.4,1.4,0.0,2.0,55,9.4,22.3,299,Drizzle: Dense,0,0,
78876,2021-08-26 16:20:00,40.585976,-73.93791,0,0,Driver Inattention/Distraction,4451224,31.8,22.8,0.1,0.1,0.0,1.0,51,14.8,29.2,228,Drizzle: Light,0,0,
78877,2021-08-26 13:40:00,40.747257,-73.76342,2,0,View Obstructed/Limited,4450827,31.8,22.8,0.1,0.1,0.0,1.0,51,14.8,29.2,228,Drizzle: Light,2,2,
78878,2021-08-05 00:00:00,40.670662,-73.94765,1,0,Illnes,4451308,27.1,17.4,0.1,0.1,0.0,1.0,51,13.2,27.0,5,Drizzle: Light,1,1,
78879,2021-08-27 15:34:00,40.654068,-73.96177,1,0,Following Too Closely,4451203,32.2,23.4,1.4,1.4,0.0,2.0,55,9.4,22.3,299,Drizzle: Dense,1,1,
78880,2021-08-27 00:10:00,40.675663,-73.9277,1,0,Aggressive Driving/Road Rage,4451646,32.2,23.4,1.4,1.4,0.0,2.0,55,9.4,22.3,299,Drizzle: Dense,1,1,
78881,2021-08-25 01:29:00,40.812824,-73.85716,0,0,Unspecified,4450354,31.2,20.1,0.0,0.0,0.0,0.0,3,10.2,18.7,277,Overcast,0,0,
78882,2021-08-12 23:55:00,40.60233,-74.00319,0,0,Backing Unsafely,4450988,35.2,23.1,0.0,0.0,0.0,0.0,3,21.0,47.5,220,Overcast,0,0,
78883,2021-08-25 15:10:00,40.681118,-73.96443,0,0,Driver Inattention/Distraction,4450500,31.2,20.1,0.0,0.0,0.0,0.0,3,10.2,18.7,277,Overcast,0,0,
78884,2021-08-25 12:44:00,40.783844,-73.979996,0,0,Turning Improperly,4451136,31.2,20.1,0.0,0.0,0.0,0.0,3,10.2,18.7,277,Overcast,0,0,
78885,2021-08-27 15:40:00,40.669212,-73.921234,0,0,Unspecified,4451153,32.2,23.4,1.4,1.4,0.0,2.0,55,9.4,22.3,299,Drizzle: Dense,0,0,
78886,2021-08-25 16:56:00,40.816303,-73.918625,0,0,Unspecified,4450622,31.2,20.1,0.0,0.0,0.0,0.0,3,10.2,18.7,277,Overcast,0,0,
78887,2021-08-27 15:20:00,40.69348,-73.817726,0,0,Passing or Lane Usage Improper,4451103,32.2,23.4,1.4,1.4,0.0,2.0,55,9.4,22.3,299,Drizzle: Dense,0,0,
78888,2021-08-27 21:40:00,40.73908,-74.00309,0,0,Driver Inattention/Distraction,4451520,32.2,23.4,1.4,1.4,0.0,2.0,55,9.4,22.3,299,Drizzle: Dense,0,0,
78889,2021-08-26 10:58:00,40.85404,-73.88646,0,0,Driver Inattention/Distraction,4451075,31.8,22.8,0.1,0.1,0.0,1.0,51,14.8,29.2,228,Drizzle: Light,0,0,
78890,2021-08-13 10:40:00,40.80907,-73.94455,0,0,Passing or Lane Usage Improper,4451556,33.2,24.8,0.0,0.0,0.0,0.0,3,18.2,34.9,215,Overcast,0,0,
78891,2021-08-26 21:50:00,40.646385,-73.9286,1,0,Driver Inattention/Distraction,4451330,31.8,22.8,0.1,0.1,0.0,1.0,51,14.8,29.2,228,Drizzle: Light,1,1,
78892,2021-08-27 17:00:00,40.67393,-73.999954,1,0,Alcohol Involvement,4451424,32.2,23.4,1.4,1.4,0.0,2.0,55,9.4,22.3,299,Drizzle: Dense,1,1,
78893,2021-08-26 15:10:00,40.70353,-73.89453,0,0,Unspecified,4451776,31.8,22.8,0.1,0.1,0.0,1.0,51,14.8,29.2,228,Drizzle: Light,0,0,
78894,2021-08-27 21:50:00,40.771996,-73.933304,1,0,Unspecified,4451883,32.2,23.4,1.4,1.4,0.0,2.0,55,9.4,22.3,299,Drizzle: Dense,1,1,
78895,2021-08-26 16:30:00,40.705914,-73.950294,1,0,Driver Inattention/Distraction,4450932,31.8,22.8,0.1,0.1,0.0,1.0,51,14.8,29.2,228,Drizzle: Light,1,1,
78896,2021-08-27 06:00:00,40.681274,-73.81162,1,0,Traffic Control Disregarded,4451141,32.2,23.4,1.4,1.4,0.0,2.0,55,9.4,22.3,299,Drizzle: Dense,1,1,
78897,2021-08-25 13:26:00,40.72294,-73.8002,0,0,Driver Inattention/Distraction,4450638,31.2,20.1,0.0,0.0,0.0,0.0,3,10.2,18.7,277,Overcast,0,0,
78898,2021-08-11 19:28:00,40.672142,-73.77373,0,0,Driver Inattention/Distraction,4451825,31.2,23.2,2.8,2.8,0.0,7.0,55,23.7,44.6,206,Drizzle: Dense,0,0,
78899,2021-08-27 15:00:00,40.636024,-73.89506,0,0,Driver Inexperience,4451298,32.2,23.4,1.4,1.4,0.0,2.0,55,9.4,22.3,299,Drizzle: Dense,0,0,
78900,2021-08-25 16:15:00,40.73599,-73.86551,1,0,Driver Inattention/Distraction,4451585,31.2,20.1,0.0,0.0,0.0,0.0,3,10.2,18.7,277,Overcast,1,1,
78901,2021-08-26 09:00:00,40.769268,-73.91617,0,0,Driver Inattention/Distraction,4451007,31.8,22.8,0.1,0.1,0.0,1.0,51,14.8,29.2,228,Drizzle: Light,0,0,
78902,2021-08-23 03:49:00,40.886093,-73.82763,0,0,Backing Unsafely,4451701,28.7,22.0,36.1,36.1,0.0,19.0,65,27.4,49.3,230,Rain: Heavy,0,0,
78903,2021-08-26 01:10:00,40.632065,-73.91861,1,0,Failure to Yield Right-of-Way,4450702,31.8,22.8,0.1,0.1,0.0,1.0,51,14.8,29.2,228,Drizzle: Light,1,1,
78904,2021-08-25 13:27:00,40.68882,-73.98568,0,0,Passing Too Closely,4450470,31.2,20.1,0.0,0.0,0.0,0.0,3,10.2,18.7,277,Overcast,0,0,
78905,2021-08-22 00:00:00,40.68152,-73.91973,1,0,Failure to Yield Right-of-Way,4451484,23.9,22.5,56.2,56.2,0.0,21.0,63,19.8,36.0,299,Rain: Moderate,1,1,
78906,2021-08-27 18:00:00,40.81309,-73.945335,0,0,Driver Inattention/Distraction,4451352,32.2,23.4,1.4,1.4,0.0,2.0,55,9.4,22.3,299,Drizzle: Dense,0,0,
78907,2021-08-23 12:06:00,40.72064,-73.99393,0,0,Following Too Closely,4451619,28.7,22.0,36.1,36.1,0.0,19.0,65,27.4,49.3,230,Rain: Heavy,0,0,
78908,2021-08-25 11:50:00,40.8475,-73.86696,0,0,Reaction to Uninvolved Vehicle,4451020,31.2,20.1,0.0,0.0,0.0,0.0,3,10.2,18.7,277,Overcast,0,0,
78909,2021-08-25 09:00:00,40.72823,-73.94589,0,0,Driver Inattention/Distraction,4450408,31.2,20.1,0.0,0.0,0.0,0.0,3,10.2,18.7,277,Overcast,0,0,
78910,2021-08-27 06:26:00,40.868248,-73.916145,1,0,Unsafe Speed,4451681,32.2,23.4,1.4,1.4,0.0,2.0,55,9.4,22.3,299,Drizzle: Dense,1,1,
78911,2021-08-26 06:00:00,40.654728,-73.9229,0,0,Brakes Defective,4450860,31.8,22.8,0.1,0.1,0.0,1.0,51,14.8,29.2,228,Drizzle: Light,0,0,
78912,2021-08-25 18:00:00,40.726067,-73.9089,0,0,Driver Inattention/Distraction,4450880,31.2,20.1,0.0,0.0,0.0,0.0,3,10.2,18.7,277,Overcast,0,0,
78913,2021-08-26 07:00:00,40.64316,-74.01922,0,0,Traffic Control Disregarded,4450903,31.8,22.8,0.1,0.1,0.0,1.0,51,14.8,29.2,228,Drizzle: Light,0,0,
78914,2021-08-27 15:30:00,40.713024,-73.73492,0,0,Unspecified,4451168,32.2,23.4,1.4,1.4,0.0,2.0,55,9.4,22.3,299,Drizzle: Dense,0,0,
78915,2021-08-27 00:27:00,40.87859,-73.88599,0,0,Driver Inattention/Distraction,4451039,32.2,23.4,1.4,1.4,0.0,2.0,55,9.4,22.3,299,Drizzle: Dense,0,0,
78916,2021-08-25 12:45:00,40.76437,-73.74749,1,0,Driver Inattention/Distraction,4450461,31.2,20.1,0.0,0.0,0.0,0.0,3,10.2,18.7,277,Overcast,1,1,
78917,2021-08-25 09:00:00,40.582726,-73.97321,0,0,Following Too Closely,4450413,31.2,20.1,0.0,0.0,0.0,0.0,3,10.2,18.7,277,Overcast,0,0,
78918,2021-08-23 08:17:00,40.738544,-73.90293,3,0,Lost Consciousness,4451265,28.7,22.0,36.1,36.1,0.0,19.0,65,27.4,49.3,230,Rain: Heavy,3,3,
78919,2021-08-26 09:00:00,40.816936,-73.8643,0,0,Unspecified,4450812,31.8,22.8,0.1,0.1,0.0,1.0,51,14.8,29.2,228,Drizzle: Light,0,0,
78920,2021-08-26 16:40:00,40.78356,-73.82449,0,0,Unspecified,4450992,31.8,22.8,0.1,0.1,0.0,1.0,51,14.8,29.2,228,Drizzle: Light,0,0,
78921,2021-08-25 13:30:00,40.70412,-73.958145,0,0,Passing Too Closely,4450495,31.2,20.1,0.0,0.0,0.0,0.0,3,10.2,18.7,277,Overcast,0,0,
78922,2021-08-25 23:10:00,40.69919,-73.91469,0,0,Failure to Yield Right-of-Way,4451382,31.2,20.1,0.0,0.0,0.0,0.0,3,10.2,18.7,277,Overcast,0,0,
78923,2021-08-25 09:00:00,40.72165,-73.8096,0,0,Unspecified,4450376,31.2,20.1,0.0,0.0,0.0,0.0,3,10.2,18.7,277,Overcast,0,0,
78924,2021-08-27 20:00:00,40.691433,-73.89063,0,0,Unspecified,4451173,32.2,23.4,1.4,1.4,0.0,2.0,55,9.4,22.3,299,Drizzle: Dense,0,0,
78925,2021-08-25 13:30:00,40.82733,-73.8498,1,0,Unspecified,4450700,31.2,20.1,0.0,0.0,0.0,0.0,3,10.2,18.7,277,Overcast,1,1,
78926,2021-08-27 23:59:00,40.695282,-73.92576,0,0,Failure to Yield Right-of-Way,4451377,32.2,23.4,1.4,1.4,0.0,2.0,55,9.4,22.3,299,Drizzle: Dense,0,0,
78927,2021-08-23 08:09:00,40.684902,-73.92946,0,0,Passing Too Closely,4451492,28.7,22.0,36.1,36.1,0.0,19.0,65,27.4,49.3,230,Rain: Heavy,0,0,
78928,2021-08-26 21:19:00,40.81517,-73.93586,1,0,Other Vehicular,4450974,31.8,22.8,0.1,0.1,0.0,1.0,51,14.8,29.2,228,Drizzle: Light,1,1,
78929,2021-08-26 17:25:00,40.736004,-73.99362,0,0,Driver Inattention/Distraction,4451107,31.8,22.8,0.1,0.1,0.0,1.0,51,14.8,29.2,228,Drizzle: Light,0,0,
78930,2021-08-26 16:48:00,40.625546,-73.93998,4,0,Unspecified,4451191,31.8,22.8,0.1,0.1,0.0,1.0,51,14.8,29.2,228,Drizzle: Light,4,4,
78931,2021-08-27 17:30:00,40.832626,-73.925385,0,0,Pavement Slippery,4451229,32.2,23.4,1.4,1.4,0.0,2.0,55,9.4,22.3,299,Drizzle: Dense,0,0,
78932,2021-08-27 14:35:00,40.79793,-73.934,1,0,Unsafe Speed,4451614,32.2,23.4,1.4,1.4,0.0,2.0,55,9.4,22.3,299,Drizzle: Dense,1,1,
78933,2021-08-27 09:52:00,40.719227,-73.922745,1,0,Following Too Closely,4451780,32.2,23.4,1.4,1.4,0.0,2.0,55,9.4,22.3,299,Drizzle: Dense,1,1,
78934,2021-08-27 23:25:00,40.644974,-73.92099,0,0,Unspecified,4451335,32.2,23.4,1.4,1.4,0.0,2.0,55,9.4,22.3,299,Drizzle: Dense,0,0,
78935,2021-08-26 17:00:00,40.71201,-73.84994,1,0,Failure to Yield Right-of-Way,4451433,31.8,22.8,0.1,0.1,0.0,1.0,51,14.8,29.2,228,Drizzle: Light,1,1,
78936,2021-08-18 12:00:00,40.710625,-73.96678,1,0,Driver Inattention/Distraction,4451537,27.0,21.1,1.5,1.5,0.0,5.0,53,24.7,46.8,150,Drizzle: Moderate,1,1,
78937,2021-08-25 14:52:00,40.774834,-73.94667,0,0,Unspecified,4450602,31.2,20.1,0.0,0.0,0.0,0.0,3,10.2,18.7,277,Overcast,0,0,
78938,2021-08-26 11:34:00,40.667076,-73.78266,1,0,Unsafe Lane Changing,4450937,31.8,22.8,0.1,0.1,0.0,1.0,51,14.8,29.2,228,Drizzle: Light,1,1,
78939,2021-08-24 20:10:00,40.686436,-73.752914,0,0,Unspecified,4451830,30.6,21.9,0.0,0.0,0.0,0.0,1,13.9,28.1,291,Mainly clear,0,0,Sunny/Clear Conditions
78940,2021-08-26 11:54:00,40.8097,-73.90304,1,0,Unspecified,4450956,31.8,22.8,0.1,0.1,0.0,1.0,51,14.8,29.2,228,Drizzle: Light,1,1,
78941,2021-08-26 09:00:00,40.7518,-73.817314,0,0,Passing Too Closely,4450715,31.8,22.8,0.1,0.1,0.0,1.0,51,14.8,29.2,228,Drizzle: Light,0,0,
78942,2021-08-24 12:40:00,40.57862,-74.10168,0,0,Backing Unsafely,4451145,30.6,21.9,0.0,0.0,0.0,0.0,1,13.9,28.1,291,Mainly clear,0,0,Sunny/Clear Conditions
78943,2021-08-25 18:00:00,40.628956,-73.949265,0,0,Driver Inattention/Distraction,4450642,31.2,20.1,0.0,0.0,0.0,0.0,3,10.2,18.7,277,Overcast,0,0,
78944,2021-08-27 09:15:00,40.805893,-73.942665,2,0,Unspecified,4451561,32.2,23.4,1.4,1.4,0.0,2.0,55,9.4,22.3,299,Drizzle: Dense,2,2,
78945,2021-08-27 15:26:00,40.874863,-73.858574,1,0,Driver Inattention/Distraction,4451707,32.2,23.4,1.4,1.4,0.0,2.0,55,9.4,22.3,299,Drizzle: Dense,1,1,
78946,2021-08-27 10:00:00,40.67033,-73.95647,0,0,Driver Inattention/Distraction,4451248,32.2,23.4,1.4,1.4,0.0,2.0,55,9.4,22.3,299,Drizzle: Dense,0,0,
78947,2021-08-27 17:25:00,40.695377,-73.94921,0,0,Following Too Closely,4451637,32.2,23.4,1.4,1.4,0.0,2.0,55,9.4,22.3,299,Drizzle: Dense,0,0,
78948,2021-08-25 19:40:00,40.694923,-73.915565,1,0,Passing or Lane Usage Improper,4450706,31.2,20.1,0.0,0.0,0.0,0.0,3,10.2,18.7,277,Overcast,1,1,
78949,2021-08-25 01:57:00,40.830353,-73.90347,0,0,Unsafe Speed,4450394,31.2,20.1,0.0,0.0,0.0,0.0,3,10.2,18.7,277,Overcast,0,0,
78950,2021-08-26 10:39:00,40.849033,-73.86749,2,0,Driver Inattention/Distraction,4451024,31.8,22.8,0.1,0.1,0.0,1.0,51,14.8,29.2,228,Drizzle: Light,2,2,
78951,2021-08-26 20:45:00,40.88643,-73.895805,0,0,Unsafe Speed,4451660,31.8,22.8,0.1,0.1,0.0,1.0,51,14.8,29.2,228,Drizzle: Light,0,0,
78952,2021-08-25 11:37:00,40.694794,-73.98246,0,0,Failure to Yield Right-of-Way,4450481,31.2,20.1,0.0,0.0,0.0,0.0,3,10.2,18.7,277,Overcast,0,0,
78953,2021-08-25 15:13:00,40.649525,-73.98072,1,0,Passing Too Closely,4450563,31.2,20.1,0.0,0.0,0.0,0.0,3,10.2,18.7,277,Overcast,1,1,
78954,2021-08-27 21:00:00,40.83436,-73.889565,1,0,Unspecified,4451215,32.2,23.4,1.4,1.4,0.0,2.0,55,9.4,22.3,299,Drizzle: Dense,1,1,
78955,2021-08-26 12:48:00,40.650898,-73.94766,1,0,Unspecified,4450848,31.8,22.8,0.1,0.1,0.0,1.0,51,14.8,29.2,228,Drizzle: Light,1,1,
78956,2021-08-27 19:37:00,40.764126,-73.88194,1,0,Unspecified,4451466,32.2,23.4,1.4,1.4,0.0,2.0,55,9.4,22.3,299,Drizzle: Dense,1,1,
78957,2021-08-27 23:04:00,40.752663,-73.87633,1,0,Driver Inattention/Distraction,4451677,32.2,23.4,1.4,1.4,0.0,2.0,55,9.4,22.3,299,Drizzle: Dense,1,1,
78958,2021-08-27 09:20:00,40.77788,-73.91789,0,0,Unspecified,4451019,32.2,23.4,1.4,1.4,0.0,2.0,55,9.4,22.3,299,Drizzle: Dense,0,0,
78959,2021-08-25 23:15:00,40.74763,-73.88394,0,0,Other Vehicular,4450910,31.2,20.1,0.0,0.0,0.0,0.0,3,10.2,18.7,277,Overcast,0,0,
78960,2021-08-26 10:47:00,40.756096,-73.74655,0,0,Driver Inattention/Distraction,4450766,31.8,22.8,0.1,0.1,0.0,1.0,51,14.8,29.2,228,Drizzle: Light,0,0,
78961,2021-08-25 11:59:00,40.656162,-73.93087,1,0,Driver Inattention/Distraction,4450863,31.2,20.1,0.0,0.0,0.0,0.0,3,10.2,18.7,277,Overcast,1,1,
78962,2021-08-26 19:10:00,40.768024,-73.97029,1,0,Alcohol Involvement,4451051,31.8,22.8,0.1,0.1,0.0,1.0,51,14.8,29.2,228,Drizzle: Light,1,1,
78963,2021-08-25 18:04:00,40.740276,-73.92782,1,0,Driver Inattention/Distraction,4450502,31.2,20.1,0.0,0.0,0.0,0.0,3,10.2,18.7,277,Overcast,1,1,
78964,2021-08-26 22:15:00,40.759727,-73.77171,0,0,Unspecified,4450899,31.8,22.8,0.1,0.1,0.0,1.0,51,14.8,29.2,228,Drizzle: Light,0,0,