,CRASH DATETIME,LATITUDE,LONGITUDE,NUMBER OF PERSONS INJURED,NUMBER OF PERSONS KILLED,CONTRIBUTING FACTOR VEHICLE 1,COLLISION_ID,temperature_2m_max,temperature_2m_min,precipitation_sum,rain_sum,snowfall_sum,precipitation_hours,weather_code,wind_speed_10m_max,wind_gusts_10m_max,wind_direction_10m_dominant,Weather Description,Severity_Score,Total_Affected_Persons,Weather_Category
78965,2021-08-25 00:00:00,40.755337,-73.843254,0,0,Unspecified,4450546,31.2,20.1,0.0,0.0,0.0,0.0,3,10.2,18.7,277,Overcast,0,0,
78966,2021-08-26 13:15:00,40.613194,-74.03102,0,0,Passing Too Closely,4450816,31.8,22.8,0.1,0.1,0.0,1.0,51,14.8,29.2,228,Drizzle: Light,0,0,
78967,2021-08-25 10:26:00,40.82146,-73.94461,0,0,Unspecified,4450430,31.2,20.1,0.0,0.0,0.0,0.0,3,10.2,18.7,277,Overcast,0,0,
78968,2021-08-26 18:25:00,40.85929,-73.885185,0,0,Backing Unsafely,4451078,31.8,22.8,0.1,0.1,0.0,1.0,51,14.8,29.2,228,Drizzle: Light,0,0,
78969,2021-08-24 17:05:00,40.670254,-73.992035,1,0,Following Too Closely,4451796,30.6,21.9,0.0,0.0,0.0,0.0,1,13.9,28.1,291,Mainly clear,1,1,Sunny/Clear Conditions
78970,2021-08-27 13:30:00,40.72298,-74.01161,0,0,Unspecified,4451095,32.2,23.4,1.4,1.4,0.0,2.0,55,9.4,22.3,299,Drizzle: Dense,0,0,
78971,2021-08-25 20:10:00,40.860195,-73.89772,0,0,Failure to Yield Right-of-Way,4450649,31.2,20.1,0.0,0.0,0.0,0.0,3,10.2,18.7,277,Overcast,0,0,
78972,2021-08-25 10:15:00,40.623055,-74.11327,2,0,Driver Inattention/Distraction,4451447,31.2,20.1,0.0,0.0,0.0,0.0,3,10.2,18.7,277,Overcast,2,2,
78973,2021-08-15 19:41:00,40.716682,-73.98244,0,0,Backing Unsafely,4451501,27.9,20.0,0.0,0.0,0.0,0.0,3,16.6,33.1,25,Overcast,0,0,
78974,2021-08-25 12:00:00,40.63369,-73.91611,0,0,Backing Unsafely,4450689,31.2,20.1,0.0,0.0,0.0,0.0,3,10.2,18.7,277,Overcast,0,0,
78975,2021-08-26 23:05:00,40.650208,-73.959984,0,0,Unspecified,4451197,31.8,22.8,0.1,0.1,0.0,1.0,51,14.8,29.2,228,Drizzle: Light,0,0,
78976,2021-08-27 11:00:00,40.833622,-73.849525,0,0,Unspecified,4451046,32.2,23.4,1.4,1.4,0.0,2.0,55,9.4,22.3,299,Drizzle: Dense,0,0,
78977,2021-08-26 23:00:00,40.764484,-73.89077,0,0,Unspecified,4450906,31.8,22.8,0.1,0.1,0.0,1.0,51,14.8,29.2,228,Drizzle: Light,0,0,
78978,2021-08-26 01:30:00,40.640224,-74.13667,0,0,Unspecified,4450979,31.8,22.8,0.1,0.1,0.0,1.0,51,14.8,29.2,228,Drizzle: Light,0,0,
78979,2021-08-08 00:32:00,40.83955,-73.91595,1,0,Unspecified,4451233,22.9,19.4,12.7,12.7,0.0,17.0,63,19.9,36.0,38,Rain: Moderate,1,1,
78980,2021-08-26 07:57:00,40.83029,-73.850655,3,0,Unspecified,4450739,31.8,22.8,0.1,0.1,0.0,1.0,51,14.8,29.2,228,Drizzle: Light,3,3,
78981,2021-08-27 20:00:00,40.664513,-73.9538,0,0,Driver Inattention/Distraction,4451259,32.2,23.4,1.4,1.4,0.0,2.0,55,9.4,22.3,299,Drizzle: Dense,0,0,
78982,2021-08-26 13:37:00,40.80417,-73.966705,0,0,Passing or Lane Usage Improper,4450803,31.8,22.8,0.1,0.1,0.0,1.0,51,14.8,29.2,228,Drizzle: Light,0,0,
78983,2021-08-27 12:15:00,40.762093,-73.75691,0,0,Driver Inattention/Distraction,4451088,32.2,23.4,1.4,1.4,0.0,2.0,55,9.4,22.3,299,Drizzle: Dense,0,0,
78984,2021-08-27 13:30:00,40.84271,-73.885666,1,0,Driver Inattention/Distraction,4451607,32.2,23.4,1.4,1.4,0.0,2.0,55,9.4,22.3,299,Drizzle: Dense,1,1,
78985,2021-08-25 21:30:00,40.76095,-73.832756,0,0,Following Too Closely,4450578,31.2,20.1,0.0,0.0,0.0,0.0,3,10.2,18.7,277,Overcast,0,0,
78986,2021-08-26 10:50:00,40.707447,-73.8251,0,0,Driver Inexperience,4450782,31.8,22.8,0.1,0.1,0.0,1.0,51,14.8,29.2,228,Drizzle: Light,0,0,
78987,2021-08-26 00:05:00,40.7179,-73.83202,2,0,Driver Inattention/Distraction,4450596,31.8,22.8,0.1,0.1,0.0,1.0,51,14.8,29.2,228,Drizzle: Light,2,2,
78988,2021-11-04 10:19:00,40.719337,-73.985916,1,0,Driver Inexperience,4474213,9.9,3.0,0.0,0.0,0.0,0.0,3,10.8,21.2,5,Overcast,1,1,
78989,2021-08-11 18:00:00,40.78202,-73.97173,0,0,Passing or Lane Usage Improper,4451117,31.2,23.2,2.8,2.8,0.0,7.0,55,23.7,44.6,206,Drizzle: Dense,0,0,
78990,2021-08-20 06:00:00,40.586117,-73.93604,0,0,Unspecified,4451846,26.9,22.0,1.1,1.1,0.0,5.0,53,12.4,22.0,310,Drizzle: Moderate,0,0,
78991,2021-08-26 17:08:00,40.688465,-73.80387,1,0,Failure to Yield Right-of-Way,4450942,31.8,22.8,0.1,0.1,0.0,1.0,51,14.8,29.2,228,Drizzle: Light,1,1,
78992,2021-08-27 07:55:00,40.84691,-73.93824,0,0,Following Too Closely,4451177,32.2,23.4,1.4,1.4,0.0,2.0,55,9.4,22.3,299,Drizzle: Dense,0,0,
78993,2021-08-23 11:55:00,40.633186,-73.89945,2,0,Failure to Yield Right-of-Way,4451545,28.7,22.0,36.1,36.1,0.0,19.0,65,27.4,49.3,230,Rain: Heavy,2,2,
78994,2021-08-25 18:40:00,40.687176,-73.98545,0,0,Traffic Control Disregarded,4450552,31.2,20.1,0.0,0.0,0.0,0.0,3,10.2,18.7,277,Overcast,0,0,
78995,2021-08-27 04:35:00,40.713398,-73.7704,0,0,Other Vehicular,4450951,32.2,23.4,1.4,1.4,0.0,2.0,55,9.4,22.3,299,Drizzle: Dense,0,0,
78996,2021-08-27 19:00:00,40.746162,-73.86617,0,0,Unspecified,4451570,32.2,23.4,1.4,1.4,0.0,2.0,55,9.4,22.3,299,Drizzle: Dense,0,0,
78997,2021-08-27 11:47:00,40.87022,-73.89964,0,0,Unspecified,4451715,32.2,23.4,1.4,1.4,0.0,2.0,55,9.4,22.3,299,Drizzle: Dense,0,0,
78998,2021-08-27 13:11:00,40.81108,-73.9273,0,0,Driver Inexperience,4451083,32.2,23.4,1.4,1.4,0.0,2.0,55,9.4,22.3,299,Drizzle: Dense,0,0,
78999,2021-08-27 23:45:00,40.766357,-73.828766,1,0,Unspecified,4451208,32.2,23.4,1.4,1.4,0.0,2.0,55,9.4,22.3,299,Drizzle: Dense,1,1,
79000,2021-08-27 03:05:00,40.639854,-73.983505,1,0,Failure to Yield Right-of-Way,4451460,32.2,23.4,1.4,1.4,0.0,2.0,55,9.4,22.3,299,Drizzle: Dense,1,1,
79001,2021-08-25 18:05:00,40.835426,-73.89515,1,0,Unspecified,4450629,31.2,20.1,0.0,0.0,0.0,0.0,3,10.2,18.7,277,Overcast,1,1,
79002,2021-08-26 17:57:00,40.68468,-74.001335,0,0,Unsafe Lane Changing,4451000,31.8,22.8,0.1,0.1,0.0,1.0,51,14.8,29.2,228,Drizzle: Light,0,0,
79003,2021-08-25 20:49:00,40.677025,-73.95268,0,0,Driver Inattention/Distraction,4451318,31.2,20.1,0.0,0.0,0.0,0.0,3,10.2,18.7,277,Overcast,0,0,
79004,2021-08-26 14:20:00,40.598648,-74.004456,1,0,Driver Inexperience,4450843,31.8,22.8,0.1,0.1,0.0,1.0,51,14.8,29.2,228,Drizzle: Light,1,1,
79005,2021-08-25 10:32:00,40.663605,-73.934395,1,0,Glare,4450515,31.2,20.1,0.0,0.0,0.0,0.0,3,10.2,18.7,277,Overcast,1,1,
79006,2021-08-18 14:49:00,40.82111,-73.92749,1,0,Following Too Closely,4451244,27.0,21.1,1.5,1.5,0.0,5.0,53,24.7,46.8,150,Drizzle: Moderate,1,1,
79007,2021-08-20 17:00:00,40.58085,-73.8378,0,0,Unspecified,4451667,26.9,22.0,1.1,1.1,0.0,5.0,53,12.4,22.0,310,Drizzle: Moderate,0,0,
79008,2021-08-23 20:40:00,40.655567,-73.93952,0,0,Unspecified,4451323,28.7,22.0,36.1,36.1,0.0,19.0,65,27.4,49.3,230,Rain: Heavy,0,0,
79009,2021-08-26 14:20:00,40.675735,-73.89686,2,0,Unspecified,4451402,31.8,22.8,0.1,0.1,0.0,1.0,51,14.8,29.2,228,Drizzle: Light,2,2,
79010,2021-08-26 08:20:00,40.7356,-73.779686,0,0,Unspecified,4450756,31.8,22.8,0.1,0.1,0.0,1.0,51,14.8,29.2,228,Drizzle: Light,0,0,
79011,2021-08-26 19:07:00,40.582745,-73.835075,0,0,Driver Inattention/Distraction,4450872,31.8,22.8,0.1,0.1,0.0,1.0,51,14.8,29.2,228,Drizzle: Light,0,0,
79012,2021-08-23 05:52:00,40.892223,-73.88464,0,0,Driver Inattention/Distraction,4451656,28.7,22.0,36.1,36.1,0.0,19.0,65,27.4,49.3,230,Rain: Heavy,0,0,
79013,2021-08-27 09:50:00,40.67134,-73.88195,0,0,Driver Inexperience,4451056,32.2,23.4,1.4,1.4,0.0,2.0,55,9.4,22.3,299,Drizzle: Dense,0,0,
79014,2021-08-25 14:10:00,40.585556,-73.94881,0,0,Driver Inattention/Distraction,4450610,31.2,20.1,0.0,0.0,0.0,0.0,3,10.2,18.7,277,Overcast,0,0,
79015,2021-08-19 19:34:00,40.76073,-73.90194,0,0,Other Vehicular,4451471,30.2,23.4,11.8,11.8,0.0,13.0,61,26.3,53.3,223,Rain: Light,0,0,
79016,2021-08-26 15:45:00,40.77039,-73.91771,1,0,Reaction to Uninvolved Vehicle,4450999,31.8,22.8,0.1,0.1,0.0,1.0,51,14.8,29.2,228,Drizzle: Light,1,1,
79017,2021-08-25 17:11:00,40.604935,-73.96822,0,0,Driver Inattention/Distraction,4450611,31.2,20.1,0.0,0.0,0.0,0.0,3,10.2,18.7,277,Overcast,0,0,
79018,2021-08-14 23:30:00,40.668358,-73.95592,1,0,Driver Inexperience,4451282,31.3,24.2,2.5,2.5,0.0,5.0,55,16.9,32.8,286,Drizzle: Dense,1,1,
79019,2021-08-26 12:59:00,40.756996,-73.90784,1,0,Unspecified,4451014,31.8,22.8,0.1,0.1,0.0,1.0,51,14.8,29.2,228,Drizzle: Light,1,1,
79020,2021-08-25 16:40:00,40.689697,-73.98296,0,0,Unspecified,4450591,31.2,20.1,0.0,0.0,0.0,0.0,3,10.2,18.7,277,Overcast,0,0,
79021,2021-11-05 18:35:00,40.84893,-73.890465,0,0,Driver Inattention/Distraction,4475107,10.7,3.2,0.0,0.0,0.0,0.0,0,14.8,30.2,1,Clear sky,0,0,Sunny/Clear Conditions
79022,2021-08-26 17:18:00,40.738476,-73.79729,0,0,Unspecified,4451031,31.8,22.8,0.1,0.1,0.0,1.0,51,14.8,29.2,228,Drizzle: Light,0,0,
79023,2021-08-25 03:38:00,40.687008,-73.82219,1,0,Driver Inattention/Distraction,4450305,31.2,20.1,0.0,0.0,0.0,0.0,3,10.2,18.7,277,Overcast,1,1,
79024,2021-08-26 13:17:00,40.615627,-74.012314,0,0,Unspecified,4450820,31.8,22.8,0.1,0.1,0.0,1.0,51,14.8,29.2,228,Drizzle: Light,0,0,
79025,2021-08-21 12:39:00,40.690907,-73.95542,0,0,Following Too Closely,4451632,27.2,23.0,0.8,0.8,0.0,6.0,51,14.3,29.5,109,Drizzle: Light,0,0,
79026,2021-08-27 08:20:00,40.881073,-73.878494,0,0,Passing Too Closely,4451110,32.2,23.4,1.4,1.4,0.0,2.0,55,9.4,22.3,299,Drizzle: Dense,0,0,
79027,2021-08-27 00:00:00,40.670223,-73.72855,1,0,Traffic Control Disregarded,4451130,32.2,23.4,1.4,1.4,0.0,2.0,55,9.4,22.3,299,Drizzle: Dense,1,1,
79028,2021-08-25 16:59:00,40.705185,-73.75026,0,0,Driver Inattention/Distraction,4450537,31.2,20.1,0.0,0.0,0.0,0.0,3,10.2,18.7,277,Overcast,0,0,
79029,2021-08-26 08:20:00,40.738754,-74.0055,0,0,Other Vehicular,4450731,31.8,22.8,0.1,0.1,0.0,1.0,51,14.8,29.2,228,Drizzle: Light,0,0,
79030,2021-08-25 21:34:00,40.695656,-73.90417,0,0,Failure to Yield Right-of-Way,4450888,31.2,20.1,0.0,0.0,0.0,0.0,3,10.2,18.7,277,Overcast,0,0,
79031,2021-08-25 10:05:00,40.651733,-73.93039,0,0,Unspecified,4450871,31.2,20.1,0.0,0.0,0.0,0.0,3,10.2,18.7,277,Overcast,0,0,
79032,2021-08-26 10:00:00,40.879948,-73.82339,1,0,Failure to Keep Right,4450775,31.8,22.8,0.1,0.1,0.0,1.0,51,14.8,29.2,228,Drizzle: Light,1,1,
79033,2021-08-26 14:34:00,40.719864,-73.94486,0,0,Following Too Closely,4451055,31.8,22.8,0.1,0.1,0.0,1.0,51,14.8,29.2,228,Drizzle: Light,0,0,
79034,2021-08-25 07:45:00,40.608433,-74.15544,0,0,Reaction to Uninvolved Vehicle,4450336,31.2,20.1,0.0,0.0,0.0,0.0,3,10.2,18.7,277,Overcast,0,0,
79035,2021-08-27 14:00:00,40.713814,-73.920845,0,0,Driver Inattention/Distraction,4451785,32.2,23.4,1.4,1.4,0.0,2.0,55,9.4,22.3,299,Drizzle: Dense,0,0,
79036,2021-08-26 13:39:00,40.86203,-73.80215,1,0,Unspecified,4450795,31.8,22.8,0.1,0.1,0.0,1.0,51,14.8,29.2,228,Drizzle: Light,1,1,
79037,2021-08-25 15:00:00,40.66319,-73.93727,0,0,Driver Inattention/Distraction,4450513,31.2,20.1,0.0,0.0,0.0,0.0,3,10.2,18.7,277,Overcast,0,0,
79038,2021-08-27 00:41:00,40.84124,-73.93967,0,0,Aggressive Driving/Road Rage,4450983,32.2,23.4,1.4,1.4,0.0,2.0,55,9.4,22.3,299,Drizzle: Dense,0,0,
79039,2021-08-25 17:42:00,40.728287,-73.947395,0,0,Passing Too Closely,4450592,31.2,20.1,0.0,0.0,0.0,0.0,3,10.2,18.7,277,Overcast,0,0,
79040,2021-08-27 16:00:00,40.762745,-73.83329,1,0,Backing Unsafely,4451115,32.2,23.4,1.4,1.4,0.0,2.0,55,9.4,22.3,299,Drizzle: Dense,1,1,
79041,2021-08-27 11:00:00,40.815327,-73.93576,0,0,Unspecified,4451869,32.2,23.4,1.4,1.4,0.0,2.0,55,9.4,22.3,299,Drizzle: Dense,0,0,
79042,2021-08-26 19:14:00,40.87686,-73.87974,0,0,Traffic Control Disregarded,4451042,31.8,22.8,0.1,0.1,0.0,1.0,51,14.8,29.2,228,Drizzle: Light,0,0,
79043,2021-08-19 15:40:00,40.672527,-73.95026,0,0,Passing or Lane Usage Improper,4451309,30.2,23.4,11.8,11.8,0.0,13.0,61,26.3,53.3,223,Rain: Light,0,0,
79044,2021-08-25 08:15:00,40.748356,-74.00369,1,0,Failure to Yield Right-of-Way,4450829,31.2,20.1,0.0,0.0,0.0,0.0,3,10.2,18.7,277,Overcast,1,1,
79045,2021-08-23 13:42:00,40.78324,-73.97455,0,0,Following Too Closely,4451132,28.7,22.0,36.1,36.1,0.0,19.0,65,27.4,49.3,230,Rain: Heavy,0,0,
79046,2021-02-27 23:34:00,40.660378,-73.95775,0,0,Driver Inattention/Distraction,4451283,11.4,1.4,12.0,12.0,0.0,11.0,61,18.9,37.1,197,Rain: Light,0,0,
79047,2021-08-26 12:30:00,40.598618,-74.081154,0,0,Turning Improperly,4451149,31.8,22.8,0.1,0.1,0.0,1.0,51,14.8,29.2,228,Drizzle: Light,0,0,
79048,2021-08-27 12:50:00,40.841087,-73.86449,0,0,Driver Inattention/Distraction,4451510,32.2,23.4,1.4,1.4,0.0,2.0,55,9.4,22.3,299,Drizzle: Dense,0,0,
79049,2021-08-24 23:00:00,40.690468,-73.761345,0,0,Traffic Control Disregarded,4451819,30.6,21.9,0.0,0.0,0.0,0.0,1,13.9,28.1,291,Mainly clear,0,0,Sunny/Clear Conditions
79050,2021-08-25 22:10:00,40.60719,-74.16243,0,0,Backing Unsafely,4450553,31.2,20.1,0.0,0.0,0.0,0.0,3,10.2,18.7,277,Overcast,0,0,
79051,2021-08-25 19:10:00,40.844585,-73.904854,0,0,Passing Too Closely,4450721,31.2,20.1,0.0,0.0,0.0,0.0,3,10.2,18.7,277,Overcast,0,0,
79052,2021-08-27 11:26:00,40.631332,-73.98301,0,0,Unspecified,4451455,32.2,23.4,1.4,1.4,0.0,2.0,55,9.4,22.3,299,Drizzle: Dense,0,0,
79053,2021-08-27 18:00:00,40.733498,-73.87038,0,0,Failure to Yield Right-of-Way,4451550,32.2,23.4,1.4,1.4,0.0,2.0,55,9.4,22.3,299,Drizzle: Dense,0,0,
79054,2021-08-27 02:15:00,40.689133,-73.82086,1,0,Traffic Control Disregarded,4450984,32.2,23.4,1.4,1.4,0.0,2.0,55,9.4,22.3,299,Drizzle: Dense,1,1,
79055,2021-08-26 10:40:00,40.749348,-73.82585,1,0,Passing Too Closely,4450754,31.8,22.8,0.1,0.1,0.0,1.0,51,14.8,29.2,228,Drizzle: Light,1,1,
79056,2021-08-26 00:05:00,40.716534,-74.00668,1,0,Driver Inattention/Distraction,4450968,31.8,22.8,0.1,0.1,0.0,1.0,51,14.8,29.2,228,Drizzle: Light,1,1,
79057,2021-08-27 15:20:00,40.678795,-73.80632,3,0,Driver Inattention/Distraction,4451137,32.2,23.4,1.4,1.4,0.0,2.0,55,9.4,22.3,299,Drizzle: Dense,3,3,
79058,2021-08-26 00:49:00,40.738495,-73.90274,0,0,Other Vehicular,4450574,31.8,22.8,0.1,0.1,0.0,1.0,51,14.8,29.2,228,Drizzle: Light,0,0,
79059,2021-08-27 18:00:00,40.87482,-73.877,0,0,Driver Inattention/Distraction,4451363,32.2,23.4,1.4,1.4,0.0,2.0,55,9.4,22.3,299,Drizzle: Dense,0,0,
79060,2021-08-27 17:30:00,40.621567,-73.9942,0,0,Reaction to Uninvolved Vehicle,4451529,32.2,23.4,1.4,1.4,0.0,2.0,55,9.4,22.3,299,Drizzle: Dense,0,0,
79061,2021-08-26 11:00:00,40.81183,-73.96112,1,0,Driver Inattention/Distraction,4450920,31.8,22.8,0.1,0.1,0.0,1.0,51,14.8,29.2,228,Drizzle: Light,1,1,
79062,2021-08-27 23:46:00,40.7422,-73.840965,0,0,Passing or Lane Usage Improper,4451757,32.2,23.4,1.4,1.4,0.0,2.0,55,9.4,22.3,299,Drizzle: Dense,0,0,
79063,2021-08-19 04:00:00,40.887375,-73.856476,0,0,Unspecified,4451696,30.2,23.4,11.8,11.8,0.0,13.0,61,26.3,53.3,223,Rain: Light,0,0,
79064,2021-08-27 20:30:00,40.65906,-73.88459,0,0,Unspecified,4451419,32.2,23.4,1.4,1.4,0.0,2.0,55,9.4,22.3,299,Drizzle: Dense,0,0,
79065,2021-08-27 01:00:00,40.6785,-73.821365,1,0,Traffic Control Disregarded,4451580,32.2,23.4,1.4,1.4,0.0,2.0,55,9.4,22.3,299,Drizzle: Dense,1,1,
79066,2021-08-27 16:50:00,40.768436,-73.91996,2,0,Failure to Yield Right-of-Way,4451475,32.2,23.4,1.4,1.4,0.0,2.0,55,9.4,22.3,299,Drizzle: Dense,2,2,
79067,2021-08-26 17:19:00,40.790356,-73.9768,0,0,Passing or Lane Usage Improper,4450881,31.8,22.8,0.1,0.1,0.0,1.0,51,14.8,29.2,228,Drizzle: Light,0,0,
79068,2021-08-22 18:00:00,40.689228,-73.957,0,0,Passing Too Closely,4451650,23.9,22.5,56.2,56.2,0.0,21.0,63,19.8,36.0,299,Rain: Moderate,0,0,
79069,2021-08-25 14:40:00,40.696644,-73.80741,1,0,Traffic Control Disregarded,4450944,31.2,20.1,0.0,0.0,0.0,0.0,3,10.2,18.7,277,Overcast,1,1,
79070,2021-08-25 06:00:00,40.675735,-73.89686,0,0,Unspecified,4450429,31.2,20.1,0.0,0.0,0.0,0.0,3,10.2,18.7,277,Overcast,0,0,
79071,2021-08-25 12:55:00,40.82657,-73.84981,0,0,Backing Unsafely,4450462,31.2,20.1,0.0,0.0,0.0,0.0,3,10.2,18.7,277,Overcast,0,0,
79072,2021-08-26 19:45:00,40.75519,-73.97122,1,0,Driver Inattention/Distraction,4451204,31.8,22.8,0.1,0.1,0.0,1.0,51,14.8,29.2,228,Drizzle: Light,1,1,
79073,2021-04-20 02:30:00,40.80519,-73.95724,0,0,Driver Inattention/Distraction,4451569,21.4,6.5,0.0,0.0,0.0,0.0,3,26.0,56.2,223,Overcast,0,0,
79074,2021-08-27 16:36:00,40.66803,-73.983955,1,0,Failure to Yield Right-of-Way,4451164,32.2,23.4,1.4,1.4,0.0,2.0,55,9.4,22.3,299,Drizzle: Dense,1,1,
79075,2021-08-16 02:33:00,40.7327,-73.954666,1,0,Alcohol Involvement,4450995,26.6,19.9,0.0,0.0,0.0,0.0,3,17.7,33.8,121,Overcast,1,1,
79076,2021-08-25 20:03:00,40.84366,-73.86613,0,0,Driver Inattention/Distraction,4451027,31.2,20.1,0.0,0.0,0.0,0.0,3,10.2,18.7,277,Overcast,0,0,
79077,2021-08-26 08:25:00,40.60583,-73.75779,0,0,Unspecified,4450710,31.8,22.8,0.1,0.1,0.0,1.0,51,14.8,29.2,228,Drizzle: Light,0,0,
79078,2021-08-27 08:30:00,40.78553,-73.95226,1,0,Accelerator Defective,4451010,32.2,23.4,1.4,1.4,0.0,2.0,55,9.4,22.3,299,Drizzle: Dense,1,1,
79079,2021-08-24 21:05:00,40.648182,-73.93001,0,0,Driver Inattention/Distraction,4451324,30.6,21.9,0.0,0.0,0.0,0.0,1,13.9,28.1,291,Mainly clear,0,0,Sunny/Clear Conditions
79080,2021-08-25 05:43:00,40.82929,-73.91642,0,0,Unspecified,4451240,31.2,20.1,0.0,0.0,0.0,0.0,3,10.2,18.7,277,Overcast,0,0,
79081,2021-08-27 08:59:00,40.722343,-73.77717,1,0,Driver Inattention/Distraction,4451032,32.2,23.4,1.4,1.4,0.0,2.0,55,9.4,22.3,299,Drizzle: Dense,1,1,
79082,2021-08-26 18:00:00,40.72735,-73.72408,0,0,Following Too Closely,4450835,31.8,22.8,0.1,0.1,0.0,1.0,51,14.8,29.2,228,Drizzle: Light,0,0,
79083,2021-08-21 15:30:00,40.829533,-73.852264,0,0,Backing Unsafely,4451499,27.2,23.0,0.8,0.8,0.0,6.0,51,14.3,29.5,109,Drizzle: Light,0,0,
79084,2021-08-25 10:04:00,40.70753,-73.96443,0,0,Traffic Control Disregarded,4450395,31.2,20.1,0.0,0.0,0.0,0.0,3,10.2,18.7,277,Overcast,0,0,
79085,2021-08-25 15:20:00,40.61368,-73.98882,3,0,Unspecified,4450616,31.2,20.1,0.0,0.0,0.0,0.0,3,10.2,18.7,277,Overcast,3,3,
79086,2021-08-25 12:21:00,40.846096,-73.91919,1,0,Passing or Lane Usage Improper,4450651,31.2,20.1,0.0,0.0,0.0,0.0,3,10.2,18.7,277,Overcast,1,1,
79087,2021-08-27 02:56:00,40.65892,-73.889824,0,0,Unsafe Speed,4451394,32.2,23.4,1.4,1.4,0.0,2.0,55,9.4,22.3,299,Drizzle: Dense,0,0,
79088,2021-08-25 08:30:00,40.636826,-73.95099,0,0,Unspecified,4450441,31.2,20.1,0.0,0.0,0.0,0.0,3,10.2,18.7,277,Overcast,0,0,
79089,2021-08-25 17:50:00,40.665073,-73.996574,0,0,Unspecified,4450562,31.2,20.1,0.0,0.0,0.0,0.0,3,10.2,18.7,277,Overcast,0,0,
79090,2021-08-25 15:00:00,40.7068,-73.906006,0,0,Passing Too Closely,4451779,31.2,20.1,0.0,0.0,0.0,0.0,3,10.2,18.7,277,Overcast,0,0,
79091,2021-08-27 06:45:00,40.808872,-73.91615,0,0,Unspecified,4451070,32.2,23.4,1.4,1.4,0.0,2.0,55,9.4,22.3,299,Drizzle: Dense,0,0,
79092,2021-08-26 11:05:00,40.72488,-74.002625,0,0,Other Vehicular,4450767,31.8,22.8,0.1,0.1,0.0,1.0,51,14.8,29.2,228,Drizzle: Light,0,0,
79093,2021-08-16 23:45:00,40.694363,-73.958,1,0,Driver Inattention/Distraction,4451630,26.6,19.9,0.0,0.0,0.0,0.0,3,17.7,33.8,121,Overcast,1,1,
79094,2021-08-27 16:28:00,40.84453,-73.901764,0,0,Driver Inattention/Distraction,4451169,32.2,23.4,1.4,1.4,0.0,2.0,55,9.4,22.3,299,Drizzle: Dense,0,0,
79095,2021-08-27 11:25:00,40.75548,-73.74173,0,0,Driver Inattention/Distraction,4451087,32.2,23.4,1.4,1.4,0.0,2.0,55,9.4,22.3,299,Drizzle: Dense,0,0,
79096,2021-08-25 21:30:00,40.750763,-73.97445,1,0,Driver Inattention/Distraction,4450802,31.2,20.1,0.0,0.0,0.0,0.0,3,10.2,18.7,277,Overcast,1,1,
79097,2021-08-25 18:45:00,40.839176,-73.94114,0,0,Traffic Control Disregarded,4450716,31.2,20.1,0.0,0.0,0.0,0.0,3,10.2,18.7,277,Overcast,0,0,
79098,2021-08-26 16:50:00,40.73046,-73.95149,1,0,Traffic Control Disregarded,4450960,31.8,22.8,0.1,0.1,0.0,1.0,51,14.8,29.2,228,Drizzle: Light,1,1,
79099,2021-08-25 16:52:00,40.727207,-73.90742,0,0,Failure to Yield Right-of-Way,4450523,31.2,20.1,0.0,0.0,0.0,0.0,3,10.2,18.7,277,Overcast,0,0,
79100,2021-11-01 01:20:00,40.75228,-73.9897,1,0,Unsafe Lane Changing,4474780,14.4,8.0,0.0,0.0,0.0,0.0,3,20.7,38.5,278,Overcast,1,1,
79101,2021-08-18 18:48:00,40.663517,-73.957214,1,0,Backing Unsafely,4451671,27.0,21.1,1.5,1.5,0.0,5.0,53,24.7,46.8,150,Drizzle: Moderate,1,1,
79102,2021-08-19 14:10:00,40.691624,-73.942665,1,0,Driver Inattention/Distraction,4451636,30.2,23.4,11.8,11.8,0.0,13.0,61,26.3,53.3,223,Rain: Light,1,1,
79103,2021-08-26 10:00:00,40.832596,-73.87724,0,0,Unspecified,4451038,31.8,22.8,0.1,0.1,0.0,1.0,51,14.8,29.2,228,Drizzle: Light,0,0,
79104,2021-08-26 23:35:00,40.769817,-73.87603,0,0,Unspecified,4450914,31.8,22.8,0.1,0.1,0.0,1.0,51,14.8,29.2,228,Drizzle: Light,0,0,
79105,2021-08-27 10:20:00,40.66933,-73.981346,0,0,Reaction to Uninvolved Vehicle,4451291,32.2,23.4,1.4,1.4,0.0,2.0,55,9.4,22.3,299,Drizzle: Dense,0,0,
79106,2021-08-26 22:31:00,40.61232,-73.94411,2,0,Unspecified,4451187,31.8,22.8,0.1,0.1,0.0,1.0,51,14.8,29.2,228,Drizzle: Light,2,2,
79107,2021-08-22 00:51:00,40.77543,-73.98398,1,0,Driver Inattention/Distraction,4451125,23.9,22.5,56.2,56.2,0.0,21.0,63,19.8,36.0,299,Rain: Moderate,1,1,
79108,2021-08-25 21:45:00,40.71574,-73.83673,0,0,Passing Too Closely,4451589,31.2,20.1,0.0,0.0,0.0,0.0,3,10.2,18.7,277,Overcast,0,0,
79109,2021-08-26 19:06:00,40.89466,-73.86137,0,0,Unspecified,4451687,31.8,22.8,0.1,0.1,0.0,1.0,51,14.8,29.2,228,Drizzle: Light,0,0,
79110,2021-08-27 09:00:00,40.666073,-73.90664,0,0,Unspecified,4451064,32.2,23.4,1.4,1.4,0.0,2.0,55,9.4,22.3,299,Drizzle: Dense,0,0,