,CRASH DATETIME,LATITUDE,LONGITUDE,NUMBER OF PERSONS INJURED,NUMBER OF PERSONS KILLED,CONTRIBUTING FACTOR VEHICLE 1,COLLISION_ID,temperature_2m_max,temperature_2m_min,precipitation_sum,rain_sum,snowfall_sum,precipitation_hours,weather_code,wind_speed_10m_max,wind_gusts_10m_max,wind_direction_10m_dominant,Weather Description,Severity_Score,Total_Affected_Persons,Weather_Category
79111,2021-08-25 19:00:00,40.70988,-73.81022,0,0,Passing Too Closely,4451096,31.2,20.1,0.0,0.0,0.0,0.0,3,10.2,18.7,277,Overcast,0,0,
79112,2021-08-25 11:00:00,40.580036,-74.006256,0,0,Driver Inattention/Distraction,4451451,31.2,20.1,0.0,0.0,0.0,0.0,3,10.2,18.7,277,Overcast,0,0,
79113,2021-08-20 12:45:00,40.676785,-73.969185,1,0,Unsafe Speed,4451313,26.9,22.0,1.1,1.1,0.0,5.0,53,12.4,22.0,310,Drizzle: Moderate,1,1,
79114,2021-08-27 17:38:00,40.716465,-74.013084,0,0,Pavement Slippery,4451154,32.2,23.4,1.4,1.4,0.0,2.0,55,9.4,22.3,299,Drizzle: Dense,0,0,
79115,2021-08-26 19:41:00,40.81151,-73.94649,0,0,Other Vehicular,4451353,31.8,22.8,0.1,0.1,0.0,1.0,51,14.8,29.2,228,Drizzle: Light,0,0,
79116,2021-08-27 09:49:00,40.7103,-74.00106,1,0,Failure to Yield Right-of-Way,4451059,32.2,23.4,1.4,1.4,0.0,2.0,55,9.4,22.3,299,Drizzle: Dense,1,1,
79117,2021-08-24 10:42:00,40.715355,-73.99341,1,0,Passing or Lane Usage Improper,4451620,30.6,21.9,0.0,0.0,0.0,0.0,1,13.9,28.1,291,Mainly clear,1,1,Sunny/Clear Conditions
79118,2021-08-26 18:52:00,40.750687,-73.97028,1,0,Passing Too Closely,4450909,31.8,22.8,0.1,0.1,0.0,1.0,51,14.8,29.2,228,Drizzle: Light,1,1,
79119,2021-08-26 15:50:00,40.618988,-74.0408,0,0,Reaction to Uninvolved Vehicle,4450849,31.8,22.8,0.1,0.1,0.0,1.0,51,14.8,29.2,228,Drizzle: Light,0,0,
79120,2021-08-27 15:40:00,40.71155,-73.85793,0,0,Driver Inexperience,4451122,32.2,23.4,1.4,1.4,0.0,2.0,55,9.4,22.3,299,Drizzle: Dense,0,0,
79121,2021-08-27 17:49:00,40.676964,-73.89895,0,0,Unspecified,4451415,32.2,23.4,1.4,1.4,0.0,2.0,55,9.4,22.3,299,Drizzle: Dense,0,0,
79122,2021-08-26 14:30:00,40.64028,-73.94363,0,0,Unspecified,4451329,31.8,22.8,0.1,0.1,0.0,1.0,51,14.8,29.2,228,Drizzle: Light,0,0,
79123,2021-08-25 03:38:00,40.68086,-73.95441,0,0,Driver Inattention/Distraction,4451664,31.2,20.1,0.0,0.0,0.0,0.0,3,10.2,18.7,277,Overcast,0,0,
79124,2021-08-26 23:00:00,40.728264,-73.75541,0,0,Animals Action,4450900,31.8,22.8,0.1,0.1,0.0,1.0,51,14.8,29.2,228,Drizzle: Light,0,0,
79125,2021-08-26 17:15:00,40.656307,-73.99868,1,0,Unspecified,4451263,31.8,22.8,0.1,0.1,0.0,1.0,51,14.8,29.2,228,Drizzle: Light,1,1,
79126,2021-08-26 01:19:00,40.678772,-73.72967,0,0,Unsafe Speed,4450641,31.8,22.8,0.1,0.1,0.0,1.0,51,14.8,29.2,228,Drizzle: Light,0,0,
79127,2021-08-23 07:07:00,40.830986,-73.91139,1,0,View Obstructed/Limited,4451225,28.7,22.0,36.1,36.1,0.0,19.0,65,27.4,49.3,230,Rain: Heavy,1,1,
79128,2021-08-27 12:14:00,40.6952,-73.92844,1,0,Driver Inattention/Distraction,4451383,32.2,23.4,1.4,1.4,0.0,2.0,55,9.4,22.3,299,Drizzle: Dense,1,1,
79129,2021-08-25 15:26:00,40.769436,-73.943954,1,0,Unspecified,4451006,31.2,20.1,0.0,0.0,0.0,0.0,3,10.2,18.7,277,Overcast,1,1,
79130,2021-08-25 07:30:00,40.826275,-73.85971,0,0,Unspecified,4450346,31.2,20.1,0.0,0.0,0.0,0.0,3,10.2,18.7,277,Overcast,0,0,
79131,2021-08-25 19:29:00,40.699165,-73.914925,1,0,Driver Inattention/Distraction,4450705,31.2,20.1,0.0,0.0,0.0,0.0,3,10.2,18.7,277,Overcast,1,1,
79132,2021-08-26 14:06:00,40.76635,-73.95103,0,0,Unspecified,4450991,31.8,22.8,0.1,0.1,0.0,1.0,51,14.8,29.2,228,Drizzle: Light,0,0,
79133,2021-08-26 10:30:00,40.809563,-73.92923,0,0,Other Vehicular,4450955,31.8,22.8,0.1,0.1,0.0,1.0,51,14.8,29.2,228,Drizzle: Light,0,0,
79134,2021-08-25 19:35:00,40.887737,-73.86755,1,0,Pedestrian/Bicyclist/Other Pedestrian Error/Confusion,4450656,31.2,20.1,0.0,0.0,0.0,0.0,3,10.2,18.7,277,Overcast,1,1,
79135,2021-08-27 14:35:00,40.630745,-73.97717,1,0,Driver Inattention/Distraction,4451199,32.2,23.4,1.4,1.4,0.0,2.0,55,9.4,22.3,299,Drizzle: Dense,1,1,
79136,2021-08-26 06:00:00,40.811638,-73.9316,1,0,Following Too Closely,4450621,31.8,22.8,0.1,0.1,0.0,1.0,51,14.8,29.2,228,Drizzle: Light,1,1,
79137,2021-08-25 13:00:00,40.71186,-73.97807,0,0,Unsafe Speed,4451220,31.2,20.1,0.0,0.0,0.0,0.0,3,10.2,18.7,277,Overcast,0,0,
79138,2021-08-21 06:25:00,40.679073,-73.92527,0,0,Driver Inattention/Distraction,4451490,27.2,23.0,0.8,0.8,0.0,6.0,51,14.3,29.5,109,Drizzle: Light,0,0,
79139,2021-08-26 21:00:00,40.834667,-73.88936,1,0,View Obstructed/Limited,4451023,31.8,22.8,0.1,0.1,0.0,1.0,51,14.8,29.2,228,Drizzle: Light,1,1,
79140,2021-08-27 08:15:00,40.75767,-73.99483,0,0,Passing Too Closely,4451102,32.2,23.4,1.4,1.4,0.0,2.0,55,9.4,22.3,299,Drizzle: Dense,0,0,
79141,2021-08-20 00:45:00,40.677525,-73.963715,1,0,Driver Inattention/Distraction,4451642,26.9,22.0,1.1,1.1,0.0,5.0,53,12.4,22.0,310,Drizzle: Moderate,1,1,
79142,2021-08-25 23:30:00,40.721226,-73.8267,1,0,Unsafe Lane Changing,4450583,31.2,20.1,0.0,0.0,0.0,0.0,3,10.2,18.7,277,Overcast,1,1,
79143,2021-08-26 17:50:00,40.74568,-73.97213,1,0,Unspecified,4450913,31.8,22.8,0.1,0.1,0.0,1.0,51,14.8,29.2,228,Drizzle: Light,1,1,
79144,2021-08-24 15:09:00,40.73715,-73.930824,0,0,Driver Inattention/Distraction,4451074,30.6,21.9,0.0,0.0,0.0,0.0,1,13.9,28.1,291,Mainly clear,0,0,Sunny/Clear Conditions
79145,2021-08-26 13:34:00,40.84434,-73.91475,2,0,Backing Unsafely,4450811,31.8,22.8,0.1,0.1,0.0,1.0,51,14.8,29.2,228,Drizzle: Light,2,2,
79146,2021-08-26 23:33:00,40.66281,-73.90725,2,0,Passing or Lane Usage Improper,4451680,31.8,22.8,0.1,0.1,0.0,1.0,51,14.8,29.2,228,Drizzle: Light,2,2,
79147,2021-08-25 16:20:00,40.699654,-73.74227,1,0,Failure to Yield Right-of-Way,4451091,31.2,20.1,0.0,0.0,0.0,0.0,3,10.2,18.7,277,Overcast,1,1,
79148,2021-08-25 13:45:00,40.77008,-73.94784,1,0,Following Too Closely,4450601,31.2,20.1,0.0,0.0,0.0,0.0,3,10.2,18.7,277,Overcast,1,1,
79149,2021-08-26 10:52:00,40.785973,-73.94328,1,0,Driver Inattention/Distraction,4450760,31.8,22.8,0.1,0.1,0.0,1.0,51,14.8,29.2,228,Drizzle: Light,1,1,
79150,2021-08-26 09:30:00,40.68772,-73.79988,0,0,Traffic Control Disregarded,4450930,31.8,22.8,0.1,0.1,0.0,1.0,51,14.8,29.2,228,Drizzle: Light,0,0,
79151,2021-08-14 00:00:00,40.670586,-73.76509,0,0,Passing Too Closely,4451828,31.3,24.2,2.5,2.5,0.0,5.0,55,16.9,32.8,286,Drizzle: Dense,0,0,
79152,2021-08-25 10:30:00,40.817047,-73.96078,0,0,Other Vehicular,4450544,31.2,20.1,0.0,0.0,0.0,0.0,3,10.2,18.7,277,Overcast,0,0,
79153,2021-08-27 20:30:00,40.763645,-73.790276,0,0,Driver Inattention/Distraction,4451157,32.2,23.4,1.4,1.4,0.0,2.0,55,9.4,22.3,299,Drizzle: Dense,0,0,
79154,2021-08-27 07:50:00,40.615894,-73.92947,0,0,Pavement Slippery,4451444,32.2,23.4,1.4,1.4,0.0,2.0,55,9.4,22.3,299,Drizzle: Dense,0,0,
79155,2021-08-25 01:24:00,40.628708,-74.11902,1,0,Unspecified,4450712,31.2,20.1,0.0,0.0,0.0,0.0,3,10.2,18.7,277,Overcast,1,1,
79156,2021-08-27 15:55:00,40.759686,-73.77183,0,0,Failure to Yield Right-of-Way,4451140,32.2,23.4,1.4,1.4,0.0,2.0,55,9.4,22.3,299,Drizzle: Dense,0,0,
79157,2021-08-25 15:45:00,40.64366,-73.90067,1,0,Driver Inattention/Distraction,4451297,31.2,20.1,0.0,0.0,0.0,0.0,3,10.2,18.7,277,Overcast,1,1,
79158,2021-08-27 20:27:00,40.688553,-73.962845,1,0,Failure to Yield Right-of-Way,4451706,32.2,23.4,1.4,1.4,0.0,2.0,55,9.4,22.3,299,Drizzle: Dense,1,1,
79159,2021-08-25 17:50:00,40.679703,-73.961685,3,0,Driver Inattention/Distraction,4451317,31.2,20.1,0.0,0.0,0.0,0.0,3,10.2,18.7,277,Overcast,3,3,
79160,2021-08-27 12:01:00,40.784103,-73.84854,0,0,Passing or Lane Usage Improper,4451079,32.2,23.4,1.4,1.4,0.0,2.0,55,9.4,22.3,299,Drizzle: Dense,0,0,
79161,2021-08-27 13:53:00,40.741352,-73.792145,1,0,Following Too Closely,4451254,32.2,23.4,1.4,1.4,0.0,2.0,55,9.4,22.3,299,Drizzle: Dense,1,1,
79162,2021-08-24 23:05:00,40.76974,-73.982124,1,0,Driver Inattention/Distraction,4451129,30.6,21.9,0.0,0.0,0.0,0.0,1,13.9,28.1,291,Mainly clear,1,1,Sunny/Clear Conditions
79163,2021-08-01 21:00:00,40.586117,-73.93604,2,0,Following Too Closely,4451247,24.4,16.6,0.8,0.8,0.0,5.0,51,19.9,39.2,168,Drizzle: Light,2,2,
79164,2021-08-27 08:20:00,40.66528,-73.73562,0,0,Unspecified,4451092,32.2,23.4,1.4,1.4,0.0,2.0,55,9.4,22.3,299,Drizzle: Dense,0,0,
79165,2021-08-26 10:10:00,40.634865,-73.94788,0,0,Unspecified,4451196,31.8,22.8,0.1,0.1,0.0,1.0,51,14.8,29.2,228,Drizzle: Light,0,0,
79166,2021-08-10 20:34:00,40.668507,-73.92561,0,0,Driver Inattention/Distraction,4451310,27.3,20.4,3.8,3.8,0.0,11.0,61,18.0,36.0,170,Rain: Light,0,0,
79167,2021-08-25 13:27:00,40.838875,-73.90266,1,0,Failure to Yield Right-of-Way,4450740,31.2,20.1,0.0,0.0,0.0,0.0,3,10.2,18.7,277,Overcast,1,1,
79168,2021-08-25 12:50:00,40.676937,-73.8704,1,0,Unspecified,4450567,31.2,20.1,0.0,0.0,0.0,0.0,3,10.2,18.7,277,Overcast,1,1,
79169,2021-08-13 18:11:00,40.818558,-73.92732,1,0,Failure to Yield Right-of-Way,4451232,33.2,24.8,0.0,0.0,0.0,0.0,3,18.2,34.9,215,Overcast,1,1,
79170,2021-08-25 20:45:00,40.686207,-73.8644,1,0,Traffic Control Disregarded,4451613,31.2,20.1,0.0,0.0,0.0,0.0,3,10.2,18.7,277,Overcast,1,1,
79171,2021-08-26 15:24:00,40.710377,-73.81944,3,0,Driver Inattention/Distraction,4450996,31.8,22.8,0.1,0.1,0.0,1.0,51,14.8,29.2,228,Drizzle: Light,3,3,
79172,2022-01-30 14:12:00,40.63559,-74.16865,0,0,Driver Inattention/Distraction,4498691,-5.4,-13.8,0.0,0.0,0.0,0.0,3,28.5,50.0,290,Overcast,0,0,
79173,2020-08-24 15:20:00,40.786938,-73.979294,1,0,Failure to Yield Right-of-Way,4451118,31.1,21.7,0.3,0.3,0.0,2.0,51,15.1,34.2,234,Drizzle: Light,1,1,
79174,2021-08-27 16:40:00,40.65452,-73.882225,0,0,Unspecified,4451411,32.2,23.4,1.4,1.4,0.0,2.0,55,9.4,22.3,299,Drizzle: Dense,0,0,
79175,2021-08-27 11:00:00,40.712193,-73.80935,0,0,Driver Inattention/Distraction,4451269,32.2,23.4,1.4,1.4,0.0,2.0,55,9.4,22.3,299,Drizzle: Dense,0,0,
79176,2021-08-25 07:44:00,40.669918,-73.91889,1,0,Pedestrian/Bicyclist/Other Pedestrian Error/Confusion,4451060,31.2,20.1,0.0,0.0,0.0,0.0,3,10.2,18.7,277,Overcast,1,1,
79177,2021-08-25 17:00:00,40.68673,-73.77449,0,0,Passing or Lane Usage Improper,4450667,31.2,20.1,0.0,0.0,0.0,0.0,3,10.2,18.7,277,Overcast,0,0,
79178,2021-08-21 19:00:00,40.858826,-73.86858,1,0,Driver Inattention/Distraction,4451758,27.2,23.0,0.8,0.8,0.0,6.0,51,14.3,29.5,109,Drizzle: Light,1,1,
79179,2021-08-27 17:31:00,40.654488,-73.89521,0,1,Failure to Yield Right-of-Way,4451379,32.2,23.4,1.4,1.4,0.0,2.0,55,9.4,22.3,299,Drizzle: Dense,20,1,
79180,2021-08-25 10:07:00,40.619576,-74.00461,0,0,Failure to Yield Right-of-Way,4450371,31.2,20.1,0.0,0.0,0.0,0.0,3,10.2,18.7,277,Overcast,0,0,
79181,2021-08-25 07:50:00,40.65418,-73.91072,2,0,Failure to Yield Right-of-Way,4450606,31.2,20.1,0.0,0.0,0.0,0.0,3,10.2,18.7,277,Overcast,2,2,
79182,2021-08-27 16:06:00,40.601593,-73.97437,1,0,Driver Inexperience,4451172,32.2,23.4,1.4,1.4,0.0,2.0,55,9.4,22.3,299,Drizzle: Dense,1,1,
79183,2021-08-25 12:00:00,40.75172,-73.936134,0,0,Unspecified,4450466,31.2,20.1,0.0,0.0,0.0,0.0,3,10.2,18.7,277,Overcast,0,0,
79184,2021-08-27 12:53:00,40.756344,-73.91342,0,0,Failure to Yield Right-of-Way,4451476,32.2,23.4,1.4,1.4,0.0,2.0,55,9.4,22.3,299,Drizzle: Dense,0,0,
79185,2021-08-26 15:10:00,40.797,-73.93778,1,0,Turning Improperly,4450973,31.8,22.8,0.1,0.1,0.0,1.0,51,14.8,29.2,228,Drizzle: Light,1,1,
79186,2021-08-13 18:16:00,40.661015,-73.90853,0,0,Unspecified,4451106,33.2,24.8,0.0,0.0,0.0,0.0,3,18.2,34.9,215,Overcast,0,0,
79187,2021-08-25 21:38:00,40.61061,-73.95671,1,0,Unspecified,4450612,31.2,20.1,0.0,0.0,0.0,0.0,3,10.2,18.7,277,Overcast,1,1,
79188,2021-08-25 17:00:00,40.665634,-73.75817,3,0,Unspecified,4450535,31.2,20.1,0.0,0.0,0.0,0.0,3,10.2,18.7,277,Overcast,3,3,
79189,2021-08-25 15:50:00,40.669476,-73.919975,0,0,Unspecified,4450605,31.2,20.1,0.0,0.0,0.0,0.0,3,10.2,18.7,277,Overcast,0,0,
79190,2021-08-26 08:30:00,40.68461,-73.79987,3,0,Turning Improperly,4450936,31.8,22.8,0.1,0.1,0.0,1.0,51,14.8,29.2,228,Drizzle: Light,3,3,
79191,2021-08-26 08:30:00,40.713318,-73.82859,0,0,Backing Unsafely,4450781,31.8,22.8,0.1,0.1,0.0,1.0,51,14.8,29.2,228,Drizzle: Light,0,0,
79192,2021-08-25 20:40:00,40.760124,-73.83041,1,0,Passing or Lane Usage Improper,4450577,31.2,20.1,0.0,0.0,0.0,0.0,3,10.2,18.7,277,Overcast,1,1,
79193,2021-08-26 13:32:00,40.709248,-73.82692,0,0,Unspecified,4450789,31.8,22.8,0.1,0.1,0.0,1.0,51,14.8,29.2,228,Drizzle: Light,0,0,
79194,2021-08-15 16:55:00,40.836884,-73.859535,0,0,Backing Unsafely,4451507,27.9,20.0,0.0,0.0,0.0,0.0,3,16.6,33.1,25,Overcast,0,0,
79195,2021-08-25 06:50:00,40.76624,-73.960236,1,0,Failure to Yield Right-of-Way,4450306,31.2,20.1,0.0,0.0,0.0,0.0,3,10.2,18.7,277,Overcast,1,1,
79196,2021-08-27 09:20:00,40.599716,-73.948296,0,0,Failure to Yield Right-of-Way,4451851,32.2,23.4,1.4,1.4,0.0,2.0,55,9.4,22.3,299,Drizzle: Dense,0,0,
79197,2021-08-26 14:12:00,40.707783,-73.932076,0,0,Unspecified,4450821,31.8,22.8,0.1,0.1,0.0,1.0,51,14.8,29.2,228,Drizzle: Light,0,0,
79198,2021-08-27 09:53:00,40.83785,-73.92225,0,0,Failure to Yield Right-of-Way,4451243,32.2,23.4,1.4,1.4,0.0,2.0,55,9.4,22.3,299,Drizzle: Dense,0,0,
79199,2021-08-27 14:46:00,40.703762,-73.94262,1,0,Pedestrian/Bicyclist/Other Pedestrian Error/Confusion,4451544,32.2,23.4,1.4,1.4,0.0,2.0,55,9.4,22.3,299,Drizzle: Dense,1,1,
79200,2021-08-25 22:30:00,40.80822,-73.93673,1,0,Traffic Control Disregarded,4450730,31.2,20.1,0.0,0.0,0.0,0.0,3,10.2,18.7,277,Overcast,1,1,
79201,2021-08-26 17:00:00,40.86272,-73.91165,1,0,Brakes Defective,4451111,31.8,22.8,0.1,0.1,0.0,1.0,51,14.8,29.2,228,Drizzle: Light,1,1,
79202,2021-08-26 09:00:00,40.713085,-73.87588,0,0,Backing Unsafely,4451787,31.8,22.8,0.1,0.1,0.0,1.0,51,14.8,29.2,228,Drizzle: Light,0,0,
79203,2021-08-26 16:20:00,40.57103,-74.11247,0,0,Failure to Yield Right-of-Way,4451144,31.8,22.8,0.1,0.1,0.0,1.0,51,14.8,29.2,228,Drizzle: Light,0,0,
79204,2021-08-25 00:00:00,40.689415,-73.74008,2,0,Driver Inattention/Distraction,4451277,31.2,20.1,0.0,0.0,0.0,0.0,3,10.2,18.7,277,Overcast,2,2,
79205,2021-08-27 10:53:00,40.627216,-73.97106,0,0,Unspecified,4451459,32.2,23.4,1.4,1.4,0.0,2.0,55,9.4,22.3,299,Drizzle: Dense,0,0,
79206,2021-08-26 20:03:00,40.685448,-73.99134,0,0,Unspecified,4451001,31.8,22.8,0.1,0.1,0.0,1.0,51,14.8,29.2,228,Drizzle: Light,0,0,
79207,2021-08-27 12:20:00,40.680187,-73.981186,0,0,Backing Unsafely,4451161,32.2,23.4,1.4,1.4,0.0,2.0,55,9.4,22.3,299,Drizzle: Dense,0,0,
79208,2021-07-31 15:00:00,40.677715,-73.93587,0,0,Passing or Lane Usage Improper,4451305,25.6,14.5,0.0,0.0,0.0,0.0,2,16.8,33.8,304,Partly cloudy,0,0,
79209,2021-08-27 15:52:00,40.782463,-73.97883,1,0,Reaction to Uninvolved Vehicle,4451133,32.2,23.4,1.4,1.4,0.0,2.0,55,9.4,22.3,299,Drizzle: Dense,1,1,
79210,2021-08-24 15:15:00,40.757442,-73.86747,1,0,Unspecified,4451470,30.6,21.9,0.0,0.0,0.0,0.0,1,13.9,28.1,291,Mainly clear,1,1,Sunny/Clear Conditions
79211,2021-08-26 11:23:00,40.613117,-73.92631,1,0,Unspecified,4451190,31.8,22.8,0.1,0.1,0.0,1.0,51,14.8,29.2,228,Drizzle: Light,1,1,
79212,2021-08-10 20:00:00,40.665085,-73.92869,1,0,Unspecified,4451284,27.3,20.4,3.8,3.8,0.0,11.0,61,18.0,36.0,170,Rain: Light,1,1,
79213,2021-08-23 13:05:00,40.702618,-73.9291,0,0,Unspecified,4451376,28.7,22.0,36.1,36.1,0.0,19.0,65,27.4,49.3,230,Rain: Heavy,0,0,
79214,2021-08-27 08:45:00,40.868935,-73.92419,0,0,Unspecified,4451685,32.2,23.4,1.4,1.4,0.0,2.0,55,9.4,22.3,299,Drizzle: Dense,0,0,
79215,2021-08-27 20:37:00,40.7242,-73.93765,0,0,Driver Inattention/Distraction,4451820,32.2,23.4,1.4,1.4,0.0,2.0,55,9.4,22.3,299,Drizzle: Dense,0,0,
79216,2021-08-26 22:30:00,40.6277,-73.92102,0,0,Driver Inattention/Distraction,4451744,31.8,22.8,0.1,0.1,0.0,1.0,51,14.8,29.2,228,Drizzle: Light,0,0,
79217,2021-08-21 19:10:00,40.777477,-73.91731,0,0,Unspecified,4451015,27.2,23.0,0.8,0.8,0.0,6.0,51,14.3,29.5,109,Drizzle: Light,0,0,
79218,2021-08-27 13:41:00,40.668816,-73.89895,0,0,Turning Improperly,4451430,32.2,23.4,1.4,1.4,0.0,2.0,55,9.4,22.3,299,Drizzle: Dense,0,0,
79219,2021-08-27 18:25:00,40.834415,-73.92854,0,0,Pavement Slippery,4451228,32.2,23.4,1.4,1.4,0.0,2.0,55,9.4,22.3,299,Drizzle: Dense,0,0,
79220,2021-08-25 08:15:00,40.582275,-73.96113,0,0,Unspecified,4451028,31.2,20.1,0.0,0.0,0.0,0.0,3,10.2,18.7,277,Overcast,0,0,
79221,2021-08-23 17:25:00,40.76974,-73.982124,0,0,Backing Unsafely,4451116,28.7,22.0,36.1,36.1,0.0,19.0,65,27.4,49.3,230,Rain: Heavy,0,0,
79222,2021-08-26 11:42:00,40.867733,-73.88285,0,0,Other Vehicular,4451033,31.8,22.8,0.1,0.1,0.0,1.0,51,14.8,29.2,228,Drizzle: Light,0,0,
79223,2021-08-26 23:30:00,40.677654,-73.82866,0,0,Fell Asleep,4451578,31.8,22.8,0.1,0.1,0.0,1.0,51,14.8,29.2,228,Drizzle: Light,0,0,
79224,2021-08-25 21:34:00,40.744644,-73.77041,2,0,Driver Inattention/Distraction,4450652,31.2,20.1,0.0,0.0,0.0,0.0,3,10.2,18.7,277,Overcast,2,2,
79225,2021-08-25 10:01:00,40.854904,-73.89645,0,0,Failure to Yield Right-of-Way,4450439,31.2,20.1,0.0,0.0,0.0,0.0,3,10.2,18.7,277,Overcast,0,0,
79226,2021-08-25 10:40:00,40.67851,-73.81435,1,0,Failure to Yield Right-of-Way,4450442,31.2,20.1,0.0,0.0,0.0,0.0,3,10.2,18.7,277,Overcast,1,1,
79227,2021-08-25 22:05:00,40.614784,-73.91315,0,0,Driver Inattention/Distraction,4450630,31.2,20.1,0.0,0.0,0.0,0.0,3,10.2,18.7,277,Overcast,0,0,
79228,2021-08-25 12:00:00,40.63369,-73.91611,0,0,Backing Unsafely,4450478,31.2,20.1,0.0,0.0,0.0,0.0,3,10.2,18.7,277,Overcast,0,0,
79229,2021-08-27 17:00:00,40.69299,-73.95583,0,0,Passing Too Closely,4451641,32.2,23.4,1.4,1.4,0.0,2.0,55,9.4,22.3,299,Drizzle: Dense,0,0,
79230,2021-08-25 12:37:00,40.72662,-73.757324,1,0,Following Too Closely,4450646,31.2,20.1,0.0,0.0,0.0,0.0,3,10.2,18.7,277,Overcast,1,1,
79231,2021-08-27 00:00:00,40.668083,-73.899704,0,0,Unspecified,4451418,32.2,23.4,1.4,1.4,0.0,2.0,55,9.4,22.3,299,Drizzle: Dense,0,0,
79232,2021-08-26 15:00:00,40.894093,-73.86266,1,0,Driver Inattention/Distraction,4450842,31.8,22.8,0.1,0.1,0.0,1.0,51,14.8,29.2,228,Drizzle: Light,1,1,
79233,2021-08-25 16:05:00,40.75425,-73.81354,0,0,Passing Too Closely,4450522,31.2,20.1,0.0,0.0,0.0,0.0,3,10.2,18.7,277,Overcast,0,0,
79234,2021-08-24 16:56:00,40.637363,-73.87927,0,0,Passing Too Closely,4451176,30.6,21.9,0.0,0.0,0.0,0.0,1,13.9,28.1,291,Mainly clear,0,0,Sunny/Clear Conditions
79235,2021-08-25 10:15:00,40.80411,-73.91108,1,0,Turning Improperly,4450695,31.2,20.1,0.0,0.0,0.0,0.0,3,10.2,18.7,277,Overcast,1,1,
79236,2021-08-25 22:30:00,40.675907,-73.969505,0,0,Unspecified,4451320,31.2,20.1,0.0,0.0,0.0,0.0,3,10.2,18.7,277,Overcast,0,0,
79237,2021-08-26 16:52:00,40.73883,-73.86276,1,0,Unsafe Speed,4450875,31.8,22.8,0.1,0.1,0.0,1.0,51,14.8,29.2,228,Drizzle: Light,1,1,
79238,2021-08-25 09:15:00,40.767918,-73.985725,1,0,Failure to Yield Right-of-Way,4450385,31.2,20.1,0.0,0.0,0.0,0.0,3,10.2,18.7,277,Overcast,1,1,
79239,2021-08-25 16:10:00,40.80379,-73.9539,0,0,Unsafe Speed,4451047,31.2,20.1,0.0,0.0,0.0,0.0,3,10.2,18.7,277,Overcast,0,0,
79240,2021-08-25 17:51:00,40.76553,-73.99768,0,0,Unsafe Lane Changing,4450631,31.2,20.1,0.0,0.0,0.0,0.0,3,10.2,18.7,277,Overcast,0,0,
79241,2021-08-25 14:50:00,40.607964,-74.162346,0,0,Passing Too Closely,4450978,31.2,20.1,0.0,0.0,0.0,0.0,3,10.2,18.7,277,Overcast,0,0,
79242,2021-08-27 05:15:00,40.66292,-73.890625,1,0,Unsafe Lane Changing,4451400,32.2,23.4,1.4,1.4,0.0,2.0,55,9.4,22.3,299,Drizzle: Dense,1,1,
79243,2021-08-27 02:45:00,40.740784,-73.815,1,0,Failure to Yield Right-of-Way,4451207,32.2,23.4,1.4,1.4,0.0,2.0,55,9.4,22.3,299,Drizzle: Dense,1,1,
79244,2021-08-27 07:00:00,40.62689,-73.945885,0,0,Unspecified,4451188,32.2,23.4,1.4,1.4,0.0,2.0,55,9.4,22.3,299,Drizzle: Dense,0,0,
79245,2021-08-26 14:00:00,40.673782,-73.84055,0,0,Passing Too Closely,4451568,31.8,22.8,0.1,0.1,0.0,1.0,51,14.8,29.2,228,Drizzle: Light,0,0,
79246,2021-08-27 17:35:00,40.69816,-73.97834,0,0,Backing Unsafely,4451165,32.2,23.4,1.4,1.4,0.0,2.0,55,9.4,22.3,299,Drizzle: Dense,0,0,
79247,2021-08-26 10:10:00,40.895687,-73.86338,0,0,Unsafe Lane Changing,4451711,31.8,22.8,0.1,0.1,0.0,1.0,51,14.8,29.2,228,Drizzle: Light,0,0,
79248,2021-08-25 23:26:00,40.6785,-73.794876,1,0,Failure to Yield Right-of-Way,4450678,31.2,20.1,0.0,0.0,0.0,0.0,3,10.2,18.7,277,Overcast,1,1,
79249,2021-08-26 12:30:00,40.573475,-74.00445,0,0,Unspecified,4451026,31.8,22.8,0.1,0.1,0.0,1.0,51,14.8,29.2,228,Drizzle: Light,0,0,
79250,2021-08-26 09:00:00,40.651814,-73.94761,0,0,Driver Inattention/Distraction,4451325,31.8,22.8,0.1,0.1,0.0,1.0,51,14.8,29.2,228,Drizzle: Light,0,0,
79251,2021-08-26 06:42:00,40.814102,-73.940865,1,0,Unsafe Speed,4450709,31.8,22.8,0.1,0.1,0.0,1.0,51,14.8,29.2,228,Drizzle: Light,1,1,
79252,2021-08-25 14:40:00,40.76701,-73.92351,1,0,Driver Inattention/Distraction,4451005,31.2,20.1,0.0,0.0,0.0,0.0,3,10.2,18.7,277,Overcast,1,1,
79253,2021-08-27 00:15:00,40.64511,-73.874886,0,0,Following Too Closely,4451399,32.2,23.4,1.4,1.4,0.0,2.0,55,9.4,22.3,299,Drizzle: Dense,0,0,
79254,2021-08-25 09:00:00,40.700108,-73.95383,0,0,Driver Inattention/Distraction,4450396,31.2,20.1,0.0,0.0,0.0,0.0,3,10.2,18.7,277,Overcast,0,0,
79255,2021-08-25 04:15:00,40.589108,-73.80101,0,0,Driver Inattention/Distraction,4450476,31.2,20.1,0.0,0.0,0.0,0.0,3,10.2,18.7,277,Overcast,0,0,