,CRASH DATETIME,LATITUDE,LONGITUDE,NUMBER OF PERSONS INJURED,NUMBER OF PERSONS KILLED,CONTRIBUTING FACTOR VEHICLE 1,COLLISION_ID,temperature_2m_max,temperature_2m_min,precipitation_sum,rain_sum,snowfall_sum,precipitation_hours,weather_code,wind_speed_10m_max,wind_gusts_10m_max,wind_direction_10m_dominant,Weather Description,Severity_Score,Total_Affected_Persons,Weather_Category
79256,2021-08-26 16:20:00,40.86811,-73.91976,1,0,Unsafe Speed,4451621,31.8,22.8,0.1,0.1,0.0,1.0,51,14.8,29.2,228,Drizzle: Light,1,1,
79257,2021-08-27 22:30:00,40.772045,-73.87623,0,0,Unspecified,4451468,32.2,23.4,1.4,1.4,0.0,2.0,55,9.4,22.3,299,Drizzle: Dense,0,0,
79258,2021-08-25 13:59:00,40.658836,-73.92046,0,0,Reaction to Uninvolved Vehicle,4450850,31.2,20.1,0.0,0.0,0.0,0.0,3,10.2,18.7,277,Overcast,0,0,
79259,2021-08-26 12:38:00,40.674232,-73.86177,0,0,Unspecified,4451416,31.8,22.8,0.1,0.1,0.0,1.0,51,14.8,29.2,228,Drizzle: Light,0,0,
79260,2021-08-26 11:30:00,40.694637,-73.949066,0,0,Following Too Closely,4451665,31.8,22.8,0.1,0.1,0.0,1.0,51,14.8,29.2,228,Drizzle: Light,0,0,
79261,2021-08-25 07:45:00,40.68789,-73.936035,0,0,Other Vehicular,4451581,31.2,20.1,0.0,0.0,0.0,0.0,3,10.2,18.7,277,Overcast,0,0,
79262,2021-08-27 22:15:00,40.766144,-73.99724,2,0,Unspecified,4451182,32.2,23.4,1.4,1.4,0.0,2.0,55,9.4,22.3,299,Drizzle: Dense,2,2,
79263,2021-08-25 19:20:00,40.643063,-73.95166,0,0,Driver Inattention/Distraction,4450870,31.2,20.1,0.0,0.0,0.0,0.0,3,10.2,18.7,277,Overcast,0,0,
79264,2021-08-25 12:43:00,40.672604,-73.993385,1,0,Passing or Lane Usage Improper,4450505,31.2,20.1,0.0,0.0,0.0,0.0,3,10.2,18.7,277,Overcast,1,1,
79265,2021-08-26 17:10:00,40.676525,-73.909065,0,0,Driver Inattention/Distraction,4450844,31.8,22.8,0.1,0.1,0.0,1.0,51,14.8,29.2,228,Drizzle: Light,0,0,
79266,2021-08-25 18:40:00,40.81423,-73.93444,1,0,Driver Inattention/Distraction,4450729,31.2,20.1,0.0,0.0,0.0,0.0,3,10.2,18.7,277,Overcast,1,1,
79267,2021-08-24 20:55:00,40.570747,-74.1281,0,0,Passing Too Closely,4451148,30.6,21.9,0.0,0.0,0.0,0.0,1,13.9,28.1,291,Mainly clear,0,0,Sunny/Clear Conditions
79268,2021-08-25 01:15:00,40.64254,-73.87652,0,0,Unspecified,4450427,31.2,20.1,0.0,0.0,0.0,0.0,3,10.2,18.7,277,Overcast,0,0,
79269,2021-08-25 00:41:00,40.856316,-73.86664,1,0,Driver Inexperience,4451016,31.2,20.1,0.0,0.0,0.0,0.0,3,10.2,18.7,277,Overcast,1,1,
79270,2021-08-26 13:15:00,40.8327,-73.950226,0,0,Lost Consciousness,4451253,31.8,22.8,0.1,0.1,0.0,1.0,51,14.8,29.2,228,Drizzle: Light,0,0,
79271,2021-08-25 11:49:00,40.71576,-73.74655,0,0,Unspecified,4450533,31.2,20.1,0.0,0.0,0.0,0.0,3,10.2,18.7,277,Overcast,0,0,
79272,2021-08-20 04:47:00,40.754375,-73.8234,0,0,Alcohol Involvement,4450994,26.9,22.0,1.1,1.1,0.0,5.0,53,12.4,22.0,310,Drizzle: Moderate,0,0,
79273,2021-08-25 09:20:00,40.71738,-73.99131,1,0,Failure to Yield Right-of-Way,4450364,31.2,20.1,0.0,0.0,0.0,0.0,3,10.2,18.7,277,Overcast,1,1,
79274,2021-08-26 12:05:00,40.810173,-73.95117,1,0,Driver Inattention/Distraction,4451048,31.8,22.8,0.1,0.1,0.0,1.0,51,14.8,29.2,228,Drizzle: Light,1,1,
79275,2021-08-27 07:02:00,40.69574,-73.85444,0,0,Passing Too Closely,4450985,32.2,23.4,1.4,1.4,0.0,2.0,55,9.4,22.3,299,Drizzle: Dense,0,0,
79276,2021-08-25 13:25:00,40.603886,-74.00618,0,0,Driver Inattention/Distraction,4450497,31.2,20.1,0.0,0.0,0.0,0.0,3,10.2,18.7,277,Overcast,0,0,
79277,2021-08-27 15:21:00,40.70648,-73.96375,0,0,Backing Unsafely,4451175,32.2,23.4,1.4,1.4,0.0,2.0,55,9.4,22.3,299,Drizzle: Dense,0,0,
79278,2021-08-26 11:49:00,40.686745,-73.96553,1,0,,4450895,31.8,22.8,0.1,0.1,0.0,1.0,51,14.8,29.2,228,Drizzle: Light,1,1,
79279,2021-08-23 13:15:00,40.745117,-73.904495,0,0,Backing Unsafely,4451494,28.7,22.0,36.1,36.1,0.0,19.0,65,27.4,49.3,230,Rain: Heavy,0,0,
79280,2021-08-27 16:57:00,40.86157,-73.913185,1,0,Lost Consciousness,4451359,32.2,23.4,1.4,1.4,0.0,2.0,55,9.4,22.3,299,Drizzle: Dense,1,1,
79281,2021-08-27 12:25:00,40.641945,-73.916626,5,0,Traffic Control Disregarded,4451101,32.2,23.4,1.4,1.4,0.0,2.0,55,9.4,22.3,299,Drizzle: Dense,5,5,
79282,2021-08-25 13:41:00,40.709896,-73.83941,1,0,Driver Inexperience,4450486,31.2,20.1,0.0,0.0,0.0,0.0,3,10.2,18.7,277,Overcast,1,1,
79283,2021-08-24 08:40:00,40.692596,-73.981766,0,0,Unspecified,4451069,30.6,21.9,0.0,0.0,0.0,0.0,1,13.9,28.1,291,Mainly clear,0,0,Sunny/Clear Conditions
79284,2021-08-26 06:53:00,40.745735,-73.9917,1,0,Following Too Closely,4450922,31.8,22.8,0.1,0.1,0.0,1.0,51,14.8,29.2,228,Drizzle: Light,1,1,
79285,2021-08-25 22:40:00,40.84453,-73.901764,3,0,View Obstructed/Limited,4450779,31.2,20.1,0.0,0.0,0.0,0.0,3,10.2,18.7,277,Overcast,3,3,
79286,2021-08-25 18:40:00,40.69146,-73.88547,0,0,Following Too Closely,4451784,31.2,20.1,0.0,0.0,0.0,0.0,3,10.2,18.7,277,Overcast,0,0,
79287,2021-08-26 05:20:00,40.77393,-73.92166,0,0,Traffic Control Disregarded,4451540,31.8,22.8,0.1,0.1,0.0,1.0,51,14.8,29.2,228,Drizzle: Light,0,0,
79288,2021-08-25 12:30:00,40.822903,-73.87005,0,0,Unspecified,4450696,31.2,20.1,0.0,0.0,0.0,0.0,3,10.2,18.7,277,Overcast,0,0,
79289,2021-08-27 12:20:00,40.85512,-73.872215,0,0,Driver Inattention/Distraction,4451343,32.2,23.4,1.4,1.4,0.0,2.0,55,9.4,22.3,299,Drizzle: Dense,0,0,
79290,2021-08-25 06:54:00,40.717785,-73.76249,1,0,Driver Inattention/Distraction,4450948,31.2,20.1,0.0,0.0,0.0,0.0,3,10.2,18.7,277,Overcast,1,1,
79291,2021-08-25 07:58:00,40.568764,-74.11149,1,0,Failure to Yield Right-of-Way,4451143,31.2,20.1,0.0,0.0,0.0,0.0,3,10.2,18.7,277,Overcast,1,1,
79292,2021-08-25 04:50:00,40.65161,-74.01062,0,0,Tire Failure/Inadequate,4450555,31.2,20.1,0.0,0.0,0.0,0.0,3,10.2,18.7,277,Overcast,0,0,
79293,2021-08-25 22:25:00,40.647358,-73.95944,0,0,Traffic Control Disregarded,4450644,31.2,20.1,0.0,0.0,0.0,0.0,3,10.2,18.7,277,Overcast,0,0,
79294,2021-08-27 10:02:00,40.61068,-74.00669,0,1,Driver Inattention/Distraction,4451303,32.2,23.4,1.4,1.4,0.0,2.0,55,9.4,22.3,299,Drizzle: Dense,20,1,
79295,2021-08-27 13:13:00,40.629425,-73.99795,0,0,Unspecified,4451458,32.2,23.4,1.4,1.4,0.0,2.0,55,9.4,22.3,299,Drizzle: Dense,0,0,
79296,2021-08-24 09:30:00,40.71598,-73.97579,1,0,Fell Asleep,4451212,30.6,21.9,0.0,0.0,0.0,0.0,1,13.9,28.1,291,Mainly clear,1,1,Sunny/Clear Conditions
79297,2021-08-25 16:30:00,40.689922,-73.92281,0,0,Reaction to Uninvolved Vehicle,4450704,31.2,20.1,0.0,0.0,0.0,0.0,3,10.2,18.7,277,Overcast,0,0,
79298,2021-08-10 17:50:00,40.77259,-73.99275,0,0,Obstruction/Debris,4451705,27.3,20.4,3.8,3.8,0.0,11.0,61,18.0,36.0,170,Rain: Light,0,0,
79299,2021-08-25 19:31:00,40.896694,-73.853516,0,0,Unsafe Speed,4450662,31.2,20.1,0.0,0.0,0.0,0.0,3,10.2,18.7,277,Overcast,0,0,
79300,2021-08-26 19:59:00,40.69035,-73.84108,6,0,Cell Phone (hand-Held),4451590,31.8,22.8,0.1,0.1,0.0,1.0,51,14.8,29.2,228,Drizzle: Light,6,6,
79301,2021-08-20 10:37:00,40.66989,-73.93381,0,0,Turning Improperly,4451312,26.9,22.0,1.1,1.1,0.0,5.0,53,12.4,22.0,310,Drizzle: Moderate,0,0,
79302,2021-08-26 11:30:00,40.74584,-73.82342,1,0,Failure to Yield Right-of-Way,4450753,31.8,22.8,0.1,0.1,0.0,1.0,51,14.8,29.2,228,Drizzle: Light,1,1,
79303,2021-08-26 15:15:00,40.66408,-73.94817,0,0,Following Too Closely,4450834,31.8,22.8,0.1,0.1,0.0,1.0,51,14.8,29.2,228,Drizzle: Light,0,0,
79304,2021-08-23 12:30:00,40.677414,-73.93033,1,0,Driver Inattention/Distraction,4451491,28.7,22.0,36.1,36.1,0.0,19.0,65,27.4,49.3,230,Rain: Heavy,1,1,
79305,2021-08-26 00:00:00,40.836124,-73.88987,0,0,Unspecified,4451022,31.8,22.8,0.1,0.1,0.0,1.0,51,14.8,29.2,228,Drizzle: Light,0,0,
79306,2021-08-25 19:05:00,40.637646,-73.91187,0,0,Passing or Lane Usage Improper,4450549,31.2,20.1,0.0,0.0,0.0,0.0,3,10.2,18.7,277,Overcast,0,0,
79307,2021-08-27 02:30:00,40.67376,-73.73431,0,0,Passing or Lane Usage Improper,4451408,32.2,23.4,1.4,1.4,0.0,2.0,55,9.4,22.3,299,Drizzle: Dense,0,0,
79308,2021-08-26 13:00:00,40.625515,-74.15226,1,0,View Obstructed/Limited,4450980,31.8,22.8,0.1,0.1,0.0,1.0,51,14.8,29.2,228,Drizzle: Light,1,1,
79309,2021-08-25 05:00:00,40.604485,-74.070656,0,0,Traffic Control Disregarded,4450771,31.2,20.1,0.0,0.0,0.0,0.0,3,10.2,18.7,277,Overcast,0,0,
79310,2021-08-27 00:30:00,40.73225,-73.95196,0,0,Unspecified,4450961,32.2,23.4,1.4,1.4,0.0,2.0,55,9.4,22.3,299,Drizzle: Dense,0,0,
79311,2021-08-27 09:50:00,40.737774,-73.93809,0,0,View Obstructed/Limited,4451054,32.2,23.4,1.4,1.4,0.0,2.0,55,9.4,22.3,299,Drizzle: Dense,0,0,
79312,2021-08-25 14:18:00,40.81339,-73.95627,1,0,Passing Too Closely,4450543,31.2,20.1,0.0,0.0,0.0,0.0,3,10.2,18.7,277,Overcast,1,1,
79313,2021-08-27 17:42:00,40.731182,-73.871605,0,0,Following Too Closely,4451170,32.2,23.4,1.4,1.4,0.0,2.0,55,9.4,22.3,299,Drizzle: Dense,0,0,
79314,2021-08-26 07:00:00,40.879948,-73.88086,0,0,Unspecified,4450791,31.8,22.8,0.1,0.1,0.0,1.0,51,14.8,29.2,228,Drizzle: Light,0,0,
79315,2021-08-26 20:00:00,40.663223,-73.89165,0,0,Unspecified,4451410,31.8,22.8,0.1,0.1,0.0,1.0,51,14.8,29.2,228,Drizzle: Light,0,0,
79316,2021-08-26 21:45:00,40.764435,-73.72269,0,0,Following Too Closely,4450901,31.8,22.8,0.1,0.1,0.0,1.0,51,14.8,29.2,228,Drizzle: Light,0,0,
79317,2021-08-01 04:48:00,40.78542,-73.98399,0,0,Following Too Closely,4451112,24.4,16.6,0.8,0.8,0.0,5.0,51,19.9,39.2,168,Drizzle: Light,0,0,
79318,2021-08-27 14:19:00,40.88219,-73.85066,1,0,Traffic Control Disregarded,4451675,32.2,23.4,1.4,1.4,0.0,2.0,55,9.4,22.3,299,Drizzle: Dense,1,1,
79319,2021-08-25 11:13:00,40.75548,-73.74173,0,0,Driver Inattention/Distraction,4450463,31.2,20.1,0.0,0.0,0.0,0.0,3,10.2,18.7,277,Overcast,0,0,
79320,2021-08-27 16:30:00,40.65216,-74.01143,0,0,Driver Inattention/Distraction,4451262,32.2,23.4,1.4,1.4,0.0,2.0,55,9.4,22.3,299,Drizzle: Dense,0,0,
79321,2021-08-27 02:09:00,40.81748,-73.86395,0,0,Driver Inattention/Distraction,4451037,32.2,23.4,1.4,1.4,0.0,2.0,55,9.4,22.3,299,Drizzle: Dense,0,0,
79322,2021-08-25 17:02:00,40.67486,-73.896645,0,0,Following Too Closely,4450569,31.2,20.1,0.0,0.0,0.0,0.0,3,10.2,18.7,277,Overcast,0,0,
79323,2021-08-21 00:33:00,40.837513,-73.91478,1,0,Passing Too Closely,4451226,27.2,23.0,0.8,0.8,0.0,6.0,51,14.3,29.5,109,Drizzle: Light,1,1,
79324,2021-08-26 13:30:00,40.71285,-73.904274,0,0,Backing Unsafely,4450882,31.8,22.8,0.1,0.1,0.0,1.0,51,14.8,29.2,228,Drizzle: Light,0,0,
79325,2021-08-25 12:28:00,40.749638,-73.99905,1,0,Traffic Control Disregarded,4450830,31.2,20.1,0.0,0.0,0.0,0.0,3,10.2,18.7,277,Overcast,1,1,
79326,2021-08-25 19:55:00,40.60994,-73.967804,1,0,Unspecified,4450735,31.2,20.1,0.0,0.0,0.0,0.0,3,10.2,18.7,277,Overcast,1,1,
79327,2021-08-27 13:10:00,40.75057,-73.97459,0,0,Driver Inattention/Distraction,4451205,32.2,23.4,1.4,1.4,0.0,2.0,55,9.4,22.3,299,Drizzle: Dense,0,0,
79328,2021-08-26 12:30:00,40.678104,-73.9432,1,0,Following Too Closely,4451651,31.8,22.8,0.1,0.1,0.0,1.0,51,14.8,29.2,228,Drizzle: Light,1,1,
79329,2021-08-27 18:30:00,40.89155,-73.86179,0,0,Driver Inattention/Distraction,4451691,32.2,23.4,1.4,1.4,0.0,2.0,55,9.4,22.3,299,Drizzle: Dense,0,0,
79330,2021-08-27 11:20:00,40.724945,-73.951454,0,0,Driver Inattention/Distraction,4451080,32.2,23.4,1.4,1.4,0.0,2.0,55,9.4,22.3,299,Drizzle: Dense,0,0,
79331,2021-08-26 12:19:00,40.6845,-73.92639,0,0,Driver Inattention/Distraction,4451551,31.8,22.8,0.1,0.1,0.0,1.0,51,14.8,29.2,228,Drizzle: Light,0,0,
79332,2021-08-27 05:56:00,40.596123,-74.00068,0,0,Unspecified,4450990,32.2,23.4,1.4,1.4,0.0,2.0,55,9.4,22.3,299,Drizzle: Dense,0,0,
79333,2021-08-27 14:13:00,40.72662,-73.757324,0,0,Driver Inattention/Distraction,4451097,32.2,23.4,1.4,1.4,0.0,2.0,55,9.4,22.3,299,Drizzle: Dense,0,0,
79334,2021-08-09 19:32:00,40.82942,-73.91226,0,0,Backing Unsafely,4451241,26.2,20.1,1.1,1.1,0.0,7.0,51,17.3,34.6,36,Drizzle: Light,0,0,
79335,2021-08-26 22:44:00,40.635864,-74.001396,1,0,Unspecified,4451452,31.8,22.8,0.1,0.1,0.0,1.0,51,14.8,29.2,228,Drizzle: Light,1,1,
79336,2021-08-26 21:51:00,40.69703,-73.768585,1,0,Driver Inexperience,4450938,31.8,22.8,0.1,0.1,0.0,1.0,51,14.8,29.2,228,Drizzle: Light,1,1,
79337,2021-08-25 16:55:00,40.689426,-73.94223,0,0,Passing or Lane Usage Improper,4451643,31.2,20.1,0.0,0.0,0.0,0.0,3,10.2,18.7,277,Overcast,0,0,
79338,2021-08-26 14:45:00,40.753494,-73.82987,1,0,Failure to Yield Right-of-Way,4450969,31.8,22.8,0.1,0.1,0.0,1.0,51,14.8,29.2,228,Drizzle: Light,1,1,
79339,2021-08-27 20:00:00,40.754498,-73.834076,1,0,Following Too Closely,4451155,32.2,23.4,1.4,1.4,0.0,2.0,55,9.4,22.3,299,Drizzle: Dense,1,1,
79340,2021-08-27 15:00:00,40.681927,-73.82205,0,0,Fell Asleep,4451138,32.2,23.4,1.4,1.4,0.0,2.0,55,9.4,22.3,299,Drizzle: Dense,0,0,
79341,2021-08-02 08:30:00,40.799217,-73.952965,0,0,Driver Inattention/Distraction,4451560,26.4,17.2,0.0,0.0,0.0,0.0,3,18.4,37.4,313,Overcast,0,0,
79342,2021-08-25 15:30:00,40.84162,-73.86653,0,0,Driver Inattention/Distraction,4450575,31.2,20.1,0.0,0.0,0.0,0.0,3,10.2,18.7,277,Overcast,0,0,
79343,2021-08-26 10:30:00,40.722336,-73.98805,0,0,Driver Inexperience,4451219,31.8,22.8,0.1,0.1,0.0,1.0,51,14.8,29.2,228,Drizzle: Light,0,0,
79344,2021-08-26 14:42:00,40.736145,-73.92651,0,0,Unspecified,4450908,31.8,22.8,0.1,0.1,0.0,1.0,51,14.8,29.2,228,Drizzle: Light,0,0,
79345,2021-08-27 15:30:00,40.61559,-73.94546,1,0,Other Vehicular,4451200,32.2,23.4,1.4,1.4,0.0,2.0,55,9.4,22.3,299,Drizzle: Dense,1,1,
79346,2021-08-25 19:27:00,40.793808,-73.942024,0,0,Driver Inattention/Distraction,4450620,31.2,20.1,0.0,0.0,0.0,0.0,3,10.2,18.7,277,Overcast,0,0,
79347,2021-08-26 21:05:00,40.612022,-73.98606,1,0,Backing Unsafely,4451530,31.8,22.8,0.1,0.1,0.0,1.0,51,14.8,29.2,228,Drizzle: Light,1,1,
79348,2021-08-26 09:50:00,40.777004,-73.96374,0,0,Driver Inattention/Distraction,4450741,31.8,22.8,0.1,0.1,0.0,1.0,51,14.8,29.2,228,Drizzle: Light,0,0,
79349,2021-08-25 19:30:00,40.708256,-73.91997,0,0,Backing Unsafely,4451385,31.2,20.1,0.0,0.0,0.0,0.0,3,10.2,18.7,277,Overcast,0,0,
79350,2021-08-23 21:00:00,40.837513,-73.91478,1,0,Driver Inattention/Distraction,4451231,28.7,22.0,36.1,36.1,0.0,19.0,65,27.4,49.3,230,Rain: Heavy,1,1,
79351,2021-08-25 00:00:00,40.643017,-74.00386,0,0,Unspecified,4450561,31.2,20.1,0.0,0.0,0.0,0.0,3,10.2,18.7,277,Overcast,0,0,
79352,2021-08-27 11:20:00,40.74947,-73.7564,0,0,Following Too Closely,4451086,32.2,23.4,1.4,1.4,0.0,2.0,55,9.4,22.3,299,Drizzle: Dense,0,0,
79353,2021-08-25 12:15:00,40.69423,-73.94608,0,0,Passing or Lane Usage Improper,4451631,31.2,20.1,0.0,0.0,0.0,0.0,3,10.2,18.7,277,Overcast,0,0,
79354,2021-08-27 20:50:00,40.653343,-73.938156,0,0,Driver Inattention/Distraction,4451333,32.2,23.4,1.4,1.4,0.0,2.0,55,9.4,22.3,299,Drizzle: Dense,0,0,
79355,2021-08-26 16:33:00,40.78542,-73.98399,0,0,Driver Inattention/Distraction,4451123,31.8,22.8,0.1,0.1,0.0,1.0,51,14.8,29.2,228,Drizzle: Light,0,0,
79356,2021-08-25 01:30:00,40.781685,-73.844124,0,0,Following Too Closely,4450525,31.2,20.1,0.0,0.0,0.0,0.0,3,10.2,18.7,277,Overcast,0,0,
79357,2021-08-25 19:35:00,40.611954,-73.96817,0,0,Unspecified,4450784,31.2,20.1,0.0,0.0,0.0,0.0,3,10.2,18.7,277,Overcast,0,0,
79358,2021-08-25 19:18:00,40.75425,-73.96899,1,0,Driver Inattention/Distraction,4450800,31.2,20.1,0.0,0.0,0.0,0.0,3,10.2,18.7,277,Overcast,1,1,
79359,2021-08-27 22:40:00,40.86357,-73.92602,0,0,Driver Inattention/Distraction,4451697,32.2,23.4,1.4,1.4,0.0,2.0,55,9.4,22.3,299,Drizzle: Dense,0,0,
79360,2021-08-25 12:46:00,40.843903,-73.927284,0,0,Passing or Lane Usage Improper,4451236,31.2,20.1,0.0,0.0,0.0,0.0,3,10.2,18.7,277,Overcast,0,0,
79361,2021-08-07 06:30:00,40.69942,-73.86878,0,0,Unspecified,4451778,29.7,19.9,0.0,0.0,0.0,0.0,3,24.2,45.0,198,Overcast,0,0,
79362,2021-08-05 20:30:00,40.76294,-73.86067,1,0,Driver Inattention/Distraction,4451465,27.1,17.4,0.1,0.1,0.0,1.0,51,13.2,27.0,5,Drizzle: Light,1,1,
79363,2021-08-19 15:20:00,40.886166,-73.84506,0,0,Steering Failure,4451874,30.2,23.4,11.8,11.8,0.0,13.0,61,26.3,53.3,223,Rain: Light,0,0,
79364,2022-01-31 10:15:00,40.82413,-73.94098,0,0,Unspecified,4498824,-3.4,-17.1,0.0,0.0,0.0,0.0,3,12.2,18.0,23,Overcast,0,0,
79365,2021-08-25 18:19:00,40.63178,-73.945625,5,0,Turning Improperly,4450640,31.2,20.1,0.0,0.0,0.0,0.0,3,10.2,18.7,277,Overcast,5,5,
79366,2021-08-25 08:50:00,40.84356,-73.9419,0,0,Passing Too Closely,4450717,31.2,20.1,0.0,0.0,0.0,0.0,3,10.2,18.7,277,Overcast,0,0,
79367,2021-08-25 18:20:00,40.662296,-73.98874,0,0,Following Too Closely,4450580,31.2,20.1,0.0,0.0,0.0,0.0,3,10.2,18.7,277,Overcast,0,0,
79368,2021-08-27 01:40:00,40.756145,-73.8798,0,0,Following Too Closely,4450915,32.2,23.4,1.4,1.4,0.0,2.0,55,9.4,22.3,299,Drizzle: Dense,0,0,
79369,2021-08-20 16:13:00,40.674755,-73.91109,1,0,Driver Inattention/Distraction,4451065,26.9,22.0,1.1,1.1,0.0,5.0,53,12.4,22.0,310,Drizzle: Moderate,1,1,
79370,2021-08-21 17:18:00,40.700584,-73.89724,0,0,Passing Too Closely,4451772,27.2,23.0,0.8,0.8,0.0,6.0,51,14.3,29.5,109,Drizzle: Light,0,0,
79371,2021-08-24 22:25:00,40.6752,-73.950005,0,0,Driver Inattention/Distraction,4451316,30.6,21.9,0.0,0.0,0.0,0.0,1,13.9,28.1,291,Mainly clear,0,0,Sunny/Clear Conditions
79372,2021-08-27 14:48:00,40.861317,-73.86554,1,0,Driver Inattention/Distraction,4451124,32.2,23.4,1.4,1.4,0.0,2.0,55,9.4,22.3,299,Drizzle: Dense,1,1,
79373,2021-08-25 19:02:00,40.777004,-73.96374,1,0,Driver Inattention/Distraction,4450607,31.2,20.1,0.0,0.0,0.0,0.0,3,10.2,18.7,277,Overcast,1,1,
79374,2021-08-26 02:00:00,40.75967,-73.92725,1,0,Alcohol Involvement,4451002,31.8,22.8,0.1,0.1,0.0,1.0,51,14.8,29.2,228,Drizzle: Light,1,1,
79375,2021-08-22 04:00:00,40.75585,-73.87691,0,0,Unspecified,4451464,23.9,22.5,56.2,56.2,0.0,21.0,63,19.8,36.0,299,Rain: Moderate,0,0,
79376,2021-08-10 11:15:00,40.67774,-73.936,0,0,Backing Unsafely,4451582,27.3,20.4,3.8,3.8,0.0,11.0,61,18.0,36.0,170,Rain: Light,0,0,
79377,2021-08-27 12:10:00,40.653862,-73.9296,1,0,Passing or Lane Usage Improper,4451327,32.2,23.4,1.4,1.4,0.0,2.0,55,9.4,22.3,299,Drizzle: Dense,1,1,
79378,2021-08-26 07:36:00,40.889927,-73.9084,0,0,Traffic Control Disregarded,4450841,31.8,22.8,0.1,0.1,0.0,1.0,51,14.8,29.2,228,Drizzle: Light,0,0,
79379,2021-08-26 17:41:00,40.897877,-73.897,0,0,Driver Inexperience,4451658,31.8,22.8,0.1,0.1,0.0,1.0,51,14.8,29.2,228,Drizzle: Light,0,0,
79380,2021-08-27 12:00:00,40.64204,-74.0204,0,0,Unspecified,4451481,32.2,23.4,1.4,1.4,0.0,2.0,55,9.4,22.3,299,Drizzle: Dense,0,0,
79381,2021-08-26 17:27:00,40.65711,-73.91335,0,0,Reaction to Uninvolved Vehicle,4451058,31.8,22.8,0.1,0.1,0.0,1.0,51,14.8,29.2,228,Drizzle: Light,0,0,
79382,2021-08-27 02:43:00,40.87652,-73.84113,0,0,Alcohol Involvement,4451679,32.2,23.4,1.4,1.4,0.0,2.0,55,9.4,22.3,299,Drizzle: Dense,0,0,
79383,2021-08-26 09:30:00,40.850132,-73.91162,0,0,Unspecified,4450758,31.8,22.8,0.1,0.1,0.0,1.0,51,14.8,29.2,228,Drizzle: Light,0,0,
79384,2021-08-22 08:37:00,40.69168,-73.999344,1,0,Following Too Closely,4451218,23.9,22.5,56.2,56.2,0.0,21.0,63,19.8,36.0,299,Rain: Moderate,1,1,
79385,2021-08-23 20:00:00,40.7266,-73.789116,1,0,Driver Inattention/Distraction,4450997,28.7,22.0,36.1,36.1,0.0,19.0,65,27.4,49.3,230,Rain: Heavy,1,1,
79386,2021-08-26 19:00:00,40.68143,-73.82376,0,0,Driver Inattention/Distraction,4450885,31.8,22.8,0.1,0.1,0.0,1.0,51,14.8,29.2,228,Drizzle: Light,0,0,
79387,2021-08-25 16:10:00,40.60877,-73.75396,2,0,Following Too Closely,4450613,31.2,20.1,0.0,0.0,0.0,0.0,3,10.2,18.7,277,Overcast,2,2,
79388,2021-08-27 15:27:00,40.761272,-73.95571,2,0,Unsafe Lane Changing,4451166,32.2,23.4,1.4,1.4,0.0,2.0,55,9.4,22.3,299,Drizzle: Dense,2,2,
79389,2021-08-26 20:37:00,40.75548,-73.74173,0,0,Driver Inattention/Distraction,4450878,31.8,22.8,0.1,0.1,0.0,1.0,51,14.8,29.2,228,Drizzle: Light,0,0,
79390,2021-08-26 04:55:00,40.707523,-73.96115,0,0,Driver Inattention/Distraction,4450762,31.8,22.8,0.1,0.1,0.0,1.0,51,14.8,29.2,228,Drizzle: Light,0,0,
79391,2021-08-25 05:45:00,40.67403,-73.84063,1,0,Passing or Lane Usage Improper,4450308,31.2,20.1,0.0,0.0,0.0,0.0,3,10.2,18.7,277,Overcast,1,1,
79392,2021-08-25 19:45:00,40.745415,-74.00821,1,0,Unspecified,4450822,31.2,20.1,0.0,0.0,0.0,0.0,3,10.2,18.7,277,Overcast,1,1,
79393,2021-08-21 11:30:00,40.690285,-73.95433,0,0,Unspecified,4451635,27.2,23.0,0.8,0.8,0.0,6.0,51,14.3,29.5,109,Drizzle: Light,0,0,
79394,2021-08-27 01:40:00,40.882336,-73.87907,0,0,Alcohol Involvement,4451041,32.2,23.4,1.4,1.4,0.0,2.0,55,9.4,22.3,299,Drizzle: Dense,0,0,
79395,2021-08-26 20:20:00,40.71583,-73.81375,0,0,Driver Inattention/Distraction,4451034,31.8,22.8,0.1,0.1,0.0,1.0,51,14.8,29.2,228,Drizzle: Light,0,0,
79396,2021-08-25 15:54:00,40.63544,-73.98675,1,0,Backing Unsafely,4450785,31.2,20.1,0.0,0.0,0.0,0.0,3,10.2,18.7,277,Overcast,1,1,
79397,2021-08-25 13:15:00,40.743668,-73.884476,0,0,Reaction to Uninvolved Vehicle,4450548,31.2,20.1,0.0,0.0,0.0,0.0,3,10.2,18.7,277,Overcast,0,0,
79398,2021-08-25 12:50:00,40.82451,-73.95186,1,0,Pedestrian/Bicyclist/Other Pedestrian Error/Confusion,4451267,31.2,20.1,0.0,0.0,0.0,0.0,3,10.2,18.7,277,Overcast,1,1,
79399,2021-08-27 00:07:00,40.752182,-73.74055,0,0,Driver Inattention/Distraction,4451789,32.2,23.4,1.4,1.4,0.0,2.0,55,9.4,22.3,299,Drizzle: Dense,0,0,
79400,2021-08-26 07:00:00,40.738476,-73.79729,0,0,Unspecified,4450653,31.8,22.8,0.1,0.1,0.0,1.0,51,14.8,29.2,228,Drizzle: Light,0,0,