,CRASH DATETIME,LATITUDE,LONGITUDE,NUMBER OF PERSONS INJURED,NUMBER OF PERSONS KILLED,CONTRIBUTING FACTOR VEHICLE 1,COLLISION_ID,temperature_2m_max,temperature_2m_min,precipitation_sum,rain_sum,snowfall_sum,precipitation_hours,weather_code,wind_speed_10m_max,wind_gusts_10m_max,wind_direction_10m_dominant,Weather Description,Severity_Score,Total_Affected_Persons,Weather_Category
79401,2021-08-25 09:46:00,40.862755,-73.901085,0,0,Driver Inattention/Distraction,4450446,31.2,20.1,0.0,0.0,0.0,0.0,3,10.2,18.7,277,Overcast,0,0,
79402,2021-08-24 10:30:00,40.841263,-73.88013,0,0,Driver Inattention/Distraction,4451076,30.6,21.9,0.0,0.0,0.0,0.0,1,13.9,28.1,291,Mainly clear,0,0,Sunny/Clear Conditions
79403,2021-08-22 11:00:00,40.70674,-73.92032,0,0,Turning Improperly,4451380,23.9,22.5,56.2,56.2,0.0,21.0,63,19.8,36.0,299,Rain: Moderate,0,0,
79404,2021-08-27 08:45:00,40.701588,-73.74865,0,0,Unsafe Lane Changing,4451093,32.2,23.4,1.4,1.4,0.0,2.0,55,9.4,22.3,299,Drizzle: Dense,0,0,
79405,2021-08-26 22:57:00,40.670006,-73.95328,0,0,Turning Improperly,4451306,31.8,22.8,0.1,0.1,0.0,1.0,51,14.8,29.2,228,Drizzle: Light,0,0,
79406,2021-08-25 07:40:00,40.582066,-73.96564,0,0,Unspecified,4451029,31.2,20.1,0.0,0.0,0.0,0.0,3,10.2,18.7,277,Overcast,0,0,
79407,2021-08-27 23:30:00,40.68714,-73.80801,1,0,Passing or Lane Usage Improper,4451195,32.2,23.4,1.4,1.4,0.0,2.0,55,9.4,22.3,299,Drizzle: Dense,1,1,
79408,2021-08-25 14:00:00,40.712513,-73.82217,0,0,Driver Inattention/Distraction,4450647,31.2,20.1,0.0,0.0,0.0,0.0,3,10.2,18.7,277,Overcast,0,0,
79409,2021-08-25 14:10:00,40.773872,-73.98223,1,0,Driverless/Runaway Vehicle,4451134,31.2,20.1,0.0,0.0,0.0,0.0,3,10.2,18.7,277,Overcast,1,1,
79410,2021-08-27 09:29:00,40.84353,-73.89401,0,0,Following Too Closely,4451875,32.2,23.4,1.4,1.4,0.0,2.0,55,9.4,22.3,299,Drizzle: Dense,0,0,
79411,2021-08-22 01:30:00,40.67187,-73.95464,0,0,Driver Inattention/Distraction,4451311,23.9,22.5,56.2,56.2,0.0,21.0,63,19.8,36.0,299,Rain: Moderate,0,0,
79412,2021-08-26 08:15:00,40.668118,-73.95166,0,0,Driver Inattention/Distraction,4451286,31.8,22.8,0.1,0.1,0.0,1.0,51,14.8,29.2,228,Drizzle: Light,0,0,
79413,2021-08-27 03:48:00,40.669765,-73.91025,0,0,Unspecified,4451151,32.2,23.4,1.4,1.4,0.0,2.0,55,9.4,22.3,299,Drizzle: Dense,0,0,
79414,2021-08-25 14:19:00,40.63658,-74.16506,1,0,Driver Inattention/Distraction,4450977,31.2,20.1,0.0,0.0,0.0,0.0,3,10.2,18.7,277,Overcast,1,1,
79415,2021-08-26 12:56:00,40.658276,-73.98532,0,0,Unspecified,4451261,31.8,22.8,0.1,0.1,0.0,1.0,51,14.8,29.2,228,Drizzle: Light,0,0,
79416,2021-08-25 16:58:00,40.64545,-73.97311,0,0,Unspecified,4450736,31.2,20.1,0.0,0.0,0.0,0.0,3,10.2,18.7,277,Overcast,0,0,
79417,2021-08-27 05:21:00,40.667576,-73.72951,1,0,Fatigued/Drowsy,4451090,32.2,23.4,1.4,1.4,0.0,2.0,55,9.4,22.3,299,Drizzle: Dense,1,1,
79418,2021-08-25 23:10:00,40.763245,-73.75806,1,0,Driver Inattention/Distraction,4450587,31.2,20.1,0.0,0.0,0.0,0.0,3,10.2,18.7,277,Overcast,1,1,
79419,2021-08-23 23:15:00,40.677414,-73.93033,0,0,Driver Inattention/Distraction,4451553,28.7,22.0,36.1,36.1,0.0,19.0,65,27.4,49.3,230,Rain: Heavy,0,0,
79420,2021-08-22 17:15:00,40.67272,-73.8814,2,0,Failure to Yield Right-of-Way,4451429,23.9,22.5,56.2,56.2,0.0,21.0,63,19.8,36.0,299,Rain: Moderate,2,2,
79421,2021-08-26 09:00:00,40.84275,-73.92283,1,0,Passing Too Closely,4451227,31.8,22.8,0.1,0.1,0.0,1.0,51,14.8,29.2,228,Drizzle: Light,1,1,
79422,2021-08-24 22:28:00,40.77178,-73.9792,1,0,Unsafe Speed,4451119,30.6,21.9,0.0,0.0,0.0,0.0,1,13.9,28.1,291,Mainly clear,1,1,Sunny/Clear Conditions
79423,2021-08-27 09:46:00,40.60646,-73.9517,1,0,Driver Inattention/Distraction,4451853,32.2,23.4,1.4,1.4,0.0,2.0,55,9.4,22.3,299,Drizzle: Dense,1,1,
79424,2021-08-26 13:40:00,40.69819,-73.96191,0,0,Turning Improperly,4450934,31.8,22.8,0.1,0.1,0.0,1.0,51,14.8,29.2,228,Drizzle: Light,0,0,
79425,2021-08-25 03:00:00,40.667156,-73.9101,0,0,Unspecified,4450600,31.2,20.1,0.0,0.0,0.0,0.0,3,10.2,18.7,277,Overcast,0,0,
79426,2021-08-26 21:20:00,40.820816,-73.91005,1,0,Following Too Closely,4450954,31.8,22.8,0.1,0.1,0.0,1.0,51,14.8,29.2,228,Drizzle: Light,1,1,
79427,2021-08-24 19:54:00,40.641483,-74.08496,1,0,Unspecified,4451445,30.6,21.9,0.0,0.0,0.0,0.0,1,13.9,28.1,291,Mainly clear,1,1,Sunny/Clear Conditions
79428,2021-08-26 08:00:00,40.655148,-73.91094,0,0,Unspecified,4451061,31.8,22.8,0.1,0.1,0.0,1.0,51,14.8,29.2,228,Drizzle: Light,0,0,
79429,2021-08-27 14:00:00,40.650673,-73.8388,0,0,Failure to Yield Right-of-Way,4451577,32.2,23.4,1.4,1.4,0.0,2.0,55,9.4,22.3,299,Drizzle: Dense,0,0,
79430,2021-08-26 23:00:00,40.696774,-73.85283,1,0,Passing or Lane Usage Improper,4451610,31.8,22.8,0.1,0.1,0.0,1.0,51,14.8,29.2,228,Drizzle: Light,1,1,
79431,2021-08-26 16:00:00,40.77039,-73.91771,0,0,Driver Inattention/Distraction,4451473,31.8,22.8,0.1,0.1,0.0,1.0,51,14.8,29.2,228,Drizzle: Light,0,0,
79432,2021-08-25 12:15:00,40.8651,-73.92189,0,0,Following Too Closely,4450484,31.2,20.1,0.0,0.0,0.0,0.0,3,10.2,18.7,277,Overcast,0,0,
79433,2021-08-21 22:30:00,40.78202,-73.97173,0,0,Turning Improperly,4451128,27.2,23.0,0.8,0.8,0.0,6.0,51,14.3,29.5,109,Drizzle: Light,0,0,
79434,2021-08-27 16:30:00,40.65474,-73.94041,1,0,Unspecified,4451357,32.2,23.4,1.4,1.4,0.0,2.0,55,9.4,22.3,299,Drizzle: Dense,1,1,
79435,2021-08-27 13:10:00,40.803688,-73.915886,0,0,Unspecified,4451160,32.2,23.4,1.4,1.4,0.0,2.0,55,9.4,22.3,299,Drizzle: Dense,0,0,
79436,2021-08-27 18:19:00,40.799976,-73.958626,0,0,Passing or Lane Usage Improper,4451183,32.2,23.4,1.4,1.4,0.0,2.0,55,9.4,22.3,299,Drizzle: Dense,0,0,
79437,2021-08-27 11:35:00,40.69529,-73.94339,1,0,Driver Inattention/Distraction,4451640,32.2,23.4,1.4,1.4,0.0,2.0,55,9.4,22.3,299,Drizzle: Dense,1,1,
79438,2021-08-26 10:00:00,40.67536,-73.969696,0,0,Unspecified,4451321,31.8,22.8,0.1,0.1,0.0,1.0,51,14.8,29.2,228,Drizzle: Light,0,0,
79439,2021-08-25 08:20:00,40.88742,-73.89449,0,0,Driver Inexperience,4450520,31.2,20.1,0.0,0.0,0.0,0.0,3,10.2,18.7,277,Overcast,0,0,
79440,2021-08-25 23:00:00,40.54778,-74.16684,0,0,Driver Inattention/Distraction,4451250,31.2,20.1,0.0,0.0,0.0,0.0,3,10.2,18.7,277,Overcast,0,0,
79441,2021-08-26 08:21:00,40.742348,-73.86995,1,0,Failure to Yield Right-of-Way,4450874,31.8,22.8,0.1,0.1,0.0,1.0,51,14.8,29.2,228,Drizzle: Light,1,1,
79442,2021-08-25 00:08:00,40.643147,-73.99802,0,0,Unspecified,4450387,31.2,20.1,0.0,0.0,0.0,0.0,3,10.2,18.7,277,Overcast,0,0,
79443,2021-08-20 03:06:00,40.68324,-73.9439,2,0,Driver Inattention/Distraction,4451662,26.9,22.0,1.1,1.1,0.0,5.0,53,12.4,22.0,310,Drizzle: Moderate,2,2,
79444,2021-08-26 00:03:00,40.82034,-73.940025,0,0,Unspecified,4451345,31.8,22.8,0.1,0.1,0.0,1.0,51,14.8,29.2,228,Drizzle: Light,0,0,
79445,2021-08-26 10:53:00,40.69955,-73.747734,1,0,Traffic Control Disregarded,4450845,31.8,22.8,0.1,0.1,0.0,1.0,51,14.8,29.2,228,Drizzle: Light,1,1,
79446,2021-08-27 09:20:00,40.82034,-73.940025,0,0,Unspecified,4451348,32.2,23.4,1.4,1.4,0.0,2.0,55,9.4,22.3,299,Drizzle: Dense,0,0,
79447,2021-08-27 13:00:00,40.852127,-73.93783,0,0,Driver Inattention/Distraction,4451684,32.2,23.4,1.4,1.4,0.0,2.0,55,9.4,22.3,299,Drizzle: Dense,0,0,
79448,2021-08-25 17:54:00,40.679405,-73.88069,0,0,Unspecified,4450566,31.2,20.1,0.0,0.0,0.0,0.0,3,10.2,18.7,277,Overcast,0,0,
79449,2021-08-27 02:20:00,40.743187,-73.97207,0,0,Driver Inattention/Distraction,4450912,32.2,23.4,1.4,1.4,0.0,2.0,55,9.4,22.3,299,Drizzle: Dense,0,0,
79450,2021-08-26 19:59:00,40.638542,-73.875694,0,0,Unspecified,4451412,31.8,22.8,0.1,0.1,0.0,1.0,51,14.8,29.2,228,Drizzle: Light,0,0,
79451,2023-11-03 13:25:00,40.723423,-73.99962,2,0,Unspecified,4676323,12.8,1.0,0.0,0.0,0.0,0.0,1,17.7,35.6,206,Mainly clear,2,2,Sunny/Clear Conditions
79452,2021-08-20 13:22:00,40.77057,-73.91993,0,0,View Obstructed/Limited,4451012,26.9,22.0,1.1,1.1,0.0,5.0,53,12.4,22.0,310,Drizzle: Moderate,0,0,
79453,2021-08-26 10:00:00,40.6713,-73.992455,0,0,Oversized Vehicle,4450891,31.8,22.8,0.1,0.1,0.0,1.0,51,14.8,29.2,228,Drizzle: Light,0,0,
79454,2021-08-25 13:15:00,40.707325,-73.832664,0,0,Passing or Lane Usage Improper,4450488,31.2,20.1,0.0,0.0,0.0,0.0,3,10.2,18.7,277,Overcast,0,0,
79455,2021-08-25 12:45:00,40.77008,-73.812195,1,0,Passing or Lane Usage Improper,4450526,31.2,20.1,0.0,0.0,0.0,0.0,3,10.2,18.7,277,Overcast,1,1,
79456,2021-08-25 18:08:00,40.79993,-73.940674,0,0,Unspecified,4450718,31.2,20.1,0.0,0.0,0.0,0.0,3,10.2,18.7,277,Overcast,0,0,
79457,2021-07-13 18:30:00,40.681767,-73.96754,1,0,Following Too Closely,4451304,25.0,20.8,2.4,2.4,0.0,12.0,53,13.0,26.3,84,Drizzle: Moderate,1,1,
79458,2021-08-26 00:37:00,40.77904,-73.9435,0,0,Outside Car Distraction,4450679,31.8,22.8,0.1,0.1,0.0,1.0,51,14.8,29.2,228,Drizzle: Light,0,0,
79459,2021-08-18 07:53:00,40.681934,-73.922554,0,0,Following Too Closely,4451504,27.0,21.1,1.5,1.5,0.0,5.0,53,24.7,46.8,150,Drizzle: Moderate,0,0,
79460,2021-08-26 01:00:00,40.70475,-73.83003,1,0,Aggressive Driving/Road Rage,4450698,31.8,22.8,0.1,0.1,0.0,1.0,51,14.8,29.2,228,Drizzle: Light,1,1,
79461,2021-08-26 10:40:00,40.755753,-73.883514,0,0,Following Too Closely,4450916,31.8,22.8,0.1,0.1,0.0,1.0,51,14.8,29.2,228,Drizzle: Light,0,0,
79462,2021-08-27 04:30:00,40.789673,-73.96986,0,0,Failure to Yield Right-of-Way,4451044,32.2,23.4,1.4,1.4,0.0,2.0,55,9.4,22.3,299,Drizzle: Dense,0,0,
79463,2021-08-25 05:40:00,40.727207,-73.90742,0,0,Driver Inattention/Distraction,4450384,31.2,20.1,0.0,0.0,0.0,0.0,3,10.2,18.7,277,Overcast,0,0,
79464,2021-08-27 14:59:00,40.617382,-73.943474,0,0,Unspecified,4451189,32.2,23.4,1.4,1.4,0.0,2.0,55,9.4,22.3,299,Drizzle: Dense,0,0,
79465,2021-08-26 16:57:00,40.803123,-73.940445,1,0,Driver Inattention/Distraction,4450972,31.8,22.8,0.1,0.1,0.0,1.0,51,14.8,29.2,228,Drizzle: Light,1,1,
79466,2021-08-27 10:30:00,40.7038,-73.832565,2,0,Failure to Yield Right-of-Way,4451105,32.2,23.4,1.4,1.4,0.0,2.0,55,9.4,22.3,299,Drizzle: Dense,2,2,
79467,2021-08-18 06:00:00,40.862312,-73.929436,0,0,Failure to Yield Right-of-Way,4451616,27.0,21.1,1.5,1.5,0.0,5.0,53,24.7,46.8,150,Drizzle: Moderate,0,0,
79468,2021-08-22 08:53:00,40.671646,-73.91472,0,0,Unsafe Speed,4451066,23.9,22.5,56.2,56.2,0.0,21.0,63,19.8,36.0,299,Rain: Moderate,0,0,
79469,2021-08-25 21:35:00,40.669254,-73.91063,1,0,Driver Inattention/Distraction,4450604,31.2,20.1,0.0,0.0,0.0,0.0,3,10.2,18.7,277,Overcast,1,1,
79470,2021-08-26 22:46:00,40.648296,-73.89555,0,0,Unspecified,4450929,31.8,22.8,0.1,0.1,0.0,1.0,51,14.8,29.2,228,Drizzle: Light,0,0,
79471,2021-07-27 22:00:00,40.863422,-73.93003,0,0,Aggressive Driving/Road Rage,4451073,30.4,19.1,0.2,0.2,0.0,2.0,51,19.5,38.9,206,Drizzle: Light,0,0,
79472,2021-08-26 22:27:00,40.635506,-73.913284,2,0,Passing or Lane Usage Improper,4451179,31.8,22.8,0.1,0.1,0.0,1.0,51,14.8,29.2,228,Drizzle: Light,2,2,
79473,2021-08-20 18:40:00,40.842697,-73.82519,0,0,Unspecified,4451900,26.9,22.0,1.1,1.1,0.0,5.0,53,12.4,22.0,310,Drizzle: Moderate,0,0,
79474,2021-08-26 14:23:00,40.706673,-74.01591,1,0,Driver Inattention/Distraction,4451548,31.8,22.8,0.1,0.1,0.0,1.0,51,14.8,29.2,228,Drizzle: Light,1,1,
79475,2021-08-26 18:00:00,40.806587,-73.91041,0,0,Passing Too Closely,4450958,31.8,22.8,0.1,0.1,0.0,1.0,51,14.8,29.2,228,Drizzle: Light,0,0,
79476,2021-08-27 13:43:00,40.82156,-73.95836,0,0,Following Too Closely,4451255,32.2,23.4,1.4,1.4,0.0,2.0,55,9.4,22.3,299,Drizzle: Dense,0,0,
79477,2021-08-24 16:20:00,40.576405,-74.127075,2,0,Steering Failure,4451147,30.6,21.9,0.0,0.0,0.0,0.0,1,13.9,28.1,291,Mainly clear,2,2,Sunny/Clear Conditions
79478,2021-08-27 18:05:00,40.78642,-73.978065,0,0,Driver Inattention/Distraction,4451745,32.2,23.4,1.4,1.4,0.0,2.0,55,9.4,22.3,299,Drizzle: Dense,0,0,
79479,2021-08-25 05:55:00,40.826683,-73.935394,1,0,Driver Inattention/Distraction,4450436,31.2,20.1,0.0,0.0,0.0,0.0,3,10.2,18.7,277,Overcast,1,1,
79480,2021-08-26 21:00:00,40.657516,-73.8931,3,0,Other Vehicular,4451417,31.8,22.8,0.1,0.1,0.0,1.0,51,14.8,29.2,228,Drizzle: Light,3,3,
79481,2021-08-27 02:00:00,40.68906,-73.97939,0,0,Unspecified,4450924,32.2,23.4,1.4,1.4,0.0,2.0,55,9.4,22.3,299,Drizzle: Dense,0,0,
79482,2021-08-23 10:07:00,40.865177,-73.932945,4,0,Driver Inattention/Distraction,4451342,28.7,22.0,36.1,36.1,0.0,19.0,65,27.4,49.3,230,Rain: Heavy,4,4,
79483,2021-08-26 15:21:00,40.67098,-73.884384,0,0,Unspecified,4451274,31.8,22.8,0.1,0.1,0.0,1.0,51,14.8,29.2,228,Drizzle: Light,0,0,
79484,2021-08-26 11:00:00,40.584816,-73.95271,0,0,Traffic Control Disregarded,4451223,31.8,22.8,0.1,0.1,0.0,1.0,51,14.8,29.2,228,Drizzle: Light,0,0,
79485,2021-08-25 15:40:00,40.640167,-73.95713,0,0,Reaction to Uninvolved Vehicle,4450639,31.2,20.1,0.0,0.0,0.0,0.0,3,10.2,18.7,277,Overcast,0,0,
79486,2021-08-25 14:24:00,40.748215,-73.968544,1,0,Unspecified,4451206,31.2,20.1,0.0,0.0,0.0,0.0,3,10.2,18.7,277,Overcast,1,1,
79487,2021-08-26 07:24:00,40.668507,-73.92561,0,0,Following Too Closely,4451653,31.8,22.8,0.1,0.1,0.0,1.0,51,14.8,29.2,228,Drizzle: Light,0,0,
79488,2021-08-25 06:30:00,40.796215,-73.94969,0,0,Reaction to Uninvolved Vehicle,4450359,31.2,20.1,0.0,0.0,0.0,0.0,3,10.2,18.7,277,Overcast,0,0,
79489,2021-08-26 16:56:00,40.698265,-73.93399,0,0,Reaction to Uninvolved Vehicle,4451386,31.8,22.8,0.1,0.1,0.0,1.0,51,14.8,29.2,228,Drizzle: Light,0,0,
79490,2021-08-25 11:15:00,40.69377,-73.73578,1,0,Driver Inattention/Distraction,4450534,31.2,20.1,0.0,0.0,0.0,0.0,3,10.2,18.7,277,Overcast,1,1,
79491,2021-08-25 22:11:00,40.674953,-73.80205,0,0,Following Too Closely,4450670,31.2,20.1,0.0,0.0,0.0,0.0,3,10.2,18.7,277,Overcast,0,0,
79492,2021-08-27 06:03:00,40.596123,-74.00068,0,0,Following Too Closely,4450989,32.2,23.4,1.4,1.4,0.0,2.0,55,9.4,22.3,299,Drizzle: Dense,0,0,
79493,2021-08-26 09:20:00,40.69049,-73.978745,0,0,Unspecified,4450896,31.8,22.8,0.1,0.1,0.0,1.0,51,14.8,29.2,228,Drizzle: Light,0,0,
79494,2021-08-25 06:20:00,40.80123,-73.94996,0,0,Backing Unsafely,4451049,31.2,20.1,0.0,0.0,0.0,0.0,3,10.2,18.7,277,Overcast,0,0,
79495,2021-08-27 16:52:00,40.6416,-73.93802,0,0,Failure to Yield Right-of-Way,4451174,32.2,23.4,1.4,1.4,0.0,2.0,55,9.4,22.3,299,Drizzle: Dense,0,0,
79496,2021-08-27 15:45:00,40.645626,-73.95808,1,0,Unspecified,4451201,32.2,23.4,1.4,1.4,0.0,2.0,55,9.4,22.3,299,Drizzle: Dense,1,1,
79497,2021-08-26 18:30:00,40.714104,-73.95322,1,0,Lost Consciousness,4451222,31.8,22.8,0.1,0.1,0.0,1.0,51,14.8,29.2,228,Drizzle: Light,1,1,
79498,2021-08-25 21:15:00,40.80484,-73.912796,1,0,Passing or Lane Usage Improper,4450623,31.2,20.1,0.0,0.0,0.0,0.0,3,10.2,18.7,277,Overcast,1,1,
79499,2021-08-25 08:39:00,40.696198,-73.98877,0,0,Unsafe Lane Changing,4450472,31.2,20.1,0.0,0.0,0.0,0.0,3,10.2,18.7,277,Overcast,0,0,
79500,2021-08-26 17:29:00,40.6997,-73.94425,0,0,Failure to Yield Right-of-Way,4451666,31.8,22.8,0.1,0.1,0.0,1.0,51,14.8,29.2,228,Drizzle: Light,0,0,
79501,2021-08-24 16:05:00,40.677715,-73.93587,0,0,Driver Inattention/Distraction,4451644,30.6,21.9,0.0,0.0,0.0,0.0,1,13.9,28.1,291,Mainly clear,0,0,Sunny/Clear Conditions
79502,2021-08-25 17:55:00,40.7616,-73.96865,0,0,Failure to Yield Right-of-Way,4450799,31.2,20.1,0.0,0.0,0.0,0.0,3,10.2,18.7,277,Overcast,0,0,
79503,2021-07-16 02:14:00,40.80674,-73.924446,1,0,Other Vehicular,4451068,32.3,23.2,0.3,0.3,0.0,3.0,51,12.3,33.1,238,Drizzle: Light,1,1,
79504,2021-08-25 15:47:00,40.608223,-74.1294,0,0,Unsafe Lane Changing,4450772,31.2,20.1,0.0,0.0,0.0,0.0,3,10.2,18.7,277,Overcast,0,0,
79505,2021-08-15 20:00:00,40.828594,-73.92173,0,0,Vehicle Vandalism,4451237,27.9,20.0,0.0,0.0,0.0,0.0,3,16.6,33.1,25,Overcast,0,0,
79506,2021-08-27 08:51:00,40.69313,-73.96984,0,0,Driver Inattention/Distraction,4451053,32.2,23.4,1.4,1.4,0.0,2.0,55,9.4,22.3,299,Drizzle: Dense,0,0,
79507,2021-08-25 16:30:00,40.67743,-73.87591,0,0,Unspecified,4450570,31.2,20.1,0.0,0.0,0.0,0.0,3,10.2,18.7,277,Overcast,0,0,
79508,2021-08-26 17:50:00,40.839962,-73.84326,0,0,Unspecified,4450963,31.8,22.8,0.1,0.1,0.0,1.0,51,14.8,29.2,228,Drizzle: Light,0,0,
79509,2021-08-27 14:00:00,40.804745,-73.91194,0,0,Unsafe Lane Changing,4451159,32.2,23.4,1.4,1.4,0.0,2.0,55,9.4,22.3,299,Drizzle: Dense,0,0,
79510,2021-08-12 01:57:00,40.715443,-73.95185,1,0,Turning Improperly,4451826,35.2,23.1,0.0,0.0,0.0,0.0,3,21.0,47.5,220,Overcast,1,1,
79511,2021-08-27 01:17:00,40.6697,-73.80766,0,0,Driver Inattention/Distraction,4451142,32.2,23.4,1.4,1.4,0.0,2.0,55,9.4,22.3,299,Drizzle: Dense,0,0,
79512,2021-08-25 20:10:00,40.70054,-73.95942,0,0,Passing or Lane Usage Improper,4450556,31.2,20.1,0.0,0.0,0.0,0.0,3,10.2,18.7,277,Overcast,0,0,
79513,2021-08-23 15:00:00,40.740837,-73.7583,0,0,Failure to Yield Right-of-Way,4451085,28.7,22.0,36.1,36.1,0.0,19.0,65,27.4,49.3,230,Rain: Heavy,0,0,
79514,2021-08-26 07:42:00,40.787857,-73.96745,0,0,Unspecified,4450728,31.8,22.8,0.1,0.1,0.0,1.0,51,14.8,29.2,228,Drizzle: Light,0,0,
79515,2021-08-27 14:25:00,40.644245,-73.89103,1,0,Unspecified,4451300,32.2,23.4,1.4,1.4,0.0,2.0,55,9.4,22.3,299,Drizzle: Dense,1,1,
79516,2021-08-26 07:02:00,40.670124,-73.95528,0,0,Driver Inattention/Distraction,4451319,31.8,22.8,0.1,0.1,0.0,1.0,51,14.8,29.2,228,Drizzle: Light,0,0,
79517,2021-08-27 05:10:00,40.899246,-73.84609,1,0,Oversized Vehicle,4451709,32.2,23.4,1.4,1.4,0.0,2.0,55,9.4,22.3,299,Drizzle: Dense,1,1,
79518,2021-08-10 19:53:00,40.777905,-73.98209,1,0,Alcohol Involvement,4451127,27.3,20.4,3.8,3.8,0.0,11.0,61,18.0,36.0,170,Rain: Light,1,1,
79519,2021-08-27 16:32:00,40.73938,-73.944466,0,0,Unspecified,4451184,32.2,23.4,1.4,1.4,0.0,2.0,55,9.4,22.3,299,Drizzle: Dense,0,0,
79520,2021-08-26 12:35:00,40.859325,-73.93132,1,0,Passing or Lane Usage Improper,4451098,31.8,22.8,0.1,0.1,0.0,1.0,51,14.8,29.2,228,Drizzle: Light,1,1,
79521,2021-08-26 19:40:00,40.637054,-73.98643,0,0,Unspecified,4451453,31.8,22.8,0.1,0.1,0.0,1.0,51,14.8,29.2,228,Drizzle: Light,0,0,
79522,2021-08-26 13:25:00,40.613804,-74.11338,0,0,Reaction to Uninvolved Vehicle,4451693,31.8,22.8,0.1,0.1,0.0,1.0,51,14.8,29.2,228,Drizzle: Light,0,0,
79523,2021-08-26 09:53:00,40.818745,-73.94207,0,0,Unspecified,4450752,31.8,22.8,0.1,0.1,0.0,1.0,51,14.8,29.2,228,Drizzle: Light,0,0,
79524,2021-08-25 21:37:00,40.84641,-73.86657,0,0,Passing Too Closely,4450576,31.2,20.1,0.0,0.0,0.0,0.0,3,10.2,18.7,277,Overcast,0,0,
79525,2021-08-23 18:30:00,40.725014,-73.99712,2,0,Unspecified,4451624,28.7,22.0,36.1,36.1,0.0,19.0,65,27.4,49.3,230,Rain: Heavy,2,2,
79526,2021-08-26 17:23:00,40.635395,-73.899284,1,0,Unspecified,4451193,31.8,22.8,0.1,0.1,0.0,1.0,51,14.8,29.2,228,Drizzle: Light,1,1,
79527,2021-08-27 12:15:00,40.65354,-73.94986,0,0,Following Too Closely,4451332,32.2,23.4,1.4,1.4,0.0,2.0,55,9.4,22.3,299,Drizzle: Dense,0,0,
79528,2021-08-27 20:00:00,40.847317,-73.911476,0,0,Passing Too Closely,4451929,32.2,23.4,1.4,1.4,0.0,2.0,55,9.4,22.3,299,Drizzle: Dense,0,0,
79529,2021-08-13 04:38:00,40.80521,-73.94736,0,0,Traffic Control Disregarded,4451555,33.2,24.8,0.0,0.0,0.0,0.0,3,18.2,34.9,215,Overcast,0,0,
79530,2021-08-27 12:40:00,40.859554,-73.84301,1,0,Unsafe Lane Changing,4451120,32.2,23.4,1.4,1.4,0.0,2.0,55,9.4,22.3,299,Drizzle: Dense,1,1,
79531,2021-08-27 00:00:00,40.887096,-73.86087,0,0,Failure to Yield Right-of-Way,4451698,32.2,23.4,1.4,1.4,0.0,2.0,55,9.4,22.3,299,Drizzle: Dense,0,0,
79532,2021-08-27 18:42:00,40.676193,-74.001335,1,0,Unspecified,4451425,32.2,23.4,1.4,1.4,0.0,2.0,55,9.4,22.3,299,Drizzle: Dense,1,1,
79533,2021-08-25 12:55:00,40.759365,-73.914276,0,0,Unspecified,4450465,31.2,20.1,0.0,0.0,0.0,0.0,3,10.2,18.7,277,Overcast,0,0,
79534,2021-08-26 20:40:00,40.72178,-73.902855,0,0,Backing Unsafely,4450883,31.8,22.8,0.1,0.1,0.0,1.0,51,14.8,29.2,228,Drizzle: Light,0,0,
79535,2021-08-25 00:00:00,40.68016,-73.893196,1,0,Traffic Control Disregarded,4450426,31.2,20.1,0.0,0.0,0.0,0.0,3,10.2,18.7,277,Overcast,1,1,
79536,2021-08-26 15:57:00,40.836662,-73.86087,0,0,Unspecified,4450813,31.8,22.8,0.1,0.1,0.0,1.0,51,14.8,29.2,228,Drizzle: Light,0,0,
79537,2021-08-25 18:00:00,40.635784,-73.95953,2,0,Traffic Control Disregarded,4450643,31.2,20.1,0.0,0.0,0.0,0.0,3,10.2,18.7,277,Overcast,2,2,
79538,2021-08-25 10:07:00,40.8188,-73.956024,1,0,Driver Inexperience,4451266,31.2,20.1,0.0,0.0,0.0,0.0,3,10.2,18.7,277,Overcast,1,1,
79539,2021-08-27 01:15:00,40.78779,-73.77709,0,0,Unspecified,4450993,32.2,23.4,1.4,1.4,0.0,2.0,55,9.4,22.3,299,Drizzle: Dense,0,0,
79540,2021-08-25 16:05:00,40.70219,-73.928345,0,0,Passing Too Closely,4450703,31.2,20.1,0.0,0.0,0.0,0.0,3,10.2,18.7,277,Overcast,0,0,
79541,2021-08-25 00:00:00,40.59132,-73.994514,0,0,Driver Inattention/Distraction,4450498,31.2,20.1,0.0,0.0,0.0,0.0,3,10.2,18.7,277,Overcast,0,0,
79542,2021-08-24 20:00:00,40.8297,-73.91932,0,0,Unspecified,4451242,30.6,21.9,0.0,0.0,0.0,0.0,1,13.9,28.1,291,Mainly clear,0,0,Sunny/Clear Conditions
79543,2021-08-20 21:45:00,40.78298,-73.91376,0,0,Unspecified,4451004,26.9,22.0,1.1,1.1,0.0,5.0,53,12.4,22.0,310,Drizzle: Moderate,0,0,
79544,2021-08-26 04:23:00,40.87911,-73.84325,2,0,Traffic Control Disregarded,4450659,31.8,22.8,0.1,0.1,0.0,1.0,51,14.8,29.2,228,Drizzle: Light,2,2,
79545,2021-08-25 16:21:00,40.815937,-73.909134,1,0,Unspecified,4450618,31.2,20.1,0.0,0.0,0.0,0.0,3,10.2,18.7,277,Overcast,1,1,
79546,2021-08-26 00:00:00,40.660797,-73.87183,2,0,Other Vehicular,4451398,31.8,22.8,0.1,0.1,0.0,1.0,51,14.8,29.2,228,Drizzle: Light,2,2,