,CRASH DATETIME,LATITUDE,LONGITUDE,NUMBER OF PERSONS INJURED,NUMBER OF PERSONS KILLED,CONTRIBUTING FACTOR VEHICLE 1,COLLISION_ID,temperature_2m_max,temperature_2m_min,precipitation_sum,rain_sum,snowfall_sum,precipitation_hours,weather_code,wind_speed_10m_max,wind_gusts_10m_max,wind_direction_10m_dominant,Weather Description,Severity_Score,Total_Affected_Persons,Weather_Category
79547,2021-08-26 13:22:00,40.827682,-73.8998,0,0,Traffic Control Disregarded,4451021,31.8,22.8,0.1,0.1,0.0,1.0,51,14.8,29.2,228,Drizzle: Light,0,0,
79548,2021-08-20 18:10:00,40.68865,-73.922966,0,0,Backing Unsafely,4451493,26.9,22.0,1.1,1.1,0.0,5.0,53,12.4,22.0,310,Drizzle: Moderate,0,0,
79549,2021-07-17 03:31:00,40.691895,-73.93384,1,0,Unspecified,4451483,30.8,23.3,5.1,5.1,0.0,5.0,61,17.8,36.4,201,Rain: Light,1,1,
79550,2021-08-25 07:30:00,40.702614,-73.96058,1,0,Following Too Closely,4450398,31.2,20.1,0.0,0.0,0.0,0.0,3,10.2,18.7,277,Overcast,1,1,
79551,2021-08-25 00:31:00,40.83542,-73.86809,0,0,Unsafe Speed,4450345,31.2,20.1,0.0,0.0,0.0,0.0,3,10.2,18.7,277,Overcast,0,0,
79552,2021-08-25 01:04:00,40.701103,-73.89088,2,0,Driver Inattention/Distraction,4450538,31.2,20.1,0.0,0.0,0.0,0.0,3,10.2,18.7,277,Overcast,2,2,
79553,2021-08-27 16:48:00,40.66381,-73.91117,0,0,Unspecified,4451171,32.2,23.4,1.4,1.4,0.0,2.0,55,9.4,22.3,299,Drizzle: Dense,0,0,
79554,2021-08-26 14:52:00,40.824886,-73.9508,0,0,Passing or Lane Usage Improper,4450868,31.8,22.8,0.1,0.1,0.0,1.0,51,14.8,29.2,228,Drizzle: Light,0,0,
79555,2021-08-25 12:30:00,40.662655,-73.84912,0,0,Unsafe Speed,4450594,31.2,20.1,0.0,0.0,0.0,0.0,3,10.2,18.7,277,Overcast,0,0,
79556,2021-11-03 10:30:00,40.71077,-73.852806,1,0,Failure to Yield Right-of-Way,4473717,10.7,3.8,0.1,0.1,0.0,1.0,51,15.6,30.6,302,Drizzle: Light,1,1,
79557,2021-08-25 10:30:00,40.675156,-73.99125,0,0,Backing Unsafely,4450504,31.2,20.1,0.0,0.0,0.0,0.0,3,10.2,18.7,277,Overcast,0,0,
79558,2021-08-26 14:48:00,40.72944,-73.87519,0,0,Unspecified,4451777,31.8,22.8,0.1,0.1,0.0,1.0,51,14.8,29.2,228,Drizzle: Light,0,0,
79559,2021-08-26 23:02:00,40.588562,-74.14584,1,0,Traffic Control Disregarded,4450981,31.8,22.8,0.1,0.1,0.0,1.0,51,14.8,29.2,228,Drizzle: Light,1,1,
79560,2021-08-25 20:15:00,40.839207,-73.87699,1,0,Failure to Yield Right-of-Way,4450778,31.2,20.1,0.0,0.0,0.0,0.0,3,10.2,18.7,277,Overcast,1,1,
79561,2021-08-25 15:00:00,40.875286,-73.88534,0,0,Backing Unsafely,4450792,31.2,20.1,0.0,0.0,0.0,0.0,3,10.2,18.7,277,Overcast,0,0,
79562,2021-08-26 16:03:00,40.861862,-73.91275,0,0,Passing or Lane Usage Improper,4451036,31.8,22.8,0.1,0.1,0.0,1.0,51,14.8,29.2,228,Drizzle: Light,0,0,
79563,2021-08-20 17:08:00,40.878742,-73.87255,0,0,Other Vehicular,4451113,26.9,22.0,1.1,1.1,0.0,5.0,53,12.4,22.0,310,Drizzle: Moderate,0,0,
79564,2021-08-26 00:45:00,40.804012,-73.93097,0,0,Unspecified,4450734,31.8,22.8,0.1,0.1,0.0,1.0,51,14.8,29.2,228,Drizzle: Light,0,0,
79565,2021-08-27 16:55:00,40.669785,-73.9858,1,0,Reaction to Uninvolved Vehicle,4451294,32.2,23.4,1.4,1.4,0.0,2.0,55,9.4,22.3,299,Drizzle: Dense,1,1,
79566,2021-07-09 12:45:00,40.717033,-73.962494,1,0,Unspecified,4451824,29.8,22.0,35.0,35.0,0.0,14.0,63,31.0,55.8,341,Rain: Moderate,1,1,
79567,2021-08-26 09:30:00,40.60694,-73.75847,0,0,Unspecified,4451081,31.8,22.8,0.1,0.1,0.0,1.0,51,14.8,29.2,228,Drizzle: Light,0,0,
79568,2021-08-14 00:30:00,40.64021,-73.994934,0,0,Unspecified,4451457,31.3,24.2,2.5,2.5,0.0,5.0,55,16.9,32.8,286,Drizzle: Dense,0,0,
79569,2022-01-28 16:36:00,40.714394,-73.895996,0,0,Passing Too Closely,4498399,1.0,-3.1,2.4,0.0,1.68,13.0,73,18.7,31.3,251,Snow fall: Moderate,0,0,Snowy Conditions
79570,2021-08-26 14:07:00,40.841667,-73.94113,0,0,Passing Too Closely,4450986,31.8,22.8,0.1,0.1,0.0,1.0,51,14.8,29.2,228,Drizzle: Light,0,0,
79571,2021-08-24 13:40:00,40.77178,-73.9792,2,0,Other Vehicular,4451704,30.6,21.9,0.0,0.0,0.0,0.0,1,13.9,28.1,291,Mainly clear,2,2,Sunny/Clear Conditions
79572,2021-08-26 23:20:00,40.747303,-73.86499,0,0,Driver Inattention/Distraction,4451595,31.8,22.8,0.1,0.1,0.0,1.0,51,14.8,29.2,228,Drizzle: Light,0,0,
79573,2021-08-23 22:26:00,40.672363,-73.9308,1,0,Driver Inattention/Distraction,4451315,28.7,22.0,36.1,36.1,0.0,19.0,65,27.4,49.3,230,Rain: Heavy,1,1,
79574,2021-08-27 00:39:00,40.703854,-73.95128,1,0,Driver Inattention/Distraction,4450940,32.2,23.4,1.4,1.4,0.0,2.0,55,9.4,22.3,299,Drizzle: Dense,1,1,
79575,2021-08-27 11:15:00,40.672752,-73.921646,0,0,Other Vehicular,4451152,32.2,23.4,1.4,1.4,0.0,2.0,55,9.4,22.3,299,Drizzle: Dense,0,0,
79576,2021-08-25 13:05:00,40.71944,-73.84526,0,0,Driver Inattention/Distraction,4450550,31.2,20.1,0.0,0.0,0.0,0.0,3,10.2,18.7,277,Overcast,0,0,
79577,2021-08-27 11:00:00,40.73523,-73.73875,0,0,Unspecified,4451369,32.2,23.4,1.4,1.4,0.0,2.0,55,9.4,22.3,299,Drizzle: Dense,0,0,
79578,2021-08-25 10:45:00,40.778637,-73.955696,1,0,Driver Inattention/Distraction,4450742,31.2,20.1,0.0,0.0,0.0,0.0,3,10.2,18.7,277,Overcast,1,1,
79579,2021-08-23 17:41:00,40.59953,-74.00182,0,0,Backing Unsafely,4451531,28.7,22.0,36.1,36.1,0.0,19.0,65,27.4,49.3,230,Rain: Heavy,0,0,
79580,2021-08-26 16:58:00,40.64495,-73.95186,1,0,Traffic Control Disregarded,4450853,31.8,22.8,0.1,0.1,0.0,1.0,51,14.8,29.2,228,Drizzle: Light,1,1,
79581,2021-08-25 17:49:00,40.72364,-73.755775,1,0,Unspecified,4450635,31.2,20.1,0.0,0.0,0.0,0.0,3,10.2,18.7,277,Overcast,1,1,
79582,2021-08-26 18:00:00,40.758465,-73.77648,1,0,Driver Inattention/Distraction,4450879,31.8,22.8,0.1,0.1,0.0,1.0,51,14.8,29.2,228,Drizzle: Light,1,1,
79583,2021-08-26 12:30:00,40.8439,-73.9117,0,0,Passing Too Closely,4451230,31.8,22.8,0.1,0.1,0.0,1.0,51,14.8,29.2,228,Drizzle: Light,0,0,
79584,2021-08-24 17:16:00,40.627636,-74.079216,0,0,Pedestrian/Bicyclist/Other Pedestrian Error/Confusion,4451442,30.6,21.9,0.0,0.0,0.0,0.0,1,13.9,28.1,291,Mainly clear,0,0,Sunny/Clear Conditions
79585,2021-08-13 13:25:00,40.806747,-73.943085,0,0,Unsafe Lane Changing,4451050,33.2,24.8,0.0,0.0,0.0,0.0,3,18.2,34.9,215,Overcast,0,0,
79586,2021-08-26 21:52:00,40.78917,-73.95275,0,0,Unspecified,4450898,31.8,22.8,0.1,0.1,0.0,1.0,51,14.8,29.2,228,Drizzle: Light,0,0,
79587,2021-08-27 13:15:00,40.840755,-73.876915,0,0,Driver Inattention/Distraction,4451605,32.2,23.4,1.4,1.4,0.0,2.0,55,9.4,22.3,299,Drizzle: Dense,0,0,
79588,2021-08-24 19:10:00,40.77211,-73.93013,0,0,Driver Inattention/Distraction,4451013,30.6,21.9,0.0,0.0,0.0,0.0,1,13.9,28.1,291,Mainly clear,0,0,Sunny/Clear Conditions
79589,2021-08-25 11:30:00,40.761265,-73.87501,0,0,Passing or Lane Usage Improper,4450451,31.2,20.1,0.0,0.0,0.0,0.0,3,10.2,18.7,277,Overcast,0,0,
79590,2021-08-19 19:20:00,40.823658,-73.836426,0,0,Unspecified,4451899,30.2,23.4,11.8,11.8,0.0,13.0,61,26.3,53.3,223,Rain: Light,0,0,
79591,2021-08-25 11:20:00,40.788586,-73.95529,1,0,Passing or Lane Usage Improper,4450654,31.2,20.1,0.0,0.0,0.0,0.0,3,10.2,18.7,277,Overcast,1,1,
79592,2021-08-27 16:20:00,40.705257,-73.834206,0,0,Passing Too Closely,4451609,32.2,23.4,1.4,1.4,0.0,2.0,55,9.4,22.3,299,Drizzle: Dense,0,0,
79593,2021-08-26 13:17:00,40.63631,-74.0258,0,0,Unspecified,4450817,31.8,22.8,0.1,0.1,0.0,1.0,51,14.8,29.2,228,Drizzle: Light,0,0,
79594,2022-04-14 19:50:00,40.872772,-73.877754,0,0,Passing Too Closely,4519136,28.1,13.9,0.2,0.2,0.0,2.0,51,25.9,46.1,249,Drizzle: Light,0,0,
79595,2021-08-25 09:35:00,40.6576,-73.889885,0,0,Unspecified,4450431,31.2,20.1,0.0,0.0,0.0,0.0,3,10.2,18.7,277,Overcast,0,0,
79596,2021-08-25 13:44:00,40.705738,-73.944695,0,0,Following Too Closely,4450491,31.2,20.1,0.0,0.0,0.0,0.0,3,10.2,18.7,277,Overcast,0,0,
79597,2021-08-25 07:36:00,40.664097,-73.90932,0,0,Unspecified,4451567,31.2,20.1,0.0,0.0,0.0,0.0,3,10.2,18.7,277,Overcast,0,0,
79598,2021-08-27 01:35:00,40.680244,-73.984146,0,0,Driver Inattention/Distraction,4451008,32.2,23.4,1.4,1.4,0.0,2.0,55,9.4,22.3,299,Drizzle: Dense,0,0,
79599,2021-08-25 09:30:00,40.678455,-73.949684,3,0,Following Too Closely,4451638,31.2,20.1,0.0,0.0,0.0,0.0,3,10.2,18.7,277,Overcast,3,3,
79600,2021-08-25 22:00:00,40.82101,-73.93436,2,0,Driver Inattention/Distraction,4450708,31.2,20.1,0.0,0.0,0.0,0.0,3,10.2,18.7,277,Overcast,2,2,
79601,2021-08-25 22:50:00,40.832623,-73.86891,0,0,Driver Inattention/Distraction,4450699,31.2,20.1,0.0,0.0,0.0,0.0,3,10.2,18.7,277,Overcast,0,0,
79602,2021-08-25 09:00:00,40.646626,-73.98308,1,0,Unspecified,4450389,31.2,20.1,0.0,0.0,0.0,0.0,3,10.2,18.7,277,Overcast,1,1,
79603,2021-08-23 16:15:00,40.5796,-73.954445,0,0,Turning Improperly,4451025,28.7,22.0,36.1,36.1,0.0,19.0,65,27.4,49.3,230,Rain: Heavy,0,0,
79604,2021-08-23 23:30:00,40.69488,-73.94042,1,0,Traffic Control Disregarded,4451503,28.7,22.0,36.1,36.1,0.0,19.0,65,27.4,49.3,230,Rain: Heavy,1,1,
79605,2021-08-26 04:28:00,40.88643,-73.895805,0,0,Unspecified,4451657,31.8,22.8,0.1,0.1,0.0,1.0,51,14.8,29.2,228,Drizzle: Light,0,0,
79606,2021-08-25 04:58:00,40.604042,-73.98665,0,0,Alcohol Involvement,4450833,31.2,20.1,0.0,0.0,0.0,0.0,3,10.2,18.7,277,Overcast,0,0,
79607,2021-08-26 18:37:00,40.67594,-73.94715,0,0,Following Too Closely,4451655,31.8,22.8,0.1,0.1,0.0,1.0,51,14.8,29.2,228,Drizzle: Light,0,0,
79608,2021-08-27 01:10:00,40.74613,-73.83605,1,0,Following Too Closely,4450975,32.2,23.4,1.4,1.4,0.0,2.0,55,9.4,22.3,299,Drizzle: Dense,1,1,
79609,2021-08-27 20:15:00,40.86952,-73.85667,2,0,Unspecified,4451211,32.2,23.4,1.4,1.4,0.0,2.0,55,9.4,22.3,299,Drizzle: Dense,2,2,
79610,2021-08-27 13:20:00,40.67385,-73.90024,0,0,Unspecified,4451403,32.2,23.4,1.4,1.4,0.0,2.0,55,9.4,22.3,299,Drizzle: Dense,0,0,
79611,2021-08-26 19:30:00,40.724335,-73.72464,1,0,Following Too Closely,4451167,31.8,22.8,0.1,0.1,0.0,1.0,51,14.8,29.2,228,Drizzle: Light,1,1,
79612,2021-08-26 14:00:00,40.67027,-73.820984,2,0,Failure to Yield Right-of-Way,4450884,31.8,22.8,0.1,0.1,0.0,1.0,51,14.8,29.2,228,Drizzle: Light,2,2,
79613,2021-08-26 10:20:00,40.52418,-74.2348,0,0,Passing or Lane Usage Improper,4450737,31.8,22.8,0.1,0.1,0.0,1.0,51,14.8,29.2,228,Drizzle: Light,0,0,
79614,2021-08-26 18:37:00,40.713634,-73.95915,1,0,Unspecified,4450911,31.8,22.8,0.1,0.1,0.0,1.0,51,14.8,29.2,228,Drizzle: Light,1,1,
79615,2021-08-25 10:51:00,40.63322,-73.99402,0,0,Unspecified,4450783,31.2,20.1,0.0,0.0,0.0,0.0,3,10.2,18.7,277,Overcast,0,0,
79616,2021-08-25 18:57:00,40.851467,-73.89557,1,0,Traffic Control Disregarded,4450787,31.2,20.1,0.0,0.0,0.0,0.0,3,10.2,18.7,277,Overcast,1,1,
79617,2021-08-25 05:15:00,40.707954,-73.83715,0,0,Fell Asleep,4450318,31.2,20.1,0.0,0.0,0.0,0.0,3,10.2,18.7,277,Overcast,0,0,
79618,2021-08-26 18:10:00,40.872147,-73.90446,1,0,Driver Inattention/Distraction,4450873,31.8,22.8,0.1,0.1,0.0,1.0,51,14.8,29.2,228,Drizzle: Light,1,1,
79619,2021-08-25 15:05:00,40.782887,-73.9439,0,0,Unsafe Speed,4450603,31.2,20.1,0.0,0.0,0.0,0.0,3,10.2,18.7,277,Overcast,0,0,
79620,2021-08-26 22:37:00,40.71256,-73.88107,0,0,Fell Asleep,4451783,31.8,22.8,0.1,0.1,0.0,1.0,51,14.8,29.2,228,Drizzle: Light,0,0,
79621,2021-08-26 17:45:00,40.710278,-73.95802,1,0,Passing or Lane Usage Improper,4451533,31.8,22.8,0.1,0.1,0.0,1.0,51,14.8,29.2,228,Drizzle: Light,1,1,
79622,2021-08-25 23:50:00,40.804993,-73.911354,0,0,Passing or Lane Usage Improper,4450615,31.2,20.1,0.0,0.0,0.0,0.0,3,10.2,18.7,277,Overcast,0,0,
79623,2021-08-26 16:02:00,40.67784,-73.780266,1,0,Reaction to Uninvolved Vehicle,4450933,31.8,22.8,0.1,0.1,0.0,1.0,51,14.8,29.2,228,Drizzle: Light,1,1,
79624,2021-08-27 13:04:00,40.86167,-73.908424,0,0,Passing Too Closely,4451109,32.2,23.4,1.4,1.4,0.0,2.0,55,9.4,22.3,299,Drizzle: Dense,0,0,
79625,2021-08-25 02:59:00,40.757145,-73.99357,0,0,Following Too Closely,4450824,31.2,20.1,0.0,0.0,0.0,0.0,3,10.2,18.7,277,Overcast,0,0,
79626,2021-08-26 18:30:00,40.805088,-73.91561,0,0,Following Too Closely,4450957,31.8,22.8,0.1,0.1,0.0,1.0,51,14.8,29.2,228,Drizzle: Light,0,0,
79627,2021-08-25 00:18:00,40.735554,-73.88048,0,0,Driver Inattention/Distraction,4450547,31.2,20.1,0.0,0.0,0.0,0.0,3,10.2,18.7,277,Overcast,0,0,
79628,2021-08-26 15:33:00,40.70627,-74.01292,1,0,Driver Inattention/Distraction,4451547,31.8,22.8,0.1,0.1,0.0,1.0,51,14.8,29.2,228,Drizzle: Light,1,1,
79629,2021-08-25 13:00:00,40.82615,-73.87766,0,0,Passing Too Closely,4450714,31.2,20.1,0.0,0.0,0.0,0.0,3,10.2,18.7,277,Overcast,0,0,
79630,2021-08-26 22:11:00,40.875225,-73.873535,1,0,Driverless/Runaway Vehicle,4451040,31.8,22.8,0.1,0.1,0.0,1.0,51,14.8,29.2,228,Drizzle: Light,1,1,
79631,2021-08-26 01:30:00,40.88547,-73.8637,0,0,Unspecified,4451700,31.8,22.8,0.1,0.1,0.0,1.0,51,14.8,29.2,228,Drizzle: Light,0,0,
79632,2021-08-25 13:30:00,40.84483,-73.88404,0,0,Driver Inattention/Distraction,4451077,31.2,20.1,0.0,0.0,0.0,0.0,3,10.2,18.7,277,Overcast,0,0,
79633,2021-08-26 20:00:00,40.759933,-73.87929,0,0,Unspecified,4451463,31.8,22.8,0.1,0.1,0.0,1.0,51,14.8,29.2,228,Drizzle: Light,0,0,
79634,2021-08-27 13:32:00,40.68502,-73.97991,1,0,Driver Inattention/Distraction,4451290,32.2,23.4,1.4,1.4,0.0,2.0,55,9.4,22.3,299,Drizzle: Dense,1,1,
79635,2021-08-26 07:50:00,40.768887,-73.90691,0,0,Following Too Closely,4451003,31.8,22.8,0.1,0.1,0.0,1.0,51,14.8,29.2,228,Drizzle: Light,0,0,
79636,2021-08-26 05:25:00,40.69009,-73.93648,0,0,Unspecified,4451583,31.8,22.8,0.1,0.1,0.0,1.0,51,14.8,29.2,228,Drizzle: Light,0,0,
79637,2021-11-04 18:40:00,40.68442,-73.97839,0,0,Unsafe Lane Changing,4474197,9.9,3.0,0.0,0.0,0.0,0.0,3,10.8,21.2,5,Overcast,0,0,
79638,2021-08-27 11:05:00,40.720074,-73.96282,1,0,Unsafe Speed,4451926,32.2,23.4,1.4,1.4,0.0,2.0,55,9.4,22.3,299,Drizzle: Dense,1,1,
79639,2021-08-27 09:45:00,40.837425,-73.92037,1,0,Unsafe Speed,4451245,32.2,23.4,1.4,1.4,0.0,2.0,55,9.4,22.3,299,Drizzle: Dense,1,1,
79640,2021-08-27 13:20:00,40.69408,-73.97206,0,0,Unspecified,4451135,32.2,23.4,1.4,1.4,0.0,2.0,55,9.4,22.3,299,Drizzle: Dense,0,0,
79641,2021-08-26 06:10:00,40.65533,-73.91601,0,0,Unspecified,4451328,31.8,22.8,0.1,0.1,0.0,1.0,51,14.8,29.2,228,Drizzle: Light,0,0,
79642,2021-08-23 23:57:00,40.69816,-73.92528,1,0,Unspecified,4451378,28.7,22.0,36.1,36.1,0.0,19.0,65,27.4,49.3,230,Rain: Heavy,1,1,
79643,2021-08-27 11:48:00,40.85198,-73.91018,1,0,Unspecified,4451905,32.2,23.4,1.4,1.4,0.0,2.0,55,9.4,22.3,299,Drizzle: Dense,1,1,
79644,2021-08-25 08:30:00,40.662395,-73.899216,0,0,Unspecified,4450565,31.2,20.1,0.0,0.0,0.0,0.0,3,10.2,18.7,277,Overcast,0,0,
79645,2021-08-26 09:40:00,40.820297,-73.854645,0,0,Unspecified,4451516,31.8,22.8,0.1,0.1,0.0,1.0,51,14.8,29.2,228,Drizzle: Light,0,0,
79646,2021-08-26 14:25:00,40.72202,-73.98345,0,0,Driver Inattention/Distraction,4450846,31.8,22.8,0.1,0.1,0.0,1.0,51,14.8,29.2,228,Drizzle: Light,0,0,
79647,2021-08-26 14:25:00,40.902313,-73.84334,0,0,Unsafe Speed,4451683,31.8,22.8,0.1,0.1,0.0,1.0,51,14.8,29.2,228,Drizzle: Light,0,0,
79648,2021-08-13 23:42:00,40.683784,-73.769745,0,0,Unspecified,4451822,33.2,24.8,0.0,0.0,0.0,0.0,3,18.2,34.9,215,Overcast,0,0,
79649,2021-11-03 07:50:00,40.81133,-73.90078,0,0,Unspecified,4473667,10.7,3.8,0.1,0.1,0.0,1.0,51,15.6,30.6,302,Drizzle: Light,0,0,
79650,2021-08-27 22:00:00,40.843807,-73.91512,1,0,Turning Improperly,4451234,32.2,23.4,1.4,1.4,0.0,2.0,55,9.4,22.3,299,Drizzle: Dense,1,1,
79651,2021-08-24 06:52:00,40.651695,-73.94968,1,0,Turning Improperly,4451390,30.6,21.9,0.0,0.0,0.0,0.0,1,13.9,28.1,291,Mainly clear,1,1,Sunny/Clear Conditions
79652,2021-08-26 14:30:00,40.65698,-73.88943,1,0,Other Vehicular,4451413,31.8,22.8,0.1,0.1,0.0,1.0,51,14.8,29.2,228,Drizzle: Light,1,1,
79653,2021-08-26 18:17:00,40.672825,-73.911804,1,0,Unspecified,4451067,31.8,22.8,0.1,0.1,0.0,1.0,51,14.8,29.2,228,Drizzle: Light,1,1,
79654,2021-08-25 22:00:00,40.73611,-73.85639,1,0,Following Too Closely,4450918,31.2,20.1,0.0,0.0,0.0,0.0,3,10.2,18.7,277,Overcast,1,1,
79655,2021-08-26 18:30:00,40.6411,-73.90463,1,0,Failure to Yield Right-of-Way,4451178,31.8,22.8,0.1,0.1,0.0,1.0,51,14.8,29.2,228,Drizzle: Light,1,1,
79656,2021-08-27 06:50:00,40.875893,-73.83387,0,0,Driver Inattention/Distraction,4451030,32.2,23.4,1.4,1.4,0.0,2.0,55,9.4,22.3,299,Drizzle: Dense,0,0,
79657,2021-08-21 00:45:00,40.700424,-73.9444,1,0,Following Too Closely,4451645,27.2,23.0,0.8,0.8,0.0,6.0,51,14.3,29.5,109,Drizzle: Light,1,1,
79658,2021-08-27 17:20:00,40.648254,-73.971405,0,0,Other Vehicular,4451202,32.2,23.4,1.4,1.4,0.0,2.0,55,9.4,22.3,299,Drizzle: Dense,0,0,
79659,2021-08-27 15:45:00,40.66549,-73.75236,0,0,Unspecified,4451131,32.2,23.4,1.4,1.4,0.0,2.0,55,9.4,22.3,299,Drizzle: Dense,0,0,
79660,2021-08-12 17:00:00,40.76856,-73.86796,0,0,Driver Inattention/Distraction,4451256,35.2,23.1,0.0,0.0,0.0,0.0,3,21.0,47.5,220,Overcast,0,0,
79661,2021-08-26 16:00:00,40.679295,-73.90643,0,0,Unspecified,4451062,31.8,22.8,0.1,0.1,0.0,1.0,51,14.8,29.2,228,Drizzle: Light,0,0,
79662,2021-08-15 20:24:00,0.0,0.0,1,0,Failure to Yield Right-of-Way,4451755,27.9,20.0,0.0,0.0,0.0,0.0,3,16.6,33.1,25,Overcast,1,1,
79663,2021-08-25 23:43:00,40.699158,-73.927055,0,0,Turning Improperly,4451381,31.2,20.1,0.0,0.0,0.0,0.0,3,10.2,18.7,277,Overcast,0,0,
79664,2021-08-25 17:30:00,40.67709,-73.80757,0,0,Unspecified,4451571,31.2,20.1,0.0,0.0,0.0,0.0,3,10.2,18.7,277,Overcast,0,0,
79665,2021-08-25 14:50:00,40.594124,-73.97365,1,0,Driver Inattention/Distraction,4450609,31.2,20.1,0.0,0.0,0.0,0.0,3,10.2,18.7,277,Overcast,1,1,
79666,2021-08-25 13:14:00,40.62973,-73.922226,1,0,Failure to Yield Right-of-Way,4450483,31.2,20.1,0.0,0.0,0.0,0.0,3,10.2,18.7,277,Overcast,1,1,
79667,2021-08-25 08:00:00,40.69289,-73.75376,0,0,Passing Too Closely,4450377,31.2,20.1,0.0,0.0,0.0,0.0,3,10.2,18.7,277,Overcast,0,0,
79668,2021-08-25 19:50:00,40.847908,-73.90357,1,0,Failure to Yield Right-of-Way,4450648,31.2,20.1,0.0,0.0,0.0,0.0,3,10.2,18.7,277,Overcast,1,1,
79669,2021-08-25 16:49:00,40.825577,-73.918465,1,0,Following Too Closely,4450720,31.2,20.1,0.0,0.0,0.0,0.0,3,10.2,18.7,277,Overcast,1,1,
79670,2021-08-23 11:30:00,40.69529,-73.94339,0,0,Following Too Closely,4451634,28.7,22.0,36.1,36.1,0.0,19.0,65,27.4,49.3,230,Rain: Heavy,0,0,
79671,2021-08-25 17:57:00,40.70791,-73.91081,0,0,Unspecified,4450527,31.2,20.1,0.0,0.0,0.0,0.0,3,10.2,18.7,277,Overcast,0,0,
79672,2021-08-25 10:30:00,40.724915,-73.87939,0,0,Passing Too Closely,4450516,31.2,20.1,0.0,0.0,0.0,0.0,3,10.2,18.7,277,Overcast,0,0,
79673,2021-08-26 06:13:00,40.696163,-73.76881,1,0,Failure to Yield Right-of-Way,4450683,31.8,22.8,0.1,0.1,0.0,1.0,51,14.8,29.2,228,Drizzle: Light,1,1,
79674,2021-08-26 16:35:00,40.633404,-73.89477,0,0,Unspecified,4450838,31.8,22.8,0.1,0.1,0.0,1.0,51,14.8,29.2,228,Drizzle: Light,0,0,
79675,2021-08-25 17:20:00,40.652462,-73.92285,2,0,Driver Inattention/Distraction,4451322,31.2,20.1,0.0,0.0,0.0,0.0,3,10.2,18.7,277,Overcast,2,2,
79676,2021-08-26 10:45:00,40.698036,-73.962845,0,0,Oversized Vehicle,4451045,31.8,22.8,0.1,0.1,0.0,1.0,51,14.8,29.2,228,Drizzle: Light,0,0,
79677,2021-08-17 20:30:00,40.683582,-73.953964,1,0,Alcohol Involvement,4451661,26.4,22.2,1.6,1.6,0.0,2.0,55,20.3,39.2,158,Drizzle: Dense,1,1,
79678,2021-08-26 15:25:00,40.72949,-73.99827,0,0,Driver Inattention/Distraction,4451104,31.8,22.8,0.1,0.1,0.0,1.0,51,14.8,29.2,228,Drizzle: Light,0,0,
79679,2021-08-26 13:45:00,40.596256,-73.76684,0,0,Unsafe Lane Changing,4450971,31.8,22.8,0.1,0.1,0.0,1.0,51,14.8,29.2,228,Drizzle: Light,0,0,
79680,2021-08-27 13:20:00,40.83677,-73.88597,1,0,Unspecified,4451216,32.2,23.4,1.4,1.4,0.0,2.0,55,9.4,22.3,299,Drizzle: Dense,1,1,
79681,2021-08-25 22:52:00,40.63404,-74.02077,0,0,Outside Car Distraction,4450560,31.2,20.1,0.0,0.0,0.0,0.0,3,10.2,18.7,277,Overcast,0,0,
79682,2021-08-25 13:20:00,40.76128,-73.74262,1,0,Unspecified,4450586,31.2,20.1,0.0,0.0,0.0,0.0,3,10.2,18.7,277,Overcast,1,1,
79683,2021-08-26 07:30:00,40.853912,-73.90377,0,0,Backing Unsafely,4450765,31.8,22.8,0.1,0.1,0.0,1.0,51,14.8,29.2,228,Drizzle: Light,0,0,
79684,2021-08-26 10:30:00,40.641186,-74.014404,0,0,Failure to Yield Right-of-Way,4450907,31.8,22.8,0.1,0.1,0.0,1.0,51,14.8,29.2,228,Drizzle: Light,0,0,
79685,2021-08-27 01:25:00,40.713898,-73.7488,0,0,Unspecified,4451089,32.2,23.4,1.4,1.4,0.0,2.0,55,9.4,22.3,299,Drizzle: Dense,0,0,
79686,2021-08-27 20:11:00,40.61462,-73.968666,1,0,Unspecified,4451539,32.2,23.4,1.4,1.4,0.0,2.0,55,9.4,22.3,299,Drizzle: Dense,1,1,
79687,2021-08-26 16:25:00,40.6999,-73.96168,3,0,Driver Inattention/Distraction,4450926,31.8,22.8,0.1,0.1,0.0,1.0,51,14.8,29.2,228,Drizzle: Light,3,3,
79688,2021-08-25 19:11:00,40.762802,-73.965675,1,0,Driver Inattention/Distraction,4450599,31.2,20.1,0.0,0.0,0.0,0.0,3,10.2,18.7,277,Overcast,1,1,
79689,2021-08-26 01:55:00,40.798935,-73.93637,0,0,Animals Action,4451072,31.8,22.8,0.1,0.1,0.0,1.0,51,14.8,29.2,228,Drizzle: Light,0,0,
79690,2021-08-26 07:52:00,40.804585,-73.91213,0,0,Driver Inattention/Distraction,4450952,31.8,22.8,0.1,0.1,0.0,1.0,51,14.8,29.2,228,Drizzle: Light,0,0,
79691,2021-08-25 18:00:00,40.687748,-73.980125,0,0,Passing or Lane Usage Improper,4450551,31.2,20.1,0.0,0.0,0.0,0.0,3,10.2,18.7,277,Overcast,0,0,
79692,2021-08-27 16:30:00,40.683784,-73.769745,0,0,Turning Improperly,4451831,32.2,23.4,1.4,1.4,0.0,2.0,55,9.4,22.3,299,Drizzle: Dense,0,0,