,CRASH DATETIME,LATITUDE,LONGITUDE,NUMBER OF PERSONS INJURED,NUMBER OF PERSONS KILLED,CONTRIBUTING FACTOR VEHICLE 1,COLLISION_ID,temperature_2m_max,temperature_2m_min,precipitation_sum,rain_sum,snowfall_sum,precipitation_hours,weather_code,wind_speed_10m_max,wind_gusts_10m_max,wind_direction_10m_dominant,Weather Description,Severity_Score,Total_Affected_Persons,Weather_Category
79693,2021-08-25 07:24:00,40.688614,-73.989174,1,0,Pedestrian/Bicyclist/Other Pedestrian Error/Confusion,4451794,31.2,20.1,0.0,0.0,0.0,0.0,3,10.2,18.7,277,Overcast,1,1,
79694,2021-08-26 19:55:00,40.64023,-74.028275,0,0,Driver Inattention/Distraction,4450890,31.8,22.8,0.1,0.1,0.0,1.0,51,14.8,29.2,228,Drizzle: Light,0,0,
79695,2021-08-13 18:30:00,40.67766,-73.80313,0,0,Unsafe Lane Changing,4451281,33.2,24.8,0.0,0.0,0.0,0.0,3,18.2,34.9,215,Overcast,0,0,
79696,2021-08-26 23:00:00,40.559383,-74.15393,0,0,Failure to Yield Right-of-Way,4451146,31.8,22.8,0.1,0.1,0.0,1.0,51,14.8,29.2,228,Drizzle: Light,0,0,
79697,2021-08-25 20:52:00,40.862392,-73.91802,0,0,Driver Inattention/Distraction,4450745,31.2,20.1,0.0,0.0,0.0,0.0,3,10.2,18.7,277,Overcast,0,0,
79698,2021-08-21 17:52:00,40.758865,-73.938324,0,0,Unspecified,4451472,27.2,23.0,0.8,0.8,0.0,6.0,51,14.3,29.5,109,Drizzle: Light,0,0,
79699,2021-08-27 15:30:00,40.700424,-73.9444,1,0,Unspecified,4451163,32.2,23.4,1.4,1.4,0.0,2.0,55,9.4,22.3,299,Drizzle: Dense,1,1,
79700,2021-08-26 14:00:00,40.709156,-73.957695,0,0,Following Too Closely,4451249,31.8,22.8,0.1,0.1,0.0,1.0,51,14.8,29.2,228,Drizzle: Light,0,0,
79701,2021-08-26 15:30:00,40.626003,-74.07525,1,0,Unspecified,4451446,31.8,22.8,0.1,0.1,0.0,1.0,51,14.8,29.2,228,Drizzle: Light,1,1,
79702,2021-08-26 10:20:00,40.676548,-73.96354,2,0,Driver Inattention/Distraction,4451307,31.8,22.8,0.1,0.1,0.0,1.0,51,14.8,29.2,228,Drizzle: Light,2,2,
79703,2021-08-27 13:38:00,40.67138,-73.732124,0,0,Failure to Yield Right-of-Way,4451094,32.2,23.4,1.4,1.4,0.0,2.0,55,9.4,22.3,299,Drizzle: Dense,0,0,
79704,2021-08-25 00:00:00,40.71253,-73.789764,0,0,Passing or Lane Usage Improper,4450757,31.2,20.1,0.0,0.0,0.0,0.0,3,10.2,18.7,277,Overcast,0,0,
79705,2021-08-27 01:23:00,40.635326,-73.94794,2,0,Unspecified,4451198,32.2,23.4,1.4,1.4,0.0,2.0,55,9.4,22.3,299,Drizzle: Dense,2,2,
79706,2021-08-26 22:20:00,40.756367,-73.96012,0,0,Following Too Closely,4451099,31.8,22.8,0.1,0.1,0.0,1.0,51,14.8,29.2,228,Drizzle: Light,0,0,
79707,2021-08-26 08:00:00,40.656273,-73.90731,0,0,Following Too Closely,4451057,31.8,22.8,0.1,0.1,0.0,1.0,51,14.8,29.2,228,Drizzle: Light,0,0,
79708,2021-08-26 12:10:00,40.822834,-73.941925,1,0,Unspecified,4451351,31.8,22.8,0.1,0.1,0.0,1.0,51,14.8,29.2,228,Drizzle: Light,1,1,
79709,2021-08-26 08:15:00,40.63531,-73.90804,0,0,Driver Inattention/Distraction,4450774,31.8,22.8,0.1,0.1,0.0,1.0,51,14.8,29.2,228,Drizzle: Light,0,0,
79710,2021-08-25 20:30:00,40.665787,-73.87984,0,0,Unspecified,4450571,31.2,20.1,0.0,0.0,0.0,0.0,3,10.2,18.7,277,Overcast,0,0,
79711,2021-11-04 12:15:00,40.76229,-73.986115,0,0,Pedestrian/Bicyclist/Other Pedestrian Error/Confusion,4474144,9.9,3.0,0.0,0.0,0.0,0.0,3,10.8,21.2,5,Overcast,0,0,
79712,2021-11-03 13:33:00,40.837223,-73.82529,1,0,Unspecified,4473974,10.7,3.8,0.1,0.1,0.0,1.0,51,15.6,30.6,302,Drizzle: Light,1,1,
79713,2021-11-03 23:03:00,40.748302,-73.97835,0,0,Unspecified,4474582,10.7,3.8,0.1,0.1,0.0,1.0,51,15.6,30.6,302,Drizzle: Light,0,0,
79714,2021-11-04 18:26:00,40.720238,-73.94441,0,0,View Obstructed/Limited,4474249,9.9,3.0,0.0,0.0,0.0,0.0,3,10.8,21.2,5,Overcast,0,0,
79715,2022-04-13 22:55:00,40.840473,-73.87399,0,0,Driver Inattention/Distraction,4518887,18.9,7.1,0.0,0.0,0.0,0.0,3,18.7,37.4,112,Overcast,0,0,
79716,2021-11-03 12:30:00,40.72992,-73.74243,0,0,Driver Inattention/Distraction,4474289,10.7,3.8,0.1,0.1,0.0,1.0,51,15.6,30.6,302,Drizzle: Light,0,0,
79717,2021-11-03 16:35:00,40.747913,-73.90337,1,0,Driver Inattention/Distraction,4473752,10.7,3.8,0.1,0.1,0.0,1.0,51,15.6,30.6,302,Drizzle: Light,1,1,
79718,2021-11-03 12:47:00,40.652878,-73.87706,1,0,Unspecified,4473871,10.7,3.8,0.1,0.1,0.0,1.0,51,15.6,30.6,302,Drizzle: Light,1,1,
79719,2021-11-05 04:50:00,40.790478,-73.830864,0,0,Unsafe Speed,4474555,10.7,3.2,0.0,0.0,0.0,0.0,0,14.8,30.2,1,Clear sky,0,0,Sunny/Clear Conditions
79720,2021-11-05 12:15:00,40.751606,-73.97045,1,0,Driver Inattention/Distraction,4474300,10.7,3.2,0.0,0.0,0.0,0.0,0,14.8,30.2,1,Clear sky,1,1,Sunny/Clear Conditions
79721,2021-11-03 08:45:00,40.746906,-73.90161,1,0,Driver Inattention/Distraction,4473921,10.7,3.8,0.1,0.1,0.0,1.0,51,15.6,30.6,302,Drizzle: Light,1,1,
79722,2021-10-28 17:00:00,40.8375,-73.91061,1,0,,4474745,15.2,7.9,0.0,0.0,0.0,0.0,3,19.1,34.6,28,Overcast,1,1,
79723,2021-11-04 14:30:00,40.785095,-73.97691,0,0,Passing or Lane Usage Improper,4474317,9.9,3.0,0.0,0.0,0.0,0.0,3,10.8,21.2,5,Overcast,0,0,
79724,2021-10-25 21:22:00,40.884907,-73.85396,0,0,Passing or Lane Usage Improper,4474852,22.8,13.5,10.7,10.7,0.0,8.0,63,18.9,33.5,172,Rain: Moderate,0,0,
79725,2021-11-04 15:50:00,40.653507,-73.92668,0,0,Driver Inattention/Distraction,4474845,9.9,3.0,0.0,0.0,0.0,0.0,3,10.8,21.2,5,Overcast,0,0,
79726,2021-11-03 10:39:00,40.662693,-73.995705,1,0,Unspecified,4473660,10.7,3.8,0.1,0.1,0.0,1.0,51,15.6,30.6,302,Drizzle: Light,1,1,
79727,2021-11-03 04:40:00,40.634853,-73.90753,0,0,Other Vehicular,4473589,10.7,3.8,0.1,0.1,0.0,1.0,51,15.6,30.6,302,Drizzle: Light,0,0,
79728,2021-11-03 20:35:00,40.525352,-74.20667,0,0,Driver Inexperience,4473803,10.7,3.8,0.1,0.1,0.0,1.0,51,15.6,30.6,302,Drizzle: Light,0,0,
79729,2021-11-04 08:05:00,40.68656,-73.983864,2,0,Fell Asleep,4474470,9.9,3.0,0.0,0.0,0.0,0.0,3,10.8,21.2,5,Overcast,2,2,
79730,2021-11-03 14:45:00,40.734196,-73.78355,1,0,Unspecified,4474183,10.7,3.8,0.1,0.1,0.0,1.0,51,15.6,30.6,302,Drizzle: Light,1,1,
79731,2021-11-03 21:18:00,40.660797,-73.87183,1,0,Unspecified,4473879,10.7,3.8,0.1,0.1,0.0,1.0,51,15.6,30.6,302,Drizzle: Light,1,1,
79732,2021-11-03 11:28:00,40.752316,-73.8324,1,0,Backing Unsafely,4473758,10.7,3.8,0.1,0.1,0.0,1.0,51,15.6,30.6,302,Drizzle: Light,1,1,
79733,2021-10-31 18:30:00,40.533817,-74.20101,0,0,Unspecified,4474277,18.3,12.5,3.7,3.7,0.0,8.0,55,22.9,41.0,268,Drizzle: Dense,0,0,
79734,2021-11-04 08:40:00,40.772263,-73.89744,0,0,Unspecified,4474103,9.9,3.0,0.0,0.0,0.0,0.0,3,10.8,21.2,5,Overcast,0,0,
79735,2021-11-03 08:20:00,40.694065,-73.80142,2,0,Traffic Control Disregarded,4474127,10.7,3.8,0.1,0.1,0.0,1.0,51,15.6,30.6,302,Drizzle: Light,2,2,
79736,2021-11-05 18:30:00,40.71717,-73.834946,0,0,Following Too Closely,4474332,10.7,3.2,0.0,0.0,0.0,0.0,0,14.8,30.2,1,Clear sky,0,0,Sunny/Clear Conditions
79737,2021-10-31 02:41:00,40.576965,-74.16974,0,0,Pavement Slippery,4474412,18.3,12.5,3.7,3.7,0.0,8.0,55,22.9,41.0,268,Drizzle: Dense,0,0,
79738,2021-11-04 08:50:00,40.725792,-74.01103,4,0,Traffic Control Disregarded,4474059,9.9,3.0,0.0,0.0,0.0,0.0,3,10.8,21.2,5,Overcast,4,4,
79739,2021-11-05 20:40:00,40.76946,-73.87843,0,0,Backing Unsafely,4474606,10.7,3.2,0.0,0.0,0.0,0.0,0,14.8,30.2,1,Clear sky,0,0,Sunny/Clear Conditions
79740,2021-11-04 15:30:00,40.668007,-73.91031,0,0,Driver Inexperience,4474377,9.9,3.0,0.0,0.0,0.0,0.0,3,10.8,21.2,5,Overcast,0,0,
79741,2021-11-03 12:35:00,40.725452,-73.94573,1,0,Driver Inexperience,4474816,10.7,3.8,0.1,0.1,0.0,1.0,51,15.6,30.6,302,Drizzle: Light,1,1,
79742,2021-11-04 16:30:00,40.783024,-73.98213,1,0,Driver Inattention/Distraction,4474164,9.9,3.0,0.0,0.0,0.0,0.0,3,10.8,21.2,5,Overcast,1,1,
79743,2021-11-03 10:00:00,40.535892,-74.158485,0,0,Passing Too Closely,4474282,10.7,3.8,0.1,0.1,0.0,1.0,51,15.6,30.6,302,Drizzle: Light,0,0,
79744,2021-11-02 05:50:00,40.68111,-73.761185,0,0,Passing or Lane Usage Improper,4475113,11.4,7.0,0.6,0.6,0.0,4.0,51,14.1,28.1,271,Drizzle: Light,0,0,
79745,2021-11-05 16:45:00,40.726624,-73.906456,0,0,Failure to Yield Right-of-Way,4474924,10.7,3.2,0.0,0.0,0.0,0.0,0,14.8,30.2,1,Clear sky,0,0,Sunny/Clear Conditions
79746,2022-01-28 08:30:00,40.798946,-73.94241,1,0,Failure to Yield Right-of-Way,4498006,1.0,-3.1,2.4,0.0,1.68,13.0,73,18.7,31.3,251,Snow fall: Moderate,1,1,Snowy Conditions
79747,2021-11-05 00:11:00,40.76591,-73.96341,0,0,Driver Inexperience,4474243,10.7,3.2,0.0,0.0,0.0,0.0,0,14.8,30.2,1,Clear sky,0,0,Sunny/Clear Conditions
79748,2021-11-04 08:22:00,40.784996,-73.824234,2,0,Following Too Closely,4474451,9.9,3.0,0.0,0.0,0.0,0.0,3,10.8,21.2,5,Overcast,2,2,
79749,2021-11-05 07:49:00,40.69083,-73.78706,1,0,Failure to Yield Right-of-Way,4474438,10.7,3.2,0.0,0.0,0.0,0.0,0,14.8,30.2,1,Clear sky,1,1,Sunny/Clear Conditions
79750,2021-11-03 11:50:00,40.550766,-74.15017,0,0,Reaction to Uninvolved Vehicle,4473824,10.7,3.8,0.1,0.1,0.0,1.0,51,15.6,30.6,302,Drizzle: Light,0,0,
79751,2021-11-04 18:48:00,40.85638,-73.82631,1,0,Driver Inexperience,4474718,9.9,3.0,0.0,0.0,0.0,0.0,3,10.8,21.2,5,Overcast,1,1,
79752,2021-11-04 08:15:00,40.797943,-73.94213,0,0,Unsafe Lane Changing,4474070,9.9,3.0,0.0,0.0,0.0,0.0,3,10.8,21.2,5,Overcast,0,0,
79753,2021-11-03 13:50:00,40.661274,-73.917564,0,0,Unspecified,4473946,10.7,3.8,0.1,0.1,0.0,1.0,51,15.6,30.6,302,Drizzle: Light,0,0,
79754,2021-11-04 18:51:00,40.68668,-73.97937,1,0,Failure to Yield Right-of-Way,4474193,9.9,3.0,0.0,0.0,0.0,0.0,3,10.8,21.2,5,Overcast,1,1,
79755,2021-11-05 19:54:00,40.73769,-73.76858,0,0,Following Too Closely,4474529,10.7,3.2,0.0,0.0,0.0,0.0,0,14.8,30.2,1,Clear sky,0,0,Sunny/Clear Conditions
79756,2021-11-05 12:00:00,40.807102,-73.85576,0,0,Driver Inattention/Distraction,4474787,10.7,3.2,0.0,0.0,0.0,0.0,0,14.8,30.2,1,Clear sky,0,0,Sunny/Clear Conditions
79757,2021-11-05 18:00:00,40.576504,-74.1037,0,0,Following Too Closely,4474346,10.7,3.2,0.0,0.0,0.0,0.0,0,14.8,30.2,1,Clear sky,0,0,Sunny/Clear Conditions
79758,2021-11-04 16:30:00,40.822033,-73.91182,0,0,Brakes Defective,4474209,9.9,3.0,0.0,0.0,0.0,0.0,3,10.8,21.2,5,Overcast,0,0,
79759,2021-11-03 16:45:00,40.786175,-73.9457,0,0,Passing Too Closely,4474331,10.7,3.8,0.1,0.1,0.0,1.0,51,15.6,30.6,302,Drizzle: Light,0,0,
79760,2021-11-05 13:00:00,40.664642,-73.93708,0,0,Passing Too Closely,4474309,10.7,3.2,0.0,0.0,0.0,0.0,0,14.8,30.2,1,Clear sky,0,0,Sunny/Clear Conditions
79761,2021-11-03 00:00:00,40.679367,-73.931335,0,0,Traffic Control Disregarded,4473704,10.7,3.8,0.1,0.1,0.0,1.0,51,15.6,30.6,302,Drizzle: Light,0,0,
79762,2021-11-04 07:30:00,40.752285,-73.88004,0,0,Outside Car Distraction,4473994,9.9,3.0,0.0,0.0,0.0,0.0,3,10.8,21.2,5,Overcast,0,0,
79763,2021-11-04 11:30:00,40.71828,-73.914,0,0,Unspecified,4474148,9.9,3.0,0.0,0.0,0.0,0.0,3,10.8,21.2,5,Overcast,0,0,
79764,2021-11-04 06:05:00,40.731422,-73.94641,0,0,Failure to Yield Right-of-Way,4473938,9.9,3.0,0.0,0.0,0.0,0.0,3,10.8,21.2,5,Overcast,0,0,
79765,2021-11-03 05:55:00,40.69165,-73.779205,2,0,Unsafe Speed,4473682,10.7,3.8,0.1,0.1,0.0,1.0,51,15.6,30.6,302,Drizzle: Light,2,2,
79766,2021-11-03 10:50:00,40.68777,-73.98701,1,0,Driver Inattention/Distraction,4473743,10.7,3.8,0.1,0.1,0.0,1.0,51,15.6,30.6,302,Drizzle: Light,1,1,
79767,2021-11-04 06:00:00,40.896694,-73.853516,0,0,Driver Inattention/Distraction,4474904,9.9,3.0,0.0,0.0,0.0,0.0,3,10.8,21.2,5,Overcast,0,0,
79768,2021-11-05 07:40:00,40.665684,-73.820435,1,0,Following Too Closely,4474990,10.7,3.2,0.0,0.0,0.0,0.0,0,14.8,30.2,1,Clear sky,1,1,Sunny/Clear Conditions
79769,2021-11-03 14:32:00,40.651474,-73.96127,1,0,Unspecified,4474041,10.7,3.8,0.1,0.1,0.0,1.0,51,15.6,30.6,302,Drizzle: Light,1,1,
79770,2021-11-04 08:45:00,40.740532,-73.914444,0,0,Driver Inattention/Distraction,4474034,9.9,3.0,0.0,0.0,0.0,0.0,3,10.8,21.2,5,Overcast,0,0,
79771,2021-11-03 07:30:00,40.744644,-73.77041,0,0,Unsafe Lane Changing,4473655,10.7,3.8,0.1,0.1,0.0,1.0,51,15.6,30.6,302,Drizzle: Light,0,0,
79772,2021-11-05 15:30:00,40.77683,-73.989136,1,0,Driver Inattention/Distraction,4474321,10.7,3.2,0.0,0.0,0.0,0.0,0,14.8,30.2,1,Clear sky,1,1,Sunny/Clear Conditions
79773,2021-11-05 10:07:00,40.650448,-73.91111,1,0,Unspecified,4474858,10.7,3.2,0.0,0.0,0.0,0.0,0,14.8,30.2,1,Clear sky,1,1,Sunny/Clear Conditions
79774,2021-11-05 13:43:00,40.830837,-73.9166,2,0,Unsafe Speed,4475040,10.7,3.2,0.0,0.0,0.0,0.0,0,14.8,30.2,1,Clear sky,2,2,Sunny/Clear Conditions
79775,2021-11-03 15:51:00,40.78178,-73.98508,1,0,Driver Inattention/Distraction,4474165,10.7,3.8,0.1,0.1,0.0,1.0,51,15.6,30.6,302,Drizzle: Light,1,1,
79776,2021-11-01 19:00:00,40.767117,-73.956505,0,0,Other Vehicular,4475033,14.4,8.0,0.0,0.0,0.0,0.0,3,20.7,38.5,278,Overcast,0,0,
79777,2021-11-04 01:45:00,40.707375,-73.80969,0,0,Unspecified,4474272,9.9,3.0,0.0,0.0,0.0,0.0,3,10.8,21.2,5,Overcast,0,0,
79778,2021-11-05 15:30:00,40.76099,-73.99077,0,0,Unspecified,4474505,10.7,3.2,0.0,0.0,0.0,0.0,0,14.8,30.2,1,Clear sky,0,0,Sunny/Clear Conditions
79779,2021-11-05 11:30:00,40.838158,-73.92324,1,0,Failure to Yield Right-of-Way,4474750,10.7,3.2,0.0,0.0,0.0,0.0,0,14.8,30.2,1,Clear sky,1,1,Sunny/Clear Conditions
79780,2021-10-31 14:20:00,40.607918,-74.138916,0,0,Following Too Closely,4474466,18.3,12.5,3.7,3.7,0.0,8.0,55,22.9,41.0,268,Drizzle: Dense,0,0,
79781,2021-11-04 09:15:00,40.68916,-73.99263,0,0,Unsafe Speed,4474198,9.9,3.0,0.0,0.0,0.0,0.0,3,10.8,21.2,5,Overcast,0,0,
79782,2021-11-04 01:07:00,40.648228,-74.0845,0,0,Unspecified,4474066,9.9,3.0,0.0,0.0,0.0,0.0,3,10.8,21.2,5,Overcast,0,0,
79783,2021-11-03 15:50:00,40.70166,-73.961464,0,0,Driver Inattention/Distraction,4474222,10.7,3.8,0.1,0.1,0.0,1.0,51,15.6,30.6,302,Drizzle: Light,0,0,
79784,2021-11-03 19:30:00,40.74648,-73.94402,0,0,Driver Inattention/Distraction,4473855,10.7,3.8,0.1,0.1,0.0,1.0,51,15.6,30.6,302,Drizzle: Light,0,0,
79785,2021-11-03 13:04:00,40.70461,-73.79701,1,0,Backing Unsafely,4474113,10.7,3.8,0.1,0.1,0.0,1.0,51,15.6,30.6,302,Drizzle: Light,1,1,
79786,2021-11-04 10:00:00,40.70082,-73.78954,1,0,Turning Improperly,4474121,9.9,3.0,0.0,0.0,0.0,0.0,3,10.8,21.2,5,Overcast,1,1,
79787,2021-11-03 05:45:00,40.760532,-73.95836,1,0,Unspecified,4473560,10.7,3.8,0.1,0.1,0.0,1.0,51,15.6,30.6,302,Drizzle: Light,1,1,
79788,2021-11-04 10:00:00,40.693207,-73.971596,0,0,Unspecified,4474187,9.9,3.0,0.0,0.0,0.0,0.0,3,10.8,21.2,5,Overcast,0,0,
79789,2021-11-03 18:00:00,40.780735,-73.91462,0,0,Driver Inexperience,4473895,10.7,3.8,0.1,0.1,0.0,1.0,51,15.6,30.6,302,Drizzle: Light,0,0,
79790,2021-11-04 08:40:00,40.692154,-73.93161,0,0,Passing Too Closely,4474879,9.9,3.0,0.0,0.0,0.0,0.0,3,10.8,21.2,5,Overcast,0,0,
79791,2021-11-03 18:18:00,40.88944,-73.84609,0,0,Unspecified,4473917,10.7,3.8,0.1,0.1,0.0,1.0,51,15.6,30.6,302,Drizzle: Light,0,0,
79792,2021-11-04 23:20:00,40.76429,-73.982834,0,0,Driver Inattention/Distraction,4474408,9.9,3.0,0.0,0.0,0.0,0.0,3,10.8,21.2,5,Overcast,0,0,
79793,2021-11-03 23:00:00,40.73634,-73.93266,0,0,Unspecified,4474155,10.7,3.8,0.1,0.1,0.0,1.0,51,15.6,30.6,302,Drizzle: Light,0,0,
79794,2021-11-04 13:40:00,40.590305,-73.95265,0,0,Unspecified,4474256,9.9,3.0,0.0,0.0,0.0,0.0,3,10.8,21.2,5,Overcast,0,0,
79795,2021-11-03 04:59:00,40.679337,-73.89483,2,0,Unsafe Speed,4473811,10.7,3.8,0.1,0.1,0.0,1.0,51,15.6,30.6,302,Drizzle: Light,2,2,
79796,2021-11-04 17:40:00,40.64712,-74.01517,1,0,Unspecified,4474888,9.9,3.0,0.0,0.0,0.0,0.0,3,10.8,21.2,5,Overcast,1,1,
79797,2021-11-03 21:15:00,40.63016,-73.96041,1,0,Failure to Yield Right-of-Way,4474046,10.7,3.8,0.1,0.1,0.0,1.0,51,15.6,30.6,302,Drizzle: Light,1,1,
79798,2021-11-05 17:04:00,40.857525,-73.8818,0,0,Driver Inattention/Distraction,4475109,10.7,3.2,0.0,0.0,0.0,0.0,0,14.8,30.2,1,Clear sky,0,0,Sunny/Clear Conditions
79799,2021-10-25 10:55:00,40.74462,-73.90257,0,0,Unspecified,4474373,22.8,13.5,10.7,10.7,0.0,8.0,63,18.9,33.5,172,Rain: Moderate,0,0,
79800,2021-11-05 21:30:00,40.722576,-73.94049,2,0,Following Too Closely,4474823,10.7,3.2,0.0,0.0,0.0,0.0,0,14.8,30.2,1,Clear sky,2,2,Sunny/Clear Conditions
79801,2021-11-05 00:01:00,40.655678,-73.95909,0,0,Unspecified,4474599,10.7,3.2,0.0,0.0,0.0,0.0,0,14.8,30.2,1,Clear sky,0,0,Sunny/Clear Conditions
79802,2021-11-04 11:50:00,40.753838,-73.805824,0,0,Backing Unsafely,4474299,9.9,3.0,0.0,0.0,0.0,0.0,3,10.8,21.2,5,Overcast,0,0,
79803,2021-11-04 20:00:00,40.84954,-73.93641,0,0,Unspecified,4474560,9.9,3.0,0.0,0.0,0.0,0.0,3,10.8,21.2,5,Overcast,0,0,
79804,2021-10-28 19:30:00,40.68747,-73.794785,2,0,Unsafe Speed,4474434,15.2,7.9,0.0,0.0,0.0,0.0,3,19.1,34.6,28,Overcast,2,2,
79805,2021-11-05 18:45:00,40.716248,-73.995575,1,0,Failure to Yield Right-of-Way,4474688,10.7,3.2,0.0,0.0,0.0,0.0,0,14.8,30.2,1,Clear sky,1,1,Sunny/Clear Conditions
79806,2021-11-04 00:10:00,40.6107,-73.92113,1,0,Other Vehicular,4473841,9.9,3.0,0.0,0.0,0.0,0.0,3,10.8,21.2,5,Overcast,1,1,
79807,2021-11-05 12:27:00,40.894314,-73.86027,0,0,Unspecified,4474868,10.7,3.2,0.0,0.0,0.0,0.0,0,14.8,30.2,1,Clear sky,0,0,Sunny/Clear Conditions
79808,2021-11-04 12:32:00,40.820877,-73.94517,0,0,Driver Inattention/Distraction,4475080,9.9,3.0,0.0,0.0,0.0,0.0,3,10.8,21.2,5,Overcast,0,0,
79809,2021-11-05 14:45:00,40.753464,-73.79142,0,0,Failure to Yield Right-of-Way,4474314,10.7,3.2,0.0,0.0,0.0,0.0,0,14.8,30.2,1,Clear sky,0,0,Sunny/Clear Conditions
79810,2021-11-04 11:44:00,40.7705,-73.94801,0,0,Driver Inexperience,4474294,9.9,3.0,0.0,0.0,0.0,0.0,3,10.8,21.2,5,Overcast,0,0,
79811,2021-11-05 22:00:00,40.763344,-73.75791,0,0,Other Vehicular,4474540,10.7,3.2,0.0,0.0,0.0,0.0,0,14.8,30.2,1,Clear sky,0,0,Sunny/Clear Conditions
79812,2021-11-04 15:00:00,40.64824,-74.01401,0,0,Unspecified,4474955,9.9,3.0,0.0,0.0,0.0,0.0,3,10.8,21.2,5,Overcast,0,0,
79813,2021-11-05 19:52:00,40.73361,-73.835915,0,0,Following Too Closely,4474733,10.7,3.2,0.0,0.0,0.0,0.0,0,14.8,30.2,1,Clear sky,0,0,Sunny/Clear Conditions
79814,2021-11-03 15:30:00,40.668606,-73.92208,0,0,Passing or Lane Usage Improper,4474762,10.7,3.8,0.1,0.1,0.0,1.0,51,15.6,30.6,302,Drizzle: Light,0,0,
79815,2021-11-05 08:40:00,40.716183,-73.98075,1,0,Glare,4474363,10.7,3.2,0.0,0.0,0.0,0.0,0,14.8,30.2,1,Clear sky,1,1,Sunny/Clear Conditions
79816,2021-11-03 16:00:00,40.707863,-73.92364,0,0,Turning Improperly,4474229,10.7,3.8,0.1,0.1,0.0,1.0,51,15.6,30.6,302,Drizzle: Light,0,0,
79817,2021-11-04 12:30:00,40.73289,-73.72114,0,0,Driver Inattention/Distraction,4474326,9.9,3.0,0.0,0.0,0.0,0.0,3,10.8,21.2,5,Overcast,0,0,
79818,2021-11-04 20:30:00,40.681694,-73.84665,0,0,Backing Unsafely,4475011,9.9,3.0,0.0,0.0,0.0,0.0,3,10.8,21.2,5,Overcast,0,0,
79819,2021-11-01 20:40:00,40.53722,-74.17938,1,0,Unspecified,4474498,14.4,8.0,0.0,0.0,0.0,0.0,3,20.7,38.5,278,Overcast,1,1,
79820,2021-11-04 12:30:00,40.637333,-73.89899,0,0,Unspecified,4474430,9.9,3.0,0.0,0.0,0.0,0.0,3,10.8,21.2,5,Overcast,0,0,
79821,2022-01-30 16:41:00,40.600433,-73.76445,0,0,Passing Too Closely,4498956,-5.4,-13.8,0.0,0.0,0.0,0.0,3,28.5,50.0,290,Overcast,0,0,
79822,2021-11-01 20:10:00,40.577244,-74.00004,0,0,Driver Inexperience,4474358,14.4,8.0,0.0,0.0,0.0,0.0,3,20.7,38.5,278,Overcast,0,0,
79823,2021-11-04 23:17:00,40.824535,-73.81983,0,0,Unspecified,4475127,9.9,3.0,0.0,0.0,0.0,0.0,3,10.8,21.2,5,Overcast,0,0,
79824,2021-11-05 17:00:00,40.738697,-73.85898,0,0,Unspecified,4474727,10.7,3.2,0.0,0.0,0.0,0.0,0,14.8,30.2,1,Clear sky,0,0,Sunny/Clear Conditions
79825,2021-11-04 19:49:00,40.729015,-73.900246,1,0,Backing Unsafely,4474913,9.9,3.0,0.0,0.0,0.0,0.0,3,10.8,21.2,5,Overcast,1,1,
79826,2021-11-03 00:00:00,40.772373,-73.96079,1,0,Driver Inattention/Distraction,4473906,10.7,3.8,0.1,0.1,0.0,1.0,51,15.6,30.6,302,Drizzle: Light,1,1,
79827,2021-11-03 14:23:00,40.688797,-73.96897,1,0,Pedestrian/Bicyclist/Other Pedestrian Error/Confusion,4473731,10.7,3.8,0.1,0.1,0.0,1.0,51,15.6,30.6,302,Drizzle: Light,1,1,
79828,2021-11-03 04:30:00,40.84498,-73.89272,1,0,Unsafe Speed,4473631,10.7,3.8,0.1,0.1,0.0,1.0,51,15.6,30.6,302,Drizzle: Light,1,1,
79829,2021-11-04 07:50:00,40.85053,-73.891945,0,0,Passing Too Closely,4473981,9.9,3.0,0.0,0.0,0.0,0.0,3,10.8,21.2,5,Overcast,0,0,
79830,2021-11-04 10:13:00,40.72089,-73.99576,1,0,Unspecified,4474052,9.9,3.0,0.0,0.0,0.0,0.0,3,10.8,21.2,5,Overcast,1,1,
79831,2021-10-07 23:00:00,40.614193,-73.8972,0,0,Unsafe Speed,4474986,22.4,15.7,0.4,0.4,0.0,4.0,51,10.5,20.5,231,Drizzle: Light,0,0,
79832,2021-11-03 15:45:00,40.7549,-73.74548,0,0,Following Too Closely,4473783,10.7,3.8,0.1,0.1,0.0,1.0,51,15.6,30.6,302,Drizzle: Light,0,0,
79833,2021-11-03 07:00:00,40.666935,-73.92998,0,0,Driver Inattention/Distraction,4473768,10.7,3.8,0.1,0.1,0.0,1.0,51,15.6,30.6,302,Drizzle: Light,0,0,
79834,2021-11-03 09:08:00,40.632584,-74.00631,1,0,Pedestrian/Bicyclist/Other Pedestrian Error/Confusion,4474029,10.7,3.8,0.1,0.1,0.0,1.0,51,15.6,30.6,302,Drizzle: Light,1,1,
79835,2021-11-05 08:00:00,40.62782,-73.965744,0,0,Unspecified,4474681,10.7,3.2,0.0,0.0,0.0,0.0,0,14.8,30.2,1,Clear sky,0,0,Sunny/Clear Conditions
79836,2021-11-05 15:06:00,40.788948,-73.94057,1,0,Unsafe Speed,4475057,10.7,3.2,0.0,0.0,0.0,0.0,0,14.8,30.2,1,Clear sky,1,1,Sunny/Clear Conditions
79837,2021-10-31 14:15:00,40.711548,-73.790726,0,0,Unspecified,4474268,18.3,12.5,3.7,3.7,0.0,8.0,55,22.9,41.0,268,Drizzle: Dense,0,0,
79838,2021-11-05 23:04:00,40.6307,-73.924904,1,0,Alcohol Involvement,4474514,10.7,3.2,0.0,0.0,0.0,0.0,0,14.8,30.2,1,Clear sky,1,1,Sunny/Clear Conditions