,CRASH DATETIME,LATITUDE,LONGITUDE,NUMBER OF PERSONS INJURED,NUMBER OF PERSONS KILLED,CONTRIBUTING FACTOR VEHICLE 1,COLLISION_ID,temperature_2m_max,temperature_2m_min,precipitation_sum,rain_sum,snowfall_sum,precipitation_hours,weather_code,wind_speed_10m_max,wind_gusts_10m_max,wind_direction_10m_dominant,Weather Description,Severity_Score,Total_Affected_Persons,Weather_Category
79839,2021-08-28 02:00:00,40.766155,-73.7794,0,0,Unspecified,4451674,26.2,20.2,3.9,3.9,0.0,18.0,53,23.5,45.0,65,Drizzle: Moderate,0,0,
79840,2021-11-04 00:10:00,40.74088,-73.737015,1,0,Driver Inattention/Distraction,4473836,9.9,3.0,0.0,0.0,0.0,0.0,3,10.8,21.2,5,Overcast,1,1,
79841,2021-11-03 10:30:00,40.633514,-74.01561,0,0,Unspecified,4473867,10.7,3.8,0.1,0.1,0.0,1.0,51,15.6,30.6,302,Drizzle: Light,0,0,
79842,2021-11-03 08:50:00,40.86369,-73.91707,1,0,Driver Inattention/Distraction,4474138,10.7,3.8,0.1,0.1,0.0,1.0,51,15.6,30.6,302,Drizzle: Light,1,1,
79843,2021-11-03 19:30:00,40.650227,-73.92827,0,0,Other Vehicular,4474089,10.7,3.8,0.1,0.1,0.0,1.0,51,15.6,30.6,302,Drizzle: Light,0,0,
79844,2021-11-04 09:00:00,40.67472,-73.85839,0,0,Unsafe Speed,4474216,9.9,3.0,0.0,0.0,0.0,0.0,3,10.8,21.2,5,Overcast,0,0,
79845,2021-11-05 17:05:00,40.746235,-73.89895,0,0,Driver Inattention/Distraction,4474385,10.7,3.2,0.0,0.0,0.0,0.0,0,14.8,30.2,1,Clear sky,0,0,Sunny/Clear Conditions
79846,2021-11-05 12:43:00,40.740192,-73.85335,1,0,Driver Inattention/Distraction,4474882,10.7,3.2,0.0,0.0,0.0,0.0,0,14.8,30.2,1,Clear sky,1,1,Sunny/Clear Conditions
79847,2021-11-04 17:44:00,40.719902,-74.00261,1,0,Driver Inattention/Distraction,4474234,9.9,3.0,0.0,0.0,0.0,0.0,3,10.8,21.2,5,Overcast,1,1,
79848,2021-11-04 05:10:00,40.72942,-73.87881,1,0,Driver Inattention/Distraction,4473886,9.9,3.0,0.0,0.0,0.0,0.0,3,10.8,21.2,5,Overcast,1,1,
79849,2022-01-31 11:15:00,40.78449,-73.839455,0,0,Passing Too Closely,4498868,-3.4,-17.1,0.0,0.0,0.0,0.0,3,12.2,18.0,23,Overcast,0,0,
79850,2021-11-04 07:45:00,40.598873,-73.74902,0,0,Unspecified,4474252,9.9,3.0,0.0,0.0,0.0,0.0,3,10.8,21.2,5,Overcast,0,0,
79851,2021-11-04 01:14:00,40.76093,-73.96914,1,0,Driver Inattention/Distraction,4473828,9.9,3.0,0.0,0.0,0.0,0.0,3,10.8,21.2,5,Overcast,1,1,
79852,2021-11-04 10:50:00,40.7079,-73.851105,1,0,Driver Inattention/Distraction,4474203,9.9,3.0,0.0,0.0,0.0,0.0,3,10.8,21.2,5,Overcast,1,1,
79853,2021-11-05 12:00:00,40.800503,-73.9146,0,0,Unspecified,4474594,10.7,3.2,0.0,0.0,0.0,0.0,0,14.8,30.2,1,Clear sky,0,0,Sunny/Clear Conditions
79854,2021-10-29 09:00:00,40.575203,-74.169846,0,0,Unspecified,4474445,13.8,8.3,9.3,9.3,0.0,5.0,63,40.9,73.8,78,Rain: Moderate,0,0,
79855,2021-11-03 08:35:00,40.741047,-73.91818,0,1,Unspecified,4474072,10.7,3.8,0.1,0.1,0.0,1.0,51,15.6,30.6,302,Drizzle: Light,20,1,
79856,2021-11-04 22:56:00,40.68174,-73.95859,0,0,Unsafe Speed,4474835,9.9,3.0,0.0,0.0,0.0,0.0,3,10.8,21.2,5,Overcast,0,0,
79857,2021-11-05 08:50:00,40.74777,-73.768684,0,0,,4474462,10.7,3.2,0.0,0.0,0.0,0.0,0,14.8,30.2,1,Clear sky,0,0,Sunny/Clear Conditions
79858,2021-11-05 20:27:00,40.719593,-73.986755,0,0,Unsafe Speed,4474565,10.7,3.2,0.0,0.0,0.0,0.0,0,14.8,30.2,1,Clear sky,0,0,Sunny/Clear Conditions
79859,2021-11-05 18:00:00,40.835026,-73.858086,0,0,Unspecified,4474791,10.7,3.2,0.0,0.0,0.0,0.0,0,14.8,30.2,1,Clear sky,0,0,Sunny/Clear Conditions
79860,2021-11-05 12:00:00,40.74051,-73.996544,0,0,Unspecified,4474633,10.7,3.2,0.0,0.0,0.0,0.0,0,14.8,30.2,1,Clear sky,0,0,Sunny/Clear Conditions
79861,2021-11-05 23:40:00,40.733696,-73.72526,1,0,,4474390,10.7,3.2,0.0,0.0,0.0,0.0,0,14.8,30.2,1,Clear sky,1,1,Sunny/Clear Conditions
79862,2021-11-03 16:28:00,40.856106,-73.90646,0,0,Driver Inattention/Distraction,4474080,10.7,3.8,0.1,0.1,0.0,1.0,51,15.6,30.6,302,Drizzle: Light,0,0,
79863,2021-11-03 08:15:00,40.60567,-74.030945,1,0,Following Too Closely,4474494,10.7,3.8,0.1,0.1,0.0,1.0,51,15.6,30.6,302,Drizzle: Light,1,1,
79864,2021-11-02 19:45:00,40.83863,-73.93348,0,0,Unsafe Lane Changing,4474353,11.4,7.0,0.6,0.6,0.0,4.0,51,14.1,28.1,271,Drizzle: Light,0,0,
79865,2021-11-04 19:30:00,40.75908,-73.89645,0,0,Unsafe Speed,4474263,9.9,3.0,0.0,0.0,0.0,0.0,3,10.8,21.2,5,Overcast,0,0,
79866,2021-11-04 12:00:00,40.821613,-73.80891,0,0,Unspecified,4474709,9.9,3.0,0.0,0.0,0.0,0.0,3,10.8,21.2,5,Overcast,0,0,
79867,2021-11-04 09:45:00,40.828407,-73.93125,0,0,Unspecified,4474098,9.9,3.0,0.0,0.0,0.0,0.0,3,10.8,21.2,5,Overcast,0,0,
79868,2021-10-26 09:00:00,40.85071,-73.89408,1,0,Driver Inattention/Distraction,4475074,16.9,13.8,84.5,84.5,0.0,17.0,65,28.7,53.6,87,Rain: Heavy,1,1,
79869,2021-11-03 10:30:00,40.813232,-73.90908,0,0,Unspecified,4473847,10.7,3.8,0.1,0.1,0.0,1.0,51,15.6,30.6,302,Drizzle: Light,0,0,
79870,2021-12-12 10:30:00,40.76457,-73.97364,1,0,Unspecified,4486085,13.0,3.4,0.5,0.5,0.0,1.0,53,32.4,62.6,284,Drizzle: Moderate,1,1,
79871,2021-12-11 04:04:00,40.870594,-73.88326,0,0,Alcohol Involvement,4486359,17.3,5.0,8.1,8.1,0.0,5.0,63,35.0,67.0,206,Rain: Moderate,0,0,
79872,2021-12-12 14:30:00,40.705944,-73.81202,0,0,Unspecified,4485915,13.0,3.4,0.5,0.5,0.0,1.0,53,32.4,62.6,284,Drizzle: Moderate,0,0,
79873,2021-12-12 16:50:00,40.884487,-73.86567,1,0,,4485994,13.0,3.4,0.5,0.5,0.0,1.0,53,32.4,62.6,284,Drizzle: Moderate,1,1,
79874,2021-12-05 17:00:00,40.686966,-73.91801,0,0,Unspecified,4486546,7.6,0.0,0.0,0.0,0.0,0.0,3,15.1,27.0,303,Overcast,0,0,
79875,2021-12-11 14:16:00,40.77074,-73.99455,0,0,Following Too Closely,4486404,17.3,5.0,8.1,8.1,0.0,5.0,63,35.0,67.0,206,Rain: Moderate,0,0,
79876,2021-12-12 03:37:00,40.671616,-73.89775,4,0,Unsafe Speed,4486023,13.0,3.4,0.5,0.5,0.0,1.0,53,32.4,62.6,284,Drizzle: Moderate,4,4,
79877,2021-12-12 00:41:00,40.670853,-73.77188,0,0,Passing Too Closely,4486415,13.0,3.4,0.5,0.5,0.0,1.0,53,32.4,62.6,284,Drizzle: Moderate,0,0,
79878,2021-12-12 00:15:00,40.616398,-74.02807,0,0,Unspecified,4485499,13.0,3.4,0.5,0.5,0.0,1.0,53,32.4,62.6,284,Drizzle: Moderate,0,0,
79879,2021-12-12 20:15:00,40.691303,-73.9844,1,0,Driver Inattention/Distraction,4485841,13.0,3.4,0.5,0.5,0.0,1.0,53,32.4,62.6,284,Drizzle: Moderate,1,1,
79880,2021-12-12 00:00:00,40.766666,-73.95929,0,0,Unspecified,4485733,13.0,3.4,0.5,0.5,0.0,1.0,53,32.4,62.6,284,Drizzle: Moderate,0,0,
79881,2021-12-12 20:28:00,40.616608,-74.14234,3,0,Traffic Control Disregarded,4486121,13.0,3.4,0.5,0.5,0.0,1.0,53,32.4,62.6,284,Drizzle: Moderate,3,3,
79882,2021-12-02 17:03:00,40.703766,-73.875015,0,0,Alcohol Involvement,4486482,13.2,5.4,3.4,3.4,0.0,10.0,55,28.0,46.8,215,Drizzle: Dense,0,0,
79883,2021-12-10 16:20:00,40.606182,-74.07613,0,0,Unsafe Lane Changing,4486384,8.5,1.6,0.0,0.0,0.0,0.0,3,9.8,20.5,183,Overcast,0,0,
79884,2021-12-12 23:50:00,40.738213,-73.80107,4,0,Reaction to Uninvolved Vehicle,4485919,13.0,3.4,0.5,0.5,0.0,1.0,53,32.4,62.6,284,Drizzle: Moderate,4,4,
79885,2021-12-12 20:37:00,40.74284,-73.853874,0,0,Backing Unsafely,4485974,13.0,3.4,0.5,0.5,0.0,1.0,53,32.4,62.6,284,Drizzle: Moderate,0,0,
79886,2021-12-08 13:26:00,40.752693,-73.932915,0,0,Unspecified,4486347,4.7,0.9,0.7,0.7,0.0,2.0,51,14.5,24.8,355,Drizzle: Light,0,0,
79887,2021-12-12 16:06:00,0.0,0.0,0,0,Driver Inattention/Distraction,4486054,13.0,3.4,0.5,0.5,0.0,1.0,53,32.4,62.6,284,Drizzle: Moderate,0,0,
79888,2021-12-12 02:20:00,40.67005,-73.98808,0,0,Passing Too Closely,4485771,13.0,3.4,0.5,0.5,0.0,1.0,53,32.4,62.6,284,Drizzle: Moderate,0,0,
79889,2021-12-12 19:20:00,40.703686,-73.965065,1,0,Passing or Lane Usage Improper,4485802,13.0,3.4,0.5,0.5,0.0,1.0,53,32.4,62.6,284,Drizzle: Moderate,1,1,
79890,2021-12-12 14:30:00,40.618584,-74.009224,0,0,Traffic Control Disregarded,4485664,13.0,3.4,0.5,0.5,0.0,1.0,53,32.4,62.6,284,Drizzle: Moderate,0,0,
79891,2021-12-05 16:08:00,40.896393,-73.896805,0,0,Unspecified,4486596,7.6,0.0,0.0,0.0,0.0,0.0,3,15.1,27.0,303,Overcast,0,0,
79892,2021-12-12 14:28:00,40.8514,-73.90606,0,0,Passing Too Closely,4486075,13.0,3.4,0.5,0.5,0.0,1.0,53,32.4,62.6,284,Drizzle: Moderate,0,0,
79893,2021-12-12 20:35:00,0.0,0.0,0,0,Unspecified,4486491,13.0,3.4,0.5,0.5,0.0,1.0,53,32.4,62.6,284,Drizzle: Moderate,0,0,
79894,2021-12-12 20:36:00,40.63275,-74.02428,1,0,Driver Inattention/Distraction,4485815,13.0,3.4,0.5,0.5,0.0,1.0,53,32.4,62.6,284,Drizzle: Moderate,1,1,
79895,2022-01-26 16:26:00,40.690342,-73.78243,1,0,Failure to Yield Right-of-Way,4499037,-3.1,-8.0,0.0,0.0,0.0,0.0,0,20.5,39.6,328,Clear sky,1,1,Sunny/Clear Conditions
79896,2022-01-29 14:00:00,40.665955,-73.76084,0,0,Unspecified,4498270,-1.7,-12.9,17.6,0.1,12.25,19.0,75,39.7,72.7,336,Snow fall: Heavy,0,0,Snowy Conditions
79897,2022-01-14 17:20:00,40.82267,-73.92007,0,0,Driver Inattention/Distraction,4498283,5.0,-5.0,0.0,0.0,0.0,0.0,3,34.6,62.6,358,Overcast,0,0,
79898,2022-01-29 09:00:00,40.71508,-73.73789,0,0,Driver Inattention/Distraction,4498302,-1.7,-12.9,17.6,0.1,12.25,19.0,75,39.7,72.7,336,Snow fall: Heavy,0,0,Snowy Conditions
79899,2022-01-26 14:10:00,40.590633,-73.94976,1,0,Unspecified,4498019,-3.1,-8.0,0.0,0.0,0.0,0.0,0,20.5,39.6,328,Clear sky,1,1,Sunny/Clear Conditions
79900,2022-01-31 18:17:00,40.67087,-73.91967,0,0,Unspecified,4499448,-3.4,-17.1,0.0,0.0,0.0,0.0,3,12.2,18.0,23,Overcast,0,0,
79901,2022-04-13 01:16:00,40.636623,-74.08179,1,0,Driver Inattention/Distraction,4518904,18.9,7.1,0.0,0.0,0.0,0.0,3,18.7,37.4,112,Overcast,1,1,
79902,2022-01-26 09:23:00,40.59581,-73.94204,1,0,Driver Inattention/Distraction,4498007,-3.1,-8.0,0.0,0.0,0.0,0.0,0,20.5,39.6,328,Clear sky,1,1,Sunny/Clear Conditions
79903,2022-01-31 10:00:00,40.63056,-74.1057,0,0,Other Vehicular,4499426,-3.4,-17.1,0.0,0.0,0.0,0.0,3,12.2,18.0,23,Overcast,0,0,
79904,2022-01-26 17:35:00,40.84134,-73.83707,1,0,Failure to Yield Right-of-Way,4498633,-3.1,-8.0,0.0,0.0,0.0,0.0,0,20.5,39.6,328,Clear sky,1,1,Sunny/Clear Conditions
79905,2022-01-27 08:40:00,40.724876,-73.975174,1,0,Unspecified,4498239,-0.3,-9.6,0.0,0.0,0.0,0.0,3,18.7,37.1,184,Overcast,1,1,
79906,2022-01-27 16:44:00,40.81099,-73.914856,0,0,Unspecified,4498371,-0.3,-9.6,0.0,0.0,0.0,0.0,3,18.7,37.1,184,Overcast,0,0,
79907,2022-01-28 08:36:00,40.65159,-73.98112,0,0,Following Too Closely,4498034,1.0,-3.1,2.4,0.0,1.68,13.0,73,18.7,31.3,251,Snow fall: Moderate,0,0,Snowy Conditions
79908,2022-01-25 22:00:00,40.73151,-73.954475,0,0,Passing Too Closely,4499047,6.3,-3.9,0.0,0.0,0.0,0.0,3,16.9,33.8,270,Overcast,0,0,
79909,2022-01-29 01:35:00,40.830112,-73.850266,0,0,Alcohol Involvement,4498707,-1.7,-12.9,17.6,0.1,12.25,19.0,75,39.7,72.7,336,Snow fall: Heavy,0,0,Snowy Conditions
79910,2022-01-31 00:54:00,40.660297,-73.947685,0,0,Driver Inattention/Distraction,4499537,-3.4,-17.1,0.0,0.0,0.0,0.0,3,12.2,18.0,23,Overcast,0,0,
79911,2022-01-17 19:15:00,40.70621,-73.75072,1,0,Driver Inattention/Distraction,4497996,9.7,0.4,33.6,32.8,0.56,12.0,73,54.1,99.7,183,Snow fall: Moderate,1,1,Snowy Conditions
79912,2022-01-30 15:28:00,40.69011,-73.81206,2,0,Failure to Yield Right-of-Way,4498552,-5.4,-13.8,0.0,0.0,0.0,0.0,3,28.5,50.0,290,Overcast,2,2,
79913,2022-01-29 00:00:00,40.749928,-73.814026,0,0,Passing Too Closely,4498166,-1.7,-12.9,17.6,0.1,12.25,19.0,75,39.7,72.7,336,Snow fall: Heavy,0,0,Snowy Conditions
79914,2022-01-25 07:15:00,40.700478,-73.92534,0,0,Other Vehicular,4498701,6.3,-3.9,0.0,0.0,0.0,0.0,3,16.9,33.8,270,Overcast,0,0,
79915,2022-01-30 23:37:00,40.646885,-73.94916,0,0,Turning Improperly,4498768,-5.4,-13.8,0.0,0.0,0.0,0.0,3,28.5,50.0,290,Overcast,0,0,
79916,2022-01-27 21:45:00,40.71713,-73.7986,0,0,Reaction to Uninvolved Vehicle,4498354,-0.3,-9.6,0.0,0.0,0.0,0.0,3,18.7,37.1,184,Overcast,0,0,
79917,2022-01-28 09:24:00,40.73984,-73.89766,0,0,Unspecified,4498486,1.0,-3.1,2.4,0.0,1.68,13.0,73,18.7,31.3,251,Snow fall: Moderate,0,0,Snowy Conditions
79918,2022-01-28 12:18:00,40.75112,-73.940605,0,0,Unspecified,4498092,1.0,-3.1,2.4,0.0,1.68,13.0,73,18.7,31.3,251,Snow fall: Moderate,0,0,Snowy Conditions
79919,2022-01-27 20:30:00,40.676937,-73.92183,0,0,Unspecified,4499447,-0.3,-9.6,0.0,0.0,0.0,0.0,3,18.7,37.1,184,Overcast,0,0,
79920,2022-01-30 21:17:00,40.692127,-73.83484,0,0,Following Too Closely,4498569,-5.4,-13.8,0.0,0.0,0.0,0.0,3,28.5,50.0,290,Overcast,0,0,
79921,2021-12-14 17:00:00,40.819267,-73.926994,0,0,Unspecified,4498601,10.4,3.1,0.0,0.0,0.0,0.0,3,18.5,31.3,322,Overcast,0,0,
79922,2022-01-27 11:00:00,40.725906,-73.9354,0,0,Following Too Closely,4498821,-0.3,-9.6,0.0,0.0,0.0,0.0,3,18.7,37.1,184,Overcast,0,0,
79923,2022-01-31 16:28:00,40.71114,-73.9035,0,0,Unspecified,4498900,-3.4,-17.1,0.0,0.0,0.0,0.0,3,12.2,18.0,23,Overcast,0,0,
79924,2022-01-14 13:40:00,40.726913,-73.94187,0,0,Passing Too Closely,4498684,5.0,-5.0,0.0,0.0,0.0,0.0,3,34.6,62.6,358,Overcast,0,0,
79925,2022-01-30 15:15:00,40.83609,-73.87524,0,0,Driver Inattention/Distraction,4498734,-5.4,-13.8,0.0,0.0,0.0,0.0,3,28.5,50.0,290,Overcast,0,0,
79926,2022-01-21 09:15:00,40.80654,-73.9564,0,0,Driver Inattention/Distraction,4498785,-5.3,-11.6,0.0,0.0,0.0,0.0,3,21.9,40.0,2,Overcast,0,0,
79927,2021-12-07 11:50:00,40.667522,-73.78063,0,0,Passing or Lane Usage Improper,4498107,8.6,0.8,0.1,0.1,0.0,1.0,51,27.2,49.3,283,Drizzle: Light,0,0,
79928,2022-01-30 11:30:00,40.58546,-73.9891,0,0,Other Vehicular,4498326,-5.4,-13.8,0.0,0.0,0.0,0.0,3,28.5,50.0,290,Overcast,0,0,
79929,2022-01-29 18:00:00,40.83169,-73.949265,0,0,Unspecified,4499509,-1.7,-12.9,17.6,0.1,12.25,19.0,75,39.7,72.7,336,Snow fall: Heavy,0,0,Snowy Conditions
79930,2022-01-31 21:00:00,40.65388,-74.0037,0,0,Unsafe Speed,4498917,-3.4,-17.1,0.0,0.0,0.0,0.0,3,12.2,18.0,23,Overcast,0,0,
79931,2022-01-30 08:30:00,40.75548,-73.74173,0,0,Pavement Slippery,4498339,-5.4,-13.8,0.0,0.0,0.0,0.0,3,28.5,50.0,290,Overcast,0,0,
79932,2022-01-28 09:31:00,40.6626,-73.91771,0,0,Unspecified,4499260,1.0,-3.1,2.4,0.0,1.68,13.0,73,18.7,31.3,251,Snow fall: Moderate,0,0,Snowy Conditions
79933,2022-01-24 06:45:00,40.766617,-73.8389,0,0,Following Too Closely,4498178,0.2,-2.7,0.3,0.0,0.21,2.0,71,15.1,31.0,307,Snow fall: Light,0,0,Snowy Conditions
79934,2022-01-31 21:58:00,40.719437,-73.94063,1,0,Unspecified,4499051,-3.4,-17.1,0.0,0.0,0.0,0.0,3,12.2,18.0,23,Overcast,1,1,
79935,2022-01-22 12:00:00,40.884235,-73.901146,1,0,Unspecified,4499146,-1.3,-12.3,0.0,0.0,0.0,0.0,3,18.4,32.8,1,Overcast,1,1,
79936,2022-01-31 13:43:00,40.827656,-73.8861,0,0,Passenger Distraction,4498932,-3.4,-17.1,0.0,0.0,0.0,0.0,3,12.2,18.0,23,Overcast,0,0,
79937,2022-01-30 21:35:00,40.667088,-73.948906,0,0,Driver Inattention/Distraction,4498524,-5.4,-13.8,0.0,0.0,0.0,0.0,3,28.5,50.0,290,Overcast,0,0,
79938,2022-01-29 06:20:00,40.729595,-73.88025,0,0,Backing Unsafely,4498442,-1.7,-12.9,17.6,0.1,12.25,19.0,75,39.7,72.7,336,Snow fall: Heavy,0,0,Snowy Conditions
79939,2022-01-29 07:00:00,40.7422,-73.840965,0,0,Driver Inattention/Distraction,4498139,-1.7,-12.9,17.6,0.1,12.25,19.0,75,39.7,72.7,336,Snow fall: Heavy,0,0,Snowy Conditions
79940,2022-01-31 09:20:00,40.841877,-73.8888,0,0,Driver Inattention/Distraction,4498800,-3.4,-17.1,0.0,0.0,0.0,0.0,3,12.2,18.0,23,Overcast,0,0,
79941,2022-01-26 14:50:00,40.639645,-74.008835,0,0,Following Too Closely,4498885,-3.1,-8.0,0.0,0.0,0.0,0.0,0,20.5,39.6,328,Clear sky,0,0,Sunny/Clear Conditions
79942,2022-01-30 04:00:00,40.653976,-74.00686,0,0,Unspecified,4498541,-5.4,-13.8,0.0,0.0,0.0,0.0,3,28.5,50.0,290,Overcast,0,0,
79943,2022-01-29 02:58:00,40.862404,-73.9111,0,0,Unspecified,4498620,-1.7,-12.9,17.6,0.1,12.25,19.0,75,39.7,72.7,336,Snow fall: Heavy,0,0,Snowy Conditions
79944,2022-01-29 11:25:00,40.572872,-74.1466,0,0,Pavement Slippery,4498836,-1.7,-12.9,17.6,0.1,12.25,19.0,75,39.7,72.7,336,Snow fall: Heavy,0,0,Snowy Conditions
79945,2022-01-30 23:49:00,40.66855,-73.90079,1,0,Failure to Yield Right-of-Way,4499081,-5.4,-13.8,0.0,0.0,0.0,0.0,3,28.5,50.0,290,Overcast,1,1,
79946,2022-01-25 17:00:00,40.766445,-73.829094,0,0,Passing or Lane Usage Improper,4498171,6.3,-3.9,0.0,0.0,0.0,0.0,3,16.9,33.8,270,Overcast,0,0,
79947,2022-01-28 11:35:00,40.68576,-73.99865,0,0,Driver Inattention/Distraction,4498002,1.0,-3.1,2.4,0.0,1.68,13.0,73,18.7,31.3,251,Snow fall: Moderate,0,0,Snowy Conditions
79948,2021-08-26 07:00:00,40.81044,-73.88735,0,0,Unspecified,4452005,31.8,22.8,0.1,0.1,0.0,1.0,51,14.8,29.2,228,Drizzle: Light,0,0,
79949,2022-01-29 11:39:00,40.76536,-73.98759,0,0,Following Too Closely,4499165,-1.7,-12.9,17.6,0.1,12.25,19.0,75,39.7,72.7,336,Snow fall: Heavy,0,0,Snowy Conditions
79950,2022-01-27 22:14:00,40.607258,-74.00265,1,0,,4499401,-0.3,-9.6,0.0,0.0,0.0,0.0,3,18.7,37.1,184,Overcast,1,1,
79951,2022-01-26 20:00:00,40.655212,-73.93272,0,0,Unspecified,4498403,-3.1,-8.0,0.0,0.0,0.0,0.0,0,20.5,39.6,328,Clear sky,0,0,Sunny/Clear Conditions
79952,2022-01-27 21:00:00,40.748955,-73.99581,0,0,Unsafe Speed,4498853,-0.3,-9.6,0.0,0.0,0.0,0.0,3,18.7,37.1,184,Overcast,0,0,
79953,2022-01-28 08:17:00,40.837975,-73.86956,0,0,Passing Too Closely,4498028,1.0,-3.1,2.4,0.0,1.68,13.0,73,18.7,31.3,251,Snow fall: Moderate,0,0,Snowy Conditions
79954,2022-01-30 04:55:00,40.703762,-73.94262,0,0,Pavement Slippery,4498952,-5.4,-13.8,0.0,0.0,0.0,0.0,3,28.5,50.0,290,Overcast,0,0,
79955,2022-01-28 07:45:00,40.760227,-73.961525,0,0,Following Too Closely,4498588,1.0,-3.1,2.4,0.0,1.68,13.0,73,18.7,31.3,251,Snow fall: Moderate,0,0,Snowy Conditions
79956,2022-01-17 00:00:00,40.69831,-73.9498,0,0,Driver Inattention/Distraction,4498997,9.7,0.4,33.6,32.8,0.56,12.0,73,54.1,99.7,183,Snow fall: Moderate,0,0,Snowy Conditions
79957,2022-01-28 19:00:00,40.641857,-74.07966,0,0,Pavement Slippery,4498266,1.0,-3.1,2.4,0.0,1.68,13.0,73,18.7,31.3,251,Snow fall: Moderate,0,0,Snowy Conditions
79958,2022-01-27 07:15:00,40.856533,-73.91544,0,0,Turning Improperly,4498753,-0.3,-9.6,0.0,0.0,0.0,0.0,3,18.7,37.1,184,Overcast,0,0,
79959,2022-01-31 09:00:00,40.66224,-73.877205,0,0,Pavement Slippery,4498864,-3.4,-17.1,0.0,0.0,0.0,0.0,3,12.2,18.0,23,Overcast,0,0,
79960,2022-01-28 22:41:00,40.590473,-73.811615,1,0,Pavement Slippery,4498398,1.0,-3.1,2.4,0.0,1.68,13.0,73,18.7,31.3,251,Snow fall: Moderate,1,1,Snowy Conditions
79961,2022-01-26 08:03:00,40.700516,-73.89835,0,0,Unspecified,4499127,-3.1,-8.0,0.0,0.0,0.0,0.0,0,20.5,39.6,328,Clear sky,0,0,Sunny/Clear Conditions
79962,2022-01-30 09:10:00,40.701805,-73.74115,0,0,Pavement Slippery,4498307,-5.4,-13.8,0.0,0.0,0.0,0.0,3,28.5,50.0,290,Overcast,0,0,
79963,2022-01-29 12:09:00,40.862873,-73.84917,0,0,Pavement Slippery,4498134,-1.7,-12.9,17.6,0.1,12.25,19.0,75,39.7,72.7,336,Snow fall: Heavy,0,0,Snowy Conditions
79964,2022-01-28 18:24:00,40.650116,-73.960785,1,0,Unspecified,4498210,1.0,-3.1,2.4,0.0,1.68,13.0,73,18.7,31.3,251,Snow fall: Moderate,1,1,Snowy Conditions
79965,2022-01-29 15:25:00,40.626373,-73.99754,0,0,Unspecified,4498271,-1.7,-12.9,17.6,0.1,12.25,19.0,75,39.7,72.7,336,Snow fall: Heavy,0,0,Snowy Conditions
79966,2022-01-28 12:22:00,40.89507,-73.85445,1,0,,4498430,1.0,-3.1,2.4,0.0,1.68,13.0,73,18.7,31.3,251,Snow fall: Moderate,1,1,Snowy Conditions
79967,2022-01-22 11:45:00,40.576252,-74.16978,0,0,Driver Inattention/Distraction,4498039,-1.3,-12.3,0.0,0.0,0.0,0.0,3,18.4,32.8,1,Overcast,0,0,
79968,2022-01-28 20:20:00,40.73448,-74.001396,1,0,Driver Inattention/Distraction,4498298,1.0,-3.1,2.4,0.0,1.68,13.0,73,18.7,31.3,251,Snow fall: Moderate,1,1,Snowy Conditions
79969,2022-01-28 22:50:00,40.647903,-74.007416,0,0,Unspecified,4498060,1.0,-3.1,2.4,0.0,1.68,13.0,73,18.7,31.3,251,Snow fall: Moderate,0,0,Snowy Conditions
79970,2022-01-31 18:35:00,40.740597,-73.9306,0,0,Following Too Closely,4499097,-3.4,-17.1,0.0,0.0,0.0,0.0,3,12.2,18.0,23,Overcast,0,0,
79971,2022-01-28 22:50:00,40.63641,-73.93845,0,0,Driver Inattention/Distraction,4498243,1.0,-3.1,2.4,0.0,1.68,13.0,73,18.7,31.3,251,Snow fall: Moderate,0,0,Snowy Conditions
79972,2022-01-17 17:54:00,40.668327,-73.869606,2,0,Turning Improperly,4499358,9.7,0.4,33.6,32.8,0.56,12.0,73,54.1,99.7,183,Snow fall: Moderate,2,2,Snowy Conditions
79973,2022-01-27 15:05:00,40.584557,-73.950874,0,0,Driver Inexperience,4498011,-0.3,-9.6,0.0,0.0,0.0,0.0,3,18.7,37.1,184,Overcast,0,0,
79974,2022-01-26 16:35:00,40.836308,-73.884605,0,0,Driver Inattention/Distraction,4498198,-3.1,-8.0,0.0,0.0,0.0,0.0,0,20.5,39.6,328,Clear sky,0,0,Sunny/Clear Conditions
79975,2021-11-06 13:27:00,40.71384,-73.99273,2,0,Failure to Yield Right-of-Way,4474704,10.5,3.4,0.0,0.0,0.0,0.0,0,9.5,17.6,61,Clear sky,2,2,Sunny/Clear Conditions
79976,2022-01-27 14:20:00,40.870415,-73.91515,0,0,Driver Inexperience,4498457,-0.3,-9.6,0.0,0.0,0.0,0.0,3,18.7,37.1,184,Overcast,0,0,
79977,2022-01-31 21:13:00,40.678143,-73.908485,0,0,Pavement Slippery,4498907,-3.4,-17.1,0.0,0.0,0.0,0.0,3,12.2,18.0,23,Overcast,0,0,
79978,2022-01-28 15:40:00,40.861866,-73.91842,1,0,Unsafe Speed,4498474,1.0,-3.1,2.4,0.0,1.68,13.0,73,18.7,31.3,251,Snow fall: Moderate,1,1,Snowy Conditions
79979,2022-01-29 03:33:00,40.598217,-73.9698,0,0,Drugs (illegal),4498146,-1.7,-12.9,17.6,0.1,12.25,19.0,75,39.7,72.7,336,Snow fall: Heavy,0,0,Snowy Conditions
79980,2022-01-27 08:41:00,40.81438,-73.89623,2,0,Unspecified,4498739,-0.3,-9.6,0.0,0.0,0.0,0.0,3,18.7,37.1,184,Overcast,2,2,
79981,2022-01-29 16:59:00,40.73963,-73.92226,0,0,Unspecified,4498161,-1.7,-12.9,17.6,0.1,12.25,19.0,75,39.7,72.7,336,Snow fall: Heavy,0,0,Snowy Conditions