,CRASH DATETIME,LATITUDE,LONGITUDE,NUMBER OF PERSONS INJURED,NUMBER OF PERSONS KILLED,CONTRIBUTING FACTOR VEHICLE 1,COLLISION_ID,temperature_2m_max,temperature_2m_min,precipitation_sum,rain_sum,snowfall_sum,precipitation_hours,weather_code,wind_speed_10m_max,wind_gusts_10m_max,wind_direction_10m_dominant,Weather Description,Severity_Score,Total_Affected_Persons,Weather_Category
79982,2022-01-28 15:35:00,40.769886,-73.92781,1,0,Driver Inattention/Distraction,4498573,1.0,-3.1,2.4,0.0,1.68,13.0,73,18.7,31.3,251,Snow fall: Moderate,1,1,Snowy Conditions
79983,2022-01-29 20:00:00,40.888466,-73.83321,0,0,Unspecified,4498425,-1.7,-12.9,17.6,0.1,12.25,19.0,75,39.7,72.7,336,Snow fall: Heavy,0,0,Snowy Conditions
79984,2022-01-31 13:00:00,40.66819,-73.98778,0,0,Backing Unsafely,4499031,-3.4,-17.1,0.0,0.0,0.0,0.0,3,12.2,18.0,23,Overcast,0,0,
79985,2022-01-31 19:20:00,0.0,0.0,0,0,Unspecified,4499116,-3.4,-17.1,0.0,0.0,0.0,0.0,3,12.2,18.0,23,Overcast,0,0,
79986,2022-01-26 17:44:00,40.832573,-73.91052,2,0,Following Too Closely,4498303,-3.1,-8.0,0.0,0.0,0.0,0.0,0,20.5,39.6,328,Clear sky,2,2,Sunny/Clear Conditions
79987,2022-01-26 16:55:00,40.694576,-73.95615,0,0,Driver Inattention/Distraction,4498358,-3.1,-8.0,0.0,0.0,0.0,0.0,0,20.5,39.6,328,Clear sky,0,0,Sunny/Clear Conditions
79988,2022-01-30 13:14:00,40.623962,-73.97245,0,0,Unspecified,4498605,-5.4,-13.8,0.0,0.0,0.0,0.0,3,28.5,50.0,290,Overcast,0,0,
79989,2022-01-22 15:00:00,40.75303,-73.92163,0,0,Driver Inattention/Distraction,4498193,-1.3,-12.3,0.0,0.0,0.0,0.0,3,18.4,32.8,1,Overcast,0,0,
79990,2022-01-25 14:35:00,40.859875,-73.89323,1,0,Driver Inattention/Distraction,4498628,6.3,-3.9,0.0,0.0,0.0,0.0,3,16.9,33.8,270,Overcast,1,1,
79991,2022-01-25 14:09:00,40.64773,-73.91434,1,0,,4498235,6.3,-3.9,0.0,0.0,0.0,0.0,3,16.9,33.8,270,Overcast,1,1,
79992,2022-01-28 12:14:00,40.850166,-73.93576,0,0,Traffic Control Disregarded,4498467,1.0,-3.1,2.4,0.0,1.68,13.0,73,18.7,31.3,251,Snow fall: Moderate,0,0,Snowy Conditions
79993,2022-01-29 16:30:00,40.576374,-74.00788,0,0,Unspecified,4499150,-1.7,-12.9,17.6,0.1,12.25,19.0,75,39.7,72.7,336,Snow fall: Heavy,0,0,Snowy Conditions
79994,2022-01-29 07:42:00,40.838203,-73.9302,0,0,Pavement Slippery,4498817,-1.7,-12.9,17.6,0.1,12.25,19.0,75,39.7,72.7,336,Snow fall: Heavy,0,0,Snowy Conditions
79995,2022-01-29 00:17:00,40.86551,-73.85962,0,0,Other Vehicular,4498088,-1.7,-12.9,17.6,0.1,12.25,19.0,75,39.7,72.7,336,Snow fall: Heavy,0,0,Snowy Conditions
79996,2022-01-27 19:00:00,40.827812,-73.925934,1,0,Unsafe Speed,4498220,-0.3,-9.6,0.0,0.0,0.0,0.0,3,18.7,37.1,184,Overcast,1,1,
79997,2022-01-28 02:00:00,40.7608,-73.98844,0,0,Cell Phone (hand-Held),4498103,1.0,-3.1,2.4,0.0,1.68,13.0,73,18.7,31.3,251,Snow fall: Moderate,0,0,Snowy Conditions
79998,2022-01-30 15:30:00,40.7684,-73.73755,0,0,Driver Inattention/Distraction,4498496,-5.4,-13.8,0.0,0.0,0.0,0.0,3,28.5,50.0,290,Overcast,0,0,
79999,2022-01-31 19:26:00,40.854065,-73.85203,0,0,Driver Inattention/Distraction,4498920,-3.4,-17.1,0.0,0.0,0.0,0.0,3,12.2,18.0,23,Overcast,0,0,
80000,2022-01-27 15:35:00,40.585144,-73.98936,1,0,Driver Inattention/Distraction,4498330,-0.3,-9.6,0.0,0.0,0.0,0.0,3,18.7,37.1,184,Overcast,1,1,
80001,2022-01-26 07:45:00,40.708347,-73.96724,0,0,Driver Inattention/Distraction,4498556,-3.1,-8.0,0.0,0.0,0.0,0.0,0,20.5,39.6,328,Clear sky,0,0,Sunny/Clear Conditions
80002,2022-01-01 14:49:00,40.804585,-73.94782,0,0,Driver Inattention/Distraction,4498789,11.7,7.5,19.4,19.4,0.0,19.0,63,13.9,22.3,161,Rain: Moderate,0,0,
80003,2022-01-24 18:25:00,40.66041,-73.93424,1,0,Driver Inattention/Distraction,4498066,0.2,-2.7,0.3,0.0,0.21,2.0,71,15.1,31.0,307,Snow fall: Light,1,1,Snowy Conditions
80004,2022-01-23 20:30:00,40.69822,-73.943954,0,0,Pavement Slippery,4498335,2.8,-6.1,0.5,0.0,0.35,3.0,71,14.2,28.1,243,Snow fall: Light,0,0,Snowy Conditions
80005,2022-01-29 00:10:00,40.840866,-73.87281,0,0,Pavement Slippery,4498949,-1.7,-12.9,17.6,0.1,12.25,19.0,75,39.7,72.7,336,Snow fall: Heavy,0,0,Snowy Conditions
80006,2022-01-30 22:20:00,40.710506,-73.98634,0,0,Unspecified,4499245,-5.4,-13.8,0.0,0.0,0.0,0.0,3,28.5,50.0,290,Overcast,0,0,
80007,2021-08-28 04:10:00,40.67628,-73.892166,4,0,Unsafe Speed,4451421,26.2,20.2,3.9,3.9,0.0,18.0,53,23.5,45.0,65,Drizzle: Moderate,4,4,
80008,2021-08-28 21:51:00,40.627262,-73.95791,3,0,Unspecified,4451523,26.2,20.2,3.9,3.9,0.0,18.0,53,23.5,45.0,65,Drizzle: Moderate,3,3,
80009,2021-08-25 11:00:00,40.574986,-73.99962,0,0,Passing Too Closely,4452248,31.2,20.1,0.0,0.0,0.0,0.0,3,10.2,18.7,277,Overcast,0,0,
80010,2021-08-28 00:10:00,40.74468,-73.987305,0,0,Passing or Lane Usage Improper,4451485,26.2,20.2,3.9,3.9,0.0,18.0,53,23.5,45.0,65,Drizzle: Moderate,0,0,
80011,2021-08-28 22:00:00,40.673157,-73.76673,0,0,Passing or Lane Usage Improper,4451844,26.2,20.2,3.9,3.9,0.0,18.0,53,23.5,45.0,65,Drizzle: Moderate,0,0,
80012,2021-08-28 01:50:00,40.693382,-73.818855,0,0,Traffic Control Disregarded,4451591,26.2,20.2,3.9,3.9,0.0,18.0,53,23.5,45.0,65,Drizzle: Moderate,0,0,
80013,2021-08-27 10:00:00,40.725765,-73.979095,0,0,Driver Inattention/Distraction,4451968,32.2,23.4,1.4,1.4,0.0,2.0,55,9.4,22.3,299,Drizzle: Dense,0,0,
80014,2021-08-28 00:40:00,40.642483,-74.08553,1,0,Unsafe Speed,4452060,26.2,20.2,3.9,3.9,0.0,18.0,53,23.5,45.0,65,Drizzle: Moderate,1,1,
80015,2021-08-27 18:00:00,40.657784,-73.77032,0,0,Driver Inattention/Distraction,4452148,32.2,23.4,1.4,1.4,0.0,2.0,55,9.4,22.3,299,Drizzle: Dense,0,0,
80016,2021-08-28 01:05:00,40.835926,-73.90291,1,0,Driver Inattention/Distraction,4451214,26.2,20.2,3.9,3.9,0.0,18.0,53,23.5,45.0,65,Drizzle: Moderate,1,1,
80017,2021-08-28 13:00:00,40.81796,-73.960365,1,0,Driver Inattention/Distraction,4451600,26.2,20.2,3.9,3.9,0.0,18.0,53,23.5,45.0,65,Drizzle: Moderate,1,1,
80018,2021-08-27 19:35:00,40.82482,-73.89684,0,0,Unspecified,4452003,32.2,23.4,1.4,1.4,0.0,2.0,55,9.4,22.3,299,Drizzle: Dense,0,0,
80019,2021-08-26 23:27:00,40.76124,-73.98749,1,0,Passing or Lane Usage Improper,4452045,31.8,22.8,0.1,0.1,0.0,1.0,51,14.8,29.2,228,Drizzle: Light,1,1,
80020,2021-08-07 00:31:00,40.824554,-73.94196,0,0,Driver Inattention/Distraction,4451947,29.7,19.9,0.0,0.0,0.0,0.0,3,24.2,45.0,198,Overcast,0,0,
80021,2021-08-28 06:44:00,40.645782,-74.006935,0,0,Driver Inattention/Distraction,4451264,26.2,20.2,3.9,3.9,0.0,18.0,53,23.5,45.0,65,Drizzle: Moderate,0,0,
80022,2021-08-28 14:00:00,40.680504,-73.90629,0,0,Driver Inattention/Distraction,4451387,26.2,20.2,3.9,3.9,0.0,18.0,53,23.5,45.0,65,Drizzle: Moderate,0,0,
80023,2021-08-28 07:39:00,40.86679,-73.932495,1,0,Tire Failure/Inadequate,4451708,26.2,20.2,3.9,3.9,0.0,18.0,53,23.5,45.0,65,Drizzle: Moderate,1,1,
80024,2021-08-28 00:00:00,40.708256,-73.91997,0,0,Unspecified,4451782,26.2,20.2,3.9,3.9,0.0,18.0,53,23.5,45.0,65,Drizzle: Moderate,0,0,
80025,2021-08-28 22:25:00,40.600426,-73.941895,0,0,Driver Inattention/Distraction,4451850,26.2,20.2,3.9,3.9,0.0,18.0,53,23.5,45.0,65,Drizzle: Moderate,0,0,
80026,2021-08-21 01:16:00,40.81782,-73.89264,3,1,Aggressive Driving/Road Rage,4449820,27.2,23.0,0.8,0.8,0.0,6.0,51,14.3,29.5,109,Drizzle: Light,23,4,
80027,2021-08-28 15:40:00,40.820965,-73.939575,1,0,Driver Inexperience,4451358,26.2,20.2,3.9,3.9,0.0,18.0,53,23.5,45.0,65,Drizzle: Moderate,1,1,
80028,2021-08-28 15:35:00,40.699764,-73.78285,2,0,Failure to Yield Right-of-Way,4452087,26.2,20.2,3.9,3.9,0.0,18.0,53,23.5,45.0,65,Drizzle: Moderate,2,2,
80029,2021-08-27 01:30:00,40.589645,-74.15628,0,0,Driver Inattention/Distraction,4452118,32.2,23.4,1.4,1.4,0.0,2.0,55,9.4,22.3,299,Drizzle: Dense,0,0,
80030,2021-08-23 20:59:00,40.682423,-73.97069,2,0,Passing or Lane Usage Improper,4452185,28.7,22.0,36.1,36.1,0.0,19.0,65,27.4,49.3,230,Rain: Heavy,2,2,
80031,2021-08-28 14:47:00,40.81728,-73.938545,1,0,Driver Inexperience,4451347,26.2,20.2,3.9,3.9,0.0,18.0,53,23.5,45.0,65,Drizzle: Moderate,1,1,
80032,2021-08-28 16:27:00,40.629883,-73.895775,0,0,Unspecified,4451299,26.2,20.2,3.9,3.9,0.0,18.0,53,23.5,45.0,65,Drizzle: Moderate,0,0,
80033,2021-08-28 16:53:00,40.834915,-73.894135,0,0,Driver Inattention/Distraction,4452017,26.2,20.2,3.9,3.9,0.0,18.0,53,23.5,45.0,65,Drizzle: Moderate,0,0,
80034,2021-08-28 05:35:00,40.6952,-73.92844,0,0,Passing or Lane Usage Improper,4451373,26.2,20.2,3.9,3.9,0.0,18.0,53,23.5,45.0,65,Drizzle: Moderate,0,0,
80035,2021-08-28 10:02:00,40.76521,-73.8005,1,0,Unsafe Speed,4451272,26.2,20.2,3.9,3.9,0.0,18.0,53,23.5,45.0,65,Drizzle: Moderate,1,1,
80036,2021-08-28 11:30:00,40.767353,-73.9177,0,0,Unspecified,4451888,26.2,20.2,3.9,3.9,0.0,18.0,53,23.5,45.0,65,Drizzle: Moderate,0,0,
80037,2022-01-31 09:30:00,40.702286,-73.751724,1,0,Traffic Control Disregarded,4499043,-3.4,-17.1,0.0,0.0,0.0,0.0,3,12.2,18.0,23,Overcast,1,1,
80038,2021-08-28 01:06:00,40.700348,-73.83488,1,0,Unsafe Speed,4451612,26.2,20.2,3.9,3.9,0.0,18.0,53,23.5,45.0,65,Drizzle: Moderate,1,1,
80039,2021-08-15 03:50:00,40.70727,-73.81638,0,0,Unspecified,4451937,27.9,20.0,0.0,0.0,0.0,0.0,3,16.6,33.1,25,Overcast,0,0,
80040,2021-08-28 11:59:00,40.799156,-73.945045,0,0,Unspecified,4451801,26.2,20.2,3.9,3.9,0.0,18.0,53,23.5,45.0,65,Drizzle: Moderate,0,0,
80041,2021-08-28 14:35:00,40.825146,-73.823875,0,0,Unspecified,4451911,26.2,20.2,3.9,3.9,0.0,18.0,53,23.5,45.0,65,Drizzle: Moderate,0,0,
80042,2021-08-28 13:30:00,40.742153,-73.897156,0,0,Driver Inattention/Distraction,4451287,26.2,20.2,3.9,3.9,0.0,18.0,53,23.5,45.0,65,Drizzle: Moderate,0,0,
80043,2021-08-28 14:20:00,40.85713,-73.8808,1,0,Driver Inattention/Distraction,4451364,26.2,20.2,3.9,3.9,0.0,18.0,53,23.5,45.0,65,Drizzle: Moderate,1,1,
80044,2021-08-28 16:00:00,40.78167,-73.83075,1,0,Driver Inattention/Distraction,4451498,26.2,20.2,3.9,3.9,0.0,18.0,53,23.5,45.0,65,Drizzle: Moderate,1,1,
80045,2021-08-26 22:30:00,40.633953,-74.085754,1,0,Unspecified,4452077,31.8,22.8,0.1,0.1,0.0,1.0,51,14.8,29.2,228,Drizzle: Light,1,1,
80046,2021-08-21 21:48:00,40.763344,-73.75791,0,0,Driver Inattention/Distraction,4452215,27.2,23.0,0.8,0.8,0.0,6.0,51,14.3,29.5,109,Drizzle: Light,0,0,
80047,2021-08-28 09:00:00,40.83795,-73.94248,0,0,Alcohol Involvement,4451761,26.2,20.2,3.9,3.9,0.0,18.0,53,23.5,45.0,65,Drizzle: Moderate,0,0,
80048,2021-08-28 22:04:00,40.811092,-73.89335,0,0,Animals Action,4451980,26.2,20.2,3.9,3.9,0.0,18.0,53,23.5,45.0,65,Drizzle: Moderate,0,0,
80049,2021-08-11 12:16:00,40.70924,-73.78635,0,0,Steering Failure,4452094,31.2,23.2,2.8,2.8,0.0,7.0,55,23.7,44.6,206,Drizzle: Dense,0,0,
80050,2021-08-28 19:41:00,40.68174,-73.95859,1,0,Traffic Control Disregarded,4451388,26.2,20.2,3.9,3.9,0.0,18.0,53,23.5,45.0,65,Drizzle: Moderate,1,1,
80051,2021-08-24 09:45:00,40.83376,-73.81922,0,0,Unspecified,4452164,30.6,21.9,0.0,0.0,0.0,0.0,1,13.9,28.1,291,Mainly clear,0,0,Sunny/Clear Conditions
80052,2021-08-28 13:35:00,40.632065,-73.91861,3,0,Driver Inattention/Distraction,4451443,26.2,20.2,3.9,3.9,0.0,18.0,53,23.5,45.0,65,Drizzle: Moderate,3,3,
80053,2021-08-27 19:00:00,40.573265,-74.146965,1,0,Pavement Slippery,4452024,32.2,23.4,1.4,1.4,0.0,2.0,55,9.4,22.3,299,Drizzle: Dense,1,1,
80054,2021-08-28 10:45:00,40.648537,-73.94644,2,0,Unspecified,4451331,26.2,20.2,3.9,3.9,0.0,18.0,53,23.5,45.0,65,Drizzle: Moderate,2,2,
80055,2021-08-27 11:00:00,40.725864,-73.97933,0,0,Driver Inattention/Distraction,4451966,32.2,23.4,1.4,1.4,0.0,2.0,55,9.4,22.3,299,Drizzle: Dense,0,0,
80056,2021-08-28 20:57:00,40.68186,-73.79552,2,0,Unspecified,4451836,26.2,20.2,3.9,3.9,0.0,18.0,53,23.5,45.0,65,Drizzle: Moderate,2,2,
80057,2021-08-28 16:53:00,40.80467,-73.93219,3,0,Driver Inattention/Distraction,4451867,26.2,20.2,3.9,3.9,0.0,18.0,53,23.5,45.0,65,Drizzle: Moderate,3,3,
80058,2021-08-27 15:30:00,40.73135,-73.98256,1,0,Passenger Distraction,4452191,32.2,23.4,1.4,1.4,0.0,2.0,55,9.4,22.3,299,Drizzle: Dense,1,1,
80059,2021-08-24 15:00:00,40.606743,-74.13081,0,0,View Obstructed/Limited,4451958,30.6,21.9,0.0,0.0,0.0,0.0,1,13.9,28.1,291,Mainly clear,0,0,Sunny/Clear Conditions
80060,2021-08-28 14:07:00,40.830135,-73.891884,0,0,Steering Failure,4452009,26.2,20.2,3.9,3.9,0.0,18.0,53,23.5,45.0,65,Drizzle: Moderate,0,0,
80061,2021-08-28 01:00:00,40.646805,-73.97807,0,0,Unspecified,4451538,26.2,20.2,3.9,3.9,0.0,18.0,53,23.5,45.0,65,Drizzle: Moderate,0,0,
80062,2021-08-25 11:00:00,40.826256,-73.88881,1,0,Failure to Yield Right-of-Way,4451993,31.2,20.1,0.0,0.0,0.0,0.0,3,10.2,18.7,277,Overcast,1,1,
80063,2021-08-28 16:27:00,40.810764,-73.9526,1,0,Driver Inattention/Distraction,4451601,26.2,20.2,3.9,3.9,0.0,18.0,53,23.5,45.0,65,Drizzle: Moderate,1,1,
80064,2021-08-28 02:24:00,40.763893,-73.915,1,0,Driver Inattention/Distraction,4451477,26.2,20.2,3.9,3.9,0.0,18.0,53,23.5,45.0,65,Drizzle: Moderate,1,1,
80065,2021-08-28 03:09:00,40.643024,-73.95243,0,0,Failure to Keep Right,4451724,26.2,20.2,3.9,3.9,0.0,18.0,53,23.5,45.0,65,Drizzle: Moderate,0,0,
80066,2021-08-26 00:00:00,40.762962,-73.97188,0,0,Unspecified,4452066,31.8,22.8,0.1,0.1,0.0,1.0,51,14.8,29.2,228,Drizzle: Light,0,0,
80067,2021-08-28 20:10:00,40.652794,-73.946884,1,0,Failure to Yield Right-of-Way,4451393,26.2,20.2,3.9,3.9,0.0,18.0,53,23.5,45.0,65,Drizzle: Moderate,1,1,
80068,2021-08-23 12:00:00,40.529263,-74.18986,0,0,Driver Inattention/Distraction,4451972,28.7,22.0,36.1,36.1,0.0,19.0,65,27.4,49.3,230,Rain: Heavy,0,0,
80069,2021-08-11 15:30:00,40.54817,-74.16921,1,0,View Obstructed/Limited,4452100,31.2,23.2,2.8,2.8,0.0,7.0,55,23.7,44.6,206,Drizzle: Dense,1,1,
80070,2021-08-28 01:35:00,40.687977,-73.954834,0,0,Driver Inattention/Distraction,4451639,26.2,20.2,3.9,3.9,0.0,18.0,53,23.5,45.0,65,Drizzle: Moderate,0,0,
80071,2021-08-28 13:40:00,40.76903,-73.92475,0,0,Unspecified,4451486,26.2,20.2,3.9,3.9,0.0,18.0,53,23.5,45.0,65,Drizzle: Moderate,0,0,
80072,2021-08-28 15:45:00,40.68731,-73.94761,1,0,Following Too Closely,4451648,26.2,20.2,3.9,3.9,0.0,18.0,53,23.5,45.0,65,Drizzle: Moderate,1,1,
80073,2021-08-28 13:45:00,40.669624,-73.91119,0,0,Passing or Lane Usage Improper,4451999,26.2,20.2,3.9,3.9,0.0,18.0,53,23.5,45.0,65,Drizzle: Moderate,0,0,
80074,2021-08-28 02:50:00,40.741135,-73.8986,0,0,Reaction to Uninvolved Vehicle,4451192,26.2,20.2,3.9,3.9,0.0,18.0,53,23.5,45.0,65,Drizzle: Moderate,0,0,
80075,2021-08-24 14:30:00,40.559174,-74.1481,0,0,Passing or Lane Usage Improper,4452031,30.6,21.9,0.0,0.0,0.0,0.0,1,13.9,28.1,291,Mainly clear,0,0,Sunny/Clear Conditions
80076,2021-08-28 17:20:00,40.782703,-73.97123,0,0,Passing or Lane Usage Improper,4452160,26.2,20.2,3.9,3.9,0.0,18.0,53,23.5,45.0,65,Drizzle: Moderate,0,0,
80077,2021-08-28 21:00:00,40.681602,-73.88886,0,0,Unspecified,4451432,26.2,20.2,3.9,3.9,0.0,18.0,53,23.5,45.0,65,Drizzle: Moderate,0,0,
80078,2021-08-26 14:51:00,40.827633,-73.93577,0,0,Traffic Control Disregarded,4451952,31.8,22.8,0.1,0.1,0.0,1.0,51,14.8,29.2,228,Drizzle: Light,0,0,
80079,2021-08-28 09:50:00,40.710667,-73.90277,0,0,Unspecified,4452146,26.2,20.2,3.9,3.9,0.0,18.0,53,23.5,45.0,65,Drizzle: Moderate,0,0,
80080,2021-08-28 01:15:00,40.704033,-73.798416,0,0,Failure to Yield Right-of-Way,4452099,26.2,20.2,3.9,3.9,0.0,18.0,53,23.5,45.0,65,Drizzle: Moderate,0,0,
80081,2021-08-28 12:50:00,40.763645,-73.97769,0,0,Unspecified,4451987,26.2,20.2,3.9,3.9,0.0,18.0,53,23.5,45.0,65,Drizzle: Moderate,0,0,
80082,2021-08-28 03:11:00,40.70145,-73.989624,0,0,Driver Inattention/Distraction,4451217,26.2,20.2,3.9,3.9,0.0,18.0,53,23.5,45.0,65,Drizzle: Moderate,0,0,
80083,2021-08-26 22:50:00,40.814594,-73.88588,0,0,Passing Too Closely,4452004,31.8,22.8,0.1,0.1,0.0,1.0,51,14.8,29.2,228,Drizzle: Light,0,0,
80084,2021-08-28 06:00:00,40.769737,-73.91244,1,0,Alcohol Involvement,4451392,26.2,20.2,3.9,3.9,0.0,18.0,53,23.5,45.0,65,Drizzle: Moderate,1,1,
80085,2021-08-28 21:57:00,40.86011,-73.861755,0,0,Unsafe Speed,4451593,26.2,20.2,3.9,3.9,0.0,18.0,53,23.5,45.0,65,Drizzle: Moderate,0,0,
80086,2021-08-28 10:00:00,40.761448,-73.98803,1,0,Backing Unsafely,4452046,26.2,20.2,3.9,3.9,0.0,18.0,53,23.5,45.0,65,Drizzle: Moderate,1,1,
80087,2021-08-28 11:05:00,40.772835,-73.90873,0,0,Steering Failure,4451478,26.2,20.2,3.9,3.9,0.0,18.0,53,23.5,45.0,65,Drizzle: Moderate,0,0,
80088,2021-08-18 08:40:00,40.820435,-73.93623,1,0,Unsafe Speed,4451946,27.0,21.1,1.5,1.5,0.0,5.0,53,24.7,46.8,150,Drizzle: Moderate,1,1,
80089,2021-08-25 22:30:00,40.53062,-74.19455,1,0,Driver Inexperience,4451971,31.2,20.1,0.0,0.0,0.0,0.0,3,10.2,18.7,277,Overcast,1,1,
80090,2021-08-28 00:44:00,40.67619,-73.9081,1,0,Unspecified,4451528,26.2,20.2,3.9,3.9,0.0,18.0,53,23.5,45.0,65,Drizzle: Moderate,1,1,
80091,2021-08-22 15:30:00,40.80742,-73.94677,0,0,Driver Inattention/Distraction,4452254,23.9,22.5,56.2,56.2,0.0,21.0,63,19.8,36.0,299,Rain: Moderate,0,0,
80092,2021-08-28 23:31:00,40.628994,-73.98364,2,0,Unspecified,4452022,26.2,20.2,3.9,3.9,0.0,18.0,53,23.5,45.0,65,Drizzle: Moderate,2,2,
80093,2021-08-28 03:50:00,40.640766,-73.951416,2,0,Driver Inattention/Distraction,4451326,26.2,20.2,3.9,3.9,0.0,18.0,53,23.5,45.0,65,Drizzle: Moderate,2,2,
80094,2021-08-28 14:07:00,40.82391,-73.94244,0,0,Other Vehicular,4451349,26.2,20.2,3.9,3.9,0.0,18.0,53,23.5,45.0,65,Drizzle: Moderate,0,0,
80095,2021-08-28 20:50:00,40.677982,-73.791214,0,0,Passing or Lane Usage Improper,4451829,26.2,20.2,3.9,3.9,0.0,18.0,53,23.5,45.0,65,Drizzle: Moderate,0,0,
80096,2021-08-21 20:30:00,40.70644,-73.75973,0,0,Driver Inexperience,4452106,27.2,23.0,0.8,0.8,0.0,6.0,51,14.3,29.5,109,Drizzle: Light,0,0,
80097,2021-08-28 13:24:00,40.67911,-73.86426,0,0,Driver Inattention/Distraction,4451422,26.2,20.2,3.9,3.9,0.0,18.0,53,23.5,45.0,65,Drizzle: Moderate,0,0,
80098,2021-08-27 14:49:00,40.85025,-73.9007,0,0,Passing Too Closely,4451932,32.2,23.4,1.4,1.4,0.0,2.0,55,9.4,22.3,299,Drizzle: Dense,0,0,
80099,2021-08-28 23:50:00,40.72911,-74.01068,0,0,Unspecified,4452055,26.2,20.2,3.9,3.9,0.0,18.0,53,23.5,45.0,65,Drizzle: Moderate,0,0,
80100,2021-08-28 03:06:00,40.792244,-73.94629,0,0,Fell Asleep,4451288,26.2,20.2,3.9,3.9,0.0,18.0,53,23.5,45.0,65,Drizzle: Moderate,0,0,
80101,2021-08-28 10:25:00,40.629078,-73.89985,0,0,Unspecified,4451673,26.2,20.2,3.9,3.9,0.0,18.0,53,23.5,45.0,65,Drizzle: Moderate,0,0,
80102,2021-08-28 04:00:00,40.838158,-73.92324,0,0,Driver Inattention/Distraction,4451837,26.2,20.2,3.9,3.9,0.0,18.0,53,23.5,45.0,65,Drizzle: Moderate,0,0,
80103,2021-08-28 15:20:00,40.848267,-73.85862,0,0,Unsafe Speed,4451339,26.2,20.2,3.9,3.9,0.0,18.0,53,23.5,45.0,65,Drizzle: Moderate,0,0,
80104,2021-08-28 20:59:00,40.742634,-73.81858,0,0,Unspecified,4451497,26.2,20.2,3.9,3.9,0.0,18.0,53,23.5,45.0,65,Drizzle: Moderate,0,0,
80105,2021-08-28 13:45:00,40.822235,-73.88746,1,0,Passing or Lane Usage Improper,4451981,26.2,20.2,3.9,3.9,0.0,18.0,53,23.5,45.0,65,Drizzle: Moderate,1,1,
80106,2021-08-21 22:20:00,40.8242,-73.88627,0,0,Unspecified,4452008,27.2,23.0,0.8,0.8,0.0,6.0,51,14.3,29.5,109,Drizzle: Light,0,0,
80107,2021-08-28 23:05:00,40.651863,-73.86536,0,0,Unsafe Lane Changing,4451938,26.2,20.2,3.9,3.9,0.0,18.0,53,23.5,45.0,65,Drizzle: Moderate,0,0,
80108,2021-08-28 09:00:00,40.682484,-73.89029,0,0,Unspecified,4451404,26.2,20.2,3.9,3.9,0.0,18.0,53,23.5,45.0,65,Drizzle: Moderate,0,0,
80109,2021-08-28 20:47:00,40.63663,-73.975174,0,0,Unspecified,4451514,26.2,20.2,3.9,3.9,0.0,18.0,53,23.5,45.0,65,Drizzle: Moderate,0,0,
80110,2021-08-27 22:20:00,40.821144,-73.95753,1,0,Turning Improperly,4452237,32.2,23.4,1.4,1.4,0.0,2.0,55,9.4,22.3,299,Drizzle: Dense,1,1,
80111,2021-08-26 18:00:00,40.705868,-73.787346,1,0,Passing or Lane Usage Improper,4452078,31.8,22.8,0.1,0.1,0.0,1.0,51,14.8,29.2,228,Drizzle: Light,1,1,
80112,2021-08-13 04:10:00,40.731182,-73.871605,1,0,Unsafe Speed,4451976,33.2,24.8,0.0,0.0,0.0,0.0,3,18.2,34.9,215,Overcast,1,1,
80113,2021-08-27 22:24:00,40.65223,-73.92818,0,0,Unspecified,4452176,32.2,23.4,1.4,1.4,0.0,2.0,55,9.4,22.3,299,Drizzle: Dense,0,0,
80114,2021-08-28 03:30:00,40.810173,-73.937416,1,0,Driver Inattention/Distraction,4451800,26.2,20.2,3.9,3.9,0.0,18.0,53,23.5,45.0,65,Drizzle: Moderate,1,1,
80115,2021-08-28 10:00:00,40.8262,-73.821686,0,0,Driver Inattention/Distraction,4451910,26.2,20.2,3.9,3.9,0.0,18.0,53,23.5,45.0,65,Drizzle: Moderate,0,0,
80116,2021-08-28 08:42:00,40.690216,-73.907295,0,0,Driver Inattention/Distraction,4451374,26.2,20.2,3.9,3.9,0.0,18.0,53,23.5,45.0,65,Drizzle: Moderate,0,0,
80117,2021-08-28 06:45:00,40.6147,-73.968025,0,0,Unspecified,4451843,26.2,20.2,3.9,3.9,0.0,18.0,53,23.5,45.0,65,Drizzle: Moderate,0,0,
80118,2021-08-28 22:40:00,40.87956,-73.86397,0,0,Driver Inattention/Distraction,4451689,26.2,20.2,3.9,3.9,0.0,18.0,53,23.5,45.0,65,Drizzle: Moderate,0,0,
80119,2021-08-28 21:30:00,40.661983,-73.84447,0,0,Following Too Closely,4451575,26.2,20.2,3.9,3.9,0.0,18.0,53,23.5,45.0,65,Drizzle: Moderate,0,0,
80120,2021-08-27 02:00:00,40.71997,-73.992905,0,0,Driver Inattention/Distraction,4452234,32.2,23.4,1.4,1.4,0.0,2.0,55,9.4,22.3,299,Drizzle: Dense,0,0,
80121,2021-08-28 15:40:00,40.834915,-73.894135,0,0,Driver Inattention/Distraction,4452016,26.2,20.2,3.9,3.9,0.0,18.0,53,23.5,45.0,65,Drizzle: Moderate,0,0,
80122,2021-08-28 10:00:00,40.70199,-73.83869,0,0,Unspecified,4451608,26.2,20.2,3.9,3.9,0.0,18.0,53,23.5,45.0,65,Drizzle: Moderate,0,0,