,CRASH DATETIME,LATITUDE,LONGITUDE,NUMBER OF PERSONS INJURED,NUMBER OF PERSONS KILLED,CONTRIBUTING FACTOR VEHICLE 1,COLLISION_ID,temperature_2m_max,temperature_2m_min,precipitation_sum,rain_sum,snowfall_sum,precipitation_hours,weather_code,wind_speed_10m_max,wind_gusts_10m_max,wind_direction_10m_dominant,Weather Description,Severity_Score,Total_Affected_Persons,Weather_Category
80123,2021-08-26 11:00:00,40.763065,-73.99376,0,0,Unspecified,4451977,31.8,22.8,0.1,0.1,0.0,1.0,51,14.8,29.2,228,Drizzle: Light,0,0,
80124,2021-08-28 03:00:00,40.615585,-74.07359,1,0,Following Too Closely,4452264,26.2,20.2,3.9,3.9,0.0,18.0,53,23.5,45.0,65,Drizzle: Moderate,1,1,
80125,2021-08-28 20:15:00,40.804043,-73.907234,0,0,Other Vehicular,4451436,26.2,20.2,3.9,3.9,0.0,18.0,53,23.5,45.0,65,Drizzle: Moderate,0,0,
80126,2021-08-26 21:40:00,40.812103,-73.94976,0,0,Failure to Yield Right-of-Way,4451959,31.8,22.8,0.1,0.1,0.0,1.0,51,14.8,29.2,228,Drizzle: Light,0,0,
80127,2021-08-28 22:03:00,40.728855,-73.92782,0,0,Driver Inattention/Distraction,4451505,26.2,20.2,3.9,3.9,0.0,18.0,53,23.5,45.0,65,Drizzle: Moderate,0,0,
80128,2021-08-28 23:20:00,40.583733,-73.91969,0,0,Unspecified,4451849,26.2,20.2,3.9,3.9,0.0,18.0,53,23.5,45.0,65,Drizzle: Moderate,0,0,
80129,2021-08-28 03:30:00,40.708183,-73.80955,0,0,Unspecified,4451271,26.2,20.2,3.9,3.9,0.0,18.0,53,23.5,45.0,65,Drizzle: Moderate,0,0,
80130,2021-08-28 19:45:00,40.64606,-73.951996,0,0,Driver Inattention/Distraction,4451355,26.2,20.2,3.9,3.9,0.0,18.0,53,23.5,45.0,65,Drizzle: Moderate,0,0,
80131,2021-08-28 10:20:00,40.69016,-73.942375,0,0,Driver Inattention/Distraction,4451652,26.2,20.2,3.9,3.9,0.0,18.0,53,23.5,45.0,65,Drizzle: Moderate,0,0,
80132,2021-08-28 15:50:00,40.67798,-73.872116,1,0,Unspecified,4451431,26.2,20.2,3.9,3.9,0.0,18.0,53,23.5,45.0,65,Drizzle: Moderate,1,1,
80133,2021-08-28 18:32:00,40.719482,-73.991295,1,0,Driver Inattention/Distraction,4451622,26.2,20.2,3.9,3.9,0.0,18.0,53,23.5,45.0,65,Drizzle: Moderate,1,1,
80134,2021-08-24 17:11:00,40.82389,-73.89585,2,0,Failure to Yield Right-of-Way,4451991,30.6,21.9,0.0,0.0,0.0,0.0,1,13.9,28.1,291,Mainly clear,2,2,Sunny/Clear Conditions
80135,2021-08-28 12:00:00,40.58588,-73.912704,0,0,Following Too Closely,4451536,26.2,20.2,3.9,3.9,0.0,18.0,53,23.5,45.0,65,Drizzle: Moderate,0,0,
80136,2021-08-25 23:45:00,40.817795,-73.89319,3,0,Driver Inattention/Distraction,4452000,31.2,20.1,0.0,0.0,0.0,0.0,3,10.2,18.7,277,Overcast,3,3,
80137,2021-08-28 01:40:00,40.71983,-73.98755,0,0,Driver Inattention/Distraction,4451194,26.2,20.2,3.9,3.9,0.0,18.0,53,23.5,45.0,65,Drizzle: Moderate,0,0,
80138,2021-08-16 12:05:00,40.815205,-73.947495,0,0,Unspecified,4451951,26.6,19.9,0.0,0.0,0.0,0.0,3,17.7,33.8,121,Overcast,0,0,
80139,2021-08-28 02:30:00,40.81339,-73.95627,1,0,Turning Improperly,4452156,26.2,20.2,3.9,3.9,0.0,18.0,53,23.5,45.0,65,Drizzle: Moderate,1,1,
80140,2021-08-27 19:14:00,40.787224,-73.95417,0,0,Turning Improperly,4452108,32.2,23.4,1.4,1.4,0.0,2.0,55,9.4,22.3,299,Drizzle: Dense,0,0,
80141,2021-08-28 18:14:00,40.88051,-73.9007,0,0,Unspecified,4451730,26.2,20.2,3.9,3.9,0.0,18.0,53,23.5,45.0,65,Drizzle: Moderate,0,0,
80142,2021-08-27 11:00:00,40.61074,-74.09583,0,0,Driver Inattention/Distraction,4452030,32.2,23.4,1.4,1.4,0.0,2.0,55,9.4,22.3,299,Drizzle: Dense,0,0,
80143,2021-08-28 15:58:00,40.870857,-73.89367,0,0,Unspecified,4451362,26.2,20.2,3.9,3.9,0.0,18.0,53,23.5,45.0,65,Drizzle: Moderate,0,0,
80144,2021-08-28 23:50:00,40.66516,-73.790146,0,0,Illnes,4451832,26.2,20.2,3.9,3.9,0.0,18.0,53,23.5,45.0,65,Drizzle: Moderate,0,0,
80145,2021-08-27 16:40:00,40.770313,-73.99141,0,0,Unspecified,4452065,32.2,23.4,1.4,1.4,0.0,2.0,55,9.4,22.3,299,Drizzle: Dense,0,0,
80146,2021-08-28 14:30:00,40.667328,-73.86895,0,0,Brakes Defective,4451401,26.2,20.2,3.9,3.9,0.0,18.0,53,23.5,45.0,65,Drizzle: Moderate,0,0,
80147,2021-08-28 16:28:00,40.69424,-73.810905,2,0,Unsafe Speed,4452104,26.2,20.2,3.9,3.9,0.0,18.0,53,23.5,45.0,65,Drizzle: Moderate,2,2,
80148,2021-08-28 08:10:00,40.65953,-73.73261,1,0,Failure to Yield Right-of-Way,4451278,26.2,20.2,3.9,3.9,0.0,18.0,53,23.5,45.0,65,Drizzle: Moderate,1,1,
80149,2021-08-28 10:30:00,40.702454,-73.859406,0,0,Oversized Vehicle,4451738,26.2,20.2,3.9,3.9,0.0,18.0,53,23.5,45.0,65,Drizzle: Moderate,0,0,
80150,2021-08-28 06:45:00,40.76552,-73.97211,0,0,Backing Unsafely,4451857,26.2,20.2,3.9,3.9,0.0,18.0,53,23.5,45.0,65,Drizzle: Moderate,0,0,
80151,2021-08-27 20:27:00,40.858387,-73.90279,0,0,Failure to Yield Right-of-Way,4451931,32.2,23.4,1.4,1.4,0.0,2.0,55,9.4,22.3,299,Drizzle: Dense,0,0,
80152,2021-08-28 05:49:00,40.7042,-73.815254,1,0,Unspecified,4451289,26.2,20.2,3.9,3.9,0.0,18.0,53,23.5,45.0,65,Drizzle: Moderate,1,1,
80153,2021-08-28 20:35:00,40.625126,-74.010796,0,0,Driver Inattention/Distraction,4451361,26.2,20.2,3.9,3.9,0.0,18.0,53,23.5,45.0,65,Drizzle: Moderate,0,0,
80154,2021-08-28 00:00:00,40.706936,-73.77339,0,0,Passing or Lane Usage Improper,4452085,26.2,20.2,3.9,3.9,0.0,18.0,53,23.5,45.0,65,Drizzle: Moderate,0,0,
80155,2021-08-28 22:55:00,40.694115,-73.79214,2,0,Alcohol Involvement,4452096,26.2,20.2,3.9,3.9,0.0,18.0,53,23.5,45.0,65,Drizzle: Moderate,2,2,
80156,2021-08-28 19:13:00,40.843616,-73.87182,1,0,Following Too Closely,4451391,26.2,20.2,3.9,3.9,0.0,18.0,53,23.5,45.0,65,Drizzle: Moderate,1,1,
80157,2021-08-28 13:30:00,40.585228,-73.94155,0,0,Unsafe Speed,4451598,26.2,20.2,3.9,3.9,0.0,18.0,53,23.5,45.0,65,Drizzle: Moderate,0,0,
80158,2021-08-27 09:50:00,40.761658,-73.986565,0,0,Passing or Lane Usage Improper,4452067,32.2,23.4,1.4,1.4,0.0,2.0,55,9.4,22.3,299,Drizzle: Dense,0,0,
80159,2021-08-13 23:41:00,40.817898,-73.938095,1,0,Unspecified,4451950,33.2,24.8,0.0,0.0,0.0,0.0,3,18.2,34.9,215,Overcast,1,1,
80160,2021-08-22 09:00:00,40.739082,-73.79345,0,0,Aggressive Driving/Road Rage,4452019,23.9,22.5,56.2,56.2,0.0,21.0,63,19.8,36.0,299,Rain: Moderate,0,0,
80161,2021-08-28 00:00:00,40.649094,-74.01694,1,0,Unsafe Speed,4451302,26.2,20.2,3.9,3.9,0.0,18.0,53,23.5,45.0,65,Drizzle: Moderate,1,1,
80162,2021-08-28 07:09:00,40.673706,-73.90118,1,0,Unsafe Speed,4451427,26.2,20.2,3.9,3.9,0.0,18.0,53,23.5,45.0,65,Drizzle: Moderate,1,1,
80163,2021-08-28 04:00:00,40.71057,-73.81576,0,0,Backing Unsafely,4451270,26.2,20.2,3.9,3.9,0.0,18.0,53,23.5,45.0,65,Drizzle: Moderate,0,0,
80164,2021-08-28 15:15:00,40.65067,-73.95248,0,0,Driver Inattention/Distraction,4451375,26.2,20.2,3.9,3.9,0.0,18.0,53,23.5,45.0,65,Drizzle: Moderate,0,0,
80165,2021-08-17 12:57:00,40.816338,-73.83697,0,0,Unspecified,4452161,26.4,22.2,1.6,1.6,0.0,2.0,55,20.3,39.2,158,Drizzle: Dense,0,0,
80166,2021-08-28 21:15:00,40.866333,-73.92501,1,0,Driver Inattention/Distraction,4451714,26.2,20.2,3.9,3.9,0.0,18.0,53,23.5,45.0,65,Drizzle: Moderate,1,1,
80167,2021-08-28 11:45:00,40.670883,-73.728325,2,0,Unspecified,4451368,26.2,20.2,3.9,3.9,0.0,18.0,53,23.5,45.0,65,Drizzle: Moderate,2,2,
80168,2021-08-26 15:39:00,40.808445,-73.945,1,0,Traffic Control Disregarded,4452255,31.8,22.8,0.1,0.1,0.0,1.0,51,14.8,29.2,228,Drizzle: Light,1,1,
80169,2021-08-24 06:50:00,40.820984,-73.891624,1,0,Unspecified,4451990,30.6,21.9,0.0,0.0,0.0,0.0,1,13.9,28.1,291,Mainly clear,1,1,Sunny/Clear Conditions
80170,2021-08-28 23:49:00,40.81719,-73.93446,1,0,Unsafe Speed,4451871,26.2,20.2,3.9,3.9,0.0,18.0,53,23.5,45.0,65,Drizzle: Moderate,1,1,
80171,2021-08-28 20:15:00,40.667076,-73.99508,2,0,Following Too Closely,4451479,26.2,20.2,3.9,3.9,0.0,18.0,53,23.5,45.0,65,Drizzle: Moderate,2,2,
80172,2021-08-28 02:34:00,40.717834,-73.95773,1,0,Driver Inattention/Distraction,4451823,26.2,20.2,3.9,3.9,0.0,18.0,53,23.5,45.0,65,Drizzle: Moderate,1,1,
80173,2021-08-28 09:34:00,40.83094,-73.82879,0,0,Unsafe Speed,4451909,26.2,20.2,3.9,3.9,0.0,18.0,53,23.5,45.0,65,Drizzle: Moderate,0,0,
80174,2021-08-28 23:52:00,40.583847,-73.94059,1,0,Driver Inattention/Distraction,4451848,26.2,20.2,3.9,3.9,0.0,18.0,53,23.5,45.0,65,Drizzle: Moderate,1,1,
80175,2021-08-28 16:43:00,40.737335,-73.870415,0,0,Passing or Lane Usage Improper,4451587,26.2,20.2,3.9,3.9,0.0,18.0,53,23.5,45.0,65,Drizzle: Moderate,0,0,
80176,2021-08-25 13:20:00,40.55413,-74.16837,1,0,Driver Inattention/Distraction,4451970,31.2,20.1,0.0,0.0,0.0,0.0,3,10.2,18.7,277,Overcast,1,1,
80177,2021-07-20 11:14:00,40.765675,-73.97624,0,0,Failure to Yield Right-of-Way,4452054,30.9,21.1,0.0,0.0,0.0,0.0,1,13.3,26.6,283,Mainly clear,0,0,Sunny/Clear Conditions
80178,2021-08-28 21:29:00,40.616932,-73.943855,1,0,Fell Asleep,4451450,26.2,20.2,3.9,3.9,0.0,18.0,53,23.5,45.0,65,Drizzle: Moderate,1,1,
80179,2021-07-19 16:02:00,40.822834,-73.941925,1,0,Unsafe Speed,4451982,27.5,20.8,0.5,0.5,0.0,2.0,51,12.8,29.9,307,Drizzle: Light,1,1,
80180,2021-08-28 22:09:00,40.809246,-73.92321,2,0,Brakes Defective,4451435,26.2,20.2,3.9,3.9,0.0,18.0,53,23.5,45.0,65,Drizzle: Moderate,2,2,
80181,2021-08-28 07:55:00,40.85741,-73.846466,0,0,Unspecified,4451251,26.2,20.2,3.9,3.9,0.0,18.0,53,23.5,45.0,65,Drizzle: Moderate,0,0,
80182,2021-08-24 01:28:00,40.806828,-73.88448,0,0,Unspecified,4452001,30.6,21.9,0.0,0.0,0.0,0.0,1,13.9,28.1,291,Mainly clear,0,0,Sunny/Clear Conditions
80183,2021-08-24 13:30:00,40.642384,-73.92539,0,0,Driver Inattention/Distraction,4452178,30.6,21.9,0.0,0.0,0.0,0.0,1,13.9,28.1,291,Mainly clear,0,0,Sunny/Clear Conditions
80184,2021-08-28 07:30:00,40.814102,-73.940865,0,0,Other Vehicular,4451350,26.2,20.2,3.9,3.9,0.0,18.0,53,23.5,45.0,65,Drizzle: Moderate,0,0,
80185,2021-08-28 22:45:00,40.706554,-73.95832,0,0,Driver Inattention/Distraction,4451515,26.2,20.2,3.9,3.9,0.0,18.0,53,23.5,45.0,65,Drizzle: Moderate,0,0,
80186,2021-08-28 20:30:00,40.7497,-73.902565,0,0,Unspecified,4452121,26.2,20.2,3.9,3.9,0.0,18.0,53,23.5,45.0,65,Drizzle: Moderate,0,0,
80187,2021-08-27 10:47:00,40.62376,-74.14908,1,0,Driver Inattention/Distraction,4451954,32.2,23.4,1.4,1.4,0.0,2.0,55,9.4,22.3,299,Drizzle: Dense,1,1,
80188,2021-08-28 17:10:00,40.713478,-73.9476,1,0,Reaction to Uninvolved Vehicle,4451532,26.2,20.2,3.9,3.9,0.0,18.0,53,23.5,45.0,65,Drizzle: Moderate,1,1,
80189,2021-08-17 21:00:00,40.661774,-73.9141,0,0,Unspecified,4452203,26.4,22.2,1.6,1.6,0.0,2.0,55,20.3,39.2,158,Drizzle: Dense,0,0,
80190,2021-08-28 01:22:00,40.863113,-73.920616,2,0,Driver Inattention/Distraction,4451688,26.2,20.2,3.9,3.9,0.0,18.0,53,23.5,45.0,65,Drizzle: Moderate,2,2,
80191,2021-06-11 12:15:00,40.837364,-73.93417,1,0,Driver Inattention/Distraction,4451960,20.7,15.3,1.2,1.2,0.0,3.0,53,13.2,27.0,97,Drizzle: Moderate,1,1,
80192,2021-08-28 16:28:00,40.767284,-73.81301,1,0,Illnes,4451496,26.2,20.2,3.9,3.9,0.0,18.0,53,23.5,45.0,65,Drizzle: Moderate,1,1,
80193,2021-08-28 23:42:00,40.65444,-73.89081,0,0,Unspecified,4451406,26.2,20.2,3.9,3.9,0.0,18.0,53,23.5,45.0,65,Drizzle: Moderate,0,0,
80194,2021-06-25 22:59:00,40.813805,-73.89112,1,0,Unspecified,4452007,24.7,15.6,0.0,0.0,0.0,0.0,3,20.9,41.0,144,Overcast,1,1,
80195,2021-08-28 20:40:00,40.611732,-73.91984,0,0,Unspecified,4451798,26.2,20.2,3.9,3.9,0.0,18.0,53,23.5,45.0,65,Drizzle: Moderate,0,0,
80196,2021-08-22 00:00:00,40.717136,-73.99756,0,0,Driver Inattention/Distraction,4451941,23.9,22.5,56.2,56.2,0.0,21.0,63,19.8,36.0,299,Rain: Moderate,0,0,
80197,2021-08-28 14:00:00,40.64559,-73.9754,1,0,Unspecified,4451543,26.2,20.2,3.9,3.9,0.0,18.0,53,23.5,45.0,65,Drizzle: Moderate,1,1,
80198,2021-08-28 16:28:00,40.82403,-73.94476,0,0,Oversized Vehicle,4452238,26.2,20.2,3.9,3.9,0.0,18.0,53,23.5,45.0,65,Drizzle: Moderate,0,0,
80199,2021-08-28 20:02:00,40.725304,-73.996284,0,0,Alcohol Involvement,4451627,26.2,20.2,3.9,3.9,0.0,18.0,53,23.5,45.0,65,Drizzle: Moderate,0,0,
80200,2021-08-25 16:53:00,40.622837,-73.973526,1,0,Unspecified,4452064,31.2,20.1,0.0,0.0,0.0,0.0,3,10.2,18.7,277,Overcast,1,1,
80201,2021-08-25 13:05:00,40.711994,-73.86073,1,0,Following Too Closely,4452145,31.2,20.1,0.0,0.0,0.0,0.0,3,10.2,18.7,277,Overcast,1,1,
80202,2021-08-28 10:48:00,40.581615,-73.851234,1,0,Tire Failure/Inadequate,4451669,26.2,20.2,3.9,3.9,0.0,18.0,53,23.5,45.0,65,Drizzle: Moderate,1,1,
80203,2021-08-22 05:30:00,40.69808,-73.92536,0,0,Aggressive Driving/Road Rage,4452109,23.9,22.5,56.2,56.2,0.0,21.0,63,19.8,36.0,299,Rain: Moderate,0,0,
80204,2021-08-21 10:30:00,40.734432,-73.989914,1,0,Failure to Yield Right-of-Way,4451978,27.2,23.0,0.8,0.8,0.0,6.0,51,14.3,29.5,109,Drizzle: Light,1,1,
80205,2021-08-28 00:01:00,40.787937,-73.81768,0,0,Obstruction/Debris,4451209,26.2,20.2,3.9,3.9,0.0,18.0,53,23.5,45.0,65,Drizzle: Moderate,0,0,
80206,2021-08-28 01:06:00,40.85797,-73.87272,2,0,Other Vehicular,4452040,26.2,20.2,3.9,3.9,0.0,18.0,53,23.5,45.0,65,Drizzle: Moderate,2,2,
80207,2021-08-27 14:21:00,40.817795,-73.89319,0,0,Unspecified,4451996,32.2,23.4,1.4,1.4,0.0,2.0,55,9.4,22.3,299,Drizzle: Dense,0,0,
80208,2021-08-28 20:30:00,40.622044,-73.91237,0,0,Failure to Yield Right-of-Way,4451449,26.2,20.2,3.9,3.9,0.0,18.0,53,23.5,45.0,65,Drizzle: Moderate,0,0,
80209,2021-08-28 16:58:00,40.685406,-73.97525,4,0,Driver Inexperience,4451839,26.2,20.2,3.9,3.9,0.0,18.0,53,23.5,45.0,65,Drizzle: Moderate,4,4,
80210,2021-08-28 01:45:00,40.684452,-73.80662,0,0,Passing or Lane Usage Improper,4451834,26.2,20.2,3.9,3.9,0.0,18.0,53,23.5,45.0,65,Drizzle: Moderate,0,0,
80211,2021-08-23 10:15:00,40.817165,-73.89669,0,0,Unspecified,4452013,28.7,22.0,36.1,36.1,0.0,19.0,65,27.4,49.3,230,Rain: Heavy,0,0,
80212,2021-08-27 16:45:00,40.581383,-74.153946,1,0,Driver Inattention/Distraction,4451955,32.2,23.4,1.4,1.4,0.0,2.0,55,9.4,22.3,299,Drizzle: Dense,1,1,
80213,2021-08-28 10:55:00,40.7502,-73.83518,0,0,Reaction to Uninvolved Vehicle,4451586,26.2,20.2,3.9,3.9,0.0,18.0,53,23.5,45.0,65,Drizzle: Moderate,0,0,
80214,2021-08-26 15:30:00,40.851723,-73.90907,3,0,Unsafe Speed,4451935,31.8,22.8,0.1,0.1,0.0,1.0,51,14.8,29.2,228,Drizzle: Light,3,3,
80215,2021-08-28 20:54:00,40.74152,-73.904594,0,0,Driver Inattention/Distraction,4451367,26.2,20.2,3.9,3.9,0.0,18.0,53,23.5,45.0,65,Drizzle: Moderate,0,0,
80216,2021-08-28 22:00:00,40.6732,-73.88709,1,0,Driver Inattention/Distraction,4451397,26.2,20.2,3.9,3.9,0.0,18.0,53,23.5,45.0,65,Drizzle: Moderate,1,1,
80217,2021-08-28 10:30:00,40.72071,-73.76015,1,0,Unspecified,4452103,26.2,20.2,3.9,3.9,0.0,18.0,53,23.5,45.0,65,Drizzle: Moderate,1,1,
80218,2021-08-28 09:20:00,40.62613,-73.92281,0,0,Driver Inattention/Distraction,4451279,26.2,20.2,3.9,3.9,0.0,18.0,53,23.5,45.0,65,Drizzle: Moderate,0,0,
80219,2021-08-25 10:30:00,40.73715,-73.930824,0,0,Passing Too Closely,4452069,31.2,20.1,0.0,0.0,0.0,0.0,3,10.2,18.7,277,Overcast,0,0,
80220,2021-08-28 22:45:00,40.70904,-73.84146,10,0,Driver Inattention/Distraction,4451739,26.2,20.2,3.9,3.9,0.0,18.0,53,23.5,45.0,65,Drizzle: Moderate,10,10,
80221,2021-08-28 22:47:00,40.81544,-73.8585,0,0,Driver Inattention/Distraction,4451502,26.2,20.2,3.9,3.9,0.0,18.0,53,23.5,45.0,65,Drizzle: Moderate,0,0,
80222,2021-08-28 06:30:00,40.760456,-73.958206,0,0,Unspecified,4452223,26.2,20.2,3.9,3.9,0.0,18.0,53,23.5,45.0,65,Drizzle: Moderate,0,0,
80223,2021-08-27 12:00:00,40.744644,-73.77041,0,0,Passing or Lane Usage Improper,4452028,32.2,23.4,1.4,1.4,0.0,2.0,55,9.4,22.3,299,Drizzle: Dense,0,0,
80224,2021-08-26 05:00:00,40.634373,-73.89033,1,0,Passing or Lane Usage Improper,4452155,31.8,22.8,0.1,0.1,0.0,1.0,51,14.8,29.2,228,Drizzle: Light,1,1,
80225,2021-08-28 17:45:00,40.67753,-73.73085,0,0,Unspecified,4451371,26.2,20.2,3.9,3.9,0.0,18.0,53,23.5,45.0,65,Drizzle: Moderate,0,0,
80226,2021-08-28 17:00:00,40.72408,-73.837105,0,0,Passing or Lane Usage Improper,4451407,26.2,20.2,3.9,3.9,0.0,18.0,53,23.5,45.0,65,Drizzle: Moderate,0,0,
80227,2021-08-28 20:48:00,40.77468,-73.95025,0,0,Driver Inexperience,4451858,26.2,20.2,3.9,3.9,0.0,18.0,53,23.5,45.0,65,Drizzle: Moderate,0,0,
80228,2021-08-28 22:55:00,40.80974,-73.9357,0,0,Passing Too Closely,4451872,26.2,20.2,3.9,3.9,0.0,18.0,53,23.5,45.0,65,Drizzle: Moderate,0,0,
80229,2021-08-28 19:30:00,40.851936,-73.91078,1,0,Unsafe Speed,4452240,26.2,20.2,3.9,3.9,0.0,18.0,53,23.5,45.0,65,Drizzle: Moderate,1,1,
80230,2021-08-28 01:18:00,40.724495,-73.72469,0,0,Unsafe Speed,4451276,26.2,20.2,3.9,3.9,0.0,18.0,53,23.5,45.0,65,Drizzle: Moderate,0,0,
80231,2021-08-28 18:25:00,40.717518,-73.99832,0,0,Driver Inexperience,4451618,26.2,20.2,3.9,3.9,0.0,18.0,53,23.5,45.0,65,Drizzle: Moderate,0,0,
80232,2021-08-28 09:45:00,40.850315,-73.843124,0,0,Other Vehicular,4451337,26.2,20.2,3.9,3.9,0.0,18.0,53,23.5,45.0,65,Drizzle: Moderate,0,0,
80233,2021-08-28 17:33:00,40.702312,-73.93535,0,0,Driver Inattention/Distraction,4452257,26.2,20.2,3.9,3.9,0.0,18.0,53,23.5,45.0,65,Drizzle: Moderate,0,0,
80234,2021-08-28 23:15:00,40.703083,-73.85766,1,0,Following Too Closely,4451788,26.2,20.2,3.9,3.9,0.0,18.0,53,23.5,45.0,65,Drizzle: Moderate,1,1,
80235,2021-08-28 13:52:00,40.676144,-73.893074,2,0,Unspecified,4451428,26.2,20.2,3.9,3.9,0.0,18.0,53,23.5,45.0,65,Drizzle: Moderate,2,2,
80236,2021-08-28 16:00:00,40.586117,-73.93604,0,0,Following Too Closely,4451852,26.2,20.2,3.9,3.9,0.0,18.0,53,23.5,45.0,65,Drizzle: Moderate,0,0,
80237,2021-08-28 20:47:00,40.87521,-73.86704,0,0,Brakes Defective,4451710,26.2,20.2,3.9,3.9,0.0,18.0,53,23.5,45.0,65,Drizzle: Moderate,0,0,
80238,2021-08-28 16:42:00,40.866325,-73.89063,2,0,Failure to Yield Right-of-Way,4451360,26.2,20.2,3.9,3.9,0.0,18.0,53,23.5,45.0,65,Drizzle: Moderate,2,2,
80239,2021-08-28 18:58:00,40.826275,-73.85971,2,0,Unsafe Speed,4452006,26.2,20.2,3.9,3.9,0.0,18.0,53,23.5,45.0,65,Drizzle: Moderate,2,2,
80240,2021-08-18 11:00:00,40.76195,-73.991165,0,0,Unspecified,4451983,27.0,21.1,1.5,1.5,0.0,5.0,53,24.7,46.8,150,Drizzle: Moderate,0,0,
80241,2021-08-28 10:30:00,40.64546,-74.00638,0,0,Unspecified,4451518,26.2,20.2,3.9,3.9,0.0,18.0,53,23.5,45.0,65,Drizzle: Moderate,0,0,
80242,2021-08-28 14:10:00,40.763344,-73.91767,0,0,Unsafe Speed,4451482,26.2,20.2,3.9,3.9,0.0,18.0,53,23.5,45.0,65,Drizzle: Moderate,0,0,
80243,2021-08-18 22:26:00,40.80777,-73.94549,1,0,Driver Inattention/Distraction,4451948,27.0,21.1,1.5,1.5,0.0,5.0,53,24.7,46.8,150,Drizzle: Moderate,1,1,
80244,2021-08-26 10:10:00,40.54849,-74.18436,1,0,Driver Inattention/Distraction,4451969,31.8,22.8,0.1,0.1,0.0,1.0,51,14.8,29.2,228,Drizzle: Light,1,1,
80245,2021-08-28 22:50:00,40.61368,-73.98882,1,0,Driver Inattention/Distraction,4451535,26.2,20.2,3.9,3.9,0.0,18.0,53,23.5,45.0,65,Drizzle: Moderate,1,1,
80246,2021-08-25 16:02:00,40.72882,-74.0053,1,0,Failure to Yield Right-of-Way,4452179,31.2,20.1,0.0,0.0,0.0,0.0,3,10.2,18.7,277,Overcast,1,1,
80247,2021-08-28 17:53:00,40.639786,-74.0266,1,0,Driver Inattention/Distraction,4451354,26.2,20.2,3.9,3.9,0.0,18.0,53,23.5,45.0,65,Drizzle: Moderate,1,1,
80248,2021-08-25 22:25:00,40.577946,-74.102325,0,0,Traffic Control Device Improper/Non-Working,4452132,31.2,20.1,0.0,0.0,0.0,0.0,3,10.2,18.7,277,Overcast,0,0,
80249,2021-08-28 15:55:00,40.649025,-73.89635,0,0,Unspecified,4451301,26.2,20.2,3.9,3.9,0.0,18.0,53,23.5,45.0,65,Drizzle: Moderate,0,0,
80250,2021-08-22 23:05:00,40.679295,-73.90643,1,0,Unsafe Lane Changing,4452018,23.9,22.5,56.2,56.2,0.0,21.0,63,19.8,36.0,299,Rain: Moderate,1,1,
80251,2021-08-28 21:22:00,40.679302,-73.91302,0,0,Unspecified,4451812,26.2,20.2,3.9,3.9,0.0,18.0,53,23.5,45.0,65,Drizzle: Moderate,0,0,
80252,2021-08-28 00:37:00,40.856743,-73.917625,3,0,Unsafe Speed,4451901,26.2,20.2,3.9,3.9,0.0,18.0,53,23.5,45.0,65,Drizzle: Moderate,3,3,
80253,2021-08-28 16:22:00,40.697315,-73.932274,1,0,Driver Inattention/Distraction,4451384,26.2,20.2,3.9,3.9,0.0,18.0,53,23.5,45.0,65,Drizzle: Moderate,1,1,
80254,2021-08-28 18:11:00,40.85226,-73.852905,1,0,Failure to Yield Right-of-Way,4451588,26.2,20.2,3.9,3.9,0.0,18.0,53,23.5,45.0,65,Drizzle: Moderate,1,1,
80255,2021-08-28 22:43:00,40.657253,-73.90003,0,0,Unspecified,4451682,26.2,20.2,3.9,3.9,0.0,18.0,53,23.5,45.0,65,Drizzle: Moderate,0,0,
80256,2021-08-28 10:04:00,40.67427,-73.978775,0,0,Other Vehicular,4451293,26.2,20.2,3.9,3.9,0.0,18.0,53,23.5,45.0,65,Drizzle: Moderate,0,0,
80257,2021-08-28 01:00:00,40.738903,-73.873344,0,0,Passing Too Closely,4451252,26.2,20.2,3.9,3.9,0.0,18.0,53,23.5,45.0,65,Drizzle: Moderate,0,0,
80258,2021-08-28 08:27:00,40.818928,-73.90344,0,0,Other Vehicular,4451434,26.2,20.2,3.9,3.9,0.0,18.0,53,23.5,45.0,65,Drizzle: Moderate,0,0,
80259,2021-08-28 12:00:00,40.705425,-73.78258,1,0,Driver Inattention/Distraction,4452095,26.2,20.2,3.9,3.9,0.0,18.0,53,23.5,45.0,65,Drizzle: Moderate,1,1,
80260,2021-08-28 16:25:00,40.81312,-73.965294,1,0,Unspecified,4451599,26.2,20.2,3.9,3.9,0.0,18.0,53,23.5,45.0,65,Drizzle: Moderate,1,1,
80261,2021-08-28 21:10:00,40.749054,-73.95222,1,0,Driver Inattention/Distraction,4451389,26.2,20.2,3.9,3.9,0.0,18.0,53,23.5,45.0,65,Drizzle: Moderate,1,1,
80262,2021-08-23 15:58:00,40.82389,-73.89585,1,0,Failure to Yield Right-of-Way,4451989,28.7,22.0,36.1,36.1,0.0,19.0,65,27.4,49.3,230,Rain: Heavy,1,1,
80263,2021-08-25 05:44:00,40.821068,-73.89894,0,0,Driver Inattention/Distraction,4452002,31.2,20.1,0.0,0.0,0.0,0.0,3,10.2,18.7,277,Overcast,0,0,
80264,2021-08-13 06:15:00,40.81172,-73.94505,0,0,Other Vehicular,4451953,33.2,24.8,0.0,0.0,0.0,0.0,3,18.2,34.9,215,Overcast,0,0,