,CRASH DATETIME,LATITUDE,LONGITUDE,NUMBER OF PERSONS INJURED,NUMBER OF PERSONS KILLED,CONTRIBUTING FACTOR VEHICLE 1,COLLISION_ID,temperature_2m_max,temperature_2m_min,precipitation_sum,rain_sum,snowfall_sum,precipitation_hours,weather_code,wind_speed_10m_max,wind_gusts_10m_max,wind_direction_10m_dominant,Weather Description,Severity_Score,Total_Affected_Persons,Weather_Category
80265,2021-08-25 19:10:00,40.733215,-74.00304,1,0,Driver Inattention/Distraction,4452050,31.2,20.1,0.0,0.0,0.0,0.0,3,10.2,18.7,277,Overcast,1,1,
80266,2021-08-28 12:15:00,40.575806,-73.9922,0,0,Passing Too Closely,4451461,26.2,20.2,3.9,3.9,0.0,18.0,53,23.5,45.0,65,Drizzle: Moderate,0,0,
80267,2021-08-07 13:00:00,40.82473,-73.94182,0,0,Unspecified,4451961,29.7,19.9,0.0,0.0,0.0,0.0,3,24.2,45.0,198,Overcast,0,0,
80268,2021-08-28 06:30:00,40.70207,-73.78315,0,0,Reaction to Uninvolved Vehicle,4452086,26.2,20.2,3.9,3.9,0.0,18.0,53,23.5,45.0,65,Drizzle: Moderate,0,0,
80269,2021-08-28 06:20:00,40.60223,-73.93427,1,0,Passing or Lane Usage Improper,4451746,26.2,20.2,3.9,3.9,0.0,18.0,53,23.5,45.0,65,Drizzle: Moderate,1,1,
80270,2021-08-25 09:40:00,40.82187,-73.86694,0,0,Driver Inattention/Distraction,4452111,31.2,20.1,0.0,0.0,0.0,0.0,3,10.2,18.7,277,Overcast,0,0,
80271,2021-08-23 03:00:00,40.825783,-73.82017,0,0,Unspecified,4452163,28.7,22.0,36.1,36.1,0.0,19.0,65,27.4,49.3,230,Rain: Heavy,0,0,
80272,2021-08-28 14:50:00,40.687332,-73.77967,1,0,Driver Inexperience,4451840,26.2,20.2,3.9,3.9,0.0,18.0,53,23.5,45.0,65,Drizzle: Moderate,1,1,
80273,2021-08-28 09:00:00,40.5975,-74.06808,0,0,Unspecified,4452025,26.2,20.2,3.9,3.9,0.0,18.0,53,23.5,45.0,65,Drizzle: Moderate,0,0,
80274,2021-08-28 17:45:00,40.651974,-73.92303,1,0,Driver Inattention/Distraction,4451336,26.2,20.2,3.9,3.9,0.0,18.0,53,23.5,45.0,65,Drizzle: Moderate,1,1,
80275,2021-08-28 15:40:00,40.67753,-73.73085,0,0,Following Too Closely,4451372,26.2,20.2,3.9,3.9,0.0,18.0,53,23.5,45.0,65,Drizzle: Moderate,0,0,
80276,2021-08-28 00:01:00,40.845795,-73.92548,0,0,Alcohol Involvement,4451928,26.2,20.2,3.9,3.9,0.0,18.0,53,23.5,45.0,65,Drizzle: Moderate,0,0,
80277,2021-08-28 08:04:00,40.615414,-74.07401,0,0,Driver Inattention/Distraction,4451878,26.2,20.2,3.9,3.9,0.0,18.0,53,23.5,45.0,65,Drizzle: Moderate,0,0,
80278,2021-08-28 13:20:00,40.70066,-73.98775,0,0,Passing Too Closely,4451285,26.2,20.2,3.9,3.9,0.0,18.0,53,23.5,45.0,65,Drizzle: Moderate,0,0,
80279,2021-08-27 12:00:00,40.75913,-73.98636,0,0,Following Too Closely,4452051,32.2,23.4,1.4,1.4,0.0,2.0,55,9.4,22.3,299,Drizzle: Dense,0,0,
80280,2021-08-22 07:49:00,40.644424,-73.9489,1,0,Traffic Control Disregarded,4452142,23.9,22.5,56.2,56.2,0.0,21.0,63,19.8,36.0,299,Rain: Moderate,1,1,
80281,2021-08-28 09:10:00,40.5726,-74.16669,2,0,Other Vehicular,4451956,26.2,20.2,3.9,3.9,0.0,18.0,53,23.5,45.0,65,Drizzle: Moderate,2,2,
80282,2021-08-21 20:52:00,40.78017,-73.9551,0,0,Passing or Lane Usage Improper,4452220,27.2,23.0,0.8,0.8,0.0,6.0,51,14.3,29.5,109,Drizzle: Light,0,0,
80283,2021-08-28 18:45:00,40.754974,-73.93106,1,0,Driver Inattention/Distraction,4451541,26.2,20.2,3.9,3.9,0.0,18.0,53,23.5,45.0,65,Drizzle: Moderate,1,1,
80284,2021-08-26 12:13:00,40.817795,-73.89319,0,0,Unspecified,4451994,31.8,22.8,0.1,0.1,0.0,1.0,51,14.8,29.2,228,Drizzle: Light,0,0,
80285,2021-08-27 08:12:00,40.66185,-73.9029,1,0,Pedestrian/Bicyclist/Other Pedestrian Error/Confusion,4451998,32.2,23.4,1.4,1.4,0.0,2.0,55,9.4,22.3,299,Drizzle: Dense,1,1,
80286,2021-08-28 00:01:00,40.760326,-73.83212,0,0,Unspecified,4451210,26.2,20.2,3.9,3.9,0.0,18.0,53,23.5,45.0,65,Drizzle: Moderate,0,0,
80287,2021-08-26 18:12:00,40.79672,-73.94499,2,0,Following Too Closely,4452102,31.8,22.8,0.1,0.1,0.0,1.0,51,14.8,29.2,228,Drizzle: Light,2,2,
80288,2021-08-28 00:40:00,40.804375,-73.93742,1,0,Following Too Closely,4451617,26.2,20.2,3.9,3.9,0.0,18.0,53,23.5,45.0,65,Drizzle: Moderate,1,1,
80289,2021-08-28 14:31:00,40.769848,-73.98432,1,0,Traffic Control Disregarded,4451670,26.2,20.2,3.9,3.9,0.0,18.0,53,23.5,45.0,65,Drizzle: Moderate,1,1,
80290,2021-08-26 09:30:00,40.76553,-73.99768,0,0,Unspecified,4452044,31.8,22.8,0.1,0.1,0.0,1.0,51,14.8,29.2,228,Drizzle: Light,0,0,
80291,2021-08-28 17:52:00,40.59423,-73.908325,0,0,Unspecified,4451448,26.2,20.2,3.9,3.9,0.0,18.0,53,23.5,45.0,65,Drizzle: Moderate,0,0,
80292,2021-08-28 20:20:00,40.84519,-73.9112,1,0,Obstruction/Debris,4451936,26.2,20.2,3.9,3.9,0.0,18.0,53,23.5,45.0,65,Drizzle: Moderate,1,1,
80293,2021-08-28 08:10:00,40.82663,-73.87285,2,0,Other Vehicular,4451500,26.2,20.2,3.9,3.9,0.0,18.0,53,23.5,45.0,65,Drizzle: Moderate,2,2,
80294,2021-08-27 16:00:00,40.707657,-74.00777,0,0,View Obstructed/Limited,4452075,32.2,23.4,1.4,1.4,0.0,2.0,55,9.4,22.3,299,Drizzle: Dense,0,0,
80295,2021-08-27 12:29:00,40.683067,-73.99557,0,0,Backing Unsafely,4452245,32.2,23.4,1.4,1.4,0.0,2.0,55,9.4,22.3,299,Drizzle: Dense,0,0,
80296,2021-08-28 13:11:00,40.578106,-73.99263,1,0,Failure to Yield Right-of-Way,4451633,26.2,20.2,3.9,3.9,0.0,18.0,53,23.5,45.0,65,Drizzle: Moderate,1,1,
80297,2021-08-28 00:06:00,40.87296,-73.87495,0,0,Passing Too Closely,4451365,26.2,20.2,3.9,3.9,0.0,18.0,53,23.5,45.0,65,Drizzle: Moderate,0,0,
80298,2021-08-28 10:54:00,40.692547,-73.990974,0,0,Following Too Closely,4451275,26.2,20.2,3.9,3.9,0.0,18.0,53,23.5,45.0,65,Drizzle: Moderate,0,0,
80299,2021-08-28 21:29:00,40.681114,-73.79815,0,0,Failure to Yield Right-of-Way,4451835,26.2,20.2,3.9,3.9,0.0,18.0,53,23.5,45.0,65,Drizzle: Moderate,0,0,
80300,2021-06-26 22:44:00,40.837864,-73.9114,1,0,Failure to Yield Right-of-Way,4451943,26.5,18.6,1.3,1.3,0.0,8.0,51,23.7,52.9,181,Drizzle: Light,1,1,
80301,2021-08-28 04:40:00,40.664528,-73.89009,0,0,Unspecified,4451420,26.2,20.2,3.9,3.9,0.0,18.0,53,23.5,45.0,65,Drizzle: Moderate,0,0,
80302,2021-08-28 21:40:00,40.670807,-73.87468,1,0,Unspecified,4451396,26.2,20.2,3.9,3.9,0.0,18.0,53,23.5,45.0,65,Drizzle: Moderate,1,1,
80303,2021-08-28 22:29:00,40.846485,-73.89434,1,0,Driver Inattention/Distraction,4451859,26.2,20.2,3.9,3.9,0.0,18.0,53,23.5,45.0,65,Drizzle: Moderate,1,1,
80304,2021-08-03 08:00:00,40.80304,-73.868904,1,0,Unspecified,4452062,24.2,15.3,0.0,0.0,0.0,0.0,3,10.7,21.2,7,Overcast,1,1,
80305,2021-08-28 00:00:00,40.746735,-73.8332,0,0,Unspecified,4451495,26.2,20.2,3.9,3.9,0.0,18.0,53,23.5,45.0,65,Drizzle: Moderate,0,0,
80306,2021-08-28 15:43:00,40.871864,-73.85455,1,0,Unspecified,4451584,26.2,20.2,3.9,3.9,0.0,18.0,53,23.5,45.0,65,Drizzle: Moderate,1,1,
80307,2021-08-19 22:28:00,40.82674,-73.8879,0,0,Driver Inattention/Distraction,4452011,30.2,23.4,11.8,11.8,0.0,13.0,61,26.3,53.3,223,Rain: Light,0,0,
80308,2021-08-27 06:20:00,40.813477,-73.94504,0,0,Alcohol Involvement,4451979,32.2,23.4,1.4,1.4,0.0,2.0,55,9.4,22.3,299,Drizzle: Dense,0,0,
80309,2021-08-28 22:15:00,40.79357,-73.939514,0,0,Unspecified,4452200,26.2,20.2,3.9,3.9,0.0,18.0,53,23.5,45.0,65,Drizzle: Moderate,0,0,
80310,2021-08-28 18:30:00,40.83367,-73.94012,0,0,Backing Unsafely,4452259,26.2,20.2,3.9,3.9,0.0,18.0,53,23.5,45.0,65,Drizzle: Moderate,0,0,
80311,2021-08-28 04:20:00,40.684265,-73.86398,0,0,Passing or Lane Usage Improper,4451602,26.2,20.2,3.9,3.9,0.0,18.0,53,23.5,45.0,65,Drizzle: Moderate,0,0,
80312,2021-08-28 15:40:00,40.576042,-73.99008,0,0,Driver Inattention/Distraction,4451462,26.2,20.2,3.9,3.9,0.0,18.0,53,23.5,45.0,65,Drizzle: Moderate,0,0,
80313,2021-08-27 17:10:00,40.713375,-73.73612,0,0,Unspecified,4452152,32.2,23.4,1.4,1.4,0.0,2.0,55,9.4,22.3,299,Drizzle: Dense,0,0,
80314,2021-08-28 17:08:00,40.725918,-73.97579,0,0,Driver Inattention/Distraction,4451963,26.2,20.2,3.9,3.9,0.0,18.0,53,23.5,45.0,65,Drizzle: Moderate,0,0,
80315,2021-08-27 02:25:00,40.5132,-74.19686,0,0,Driver Inattention/Distraction,4451974,32.2,23.4,1.4,1.4,0.0,2.0,55,9.4,22.3,299,Drizzle: Dense,0,0,
80316,2021-08-28 16:00:00,40.65369,-73.9577,0,0,Unspecified,4451519,26.2,20.2,3.9,3.9,0.0,18.0,53,23.5,45.0,65,Drizzle: Moderate,0,0,
80317,2022-01-18 18:40:00,40.696785,-73.95659,0,0,Passing or Lane Usage Improper,4498804,1.7,-4.9,0.0,0.0,0.0,0.0,3,30.9,58.3,294,Overcast,0,0,
80318,2022-01-28 06:40:00,40.61022,-74.09389,0,0,Unspecified,4498888,1.0,-3.1,2.4,0.0,1.68,13.0,73,18.7,31.3,251,Snow fall: Moderate,0,0,Snowy Conditions
80319,2022-01-29 20:22:00,40.837955,-73.939964,0,0,Driver Inattention/Distraction,4498462,-1.7,-12.9,17.6,0.1,12.25,19.0,75,39.7,72.7,336,Snow fall: Heavy,0,0,Snowy Conditions
80320,2022-01-29 12:40:00,40.69571,-73.805756,0,0,Pavement Slippery,4498584,-1.7,-12.9,17.6,0.1,12.25,19.0,75,39.7,72.7,336,Snow fall: Heavy,0,0,Snowy Conditions
80321,2022-01-31 20:08:00,40.745277,-73.888115,0,0,Backing Unsafely,4498964,-3.4,-17.1,0.0,0.0,0.0,0.0,3,12.2,18.0,23,Overcast,0,0,
80322,2022-01-05 22:01:00,40.634533,-74.0867,0,0,Aggressive Driving/Road Rage,4498749,6.9,-2.1,0.5,0.5,0.0,4.0,51,21.8,38.2,216,Drizzle: Light,0,0,
80323,2022-01-22 14:15:00,40.7535,-73.90492,0,0,Unspecified,4498129,-1.3,-12.3,0.0,0.0,0.0,0.0,3,18.4,32.8,1,Overcast,0,0,
80324,2021-01-27 00:05:00,40.753395,-73.878365,0,0,Driver Inattention/Distraction,4499210,4.2,-2.4,0.5,0.2,0.21,3.0,71,22.3,42.5,328,Snow fall: Light,0,0,Snowy Conditions
80325,2022-01-07 16:40:00,40.82386,-73.91941,0,0,Unspecified,4498669,-0.0,-5.7,9.0,0.0,6.3,11.0,75,26.8,48.6,313,Snow fall: Heavy,0,0,Snowy Conditions
80326,2022-01-27 21:44:00,40.642803,-74.07872,0,0,Unspecified,4498262,-0.3,-9.6,0.0,0.0,0.0,0.0,3,18.7,37.1,184,Overcast,0,0,
80327,2022-01-24 11:11:00,40.69488,-73.94042,0,0,Driver Inattention/Distraction,4499324,0.2,-2.7,0.3,0.0,0.21,2.0,71,15.1,31.0,307,Snow fall: Light,0,0,Snowy Conditions
80328,2022-01-27 15:43:00,40.73634,-73.93266,0,0,Unspecified,4498043,-0.3,-9.6,0.0,0.0,0.0,0.0,3,18.7,37.1,184,Overcast,0,0,
80329,2022-01-28 23:23:00,40.848637,-73.91169,1,0,Pedestrian/Bicyclist/Other Pedestrian Error/Confusion,4498616,1.0,-3.1,2.4,0.0,1.68,13.0,73,18.7,31.3,251,Snow fall: Moderate,1,1,Snowy Conditions
80330,2022-01-25 10:40:00,40.67314,-73.86945,0,0,Unspecified,4498860,6.3,-3.9,0.0,0.0,0.0,0.0,3,16.9,33.8,270,Overcast,0,0,
80331,2022-01-29 22:49:00,40.60783,-74.1465,1,0,Pavement Slippery,4498674,-1.7,-12.9,17.6,0.1,12.25,19.0,75,39.7,72.7,336,Snow fall: Heavy,1,1,Snowy Conditions
80332,2022-01-29 03:45:00,40.690075,-73.91916,0,0,Steering Failure,4498717,-1.7,-12.9,17.6,0.1,12.25,19.0,75,39.7,72.7,336,Snow fall: Heavy,0,0,Snowy Conditions
80333,2022-01-27 10:30:00,40.631577,-73.946335,0,0,Driver Inattention/Distraction,4498203,-0.3,-9.6,0.0,0.0,0.0,0.0,3,18.7,37.1,184,Overcast,0,0,
80334,2022-01-29 17:30:00,40.636692,-74.085884,0,0,Unspecified,4498275,-1.7,-12.9,17.6,0.1,12.25,19.0,75,39.7,72.7,336,Snow fall: Heavy,0,0,Snowy Conditions
80335,2022-01-31 11:00:00,40.86173,-73.91182,0,0,Unsafe Lane Changing,4498939,-3.4,-17.1,0.0,0.0,0.0,0.0,3,12.2,18.0,23,Overcast,0,0,
80336,2022-01-31 13:50:00,40.6481,-73.950264,0,0,Other Vehicular,4498849,-3.4,-17.1,0.0,0.0,0.0,0.0,3,12.2,18.0,23,Overcast,0,0,
80337,2022-01-29 10:20:00,40.89154,-73.849846,0,0,Oversized Vehicle,4498435,-1.7,-12.9,17.6,0.1,12.25,19.0,75,39.7,72.7,336,Snow fall: Heavy,0,0,Snowy Conditions
80338,2022-01-31 20:00:00,40.638966,-73.94251,1,0,Pavement Slippery,4499132,-3.4,-17.1,0.0,0.0,0.0,0.0,3,12.2,18.0,23,Overcast,1,1,
80339,2022-01-29 01:50:00,40.769115,-73.98856,3,0,Pavement Slippery,4498114,-1.7,-12.9,17.6,0.1,12.25,19.0,75,39.7,72.7,336,Snow fall: Heavy,3,3,Snowy Conditions
80340,2022-01-26 03:52:00,40.827633,-73.93577,1,0,Following Too Closely,4498757,-3.1,-8.0,0.0,0.0,0.0,0.0,0,20.5,39.6,328,Clear sky,1,1,Sunny/Clear Conditions
80341,2022-01-30 10:45:00,40.754055,-73.99583,0,0,Passing Too Closely,4498378,-5.4,-13.8,0.0,0.0,0.0,0.0,3,28.5,50.0,290,Overcast,0,0,
80342,2022-01-25 20:30:00,40.665085,-73.92869,0,0,Driver Inexperience,4498071,6.3,-3.9,0.0,0.0,0.0,0.0,3,16.9,33.8,270,Overcast,0,0,
80343,2022-01-27 15:54:00,40.90686,-73.904106,1,0,Failure to Yield Right-of-Way,4498115,-0.3,-9.6,0.0,0.0,0.0,0.0,3,18.7,37.1,184,Overcast,1,1,
80344,2022-01-28 14:30:00,40.873066,-73.87483,0,0,Passing or Lane Usage Improper,4498642,1.0,-3.1,2.4,0.0,1.68,13.0,73,18.7,31.3,251,Snow fall: Moderate,0,0,Snowy Conditions
80345,2022-01-30 16:30:00,40.76482,-73.99542,0,0,Unspecified,4498981,-5.4,-13.8,0.0,0.0,0.0,0.0,3,28.5,50.0,290,Overcast,0,0,
80346,2022-01-28 18:23:00,40.702328,-73.87609,0,0,Unspecified,4498393,1.0,-3.1,2.4,0.0,1.68,13.0,73,18.7,31.3,251,Snow fall: Moderate,0,0,Snowy Conditions
80347,2022-01-31 16:00:00,40.641953,-73.9885,1,0,Failure to Yield Right-of-Way,4498971,-3.4,-17.1,0.0,0.0,0.0,0.0,3,12.2,18.0,23,Overcast,1,1,
80348,2022-01-15 02:38:00,40.758125,-73.928505,0,0,Failure to Yield Right-of-Way,4498098,-5.3,-11.1,0.0,0.0,0.0,0.0,3,22.4,46.1,345,Overcast,0,0,
80349,2022-01-29 04:58:00,40.84543,-73.91399,1,0,Pavement Slippery,4498225,-1.7,-12.9,17.6,0.1,12.25,19.0,75,39.7,72.7,336,Snow fall: Heavy,1,1,Snowy Conditions
80350,2022-01-30 13:38:00,40.58762,-73.95504,1,0,Driver Inattention/Distraction,4498410,-5.4,-13.8,0.0,0.0,0.0,0.0,3,28.5,50.0,290,Overcast,1,1,
80351,2022-01-28 22:45:00,40.703873,-73.91256,0,0,Traffic Control Disregarded,4499292,1.0,-3.1,2.4,0.0,1.68,13.0,73,18.7,31.3,251,Snow fall: Moderate,0,0,Snowy Conditions
80352,2022-01-22 09:44:00,40.785374,-73.840294,0,0,Unspecified,4497983,-1.3,-12.3,0.0,0.0,0.0,0.0,3,18.4,32.8,1,Overcast,0,0,
80353,2022-01-27 12:31:00,40.771305,-73.87664,0,0,Driver Inattention/Distraction,4499104,-0.3,-9.6,0.0,0.0,0.0,0.0,3,18.7,37.1,184,Overcast,0,0,
80354,2022-01-31 15:54:00,40.635944,-73.95226,1,0,Unspecified,4499387,-3.4,-17.1,0.0,0.0,0.0,0.0,3,12.2,18.0,23,Overcast,1,1,
80355,2022-01-28 09:57:00,40.643604,-73.94301,3,0,Driver Inattention/Distraction,4498247,1.0,-3.1,2.4,0.0,1.68,13.0,73,18.7,31.3,251,Snow fall: Moderate,3,3,Snowy Conditions
80356,2022-01-31 09:50:00,40.677944,-73.74153,0,0,Driver Inattention/Distraction,4498832,-3.4,-17.1,0.0,0.0,0.0,0.0,3,12.2,18.0,23,Overcast,0,0,
80357,2022-01-30 16:42:00,40.719933,-73.97876,0,0,Unspecified,4498489,-5.4,-13.8,0.0,0.0,0.0,0.0,3,28.5,50.0,290,Overcast,0,0,
80358,2022-01-28 15:45:00,40.68401,-73.97937,0,0,Driver Inattention/Distraction,4498509,1.0,-3.1,2.4,0.0,1.68,13.0,73,18.7,31.3,251,Snow fall: Moderate,0,0,Snowy Conditions
80359,2022-01-28 17:12:00,40.74518,-73.982735,0,0,Driver Inattention/Distraction,4498294,1.0,-3.1,2.4,0.0,1.68,13.0,73,18.7,31.3,251,Snow fall: Moderate,0,0,Snowy Conditions
80360,2022-01-28 17:40:00,40.720688,-73.98424,1,0,Driver Inattention/Distraction,4498056,1.0,-3.1,2.4,0.0,1.68,13.0,73,18.7,31.3,251,Snow fall: Moderate,1,1,Snowy Conditions
80361,2022-01-28 14:34:00,40.673748,-73.84324,0,0,Unsafe Lane Changing,4498188,1.0,-3.1,2.4,0.0,1.68,13.0,73,18.7,31.3,251,Snow fall: Moderate,0,0,Snowy Conditions
80362,2022-01-28 21:00:00,40.6017,-73.97342,0,0,Driver Inexperience,4498289,1.0,-3.1,2.4,0.0,1.68,13.0,73,18.7,31.3,251,Snow fall: Moderate,0,0,Snowy Conditions
80363,2022-01-28 14:02:00,40.67604,-73.89373,2,0,Failure to Yield Right-of-Way,4499068,1.0,-3.1,2.4,0.0,1.68,13.0,73,18.7,31.3,251,Snow fall: Moderate,2,2,Snowy Conditions
80364,2022-01-31 03:44:00,40.72675,-73.97381,0,0,Pavement Slippery,4499305,-3.4,-17.1,0.0,0.0,0.0,0.0,3,12.2,18.0,23,Overcast,0,0,
80365,2022-01-27 23:00:00,40.67752,-73.972725,0,0,Turning Improperly,4498215,-0.3,-9.6,0.0,0.0,0.0,0.0,3,18.7,37.1,184,Overcast,0,0,
80366,2022-01-29 00:00:00,40.881218,-73.84077,0,0,Unsafe Speed,4498434,-1.7,-12.9,17.6,0.1,12.25,19.0,75,39.7,72.7,336,Snow fall: Heavy,0,0,Snowy Conditions
80367,2022-01-27 14:45:00,40.757755,-73.79304,0,0,Driver Inattention/Distraction,4497988,-0.3,-9.6,0.0,0.0,0.0,0.0,3,18.7,37.1,184,Overcast,0,0,
80368,2022-01-31 13:40:00,40.693394,-73.78894,0,0,Alcohol Involvement,4498903,-3.4,-17.1,0.0,0.0,0.0,0.0,3,12.2,18.0,23,Overcast,0,0,
80369,2022-01-26 09:24:00,40.83394,-73.9087,1,0,Following Too Closely,4498230,-3.1,-8.0,0.0,0.0,0.0,0.0,0,20.5,39.6,328,Clear sky,1,1,Sunny/Clear Conditions
80370,2022-01-26 14:00:00,40.742264,-73.89651,0,0,Unspecified,4498042,-3.1,-8.0,0.0,0.0,0.0,0.0,0,20.5,39.6,328,Clear sky,0,0,Sunny/Clear Conditions
80371,2022-01-30 00:20:00,40.750443,-73.96599,0,0,Unspecified,4498362,-5.4,-13.8,0.0,0.0,0.0,0.0,3,28.5,50.0,290,Overcast,0,0,
80372,2022-01-28 22:45:00,40.561092,-74.16984,0,0,Turning Improperly,4498099,1.0,-3.1,2.4,0.0,1.68,13.0,73,18.7,31.3,251,Snow fall: Moderate,0,0,Snowy Conditions
80373,2022-01-28 22:35:00,40.74888,-73.77125,0,0,Unspecified,4498494,1.0,-3.1,2.4,0.0,1.68,13.0,73,18.7,31.3,251,Snow fall: Moderate,0,0,Snowy Conditions
80374,2022-01-31 08:55:00,40.849846,-73.85546,1,0,Failure to Yield Right-of-Way,4498925,-3.4,-17.1,0.0,0.0,0.0,0.0,3,12.2,18.0,23,Overcast,1,1,
80375,2022-01-29 14:00:00,40.88379,-73.83348,0,0,Unspecified,4498421,-1.7,-12.9,17.6,0.1,12.25,19.0,75,39.7,72.7,336,Snow fall: Heavy,0,0,Snowy Conditions
80376,2022-01-30 14:00:00,40.690918,-73.7623,1,0,Failure to Yield Right-of-Way,4498660,-5.4,-13.8,0.0,0.0,0.0,0.0,3,28.5,50.0,290,Overcast,1,1,
80377,2022-01-28 22:00:00,40.6525,-73.924416,0,0,Unspecified,4498252,1.0,-3.1,2.4,0.0,1.68,13.0,73,18.7,31.3,251,Snow fall: Moderate,0,0,Snowy Conditions
80378,2022-01-28 18:00:00,40.83741,-73.847595,2,0,Illnes,4498643,1.0,-3.1,2.4,0.0,1.68,13.0,73,18.7,31.3,251,Snow fall: Moderate,2,2,Snowy Conditions
80379,2022-01-29 01:20:00,40.704292,-73.85633,0,0,Pavement Slippery,4498528,-1.7,-12.9,17.6,0.1,12.25,19.0,75,39.7,72.7,336,Snow fall: Heavy,0,0,Snowy Conditions
80380,2022-01-31 06:45:00,40.76958,-73.9156,0,0,Pavement Slippery,4498776,-3.4,-17.1,0.0,0.0,0.0,0.0,3,12.2,18.0,23,Overcast,0,0,
80381,2022-01-31 17:52:00,40.76657,-73.83145,0,0,Failure to Yield Right-of-Way,4498908,-3.4,-17.1,0.0,0.0,0.0,0.0,3,12.2,18.0,23,Overcast,0,0,
80382,2022-01-27 18:45:00,40.664112,-73.94777,0,0,Driver Inattention/Distraction,4498067,-0.3,-9.6,0.0,0.0,0.0,0.0,3,18.7,37.1,184,Overcast,0,0,
80383,2022-01-30 01:45:00,40.619263,-74.020905,0,0,Pavement Slippery,4498183,-5.4,-13.8,0.0,0.0,0.0,0.0,3,28.5,50.0,290,Overcast,0,0,
80384,2022-01-30 10:09:00,40.82527,-73.88871,1,0,Unspecified,4499286,-5.4,-13.8,0.0,0.0,0.0,0.0,3,28.5,50.0,290,Overcast,1,1,
80385,2022-01-30 21:30:00,40.773235,-73.89035,1,0,Driver Inattention/Distraction,4499175,-5.4,-13.8,0.0,0.0,0.0,0.0,3,28.5,50.0,290,Overcast,1,1,
80386,2022-01-29 02:05:00,40.675205,-73.904396,0,0,Unspecified,4498744,-1.7,-12.9,17.6,0.1,12.25,19.0,75,39.7,72.7,336,Snow fall: Heavy,0,0,Snowy Conditions
80387,2022-01-31 11:00:00,40.817513,-73.91712,0,0,Passing Too Closely,4498793,-3.4,-17.1,0.0,0.0,0.0,0.0,3,12.2,18.0,23,Overcast,0,0,
80388,2022-01-28 09:26:00,40.693172,-73.94878,0,0,Driver Inexperience,4498363,1.0,-3.1,2.4,0.0,1.68,13.0,73,18.7,31.3,251,Snow fall: Moderate,0,0,Snowy Conditions
80389,2022-01-29 14:30:00,40.82133,-73.90244,1,0,Pedestrian/Bicyclist/Other Pedestrian Error/Confusion,4498202,-1.7,-12.9,17.6,0.1,12.25,19.0,75,39.7,72.7,336,Snow fall: Heavy,1,1,Snowy Conditions
80390,2022-01-30 09:48:00,40.76695,-73.786896,0,0,Driver Inattention/Distraction,4498348,-5.4,-13.8,0.0,0.0,0.0,0.0,3,28.5,50.0,290,Overcast,0,0,
80391,2022-01-30 15:08:00,40.782658,-73.81344,0,0,Unspecified,4498516,-5.4,-13.8,0.0,0.0,0.0,0.0,3,28.5,50.0,290,Overcast,0,0,
80392,2021-07-31 15:30:00,40.67865,-73.791466,0,0,Following Too Closely,4498084,25.6,14.5,0.0,0.0,0.0,0.0,2,16.8,33.8,304,Partly cloudy,0,0,
80393,2022-01-31 21:17:00,40.673378,-73.88585,0,0,Unspecified,4499059,-3.4,-17.1,0.0,0.0,0.0,0.0,3,12.2,18.0,23,Overcast,0,0,
80394,2022-01-30 22:38:00,40.682568,-73.79266,0,0,Passing Too Closely,4499038,-5.4,-13.8,0.0,0.0,0.0,0.0,3,28.5,50.0,290,Overcast,0,0,
80395,2022-01-25 07:03:00,40.751984,-73.93111,0,0,Unspecified,4498781,6.3,-3.9,0.0,0.0,0.0,0.0,3,16.9,33.8,270,Overcast,0,0,
80396,2022-01-31 15:49:00,40.831806,-73.85482,1,0,Driver Inattention/Distraction,4499049,-3.4,-17.1,0.0,0.0,0.0,0.0,3,12.2,18.0,23,Overcast,1,1,
80397,2021-12-03 09:00:00,40.67973,-73.9374,0,0,Driver Inattention/Distraction,4499196,9.3,0.9,0.0,0.0,0.0,0.0,3,27.6,53.3,301,Overcast,0,0,
80398,2022-01-28 22:00:00,40.736847,-73.87495,0,0,Unspecified,4499492,1.0,-3.1,2.4,0.0,1.68,13.0,73,18.7,31.3,251,Snow fall: Moderate,0,0,Snowy Conditions
80399,2022-01-29 18:40:00,40.58862,-73.98373,1,0,Driver Inexperience,4498316,-1.7,-12.9,17.6,0.1,12.25,19.0,75,39.7,72.7,336,Snow fall: Heavy,1,1,Snowy Conditions
80400,2022-01-29 17:00:00,40.608776,-74.09113,1,0,Pavement Slippery,4498893,-1.7,-12.9,17.6,0.1,12.25,19.0,75,39.7,72.7,336,Snow fall: Heavy,1,1,Snowy Conditions
80401,2022-01-27 20:00:00,40.71214,-73.94231,0,0,Passing Too Closely,4498940,-0.3,-9.6,0.0,0.0,0.0,0.0,3,18.7,37.1,184,Overcast,0,0,
80402,2022-01-31 17:30:00,40.843517,-73.82301,0,0,Pavement Slippery,4498877,-3.4,-17.1,0.0,0.0,0.0,0.0,3,12.2,18.0,23,Overcast,0,0,
80403,2022-01-29 22:00:00,40.85537,-73.90473,0,0,Unspecified,4498729,-1.7,-12.9,17.6,0.1,12.25,19.0,75,39.7,72.7,336,Snow fall: Heavy,0,0,Snowy Conditions
80404,2022-01-22 17:19:00,40.87507,-73.91232,0,0,Unspecified,4499088,-1.3,-12.3,0.0,0.0,0.0,0.0,3,18.4,32.8,1,Overcast,0,0,