,CRASH DATETIME,LATITUDE,LONGITUDE,NUMBER OF PERSONS INJURED,NUMBER OF PERSONS KILLED,CONTRIBUTING FACTOR VEHICLE 1,COLLISION_ID,temperature_2m_max,temperature_2m_min,precipitation_sum,rain_sum,snowfall_sum,precipitation_hours,weather_code,wind_speed_10m_max,wind_gusts_10m_max,wind_direction_10m_dominant,Weather Description,Severity_Score,Total_Affected_Persons,Weather_Category
80405,2022-01-31 00:00:00,40.841087,-73.86449,1,0,Failure to Yield Right-of-Way,4498808,-3.4,-17.1,0.0,0.0,0.0,0.0,3,12.2,18.0,23,Overcast,1,1,
80406,2022-01-31 10:30:00,40.688324,-73.96482,0,0,Unspecified,4499006,-3.4,-17.1,0.0,0.0,0.0,0.0,3,12.2,18.0,23,Overcast,0,0,
80407,2022-01-29 00:00:00,40.831978,-73.93515,0,0,Unspecified,4498761,-1.7,-12.9,17.6,0.1,12.25,19.0,75,39.7,72.7,336,Snow fall: Heavy,0,0,Snowy Conditions
80408,2022-01-27 08:05:00,40.667076,-73.78266,2,0,Driver Inattention/Distraction,4499033,-0.3,-9.6,0.0,0.0,0.0,0.0,3,18.7,37.1,184,Overcast,2,2,
80409,2022-01-26 09:30:00,40.633953,-74.085754,0,0,Driver Inattention/Distraction,4499428,-3.1,-8.0,0.0,0.0,0.0,0.0,0,20.5,39.6,328,Clear sky,0,0,Sunny/Clear Conditions
80410,2022-01-28 10:00:00,40.60058,-73.99161,0,0,Driver Inexperience,4498284,1.0,-3.1,2.4,0.0,1.68,13.0,73,18.7,31.3,251,Snow fall: Moderate,0,0,Snowy Conditions
80411,2022-01-27 18:00:00,40.628544,-74.07648,0,0,Unspecified,4498242,-0.3,-9.6,0.0,0.0,0.0,0.0,3,18.7,37.1,184,Overcast,0,0,
80412,2022-12-31 12:20:00,40.657093,-73.95026,0,0,Unsafe Lane Changing,4599098,11.1,5.8,5.5,5.5,0.0,10.0,61,13.8,28.4,208,Rain: Light,0,0,
80413,2021-01-27 08:06:00,40.713287,-73.87163,0,0,Pedestrian/Bicyclist/Other Pedestrian Error/Confusion,4499136,4.2,-2.4,0.5,0.2,0.21,3.0,71,22.3,42.5,328,Snow fall: Light,0,0,Snowy Conditions
80414,2022-01-31 09:00:00,40.71558,-73.87811,0,0,Failure to Yield Right-of-Way,4498845,-3.4,-17.1,0.0,0.0,0.0,0.0,3,12.2,18.0,23,Overcast,0,0,
80415,2022-01-30 12:00:00,40.60379,-74.00147,0,0,Unspecified,4498331,-5.4,-13.8,0.0,0.0,0.0,0.0,3,28.5,50.0,290,Overcast,0,0,
80416,2022-01-28 12:00:00,40.77496,-73.9589,0,0,Driver Inattention/Distraction,4499223,1.0,-3.1,2.4,0.0,1.68,13.0,73,18.7,31.3,251,Snow fall: Moderate,0,0,Snowy Conditions
80417,2022-01-25 10:14:00,40.807503,-73.913445,0,0,Driver Inattention/Distraction,4498010,6.3,-3.9,0.0,0.0,0.0,0.0,3,16.9,33.8,270,Overcast,0,0,
80418,2022-01-31 08:05:00,40.653435,-73.95278,1,0,Unspecified,4499328,-3.4,-17.1,0.0,0.0,0.0,0.0,3,12.2,18.0,23,Overcast,1,1,
80419,2022-01-28 15:40:00,40.70003,-73.78873,1,0,Driver Inattention/Distraction,4498580,1.0,-3.1,2.4,0.0,1.68,13.0,73,18.7,31.3,251,Snow fall: Moderate,1,1,Snowy Conditions
80420,2022-01-29 12:42:00,40.58904,-73.94458,0,0,Unspecified,4498142,-1.7,-12.9,17.6,0.1,12.25,19.0,75,39.7,72.7,336,Snow fall: Heavy,0,0,Snowy Conditions
80421,2022-01-26 16:20:00,40.693203,-73.953995,0,0,Passing Too Closely,4498803,-3.1,-8.0,0.0,0.0,0.0,0.0,0,20.5,39.6,328,Clear sky,0,0,Sunny/Clear Conditions
80422,2022-01-30 14:57:00,40.795456,-73.96564,0,0,Glare,4498543,-5.4,-13.8,0.0,0.0,0.0,0.0,3,28.5,50.0,290,Overcast,0,0,
80423,2022-01-29 22:47:00,40.70873,-73.807625,0,0,Driver Inattention/Distraction,4498374,-1.7,-12.9,17.6,0.1,12.25,19.0,75,39.7,72.7,336,Snow fall: Heavy,0,0,Snowy Conditions
80424,2022-01-27 08:28:00,40.661995,-73.9196,0,0,Driver Inattention/Distraction,4498279,-0.3,-9.6,0.0,0.0,0.0,0.0,3,18.7,37.1,184,Overcast,0,0,
80425,2022-01-28 18:35:00,40.734768,-73.90288,0,0,Unspecified,4498052,1.0,-3.1,2.4,0.0,1.68,13.0,73,18.7,31.3,251,Snow fall: Moderate,0,0,Snowy Conditions
80426,2022-01-28 20:30:00,40.740643,-73.97581,0,0,Unsafe Lane Changing,4498174,1.0,-3.1,2.4,0.0,1.68,13.0,73,18.7,31.3,251,Snow fall: Moderate,0,0,Snowy Conditions
80427,2022-01-29 13:08:00,40.711777,-73.91042,1,0,Pavement Slippery,4498389,-1.7,-12.9,17.6,0.1,12.25,19.0,75,39.7,72.7,336,Snow fall: Heavy,1,1,Snowy Conditions
80428,2022-01-22 17:33:00,40.83129,-73.92904,0,0,Accelerator Defective,4498675,-1.3,-12.3,0.0,0.0,0.0,0.0,3,18.4,32.8,1,Overcast,0,0,
80429,2022-01-30 17:54:00,40.847546,-73.86724,0,0,Unsafe Speed,4498612,-5.4,-13.8,0.0,0.0,0.0,0.0,3,28.5,50.0,290,Overcast,0,0,
80430,2022-01-29 12:00:00,40.65239,-73.92655,0,0,Passing Too Closely,4498257,-1.7,-12.9,17.6,0.1,12.25,19.0,75,39.7,72.7,336,Snow fall: Heavy,0,0,Snowy Conditions
80431,2022-01-29 00:10:00,40.74273,-73.95412,0,0,Driver Inattention/Distraction,4498771,-1.7,-12.9,17.6,0.1,12.25,19.0,75,39.7,72.7,336,Snow fall: Heavy,0,0,Snowy Conditions
80432,2022-01-28 07:52:00,40.8097,-73.90304,1,0,Unspecified,4498003,1.0,-3.1,2.4,0.0,1.68,13.0,73,18.7,31.3,251,Snow fall: Moderate,1,1,Snowy Conditions
80433,2021-12-18 13:30:00,40.67897,-73.75985,0,0,Passing Too Closely,4498119,6.3,4.5,3.8,3.8,0.0,9.0,61,12.3,24.5,35,Rain: Light,0,0,
80434,2022-01-28 23:47:00,40.736145,-73.92651,0,0,Driver Inattention/Distraction,4498147,1.0,-3.1,2.4,0.0,1.68,13.0,73,18.7,31.3,251,Snow fall: Moderate,0,0,Snowy Conditions
80435,2022-01-11 16:33:00,40.897507,-73.845436,1,0,Driver Inattention/Distraction,4498798,-4.2,-8.8,0.0,0.0,0.0,0.0,1,26.7,50.8,316,Mainly clear,1,1,Sunny/Clear Conditions
80436,2022-01-28 08:27:00,40.73992,-73.81513,1,0,Pedestrian/Bicyclist/Other Pedestrian Error/Confusion,4498015,1.0,-3.1,2.4,0.0,1.68,13.0,73,18.7,31.3,251,Snow fall: Moderate,1,1,Snowy Conditions
80437,2021-01-22 13:39:00,40.767742,-73.98212,0,0,Driver Inattention/Distraction,4499372,6.6,-0.9,0.0,0.0,0.0,0.0,2,26.4,49.7,272,Partly cloudy,0,0,
80438,2022-01-24 17:00:00,40.70329,-73.73685,1,0,Following Too Closely,4498074,0.2,-2.7,0.3,0.0,0.21,2.0,71,15.1,31.0,307,Snow fall: Light,1,1,Snowy Conditions
80439,2022-01-29 15:40:00,40.729996,-73.91187,1,0,Pavement Slippery,4498899,-1.7,-12.9,17.6,0.1,12.25,19.0,75,39.7,72.7,336,Snow fall: Heavy,1,1,Snowy Conditions
80440,2022-01-30 11:45:00,40.580696,-74.16167,0,0,Driver Inattention/Distraction,4498449,-5.4,-13.8,0.0,0.0,0.0,0.0,3,28.5,50.0,290,Overcast,0,0,
80441,2022-01-29 03:11:00,40.63311,-73.97217,1,0,View Obstructed/Limited,4498211,-1.7,-12.9,17.6,0.1,12.25,19.0,75,39.7,72.7,336,Snow fall: Heavy,1,1,Snowy Conditions
80442,2022-01-31 06:56:00,40.6745,-73.74142,6,0,Pavement Slippery,4498830,-3.4,-17.1,0.0,0.0,0.0,0.0,3,12.2,18.0,23,Overcast,6,6,
80443,2022-01-30 11:24:00,40.73077,-73.82619,0,0,Unspecified,4498548,-5.4,-13.8,0.0,0.0,0.0,0.0,3,28.5,50.0,290,Overcast,0,0,
80444,2022-01-29 15:11:00,40.800663,-73.94436,0,0,Driver Inattention/Distraction,4498466,-1.7,-12.9,17.6,0.1,12.25,19.0,75,39.7,72.7,336,Snow fall: Heavy,0,0,Snowy Conditions
80445,2022-01-29 00:35:00,40.636627,-73.94226,0,0,Driver Inattention/Distraction,4498234,-1.7,-12.9,17.6,0.1,12.25,19.0,75,39.7,72.7,336,Snow fall: Heavy,0,0,Snowy Conditions
80446,2022-01-29 16:09:00,40.74947,-73.7564,1,0,Pavement Slippery,4498179,-1.7,-12.9,17.6,0.1,12.25,19.0,75,39.7,72.7,336,Snow fall: Heavy,1,1,Snowy Conditions
80447,2022-01-29 00:00:00,40.579826,-73.97622,0,0,Unspecified,4498343,-1.7,-12.9,17.6,0.1,12.25,19.0,75,39.7,72.7,336,Snow fall: Heavy,0,0,Snowy Conditions
80448,2022-01-28 17:08:00,40.636868,-73.91346,0,0,Unspecified,4498047,1.0,-3.1,2.4,0.0,1.68,13.0,73,18.7,31.3,251,Snow fall: Moderate,0,0,Snowy Conditions
80449,2022-01-30 17:50:00,40.629597,-74.00136,0,0,Unspecified,4498607,-5.4,-13.8,0.0,0.0,0.0,0.0,3,28.5,50.0,290,Overcast,0,0,
80450,2022-01-21 19:22:00,40.68026,-73.901886,0,0,Following Too Closely,4498862,-5.3,-11.6,0.0,0.0,0.0,0.0,3,21.9,40.0,2,Overcast,0,0,
80451,2022-01-31 11:30:00,40.711033,-73.7281,1,0,Driver Inattention/Distraction,4498835,-3.4,-17.1,0.0,0.0,0.0,0.0,3,12.2,18.0,23,Overcast,1,1,
80452,2022-01-28 20:00:00,40.88052,-73.85773,0,0,Driver Inattention/Distraction,4498417,1.0,-3.1,2.4,0.0,1.68,13.0,73,18.7,31.3,251,Snow fall: Moderate,0,0,Snowy Conditions
80453,2022-01-28 17:00:00,40.66539,-73.81354,1,0,Fell Asleep,4498079,1.0,-3.1,2.4,0.0,1.68,13.0,73,18.7,31.3,251,Snow fall: Moderate,1,1,Snowy Conditions
80454,2022-01-24 00:50:00,40.689228,-73.957,1,0,Driver Inattention/Distraction,4498311,0.2,-2.7,0.3,0.0,0.21,2.0,71,15.1,31.0,307,Snow fall: Light,1,1,Snowy Conditions
80455,2022-01-31 21:00:00,40.833206,-73.82797,1,0,Following Too Closely,4499230,-3.4,-17.1,0.0,0.0,0.0,0.0,3,12.2,18.0,23,Overcast,1,1,
80456,2022-01-29 17:10:00,40.83116,-73.83106,0,0,Unspecified,4498647,-1.7,-12.9,17.6,0.1,12.25,19.0,75,39.7,72.7,336,Snow fall: Heavy,0,0,Snowy Conditions
80457,2022-04-15 03:00:00,40.691563,-73.86563,0,0,Fell Asleep,4519186,19.2,6.3,0.1,0.1,0.0,1.0,51,26.9,46.1,243,Drizzle: Light,0,0,
80458,2022-01-30 20:08:00,40.886448,-73.86663,2,0,Driver Inattention/Distraction,4498813,-5.4,-13.8,0.0,0.0,0.0,0.0,3,28.5,50.0,290,Overcast,2,2,
80459,2022-01-31 13:00:00,40.70026,-73.80868,0,0,Unspecified,4498872,-3.4,-17.1,0.0,0.0,0.0,0.0,3,12.2,18.0,23,Overcast,0,0,
80460,2022-01-21 11:00:00,40.805218,-73.955185,0,0,Passing Too Closely,4499192,-5.3,-11.6,0.0,0.0,0.0,0.0,3,21.9,40.0,2,Overcast,0,0,
80461,2022-01-29 22:00:00,40.71401,-73.85965,0,0,Driver Inattention/Distraction,4498443,-1.7,-12.9,17.6,0.1,12.25,19.0,75,39.7,72.7,336,Snow fall: Heavy,0,0,Snowy Conditions
80462,2022-01-29 15:25:00,40.69457,-73.99068,0,0,Unspecified,4498475,-1.7,-12.9,17.6,0.1,12.25,19.0,75,39.7,72.7,336,Snow fall: Heavy,0,0,Snowy Conditions
80463,2022-01-19 21:30:00,40.723785,-73.97598,2,0,Unspecified,4499311,7.6,-4.9,0.0,0.0,0.0,0.0,3,23.5,43.2,208,Overcast,2,2,
80464,2022-01-29 04:46:00,40.680664,-73.902626,1,0,Unspecified,4499073,-1.7,-12.9,17.6,0.1,12.25,19.0,75,39.7,72.7,336,Snow fall: Heavy,1,1,Snowy Conditions
80465,2022-01-31 13:00:00,40.819786,-73.91216,0,0,Driver Inexperience,4499013,-3.4,-17.1,0.0,0.0,0.0,0.0,3,12.2,18.0,23,Overcast,0,0,
80466,2022-01-31 02:50:00,40.82368,-73.88953,0,0,Pavement Slippery,4498740,-3.4,-17.1,0.0,0.0,0.0,0.0,3,12.2,18.0,23,Overcast,0,0,
80467,2022-01-27 12:11:00,40.87701,-73.88445,1,0,Unspecified,4498664,-0.3,-9.6,0.0,0.0,0.0,0.0,3,18.7,37.1,184,Overcast,1,1,
80468,2022-01-18 17:58:00,40.725666,-73.72726,0,0,Following Too Closely,4499266,1.7,-4.9,0.0,0.0,0.0,0.0,3,30.9,58.3,294,Overcast,0,0,
80469,2022-01-29 02:04:00,40.699776,-73.831795,0,0,Driver Inexperience,4498533,-1.7,-12.9,17.6,0.1,12.25,19.0,75,39.7,72.7,336,Snow fall: Heavy,0,0,Snowy Conditions
80470,2022-01-28 20:00:00,40.839245,-73.8701,0,0,Pavement Defective,4499141,1.0,-3.1,2.4,0.0,1.68,13.0,73,18.7,31.3,251,Snow fall: Moderate,0,0,Snowy Conditions
80471,2022-01-31 13:30:00,40.85472,-73.82802,0,0,Backing Unsafely,4499521,-3.4,-17.1,0.0,0.0,0.0,0.0,3,12.2,18.0,23,Overcast,0,0,
80472,2022-01-31 19:34:00,40.72095,-73.76715,0,0,Driver Inexperience,4499543,-3.4,-17.1,0.0,0.0,0.0,0.0,3,12.2,18.0,23,Overcast,0,0,
80473,2022-01-29 18:00:00,40.614834,-74.15937,0,0,Pavement Slippery,4498692,-1.7,-12.9,17.6,0.1,12.25,19.0,75,39.7,72.7,336,Snow fall: Heavy,0,0,Snowy Conditions
80474,2022-01-30 00:00:00,40.86805,-73.83401,0,0,Unspecified,4498438,-5.4,-13.8,0.0,0.0,0.0,0.0,3,28.5,50.0,290,Overcast,0,0,
80475,2022-01-29 01:30:00,40.777107,-73.96397,0,0,Unspecified,4498825,-1.7,-12.9,17.6,0.1,12.25,19.0,75,39.7,72.7,336,Snow fall: Heavy,0,0,Snowy Conditions
80476,2022-01-30 09:00:00,40.665794,-73.7464,0,0,Unspecified,4498306,-5.4,-13.8,0.0,0.0,0.0,0.0,3,28.5,50.0,290,Overcast,0,0,
80477,2022-01-31 17:53:00,40.805595,-73.95819,1,0,Failure to Yield Right-of-Way,4498996,-3.4,-17.1,0.0,0.0,0.0,0.0,3,12.2,18.0,23,Overcast,1,1,
80478,2022-01-28 08:00:00,40.83091,-73.92047,0,0,Unsafe Lane Changing,4498267,1.0,-3.1,2.4,0.0,1.68,13.0,73,18.7,31.3,251,Snow fall: Moderate,0,0,Snowy Conditions
80479,2022-01-28 08:58:00,40.63442,-73.94936,0,0,Unspecified,4498206,1.0,-3.1,2.4,0.0,1.68,13.0,73,18.7,31.3,251,Snow fall: Moderate,0,0,Snowy Conditions
80480,2022-01-28 13:19:00,40.59888,-73.820694,1,0,Failure to Yield Right-of-Way,4499111,1.0,-3.1,2.4,0.0,1.68,13.0,73,18.7,31.3,251,Snow fall: Moderate,1,1,Snowy Conditions
80481,2022-01-27 01:24:00,40.718395,-73.826385,2,0,Passenger Distraction,4498501,-0.3,-9.6,0.0,0.0,0.0,0.0,3,18.7,37.1,184,Overcast,2,2,
80482,2022-01-26 21:00:00,40.690266,-73.91546,1,0,Failure to Yield Right-of-Way,4498725,-3.1,-8.0,0.0,0.0,0.0,0.0,0,20.5,39.6,328,Clear sky,1,1,Sunny/Clear Conditions
80483,2022-01-29 00:34:00,40.70743,-73.95505,0,0,Driver Inattention/Distraction,4498560,-1.7,-12.9,17.6,0.1,12.25,19.0,75,39.7,72.7,336,Snow fall: Heavy,0,0,Snowy Conditions
80484,2022-01-27 15:30:00,40.72725,-73.95279,1,0,Passing or Lane Usage Improper,4498679,-0.3,-9.6,0.0,0.0,0.0,0.0,3,18.7,37.1,184,Overcast,1,1,
80485,2022-01-26 20:35:00,40.67818,-73.870705,1,0,Driver Inattention/Distraction,4499083,-3.1,-8.0,0.0,0.0,0.0,0.0,0,20.5,39.6,328,Clear sky,1,1,Sunny/Clear Conditions
80486,2022-01-25 15:00:00,40.81636,-73.954094,0,0,Unspecified,4499361,6.3,-3.9,0.0,0.0,0.0,0.0,3,16.9,33.8,270,Overcast,0,0,
80487,2022-01-31 05:20:00,40.70061,-73.79645,0,0,Driver Inattention/Distraction,4498857,-3.4,-17.1,0.0,0.0,0.0,0.0,3,12.2,18.0,23,Overcast,0,0,
80488,2022-01-28 10:00:00,40.87644,-73.912865,0,0,Oversized Vehicle,4499161,1.0,-3.1,2.4,0.0,1.68,13.0,73,18.7,31.3,251,Snow fall: Moderate,0,0,Snowy Conditions
80489,2022-01-26 19:24:00,40.767967,-73.96822,0,0,Failure to Yield Right-of-Way,4499480,-3.1,-8.0,0.0,0.0,0.0,0.0,0,20.5,39.6,328,Clear sky,0,0,Sunny/Clear Conditions
80490,2022-01-27 15:31:00,40.78503,-73.94058,0,0,Unspecified,4499435,-0.3,-9.6,0.0,0.0,0.0,0.0,3,18.7,37.1,184,Overcast,0,0,
80491,2022-01-26 20:20:00,40.816772,-73.809135,0,0,Failure to Yield Right-of-Way,4498632,-3.1,-8.0,0.0,0.0,0.0,0.0,0,20.5,39.6,328,Clear sky,0,0,Sunny/Clear Conditions
80492,2022-01-31 00:34:00,40.76154,-73.9556,0,0,Backing Unsafely,4498931,-3.4,-17.1,0.0,0.0,0.0,0.0,3,12.2,18.0,23,Overcast,0,0,
80493,2022-01-31 17:30:00,40.64663,-73.95566,1,0,Driver Inattention/Distraction,4499001,-3.4,-17.1,0.0,0.0,0.0,0.0,3,12.2,18.0,23,Overcast,1,1,
80494,2022-01-29 11:50:00,40.734768,-73.861595,0,0,Other Vehicular,4498138,-1.7,-12.9,17.6,0.1,12.25,19.0,75,39.7,72.7,336,Snow fall: Heavy,0,0,Snowy Conditions
80495,2022-01-31 17:15:00,40.64952,-73.955795,0,0,Passing Too Closely,4499134,-3.4,-17.1,0.0,0.0,0.0,0.0,3,12.2,18.0,23,Overcast,0,0,
80496,2022-01-29 18:45:00,40.676003,-73.865395,1,0,Driver Inattention/Distraction,4499056,-1.7,-12.9,17.6,0.1,12.25,19.0,75,39.7,72.7,336,Snow fall: Heavy,1,1,Snowy Conditions
80497,2022-01-31 13:00:00,40.757694,-73.864624,0,0,Pavement Slippery,4499118,-3.4,-17.1,0.0,0.0,0.0,0.0,3,12.2,18.0,23,Overcast,0,0,
80498,2022-01-26 14:45:00,40.704018,-73.736176,1,0,Traffic Control Disregarded,4499351,-3.1,-8.0,0.0,0.0,0.0,0.0,0,20.5,39.6,328,Clear sky,1,1,Sunny/Clear Conditions
80499,2022-01-29 09:00:00,40.69821,-73.92406,1,0,Failure to Yield Right-of-Way,4498708,-1.7,-12.9,17.6,0.1,12.25,19.0,75,39.7,72.7,336,Snow fall: Heavy,1,1,Snowy Conditions
80500,2022-01-31 19:49:00,40.734768,-73.86487,0,0,Following Too Closely,4498963,-3.4,-17.1,0.0,0.0,0.0,0.0,3,12.2,18.0,23,Overcast,0,0,
80501,2022-01-27 14:00:00,40.74314,-73.88334,0,0,Backing Unsafely,4498385,-0.3,-9.6,0.0,0.0,0.0,0.0,3,18.7,37.1,184,Overcast,0,0,
80502,2022-01-27 17:48:00,40.73407,-73.74479,0,0,Unsafe Lane Changing,4497991,-0.3,-9.6,0.0,0.0,0.0,0.0,3,18.7,37.1,184,Overcast,0,0,
80503,2022-01-31 11:09:00,40.68668,-73.97937,0,0,Alcohol Involvement,4499093,-3.4,-17.1,0.0,0.0,0.0,0.0,3,12.2,18.0,23,Overcast,0,0,
80504,2022-01-27 17:29:00,40.769096,-73.833664,1,0,Pedestrian/Bicyclist/Other Pedestrian Error/Confusion,4498170,-0.3,-9.6,0.0,0.0,0.0,0.0,3,18.7,37.1,184,Overcast,1,1,
80505,2022-01-31 16:23:00,40.848396,-73.90605,0,0,Passing Too Closely,4498990,-3.4,-17.1,0.0,0.0,0.0,0.0,3,12.2,18.0,23,Overcast,0,0,
80506,2022-01-23 17:40:00,40.677032,-73.824684,0,0,Driver Inexperience,4498035,2.8,-6.1,0.5,0.0,0.35,3.0,71,14.2,28.1,243,Snow fall: Light,0,0,Snowy Conditions
80507,2022-01-28 14:37:00,40.83417,-73.94837,1,0,Driver Inattention/Distraction,4499153,1.0,-3.1,2.4,0.0,1.68,13.0,73,18.7,31.3,251,Snow fall: Moderate,1,1,Snowy Conditions
80508,2022-01-29 21:07:00,40.578823,-73.98628,1,0,Passing or Lane Usage Improper,4498338,-1.7,-12.9,17.6,0.1,12.25,19.0,75,39.7,72.7,336,Snow fall: Heavy,1,1,Snowy Conditions
80509,2022-01-29 10:10:00,40.710464,-73.986626,0,0,Unspecified,4498151,-1.7,-12.9,17.6,0.1,12.25,19.0,75,39.7,72.7,336,Snow fall: Heavy,0,0,Snowy Conditions
80510,2022-01-28 08:30:00,40.69098,-73.74878,0,0,Passing Too Closely,4498123,1.0,-3.1,2.4,0.0,1.68,13.0,73,18.7,31.3,251,Snow fall: Moderate,0,0,Snowy Conditions
80511,2022-01-31 08:20:00,40.649574,-73.89698,1,0,Driver Inattention/Distraction,4498852,-3.4,-17.1,0.0,0.0,0.0,0.0,3,12.2,18.0,23,Overcast,1,1,
80512,2022-01-29 11:30:00,40.768024,-73.97029,0,0,Driver Inattention/Distraction,4498592,-1.7,-12.9,17.6,0.1,12.25,19.0,75,39.7,72.7,336,Snow fall: Heavy,0,0,Snowy Conditions
80513,2021-08-29 17:45:00,40.64149,-73.89527,0,0,,4452154,24.5,19.7,2.5,2.5,0.0,9.0,53,13.6,25.6,98,Drizzle: Moderate,0,0,
80514,2021-09-12 21:05:00,40.73819,-73.81231,1,0,Unspecified,4460318,28.8,18.3,0.0,0.0,0.0,0.0,3,24.3,46.8,233,Overcast,1,1,
80515,2021-11-02 11:18:00,40.715282,-73.95144,0,1,Driver Inattention/Distraction,4473468,11.4,7.0,0.6,0.6,0.0,4.0,51,14.1,28.1,271,Drizzle: Light,20,1,
80516,2021-10-28 20:08:00,40.675625,-73.89879,2,0,Driver Inattention/Distraction,4473878,15.2,7.9,0.0,0.0,0.0,0.0,3,19.1,34.6,28,Overcast,2,2,
80517,2021-10-29 20:45:00,40.83872,-73.91378,0,0,Driver Inattention/Distraction,4475490,13.8,8.3,9.3,9.3,0.0,5.0,63,40.9,73.8,78,Rain: Moderate,0,0,
80518,2021-11-05 14:40:00,40.59752,-73.75964,0,0,Failure to Yield Right-of-Way,4475499,10.7,3.2,0.0,0.0,0.0,0.0,0,14.8,30.2,1,Clear sky,0,0,Sunny/Clear Conditions
80519,2021-11-02 19:41:00,40.73003,-73.99109,1,0,Unspecified,4475484,11.4,7.0,0.6,0.6,0.0,4.0,51,14.1,28.1,271,Drizzle: Light,1,1,
80520,2021-06-27 21:30:00,40.593067,-73.79258,0,0,Unspecified,4452285,29.2,22.2,0.5,0.5,0.0,4.0,51,19.6,45.4,196,Drizzle: Light,0,0,
80521,2021-12-12 18:00:00,40.86418,-73.90119,2,0,Aggressive Driving/Road Rage,4486360,13.0,3.4,0.5,0.5,0.0,1.0,53,32.4,62.6,284,Drizzle: Moderate,2,2,
80522,2021-12-12 19:30:00,40.712498,-73.97776,0,0,Unspecified,4486214,13.0,3.4,0.5,0.5,0.0,1.0,53,32.4,62.6,284,Drizzle: Moderate,0,0,
80523,2021-12-12 13:50:00,40.786133,-73.824356,0,0,Following Too Closely,4486244,13.0,3.4,0.5,0.5,0.0,1.0,53,32.4,62.6,284,Drizzle: Moderate,0,0,
80524,2021-12-12 23:40:00,40.691544,-73.9685,1,0,Driver Inattention/Distraction,4485983,13.0,3.4,0.5,0.5,0.0,1.0,53,32.4,62.6,284,Drizzle: Moderate,1,1,
80525,2021-12-12 13:28:00,40.748154,-73.86983,0,0,Driver Inattention/Distraction,4485724,13.0,3.4,0.5,0.5,0.0,1.0,53,32.4,62.6,284,Drizzle: Moderate,0,0,
80526,2021-12-12 17:09:00,40.75668,-73.980606,0,0,Backing Unsafely,4486083,13.0,3.4,0.5,0.5,0.0,1.0,53,32.4,62.6,284,Drizzle: Moderate,0,0,
80527,2021-12-12 07:00:00,40.52791,-74.16486,0,0,Unspecified,4485595,13.0,3.4,0.5,0.5,0.0,1.0,53,32.4,62.6,284,Drizzle: Moderate,0,0,
80528,2021-12-12 14:45:00,40.597733,-74.067406,0,0,Driver Inattention/Distraction,4485825,13.0,3.4,0.5,0.5,0.0,1.0,53,32.4,62.6,284,Drizzle: Moderate,0,0,
80529,2021-12-12 17:41:00,40.78202,-73.97173,1,0,Turning Improperly,4486199,13.0,3.4,0.5,0.5,0.0,1.0,53,32.4,62.6,284,Drizzle: Moderate,1,1,
80530,2021-12-12 14:07:00,40.585514,-73.93971,1,0,Unspecified,4486049,13.0,3.4,0.5,0.5,0.0,1.0,53,32.4,62.6,284,Drizzle: Moderate,1,1,
80531,2021-12-12 14:49:00,40.671642,-73.96258,0,0,Following Too Closely,4485759,13.0,3.4,0.5,0.5,0.0,1.0,53,32.4,62.6,284,Drizzle: Moderate,0,0,
80532,2021-12-08 18:05:00,40.90104,-73.89689,1,0,Unspecified,4486471,4.7,0.9,0.7,0.7,0.0,2.0,51,14.5,24.8,355,Drizzle: Light,1,1,
80533,2021-12-07 10:20:00,40.659306,-73.76583,0,0,Unspecified,4486430,8.6,0.8,0.1,0.1,0.0,1.0,51,27.2,49.3,283,Drizzle: Light,0,0,
80534,2021-12-12 21:14:00,40.60625,-73.961815,0,0,Unspecified,4485889,13.0,3.4,0.5,0.5,0.0,1.0,53,32.4,62.6,284,Drizzle: Moderate,0,0,
80535,2021-12-12 03:57:00,40.69089,-73.90545,0,0,Driver Inattention/Distraction,4485858,13.0,3.4,0.5,0.5,0.0,1.0,53,32.4,62.6,284,Drizzle: Moderate,0,0,
80536,2021-12-12 13:00:00,40.713886,-73.95981,1,0,Driver Inattention/Distraction,4486366,13.0,3.4,0.5,0.5,0.0,1.0,53,32.4,62.6,284,Drizzle: Moderate,1,1,
80537,2021-11-06 15:00:00,40.630505,-73.92812,0,0,Turning Improperly,4474656,10.5,3.4,0.0,0.0,0.0,0.0,0,9.5,17.6,61,Clear sky,0,0,Sunny/Clear Conditions
80538,2021-11-06 07:30:00,40.733425,-73.97447,1,0,Driver Inattention/Distraction,4474854,10.5,3.4,0.0,0.0,0.0,0.0,0,9.5,17.6,61,Clear sky,1,1,Sunny/Clear Conditions
80539,2021-11-06 07:10:00,40.8357,-73.926735,1,0,Aggressive Driving/Road Rage,4474746,10.5,3.4,0.0,0.0,0.0,0.0,0,9.5,17.6,61,Clear sky,1,1,Sunny/Clear Conditions
80540,2021-11-06 01:05:00,40.734768,-73.861595,0,0,Driver Inattention/Distraction,4475434,10.5,3.4,0.0,0.0,0.0,0.0,0,9.5,17.6,61,Clear sky,0,0,Sunny/Clear Conditions
80541,2021-10-31 00:30:00,40.584587,-73.81958,0,0,Driver Inexperience,4475357,18.3,12.5,3.7,3.7,0.0,8.0,55,22.9,41.0,268,Drizzle: Dense,0,0,