,CRASH DATETIME,LATITUDE,LONGITUDE,NUMBER OF PERSONS INJURED,NUMBER OF PERSONS KILLED,CONTRIBUTING FACTOR VEHICLE 1,COLLISION_ID,temperature_2m_max,temperature_2m_min,precipitation_sum,rain_sum,snowfall_sum,precipitation_hours,weather_code,wind_speed_10m_max,wind_gusts_10m_max,wind_direction_10m_dominant,Weather Description,Severity_Score,Total_Affected_Persons,Weather_Category
80542,2021-11-05 13:20:00,40.631115,-74.0918,2,0,Driver Inattention/Distraction,4475206,10.7,3.2,0.0,0.0,0.0,0.0,0,14.8,30.2,1,Clear sky,2,2,Sunny/Clear Conditions
80543,2021-11-05 20:00:00,40.87525,-73.8756,0,0,Unspecified,4475188,10.7,3.2,0.0,0.0,0.0,0.0,0,14.8,30.2,1,Clear sky,0,0,Sunny/Clear Conditions
80544,2021-11-06 00:41:00,40.68166,-73.97504,0,0,Driver Inattention/Distraction,4474395,10.5,3.4,0.0,0.0,0.0,0.0,0,9.5,17.6,61,Clear sky,0,0,Sunny/Clear Conditions
80545,2021-11-01 14:30:00,40.76432,-73.9576,0,0,Other Vehicular,4475451,14.4,8.0,0.0,0.0,0.0,0.0,3,20.7,38.5,278,Overcast,0,0,
80546,2021-11-06 21:00:00,40.674587,-73.85931,0,0,Unsafe Speed,4475006,10.5,3.4,0.0,0.0,0.0,0.0,0,9.5,17.6,61,Clear sky,0,0,Sunny/Clear Conditions
80547,2021-11-06 21:53:00,40.625824,-73.92762,0,0,Passing or Lane Usage Improper,4474783,10.5,3.4,0.0,0.0,0.0,0.0,0,9.5,17.6,61,Clear sky,0,0,Sunny/Clear Conditions
80548,2021-11-06 09:52:00,40.68424,-73.8461,1,0,Unsafe Speed,4475162,10.5,3.4,0.0,0.0,0.0,0.0,0,9.5,17.6,61,Clear sky,1,1,Sunny/Clear Conditions
80549,2021-10-30 14:30:00,40.865345,-73.90849,0,0,Unspecified,4475251,17.8,12.0,7.8,7.8,0.0,16.0,61,38.5,68.0,112,Rain: Light,0,0,
80550,2021-11-04 07:41:00,40.675888,-73.88649,1,0,Alcohol Involvement,4475318,9.9,3.0,0.0,0.0,0.0,0.0,3,10.8,21.2,5,Overcast,1,1,
80551,2021-11-06 02:50:00,40.59925,-73.952614,1,0,Failure to Yield Right-of-Way,4474511,10.5,3.4,0.0,0.0,0.0,0.0,0,9.5,17.6,61,Clear sky,1,1,Sunny/Clear Conditions
80552,2021-11-06 12:00:00,40.825924,-73.89194,0,0,Unspecified,4474799,10.5,3.4,0.0,0.0,0.0,0.0,0,9.5,17.6,61,Clear sky,0,0,Sunny/Clear Conditions
80553,2021-11-04 18:30:00,40.63239,-74.11917,0,0,Driver Inattention/Distraction,4475204,9.9,3.0,0.0,0.0,0.0,0.0,3,10.8,21.2,5,Overcast,0,0,
80554,2021-11-05 10:15:00,40.575302,-73.98453,1,0,Pedestrian/Bicyclist/Other Pedestrian Error/Confusion,4475140,10.7,3.2,0.0,0.0,0.0,0.0,0,14.8,30.2,1,Clear sky,1,1,Sunny/Clear Conditions
80555,2021-11-06 19:50:00,40.702797,-73.91365,1,0,Driver Inattention/Distraction,4474631,10.5,3.4,0.0,0.0,0.0,0.0,0,9.5,17.6,61,Clear sky,1,1,Sunny/Clear Conditions
80556,2021-11-06 09:18:00,40.66112,-73.920135,1,0,Unspecified,4474866,10.5,3.4,0.0,0.0,0.0,0.0,0,9.5,17.6,61,Clear sky,1,1,Sunny/Clear Conditions
80557,2021-11-06 19:25:00,40.761093,-73.82687,1,0,Following Too Closely,4474933,10.5,3.4,0.0,0.0,0.0,0.0,0,9.5,17.6,61,Clear sky,1,1,Sunny/Clear Conditions
80558,2021-11-06 18:14:00,40.764362,-73.96162,1,0,View Obstructed/Limited,4475021,10.5,3.4,0.0,0.0,0.0,0.0,0,9.5,17.6,61,Clear sky,1,1,Sunny/Clear Conditions
80559,2021-11-06 06:22:00,40.82803,-73.934845,1,0,Traffic Control Disregarded,4475087,10.5,3.4,0.0,0.0,0.0,0.0,0,9.5,17.6,61,Clear sky,1,1,Sunny/Clear Conditions
80560,2021-12-09 09:45:00,40.81746,-73.863,0,0,Unspecified,4486397,3.6,-2.0,0.1,0.0,0.07,1.0,71,19.2,33.8,295,Snow fall: Light,0,0,Snowy Conditions
80561,2021-07-09 12:35:00,40.71016,-73.98854,0,0,Unspecified,4452315,29.8,22.0,35.0,35.0,0.0,14.0,63,31.0,55.8,341,Rain: Moderate,0,0,
80562,2021-11-06 01:50:00,40.76579,-73.886284,0,0,Driver Inattention/Distraction,4474612,10.5,3.4,0.0,0.0,0.0,0.0,0,9.5,17.6,61,Clear sky,0,0,Sunny/Clear Conditions
80563,2021-11-06 07:00:00,40.795303,-73.800186,0,0,Backing Unsafely,4474556,10.5,3.4,0.0,0.0,0.0,0.0,0,9.5,17.6,61,Clear sky,0,0,Sunny/Clear Conditions
80564,2021-11-05 12:00:00,40.83501,-73.90353,0,0,Unspecified,4475275,10.7,3.2,0.0,0.0,0.0,0.0,0,14.8,30.2,1,Clear sky,0,0,Sunny/Clear Conditions
80565,2021-11-06 16:45:00,40.673706,-73.90118,0,0,Driver Inattention/Distraction,4475334,10.5,3.4,0.0,0.0,0.0,0.0,0,9.5,17.6,61,Clear sky,0,0,Sunny/Clear Conditions
80566,2021-11-06 15:40:00,40.66408,-73.94817,1,0,Driver Inattention/Distraction,4474603,10.5,3.4,0.0,0.0,0.0,0.0,0,9.5,17.6,61,Clear sky,1,1,Sunny/Clear Conditions
80567,2021-11-06 04:57:00,40.709557,-74.00644,0,0,Unspecified,4474558,10.5,3.4,0.0,0.0,0.0,0.0,0,9.5,17.6,61,Clear sky,0,0,Sunny/Clear Conditions
80568,2021-11-05 14:00:00,40.75771,-73.97523,0,0,Driver Inattention/Distraction,4475219,10.7,3.2,0.0,0.0,0.0,0.0,0,14.8,30.2,1,Clear sky,0,0,Sunny/Clear Conditions
80569,2021-11-06 15:28:00,40.697247,-73.932846,1,0,Failure to Yield Right-of-Way,4474627,10.5,3.4,0.0,0.0,0.0,0.0,0,9.5,17.6,61,Clear sky,1,1,Sunny/Clear Conditions
80570,2021-11-06 02:11:00,40.59455,-73.997574,0,0,Unspecified,4474537,10.5,3.4,0.0,0.0,0.0,0.0,0,9.5,17.6,61,Clear sky,0,0,Sunny/Clear Conditions
80571,2021-11-06 01:32:00,40.794285,-73.95112,0,0,Passing or Lane Usage Improper,4475065,10.5,3.4,0.0,0.0,0.0,0.0,0,9.5,17.6,61,Clear sky,0,0,Sunny/Clear Conditions
80572,2021-11-06 04:00:00,40.670773,-73.917046,0,0,Fatigued/Drowsy,4474769,10.5,3.4,0.0,0.0,0.0,0.0,0,9.5,17.6,61,Clear sky,0,0,Sunny/Clear Conditions
80573,2021-11-06 16:40:00,40.61368,-73.98882,1,0,Failure to Yield Right-of-Way,4474812,10.5,3.4,0.0,0.0,0.0,0.0,0,9.5,17.6,61,Clear sky,1,1,Sunny/Clear Conditions
80574,2021-11-06 18:24:00,40.88814,-73.89277,0,0,Unspecified,4475420,10.5,3.4,0.0,0.0,0.0,0.0,0,9.5,17.6,61,Clear sky,0,0,Sunny/Clear Conditions
80575,2021-10-16 23:44:00,40.8612,-73.93497,1,0,Unsafe Speed,4475477,24.3,15.0,17.5,17.5,0.0,9.0,63,25.7,46.4,195,Rain: Moderate,1,1,
80576,2021-11-06 03:30:00,40.644634,-73.92647,0,0,Unspecified,4475117,10.5,3.4,0.0,0.0,0.0,0.0,0,9.5,17.6,61,Clear sky,0,0,Sunny/Clear Conditions
80577,2021-11-06 20:23:00,40.67412,-73.88081,1,0,Unspecified,4474960,10.5,3.4,0.0,0.0,0.0,0.0,0,9.5,17.6,61,Clear sky,1,1,Sunny/Clear Conditions
80578,2021-11-06 13:52:00,40.68718,-73.79914,0,0,Following Too Closely,4474548,10.5,3.4,0.0,0.0,0.0,0.0,0,9.5,17.6,61,Clear sky,0,0,Sunny/Clear Conditions
80579,2021-11-06 11:00:00,40.755795,-73.89298,0,0,Unspecified,4474620,10.5,3.4,0.0,0.0,0.0,0.0,0,9.5,17.6,61,Clear sky,0,0,Sunny/Clear Conditions
80580,2021-11-06 09:15:00,40.74598,-73.89345,1,0,,4474735,10.5,3.4,0.0,0.0,0.0,0.0,0,9.5,17.6,61,Clear sky,1,1,Sunny/Clear Conditions
80581,2021-11-06 17:35:00,40.807095,-73.945984,0,0,Outside Car Distraction,4475265,10.5,3.4,0.0,0.0,0.0,0.0,0,9.5,17.6,61,Clear sky,0,0,Sunny/Clear Conditions
80582,2021-10-12 19:59:00,40.83951,-73.93786,1,0,Driver Inattention/Distraction,4475346,21.6,15.2,0.0,0.0,0.0,0.0,3,11.8,23.8,81,Overcast,1,1,
80583,2021-11-06 22:00:00,40.841846,-73.870834,0,0,Unspecified,4474929,10.5,3.4,0.0,0.0,0.0,0.0,0,9.5,17.6,61,Clear sky,0,0,Sunny/Clear Conditions
80584,2021-11-04 14:37:00,40.859615,-73.89524,0,0,View Obstructed/Limited,4475178,9.9,3.0,0.0,0.0,0.0,0.0,3,10.8,21.2,5,Overcast,0,0,
80585,2021-11-05 08:50:00,40.8252,-73.91476,0,0,Unspecified,4475279,10.7,3.2,0.0,0.0,0.0,0.0,0,14.8,30.2,1,Clear sky,0,0,Sunny/Clear Conditions
80586,2021-11-06 20:52:00,40.705215,-73.92069,0,0,Backing Unsafely,4474632,10.5,3.4,0.0,0.0,0.0,0.0,0,9.5,17.6,61,Clear sky,0,0,Sunny/Clear Conditions
80587,2021-11-05 00:00:00,40.682037,-73.87788,1,0,Failure to Yield Right-of-Way,4475330,10.7,3.2,0.0,0.0,0.0,0.0,0,14.8,30.2,1,Clear sky,1,1,Sunny/Clear Conditions
80588,2021-11-06 18:45:00,40.747066,-73.97925,1,0,Driver Inattention/Distraction,4474671,10.5,3.4,0.0,0.0,0.0,0.0,0,9.5,17.6,61,Clear sky,1,1,Sunny/Clear Conditions
80589,2021-11-05 20:18:00,40.65661,-73.93091,1,0,Unspecified,4475230,10.7,3.2,0.0,0.0,0.0,0.0,0,14.8,30.2,1,Clear sky,1,1,Sunny/Clear Conditions
80590,2021-11-06 06:27:00,40.65947,-73.94931,0,0,Unspecified,4474570,10.5,3.4,0.0,0.0,0.0,0.0,0,9.5,17.6,61,Clear sky,0,0,Sunny/Clear Conditions
80591,2021-11-05 17:46:00,40.70313,-73.816795,0,0,Aggressive Driving/Road Rage,4475161,10.7,3.2,0.0,0.0,0.0,0.0,0,14.8,30.2,1,Clear sky,0,0,Sunny/Clear Conditions
80592,2021-11-06 00:15:00,40.680542,-73.807175,2,0,Failure to Yield Right-of-Way,4474981,10.5,3.4,0.0,0.0,0.0,0.0,0,9.5,17.6,61,Clear sky,2,2,Sunny/Clear Conditions
80593,2021-11-06 21:20:00,40.6427,-73.87661,0,0,Driver Inattention/Distraction,4475338,10.5,3.4,0.0,0.0,0.0,0.0,0,9.5,17.6,61,Clear sky,0,0,Sunny/Clear Conditions
80594,2021-11-06 02:48:00,40.746346,-73.89612,0,0,Driver Inattention/Distraction,4475214,10.5,3.4,0.0,0.0,0.0,0.0,0,9.5,17.6,61,Clear sky,0,0,Sunny/Clear Conditions
80595,2021-11-06 01:35:00,40.66996,-73.90889,0,0,Failure to Yield Right-of-Way,4474761,10.5,3.4,0.0,0.0,0.0,0.0,0,9.5,17.6,61,Clear sky,0,0,Sunny/Clear Conditions
80596,2021-11-05 10:10:00,40.861828,-73.89286,0,0,Passing or Lane Usage Improper,4475192,10.7,3.2,0.0,0.0,0.0,0.0,0,14.8,30.2,1,Clear sky,0,0,Sunny/Clear Conditions
80597,2021-11-06 17:35:00,40.756355,-73.82578,0,0,Failure to Yield Right-of-Way,4474802,10.5,3.4,0.0,0.0,0.0,0.0,0,9.5,17.6,61,Clear sky,0,0,Sunny/Clear Conditions
80598,2021-11-01 00:00:00,40.71196,-73.9407,1,0,Following Too Closely,4475441,14.4,8.0,0.0,0.0,0.0,0.0,3,20.7,38.5,278,Overcast,1,1,
80599,2021-11-06 22:33:00,40.75584,-73.83448,0,0,Unspecified,4474693,10.5,3.4,0.0,0.0,0.0,0.0,0,9.5,17.6,61,Clear sky,0,0,Sunny/Clear Conditions
80600,2021-10-30 19:40:00,40.82099,-73.89589,0,0,Unspecified,4475457,17.8,12.0,7.8,7.8,0.0,16.0,61,38.5,68.0,112,Rain: Light,0,0,
80601,2021-11-06 23:00:00,40.645073,-73.97438,0,0,Unsafe Lane Changing,4474894,10.5,3.4,0.0,0.0,0.0,0.0,0,9.5,17.6,61,Clear sky,0,0,Sunny/Clear Conditions
80602,2021-11-06 12:17:00,40.781292,-73.953835,1,0,Driver Inattention/Distraction,4475258,10.5,3.4,0.0,0.0,0.0,0.0,0,9.5,17.6,61,Clear sky,1,1,Sunny/Clear Conditions
80603,2021-11-06 09:15:00,40.73583,-73.98367,0,0,Brakes Defective,4474639,10.5,3.4,0.0,0.0,0.0,0.0,0,9.5,17.6,61,Clear sky,0,0,Sunny/Clear Conditions
80604,2021-11-06 20:00:00,40.686764,-73.83595,0,0,Passing Too Closely,4475168,10.5,3.4,0.0,0.0,0.0,0.0,0,9.5,17.6,61,Clear sky,0,0,Sunny/Clear Conditions
80605,2021-11-06 10:55:00,40.842987,-73.900345,0,0,Unspecified,4475285,10.5,3.4,0.0,0.0,0.0,0.0,0,9.5,17.6,61,Clear sky,0,0,Sunny/Clear Conditions
80606,2021-11-06 19:00:00,40.807148,-73.958626,0,0,Failure to Yield Right-of-Way,4474830,10.5,3.4,0.0,0.0,0.0,0.0,0,9.5,17.6,61,Clear sky,0,0,Sunny/Clear Conditions
80607,2021-11-06 00:40:00,40.583992,-73.96752,0,0,Driver Inattention/Distraction,4474707,10.5,3.4,0.0,0.0,0.0,0.0,0,9.5,17.6,61,Clear sky,0,0,Sunny/Clear Conditions
80608,2021-11-06 20:20:00,40.885296,-73.82733,0,0,Passing or Lane Usage Improper,4474831,10.5,3.4,0.0,0.0,0.0,0.0,0,9.5,17.6,61,Clear sky,0,0,Sunny/Clear Conditions
80609,2021-11-06 18:41:00,40.835968,-73.87,2,0,Unspecified,4474786,10.5,3.4,0.0,0.0,0.0,0.0,0,9.5,17.6,61,Clear sky,2,2,Sunny/Clear Conditions
80610,2021-11-04 16:35:00,40.85381,-73.91386,0,0,Passing Too Closely,4475200,9.9,3.0,0.0,0.0,0.0,0.0,3,10.8,21.2,5,Overcast,0,0,
80611,2021-11-06 00:01:00,40.706123,-73.92214,0,0,Passing or Lane Usage Improper,4474401,10.5,3.4,0.0,0.0,0.0,0.0,0,9.5,17.6,61,Clear sky,0,0,Sunny/Clear Conditions
80612,2021-11-06 03:00:00,40.653942,-73.928215,0,0,Unspecified,4475235,10.5,3.4,0.0,0.0,0.0,0.0,0,9.5,17.6,61,Clear sky,0,0,Sunny/Clear Conditions
80613,2021-11-06 04:40:00,40.685696,-73.87161,1,0,Traffic Control Disregarded,4475322,10.5,3.4,0.0,0.0,0.0,0.0,0,9.5,17.6,61,Clear sky,1,1,Sunny/Clear Conditions
80614,2021-11-06 22:05:00,40.637848,-73.91844,3,0,Traffic Control Disregarded,4474666,10.5,3.4,0.0,0.0,0.0,0.0,0,9.5,17.6,61,Clear sky,3,3,Sunny/Clear Conditions
80615,2021-11-05 18:00:00,40.618958,-74.02404,1,0,Unspecified,4475148,10.7,3.2,0.0,0.0,0.0,0.0,0,14.8,30.2,1,Clear sky,1,1,Sunny/Clear Conditions
80616,2021-11-04 00:00:00,40.68632,-73.869095,2,0,Unspecified,4475317,9.9,3.0,0.0,0.0,0.0,0.0,3,10.8,21.2,5,Overcast,2,2,
80617,2021-11-05 15:48:00,40.829006,-73.88993,0,0,Driver Inexperience,4475284,10.7,3.2,0.0,0.0,0.0,0.0,0,14.8,30.2,1,Clear sky,0,0,Sunny/Clear Conditions
80618,2021-11-05 12:45:00,40.8626,-73.91151,0,0,Unsafe Speed,4475187,10.7,3.2,0.0,0.0,0.0,0.0,0,14.8,30.2,1,Clear sky,0,0,Sunny/Clear Conditions
80619,2021-11-06 02:35:00,40.885014,-73.900345,1,0,Steering Failure,4474512,10.5,3.4,0.0,0.0,0.0,0.0,0,9.5,17.6,61,Clear sky,1,1,Sunny/Clear Conditions
80620,2021-11-06 10:22:00,40.75361,-73.90393,0,0,Backing Unsafely,4474637,10.5,3.4,0.0,0.0,0.0,0.0,0,9.5,17.6,61,Clear sky,0,0,Sunny/Clear Conditions
80621,2021-11-06 18:30:00,40.8223,-73.873,1,0,Unspecified,4474792,10.5,3.4,0.0,0.0,0.0,0.0,0,9.5,17.6,61,Clear sky,1,1,Sunny/Clear Conditions
80622,2021-11-02 12:35:00,40.68274,-73.85276,1,0,Failure to Yield Right-of-Way,4475244,11.4,7.0,0.6,0.6,0.0,4.0,51,14.1,28.1,271,Drizzle: Light,1,1,
80623,2021-11-06 17:16:00,40.786423,-73.82394,0,0,Following Too Closely,4474695,10.5,3.4,0.0,0.0,0.0,0.0,0,9.5,17.6,61,Clear sky,0,0,Sunny/Clear Conditions
80624,2021-11-05 12:45:00,40.597267,-73.998665,1,0,Driver Inattention/Distraction,4475139,10.7,3.2,0.0,0.0,0.0,0.0,0,14.8,30.2,1,Clear sky,1,1,Sunny/Clear Conditions
80625,2021-11-06 10:00:00,40.713264,-73.83285,0,0,Unsafe Speed,4475167,10.5,3.4,0.0,0.0,0.0,0.0,0,9.5,17.6,61,Clear sky,0,0,Sunny/Clear Conditions
80626,2021-11-06 11:40:00,40.843903,-73.927284,1,0,Following Too Closely,4474751,10.5,3.4,0.0,0.0,0.0,0.0,0,9.5,17.6,61,Clear sky,1,1,Sunny/Clear Conditions
80627,2022-01-30 18:03:00,40.65067,-73.95248,0,0,Reaction to Uninvolved Vehicle,4498766,-5.4,-13.8,0.0,0.0,0.0,0.0,3,28.5,50.0,290,Overcast,0,0,
80628,2021-10-28 12:00:00,40.67021,-73.898346,0,0,Unspecified,4475308,15.2,7.9,0.0,0.0,0.0,0.0,3,19.1,34.6,28,Overcast,0,0,
80629,2021-11-02 00:00:00,40.625908,-74.15577,0,0,Driver Inattention/Distraction,4475229,11.4,7.0,0.6,0.6,0.0,4.0,51,14.1,28.1,271,Drizzle: Light,0,0,
80630,2021-11-05 16:30:00,40.672142,-73.985405,0,0,Passing Too Closely,4475442,10.7,3.2,0.0,0.0,0.0,0.0,0,14.8,30.2,1,Clear sky,0,0,Sunny/Clear Conditions
80631,2021-11-06 00:52:00,40.718792,-73.98902,1,0,Failure to Yield Right-of-Way,4474568,10.5,3.4,0.0,0.0,0.0,0.0,0,9.5,17.6,61,Clear sky,1,1,Sunny/Clear Conditions
80632,2021-11-06 19:08:00,40.69767,-73.96675,1,0,Turning Improperly,4474604,10.5,3.4,0.0,0.0,0.0,0.0,0,9.5,17.6,61,Clear sky,1,1,Sunny/Clear Conditions
80633,2021-11-06 18:34:00,40.71175,-73.9558,0,0,Driver Inexperience,4474971,10.5,3.4,0.0,0.0,0.0,0.0,0,9.5,17.6,61,Clear sky,0,0,Sunny/Clear Conditions
80634,2021-11-05 18:19:00,40.83325,-73.890205,1,0,Unsafe Lane Changing,4475295,10.7,3.2,0.0,0.0,0.0,0.0,0,14.8,30.2,1,Clear sky,1,1,Sunny/Clear Conditions
80635,2021-11-06 17:17:00,40.743195,-73.93673,0,0,Unspecified,4474661,10.5,3.4,0.0,0.0,0.0,0.0,0,9.5,17.6,61,Clear sky,0,0,Sunny/Clear Conditions
80636,2021-11-06 17:25:00,40.846657,-73.89619,0,0,Driver Inattention/Distraction,4475102,10.5,3.4,0.0,0.0,0.0,0.0,0,9.5,17.6,61,Clear sky,0,0,Sunny/Clear Conditions
80637,2021-11-03 09:12:00,40.76241,-73.92064,0,0,Unspecified,4475250,10.7,3.8,0.1,0.1,0.0,1.0,51,15.6,30.6,302,Drizzle: Light,0,0,
80638,2021-11-06 03:44:00,40.762447,-73.91949,0,0,Cell Phone (hand-Held),4474550,10.5,3.4,0.0,0.0,0.0,0.0,0,9.5,17.6,61,Clear sky,0,0,Sunny/Clear Conditions
80639,2021-11-06 12:30:00,40.6487,-73.913795,1,0,Driver Inattention/Distraction,4474850,10.5,3.4,0.0,0.0,0.0,0.0,0,9.5,17.6,61,Clear sky,1,1,Sunny/Clear Conditions
80640,2021-11-06 06:10:00,40.67137,-73.842995,0,0,Alcohol Involvement,4474982,10.5,3.4,0.0,0.0,0.0,0.0,0,9.5,17.6,61,Clear sky,0,0,Sunny/Clear Conditions
80641,2021-11-06 15:36:00,40.681656,-73.72783,2,0,Unspecified,4474586,10.5,3.4,0.0,0.0,0.0,0.0,0,9.5,17.6,61,Clear sky,2,2,Sunny/Clear Conditions
80642,2021-11-06 12:00:00,40.82048,-73.81809,2,0,Unspecified,4474720,10.5,3.4,0.0,0.0,0.0,0.0,0,9.5,17.6,61,Clear sky,2,2,Sunny/Clear Conditions
80643,2021-11-06 19:30:00,40.845287,-73.858665,1,0,Unspecified,4475119,10.5,3.4,0.0,0.0,0.0,0.0,0,9.5,17.6,61,Clear sky,1,1,Sunny/Clear Conditions
80644,2021-11-06 22:30:00,40.66549,-73.75236,0,0,Unsafe Speed,4474649,10.5,3.4,0.0,0.0,0.0,0.0,0,9.5,17.6,61,Clear sky,0,0,Sunny/Clear Conditions
80645,2021-11-06 19:00:00,40.733498,-73.87038,0,0,Driver Inattention/Distraction,4474739,10.5,3.4,0.0,0.0,0.0,0.0,0,9.5,17.6,61,Clear sky,0,0,Sunny/Clear Conditions
80646,2021-10-29 21:15:00,40.837494,-73.94415,0,0,Pavement Slippery,4475350,13.8,8.3,9.3,9.3,0.0,5.0,63,40.9,73.8,78,Rain: Moderate,0,0,
80647,2021-11-05 16:25:00,40.835938,-73.88645,0,0,Unspecified,4475271,10.7,3.2,0.0,0.0,0.0,0.0,0,14.8,30.2,1,Clear sky,0,0,Sunny/Clear Conditions
80648,2021-11-06 21:45:00,40.695347,-73.85896,0,0,Passing Too Closely,4475173,10.5,3.4,0.0,0.0,0.0,0.0,0,9.5,17.6,61,Clear sky,0,0,Sunny/Clear Conditions
80649,2021-11-05 15:50:00,40.673573,-73.902084,1,0,Unspecified,4475331,10.7,3.2,0.0,0.0,0.0,0.0,0,14.8,30.2,1,Clear sky,1,1,Sunny/Clear Conditions
80650,2021-11-06 11:00:00,40.673542,-73.88468,1,0,Reaction to Uninvolved Vehicle,4474959,10.5,3.4,0.0,0.0,0.0,0.0,0,9.5,17.6,61,Clear sky,1,1,Sunny/Clear Conditions
80651,2021-11-06 06:30:00,40.622704,-74.022064,0,0,Driver Inattention/Distraction,4474525,10.5,3.4,0.0,0.0,0.0,0.0,0,9.5,17.6,61,Clear sky,0,0,Sunny/Clear Conditions
80652,2021-11-06 16:45:00,40.69469,-73.91693,0,0,Passing or Lane Usage Improper,4474628,10.5,3.4,0.0,0.0,0.0,0.0,0,9.5,17.6,61,Clear sky,0,0,Sunny/Clear Conditions
80653,2021-11-06 06:50:00,40.643604,-73.94301,0,0,Unspecified,4474864,10.5,3.4,0.0,0.0,0.0,0.0,0,9.5,17.6,61,Clear sky,0,0,Sunny/Clear Conditions
80654,2021-11-06 21:13:00,40.753788,-73.744286,0,0,Reaction to Uninvolved Vehicle,4474766,10.5,3.4,0.0,0.0,0.0,0.0,0,9.5,17.6,61,Clear sky,0,0,Sunny/Clear Conditions
80655,2021-11-06 11:40:00,40.83417,-73.94837,0,0,Failure to Yield Right-of-Way,4475349,10.5,3.4,0.0,0.0,0.0,0.0,0,9.5,17.6,61,Clear sky,0,0,Sunny/Clear Conditions
80656,2021-11-05 12:25:00,40.764996,-73.976715,1,0,Pedestrian/Bicyclist/Other Pedestrian Error/Confusion,4475218,10.7,3.2,0.0,0.0,0.0,0.0,0,14.8,30.2,1,Clear sky,1,1,Sunny/Clear Conditions
80657,2021-11-06 06:00:00,40.713264,-73.83285,0,0,Driver Inattention/Distraction,4475174,10.5,3.4,0.0,0.0,0.0,0.0,0,9.5,17.6,61,Clear sky,0,0,Sunny/Clear Conditions
80658,2021-11-06 12:24:00,40.64891,-73.89256,1,0,Unspecified,4474670,10.5,3.4,0.0,0.0,0.0,0.0,0,9.5,17.6,61,Clear sky,1,1,Sunny/Clear Conditions
80659,2021-11-06 19:33:00,40.84822,-73.883125,4,0,Turning Improperly,4475103,10.5,3.4,0.0,0.0,0.0,0.0,0,9.5,17.6,61,Clear sky,4,4,Sunny/Clear Conditions
80660,2021-11-05 22:53:00,40.857216,-73.90458,0,0,Driver Inattention/Distraction,4475157,10.7,3.2,0.0,0.0,0.0,0.0,0,14.8,30.2,1,Clear sky,0,0,Sunny/Clear Conditions
80661,2021-11-06 16:20:00,40.58396,-73.9253,0,0,Driver Inattention/Distraction,4475020,10.5,3.4,0.0,0.0,0.0,0.0,0,9.5,17.6,61,Clear sky,0,0,Sunny/Clear Conditions
80662,2021-08-24 01:10:00,40.698498,-73.99696,1,0,Passing or Lane Usage Improper,4450925,30.6,21.9,0.0,0.0,0.0,0.0,1,13.9,28.1,291,Mainly clear,1,1,Sunny/Clear Conditions
80663,2021-08-27 20:50:00,40.826836,-73.92263,1,0,Following Too Closely,4451235,32.2,23.4,1.4,1.4,0.0,2.0,55,9.4,22.3,299,Drizzle: Dense,1,1,
80664,2021-08-29 14:45:00,40.85516,-73.79019,0,0,Unspecified,4452646,24.5,19.7,2.5,2.5,0.0,9.0,53,13.6,25.6,98,Drizzle: Moderate,0,0,
80665,2021-08-21 19:13:00,40.744865,-73.99347,0,0,Unspecified,4452629,27.2,23.0,0.8,0.8,0.0,6.0,51,14.3,29.5,109,Drizzle: Light,0,0,
80666,2021-08-29 00:24:00,40.780857,-73.960915,1,0,Reaction to Uninvolved Vehicle,4452635,24.5,19.7,2.5,2.5,0.0,9.0,53,13.6,25.6,98,Drizzle: Moderate,1,1,
80667,2021-11-06 09:00:00,40.722973,-73.83933,0,0,Driver Inattention/Distraction,4474535,10.5,3.4,0.0,0.0,0.0,0.0,0,9.5,17.6,61,Clear sky,0,0,Sunny/Clear Conditions
80668,2021-11-06 19:14:00,40.728634,-73.953575,0,0,Passing Too Closely,4474820,10.5,3.4,0.0,0.0,0.0,0.0,0,9.5,17.6,61,Clear sky,0,0,Sunny/Clear Conditions
80669,2021-11-06 03:53:00,40.757282,-73.87999,0,0,Driver Inattention/Distraction,4474609,10.5,3.4,0.0,0.0,0.0,0.0,0,9.5,17.6,61,Clear sky,0,0,Sunny/Clear Conditions
80670,2021-11-06 01:35:00,40.64814,-73.949295,3,0,Driver Inattention/Distraction,4474837,10.5,3.4,0.0,0.0,0.0,0.0,0,9.5,17.6,61,Clear sky,3,3,Sunny/Clear Conditions
80671,2021-11-06 23:35:00,40.815765,-73.944786,0,0,Driver Inattention/Distraction,4474665,10.5,3.4,0.0,0.0,0.0,0.0,0,9.5,17.6,61,Clear sky,0,0,Sunny/Clear Conditions
80672,2021-11-06 15:00:00,40.72625,-73.942726,0,0,Driver Inexperience,4474819,10.5,3.4,0.0,0.0,0.0,0.0,0,9.5,17.6,61,Clear sky,0,0,Sunny/Clear Conditions
80673,2021-11-06 00:45:00,40.862785,-73.90679,1,0,Turning Improperly,4475191,10.5,3.4,0.0,0.0,0.0,0.0,0,9.5,17.6,61,Clear sky,1,1,Sunny/Clear Conditions
80674,2021-11-06 22:50:00,40.85025,-73.8449,0,0,View Obstructed/Limited,4474758,10.5,3.4,0.0,0.0,0.0,0.0,0,9.5,17.6,61,Clear sky,0,0,Sunny/Clear Conditions
80675,2021-11-03 09:58:00,40.84664,-73.92568,0,0,Drugs (illegal),4475201,10.7,3.8,0.1,0.1,0.0,1.0,51,15.6,30.6,302,Drizzle: Light,0,0,
80676,2021-11-06 02:52:00,40.689663,-73.97411,0,0,Driver Inattention/Distraction,4474406,10.5,3.4,0.0,0.0,0.0,0.0,0,9.5,17.6,61,Clear sky,0,0,Sunny/Clear Conditions