,CRASH DATETIME,LATITUDE,LONGITUDE,NUMBER OF PERSONS INJURED,NUMBER OF PERSONS KILLED,CONTRIBUTING FACTOR VEHICLE 1,COLLISION_ID,temperature_2m_max,temperature_2m_min,precipitation_sum,rain_sum,snowfall_sum,precipitation_hours,weather_code,wind_speed_10m_max,wind_gusts_10m_max,wind_direction_10m_dominant,Weather Description,Severity_Score,Total_Affected_Persons,Weather_Category
80677,2021-11-06 15:12:00,40.642002,-73.898834,1,0,Unspecified,4475238,10.5,3.4,0.0,0.0,0.0,0.0,0,9.5,17.6,61,Clear sky,1,1,Sunny/Clear Conditions
80678,2021-11-05 09:36:00,40.605335,-73.75528,0,0,Driver Inattention/Distraction,4475483,10.7,3.2,0.0,0.0,0.0,0.0,0,14.8,30.2,1,Clear sky,0,0,Sunny/Clear Conditions
80679,2021-11-05 16:16:00,40.63721,-74.02221,1,0,,4475147,10.7,3.2,0.0,0.0,0.0,0.0,0,14.8,30.2,1,Clear sky,1,1,Sunny/Clear Conditions
80680,2021-11-06 00:39:00,40.64844,-73.88242,2,0,Turning Improperly,4475321,10.5,3.4,0.0,0.0,0.0,0.0,0,9.5,17.6,61,Clear sky,2,2,Sunny/Clear Conditions
80681,2021-11-06 15:32:00,40.66252,-73.84071,4,0,Turning Improperly,4474994,10.5,3.4,0.0,0.0,0.0,0.0,0,9.5,17.6,61,Clear sky,4,4,Sunny/Clear Conditions
80682,2021-11-06 14:35:00,40.66675,-73.779945,1,0,Unspecified,4474585,10.5,3.4,0.0,0.0,0.0,0.0,0,9.5,17.6,61,Clear sky,1,1,Sunny/Clear Conditions
80683,2021-11-06 16:37:00,40.796005,-73.93542,1,0,Driver Inattention/Distraction,4474588,10.5,3.4,0.0,0.0,0.0,0.0,0,9.5,17.6,61,Clear sky,1,1,Sunny/Clear Conditions
80684,2021-11-06 16:00:00,40.597614,-73.79666,0,0,Unspecified,4474897,10.5,3.4,0.0,0.0,0.0,0.0,0,9.5,17.6,61,Clear sky,0,0,Sunny/Clear Conditions
80685,2021-11-06 21:30:00,40.644386,-73.93046,0,0,Unspecified,4475234,10.5,3.4,0.0,0.0,0.0,0.0,0,9.5,17.6,61,Clear sky,0,0,Sunny/Clear Conditions
80686,2021-08-29 17:00:00,40.659203,-73.909996,1,0,Unsafe Speed,4451726,24.5,19.7,2.5,2.5,0.0,9.0,53,13.6,25.6,98,Drizzle: Moderate,1,1,
80687,2021-08-29 18:00:00,40.848118,-73.93089,0,0,Unspecified,4452507,24.5,19.7,2.5,2.5,0.0,9.0,53,13.6,25.6,98,Drizzle: Moderate,0,0,
80688,2021-08-29 02:48:00,40.81846,-73.91489,0,0,Backing Unsafely,4451862,24.5,19.7,2.5,2.5,0.0,9.0,53,13.6,25.6,98,Drizzle: Moderate,0,0,
80689,2022-01-28 23:35:00,40.70456,-73.856735,0,0,Unspecified,4498402,1.0,-3.1,2.4,0.0,1.68,13.0,73,18.7,31.3,251,Snow fall: Moderate,0,0,Snowy Conditions
80690,2021-08-26 20:38:00,40.583626,-73.98407,1,0,Driver Inattention/Distraction,4452474,31.8,22.8,0.1,0.1,0.0,1.0,51,14.8,29.2,228,Drizzle: Light,1,1,
80691,2021-08-08 23:15:00,40.682568,-73.79266,1,0,Aggressive Driving/Road Rage,4452440,22.9,19.4,12.7,12.7,0.0,17.0,63,19.9,36.0,38,Rain: Moderate,1,1,
80692,2021-07-09 10:00:00,40.71123,-73.85575,2,0,Driver Inattention/Distraction,4452300,29.8,22.0,35.0,35.0,0.0,14.0,63,31.0,55.8,341,Rain: Moderate,2,2,
80693,2021-08-29 00:28:00,40.645256,-73.874954,0,0,Following Too Closely,4451405,24.5,19.7,2.5,2.5,0.0,9.0,53,13.6,25.6,98,Drizzle: Moderate,0,0,
80694,2021-08-29 20:31:00,40.61458,-74.022804,1,0,Unspecified,4451751,24.5,19.7,2.5,2.5,0.0,9.0,53,13.6,25.6,98,Drizzle: Moderate,1,1,
80695,2021-08-29 20:29:00,40.810276,-73.94738,1,0,Failure to Yield Right-of-Way,4451949,24.5,19.7,2.5,2.5,0.0,9.0,53,13.6,25.6,98,Drizzle: Moderate,1,1,
80696,2021-08-29 15:18:00,40.800053,-73.93249,0,0,Unspecified,4451799,24.5,19.7,2.5,2.5,0.0,9.0,53,13.6,25.6,98,Drizzle: Moderate,0,0,
80697,2021-08-29 16:15:00,40.69212,-73.97897,1,0,Failure to Yield Right-of-Way,4452184,24.5,19.7,2.5,2.5,0.0,9.0,53,13.6,25.6,98,Drizzle: Moderate,1,1,
80698,2021-07-09 15:45:00,40.80054,-73.96192,0,0,Unsafe Lane Changing,4452327,29.8,22.0,35.0,35.0,0.0,14.0,63,31.0,55.8,341,Rain: Moderate,0,0,
80699,2021-08-29 14:19:00,40.736576,-73.85406,0,0,Other Vehicular,4452381,24.5,19.7,2.5,2.5,0.0,9.0,53,13.6,25.6,98,Drizzle: Moderate,0,0,
80700,2021-08-29 03:00:00,40.708504,-73.81954,2,0,Driver Inattention/Distraction,4451438,24.5,19.7,2.5,2.5,0.0,9.0,53,13.6,25.6,98,Drizzle: Moderate,2,2,
80701,2021-07-08 08:05:00,40.65794,-73.936874,1,0,Driver Inattention/Distraction,4452298,28.3,21.3,15.2,15.2,0.0,12.0,63,16.9,48.2,125,Rain: Moderate,1,1,
80702,2021-08-28 21:00:00,40.815945,-73.94123,0,0,Unspecified,4452545,26.2,20.2,3.9,3.9,0.0,18.0,53,23.5,45.0,65,Drizzle: Moderate,0,0,
80703,2021-07-09 14:25:00,40.583725,-73.89372,1,0,Lost Consciousness,4452320,29.8,22.0,35.0,35.0,0.0,14.0,63,31.0,55.8,341,Rain: Moderate,1,1,
80704,2021-08-29 06:47:00,40.735615,-73.899994,0,0,Driver Inattention/Distraction,4452120,24.5,19.7,2.5,2.5,0.0,9.0,53,13.6,25.6,98,Drizzle: Moderate,0,0,
80705,2021-08-29 05:00:00,40.761993,-73.942474,1,0,Driver Inattention/Distraction,4451480,24.5,19.7,2.5,2.5,0.0,9.0,53,13.6,25.6,98,Drizzle: Moderate,1,1,
80706,2021-08-29 09:30:00,40.890354,-73.858025,0,0,Unspecified,4452559,24.5,19.7,2.5,2.5,0.0,9.0,53,13.6,25.6,98,Drizzle: Moderate,0,0,
80707,2021-08-26 23:26:00,40.8781,-73.85339,0,0,Other Vehicular,4452556,31.8,22.8,0.1,0.1,0.0,1.0,51,14.8,29.2,228,Drizzle: Light,0,0,
80708,2021-08-29 14:10:00,40.732323,-73.810776,0,0,Driver Inattention/Distraction,4451692,24.5,19.7,2.5,2.5,0.0,9.0,53,13.6,25.6,98,Drizzle: Moderate,0,0,
80709,2021-08-29 23:13:00,40.75406,-73.808624,1,0,Failure to Yield Right-of-Way,4451876,24.5,19.7,2.5,2.5,0.0,9.0,53,13.6,25.6,98,Drizzle: Moderate,1,1,
80710,2021-08-29 17:00:00,40.58381,-73.96938,0,0,Following Too Closely,4451898,24.5,19.7,2.5,2.5,0.0,9.0,53,13.6,25.6,98,Drizzle: Moderate,0,0,
80711,2021-08-29 09:45:00,40.54326,-74.19731,0,0,Unspecified,4451973,24.5,19.7,2.5,2.5,0.0,9.0,53,13.6,25.6,98,Drizzle: Moderate,0,0,
80712,2021-08-29 01:29:00,40.861862,-73.91275,0,0,Driver Inattention/Distraction,4452042,24.5,19.7,2.5,2.5,0.0,9.0,53,13.6,25.6,98,Drizzle: Moderate,0,0,
80713,2021-08-29 03:00:00,40.84669,-73.86192,0,0,Alcohol Involvement,4451596,24.5,19.7,2.5,2.5,0.0,9.0,53,13.6,25.6,98,Drizzle: Moderate,0,0,
80714,2021-08-29 08:25:00,40.87379,-73.87669,0,0,Traffic Control Disregarded,4451527,24.5,19.7,2.5,2.5,0.0,9.0,53,13.6,25.6,98,Drizzle: Moderate,0,0,
80715,2021-07-09 23:15:00,40.748993,-73.89687,0,0,Unspecified,4452339,29.8,22.0,35.0,35.0,0.0,14.0,63,31.0,55.8,341,Rain: Moderate,0,0,
80716,2021-08-22 10:20:00,40.65598,-73.90933,0,0,Unspecified,4452360,23.9,22.5,56.2,56.2,0.0,21.0,63,19.8,36.0,299,Rain: Moderate,0,0,
80717,2021-08-27 19:00:00,40.72135,-74.00465,0,0,Driver Inattention/Distraction,4452404,32.2,23.4,1.4,1.4,0.0,2.0,55,9.4,22.3,299,Drizzle: Dense,0,0,
80718,2021-08-29 03:30:00,40.685806,-73.80728,0,0,Passing or Lane Usage Improper,4451572,24.5,19.7,2.5,2.5,0.0,9.0,53,13.6,25.6,98,Drizzle: Moderate,0,0,
80719,2021-08-29 07:30:00,40.654434,-73.86084,0,0,Unsafe Speed,4451534,24.5,19.7,2.5,2.5,0.0,9.0,53,13.6,25.6,98,Drizzle: Moderate,0,0,
80720,2021-07-06 11:45:00,40.68532,-73.98071,1,0,Following Too Closely,4452308,33.6,21.9,2.1,2.1,0.0,4.0,61,21.8,49.7,231,Rain: Light,1,1,
80721,2021-08-29 21:04:00,40.67769,-74.00041,1,0,Unspecified,4452598,24.5,19.7,2.5,2.5,0.0,9.0,53,13.6,25.6,98,Drizzle: Moderate,1,1,
80722,2021-08-29 04:43:00,40.81682,-73.85707,0,0,Passenger Distraction,4451506,24.5,19.7,2.5,2.5,0.0,9.0,53,13.6,25.6,98,Drizzle: Moderate,0,0,
80723,2021-08-29 00:28:00,40.85934,-73.90448,1,0,Passing Too Closely,4452041,24.5,19.7,2.5,2.5,0.0,9.0,53,13.6,25.6,98,Drizzle: Moderate,1,1,
80724,2021-08-28 14:49:00,40.7231,-73.87768,1,0,Unspecified,4452533,26.2,20.2,3.9,3.9,0.0,18.0,53,23.5,45.0,65,Drizzle: Moderate,1,1,
80725,2021-08-29 16:59:00,40.665726,-73.96425,1,0,Pedestrian/Bicyclist/Other Pedestrian Error/Confusion,4451791,24.5,19.7,2.5,2.5,0.0,9.0,53,13.6,25.6,98,Drizzle: Moderate,1,1,
80726,2021-08-29 02:53:00,40.710808,-73.96478,0,0,Driver Inattention/Distraction,4451811,24.5,19.7,2.5,2.5,0.0,9.0,53,13.6,25.6,98,Drizzle: Moderate,0,0,
80727,2021-08-20 10:44:00,40.839123,-73.86379,1,0,Turning Improperly,4452460,26.9,22.0,1.1,1.1,0.0,5.0,53,12.4,22.0,310,Drizzle: Moderate,1,1,
80728,2021-08-29 22:30:00,40.74919,-73.869194,1,0,Driver Inattention/Distraction,4452495,24.5,19.7,2.5,2.5,0.0,9.0,53,13.6,25.6,98,Drizzle: Moderate,1,1,
80729,2021-08-29 03:30:00,40.71028,-73.75935,0,0,Driver Inattention/Distraction,4452089,24.5,19.7,2.5,2.5,0.0,9.0,53,13.6,25.6,98,Drizzle: Moderate,0,0,
80730,2021-08-29 10:08:00,40.826622,-73.930984,1,0,Passing Too Closely,4451916,24.5,19.7,2.5,2.5,0.0,9.0,53,13.6,25.6,98,Drizzle: Moderate,1,1,
80731,2021-08-29 13:09:00,40.76553,-73.99768,0,0,Following Too Closely,4452052,24.5,19.7,2.5,2.5,0.0,9.0,53,13.6,25.6,98,Drizzle: Moderate,0,0,
80732,2021-08-29 11:00:00,40.689713,-73.840775,2,0,Failure to Yield Right-of-Way,4451611,24.5,19.7,2.5,2.5,0.0,9.0,53,13.6,25.6,98,Drizzle: Moderate,2,2,
80733,2021-08-29 02:10:00,40.848392,-73.937675,0,0,Unspecified,4451760,24.5,19.7,2.5,2.5,0.0,9.0,53,13.6,25.6,98,Drizzle: Moderate,0,0,
80734,2021-07-09 20:52:00,40.64247,-73.895355,0,0,Unsafe Speed,4452335,29.8,22.0,35.0,35.0,0.0,14.0,63,31.0,55.8,341,Rain: Moderate,0,0,
80735,2021-08-29 23:40:00,40.663334,-73.960236,0,0,Backing Unsafely,4451896,24.5,19.7,2.5,2.5,0.0,9.0,53,13.6,25.6,98,Drizzle: Moderate,0,0,
80736,2021-07-09 20:49:00,40.74547,-73.92586,2,0,Driver Inattention/Distraction,4452340,29.8,22.0,35.0,35.0,0.0,14.0,63,31.0,55.8,341,Rain: Moderate,2,2,
80737,2021-08-29 04:55:00,40.888588,-73.849884,4,0,Unsafe Speed,4451699,24.5,19.7,2.5,2.5,0.0,9.0,53,13.6,25.6,98,Drizzle: Moderate,4,4,
80738,2021-08-28 02:00:00,40.676952,-73.842766,0,0,Passing Too Closely,4452395,26.2,20.2,3.9,3.9,0.0,18.0,53,23.5,45.0,65,Drizzle: Moderate,0,0,
80739,2021-08-29 17:00:00,40.87618,-73.90943,0,0,Unspecified,4451736,24.5,19.7,2.5,2.5,0.0,9.0,53,13.6,25.6,98,Drizzle: Moderate,0,0,
80740,2021-07-07 23:55:00,40.61405,-74.013916,1,0,Unspecified,4452312,31.4,22.2,1.4,1.4,0.0,6.0,53,17.4,37.8,213,Drizzle: Moderate,1,1,
80741,2022-01-26 14:41:00,40.725918,-73.89535,0,0,Failure to Yield Right-of-Way,4499130,-3.1,-8.0,0.0,0.0,0.0,0.0,0,20.5,39.6,328,Clear sky,0,0,Sunny/Clear Conditions
80742,2021-08-29 20:14:00,40.556534,-74.12813,0,0,Turning Improperly,4452173,24.5,19.7,2.5,2.5,0.0,9.0,53,13.6,25.6,98,Drizzle: Moderate,0,0,
80743,2021-08-29 05:28:00,40.829422,-73.897575,0,0,Alcohol Involvement,4452014,24.5,19.7,2.5,2.5,0.0,9.0,53,13.6,25.6,98,Drizzle: Moderate,0,0,
80744,2021-08-29 16:59:00,40.720432,-74.00675,1,0,Unspecified,4452405,24.5,19.7,2.5,2.5,0.0,9.0,53,13.6,25.6,98,Drizzle: Moderate,1,1,
80745,2021-08-26 08:36:00,40.71184,-73.905594,0,0,Following Too Closely,4452539,31.8,22.8,0.1,0.1,0.0,1.0,51,14.8,29.2,228,Drizzle: Light,0,0,
80746,2021-06-01 14:48:00,40.830536,-73.91571,2,0,Unspecified,4452304,23.5,9.7,0.0,0.0,0.0,0.0,3,17.6,32.0,221,Overcast,2,2,
80747,2021-08-29 17:30:00,40.835873,-73.8699,2,0,Driver Inattention/Distraction,4451775,24.5,19.7,2.5,2.5,0.0,9.0,53,13.6,25.6,98,Drizzle: Moderate,2,2,
80748,2021-07-08 23:29:00,40.590656,-73.803154,2,0,Driver Inattention/Distraction,4452289,28.3,21.3,15.2,15.2,0.0,12.0,63,16.9,48.2,125,Rain: Moderate,2,2,
80749,2021-08-29 00:00:00,40.704193,-73.93011,0,0,Unspecified,4451807,24.5,19.7,2.5,2.5,0.0,9.0,53,13.6,25.6,98,Drizzle: Moderate,0,0,
80750,2021-08-15 13:20:00,40.77077,-73.91727,0,0,Driver Inattention/Distraction,4452477,27.9,20.0,0.0,0.0,0.0,0.0,3,16.6,33.1,25,Overcast,0,0,
80751,2021-08-29 01:30:00,40.745506,-73.852585,1,0,Driver Inattention/Distraction,4451747,24.5,19.7,2.5,2.5,0.0,9.0,53,13.6,25.6,98,Drizzle: Moderate,1,1,
80752,2021-08-27 13:49:00,40.83256,-73.86943,0,0,Driver Inattention/Distraction,4452490,32.2,23.4,1.4,1.4,0.0,2.0,55,9.4,22.3,299,Drizzle: Dense,0,0,
80753,2021-08-29 20:45:00,40.631027,-73.95254,1,0,Unspecified,4451882,24.5,19.7,2.5,2.5,0.0,9.0,53,13.6,25.6,98,Drizzle: Moderate,1,1,
80754,2021-07-09 18:46:00,40.74445,-73.97304,1,0,Driver Inattention/Distraction,4452331,29.8,22.0,35.0,35.0,0.0,14.0,63,31.0,55.8,341,Rain: Moderate,1,1,
80755,2021-08-29 17:51:00,40.87739,-73.8665,1,0,Driver Inattention/Distraction,4451713,24.5,19.7,2.5,2.5,0.0,9.0,53,13.6,25.6,98,Drizzle: Moderate,1,1,
80756,2021-08-29 17:20:00,40.71086,-73.95801,0,0,Driver Inattention/Distraction,4452211,24.5,19.7,2.5,2.5,0.0,9.0,53,13.6,25.6,98,Drizzle: Moderate,0,0,
80757,2021-08-28 05:19:00,40.846264,-73.920586,0,0,Unspecified,4452348,26.2,20.2,3.9,3.9,0.0,18.0,53,23.5,45.0,65,Drizzle: Moderate,0,0,
80758,2021-08-29 23:00:00,40.68305,-73.97377,0,0,Failure to Yield Right-of-Way,4451841,24.5,19.7,2.5,2.5,0.0,9.0,53,13.6,25.6,98,Drizzle: Moderate,0,0,
80759,2021-08-29 16:25:00,40.754658,-73.833115,0,0,Failure to Yield Right-of-Way,4451752,24.5,19.7,2.5,2.5,0.0,9.0,53,13.6,25.6,98,Drizzle: Moderate,0,0,
80760,2021-08-29 16:15:00,40.626736,-73.99509,1,0,Unspecified,4451842,24.5,19.7,2.5,2.5,0.0,9.0,53,13.6,25.6,98,Drizzle: Moderate,1,1,
80761,2021-08-29 12:58:00,40.651157,-73.918144,0,0,Backing Unsafely,4451802,24.5,19.7,2.5,2.5,0.0,9.0,53,13.6,25.6,98,Drizzle: Moderate,0,0,
80762,2021-07-09 11:50:00,40.708794,-73.72763,0,0,Unspecified,4452294,29.8,22.0,35.0,35.0,0.0,14.0,63,31.0,55.8,341,Rain: Moderate,0,0,
80763,2021-08-29 01:00:00,40.679855,-73.747406,1,0,Aggressive Driving/Road Rage,4451409,24.5,19.7,2.5,2.5,0.0,9.0,53,13.6,25.6,98,Drizzle: Moderate,1,1,
80764,2021-07-09 15:00:00,40.715954,-73.986725,1,0,Passing or Lane Usage Improper,4452316,29.8,22.0,35.0,35.0,0.0,14.0,63,31.0,55.8,341,Rain: Moderate,1,1,
80765,2021-08-26 18:14:00,40.846237,-73.91818,1,0,Following Too Closely,4452391,31.8,22.8,0.1,0.1,0.0,1.0,51,14.8,29.2,228,Drizzle: Light,1,1,
80766,2021-08-29 12:47:00,40.848038,-73.93285,0,0,Driver Inattention/Distraction,4451732,24.5,19.7,2.5,2.5,0.0,9.0,53,13.6,25.6,98,Drizzle: Moderate,0,0,
80767,2021-08-29 15:00:00,40.74411,-73.95364,0,0,Backing Unsafely,4452128,24.5,19.7,2.5,2.5,0.0,9.0,53,13.6,25.6,98,Drizzle: Moderate,0,0,
80768,2021-08-25 05:18:00,40.708317,-73.846664,0,0,Other Vehicular,4452380,31.2,20.1,0.0,0.0,0.0,0.0,3,10.2,18.7,277,Overcast,0,0,
80769,2021-08-28 01:20:00,40.695827,-73.855385,0,0,Passing Too Closely,4452346,26.2,20.2,3.9,3.9,0.0,18.0,53,23.5,45.0,65,Drizzle: Moderate,0,0,
80770,2021-07-06 11:09:00,40.665546,-73.9537,0,0,Driver Inattention/Distraction,4452284,33.6,21.9,2.1,2.1,0.0,4.0,61,21.8,49.7,231,Rain: Light,0,0,
80771,2021-08-29 04:37:00,40.717724,-73.98577,0,0,Driverless/Runaway Vehicle,4451439,24.5,19.7,2.5,2.5,0.0,9.0,53,13.6,25.6,98,Drizzle: Moderate,0,0,
80772,2021-07-09 11:00:00,40.671757,-73.745255,1,0,View Obstructed/Limited,4452299,29.8,22.0,35.0,35.0,0.0,14.0,63,31.0,55.8,341,Rain: Moderate,1,1,
80773,2021-08-29 16:52:00,40.887802,-73.86046,1,0,Driver Inattention/Distraction,4451712,24.5,19.7,2.5,2.5,0.0,9.0,53,13.6,25.6,98,Drizzle: Moderate,1,1,
80774,2021-08-29 08:00:00,40.644554,-73.927666,3,0,Unspecified,4451803,24.5,19.7,2.5,2.5,0.0,9.0,53,13.6,25.6,98,Drizzle: Moderate,3,3,
80775,2021-07-09 17:28:00,40.702057,-73.7468,2,0,Unspecified,4452321,29.8,22.0,35.0,35.0,0.0,14.0,63,31.0,55.8,341,Rain: Moderate,2,2,
80776,2021-08-29 10:00:00,40.7393,-73.857796,0,0,Following Too Closely,4451748,24.5,19.7,2.5,2.5,0.0,9.0,53,13.6,25.6,98,Drizzle: Moderate,0,0,
80777,2021-08-29 03:50:00,40.788906,-73.93765,0,0,Outside Car Distraction,4452105,24.5,19.7,2.5,2.5,0.0,9.0,53,13.6,25.6,98,Drizzle: Moderate,0,0,
80778,2021-08-29 22:20:00,40.641674,-74.00313,1,0,Aggressive Driving/Road Rage,4452553,24.5,19.7,2.5,2.5,0.0,9.0,53,13.6,25.6,98,Drizzle: Moderate,1,1,
80779,2021-08-29 01:00:00,40.71199,-73.95644,0,0,Alcohol Involvement,4452210,24.5,19.7,2.5,2.5,0.0,9.0,53,13.6,25.6,98,Drizzle: Moderate,0,0,
80780,2021-08-25 16:23:00,40.826546,-73.855515,0,0,Unspecified,4452509,31.2,20.1,0.0,0.0,0.0,0.0,3,10.2,18.7,277,Overcast,0,0,
80781,2021-08-29 18:13:00,40.713787,-73.98512,1,0,Unspecified,4451770,24.5,19.7,2.5,2.5,0.0,9.0,53,13.6,25.6,98,Drizzle: Moderate,1,1,
80782,2021-08-27 11:36:00,40.727207,-73.90742,0,0,Driver Inattention/Distraction,4452441,32.2,23.4,1.4,1.4,0.0,2.0,55,9.4,22.3,299,Drizzle: Dense,0,0,
80783,2021-08-29 19:00:00,40.698036,-73.962845,0,0,Turning Improperly,4452365,24.5,19.7,2.5,2.5,0.0,9.0,53,13.6,25.6,98,Drizzle: Moderate,0,0,
80784,2021-07-07 19:50:00,40.669147,-73.74049,0,0,Unspecified,4452311,31.4,22.2,1.4,1.4,0.0,6.0,53,17.4,37.8,213,Drizzle: Moderate,0,0,
80785,2022-01-30 08:08:00,40.70075,-73.98599,1,0,Following Too Closely,4498481,-5.4,-13.8,0.0,0.0,0.0,0.0,3,28.5,50.0,290,Overcast,1,1,
80786,2021-08-29 04:30:00,40.717197,-73.85883,0,0,Steering Failure,4451552,24.5,19.7,2.5,2.5,0.0,9.0,53,13.6,25.6,98,Drizzle: Moderate,0,0,
80787,2021-08-29 02:56:00,40.678852,-73.834114,0,0,Driver Inattention/Distraction,4451573,24.5,19.7,2.5,2.5,0.0,9.0,53,13.6,25.6,98,Drizzle: Moderate,0,0,
80788,2021-08-29 17:44:00,40.836502,-73.825165,1,0,Unspecified,4451919,24.5,19.7,2.5,2.5,0.0,9.0,53,13.6,25.6,98,Drizzle: Moderate,1,1,
80789,2021-08-29 15:00:00,40.587612,-73.95496,0,0,Unspecified,4452606,24.5,19.7,2.5,2.5,0.0,9.0,53,13.6,25.6,98,Drizzle: Moderate,0,0,
80790,2021-08-28 05:36:00,40.834152,-73.90001,0,0,Driver Inattention/Distraction,4452354,26.2,20.2,3.9,3.9,0.0,18.0,53,23.5,45.0,65,Drizzle: Moderate,0,0,
80791,2021-08-29 01:10:00,40.631958,-73.94273,0,0,Unspecified,4451727,24.5,19.7,2.5,2.5,0.0,9.0,53,13.6,25.6,98,Drizzle: Moderate,0,0,
80792,2021-08-29 13:35:00,40.774567,-73.95108,0,0,Aggressive Driving/Road Rage,4452071,24.5,19.7,2.5,2.5,0.0,9.0,53,13.6,25.6,98,Drizzle: Moderate,0,0,
80793,2021-07-09 19:00:00,40.7684,-73.73755,1,0,Passing or Lane Usage Improper,4452326,29.8,22.0,35.0,35.0,0.0,14.0,63,31.0,55.8,341,Rain: Moderate,1,1,
80794,2021-08-29 04:52:00,40.79157,-73.94469,0,0,Driver Inattention/Distraction,4451524,24.5,19.7,2.5,2.5,0.0,9.0,53,13.6,25.6,98,Drizzle: Moderate,0,0,
80795,2021-08-29 00:00:00,40.68158,-73.76548,0,0,Following Too Closely,4451861,24.5,19.7,2.5,2.5,0.0,9.0,53,13.6,25.6,98,Drizzle: Moderate,0,0,
80796,2021-08-29 23:50:00,40.657227,-73.900764,0,0,Unspecified,4451927,24.5,19.7,2.5,2.5,0.0,9.0,53,13.6,25.6,98,Drizzle: Moderate,0,0,
80797,2021-08-29 00:50:00,40.654156,-73.838646,1,0,Driver Inexperience,4451563,24.5,19.7,2.5,2.5,0.0,9.0,53,13.6,25.6,98,Drizzle: Moderate,1,1,
80798,2021-07-01 18:56:00,40.68327,-73.95016,0,0,Unspecified,4452280,27.8,22.2,25.2,25.2,0.0,12.0,65,10.6,33.1,280,Rain: Heavy,0,0,
80799,2021-06-22 14:35:00,40.83543,-73.92341,1,0,Passing or Lane Usage Improper,4452303,24.2,15.1,8.5,8.5,0.0,9.0,63,22.2,43.2,305,Rain: Moderate,1,1,
80800,2021-08-28 22:30:00,40.64981,-73.93503,0,0,Driver Inattention/Distraction,4452503,26.2,20.2,3.9,3.9,0.0,18.0,53,23.5,45.0,65,Drizzle: Moderate,0,0,
80801,2021-08-29 02:19:00,40.867012,-73.92312,3,0,Driver Inattention/Distraction,4451720,24.5,19.7,2.5,2.5,0.0,9.0,53,13.6,25.6,98,Drizzle: Moderate,3,3,
80802,2021-08-29 15:42:00,40.744644,-73.77041,0,0,Unspecified,4451765,24.5,19.7,2.5,2.5,0.0,9.0,53,13.6,25.6,98,Drizzle: Moderate,0,0,
80803,2021-08-28 13:24:00,40.883633,-73.88517,0,0,Oversized Vehicle,4452433,26.2,20.2,3.9,3.9,0.0,18.0,53,23.5,45.0,65,Drizzle: Moderate,0,0,
80804,2021-08-21 05:00:00,40.844753,-73.90539,0,0,Driver Inattention/Distraction,4452416,27.2,23.0,0.8,0.8,0.0,6.0,51,14.3,29.5,109,Drizzle: Light,0,0,
80805,2021-07-09 17:25:00,40.746876,-73.891205,0,0,Reaction to Uninvolved Vehicle,4452336,29.8,22.0,35.0,35.0,0.0,14.0,63,31.0,55.8,341,Rain: Moderate,0,0,
80806,2021-08-29 10:05:00,40.797676,-73.94929,0,0,Unsafe Speed,4452253,24.5,19.7,2.5,2.5,0.0,9.0,53,13.6,25.6,98,Drizzle: Moderate,0,0,
80807,2021-08-29 04:15:00,40.672203,-73.80873,1,0,Passing Too Closely,4452396,24.5,19.7,2.5,2.5,0.0,9.0,53,13.6,25.6,98,Drizzle: Moderate,1,1,
80808,2021-08-29 00:53:00,40.826294,-73.91462,0,0,Driver Inexperience,4451915,24.5,19.7,2.5,2.5,0.0,9.0,53,13.6,25.6,98,Drizzle: Moderate,0,0,
80809,2021-08-29 01:25:00,40.749294,-73.88519,0,0,Alcohol Involvement,4451469,24.5,19.7,2.5,2.5,0.0,9.0,53,13.6,25.6,98,Drizzle: Moderate,0,0,
80810,2021-08-29 22:00:00,40.76432,-73.9772,1,0,Failure to Yield Right-of-Way,4452049,24.5,19.7,2.5,2.5,0.0,9.0,53,13.6,25.6,98,Drizzle: Moderate,1,1,
80811,2021-08-29 20:35:00,40.708965,-73.95673,0,0,Driver Inattention/Distraction,4452590,24.5,19.7,2.5,2.5,0.0,9.0,53,13.6,25.6,98,Drizzle: Moderate,0,0,
80812,2021-08-29 16:45:00,40.763344,-73.75791,0,0,Following Too Closely,4451676,24.5,19.7,2.5,2.5,0.0,9.0,53,13.6,25.6,98,Drizzle: Moderate,0,0,
80813,2021-07-30 12:42:00,40.67295,-73.92517,5,0,Other Vehicular,4452494,27.6,19.1,0.0,0.0,0.0,0.0,1,24.2,45.7,310,Mainly clear,5,5,Sunny/Clear Conditions
80814,2021-08-29 07:53:00,40.82258,-73.87081,0,0,Unspecified,4451945,24.5,19.7,2.5,2.5,0.0,9.0,53,13.6,25.6,98,Drizzle: Moderate,0,0,
80815,2021-08-29 00:00:00,40.8116,-73.9349,0,0,Unspecified,4451873,24.5,19.7,2.5,2.5,0.0,9.0,53,13.6,25.6,98,Drizzle: Moderate,0,0,
80816,2021-08-29 03:15:00,40.69168,-73.999344,2,0,Unspecified,4451790,24.5,19.7,2.5,2.5,0.0,9.0,53,13.6,25.6,98,Drizzle: Moderate,2,2,
80817,2021-08-29 18:45:00,40.608433,-74.15544,0,0,Driver Inattention/Distraction,4452428,24.5,19.7,2.5,2.5,0.0,9.0,53,13.6,25.6,98,Drizzle: Moderate,0,0,