,CRASH DATETIME,LATITUDE,LONGITUDE,NUMBER OF PERSONS INJURED,NUMBER OF PERSONS KILLED,CONTRIBUTING FACTOR VEHICLE 1,COLLISION_ID,temperature_2m_max,temperature_2m_min,precipitation_sum,rain_sum,snowfall_sum,precipitation_hours,weather_code,wind_speed_10m_max,wind_gusts_10m_max,wind_direction_10m_dominant,Weather Description,Severity_Score,Total_Affected_Persons,Weather_Category
80818,2021-05-20 18:00:00,40.821945,-73.9281,0,0,Unsafe Speed,4452307,22.2,12.5,0.0,0.0,0.0,0.0,3,19.0,38.2,147,Overcast,0,0,
80819,2021-08-29 17:00:00,40.702293,-73.94412,1,0,Reaction to Uninvolved Vehicle,4451810,24.5,19.7,2.5,2.5,0.0,9.0,53,13.6,25.6,98,Drizzle: Moderate,1,1,
80820,2021-08-29 21:00:00,40.59547,-73.999016,1,0,Driver Inattention/Distraction,4452256,24.5,19.7,2.5,2.5,0.0,9.0,53,13.6,25.6,98,Drizzle: Moderate,1,1,
80821,2021-08-28 15:00:00,40.686302,-73.793915,1,0,Unspecified,4452446,26.2,20.2,3.9,3.9,0.0,18.0,53,23.5,45.0,65,Drizzle: Moderate,1,1,
80822,2021-08-29 14:20:00,40.632732,-74.02727,0,0,Passing Too Closely,4451735,24.5,19.7,2.5,2.5,0.0,9.0,53,13.6,25.6,98,Drizzle: Moderate,0,0,
80823,2021-08-29 21:38:00,40.57477,-73.858154,1,0,Traffic Control Disregarded,4452079,24.5,19.7,2.5,2.5,0.0,9.0,53,13.6,25.6,98,Drizzle: Moderate,1,1,
80824,2021-08-29 20:29:00,40.733128,-73.783035,1,0,Unspecified,4451764,24.5,19.7,2.5,2.5,0.0,9.0,53,13.6,25.6,98,Drizzle: Moderate,1,1,
80825,2021-08-24 01:20:00,40.698498,-73.99696,0,0,Passing or Lane Usage Improper,4452610,30.6,21.9,0.0,0.0,0.0,0.0,1,13.9,28.1,291,Mainly clear,0,0,Sunny/Clear Conditions
80826,2021-08-29 12:50:00,40.644127,-74.00417,1,0,Unspecified,4451967,24.5,19.7,2.5,2.5,0.0,9.0,53,13.6,25.6,98,Drizzle: Moderate,1,1,
80827,2021-08-29 01:30:00,40.73676,-73.984055,1,0,Alcohol Involvement,4451489,24.5,19.7,2.5,2.5,0.0,9.0,53,13.6,25.6,98,Drizzle: Moderate,1,1,
80828,2021-08-29 11:42:00,40.583534,-73.984184,0,0,Following Too Closely,4451594,24.5,19.7,2.5,2.5,0.0,9.0,53,13.6,25.6,98,Drizzle: Moderate,0,0,
80829,2021-07-25 00:10:00,40.708076,-73.91112,0,0,Driver Inattention/Distraction,4452532,28.0,20.3,7.3,7.3,0.0,10.0,63,20.9,43.2,198,Rain: Moderate,0,0,
80830,2021-08-29 08:10:00,40.608948,-73.9435,0,0,Driver Inexperience,4451854,24.5,19.7,2.5,2.5,0.0,9.0,53,13.6,25.6,98,Drizzle: Moderate,0,0,
80831,2021-08-29 06:59:00,40.831234,-73.872025,0,0,Driver Inattention/Distraction,4451731,24.5,19.7,2.5,2.5,0.0,9.0,53,13.6,25.6,98,Drizzle: Moderate,0,0,
80832,2021-08-29 06:50:00,40.76092,-73.96704,2,0,Traffic Control Disregarded,4451816,24.5,19.7,2.5,2.5,0.0,9.0,53,13.6,25.6,98,Drizzle: Moderate,2,2,
80833,2021-08-27 10:21:00,40.726864,-73.72329,2,0,Reaction to Uninvolved Vehicle,4452457,32.2,23.4,1.4,1.4,0.0,2.0,55,9.4,22.3,299,Drizzle: Dense,2,2,
80834,2021-07-08 23:00:00,40.718006,-73.75277,0,0,Following Too Closely,4452288,28.3,21.3,15.2,15.2,0.0,12.0,63,16.9,48.2,125,Rain: Moderate,0,0,
80835,2021-08-29 19:00:00,40.84691,-73.93824,2,0,Following Too Closely,4451774,24.5,19.7,2.5,2.5,0.0,9.0,53,13.6,25.6,98,Drizzle: Moderate,2,2,
80836,2021-07-05 12:05:00,40.683266,-73.968895,0,0,Unspecified,4452295,26.4,17.3,0.7,0.7,0.0,2.0,53,18.8,34.6,142,Drizzle: Moderate,0,0,
80837,2021-08-29 00:20:00,40.67612,-73.936005,3,0,Failure to Yield Right-of-Way,4451423,24.5,19.7,2.5,2.5,0.0,9.0,53,13.6,25.6,98,Drizzle: Moderate,3,3,
80838,2021-07-08 23:30:00,40.69193,-73.91031,0,0,View Obstructed/Limited,4452317,28.3,21.3,15.2,15.2,0.0,12.0,63,16.9,48.2,125,Rain: Moderate,0,0,
80839,2021-08-25 13:52:00,40.65661,-73.93091,0,0,Unspecified,4452500,31.2,20.1,0.0,0.0,0.0,0.0,3,10.2,18.7,277,Overcast,0,0,
80840,2021-08-29 21:00:00,40.74094,-73.91725,0,0,Alcohol Involvement,4452125,24.5,19.7,2.5,2.5,0.0,9.0,53,13.6,25.6,98,Drizzle: Moderate,0,0,
80841,2021-08-28 12:29:00,40.850018,-73.9107,1,0,Other Vehicular,4452390,26.2,20.2,3.9,3.9,0.0,18.0,53,23.5,45.0,65,Drizzle: Moderate,1,1,
80842,2021-08-29 11:45:00,40.736702,-73.95021,0,0,Oversized Vehicle,4452355,24.5,19.7,2.5,2.5,0.0,9.0,53,13.6,25.6,98,Drizzle: Moderate,0,0,
80843,2021-08-29 22:19:00,40.613087,-74.01229,1,0,Alcohol Involvement,4451933,24.5,19.7,2.5,2.5,0.0,9.0,53,13.6,25.6,98,Drizzle: Moderate,1,1,
80844,2021-08-29 00:53:00,40.666138,-73.9567,1,0,Driver Inattention/Distraction,4451562,24.5,19.7,2.5,2.5,0.0,9.0,53,13.6,25.6,98,Drizzle: Moderate,1,1,
80845,2021-08-29 05:30:00,40.68106,-73.82637,1,0,Pavement Defective,4451564,24.5,19.7,2.5,2.5,0.0,9.0,53,13.6,25.6,98,Drizzle: Moderate,1,1,
80846,2021-08-29 01:16:00,40.815826,-73.947044,1,0,Fatigued/Drowsy,4451885,24.5,19.7,2.5,2.5,0.0,9.0,53,13.6,25.6,98,Drizzle: Moderate,1,1,
80847,2021-07-09 15:45:00,40.667313,-73.73926,0,0,Following Too Closely,4452330,29.8,22.0,35.0,35.0,0.0,14.0,63,31.0,55.8,341,Rain: Moderate,0,0,
80848,2021-08-29 15:01:00,40.63311,-73.97217,1,0,Unsafe Lane Changing,4451718,24.5,19.7,2.5,2.5,0.0,9.0,53,13.6,25.6,98,Drizzle: Moderate,1,1,
80849,2021-08-29 03:04:00,40.83325,-73.890205,0,0,Reaction to Uninvolved Vehicle,4452015,24.5,19.7,2.5,2.5,0.0,9.0,53,13.6,25.6,98,Drizzle: Moderate,0,0,
80850,2021-08-26 09:25:00,40.824066,-73.908714,0,0,Driver Inattention/Distraction,4452353,31.8,22.8,0.1,0.1,0.0,1.0,51,14.8,29.2,228,Drizzle: Light,0,0,
80851,2021-08-24 15:10:00,40.72069,-73.90287,1,0,Driver Inattention/Distraction,4452538,30.6,21.9,0.0,0.0,0.0,0.0,1,13.9,28.1,291,Mainly clear,1,1,Sunny/Clear Conditions
80852,2021-08-29 19:30:00,40.728107,-73.74166,0,0,Unspecified,4451986,24.5,19.7,2.5,2.5,0.0,9.0,53,13.6,25.6,98,Drizzle: Moderate,0,0,
80853,2021-08-29 20:50:00,40.786545,-73.95256,0,0,Passing or Lane Usage Improper,4452070,24.5,19.7,2.5,2.5,0.0,9.0,53,13.6,25.6,98,Drizzle: Moderate,0,0,
80854,2021-08-29 01:00:00,40.610504,-73.95767,0,0,Unspecified,4451525,24.5,19.7,2.5,2.5,0.0,9.0,53,13.6,25.6,98,Drizzle: Moderate,0,0,
80855,2022-01-31 17:00:00,40.640976,-73.982346,0,0,Unspecified,4498972,-3.4,-17.1,0.0,0.0,0.0,0.0,3,12.2,18.0,23,Overcast,0,0,
80856,2021-07-09 21:20:00,40.73375,-73.865135,0,0,Following Too Closely,4452337,29.8,22.0,35.0,35.0,0.0,14.0,63,31.0,55.8,341,Rain: Moderate,0,0,
80857,2021-08-29 20:20:00,40.71924,-73.99997,0,0,Passenger Distraction,4452343,24.5,19.7,2.5,2.5,0.0,9.0,53,13.6,25.6,98,Drizzle: Moderate,0,0,
80858,2021-08-29 04:42:00,40.87312,-73.86133,0,0,Unspecified,4451703,24.5,19.7,2.5,2.5,0.0,9.0,53,13.6,25.6,98,Drizzle: Moderate,0,0,
80859,2021-08-29 00:50:00,40.653774,-73.95617,0,0,Passing or Lane Usage Improper,4451804,24.5,19.7,2.5,2.5,0.0,9.0,53,13.6,25.6,98,Drizzle: Moderate,0,0,
80860,2021-07-09 14:53:00,40.792362,-73.96418,0,0,Following Too Closely,4452332,29.8,22.0,35.0,35.0,0.0,14.0,63,31.0,55.8,341,Rain: Moderate,0,0,
80861,2021-08-29 18:05:00,40.73955,-73.94531,1,0,Driver Inattention/Distraction,4452123,24.5,19.7,2.5,2.5,0.0,9.0,53,13.6,25.6,98,Drizzle: Moderate,1,1,
80862,2021-07-09 17:05:00,40.664013,-73.75669,1,0,Unsafe Speed,4452310,29.8,22.0,35.0,35.0,0.0,14.0,63,31.0,55.8,341,Rain: Moderate,1,1,
80863,2021-08-29 10:52:00,40.63531,-73.9005,1,0,Driver Inattention/Distraction,4451546,24.5,19.7,2.5,2.5,0.0,9.0,53,13.6,25.6,98,Drizzle: Moderate,1,1,
80864,2021-08-25 17:05:00,40.683956,-73.98956,0,0,Aggressive Driving/Road Rage,4452600,31.2,20.1,0.0,0.0,0.0,0.0,3,10.2,18.7,277,Overcast,0,0,
80865,2021-08-29 03:52:00,40.677563,-73.93309,0,0,Driver Inattention/Distraction,4451488,24.5,19.7,2.5,2.5,0.0,9.0,53,13.6,25.6,98,Drizzle: Moderate,0,0,
80866,2021-08-29 11:00:00,40.902157,-73.847626,0,0,Driver Inattention/Distraction,4452554,24.5,19.7,2.5,2.5,0.0,9.0,53,13.6,25.6,98,Drizzle: Moderate,0,0,
80867,2021-08-27 21:49:00,40.853813,-73.90734,1,0,Traffic Control Disregarded,4452392,32.2,23.4,1.4,1.4,0.0,2.0,55,9.4,22.3,299,Drizzle: Dense,1,1,
80868,2021-08-29 19:15:00,40.631565,-73.94635,1,0,Unspecified,4451879,24.5,19.7,2.5,2.5,0.0,9.0,53,13.6,25.6,98,Drizzle: Moderate,1,1,
80869,2021-08-29 13:05:00,40.743515,-73.83375,0,0,Passing Too Closely,4451647,24.5,19.7,2.5,2.5,0.0,9.0,53,13.6,25.6,98,Drizzle: Moderate,0,0,
80870,2021-07-08 21:20:00,40.657093,-73.95026,0,0,Driver Inattention/Distraction,4452287,28.3,21.3,15.2,15.2,0.0,12.0,63,16.9,48.2,125,Rain: Moderate,0,0,
80871,2021-08-29 22:40:00,40.638733,-73.98468,1,0,Unspecified,4452023,24.5,19.7,2.5,2.5,0.0,9.0,53,13.6,25.6,98,Drizzle: Moderate,1,1,
80872,2021-08-14 10:17:00,40.87022,-73.89964,0,0,Unspecified,4452479,31.3,24.2,2.5,2.5,0.0,5.0,55,16.9,32.8,286,Drizzle: Dense,0,0,
80873,2021-08-29 17:20:00,40.755066,-73.84419,0,0,Unspecified,4451749,24.5,19.7,2.5,2.5,0.0,9.0,53,13.6,25.6,98,Drizzle: Moderate,0,0,
80874,2021-08-29 14:25:00,40.886127,-73.81532,2,0,Driver Inattention/Distraction,4451918,24.5,19.7,2.5,2.5,0.0,9.0,53,13.6,25.6,98,Drizzle: Moderate,2,2,
80875,2021-08-29 13:43:00,40.879745,-73.88467,0,0,Driver Inattention/Distraction,4452047,24.5,19.7,2.5,2.5,0.0,9.0,53,13.6,25.6,98,Drizzle: Moderate,0,0,
80876,2022-01-31 06:20:00,40.58979,-74.19329,0,0,Following Too Closely,4498840,-3.4,-17.1,0.0,0.0,0.0,0.0,3,12.2,18.0,23,Overcast,0,0,
80877,2021-08-29 21:30:00,40.757755,-73.79304,3,0,Failure to Yield Right-of-Way,4451795,24.5,19.7,2.5,2.5,0.0,9.0,53,13.6,25.6,98,Drizzle: Moderate,3,3,
80878,2021-08-29 21:45:00,40.658512,-73.953316,1,0,Traffic Control Disregarded,4452196,24.5,19.7,2.5,2.5,0.0,9.0,53,13.6,25.6,98,Drizzle: Moderate,1,1,
80879,2021-07-07 15:40:00,40.639866,-73.87788,1,0,Driver Inattention/Distraction,4452325,31.4,22.2,1.4,1.4,0.0,6.0,53,17.4,37.8,213,Drizzle: Moderate,1,1,
80880,2021-08-29 08:30:00,40.76249,-73.839584,0,0,Unsafe Lane Changing,4451741,24.5,19.7,2.5,2.5,0.0,9.0,53,13.6,25.6,98,Drizzle: Moderate,0,0,
80881,2021-07-06 01:10:00,40.667824,-73.93122,0,0,Driver Inattention/Distraction,4452281,33.6,21.9,2.1,2.1,0.0,4.0,61,21.8,49.7,231,Rain: Light,0,0,
80882,2021-08-29 18:00:00,40.640705,-73.952385,0,0,Unspecified,4452504,24.5,19.7,2.5,2.5,0.0,9.0,53,13.6,25.6,98,Drizzle: Moderate,0,0,
80883,2021-08-29 18:00:00,40.75513,-73.84391,0,0,Turning Improperly,4451734,24.5,19.7,2.5,2.5,0.0,9.0,53,13.6,25.6,98,Drizzle: Moderate,0,0,
80884,2021-08-29 04:25:00,40.73723,-74.000656,0,0,Passing or Lane Usage Improper,4451440,24.5,19.7,2.5,2.5,0.0,9.0,53,13.6,25.6,98,Drizzle: Moderate,0,0,
80885,2021-07-09 13:00:00,40.67843,-73.74736,0,0,Unspecified,4452296,29.8,22.0,35.0,35.0,0.0,14.0,63,31.0,55.8,341,Rain: Moderate,0,0,
80886,2021-08-29 06:00:00,40.681705,-73.80675,0,0,Unspecified,4451574,24.5,19.7,2.5,2.5,0.0,9.0,53,13.6,25.6,98,Drizzle: Moderate,0,0,
80887,2021-08-29 21:50:00,40.835384,-73.93096,1,0,Following Too Closely,4452366,24.5,19.7,2.5,2.5,0.0,9.0,53,13.6,25.6,98,Drizzle: Moderate,1,1,
80888,2021-07-09 00:00:00,40.623795,-74.00291,0,0,Fell Asleep,4452322,29.8,22.0,35.0,35.0,0.0,14.0,63,31.0,55.8,341,Rain: Moderate,0,0,
80889,2021-08-29 08:28:00,40.832897,-73.862274,1,0,Driver Inattention/Distraction,4452135,24.5,19.7,2.5,2.5,0.0,9.0,53,13.6,25.6,98,Drizzle: Moderate,1,1,
80890,2021-07-21 12:48:00,40.703003,-73.80141,0,0,Backing Unsafely,4452567,27.6,20.9,1.4,1.4,0.0,4.0,53,16.0,31.3,315,Drizzle: Moderate,0,0,
80891,2021-08-29 16:15:00,40.754276,-73.90902,1,0,Unspecified,4452462,24.5,19.7,2.5,2.5,0.0,9.0,53,13.6,25.6,98,Drizzle: Moderate,1,1,
80892,2021-08-13 12:45:00,40.687664,-73.96394,1,0,Driver Inattention/Distraction,4452510,33.2,24.8,0.0,0.0,0.0,0.0,3,18.2,34.9,215,Overcast,1,1,
80893,2021-08-29 15:45:00,40.7179,-73.83202,0,0,Driver Inattention/Distraction,4451771,24.5,19.7,2.5,2.5,0.0,9.0,53,13.6,25.6,98,Drizzle: Moderate,0,0,
80894,2021-08-29 07:35:00,40.82406,-73.92815,0,0,Backing Unsafely,4452411,24.5,19.7,2.5,2.5,0.0,9.0,53,13.6,25.6,98,Drizzle: Moderate,0,0,
80895,2021-08-29 21:23:00,40.813663,-73.931244,3,0,Unspecified,4451864,24.5,19.7,2.5,2.5,0.0,9.0,53,13.6,25.6,98,Drizzle: Moderate,3,3,
80896,2021-08-29 21:14:00,40.65945,-73.9384,0,0,Driver Inattention/Distraction,4452158,24.5,19.7,2.5,2.5,0.0,9.0,53,13.6,25.6,98,Drizzle: Moderate,0,0,
80897,2021-08-29 16:09:00,40.780155,-73.8406,0,0,Unspecified,4451754,24.5,19.7,2.5,2.5,0.0,9.0,53,13.6,25.6,98,Drizzle: Moderate,0,0,
80898,2021-08-29 00:30:00,40.655575,-73.926895,0,0,Unsafe Speed,4451722,24.5,19.7,2.5,2.5,0.0,9.0,53,13.6,25.6,98,Drizzle: Moderate,0,0,
80899,2021-07-08 13:30:00,40.75184,-73.94806,0,0,Driver Inattention/Distraction,4452291,28.3,21.3,15.2,15.2,0.0,12.0,63,16.9,48.2,125,Rain: Moderate,0,0,
80900,2021-07-09 12:45:00,40.669712,-73.94774,0,0,Other Vehicular,4452302,29.8,22.0,35.0,35.0,0.0,14.0,63,31.0,55.8,341,Rain: Moderate,0,0,
80901,2021-08-29 11:09:00,40.84583,-73.785965,0,0,Unspecified,4451913,24.5,19.7,2.5,2.5,0.0,9.0,53,13.6,25.6,98,Drizzle: Moderate,0,0,
80902,2021-08-29 23:00:00,40.70055,-73.8101,0,0,Backing Unsafely,4452091,24.5,19.7,2.5,2.5,0.0,9.0,53,13.6,25.6,98,Drizzle: Moderate,0,0,
80903,2021-08-29 05:40:00,40.722897,-73.91386,2,0,Failure to Yield Right-of-Way,4451786,24.5,19.7,2.5,2.5,0.0,9.0,53,13.6,25.6,98,Drizzle: Moderate,2,2,
80904,2021-08-27 10:20:00,40.72973,-73.91183,0,0,Passing or Lane Usage Improper,4452437,32.2,23.4,1.4,1.4,0.0,2.0,55,9.4,22.3,299,Drizzle: Dense,0,0,
80905,2021-08-29 15:06:00,40.743187,-73.97207,1,0,Driver Inattention/Distraction,4451818,24.5,19.7,2.5,2.5,0.0,9.0,53,13.6,25.6,98,Drizzle: Moderate,1,1,
80906,2021-07-09 19:25:00,40.60023,-73.9956,1,0,Driver Inattention/Distraction,4452329,29.8,22.0,35.0,35.0,0.0,14.0,63,31.0,55.8,341,Rain: Moderate,1,1,
80907,2021-08-29 10:22:00,40.85458,-73.9162,1,0,Driver Inattention/Distraction,4452241,24.5,19.7,2.5,2.5,0.0,9.0,53,13.6,25.6,98,Drizzle: Moderate,1,1,
80908,2021-08-27 03:40:00,40.757065,-73.73904,1,0,Tire Failure/Inadequate,4452373,32.2,23.4,1.4,1.4,0.0,2.0,55,9.4,22.3,299,Drizzle: Dense,1,1,
80909,2021-08-29 15:00:00,40.68211,-73.79464,1,0,Failure to Yield Right-of-Way,4451856,24.5,19.7,2.5,2.5,0.0,9.0,53,13.6,25.6,98,Drizzle: Moderate,1,1,
80910,2021-08-29 21:30:00,40.722576,-73.94049,0,0,Driver Inattention/Distraction,4452358,24.5,19.7,2.5,2.5,0.0,9.0,53,13.6,25.6,98,Drizzle: Moderate,0,0,
80911,2021-08-29 19:00:00,40.767704,-73.87233,0,0,Driver Inattention/Distraction,4452268,24.5,19.7,2.5,2.5,0.0,9.0,53,13.6,25.6,98,Drizzle: Moderate,0,0,
80912,2021-08-29 00:10:00,40.623688,-74.01467,0,0,Reaction to Uninvolved Vehicle,4451426,24.5,19.7,2.5,2.5,0.0,9.0,53,13.6,25.6,98,Drizzle: Moderate,0,0,
80913,2021-07-09 18:17:00,40.62577,-73.9113,0,0,Driver Inattention/Distraction,4452318,29.8,22.0,35.0,35.0,0.0,14.0,63,31.0,55.8,341,Rain: Moderate,0,0,
80914,2021-07-02 09:30:00,40.74886,-73.93755,0,0,Passing or Lane Usage Improper,4452292,24.3,19.2,29.6,29.6,0.0,23.0,63,14.1,27.7,284,Rain: Moderate,0,0,
80915,2021-08-29 21:13:00,40.718018,-73.99996,0,0,Driver Inattention/Distraction,4451940,24.5,19.7,2.5,2.5,0.0,9.0,53,13.6,25.6,98,Drizzle: Moderate,0,0,
80916,2021-08-29 05:55:00,40.658295,-73.93109,1,0,Traffic Control Disregarded,4451565,24.5,19.7,2.5,2.5,0.0,9.0,53,13.6,25.6,98,Drizzle: Moderate,1,1,
80917,2021-06-28 16:19:00,40.702454,-73.859406,1,0,Following Too Closely,4452537,32.3,22.9,0.0,0.0,0.0,0.0,3,20.0,37.8,212,Overcast,1,1,
80918,2021-08-29 17:44:00,40.852306,-73.86207,4,0,Traffic Control Disregarded,4452137,24.5,19.7,2.5,2.5,0.0,9.0,53,13.6,25.6,98,Drizzle: Moderate,4,4,
80919,2021-08-29 22:45:00,40.743324,-73.83379,0,0,Passing Too Closely,4451793,24.5,19.7,2.5,2.5,0.0,9.0,53,13.6,25.6,98,Drizzle: Moderate,0,0,
80920,2021-08-02 00:00:00,40.665485,-73.75374,0,0,Backing Unsafely,4452455,26.4,17.2,0.0,0.0,0.0,0.0,3,18.4,37.4,313,Overcast,0,0,
80921,2021-08-29 15:15:00,40.7124,-73.95136,0,0,Other Vehicular,4451809,24.5,19.7,2.5,2.5,0.0,9.0,53,13.6,25.6,98,Drizzle: Moderate,0,0,
80922,2021-08-29 22:50:00,40.81689,-73.86383,2,0,Traffic Control Disregarded,4452493,24.5,19.7,2.5,2.5,0.0,9.0,53,13.6,25.6,98,Drizzle: Moderate,2,2,
80923,2021-08-29 19:00:00,40.781693,-73.82225,0,0,Unsafe Speed,4452082,24.5,19.7,2.5,2.5,0.0,9.0,53,13.6,25.6,98,Drizzle: Moderate,0,0,
80924,2021-08-29 17:09:00,40.751602,-73.93384,3,0,Unsafe Speed,4451880,24.5,19.7,2.5,2.5,0.0,9.0,53,13.6,25.6,98,Drizzle: Moderate,3,3,
80925,2021-08-29 03:50:00,40.701836,-73.82211,0,0,Alcohol Involvement,4451629,24.5,19.7,2.5,2.5,0.0,9.0,53,13.6,25.6,98,Drizzle: Moderate,0,0,
80926,2021-08-29 11:48:00,40.6434,-73.9546,1,0,Driver Inattention/Distraction,4451717,24.5,19.7,2.5,2.5,0.0,9.0,53,13.6,25.6,98,Drizzle: Moderate,1,1,
80927,2021-08-28 08:23:00,40.832954,-73.89185,0,0,Driver Inattention/Distraction,4452352,26.2,20.2,3.9,3.9,0.0,18.0,53,23.5,45.0,65,Drizzle: Moderate,0,0,
80928,2021-07-08 15:44:00,40.75068,-73.72698,0,0,Driver Inattention/Distraction,4452333,28.3,21.3,15.2,15.2,0.0,12.0,63,16.9,48.2,125,Rain: Moderate,0,0,
80929,2021-08-29 20:15:00,40.701187,-73.74148,1,0,Unspecified,4451763,24.5,19.7,2.5,2.5,0.0,9.0,53,13.6,25.6,98,Drizzle: Moderate,1,1,
80930,2021-08-28 11:05:00,40.695614,-73.94056,0,0,Unspecified,4452425,26.2,20.2,3.9,3.9,0.0,18.0,53,23.5,45.0,65,Drizzle: Moderate,0,0,
80931,2021-07-09 17:25:00,40.667313,-73.73926,0,0,Unspecified,4452314,29.8,22.0,35.0,35.0,0.0,14.0,63,31.0,55.8,341,Rain: Moderate,0,0,
80932,2021-08-29 15:40:00,40.847813,-73.90754,1,0,Unspecified,4452387,24.5,19.7,2.5,2.5,0.0,9.0,53,13.6,25.6,98,Drizzle: Moderate,1,1,
80933,2021-08-29 12:00:00,40.776016,-73.78441,1,0,Following Too Closely,4451649,24.5,19.7,2.5,2.5,0.0,9.0,53,13.6,25.6,98,Drizzle: Moderate,1,1,
80934,2021-08-29 00:08:00,40.642197,-73.92835,2,0,Turning Improperly,4451723,24.5,19.7,2.5,2.5,0.0,9.0,53,13.6,25.6,98,Drizzle: Moderate,2,2,
80935,2021-08-29 10:00:00,40.692364,-73.802795,0,0,Unsafe Speed,4452092,24.5,19.7,2.5,2.5,0.0,9.0,53,13.6,25.6,98,Drizzle: Moderate,0,0,
80936,2021-08-29 03:23:00,40.815754,-73.89529,2,0,Unspecified,4451997,24.5,19.7,2.5,2.5,0.0,9.0,53,13.6,25.6,98,Drizzle: Moderate,2,2,
80937,2021-08-29 01:50:00,40.54387,-74.14445,1,0,Driver Inattention/Distraction,4452026,24.5,19.7,2.5,2.5,0.0,9.0,53,13.6,25.6,98,Drizzle: Moderate,1,1,
80938,2021-08-28 03:47:00,40.595325,-73.78092,0,0,Driver Inattention/Distraction,4452438,26.2,20.2,3.9,3.9,0.0,18.0,53,23.5,45.0,65,Drizzle: Moderate,0,0,
80939,2021-08-29 01:35:00,40.74456,-73.93076,1,0,Driver Inattention/Distraction,4451509,24.5,19.7,2.5,2.5,0.0,9.0,53,13.6,25.6,98,Drizzle: Moderate,1,1,
80940,2021-07-24 23:38:00,40.71126,-73.899864,1,0,Failure to Yield Right-of-Way,4452526,26.8,18.2,0.0,0.0,0.0,0.0,3,16.3,31.7,152,Overcast,1,1,
80941,2021-08-29 23:46:00,40.737553,-73.85089,0,0,Driver Inattention/Distraction,4451814,24.5,19.7,2.5,2.5,0.0,9.0,53,13.6,25.6,98,Drizzle: Moderate,0,0,
80942,2021-08-27 16:37:00,40.688305,-73.75607,0,0,Backing Unsafely,4452445,32.2,23.4,1.4,1.4,0.0,2.0,55,9.4,22.3,299,Drizzle: Dense,0,0,
80943,2021-08-29 19:00:00,40.69403,-73.834724,0,0,Aggressive Driving/Road Rage,4452498,24.5,19.7,2.5,2.5,0.0,9.0,53,13.6,25.6,98,Drizzle: Moderate,0,0,
80944,2021-08-29 02:35:00,40.66703,-73.93171,0,0,Unspecified,4451559,24.5,19.7,2.5,2.5,0.0,9.0,53,13.6,25.6,98,Drizzle: Moderate,0,0,
80945,2021-08-20 22:40:00,40.67824,-73.7711,1,0,Following Too Closely,4452443,26.9,22.0,1.1,1.1,0.0,5.0,53,12.4,22.0,310,Drizzle: Moderate,1,1,
80946,2021-08-29 00:30:00,40.65661,-73.93091,0,0,Unspecified,4451729,24.5,19.7,2.5,2.5,0.0,9.0,53,13.6,25.6,98,Drizzle: Moderate,0,0,
80947,2021-08-29 21:45:00,40.743393,-73.837555,1,0,Unspecified,4451984,24.5,19.7,2.5,2.5,0.0,9.0,53,13.6,25.6,98,Drizzle: Moderate,1,1,
80948,2021-08-02 11:48:00,40.704456,-73.809105,0,0,Passing or Lane Usage Improper,4452566,26.4,17.2,0.0,0.0,0.0,0.0,3,18.4,37.4,313,Overcast,0,0,
80949,2021-08-29 00:00:00,40.68399,-73.82309,0,0,Passing Too Closely,4452393,24.5,19.7,2.5,2.5,0.0,9.0,53,13.6,25.6,98,Drizzle: Moderate,0,0,
80950,2021-08-29 16:59:00,40.880337,-73.83824,0,0,Passing or Lane Usage Improper,4451877,24.5,19.7,2.5,2.5,0.0,9.0,53,13.6,25.6,98,Drizzle: Moderate,0,0,
80951,2021-08-29 07:30:00,40.654434,-73.86084,1,0,Unsafe Speed,4451597,24.5,19.7,2.5,2.5,0.0,9.0,53,13.6,25.6,98,Drizzle: Moderate,1,1,
80952,2021-07-09 14:00:00,40.683723,-73.96797,0,0,Driver Inattention/Distraction,4452301,29.8,22.0,35.0,35.0,0.0,14.0,63,31.0,55.8,341,Rain: Moderate,0,0,
80953,2021-08-29 00:00:00,40.712444,-73.78834,0,0,Unspecified,4451767,24.5,19.7,2.5,2.5,0.0,9.0,53,13.6,25.6,98,Drizzle: Moderate,0,0,
80954,2021-08-28 18:02:00,40.861256,-73.925674,1,0,Turning Improperly,4452505,26.2,20.2,3.9,3.9,0.0,18.0,53,23.5,45.0,65,Drizzle: Moderate,1,1,
80955,2021-08-29 19:25:00,40.62657,-74.01167,0,0,Driver Inattention/Distraction,4451750,24.5,19.7,2.5,2.5,0.0,9.0,53,13.6,25.6,98,Drizzle: Moderate,0,0,
80956,2021-08-29 18:50:00,40.73198,-73.98199,0,0,Passing or Lane Usage Improper,4452190,24.5,19.7,2.5,2.5,0.0,9.0,53,13.6,25.6,98,Drizzle: Moderate,0,0,
80957,2021-08-29 10:08:00,40.77353,-73.94417,3,0,Pavement Defective,4451773,24.5,19.7,2.5,2.5,0.0,9.0,53,13.6,25.6,98,Drizzle: Moderate,3,3,
80958,2021-08-25 04:10:00,40.72939,-73.8209,0,0,Driver Inattention/Distraction,4452516,31.2,20.1,0.0,0.0,0.0,0.0,3,10.2,18.7,277,Overcast,0,0,
80959,2021-08-29 14:22:00,40.708828,-74.016205,0,0,Unspecified,4452403,24.5,19.7,2.5,2.5,0.0,9.0,53,13.6,25.6,98,Drizzle: Moderate,0,0,