,CRASH DATETIME,LATITUDE,LONGITUDE,NUMBER OF PERSONS INJURED,NUMBER OF PERSONS KILLED,CONTRIBUTING FACTOR VEHICLE 1,COLLISION_ID,temperature_2m_max,temperature_2m_min,precipitation_sum,rain_sum,snowfall_sum,precipitation_hours,weather_code,wind_speed_10m_max,wind_gusts_10m_max,wind_direction_10m_dominant,Weather Description,Severity_Score,Total_Affected_Persons,Weather_Category
80960,2021-08-29 06:35:00,40.670906,-73.920715,0,0,Pavement Defective,4451576,24.5,19.7,2.5,2.5,0.0,9.0,53,13.6,25.6,98,Drizzle: Moderate,0,0,
80961,2021-07-10 00:00:00,40.84434,-73.91475,0,0,Driver Inattention/Distraction,4452370,25.5,20.7,0.5,0.5,0.0,3.0,51,14.5,29.9,1,Drizzle: Light,0,0,
80962,2021-08-29 08:45:00,40.766293,-73.93363,0,0,Unspecified,4451542,24.5,19.7,2.5,2.5,0.0,9.0,53,13.6,25.6,98,Drizzle: Moderate,0,0,
80963,2021-07-08 16:55:00,40.71365,-73.73413,2,0,Failure to Yield Right-of-Way,4452309,28.3,21.3,15.2,15.2,0.0,12.0,63,16.9,48.2,125,Rain: Moderate,2,2,
80964,2021-08-29 12:00:00,40.85493,-73.82617,0,0,Unspecified,4451917,24.5,19.7,2.5,2.5,0.0,9.0,53,13.6,25.6,98,Drizzle: Moderate,0,0,
80965,2021-08-24 15:40:00,40.700245,-73.92089,0,0,Driver Inattention/Distraction,4452480,30.6,21.9,0.0,0.0,0.0,0.0,1,13.9,28.1,291,Mainly clear,0,0,Sunny/Clear Conditions
80966,2021-08-26 05:30:00,40.686756,-73.9938,0,0,Other Vehicular,4452599,31.8,22.8,0.1,0.1,0.0,1.0,51,14.8,29.2,228,Drizzle: Light,0,0,
80967,2021-08-29 12:06:00,40.866325,-73.88837,0,0,Unspecified,4452043,24.5,19.7,2.5,2.5,0.0,9.0,53,13.6,25.6,98,Drizzle: Moderate,0,0,
80968,2021-08-29 14:45:00,40.86832,-73.83317,0,0,Passing or Lane Usage Improper,4451690,24.5,19.7,2.5,2.5,0.0,9.0,53,13.6,25.6,98,Drizzle: Moderate,0,0,
80969,2021-08-29 15:51:00,40.696175,-73.98036,1,0,Traffic Control Disregarded,4451797,24.5,19.7,2.5,2.5,0.0,9.0,53,13.6,25.6,98,Drizzle: Moderate,1,1,
80970,2021-08-29 00:43:00,40.597607,-74.14128,0,0,Driver Inattention/Distraction,4451957,24.5,19.7,2.5,2.5,0.0,9.0,53,13.6,25.6,98,Drizzle: Moderate,0,0,
80971,2021-08-29 21:00:00,40.8133,-73.930405,1,0,Unspecified,4451863,24.5,19.7,2.5,2.5,0.0,9.0,53,13.6,25.6,98,Drizzle: Moderate,1,1,
80972,2021-08-29 04:40:00,40.79337,-73.93274,0,0,Reaction to Uninvolved Vehicle,4451526,24.5,19.7,2.5,2.5,0.0,9.0,53,13.6,25.6,98,Drizzle: Moderate,0,0,
80973,2021-08-29 04:16:00,40.66578,-73.91942,0,0,Other Vehicular,4451441,24.5,19.7,2.5,2.5,0.0,9.0,53,13.6,25.6,98,Drizzle: Moderate,0,0,
80974,2021-07-10 01:22:00,40.647976,-73.89399,0,0,Driver Inattention/Distraction,4452341,25.5,20.7,0.5,0.5,0.0,3.0,51,14.5,29.9,1,Drizzle: Light,0,0,
80975,2021-08-29 23:22:00,40.724636,-73.94818,3,0,Driver Inattention/Distraction,4451805,24.5,19.7,2.5,2.5,0.0,9.0,53,13.6,25.6,98,Drizzle: Moderate,3,3,
80976,2021-08-29 05:55:00,40.87645,-73.848175,1,0,Driver Inattention/Distraction,4451702,24.5,19.7,2.5,2.5,0.0,9.0,53,13.6,25.6,98,Drizzle: Moderate,1,1,
80977,2021-08-29 03:56:00,40.68316,-73.93809,0,1,Unspecified,4452541,24.5,19.7,2.5,2.5,0.0,9.0,53,13.6,25.6,98,Drizzle: Moderate,20,1,
80978,2021-07-08 22:20:00,40.584896,-73.81895,0,0,Turning Improperly,4452286,28.3,21.3,15.2,15.2,0.0,12.0,63,16.9,48.2,125,Rain: Moderate,0,0,
80979,2021-07-09 11:30:00,40.660297,-73.947685,0,0,Following Too Closely,4452297,29.8,22.0,35.0,35.0,0.0,14.0,63,31.0,55.8,341,Rain: Moderate,0,0,
80980,2021-08-29 17:15:00,40.656204,-73.886696,1,0,Unspecified,4452130,24.5,19.7,2.5,2.5,0.0,9.0,53,13.6,25.6,98,Drizzle: Moderate,1,1,
80981,2021-07-09 15:13:00,40.685406,-73.97525,0,0,Driver Inattention/Distraction,4452323,29.8,22.0,35.0,35.0,0.0,14.0,63,31.0,55.8,341,Rain: Moderate,0,0,
80982,2021-08-28 04:45:00,40.647064,-74.0166,0,0,Unspecified,4452555,26.2,20.2,3.9,3.9,0.0,18.0,53,23.5,45.0,65,Drizzle: Moderate,0,0,
80983,2021-08-25 15:00:00,40.575302,-73.98453,1,0,Failure to Yield Right-of-Way,4452472,31.2,20.1,0.0,0.0,0.0,0.0,3,10.2,18.7,277,Overcast,1,1,
80984,2021-08-29 19:02:00,40.6411,-73.90463,1,0,Failure to Yield Right-of-Way,4451742,24.5,19.7,2.5,2.5,0.0,9.0,53,13.6,25.6,98,Drizzle: Moderate,1,1,
80985,2021-08-29 17:00:00,40.838387,-73.84162,2,0,Unspecified,4452167,24.5,19.7,2.5,2.5,0.0,9.0,53,13.6,25.6,98,Drizzle: Moderate,2,2,
80986,2021-07-09 16:20:00,40.741135,-73.8986,0,0,Following Too Closely,4452338,29.8,22.0,35.0,35.0,0.0,14.0,63,31.0,55.8,341,Rain: Moderate,0,0,
80987,2021-08-29 20:20:00,40.77731,-73.91239,0,0,Failure to Yield Right-of-Way,4451891,24.5,19.7,2.5,2.5,0.0,9.0,53,13.6,25.6,98,Drizzle: Moderate,0,0,
80988,2021-08-29 13:30:00,40.632435,-73.998405,1,0,Traffic Control Device Improper/Non-Working,4452359,24.5,19.7,2.5,2.5,0.0,9.0,53,13.6,25.6,98,Drizzle: Moderate,1,1,
80989,2021-11-06 20:40:00,40.74993,-73.87392,0,0,Driver Inattention/Distraction,4474619,10.5,3.4,0.0,0.0,0.0,0.0,0,9.5,17.6,61,Clear sky,0,0,Sunny/Clear Conditions
80990,2021-08-29 10:00:00,40.685074,-73.83029,0,0,Driver Inattention/Distraction,4451566,24.5,19.7,2.5,2.5,0.0,9.0,53,13.6,25.6,98,Drizzle: Moderate,0,0,
80991,2021-08-29 11:45:00,40.83256,-73.86943,0,0,Backing Unsafely,4451944,24.5,19.7,2.5,2.5,0.0,9.0,53,13.6,25.6,98,Drizzle: Moderate,0,0,
80992,2021-07-09 16:42:00,40.69452,-73.96712,0,0,Unspecified,4452313,29.8,22.0,35.0,35.0,0.0,14.0,63,31.0,55.8,341,Rain: Moderate,0,0,
80993,2021-08-29 16:35:00,40.57944,-73.979614,0,0,Backing Unsafely,4451881,24.5,19.7,2.5,2.5,0.0,9.0,53,13.6,25.6,98,Drizzle: Moderate,0,0,
80994,2021-08-29 10:30:00,40.605217,-74.00838,0,0,Alcohol Involvement,4451654,24.5,19.7,2.5,2.5,0.0,9.0,53,13.6,25.6,98,Drizzle: Moderate,0,0,
80995,2021-08-29 09:00:00,40.81976,-73.92348,0,0,Unspecified,4452068,24.5,19.7,2.5,2.5,0.0,9.0,53,13.6,25.6,98,Drizzle: Moderate,0,0,
80996,2021-08-29 03:45:00,40.638523,-74.01,0,0,Unspecified,4452029,24.5,19.7,2.5,2.5,0.0,9.0,53,13.6,25.6,98,Drizzle: Moderate,0,0,
80997,2021-08-29 00:37:00,40.733612,-73.999565,0,0,Turning Improperly,4451521,24.5,19.7,2.5,2.5,0.0,9.0,53,13.6,25.6,98,Drizzle: Moderate,0,0,
80998,2021-07-07 15:15:00,40.631554,-73.90511,0,0,Passing Too Closely,4452324,31.4,22.2,1.4,1.4,0.0,6.0,53,17.4,37.8,213,Drizzle: Moderate,0,0,
80999,2021-08-24 17:00:00,40.740818,-73.8213,2,0,Following Too Closely,4452535,30.6,21.9,0.0,0.0,0.0,0.0,1,13.9,28.1,291,Mainly clear,2,2,Sunny/Clear Conditions
81000,2021-08-29 20:00:00,40.6952,-73.73402,0,0,Unspecified,4452149,24.5,19.7,2.5,2.5,0.0,9.0,53,13.6,25.6,98,Drizzle: Moderate,0,0,
81001,2021-08-25 19:00:00,40.697662,-73.97749,0,0,Unspecified,4452422,31.2,20.1,0.0,0.0,0.0,0.0,3,10.2,18.7,277,Overcast,0,0,
81002,2021-08-29 15:41:00,40.698254,-73.86939,2,0,Unspecified,4451781,24.5,19.7,2.5,2.5,0.0,9.0,53,13.6,25.6,98,Drizzle: Moderate,2,2,
81003,2021-08-29 03:20:00,40.63082,-73.88636,0,0,Driver Inattention/Distraction,4451437,24.5,19.7,2.5,2.5,0.0,9.0,53,13.6,25.6,98,Drizzle: Moderate,0,0,
81004,2021-08-24 10:50:00,40.63933,-73.99623,1,0,Driver Inattention/Distraction,4452351,30.6,21.9,0.0,0.0,0.0,0.0,1,13.9,28.1,291,Mainly clear,1,1,Sunny/Clear Conditions
81005,2021-08-29 22:41:00,40.706673,-73.95443,0,0,Passing Too Closely,4451813,24.5,19.7,2.5,2.5,0.0,9.0,53,13.6,25.6,98,Drizzle: Moderate,0,0,
81006,2021-08-29 22:39:00,40.847027,-73.89807,0,0,Driver Inattention/Distraction,4451860,24.5,19.7,2.5,2.5,0.0,9.0,53,13.6,25.6,98,Drizzle: Moderate,0,0,
81007,2021-08-29 15:52:00,40.684155,-73.78699,0,0,Passing Too Closely,4452453,24.5,19.7,2.5,2.5,0.0,9.0,53,13.6,25.6,98,Drizzle: Moderate,0,0,
81008,2021-07-09 17:15:00,40.61458,-74.022804,0,0,Reaction to Uninvolved Vehicle,4452319,29.8,22.0,35.0,35.0,0.0,14.0,63,31.0,55.8,341,Rain: Moderate,0,0,
81009,2021-08-28 11:11:00,40.863163,-73.91988,0,0,Turning Improperly,4452497,26.2,20.2,3.9,3.9,0.0,18.0,53,23.5,45.0,65,Drizzle: Moderate,0,0,
81010,2021-08-27 14:31:00,40.599632,-73.93396,4,0,Unsafe Speed,4452372,32.2,23.4,1.4,1.4,0.0,2.0,55,9.4,22.3,299,Drizzle: Dense,4,4,
81011,2022-01-27 12:10:00,40.76573,-73.926445,1,0,Traffic Control Disregarded,4498091,-0.3,-9.6,0.0,0.0,0.0,0.0,3,18.7,37.1,184,Overcast,1,1,
81012,2021-08-29 12:35:00,40.887352,-73.90534,0,0,Unspecified,4451737,24.5,19.7,2.5,2.5,0.0,9.0,53,13.6,25.6,98,Drizzle: Moderate,0,0,
81013,2021-08-29 02:00:00,40.70055,-73.8101,0,0,Passing or Lane Usage Improper,4452088,24.5,19.7,2.5,2.5,0.0,9.0,53,13.6,25.6,98,Drizzle: Moderate,0,0,
81014,2021-08-29 00:00:00,40.846153,-73.932335,1,0,Following Too Closely,4451762,24.5,19.7,2.5,2.5,0.0,9.0,53,13.6,25.6,98,Drizzle: Moderate,1,1,
81015,2021-07-05 20:32:00,40.637108,-73.89338,0,0,Unspecified,4452334,26.4,17.3,0.7,0.7,0.0,2.0,53,18.8,34.6,142,Drizzle: Moderate,0,0,
81016,2021-08-29 17:00:00,40.606728,-73.76394,0,0,Unspecified,4452439,24.5,19.7,2.5,2.5,0.0,9.0,53,13.6,25.6,98,Drizzle: Moderate,0,0,
81017,2021-08-29 15:25:00,40.68432,-73.769684,0,0,Passing or Lane Usage Improper,4451833,24.5,19.7,2.5,2.5,0.0,9.0,53,13.6,25.6,98,Drizzle: Moderate,0,0,
81018,2021-08-29 11:25:00,40.774708,-73.97469,1,0,Unspecified,4451623,24.5,19.7,2.5,2.5,0.0,9.0,53,13.6,25.6,98,Drizzle: Moderate,1,1,
81019,2021-08-29 19:20:00,40.878654,-73.824066,0,0,Unspecified,4451923,24.5,19.7,2.5,2.5,0.0,9.0,53,13.6,25.6,98,Drizzle: Moderate,0,0,
81020,2021-08-29 06:05:00,40.696823,-73.91487,0,0,Unsafe Speed,4452097,24.5,19.7,2.5,2.5,0.0,9.0,53,13.6,25.6,98,Drizzle: Moderate,0,0,
81021,2021-08-29 00:20:00,40.652786,-73.91997,0,0,Unspecified,4451725,24.5,19.7,2.5,2.5,0.0,9.0,53,13.6,25.6,98,Drizzle: Moderate,0,0,
81022,2021-08-29 10:48:00,40.649944,-73.96703,1,0,Other Vehicular,4451716,24.5,19.7,2.5,2.5,0.0,9.0,53,13.6,25.6,98,Drizzle: Moderate,1,1,
81023,2021-08-29 10:15:00,40.78393,-73.94423,0,0,Driver Inattention/Distraction,4452012,24.5,19.7,2.5,2.5,0.0,9.0,53,13.6,25.6,98,Drizzle: Moderate,0,0,
81024,2021-07-09 18:19:00,40.743427,-73.775475,0,0,Driver Inattention/Distraction,4452328,29.8,22.0,35.0,35.0,0.0,14.0,63,31.0,55.8,341,Rain: Moderate,0,0,
81025,2021-08-23 02:00:00,40.744644,-73.77041,0,0,Unspecified,4452521,28.7,22.0,36.1,36.1,0.0,19.0,65,27.4,49.3,230,Rain: Heavy,0,0,
81026,2021-08-29 16:45:00,40.7712,-73.83345,2,0,Following Too Closely,4451753,24.5,19.7,2.5,2.5,0.0,9.0,53,13.6,25.6,98,Drizzle: Moderate,2,2,
81027,2021-08-29 18:30:00,40.67267,-73.99002,2,0,Following Too Closely,4451792,24.5,19.7,2.5,2.5,0.0,9.0,53,13.6,25.6,98,Drizzle: Moderate,2,2,
81028,2021-08-28 20:30:00,40.752117,-73.8595,1,0,Driver Inattention/Distraction,4452270,26.2,20.2,3.9,3.9,0.0,18.0,53,23.5,45.0,65,Drizzle: Moderate,1,1,
81029,2021-08-29 00:23:00,40.617714,-74.08225,0,0,Alcohol Involvement,4452406,24.5,19.7,2.5,2.5,0.0,9.0,53,13.6,25.6,98,Drizzle: Moderate,0,0,
81030,2021-08-28 21:30:00,40.674606,-73.89508,0,0,Aggressive Driving/Road Rage,4452444,26.2,20.2,3.9,3.9,0.0,18.0,53,23.5,45.0,65,Drizzle: Moderate,0,0,
81031,2021-08-29 00:30:00,40.715588,-73.93398,0,0,Backing Unsafely,4451808,24.5,19.7,2.5,2.5,0.0,9.0,53,13.6,25.6,98,Drizzle: Moderate,0,0,
81032,2021-08-28 10:15:00,40.64081,-74.11916,0,0,Driver Inattention/Distraction,4452491,26.2,20.2,3.9,3.9,0.0,18.0,53,23.5,45.0,65,Drizzle: Moderate,0,0,
81033,2021-08-29 13:00:00,40.743546,-73.88799,1,0,Following Too Closely,4451743,24.5,19.7,2.5,2.5,0.0,9.0,53,13.6,25.6,98,Drizzle: Moderate,1,1,
81034,2021-08-29 12:45:00,40.671932,-73.85165,2,0,Passing or Lane Usage Improper,4452382,24.5,19.7,2.5,2.5,0.0,9.0,53,13.6,25.6,98,Drizzle: Moderate,2,2,
81035,2021-08-29 15:59:00,40.81796,-73.960365,1,0,Unspecified,4452169,24.5,19.7,2.5,2.5,0.0,9.0,53,13.6,25.6,98,Drizzle: Moderate,1,1,
81036,2021-08-29 17:36:00,40.828983,-73.952156,2,0,Unspecified,4452236,24.5,19.7,2.5,2.5,0.0,9.0,53,13.6,25.6,98,Drizzle: Moderate,2,2,
81037,2021-08-25 19:15:00,40.674747,-73.9417,1,0,Other Vehicular,4452506,31.2,20.1,0.0,0.0,0.0,0.0,3,10.2,18.7,277,Overcast,1,1,
81038,2022-01-19 07:50:00,40.695377,-73.94921,0,0,Passing Too Closely,4498310,7.6,-4.9,0.0,0.0,0.0,0.0,3,23.5,43.2,208,Overcast,0,0,
81039,2021-07-05 09:46:00,40.657425,-73.96231,1,0,Driver Inattention/Distraction,4452283,26.4,17.3,0.7,0.7,0.0,2.0,53,18.8,34.6,142,Drizzle: Moderate,1,1,
81040,2021-08-29 15:30:00,40.71753,-73.7389,0,0,Unspecified,4451768,24.5,19.7,2.5,2.5,0.0,9.0,53,13.6,25.6,98,Drizzle: Moderate,0,0,
81041,2021-11-06 00:00:00,40.70778,-73.93854,0,0,Alcohol Involvement,4474973,10.5,3.4,0.0,0.0,0.0,0.0,0,9.5,17.6,61,Clear sky,0,0,Sunny/Clear Conditions
81042,2021-11-06 12:00:00,40.78519,-73.94934,0,0,Failure to Yield Right-of-Way,4475257,10.5,3.4,0.0,0.0,0.0,0.0,0,9.5,17.6,61,Clear sky,0,0,Sunny/Clear Conditions
81043,2021-11-06 19:25:00,40.714054,-73.9902,1,0,Pedestrian/Bicyclist/Other Pedestrian Error/Confusion,4474648,10.5,3.4,0.0,0.0,0.0,0.0,0,9.5,17.6,61,Clear sky,1,1,Sunny/Clear Conditions
81044,2021-11-06 21:05:00,40.821114,-73.90995,1,0,Unspecified,4475043,10.5,3.4,0.0,0.0,0.0,0.0,0,9.5,17.6,61,Clear sky,1,1,Sunny/Clear Conditions
81045,2021-11-06 22:00:00,40.709625,-73.81821,0,0,Unspecified,4475290,10.5,3.4,0.0,0.0,0.0,0.0,0,9.5,17.6,61,Clear sky,0,0,Sunny/Clear Conditions
81046,2021-11-06 13:29:00,40.692844,-73.99311,0,0,Driver Inexperience,4474544,10.5,3.4,0.0,0.0,0.0,0.0,0,9.5,17.6,61,Clear sky,0,0,Sunny/Clear Conditions
81047,2021-11-06 22:45:00,40.69673,-73.93735,2,0,Aggressive Driving/Road Rage,4474905,10.5,3.4,0.0,0.0,0.0,0.0,0,9.5,17.6,61,Clear sky,2,2,Sunny/Clear Conditions
81048,2021-11-06 14:50:00,40.59831,-73.755226,0,0,Unspecified,4475507,10.5,3.4,0.0,0.0,0.0,0.0,0,9.5,17.6,61,Clear sky,0,0,Sunny/Clear Conditions
81049,2021-11-06 23:31:00,40.58906,-73.96414,1,0,Failure to Yield Right-of-Way,4475026,10.5,3.4,0.0,0.0,0.0,0.0,0,9.5,17.6,61,Clear sky,1,1,Sunny/Clear Conditions
81050,2021-11-06 20:58:00,40.712353,-74.01549,0,0,Driver Inattention/Distraction,4475099,10.5,3.4,0.0,0.0,0.0,0.0,0,9.5,17.6,61,Clear sky,0,0,Sunny/Clear Conditions
81051,2021-11-06 02:20:00,40.768887,-73.90691,1,0,Traffic Control Disregarded,4474551,10.5,3.4,0.0,0.0,0.0,0.0,0,9.5,17.6,61,Clear sky,1,1,Sunny/Clear Conditions
81052,2021-11-06 05:25:00,40.761017,-73.86899,0,0,Fell Asleep,4474618,10.5,3.4,0.0,0.0,0.0,0.0,0,9.5,17.6,61,Clear sky,0,0,Sunny/Clear Conditions
81053,2021-11-06 12:59:00,40.865925,-73.88594,1,0,Traffic Control Disregarded,4475272,10.5,3.4,0.0,0.0,0.0,0.0,0,9.5,17.6,61,Clear sky,1,1,Sunny/Clear Conditions
81054,2021-10-29 21:00:00,0.0,0.0,0,0,Unspecified,4475282,13.8,8.3,9.3,9.3,0.0,5.0,63,40.9,73.8,78,Rain: Moderate,0,0,
81055,2021-11-06 18:20:00,40.7493,-73.89758,1,0,Unspecified,4474636,10.5,3.4,0.0,0.0,0.0,0.0,0,9.5,17.6,61,Clear sky,1,1,Sunny/Clear Conditions
81056,2021-11-06 11:50:00,40.835194,-73.874054,1,0,Unsafe Lane Changing,4474795,10.5,3.4,0.0,0.0,0.0,0.0,0,9.5,17.6,61,Clear sky,1,1,Sunny/Clear Conditions
81057,2021-10-30 00:31:00,40.84921,-73.90011,0,0,Driver Inattention/Distraction,4475260,17.8,12.0,7.8,7.8,0.0,16.0,61,38.5,68.0,112,Rain: Light,0,0,
81058,2021-11-06 21:30:00,40.75767,-73.99483,0,0,Unspecified,4475143,10.5,3.4,0.0,0.0,0.0,0.0,0,9.5,17.6,61,Clear sky,0,0,Sunny/Clear Conditions
81059,2021-11-06 00:15:00,40.657745,-73.93104,0,0,Driver Inattention/Distraction,4474567,10.5,3.4,0.0,0.0,0.0,0.0,0,9.5,17.6,61,Clear sky,0,0,Sunny/Clear Conditions
81060,2022-01-23 00:34:00,40.746075,-73.86408,1,0,Failure to Yield Right-of-Way,4498453,2.8,-6.1,0.5,0.0,0.35,3.0,71,14.2,28.1,243,Snow fall: Light,1,1,Snowy Conditions
81061,2021-11-06 16:00:00,40.70324,-73.92615,0,0,Driver Inattention/Distraction,4474629,10.5,3.4,0.0,0.0,0.0,0.0,0,9.5,17.6,61,Clear sky,0,0,Sunny/Clear Conditions
81062,2021-11-04 10:30:00,40.66687,-73.88066,1,0,Unspecified,4475323,9.9,3.0,0.0,0.0,0.0,0.0,3,10.8,21.2,5,Overcast,1,1,
81063,2021-11-06 13:30:00,40.707027,-73.9236,0,0,Following Too Closely,4474623,10.5,3.4,0.0,0.0,0.0,0.0,0,9.5,17.6,61,Clear sky,0,0,Sunny/Clear Conditions
81064,2021-10-06 16:38:00,40.670734,-73.93373,0,0,Passing or Lane Usage Improper,4475367,20.3,16.0,0.1,0.1,0.0,1.0,51,6.5,14.0,28,Drizzle: Light,0,0,
81065,2021-11-05 21:21:00,40.8557,-73.91495,0,0,Passing Too Closely,4475190,10.7,3.2,0.0,0.0,0.0,0.0,0,14.8,30.2,1,Clear sky,0,0,Sunny/Clear Conditions
81066,2021-11-06 12:25:00,40.806812,-73.9175,1,0,Unspecified,4475044,10.5,3.4,0.0,0.0,0.0,0.0,0,9.5,17.6,61,Clear sky,1,1,Sunny/Clear Conditions
81067,2021-11-02 18:33:00,40.774788,-73.954445,0,0,Following Too Closely,4475448,11.4,7.0,0.6,0.6,0.0,4.0,51,14.1,28.1,271,Drizzle: Light,0,0,
81068,2021-11-06 19:00:00,40.740616,-73.81721,0,0,Passing Too Closely,4474696,10.5,3.4,0.0,0.0,0.0,0.0,0,9.5,17.6,61,Clear sky,0,0,Sunny/Clear Conditions
81069,2021-11-06 06:00:00,40.716778,-73.93635,1,0,Reaction to Uninvolved Vehicle,4474967,10.5,3.4,0.0,0.0,0.0,0.0,0,9.5,17.6,61,Clear sky,1,1,Sunny/Clear Conditions
81070,2021-11-06 22:08:00,40.815304,-73.94371,0,0,Unspecified,4475089,10.5,3.4,0.0,0.0,0.0,0.0,0,9.5,17.6,61,Clear sky,0,0,Sunny/Clear Conditions
81071,2021-11-06 12:35:00,40.66764,-73.806244,0,0,Passing or Lane Usage Improper,4475010,10.5,3.4,0.0,0.0,0.0,0.0,0,9.5,17.6,61,Clear sky,0,0,Sunny/Clear Conditions
81072,2021-11-06 15:00:00,40.65622,-73.913155,1,0,Following Too Closely,4474774,10.5,3.4,0.0,0.0,0.0,0.0,0,9.5,17.6,61,Clear sky,1,1,Sunny/Clear Conditions
81073,2021-11-05 22:50:00,40.699104,-73.83332,0,0,Unspecified,4475166,10.7,3.2,0.0,0.0,0.0,0.0,0,14.8,30.2,1,Clear sky,0,0,Sunny/Clear Conditions
81074,2021-11-06 00:20:00,40.651978,-73.96467,0,0,Unspecified,4474679,10.5,3.4,0.0,0.0,0.0,0.0,0,9.5,17.6,61,Clear sky,0,0,Sunny/Clear Conditions
81075,2021-11-06 11:15:00,40.86645,-73.88505,0,0,Driver Inattention/Distraction,4475181,10.5,3.4,0.0,0.0,0.0,0.0,0,9.5,17.6,61,Clear sky,0,0,Sunny/Clear Conditions
81076,2021-10-08 17:13:00,40.818558,-73.92732,0,0,View Obstructed/Limited,4475487,23.7,14.5,0.0,0.0,0.0,0.0,3,13.0,22.3,94,Overcast,0,0,
81077,2021-11-06 13:00:00,40.638,-73.90726,0,0,Driver Inattention/Distraction,4474669,10.5,3.4,0.0,0.0,0.0,0.0,0,9.5,17.6,61,Clear sky,0,0,Sunny/Clear Conditions
81078,2021-11-06 02:44:00,40.875122,-73.905174,1,0,Failure to Yield Right-of-Way,4474513,10.5,3.4,0.0,0.0,0.0,0.0,0,9.5,17.6,61,Clear sky,1,1,Sunny/Clear Conditions
81079,2021-11-06 04:15:00,40.612366,-74.08516,1,0,Fell Asleep,4475202,10.5,3.4,0.0,0.0,0.0,0.0,0,9.5,17.6,61,Clear sky,1,1,Sunny/Clear Conditions
81080,2021-11-06 06:20:00,40.65342,-73.88898,2,0,Unsafe Speed,4475332,10.5,3.4,0.0,0.0,0.0,0.0,0,9.5,17.6,61,Clear sky,2,2,Sunny/Clear Conditions
81081,2021-11-06 20:00:00,40.696583,-73.7667,0,0,Passing or Lane Usage Improper,4474605,10.5,3.4,0.0,0.0,0.0,0.0,0,9.5,17.6,61,Clear sky,0,0,Sunny/Clear Conditions
81082,2021-11-06 10:30:00,40.74633,-73.98609,0,0,Driver Inattention/Distraction,4474740,10.5,3.4,0.0,0.0,0.0,0.0,0,9.5,17.6,61,Clear sky,0,0,Sunny/Clear Conditions
81083,2021-11-05 19:30:00,40.658577,-73.89063,0,0,Other Vehicular,4475309,10.7,3.2,0.0,0.0,0.0,0.0,0,14.8,30.2,1,Clear sky,0,0,Sunny/Clear Conditions
81084,2021-11-05 06:00:00,40.862747,-73.90494,0,0,Unspecified,4475245,10.7,3.2,0.0,0.0,0.0,0.0,0,14.8,30.2,1,Clear sky,0,0,Sunny/Clear Conditions
81085,2021-11-01 14:34:00,40.777542,-73.957016,1,0,Driver Inattention/Distraction,4475152,14.4,8.0,0.0,0.0,0.0,0.0,3,20.7,38.5,278,Overcast,1,1,
81086,2021-11-06 02:05:00,40.59455,-73.997574,0,0,Unsafe Speed,4475422,10.5,3.4,0.0,0.0,0.0,0.0,0,9.5,17.6,61,Clear sky,0,0,Sunny/Clear Conditions
81087,2021-11-05 19:00:00,40.844376,-73.92178,0,0,Unspecified,4475492,10.7,3.2,0.0,0.0,0.0,0.0,0,14.8,30.2,1,Clear sky,0,0,Sunny/Clear Conditions
81088,2021-11-06 15:00:00,40.748207,-73.7441,0,0,Backing Unsafely,4474755,10.5,3.4,0.0,0.0,0.0,0.0,0,9.5,17.6,61,Clear sky,0,0,Sunny/Clear Conditions
81089,2021-11-06 11:00:00,40.836296,-73.87369,1,0,Unsafe Lane Changing,4474859,10.5,3.4,0.0,0.0,0.0,0.0,0,9.5,17.6,61,Clear sky,1,1,Sunny/Clear Conditions
81090,2021-11-06 02:27:00,40.8477,-73.90097,1,0,Driver Inattention/Distraction,4475158,10.5,3.4,0.0,0.0,0.0,0.0,0,9.5,17.6,61,Clear sky,1,1,Sunny/Clear Conditions
81091,2021-11-06 10:05:00,40.82741,-73.81918,0,0,Unspecified,4474719,10.5,3.4,0.0,0.0,0.0,0.0,0,9.5,17.6,61,Clear sky,0,0,Sunny/Clear Conditions
81092,2021-11-06 23:02:00,40.739674,-73.934586,0,0,Driver Inattention/Distraction,4474650,10.5,3.4,0.0,0.0,0.0,0.0,0,9.5,17.6,61,Clear sky,0,0,Sunny/Clear Conditions
81093,2021-11-06 05:20:00,40.625305,-74.084625,0,0,Unspecified,4475208,10.5,3.4,0.0,0.0,0.0,0.0,0,9.5,17.6,61,Clear sky,0,0,Sunny/Clear Conditions
81094,2021-11-06 15:54:00,40.56091,-74.16901,0,0,Unspecified,4474950,10.5,3.4,0.0,0.0,0.0,0.0,0,9.5,17.6,61,Clear sky,0,0,Sunny/Clear Conditions
81095,2021-11-06 22:09:00,40.867012,-73.92312,0,0,Tire Failure/Inadequate,4475121,10.5,3.4,0.0,0.0,0.0,0.0,0,9.5,17.6,61,Clear sky,0,0,Sunny/Clear Conditions
81096,2021-11-06 01:53:00,40.668373,-73.92264,0,0,Other Vehicular,4474765,10.5,3.4,0.0,0.0,0.0,0.0,0,9.5,17.6,61,Clear sky,0,0,Sunny/Clear Conditions
81097,2021-11-06 20:03:00,40.69401,-73.9611,0,0,Alcohol Involvement,4475353,10.5,3.4,0.0,0.0,0.0,0.0,0,9.5,17.6,61,Clear sky,0,0,Sunny/Clear Conditions
81098,2021-11-06 14:52:00,40.72766,-73.94295,0,0,Unspecified,4474824,10.5,3.4,0.0,0.0,0.0,0.0,0,9.5,17.6,61,Clear sky,0,0,Sunny/Clear Conditions