,CRASH DATETIME,LATITUDE,LONGITUDE,NUMBER OF PERSONS INJURED,NUMBER OF PERSONS KILLED,CONTRIBUTING FACTOR VEHICLE 1,COLLISION_ID,temperature_2m_max,temperature_2m_min,precipitation_sum,rain_sum,snowfall_sum,precipitation_hours,weather_code,wind_speed_10m_max,wind_gusts_10m_max,wind_direction_10m_dominant,Weather Description,Severity_Score,Total_Affected_Persons,Weather_Category
81099,2021-11-03 07:46:00,40.75928,-73.959274,0,0,Driver Inattention/Distraction,4475256,10.7,3.8,0.1,0.1,0.0,1.0,51,15.6,30.6,302,Drizzle: Light,0,0,
81100,2021-11-05 19:11:00,40.709747,-73.82057,2,0,Reaction to Uninvolved Vehicle,4475172,10.7,3.2,0.0,0.0,0.0,0.0,0,14.8,30.2,1,Clear sky,2,2,Sunny/Clear Conditions
81101,2021-11-06 03:07:00,40.67239,-73.87463,1,0,Following Too Closely,4475312,10.5,3.4,0.0,0.0,0.0,0.0,0,9.5,17.6,61,Clear sky,1,1,Sunny/Clear Conditions
81102,2021-11-06 05:00:00,40.655827,-73.94336,2,0,Driver Inattention/Distraction,4474838,10.5,3.4,0.0,0.0,0.0,0.0,0,9.5,17.6,61,Clear sky,2,2,Sunny/Clear Conditions
81103,2021-11-06 20:08:00,40.631454,-73.992256,1,0,Failure to Yield Right-of-Way,4475300,10.5,3.4,0.0,0.0,0.0,0.0,0,9.5,17.6,61,Clear sky,1,1,Sunny/Clear Conditions
81104,2021-11-06 15:40:00,40.68335,-73.8412,1,0,Traffic Control Disregarded,4475175,10.5,3.4,0.0,0.0,0.0,0.0,0,9.5,17.6,61,Clear sky,1,1,Sunny/Clear Conditions
81105,2021-11-06 01:03:00,40.64165,-73.90378,4,0,Traffic Control Disregarded,4474506,10.5,3.4,0.0,0.0,0.0,0.0,0,9.5,17.6,61,Clear sky,4,4,Sunny/Clear Conditions
81106,2021-11-05 10:30:00,40.68978,-73.98139,0,0,Backing Unsafely,4475239,10.7,3.2,0.0,0.0,0.0,0.0,0,14.8,30.2,1,Clear sky,0,0,Sunny/Clear Conditions
81107,2021-11-06 10:05:00,40.65399,-73.96416,0,0,Unspecified,4474677,10.5,3.4,0.0,0.0,0.0,0.0,0,9.5,17.6,61,Clear sky,0,0,Sunny/Clear Conditions
81108,2021-11-06 15:15:00,40.72625,-73.942726,0,0,Unspecified,4474999,10.5,3.4,0.0,0.0,0.0,0.0,0,9.5,17.6,61,Clear sky,0,0,Sunny/Clear Conditions
81109,2021-11-06 14:49:00,40.760056,-73.97884,0,0,Unspecified,4474589,10.5,3.4,0.0,0.0,0.0,0.0,0,9.5,17.6,61,Clear sky,0,0,Sunny/Clear Conditions
81110,2021-11-06 19:10:00,40.685936,-73.82594,1,0,Pedestrian/Bicyclist/Other Pedestrian Error/Confusion,4474975,10.5,3.4,0.0,0.0,0.0,0.0,0,9.5,17.6,61,Clear sky,1,1,Sunny/Clear Conditions
81111,2021-11-06 13:00:00,40.603485,-73.76859,0,0,Aggressive Driving/Road Rage,4475506,10.5,3.4,0.0,0.0,0.0,0.0,0,9.5,17.6,61,Clear sky,0,0,Sunny/Clear Conditions
81112,2021-11-01 09:10:00,40.884815,-73.86755,0,0,Reaction to Uninvolved Vehicle,4475216,14.4,8.0,0.0,0.0,0.0,0.0,3,20.7,38.5,278,Overcast,0,0,
81113,2021-11-05 14:25:00,40.88851,-73.86009,1,0,Turning Improperly,4475154,10.7,3.2,0.0,0.0,0.0,0.0,0,14.8,30.2,1,Clear sky,1,1,Sunny/Clear Conditions
81114,2021-11-06 17:50:00,40.610115,-73.988945,1,0,Driver Inattention/Distraction,4474772,10.5,3.4,0.0,0.0,0.0,0.0,0,9.5,17.6,61,Clear sky,1,1,Sunny/Clear Conditions
81115,2021-11-03 16:45:00,40.804585,-73.91213,0,0,Unspecified,4475414,10.7,3.8,0.1,0.1,0.0,1.0,51,15.6,30.6,302,Drizzle: Light,0,0,
81116,2021-11-06 20:20:00,40.63379,-74.142784,0,0,Following Too Closely,4474808,10.5,3.4,0.0,0.0,0.0,0.0,0,9.5,17.6,61,Clear sky,0,0,Sunny/Clear Conditions
81117,2021-11-04 18:43:00,40.642384,-73.92539,0,0,Failure to Yield Right-of-Way,4475470,9.9,3.0,0.0,0.0,0.0,0.0,3,10.8,21.2,5,Overcast,0,0,
81118,2021-11-06 19:05:00,40.840836,-73.88563,0,0,Driver Inattention/Distraction,4475110,10.5,3.4,0.0,0.0,0.0,0.0,0,9.5,17.6,61,Clear sky,0,0,Sunny/Clear Conditions
81119,2021-11-06 08:49:00,40.692593,-73.91551,1,0,Glare,4474622,10.5,3.4,0.0,0.0,0.0,0.0,0,9.5,17.6,61,Clear sky,1,1,Sunny/Clear Conditions
81120,2021-11-06 21:45:00,40.72098,-73.98696,1,0,Reaction to Uninvolved Vehicle,4474647,10.5,3.4,0.0,0.0,0.0,0.0,0,9.5,17.6,61,Clear sky,1,1,Sunny/Clear Conditions
81121,2021-11-06 23:12:00,40.831055,-73.905846,1,0,Unsafe Speed,4475289,10.5,3.4,0.0,0.0,0.0,0.0,0,9.5,17.6,61,Clear sky,1,1,Sunny/Clear Conditions
81122,2021-11-06 04:53:00,40.825504,-73.948235,0,0,Brakes Defective,4474545,10.5,3.4,0.0,0.0,0.0,0.0,0,9.5,17.6,61,Clear sky,0,0,Sunny/Clear Conditions
81123,2021-11-06 14:45:00,40.737892,-73.8813,0,0,Failure to Yield Right-of-Way,4474737,10.5,3.4,0.0,0.0,0.0,0.0,0,9.5,17.6,61,Clear sky,0,0,Sunny/Clear Conditions
81124,2021-11-05 17:54:00,40.84784,-73.93953,1,0,Driver Inattention/Distraction,4475348,10.7,3.2,0.0,0.0,0.0,0.0,0,14.8,30.2,1,Clear sky,1,1,Sunny/Clear Conditions
81125,2021-11-06 10:00:00,40.599277,-74.13095,0,0,View Obstructed/Limited,4475233,10.5,3.4,0.0,0.0,0.0,0.0,0,9.5,17.6,61,Clear sky,0,0,Sunny/Clear Conditions
81126,2021-11-05 12:40:00,40.646446,-73.87392,0,0,Driver Inattention/Distraction,4475320,10.7,3.2,0.0,0.0,0.0,0.0,0,14.8,30.2,1,Clear sky,0,0,Sunny/Clear Conditions
81127,2021-11-06 09:35:00,40.69535,-73.91632,1,0,Failure to Yield Right-of-Way,4474625,10.5,3.4,0.0,0.0,0.0,0.0,0,9.5,17.6,61,Clear sky,1,1,Sunny/Clear Conditions
81128,2021-11-06 21:32:00,40.86385,-73.909065,0,0,Unspecified,4475136,10.5,3.4,0.0,0.0,0.0,0.0,0,9.5,17.6,61,Clear sky,0,0,Sunny/Clear Conditions
81129,2021-11-06 21:23:00,40.63868,-73.91682,1,0,Unspecified,4475027,10.5,3.4,0.0,0.0,0.0,0.0,0,9.5,17.6,61,Clear sky,1,1,Sunny/Clear Conditions
81130,2021-11-06 21:10:00,40.80891,-73.93021,1,0,Unspecified,4475047,10.5,3.4,0.0,0.0,0.0,0.0,0,9.5,17.6,61,Clear sky,1,1,Sunny/Clear Conditions
81131,2021-11-04 21:10:00,40.751446,-74.001434,1,0,Failure to Yield Right-of-Way,4475355,9.9,3.0,0.0,0.0,0.0,0.0,3,10.8,21.2,5,Overcast,1,1,
81132,2021-11-06 13:13:00,40.758205,-73.777405,2,0,Unsafe Speed,4474539,10.5,3.4,0.0,0.0,0.0,0.0,0,9.5,17.6,61,Clear sky,2,2,Sunny/Clear Conditions
81133,2021-11-06 14:20:00,40.603855,-73.753746,0,0,Unspecified,4475496,10.5,3.4,0.0,0.0,0.0,0.0,0,9.5,17.6,61,Clear sky,0,0,Sunny/Clear Conditions
81134,2021-11-06 15:08:00,40.59192,-73.99401,0,0,Failure to Yield Right-of-Way,4474818,10.5,3.4,0.0,0.0,0.0,0.0,0,9.5,17.6,61,Clear sky,0,0,Sunny/Clear Conditions
81135,2021-10-25 11:00:00,40.69819,-73.96191,1,0,Illnes,4475393,22.8,13.5,10.7,10.7,0.0,8.0,63,18.9,33.5,172,Rain: Moderate,1,1,
81136,2021-10-27 23:09:00,40.726185,-73.98943,3,0,Pedestrian/Bicyclist/Other Pedestrian Error/Confusion,4475482,16.1,12.2,6.6,6.6,0.0,6.0,61,33.3,63.0,359,Rain: Light,3,3,
81137,2021-11-06 15:23:00,40.716583,-73.98882,1,0,Turning Improperly,4474583,10.5,3.4,0.0,0.0,0.0,0.0,0,9.5,17.6,61,Clear sky,1,1,Sunny/Clear Conditions
81138,2021-08-30 16:18:00,40.84164,-73.837036,0,0,Unspecified,4452166,28.7,21.7,3.9,3.9,0.0,7.0,63,14.7,33.8,231,Rain: Moderate,0,0,
81139,2021-11-06 12:30:00,40.700733,-73.98974,0,0,Driver Inattention/Distraction,4475380,10.5,3.4,0.0,0.0,0.0,0.0,0,9.5,17.6,61,Clear sky,0,0,Sunny/Clear Conditions
81140,2021-11-06 15:45:00,40.77441,-73.84542,1,0,Failure to Yield Right-of-Way,4474935,10.5,3.4,0.0,0.0,0.0,0.0,0,9.5,17.6,61,Clear sky,1,1,Sunny/Clear Conditions
81141,2021-11-06 03:50:00,40.71902,-73.764206,0,0,Fell Asleep,4474531,10.5,3.4,0.0,0.0,0.0,0.0,0,9.5,17.6,61,Clear sky,0,0,Sunny/Clear Conditions
81142,2021-11-06 09:50:00,40.646297,-73.91274,1,0,Unspecified,4474663,10.5,3.4,0.0,0.0,0.0,0.0,0,9.5,17.6,61,Clear sky,1,1,Sunny/Clear Conditions
81143,2021-11-06 17:35:00,40.818558,-73.92732,0,0,Backing Unsafely,4475024,10.5,3.4,0.0,0.0,0.0,0.0,0,9.5,17.6,61,Clear sky,0,0,Sunny/Clear Conditions
81144,2021-11-06 11:15:00,40.666153,-73.89542,0,0,Unspecified,4475324,10.5,3.4,0.0,0.0,0.0,0.0,0,9.5,17.6,61,Clear sky,0,0,Sunny/Clear Conditions
81145,2021-11-06 01:00:00,40.865543,-73.8368,0,0,Passing or Lane Usage Improper,4474871,10.5,3.4,0.0,0.0,0.0,0.0,0,9.5,17.6,61,Clear sky,0,0,Sunny/Clear Conditions
81146,2021-11-06 15:20:00,40.762,-73.89668,1,0,Driver Inattention/Distraction,4474613,10.5,3.4,0.0,0.0,0.0,0.0,0,9.5,17.6,61,Clear sky,1,1,Sunny/Clear Conditions
81147,2021-11-04 18:57:00,40.626366,-74.1199,1,0,Driver Inattention/Distraction,4475207,9.9,3.0,0.0,0.0,0.0,0.0,3,10.8,21.2,5,Overcast,1,1,
81148,2021-11-06 22:10:00,40.748436,-73.87626,1,0,Driver Inattention/Distraction,4474741,10.5,3.4,0.0,0.0,0.0,0.0,0,9.5,17.6,61,Clear sky,1,1,Sunny/Clear Conditions
81149,2021-10-28 11:05:00,40.82802,-73.93122,0,0,Unspecified,4475488,15.2,7.9,0.0,0.0,0.0,0.0,3,19.1,34.6,28,Overcast,0,0,
81150,2021-11-06 19:00:00,40.787025,-73.793,0,0,Unspecified,4474697,10.5,3.4,0.0,0.0,0.0,0.0,0,9.5,17.6,61,Clear sky,0,0,Sunny/Clear Conditions
81151,2021-11-06 15:10:00,40.6256,-74.03608,1,0,Failure to Yield Right-of-Way,4475142,10.5,3.4,0.0,0.0,0.0,0.0,0,9.5,17.6,61,Clear sky,1,1,Sunny/Clear Conditions
81152,2021-11-06 18:34:00,40.848293,-73.84988,0,0,Unspecified,4474756,10.5,3.4,0.0,0.0,0.0,0.0,0,9.5,17.6,61,Clear sky,0,0,Sunny/Clear Conditions
81153,2021-11-05 07:00:00,40.84497,-73.9092,1,0,Failure to Yield Right-of-Way,4475493,10.7,3.2,0.0,0.0,0.0,0.0,0,14.8,30.2,1,Clear sky,1,1,Sunny/Clear Conditions
81154,2021-11-06 04:30:00,40.67275,-73.897095,0,0,Unsafe Speed,4475333,10.5,3.4,0.0,0.0,0.0,0.0,0,9.5,17.6,61,Clear sky,0,0,Sunny/Clear Conditions
81155,2021-11-06 02:00:00,40.76663,-73.88903,0,0,Unspecified,4474608,10.5,3.4,0.0,0.0,0.0,0.0,0,9.5,17.6,61,Clear sky,0,0,Sunny/Clear Conditions
81156,2021-11-05 14:05:00,40.675404,-73.87192,1,0,Unspecified,4475310,10.7,3.2,0.0,0.0,0.0,0.0,0,14.8,30.2,1,Clear sky,1,1,Sunny/Clear Conditions
81157,2021-11-06 14:46:00,40.66131,-73.931885,0,0,Unspecified,4474563,10.5,3.4,0.0,0.0,0.0,0.0,0,9.5,17.6,61,Clear sky,0,0,Sunny/Clear Conditions
81158,2021-11-05 17:50:00,40.63424,-74.141014,0,0,Driver Inattention/Distraction,4475224,10.7,3.2,0.0,0.0,0.0,0.0,0,14.8,30.2,1,Clear sky,0,0,Sunny/Clear Conditions
81159,2021-11-06 02:15:00,40.70696,-73.93922,0,0,Driver Inattention/Distraction,4474966,10.5,3.4,0.0,0.0,0.0,0.0,0,9.5,17.6,61,Clear sky,0,0,Sunny/Clear Conditions
81160,2021-11-05 18:04:00,40.785866,-73.950935,1,0,Other Vehicular,4475450,10.7,3.2,0.0,0.0,0.0,0.0,0,14.8,30.2,1,Clear sky,1,1,Sunny/Clear Conditions
81161,2021-11-06 12:50:00,40.814102,-73.940865,1,0,Driver Inattention/Distraction,4475088,10.5,3.4,0.0,0.0,0.0,0.0,0,9.5,17.6,61,Clear sky,1,1,Sunny/Clear Conditions
81162,2021-11-06 18:20:00,40.69772,-73.92454,1,0,Driver Inexperience,4474630,10.5,3.4,0.0,0.0,0.0,0.0,0,9.5,17.6,61,Clear sky,1,1,Sunny/Clear Conditions
81163,2021-11-06 12:37:00,40.62937,-73.92801,2,0,Passing or Lane Usage Improper,4474782,10.5,3.4,0.0,0.0,0.0,0.0,0,9.5,17.6,61,Clear sky,2,2,Sunny/Clear Conditions
81164,2021-11-06 07:00:00,40.680817,-73.8202,0,0,Passing or Lane Usage Improper,4475009,10.5,3.4,0.0,0.0,0.0,0.0,0,9.5,17.6,61,Clear sky,0,0,Sunny/Clear Conditions
81165,2021-11-06 09:40:00,40.65018,-73.91575,0,0,Unspecified,4474857,10.5,3.4,0.0,0.0,0.0,0.0,0,9.5,17.6,61,Clear sky,0,0,Sunny/Clear Conditions
81166,2021-11-06 07:00:00,40.75389,-73.91651,1,0,Driver Inattention/Distraction,4474552,10.5,3.4,0.0,0.0,0.0,0.0,0,9.5,17.6,61,Clear sky,1,1,Sunny/Clear Conditions
81167,2021-11-06 08:50:00,40.599766,-73.99483,0,0,Unspecified,4474523,10.5,3.4,0.0,0.0,0.0,0.0,0,9.5,17.6,61,Clear sky,0,0,Sunny/Clear Conditions
81168,2021-11-06 20:33:00,40.633858,-73.911446,0,0,Passing Too Closely,4474667,10.5,3.4,0.0,0.0,0.0,0.0,0,9.5,17.6,61,Clear sky,0,0,Sunny/Clear Conditions
81169,2021-11-05 16:19:00,40.822105,-73.90062,0,0,Driver Inattention/Distraction,4475281,10.7,3.2,0.0,0.0,0.0,0.0,0,14.8,30.2,1,Clear sky,0,0,Sunny/Clear Conditions
81170,2021-11-06 15:00:00,40.7263,-73.94273,0,0,Passing Too Closely,4474797,10.5,3.4,0.0,0.0,0.0,0.0,0,9.5,17.6,61,Clear sky,0,0,Sunny/Clear Conditions
81171,2021-11-06 10:00:00,40.738598,-73.927246,1,0,Driver Inattention/Distraction,4474635,10.5,3.4,0.0,0.0,0.0,0.0,0,9.5,17.6,61,Clear sky,1,1,Sunny/Clear Conditions
81172,2021-11-03 10:10:00,40.619167,-74.1234,2,0,Other Vehicular,4475189,10.7,3.8,0.1,0.1,0.0,1.0,51,15.6,30.6,302,Drizzle: Light,2,2,
81173,2021-11-06 14:15:00,40.543957,-74.176796,0,0,Driver Inattention/Distraction,4475203,10.5,3.4,0.0,0.0,0.0,0.0,0,9.5,17.6,61,Clear sky,0,0,Sunny/Clear Conditions
81174,2021-11-05 13:40:00,40.635017,-74.0244,0,0,Passing or Lane Usage Improper,4475149,10.7,3.2,0.0,0.0,0.0,0.0,0,14.8,30.2,1,Clear sky,0,0,Sunny/Clear Conditions
81175,2021-11-05 16:37:00,40.87781,-73.886856,1,0,Driver Inattention/Distraction,4475246,10.7,3.2,0.0,0.0,0.0,0.0,0,14.8,30.2,1,Clear sky,1,1,Sunny/Clear Conditions
81176,2021-11-01 18:50:00,40.876743,-73.90664,2,0,Unspecified,4475423,14.4,8.0,0.0,0.0,0.0,0.0,3,20.7,38.5,278,Overcast,2,2,
81177,2021-11-06 01:43:00,40.672195,-73.91133,0,0,Alcohol Involvement,4474683,10.5,3.4,0.0,0.0,0.0,0.0,0,9.5,17.6,61,Clear sky,0,0,Sunny/Clear Conditions
81178,2021-11-05 19:05:00,40.68683,-73.86703,0,0,Unsafe Speed,4475159,10.7,3.2,0.0,0.0,0.0,0.0,0,14.8,30.2,1,Clear sky,0,0,Sunny/Clear Conditions
81179,2021-11-05 09:20:00,40.834187,-73.90018,0,0,Unspecified,4475274,10.7,3.2,0.0,0.0,0.0,0.0,0,14.8,30.2,1,Clear sky,0,0,Sunny/Clear Conditions
81180,2021-11-06 21:05:00,40.68342,-73.97552,0,0,Backing Unsafely,4474926,10.5,3.4,0.0,0.0,0.0,0.0,0,9.5,17.6,61,Clear sky,0,0,Sunny/Clear Conditions
81181,2021-11-06 03:00:00,40.687492,-73.87789,0,0,Fatigued/Drowsy,4475325,10.5,3.4,0.0,0.0,0.0,0.0,0,9.5,17.6,61,Clear sky,0,0,Sunny/Clear Conditions
81182,2021-11-06 12:10:00,40.815865,-73.91987,1,0,View Obstructed/Limited,4474600,10.5,3.4,0.0,0.0,0.0,0.0,0,9.5,17.6,61,Clear sky,1,1,Sunny/Clear Conditions
81183,2021-11-06 15:12:00,40.66736,-73.844215,0,0,Failure to Yield Right-of-Way,4475001,10.5,3.4,0.0,0.0,0.0,0.0,0,9.5,17.6,61,Clear sky,0,0,Sunny/Clear Conditions
81184,2021-11-05 23:20:00,40.662743,-73.921936,1,0,Unspecified,4475231,10.7,3.2,0.0,0.0,0.0,0.0,0,14.8,30.2,1,Clear sky,1,1,Sunny/Clear Conditions
81185,2021-11-06 00:10:00,40.650146,-74.00508,1,0,Unspecified,4474893,10.5,3.4,0.0,0.0,0.0,0.0,0,9.5,17.6,61,Clear sky,1,1,Sunny/Clear Conditions
81186,2021-11-06 16:00:00,40.753838,-73.805824,0,0,Passing Too Closely,4474578,10.5,3.4,0.0,0.0,0.0,0.0,0,9.5,17.6,61,Clear sky,0,0,Sunny/Clear Conditions
81187,2021-11-06 14:00:00,40.684937,-73.91014,0,0,Driver Inattention/Distraction,4474626,10.5,3.4,0.0,0.0,0.0,0.0,0,9.5,17.6,61,Clear sky,0,0,Sunny/Clear Conditions
81188,2021-11-06 16:30:00,40.68468,-74.001335,0,0,Unspecified,4475095,10.5,3.4,0.0,0.0,0.0,0.0,0,9.5,17.6,61,Clear sky,0,0,Sunny/Clear Conditions
81189,2021-11-06 00:49:00,40.707012,-73.93871,3,0,Drugs (illegal),4474546,10.5,3.4,0.0,0.0,0.0,0.0,0,9.5,17.6,61,Clear sky,3,3,Sunny/Clear Conditions
81190,2021-11-02 09:15:00,40.752243,-73.94026,0,0,Unspecified,4475248,11.4,7.0,0.6,0.6,0.0,4.0,51,14.1,28.1,271,Drizzle: Light,0,0,
81191,2021-08-30 01:25:00,40.683292,-73.860115,0,0,Following Too Closely,4452350,28.7,21.7,3.9,3.9,0.0,7.0,63,14.7,33.8,231,Rain: Moderate,0,0,
81192,2021-11-05 00:00:00,40.856743,-73.89527,0,0,Driver Inattention/Distraction,4475505,10.7,3.2,0.0,0.0,0.0,0.0,0,14.8,30.2,1,Clear sky,0,0,Sunny/Clear Conditions
81193,2021-11-05 07:00:00,40.670822,-73.86696,0,0,Backing Unsafely,4475311,10.7,3.2,0.0,0.0,0.0,0.0,0,14.8,30.2,1,Clear sky,0,0,Sunny/Clear Conditions
81194,2021-11-01 08:06:00,40.835194,-73.874054,0,0,Backing Unsafely,4475155,14.4,8.0,0.0,0.0,0.0,0.0,3,20.7,38.5,278,Overcast,0,0,
81195,2021-11-04 16:38:00,40.83818,-73.938675,0,0,Illnes,4475347,9.9,3.0,0.0,0.0,0.0,0.0,3,10.8,21.2,5,Overcast,0,0,
81196,2021-11-06 09:04:00,40.673824,-73.90839,1,0,Driver Inattention/Distraction,4474764,10.5,3.4,0.0,0.0,0.0,0.0,0,9.5,17.6,61,Clear sky,1,1,Sunny/Clear Conditions
81197,2021-11-06 05:23:00,40.85512,-73.872215,3,0,Unspecified,4475193,10.5,3.4,0.0,0.0,0.0,0.0,0,9.5,17.6,61,Clear sky,3,3,Sunny/Clear Conditions
81198,2021-11-06 04:24:00,40.629707,-73.90486,0,0,Driver Inattention/Distraction,4474507,10.5,3.4,0.0,0.0,0.0,0.0,0,9.5,17.6,61,Clear sky,0,0,Sunny/Clear Conditions
81199,2021-11-03 20:55:00,40.7485,-73.974976,0,0,Driver Inattention/Distraction,4475288,10.7,3.8,0.1,0.1,0.0,1.0,51,15.6,30.6,302,Drizzle: Light,0,0,
81200,2021-11-06 16:40:00,40.714073,-73.95534,1,0,Pedestrian/Bicyclist/Other Pedestrian Error/Confusion,4474815,10.5,3.4,0.0,0.0,0.0,0.0,0,9.5,17.6,61,Clear sky,1,1,Sunny/Clear Conditions
81201,2021-11-06 12:13:00,40.648117,-73.931015,2,0,Unspecified,4474840,10.5,3.4,0.0,0.0,0.0,0.0,0,9.5,17.6,61,Clear sky,2,2,Sunny/Clear Conditions
81202,2021-11-01 15:54:00,40.804905,-73.91883,0,0,Unspecified,4475412,14.4,8.0,0.0,0.0,0.0,0.0,3,20.7,38.5,278,Overcast,0,0,
81203,2021-10-30 08:30:00,40.722717,-73.87851,0,0,Passing Too Closely,4475241,17.8,12.0,7.8,7.8,0.0,16.0,61,38.5,68.0,112,Rain: Light,0,0,
81204,2021-10-27 03:35:00,40.84701,-73.93172,0,0,Passing or Lane Usage Improper,4475479,16.1,12.2,6.6,6.6,0.0,6.0,61,33.3,63.0,359,Rain: Light,0,0,
81205,2021-11-06 06:30:00,40.64041,-73.9112,1,0,Alcohol Involvement,4474672,10.5,3.4,0.0,0.0,0.0,0.0,0,9.5,17.6,61,Clear sky,1,1,Sunny/Clear Conditions
81206,2021-11-06 22:20:00,40.67429,-73.800644,2,0,Traffic Control Disregarded,4475112,10.5,3.4,0.0,0.0,0.0,0.0,0,9.5,17.6,61,Clear sky,2,2,Sunny/Clear Conditions
81207,2021-11-05 18:33:00,40.803894,-73.95204,0,0,Unsafe Speed,4475264,10.7,3.2,0.0,0.0,0.0,0.0,0,14.8,30.2,1,Clear sky,0,0,Sunny/Clear Conditions
81208,2021-11-03 15:55:00,40.591877,-73.79136,0,0,Turning Improperly,4475356,10.7,3.8,0.1,0.1,0.0,1.0,51,15.6,30.6,302,Drizzle: Light,0,0,
81209,2021-11-06 09:00:00,40.89963,-73.855865,0,0,Backing Unsafely,4474829,10.5,3.4,0.0,0.0,0.0,0.0,0,9.5,17.6,61,Clear sky,0,0,Sunny/Clear Conditions
81210,2021-11-06 15:00:00,40.742043,-73.95436,0,0,Unspecified,4474621,10.5,3.4,0.0,0.0,0.0,0.0,0,9.5,17.6,61,Clear sky,0,0,Sunny/Clear Conditions
81211,2021-11-06 10:15:00,40.621216,-73.93539,1,0,Unspecified,4474538,10.5,3.4,0.0,0.0,0.0,0.0,0,9.5,17.6,61,Clear sky,1,1,Sunny/Clear Conditions
81212,2021-11-06 14:00:00,40.701027,-73.94813,0,0,Failure to Yield Right-of-Way,4474976,10.5,3.4,0.0,0.0,0.0,0.0,0,9.5,17.6,61,Clear sky,0,0,Sunny/Clear Conditions
81213,2021-11-01 02:10:00,40.696213,-73.97528,0,0,Following Too Closely,4475137,14.4,8.0,0.0,0.0,0.0,0.0,3,20.7,38.5,278,Overcast,0,0,
81214,2021-11-06 22:30:00,40.712646,-73.98998,0,0,Unspecified,4474645,10.5,3.4,0.0,0.0,0.0,0.0,0,9.5,17.6,61,Clear sky,0,0,Sunny/Clear Conditions
81215,2021-11-06 00:16:00,40.781387,-73.95213,0,0,Driver Inattention/Distraction,4475035,10.5,3.4,0.0,0.0,0.0,0.0,0,9.5,17.6,61,Clear sky,0,0,Sunny/Clear Conditions
81216,2021-11-04 15:50:00,40.76958,-73.9156,0,0,Unspecified,4475254,9.9,3.0,0.0,0.0,0.0,0.0,3,10.8,21.2,5,Overcast,0,0,
81217,2021-11-01 08:15:00,40.843174,-73.91196,0,0,Driver Inattention/Distraction,4475494,14.4,8.0,0.0,0.0,0.0,0.0,3,20.7,38.5,278,Overcast,0,0,
81218,2021-11-06 17:20:00,40.59355,-73.98465,1,0,Driver Inattention/Distraction,4474710,10.5,3.4,0.0,0.0,0.0,0.0,0,9.5,17.6,61,Clear sky,1,1,Sunny/Clear Conditions
81219,2021-11-06 20:50:00,40.600655,-73.9988,1,0,Unspecified,4474770,10.5,3.4,0.0,0.0,0.0,0.0,0,9.5,17.6,61,Clear sky,1,1,Sunny/Clear Conditions
81220,2021-10-29 17:15:00,40.738354,-73.89591,1,0,Unspecified,4475215,13.8,8.3,9.3,9.3,0.0,5.0,63,40.9,73.8,78,Rain: Moderate,1,1,
81221,2021-11-04 13:14:00,40.813095,-73.89827,1,0,Unspecified,4475177,9.9,3.0,0.0,0.0,0.0,0.0,3,10.8,21.2,5,Overcast,1,1,
81222,2021-11-04 15:30:00,40.6534,-73.88949,2,0,Unspecified,4475340,9.9,3.0,0.0,0.0,0.0,0.0,3,10.8,21.2,5,Overcast,2,2,
81223,2021-10-08 01:45:00,40.859444,-73.915985,0,0,Unsafe Speed,4475391,23.7,14.5,0.0,0.0,0.0,0.0,3,13.0,22.3,94,Overcast,0,0,
81224,2021-11-06 11:43:00,40.67824,-73.734116,1,0,Unspecified,4474804,10.5,3.4,0.0,0.0,0.0,0.0,0,9.5,17.6,61,Clear sky,1,1,Sunny/Clear Conditions
81225,2021-10-13 22:54:00,40.84506,-73.916855,0,1,Unspecified,4475458,21.7,14.8,0.1,0.1,0.0,1.0,51,12.2,23.0,200,Drizzle: Light,20,1,
81226,2021-11-06 19:09:00,40.7865,-73.803406,0,0,Passing or Lane Usage Improper,4474692,10.5,3.4,0.0,0.0,0.0,0.0,0,9.5,17.6,61,Clear sky,0,0,Sunny/Clear Conditions
81227,2021-11-04 20:50:00,40.65115,-73.890015,0,0,Unspecified,4475319,9.9,3.0,0.0,0.0,0.0,0.0,3,10.8,21.2,5,Overcast,0,0,
81228,2021-11-03 12:22:00,40.78389,-73.950294,0,0,Driver Inattention/Distraction,4475160,10.7,3.8,0.1,0.1,0.0,1.0,51,15.6,30.6,302,Drizzle: Light,0,0,
81229,2021-11-06 16:51:00,40.816677,-73.893845,0,0,Driver Inattention/Distraction,4475171,10.5,3.4,0.0,0.0,0.0,0.0,0,9.5,17.6,61,Clear sky,0,0,Sunny/Clear Conditions
81230,2021-11-03 18:05:00,0.0,0.0,1,0,Driver Inattention/Distraction,4475489,10.7,3.8,0.1,0.1,0.0,1.0,51,15.6,30.6,302,Drizzle: Light,1,1,
81231,2021-11-06 14:40:00,40.823814,-73.907745,1,0,Driver Inattention/Distraction,4475185,10.5,3.4,0.0,0.0,0.0,0.0,0,9.5,17.6,61,Clear sky,1,1,Sunny/Clear Conditions
81232,2021-11-06 22:20:00,40.735115,-73.87524,0,0,Driver Inattention/Distraction,4474743,10.5,3.4,0.0,0.0,0.0,0.0,0,9.5,17.6,61,Clear sky,0,0,Sunny/Clear Conditions
81233,2021-12-12 00:05:00,40.82101,-73.899025,0,0,Following Too Closely,4485902,13.0,3.4,0.5,0.5,0.0,1.0,53,32.4,62.6,284,Drizzle: Moderate,0,0,
81234,2021-12-12 15:00:00,40.659496,-73.96056,0,0,Driver Inattention/Distraction,4485705,13.0,3.4,0.5,0.5,0.0,1.0,53,32.4,62.6,284,Drizzle: Moderate,0,0,