,CRASH DATETIME,LATITUDE,LONGITUDE,NUMBER OF PERSONS INJURED,NUMBER OF PERSONS KILLED,CONTRIBUTING FACTOR VEHICLE 1,COLLISION_ID,temperature_2m_max,temperature_2m_min,precipitation_sum,rain_sum,snowfall_sum,precipitation_hours,weather_code,wind_speed_10m_max,wind_gusts_10m_max,wind_direction_10m_dominant,Weather Description,Severity_Score,Total_Affected_Persons,Weather_Category
81235,2021-12-10 18:00:00,40.711403,-73.916756,1,0,Driver Inattention/Distraction,4486486,8.5,1.6,0.0,0.0,0.0,0.0,3,9.8,20.5,183,Overcast,1,1,
81236,2021-12-12 16:15:00,40.639984,-73.98525,0,0,Unspecified,4486269,13.0,3.4,0.5,0.5,0.0,1.0,53,32.4,62.6,284,Drizzle: Moderate,0,0,
81237,2021-12-12 16:35:00,40.691536,-73.99912,0,0,Driver Inattention/Distraction,4485789,13.0,3.4,0.5,0.5,0.0,1.0,53,32.4,62.6,284,Drizzle: Moderate,0,0,
81238,2021-12-12 08:00:00,40.846878,-73.920616,0,0,Unsafe Speed,4485926,13.0,3.4,0.5,0.5,0.0,1.0,53,32.4,62.6,284,Drizzle: Moderate,0,0,
81239,2021-12-12 21:15:00,40.66908,-73.95289,0,0,Following Too Closely,4486181,13.0,3.4,0.5,0.5,0.0,1.0,53,32.4,62.6,284,Drizzle: Moderate,0,0,
81240,2021-12-12 00:40:00,40.673325,-73.87716,2,0,Alcohol Involvement,4486033,13.0,3.4,0.5,0.5,0.0,1.0,53,32.4,62.6,284,Drizzle: Moderate,2,2,
81241,2021-12-12 14:10:00,40.822903,-73.87005,0,0,View Obstructed/Limited,4485690,13.0,3.4,0.5,0.5,0.0,1.0,53,32.4,62.6,284,Drizzle: Moderate,0,0,
81242,2022-01-28 11:00:00,40.75898,-73.99595,0,0,Passing Too Closely,4498238,1.0,-3.1,2.4,0.0,1.68,13.0,73,18.7,31.3,251,Snow fall: Moderate,0,0,Snowy Conditions
81243,2022-01-31 15:20:00,40.67412,-73.88081,1,0,Driver Inattention/Distraction,4498867,-3.4,-17.1,0.0,0.0,0.0,0.0,3,12.2,18.0,23,Overcast,1,1,
81244,2022-01-31 01:20:00,40.845596,-73.864334,0,0,Pavement Slippery,4499193,-3.4,-17.1,0.0,0.0,0.0,0.0,3,12.2,18.0,23,Overcast,0,0,
81245,2022-01-23 09:56:00,40.810043,-73.92782,0,0,Unspecified,4499014,2.8,-6.1,0.5,0.0,0.35,3.0,71,14.2,28.1,243,Snow fall: Light,0,0,Snowy Conditions
81246,2022-01-30 14:40:00,40.674072,-73.863,0,0,Driver Inattention/Distraction,4499076,-5.4,-13.8,0.0,0.0,0.0,0.0,3,28.5,50.0,290,Overcast,0,0,
81247,2022-01-30 00:00:00,40.631035,-74.019066,0,0,Unsafe Speed,4498470,-5.4,-13.8,0.0,0.0,0.0,0.0,3,28.5,50.0,290,Overcast,0,0,
81248,2022-01-27 06:05:00,40.764416,-73.902916,0,0,Alcohol Involvement,4498106,-0.3,-9.6,0.0,0.0,0.0,0.0,3,18.7,37.1,184,Overcast,0,0,
81249,2022-01-28 14:14:00,40.64477,-73.954735,3,0,Unspecified,4498207,1.0,-3.1,2.4,0.0,1.68,13.0,73,18.7,31.3,251,Snow fall: Moderate,3,3,Snowy Conditions
81250,2022-01-29 02:45:00,40.671684,-73.75647,0,0,Pavement Slippery,4498321,-1.7,-12.9,17.6,0.1,12.25,19.0,75,39.7,72.7,336,Snow fall: Heavy,0,0,Snowy Conditions
81251,2022-01-31 21:11:00,40.845177,-73.91417,0,0,Driver Inexperience,4499546,-3.4,-17.1,0.0,0.0,0.0,0.0,3,12.2,18.0,23,Overcast,0,0,
81252,2022-01-31 21:45:00,40.695583,-73.92078,0,0,Pavement Slippery,4498916,-3.4,-17.1,0.0,0.0,0.0,0.0,3,12.2,18.0,23,Overcast,0,0,
81253,2022-01-28 23:43:00,40.73367,-73.85766,0,0,Driver Inattention/Distraction,4498059,1.0,-3.1,2.4,0.0,1.68,13.0,73,18.7,31.3,251,Snow fall: Moderate,0,0,Snowy Conditions
81254,2022-01-29 12:29:00,40.707985,-73.83394,0,0,Unspecified,4498536,-1.7,-12.9,17.6,0.1,12.25,19.0,75,39.7,72.7,336,Snow fall: Heavy,0,0,Snowy Conditions
81255,2022-01-28 18:25:00,40.844746,-73.90363,0,0,Unsafe Lane Changing,4498736,1.0,-3.1,2.4,0.0,1.68,13.0,73,18.7,31.3,251,Snow fall: Moderate,0,0,Snowy Conditions
81256,2022-01-30 08:37:00,40.65477,-74.00708,1,0,Pavement Slippery,4499244,-5.4,-13.8,0.0,0.0,0.0,0.0,3,28.5,50.0,290,Overcast,1,1,
81257,2022-01-29 14:00:00,40.752663,-73.746025,1,0,Reaction to Uninvolved Vehicle,4498175,-1.7,-12.9,17.6,0.1,12.25,19.0,75,39.7,72.7,336,Snow fall: Heavy,1,1,Snowy Conditions
81258,2022-01-23 20:30:00,40.68046,-73.96136,1,0,Traffic Control Disregarded,4498519,2.8,-6.1,0.5,0.0,0.35,3.0,71,14.2,28.1,243,Snow fall: Light,1,1,Snowy Conditions
81259,2022-01-30 09:29:00,40.845074,-73.82779,0,0,Unspecified,4498651,-5.4,-13.8,0.0,0.0,0.0,0.0,3,28.5,50.0,290,Overcast,0,0,
81260,2022-01-31 19:06:00,40.65501,-73.72964,1,0,Driver Inattention/Distraction,4498884,-3.4,-17.1,0.0,0.0,0.0,0.0,3,12.2,18.0,23,Overcast,1,1,
81261,2022-01-28 16:12:00,40.87305,-73.882965,0,0,Passing Too Closely,4498668,1.0,-3.1,2.4,0.0,1.68,13.0,73,18.7,31.3,251,Snow fall: Moderate,0,0,Snowy Conditions
81262,2022-01-28 15:16:00,40.654343,-73.864204,0,0,Driver Inattention/Distraction,4499069,1.0,-3.1,2.4,0.0,1.68,13.0,73,18.7,31.3,251,Snow fall: Moderate,0,0,Snowy Conditions
81263,2022-01-28 16:30:00,40.88271,-73.881256,0,0,Failure to Yield Right-of-Way,4498624,1.0,-3.1,2.4,0.0,1.68,13.0,73,18.7,31.3,251,Snow fall: Moderate,0,0,Snowy Conditions
81264,2022-01-30 20:30:00,40.68344,-73.74037,0,0,Driver Inattention/Distraction,4498508,-5.4,-13.8,0.0,0.0,0.0,0.0,3,28.5,50.0,290,Overcast,0,0,
81265,2022-01-30 23:00:00,40.740437,-73.98431,0,0,Unspecified,4498619,-5.4,-13.8,0.0,0.0,0.0,0.0,3,28.5,50.0,290,Overcast,0,0,
81266,2022-01-30 12:00:00,40.63337,-74.03584,0,0,Unspecified,4498471,-5.4,-13.8,0.0,0.0,0.0,0.0,3,28.5,50.0,290,Overcast,0,0,
81267,2022-01-27 13:30:00,40.6884,-73.95118,0,0,Passing or Lane Usage Improper,4499323,-0.3,-9.6,0.0,0.0,0.0,0.0,3,18.7,37.1,184,Overcast,0,0,
81268,2022-01-31 17:50:00,40.857903,-73.86468,0,0,Driver Inattention/Distraction,4499000,-3.4,-17.1,0.0,0.0,0.0,0.0,3,12.2,18.0,23,Overcast,0,0,
81269,2022-01-06 18:30:00,40.603264,-73.980675,0,0,Unspecified,4499308,4.1,-0.7,0.0,0.0,0.0,0.0,3,20.2,38.2,269,Overcast,0,0,
81270,2022-01-24 09:00:00,40.773193,-73.91317,0,0,Unspecified,4498572,0.2,-2.7,0.3,0.0,0.21,2.0,71,15.1,31.0,307,Snow fall: Light,0,0,Snowy Conditions
81271,2022-01-30 21:00:00,40.632294,-73.96678,5,0,Unspecified,4498661,-5.4,-13.8,0.0,0.0,0.0,0.0,3,28.5,50.0,290,Overcast,5,5,
81272,2022-01-31 19:00:00,40.725567,-73.87608,1,0,Failure to Yield Right-of-Way,4499029,-3.4,-17.1,0.0,0.0,0.0,0.0,3,12.2,18.0,23,Overcast,1,1,
81273,2022-01-08 19:30:00,40.85868,-73.89922,1,0,Driver Inattention/Distraction,4498953,-3.3,-8.4,0.0,0.0,0.0,0.0,1,21.6,37.8,277,Mainly clear,1,1,Sunny/Clear Conditions
81274,2022-01-24 16:25:00,40.7448,-73.991425,0,0,Unspecified,4499180,0.2,-2.7,0.3,0.0,0.21,2.0,71,15.1,31.0,307,Snow fall: Light,0,0,Snowy Conditions
81275,2022-01-28 21:36:00,40.81322,-73.90026,0,0,Turning Improperly,4498529,1.0,-3.1,2.4,0.0,1.68,13.0,73,18.7,31.3,251,Snow fall: Moderate,0,0,Snowy Conditions
81276,2022-01-24 20:45:00,40.75588,-73.92371,0,0,Unspecified,4498194,0.2,-2.7,0.3,0.0,0.21,2.0,71,15.1,31.0,307,Snow fall: Light,0,0,Snowy Conditions
81277,2022-01-29 10:30:00,40.718857,-73.946236,0,0,Pavement Slippery,4498688,-1.7,-12.9,17.6,0.1,12.25,19.0,75,39.7,72.7,336,Snow fall: Heavy,0,0,Snowy Conditions
81278,2022-01-19 19:30:00,40.665905,-73.85321,0,0,Failure to Yield Right-of-Way,4498078,7.6,-4.9,0.0,0.0,0.0,0.0,3,23.5,43.2,208,Overcast,0,0,
81279,2022-01-30 01:59:00,40.596085,-73.76216,1,0,Pavement Slippery,4498604,-5.4,-13.8,0.0,0.0,0.0,0.0,3,28.5,50.0,290,Overcast,1,1,
81280,2022-01-26 11:00:00,40.725906,-73.9354,0,0,Unspecified,4498820,-3.1,-8.0,0.0,0.0,0.0,0.0,0,20.5,39.6,328,Clear sky,0,0,Sunny/Clear Conditions
81281,2022-01-22 02:05:00,40.699375,-73.94711,1,0,Driver Inattention/Distraction,4498375,-1.3,-12.3,0.0,0.0,0.0,0.0,3,18.4,32.8,1,Overcast,1,1,
81282,2022-01-29 18:00:00,40.883133,-73.882095,0,0,Unspecified,4498629,-1.7,-12.9,17.6,0.1,12.25,19.0,75,39.7,72.7,336,Snow fall: Heavy,0,0,Snowy Conditions
81283,2022-01-27 14:00:00,40.67053,-73.90511,2,0,Unspecified,4499443,-0.3,-9.6,0.0,0.0,0.0,0.0,3,18.7,37.1,184,Overcast,2,2,
81284,2022-01-28 09:30:00,40.85525,-73.91277,0,0,Passing Too Closely,4498980,1.0,-3.1,2.4,0.0,1.68,13.0,73,18.7,31.3,251,Snow fall: Moderate,0,0,Snowy Conditions
81285,2022-01-29 09:15:00,40.83082,-73.87001,0,0,Pavement Slippery,4499096,-1.7,-12.9,17.6,0.1,12.25,19.0,75,39.7,72.7,336,Snow fall: Heavy,0,0,Snowy Conditions
81286,2022-01-31 12:45:00,40.61462,-73.968666,0,0,Unsafe Lane Changing,4498968,-3.4,-17.1,0.0,0.0,0.0,0.0,3,12.2,18.0,23,Overcast,0,0,
81287,2022-01-29 18:29:00,40.718967,-73.96104,0,0,Driver Inattention/Distraction,4498683,-1.7,-12.9,17.6,0.1,12.25,19.0,75,39.7,72.7,336,Snow fall: Heavy,0,0,Snowy Conditions
81288,2022-01-30 09:45:00,40.756176,-73.80173,0,0,Unspecified,4498497,-5.4,-13.8,0.0,0.0,0.0,0.0,3,28.5,50.0,290,Overcast,0,0,
81289,2022-01-21 15:30:00,40.722897,-73.91386,0,0,Passing Too Closely,4499172,-5.3,-11.6,0.0,0.0,0.0,0.0,3,21.9,40.0,2,Overcast,0,0,
81290,2022-01-28 19:00:00,40.87457,-73.841095,0,0,Unspecified,4499410,1.0,-3.1,2.4,0.0,1.68,13.0,73,18.7,31.3,251,Snow fall: Moderate,0,0,Snowy Conditions
81291,2022-01-29 11:50:00,40.836544,-73.87365,0,0,Aggressive Driving/Road Rage,4498721,-1.7,-12.9,17.6,0.1,12.25,19.0,75,39.7,72.7,336,Snow fall: Heavy,0,0,Snowy Conditions
81292,2022-01-19 03:00:00,40.7859,-73.848656,0,0,Following Too Closely,4499456,7.6,-4.9,0.0,0.0,0.0,0.0,3,23.5,43.2,208,Overcast,0,0,
81293,2022-01-31 17:50:00,40.85669,-73.864746,0,0,Unsafe Speed,4499357,-3.4,-17.1,0.0,0.0,0.0,0.0,3,12.2,18.0,23,Overcast,0,0,
81294,2022-01-23 23:41:00,40.820095,-73.955086,0,0,Unspecified,4499145,2.8,-6.1,0.5,0.0,0.35,3.0,71,14.2,28.1,243,Snow fall: Light,0,0,Snowy Conditions
81295,2022-01-28 14:00:00,40.809494,-73.80292,0,0,Unspecified,4498636,1.0,-3.1,2.4,0.0,1.68,13.0,73,18.7,31.3,251,Snow fall: Moderate,0,0,Snowy Conditions
81296,2022-01-25 08:27:00,40.677868,-73.90332,0,0,Unsafe Speed,4499262,6.3,-3.9,0.0,0.0,0.0,0.0,3,16.9,33.8,270,Overcast,0,0,
81297,2022-01-31 09:08:00,40.68173,-73.75343,3,0,Passing Too Closely,4499042,-3.4,-17.1,0.0,0.0,0.0,0.0,3,12.2,18.0,23,Overcast,3,3,
81298,2022-01-30 15:00:00,40.738323,-73.8856,1,0,Driver Inattention/Distraction,4498439,-5.4,-13.8,0.0,0.0,0.0,0.0,3,28.5,50.0,290,Overcast,1,1,
81299,2022-01-28 18:00:00,40.742,-73.87864,0,0,Unspecified,4498967,1.0,-3.1,2.4,0.0,1.68,13.0,73,18.7,31.3,251,Snow fall: Moderate,0,0,Snowy Conditions
81300,2022-01-21 10:15:00,40.63043,-73.88593,0,0,Passing or Lane Usage Improper,4498155,-5.3,-11.6,0.0,0.0,0.0,0.0,3,21.9,40.0,2,Overcast,0,0,
81301,2022-01-29 07:26:00,40.606358,-74.120926,0,0,Pavement Slippery,4498894,-1.7,-12.9,17.6,0.1,12.25,19.0,75,39.7,72.7,336,Snow fall: Heavy,0,0,Snowy Conditions
81302,2022-01-28 18:14:00,40.836708,-73.87527,0,0,Unspecified,4498703,1.0,-3.1,2.4,0.0,1.68,13.0,73,18.7,31.3,251,Snow fall: Moderate,0,0,Snowy Conditions
81303,2022-01-27 15:21:00,40.616756,-73.93788,0,0,Traffic Control Disregarded,4497995,-0.3,-9.6,0.0,0.0,0.0,0.0,3,18.7,37.1,184,Overcast,0,0,
81304,2022-01-29 06:55:00,40.78871,-73.94678,0,0,Pavement Slippery,4498111,-1.7,-12.9,17.6,0.1,12.25,19.0,75,39.7,72.7,336,Snow fall: Heavy,0,0,Snowy Conditions
81305,2022-01-31 08:13:00,40.59487,-73.95056,0,0,Unspecified,4498986,-3.4,-17.1,0.0,0.0,0.0,0.0,3,12.2,18.0,23,Overcast,0,0,
81306,2022-01-29 05:20:00,40.677505,-73.81786,0,0,Traffic Control Disregarded,4498551,-1.7,-12.9,17.6,0.1,12.25,19.0,75,39.7,72.7,336,Snow fall: Heavy,0,0,Snowy Conditions
81307,2022-01-30 13:17:00,40.85308,-73.8569,1,0,Driver Inattention/Distraction,4499400,-5.4,-13.8,0.0,0.0,0.0,0.0,3,28.5,50.0,290,Overcast,1,1,
81308,2022-01-27 12:13:00,40.85973,-73.85597,1,0,Traffic Control Disregarded,4498023,-0.3,-9.6,0.0,0.0,0.0,0.0,3,18.7,37.1,184,Overcast,1,1,
81309,2022-01-29 12:30:00,40.883133,-73.882095,0,0,Pavement Slippery,4498762,-1.7,-12.9,17.6,0.1,12.25,19.0,75,39.7,72.7,336,Snow fall: Heavy,0,0,Snowy Conditions
81310,2022-01-30 08:20:00,40.70075,-73.98599,0,0,Following Too Closely,4498485,-5.4,-13.8,0.0,0.0,0.0,0.0,3,28.5,50.0,290,Overcast,0,0,
81311,2022-01-30 23:20:00,40.658154,-73.73815,0,0,Unspecified,4498587,-5.4,-13.8,0.0,0.0,0.0,0.0,3,28.5,50.0,290,Overcast,0,0,
81312,2022-01-27 20:01:00,40.884716,-73.90087,0,0,Unspecified,4498116,-0.3,-9.6,0.0,0.0,0.0,0.0,3,18.7,37.1,184,Overcast,0,0,
81313,2022-01-28 07:00:00,40.72469,-73.7541,0,0,Unspecified,4498055,1.0,-3.1,2.4,0.0,1.68,13.0,73,18.7,31.3,251,Snow fall: Moderate,0,0,Snowy Conditions
81314,2022-01-28 18:00:00,40.79435,-73.94473,1,0,Failure to Yield Right-of-Way,4498110,1.0,-3.1,2.4,0.0,1.68,13.0,73,18.7,31.3,251,Snow fall: Moderate,1,1,Snowy Conditions
81315,2022-01-22 09:55:00,0.0,0.0,0,0,Driver Inattention/Distraction,4498325,-1.3,-12.3,0.0,0.0,0.0,0.0,3,18.4,32.8,1,Overcast,0,0,
81316,2022-01-29 19:00:00,40.667202,-73.99136,0,0,Backing Unsafely,4498219,-1.7,-12.9,17.6,0.1,12.25,19.0,75,39.7,72.7,336,Snow fall: Heavy,0,0,Snowy Conditions
81317,2022-01-27 13:00:00,40.738068,-73.861046,0,0,Driver Inattention/Distraction,4498087,-0.3,-9.6,0.0,0.0,0.0,0.0,3,18.7,37.1,184,Overcast,0,0,
81318,2022-01-22 13:00:00,40.837673,-73.91922,2,0,Traffic Control Disregarded,4498226,-1.3,-12.3,0.0,0.0,0.0,0.0,3,18.4,32.8,1,Overcast,2,2,
81319,2022-01-31 17:20:00,40.614594,-74.002625,0,0,Driver Inattention/Distraction,4499299,-3.4,-17.1,0.0,0.0,0.0,0.0,3,12.2,18.0,23,Overcast,0,0,
81320,2022-01-31 07:30:00,40.597282,-73.907455,0,0,Following Too Closely,4498775,-3.4,-17.1,0.0,0.0,0.0,0.0,3,12.2,18.0,23,Overcast,0,0,
81321,2022-01-25 00:10:00,40.74198,-73.82475,0,0,Unsafe Speed,4497984,6.3,-3.9,0.0,0.0,0.0,0.0,3,16.9,33.8,270,Overcast,0,0,
81322,2022-01-31 00:15:00,40.67734,-73.89909,0,0,Unspecified,4499080,-3.4,-17.1,0.0,0.0,0.0,0.0,3,12.2,18.0,23,Overcast,0,0,
81323,2022-01-31 21:30:00,40.63653,-73.92652,1,0,Steering Failure,4498921,-3.4,-17.1,0.0,0.0,0.0,0.0,3,12.2,18.0,23,Overcast,1,1,
81324,2022-01-31 08:15:00,40.824738,-73.95435,0,0,Passing or Lane Usage Improper,4499386,-3.4,-17.1,0.0,0.0,0.0,0.0,3,12.2,18.0,23,Overcast,0,0,
81325,2022-01-28 17:05:00,40.6544,-73.92044,0,0,Unspecified,4498248,1.0,-3.1,2.4,0.0,1.68,13.0,73,18.7,31.3,251,Snow fall: Moderate,0,0,Snowy Conditions
81326,2022-01-28 14:00:00,40.838017,-73.90452,0,0,Unspecified,4498615,1.0,-3.1,2.4,0.0,1.68,13.0,73,18.7,31.3,251,Snow fall: Moderate,0,0,Snowy Conditions
81327,2022-01-27 18:50:00,40.579212,-73.976265,0,0,Aggressive Driving/Road Rage,4498342,-0.3,-9.6,0.0,0.0,0.0,0.0,3,18.7,37.1,184,Overcast,0,0,
81328,2022-01-28 23:10:00,40.79824,-73.95247,0,0,Other Vehicular,4498788,1.0,-3.1,2.4,0.0,1.68,13.0,73,18.7,31.3,251,Snow fall: Moderate,0,0,Snowy Conditions
81329,2022-01-29 17:50:00,40.66592,-73.812675,0,0,Turning Improperly,4498187,-1.7,-12.9,17.6,0.1,12.25,19.0,75,39.7,72.7,336,Snow fall: Heavy,0,0,Snowy Conditions
81330,2022-01-30 16:50:00,40.716682,-73.98244,0,0,Other Vehicular,4498490,-5.4,-13.8,0.0,0.0,0.0,0.0,3,28.5,50.0,290,Overcast,0,0,
81331,2022-01-22 23:41:00,40.747772,-73.985054,0,0,Unspecified,4498293,-1.3,-12.3,0.0,0.0,0.0,0.0,3,18.4,32.8,1,Overcast,0,0,
81332,2021-12-14 15:00:00,40.89341,-73.85737,0,0,Driver Inattention/Distraction,4498904,10.4,3.1,0.0,0.0,0.0,0.0,3,18.5,31.3,322,Overcast,0,0,
81333,2022-01-17 20:04:00,40.677715,-73.93587,1,0,Unspecified,4498523,9.7,0.4,33.6,32.8,0.56,12.0,73,54.1,99.7,183,Snow fall: Moderate,1,1,Snowy Conditions
81334,2022-01-28 16:40:00,40.864655,-73.813866,0,0,Turning Improperly,4498639,1.0,-3.1,2.4,0.0,1.68,13.0,73,18.7,31.3,251,Snow fall: Moderate,0,0,Snowy Conditions
81335,2022-01-27 06:46:00,40.65588,-73.90999,1,0,View Obstructed/Limited,4498748,-0.3,-9.6,0.0,0.0,0.0,0.0,3,18.7,37.1,184,Overcast,1,1,
81336,2022-01-30 21:04:00,40.72255,-74.00631,0,0,Driver Inattention/Distraction,4499046,-5.4,-13.8,0.0,0.0,0.0,0.0,3,28.5,50.0,290,Overcast,0,0,
81337,2022-01-25 11:00:00,40.88093,-73.84755,0,0,Driver Inattention/Distraction,4499213,6.3,-3.9,0.0,0.0,0.0,0.0,3,16.9,33.8,270,Overcast,0,0,
81338,2022-01-31 07:40:00,40.715805,-73.77393,1,0,Following Too Closely,4499531,-3.4,-17.1,0.0,0.0,0.0,0.0,3,12.2,18.0,23,Overcast,1,1,
81339,2022-01-28 00:52:00,40.61226,-74.13605,0,0,Driver Inexperience,4499022,1.0,-3.1,2.4,0.0,1.68,13.0,73,18.7,31.3,251,Snow fall: Moderate,0,0,Snowy Conditions
81340,2022-01-29 11:43:00,40.64785,-73.976364,0,0,Pavement Slippery,4498540,-1.7,-12.9,17.6,0.1,12.25,19.0,75,39.7,72.7,336,Snow fall: Heavy,0,0,Snowy Conditions
81341,2022-01-25 00:31:00,40.669838,-73.89635,0,0,Unspecified,4499065,6.3,-3.9,0.0,0.0,0.0,0.0,3,16.9,33.8,270,Overcast,0,0,
81342,2022-01-29 15:05:00,40.64499,-74.07936,0,0,Driver Inexperience,4499252,-1.7,-12.9,17.6,0.1,12.25,19.0,75,39.7,72.7,336,Snow fall: Heavy,0,0,Snowy Conditions
81343,2022-01-07 20:47:00,40.671406,-73.79942,0,0,Brakes Defective,4498656,-0.0,-5.7,9.0,0.0,6.3,11.0,75,26.8,48.6,313,Snow fall: Heavy,0,0,Snowy Conditions
81344,2022-01-24 01:06:00,40.76041,-73.87485,0,0,Driver Inattention/Distraction,4499012,0.2,-2.7,0.3,0.0,0.21,2.0,71,15.1,31.0,307,Snow fall: Light,0,0,Snowy Conditions
81345,2022-01-09 09:00:00,40.67973,-73.76162,1,0,Unspecified,4499206,4.0,-5.3,5.1,5.1,0.0,12.0,53,23.8,42.1,220,Drizzle: Moderate,1,1,
81346,2022-01-26 08:04:00,40.63337,-74.03584,1,0,Failure to Yield Right-of-Way,4498512,-3.1,-8.0,0.0,0.0,0.0,0.0,0,20.5,39.6,328,Clear sky,1,1,Sunny/Clear Conditions
81347,2022-01-31 19:50:00,40.832573,-73.91052,1,0,Failure to Yield Right-of-Way,4498936,-3.4,-17.1,0.0,0.0,0.0,0.0,3,12.2,18.0,23,Overcast,1,1,
81348,2022-01-25 08:26:00,40.611843,-74.07314,0,0,Driver Inattention/Distraction,4499250,6.3,-3.9,0.0,0.0,0.0,0.0,3,16.9,33.8,270,Overcast,0,0,
81349,2022-01-29 00:05:00,40.810276,-73.94738,0,0,Pavement Slippery,4498756,-1.7,-12.9,17.6,0.1,12.25,19.0,75,39.7,72.7,336,Snow fall: Heavy,0,0,Snowy Conditions
81350,2021-08-26 13:11:00,40.675186,-73.933304,0,0,Driver Inattention/Distraction,4452879,31.8,22.8,0.1,0.1,0.0,1.0,51,14.8,29.2,228,Drizzle: Light,0,0,
81351,2021-08-30 16:59:00,40.85487,-73.88619,1,0,Driver Inattention/Distraction,4452394,28.7,21.7,3.9,3.9,0.0,7.0,63,14.7,33.8,231,Rain: Moderate,1,1,
81352,2021-08-18 15:00:00,40.69164,-73.9976,0,0,Passing Too Closely,4452965,27.0,21.1,1.5,1.5,0.0,5.0,53,24.7,46.8,150,Drizzle: Moderate,0,0,
81353,2021-08-28 15:20:00,40.59401,-73.96086,0,0,Driver Inattention/Distraction,4452977,26.2,20.2,3.9,3.9,0.0,18.0,53,23.5,45.0,65,Drizzle: Moderate,0,0,
81354,2021-08-30 20:46:00,40.74845,-73.97291,1,0,Driver Inattention/Distraction,4452944,28.7,21.7,3.9,3.9,0.0,7.0,63,14.7,33.8,231,Rain: Moderate,1,1,
81355,2021-08-28 03:00:00,40.822277,-73.908875,0,0,Driver Inattention/Distraction,4452976,26.2,20.2,3.9,3.9,0.0,18.0,53,23.5,45.0,65,Drizzle: Moderate,0,0,
81356,2021-08-24 11:54:00,40.649937,-73.958595,0,0,Unspecified,4452978,30.6,21.9,0.0,0.0,0.0,0.0,1,13.9,28.1,291,Mainly clear,0,0,Sunny/Clear Conditions
81357,2021-08-29 04:54:00,40.84543,-73.91399,0,0,Unspecified,4452973,24.5,19.7,2.5,2.5,0.0,9.0,53,13.6,25.6,98,Drizzle: Moderate,0,0,
81358,2021-08-30 19:34:00,40.83801,-73.87329,0,0,Unspecified,4452982,28.7,21.7,3.9,3.9,0.0,7.0,63,14.7,33.8,231,Rain: Moderate,0,0,
81359,2021-08-27 19:10:00,40.83005,-73.922424,0,0,Driver Inattention/Distraction,4452972,32.2,23.4,1.4,1.4,0.0,2.0,55,9.4,22.3,299,Drizzle: Dense,0,0,
81360,2021-08-26 13:40:00,40.680553,-73.90858,0,0,Unspecified,4450788,31.8,22.8,0.1,0.1,0.0,1.0,51,14.8,29.2,228,Drizzle: Light,0,0,
81361,2022-01-29 12:00:00,40.608334,-73.76395,0,0,Unspecified,4498777,-1.7,-12.9,17.6,0.1,12.25,19.0,75,39.7,72.7,336,Snow fall: Heavy,0,0,Snowy Conditions
81362,2022-01-30 23:00:00,40.689873,-73.84282,0,0,Traffic Control Disregarded,4498568,-5.4,-13.8,0.0,0.0,0.0,0.0,3,28.5,50.0,290,Overcast,0,0,
81363,2022-01-29 01:34:00,40.830112,-73.850266,0,0,Pavement Slippery,4498700,-1.7,-12.9,17.6,0.1,12.25,19.0,75,39.7,72.7,336,Snow fall: Heavy,0,0,Snowy Conditions
81364,2022-04-15 06:50:00,40.70054,-73.960205,1,0,Driver Inattention/Distraction,4519362,19.2,6.3,0.1,0.1,0.0,1.0,51,26.9,46.1,243,Drizzle: Light,1,1,
81365,2022-01-31 20:25:00,40.785374,-73.840294,1,0,Failure to Yield Right-of-Way,4498909,-3.4,-17.1,0.0,0.0,0.0,0.0,3,12.2,18.0,23,Overcast,1,1,
81366,2022-01-28 08:00:00,40.563774,-74.15586,0,0,Unsafe Speed,4498889,1.0,-3.1,2.4,0.0,1.68,13.0,73,18.7,31.3,251,Snow fall: Moderate,0,0,Snowy Conditions
81367,2022-01-25 15:15:00,40.703667,-73.9269,0,0,Unspecified,4499508,6.3,-3.9,0.0,0.0,0.0,0.0,3,16.9,33.8,270,Overcast,0,0,
81368,2022-01-31 00:15:00,40.82532,-73.94574,0,0,Unspecified,4499149,-3.4,-17.1,0.0,0.0,0.0,0.0,3,12.2,18.0,23,Overcast,0,0,
81369,2022-01-28 19:27:00,40.70424,-73.866714,0,0,Unspecified,4498394,1.0,-3.1,2.4,0.0,1.68,13.0,73,18.7,31.3,251,Snow fall: Moderate,0,0,Snowy Conditions
81370,2022-01-29 08:00:00,40.596443,-73.76474,0,0,Unspecified,4498948,-1.7,-12.9,17.6,0.1,12.25,19.0,75,39.7,72.7,336,Snow fall: Heavy,0,0,Snowy Conditions
81371,2022-01-29 23:55:00,40.826424,-73.85868,0,0,Pavement Defective,4498733,-1.7,-12.9,17.6,0.1,12.25,19.0,75,39.7,72.7,336,Snow fall: Heavy,0,0,Snowy Conditions
81372,2022-01-27 20:00:00,40.71362,-73.83038,1,0,Failure to Yield Right-of-Way,4499418,-0.3,-9.6,0.0,0.0,0.0,0.0,3,18.7,37.1,184,Overcast,1,1,
81373,2022-01-28 11:40:00,40.595795,-73.75407,0,0,Other Vehicular,4498600,1.0,-3.1,2.4,0.0,1.68,13.0,73,18.7,31.3,251,Snow fall: Moderate,0,0,Snowy Conditions
81374,2022-01-28 20:20:00,40.760494,-73.8614,1,0,Unspecified,4498407,1.0,-3.1,2.4,0.0,1.68,13.0,73,18.7,31.3,251,Snow fall: Moderate,1,1,Snowy Conditions