,CRASH DATETIME,LATITUDE,LONGITUDE,NUMBER OF PERSONS INJURED,NUMBER OF PERSONS KILLED,CONTRIBUTING FACTOR VEHICLE 1,COLLISION_ID,temperature_2m_max,temperature_2m_min,precipitation_sum,rain_sum,snowfall_sum,precipitation_hours,weather_code,wind_speed_10m_max,wind_gusts_10m_max,wind_direction_10m_dominant,Weather Description,Severity_Score,Total_Affected_Persons,Weather_Category
81375,2022-01-30 00:00:00,40.75115,-73.78253,0,0,Unspecified,4498495,-5.4,-13.8,0.0,0.0,0.0,0.0,3,28.5,50.0,290,Overcast,0,0,
81376,2022-01-31 18:50:00,40.740902,-73.97836,0,0,Unspecified,4499164,-3.4,-17.1,0.0,0.0,0.0,0.0,3,12.2,18.0,23,Overcast,0,0,
81377,2021-08-30 09:12:00,40.707092,-73.83192,0,0,Backing Unsafely,4452342,28.7,21.7,3.9,3.9,0.0,7.0,63,14.7,33.8,231,Rain: Moderate,0,0,
81378,2021-08-30 18:52:00,40.677074,-73.973694,1,0,Driver Inattention/Distraction,4452217,28.7,21.7,3.9,3.9,0.0,7.0,63,14.7,33.8,231,Rain: Moderate,1,1,
81379,2021-08-29 19:42:00,40.675323,-73.90827,0,0,Unsafe Lane Changing,4452920,24.5,19.7,2.5,2.5,0.0,9.0,53,13.6,25.6,98,Drizzle: Moderate,0,0,
81380,2021-08-25 00:05:00,40.6374,-74.01116,0,0,Unspecified,4452733,31.2,20.1,0.0,0.0,0.0,0.0,3,10.2,18.7,277,Overcast,0,0,
81381,2021-08-30 14:50:00,40.840195,-73.94307,0,0,Driver Inattention/Distraction,4452694,28.7,21.7,3.9,3.9,0.0,7.0,63,14.7,33.8,231,Rain: Moderate,0,0,
81382,2021-08-30 00:30:00,40.736732,-73.85451,0,0,Unspecified,4451815,28.7,21.7,3.9,3.9,0.0,7.0,63,14.7,33.8,231,Rain: Moderate,0,0,
81383,2021-08-30 17:50:00,40.64166,-73.93705,0,0,Other Vehicular,4452195,28.7,21.7,3.9,3.9,0.0,7.0,63,14.7,33.8,231,Rain: Moderate,0,0,
81384,2021-08-30 16:00:00,40.83354,-73.92037,0,0,Backing Unsafely,4452413,28.7,21.7,3.9,3.9,0.0,7.0,63,14.7,33.8,231,Rain: Moderate,0,0,
81385,2021-08-30 17:24:00,40.81941,-73.95333,2,0,Driver Inattention/Distraction,4452235,28.7,21.7,3.9,3.9,0.0,7.0,63,14.7,33.8,231,Rain: Moderate,2,2,
81386,2021-08-27 00:00:00,40.611095,-74.11467,1,0,Following Too Closely,4452657,32.2,23.4,1.4,1.4,0.0,2.0,55,9.4,22.3,299,Drizzle: Dense,1,1,
81387,2021-08-29 22:00:00,40.655785,-73.86289,0,0,Unspecified,4452777,24.5,19.7,2.5,2.5,0.0,9.0,53,13.6,25.6,98,Drizzle: Moderate,0,0,
81388,2021-08-30 05:10:00,40.727585,-73.88781,0,0,Unspecified,4452855,28.7,21.7,3.9,3.9,0.0,7.0,63,14.7,33.8,231,Rain: Moderate,0,0,
81389,2021-08-30 03:38:00,40.663517,-73.957214,1,0,Driver Inattention/Distraction,4451908,28.7,21.7,3.9,3.9,0.0,7.0,63,14.7,33.8,231,Rain: Moderate,1,1,
81390,2021-08-30 22:35:00,40.63311,-73.97217,0,0,Passing or Lane Usage Improper,4452247,28.7,21.7,3.9,3.9,0.0,7.0,63,14.7,33.8,231,Rain: Moderate,0,0,
81391,2021-08-26 11:25:00,40.82839,-73.881485,0,0,Unspecified,4452731,31.8,22.8,0.1,0.1,0.0,1.0,51,14.8,29.2,228,Drizzle: Light,0,0,
81392,2021-08-29 00:40:00,40.678978,-73.88771,0,0,Unspecified,4452770,24.5,19.7,2.5,2.5,0.0,9.0,53,13.6,25.6,98,Drizzle: Moderate,0,0,
81393,2021-08-30 11:15:00,40.86832,-73.83317,0,0,Passing or Lane Usage Improper,4452551,28.7,21.7,3.9,3.9,0.0,7.0,63,14.7,33.8,231,Rain: Moderate,0,0,
81394,2021-08-30 08:30:00,40.73949,-73.93841,0,0,Unspecified,4451965,28.7,21.7,3.9,3.9,0.0,7.0,63,14.7,33.8,231,Rain: Moderate,0,0,
81395,2021-08-30 16:15:00,40.83714,-73.87501,0,0,Unspecified,4452136,28.7,21.7,3.9,3.9,0.0,7.0,63,14.7,33.8,231,Rain: Moderate,0,0,
81396,2021-08-30 13:00:00,40.73319,-73.866875,1,0,Driver Inattention/Distraction,4452375,28.7,21.7,3.9,3.9,0.0,7.0,63,14.7,33.8,231,Rain: Moderate,1,1,
81397,2021-08-30 20:30:00,40.848633,-73.82801,0,0,Other Vehicular,4452418,28.7,21.7,3.9,3.9,0.0,7.0,63,14.7,33.8,231,Rain: Moderate,0,0,
81398,2021-08-30 18:50:00,40.707466,-73.7887,0,0,Alcohol Involvement,4452451,28.7,21.7,3.9,3.9,0.0,7.0,63,14.7,33.8,231,Rain: Moderate,0,0,
81399,2021-08-30 12:35:00,40.788692,-73.93787,0,0,Unsafe Speed,4452110,28.7,21.7,3.9,3.9,0.0,7.0,63,14.7,33.8,231,Rain: Moderate,0,0,
81400,2021-08-30 11:10:00,40.7044,-73.92384,0,0,Driver Inattention/Distraction,4452056,28.7,21.7,3.9,3.9,0.0,7.0,63,14.7,33.8,231,Rain: Moderate,0,0,
81401,2021-08-30 02:00:00,40.657516,-73.8931,0,0,Traffic Control Disregarded,4452792,28.7,21.7,3.9,3.9,0.0,7.0,63,14.7,33.8,231,Rain: Moderate,0,0,
81402,2021-08-26 12:30:00,40.69299,-73.95583,0,0,Unsafe Lane Changing,4452842,31.8,22.8,0.1,0.1,0.0,1.0,51,14.8,29.2,228,Drizzle: Light,0,0,
81403,2021-08-30 13:30:00,40.733475,-73.8642,0,0,Unspecified,4452084,28.7,21.7,3.9,3.9,0.0,7.0,63,14.7,33.8,231,Rain: Moderate,0,0,
81404,2022-01-14 18:50:00,40.74763,-73.88394,0,0,Unspecified,4498412,5.0,-5.0,0.0,0.0,0.0,0.0,3,34.6,62.6,358,Overcast,0,0,
81405,2021-08-30 01:52:00,40.69382,-73.83461,0,0,Passing or Lane Usage Improper,4452057,28.7,21.7,3.9,3.9,0.0,7.0,63,14.7,33.8,231,Rain: Moderate,0,0,
81406,2021-08-20 05:09:00,40.760822,-73.99832,0,0,Driver Inexperience,4452754,26.9,22.0,1.1,1.1,0.0,5.0,53,12.4,22.0,310,Drizzle: Moderate,0,0,
81407,2021-08-30 02:35:00,40.742943,-73.91685,0,0,Driver Inattention/Distraction,4452129,28.7,21.7,3.9,3.9,0.0,7.0,63,14.7,33.8,231,Rain: Moderate,0,0,
81408,2021-08-30 09:15:00,40.715958,-73.81275,0,0,Unspecified,4452021,28.7,21.7,3.9,3.9,0.0,7.0,63,14.7,33.8,231,Rain: Moderate,0,0,
81409,2021-08-30 19:39:00,40.720646,-73.760315,0,0,Failure to Yield Right-of-Way,4452449,28.7,21.7,3.9,3.9,0.0,7.0,63,14.7,33.8,231,Rain: Moderate,0,0,
81410,2021-08-30 13:25:00,40.622417,-73.92727,1,0,Driver Inattention/Distraction,4452229,28.7,21.7,3.9,3.9,0.0,7.0,63,14.7,33.8,231,Rain: Moderate,1,1,
81411,2021-08-30 18:45:00,40.696823,-73.91487,1,0,View Obstructed/Limited,4452258,28.7,21.7,3.9,3.9,0.0,7.0,63,14.7,33.8,231,Rain: Moderate,1,1,
81412,2021-08-30 14:30:00,40.72403,-74.00087,0,0,Unspecified,4452482,28.7,21.7,3.9,3.9,0.0,7.0,63,14.7,33.8,231,Rain: Moderate,0,0,
81413,2021-08-30 00:15:00,40.67281,-73.843254,0,0,Driver Inattention/Distraction,4452383,28.7,21.7,3.9,3.9,0.0,7.0,63,14.7,33.8,231,Rain: Moderate,0,0,
81414,2021-08-30 20:22:00,40.679363,-73.7973,0,0,Failure to Yield Right-of-Way,4452464,28.7,21.7,3.9,3.9,0.0,7.0,63,14.7,33.8,231,Rain: Moderate,0,0,
81415,2021-08-30 07:00:00,40.807915,-73.93006,0,0,Driver Inattention/Distraction,4452037,28.7,21.7,3.9,3.9,0.0,7.0,63,14.7,33.8,231,Rain: Moderate,0,0,
81416,2021-08-30 14:33:00,40.75898,-73.96244,1,0,Driver Inattention/Distraction,4452115,28.7,21.7,3.9,3.9,0.0,7.0,63,14.7,33.8,231,Rain: Moderate,1,1,
81417,2021-08-30 20:30:00,40.792187,-73.9382,1,0,Driver Inattention/Distraction,4452202,28.7,21.7,3.9,3.9,0.0,7.0,63,14.7,33.8,231,Rain: Moderate,1,1,
81418,2021-08-30 19:43:00,40.652767,-73.8863,0,0,Unspecified,4452785,28.7,21.7,3.9,3.9,0.0,7.0,63,14.7,33.8,231,Rain: Moderate,0,0,
81419,2021-08-17 15:10:00,40.876976,-73.90584,0,0,Unspecified,4452899,26.4,22.2,1.6,1.6,0.0,2.0,55,20.3,39.2,158,Drizzle: Dense,0,0,
81420,2021-08-30 13:26:00,40.81983,-73.841934,0,0,Unsafe Speed,4452374,28.7,21.7,3.9,3.9,0.0,7.0,63,14.7,33.8,231,Rain: Moderate,0,0,
81421,2021-08-28 20:30:00,40.611244,-73.77086,0,0,Unspecified,4452681,26.2,20.2,3.9,3.9,0.0,18.0,53,23.5,45.0,65,Drizzle: Moderate,0,0,
81422,2021-08-30 18:00:00,0.0,0.0,0,0,Unspecified,4452793,28.7,21.7,3.9,3.9,0.0,7.0,63,14.7,33.8,231,Rain: Moderate,0,0,
81423,2021-08-28 20:05:00,40.763664,-73.86778,2,0,Traffic Control Disregarded,4452869,26.2,20.2,3.9,3.9,0.0,18.0,53,23.5,45.0,65,Drizzle: Moderate,2,2,
81424,2021-08-30 17:15:00,40.735924,-74.00073,1,0,Unspecified,4452181,28.7,21.7,3.9,3.9,0.0,7.0,63,14.7,33.8,231,Rain: Moderate,1,1,
81425,2021-08-25 09:08:00,40.754337,-73.99861,0,0,Backing Unsafely,4452759,31.2,20.1,0.0,0.0,0.0,0.0,3,10.2,18.7,277,Overcast,0,0,
81426,2021-08-30 12:30:00,40.843735,-73.895905,2,0,Following Too Closely,4452063,28.7,21.7,3.9,3.9,0.0,7.0,63,14.7,33.8,231,Rain: Moderate,2,2,
81427,2021-08-30 10:30:00,40.786545,-73.95256,1,0,Failure to Yield Right-of-Way,4452402,28.7,21.7,3.9,3.9,0.0,7.0,63,14.7,33.8,231,Rain: Moderate,1,1,
81428,2021-08-30 17:24:00,40.862812,-73.907555,1,0,,4452431,28.7,21.7,3.9,3.9,0.0,7.0,63,14.7,33.8,231,Rain: Moderate,1,1,
81429,2021-08-27 12:17:00,40.676598,-73.795944,0,0,Passing Too Closely,4452882,32.2,23.4,1.4,1.4,0.0,2.0,55,9.4,22.3,299,Drizzle: Dense,0,0,
81430,2021-08-30 11:25:00,40.721996,-73.99641,1,0,Driver Inattention/Distraction,4452643,28.7,21.7,3.9,3.9,0.0,7.0,63,14.7,33.8,231,Rain: Moderate,1,1,
81431,2021-08-29 14:30:00,40.659363,-73.93967,1,0,Unspecified,4452743,24.5,19.7,2.5,2.5,0.0,9.0,53,13.6,25.6,98,Drizzle: Moderate,1,1,
81432,2021-08-30 06:34:00,40.616295,-73.92991,0,0,Unspecified,4452225,28.7,21.7,3.9,3.9,0.0,7.0,63,14.7,33.8,231,Rain: Moderate,0,0,
81433,2021-08-30 11:00:00,40.703655,-73.960594,0,0,Driver Inattention/Distraction,4452702,28.7,21.7,3.9,3.9,0.0,7.0,63,14.7,33.8,231,Rain: Moderate,0,0,
81434,2021-08-30 15:00:00,40.59476,-73.98199,0,0,Driver Inattention/Distraction,4452249,28.7,21.7,3.9,3.9,0.0,7.0,63,14.7,33.8,231,Rain: Moderate,0,0,
81435,2021-08-30 19:00:00,40.776997,-73.8148,0,0,Failure to Yield Right-of-Way,4452189,28.7,21.7,3.9,3.9,0.0,7.0,63,14.7,33.8,231,Rain: Moderate,0,0,
81436,2021-08-30 14:42:00,40.626328,-74.03284,1,0,Unspecified,4452364,28.7,21.7,3.9,3.9,0.0,7.0,63,14.7,33.8,231,Rain: Moderate,1,1,
81437,2021-08-29 15:30:00,40.669373,-73.88438,0,0,Unspecified,4452781,24.5,19.7,2.5,2.5,0.0,9.0,53,13.6,25.6,98,Drizzle: Moderate,0,0,
81438,2021-08-30 14:25:00,40.713116,-73.90972,0,0,Unspecified,4452143,28.7,21.7,3.9,3.9,0.0,7.0,63,14.7,33.8,231,Rain: Moderate,0,0,
81439,2021-08-24 22:35:00,40.72837,-73.87114,2,0,Alcohol Involvement,4452661,30.6,21.9,0.0,0.0,0.0,0.0,1,13.9,28.1,291,Mainly clear,2,2,Sunny/Clear Conditions
81440,2021-08-30 19:42:00,40.655563,-73.87974,1,0,Unspecified,4452797,28.7,21.7,3.9,3.9,0.0,7.0,63,14.7,33.8,231,Rain: Moderate,1,1,
81441,2021-08-30 01:45:00,40.747272,-73.88745,1,0,Unspecified,4452269,28.7,21.7,3.9,3.9,0.0,7.0,63,14.7,33.8,231,Rain: Moderate,1,1,
81442,2021-08-30 21:05:00,40.65728,-73.947365,0,0,Backing Unsafely,4452197,28.7,21.7,3.9,3.9,0.0,7.0,63,14.7,33.8,231,Rain: Moderate,0,0,
81443,2021-08-30 09:01:00,40.8309,-73.88638,0,0,Unspecified,4452273,28.7,21.7,3.9,3.9,0.0,7.0,63,14.7,33.8,231,Rain: Moderate,0,0,
81444,2021-08-28 06:03:00,40.852383,-73.92048,1,0,Driver Inattention/Distraction,4452713,26.2,20.2,3.9,3.9,0.0,18.0,53,23.5,45.0,65,Drizzle: Moderate,1,1,
81445,2021-08-30 04:00:00,40.58874,-73.95842,0,0,Unspecified,4451855,28.7,21.7,3.9,3.9,0.0,7.0,63,14.7,33.8,231,Rain: Moderate,0,0,
81446,2021-08-29 19:30:00,40.706783,-73.91196,1,0,Failure to Yield Right-of-Way,4452864,24.5,19.7,2.5,2.5,0.0,9.0,53,13.6,25.6,98,Drizzle: Moderate,1,1,
81447,2021-08-30 05:46:00,40.700737,-73.99499,0,0,Lane Marking Improper/Inadequate,4452174,28.7,21.7,3.9,3.9,0.0,7.0,63,14.7,33.8,231,Rain: Moderate,0,0,
81448,2021-08-30 08:45:00,40.809757,-73.95892,0,0,Unspecified,4452583,28.7,21.7,3.9,3.9,0.0,7.0,63,14.7,33.8,231,Rain: Moderate,0,0,
81449,2021-08-27 08:00:00,40.722248,-73.90133,0,0,Unspecified,4452854,32.2,23.4,1.4,1.4,0.0,2.0,55,9.4,22.3,299,Drizzle: Dense,0,0,
81450,2021-08-23 13:00:00,40.67636,-73.86643,0,0,Unspecified,4452796,28.7,22.0,36.1,36.1,0.0,19.0,65,27.4,49.3,230,Rain: Heavy,0,0,
81451,2021-08-29 19:15:00,40.74962,-73.86665,1,0,Driver Inattention/Distraction,4452688,24.5,19.7,2.5,2.5,0.0,9.0,53,13.6,25.6,98,Drizzle: Moderate,1,1,
81452,2021-08-30 00:38:00,40.840614,-73.78403,0,0,Unspecified,4451925,28.7,21.7,3.9,3.9,0.0,7.0,63,14.7,33.8,231,Rain: Moderate,0,0,
81453,2021-08-26 12:50:00,40.83989,-73.86213,1,0,Driver Inexperience,4452732,31.8,22.8,0.1,0.1,0.0,1.0,51,14.8,29.2,228,Drizzle: Light,1,1,
81454,2021-08-30 10:39:00,40.648533,-73.95827,0,0,Failure to Yield Right-of-Way,4452243,28.7,21.7,3.9,3.9,0.0,7.0,63,14.7,33.8,231,Rain: Moderate,0,0,
81455,2021-08-29 00:00:00,40.671276,-73.882324,0,0,Unspecified,4452771,24.5,19.7,2.5,2.5,0.0,9.0,53,13.6,25.6,98,Drizzle: Moderate,0,0,
81456,2021-08-30 15:45:00,40.758743,-73.797615,0,0,Following Too Closely,4452192,28.7,21.7,3.9,3.9,0.0,7.0,63,14.7,33.8,231,Rain: Moderate,0,0,
81457,2021-08-30 11:20:00,40.88396,-73.869316,3,0,Unsafe Speed,4452550,28.7,21.7,3.9,3.9,0.0,7.0,63,14.7,33.8,231,Rain: Moderate,3,3,
81458,2021-08-30 20:10:00,40.844677,-73.93886,1,0,Failure to Yield Right-of-Way,4452660,28.7,21.7,3.9,3.9,0.0,7.0,63,14.7,33.8,231,Rain: Moderate,1,1,
81459,2021-08-30 20:29:00,40.745754,-73.73044,1,0,Following Too Closely,4452218,28.7,21.7,3.9,3.9,0.0,7.0,63,14.7,33.8,231,Rain: Moderate,1,1,
81460,2021-08-14 09:30:00,40.685436,-73.96729,0,0,Other Vehicular,4452923,31.3,24.2,2.5,2.5,0.0,5.0,55,16.9,32.8,286,Drizzle: Dense,0,0,
81461,2021-08-24 16:45:00,40.689228,-73.957,1,0,Passing or Lane Usage Improper,4452844,30.6,21.9,0.0,0.0,0.0,0.0,1,13.9,28.1,291,Mainly clear,1,1,Sunny/Clear Conditions
81462,2021-08-24 20:35:00,40.657516,-73.8931,4,0,Unsafe Speed,4452758,30.6,21.9,0.0,0.0,0.0,0.0,1,13.9,28.1,291,Mainly clear,4,4,Sunny/Clear Conditions
81463,2021-08-30 10:27:00,40.884476,-73.87877,1,0,Passing Too Closely,4452061,28.7,21.7,3.9,3.9,0.0,7.0,63,14.7,33.8,231,Rain: Moderate,1,1,
81464,2021-08-30 11:44:00,40.699326,-73.79328,0,0,Backing Unsafely,4452093,28.7,21.7,3.9,3.9,0.0,7.0,63,14.7,33.8,231,Rain: Moderate,0,0,
81465,2021-08-29 21:19:00,40.803123,-73.940445,2,0,Unspecified,4452816,24.5,19.7,2.5,2.5,0.0,9.0,53,13.6,25.6,98,Drizzle: Moderate,2,2,
81466,2021-08-30 17:30:00,40.811203,-73.96158,0,0,Unspecified,4452168,28.7,21.7,3.9,3.9,0.0,7.0,63,14.7,33.8,231,Rain: Moderate,0,0,
81467,2021-08-30 16:30:00,40.77742,-73.92265,0,0,Unspecified,4452469,28.7,21.7,3.9,3.9,0.0,7.0,63,14.7,33.8,231,Rain: Moderate,0,0,
81468,2021-08-25 00:00:00,40.66957,-73.86571,0,0,Unspecified,4452776,31.2,20.1,0.0,0.0,0.0,0.0,3,10.2,18.7,277,Overcast,0,0,
81469,2021-08-30 12:00:00,40.680588,-73.82806,0,0,Failure to Yield Right-of-Way,4452038,28.7,21.7,3.9,3.9,0.0,7.0,63,14.7,33.8,231,Rain: Moderate,0,0,
81470,2021-08-30 14:35:00,40.822273,-73.906204,0,0,Unspecified,4452277,28.7,21.7,3.9,3.9,0.0,7.0,63,14.7,33.8,231,Rain: Moderate,0,0,
81471,2021-08-30 16:20:00,40.61147,-74.088486,0,0,Unspecified,4452407,28.7,21.7,3.9,3.9,0.0,7.0,63,14.7,33.8,231,Rain: Moderate,0,0,
81472,2021-08-30 10:10:00,40.611225,-74.11758,1,0,Unspecified,4452076,28.7,21.7,3.9,3.9,0.0,7.0,63,14.7,33.8,231,Rain: Moderate,1,1,
81473,2021-08-30 17:53:00,40.78663,-73.946785,0,0,Driver Inattention/Distraction,4452201,28.7,21.7,3.9,3.9,0.0,7.0,63,14.7,33.8,231,Rain: Moderate,0,0,
81474,2021-08-29 13:59:00,40.772236,-73.99388,5,0,Following Too Closely,4452741,24.5,19.7,2.5,2.5,0.0,9.0,53,13.6,25.6,98,Drizzle: Moderate,5,5,
81475,2021-08-30 18:35:00,40.715706,-73.81023,3,0,Following Too Closely,4452519,28.7,21.7,3.9,3.9,0.0,7.0,63,14.7,33.8,231,Rain: Moderate,3,3,
81476,2021-08-30 17:25:00,40.68862,-73.73746,2,0,Traffic Control Disregarded,4452151,28.7,21.7,3.9,3.9,0.0,7.0,63,14.7,33.8,231,Rain: Moderate,2,2,
81477,2021-08-30 06:50:00,40.71138,-73.96645,0,0,Traffic Control Disregarded,4452208,28.7,21.7,3.9,3.9,0.0,7.0,63,14.7,33.8,231,Rain: Moderate,0,0,
81478,2021-08-13 16:23:00,40.883465,-73.9016,0,0,Following Too Closely,4452898,33.2,24.8,0.0,0.0,0.0,0.0,3,18.2,34.9,215,Overcast,0,0,
81479,2021-08-30 01:15:00,40.65993,-73.891655,0,0,Driver Inattention/Distraction,4452787,28.7,21.7,3.9,3.9,0.0,7.0,63,14.7,33.8,231,Rain: Moderate,0,0,
81480,2022-01-14 12:03:00,40.757847,-73.89922,0,0,Driver Inattention/Distraction,4499102,5.0,-5.0,0.0,0.0,0.0,0.0,3,34.6,62.6,358,Overcast,0,0,
81481,2021-08-30 23:37:00,40.87073,-73.84679,5,0,Driver Inattention/Distraction,4452668,28.7,21.7,3.9,3.9,0.0,7.0,63,14.7,33.8,231,Rain: Moderate,5,5,
81482,2021-08-25 23:36:00,40.67224,-73.96104,0,0,Unsafe Speed,4452871,31.2,20.1,0.0,0.0,0.0,0.0,3,10.2,18.7,277,Overcast,0,0,
81483,2021-08-30 15:00:00,40.6807,-73.84465,0,0,Failure to Yield Right-of-Way,4452379,28.7,21.7,3.9,3.9,0.0,7.0,63,14.7,33.8,231,Rain: Moderate,0,0,
81484,2021-08-30 02:40:00,40.64519,-74.01393,1,0,Driver Inattention/Distraction,4451964,28.7,21.7,3.9,3.9,0.0,7.0,63,14.7,33.8,231,Rain: Moderate,1,1,
81485,2021-08-30 18:00:00,40.680088,-73.80177,0,0,Cell Phone (hand-Held),4452463,28.7,21.7,3.9,3.9,0.0,7.0,63,14.7,33.8,231,Rain: Moderate,0,0,
81486,2021-08-30 00:15:00,40.680016,-73.87743,0,0,Driver Inattention/Distraction,4452131,28.7,21.7,3.9,3.9,0.0,7.0,63,14.7,33.8,231,Rain: Moderate,0,0,
81487,2021-08-30 16:00:00,40.83562,-73.927864,0,0,Following Too Closely,4452412,28.7,21.7,3.9,3.9,0.0,7.0,63,14.7,33.8,231,Rain: Moderate,0,0,
81488,2021-08-30 20:36:00,40.711945,-73.82303,0,0,Unsafe Speed,4452347,28.7,21.7,3.9,3.9,0.0,7.0,63,14.7,33.8,231,Rain: Moderate,0,0,
81489,2021-08-30 21:50:00,40.812263,-73.92059,1,0,Unspecified,4452228,28.7,21.7,3.9,3.9,0.0,7.0,63,14.7,33.8,231,Rain: Moderate,1,1,
81490,2021-08-30 14:20:00,40.882835,-73.888016,1,0,Driver Inexperience,4452902,28.7,21.7,3.9,3.9,0.0,7.0,63,14.7,33.8,231,Rain: Moderate,1,1,
81491,2021-08-30 16:00:00,40.60461,-73.99826,0,0,Unspecified,4452753,28.7,21.7,3.9,3.9,0.0,7.0,63,14.7,33.8,231,Rain: Moderate,0,0,
81492,2021-08-30 00:00:00,40.80184,-73.95915,1,0,Unsafe Lane Changing,4452252,28.7,21.7,3.9,3.9,0.0,7.0,63,14.7,33.8,231,Rain: Moderate,1,1,
81493,2021-08-28 01:20:00,40.858646,-73.8856,2,0,Unsafe Speed,4452671,26.2,20.2,3.9,3.9,0.0,18.0,53,23.5,45.0,65,Drizzle: Moderate,2,2,
81494,2021-08-30 13:20:00,40.639317,-73.9368,1,0,Unspecified,4452180,28.7,21.7,3.9,3.9,0.0,7.0,63,14.7,33.8,231,Rain: Moderate,1,1,
81495,2021-08-30 20:00:00,40.757717,-73.94126,1,0,Unspecified,4452470,28.7,21.7,3.9,3.9,0.0,7.0,63,14.7,33.8,231,Rain: Moderate,1,1,
81496,2021-08-30 09:01:00,40.69979,-73.9594,1,0,Driver Inattention/Distraction,4452207,28.7,21.7,3.9,3.9,0.0,7.0,63,14.7,33.8,231,Rain: Moderate,1,1,
81497,2021-08-30 16:00:00,40.606544,-74.03255,0,0,Reaction to Uninvolved Vehicle,4452417,28.7,21.7,3.9,3.9,0.0,7.0,63,14.7,33.8,231,Rain: Moderate,0,0,
81498,2021-08-30 07:35:00,40.72,-73.76198,0,0,Driver Inattention/Distraction,4452020,28.7,21.7,3.9,3.9,0.0,7.0,63,14.7,33.8,231,Rain: Moderate,0,0,
81499,2021-08-30 15:30:00,40.757034,-73.87133,0,0,Driver Inattention/Distraction,4452265,28.7,21.7,3.9,3.9,0.0,7.0,63,14.7,33.8,231,Rain: Moderate,0,0,
81500,2021-08-30 00:00:00,40.707653,-73.921776,0,0,Turning Improperly,4452107,28.7,21.7,3.9,3.9,0.0,7.0,63,14.7,33.8,231,Rain: Moderate,0,0,
81501,2021-08-30 22:30:00,40.7549,-73.873886,0,0,Driver Inexperience,4452274,28.7,21.7,3.9,3.9,0.0,7.0,63,14.7,33.8,231,Rain: Moderate,0,0,
81502,2021-08-30 16:38:00,40.59511,-74.091286,0,0,Driver Inattention/Distraction,4452172,28.7,21.7,3.9,3.9,0.0,7.0,63,14.7,33.8,231,Rain: Moderate,0,0,
81503,2021-08-30 02:15:00,40.747272,-73.88745,1,0,Unspecified,4452263,28.7,21.7,3.9,3.9,0.0,7.0,63,14.7,33.8,231,Rain: Moderate,1,1,
81504,2021-08-30 19:40:00,40.646297,-73.91274,0,0,Backing Unsafely,4452222,28.7,21.7,3.9,3.9,0.0,7.0,63,14.7,33.8,231,Rain: Moderate,0,0,
81505,2021-08-29 15:30:00,40.603207,-74.1629,0,0,Driver Inattention/Distraction,4452721,24.5,19.7,2.5,2.5,0.0,9.0,53,13.6,25.6,98,Drizzle: Moderate,0,0,
81506,2021-08-30 00:15:00,40.80843,-73.92338,1,0,Lost Consciousness,4451865,28.7,21.7,3.9,3.9,0.0,7.0,63,14.7,33.8,231,Rain: Moderate,1,1,
81507,2021-08-30 01:45:00,40.653454,-73.88466,0,0,Unspecified,4452764,28.7,21.7,3.9,3.9,0.0,7.0,63,14.7,33.8,231,Rain: Moderate,0,0,
81508,2021-08-30 13:11:00,40.890545,-73.84087,0,0,Failure to Yield Right-of-Way,4452561,28.7,21.7,3.9,3.9,0.0,7.0,63,14.7,33.8,231,Rain: Moderate,0,0,
81509,2021-08-25 15:00:00,40.738415,-73.84899,0,0,Unspecified,4452829,31.2,20.1,0.0,0.0,0.0,0.0,3,10.2,18.7,277,Overcast,0,0,
81510,2021-08-30 15:00:00,40.620274,-74.09385,0,0,Unspecified,4452408,28.7,21.7,3.9,3.9,0.0,7.0,63,14.7,33.8,231,Rain: Moderate,0,0,
81511,2021-08-30 00:00:00,40.784348,-73.84487,0,0,Failure to Keep Right,4452080,28.7,21.7,3.9,3.9,0.0,7.0,63,14.7,33.8,231,Rain: Moderate,0,0,
81512,2021-08-30 11:42:00,40.619785,-73.98246,0,0,Unspecified,4452367,28.7,21.7,3.9,3.9,0.0,7.0,63,14.7,33.8,231,Rain: Moderate,0,0,
81513,2021-08-29 15:24:00,40.66115,-73.89257,0,0,Unspecified,4452762,24.5,19.7,2.5,2.5,0.0,9.0,53,13.6,25.6,98,Drizzle: Moderate,0,0,
81514,2021-08-30 14:30:00,40.621666,-74.013176,0,0,Driver Inattention/Distraction,4452114,28.7,21.7,3.9,3.9,0.0,7.0,63,14.7,33.8,231,Rain: Moderate,0,0,
81515,2021-08-30 15:19:00,40.682507,-73.81431,0,0,Driver Inattention/Distraction,4452389,28.7,21.7,3.9,3.9,0.0,7.0,63,14.7,33.8,231,Rain: Moderate,0,0,
81516,2021-08-29 03:00:00,40.681293,-73.87768,0,0,Aggressive Driving/Road Rage,4452780,24.5,19.7,2.5,2.5,0.0,9.0,53,13.6,25.6,98,Drizzle: Moderate,0,0,
81517,2021-08-30 16:45:00,40.72003,-73.74282,1,0,Unspecified,4452150,28.7,21.7,3.9,3.9,0.0,7.0,63,14.7,33.8,231,Rain: Moderate,1,1,
81518,2021-08-30 13:45:00,40.8398,-73.928665,0,0,Passing Too Closely,4452432,28.7,21.7,3.9,3.9,0.0,7.0,63,14.7,33.8,231,Rain: Moderate,0,0,
81519,2021-08-25 10:36:00,40.680016,-73.87743,0,0,Lane Marking Improper/Inadequate,4452806,31.2,20.1,0.0,0.0,0.0,0.0,3,10.2,18.7,277,Overcast,0,0,