,CRASH DATETIME,LATITUDE,LONGITUDE,NUMBER OF PERSONS INJURED,NUMBER OF PERSONS KILLED,CONTRIBUTING FACTOR VEHICLE 1,COLLISION_ID,temperature_2m_max,temperature_2m_min,precipitation_sum,rain_sum,snowfall_sum,precipitation_hours,weather_code,wind_speed_10m_max,wind_gusts_10m_max,wind_direction_10m_dominant,Weather Description,Severity_Score,Total_Affected_Persons,Weather_Category
81520,2021-08-30 07:15:00,40.820286,-73.911835,0,0,Backing Unsafely,4452033,28.7,21.7,3.9,3.9,0.0,7.0,63,14.7,33.8,231,Rain: Moderate,0,0,
81521,2021-08-30 14:15:00,40.753025,-73.873245,0,0,Failure to Yield Right-of-Way,4452368,28.7,21.7,3.9,3.9,0.0,7.0,63,14.7,33.8,231,Rain: Moderate,0,0,
81522,2021-08-30 03:54:00,40.843174,-73.91196,1,0,Traffic Control Disregarded,4452424,28.7,21.7,3.9,3.9,0.0,7.0,63,14.7,33.8,231,Rain: Moderate,1,1,
81523,2021-08-30 12:00:00,40.67429,-73.800644,0,0,Passing or Lane Usage Improper,4452466,28.7,21.7,3.9,3.9,0.0,7.0,63,14.7,33.8,231,Rain: Moderate,0,0,
81524,2021-08-30 11:35:00,40.63396,-74.01012,0,0,Backing Unsafely,4452039,28.7,21.7,3.9,3.9,0.0,7.0,63,14.7,33.8,231,Rain: Moderate,0,0,
81525,2021-08-30 15:00:00,40.689995,-73.93722,0,0,Unspecified,4452113,28.7,21.7,3.9,3.9,0.0,7.0,63,14.7,33.8,231,Rain: Moderate,0,0,
81526,2021-08-18 22:45:00,40.667953,-73.87007,1,0,Unspecified,4452788,27.0,21.1,1.5,1.5,0.0,5.0,53,24.7,46.8,150,Drizzle: Moderate,1,1,
81527,2021-08-30 15:55:00,40.667835,-73.89484,1,0,Unspecified,4452795,28.7,21.7,3.9,3.9,0.0,7.0,63,14.7,33.8,231,Rain: Moderate,1,1,
81528,2021-08-30 16:10:00,40.736763,-73.88754,1,0,,4452140,28.7,21.7,3.9,3.9,0.0,7.0,63,14.7,33.8,231,Rain: Moderate,1,1,
81529,2021-08-30 11:33:00,40.617794,-73.96,1,0,Failure to Yield Right-of-Way,4452244,28.7,21.7,3.9,3.9,0.0,7.0,63,14.7,33.8,231,Rain: Moderate,1,1,
81530,2021-08-30 16:18:00,40.680016,-73.87743,0,0,Unspecified,4452782,28.7,21.7,3.9,3.9,0.0,7.0,63,14.7,33.8,231,Rain: Moderate,0,0,
81531,2021-08-30 13:11:00,40.878986,-73.84342,1,0,Following Too Closely,4452560,28.7,21.7,3.9,3.9,0.0,7.0,63,14.7,33.8,231,Rain: Moderate,1,1,
81532,2021-08-23 10:05:00,40.75649,-73.997765,0,0,Following Too Closely,4452756,28.7,22.0,36.1,36.1,0.0,19.0,65,27.4,49.3,230,Rain: Heavy,0,0,
81533,2021-08-30 10:00:00,40.720238,-73.94441,0,0,Turning Improperly,4452059,28.7,21.7,3.9,3.9,0.0,7.0,63,14.7,33.8,231,Rain: Moderate,0,0,
81534,2021-08-30 18:45:00,40.620308,-74.16238,2,0,Traffic Control Disregarded,4452170,28.7,21.7,3.9,3.9,0.0,7.0,63,14.7,33.8,231,Rain: Moderate,2,2,
81535,2021-08-30 09:15:00,40.675735,-73.89686,2,0,Brakes Defective,4452010,28.7,21.7,3.9,3.9,0.0,7.0,63,14.7,33.8,231,Rain: Moderate,2,2,
81536,2021-08-30 12:44:00,40.68459,-73.97017,1,0,Passing or Lane Usage Improper,4452133,28.7,21.7,3.9,3.9,0.0,7.0,63,14.7,33.8,231,Rain: Moderate,1,1,
81537,2021-08-29 22:07:00,40.720154,-73.87531,0,0,Driver Inattention/Distraction,4452865,24.5,19.7,2.5,2.5,0.0,9.0,53,13.6,25.6,98,Drizzle: Moderate,0,0,
81538,2021-08-30 14:00:00,40.637966,-73.981895,0,0,Unspecified,4452361,28.7,21.7,3.9,3.9,0.0,7.0,63,14.7,33.8,231,Rain: Moderate,0,0,
81539,2021-08-30 00:40:00,40.746048,-73.89903,0,0,Driver Inattention/Distraction,4452124,28.7,21.7,3.9,3.9,0.0,7.0,63,14.7,33.8,231,Rain: Moderate,0,0,
81540,2021-08-30 23:30:00,40.586117,-73.93604,1,0,Driver Inattention/Distraction,4452926,28.7,21.7,3.9,3.9,0.0,7.0,63,14.7,33.8,231,Rain: Moderate,1,1,
81541,2021-08-29 00:00:00,40.777264,-73.9642,0,0,Unspecified,4452700,24.5,19.7,2.5,2.5,0.0,9.0,53,13.6,25.6,98,Drizzle: Moderate,0,0,
81542,2021-08-30 00:00:00,40.87637,-73.88286,1,0,Traffic Control Disregarded,4452434,28.7,21.7,3.9,3.9,0.0,7.0,63,14.7,33.8,231,Rain: Moderate,1,1,
81543,2021-08-30 23:00:00,40.781677,-73.83871,0,0,Passing Too Closely,4452193,28.7,21.7,3.9,3.9,0.0,7.0,63,14.7,33.8,231,Rain: Moderate,0,0,
81544,2021-08-30 09:25:00,40.766827,-73.909294,0,0,Failure to Yield Right-of-Way,4452461,28.7,21.7,3.9,3.9,0.0,7.0,63,14.7,33.8,231,Rain: Moderate,0,0,
81545,2021-08-30 09:46:00,40.82751,-73.92495,1,0,Driver Inexperience,4452415,28.7,21.7,3.9,3.9,0.0,7.0,63,14.7,33.8,231,Rain: Moderate,1,1,
81546,2021-08-30 11:20:00,40.61883,-73.92866,0,0,Unspecified,4452232,28.7,21.7,3.9,3.9,0.0,7.0,63,14.7,33.8,231,Rain: Moderate,0,0,
81547,2021-08-19 10:30:00,40.73706,-73.85266,1,0,Following Too Closely,4452659,30.2,23.4,11.8,11.8,0.0,13.0,61,26.3,53.3,223,Rain: Light,1,1,
81548,2021-08-29 14:50:00,40.659702,-73.8786,0,0,Unspecified,4452775,24.5,19.7,2.5,2.5,0.0,9.0,53,13.6,25.6,98,Drizzle: Moderate,0,0,
81549,2021-08-30 19:39:00,40.682003,-73.9687,1,0,Reaction to Uninvolved Vehicle,4452186,28.7,21.7,3.9,3.9,0.0,7.0,63,14.7,33.8,231,Rain: Moderate,1,1,
81550,2021-08-30 18:40:00,40.76429,-73.982834,1,0,Unspecified,4452683,28.7,21.7,3.9,3.9,0.0,7.0,63,14.7,33.8,231,Rain: Moderate,1,1,
81551,2021-08-30 05:30:00,40.64842,-73.926125,0,0,Unspecified,4452177,28.7,21.7,3.9,3.9,0.0,7.0,63,14.7,33.8,231,Rain: Moderate,0,0,
81552,2021-08-30 06:27:00,40.793594,-73.9474,0,0,Driver Inattention/Distraction,4451930,28.7,21.7,3.9,3.9,0.0,7.0,63,14.7,33.8,231,Rain: Moderate,0,0,
81553,2021-08-26 11:30:00,40.606064,-74.147514,0,0,Driver Inattention/Distraction,4452722,31.8,22.8,0.1,0.1,0.0,1.0,51,14.8,29.2,228,Drizzle: Light,0,0,
81554,2021-08-26 12:45:00,40.651604,-74.01051,0,0,Unspecified,4452873,31.8,22.8,0.1,0.1,0.0,1.0,51,14.8,29.2,228,Drizzle: Light,0,0,
81555,2021-08-30 10:14:00,40.693344,-73.80228,1,0,Failure to Yield Right-of-Way,4452098,28.7,21.7,3.9,3.9,0.0,7.0,63,14.7,33.8,231,Rain: Moderate,1,1,
81556,2021-08-26 02:15:00,40.700527,-73.94161,0,0,Backing Unsafely,4452845,31.8,22.8,0.1,0.1,0.0,1.0,51,14.8,29.2,228,Drizzle: Light,0,0,
81557,2021-08-30 14:36:00,40.617737,-73.95288,0,0,Other Vehicular,4452617,28.7,21.7,3.9,3.9,0.0,7.0,63,14.7,33.8,231,Rain: Moderate,0,0,
81558,2021-08-30 13:48:00,40.760857,-73.961075,1,0,Driver Inexperience,4452219,28.7,21.7,3.9,3.9,0.0,7.0,63,14.7,33.8,231,Rain: Moderate,1,1,
81559,2021-08-30 16:30:00,40.596874,-73.79856,0,0,Failure to Yield Right-of-Way,4452891,28.7,21.7,3.9,3.9,0.0,7.0,63,14.7,33.8,231,Rain: Moderate,0,0,
81560,2021-08-30 15:03:00,40.631844,-73.99439,0,0,Unspecified,4452345,28.7,21.7,3.9,3.9,0.0,7.0,63,14.7,33.8,231,Rain: Moderate,0,0,
81561,2021-08-30 20:18:00,40.661858,-73.95366,3,0,Passing or Lane Usage Improper,4452199,28.7,21.7,3.9,3.9,0.0,7.0,63,14.7,33.8,231,Rain: Moderate,3,3,
81562,2021-08-30 14:40:00,40.743767,-73.83748,1,0,Driver Inattention/Distraction,4452153,28.7,21.7,3.9,3.9,0.0,7.0,63,14.7,33.8,231,Rain: Moderate,1,1,
81563,2021-08-28 11:40:00,40.612576,-74.12237,1,0,Unspecified,4452705,26.2,20.2,3.9,3.9,0.0,18.0,53,23.5,45.0,65,Drizzle: Moderate,1,1,
81564,2021-08-28 19:40:00,40.76161,-73.99032,1,0,Unspecified,4452740,26.2,20.2,3.9,3.9,0.0,18.0,53,23.5,45.0,65,Drizzle: Moderate,1,1,
81565,2021-08-30 11:00:00,40.67215,-73.843185,0,0,Driver Inattention/Distraction,4452378,28.7,21.7,3.9,3.9,0.0,7.0,63,14.7,33.8,231,Rain: Moderate,0,0,
81566,2021-08-30 11:00:00,40.727493,-73.80117,0,0,Unspecified,4452528,28.7,21.7,3.9,3.9,0.0,7.0,63,14.7,33.8,231,Rain: Moderate,0,0,
81567,2021-08-30 15:58:00,40.818977,-73.927124,1,0,Unspecified,4452227,28.7,21.7,3.9,3.9,0.0,7.0,63,14.7,33.8,231,Rain: Moderate,1,1,
81568,2021-08-30 17:08:00,40.87626,-73.90395,0,0,Unspecified,4452904,28.7,21.7,3.9,3.9,0.0,7.0,63,14.7,33.8,231,Rain: Moderate,0,0,
81569,2021-08-30 20:26:00,40.756416,-73.88649,0,0,Unspecified,4452266,28.7,21.7,3.9,3.9,0.0,7.0,63,14.7,33.8,231,Rain: Moderate,0,0,
81570,2021-08-29 02:55:00,40.683933,-73.87119,0,0,Aggressive Driving/Road Rage,4452779,24.5,19.7,2.5,2.5,0.0,9.0,53,13.6,25.6,98,Drizzle: Moderate,0,0,
81571,2021-06-12 03:10:00,40.80384,-73.95608,1,0,Aggressive Driving/Road Rage,4452667,21.2,16.4,0.4,0.4,0.0,3.0,51,15.5,31.3,112,Drizzle: Light,1,1,
81572,2021-08-19 17:15:00,40.88396,-73.869316,1,0,View Obstructed/Limited,4452851,30.2,23.4,11.8,11.8,0.0,13.0,61,26.3,53.3,223,Rain: Light,1,1,
81573,2021-08-30 16:00:00,40.835926,-73.90291,1,0,Driver Inattention/Distraction,4452275,28.7,21.7,3.9,3.9,0.0,7.0,63,14.7,33.8,231,Rain: Moderate,1,1,
81574,2021-08-26 02:15:00,40.836617,-73.87377,0,0,Unsafe Speed,4452679,31.8,22.8,0.1,0.1,0.0,1.0,51,14.8,29.2,228,Drizzle: Light,0,0,
81575,2021-08-26 21:45:00,40.665905,-73.87778,2,0,Failure to Yield Right-of-Way,4452765,31.8,22.8,0.1,0.1,0.0,1.0,51,14.8,29.2,228,Drizzle: Light,2,2,
81576,2021-08-23 15:00:00,40.864273,-73.920845,0,0,Unspecified,4452709,28.7,22.0,36.1,36.1,0.0,19.0,65,27.4,49.3,230,Rain: Heavy,0,0,
81577,2021-08-30 20:35:00,40.731983,-73.91912,1,0,Following Too Closely,4452183,28.7,21.7,3.9,3.9,0.0,7.0,63,14.7,33.8,231,Rain: Moderate,1,1,
81578,2021-08-30 14:00:00,40.82929,-73.91642,1,0,Failure to Yield Right-of-Way,4452409,28.7,21.7,3.9,3.9,0.0,7.0,63,14.7,33.8,231,Rain: Moderate,1,1,
81579,2021-08-30 10:50:00,40.78959,-73.81954,1,0,Unsafe Lane Changing,4452081,28.7,21.7,3.9,3.9,0.0,7.0,63,14.7,33.8,231,Rain: Moderate,1,1,
81580,2021-08-30 23:15:00,40.674053,-73.84434,0,0,Driver Inattention/Distraction,4452397,28.7,21.7,3.9,3.9,0.0,7.0,63,14.7,33.8,231,Rain: Moderate,0,0,
81581,2021-08-27 17:14:00,40.63491,-74.01017,1,0,Unspecified,4452749,32.2,23.4,1.4,1.4,0.0,2.0,55,9.4,22.3,299,Drizzle: Dense,1,1,
81582,2021-08-30 17:15:00,40.84543,-73.91399,0,0,Passing or Lane Usage Improper,4452620,28.7,21.7,3.9,3.9,0.0,7.0,63,14.7,33.8,231,Rain: Moderate,0,0,
81583,2021-08-30 23:00:00,40.621857,-73.93823,2,0,Unspecified,4452231,28.7,21.7,3.9,3.9,0.0,7.0,63,14.7,33.8,231,Rain: Moderate,2,2,
81584,2021-08-30 19:32:00,40.576885,-74.00323,0,0,Other Vehicular,4452251,28.7,21.7,3.9,3.9,0.0,7.0,63,14.7,33.8,231,Rain: Moderate,0,0,
81585,2021-08-30 21:20:00,40.768906,-73.914246,0,0,Driver Inattention/Distraction,4452471,28.7,21.7,3.9,3.9,0.0,7.0,63,14.7,33.8,231,Rain: Moderate,0,0,
81586,2021-08-30 11:40:00,40.644,-73.976585,0,0,Unspecified,4452362,28.7,21.7,3.9,3.9,0.0,7.0,63,14.7,33.8,231,Rain: Moderate,0,0,
81587,2021-08-30 14:22:00,40.76165,-73.82715,0,0,Passing Too Closely,4452117,28.7,21.7,3.9,3.9,0.0,7.0,63,14.7,33.8,231,Rain: Moderate,0,0,
81588,2021-08-30 17:00:00,40.716133,-73.75138,0,0,Unspecified,4452147,28.7,21.7,3.9,3.9,0.0,7.0,63,14.7,33.8,231,Rain: Moderate,0,0,
81589,2021-08-23 00:00:00,40.6813,-73.89278,0,0,Unspecified,4452802,28.7,22.0,36.1,36.1,0.0,19.0,65,27.4,49.3,230,Rain: Heavy,0,0,
81590,2021-08-30 07:00:00,40.818558,-73.92732,0,0,Unspecified,4452034,28.7,21.7,3.9,3.9,0.0,7.0,63,14.7,33.8,231,Rain: Moderate,0,0,
81591,2021-08-30 14:30:00,40.684383,-73.87982,0,0,Unspecified,4452783,28.7,21.7,3.9,3.9,0.0,7.0,63,14.7,33.8,231,Rain: Moderate,0,0,
81592,2021-08-30 23:10:00,40.64412,-73.98907,1,0,Driver Inattention/Distraction,4452369,28.7,21.7,3.9,3.9,0.0,7.0,63,14.7,33.8,231,Rain: Moderate,1,1,
81593,2021-08-30 16:30:00,40.727566,-73.75038,0,0,Unspecified,4452206,28.7,21.7,3.9,3.9,0.0,7.0,63,14.7,33.8,231,Rain: Moderate,0,0,
81594,2021-08-28 00:10:00,40.897285,-73.89691,0,0,Unspecified,4452901,26.2,20.2,3.9,3.9,0.0,18.0,53,23.5,45.0,65,Drizzle: Moderate,0,0,
81595,2021-08-28 02:22:00,40.65289,-73.866745,0,0,Passing or Lane Usage Improper,4452761,26.2,20.2,3.9,3.9,0.0,18.0,53,23.5,45.0,65,Drizzle: Moderate,0,0,
81596,2021-08-28 23:00:00,40.700607,-73.90994,0,0,Turning Improperly,4452861,26.2,20.2,3.9,3.9,0.0,18.0,53,23.5,45.0,65,Drizzle: Moderate,0,0,
81597,2021-08-30 05:50:00,40.750317,-73.89867,0,0,Driver Inattention/Distraction,4452126,28.7,21.7,3.9,3.9,0.0,7.0,63,14.7,33.8,231,Rain: Moderate,0,0,
81598,2021-08-30 10:00:00,40.66626,-73.95957,0,0,Unspecified,4452159,28.7,21.7,3.9,3.9,0.0,7.0,63,14.7,33.8,231,Rain: Moderate,0,0,
81599,2021-08-30 18:00:00,40.70887,-73.81871,1,0,Unspecified,4452529,28.7,21.7,3.9,3.9,0.0,7.0,63,14.7,33.8,231,Rain: Moderate,1,1,
81600,2021-08-30 17:42:00,40.849407,-73.900894,1,0,Following Too Closely,4452426,28.7,21.7,3.9,3.9,0.0,7.0,63,14.7,33.8,231,Rain: Moderate,1,1,
81601,2021-08-30 20:28:00,40.86502,-73.89277,1,0,Failure to Yield Right-of-Way,4452435,28.7,21.7,3.9,3.9,0.0,7.0,63,14.7,33.8,231,Rain: Moderate,1,1,
81602,2021-08-29 19:30:00,40.904167,-73.89837,0,0,Unspecified,4452905,24.5,19.7,2.5,2.5,0.0,9.0,53,13.6,25.6,98,Drizzle: Moderate,0,0,
81603,2021-08-30 03:50:00,40.60574,-74.08353,0,0,Unspecified,4452032,28.7,21.7,3.9,3.9,0.0,7.0,63,14.7,33.8,231,Rain: Moderate,0,0,
81604,2021-08-17 19:10:00,40.717743,-73.93854,0,0,Unspecified,4452939,26.4,22.2,1.6,1.6,0.0,2.0,55,20.3,39.2,158,Drizzle: Dense,0,0,
81605,2021-08-30 07:53:00,40.761944,-73.96168,0,0,Turning Improperly,4452073,28.7,21.7,3.9,3.9,0.0,7.0,63,14.7,33.8,231,Rain: Moderate,0,0,
81606,2021-08-30 01:00:00,40.708786,-73.85239,0,0,Aggressive Driving/Road Rage,4452376,28.7,21.7,3.9,3.9,0.0,7.0,63,14.7,33.8,231,Rain: Moderate,0,0,
81607,2021-08-30 08:30:00,40.838684,-73.854675,0,0,Unspecified,4451992,28.7,21.7,3.9,3.9,0.0,7.0,63,14.7,33.8,231,Rain: Moderate,0,0,
81608,2021-08-30 15:00:00,40.72911,-74.01068,0,0,Failure to Yield Right-of-Way,4452171,28.7,21.7,3.9,3.9,0.0,7.0,63,14.7,33.8,231,Rain: Moderate,0,0,
81609,2021-08-30 11:40:00,40.762253,-73.99572,0,0,Unsafe Speed,4452423,28.7,21.7,3.9,3.9,0.0,7.0,63,14.7,33.8,231,Rain: Moderate,0,0,
81610,2021-08-27 21:20:00,40.711452,-73.91987,2,0,Driver Inattention/Distraction,4452866,32.2,23.4,1.4,1.4,0.0,2.0,55,9.4,22.3,299,Drizzle: Dense,2,2,
81611,2021-08-30 15:40:00,40.727283,-73.93716,0,0,Passing Too Closely,4452356,28.7,21.7,3.9,3.9,0.0,7.0,63,14.7,33.8,231,Rain: Moderate,0,0,
81612,2021-08-30 12:20:00,40.7065,-73.91701,0,0,Passing Too Closely,4452112,28.7,21.7,3.9,3.9,0.0,7.0,63,14.7,33.8,231,Rain: Moderate,0,0,
81613,2021-08-28 18:30:00,40.65773,-74.00257,0,0,Unspecified,4452734,26.2,20.2,3.9,3.9,0.0,18.0,53,23.5,45.0,65,Drizzle: Moderate,0,0,
81614,2021-08-30 13:30:00,40.766747,-73.86924,0,0,Unspecified,4452684,28.7,21.7,3.9,3.9,0.0,7.0,63,14.7,33.8,231,Rain: Moderate,0,0,
81615,2021-08-30 15:50:00,40.679222,-73.981834,0,0,Passing Too Closely,4452213,28.7,21.7,3.9,3.9,0.0,7.0,63,14.7,33.8,231,Rain: Moderate,0,0,
81616,2021-08-30 19:35:00,40.72857,-73.85809,0,0,Driver Inattention/Distraction,4452194,28.7,21.7,3.9,3.9,0.0,7.0,63,14.7,33.8,231,Rain: Moderate,0,0,
81617,2021-08-30 18:40:00,40.892754,-73.85774,1,0,Driver Inattention/Distraction,4452558,28.7,21.7,3.9,3.9,0.0,7.0,63,14.7,33.8,231,Rain: Moderate,1,1,
81618,2021-08-29 15:35:00,40.60595,-74.07601,1,0,Following Too Closely,4452658,24.5,19.7,2.5,2.5,0.0,9.0,53,13.6,25.6,98,Drizzle: Moderate,1,1,
81619,2021-08-30 19:08:00,40.77437,-73.963554,0,0,Driver Inattention/Distraction,4452221,28.7,21.7,3.9,3.9,0.0,7.0,63,14.7,33.8,231,Rain: Moderate,0,0,
81620,2021-08-30 10:35:00,40.637756,-74.00721,0,0,Unspecified,4452874,28.7,21.7,3.9,3.9,0.0,7.0,63,14.7,33.8,231,Rain: Moderate,0,0,
81621,2021-08-30 12:54:00,40.69579,-73.93313,1,0,Unspecified,4452101,28.7,21.7,3.9,3.9,0.0,7.0,63,14.7,33.8,231,Rain: Moderate,1,1,
81622,2021-08-29 04:50:00,40.680504,-73.95156,4,0,Passenger Distraction,4452846,24.5,19.7,2.5,2.5,0.0,9.0,53,13.6,25.6,98,Drizzle: Moderate,4,4,
81623,2021-08-30 13:21:00,40.722664,-73.94401,0,0,Unspecified,4452058,28.7,21.7,3.9,3.9,0.0,7.0,63,14.7,33.8,231,Rain: Moderate,0,0,
81624,2021-08-22 04:20:00,40.753925,-73.99761,0,0,Following Too Closely,4452755,23.9,22.5,56.2,56.2,0.0,21.0,63,19.8,36.0,299,Rain: Moderate,0,0,
81625,2021-08-30 11:05:00,40.67172,-73.850975,1,0,Driver Inattention/Distraction,4452384,28.7,21.7,3.9,3.9,0.0,7.0,63,14.7,33.8,231,Rain: Moderate,1,1,
81626,2021-08-30 09:02:00,40.674847,-73.79983,0,0,Passing Too Closely,4452454,28.7,21.7,3.9,3.9,0.0,7.0,63,14.7,33.8,231,Rain: Moderate,0,0,
81627,2021-08-30 14:10:00,40.674652,-73.87712,0,0,Traffic Control Disregarded,4452134,28.7,21.7,3.9,3.9,0.0,7.0,63,14.7,33.8,231,Rain: Moderate,0,0,
81628,2021-08-30 17:33:00,40.62589,-73.93442,0,0,Unspecified,4452233,28.7,21.7,3.9,3.9,0.0,7.0,63,14.7,33.8,231,Rain: Moderate,0,0,
81629,2021-08-30 11:36:00,40.832283,-73.92975,1,0,Failure to Yield Right-of-Way,4452414,28.7,21.7,3.9,3.9,0.0,7.0,63,14.7,33.8,231,Rain: Moderate,1,1,
81630,2021-08-30 13:49:00,40.683758,-73.8643,0,0,Passing Too Closely,4452344,28.7,21.7,3.9,3.9,0.0,7.0,63,14.7,33.8,231,Rain: Moderate,0,0,
81631,2021-08-30 02:20:00,40.685204,-73.86327,0,0,Unsafe Speed,4452053,28.7,21.7,3.9,3.9,0.0,7.0,63,14.7,33.8,231,Rain: Moderate,0,0,
81632,2021-08-30 03:55:00,40.89204,-73.85814,0,0,Driver Inattention/Distraction,4451939,28.7,21.7,3.9,3.9,0.0,7.0,63,14.7,33.8,231,Rain: Moderate,0,0,
81633,2021-08-30 00:00:00,40.662533,-73.88149,0,0,Traffic Control Disregarded,4452794,28.7,21.7,3.9,3.9,0.0,7.0,63,14.7,33.8,231,Rain: Moderate,0,0,
81634,2021-08-30 15:20:00,40.714165,-74.00632,1,0,Unspecified,4452246,28.7,21.7,3.9,3.9,0.0,7.0,63,14.7,33.8,231,Rain: Moderate,1,1,
81635,2021-08-30 09:00:00,40.74912,-73.85393,0,0,Following Too Closely,4452139,28.7,21.7,3.9,3.9,0.0,7.0,63,14.7,33.8,231,Rain: Moderate,0,0,
81636,2021-08-26 02:15:00,40.836617,-73.87377,1,0,Unspecified,4452698,31.8,22.8,0.1,0.1,0.0,1.0,51,14.8,29.2,228,Drizzle: Light,1,1,
81637,2021-08-26 15:30:00,40.696915,-73.81514,1,0,Backing Unsafely,4452726,31.8,22.8,0.1,0.1,0.0,1.0,51,14.8,29.2,228,Drizzle: Light,1,1,
81638,2021-08-29 09:25:00,40.676964,-73.89895,0,0,Unspecified,4452773,24.5,19.7,2.5,2.5,0.0,9.0,53,13.6,25.6,98,Drizzle: Moderate,0,0,
81639,2021-08-30 17:54:00,40.68631,-73.97445,1,0,Unsafe Lane Changing,4452187,28.7,21.7,3.9,3.9,0.0,7.0,63,14.7,33.8,231,Rain: Moderate,1,1,
81640,2021-08-29 08:45:00,40.59691,-74.19134,3,0,Unsafe Speed,4452652,24.5,19.7,2.5,2.5,0.0,9.0,53,13.6,25.6,98,Drizzle: Moderate,3,3,
81641,2021-08-29 13:46:00,40.655785,-73.86289,1,0,Driver Inattention/Distraction,4452791,24.5,19.7,2.5,2.5,0.0,9.0,53,13.6,25.6,98,Drizzle: Moderate,1,1,
81642,2021-08-30 10:40:00,40.598312,-73.96119,1,0,Unspecified,4452371,28.7,21.7,3.9,3.9,0.0,7.0,63,14.7,33.8,231,Rain: Moderate,1,1,
81643,2021-08-20 02:10:00,40.690174,-73.95527,0,0,Driver Inattention/Distraction,4452841,26.9,22.0,1.1,1.1,0.0,5.0,53,12.4,22.0,310,Drizzle: Moderate,0,0,
81644,2021-08-24 21:15:00,40.721592,-73.87647,1,0,Failure to Yield Right-of-Way,4452867,30.6,21.9,0.0,0.0,0.0,0.0,1,13.9,28.1,291,Mainly clear,1,1,Sunny/Clear Conditions
81645,2021-08-30 00:30:00,40.589252,-73.7958,0,0,Unspecified,4452083,28.7,21.7,3.9,3.9,0.0,7.0,63,14.7,33.8,231,Rain: Moderate,0,0,
81646,2021-08-30 05:41:00,40.83226,-73.91369,0,0,Fell Asleep,4452410,28.7,21.7,3.9,3.9,0.0,7.0,63,14.7,33.8,231,Rain: Moderate,0,0,
81647,2021-08-29 01:45:00,40.67751,-73.8973,0,0,Passing Too Closely,4452760,24.5,19.7,2.5,2.5,0.0,9.0,53,13.6,25.6,98,Drizzle: Moderate,0,0,
81648,2021-08-30 20:40:00,40.611446,-73.96267,0,0,Driver Inattention/Distraction,4452363,28.7,21.7,3.9,3.9,0.0,7.0,63,14.7,33.8,231,Rain: Moderate,0,0,
81649,2021-08-30 10:49:00,40.764915,-73.95516,0,0,Unsafe Lane Changing,4452072,28.7,21.7,3.9,3.9,0.0,7.0,63,14.7,33.8,231,Rain: Moderate,0,0,
81650,2021-08-30 09:45:00,40.638668,-74.139404,1,0,Driver Inattention/Distraction,4452127,28.7,21.7,3.9,3.9,0.0,7.0,63,14.7,33.8,231,Rain: Moderate,1,1,
81651,2021-08-30 16:04:00,40.763515,-73.9142,1,0,Driver Inexperience,4452465,28.7,21.7,3.9,3.9,0.0,7.0,63,14.7,33.8,231,Rain: Moderate,1,1,
81652,2021-08-30 16:00:00,40.820263,-73.92976,1,0,,4452436,28.7,21.7,3.9,3.9,0.0,7.0,63,14.7,33.8,231,Rain: Moderate,1,1,
81653,2021-08-30 10:05:00,40.60574,-74.08353,0,0,,4452035,28.7,21.7,3.9,3.9,0.0,7.0,63,14.7,33.8,231,Rain: Moderate,0,0,
81654,2021-08-29 10:30:00,40.679405,-73.88069,2,0,Driver Inattention/Distraction,4452774,24.5,19.7,2.5,2.5,0.0,9.0,53,13.6,25.6,98,Drizzle: Moderate,2,2,
81655,2021-08-26 17:13:00,40.69689,-73.95564,0,0,Turning Improperly,4452847,31.8,22.8,0.1,0.1,0.0,1.0,51,14.8,29.2,228,Drizzle: Light,0,0,
81656,2021-08-30 16:27:00,40.76975,-73.96061,1,0,Other Vehicular,4452634,28.7,21.7,3.9,3.9,0.0,7.0,63,14.7,33.8,231,Rain: Moderate,1,1,
81657,2021-08-20 08:26:00,40.89711,-73.88008,0,0,Unspecified,4452900,26.9,22.0,1.1,1.1,0.0,5.0,53,12.4,22.0,310,Drizzle: Moderate,0,0,
81658,2021-08-30 10:40:00,40.815933,-73.90992,0,0,Passing Too Closely,4452226,28.7,21.7,3.9,3.9,0.0,7.0,63,14.7,33.8,231,Rain: Moderate,0,0,
81659,2021-08-30 12:32:00,40.71763,-73.933044,0,0,Brakes Defective,4452703,28.7,21.7,3.9,3.9,0.0,7.0,63,14.7,33.8,231,Rain: Moderate,0,0,
81660,2021-08-19 23:00:00,40.83369,-73.91386,0,0,Unspecified,4452710,30.2,23.4,11.8,11.8,0.0,13.0,61,26.3,53.3,223,Rain: Light,0,0,
81661,2021-08-30 01:25:00,40.822117,-73.94024,0,0,Driver Inattention/Distraction,4451895,28.7,21.7,3.9,3.9,0.0,7.0,63,14.7,33.8,231,Rain: Moderate,0,0,
81662,2021-08-30 20:30:00,40.669956,-73.88499,0,0,Unspecified,4452798,28.7,21.7,3.9,3.9,0.0,7.0,63,14.7,33.8,231,Rain: Moderate,0,0,
81663,2022-01-31 13:28:00,40.662945,-73.95379,0,0,Pavement Slippery,4499331,-3.4,-17.1,0.0,0.0,0.0,0.0,3,12.2,18.0,23,Overcast,0,0,
81664,2021-08-29 02:22:00,40.65204,-73.887955,0,0,Unspecified,4452769,24.5,19.7,2.5,2.5,0.0,9.0,53,13.6,25.6,98,Drizzle: Moderate,0,0,
81665,2021-08-30 13:35:00,40.60459,-74.02212,0,0,Reaction to Uninvolved Vehicle,4452182,28.7,21.7,3.9,3.9,0.0,7.0,63,14.7,33.8,231,Rain: Moderate,0,0,