,CRASH DATETIME,LATITUDE,LONGITUDE,NUMBER OF PERSONS INJURED,NUMBER OF PERSONS KILLED,CONTRIBUTING FACTOR VEHICLE 1,COLLISION_ID,temperature_2m_max,temperature_2m_min,precipitation_sum,rain_sum,snowfall_sum,precipitation_hours,weather_code,wind_speed_10m_max,wind_gusts_10m_max,wind_direction_10m_dominant,Weather Description,Severity_Score,Total_Affected_Persons,Weather_Category
81666,2021-08-30 15:00:00,40.68936,-73.7848,2,0,Driver Inattention/Distraction,4452473,28.7,21.7,3.9,3.9,0.0,7.0,63,14.7,33.8,231,Rain: Moderate,2,2,
81667,2021-08-30 15:15:00,40.764214,-73.98877,0,0,Following Too Closely,4452204,28.7,21.7,3.9,3.9,0.0,7.0,63,14.7,33.8,231,Rain: Moderate,0,0,
81668,2021-08-30 22:04:00,40.64962,-73.874306,0,0,Unspecified,4452784,28.7,21.7,3.9,3.9,0.0,7.0,63,14.7,33.8,231,Rain: Moderate,0,0,
81669,2021-08-28 21:25:00,40.688564,-73.93019,1,0,Pedestrian/Bicyclist/Other Pedestrian Error/Confusion,4452909,26.2,20.2,3.9,3.9,0.0,18.0,53,23.5,45.0,65,Drizzle: Moderate,1,1,
81670,2021-08-30 21:38:00,40.765747,-73.86409,1,0,Driver Inattention/Distraction,4452267,28.7,21.7,3.9,3.9,0.0,7.0,63,14.7,33.8,231,Rain: Moderate,1,1,
81671,2021-08-30 15:37:00,40.832386,-73.86457,0,0,Unspecified,4452116,28.7,21.7,3.9,3.9,0.0,7.0,63,14.7,33.8,231,Rain: Moderate,0,0,
81672,2021-08-30 11:45:00,40.715977,-73.950485,0,0,Passing Too Closely,4452027,28.7,21.7,3.9,3.9,0.0,7.0,63,14.7,33.8,231,Rain: Moderate,0,0,
81673,2021-08-30 16:16:00,40.637817,-73.97956,0,0,Unspecified,4452400,28.7,21.7,3.9,3.9,0.0,7.0,63,14.7,33.8,231,Rain: Moderate,0,0,
81674,2021-08-30 10:29:00,40.814102,-73.940865,0,0,Driver Inattention/Distraction,4452544,28.7,21.7,3.9,3.9,0.0,7.0,63,14.7,33.8,231,Rain: Moderate,0,0,
81675,2021-08-30 09:20:00,40.696503,-73.89887,0,0,Backing Unsafely,4452144,28.7,21.7,3.9,3.9,0.0,7.0,63,14.7,33.8,231,Rain: Moderate,0,0,
81676,2021-08-30 14:16:00,40.685028,-73.94135,0,0,Aggressive Driving/Road Rage,4452430,28.7,21.7,3.9,3.9,0.0,7.0,63,14.7,33.8,231,Rain: Moderate,0,0,
81677,2021-08-29 21:13:00,40.6594,-73.88873,0,0,Unspecified,4452778,24.5,19.7,2.5,2.5,0.0,9.0,53,13.6,25.6,98,Drizzle: Moderate,0,0,
81678,2021-08-30 06:13:00,40.665375,-73.934235,0,0,Driver Inattention/Distraction,4452198,28.7,21.7,3.9,3.9,0.0,7.0,63,14.7,33.8,231,Rain: Moderate,0,0,
81679,2021-08-30 07:30:00,40.631454,-73.927216,0,0,Unspecified,4452230,28.7,21.7,3.9,3.9,0.0,7.0,63,14.7,33.8,231,Rain: Moderate,0,0,
81680,2021-08-30 08:15:00,40.639225,-74.0021,1,0,Unspecified,4452748,28.7,21.7,3.9,3.9,0.0,7.0,63,14.7,33.8,231,Rain: Moderate,1,1,
81681,2021-08-28 16:50:00,40.59514,-73.754,0,0,Driver Inattention/Distraction,4452680,26.2,20.2,3.9,3.9,0.0,18.0,53,23.5,45.0,65,Drizzle: Moderate,0,0,
81682,2021-07-25 16:04:00,40.67277,-73.9628,1,0,Driver Inattention/Distraction,4452883,28.0,20.3,7.3,7.3,0.0,10.0,63,20.9,43.2,198,Rain: Moderate,1,1,
81683,2021-08-29 08:50:00,40.644863,-74.01748,2,0,Aggressive Driving/Road Rage,4452932,24.5,19.7,2.5,2.5,0.0,9.0,53,13.6,25.6,98,Drizzle: Moderate,2,2,
81684,2021-08-30 15:40:00,40.575714,-73.96301,0,0,Driver Inattention/Distraction,4452250,28.7,21.7,3.9,3.9,0.0,7.0,63,14.7,33.8,231,Rain: Moderate,0,0,
81685,2021-08-30 15:09:00,40.78168,-73.84595,1,0,Unspecified,4452188,28.7,21.7,3.9,3.9,0.0,7.0,63,14.7,33.8,231,Rain: Moderate,1,1,
81686,2021-08-27 15:25:00,40.78643,-73.793274,0,0,Passing Too Closely,4452857,32.2,23.4,1.4,1.4,0.0,2.0,55,9.4,22.3,299,Drizzle: Dense,0,0,
81687,2021-08-27 13:00:00,40.76527,-73.97531,1,0,Turning Improperly,4452685,32.2,23.4,1.4,1.4,0.0,2.0,55,9.4,22.3,299,Drizzle: Dense,1,1,
81688,2021-08-30 13:30:00,40.784325,-73.94225,0,0,Driver Inexperience,4452214,28.7,21.7,3.9,3.9,0.0,7.0,63,14.7,33.8,231,Rain: Moderate,0,0,
81689,2021-08-26 20:15:00,40.8077723,-73.9454833,1,0,Driver Inattention/Distraction,4452662,31.8,22.8,0.1,0.1,0.0,1.0,51,14.8,29.2,228,Drizzle: Light,1,1,
81690,2021-11-07 16:55:00,40.76948,-73.95787,3,0,Other Vehicular,4475259,12.1,2.6,0.0,0.0,0.0,0.0,3,10.0,20.5,358,Overcast,3,3,
81691,2022-01-31 09:25:00,40.8305,-73.861626,0,0,Driver Inexperience,4498807,-3.4,-17.1,0.0,0.0,0.0,0.0,3,12.2,18.0,23,Overcast,0,0,
81692,2022-01-29 04:30:00,40.743263,-73.91964,0,0,Alcohol Involvement,4498148,-1.7,-12.9,17.6,0.1,12.25,19.0,75,39.7,72.7,336,Snow fall: Heavy,0,0,Snowy Conditions
81693,2022-01-27 11:25:00,40.756023,-73.82088,1,0,Failure to Yield Right-of-Way,4498014,-0.3,-9.6,0.0,0.0,0.0,0.0,3,18.7,37.1,184,Overcast,1,1,
81694,2022-01-27 14:31:00,40.597984,-73.96411,1,0,Failure to Yield Right-of-Way,4498016,-0.3,-9.6,0.0,0.0,0.0,0.0,3,18.7,37.1,184,Overcast,1,1,
81695,2022-01-29 11:25:00,40.7526,-73.81466,0,0,Unspecified,4498130,-1.7,-12.9,17.6,0.1,12.25,19.0,75,39.7,72.7,336,Snow fall: Heavy,0,0,Snowy Conditions
81696,2022-01-27 20:40:00,40.62928,-74.113365,1,0,Unspecified,4498246,-0.3,-9.6,0.0,0.0,0.0,0.0,3,18.7,37.1,184,Overcast,1,1,
81697,2022-01-28 08:19:00,40.83636,-73.86999,0,0,Passing Too Closely,4498027,1.0,-3.1,2.4,0.0,1.68,13.0,73,18.7,31.3,251,Snow fall: Moderate,0,0,Snowy Conditions
81698,2022-01-31 10:20:00,40.70674,-73.92032,0,0,Turning Improperly,4498839,-3.4,-17.1,0.0,0.0,0.0,0.0,3,12.2,18.0,23,Overcast,0,0,
81699,2022-01-27 22:02:00,40.58794,-73.97434,0,0,Unspecified,4498143,-0.3,-9.6,0.0,0.0,0.0,0.0,3,18.7,37.1,184,Overcast,0,0,
81700,2022-01-29 23:40:00,40.826424,-73.85868,0,0,Pavement Defective,4498728,-1.7,-12.9,17.6,0.1,12.25,19.0,75,39.7,72.7,336,Snow fall: Heavy,0,0,Snowy Conditions
81701,2022-01-28 08:00:00,40.642803,-74.07872,0,0,Unspecified,4498261,1.0,-3.1,2.4,0.0,1.68,13.0,73,18.7,31.3,251,Snow fall: Moderate,0,0,Snowy Conditions
81702,2022-01-27 14:56:00,40.61877,-73.929794,1,0,Glare,4498046,-0.3,-9.6,0.0,0.0,0.0,0.0,3,18.7,37.1,184,Overcast,1,1,
81703,2022-01-09 19:05:00,40.68672,-73.98224,0,0,Unspecified,4493226,4.0,-5.3,5.1,5.1,0.0,12.0,53,23.8,42.1,220,Drizzle: Moderate,0,0,
81704,2022-01-29 00:39:00,40.703434,-73.96035,0,0,Following Too Closely,4498555,-1.7,-12.9,17.6,0.1,12.25,19.0,75,39.7,72.7,336,Snow fall: Heavy,0,0,Snowy Conditions
81705,2022-01-29 19:25:00,40.734314,-73.93803,0,0,Driver Inattention/Distraction,4498162,-1.7,-12.9,17.6,0.1,12.25,19.0,75,39.7,72.7,336,Snow fall: Heavy,0,0,Snowy Conditions
81706,2022-01-30 19:30:00,40.75889,-73.98968,0,0,Unspecified,4498671,-5.4,-13.8,0.0,0.0,0.0,0.0,3,28.5,50.0,290,Overcast,0,0,
81707,2022-01-28 05:28:00,40.638786,-73.94538,0,0,Passing Too Closely,4498278,1.0,-3.1,2.4,0.0,1.68,13.0,73,18.7,31.3,251,Snow fall: Moderate,0,0,Snowy Conditions
81708,2022-01-28 09:13:00,40.69083,-73.85752,0,0,Failure to Yield Right-of-Way,4497999,1.0,-3.1,2.4,0.0,1.68,13.0,73,18.7,31.3,251,Snow fall: Moderate,0,0,Snowy Conditions
81709,2022-01-29 08:00:00,40.743176,-73.856926,0,0,Unspecified,4498426,-1.7,-12.9,17.6,0.1,12.25,19.0,75,39.7,72.7,336,Snow fall: Heavy,0,0,Snowy Conditions
81710,2022-01-29 11:30:00,40.75475,-73.93678,0,0,Unspecified,4498131,-1.7,-12.9,17.6,0.1,12.25,19.0,75,39.7,72.7,336,Snow fall: Heavy,0,0,Snowy Conditions
81711,2022-01-30 11:47:00,40.679733,-73.9578,0,0,Driver Inattention/Distraction,4498357,-5.4,-13.8,0.0,0.0,0.0,0.0,3,28.5,50.0,290,Overcast,0,0,
81712,2022-01-28 00:00:00,40.69783,-73.93677,0,0,Unspecified,4498716,1.0,-3.1,2.4,0.0,1.68,13.0,73,18.7,31.3,251,Snow fall: Moderate,0,0,Snowy Conditions
81713,2022-01-29 00:15:00,40.704185,-73.781715,0,0,Pavement Slippery,4498583,-1.7,-12.9,17.6,0.1,12.25,19.0,75,39.7,72.7,336,Snow fall: Heavy,0,0,Snowy Conditions
81714,2022-01-31 02:10:00,40.714165,-73.948166,0,0,Backing Unsafely,4498566,-3.4,-17.1,0.0,0.0,0.0,0.0,3,12.2,18.0,23,Overcast,0,0,
81715,2022-01-20 14:00:00,40.745445,-73.989136,0,0,Unspecified,4499178,5.2,-5.5,7.3,4.6,1.89,10.0,73,22.3,40.0,315,Snow fall: Moderate,0,0,Snowy Conditions
81716,2022-01-31 11:45:00,40.63721,-74.02221,0,0,Unsafe Lane Changing,4498802,-3.4,-17.1,0.0,0.0,0.0,0.0,3,12.2,18.0,23,Overcast,0,0,
81717,2022-01-30 19:02:00,40.643425,-74.01207,0,0,Unspecified,4498544,-5.4,-13.8,0.0,0.0,0.0,0.0,3,28.5,50.0,290,Overcast,0,0,
81718,2022-01-31 21:35:00,40.809776,-73.889084,0,0,Unspecified,4498958,-3.4,-17.1,0.0,0.0,0.0,0.0,3,12.2,18.0,23,Overcast,0,0,
81719,2022-01-28 15:15:00,40.708637,-73.90412,0,0,Reaction to Uninvolved Vehicle,4498405,1.0,-3.1,2.4,0.0,1.68,13.0,73,18.7,31.3,251,Snow fall: Moderate,0,0,Snowy Conditions
81720,2022-01-31 04:30:00,40.651974,-73.86542,2,0,Other Vehicular,4498676,-3.4,-17.1,0.0,0.0,0.0,0.0,3,12.2,18.0,23,Overcast,2,2,
81721,2022-04-14 20:47:00,40.781662,-73.83366,0,0,Unspecified,4519105,28.1,13.9,0.2,0.2,0.0,2.0,51,25.9,46.1,249,Drizzle: Light,0,0,
81722,2022-01-29 18:15:00,40.81612,-73.926636,1,0,Pavement Slippery,4498384,-1.7,-12.9,17.6,0.1,12.25,19.0,75,39.7,72.7,336,Snow fall: Heavy,1,1,Snowy Conditions
81723,2022-01-27 14:52:00,40.854763,-73.90765,0,0,Driver Inattention/Distraction,4498715,-0.3,-9.6,0.0,0.0,0.0,0.0,3,18.7,37.1,184,Overcast,0,0,
81724,2022-01-26 08:58:00,40.584644,-73.94899,0,0,Driver Inattention/Distraction,4498004,-3.1,-8.0,0.0,0.0,0.0,0.0,0,20.5,39.6,328,Clear sky,0,0,Sunny/Clear Conditions
81725,2022-01-27 16:28:00,40.8541,-73.919106,0,0,Brakes Defective,4498026,-0.3,-9.6,0.0,0.0,0.0,0.0,3,18.7,37.1,184,Overcast,0,0,
81726,2022-01-28 12:00:00,40.723423,-73.99287,0,0,Driver Inexperience,4498826,1.0,-3.1,2.4,0.0,1.68,13.0,73,18.7,31.3,251,Snow fall: Moderate,0,0,Snowy Conditions
81727,2022-01-29 14:03:00,40.7005,-73.901024,0,0,Passing Too Closely,4499138,-1.7,-12.9,17.6,0.1,12.25,19.0,75,39.7,72.7,336,Snow fall: Heavy,0,0,Snowy Conditions
81728,2022-01-28 16:30:00,40.815403,-73.93992,0,0,Failure to Yield Right-of-Way,4498755,1.0,-3.1,2.4,0.0,1.68,13.0,73,18.7,31.3,251,Snow fall: Moderate,0,0,Snowy Conditions
81729,2022-01-29 16:25:00,40.592762,-73.99257,0,0,Passing Too Closely,4498268,-1.7,-12.9,17.6,0.1,12.25,19.0,75,39.7,72.7,336,Snow fall: Heavy,0,0,Snowy Conditions
81730,2022-01-30 00:15:00,40.82625,-73.894844,3,0,Traffic Control Disregarded,4498726,-5.4,-13.8,0.0,0.0,0.0,0.0,3,28.5,50.0,290,Overcast,3,3,
81731,2022-01-31 11:15:00,40.708477,-73.80007,0,0,Unspecified,4498858,-3.4,-17.1,0.0,0.0,0.0,0.0,3,12.2,18.0,23,Overcast,0,0,
81732,2022-01-31 00:30:00,40.884815,-73.86755,0,0,Driver Inexperience,4498809,-3.4,-17.1,0.0,0.0,0.0,0.0,3,12.2,18.0,23,Overcast,0,0,
81733,2022-01-29 03:35:00,40.709003,-73.92234,0,0,Driver Inattention/Distraction,4498559,-1.7,-12.9,17.6,0.1,12.25,19.0,75,39.7,72.7,336,Snow fall: Heavy,0,0,Snowy Conditions
81734,2022-01-30 09:30:00,40.604942,-74.16598,0,0,Driver Inattention/Distraction,4498693,-5.4,-13.8,0.0,0.0,0.0,0.0,3,28.5,50.0,290,Overcast,0,0,
81735,2022-01-29 13:30:00,40.70914,-73.950836,0,0,Oversized Vehicle,4498561,-1.7,-12.9,17.6,0.1,12.25,19.0,75,39.7,72.7,336,Snow fall: Heavy,0,0,Snowy Conditions
81736,2022-01-29 09:20:00,40.642643,-74.08354,0,0,Unspecified,4498273,-1.7,-12.9,17.6,0.1,12.25,19.0,75,39.7,72.7,336,Snow fall: Heavy,0,0,Snowy Conditions
81737,2022-01-30 16:30:00,40.703808,-73.96518,0,0,Backing Unsafely,4498941,-5.4,-13.8,0.0,0.0,0.0,0.0,3,28.5,50.0,290,Overcast,0,0,
81738,2022-01-24 08:55:00,40.789345,-73.94153,0,0,Pedestrian/Bicyclist/Other Pedestrian Error/Confusion,4498041,0.2,-2.7,0.3,0.0,0.21,2.0,71,15.1,31.0,307,Snow fall: Light,0,0,Snowy Conditions
81739,2022-01-29 02:33:00,40.75975,-73.916176,0,0,Driver Inattention/Distraction,4498100,-1.7,-12.9,17.6,0.1,12.25,19.0,75,39.7,72.7,336,Snow fall: Heavy,0,0,Snowy Conditions
81740,2022-01-31 11:30:00,40.723827,-73.89729,0,0,Failure to Yield Right-of-Way,4499137,-3.4,-17.1,0.0,0.0,0.0,0.0,3,12.2,18.0,23,Overcast,0,0,
81741,2022-01-28 17:20:00,40.63472,-74.10894,1,0,Failure to Yield Right-of-Way,4498263,1.0,-3.1,2.4,0.0,1.68,13.0,73,18.7,31.3,251,Snow fall: Moderate,1,1,Snowy Conditions
81742,2022-01-29 12:03:00,40.674503,-73.83773,0,0,Driver Inattention/Distraction,4498186,-1.7,-12.9,17.6,0.1,12.25,19.0,75,39.7,72.7,336,Snow fall: Heavy,0,0,Snowy Conditions
81743,2022-01-27 02:04:00,40.62909,-74.078255,0,0,Driverless/Runaway Vehicle,4499429,-0.3,-9.6,0.0,0.0,0.0,0.0,3,18.7,37.1,184,Overcast,0,0,
81744,2021-08-31 13:12:00,40.73656,-73.79923,0,0,Driver Inattention/Distraction,4452536,28.5,21.2,0.0,0.0,0.0,0.0,3,15.5,29.9,301,Overcast,0,0,
81745,2022-01-30 08:30:00,40.65994,-73.95347,0,0,Pavement Slippery,4499347,-5.4,-13.8,0.0,0.0,0.0,0.0,3,28.5,50.0,290,Overcast,0,0,
81746,2022-01-30 10:43:00,40.8247,-73.89778,0,0,Unspecified,4498527,-5.4,-13.8,0.0,0.0,0.0,0.0,3,28.5,50.0,290,Overcast,0,0,
81747,2022-01-28 08:03:00,40.66208,-73.92121,1,0,Driver Inattention/Distraction,4498241,1.0,-3.1,2.4,0.0,1.68,13.0,73,18.7,31.3,251,Snow fall: Moderate,1,1,Snowy Conditions
81748,2022-01-28 09:50:00,40.848793,-73.91495,0,0,Unspecified,4498009,1.0,-3.1,2.4,0.0,1.68,13.0,73,18.7,31.3,251,Snow fall: Moderate,0,0,Snowy Conditions
81749,2022-01-28 06:25:00,40.745766,-73.86421,1,0,Failure to Yield Right-of-Way,4498395,1.0,-3.1,2.4,0.0,1.68,13.0,73,18.7,31.3,251,Snow fall: Moderate,1,1,Snowy Conditions
81750,2022-01-28 11:25:00,40.803864,-73.92041,1,0,Unsafe Lane Changing,4498623,1.0,-3.1,2.4,0.0,1.68,13.0,73,18.7,31.3,251,Snow fall: Moderate,1,1,Snowy Conditions
81751,2022-01-28 14:05:00,40.74052,-73.70259,0,0,Unspecified,4498053,1.0,-3.1,2.4,0.0,1.68,13.0,73,18.7,31.3,251,Snow fall: Moderate,0,0,Snowy Conditions
81752,2022-01-27 12:58:00,40.806786,-73.92335,0,0,Unspecified,4498373,-0.3,-9.6,0.0,0.0,0.0,0.0,3,18.7,37.1,184,Overcast,0,0,
81753,2022-01-31 22:30:00,40.737335,-73.86345,0,0,Passing or Lane Usage Improper,4499155,-3.4,-17.1,0.0,0.0,0.0,0.0,3,12.2,18.0,23,Overcast,0,0,
81754,2022-01-28 06:05:00,40.62194,-73.91753,2,0,Failure to Yield Right-of-Way,4497994,1.0,-3.1,2.4,0.0,1.68,13.0,73,18.7,31.3,251,Snow fall: Moderate,2,2,Snowy Conditions
81755,2021-01-21 02:40:00,40.67357,-73.95294,0,0,Unsafe Speed,4498427,5.3,-4.7,0.0,0.0,0.0,0.0,3,20.0,40.3,213,Overcast,0,0,
81756,2022-01-31 18:24:00,40.848545,-73.86161,0,0,Driver Inattention/Distraction,4498919,-3.4,-17.1,0.0,0.0,0.0,0.0,3,12.2,18.0,23,Overcast,0,0,
81757,2022-01-26 16:00:00,40.68723,-73.941795,1,0,Pedestrian/Bicyclist/Other Pedestrian Error/Confusion,4498364,-3.1,-8.0,0.0,0.0,0.0,0.0,0,20.5,39.6,328,Clear sky,1,1,Sunny/Clear Conditions
81758,2022-01-30 20:00:00,40.66858,-73.84223,0,0,Passing or Lane Usage Improper,4498554,-5.4,-13.8,0.0,0.0,0.0,0.0,3,28.5,50.0,290,Overcast,0,0,
81759,2021-11-26 02:37:00,40.83945,-73.91209,0,0,Unspecified,4498295,7.6,1.6,8.4,8.4,0.0,11.0,61,28.7,53.6,279,Rain: Light,0,0,
81760,2022-01-22 02:18:00,40.785866,-73.950935,1,0,Unsafe Speed,4499483,-1.3,-12.3,0.0,0.0,0.0,0.0,3,18.4,32.8,1,Overcast,1,1,
81761,2022-01-31 05:00:00,40.641743,-73.93586,0,0,Unspecified,4498770,-3.4,-17.1,0.0,0.0,0.0,0.0,3,12.2,18.0,23,Overcast,0,0,
81762,2022-01-29 23:11:00,40.702362,-73.91291,0,0,Failure to Yield Right-of-Way,4498695,-1.7,-12.9,17.6,0.1,12.25,19.0,75,39.7,72.7,336,Snow fall: Heavy,0,0,Snowy Conditions
81763,2022-01-31 16:05:00,40.73207,-73.94462,0,0,Driver Inattention/Distraction,4499050,-3.4,-17.1,0.0,0.0,0.0,0.0,3,12.2,18.0,23,Overcast,0,0,
81764,2022-01-31 09:53:00,40.88742,-73.89449,1,0,Pavement Slippery,4499112,-3.4,-17.1,0.0,0.0,0.0,0.0,3,12.2,18.0,23,Overcast,1,1,
81765,2021-12-04 13:40:00,40.80787,-73.94979,0,0,Driver Inattention/Distraction,4499375,8.3,-0.7,0.0,0.0,0.0,0.0,3,13.5,25.9,231,Overcast,0,0,
81766,2022-01-27 01:15:00,40.822655,-73.86751,0,0,Driver Inexperience,4498031,-0.3,-9.6,0.0,0.0,0.0,0.0,3,18.7,37.1,184,Overcast,0,0,
81767,2022-01-30 00:00:00,40.637047,-74.16504,0,0,Following Too Closely,4498448,-5.4,-13.8,0.0,0.0,0.0,0.0,3,28.5,50.0,290,Overcast,0,0,
81768,2022-01-30 22:00:00,40.736637,-73.92382,0,0,Unspecified,4499087,-5.4,-13.8,0.0,0.0,0.0,0.0,3,28.5,50.0,290,Overcast,0,0,
81769,2022-01-29 09:50:00,40.67219,-73.983795,0,0,Pavement Slippery,4498218,-1.7,-12.9,17.6,0.1,12.25,19.0,75,39.7,72.7,336,Snow fall: Heavy,0,0,Snowy Conditions
81770,2022-01-31 20:47:00,40.76856,-73.82141,1,0,Failure to Yield Right-of-Way,4498902,-3.4,-17.1,0.0,0.0,0.0,0.0,3,12.2,18.0,23,Overcast,1,1,
81771,2022-01-28 17:13:00,40.80886,-73.95213,1,0,Driver Inattention/Distraction,4498787,1.0,-3.1,2.4,0.0,1.68,13.0,73,18.7,31.3,251,Snow fall: Moderate,1,1,Snowy Conditions
81772,2022-01-28 22:00:00,40.751568,-73.90371,0,0,Unspecified,4498163,1.0,-3.1,2.4,0.0,1.68,13.0,73,18.7,31.3,251,Snow fall: Moderate,0,0,Snowy Conditions
81773,2022-01-28 22:00:00,40.75633,-73.89873,0,0,Driver Inattention/Distraction,4499433,1.0,-3.1,2.4,0.0,1.68,13.0,73,18.7,31.3,251,Snow fall: Moderate,0,0,Snowy Conditions
81774,2022-01-29 04:15:00,40.717022,-73.94913,0,0,Driver Inexperience,4498686,-1.7,-12.9,17.6,0.1,12.25,19.0,75,39.7,72.7,336,Snow fall: Heavy,0,0,Snowy Conditions
81775,2022-01-31 14:03:00,40.66708,-73.81033,0,0,Pavement Slippery,4498930,-3.4,-17.1,0.0,0.0,0.0,0.0,3,12.2,18.0,23,Overcast,0,0,
81776,2022-01-30 01:00:00,40.834187,-73.909584,0,0,Turning Improperly,4499338,-5.4,-13.8,0.0,0.0,0.0,0.0,3,28.5,50.0,290,Overcast,0,0,
81777,2022-01-26 13:16:00,40.83327,-73.92504,0,0,Unsafe Lane Changing,4498332,-3.1,-8.0,0.0,0.0,0.0,0.0,0,20.5,39.6,328,Clear sky,0,0,Sunny/Clear Conditions
81778,2022-01-18 09:00:00,40.67268,-73.953026,0,0,Passing Too Closely,4498522,1.7,-4.9,0.0,0.0,0.0,0.0,3,30.9,58.3,294,Overcast,0,0,
81779,2022-01-24 23:00:00,40.667015,-73.9313,1,0,Driver Inattention/Distraction,4498068,0.2,-2.7,0.3,0.0,0.21,2.0,71,15.1,31.0,307,Snow fall: Light,1,1,Snowy Conditions
81780,2022-01-29 12:48:00,40.758698,-73.96179,0,0,Unspecified,4498141,-1.7,-12.9,17.6,0.1,12.25,19.0,75,39.7,72.7,336,Snow fall: Heavy,0,0,Snowy Conditions
81781,2022-01-30 13:08:00,40.81655,-73.81229,0,0,Glare,4498654,-5.4,-13.8,0.0,0.0,0.0,0.0,3,28.5,50.0,290,Overcast,0,0,
81782,2022-01-30 17:50:00,40.67066,-73.904205,0,0,Unspecified,4498747,-5.4,-13.8,0.0,0.0,0.0,0.0,3,28.5,50.0,290,Overcast,0,0,
81783,2022-01-31 10:00:00,40.741516,-73.85052,0,0,Backing Unsafely,4498962,-3.4,-17.1,0.0,0.0,0.0,0.0,3,12.2,18.0,23,Overcast,0,0,
81784,2022-01-29 10:30:00,40.686962,-73.80216,0,0,Unspecified,4498586,-1.7,-12.9,17.6,0.1,12.25,19.0,75,39.7,72.7,336,Snow fall: Heavy,0,0,Snowy Conditions
81785,2022-01-27 14:38:00,40.781277,-73.80325,1,0,Unsafe Speed,4498169,-0.3,-9.6,0.0,0.0,0.0,0.0,3,18.7,37.1,184,Overcast,1,1,
81786,2022-01-31 15:00:00,40.598766,-74.000725,0,0,Backing Unsafely,4499310,-3.4,-17.1,0.0,0.0,0.0,0.0,3,12.2,18.0,23,Overcast,0,0,
81787,2022-01-31 14:25:00,40.657402,-73.753456,0,0,Passing Too Closely,4498883,-3.4,-17.1,0.0,0.0,0.0,0.0,3,12.2,18.0,23,Overcast,0,0,
81788,2022-01-28 23:06:00,40.71255,-73.91082,0,0,Unsafe Speed,4498388,1.0,-3.1,2.4,0.0,1.68,13.0,73,18.7,31.3,251,Snow fall: Moderate,0,0,Snowy Conditions
81789,2022-01-29 14:00:00,40.62537,-74.039116,1,0,Pavement Slippery,4498154,-1.7,-12.9,17.6,0.1,12.25,19.0,75,39.7,72.7,336,Snow fall: Heavy,1,1,Snowy Conditions
81790,2022-01-31 06:30:00,40.902203,-73.854836,0,0,Driver Inattention/Distraction,4498814,-3.4,-17.1,0.0,0.0,0.0,0.0,3,12.2,18.0,23,Overcast,0,0,
81791,2022-01-28 09:43:00,40.76144,-73.813385,0,0,Passing Too Closely,4498095,1.0,-3.1,2.4,0.0,1.68,13.0,73,18.7,31.3,251,Snow fall: Moderate,0,0,Snowy Conditions
81792,2022-01-30 12:46:00,40.832367,-73.82971,0,0,Unspecified,4498663,-5.4,-13.8,0.0,0.0,0.0,0.0,3,28.5,50.0,290,Overcast,0,0,
81793,2022-01-27 08:15:00,40.713505,-73.788414,0,0,Unspecified,4499527,-0.3,-9.6,0.0,0.0,0.0,0.0,3,18.7,37.1,184,Overcast,0,0,
81794,2022-01-29 18:00:00,40.66362,-73.930695,0,0,Unspecified,4498256,-1.7,-12.9,17.6,0.1,12.25,19.0,75,39.7,72.7,336,Snow fall: Heavy,0,0,Snowy Conditions
81795,2022-01-30 23:13:00,40.652706,-73.9484,0,0,Passing Too Closely,4498767,-5.4,-13.8,0.0,0.0,0.0,0.0,3,28.5,50.0,290,Overcast,0,0,
81796,2022-01-27 16:47:00,40.703884,-73.88417,0,0,Failure to Yield Right-of-Way,4499129,-0.3,-9.6,0.0,0.0,0.0,0.0,3,18.7,37.1,184,Overcast,0,0,
81797,2022-01-27 15:24:00,40.64018,-74.02179,0,0,Following Too Closely,4498995,-0.3,-9.6,0.0,0.0,0.0,0.0,3,18.7,37.1,184,Overcast,0,0,
81798,2022-01-28 12:45:00,40.700665,-73.8961,0,0,Backing Unsafely,4498401,1.0,-3.1,2.4,0.0,1.68,13.0,73,18.7,31.3,251,Snow fall: Moderate,0,0,Snowy Conditions
81799,2022-01-29 01:30:00,40.70403,-73.81711,0,0,Pavement Slippery,4498063,-1.7,-12.9,17.6,0.1,12.25,19.0,75,39.7,72.7,336,Snow fall: Heavy,0,0,Snowy Conditions
81800,2022-01-31 19:30:00,40.83715,-73.860664,0,0,Driver Inexperience,4499039,-3.4,-17.1,0.0,0.0,0.0,0.0,3,12.2,18.0,23,Overcast,0,0,
81801,2022-01-30 13:55:00,40.69003,-73.911,2,0,Driver Inattention/Distraction,4498719,-5.4,-13.8,0.0,0.0,0.0,0.0,3,28.5,50.0,290,Overcast,2,2,
81802,2022-01-28 13:00:00,40.726444,-73.76579,0,0,Unsafe Lane Changing,4498359,1.0,-3.1,2.4,0.0,1.68,13.0,73,18.7,31.3,251,Snow fall: Moderate,0,0,Snowy Conditions
81803,2022-01-31 08:00:00,40.886127,-73.81532,0,0,Unspecified,4498973,-3.4,-17.1,0.0,0.0,0.0,0.0,3,12.2,18.0,23,Overcast,0,0,
81804,2022-01-31 07:20:00,40.68046,-73.96136,1,0,Following Too Closely,4498979,-3.4,-17.1,0.0,0.0,0.0,0.0,3,12.2,18.0,23,Overcast,1,1,