,CRASH DATETIME,LATITUDE,LONGITUDE,NUMBER OF PERSONS INJURED,NUMBER OF PERSONS KILLED,CONTRIBUTING FACTOR VEHICLE 1,COLLISION_ID,temperature_2m_max,temperature_2m_min,precipitation_sum,rain_sum,snowfall_sum,precipitation_hours,weather_code,wind_speed_10m_max,wind_gusts_10m_max,wind_direction_10m_dominant,Weather Description,Severity_Score,Total_Affected_Persons,Weather_Category
81805,2022-01-26 11:30:00,40.650116,-73.9608,1,0,Driver Inattention/Distraction,4498212,-3.1,-8.0,0.0,0.0,0.0,0.0,0,20.5,39.6,328,Clear sky,1,1,Sunny/Clear Conditions
81806,2022-01-27 15:45:00,40.62395,-73.98889,1,0,Unspecified,4498344,-0.3,-9.6,0.0,0.0,0.0,0.0,3,18.7,37.1,184,Overcast,1,1,
81807,2022-01-28 23:42:00,40.742786,-73.88264,0,0,Driver Inattention/Distraction,4498433,1.0,-3.1,2.4,0.0,1.68,13.0,73,18.7,31.3,251,Snow fall: Moderate,0,0,Snowy Conditions
81808,2022-01-28 15:11:00,40.62761,-74.019516,1,0,Turning Improperly,4498058,1.0,-3.1,2.4,0.0,1.68,13.0,73,18.7,31.3,251,Snow fall: Moderate,1,1,Snowy Conditions
81809,2022-01-30 13:13:00,40.72496,-73.82756,0,0,Unspecified,4498549,-5.4,-13.8,0.0,0.0,0.0,0.0,3,28.5,50.0,290,Overcast,0,0,
81810,2022-01-28 02:30:00,40.69245,-73.811005,0,0,Traffic Control Disregarded,4497989,1.0,-3.1,2.4,0.0,1.68,13.0,73,18.7,31.3,251,Snow fall: Moderate,0,0,Snowy Conditions
81811,2022-01-29 16:00:00,40.88349,-73.91041,0,0,Oversized Vehicle,4499162,-1.7,-12.9,17.6,0.1,12.25,19.0,75,39.7,72.7,336,Snow fall: Heavy,0,0,Snowy Conditions
81812,2022-01-27 14:15:00,40.82929,-73.91642,1,0,Unspecified,4498227,-0.3,-9.6,0.0,0.0,0.0,0.0,3,18.7,37.1,184,Overcast,1,1,
81813,2022-01-31 05:03:00,40.750217,-73.979065,0,0,Driver Inattention/Distraction,4498720,-3.4,-17.1,0.0,0.0,0.0,0.0,3,12.2,18.0,23,Overcast,0,0,
81814,2022-01-12 06:23:00,40.685463,-73.9506,0,0,Other Vehicular,4498300,4.6,-7.3,0.0,0.0,0.0,0.0,3,20.5,39.2,213,Overcast,0,0,
81815,2022-01-30 05:56:00,40.64208,-73.91967,2,0,Unspecified,4498491,-5.4,-13.8,0.0,0.0,0.0,0.0,3,28.5,50.0,290,Overcast,2,2,
81816,2022-01-28 11:00:00,40.657516,-73.8931,0,0,Following Too Closely,4498863,1.0,-3.1,2.4,0.0,1.68,13.0,73,18.7,31.3,251,Snow fall: Moderate,0,0,Snowy Conditions
81817,2021-11-25 21:34:00,40.68822,-73.79664,0,0,Alcohol Involvement,4498021,11.7,1.2,0.0,0.0,0.0,0.0,3,12.0,22.0,241,Overcast,0,0,
81818,2022-01-30 13:00:00,40.620815,-73.956696,0,0,Unspecified,4498631,-5.4,-13.8,0.0,0.0,0.0,0.0,3,28.5,50.0,290,Overcast,0,0,
81819,2022-01-29 16:01:00,40.69841,-73.88995,0,0,Unspecified,4498416,-1.7,-12.9,17.6,0.1,12.25,19.0,75,39.7,72.7,336,Snow fall: Heavy,0,0,Snowy Conditions
81820,2022-01-29 02:00:00,40.676815,-73.82338,0,0,Driver Inattention/Distraction,4498080,-1.7,-12.9,17.6,0.1,12.25,19.0,75,39.7,72.7,336,Snow fall: Heavy,0,0,Snowy Conditions
81821,2022-01-23 11:30:00,40.836018,-73.9243,1,0,Failure to Yield Right-of-Way,4498598,2.8,-6.1,0.5,0.0,0.35,3.0,71,14.2,28.1,243,Snow fall: Light,1,1,Snowy Conditions
81822,2022-01-28 08:55:00,40.676693,-73.917404,2,0,Failure to Yield Right-of-Way,4498285,1.0,-3.1,2.4,0.0,1.68,13.0,73,18.7,31.3,251,Snow fall: Moderate,2,2,Snowy Conditions
81823,2021-12-27 00:51:00,40.685753,-73.93516,0,0,Unspecified,4498253,2.7,-1.4,2.1,0.8,0.91,5.0,73,13.5,23.0,10,Snow fall: Moderate,0,0,Snowy Conditions
81824,2022-01-29 14:00:00,40.675827,-73.817276,0,0,Passing or Lane Usage Improper,4498190,-1.7,-12.9,17.6,0.1,12.25,19.0,75,39.7,72.7,336,Snow fall: Heavy,0,0,Snowy Conditions
81825,2022-01-22 07:03:00,40.713963,-73.76753,0,0,Alcohol Involvement,4498581,-1.3,-12.3,0.0,0.0,0.0,0.0,3,18.4,32.8,1,Overcast,0,0,
81826,2022-01-31 10:38:00,40.725773,-73.89563,0,0,Backing Unsafely,4498846,-3.4,-17.1,0.0,0.0,0.0,0.0,3,12.2,18.0,23,Overcast,0,0,
81827,2022-01-28 17:38:00,40.775826,-73.991264,2,0,Pavement Slippery,4498873,1.0,-3.1,2.4,0.0,1.68,13.0,73,18.7,31.3,251,Snow fall: Moderate,2,2,Snowy Conditions
81828,2022-01-26 10:12:00,40.848392,-73.937675,0,0,Unspecified,4498459,-3.1,-8.0,0.0,0.0,0.0,0.0,0,20.5,39.6,328,Clear sky,0,0,Sunny/Clear Conditions
81829,2022-01-26 15:20:00,40.857525,-73.8818,1,0,View Obstructed/Limited,4498794,-3.1,-8.0,0.0,0.0,0.0,0.0,0,20.5,39.6,328,Clear sky,1,1,Sunny/Clear Conditions
81830,2021-11-06 21:07:00,40.64,-73.90194,1,0,Unspecified,4474646,10.5,3.4,0.0,0.0,0.0,0.0,0,9.5,17.6,61,Clear sky,1,1,Sunny/Clear Conditions
81831,2022-01-25 18:20:00,40.71338,-73.859665,0,0,Unspecified,4499135,6.3,-3.9,0.0,0.0,0.0,0.0,3,16.9,33.8,270,Overcast,0,0,
81832,2021-11-07 04:16:00,40.704163,-73.937454,0,0,Passing Too Closely,4474996,12.1,2.6,0.0,0.0,0.0,0.0,3,10.0,20.5,358,Overcast,0,0,
81833,2021-11-07 14:36:00,40.63489,-74.02044,1,0,Driver Inattention/Distraction,4475069,12.1,2.6,0.0,0.0,0.0,0.0,3,10.0,20.5,358,Overcast,1,1,
81834,2021-11-01 20:40:00,40.657173,-73.921074,0,0,Unspecified,4475674,14.4,8.0,0.0,0.0,0.0,0.0,3,20.7,38.5,278,Overcast,0,0,
81835,2021-11-07 00:30:00,40.739674,-73.934586,1,0,Driver Inattention/Distraction,4474651,12.1,2.6,0.0,0.0,0.0,0.0,3,10.0,20.5,358,Overcast,1,1,
81836,2021-11-07 04:02:00,40.84125,-73.9094,0,0,Backing Unsafely,4475036,12.1,2.6,0.0,0.0,0.0,0.0,3,10.0,20.5,358,Overcast,0,0,
81837,2021-11-07 02:06:00,40.86794,-73.87221,1,0,Driver Inattention/Distraction,4475131,12.1,2.6,0.0,0.0,0.0,0.0,3,10.0,20.5,358,Overcast,1,1,
81838,2021-11-04 12:41:00,40.643303,-73.974106,0,0,Driver Inattention/Distraction,4475598,9.9,3.0,0.0,0.0,0.0,0.0,3,10.8,21.2,5,Overcast,0,0,
81839,2021-09-02 21:30:00,40.85517,-73.89129,3,0,Backing Unsafely,4475736,24.5,15.0,24.6,24.6,0.0,5.0,65,43.0,83.5,344,Rain: Heavy,3,3,
81840,2021-11-07 00:05:00,40.697186,-73.92884,0,0,Driver Inattention/Distraction,4474674,12.1,2.6,0.0,0.0,0.0,0.0,3,10.0,20.5,358,Overcast,0,0,
81841,2021-10-26 20:30:00,40.646664,-74.088936,1,0,Driver Inattention/Distraction,4475664,16.9,13.8,84.5,84.5,0.0,17.0,65,28.7,53.6,87,Rain: Heavy,1,1,
81842,2021-10-31 22:06:00,40.77447,-73.9924,3,0,Unspecified,4475727,18.3,12.5,3.7,3.7,0.0,8.0,55,22.9,41.0,268,Drizzle: Dense,3,3,
81843,2021-11-07 13:40:00,40.69964,-73.91447,0,0,Driver Inattention/Distraction,4475559,12.1,2.6,0.0,0.0,0.0,0.0,3,10.0,20.5,358,Overcast,0,0,
81844,2021-11-03 17:20:00,40.827812,-73.925934,1,0,Failure to Keep Right,4475835,10.7,3.8,0.1,0.1,0.0,1.0,51,15.6,30.6,302,Drizzle: Light,1,1,
81845,2022-04-13 23:23:00,40.832516,-73.90439,0,0,Unspecified,4518810,18.9,7.1,0.0,0.0,0.0,0.0,3,18.7,37.4,112,Overcast,0,0,
81846,2021-11-07 01:14:00,40.754658,-73.833115,0,0,Driver Inattention/Distraction,4474698,12.1,2.6,0.0,0.0,0.0,0.0,3,10.0,20.5,358,Overcast,0,0,
81847,2021-11-07 13:50:00,40.56527,-74.134605,0,0,Brakes Defective,4474948,12.1,2.6,0.0,0.0,0.0,0.0,3,10.0,20.5,358,Overcast,0,0,
81848,2021-11-07 11:00:00,40.664047,-73.888115,0,0,Pedestrian/Bicyclist/Other Pedestrian Error/Confusion,4475313,12.1,2.6,0.0,0.0,0.0,0.0,3,10.0,20.5,358,Overcast,0,0,
81849,2021-11-07 17:20:00,40.657997,-73.93591,2,0,Driver Inattention/Distraction,4475428,12.1,2.6,0.0,0.0,0.0,0.0,3,10.0,20.5,358,Overcast,2,2,
81850,2021-11-07 20:54:00,40.85664,-73.86663,1,0,Driver Inattention/Distraction,4475519,12.1,2.6,0.0,0.0,0.0,0.0,3,10.0,20.5,358,Overcast,1,1,
81851,2021-11-07 12:50:00,40.86416,-73.86638,0,0,Driver Inattention/Distraction,4474927,12.1,2.6,0.0,0.0,0.0,0.0,3,10.0,20.5,358,Overcast,0,0,
81852,2021-11-05 19:45:00,40.79149,-73.93577,0,0,Driver Inattention/Distraction,4475798,10.7,3.2,0.0,0.0,0.0,0.0,0,14.8,30.2,1,Clear sky,0,0,Sunny/Clear Conditions
81853,2021-11-07 00:22:00,40.682762,-73.93501,0,0,Unsafe Speed,4474903,12.1,2.6,0.0,0.0,0.0,0.0,3,10.0,20.5,358,Overcast,0,0,
81854,2021-11-07 12:55:00,40.759293,-73.98455,0,0,Passing or Lane Usage Improper,4474809,12.1,2.6,0.0,0.0,0.0,0.0,3,10.0,20.5,358,Overcast,0,0,
81855,2021-11-04 18:20:00,40.810345,-73.92495,0,0,Driver Inattention/Distraction,4475696,9.9,3.0,0.0,0.0,0.0,0.0,3,10.8,21.2,5,Overcast,0,0,
81856,2021-11-07 01:55:00,40.556866,-74.12516,0,0,Unspecified,4474943,12.1,2.6,0.0,0.0,0.0,0.0,3,10.0,20.5,358,Overcast,0,0,
81857,2021-11-07 08:18:00,40.718018,-73.99996,1,0,Failure to Yield Right-of-Way,4474753,12.1,2.6,0.0,0.0,0.0,0.0,3,10.0,20.5,358,Overcast,1,1,
81858,2021-11-07 12:41:00,40.854263,-73.869385,1,0,Failure to Yield Right-of-Way,4475515,12.1,2.6,0.0,0.0,0.0,0.0,3,10.0,20.5,358,Overcast,1,1,
81859,2021-11-07 03:28:00,40.868473,-73.82158,0,0,Driver Inattention/Distraction,4475097,12.1,2.6,0.0,0.0,0.0,0.0,3,10.0,20.5,358,Overcast,0,0,
81860,2021-11-07 21:40:00,40.862495,-73.9342,0,0,Unspecified,4475164,12.1,2.6,0.0,0.0,0.0,0.0,3,10.0,20.5,358,Overcast,0,0,
81861,2021-11-05 10:55:00,40.764347,-73.92347,1,0,Failure to Yield Right-of-Way,4475535,10.7,3.2,0.0,0.0,0.0,0.0,0,14.8,30.2,1,Clear sky,1,1,Sunny/Clear Conditions
81862,2021-11-07 08:50:00,40.66655,-73.885956,0,0,Following Too Closely,4475336,12.1,2.6,0.0,0.0,0.0,0.0,3,10.0,20.5,358,Overcast,0,0,
81863,2021-11-05 08:40:00,40.607574,-73.75116,0,0,Unspecified,4475525,10.7,3.2,0.0,0.0,0.0,0.0,0,14.8,30.2,1,Clear sky,0,0,Sunny/Clear Conditions
81864,2021-11-07 12:02:00,40.620125,-73.94081,0,0,Turning Improperly,4474794,12.1,2.6,0.0,0.0,0.0,0.0,3,10.0,20.5,358,Overcast,0,0,
81865,2021-11-07 17:07:00,40.826385,-73.859,0,0,Driver Inattention/Distraction,4474932,12.1,2.6,0.0,0.0,0.0,0.0,3,10.0,20.5,358,Overcast,0,0,
81866,2021-11-07 16:50:00,40.815853,-73.907265,1,0,Backing Unsafely,4475045,12.1,2.6,0.0,0.0,0.0,0.0,3,10.0,20.5,358,Overcast,1,1,
81867,2021-09-22 13:00:00,40.81361,-73.913345,0,0,Traffic Control Disregarded,4475784,25.3,19.9,5.1,5.1,0.0,15.0,61,29.3,55.1,154,Rain: Light,0,0,
81868,2021-11-07 11:15:00,40.636703,-73.99038,1,0,Driver Inattention/Distraction,4475301,12.1,2.6,0.0,0.0,0.0,0.0,3,10.0,20.5,358,Overcast,1,1,
81869,2022-01-30 12:35:00,40.74202,-73.92656,0,0,Driver Inattention/Distraction,4498369,-5.4,-13.8,0.0,0.0,0.0,0.0,3,28.5,50.0,290,Overcast,0,0,
81870,2021-11-05 19:35:00,40.73166,-73.98545,1,0,Failure to Yield Right-of-Way,4475800,10.7,3.2,0.0,0.0,0.0,0.0,0,14.8,30.2,1,Clear sky,1,1,Sunny/Clear Conditions
81871,2021-11-08 05:57:00,40.80333,-73.94873,0,0,Backing Unsafely,4475266,16.5,6.4,0.0,0.0,0.0,0.0,3,17.4,33.8,355,Overcast,0,0,
81872,2021-11-07 17:40:00,40.84197,-73.90417,1,0,Backing Unsafely,4475018,12.1,2.6,0.0,0.0,0.0,0.0,3,10.0,20.5,358,Overcast,1,1,
81873,2021-10-31 09:08:00,40.847515,-73.9001,0,0,Alcohol Involvement,4475701,18.3,12.5,3.7,3.7,0.0,8.0,55,22.9,41.0,268,Drizzle: Dense,0,0,
81874,2021-11-07 06:40:00,40.871483,-73.86936,0,0,Driver Inattention/Distraction,4474860,12.1,2.6,0.0,0.0,0.0,0.0,3,10.0,20.5,358,Overcast,0,0,
81875,2021-11-05 10:20:00,40.608902,-73.966194,1,0,Unspecified,4475594,10.7,3.2,0.0,0.0,0.0,0.0,0,14.8,30.2,1,Clear sky,1,1,Sunny/Clear Conditions
81876,2021-11-07 11:15:00,40.82028,-73.876274,1,0,Unspecified,4475359,12.1,2.6,0.0,0.0,0.0,0.0,3,10.0,20.5,358,Overcast,1,1,
81877,2021-11-07 08:30:00,40.774162,-73.91623,0,0,Passing or Lane Usage Improper,4475474,12.1,2.6,0.0,0.0,0.0,0.0,3,10.0,20.5,358,Overcast,0,0,
81878,2021-11-01 13:40:00,40.707092,-73.89724,0,0,Passing Too Closely,4475583,14.4,8.0,0.0,0.0,0.0,0.0,3,20.7,38.5,278,Overcast,0,0,
81879,2021-11-02 18:06:00,40.66451,-73.91723,0,0,Unspecified,4475682,11.4,7.0,0.6,0.6,0.0,4.0,51,14.1,28.1,271,Drizzle: Light,0,0,
81880,2021-11-07 08:38:00,40.63068,-74.01098,0,0,Unspecified,4475145,12.1,2.6,0.0,0.0,0.0,0.0,3,10.0,20.5,358,Overcast,0,0,
81881,2021-11-07 06:40:00,40.84171,-73.898674,0,0,Unspecified,4475283,12.1,2.6,0.0,0.0,0.0,0.0,3,10.0,20.5,358,Overcast,0,0,
81882,2021-11-07 00:05:00,40.734497,-73.72287,1,0,Alcohol Involvement,4475753,12.1,2.6,0.0,0.0,0.0,0.0,3,10.0,20.5,358,Overcast,1,1,
81883,2021-11-07 01:50:00,40.710716,-73.981544,0,0,Driver Inattention/Distraction,4474962,12.1,2.6,0.0,0.0,0.0,0.0,3,10.0,20.5,358,Overcast,0,0,
81884,2021-11-06 13:00:00,40.76615,-73.919785,1,0,Driver Inattention/Distraction,4475816,10.5,3.4,0.0,0.0,0.0,0.0,0,9.5,17.6,61,Clear sky,1,1,Sunny/Clear Conditions
81885,2021-11-07 19:06:00,40.76553,-73.99768,0,0,Unspecified,4475220,12.1,2.6,0.0,0.0,0.0,0.0,3,10.0,20.5,358,Overcast,0,0,
81886,2021-11-07 07:57:00,40.772655,-73.95556,0,0,Driver Inattention/Distraction,4475037,12.1,2.6,0.0,0.0,0.0,0.0,3,10.0,20.5,358,Overcast,0,0,
81887,2021-11-07 01:30:00,40.829685,-73.8253,0,0,Unspecified,4475222,12.1,2.6,0.0,0.0,0.0,0.0,3,10.0,20.5,358,Overcast,0,0,
81888,2021-11-07 15:10:00,40.70823,-73.94165,2,0,Illnes,4475132,12.1,2.6,0.0,0.0,0.0,0.0,3,10.0,20.5,358,Overcast,2,2,
81889,2021-11-04 01:30:00,40.72922,-74.00524,0,0,Passing Too Closely,4475659,9.9,3.0,0.0,0.0,0.0,0.0,3,10.8,21.2,5,Overcast,0,0,
81890,2021-11-07 00:00:00,40.666393,-73.75177,0,0,Unspecified,4474658,12.1,2.6,0.0,0.0,0.0,0.0,3,10.0,20.5,358,Overcast,0,0,
81891,2021-11-01 13:50:00,40.711727,-73.859085,0,0,Driver Inattention/Distraction,4475715,14.4,8.0,0.0,0.0,0.0,0.0,3,20.7,38.5,278,Overcast,0,0,
81892,2021-11-07 14:40:00,40.68183,-73.81671,0,0,Unsafe Speed,4475007,12.1,2.6,0.0,0.0,0.0,0.0,3,10.0,20.5,358,Overcast,0,0,
81893,2021-11-07 21:00:00,40.697296,-73.766815,0,0,Failure to Yield Right-of-Way,4475567,12.1,2.6,0.0,0.0,0.0,0.0,3,10.0,20.5,358,Overcast,0,0,
81894,2021-11-04 06:46:00,40.68532,-73.98071,0,0,Passing Too Closely,4474194,9.9,3.0,0.0,0.0,0.0,0.0,3,10.8,21.2,5,Overcast,0,0,
81895,2021-11-07 01:25:00,40.680664,-73.902626,0,0,Backing Unsafely,4474675,12.1,2.6,0.0,0.0,0.0,0.0,3,10.0,20.5,358,Overcast,0,0,
81896,2021-11-01 08:45:00,40.694504,-73.80078,0,0,Driver Inattention/Distraction,4475671,14.4,8.0,0.0,0.0,0.0,0.0,3,20.7,38.5,278,Overcast,0,0,
81897,2021-11-07 02:07:00,40.804066,-73.93267,0,0,Steering Failure,4474954,12.1,2.6,0.0,0.0,0.0,0.0,3,10.0,20.5,358,Overcast,0,0,
81898,2021-11-07 20:15:00,40.734657,-74.00475,0,0,Driver Inattention/Distraction,4475134,12.1,2.6,0.0,0.0,0.0,0.0,3,10.0,20.5,358,Overcast,0,0,
81899,2021-10-26 16:24:00,40.783974,-73.97031,0,0,Passing or Lane Usage Improper,4475728,16.9,13.8,84.5,84.5,0.0,17.0,65,28.7,53.6,87,Rain: Heavy,0,0,
81900,2021-11-07 09:45:00,40.698605,-73.90943,0,0,Unspecified,4475558,12.1,2.6,0.0,0.0,0.0,0.0,3,10.0,20.5,358,Overcast,0,0,
81901,2021-11-07 10:25:00,40.762417,-73.95699,0,0,Passing Too Closely,4475605,12.1,2.6,0.0,0.0,0.0,0.0,3,10.0,20.5,358,Overcast,0,0,
81902,2021-11-07 06:00:00,40.63068,-74.01098,0,0,Unspecified,4475076,12.1,2.6,0.0,0.0,0.0,0.0,3,10.0,20.5,358,Overcast,0,0,
81903,2021-10-12 19:00:00,40.72255,-74.00631,1,0,Unspecified,4475853,21.6,15.2,0.0,0.0,0.0,0.0,3,11.8,23.8,81,Overcast,1,1,
81904,2021-10-06 04:37:00,40.82299,-73.91712,0,0,Unspecified,4475700,20.3,16.0,0.1,0.1,0.0,1.0,51,6.5,14.0,28,Drizzle: Light,0,0,
81905,2021-11-07 02:55:00,40.90348,-73.85035,0,0,Driver Inattention/Distraction,4474847,12.1,2.6,0.0,0.0,0.0,0.0,3,10.0,20.5,358,Overcast,0,0,
81906,2021-11-07 14:55:00,40.744606,-73.79256,1,0,Driver Inattention/Distraction,4474909,12.1,2.6,0.0,0.0,0.0,0.0,3,10.0,20.5,358,Overcast,1,1,
81907,2021-11-07 14:30:00,40.67657,-73.89507,0,0,Unspecified,4475341,12.1,2.6,0.0,0.0,0.0,0.0,3,10.0,20.5,358,Overcast,0,0,
81908,2021-10-27 17:27:00,40.823887,-73.95232,1,0,Passing or Lane Usage Improper,4475826,16.1,12.2,6.6,6.6,0.0,6.0,61,33.3,63.0,359,Rain: Light,1,1,
81909,2021-11-07 17:30:00,40.718803,-73.95486,0,0,Driver Inattention/Distraction,4474998,12.1,2.6,0.0,0.0,0.0,0.0,3,10.0,20.5,358,Overcast,0,0,
81910,2021-11-07 20:45:00,40.729927,-73.810936,0,0,Driver Inattention/Distraction,4475530,12.1,2.6,0.0,0.0,0.0,0.0,3,10.0,20.5,358,Overcast,0,0,
81911,2021-11-07 16:30:00,40.774155,-73.984886,1,0,View Obstructed/Limited,4475733,12.1,2.6,0.0,0.0,0.0,0.0,3,10.0,20.5,358,Overcast,1,1,
81912,2021-11-07 04:00:00,40.82725,-73.88688,1,0,Alcohol Involvement,4474798,12.1,2.6,0.0,0.0,0.0,0.0,3,10.0,20.5,358,Overcast,1,1,
81913,2021-11-07 17:15:00,40.72545,-73.892654,0,0,Unsafe Speed,4475247,12.1,2.6,0.0,0.0,0.0,0.0,3,10.0,20.5,358,Overcast,0,0,
81914,2021-11-07 04:40:00,40.74803,-73.83315,0,0,Driver Inexperience,4475370,12.1,2.6,0.0,0.0,0.0,0.0,3,10.0,20.5,358,Overcast,0,0,
81915,2021-11-07 01:00:00,40.662582,-73.953766,2,0,Passing or Lane Usage Improper,4474876,12.1,2.6,0.0,0.0,0.0,0.0,3,10.0,20.5,358,Overcast,2,2,
81916,2021-11-07 20:00:00,40.812634,-73.90732,0,0,Driver Inexperience,4475042,12.1,2.6,0.0,0.0,0.0,0.0,3,10.0,20.5,358,Overcast,0,0,
81917,2021-11-07 20:00:00,40.81456,-73.858505,0,0,Unspecified,4475631,12.1,2.6,0.0,0.0,0.0,0.0,3,10.0,20.5,358,Overcast,0,0,
81918,2021-11-05 14:45:00,40.63834,-73.92895,1,0,Driver Inattention/Distraction,4475681,10.7,3.2,0.0,0.0,0.0,0.0,0,14.8,30.2,1,Clear sky,1,1,Sunny/Clear Conditions
81919,2021-11-07 12:20:00,40.68654,-73.80805,1,0,Driver Inattention/Distraction,4474978,12.1,2.6,0.0,0.0,0.0,0.0,3,10.0,20.5,358,Overcast,1,1,
81920,2021-11-07 15:30:00,40.81417,-73.93431,0,0,Following Too Closely,4475053,12.1,2.6,0.0,0.0,0.0,0.0,3,10.0,20.5,358,Overcast,0,0,
81921,2021-11-06 09:12:00,40.620514,-73.99646,0,0,Unspecified,4475794,10.5,3.4,0.0,0.0,0.0,0.0,0,9.5,17.6,61,Clear sky,0,0,Sunny/Clear Conditions
81922,2021-10-26 07:40:00,40.62451,-73.92747,2,0,Driver Inattention/Distraction,4475619,16.9,13.8,84.5,84.5,0.0,17.0,65,28.7,53.6,87,Rain: Heavy,2,2,
81923,2021-11-07 06:30:00,40.66086,-73.88697,0,0,Unspecified,4475335,12.1,2.6,0.0,0.0,0.0,0.0,3,10.0,20.5,358,Overcast,0,0,
81924,2021-11-07 03:15:00,40.62948,-73.94447,1,0,Reaction to Uninvolved Vehicle,4474682,12.1,2.6,0.0,0.0,0.0,0.0,3,10.0,20.5,358,Overcast,1,1,
81925,2021-11-03 06:50:00,40.628662,-74.13675,1,0,Unspecified,4475524,10.7,3.8,0.1,0.1,0.0,1.0,51,15.6,30.6,302,Drizzle: Light,1,1,
81926,2021-11-07 08:35:00,40.603626,-74.06931,0,0,Passing or Lane Usage Improper,4474944,12.1,2.6,0.0,0.0,0.0,0.0,3,10.0,20.5,358,Overcast,0,0,
81927,2021-11-07 22:00:00,40.705387,-73.8151,0,0,Driver Inattention/Distraction,4475383,12.1,2.6,0.0,0.0,0.0,0.0,3,10.0,20.5,358,Overcast,0,0,
81928,2021-11-07 09:15:00,40.74889,-73.94215,1,0,Unspecified,4475263,12.1,2.6,0.0,0.0,0.0,0.0,3,10.0,20.5,358,Overcast,1,1,
81929,2021-11-07 14:00:00,40.75074,-73.75538,0,0,Driver Inattention/Distraction,4475096,12.1,2.6,0.0,0.0,0.0,0.0,3,10.0,20.5,358,Overcast,0,0,
81930,2021-10-30 16:30:00,40.577213,-73.96329,1,0,Failure to Yield Right-of-Way,4475693,17.8,12.0,7.8,7.8,0.0,16.0,61,38.5,68.0,112,Rain: Light,1,1,
81931,2021-11-02 07:50:00,40.87188,-73.86714,1,0,Turning Improperly,4475620,11.4,7.0,0.6,0.6,0.0,4.0,51,14.1,28.1,271,Drizzle: Light,1,1,
81932,2021-11-07 16:15:00,40.771782,-73.96333,1,0,Following Too Closely,4475014,12.1,2.6,0.0,0.0,0.0,0.0,3,10.0,20.5,358,Overcast,1,1,
81933,2021-10-28 06:50:00,40.768036,-73.905266,2,0,Driver Inattention/Distraction,4475531,15.2,7.9,0.0,0.0,0.0,0.0,3,19.1,34.6,28,Overcast,2,2,
81934,2021-11-05 12:58:00,40.722317,-73.999405,0,0,Passing Too Closely,4475584,10.7,3.2,0.0,0.0,0.0,0.0,0,14.8,30.2,1,Clear sky,0,0,Sunny/Clear Conditions
81935,2021-11-07 23:40:00,40.64726,-73.94919,0,0,Unspecified,4475050,12.1,2.6,0.0,0.0,0.0,0.0,3,10.0,20.5,358,Overcast,0,0,
81936,2021-11-07 04:41:00,40.737156,-73.87941,1,0,Driver Inattention/Distraction,4474744,12.1,2.6,0.0,0.0,0.0,0.0,3,10.0,20.5,358,Overcast,1,1,
81937,2021-11-07 00:15:00,40.696865,-73.81535,0,0,Reaction to Uninvolved Vehicle,4475198,12.1,2.6,0.0,0.0,0.0,0.0,3,10.0,20.5,358,Overcast,0,0,
81938,2021-11-07 16:38:00,40.70439,-73.87526,0,0,Following Too Closely,4474921,12.1,2.6,0.0,0.0,0.0,0.0,3,10.0,20.5,358,Overcast,0,0,
81939,2021-11-07 12:20:00,40.759403,-73.98511,0,0,Alcohol Involvement,4475225,12.1,2.6,0.0,0.0,0.0,0.0,3,10.0,20.5,358,Overcast,0,0,
81940,2021-11-07 09:50:00,40.672565,-73.8125,0,0,Passing or Lane Usage Improper,4475003,12.1,2.6,0.0,0.0,0.0,0.0,3,10.0,20.5,358,Overcast,0,0,
81941,2021-11-07 05:31:00,40.834187,-73.909584,0,0,Fell Asleep,4475184,12.1,2.6,0.0,0.0,0.0,0.0,3,10.0,20.5,358,Overcast,0,0,
81942,2021-11-07 18:02:00,40.81344,-73.94135,1,0,Other Vehicular,4475086,12.1,2.6,0.0,0.0,0.0,0.0,3,10.0,20.5,358,Overcast,1,1,
81943,2021-10-08 16:45:00,40.732162,-73.99431,1,0,Pedestrian/Bicyclist/Other Pedestrian Error/Confusion,4475660,23.7,14.5,0.0,0.0,0.0,0.0,3,13.0,22.3,94,Overcast,1,1,
81944,2021-11-07 03:17:00,40.71122,-73.72827,3,0,Obstruction/Debris,4474659,12.1,2.6,0.0,0.0,0.0,0.0,3,10.0,20.5,358,Overcast,3,3,
81945,2021-11-06 14:53:00,40.7773,-73.99034,4,0,Following Too Closely,4475717,10.5,3.4,0.0,0.0,0.0,0.0,0,9.5,17.6,61,Clear sky,4,4,Sunny/Clear Conditions
81946,2021-11-06 04:30:00,40.67151,-73.76455,2,0,Vehicle Vandalism,4475566,10.5,3.4,0.0,0.0,0.0,0.0,0,9.5,17.6,61,Clear sky,2,2,Sunny/Clear Conditions
81947,2021-10-27 11:30:00,40.812126,-73.90419,0,0,Turning Improperly,4475827,16.1,12.2,6.6,6.6,0.0,6.0,61,33.3,63.0,359,Rain: Light,0,0,
81948,2021-11-07 11:00:00,40.77041,-73.82468,0,0,Passing or Lane Usage Improper,4475373,12.1,2.6,0.0,0.0,0.0,0.0,3,10.0,20.5,358,Overcast,0,0,
81949,2021-11-07 09:45:00,40.651157,-73.918144,2,0,Failure to Yield Right-of-Way,4474875,12.1,2.6,0.0,0.0,0.0,0.0,3,10.0,20.5,358,Overcast,2,2,
81950,2021-11-07 12:12:00,40.71837,-73.955025,1,0,Pedestrian/Bicyclist/Other Pedestrian Error/Confusion,4474878,12.1,2.6,0.0,0.0,0.0,0.0,3,10.0,20.5,358,Overcast,1,1,