,CRASH DATETIME,LATITUDE,LONGITUDE,NUMBER OF PERSONS INJURED,NUMBER OF PERSONS KILLED,CONTRIBUTING FACTOR VEHICLE 1,COLLISION_ID,temperature_2m_max,temperature_2m_min,precipitation_sum,rain_sum,snowfall_sum,precipitation_hours,weather_code,wind_speed_10m_max,wind_gusts_10m_max,wind_direction_10m_dominant,Weather Description,Severity_Score,Total_Affected_Persons,Weather_Category
81951,2021-11-07 12:30:00,40.82391,-73.90809,0,0,Following Too Closely,4475287,12.1,2.6,0.0,0.0,0.0,0.0,3,10.0,20.5,358,Overcast,0,0,
81952,2021-11-03 01:17:00,40.844105,-73.898,0,0,Driver Inattention/Distraction,4475712,10.7,3.8,0.1,0.1,0.0,1.0,51,15.6,30.6,302,Drizzle: Light,0,0,
81953,2021-11-07 01:22:00,40.756767,-73.98272,0,0,Unspecified,4474931,12.1,2.6,0.0,0.0,0.0,0.0,3,10.0,20.5,358,Overcast,0,0,
81954,2021-11-07 05:44:00,40.658577,-73.89063,0,0,Following Too Closely,4475342,12.1,2.6,0.0,0.0,0.0,0.0,3,10.0,20.5,358,Overcast,0,0,
81955,2021-10-31 20:55:00,40.626637,-74.01025,0,0,Unspecified,4475750,18.3,12.5,3.7,3.7,0.0,8.0,55,22.9,41.0,268,Drizzle: Dense,0,0,
81956,2021-11-07 17:35:00,40.898537,-73.87957,1,0,Unspecified,4474972,12.1,2.6,0.0,0.0,0.0,0.0,3,10.0,20.5,358,Overcast,1,1,
81957,2021-11-07 03:20:00,40.76912,-73.95505,1,0,Alcohol Involvement,4475481,12.1,2.6,0.0,0.0,0.0,0.0,3,10.0,20.5,358,Overcast,1,1,
81958,2021-11-04 10:20:00,40.640823,-73.96531,1,0,Driver Inattention/Distraction,4475824,9.9,3.0,0.0,0.0,0.0,0.0,3,10.8,21.2,5,Overcast,1,1,
81959,2021-11-07 06:10:00,40.743122,-73.897545,1,0,Driver Inattention/Distraction,4474775,12.1,2.6,0.0,0.0,0.0,0.0,3,10.0,20.5,358,Overcast,1,1,
81960,2021-11-07 00:00:00,40.71709,-73.82631,1,0,Driver Inattention/Distraction,4475291,12.1,2.6,0.0,0.0,0.0,0.0,3,10.0,20.5,358,Overcast,1,1,
81961,2021-11-07 00:00:00,40.775246,-73.94763,0,0,Driver Inattention/Distraction,4475449,12.1,2.6,0.0,0.0,0.0,0.0,3,10.0,20.5,358,Overcast,0,0,
81962,2021-11-07 20:48:00,40.719067,-73.99336,1,0,Driver Inattention/Distraction,4475528,12.1,2.6,0.0,0.0,0.0,0.0,3,10.0,20.5,358,Overcast,1,1,
81963,2021-11-07 07:00:00,40.762764,-73.79706,0,0,Failure to Yield Right-of-Way,4474800,12.1,2.6,0.0,0.0,0.0,0.0,3,10.0,20.5,358,Overcast,0,0,
81964,2021-11-07 10:21:00,40.755516,-73.961105,0,0,Unspecified,4474930,12.1,2.6,0.0,0.0,0.0,0.0,3,10.0,20.5,358,Overcast,0,0,
81965,2021-11-05 21:00:00,40.717472,-73.95862,0,0,Aggressive Driving/Road Rage,4475795,10.7,3.2,0.0,0.0,0.0,0.0,0,14.8,30.2,1,Clear sky,0,0,Sunny/Clear Conditions
81966,2021-11-07 13:30:00,40.73929,-73.85288,0,0,Unspecified,4475808,12.1,2.6,0.0,0.0,0.0,0.0,3,10.0,20.5,358,Overcast,0,0,
81967,2021-08-24 11:30:00,40.87793,-73.8703,0,0,Unsafe Speed,4453219,30.6,21.9,0.0,0.0,0.0,0.0,1,13.9,28.1,291,Mainly clear,0,0,Sunny/Clear Conditions
81968,2021-08-31 18:05:00,40.590393,-74.1661,0,0,Unspecified,4453270,28.5,21.2,0.0,0.0,0.0,0.0,3,15.5,29.9,301,Overcast,0,0,
81969,2021-08-30 09:45:00,40.583534,-73.82635,0,0,Driver Inattention/Distraction,4453290,28.7,21.7,3.9,3.9,0.0,7.0,63,14.7,33.8,231,Rain: Moderate,0,0,
81970,2021-08-29 17:13:00,40.696785,-73.95659,0,0,Failure to Yield Right-of-Way,4453241,24.5,19.7,2.5,2.5,0.0,9.0,53,13.6,25.6,98,Drizzle: Moderate,0,0,
81971,2021-11-07 07:24:00,40.71717,-73.834946,0,0,Driver Inattention/Distraction,4474953,12.1,2.6,0.0,0.0,0.0,0.0,3,10.0,20.5,358,Overcast,0,0,
81972,2021-08-31 12:58:00,40.624332,-73.913216,0,0,Alcohol Involvement,4452569,28.5,21.2,0.0,0.0,0.0,0.0,3,15.5,29.9,301,Overcast,0,0,
81973,2021-08-31 08:30:00,40.63477,-74.00835,0,0,Unspecified,4452674,28.5,21.2,0.0,0.0,0.0,0.0,3,15.5,29.9,301,Overcast,0,0,
81974,2021-08-31 15:35:00,40.809456,-73.909454,0,0,Pavement Defective,4452608,28.5,21.2,0.0,0.0,0.0,0.0,3,15.5,29.9,301,Overcast,0,0,
81975,2021-08-31 03:40:00,40.806828,-73.88448,0,0,Oversized Vehicle,4453060,28.5,21.2,0.0,0.0,0.0,0.0,3,15.5,29.9,301,Overcast,0,0,
81976,2021-08-31 15:41:00,40.676132,-73.81924,1,0,Driver Inattention/Distraction,4453022,28.5,21.2,0.0,0.0,0.0,0.0,3,15.5,29.9,301,Overcast,1,1,
81977,2021-08-31 00:11:00,40.760456,-73.98374,0,0,Driver Inattention/Distraction,4452205,28.5,21.2,0.0,0.0,0.0,0.0,3,15.5,29.9,301,Overcast,0,0,
81978,2021-08-31 16:00:00,40.704964,-73.928116,0,0,Failure to Yield Right-of-Way,4452591,28.5,21.2,0.0,0.0,0.0,0.0,3,15.5,29.9,301,Overcast,0,0,
81979,2021-08-31 18:40:00,40.67585,-73.86878,1,0,Unspecified,4452803,28.5,21.2,0.0,0.0,0.0,0.0,3,15.5,29.9,301,Overcast,1,1,
81980,2021-08-31 22:00:00,40.631454,-73.992256,0,0,Unspecified,4452986,28.5,21.2,0.0,0.0,0.0,0.0,3,15.5,29.9,301,Overcast,0,0,
81981,2021-08-31 22:30:00,40.759624,-73.99548,1,0,Pedestrian/Bicyclist/Other Pedestrian Error/Confusion,4453118,28.5,21.2,0.0,0.0,0.0,0.0,3,15.5,29.9,301,Overcast,1,1,
81982,2021-08-31 01:50:00,40.750946,-73.87051,1,0,Driver Inattention/Distraction,4452272,28.5,21.2,0.0,0.0,0.0,0.0,3,15.5,29.9,301,Overcast,1,1,
81983,2021-08-31 13:10:00,40.61662,-73.99972,1,0,Driver Inattention/Distraction,4452638,28.5,21.2,0.0,0.0,0.0,0.0,3,15.5,29.9,301,Overcast,1,1,
81984,2021-08-17 14:20:00,40.761147,-73.97952,1,0,Backing Unsafely,4453056,26.4,22.2,1.6,1.6,0.0,2.0,55,20.3,39.2,158,Drizzle: Dense,1,1,
81985,2021-08-30 20:41:00,40.85558,-73.93428,0,0,Passing or Lane Usage Improper,4453104,28.7,21.7,3.9,3.9,0.0,7.0,63,14.7,33.8,231,Rain: Moderate,0,0,
81986,2021-08-31 12:45:00,40.626907,-73.89165,1,0,Driver Inattention/Distraction,4452928,28.5,21.2,0.0,0.0,0.0,0.0,3,15.5,29.9,301,Overcast,1,1,
81987,2021-08-31 09:24:00,40.677364,-73.90798,0,0,Unspecified,4452388,28.5,21.2,0.0,0.0,0.0,0.0,3,15.5,29.9,301,Overcast,0,0,
81988,2021-08-31 18:36:00,40.769115,-73.98856,0,0,Following Too Closely,4452686,28.5,21.2,0.0,0.0,0.0,0.0,3,15.5,29.9,301,Overcast,0,0,
81989,2021-08-31 16:55:00,40.82406,-73.92815,1,0,Failure to Yield Right-of-Way,4452711,28.5,21.2,0.0,0.0,0.0,0.0,3,15.5,29.9,301,Overcast,1,1,
81990,2021-08-31 16:54:00,40.752197,-73.78944,0,0,Driver Inattention/Distraction,4452812,28.5,21.2,0.0,0.0,0.0,0.0,3,15.5,29.9,301,Overcast,0,0,
81991,2021-08-31 15:43:00,40.692497,-73.98896,2,0,Unspecified,4452834,28.5,21.2,0.0,0.0,0.0,0.0,3,15.5,29.9,301,Overcast,2,2,
81992,2021-08-31 13:05:00,40.60763,-73.930275,0,0,Failure to Yield Right-of-Way,4452513,28.5,21.2,0.0,0.0,0.0,0.0,3,15.5,29.9,301,Overcast,0,0,
81993,2021-08-31 11:18:00,40.82458,-73.870544,0,0,Unspecified,4452468,28.5,21.2,0.0,0.0,0.0,0.0,3,15.5,29.9,301,Overcast,0,0,
81994,2021-08-30 17:15:00,40.749718,-73.86419,1,0,Following Too Closely,4453152,28.7,21.7,3.9,3.9,0.0,7.0,63,14.7,33.8,231,Rain: Moderate,1,1,
81995,2021-08-27 12:25:00,40.754093,-73.99209,0,0,Following Too Closely,4453192,32.2,23.4,1.4,1.4,0.0,2.0,55,9.4,22.3,299,Drizzle: Dense,0,0,
81996,2021-08-31 04:50:00,40.653126,-73.94137,2,0,Unspecified,4452501,28.5,21.2,0.0,0.0,0.0,0.0,3,15.5,29.9,301,Overcast,2,2,
81997,2021-08-31 12:00:00,40.575302,-73.98453,0,0,Backing Unsafely,4452475,28.5,21.2,0.0,0.0,0.0,0.0,3,15.5,29.9,301,Overcast,0,0,
81998,2021-08-31 14:40:00,40.681114,-73.79815,0,0,View Obstructed/Limited,4452527,28.5,21.2,0.0,0.0,0.0,0.0,3,15.5,29.9,301,Overcast,0,0,
81999,2021-08-31 09:30:00,40.756557,-73.97444,0,0,Driver Inattention/Distraction,4452421,28.5,21.2,0.0,0.0,0.0,0.0,3,15.5,29.9,301,Overcast,0,0,
82000,2021-08-31 14:30:00,40.88689,-73.8576,0,0,Unspecified,4452833,28.5,21.2,0.0,0.0,0.0,0.0,3,15.5,29.9,301,Overcast,0,0,
82001,2021-08-31 21:18:00,40.633995,-73.94778,2,0,Other Vehicular,4452622,28.5,21.2,0.0,0.0,0.0,0.0,3,15.5,29.9,301,Overcast,2,2,
82002,2021-08-31 19:09:00,40.84211,-73.82557,0,0,Unspecified,4452645,28.5,21.2,0.0,0.0,0.0,0.0,3,15.5,29.9,301,Overcast,0,0,
82003,2021-08-31 23:30:00,40.75855,-73.82964,0,0,Backing Unsafely,4452894,28.5,21.2,0.0,0.0,0.0,0.0,3,15.5,29.9,301,Overcast,0,0,
82004,2021-08-31 22:10:00,40.86369,-73.91707,0,0,Traffic Control Disregarded,4452717,28.5,21.2,0.0,0.0,0.0,0.0,3,15.5,29.9,301,Overcast,0,0,
82005,2021-08-31 16:30:00,40.730164,-73.74791,0,0,Unspecified,4452849,28.5,21.2,0.0,0.0,0.0,0.0,3,15.5,29.9,301,Overcast,0,0,
82006,2021-08-31 12:50:00,40.8307,-73.8642,0,0,Unspecified,4452456,28.5,21.2,0.0,0.0,0.0,0.0,3,15.5,29.9,301,Overcast,0,0,
82007,2021-08-31 14:59:00,40.744778,-73.97589,0,0,Passing or Lane Usage Improper,4452518,28.5,21.2,0.0,0.0,0.0,0.0,3,15.5,29.9,301,Overcast,0,0,
82008,2021-08-31 15:30:00,40.657246,-73.91243,0,0,Driver Inattention/Distraction,4452596,28.5,21.2,0.0,0.0,0.0,0.0,3,15.5,29.9,301,Overcast,0,0,
82009,2021-08-25 20:00:00,40.7528,-73.979294,1,0,Driver Inattention/Distraction,4453148,31.2,20.1,0.0,0.0,0.0,0.0,3,10.2,18.7,277,Overcast,1,1,
82010,2021-08-31 17:20:00,40.681087,-73.91139,0,0,Unspecified,4452708,28.5,21.2,0.0,0.0,0.0,0.0,3,15.5,29.9,301,Overcast,0,0,
82011,2021-07-16 12:40:00,40.816532,-73.92822,0,0,Driver Inattention/Distraction,4453006,32.3,23.2,0.3,0.3,0.0,3.0,51,12.3,33.1,238,Drizzle: Light,0,0,
82012,2021-08-20 22:32:00,40.754677,-73.98677,3,0,Failure to Yield Right-of-Way,4453156,26.9,22.0,1.1,1.1,0.0,5.0,53,12.4,22.0,310,Drizzle: Moderate,3,3,
82013,2022-01-29 18:55:00,40.700768,-73.990944,1,0,Following Too Closely,4498476,-1.7,-12.9,17.6,0.1,12.25,19.0,75,39.7,72.7,336,Snow fall: Heavy,1,1,Snowy Conditions
82014,2021-08-31 16:00:00,40.66652,-73.73645,0,0,Unspecified,4452578,28.5,21.2,0.0,0.0,0.0,0.0,3,15.5,29.9,301,Overcast,0,0,
82015,2021-08-25 19:50:00,40.832176,-73.88873,0,0,Unspecified,4453078,31.2,20.1,0.0,0.0,0.0,0.0,3,10.2,18.7,277,Overcast,0,0,
82016,2021-08-31 09:30:00,40.699757,-73.75855,0,0,Passing or Lane Usage Improper,4452485,28.5,21.2,0.0,0.0,0.0,0.0,3,15.5,29.9,301,Overcast,0,0,
82017,2021-08-30 06:00:00,40.793186,-73.94057,1,0,Unsafe Speed,4452984,28.7,21.7,3.9,3.9,0.0,7.0,63,14.7,33.8,231,Rain: Moderate,1,1,
82018,2021-08-31 14:30:00,40.78485,-73.846794,0,0,Failure to Yield Right-of-Way,4452747,28.5,21.2,0.0,0.0,0.0,0.0,3,15.5,29.9,301,Overcast,0,0,
82019,2021-08-31 19:30:00,40.744335,-73.858864,0,0,Unspecified,4452821,28.5,21.2,0.0,0.0,0.0,0.0,3,15.5,29.9,301,Overcast,0,0,
82020,2021-08-31 13:35:00,40.58634,-73.81575,0,0,Unspecified,4453276,28.5,21.2,0.0,0.0,0.0,0.0,3,15.5,29.9,301,Overcast,0,0,
82021,2021-08-31 15:38:00,40.64617,-73.896805,0,0,Unspecified,4452964,28.5,21.2,0.0,0.0,0.0,0.0,3,15.5,29.9,301,Overcast,0,0,
82022,2021-08-31 12:08:00,40.725773,-74.00091,1,0,Driver Inattention/Distraction,4453064,28.5,21.2,0.0,0.0,0.0,0.0,3,15.5,29.9,301,Overcast,1,1,
82023,2021-08-31 18:30:00,40.685963,-73.85654,2,0,Following Too Closely,4452616,28.5,21.2,0.0,0.0,0.0,0.0,3,15.5,29.9,301,Overcast,2,2,
82024,2021-08-29 04:00:00,40.826622,-73.930984,0,0,Unspecified,4453031,24.5,19.7,2.5,2.5,0.0,9.0,53,13.6,25.6,98,Drizzle: Moderate,0,0,
82025,2021-08-31 05:31:00,40.673267,-73.98952,0,0,Passing or Lane Usage Improper,4452639,28.5,21.2,0.0,0.0,0.0,0.0,3,15.5,29.9,301,Overcast,0,0,
82026,2021-08-31 01:13:00,40.747623,-73.89658,2,0,Driver Inattention/Distraction,4452585,28.5,21.2,0.0,0.0,0.0,0.0,3,15.5,29.9,301,Overcast,2,2,
82027,2021-08-31 14:10:00,40.722717,-74.004456,0,0,Driver Inattention/Distraction,4452696,28.5,21.2,0.0,0.0,0.0,0.0,3,15.5,29.9,301,Overcast,0,0,
82028,2021-08-31 16:00:00,40.68527,-73.84248,2,0,Failure to Yield Right-of-Way,4453136,28.5,21.2,0.0,0.0,0.0,0.0,3,15.5,29.9,301,Overcast,2,2,
82029,2021-08-31 14:15:00,40.82034,-73.940025,1,0,Driver Inattention/Distraction,4452549,28.5,21.2,0.0,0.0,0.0,0.0,3,15.5,29.9,301,Overcast,1,1,
82030,2021-08-29 18:40:00,40.696686,-73.77328,0,0,Alcohol Involvement,4452994,24.5,19.7,2.5,2.5,0.0,9.0,53,13.6,25.6,98,Drizzle: Moderate,0,0,
82031,2021-08-08 18:00:00,40.57554,-73.979645,0,0,Failure to Yield Right-of-Way,4453163,22.9,19.4,12.7,12.7,0.0,17.0,63,19.9,36.0,38,Rain: Moderate,0,0,
82032,2021-08-31 09:15:00,40.843143,-73.85575,0,0,Unspecified,4452664,28.5,21.2,0.0,0.0,0.0,0.0,3,15.5,29.9,301,Overcast,0,0,
82033,2021-08-31 17:18:00,40.71976,-73.94476,1,0,Driver Inattention/Distraction,4452592,28.5,21.2,0.0,0.0,0.0,0.0,3,15.5,29.9,301,Overcast,1,1,
82034,2021-08-31 14:05:00,40.865765,-73.86735,0,0,Cell Phone (hand-Held),4452665,28.5,21.2,0.0,0.0,0.0,0.0,3,15.5,29.9,301,Overcast,0,0,
82035,2021-08-31 16:00:00,40.602028,-73.99857,0,0,Unspecified,4452631,28.5,21.2,0.0,0.0,0.0,0.0,3,15.5,29.9,301,Overcast,0,0,
82036,2021-08-31 19:15:00,40.763893,-73.915,0,0,Alcohol Involvement,4453039,28.5,21.2,0.0,0.0,0.0,0.0,3,15.5,29.9,301,Overcast,0,0,
82037,2021-08-31 00:15:00,40.78515,-73.94063,0,0,Driver Inattention/Distraction,4452216,28.5,21.2,0.0,0.0,0.0,0.0,3,15.5,29.9,301,Overcast,0,0,
82038,2021-08-31 12:00:00,40.875507,-73.881485,0,0,Backing Unsafely,4453092,28.5,21.2,0.0,0.0,0.0,0.0,3,15.5,29.9,301,Overcast,0,0,
82039,2021-07-06 13:30:00,40.75529,-73.99493,0,0,Failure to Yield Right-of-Way,4453231,33.6,21.9,2.1,2.1,0.0,4.0,61,21.8,49.7,231,Rain: Light,0,0,
82040,2021-08-31 07:10:00,40.761623,-73.82208,4,0,Failure to Yield Right-of-Way,4452574,28.5,21.2,0.0,0.0,0.0,0.0,3,15.5,29.9,301,Overcast,4,4,
82041,2021-08-31 09:00:00,40.701027,-73.94813,0,0,Passing or Lane Usage Improper,4452941,28.5,21.2,0.0,0.0,0.0,0.0,3,15.5,29.9,301,Overcast,0,0,
82042,2021-08-30 00:38:00,40.664375,-73.92376,1,0,,4453212,28.7,21.7,3.9,3.9,0.0,7.0,63,14.7,33.8,231,Rain: Moderate,1,1,
82043,2021-08-26 18:30:00,40.58425,-73.9638,0,0,Driver Inattention/Distraction,4453162,31.8,22.8,0.1,0.1,0.0,1.0,51,14.8,29.2,228,Drizzle: Light,0,0,
82044,2021-08-25 20:37:00,40.64891,-73.89256,1,0,Reaction to Uninvolved Vehicle,4453013,31.2,20.1,0.0,0.0,0.0,0.0,3,10.2,18.7,277,Overcast,1,1,
82045,2021-11-07 20:30:00,40.5861,-73.97128,0,0,Unspecified,4475135,12.1,2.6,0.0,0.0,0.0,0.0,3,10.0,20.5,358,Overcast,0,0,
82046,2021-08-29 13:20:00,40.593376,-73.778984,0,0,Unspecified,4453057,24.5,19.7,2.5,2.5,0.0,9.0,53,13.6,25.6,98,Drizzle: Moderate,0,0,
82047,2021-08-31 15:15:00,40.819637,-73.93432,0,0,Other Vehicular,4452547,28.5,21.2,0.0,0.0,0.0,0.0,3,15.5,29.9,301,Overcast,0,0,
82048,2021-08-31 05:53:00,40.661015,-73.90853,1,0,Unspecified,4452632,28.5,21.2,0.0,0.0,0.0,0.0,3,15.5,29.9,301,Overcast,1,1,
82049,2021-08-27 17:50:00,40.73965,-74.00014,1,0,Reaction to Uninvolved Vehicle,4453108,32.2,23.4,1.4,1.4,0.0,2.0,55,9.4,22.3,299,Drizzle: Dense,1,1,
82050,2021-08-31 15:15:00,40.665318,-73.73431,1,0,Driver Inattention/Distraction,4452587,28.5,21.2,0.0,0.0,0.0,0.0,3,15.5,29.9,301,Overcast,1,1,
82051,2021-08-31 14:30:00,40.649597,-73.93836,1,0,Unspecified,4452914,28.5,21.2,0.0,0.0,0.0,0.0,3,15.5,29.9,301,Overcast,1,1,
82052,2021-08-29 23:00:00,40.702515,-73.75083,0,0,Unspecified,4452993,24.5,19.7,2.5,2.5,0.0,9.0,53,13.6,25.6,98,Drizzle: Moderate,0,0,
82053,2021-08-31 04:20:00,40.81351,-73.91967,1,0,Traffic Control Disregarded,4452609,28.5,21.2,0.0,0.0,0.0,0.0,3,15.5,29.9,301,Overcast,1,1,
82054,2021-08-30 13:25:00,40.604412,-73.97421,0,0,Turning Improperly,4453194,28.7,21.7,3.9,3.9,0.0,7.0,63,14.7,33.8,231,Rain: Moderate,0,0,
82055,2021-08-26 14:56:00,40.824257,-73.909325,0,0,Unspecified,4453075,31.8,22.8,0.1,0.1,0.0,1.0,51,14.8,29.2,228,Drizzle: Light,0,0,
82056,2021-08-31 13:00:00,40.797775,-73.93361,0,0,Unspecified,4452484,28.5,21.2,0.0,0.0,0.0,0.0,3,15.5,29.9,301,Overcast,0,0,
82057,2021-08-31 09:03:00,40.656895,-73.91951,0,0,Unspecified,4452502,28.5,21.2,0.0,0.0,0.0,0.0,3,15.5,29.9,301,Overcast,0,0,
82058,2021-08-31 14:44:00,40.836796,-73.91949,2,0,Following Too Closely,4452725,28.5,21.2,0.0,0.0,0.0,0.0,3,15.5,29.9,301,Overcast,2,2,
82059,2021-08-24 14:56:00,40.676743,-73.93316,0,0,Driver Inattention/Distraction,4453172,30.6,21.9,0.0,0.0,0.0,0.0,1,13.9,28.1,291,Mainly clear,0,0,Sunny/Clear Conditions
82060,2021-08-31 13:52:00,40.667236,-73.770004,1,0,Unspecified,4452570,28.5,21.2,0.0,0.0,0.0,0.0,3,15.5,29.9,301,Overcast,1,1,
82061,2021-08-31 22:30:00,40.823505,-73.94144,0,0,Driver Inattention/Distraction,4452875,28.5,21.2,0.0,0.0,0.0,0.0,3,15.5,29.9,301,Overcast,0,0,
82062,2021-08-31 07:57:00,40.74462,-74.0027,3,0,Traffic Control Disregarded,4453117,28.5,21.2,0.0,0.0,0.0,0.0,3,15.5,29.9,301,Overcast,3,3,
82063,2021-08-31 09:25:00,40.6785,-73.743256,1,0,Unspecified,4452458,28.5,21.2,0.0,0.0,0.0,0.0,3,15.5,29.9,301,Overcast,1,1,
82064,2021-08-31 12:20:00,40.83801,-73.87329,1,0,Following Too Closely,4452672,28.5,21.2,0.0,0.0,0.0,0.0,3,15.5,29.9,301,Overcast,1,1,
82065,2021-08-31 20:50:00,40.713436,-73.7607,0,0,Turning Improperly,4452766,28.5,21.2,0.0,0.0,0.0,0.0,3,15.5,29.9,301,Overcast,0,0,
82066,2021-08-31 09:20:00,40.553093,-74.142334,0,0,Driver Inattention/Distraction,4452489,28.5,21.2,0.0,0.0,0.0,0.0,3,15.5,29.9,301,Overcast,0,0,
82067,2021-08-31 13:00:00,40.664482,-73.9339,0,0,Driver Inattention/Distraction,4452595,28.5,21.2,0.0,0.0,0.0,0.0,3,15.5,29.9,301,Overcast,0,0,
82068,2021-08-20 10:45:00,40.62851,-74.14576,0,0,Reaction to Uninvolved Vehicle,4453007,26.9,22.0,1.1,1.1,0.0,5.0,53,12.4,22.0,310,Drizzle: Moderate,0,0,
82069,2021-08-06 12:20:00,40.812737,-73.88396,1,0,Unspecified,4453063,28.9,17.4,0.0,0.0,0.0,0.0,3,18.1,38.2,188,Overcast,1,1,
82070,2021-08-31 15:18:00,40.875122,-73.905174,0,0,Driver Inattention/Distraction,4452906,28.5,21.2,0.0,0.0,0.0,0.0,3,15.5,29.9,301,Overcast,0,0,
82071,2021-08-31 10:40:00,40.585556,-73.94881,0,0,Driver Inattention/Distraction,4452603,28.5,21.2,0.0,0.0,0.0,0.0,3,15.5,29.9,301,Overcast,0,0,
82072,2021-08-30 12:00:00,40.80574,-73.942764,0,0,Driver Inattention/Distraction,4453317,28.7,21.7,3.9,3.9,0.0,7.0,63,14.7,33.8,231,Rain: Moderate,0,0,
82073,2021-08-30 17:00:00,40.707596,-73.94831,1,0,Unsafe Speed,4453287,28.7,21.7,3.9,3.9,0.0,7.0,63,14.7,33.8,231,Rain: Moderate,1,1,
82074,2021-08-27 14:59:00,40.75216,-73.987495,1,0,Failure to Yield Right-of-Way,4453149,32.2,23.4,1.4,1.4,0.0,2.0,55,9.4,22.3,299,Drizzle: Dense,1,1,
82075,2021-08-31 17:24:00,40.70814,-74.005455,0,0,Driver Inattention/Distraction,4452999,28.5,21.2,0.0,0.0,0.0,0.0,3,15.5,29.9,301,Overcast,0,0,
82076,2021-08-27 21:48:00,40.681446,-73.94644,0,0,Unsafe Speed,4453242,32.2,23.4,1.4,1.4,0.0,2.0,55,9.4,22.3,299,Drizzle: Dense,0,0,
82077,2021-08-31 14:10:00,40.865078,-73.928116,1,0,Turning Improperly,4452716,28.5,21.2,0.0,0.0,0.0,0.0,3,15.5,29.9,301,Overcast,1,1,
82078,2021-08-31 05:18:00,40.81916,-73.87982,0,0,Driver Inattention/Distraction,4452377,28.5,21.2,0.0,0.0,0.0,0.0,3,15.5,29.9,301,Overcast,0,0,
82079,2021-08-31 18:10:00,40.6848,-73.95641,1,0,Unsafe Lane Changing,4452843,28.5,21.2,0.0,0.0,0.0,0.0,3,15.5,29.9,301,Overcast,1,1,
82080,2021-08-31 00:45:00,40.72178,-73.760025,1,0,Driver Inattention/Distraction,4452530,28.5,21.2,0.0,0.0,0.0,0.0,3,15.5,29.9,301,Overcast,1,1,
82081,2021-08-31 12:30:00,40.728603,-74.005325,0,0,Oversized Vehicle,4452801,28.5,21.2,0.0,0.0,0.0,0.0,3,15.5,29.9,301,Overcast,0,0,
82082,2021-08-31 14:44:00,40.720066,-73.95689,2,0,Other Vehicular,4452678,28.5,21.2,0.0,0.0,0.0,0.0,3,15.5,29.9,301,Overcast,2,2,
82083,2021-08-31 18:25:00,40.862064,-73.89484,3,0,Brakes Defective,4452621,28.5,21.2,0.0,0.0,0.0,0.0,3,15.5,29.9,301,Overcast,3,3,
82084,2021-08-31 22:35:00,40.59963,-74.18996,0,0,Unsafe Lane Changing,4453316,28.5,21.2,0.0,0.0,0.0,0.0,3,15.5,29.9,301,Overcast,0,0,
82085,2021-08-29 21:00:00,40.83819,-73.887474,0,0,Unspecified,4453068,24.5,19.7,2.5,2.5,0.0,9.0,53,13.6,25.6,98,Drizzle: Moderate,0,0,
82086,2021-08-31 16:56:00,40.840645,-73.84205,1,0,Traffic Control Disregarded,4452644,28.5,21.2,0.0,0.0,0.0,0.0,3,15.5,29.9,301,Overcast,1,1,
82087,2021-08-31 06:50:00,40.854393,-73.86201,1,0,Driver Inattention/Distraction,4453002,28.5,21.2,0.0,0.0,0.0,0.0,3,15.5,29.9,301,Overcast,1,1,
82088,2021-08-31 10:20:00,40.75895,-73.83192,0,0,Following Too Closely,4452577,28.5,21.2,0.0,0.0,0.0,0.0,3,15.5,29.9,301,Overcast,0,0,
82089,2021-08-31 22:13:00,40.666306,-73.79171,0,0,Following Too Closely,4452881,28.5,21.2,0.0,0.0,0.0,0.0,3,15.5,29.9,301,Overcast,0,0,
82090,2021-08-31 21:00:00,40.821262,-73.9135,0,0,Driver Inattention/Distraction,4452969,28.5,21.2,0.0,0.0,0.0,0.0,3,15.5,29.9,301,Overcast,0,0,
82091,2021-08-31 09:30:00,40.59572,-73.96103,1,0,Driver Inattention/Distraction,4452602,28.5,21.2,0.0,0.0,0.0,0.0,3,15.5,29.9,301,Overcast,1,1,
82092,2021-08-31 17:26:00,40.63043,-73.88593,1,0,Unspecified,4452808,28.5,21.2,0.0,0.0,0.0,0.0,3,15.5,29.9,301,Overcast,1,1,
82093,2021-08-31 00:00:00,40.63721,-74.02221,0,0,Passing Too Closely,4452420,28.5,21.2,0.0,0.0,0.0,0.0,3,15.5,29.9,301,Overcast,0,0,
82094,2021-08-31 07:30:00,40.68549,-73.97457,0,0,Backing Unsafely,4452512,28.5,21.2,0.0,0.0,0.0,0.0,3,15.5,29.9,301,Overcast,0,0,
82095,2021-08-31 17:30:00,40.807037,-73.949745,0,0,Driver Inattention/Distraction,4452666,28.5,21.2,0.0,0.0,0.0,0.0,3,15.5,29.9,301,Overcast,0,0,
82096,2021-08-31 19:00:00,40.73388,-73.70509,1,0,Unspecified,4452573,28.5,21.2,0.0,0.0,0.0,0.0,3,15.5,29.9,301,Overcast,1,1,
82097,2021-08-31 22:36:00,40.737553,-73.85089,1,0,Following Too Closely,4452650,28.5,21.2,0.0,0.0,0.0,0.0,3,15.5,29.9,301,Overcast,1,1,
82098,2021-08-24 20:00:00,40.771988,-73.89205,0,0,Unspecified,4453028,30.6,21.9,0.0,0.0,0.0,0.0,1,13.9,28.1,291,Mainly clear,0,0,Sunny/Clear Conditions
82099,2021-08-31 18:22:00,40.824562,-73.948105,1,0,Driver Inattention/Distraction,4452615,28.5,21.2,0.0,0.0,0.0,0.0,3,15.5,29.9,301,Overcast,1,1,