,CRASH DATETIME,LATITUDE,LONGITUDE,NUMBER OF PERSONS INJURED,NUMBER OF PERSONS KILLED,CONTRIBUTING FACTOR VEHICLE 1,COLLISION_ID,temperature_2m_max,temperature_2m_min,precipitation_sum,rain_sum,snowfall_sum,precipitation_hours,weather_code,wind_speed_10m_max,wind_gusts_10m_max,wind_direction_10m_dominant,Weather Description,Severity_Score,Total_Affected_Persons,Weather_Category
82100,2021-08-30 00:00:00,40.847027,-73.89807,1,0,Driver Inattention/Distraction,4453043,28.7,21.7,3.9,3.9,0.0,7.0,63,14.7,33.8,231,Rain: Moderate,1,1,
82101,2021-08-31 00:50:00,40.650387,-73.95872,0,0,Driver Inattention/Distraction,4452224,28.5,21.2,0.0,0.0,0.0,0.0,3,15.5,29.9,301,Overcast,0,0,
82102,2021-08-30 07:45:00,40.86442,-73.90389,0,0,Unspecified,4453096,28.7,21.7,3.9,3.9,0.0,7.0,63,14.7,33.8,231,Rain: Moderate,0,0,
82103,2021-08-31 22:56:00,40.70951,-73.95088,1,0,Unsafe Speed,4452935,28.5,21.2,0.0,0.0,0.0,0.0,3,15.5,29.9,301,Overcast,1,1,
82104,2021-08-31 11:30:00,40.66989,-73.93381,0,0,Other Vehicular,4453174,28.5,21.2,0.0,0.0,0.0,0.0,3,15.5,29.9,301,Overcast,0,0,
82105,2021-08-31 08:58:00,40.675495,-73.88916,0,0,Turning Improperly,4452786,28.5,21.2,0.0,0.0,0.0,0.0,3,15.5,29.9,301,Overcast,0,0,
82106,2021-08-31 09:00:00,40.83609,-73.87524,0,0,Unspecified,4452488,28.5,21.2,0.0,0.0,0.0,0.0,3,15.5,29.9,301,Overcast,0,0,
82107,2021-08-31 11:53:00,40.70519,-73.91478,1,0,Failure to Yield Right-of-Way,4452492,28.5,21.2,0.0,0.0,0.0,0.0,3,15.5,29.9,301,Overcast,1,1,
82108,2021-08-31 15:20:00,40.81467,-73.93622,0,0,Unspecified,4452697,28.5,21.2,0.0,0.0,0.0,0.0,3,15.5,29.9,301,Overcast,0,0,
82109,2021-08-29 21:08:00,40.861862,-73.91275,0,0,Passing Too Closely,4453089,24.5,19.7,2.5,2.5,0.0,9.0,53,13.6,25.6,98,Drizzle: Moderate,0,0,
82110,2021-08-31 12:00:00,40.756,-73.96463,0,0,Glare,4452517,28.5,21.2,0.0,0.0,0.0,0.0,3,15.5,29.9,301,Overcast,0,0,
82111,2021-08-31 23:48:00,40.65711,-74.00152,0,0,Unspecified,4452735,28.5,21.2,0.0,0.0,0.0,0.0,3,15.5,29.9,301,Overcast,0,0,
82112,2021-08-29 12:50:00,40.644073,-74.077774,1,0,Pedestrian/Bicyclist/Other Pedestrian Error/Confusion,4453130,24.5,19.7,2.5,2.5,0.0,9.0,53,13.6,25.6,98,Drizzle: Moderate,1,1,
82113,2021-08-31 22:00:00,40.841892,-73.85839,0,0,Unsafe Lane Changing,4452825,28.5,21.2,0.0,0.0,0.0,0.0,3,15.5,29.9,301,Overcast,0,0,
82114,2021-07-29 20:00:00,40.668797,-73.93113,0,0,Alcohol Involvement,4453168,25.3,20.4,33.0,33.0,0.0,11.0,65,26.1,50.8,182,Rain: Heavy,0,0,
82115,2021-08-31 05:55:00,40.712284,-73.78536,0,0,Traffic Control Disregarded,4452448,28.5,21.2,0.0,0.0,0.0,0.0,3,15.5,29.9,301,Overcast,0,0,
82116,2021-08-31 23:30:00,40.799953,-73.95274,0,0,Passing Too Closely,4452699,28.5,21.2,0.0,0.0,0.0,0.0,3,15.5,29.9,301,Overcast,0,0,
82117,2021-08-31 19:15:00,40.542427,-74.14591,0,0,Driver Inattention/Distraction,4452818,28.5,21.2,0.0,0.0,0.0,0.0,3,15.5,29.9,301,Overcast,0,0,
82118,2021-08-31 22:51:00,40.72428,-73.898445,5,0,Failure to Yield Right-of-Way,4452856,28.5,21.2,0.0,0.0,0.0,0.0,3,15.5,29.9,301,Overcast,5,5,
82119,2021-08-31 11:05:00,40.752007,-73.7213,0,0,Unspecified,4452459,28.5,21.2,0.0,0.0,0.0,0.0,3,15.5,29.9,301,Overcast,0,0,
82120,2021-08-31 14:20:00,40.76025,-73.96753,1,0,Unspecified,4452515,28.5,21.2,0.0,0.0,0.0,0.0,3,15.5,29.9,301,Overcast,1,1,
82121,2021-08-27 17:15:00,40.7591,-73.99214,0,0,Driver Inattention/Distraction,4453150,32.2,23.4,1.4,1.4,0.0,2.0,55,9.4,22.3,299,Drizzle: Dense,0,0,
82122,2021-08-31 18:56:00,40.572353,-73.9905,1,0,Alcohol Involvement,4453159,28.5,21.2,0.0,0.0,0.0,0.0,3,15.5,29.9,301,Overcast,1,1,
82123,2021-08-31 15:15:00,40.673786,-73.76381,0,0,Unspecified,4452546,28.5,21.2,0.0,0.0,0.0,0.0,3,15.5,29.9,301,Overcast,0,0,
82124,2021-08-31 22:20:00,40.602856,-73.98447,0,0,Alcohol Involvement,4452633,28.5,21.2,0.0,0.0,0.0,0.0,3,15.5,29.9,301,Overcast,0,0,
82125,2021-08-23 20:00:00,40.757538,-73.98956,0,0,View Obstructed/Limited,4453138,28.7,22.0,36.1,36.1,0.0,19.0,65,27.4,49.3,230,Rain: Heavy,0,0,
82126,2021-08-31 13:00:00,40.664963,-73.98982,0,0,Passing Too Closely,4452933,28.5,21.2,0.0,0.0,0.0,0.0,3,15.5,29.9,301,Overcast,0,0,
82127,2021-08-30 14:00:00,40.8165,-73.946556,0,0,Oversized Vehicle,4453074,28.7,21.7,3.9,3.9,0.0,7.0,63,14.7,33.8,231,Rain: Moderate,0,0,
82128,2021-08-31 09:00:00,40.683594,-73.80345,1,0,Following Too Closely,4452481,28.5,21.2,0.0,0.0,0.0,0.0,3,15.5,29.9,301,Overcast,1,1,
82129,2021-08-31 14:30:00,40.712116,-73.73118,1,0,Passing or Lane Usage Improper,4452571,28.5,21.2,0.0,0.0,0.0,0.0,3,15.5,29.9,301,Overcast,1,1,
82130,2021-08-31 07:10:00,40.742188,-73.91891,0,0,Backing Unsafely,4452401,28.5,21.2,0.0,0.0,0.0,0.0,3,15.5,29.9,301,Overcast,0,0,
82131,2021-08-31 01:00:00,40.70315,-73.87574,0,0,Passing or Lane Usage Improper,4452531,28.5,21.2,0.0,0.0,0.0,0.0,3,15.5,29.9,301,Overcast,0,0,
82132,2021-08-31 21:03:00,40.63947,-73.902756,2,0,Unsafe Speed,4453232,28.5,21.2,0.0,0.0,0.0,0.0,3,15.5,29.9,301,Overcast,2,2,
82133,2021-08-31 23:30:00,40.747692,-73.89381,1,0,Unspecified,4452689,28.5,21.2,0.0,0.0,0.0,0.0,3,15.5,29.9,301,Overcast,1,1,
82134,2021-08-31 11:00:00,40.714283,-73.8102,0,0,Unspecified,4452523,28.5,21.2,0.0,0.0,0.0,0.0,3,15.5,29.9,301,Overcast,0,0,
82135,2021-08-24 13:10:00,40.772697,-73.93269,1,0,Driver Inattention/Distraction,4453027,30.6,21.9,0.0,0.0,0.0,0.0,1,13.9,28.1,291,Mainly clear,1,1,Sunny/Clear Conditions
82136,2021-08-31 17:00:00,40.822437,-73.93445,0,0,Driver Inattention/Distraction,4452827,28.5,21.2,0.0,0.0,0.0,0.0,3,15.5,29.9,301,Overcast,0,0,
82137,2021-08-31 23:20:00,40.65559,-73.91996,0,0,Alcohol Involvement,4452588,28.5,21.2,0.0,0.0,0.0,0.0,3,15.5,29.9,301,Overcast,0,0,
82138,2021-08-31 18:19:00,40.5794,-74.16949,0,0,Driver Inattention/Distraction,4452723,28.5,21.2,0.0,0.0,0.0,0.0,3,15.5,29.9,301,Overcast,0,0,
82139,2021-08-31 09:00:00,40.663982,-73.89581,0,0,Driver Inattention/Distraction,4452807,28.5,21.2,0.0,0.0,0.0,0.0,3,15.5,29.9,301,Overcast,0,0,
82140,2021-08-31 11:54:00,40.851807,-73.90683,0,0,Traffic Control Disregarded,4452627,28.5,21.2,0.0,0.0,0.0,0.0,3,15.5,29.9,301,Overcast,0,0,
82141,2021-08-31 16:28:00,40.64029,-73.994804,0,0,Unspecified,4452992,28.5,21.2,0.0,0.0,0.0,0.0,3,15.5,29.9,301,Overcast,0,0,
82142,2021-08-31 19:37:00,40.732582,-73.86806,1,0,Pedestrian/Bicyclist/Other Pedestrian Error/Confusion,4452581,28.5,21.2,0.0,0.0,0.0,0.0,3,15.5,29.9,301,Overcast,1,1,
82143,2021-08-28 02:40:00,40.60915,-74.14987,0,0,Unsafe Lane Changing,4453008,26.2,20.2,3.9,3.9,0.0,18.0,53,23.5,45.0,65,Drizzle: Moderate,0,0,
82144,2021-08-31 01:40:00,40.790344,-73.81984,0,0,Backing Unsafely,4452576,28.5,21.2,0.0,0.0,0.0,0.0,3,15.5,29.9,301,Overcast,0,0,
82145,2021-08-31 05:00:00,40.68831,-73.863045,0,0,Driver Inexperience,4452349,28.5,21.2,0.0,0.0,0.0,0.0,3,15.5,29.9,301,Overcast,0,0,
82146,2021-08-31 14:00:00,40.70548,-73.81286,0,0,Passing or Lane Usage Improper,4453052,28.5,21.2,0.0,0.0,0.0,0.0,3,15.5,29.9,301,Overcast,0,0,
82147,2021-08-30 16:00:00,40.691017,-73.954475,0,0,Passing Too Closely,4453250,28.7,21.7,3.9,3.9,0.0,7.0,63,14.7,33.8,231,Rain: Moderate,0,0,
82148,2021-08-31 14:46:00,40.82611,-73.87802,0,0,Failure to Yield Right-of-Way,4452508,28.5,21.2,0.0,0.0,0.0,0.0,3,15.5,29.9,301,Overcast,0,0,
82149,2021-08-31 19:05:00,40.583374,-73.95126,0,0,Unspecified,4452604,28.5,21.2,0.0,0.0,0.0,0.0,3,15.5,29.9,301,Overcast,0,0,
82150,2021-08-28 21:00:00,40.737804,-73.78154,0,0,Driver Inattention/Distraction,4453195,26.2,20.2,3.9,3.9,0.0,18.0,53,23.5,45.0,65,Drizzle: Moderate,0,0,
82151,2021-08-28 04:40:00,40.758305,-74.000145,0,0,Driver Inattention/Distraction,4453112,26.2,20.2,3.9,3.9,0.0,18.0,53,23.5,45.0,65,Drizzle: Moderate,0,0,
82152,2021-08-31 19:19:00,40.74577,-73.97043,0,0,Unsafe Lane Changing,4452950,28.5,21.2,0.0,0.0,0.0,0.0,3,15.5,29.9,301,Overcast,0,0,
82153,2021-08-31 23:17:00,40.816463,-73.919235,1,0,Unspecified,4452612,28.5,21.2,0.0,0.0,0.0,0.0,3,15.5,29.9,301,Overcast,1,1,
82154,2021-08-23 16:45:00,40.69819,-73.96191,1,0,Failure to Yield Right-of-Way,4453286,28.7,22.0,36.1,36.1,0.0,19.0,65,27.4,49.3,230,Rain: Heavy,1,1,
82155,2021-08-31 15:35:00,40.83654,-73.876045,0,0,Driver Inattention/Distraction,4452676,28.5,21.2,0.0,0.0,0.0,0.0,3,15.5,29.9,301,Overcast,0,0,
82156,2021-08-31 18:26:00,40.826622,-73.930984,2,0,Reaction to Uninvolved Vehicle,4452970,28.5,21.2,0.0,0.0,0.0,0.0,3,15.5,29.9,301,Overcast,2,2,
82157,2021-08-31 13:50:00,40.722965,-73.945366,0,0,Passing Too Closely,4452594,28.5,21.2,0.0,0.0,0.0,0.0,3,15.5,29.9,301,Overcast,0,0,
82158,2021-08-31 17:44:00,40.79611,-73.96145,1,0,Passing or Lane Usage Improper,4452564,28.5,21.2,0.0,0.0,0.0,0.0,3,15.5,29.9,301,Overcast,1,1,
82159,2021-08-28 09:06:00,40.817394,-73.91918,0,0,Alcohol Involvement,4475699,26.2,20.2,3.9,3.9,0.0,18.0,53,23.5,45.0,65,Drizzle: Moderate,0,0,
82160,2021-08-31 06:30:00,40.609596,-73.745766,0,0,Unspecified,4453062,28.5,21.2,0.0,0.0,0.0,0.0,3,15.5,29.9,301,Overcast,0,0,
82161,2021-08-31 12:54:00,40.684856,-73.97805,2,0,Unspecified,4452714,28.5,21.2,0.0,0.0,0.0,0.0,3,15.5,29.9,301,Overcast,2,2,
82162,2021-08-31 18:45:00,40.64853,-73.95576,2,0,Driver Inattention/Distraction,4452910,28.5,21.2,0.0,0.0,0.0,0.0,3,15.5,29.9,301,Overcast,2,2,
82163,2021-08-31 15:04:00,40.62397,-73.95021,0,0,Unsafe Lane Changing,4452619,28.5,21.2,0.0,0.0,0.0,0.0,3,15.5,29.9,301,Overcast,0,0,
82164,2021-08-29 09:50:00,40.708366,-73.96846,0,0,Turning Improperly,4451554,24.5,19.7,2.5,2.5,0.0,9.0,53,13.6,25.6,98,Drizzle: Moderate,0,0,
82165,2021-08-31 17:15:00,40.614166,-74.000404,0,0,Unspecified,4452654,28.5,21.2,0.0,0.0,0.0,0.0,3,15.5,29.9,301,Overcast,0,0,
82166,2021-08-01 18:10:00,40.640568,-74.118,0,0,Driver Inattention/Distraction,4453129,24.4,16.6,0.8,0.8,0.0,5.0,51,19.9,39.2,168,Drizzle: Light,0,0,
82167,2021-08-30 07:30:00,40.705025,-74.01307,0,0,Unspecified,4452997,28.7,21.7,3.9,3.9,0.0,7.0,63,14.7,33.8,231,Rain: Moderate,0,0,
82168,2021-08-31 17:40:00,40.57557,-73.981224,0,0,Backing Unsafely,4453210,28.5,21.2,0.0,0.0,0.0,0.0,3,15.5,29.9,301,Overcast,0,0,
82169,2021-08-31 18:35:00,40.802532,-73.95303,2,0,Driver Inattention/Distraction,4452669,28.5,21.2,0.0,0.0,0.0,0.0,3,15.5,29.9,301,Overcast,2,2,
82170,2021-08-24 21:15:00,40.670124,-73.95528,3,0,Driver Inattention/Distraction,4453177,30.6,21.9,0.0,0.0,0.0,0.0,1,13.9,28.1,291,Mainly clear,3,3,Sunny/Clear Conditions
82171,2021-08-31 01:00:00,40.845005,-73.90741,0,0,Unsafe Speed,4452239,28.5,21.2,0.0,0.0,0.0,0.0,3,15.5,29.9,301,Overcast,0,0,
82172,2021-08-31 08:05:00,40.881073,-73.878494,0,0,Following Too Closely,4453099,28.5,21.2,0.0,0.0,0.0,0.0,3,15.5,29.9,301,Overcast,0,0,
82173,2021-08-31 09:30:00,40.76615,-73.919785,0,0,Oversized Vehicle,4453034,28.5,21.2,0.0,0.0,0.0,0.0,3,15.5,29.9,301,Overcast,0,0,
82174,2021-08-31 14:52:00,40.73261,-73.8686,0,0,Unspecified,4452580,28.5,21.2,0.0,0.0,0.0,0.0,3,15.5,29.9,301,Overcast,0,0,
82175,2021-08-31 02:45:00,40.654434,-73.86084,0,0,Unspecified,4452799,28.5,21.2,0.0,0.0,0.0,0.0,3,15.5,29.9,301,Overcast,0,0,
82176,2021-08-31 14:20:00,40.82831,-73.94315,0,0,Backing Unsafely,4452496,28.5,21.2,0.0,0.0,0.0,0.0,3,15.5,29.9,301,Overcast,0,0,
82177,2021-08-31 22:19:00,40.720436,-74.00671,2,0,Driver Inattention/Distraction,4452739,28.5,21.2,0.0,0.0,0.0,0.0,3,15.5,29.9,301,Overcast,2,2,
82178,2021-08-31 00:00:00,40.70684,-74.017586,1,0,Failure to Yield Right-of-Way,4453067,28.5,21.2,0.0,0.0,0.0,0.0,3,15.5,29.9,301,Overcast,1,1,
82179,2021-08-31 09:15:00,40.672348,-73.987076,0,0,Turning Improperly,4452952,28.5,21.2,0.0,0.0,0.0,0.0,3,15.5,29.9,301,Overcast,0,0,
82180,2021-08-31 14:40:00,40.842068,-73.8975,0,0,Following Too Closely,4452626,28.5,21.2,0.0,0.0,0.0,0.0,3,15.5,29.9,301,Overcast,0,0,
82181,2021-08-31 22:25:00,40.72032,-73.99405,0,0,Aggressive Driving/Road Rage,4452642,28.5,21.2,0.0,0.0,0.0,0.0,3,15.5,29.9,301,Overcast,0,0,
82182,2021-08-31 13:52:00,40.741695,-73.95202,0,0,Following Too Closely,4452884,28.5,21.2,0.0,0.0,0.0,0.0,3,15.5,29.9,301,Overcast,0,0,
82183,2021-08-31 10:10:00,40.844788,-73.93705,0,0,Following Too Closely,4452691,28.5,21.2,0.0,0.0,0.0,0.0,3,15.5,29.9,301,Overcast,0,0,
82184,2021-08-31 06:47:00,40.71001,-73.79474,0,0,Unspecified,4452522,28.5,21.2,0.0,0.0,0.0,0.0,3,15.5,29.9,301,Overcast,0,0,
82185,2021-08-31 15:10:00,40.89074,-73.84,0,0,Failure to Yield Right-of-Way,4452557,28.5,21.2,0.0,0.0,0.0,0.0,3,15.5,29.9,301,Overcast,0,0,
82186,2021-08-31 08:14:00,40.713436,-73.76119,1,0,Failure to Yield Right-of-Way,4452450,28.5,21.2,0.0,0.0,0.0,0.0,3,15.5,29.9,301,Overcast,1,1,
82187,2021-08-18 10:00:00,40.869083,-73.83188,0,0,Unspecified,4453143,27.0,21.1,1.5,1.5,0.0,5.0,53,24.7,46.8,150,Drizzle: Moderate,0,0,
82188,2021-08-31 14:09:00,40.767,-73.9876,1,0,Unspecified,4452706,28.5,21.2,0.0,0.0,0.0,0.0,3,15.5,29.9,301,Overcast,1,1,
82189,2021-08-31 06:48:00,40.677437,-73.99648,1,0,Failure to Yield Right-of-Way,4452601,28.5,21.2,0.0,0.0,0.0,0.0,3,15.5,29.9,301,Overcast,1,1,
82190,2021-08-31 21:55:00,40.687046,-73.792114,0,0,Unspecified,4453298,28.5,21.2,0.0,0.0,0.0,0.0,3,15.5,29.9,301,Overcast,0,0,
82191,2021-08-26 15:18:00,40.707783,-73.932076,0,0,Driver Inattention/Distraction,4453085,31.8,22.8,0.1,0.1,0.0,1.0,51,14.8,29.2,228,Drizzle: Light,0,0,
82192,2021-08-11 17:50:00,40.7491,-73.99201,0,0,Driver Inattention/Distraction,4453229,31.2,23.2,2.8,2.8,0.0,7.0,55,23.7,44.6,206,Drizzle: Dense,0,0,
82193,2021-08-31 18:30:00,40.788982,-73.93039,0,0,Unspecified,4452565,28.5,21.2,0.0,0.0,0.0,0.0,3,15.5,29.9,301,Overcast,0,0,
82194,2021-08-31 22:50:00,40.641838,-73.93418,0,0,Unspecified,4452911,28.5,21.2,0.0,0.0,0.0,0.0,3,15.5,29.9,301,Overcast,0,0,
82195,2021-08-31 22:57:00,40.81847,-73.9414,2,0,Driver Inattention/Distraction,4452828,28.5,21.2,0.0,0.0,0.0,0.0,3,15.5,29.9,301,Overcast,2,2,
82196,2021-08-31 11:18:00,40.74748,-73.89325,1,0,Driver Inattention/Distraction,4452429,28.5,21.2,0.0,0.0,0.0,0.0,3,15.5,29.9,301,Overcast,1,1,
82197,2021-08-31 13:00:00,40.709633,-73.767815,1,0,Driver Inattention/Distraction,4452487,28.5,21.2,0.0,0.0,0.0,0.0,3,15.5,29.9,301,Overcast,1,1,
82198,2021-08-31 01:13:00,40.82503,-73.93122,1,0,Failure to Yield Right-of-Way,4452712,28.5,21.2,0.0,0.0,0.0,0.0,3,15.5,29.9,301,Overcast,1,1,
82199,2021-08-31 06:33:00,40.746033,-73.93441,1,0,Driver Inattention/Distraction,4452399,28.5,21.2,0.0,0.0,0.0,0.0,3,15.5,29.9,301,Overcast,1,1,
82200,2021-08-31 13:40:00,40.666428,-73.75677,1,0,Unspecified,4452572,28.5,21.2,0.0,0.0,0.0,0.0,3,15.5,29.9,301,Overcast,1,1,
82201,2021-08-29 22:10:00,40.668648,-73.92835,1,0,Traffic Control Disregarded,4453235,24.5,19.7,2.5,2.5,0.0,9.0,53,13.6,25.6,98,Drizzle: Moderate,1,1,
82202,2021-08-31 18:00:00,40.76281,-73.99317,0,0,Unspecified,4452687,28.5,21.2,0.0,0.0,0.0,0.0,3,15.5,29.9,301,Overcast,0,0,
82203,2021-08-30 15:50:00,40.599888,-73.76399,0,0,Unspecified,4453061,28.7,21.7,3.9,3.9,0.0,7.0,63,14.7,33.8,231,Rain: Moderate,0,0,
82204,2021-08-13 01:45:00,40.69196,-73.86332,0,0,Passing or Lane Usage Improper,4453009,33.2,24.8,0.0,0.0,0.0,0.0,3,18.2,34.9,215,Overcast,0,0,
82205,2021-08-31 19:30:00,40.583733,-73.95736,0,0,Unspecified,4452605,28.5,21.2,0.0,0.0,0.0,0.0,3,15.5,29.9,301,Overcast,0,0,
82206,2021-08-31 23:20:00,40.74572,-73.95055,0,0,Driver Inattention/Distraction,4452589,28.5,21.2,0.0,0.0,0.0,0.0,3,15.5,29.9,301,Overcast,0,0,
82207,2021-08-31 08:00:00,40.712265,-73.95548,0,0,Passing or Lane Usage Improper,4452929,28.5,21.2,0.0,0.0,0.0,0.0,3,15.5,29.9,301,Overcast,0,0,
82208,2021-08-31 16:00:00,40.84825,-73.90975,1,0,Failure to Yield Right-of-Way,4452990,28.5,21.2,0.0,0.0,0.0,0.0,3,15.5,29.9,301,Overcast,1,1,
82209,2021-08-31 18:50:00,40.830845,-73.947235,0,0,Following Too Closely,4452614,28.5,21.2,0.0,0.0,0.0,0.0,3,15.5,29.9,301,Overcast,0,0,
82210,2021-08-30 21:05:00,40.682537,-73.95002,3,0,Traffic Control Disregarded,4453251,28.7,21.7,3.9,3.9,0.0,7.0,63,14.7,33.8,231,Rain: Moderate,3,3,
82211,2021-08-31 13:30:00,40.69816,-73.97834,0,0,Unspecified,4452511,28.5,21.2,0.0,0.0,0.0,0.0,3,15.5,29.9,301,Overcast,0,0,
82212,2021-08-26 17:00:00,40.588886,-73.965645,3,0,Driver Inattention/Distraction,4453199,31.8,22.8,0.1,0.1,0.0,1.0,51,14.8,29.2,228,Drizzle: Light,3,3,
82213,2021-08-31 08:30:00,40.750175,-73.74114,1,0,Following Too Closely,4452476,28.5,21.2,0.0,0.0,0.0,0.0,3,15.5,29.9,301,Overcast,1,1,
82214,2021-08-31 15:10:00,40.639416,-73.97892,1,0,Unspecified,4453073,28.5,21.2,0.0,0.0,0.0,0.0,3,15.5,29.9,301,Overcast,1,1,
82215,2021-08-31 14:49:00,40.832764,-73.94583,1,0,Driver Inattention/Distraction,4452719,28.5,21.2,0.0,0.0,0.0,0.0,3,15.5,29.9,301,Overcast,1,1,
82216,2021-08-31 22:50:00,40.692085,-73.983406,2,0,Alcohol Involvement,4452835,28.5,21.2,0.0,0.0,0.0,0.0,3,15.5,29.9,301,Overcast,2,2,
82217,2021-08-31 14:00:00,40.72162,-73.77672,0,0,Following Too Closely,4452534,28.5,21.2,0.0,0.0,0.0,0.0,3,15.5,29.9,301,Overcast,0,0,
82218,2021-08-31 14:00:00,40.742023,-73.98292,0,0,Unspecified,4452628,28.5,21.2,0.0,0.0,0.0,0.0,3,15.5,29.9,301,Overcast,0,0,
82219,2021-08-31 05:20:00,40.662014,-73.886826,0,0,Unspecified,4452804,28.5,21.2,0.0,0.0,0.0,0.0,3,15.5,29.9,301,Overcast,0,0,
82220,2021-08-31 18:44:00,40.846294,-73.892975,2,0,Failure to Yield Right-of-Way,4452675,28.5,21.2,0.0,0.0,0.0,0.0,3,15.5,29.9,301,Overcast,2,2,
82221,2021-08-31 04:13:00,40.75453,-73.944275,0,0,Turning Improperly,4452467,28.5,21.2,0.0,0.0,0.0,0.0,3,15.5,29.9,301,Overcast,0,0,
82222,2021-08-31 02:36:00,40.692062,-73.81018,0,0,Traffic Control Disregarded,4452357,28.5,21.2,0.0,0.0,0.0,0.0,3,15.5,29.9,301,Overcast,0,0,
82223,2021-08-31 14:50:00,40.744072,-73.78216,0,0,Driver Inattention/Distraction,4452575,28.5,21.2,0.0,0.0,0.0,0.0,3,15.5,29.9,301,Overcast,0,0,
82224,2021-08-27 07:55:00,40.754154,-73.9804,1,0,Unspecified,4453158,32.2,23.4,1.4,1.4,0.0,2.0,55,9.4,22.3,299,Drizzle: Dense,1,1,
82225,2021-08-31 11:00:00,40.8617,-73.89139,0,0,Unspecified,4452637,28.5,21.2,0.0,0.0,0.0,0.0,3,15.5,29.9,301,Overcast,0,0,
82226,2021-08-31 19:00:00,40.728947,-73.92793,0,0,Driver Inattention/Distraction,4452543,28.5,21.2,0.0,0.0,0.0,0.0,3,15.5,29.9,301,Overcast,0,0,
82227,2021-08-31 23:30:00,40.719734,-73.78652,1,0,Unspecified,4453055,28.5,21.2,0.0,0.0,0.0,0.0,3,15.5,29.9,301,Overcast,1,1,
82228,2021-08-31 20:55:00,40.703434,-73.96035,1,0,Failure to Yield Right-of-Way,4452947,28.5,21.2,0.0,0.0,0.0,0.0,3,15.5,29.9,301,Overcast,1,1,
82229,2021-08-28 14:00:00,40.760155,-73.9988,0,0,Unsafe Lane Changing,4453113,26.2,20.2,3.9,3.9,0.0,18.0,53,23.5,45.0,65,Drizzle: Moderate,0,0,
82230,2021-08-31 18:14:00,40.74624,-73.89723,0,0,Unspecified,4452582,28.5,21.2,0.0,0.0,0.0,0.0,3,15.5,29.9,301,Overcast,0,0,
82231,2021-08-31 12:55:00,40.836937,-73.927124,0,0,Backing Unsafely,4452971,28.5,21.2,0.0,0.0,0.0,0.0,3,15.5,29.9,301,Overcast,0,0,
82232,2021-08-27 17:15:00,40.752815,-73.98138,0,0,Unspecified,4453151,32.2,23.4,1.4,1.4,0.0,2.0,55,9.4,22.3,299,Drizzle: Dense,0,0,
82233,2021-08-31 22:03:00,40.66894,-73.92126,1,0,Passing or Lane Usage Improper,4452707,28.5,21.2,0.0,0.0,0.0,0.0,3,15.5,29.9,301,Overcast,1,1,
82234,2021-08-31 04:55:00,40.671032,-73.93927,0,0,View Obstructed/Limited,4453178,28.5,21.2,0.0,0.0,0.0,0.0,3,15.5,29.9,301,Overcast,0,0,
82235,2021-08-30 17:00:00,40.734505,-73.76326,0,0,Driver Inexperience,4453236,28.7,21.7,3.9,3.9,0.0,7.0,63,14.7,33.8,231,Rain: Moderate,0,0,
82236,2021-08-31 08:18:00,40.664772,-73.927086,0,0,Unspecified,4452499,28.5,21.2,0.0,0.0,0.0,0.0,3,15.5,29.9,301,Overcast,0,0,
82237,2021-08-31 10:00:00,40.668278,-73.85884,0,0,Unspecified,4452800,28.5,21.2,0.0,0.0,0.0,0.0,3,15.5,29.9,301,Overcast,0,0,
82238,2021-08-29 09:30:00,40.699413,-73.95902,0,0,Following Too Closely,4453082,24.5,19.7,2.5,2.5,0.0,9.0,53,13.6,25.6,98,Drizzle: Moderate,0,0,
82239,2021-08-31 17:19:00,40.847122,-73.936966,0,0,Driver Inattention/Distraction,4452693,28.5,21.2,0.0,0.0,0.0,0.0,3,15.5,29.9,301,Overcast,0,0,
82240,2021-08-31 13:30:00,40.73059,-73.73437,0,0,Tire Failure/Inadequate,4452486,28.5,21.2,0.0,0.0,0.0,0.0,3,15.5,29.9,301,Overcast,0,0,
82241,2021-08-31 16:55:00,40.673786,-73.76381,0,0,Unspecified,4452525,28.5,21.2,0.0,0.0,0.0,0.0,3,15.5,29.9,301,Overcast,0,0,
82242,2021-08-31 06:23:00,40.616314,-73.90984,0,0,Driver Inattention/Distraction,4452853,28.5,21.2,0.0,0.0,0.0,0.0,3,15.5,29.9,301,Overcast,0,0,
82243,2021-08-31 11:00:00,40.641644,-73.8944,0,0,Unspecified,4452452,28.5,21.2,0.0,0.0,0.0,0.0,3,15.5,29.9,301,Overcast,0,0,
82244,2021-07-21 19:48:00,40.75521,-73.96828,1,0,Unspecified,4453114,27.6,20.9,1.4,1.4,0.0,4.0,53,16.0,31.3,315,Drizzle: Moderate,1,1,
82245,2021-08-28 16:00:00,40.6166,-73.98936,0,0,Driver Inattention/Distraction,4453204,26.2,20.2,3.9,3.9,0.0,18.0,53,23.5,45.0,65,Drizzle: Moderate,0,0,
82246,2021-08-31 19:50:00,40.67714,-73.979965,1,0,Failure to Yield Right-of-Way,4452955,28.5,21.2,0.0,0.0,0.0,0.0,3,15.5,29.9,301,Overcast,1,1,
82247,2021-08-27 04:25:00,40.795536,-73.9481,0,0,Alcohol Involvement,4453296,32.2,23.4,1.4,1.4,0.0,2.0,55,9.4,22.3,299,Drizzle: Dense,0,0,
82248,2021-08-31 09:39:00,40.611702,-73.9627,1,0,Driver Inattention/Distraction,4452618,28.5,21.2,0.0,0.0,0.0,0.0,3,15.5,29.9,301,Overcast,1,1,