,CRASH DATETIME,LATITUDE,LONGITUDE,NUMBER OF PERSONS INJURED,NUMBER OF PERSONS KILLED,CONTRIBUTING FACTOR VEHICLE 1,COLLISION_ID,temperature_2m_max,temperature_2m_min,precipitation_sum,rain_sum,snowfall_sum,precipitation_hours,weather_code,wind_speed_10m_max,wind_gusts_10m_max,wind_direction_10m_dominant,Weather Description,Severity_Score,Total_Affected_Persons,Weather_Category
82249,2021-08-31 14:28:00,40.765198,-73.904045,0,0,Unspecified,4453037,28.5,21.2,0.0,0.0,0.0,0.0,3,15.5,29.9,301,Overcast,0,0,
82250,2021-08-31 00:00:00,40.75198,-73.882835,0,0,Driver Inattention/Distraction,4452271,28.5,21.2,0.0,0.0,0.0,0.0,3,15.5,29.9,301,Overcast,0,0,
82251,2021-08-31 12:30:00,40.58667,-73.966156,1,0,Driver Inattention/Distraction,4453165,28.5,21.2,0.0,0.0,0.0,0.0,3,15.5,29.9,301,Overcast,1,1,
82252,2021-08-31 12:40:00,40.878147,-73.828156,1,0,Unspecified,4452648,28.5,21.2,0.0,0.0,0.0,0.0,3,15.5,29.9,301,Overcast,1,1,
82253,2021-08-31 05:59:00,40.84441,-73.8689,0,0,Failure to Yield Right-of-Way,4452670,28.5,21.2,0.0,0.0,0.0,0.0,3,15.5,29.9,301,Overcast,0,0,
82254,2021-08-31 22:21:00,40.859444,-73.915985,0,0,Unspecified,4453100,28.5,21.2,0.0,0.0,0.0,0.0,3,15.5,29.9,301,Overcast,0,0,
82255,2021-08-31 21:30:00,40.6957,-73.7933,0,0,Reaction to Uninvolved Vehicle,4452579,28.5,21.2,0.0,0.0,0.0,0.0,3,15.5,29.9,301,Overcast,0,0,
82256,2021-08-31 06:54:00,40.670116,-73.92248,0,0,Other Vehicular,4452892,28.5,21.2,0.0,0.0,0.0,0.0,3,15.5,29.9,301,Overcast,0,0,
82257,2021-08-31 15:54:00,40.676,-73.90485,0,0,Unspecified,4452597,28.5,21.2,0.0,0.0,0.0,0.0,3,15.5,29.9,301,Overcast,0,0,
82258,2021-11-07 10:30:00,40.59976,-73.903336,0,0,Following Too Closely,4474841,12.1,2.6,0.0,0.0,0.0,0.0,3,10.0,20.5,358,Overcast,0,0,
82259,2021-08-31 08:30:00,40.600895,-73.98031,0,0,Driver Inattention/Distraction,4452663,28.5,21.2,0.0,0.0,0.0,0.0,3,15.5,29.9,301,Overcast,0,0,
82260,2021-08-31 08:50:00,40.664112,-73.94777,0,0,Driver Inexperience,4452520,28.5,21.2,0.0,0.0,0.0,0.0,3,15.5,29.9,301,Overcast,0,0,
82261,2021-12-14 01:40:00,40.597282,-74.10816,2,0,Unsafe Speed,4486373,10.4,3.1,0.0,0.0,0.0,0.0,3,18.5,31.3,322,Overcast,2,2,
82262,2021-08-31 12:53:00,40.837673,-73.91922,0,0,Passing Too Closely,4452427,28.5,21.2,0.0,0.0,0.0,0.0,3,15.5,29.9,301,Overcast,0,0,
82263,2021-08-31 16:00:00,40.77045,-73.83421,0,0,View Obstructed/Limited,4452746,28.5,21.2,0.0,0.0,0.0,0.0,3,15.5,29.9,301,Overcast,0,0,
82264,2021-08-31 06:18:00,40.642532,-73.9487,1,0,Unspecified,4452913,28.5,21.2,0.0,0.0,0.0,0.0,3,15.5,29.9,301,Overcast,1,1,
82265,2021-08-31 19:15:00,40.739964,-73.89424,0,0,Driver Inattention/Distraction,4452568,28.5,21.2,0.0,0.0,0.0,0.0,3,15.5,29.9,301,Overcast,0,0,
82266,2021-08-31 16:50:00,40.64366,-73.90067,1,0,Driver Inattention/Distraction,4452820,28.5,21.2,0.0,0.0,0.0,0.0,3,15.5,29.9,301,Overcast,1,1,
82267,2021-08-26 21:35:00,40.633995,-74.12415,0,0,Unsafe Speed,4453128,31.8,22.8,0.1,0.1,0.0,1.0,51,14.8,29.2,228,Drizzle: Light,0,0,
82268,2021-08-31 05:30:00,40.664513,-73.9538,0,0,Driver Inattention/Distraction,4452593,28.5,21.2,0.0,0.0,0.0,0.0,3,15.5,29.9,301,Overcast,0,0,
82269,2021-08-31 22:16:00,40.614067,-73.94904,0,0,View Obstructed/Limited,4452623,28.5,21.2,0.0,0.0,0.0,0.0,3,15.5,29.9,301,Overcast,0,0,
82270,2021-08-31 05:54:00,40.822628,-73.89587,1,0,Traffic Control Disregarded,4453066,28.5,21.2,0.0,0.0,0.0,0.0,3,15.5,29.9,301,Overcast,1,1,
82271,2021-08-29 20:00:00,40.796993,-73.93375,0,0,Backing Unsafely,4453004,24.5,19.7,2.5,2.5,0.0,9.0,53,13.6,25.6,98,Drizzle: Moderate,0,0,
82272,2021-08-30 19:00:00,40.712265,-73.95548,0,0,Passing Too Closely,4453280,28.7,21.7,3.9,3.9,0.0,7.0,63,14.7,33.8,231,Rain: Moderate,0,0,
82273,2021-08-31 20:35:00,40.682114,-73.97327,0,0,Reaction to Uninvolved Vehicle,4452641,28.5,21.2,0.0,0.0,0.0,0.0,3,15.5,29.9,301,Overcast,0,0,
82274,2021-08-31 10:45:00,40.74355,-73.958405,0,0,Passing or Lane Usage Improper,4452584,28.5,21.2,0.0,0.0,0.0,0.0,3,15.5,29.9,301,Overcast,0,0,
82275,2021-08-27 17:30:00,40.705414,-73.78035,0,0,Following Too Closely,4453224,32.2,23.4,1.4,1.4,0.0,2.0,55,9.4,22.3,299,Drizzle: Dense,0,0,
82276,2021-08-31 09:45:00,40.740833,-73.978775,1,0,Driver Inattention/Distraction,4452983,28.5,21.2,0.0,0.0,0.0,0.0,3,15.5,29.9,301,Overcast,1,1,
82277,2021-08-31 00:47:00,40.682568,-73.79266,0,0,Unsafe Lane Changing,4452995,28.5,21.2,0.0,0.0,0.0,0.0,3,15.5,29.9,301,Overcast,0,0,
82278,2021-08-12 10:00:00,40.683735,-73.85932,0,0,Passing Too Closely,4453012,35.2,23.1,0.0,0.0,0.0,0.0,3,21.0,47.5,220,Overcast,0,0,
82279,2021-08-31 21:20:00,40.636425,-73.911766,0,0,Unsafe Speed,4452607,28.5,21.2,0.0,0.0,0.0,0.0,3,15.5,29.9,301,Overcast,0,0,
82280,2021-11-07 15:55:00,40.666218,-73.8076,1,0,Unsafe Lane Changing,4475000,12.1,2.6,0.0,0.0,0.0,0.0,3,10.0,20.5,358,Overcast,1,1,
82281,2021-11-07 01:29:00,40.757633,-73.98581,0,0,Aggressive Driving/Road Rage,4474732,12.1,2.6,0.0,0.0,0.0,0.0,3,10.0,20.5,358,Overcast,0,0,
82282,2021-11-07 16:45:00,40.542427,-74.14591,1,0,Unspecified,4474945,12.1,2.6,0.0,0.0,0.0,0.0,3,10.0,20.5,358,Overcast,1,1,
82283,2021-11-07 20:20:00,40.588047,-73.814575,0,0,Unspecified,4474939,12.1,2.6,0.0,0.0,0.0,0.0,3,10.0,20.5,358,Overcast,0,0,
82284,2021-11-07 10:25:00,40.814663,-73.896416,2,0,Following Too Closely,4475500,12.1,2.6,0.0,0.0,0.0,0.0,3,10.0,20.5,358,Overcast,2,2,
82285,2021-11-07 11:00:00,40.67148,-73.898674,0,0,Unspecified,4475339,12.1,2.6,0.0,0.0,0.0,0.0,3,10.0,20.5,358,Overcast,0,0,
82286,2021-11-05 00:05:00,40.655457,-73.961975,0,0,Following Too Closely,4475523,10.7,3.2,0.0,0.0,0.0,0.0,0,14.8,30.2,1,Clear sky,0,0,Sunny/Clear Conditions
82287,2021-11-07 18:00:00,40.61971,-73.99729,0,0,Turning Improperly,4475425,12.1,2.6,0.0,0.0,0.0,0.0,3,10.0,20.5,358,Overcast,0,0,
82288,2021-11-07 18:30:00,40.68091,-73.78106,0,0,Aggressive Driving/Road Rage,4475116,12.1,2.6,0.0,0.0,0.0,0.0,3,10.0,20.5,358,Overcast,0,0,
82289,2021-11-07 12:45:00,40.58584,-73.93788,1,0,Unsafe Speed,4475601,12.1,2.6,0.0,0.0,0.0,0.0,3,10.0,20.5,358,Overcast,1,1,
82290,2021-11-04 15:30:00,40.777412,-73.978806,0,0,Unspecified,4475732,9.9,3.0,0.0,0.0,0.0,0.0,3,10.8,21.2,5,Overcast,0,0,
82291,2021-11-07 04:11:00,40.595585,-73.95068,1,0,Driver Inattention/Distraction,4475023,12.1,2.6,0.0,0.0,0.0,0.0,3,10.0,20.5,358,Overcast,1,1,
82292,2021-11-07 20:30:00,40.616413,-74.103516,0,0,Unspecified,4475636,12.1,2.6,0.0,0.0,0.0,0.0,3,10.0,20.5,358,Overcast,0,0,
82293,2021-11-07 02:06:00,40.681515,-73.90412,0,0,Driver Inattention/Distraction,4474676,12.1,2.6,0.0,0.0,0.0,0.0,3,10.0,20.5,358,Overcast,0,0,
82294,2021-11-04 10:30:00,40.733433,-73.9955,0,0,Driver Inattention/Distraction,4475661,9.9,3.0,0.0,0.0,0.0,0.0,3,10.8,21.2,5,Overcast,0,0,
82295,2021-11-07 21:05:00,40.808903,-73.93835,2,0,Traffic Control Disregarded,4475055,12.1,2.6,0.0,0.0,0.0,0.0,3,10.0,20.5,358,Overcast,2,2,
82296,2021-11-05 15:00:00,40.629486,-74.12091,0,0,Driver Inattention/Distraction,4475576,10.7,3.2,0.0,0.0,0.0,0.0,0,14.8,30.2,1,Clear sky,0,0,Sunny/Clear Conditions
82297,2021-11-07 23:30:00,40.627094,-74.023636,0,0,Driver Inattention/Distraction,4475077,12.1,2.6,0.0,0.0,0.0,0.0,3,10.0,20.5,358,Overcast,0,0,
82298,2021-11-07 05:15:00,40.86052,-73.89257,2,0,Other Vehicular,4475261,12.1,2.6,0.0,0.0,0.0,0.0,3,10.0,20.5,358,Overcast,2,2,
82299,2021-11-07 15:15:00,40.76229,-73.986115,0,0,Oversized Vehicle,4475587,12.1,2.6,0.0,0.0,0.0,0.0,3,10.0,20.5,358,Overcast,0,0,
82300,2021-11-07 01:40:00,40.702614,-73.96058,0,0,Failure to Yield Right-of-Way,4474983,12.1,2.6,0.0,0.0,0.0,0.0,3,10.0,20.5,358,Overcast,0,0,
82301,2021-11-05 21:20:00,40.757233,-73.9898,1,0,Driver Inattention/Distraction,4475649,10.7,3.2,0.0,0.0,0.0,0.0,0,14.8,30.2,1,Clear sky,1,1,Sunny/Clear Conditions
82302,2021-11-07 11:00:00,40.648144,-73.946396,0,0,Unspecified,4475680,12.1,2.6,0.0,0.0,0.0,0.0,3,10.0,20.5,358,Overcast,0,0,
82303,2021-11-07 10:30:00,40.654793,-73.88999,0,0,Unsafe Lane Changing,4475327,12.1,2.6,0.0,0.0,0.0,0.0,3,10.0,20.5,358,Overcast,0,0,
82304,2021-11-02 04:41:00,40.6892,-73.95716,0,0,Unsafe Speed,4475548,11.4,7.0,0.6,0.6,0.0,4.0,51,14.1,28.1,271,Drizzle: Light,0,0,
82305,2021-11-07 03:38:00,40.84492,-73.90552,1,0,Driver Inattention/Distraction,4475094,12.1,2.6,0.0,0.0,0.0,0.0,3,10.0,20.5,358,Overcast,1,1,
82306,2021-11-07 11:00:00,40.645203,-74.07843,0,0,Unspecified,4475210,12.1,2.6,0.0,0.0,0.0,0.0,3,10.0,20.5,358,Overcast,0,0,
82307,2021-11-01 15:00:00,40.71516,-73.77262,0,0,Driver Inattention/Distraction,4475739,14.4,8.0,0.0,0.0,0.0,0.0,3,20.7,38.5,278,Overcast,0,0,
82308,2021-11-06 02:47:00,40.63191,-74.15286,0,0,Driver Inattention/Distraction,4475618,10.5,3.4,0.0,0.0,0.0,0.0,0,9.5,17.6,61,Clear sky,0,0,Sunny/Clear Conditions
82309,2021-11-07 19:20:00,40.612694,-74.0929,0,0,Unspecified,4475232,12.1,2.6,0.0,0.0,0.0,0.0,3,10.0,20.5,358,Overcast,0,0,
82310,2021-11-06 18:20:00,40.827656,-73.8861,1,0,Turning Improperly,4475828,10.5,3.4,0.0,0.0,0.0,0.0,0,9.5,17.6,61,Clear sky,1,1,Sunny/Clear Conditions
82311,2021-10-26 07:50:00,40.831646,-73.91819,0,0,Unspecified,4475624,16.9,13.8,84.5,84.5,0.0,17.0,65,28.7,53.6,87,Rain: Heavy,0,0,
82312,2021-11-07 02:51:00,40.703896,-73.732285,0,0,Outside Car Distraction,4474660,12.1,2.6,0.0,0.0,0.0,0.0,3,10.0,20.5,358,Overcast,0,0,
82313,2021-11-03 15:50:00,40.783146,-73.97833,1,0,Driver Inattention/Distraction,4475718,10.7,3.8,0.1,0.1,0.0,1.0,51,15.6,30.6,302,Drizzle: Light,1,1,
82314,2021-10-28 14:40:00,40.814102,-73.940865,1,0,Driver Inattention/Distraction,4475654,15.2,7.9,0.0,0.0,0.0,0.0,3,19.1,34.6,28,Overcast,1,1,
82315,2021-11-07 02:39:00,40.77751,-73.92044,0,0,Driver Inattention/Distraction,4475022,12.1,2.6,0.0,0.0,0.0,0.0,3,10.0,20.5,358,Overcast,0,0,
82316,2021-11-07 17:00:00,40.694035,-73.72679,1,0,Unspecified,4475374,12.1,2.6,0.0,0.0,0.0,0.0,3,10.0,20.5,358,Overcast,1,1,
82317,2021-11-07 17:26:00,40.844246,-73.93372,0,0,Unspecified,4475343,12.1,2.6,0.0,0.0,0.0,0.0,3,10.0,20.5,358,Overcast,0,0,
82318,2021-11-06 06:55:00,40.546955,-74.18129,1,0,Driver Inattention/Distraction,4475692,10.5,3.4,0.0,0.0,0.0,0.0,0,9.5,17.6,61,Clear sky,1,1,Sunny/Clear Conditions
82319,2021-11-06 15:45:00,40.6127,-74.12771,0,0,Unspecified,4475577,10.5,3.4,0.0,0.0,0.0,0.0,0,9.5,17.6,61,Clear sky,0,0,Sunny/Clear Conditions
82320,2021-11-07 15:35:00,40.844814,-73.89288,0,0,Other Vehicular,4475108,12.1,2.6,0.0,0.0,0.0,0.0,3,10.0,20.5,358,Overcast,0,0,
82321,2021-11-07 19:05:00,40.63073,-74.01734,1,0,Unsafe Speed,4475150,12.1,2.6,0.0,0.0,0.0,0.0,3,10.0,20.5,358,Overcast,1,1,
82322,2021-11-02 12:00:00,40.757545,-73.92015,0,0,Driver Inattention/Distraction,4475532,11.4,7.0,0.6,0.6,0.0,4.0,51,14.1,28.1,271,Drizzle: Light,0,0,
82323,2021-11-07 02:55:00,40.81574,-73.95456,2,0,Following Too Closely,4474938,12.1,2.6,0.0,0.0,0.0,0.0,3,10.0,20.5,358,Overcast,2,2,
82324,2021-11-07 01:20:00,40.710697,-73.984634,0,0,Unspecified,4474964,12.1,2.6,0.0,0.0,0.0,0.0,3,10.0,20.5,358,Overcast,0,0,
82325,2021-11-02 11:19:00,40.8236,-73.9497,0,0,Unspecified,4475822,11.4,7.0,0.6,0.6,0.0,4.0,51,14.1,28.1,271,Drizzle: Light,0,0,
82326,2021-11-07 01:16:00,40.73556,-73.915054,0,0,Driver Inattention/Distraction,4474776,12.1,2.6,0.0,0.0,0.0,0.0,3,10.0,20.5,358,Overcast,0,0,
82327,2021-11-07 08:40:00,40.608727,-74.08839,1,0,Unspecified,4475294,12.1,2.6,0.0,0.0,0.0,0.0,3,10.0,20.5,358,Overcast,1,1,
82328,2021-11-07 20:10:00,40.803688,-73.915886,1,0,Other Vehicular,4475049,12.1,2.6,0.0,0.0,0.0,0.0,3,10.0,20.5,358,Overcast,1,1,
82329,2021-11-05 06:20:00,40.692173,-73.98557,0,0,Driverless/Runaway Vehicle,4475709,10.7,3.2,0.0,0.0,0.0,0.0,0,14.8,30.2,1,Clear sky,0,0,Sunny/Clear Conditions
82330,2021-11-04 06:36:00,40.692123,-73.98904,1,0,Pedestrian/Bicyclist/Other Pedestrian Error/Confusion,4475366,9.9,3.0,0.0,0.0,0.0,0.0,3,10.8,21.2,5,Overcast,1,1,
82331,2021-11-07 20:30:00,40.651104,-73.94381,1,0,Unspecified,4474941,12.1,2.6,0.0,0.0,0.0,0.0,3,10.0,20.5,358,Overcast,1,1,
82332,2021-11-07 07:40:00,40.71337,-73.934814,2,0,Traffic Control Disregarded,4474984,12.1,2.6,0.0,0.0,0.0,0.0,3,10.0,20.5,358,Overcast,2,2,
82333,2021-11-02 08:20:00,40.75524,-73.91875,0,0,Passing or Lane Usage Improper,4475551,11.4,7.0,0.6,0.6,0.0,4.0,51,14.1,28.1,271,Drizzle: Light,0,0,
82334,2021-11-07 16:10:00,40.798935,-73.93637,0,0,Turning Improperly,4475469,12.1,2.6,0.0,0.0,0.0,0.0,3,10.0,20.5,358,Overcast,0,0,
82335,2021-11-07 07:00:00,40.636284,-73.97137,0,0,Reaction to Uninvolved Vehicle,4475501,12.1,2.6,0.0,0.0,0.0,0.0,3,10.0,20.5,358,Overcast,0,0,
82336,2021-11-07 03:31:00,40.74892,-73.9779,0,0,Driver Inattention/Distraction,4474767,12.1,2.6,0.0,0.0,0.0,0.0,3,10.0,20.5,358,Overcast,0,0,
82337,2021-11-07 23:00:00,40.83446,-73.90941,0,0,Unspecified,4475183,12.1,2.6,0.0,0.0,0.0,0.0,3,10.0,20.5,358,Overcast,0,0,
82338,2021-11-07 01:00:00,40.65011,-73.930214,3,0,Driver Inattention/Distraction,4474874,12.1,2.6,0.0,0.0,0.0,0.0,3,10.0,20.5,358,Overcast,3,3,
82339,2021-11-07 06:20:00,40.666706,-73.871826,0,0,Following Too Closely,4475326,12.1,2.6,0.0,0.0,0.0,0.0,3,10.0,20.5,358,Overcast,0,0,
82340,2021-11-07 01:00:00,40.761375,-73.81045,0,0,Unsafe Speed,4474700,12.1,2.6,0.0,0.0,0.0,0.0,3,10.0,20.5,358,Overcast,0,0,
82341,2021-11-07 15:30:00,40.676453,-73.85688,0,0,Driver Inexperience,4475002,12.1,2.6,0.0,0.0,0.0,0.0,3,10.0,20.5,358,Overcast,0,0,
82342,2021-11-07 06:25:00,40.647346,-74.007996,0,0,Unspecified,4475432,12.1,2.6,0.0,0.0,0.0,0.0,3,10.0,20.5,358,Overcast,0,0,
82343,2021-11-07 17:00:00,0.0,0.0,0,0,Other Vehicular,4475267,12.1,2.6,0.0,0.0,0.0,0.0,3,10.0,20.5,358,Overcast,0,0,
82344,2021-11-07 14:00:00,40.842777,-73.871284,0,0,Unspecified,4474928,12.1,2.6,0.0,0.0,0.0,0.0,3,10.0,20.5,358,Overcast,0,0,
82345,2021-11-05 11:00:00,40.64428,-73.95252,0,0,Driver Inattention/Distraction,4475677,10.7,3.2,0.0,0.0,0.0,0.0,0,14.8,30.2,1,Clear sky,0,0,Sunny/Clear Conditions
82346,2021-11-06 23:23:00,40.645206,-74.09389,0,0,Unspecified,4475637,10.5,3.4,0.0,0.0,0.0,0.0,0,9.5,17.6,61,Clear sky,0,0,Sunny/Clear Conditions
82347,2021-11-07 16:24:00,40.759884,-73.9368,2,0,Driver Inexperience,4475032,12.1,2.6,0.0,0.0,0.0,0.0,3,10.0,20.5,358,Overcast,2,2,
82348,2021-11-01 04:42:00,40.693874,-73.91777,0,0,Driver Inattention/Distraction,4475561,14.4,8.0,0.0,0.0,0.0,0.0,3,20.7,38.5,278,Overcast,0,0,
82349,2021-11-07 17:20:00,40.822903,-73.87005,0,0,Oversized Vehicle,4475600,12.1,2.6,0.0,0.0,0.0,0.0,3,10.0,20.5,358,Overcast,0,0,
82350,2021-11-07 12:38:00,40.82513,-73.934395,0,0,Driver Inattention/Distraction,4475084,12.1,2.6,0.0,0.0,0.0,0.0,3,10.0,20.5,358,Overcast,0,0,
82351,2021-11-07 19:45:00,40.7625,-73.78253,0,0,Driver Inattention/Distraction,4474912,12.1,2.6,0.0,0.0,0.0,0.0,3,10.0,20.5,358,Overcast,0,0,
82352,2021-11-07 14:04:00,40.60461,-73.99826,0,0,Failure to Yield Right-of-Way,4474813,12.1,2.6,0.0,0.0,0.0,0.0,3,10.0,20.5,358,Overcast,0,0,
82353,2021-10-26 11:45:00,40.82194,-73.90743,0,0,Other Vehicular,4475697,16.9,13.8,84.5,84.5,0.0,17.0,65,28.7,53.6,87,Rain: Heavy,0,0,
82354,2021-11-07 08:55:00,40.6664,-73.88265,0,0,Unsafe Speed,4475337,12.1,2.6,0.0,0.0,0.0,0.0,3,10.0,20.5,358,Overcast,0,0,
82355,2021-11-07 21:12:00,40.692066,-73.7654,0,0,Passing or Lane Usage Improper,4475126,12.1,2.6,0.0,0.0,0.0,0.0,3,10.0,20.5,358,Overcast,0,0,
82356,2021-11-07 15:03:00,40.619408,-73.986435,0,0,Driverless/Runaway Vehicle,4475424,12.1,2.6,0.0,0.0,0.0,0.0,3,10.0,20.5,358,Overcast,0,0,
82357,2021-11-07 11:40:00,40.748978,-73.796585,0,0,Accelerator Defective,4474801,12.1,2.6,0.0,0.0,0.0,0.0,3,10.0,20.5,358,Overcast,0,0,
82358,2021-11-07 02:12:00,40.643906,-73.96853,1,0,Failure to Yield Right-of-Way,4474680,12.1,2.6,0.0,0.0,0.0,0.0,3,10.0,20.5,358,Overcast,1,1,
82359,2021-11-07 00:37:00,40.674557,-73.859604,1,0,Following Too Closely,4475008,12.1,2.6,0.0,0.0,0.0,0.0,3,10.0,20.5,358,Overcast,1,1,
82360,2021-11-06 16:20:00,40.790627,-73.942444,0,0,Failure to Yield Right-of-Way,4475804,10.5,3.4,0.0,0.0,0.0,0.0,0,9.5,17.6,61,Clear sky,0,0,Sunny/Clear Conditions
82361,2021-11-07 01:00:00,40.5872,-73.97439,0,0,Driver Inattention/Distraction,4475141,12.1,2.6,0.0,0.0,0.0,0.0,3,10.0,20.5,358,Overcast,0,0,
82362,2021-11-07 17:00:00,40.666096,-73.902084,0,0,Unspecified,4474951,12.1,2.6,0.0,0.0,0.0,0.0,3,10.0,20.5,358,Overcast,0,0,
82363,2021-11-05 13:34:00,40.640236,-73.90598,0,0,Unsafe Lane Changing,4475663,10.7,3.2,0.0,0.0,0.0,0.0,0,14.8,30.2,1,Clear sky,0,0,Sunny/Clear Conditions
82364,2021-09-30 08:53:00,40.668026,-73.77343,2,0,Reaction to Uninvolved Vehicle,4475568,18.8,13.1,0.0,0.0,0.0,0.0,3,18.1,37.4,330,Overcast,2,2,
82365,2021-11-07 02:25:00,40.776016,-73.98724,0,0,Driver Inattention/Distraction,4475730,12.1,2.6,0.0,0.0,0.0,0.0,3,10.0,20.5,358,Overcast,0,0,
82366,2021-11-07 13:00:00,40.597378,-73.969635,1,0,Unspecified,4475025,12.1,2.6,0.0,0.0,0.0,0.0,3,10.0,20.5,358,Overcast,1,1,
82367,2021-11-06 13:15:00,40.75791,-73.97766,1,0,Pavement Slippery,4475590,10.5,3.4,0.0,0.0,0.0,0.0,0,9.5,17.6,61,Clear sky,1,1,Sunny/Clear Conditions
82368,2021-10-28 16:47:00,40.715443,-73.95185,0,0,Driver Inattention/Distraction,4475796,15.2,7.9,0.0,0.0,0.0,0.0,3,19.1,34.6,28,Overcast,0,0,
82369,2021-11-07 14:00:00,40.634445,-74.00628,0,0,Unspecified,4475299,12.1,2.6,0.0,0.0,0.0,0.0,3,10.0,20.5,358,Overcast,0,0,
82370,2021-11-03 18:24:00,0.0,0.0,0,0,Unspecified,4475829,10.7,3.8,0.1,0.1,0.0,1.0,51,15.6,30.6,302,Drizzle: Light,0,0,
82371,2021-11-07 18:00:00,40.66235,-73.95082,1,0,Driver Inattention/Distraction,4474896,12.1,2.6,0.0,0.0,0.0,0.0,3,10.0,20.5,358,Overcast,1,1,
82372,2021-11-07 16:10:00,40.726444,-73.76579,0,0,Unspecified,4475382,12.1,2.6,0.0,0.0,0.0,0.0,3,10.0,20.5,358,Overcast,0,0,
82373,2021-11-06 11:15:00,40.83801,-73.87329,0,0,Driver Inattention/Distraction,4475706,10.5,3.4,0.0,0.0,0.0,0.0,0,9.5,17.6,61,Clear sky,0,0,Sunny/Clear Conditions
82374,2021-11-07 15:36:00,40.824795,-73.91111,0,0,Unspecified,4475280,12.1,2.6,0.0,0.0,0.0,0.0,3,10.0,20.5,358,Overcast,0,0,
82375,2021-11-07 01:20:00,40.905735,-73.849396,0,0,Following Too Closely,4474872,12.1,2.6,0.0,0.0,0.0,0.0,3,10.0,20.5,358,Overcast,0,0,
82376,2021-11-07 00:30:00,40.73951,-73.98475,0,0,Passing or Lane Usage Improper,4474942,12.1,2.6,0.0,0.0,0.0,0.0,3,10.0,20.5,358,Overcast,0,0,
82377,2021-11-06 20:00:00,40.595207,-73.7585,0,0,Unspecified,4475527,10.5,3.4,0.0,0.0,0.0,0.0,0,9.5,17.6,61,Clear sky,0,0,Sunny/Clear Conditions
82378,2021-11-07 13:11:00,40.86955,-73.88175,0,0,Unspecified,4475513,12.1,2.6,0.0,0.0,0.0,0.0,3,10.0,20.5,358,Overcast,0,0,
82379,2021-11-07 05:50:00,40.82934,-73.85043,0,0,Unspecified,4474790,12.1,2.6,0.0,0.0,0.0,0.0,3,10.0,20.5,358,Overcast,0,0,
82380,2021-10-28 01:40:00,40.776016,-73.98724,0,0,Unsafe Speed,4475731,15.2,7.9,0.0,0.0,0.0,0.0,3,19.1,34.6,28,Overcast,0,0,
82381,2021-11-05 05:20:00,40.75363,-73.88597,1,0,Driver Inattention/Distraction,4475578,10.7,3.2,0.0,0.0,0.0,0.0,0,14.8,30.2,1,Clear sky,1,1,Sunny/Clear Conditions
82382,2021-11-07 16:26:00,40.65008,-73.96417,1,0,Alcohol Involvement,4475093,12.1,2.6,0.0,0.0,0.0,0.0,3,10.0,20.5,358,Overcast,1,1,
82383,2021-11-06 17:05:00,40.753223,-73.91215,1,0,Unspecified,4475647,10.5,3.4,0.0,0.0,0.0,0.0,0,9.5,17.6,61,Clear sky,1,1,Sunny/Clear Conditions
82384,2021-10-26 16:00:00,40.81847,-73.9414,0,0,Other Vehicular,4475655,16.9,13.8,84.5,84.5,0.0,17.0,65,28.7,53.6,87,Rain: Heavy,0,0,
82385,2022-01-28 23:10:00,40.66993,-73.8807,0,0,Backing Unsafely,4499074,1.0,-3.1,2.4,0.0,1.68,13.0,73,18.7,31.3,251,Snow fall: Moderate,0,0,Snowy Conditions
82386,2021-11-07 21:00:00,40.723347,-73.939316,1,0,Following Too Closely,4475170,12.1,2.6,0.0,0.0,0.0,0.0,3,10.0,20.5,358,Overcast,1,1,
82387,2021-10-22 22:28:00,40.78542,-73.98399,1,0,Driver Inattention/Distraction,4475726,20.3,14.4,0.0,0.0,0.0,0.0,3,18.1,31.3,267,Overcast,1,1,
82388,2021-11-07 19:43:00,40.762592,-73.96127,1,0,Passenger Distraction,4475019,12.1,2.6,0.0,0.0,0.0,0.0,3,10.0,20.5,358,Overcast,1,1,
82389,2021-11-07 21:57:00,40.719482,-73.991295,1,0,Pedestrian/Bicyclist/Other Pedestrian Error/Confusion,4475534,12.1,2.6,0.0,0.0,0.0,0.0,3,10.0,20.5,358,Overcast,1,1,
82390,2021-11-07 04:34:00,40.82082,-73.91562,1,0,Unspecified,4475048,12.1,2.6,0.0,0.0,0.0,0.0,3,10.0,20.5,358,Overcast,1,1,
82391,2021-11-06 14:30:00,40.730705,-73.93385,1,0,Unspecified,4475758,10.5,3.4,0.0,0.0,0.0,0.0,0,9.5,17.6,61,Clear sky,1,1,Sunny/Clear Conditions
82392,2021-11-07 21:50:00,40.743156,-73.91871,0,0,Driver Inattention/Distraction,4475212,12.1,2.6,0.0,0.0,0.0,0.0,3,10.0,20.5,358,Overcast,0,0,
82393,2021-11-07 18:01:00,40.743008,-73.882454,0,0,Passing or Lane Usage Improper,4474937,12.1,2.6,0.0,0.0,0.0,0.0,3,10.0,20.5,358,Overcast,0,0,
82394,2021-11-07 03:30:00,40.729187,-73.81521,0,0,Driver Inattention/Distraction,4474760,12.1,2.6,0.0,0.0,0.0,0.0,3,10.0,20.5,358,Overcast,0,0,
82395,2021-11-07 11:00:00,40.693523,-73.9522,0,0,Driver Inattention/Distraction,4475354,12.1,2.6,0.0,0.0,0.0,0.0,3,10.0,20.5,358,Overcast,0,0,
82396,2021-11-02 20:15:00,40.757847,-73.91661,1,0,Passing or Lane Usage Improper,4475553,11.4,7.0,0.6,0.6,0.0,4.0,51,14.1,28.1,271,Drizzle: Light,1,1,