,CRASH DATETIME,LATITUDE,LONGITUDE,NUMBER OF PERSONS INJURED,NUMBER OF PERSONS KILLED,CONTRIBUTING FACTOR VEHICLE 1,COLLISION_ID,temperature_2m_max,temperature_2m_min,precipitation_sum,rain_sum,snowfall_sum,precipitation_hours,weather_code,wind_speed_10m_max,wind_gusts_10m_max,wind_direction_10m_dominant,Weather Description,Severity_Score,Total_Affected_Persons,Weather_Category
82397,2022-01-19 02:30:00,40.828278,-73.907036,0,0,Backing Unsafely,4498613,7.6,-4.9,0.0,0.0,0.0,0.0,3,23.5,43.2,208,Overcast,0,0,
82398,2021-11-07 15:45:00,40.67581,-73.739555,0,0,Unspecified,4474963,12.1,2.6,0.0,0.0,0.0,0.0,3,10.0,20.5,358,Overcast,0,0,
82399,2021-11-05 21:44:00,40.843903,-73.894646,0,0,Driver Inattention/Distraction,4475737,10.7,3.2,0.0,0.0,0.0,0.0,0,14.8,30.2,1,Clear sky,0,0,Sunny/Clear Conditions
82400,2021-11-07 15:30:00,40.774364,-73.95432,0,0,Driver Inattention/Distraction,4475038,12.1,2.6,0.0,0.0,0.0,0.0,3,10.0,20.5,358,Overcast,0,0,
82401,2021-11-07 11:20:00,40.767456,-73.72844,1,0,Unspecified,4475098,12.1,2.6,0.0,0.0,0.0,0.0,3,10.0,20.5,358,Overcast,1,1,
82402,2021-11-03 14:45:00,40.661427,-73.90575,1,0,Failure to Yield Right-of-Way,4475687,10.7,3.8,0.1,0.1,0.0,1.0,51,15.6,30.6,302,Drizzle: Light,1,1,
82403,2021-10-31 10:30:00,40.579357,-74.08716,0,0,Unspecified,4475626,18.3,12.5,3.7,3.7,0.0,8.0,55,22.9,41.0,268,Drizzle: Dense,0,0,
82404,2021-11-07 11:25:00,40.78515,-73.91496,0,0,Driver Inexperience,4475028,12.1,2.6,0.0,0.0,0.0,0.0,3,10.0,20.5,358,Overcast,0,0,
82405,2021-11-05 13:43:00,40.641727,-73.99265,1,0,Traffic Control Disregarded,4475591,10.7,3.2,0.0,0.0,0.0,0.0,0,14.8,30.2,1,Clear sky,1,1,Sunny/Clear Conditions
82406,2021-11-07 09:50:00,40.87728,-73.859535,0,0,Driver Inattention/Distraction,4475617,12.1,2.6,0.0,0.0,0.0,0.0,3,10.0,20.5,358,Overcast,0,0,
82407,2021-11-06 19:00:00,40.609848,-74.0896,0,0,Driver Inattention/Distraction,4475638,10.5,3.4,0.0,0.0,0.0,0.0,0,9.5,17.6,61,Clear sky,0,0,Sunny/Clear Conditions
82408,2021-11-07 01:40:00,40.69084,-73.79478,0,0,Driver Inattention/Distraction,4475062,12.1,2.6,0.0,0.0,0.0,0.0,3,10.0,20.5,358,Overcast,0,0,
82409,2021-12-12 06:30:00,40.75444,-73.8724,0,0,Driver Inattention/Distraction,4485549,13.0,3.4,0.5,0.5,0.0,1.0,53,32.4,62.6,284,Drizzle: Moderate,0,0,
82410,2021-12-12 14:19:00,40.705124,-73.82814,0,0,Passing or Lane Usage Improper,4485833,13.0,3.4,0.5,0.5,0.0,1.0,53,32.4,62.6,284,Drizzle: Moderate,0,0,
82411,2021-12-12 19:01:00,40.749508,-73.88334,1,0,Unspecified,4485948,13.0,3.4,0.5,0.5,0.0,1.0,53,32.4,62.6,284,Drizzle: Moderate,1,1,
82412,2021-12-12 06:00:00,40.662876,-73.75094,0,0,Unspecified,4485793,13.0,3.4,0.5,0.5,0.0,1.0,53,32.4,62.6,284,Drizzle: Moderate,0,0,
82413,2021-11-23 16:30:00,40.816532,-73.92822,0,0,Unspecified,4486440,5.4,-0.4,0.3,0.0,0.21,2.0,71,27.8,52.9,318,Snow fall: Light,0,0,Snowy Conditions
82414,2021-12-10 18:04:00,40.88647,-73.89603,0,0,Brakes Defective,4486460,8.5,1.6,0.0,0.0,0.0,0.0,3,9.8,20.5,183,Overcast,0,0,
82415,2021-12-11 00:00:00,40.649323,-74.01126,0,0,Unspecified,4486378,17.3,5.0,8.1,8.1,0.0,5.0,63,35.0,67.0,206,Rain: Moderate,0,0,
82416,2021-11-29 17:00:00,40.63645,-74.01575,1,0,Unspecified,4486517,5.8,-0.8,0.4,0.4,0.0,3.0,51,20.6,38.2,312,Drizzle: Light,1,1,
82417,2022-01-28 15:15:00,40.849453,-73.906006,0,0,Following Too Closely,4498741,1.0,-3.1,2.4,0.0,1.68,13.0,73,18.7,31.3,251,Snow fall: Moderate,0,0,Snowy Conditions
82418,2021-12-12 09:26:00,40.76433,-73.989006,1,0,Other Vehicular,4486076,13.0,3.4,0.5,0.5,0.0,1.0,53,32.4,62.6,284,Drizzle: Moderate,1,1,
82419,2021-12-12 03:00:00,0.0,0.0,0,0,Unsafe Speed,4485735,13.0,3.4,0.5,0.5,0.0,1.0,53,32.4,62.6,284,Drizzle: Moderate,0,0,
82420,2021-12-12 18:55:00,40.737885,-73.98091,0,0,Driver Inattention/Distraction,4486164,13.0,3.4,0.5,0.5,0.0,1.0,53,32.4,62.6,284,Drizzle: Moderate,0,0,
82421,2021-12-12 09:30:00,40.729515,-73.8715,1,0,Failure to Yield Right-of-Way,4486490,13.0,3.4,0.5,0.5,0.0,1.0,53,32.4,62.6,284,Drizzle: Moderate,1,1,
82422,2021-12-12 14:20:00,40.616688,-73.98928,0,0,Driver Inattention/Distraction,4486062,13.0,3.4,0.5,0.5,0.0,1.0,53,32.4,62.6,284,Drizzle: Moderate,0,0,
82423,2021-12-12 04:25:00,40.71719,-73.90637,0,0,Alcohol Involvement,4485723,13.0,3.4,0.5,0.5,0.0,1.0,53,32.4,62.6,284,Drizzle: Moderate,0,0,
82424,2021-12-12 11:45:00,40.612213,-73.99718,0,0,Driver Inattention/Distraction,4485783,13.0,3.4,0.5,0.5,0.0,1.0,53,32.4,62.6,284,Drizzle: Moderate,0,0,
82425,2021-12-06 20:18:00,40.8253,-73.890686,0,0,,4486339,16.3,7.7,6.3,6.3,0.0,10.0,61,35.1,65.5,201,Rain: Light,0,0,
82426,2021-12-12 12:47:00,40.828922,-73.9504,1,0,Unspecified,4486253,13.0,3.4,0.5,0.5,0.0,1.0,53,32.4,62.6,284,Drizzle: Moderate,1,1,
82427,2021-12-12 09:00:00,40.62671,-74.00436,0,0,Fell Asleep,4485672,13.0,3.4,0.5,0.5,0.0,1.0,53,32.4,62.6,284,Drizzle: Moderate,0,0,
82428,2021-12-12 14:41:00,40.729355,-73.86023,2,0,Unsafe Lane Changing,4486521,13.0,3.4,0.5,0.5,0.0,1.0,53,32.4,62.6,284,Drizzle: Moderate,2,2,
82429,2021-12-12 18:45:00,40.52599,-74.22536,0,0,Unsafe Lane Changing,4486385,13.0,3.4,0.5,0.5,0.0,1.0,53,32.4,62.6,284,Drizzle: Moderate,0,0,
82430,2021-12-12 00:25:00,40.642017,-73.96266,0,0,Obstruction/Debris,4485911,13.0,3.4,0.5,0.5,0.0,1.0,53,32.4,62.6,284,Drizzle: Moderate,0,0,
82431,2021-12-10 19:30:00,40.876476,-73.904495,0,0,Driver Inattention/Distraction,4486449,8.5,1.6,0.0,0.0,0.0,0.0,3,9.8,20.5,183,Overcast,0,0,
82432,2021-12-10 08:30:00,40.692463,-73.81082,5,0,Driver Inattention/Distraction,4486456,8.5,1.6,0.0,0.0,0.0,0.0,3,9.8,20.5,183,Overcast,5,5,
82433,2022-01-28 19:34:00,40.695705,-73.94637,1,0,Failure to Yield Right-of-Way,4498327,1.0,-3.1,2.4,0.0,1.68,13.0,73,18.7,31.3,251,Snow fall: Moderate,1,1,Snowy Conditions
82434,2022-01-24 17:45:00,40.665916,-73.92547,0,0,Driver Inattention/Distraction,4498517,0.2,-2.7,0.3,0.0,0.21,2.0,71,15.1,31.0,307,Snow fall: Light,0,0,Snowy Conditions
82435,2022-01-31 09:45:00,40.890446,-73.84136,0,0,Unspecified,4498799,-3.4,-17.1,0.0,0.0,0.0,0.0,3,12.2,18.0,23,Overcast,0,0,
82436,2022-01-27 09:00:00,40.74672,-73.87865,0,0,Driver Inattention/Distraction,4498085,-0.3,-9.6,0.0,0.0,0.0,0.0,3,18.7,37.1,184,Overcast,0,0,
82437,2022-01-29 18:00:00,40.77981,-73.95035,0,0,Driver Inattention/Distraction,4498591,-1.7,-12.9,17.6,0.1,12.25,19.0,75,39.7,72.7,336,Snow fall: Heavy,0,0,Snowy Conditions
82438,2022-01-27 00:00:00,40.67801,-73.94138,0,0,Driver Inattention/Distraction,4498305,-0.3,-9.6,0.0,0.0,0.0,0.0,3,18.7,37.1,184,Overcast,0,0,
82439,2022-01-27 15:00:00,40.660137,-73.983925,0,0,Unspecified,4498576,-0.3,-9.6,0.0,0.0,0.0,0.0,3,18.7,37.1,184,Overcast,0,0,
82440,2022-01-29 10:28:00,40.614414,-73.93282,1,0,Traffic Control Disregarded,4498122,-1.7,-12.9,17.6,0.1,12.25,19.0,75,39.7,72.7,336,Snow fall: Heavy,1,1,Snowy Conditions
82441,2022-01-31 09:45:00,40.750885,-73.81942,0,0,Passing Too Closely,4498782,-3.4,-17.1,0.0,0.0,0.0,0.0,3,12.2,18.0,23,Overcast,0,0,
82442,2022-01-29 03:15:00,40.63417,-74.0178,0,0,Turning Improperly,4498195,-1.7,-12.9,17.6,0.1,12.25,19.0,75,39.7,72.7,336,Snow fall: Heavy,0,0,Snowy Conditions
82443,2022-01-23 16:40:00,40.576782,-73.84849,0,0,Unspecified,4499195,2.8,-6.1,0.5,0.0,0.35,3.0,71,14.2,28.1,243,Snow fall: Light,0,0,Snowy Conditions
82444,2022-01-29 04:00:00,40.68238,-73.90565,0,0,View Obstructed/Limited,4498709,-1.7,-12.9,17.6,0.1,12.25,19.0,75,39.7,72.7,336,Snow fall: Heavy,0,0,Snowy Conditions
82445,2022-01-30 04:00:00,40.835876,-73.918846,1,0,Unsafe Speed,4498603,-5.4,-13.8,0.0,0.0,0.0,0.0,3,28.5,50.0,290,Overcast,1,1,
82446,2022-01-28 16:35:00,40.79465,-73.97179,0,0,Driver Inattention/Distraction,4498073,1.0,-3.1,2.4,0.0,1.68,13.0,73,18.7,31.3,251,Snow fall: Moderate,0,0,Snowy Conditions
82447,2022-01-28 14:30:00,40.611145,-73.937874,0,0,Unspecified,4498465,1.0,-3.1,2.4,0.0,1.68,13.0,73,18.7,31.3,251,Snow fall: Moderate,0,0,Snowy Conditions
82448,2022-01-31 08:00:00,40.65694,-73.76878,1,0,Driver Inattention/Distraction,4498831,-3.4,-17.1,0.0,0.0,0.0,0.0,3,12.2,18.0,23,Overcast,1,1,
82449,2022-01-28 11:46:00,40.733955,-73.95826,0,0,Driver Inattention/Distraction,4498682,1.0,-3.1,2.4,0.0,1.68,13.0,73,18.7,31.3,251,Snow fall: Moderate,0,0,Snowy Conditions
82450,2022-01-28 17:15:00,40.687553,-73.980385,1,0,Unspecified,4498048,1.0,-3.1,2.4,0.0,1.68,13.0,73,18.7,31.3,251,Snow fall: Moderate,1,1,Snowy Conditions
82451,2022-01-29 22:20:00,40.71875,-73.97937,1,0,Driver Inattention/Distraction,4498222,-1.7,-12.9,17.6,0.1,12.25,19.0,75,39.7,72.7,336,Snow fall: Heavy,1,1,Snowy Conditions
82452,2022-01-27 11:30:00,40.833916,-73.93136,2,0,Unsafe Speed,4498233,-0.3,-9.6,0.0,0.0,0.0,0.0,3,18.7,37.1,184,Overcast,2,2,
82453,2022-01-31 15:10:00,40.8724,-73.88981,0,0,Unsafe Speed,4499016,-3.4,-17.1,0.0,0.0,0.0,0.0,3,12.2,18.0,23,Overcast,0,0,
82454,2022-01-31 13:11:00,40.702652,-73.73972,1,0,Unspecified,4498878,-3.4,-17.1,0.0,0.0,0.0,0.0,3,12.2,18.0,23,Overcast,1,1,
82455,2022-01-31 08:50:00,40.74369,-73.99465,0,0,Driver Inattention/Distraction,4499171,-3.4,-17.1,0.0,0.0,0.0,0.0,3,12.2,18.0,23,Overcast,0,0,
82456,2022-01-31 11:20:00,40.75117,-73.9152,0,0,Failure to Yield Right-of-Way,4498947,-3.4,-17.1,0.0,0.0,0.0,0.0,3,12.2,18.0,23,Overcast,0,0,
82457,2022-04-10 10:30:00,40.622643,-73.8965,1,0,Traffic Control Disregarded,4519282,9.8,3.5,0.0,0.0,0.0,0.0,3,29.3,54.4,307,Overcast,1,1,
82458,2022-01-28 23:42:00,40.84768,-73.91237,0,0,Driver Inattention/Distraction,4498608,1.0,-3.1,2.4,0.0,1.68,13.0,73,18.7,31.3,251,Snow fall: Moderate,0,0,Snowy Conditions
82459,2022-01-31 18:22:00,40.713497,-73.75622,1,0,Driver Inattention/Distraction,4498898,-3.4,-17.1,0.0,0.0,0.0,0.0,3,12.2,18.0,23,Overcast,1,1,
82460,2022-01-29 08:30:00,40.8666,-73.895454,0,0,Unsafe Speed,4498752,-1.7,-12.9,17.6,0.1,12.25,19.0,75,39.7,72.7,336,Snow fall: Heavy,0,0,Snowy Conditions
82461,2022-01-23 00:00:00,40.666695,-73.767136,2,0,Driver Inattention/Distraction,4498926,2.8,-6.1,0.5,0.0,0.35,3.0,71,14.2,28.1,243,Snow fall: Light,2,2,Snowy Conditions
82462,2022-01-25 09:50:00,40.733585,-73.99766,0,0,Unsafe Lane Changing,4499007,6.3,-3.9,0.0,0.0,0.0,0.0,3,16.9,33.8,270,Overcast,0,0,
82463,2022-01-29 10:00:00,40.642315,-74.00604,0,0,Pavement Slippery,4498137,-1.7,-12.9,17.6,0.1,12.25,19.0,75,39.7,72.7,336,Snow fall: Heavy,0,0,Snowy Conditions
82464,2022-01-28 23:35:00,40.72823,-73.83313,0,0,Pavement Slippery,4498180,1.0,-3.1,2.4,0.0,1.68,13.0,73,18.7,31.3,251,Snow fall: Moderate,0,0,Snowy Conditions
82465,2022-01-28 23:36:00,40.640182,-74.079254,0,0,Pavement Slippery,4499229,1.0,-3.1,2.4,0.0,1.68,13.0,73,18.7,31.3,251,Snow fall: Moderate,0,0,Snowy Conditions
82466,2022-01-27 05:55:00,40.770054,-73.914406,0,0,Failure to Yield Right-of-Way,4498090,-0.3,-9.6,0.0,0.0,0.0,0.0,3,18.7,37.1,184,Overcast,0,0,
82467,2021-12-10 16:58:00,40.82572,-73.92716,0,0,Pedestrian/Bicyclist/Other Pedestrian Error/Confusion,4498312,8.5,1.6,0.0,0.0,0.0,0.0,3,9.8,20.5,183,Overcast,0,0,
82468,2022-01-12 17:57:00,40.669403,-73.94221,0,0,Backing Unsafely,4498444,4.6,-7.3,0.0,0.0,0.0,0.0,3,20.5,39.2,213,Overcast,0,0,
82469,2022-01-31 03:15:00,40.776173,-73.94257,0,0,Driver Inattention/Distraction,4498915,-3.4,-17.1,0.0,0.0,0.0,0.0,3,12.2,18.0,23,Overcast,0,0,
82470,2022-01-28 12:00:00,40.662575,-73.88136,1,0,Failure to Yield Right-of-Way,4499053,1.0,-3.1,2.4,0.0,1.68,13.0,73,18.7,31.3,251,Snow fall: Moderate,1,1,Snowy Conditions
82471,2022-01-27 10:34:00,40.725037,-74.00153,1,0,Unspecified,4499121,-0.3,-9.6,0.0,0.0,0.0,0.0,3,18.7,37.1,184,Overcast,1,1,
82472,2022-01-29 13:00:00,40.616577,-74.159294,0,0,Reaction to Uninvolved Vehicle,4498895,-1.7,-12.9,17.6,0.1,12.25,19.0,75,39.7,72.7,336,Snow fall: Heavy,0,0,Snowy Conditions
82473,2022-01-31 02:34:00,40.843597,-73.90587,1,0,Traffic Control Disregarded,4498667,-3.4,-17.1,0.0,0.0,0.0,0.0,3,12.2,18.0,23,Overcast,1,1,
82474,2022-01-21 21:42:00,40.80275,-73.93358,4,0,Alcohol Involvement,4498503,-5.3,-11.6,0.0,0.0,0.0,0.0,3,21.9,40.0,2,Overcast,4,4,
82475,2022-01-28 19:30:00,40.747334,-73.859886,0,0,Unspecified,4498966,1.0,-3.1,2.4,0.0,1.68,13.0,73,18.7,31.3,251,Snow fall: Moderate,0,0,Snowy Conditions
82476,2022-01-28 10:00:00,40.639156,-74.00045,0,0,Unspecified,4499281,1.0,-3.1,2.4,0.0,1.68,13.0,73,18.7,31.3,251,Snow fall: Moderate,0,0,Snowy Conditions
82477,2022-01-28 23:42:00,40.757122,-73.97192,1,0,Backing Unsafely,4498112,1.0,-3.1,2.4,0.0,1.68,13.0,73,18.7,31.3,251,Snow fall: Moderate,1,1,Snowy Conditions
82478,2022-01-29 11:30:00,40.812263,-73.92059,0,0,Unsafe Speed,4498381,-1.7,-12.9,17.6,0.1,12.25,19.0,75,39.7,72.7,336,Snow fall: Heavy,0,0,Snowy Conditions
82479,2022-01-28 13:14:00,40.82449,-73.94073,0,0,Passing or Lane Usage Improper,4498751,1.0,-3.1,2.4,0.0,1.68,13.0,73,18.7,31.3,251,Snow fall: Moderate,0,0,Snowy Conditions
82480,2022-01-31 01:08:00,40.85821,-73.91679,0,0,Pavement Slippery,4498618,-3.4,-17.1,0.0,0.0,0.0,0.0,3,12.2,18.0,23,Overcast,0,0,
82481,2022-04-13 18:00:00,40.70722,-73.78957,0,0,Driver Inattention/Distraction,4519856,18.9,7.1,0.0,0.0,0.0,0.0,3,18.7,37.4,112,Overcast,0,0,
82482,2022-01-31 15:55:00,40.826897,-73.88263,1,0,Following Too Closely,4499035,-3.4,-17.1,0.0,0.0,0.0,0.0,3,12.2,18.0,23,Overcast,1,1,
82483,2022-01-27 08:28:00,40.723274,-73.937416,0,0,Passing Too Closely,4498677,-0.3,-9.6,0.0,0.0,0.0,0.0,3,18.7,37.1,184,Overcast,0,0,
82484,2022-01-31 01:45:00,40.706993,-73.74825,0,0,Unspecified,4499398,-3.4,-17.1,0.0,0.0,0.0,0.0,3,12.2,18.0,23,Overcast,0,0,
82485,2022-01-31 01:55:00,40.66261,-73.881256,0,0,Unspecified,4499058,-3.4,-17.1,0.0,0.0,0.0,0.0,3,12.2,18.0,23,Overcast,0,0,
82486,2022-01-28 09:00:00,40.832916,-73.92939,0,0,Passing Too Closely,4498260,1.0,-3.1,2.4,0.0,1.68,13.0,73,18.7,31.3,251,Snow fall: Moderate,0,0,Snowy Conditions
82487,2022-01-31 04:00:00,40.560776,-73.91166,0,0,Pavement Slippery,4498851,-3.4,-17.1,0.0,0.0,0.0,0.0,3,12.2,18.0,23,Overcast,0,0,
82488,2022-01-30 17:30:00,40.65017,-73.92921,0,0,Aggressive Driving/Road Rage,4498763,-5.4,-13.8,0.0,0.0,0.0,0.0,3,28.5,50.0,290,Overcast,0,0,
82489,2022-01-29 17:57:00,40.90121,-73.852135,0,0,Pavement Slippery,4498437,-1.7,-12.9,17.6,0.1,12.25,19.0,75,39.7,72.7,336,Snow fall: Heavy,0,0,Snowy Conditions
82490,2022-01-31 12:12:00,40.751545,-73.803795,1,0,Following Too Closely,4498866,-3.4,-17.1,0.0,0.0,0.0,0.0,3,12.2,18.0,23,Overcast,1,1,
82491,2022-01-27 23:40:00,40.613052,-73.94913,1,0,Driver Inattention/Distraction,4498205,-0.3,-9.6,0.0,0.0,0.0,0.0,3,18.7,37.1,184,Overcast,1,1,
82492,2022-01-29 17:47:00,40.773006,-73.96033,0,0,Driver Inexperience,4498590,-1.7,-12.9,17.6,0.1,12.25,19.0,75,39.7,72.7,336,Snow fall: Heavy,0,0,Snowy Conditions
82493,2022-01-28 17:10:00,40.80684,-73.9275,0,0,Unspecified,4498376,1.0,-3.1,2.4,0.0,1.68,13.0,73,18.7,31.3,251,Snow fall: Moderate,0,0,Snowy Conditions
82494,2022-01-31 08:58:00,40.619175,-73.97172,0,0,Unspecified,4498969,-3.4,-17.1,0.0,0.0,0.0,0.0,3,12.2,18.0,23,Overcast,0,0,
82495,2022-01-18 16:34:00,40.68457,-73.925735,0,0,Unspecified,4498288,1.7,-4.9,0.0,0.0,0.0,0.0,3,30.9,58.3,294,Overcast,0,0,
82496,2022-01-30 14:40:00,40.78587,-73.95305,1,0,Passing or Lane Usage Improper,4499123,-5.4,-13.8,0.0,0.0,0.0,0.0,3,28.5,50.0,290,Overcast,1,1,
82497,2022-01-31 01:50:00,40.701576,-73.94729,0,0,Tire Failure/Inadequate,4498545,-3.4,-17.1,0.0,0.0,0.0,0.0,3,12.2,18.0,23,Overcast,0,0,
82498,2022-01-31 17:05:00,40.58707,-73.95279,0,0,Accelerator Defective,4498983,-3.4,-17.1,0.0,0.0,0.0,0.0,3,12.2,18.0,23,Overcast,0,0,
82499,2021-11-15 15:44:00,40.83609,-73.92926,0,0,Unspecified,4498281,8.6,2.4,0.9,0.9,0.0,4.0,53,30.0,56.5,268,Drizzle: Moderate,0,0,
82500,2022-01-28 18:06:00,40.64944,-73.96308,1,0,Driver Inattention/Distraction,4498208,1.0,-3.1,2.4,0.0,1.68,13.0,73,18.7,31.3,251,Snow fall: Moderate,1,1,Snowy Conditions
82501,2022-01-27 05:18:00,40.684006,-74.001656,0,0,Passing Too Closely,4497985,-0.3,-9.6,0.0,0.0,0.0,0.0,3,18.7,37.1,184,Overcast,0,0,
82502,2022-01-31 11:45:00,40.668797,-73.93113,0,0,Unspecified,4499414,-3.4,-17.1,0.0,0.0,0.0,0.0,3,12.2,18.0,23,Overcast,0,0,
82503,2022-01-28 17:35:00,40.757145,-73.99357,0,0,Oversized Vehicle,4498249,1.0,-3.1,2.4,0.0,1.68,13.0,73,18.7,31.3,251,Snow fall: Moderate,0,0,Snowy Conditions
82504,2022-01-31 06:50:00,40.71471,-73.75471,0,0,Unsafe Lane Changing,4498834,-3.4,-17.1,0.0,0.0,0.0,0.0,3,12.2,18.0,23,Overcast,0,0,
82505,2022-01-31 17:59:00,40.745613,-73.9462,0,0,Driver Inattention/Distraction,4499099,-3.4,-17.1,0.0,0.0,0.0,0.0,3,12.2,18.0,23,Overcast,0,0,
82506,2022-01-30 16:11:00,40.74273,-73.91499,0,0,Unspecified,4498487,-5.4,-13.8,0.0,0.0,0.0,0.0,3,28.5,50.0,290,Overcast,0,0,
82507,2022-01-28 17:20:00,40.892525,-73.85962,0,0,Driver Inattention/Distraction,4498420,1.0,-3.1,2.4,0.0,1.68,13.0,73,18.7,31.3,251,Snow fall: Moderate,0,0,Snowy Conditions
82508,2022-01-29 09:00:00,40.69942,-73.86878,0,0,Pavement Slippery,4498413,-1.7,-12.9,17.6,0.1,12.25,19.0,75,39.7,72.7,336,Snow fall: Heavy,0,0,Snowy Conditions
82509,2022-01-27 14:22:00,40.842503,-73.92797,0,0,Passenger Distraction,4498223,-0.3,-9.6,0.0,0.0,0.0,0.0,3,18.7,37.1,184,Overcast,0,0,
82510,2022-01-28 23:50:00,40.61199,-73.92498,0,0,Unspecified,4498062,1.0,-3.1,2.4,0.0,1.68,13.0,73,18.7,31.3,251,Snow fall: Moderate,0,0,Snowy Conditions
82511,2022-01-28 03:30:00,40.84224,-73.84406,0,0,Passing or Lane Usage Improper,4498635,1.0,-3.1,2.4,0.0,1.68,13.0,73,18.7,31.3,251,Snow fall: Moderate,0,0,Snowy Conditions
82512,2022-01-31 18:15:00,40.690357,-73.989746,0,0,Unspecified,4498905,-3.4,-17.1,0.0,0.0,0.0,0.0,3,12.2,18.0,23,Overcast,0,0,
82513,2022-01-28 16:46:00,40.749294,-73.942955,0,0,Driver Inattention/Distraction,4498149,1.0,-3.1,2.4,0.0,1.68,13.0,73,18.7,31.3,251,Snow fall: Moderate,0,0,Snowy Conditions
82514,2022-01-22 06:28:00,40.85139,-73.941216,0,0,Unsafe Speed,4498455,-1.3,-12.3,0.0,0.0,0.0,0.0,3,18.4,32.8,1,Overcast,0,0,
82515,2022-01-28 19:45:00,40.66278,-73.88086,1,0,Unspecified,4499070,1.0,-3.1,2.4,0.0,1.68,13.0,73,18.7,31.3,251,Snow fall: Moderate,1,1,Snowy Conditions
82516,2022-01-28 19:29:00,40.608852,-74.15334,0,0,Driver Inattention/Distraction,4498704,1.0,-3.1,2.4,0.0,1.68,13.0,73,18.7,31.3,251,Snow fall: Moderate,0,0,Snowy Conditions
82517,2022-01-31 23:02:00,40.692387,-73.84164,0,0,Failure to Yield Right-of-Way,4499021,-3.4,-17.1,0.0,0.0,0.0,0.0,3,12.2,18.0,23,Overcast,0,0,
82518,2022-01-29 20:31:00,40.631485,-74.01373,1,0,Failure to Yield Right-of-Way,4498472,-1.7,-12.9,17.6,0.1,12.25,19.0,75,39.7,72.7,336,Snow fall: Heavy,1,1,Snowy Conditions
82519,2022-01-16 11:00:00,40.68999,-73.78327,0,0,Passing Too Closely,4498657,1.3,-13.5,4.4,0.7,2.59,4.0,75,28.1,47.2,36,Snow fall: Heavy,0,0,Snowy Conditions
82520,2022-01-25 20:43:00,40.759026,-73.85805,0,0,Driver Inattention/Distraction,4498408,6.3,-3.9,0.0,0.0,0.0,0.0,3,16.9,33.8,270,Overcast,0,0,
82521,2022-01-31 12:30:00,40.687576,-73.92568,0,0,Unspecified,4499202,-3.4,-17.1,0.0,0.0,0.0,0.0,3,12.2,18.0,23,Overcast,0,0,
82522,2022-01-31 11:52:00,40.72543,-73.99678,1,0,Unsafe Lane Changing,4499302,-3.4,-17.1,0.0,0.0,0.0,0.0,3,12.2,18.0,23,Overcast,1,1,
82523,2022-04-15 19:23:00,40.679485,-73.94682,1,0,Traffic Control Disregarded,4519635,19.2,6.3,0.1,0.1,0.0,1.0,51,26.9,46.1,243,Drizzle: Light,1,1,
82524,2022-01-23 20:00:00,40.766735,-73.91488,0,0,Driver Inattention/Distraction,4498571,2.8,-6.1,0.5,0.0,0.35,3.0,71,14.2,28.1,243,Snow fall: Light,0,0,Snowy Conditions
82525,2022-01-28 15:44:00,40.602684,-73.94232,0,0,Driver Inattention/Distraction,4498144,1.0,-3.1,2.4,0.0,1.68,13.0,73,18.7,31.3,251,Snow fall: Moderate,0,0,Snowy Conditions
82526,2022-01-30 17:12:00,40.734978,-73.8614,0,0,Pavement Slippery,4498513,-5.4,-13.8,0.0,0.0,0.0,0.0,3,28.5,50.0,290,Overcast,0,0,
82527,2022-01-31 22:02:00,40.6238,-73.92351,0,0,Unspecified,4498927,-3.4,-17.1,0.0,0.0,0.0,0.0,3,12.2,18.0,23,Overcast,0,0,
82528,2022-01-30 12:30:00,40.60055,-73.75071,0,0,Unspecified,4498778,-5.4,-13.8,0.0,0.0,0.0,0.0,3,28.5,50.0,290,Overcast,0,0,
82529,2022-01-30 18:37:00,40.837673,-73.84939,0,0,Unspecified,4498662,-5.4,-13.8,0.0,0.0,0.0,0.0,3,28.5,50.0,290,Overcast,0,0,
82530,2022-01-29 04:17:00,40.84211,-73.82557,2,0,Unspecified,4498645,-1.7,-12.9,17.6,0.1,12.25,19.0,75,39.7,72.7,336,Snow fall: Heavy,2,2,Snowy Conditions
82531,2022-01-30 00:25:00,40.81632,-73.89622,0,0,Passing Too Closely,4498530,-5.4,-13.8,0.0,0.0,0.0,0.0,3,28.5,50.0,290,Overcast,0,0,
82532,2022-01-31 15:00:00,40.785835,-73.850426,0,0,Failure to Yield Right-of-Way,4498910,-3.4,-17.1,0.0,0.0,0.0,0.0,3,12.2,18.0,23,Overcast,0,0,
82533,2022-01-18 02:25:00,40.719482,-73.991295,0,0,Driver Inattention/Distraction,4498356,1.7,-4.9,0.0,0.0,0.0,0.0,3,30.9,58.3,294,Overcast,0,0,
82534,2022-01-27 19:50:00,40.654316,-73.922165,0,0,Unspecified,4498237,-0.3,-9.6,0.0,0.0,0.0,0.0,3,18.7,37.1,184,Overcast,0,0,
82535,2022-01-30 16:30:00,40.67602,-74.001236,0,0,Following Too Closely,4499506,-5.4,-13.8,0.0,0.0,0.0,0.0,3,28.5,50.0,290,Overcast,0,0,
82536,2022-01-31 16:30:00,40.579826,-73.97622,0,0,Pavement Slippery,4499148,-3.4,-17.1,0.0,0.0,0.0,0.0,3,12.2,18.0,23,Overcast,0,0,
82537,2022-01-29 14:00:00,40.87609,-73.87757,0,0,Unspecified,4498630,-1.7,-12.9,17.6,0.1,12.25,19.0,75,39.7,72.7,336,Snow fall: Heavy,0,0,Snowy Conditions