,CRASH DATETIME,LATITUDE,LONGITUDE,NUMBER OF PERSONS INJURED,NUMBER OF PERSONS KILLED,CONTRIBUTING FACTOR VEHICLE 1,COLLISION_ID,temperature_2m_max,temperature_2m_min,precipitation_sum,rain_sum,snowfall_sum,precipitation_hours,weather_code,wind_speed_10m_max,wind_gusts_10m_max,wind_direction_10m_dominant,Weather Description,Severity_Score,Total_Affected_Persons,Weather_Category
82538,2022-01-28 14:50:00,40.78959,-73.81954,0,0,Traffic Control Disregarded,4498094,1.0,-3.1,2.4,0.0,1.68,13.0,73,18.7,31.3,251,Snow fall: Moderate,0,0,Snowy Conditions
82539,2022-01-26 08:40:00,40.845894,-73.89853,0,0,Driver Inattention/Distraction,4498795,-3.1,-8.0,0.0,0.0,0.0,0.0,0,20.5,39.6,328,Clear sky,0,0,Sunny/Clear Conditions
82540,2022-01-30 01:40:00,40.826424,-73.85868,0,0,Pavement Defective,4498732,-5.4,-13.8,0.0,0.0,0.0,0.0,3,28.5,50.0,290,Overcast,0,0,
82541,2022-01-29 23:20:00,40.823845,-73.919426,0,0,Backing Unsafely,4498599,-1.7,-12.9,17.6,0.1,12.25,19.0,75,39.7,72.7,336,Snow fall: Heavy,0,0,Snowy Conditions
82542,2022-01-30 15:00:00,40.78846,-73.815315,0,0,Unspecified,4498498,-5.4,-13.8,0.0,0.0,0.0,0.0,3,28.5,50.0,290,Overcast,0,0,
82543,2022-01-31 18:48:00,40.770744,-73.78582,0,0,Alcohol Involvement,4498922,-3.4,-17.1,0.0,0.0,0.0,0.0,3,12.2,18.0,23,Overcast,0,0,
82544,2021-11-26 08:48:00,40.843174,-73.91196,1,0,Traffic Control Disregarded,4498324,7.6,1.6,8.4,8.4,0.0,11.0,61,28.7,53.6,279,Rain: Light,1,1,
82545,2022-01-28 11:00:00,40.768612,-73.98949,0,0,Unsafe Lane Changing,4498105,1.0,-3.1,2.4,0.0,1.68,13.0,73,18.7,31.3,251,Snow fall: Moderate,0,0,Snowy Conditions
82546,2022-01-31 15:40:00,40.62677,-73.946884,3,0,Failure to Yield Right-of-Way,4499163,-3.4,-17.1,0.0,0.0,0.0,0.0,3,12.2,18.0,23,Overcast,3,3,
82547,2022-01-31 10:00:00,40.70142,-73.949036,0,0,Other Vehicular,4499002,-3.4,-17.1,0.0,0.0,0.0,0.0,3,12.2,18.0,23,Overcast,0,0,
82548,2022-01-30 09:08:00,40.762978,-73.727974,0,0,Driver Inattention/Distraction,4498337,-5.4,-13.8,0.0,0.0,0.0,0.0,3,28.5,50.0,290,Overcast,0,0,
82549,2022-01-27 16:00:00,40.850018,-73.9107,0,0,Following Too Closely,4498737,-0.3,-9.6,0.0,0.0,0.0,0.0,3,18.7,37.1,184,Overcast,0,0,
82550,2022-01-23 04:50:00,40.69957,-73.830696,1,0,Alcohol Involvement,4498535,2.8,-6.1,0.5,0.0,0.35,3.0,71,14.2,28.1,243,Snow fall: Light,1,1,Snowy Conditions
82551,2022-01-27 10:58:00,40.714073,-73.95534,1,0,Driver Inattention/Distraction,4498951,-0.3,-9.6,0.0,0.0,0.0,0.0,3,18.7,37.1,184,Overcast,1,1,
82552,2022-01-26 12:00:00,40.672966,-73.941864,0,0,Backing Unsafely,4498440,-3.1,-8.0,0.0,0.0,0.0,0.0,0,20.5,39.6,328,Clear sky,0,0,Sunny/Clear Conditions
82553,2022-01-29 16:00:00,40.677532,-73.760345,0,0,Passing Too Closely,4499243,-1.7,-12.9,17.6,0.1,12.25,19.0,75,39.7,72.7,336,Snow fall: Heavy,0,0,Snowy Conditions
82554,2022-01-25 14:24:00,40.69979,-73.950096,0,0,Driver Inattention/Distraction,4498806,6.3,-3.9,0.0,0.0,0.0,0.0,3,16.9,33.8,270,Overcast,0,0,
82555,2022-01-31 07:10:00,40.894093,-73.86266,2,0,Pavement Slippery,4498819,-3.4,-17.1,0.0,0.0,0.0,0.0,3,12.2,18.0,23,Overcast,2,2,
82556,2022-01-27 11:00:00,40.731842,-73.7571,0,0,Driver Inattention/Distraction,4498176,-0.3,-9.6,0.0,0.0,0.0,0.0,3,18.7,37.1,184,Overcast,0,0,
82557,2022-01-31 09:37:00,40.716465,-74.013084,0,0,Unspecified,4499041,-3.4,-17.1,0.0,0.0,0.0,0.0,3,12.2,18.0,23,Overcast,0,0,
82558,2022-01-29 13:21:00,40.861862,-73.91275,1,0,Unsafe Speed,4498759,-1.7,-12.9,17.6,0.1,12.25,19.0,75,39.7,72.7,336,Snow fall: Heavy,1,1,Snowy Conditions
82559,2022-01-27 17:17:00,40.82073,-73.86779,1,0,Fell Asleep,4498030,-0.3,-9.6,0.0,0.0,0.0,0.0,3,18.7,37.1,184,Overcast,1,1,
82560,2022-01-30 11:00:00,40.682926,-73.9718,0,0,Unspecified,4498507,-5.4,-13.8,0.0,0.0,0.0,0.0,3,28.5,50.0,290,Overcast,0,0,
82561,2022-01-28 16:04:00,40.822277,-73.86715,0,0,Driver Inattention/Distraction,4498694,1.0,-3.1,2.4,0.0,1.68,13.0,73,18.7,31.3,251,Snow fall: Moderate,0,0,Snowy Conditions
82562,2022-01-28 20:50:00,40.630756,-74.00942,0,0,Driver Inattention/Distraction,4498539,1.0,-3.1,2.4,0.0,1.68,13.0,73,18.7,31.3,251,Snow fall: Moderate,0,0,Snowy Conditions
82563,2022-01-31 18:10:00,40.598957,-73.955215,0,0,Unspecified,4498987,-3.4,-17.1,0.0,0.0,0.0,0.0,3,12.2,18.0,23,Overcast,0,0,
82564,2022-01-31 06:50:00,40.806705,-73.96486,0,0,Passing Too Closely,4498838,-3.4,-17.1,0.0,0.0,0.0,0.0,3,12.2,18.0,23,Overcast,0,0,
82565,2022-01-28 00:30:00,40.768875,-73.94898,3,0,Unsafe Speed,4498672,1.0,-3.1,2.4,0.0,1.68,13.0,73,18.7,31.3,251,Snow fall: Moderate,3,3,Snowy Conditions
82566,2022-01-28 06:30:00,40.84482,-73.837,0,0,Driver Inattention/Distraction,4498045,1.0,-3.1,2.4,0.0,1.68,13.0,73,18.7,31.3,251,Snow fall: Moderate,0,0,Snowy Conditions
82567,2022-01-31 03:08:00,40.86609,-73.88268,0,0,Driver Inattention/Distraction,4498622,-3.4,-17.1,0.0,0.0,0.0,0.0,3,12.2,18.0,23,Overcast,0,0,
82568,2022-01-31 11:00:00,40.814808,-73.92758,0,0,Unspecified,4499011,-3.4,-17.1,0.0,0.0,0.0,0.0,3,12.2,18.0,23,Overcast,0,0,
82569,2022-01-28 20:00:00,40.65563,-73.92596,0,0,Unspecified,4498277,1.0,-3.1,2.4,0.0,1.68,13.0,73,18.7,31.3,251,Snow fall: Moderate,0,0,Snowy Conditions
82570,2022-01-28 08:00:00,40.750977,-73.934746,1,0,Failure to Yield Right-of-Way,4498000,1.0,-3.1,2.4,0.0,1.68,13.0,73,18.7,31.3,251,Snow fall: Moderate,1,1,Snowy Conditions
82571,2022-01-27 09:40:00,40.675625,-73.89879,0,0,Unspecified,4499064,-0.3,-9.6,0.0,0.0,0.0,0.0,3,18.7,37.1,184,Overcast,0,0,
82572,2022-01-31 06:50:00,40.636227,-73.88595,0,0,Unspecified,4498855,-3.4,-17.1,0.0,0.0,0.0,0.0,3,12.2,18.0,23,Overcast,0,0,
82573,2022-01-30 11:13:00,40.724773,-73.95033,0,0,Obstruction/Debris,4498687,-5.4,-13.8,0.0,0.0,0.0,0.0,3,28.5,50.0,290,Overcast,0,0,
82574,2022-01-28 23:09:00,40.62179,-74.11027,0,0,Driver Inattention/Distraction,4498264,1.0,-3.1,2.4,0.0,1.68,13.0,73,18.7,31.3,251,Snow fall: Moderate,0,0,Snowy Conditions
82575,2022-01-31 17:00:00,40.736336,-73.98301,0,0,Pavement Slippery,4499181,-3.4,-17.1,0.0,0.0,0.0,0.0,3,12.2,18.0,23,Overcast,0,0,
82576,2022-01-29 19:25:00,40.83142,-73.91831,0,0,Backing Unsafely,4499341,-1.7,-12.9,17.6,0.1,12.25,19.0,75,39.7,72.7,336,Snow fall: Heavy,0,0,Snowy Conditions
82577,2022-01-29 10:45:00,40.657326,-73.755585,0,0,Unspecified,4498132,-1.7,-12.9,17.6,0.1,12.25,19.0,75,39.7,72.7,336,Snow fall: Heavy,0,0,Snowy Conditions
82578,2022-01-28 19:30:00,40.71799,-73.945854,0,0,Driver Inattention/Distraction,4498689,1.0,-3.1,2.4,0.0,1.68,13.0,73,18.7,31.3,251,Snow fall: Moderate,0,0,Snowy Conditions
82579,2022-01-28 11:30:00,40.685196,-73.97829,0,0,Driver Inattention/Distraction,4498870,1.0,-3.1,2.4,0.0,1.68,13.0,73,18.7,31.3,251,Snow fall: Moderate,0,0,Snowy Conditions
82580,2022-01-27 22:30:00,40.725918,-73.89535,0,0,Unsafe Speed,4498396,-0.3,-9.6,0.0,0.0,0.0,0.0,3,18.7,37.1,184,Overcast,0,0,
82581,2022-01-31 19:53:00,40.747913,-73.86769,0,0,Driver Inattention/Distraction,4498954,-3.4,-17.1,0.0,0.0,0.0,0.0,3,12.2,18.0,23,Overcast,0,0,
82582,2022-01-30 09:50:00,40.743244,-73.73154,0,0,Pavement Slippery,4498309,-5.4,-13.8,0.0,0.0,0.0,0.0,3,28.5,50.0,290,Overcast,0,0,
82583,2022-01-27 08:20:00,40.834473,-73.87226,0,0,Unspecified,4499419,-0.3,-9.6,0.0,0.0,0.0,0.0,3,18.7,37.1,184,Overcast,0,0,
82584,2022-01-30 21:20:00,40.847324,-73.90375,0,0,Failure to Yield Right-of-Way,4498722,-5.4,-13.8,0.0,0.0,0.0,0.0,3,28.5,50.0,290,Overcast,0,0,
82585,2022-01-31 18:40:00,40.771004,-73.78494,0,0,Unspecified,4499471,-3.4,-17.1,0.0,0.0,0.0,0.0,3,12.2,18.0,23,Overcast,0,0,
82586,2022-01-28 13:20:00,40.898674,-73.8701,0,0,Unspecified,4498391,1.0,-3.1,2.4,0.0,1.68,13.0,73,18.7,31.3,251,Snow fall: Moderate,0,0,Snowy Conditions
82587,2022-01-27 09:50:00,40.69069,-73.91621,0,0,Passing Too Closely,4499355,-0.3,-9.6,0.0,0.0,0.0,0.0,3,18.7,37.1,184,Overcast,0,0,
82588,2022-01-28 08:00:00,40.684845,-73.92989,0,0,Unspecified,4498245,1.0,-3.1,2.4,0.0,1.68,13.0,73,18.7,31.3,251,Snow fall: Moderate,0,0,Snowy Conditions
82589,2022-01-31 14:50:00,40.83553,-73.86317,1,0,Failure to Yield Right-of-Way,4499095,-3.4,-17.1,0.0,0.0,0.0,0.0,3,12.2,18.0,23,Overcast,1,1,
82590,2022-01-29 15:00:00,40.83611,-73.92238,0,0,Pavement Slippery,4498292,-1.7,-12.9,17.6,0.1,12.25,19.0,75,39.7,72.7,336,Snow fall: Heavy,0,0,Snowy Conditions
82591,2022-01-31 09:00:00,40.594955,-73.78627,0,0,Passing or Lane Usage Improper,4498976,-3.4,-17.1,0.0,0.0,0.0,0.0,3,12.2,18.0,23,Overcast,0,0,
82592,2022-01-25 10:51:00,40.736885,-73.978546,0,0,Turning Improperly,4498032,6.3,-3.9,0.0,0.0,0.0,0.0,3,16.9,33.8,270,Overcast,0,0,
82593,2022-01-30 15:13:00,40.720146,-74.00296,0,0,Unspecified,4499045,-5.4,-13.8,0.0,0.0,0.0,0.0,3,28.5,50.0,290,Overcast,0,0,
82594,2022-01-22 15:15:00,40.612293,-74.03412,0,0,Following Too Closely,4498049,-1.3,-12.3,0.0,0.0,0.0,0.0,3,18.4,32.8,1,Overcast,0,0,
82595,2022-01-29 07:20:00,40.69245,-73.811005,0,0,Pavement Slippery,4498181,-1.7,-12.9,17.6,0.1,12.25,19.0,75,39.7,72.7,336,Snow fall: Heavy,0,0,Snowy Conditions
82596,2022-01-28 18:58:00,40.67151,-73.76455,2,0,Following Too Closely,4498655,1.0,-3.1,2.4,0.0,1.68,13.0,73,18.7,31.3,251,Snow fall: Moderate,2,2,Snowy Conditions
82597,2022-01-28 15:00:00,40.660664,-73.98478,0,0,Driver Inattention/Distraction,4498159,1.0,-3.1,2.4,0.0,1.68,13.0,73,18.7,31.3,251,Snow fall: Moderate,0,0,Snowy Conditions
82598,2022-01-31 07:40:00,40.830067,-73.92915,0,0,Glare,4498774,-3.4,-17.1,0.0,0.0,0.0,0.0,3,12.2,18.0,23,Overcast,0,0,
82599,2022-01-29 15:00:00,40.760094,-73.79837,0,0,Unspecified,4498164,-1.7,-12.9,17.6,0.1,12.25,19.0,75,39.7,72.7,336,Snow fall: Heavy,0,0,Snowy Conditions
82600,2022-01-24 07:33:00,40.8351,-73.919464,0,0,Pavement Slippery,4498313,0.2,-2.7,0.3,0.0,0.21,2.0,71,15.1,31.0,307,Snow fall: Light,0,0,Snowy Conditions
82601,2022-01-31 19:35:00,40.629128,-74.11471,0,0,Unspecified,4499253,-3.4,-17.1,0.0,0.0,0.0,0.0,3,12.2,18.0,23,Overcast,0,0,
82602,2022-01-31 00:15:00,40.638958,-74.09768,1,0,Driver Inattention/Distraction,4499251,-3.4,-17.1,0.0,0.0,0.0,0.0,3,12.2,18.0,23,Overcast,1,1,
82603,2022-01-30 09:20:00,40.89184,-73.834946,0,0,Driver Inattention/Distraction,4498423,-5.4,-13.8,0.0,0.0,0.0,0.0,3,28.5,50.0,290,Overcast,0,0,
82604,2022-01-26 01:53:00,40.793777,-73.9459,0,0,Following Too Closely,4497998,-3.1,-8.0,0.0,0.0,0.0,0.0,0,20.5,39.6,328,Clear sky,0,0,Sunny/Clear Conditions
82605,2022-01-31 18:13:00,40.66803,-73.983955,0,0,Pavement Slippery,4499028,-3.4,-17.1,0.0,0.0,0.0,0.0,3,12.2,18.0,23,Overcast,0,0,
82606,2022-01-29 16:02:00,40.665665,-73.8203,2,0,Pavement Slippery,4498567,-1.7,-12.9,17.6,0.1,12.25,19.0,75,39.7,72.7,336,Snow fall: Heavy,2,2,Snowy Conditions
82607,2022-01-28 11:02:00,40.719208,-73.99552,1,0,Failure to Yield Right-of-Way,4498352,1.0,-3.1,2.4,0.0,1.68,13.0,73,18.7,31.3,251,Snow fall: Moderate,1,1,Snowy Conditions
82608,2022-01-29 01:45:00,40.832897,-73.862274,1,0,Pavement Slippery,4498699,-1.7,-12.9,17.6,0.1,12.25,19.0,75,39.7,72.7,336,Snow fall: Heavy,1,1,Snowy Conditions
82609,2022-01-28 21:00:00,40.86341,-73.92314,0,0,Driver Inattention/Distraction,4498484,1.0,-3.1,2.4,0.0,1.68,13.0,73,18.7,31.3,251,Snow fall: Moderate,0,0,Snowy Conditions
82610,2022-01-31 08:25:00,40.81977,-73.93673,1,0,Unspecified,4498823,-3.4,-17.1,0.0,0.0,0.0,0.0,3,12.2,18.0,23,Overcast,1,1,
82611,2022-01-31 17:00:00,40.675617,-73.9545,0,0,Pavement Slippery,4499442,-3.4,-17.1,0.0,0.0,0.0,0.0,3,12.2,18.0,23,Overcast,0,0,
82612,2022-01-25 17:45:00,40.677048,-73.9387,1,0,Failure to Yield Right-of-Way,4498445,6.3,-3.9,0.0,0.0,0.0,0.0,3,16.9,33.8,270,Overcast,1,1,
82613,2022-04-14 22:54:00,40.665257,-73.735344,1,0,Unspecified,4519245,28.1,13.9,0.2,0.2,0.0,2.0,51,25.9,46.1,249,Drizzle: Light,1,1,
82614,2022-01-29 12:00:00,40.67469,-73.79805,0,0,Turning Improperly,4498320,-1.7,-12.9,17.6,0.1,12.25,19.0,75,39.7,72.7,336,Snow fall: Heavy,0,0,Snowy Conditions
82615,2022-01-30 17:00:00,40.67104,-73.86035,0,0,Driver Inattention/Distraction,4499079,-5.4,-13.8,0.0,0.0,0.0,0.0,3,28.5,50.0,290,Overcast,0,0,
82616,2022-01-29 03:41:00,40.7461,-73.86823,0,0,Driver Inattention/Distraction,4498452,-1.7,-12.9,17.6,0.1,12.25,19.0,75,39.7,72.7,336,Snow fall: Heavy,0,0,Snowy Conditions
82617,2022-01-29 05:25:00,40.70725,-73.958466,0,0,Following Too Closely,4498558,-1.7,-12.9,17.6,0.1,12.25,19.0,75,39.7,72.7,336,Snow fall: Heavy,0,0,Snowy Conditions
82618,2022-01-31 23:34:00,40.827274,-73.904915,1,0,Unsafe Speed,4498934,-3.4,-17.1,0.0,0.0,0.0,0.0,3,12.2,18.0,23,Overcast,1,1,
82619,2022-01-25 21:20:00,40.836895,-73.8736,1,0,Lost Consciousness,4498791,6.3,-3.9,0.0,0.0,0.0,0.0,3,16.9,33.8,270,Overcast,1,1,
82620,2022-01-29 00:05:00,40.694263,-73.95235,1,0,Pavement Slippery,4498341,-1.7,-12.9,17.6,0.1,12.25,19.0,75,39.7,72.7,336,Snow fall: Heavy,1,1,Snowy Conditions
82621,2022-01-27 14:00:00,40.73155,-73.8939,0,0,Unspecified,4499144,-0.3,-9.6,0.0,0.0,0.0,0.0,3,18.7,37.1,184,Overcast,0,0,
82622,2022-01-27 17:40:00,40.704082,-73.81641,1,0,,4499530,-0.3,-9.6,0.0,0.0,0.0,0.0,3,18.7,37.1,184,Overcast,1,1,
82623,2022-01-31 18:35:00,40.651066,-73.944534,0,0,Passing or Lane Usage Improper,4499329,-3.4,-17.1,0.0,0.0,0.0,0.0,3,12.2,18.0,23,Overcast,0,0,
82624,2022-01-28 22:30:00,40.8666,-73.895454,0,0,Traffic Control Disregarded,4498625,1.0,-3.1,2.4,0.0,1.68,13.0,73,18.7,31.3,251,Snow fall: Moderate,0,0,Snowy Conditions
82625,2022-01-27 11:00:00,40.727943,-73.83289,0,0,Driver Inattention/Distraction,4499332,-0.3,-9.6,0.0,0.0,0.0,0.0,3,18.7,37.1,184,Overcast,0,0,
82626,2022-01-29 21:16:00,40.8205,-73.891075,0,0,Pavement Slippery,4498526,-1.7,-12.9,17.6,0.1,12.25,19.0,75,39.7,72.7,336,Snow fall: Heavy,0,0,Snowy Conditions
82627,2022-01-28 09:45:00,40.591293,-74.07465,0,0,Failure to Yield Right-of-Way,4498890,1.0,-3.1,2.4,0.0,1.68,13.0,73,18.7,31.3,251,Snow fall: Moderate,0,0,Snowy Conditions
82628,2020-01-26 16:50:00,40.88699,-73.90146,0,0,Unspecified,4498013,7.6,0.9,0.0,0.0,0.0,0.0,3,22.3,42.8,264,Overcast,0,0,
82629,2022-01-29 17:55:00,40.826077,-73.87816,0,0,Driver Inattention/Distraction,4498727,-1.7,-12.9,17.6,0.1,12.25,19.0,75,39.7,72.7,336,Snow fall: Heavy,0,0,Snowy Conditions
82630,2022-01-18 23:10:00,40.696995,-73.95475,0,0,Driver Inattention/Distraction,4498318,1.7,-4.9,0.0,0.0,0.0,0.0,3,30.9,58.3,294,Overcast,0,0,
82631,2022-01-29 04:00:00,40.76307,-73.88389,0,0,Alcohol Involvement,4499432,-1.7,-12.9,17.6,0.1,12.25,19.0,75,39.7,72.7,336,Snow fall: Heavy,0,0,Snowy Conditions
82632,2022-01-26 00:00:00,40.72018,-73.94287,0,0,Passing Too Closely,4498685,-3.1,-8.0,0.0,0.0,0.0,0.0,0,20.5,39.6,328,Clear sky,0,0,Sunny/Clear Conditions
82633,2022-01-22 20:00:00,40.768124,-73.90383,0,0,Unspecified,4499157,-1.3,-12.3,0.0,0.0,0.0,0.0,3,18.4,32.8,1,Overcast,0,0,
82634,2022-01-27 18:00:00,40.871857,-73.830315,0,0,Unspecified,4498638,-0.3,-9.6,0.0,0.0,0.0,0.0,3,18.7,37.1,184,Overcast,0,0,
82635,2022-01-31 09:50:00,40.82392,-73.90879,0,0,Unsafe Lane Changing,4499008,-3.4,-17.1,0.0,0.0,0.0,0.0,3,12.2,18.0,23,Overcast,0,0,
82636,2022-01-28 23:00:00,40.833405,-73.907166,0,0,Backing Unsafely,4498595,1.0,-3.1,2.4,0.0,1.68,13.0,73,18.7,31.3,251,Snow fall: Moderate,0,0,Snowy Conditions
82637,2022-01-30 20:30:00,40.65272,-73.94845,0,0,Unspecified,4499333,-5.4,-13.8,0.0,0.0,0.0,0.0,3,28.5,50.0,290,Overcast,0,0,
82638,2022-01-29 12:00:00,40.632835,-74.02724,0,0,Unspecified,4498136,-1.7,-12.9,17.6,0.1,12.25,19.0,75,39.7,72.7,336,Snow fall: Heavy,0,0,Snowy Conditions
82639,2022-01-20 07:30:00,40.71906,-73.812126,1,0,Failure to Yield Right-of-Way,4499529,5.2,-5.5,7.3,4.6,1.89,10.0,73,22.3,40.0,315,Snow fall: Moderate,1,1,Snowy Conditions
82640,2022-01-28 08:50:00,40.694374,-73.803764,0,0,Reaction to Uninvolved Vehicle,4498582,1.0,-3.1,2.4,0.0,1.68,13.0,73,18.7,31.3,251,Snow fall: Moderate,0,0,Snowy Conditions
82641,2022-01-30 12:37:00,40.7067,-74.01605,0,0,Unspecified,4499044,-5.4,-13.8,0.0,0.0,0.0,0.0,3,28.5,50.0,290,Overcast,0,0,
82642,2022-01-27 10:15:00,40.808815,-73.87215,0,0,Unspecified,4498847,-0.3,-9.6,0.0,0.0,0.0,0.0,3,18.7,37.1,184,Overcast,0,0,
82643,2022-01-27 14:01:00,40.75895,-73.96849,0,0,Unspecified,4497993,-0.3,-9.6,0.0,0.0,0.0,0.0,3,18.7,37.1,184,Overcast,0,0,
82644,2022-01-29 10:40:00,40.824562,-73.87259,2,0,Pavement Slippery,4498710,-1.7,-12.9,17.6,0.1,12.25,19.0,75,39.7,72.7,336,Snow fall: Heavy,2,2,Snowy Conditions
82645,2022-01-28 15:53:00,40.652313,-73.73688,1,0,Failure to Yield Right-of-Way,4498054,1.0,-3.1,2.4,0.0,1.68,13.0,73,18.7,31.3,251,Snow fall: Moderate,1,1,Snowy Conditions
82646,2022-01-19 14:20:00,40.63158,-73.88721,0,0,Backing Unsafely,4498157,7.6,-4.9,0.0,0.0,0.0,0.0,3,23.5,43.2,208,Overcast,0,0,
82647,2022-01-26 19:30:00,40.888596,-73.89068,0,0,Unspecified,4499091,-3.1,-8.0,0.0,0.0,0.0,0.0,0,20.5,39.6,328,Clear sky,0,0,Sunny/Clear Conditions
82648,2022-01-27 11:34:00,40.809563,-73.92923,4,0,Unsafe Speed,4498368,-0.3,-9.6,0.0,0.0,0.0,0.0,3,18.7,37.1,184,Overcast,4,4,
82649,2022-01-29 21:45:00,40.75705,-73.92167,0,0,Unspecified,4498992,-1.7,-12.9,17.6,0.1,12.25,19.0,75,39.7,72.7,336,Snow fall: Heavy,0,0,Snowy Conditions
82650,2022-01-25 21:07:00,40.735794,-74.00156,0,0,Driver Inattention/Distraction,4498296,6.3,-3.9,0.0,0.0,0.0,0.0,3,16.9,33.8,270,Overcast,0,0,
82651,2022-01-29 04:15:00,40.894547,-73.86104,0,0,Pedestrian/Bicyclist/Other Pedestrian Error/Confusion,4498428,-1.7,-12.9,17.6,0.1,12.25,19.0,75,39.7,72.7,336,Snow fall: Heavy,0,0,Snowy Conditions
82652,2022-01-30 17:00:00,40.666573,-73.811775,0,0,Pavement Slippery,4498553,-5.4,-13.8,0.0,0.0,0.0,0.0,3,28.5,50.0,290,Overcast,0,0,
82653,2022-01-30 13:00:00,40.65807,-74.00763,0,0,Unspecified,4498577,-5.4,-13.8,0.0,0.0,0.0,0.0,3,28.5,50.0,290,Overcast,0,0,
82654,2022-01-29 15:00:00,40.744076,-73.85479,0,0,Backing Unsafely,4499487,-1.7,-12.9,17.6,0.1,12.25,19.0,75,39.7,72.7,336,Snow fall: Heavy,0,0,Snowy Conditions
82655,2022-01-30 04:23:00,40.84364,-73.91304,1,0,Failure to Yield Right-of-Way,4498594,-5.4,-13.8,0.0,0.0,0.0,0.0,3,28.5,50.0,290,Overcast,1,1,
82656,2022-01-23 20:40:00,40.633675,-73.9161,0,0,Backing Unsafely,4498125,2.8,-6.1,0.5,0.0,0.35,3.0,71,14.2,28.1,243,Snow fall: Light,0,0,Snowy Conditions
82657,2022-01-29 09:00:00,40.862312,-73.929436,0,0,Driver Inattention/Distraction,4498479,-1.7,-12.9,17.6,0.1,12.25,19.0,75,39.7,72.7,336,Snow fall: Heavy,0,0,Snowy Conditions
82658,2022-01-28 13:05:00,40.6784,-73.99161,0,0,Driver Inattention/Distraction,4498025,1.0,-3.1,2.4,0.0,1.68,13.0,73,18.7,31.3,251,Snow fall: Moderate,0,0,Snowy Conditions
82659,2022-01-12 09:00:00,40.752373,-73.87911,0,0,Unspecified,4498859,4.6,-7.3,0.0,0.0,0.0,0.0,3,20.5,39.2,213,Overcast,0,0,
82660,2022-01-27 16:50:00,40.709206,-73.99607,0,0,Oversized Vehicle,4498842,-0.3,-9.6,0.0,0.0,0.0,0.0,3,18.7,37.1,184,Overcast,0,0,
82661,2022-01-27 10:30:00,40.756134,-73.74047,1,0,Driver Inattention/Distraction,4499380,-0.3,-9.6,0.0,0.0,0.0,0.0,3,18.7,37.1,184,Overcast,1,1,
82662,2022-01-31 12:37:00,40.702847,-73.96362,0,0,Passing Too Closely,4498974,-3.4,-17.1,0.0,0.0,0.0,0.0,3,12.2,18.0,23,Overcast,0,0,
82663,2022-01-31 08:00:00,40.57587,-73.95948,0,0,Unspecified,4498828,-3.4,-17.1,0.0,0.0,0.0,0.0,3,12.2,18.0,23,Overcast,0,0,
82664,2022-01-26 09:00:00,40.825577,-73.918465,1,0,Unsafe Lane Changing,4498232,-3.1,-8.0,0.0,0.0,0.0,0.0,0,20.5,39.6,328,Clear sky,1,1,Sunny/Clear Conditions
82665,2022-01-28 21:21:00,40.88983,-73.84623,0,0,Unsafe Speed,4498447,1.0,-3.1,2.4,0.0,1.68,13.0,73,18.7,31.3,251,Snow fall: Moderate,0,0,Snowy Conditions
82666,2022-01-29 01:01:00,40.64663,-73.95566,0,0,Unspecified,4498213,-1.7,-12.9,17.6,0.1,12.25,19.0,75,39.7,72.7,336,Snow fall: Heavy,0,0,Snowy Conditions
82667,2022-01-30 23:48:00,40.737705,-73.88231,0,0,Pavement Slippery,4498609,-5.4,-13.8,0.0,0.0,0.0,0.0,3,28.5,50.0,290,Overcast,0,0,
82668,2022-01-30 03:35:00,40.742676,-73.839516,0,0,Unspecified,4498432,-5.4,-13.8,0.0,0.0,0.0,0.0,3,28.5,50.0,290,Overcast,0,0,
82669,2022-01-30 16:30:00,40.67147,-73.869995,0,0,Unspecified,4499078,-5.4,-13.8,0.0,0.0,0.0,0.0,3,28.5,50.0,290,Overcast,0,0,
82670,2022-01-29 04:32:00,40.641953,-73.9885,0,0,Unspecified,4498081,-1.7,-12.9,17.6,0.1,12.25,19.0,75,39.7,72.7,336,Snow fall: Heavy,0,0,Snowy Conditions
82671,2022-01-29 03:55:00,40.75429,-73.89735,0,0,Driver Inattention/Distraction,4499236,-1.7,-12.9,17.6,0.1,12.25,19.0,75,39.7,72.7,336,Snow fall: Heavy,0,0,Snowy Conditions
82672,2022-01-23 10:27:00,40.725636,-73.82131,2,0,Alcohol Involvement,4498345,2.8,-6.1,0.5,0.0,0.35,3.0,71,14.2,28.1,243,Snow fall: Light,2,2,Snowy Conditions
82673,2022-01-30 16:30:00,40.705044,-73.83689,0,0,Passing or Lane Usage Improper,4498538,-5.4,-13.8,0.0,0.0,0.0,0.0,3,28.5,50.0,290,Overcast,0,0,
82674,2022-01-29 14:07:00,40.728638,-73.88239,1,0,Pavement Slippery,4498914,-1.7,-12.9,17.6,0.1,12.25,19.0,75,39.7,72.7,336,Snow fall: Heavy,1,1,Snowy Conditions
82675,2022-01-29 21:15:00,40.675354,-73.952774,0,0,Unsafe Speed,4498521,-1.7,-12.9,17.6,0.1,12.25,19.0,75,39.7,72.7,336,Snow fall: Heavy,0,0,Snowy Conditions
82676,2022-01-26 11:55:00,40.665688,-73.939766,0,0,Unspecified,4498069,-3.1,-8.0,0.0,0.0,0.0,0.0,0,20.5,39.6,328,Clear sky,0,0,Sunny/Clear Conditions