,CRASH DATETIME,LATITUDE,LONGITUDE,NUMBER OF PERSONS INJURED,NUMBER OF PERSONS KILLED,CONTRIBUTING FACTOR VEHICLE 1,COLLISION_ID,temperature_2m_max,temperature_2m_min,precipitation_sum,rain_sum,snowfall_sum,precipitation_hours,weather_code,wind_speed_10m_max,wind_gusts_10m_max,wind_direction_10m_dominant,Weather Description,Severity_Score,Total_Affected_Persons,Weather_Category
82677,2022-01-29 05:30:00,40.67696,-73.81759,0,0,Failure to Yield Right-of-Way,4498185,-1.7,-12.9,17.6,0.1,12.25,19.0,75,39.7,72.7,336,Snow fall: Heavy,0,0,Snowy Conditions
82678,2022-01-29 10:30:00,40.66723,-73.785034,0,0,Unsafe Speed,4498653,-1.7,-12.9,17.6,0.1,12.25,19.0,75,39.7,72.7,336,Snow fall: Heavy,0,0,Snowy Conditions
82679,2022-01-27 19:53:00,40.74244,-73.99168,0,0,Unspecified,4499182,-0.3,-9.6,0.0,0.0,0.0,0.0,3,18.7,37.1,184,Overcast,0,0,
82680,2022-01-31 09:50:00,40.709568,-73.9644,0,0,Driver Inattention/Distraction,4498959,-3.4,-17.1,0.0,0.0,0.0,0.0,3,12.2,18.0,23,Overcast,0,0,
82681,2022-01-24 06:53:00,40.804066,-73.93117,1,0,Following Too Closely,4498670,0.2,-2.7,0.3,0.0,0.21,2.0,71,15.1,31.0,307,Snow fall: Light,1,1,Snowy Conditions
82682,2022-01-31 15:00:00,40.886295,-73.847916,1,0,Unsafe Speed,4498886,-3.4,-17.1,0.0,0.0,0.0,0.0,3,12.2,18.0,23,Overcast,1,1,
82683,2022-01-30 19:30:00,40.700603,-73.727066,0,0,Pavement Slippery,4498506,-5.4,-13.8,0.0,0.0,0.0,0.0,3,28.5,50.0,290,Overcast,0,0,
82684,2022-01-26 16:09:00,40.70553,-73.92666,0,0,Driver Inattention/Distraction,4498563,-3.1,-8.0,0.0,0.0,0.0,0.0,0,20.5,39.6,328,Clear sky,0,0,Sunny/Clear Conditions
82685,2022-01-27 17:00:00,40.676342,-73.910934,0,0,Unspecified,4498742,-0.3,-9.6,0.0,0.0,0.0,0.0,3,18.7,37.1,184,Overcast,0,0,
82686,2022-01-31 21:37:00,40.69518,-73.956276,0,0,Driver Inattention/Distraction,4499325,-3.4,-17.1,0.0,0.0,0.0,0.0,3,12.2,18.0,23,Overcast,0,0,
82687,2022-01-31 17:28:00,40.794163,-73.972755,0,0,Following Too Closely,4498874,-3.4,-17.1,0.0,0.0,0.0,0.0,3,12.2,18.0,23,Overcast,0,0,
82688,2022-01-28 08:25:00,40.835884,-73.88341,0,0,Turning Improperly,4498200,1.0,-3.1,2.4,0.0,1.68,13.0,73,18.7,31.3,251,Snow fall: Moderate,0,0,Snowy Conditions
82689,2022-01-26 06:45:00,40.72616,-73.886154,0,0,Failure to Yield Right-of-Way,4499139,-3.1,-8.0,0.0,0.0,0.0,0.0,0,20.5,39.6,328,Clear sky,0,0,Sunny/Clear Conditions
82690,2022-01-27 16:30:00,40.744034,-73.890884,3,0,Unsafe Speed,4498086,-0.3,-9.6,0.0,0.0,0.0,0.0,3,18.7,37.1,184,Overcast,3,3,
82691,2021-08-10 12:10:00,40.803215,-73.95254,6,0,Failure to Yield Right-of-Way,4450360,27.3,20.4,3.8,3.8,0.0,11.0,61,18.0,36.0,170,Rain: Light,6,6,
82692,2021-10-21 22:15:00,40.668625,-73.738235,0,0,Unspecified,4469627,22.9,12.0,0.0,0.0,0.0,0.0,3,17.0,31.7,207,Overcast,0,0,
82693,2021-11-04 22:30:00,40.84954,-73.93641,0,0,Driver Inattention/Distraction,4476171,9.9,3.0,0.0,0.0,0.0,0.0,3,10.8,21.2,5,Overcast,0,0,
82694,2021-10-30 10:00:00,40.688175,-73.73165,0,0,Unspecified,4472249,17.8,12.0,7.8,7.8,0.0,16.0,61,38.5,68.0,112,Rain: Light,0,0,
82695,2022-01-14 13:40:00,40.75024,-73.998604,1,0,Traffic Control Disregarded,4499256,5.0,-5.0,0.0,0.0,0.0,0.0,3,34.6,62.6,358,Overcast,1,1,
82696,2021-10-27 11:50:00,40.665733,-73.755585,0,0,Passing or Lane Usage Improper,4473155,16.1,12.2,6.6,6.6,0.0,6.0,61,33.3,63.0,359,Rain: Light,0,0,
82697,2021-11-08 17:03:00,40.852726,-73.93443,1,0,Driver Inattention/Distraction,4476179,16.5,6.4,0.0,0.0,0.0,0.0,3,17.4,33.8,355,Overcast,1,1,
82698,2021-11-01 13:27:00,40.666233,-73.761,1,0,Unspecified,4473086,14.4,8.0,0.0,0.0,0.0,0.0,3,20.7,38.5,278,Overcast,1,1,
82699,2021-10-27 21:44:00,40.69787,-73.743034,1,0,Unspecified,4471580,16.1,12.2,6.6,6.6,0.0,6.0,61,33.3,63.0,359,Rain: Light,1,1,
82700,2021-11-08 14:15:00,40.694496,-73.91482,0,0,Driver Inexperience,4476177,16.5,6.4,0.0,0.0,0.0,0.0,3,17.4,33.8,355,Overcast,0,0,
82701,2021-12-12 04:43:00,40.722553,-74.00141,0,0,Unspecified,4485518,13.0,3.4,0.5,0.5,0.0,1.0,53,32.4,62.6,284,Drizzle: Moderate,0,0,
82702,2021-12-12 01:45:00,40.875328,-73.869225,1,0,Failure to Yield Right-of-Way,4485982,13.0,3.4,0.5,0.5,0.0,1.0,53,32.4,62.6,284,Drizzle: Moderate,1,1,
82703,2021-12-11 21:00:00,40.901726,-73.90604,0,0,Unspecified,4486501,17.3,5.0,8.1,8.1,0.0,5.0,63,35.0,67.0,206,Rain: Moderate,0,0,
82704,2021-12-12 12:01:00,40.689137,-73.990715,0,0,Passing or Lane Usage Improper,4485840,13.0,3.4,0.5,0.5,0.0,1.0,53,32.4,62.6,284,Drizzle: Moderate,0,0,
82705,2021-12-12 12:25:00,40.62435,-74.13927,0,0,Driver Inattention/Distraction,4486349,13.0,3.4,0.5,0.5,0.0,1.0,53,32.4,62.6,284,Drizzle: Moderate,0,0,
82706,2021-12-12 12:45:00,40.817387,-73.92277,1,0,Unspecified,4485874,13.0,3.4,0.5,0.5,0.0,1.0,53,32.4,62.6,284,Drizzle: Moderate,1,1,
82707,2021-12-12 19:25:00,40.8995,-73.857,1,0,Driver Inattention/Distraction,4485995,13.0,3.4,0.5,0.5,0.0,1.0,53,32.4,62.6,284,Drizzle: Moderate,1,1,
82708,2021-12-12 09:35:00,40.671177,-73.9747,1,0,Failure to Yield Right-of-Way,4485770,13.0,3.4,0.5,0.5,0.0,1.0,53,32.4,62.6,284,Drizzle: Moderate,1,1,
82709,2021-12-12 06:45:00,40.695286,-73.73194,0,0,Unspecified,4485658,13.0,3.4,0.5,0.5,0.0,1.0,53,32.4,62.6,284,Drizzle: Moderate,0,0,
82710,2021-12-12 00:10:00,40.788795,-73.93755,1,0,Unspecified,4486126,13.0,3.4,0.5,0.5,0.0,1.0,53,32.4,62.6,284,Drizzle: Moderate,1,1,
82711,2021-12-12 06:00:00,40.87316,-73.87476,0,0,Unspecified,4486361,13.0,3.4,0.5,0.5,0.0,1.0,53,32.4,62.6,284,Drizzle: Moderate,0,0,
82712,2021-11-10 20:40:00,40.707523,-73.96115,1,0,Traffic Control Disregarded,4476181,17.2,7.8,0.3,0.3,0.0,1.0,51,20.7,38.5,318,Drizzle: Light,1,1,
82713,2021-11-08 09:15:00,40.75934,-73.79417,0,0,Driver Inattention/Distraction,4475387,16.5,6.4,0.0,0.0,0.0,0.0,3,17.4,33.8,355,Overcast,0,0,
82714,2021-11-08 14:05:00,40.628273,-73.97266,0,0,Unspecified,4475517,16.5,6.4,0.0,0.0,0.0,0.0,3,17.4,33.8,355,Overcast,0,0,
82715,2021-11-08 17:07:00,40.676147,-73.98391,1,0,Driver Inattention/Distraction,4475437,16.5,6.4,0.0,0.0,0.0,0.0,3,17.4,33.8,355,Overcast,1,1,
82716,2021-11-07 02:50:00,40.65418,-73.91072,0,0,Unspecified,4475945,12.1,2.6,0.0,0.0,0.0,0.0,3,10.0,20.5,358,Overcast,0,0,
82717,2021-11-08 22:00:00,40.737915,-73.99223,1,0,Driver Inattention/Distraction,4475904,16.5,6.4,0.0,0.0,0.0,0.0,3,17.4,33.8,355,Overcast,1,1,
82718,2021-11-08 08:58:00,40.80549,-73.91031,0,0,Following Too Closely,4475413,16.5,6.4,0.0,0.0,0.0,0.0,3,17.4,33.8,355,Overcast,0,0,
82719,2021-11-08 15:50:00,40.685513,-73.84162,0,0,Backing Unsafely,4475585,16.5,6.4,0.0,0.0,0.0,0.0,3,17.4,33.8,355,Overcast,0,0,
82720,2021-11-08 08:53:00,40.72543,-73.99678,0,0,Driver Inattention/Distraction,4475460,16.5,6.4,0.0,0.0,0.0,0.0,3,17.4,33.8,355,Overcast,0,0,
82721,2021-11-08 19:40:00,40.707066,-73.796936,0,0,Driver Inattention/Distraction,4476023,16.5,6.4,0.0,0.0,0.0,0.0,3,17.4,33.8,355,Overcast,0,0,
82722,2021-11-08 01:48:00,40.634468,-74.01423,0,0,Unspecified,4475070,16.5,6.4,0.0,0.0,0.0,0.0,3,17.4,33.8,355,Overcast,0,0,
82723,2021-11-02 14:00:00,40.66546,-73.91453,0,0,Unspecified,4475940,11.4,7.0,0.6,0.6,0.0,4.0,51,14.1,28.1,271,Drizzle: Light,0,0,
82724,2021-10-31 05:30:00,40.835808,-73.949455,2,0,Pavement Slippery,4476000,18.3,12.5,3.7,3.7,0.0,8.0,55,22.9,41.0,268,Drizzle: Dense,2,2,
82725,2021-11-08 08:30:00,40.71433,-73.755585,2,0,Unsafe Speed,4475740,16.5,6.4,0.0,0.0,0.0,0.0,3,17.4,33.8,355,Overcast,2,2,
82726,2021-11-08 05:58:00,40.74744,-73.885796,0,0,Other Vehicular,4475169,16.5,6.4,0.0,0.0,0.0,0.0,3,17.4,33.8,355,Overcast,0,0,
82727,2021-11-08 16:22:00,40.690796,-73.95637,1,0,Following Too Closely,4475368,16.5,6.4,0.0,0.0,0.0,0.0,3,17.4,33.8,355,Overcast,1,1,
82728,2021-11-08 12:25:00,40.846577,-73.913155,1,0,Following Too Closely,4475529,16.5,6.4,0.0,0.0,0.0,0.0,3,17.4,33.8,355,Overcast,1,1,
82729,2021-11-08 04:14:00,40.681137,-73.95567,2,0,Driver Inattention/Distraction,4475550,16.5,6.4,0.0,0.0,0.0,0.0,3,17.4,33.8,355,Overcast,2,2,
82730,2021-11-08 22:50:00,40.839676,-73.90011,0,0,Driver Inattention/Distraction,4475595,16.5,6.4,0.0,0.0,0.0,0.0,3,17.4,33.8,355,Overcast,0,0,
82731,2021-11-08 22:00:00,40.832737,-73.874435,0,0,Unspecified,4475632,16.5,6.4,0.0,0.0,0.0,0.0,3,17.4,33.8,355,Overcast,0,0,
82732,2021-11-08 00:54:00,40.6664,-73.871605,0,0,Passing Too Closely,4475314,16.5,6.4,0.0,0.0,0.0,0.0,3,17.4,33.8,355,Overcast,0,0,
82733,2021-11-08 08:30:00,40.723183,-73.94315,0,0,Unspecified,4475240,16.5,6.4,0.0,0.0,0.0,0.0,3,17.4,33.8,355,Overcast,0,0,
82734,2021-11-05 07:50:00,40.690918,-73.85217,1,0,Backing Unsafely,4476068,10.7,3.2,0.0,0.0,0.0,0.0,0,14.8,30.2,1,Clear sky,1,1,Sunny/Clear Conditions
82735,2021-11-03 13:06:00,40.736355,-73.99759,1,0,Unsafe Speed,4476133,10.7,3.8,0.1,0.1,0.0,1.0,51,15.6,30.6,302,Drizzle: Light,1,1,
82736,2021-11-08 08:45:00,40.674778,-73.9763,0,0,Driver Inattention/Distraction,4475297,16.5,6.4,0.0,0.0,0.0,0.0,3,17.4,33.8,355,Overcast,0,0,
82737,2021-11-08 07:00:00,40.692192,-73.83459,0,0,Passing or Lane Usage Improper,4475243,16.5,6.4,0.0,0.0,0.0,0.0,3,17.4,33.8,355,Overcast,0,0,
82738,2021-11-03 23:36:00,40.700527,-73.94161,0,0,Driver Inattention/Distraction,4475973,10.7,3.8,0.1,0.1,0.0,1.0,51,15.6,30.6,302,Drizzle: Light,0,0,
82739,2021-11-08 17:45:00,40.64962,-73.874306,0,0,Unspecified,4475362,16.5,6.4,0.0,0.0,0.0,0.0,3,17.4,33.8,355,Overcast,0,0,
82740,2021-11-08 05:20:00,40.79989,-73.93859,1,0,Traffic Control Disregarded,4475194,16.5,6.4,0.0,0.0,0.0,0.0,3,17.4,33.8,355,Overcast,1,1,
82741,2021-11-08 20:00:00,40.759525,-73.99925,0,0,Driver Inattention/Distraction,4475629,16.5,6.4,0.0,0.0,0.0,0.0,3,17.4,33.8,355,Overcast,0,0,
82742,2021-11-08 13:23:00,40.81651,-73.88987,0,0,Other Vehicular,4475452,16.5,6.4,0.0,0.0,0.0,0.0,3,17.4,33.8,355,Overcast,0,0,
82743,2021-11-08 14:46:00,40.859543,-73.927986,0,0,Oversized Vehicle,4475478,16.5,6.4,0.0,0.0,0.0,0.0,3,17.4,33.8,355,Overcast,0,0,
82744,2021-11-08 12:05:00,40.67843,-73.91357,1,0,Driver Inattention/Distraction,4475683,16.5,6.4,0.0,0.0,0.0,0.0,3,17.4,33.8,355,Overcast,1,1,
82745,2021-11-08 16:55:00,40.84664,-73.90469,0,0,Failure to Yield Right-of-Way,4475557,16.5,6.4,0.0,0.0,0.0,0.0,3,17.4,33.8,355,Overcast,0,0,
82746,2021-11-08 17:50:00,40.739143,-73.90109,0,0,Following Too Closely,4475666,16.5,6.4,0.0,0.0,0.0,0.0,3,17.4,33.8,355,Overcast,0,0,
82747,2021-11-08 08:45:00,40.828518,-73.84119,0,0,Unspecified,4475223,16.5,6.4,0.0,0.0,0.0,0.0,3,17.4,33.8,355,Overcast,0,0,
82748,2021-11-08 07:41:00,40.672234,-73.90235,2,0,Failure to Yield Right-of-Way,4475329,16.5,6.4,0.0,0.0,0.0,0.0,3,17.4,33.8,355,Overcast,2,2,
82749,2021-11-08 16:45:00,40.883606,-73.91558,0,0,Failure to Yield Right-of-Way,4475421,16.5,6.4,0.0,0.0,0.0,0.0,3,17.4,33.8,355,Overcast,0,0,
82750,2021-11-08 19:18:00,40.830353,-73.90347,0,0,Unspecified,4475549,16.5,6.4,0.0,0.0,0.0,0.0,3,17.4,33.8,355,Overcast,0,0,
82751,2021-11-07 15:00:00,40.849804,-73.92033,0,0,Passing Too Closely,4475883,12.1,2.6,0.0,0.0,0.0,0.0,3,10.0,20.5,358,Overcast,0,0,
82752,2021-11-08 16:16:00,40.678547,-73.92982,1,0,Unspecified,4476069,16.5,6.4,0.0,0.0,0.0,0.0,3,17.4,33.8,355,Overcast,1,1,
82753,2021-11-08 07:00:00,40.630943,-73.889244,2,0,Unspecified,4475398,16.5,6.4,0.0,0.0,0.0,0.0,3,17.4,33.8,355,Overcast,2,2,
82754,2021-11-08 19:27:00,40.679367,-73.931335,1,0,Driver Inattention/Distraction,4475987,16.5,6.4,0.0,0.0,0.0,0.0,3,17.4,33.8,355,Overcast,1,1,
82755,2021-11-08 11:45:00,40.812836,-73.94377,0,0,Following Too Closely,4475269,16.5,6.4,0.0,0.0,0.0,0.0,3,17.4,33.8,355,Overcast,0,0,
82756,2021-11-08 18:20:00,40.859142,-73.90345,0,0,Passing Too Closely,4475863,16.5,6.4,0.0,0.0,0.0,0.0,3,17.4,33.8,355,Overcast,0,0,
82757,2021-11-08 08:20:00,40.69936,-73.931564,0,0,Passing Too Closely,4475573,16.5,6.4,0.0,0.0,0.0,0.0,3,17.4,33.8,355,Overcast,0,0,
82758,2021-11-08 00:00:00,40.753384,-73.978584,0,0,Driver Inattention/Distraction,4475609,16.5,6.4,0.0,0.0,0.0,0.0,3,17.4,33.8,355,Overcast,0,0,
82759,2021-11-08 08:45:00,40.704212,-74.0088,1,0,Unspecified,4475848,16.5,6.4,0.0,0.0,0.0,0.0,3,17.4,33.8,355,Overcast,1,1,
82760,2021-10-22 17:55:00,40.716923,-73.98322,1,0,Pedestrian/Bicyclist/Other Pedestrian Error/Confusion,4475954,20.3,14.4,0.0,0.0,0.0,0.0,3,18.1,31.3,267,Overcast,1,1,
82761,2021-11-08 09:30:00,40.609943,-73.955605,1,0,Driver Inattention/Distraction,4475444,16.5,6.4,0.0,0.0,0.0,0.0,3,17.4,33.8,355,Overcast,1,1,
82762,2021-11-08 05:18:00,40.68064,-73.95338,1,0,Turning Improperly,4475917,16.5,6.4,0.0,0.0,0.0,0.0,3,17.4,33.8,355,Overcast,1,1,
82763,2021-11-08 15:00:00,40.68716,-73.995056,0,0,Driver Inattention/Distraction,4475467,16.5,6.4,0.0,0.0,0.0,0.0,3,17.4,33.8,355,Overcast,0,0,
82764,2021-11-08 16:50:00,40.610157,-74.01203,0,0,Failure to Yield Right-of-Way,4475406,16.5,6.4,0.0,0.0,0.0,0.0,3,17.4,33.8,355,Overcast,0,0,
82765,2021-11-08 11:15:00,40.771797,-73.9305,0,0,Passing or Lane Usage Improper,4475542,16.5,6.4,0.0,0.0,0.0,0.0,3,17.4,33.8,355,Overcast,0,0,
82766,2022-01-30 21:22:00,40.64837,-73.91128,0,0,Unspecified,4498994,-5.4,-13.8,0.0,0.0,0.0,0.0,3,28.5,50.0,290,Overcast,0,0,
82767,2021-11-08 16:40:00,40.66675,-73.779945,2,0,Driver Inattention/Distraction,4475376,16.5,6.4,0.0,0.0,0.0,0.0,3,17.4,33.8,355,Overcast,2,2,
82768,2021-10-27 17:56:00,40.803116,-73.95633,1,0,Driver Inattention/Distraction,4475872,16.1,12.2,6.6,6.6,0.0,6.0,61,33.3,63.0,359,Rain: Light,1,1,
82769,2021-11-06 10:00:00,40.55609,-74.1688,1,0,View Obstructed/Limited,4476079,10.5,3.4,0.0,0.0,0.0,0.0,0,9.5,17.6,61,Clear sky,1,1,Sunny/Clear Conditions
82770,2021-11-08 17:35:00,40.875587,-73.89408,2,0,Following Too Closely,4475504,16.5,6.4,0.0,0.0,0.0,0.0,3,17.4,33.8,355,Overcast,2,2,
82771,2021-11-08 13:15:00,40.816772,-73.92043,1,0,Backing Unsafely,4475415,16.5,6.4,0.0,0.0,0.0,0.0,3,17.4,33.8,355,Overcast,1,1,
82772,2021-11-08 14:50:00,40.640316,-73.97907,0,0,Unspecified,4475508,16.5,6.4,0.0,0.0,0.0,0.0,3,17.4,33.8,355,Overcast,0,0,
82773,2021-11-08 21:45:00,40.74463,-73.90263,1,0,Driver Inattention/Distraction,4475461,16.5,6.4,0.0,0.0,0.0,0.0,3,17.4,33.8,355,Overcast,1,1,
82774,2021-11-04 21:06:00,40.834152,-73.81749,1,0,Unspecified,4475930,9.9,3.0,0.0,0.0,0.0,0.0,3,10.8,21.2,5,Overcast,1,1,
82775,2021-11-08 00:01:00,40.70279,-73.96343,0,0,Passing Too Closely,4474977,16.5,6.4,0.0,0.0,0.0,0.0,3,17.4,33.8,355,Overcast,0,0,
82776,2021-11-06 14:20:00,40.711246,-73.87095,3,0,Following Too Closely,4475994,10.5,3.4,0.0,0.0,0.0,0.0,0,9.5,17.6,61,Clear sky,3,3,Sunny/Clear Conditions
82777,2021-11-08 15:04:00,40.65543,-74.003265,0,0,Unspecified,4475394,16.5,6.4,0.0,0.0,0.0,0.0,3,17.4,33.8,355,Overcast,0,0,
82778,2021-11-08 19:33:00,40.764053,-73.96476,0,0,Driver Inattention/Distraction,4475792,16.5,6.4,0.0,0.0,0.0,0.0,3,17.4,33.8,355,Overcast,0,0,
82779,2021-11-08 20:18:00,40.818012,-73.92519,1,0,Driver Inattention/Distraction,4475899,16.5,6.4,0.0,0.0,0.0,0.0,3,17.4,33.8,355,Overcast,1,1,
82780,2021-11-08 05:50:00,40.74994,-73.98225,0,0,Unspecified,4475133,16.5,6.4,0.0,0.0,0.0,0.0,3,17.4,33.8,355,Overcast,0,0,
82781,2021-11-08 17:25:00,40.65732,-73.738716,1,0,Failure to Yield Right-of-Way,4475375,16.5,6.4,0.0,0.0,0.0,0.0,3,17.4,33.8,355,Overcast,1,1,
82782,2021-11-08 12:38:00,40.719624,-73.91132,0,0,Unspecified,4476004,16.5,6.4,0.0,0.0,0.0,0.0,3,17.4,33.8,355,Overcast,0,0,
82783,2021-11-08 19:09:00,40.698048,-73.97579,0,0,Driver Inattention/Distraction,4475407,16.5,6.4,0.0,0.0,0.0,0.0,3,17.4,33.8,355,Overcast,0,0,
82784,2021-11-08 16:00:00,40.725975,-73.7575,1,0,Following Too Closely,4475724,16.5,6.4,0.0,0.0,0.0,0.0,3,17.4,33.8,355,Overcast,1,1,
82785,2021-11-08 12:48:00,40.667286,-73.97891,0,0,Passing Too Closely,4475438,16.5,6.4,0.0,0.0,0.0,0.0,3,17.4,33.8,355,Overcast,0,0,
82786,2021-10-17 23:21:00,40.762177,-73.96613,0,0,Driver Inattention/Distraction,4476142,17.3,11.1,0.2,0.2,0.0,2.0,51,23.9,43.9,293,Drizzle: Light,0,0,
82787,2021-11-03 14:40:00,40.679203,-73.9553,0,0,Passing or Lane Usage Improper,4475980,10.7,3.8,0.1,0.1,0.0,1.0,51,15.6,30.6,302,Drizzle: Light,0,0,
82788,2021-11-08 11:30:00,40.72089,-73.99576,1,0,Driver Inattention/Distraction,4475268,16.5,6.4,0.0,0.0,0.0,0.0,3,17.4,33.8,355,Overcast,1,1,
82789,2021-11-08 12:20:00,40.68443,-73.9661,0,0,Passing Too Closely,4475303,16.5,6.4,0.0,0.0,0.0,0.0,3,17.4,33.8,355,Overcast,0,0,
82790,2021-11-08 10:00:00,40.687477,-73.75834,1,0,Failure to Yield Right-of-Way,4475569,16.5,6.4,0.0,0.0,0.0,0.0,3,17.4,33.8,355,Overcast,1,1,
82791,2021-11-03 05:30:00,40.64538,-73.98625,0,0,Unspecified,4476115,10.7,3.8,0.1,0.1,0.0,1.0,51,15.6,30.6,302,Drizzle: Light,0,0,
82792,2021-11-08 21:10:00,40.63413,-73.928505,1,0,Driver Inattention/Distraction,4475388,16.5,6.4,0.0,0.0,0.0,0.0,3,17.4,33.8,355,Overcast,1,1,
82793,2021-11-08 14:29:00,40.694534,-73.78622,0,0,Driver Inattention/Distraction,4475672,16.5,6.4,0.0,0.0,0.0,0.0,3,17.4,33.8,355,Overcast,0,0,
82794,2021-11-08 08:10:00,40.58679,-74.15903,0,0,Driver Inattention/Distraction,4475226,16.5,6.4,0.0,0.0,0.0,0.0,3,17.4,33.8,355,Overcast,0,0,
82795,2021-11-08 10:28:00,40.652927,-73.959335,1,0,Unspecified,4475516,16.5,6.4,0.0,0.0,0.0,0.0,3,17.4,33.8,355,Overcast,1,1,
82796,2021-11-08 13:00:00,40.70718,-73.92107,1,0,Passing or Lane Usage Improper,4475574,16.5,6.4,0.0,0.0,0.0,0.0,3,17.4,33.8,355,Overcast,1,1,
82797,2021-11-08 08:37:00,40.752377,-73.97035,0,0,Unspecified,4475286,16.5,6.4,0.0,0.0,0.0,0.0,3,17.4,33.8,355,Overcast,0,0,
82798,2021-11-08 10:40:00,40.61824,-73.98408,1,0,Driver Inattention/Distraction,4475418,16.5,6.4,0.0,0.0,0.0,0.0,3,17.4,33.8,355,Overcast,1,1,
82799,2021-11-06 03:21:00,40.7606,-73.964325,0,0,Backing Unsafely,4475887,10.5,3.4,0.0,0.0,0.0,0.0,0,9.5,17.6,61,Clear sky,0,0,Sunny/Clear Conditions
82800,2021-11-04 18:14:00,40.83089,-73.941376,1,0,Driver Inattention/Distraction,4475952,9.9,3.0,0.0,0.0,0.0,0.0,3,10.8,21.2,5,Overcast,1,1,
82801,2021-11-08 08:10:00,40.676647,-73.91647,0,0,Driver Inattention/Distraction,4475684,16.5,6.4,0.0,0.0,0.0,0.0,3,17.4,33.8,355,Overcast,0,0,
82802,2021-11-08 18:06:00,40.796005,-73.93542,2,0,Passing Too Closely,4475381,16.5,6.4,0.0,0.0,0.0,0.0,3,17.4,33.8,355,Overcast,2,2,
82803,2021-11-08 10:13:00,40.656834,-73.841286,0,0,Driver Inexperience,4475431,16.5,6.4,0.0,0.0,0.0,0.0,3,17.4,33.8,355,Overcast,0,0,
82804,2021-11-08 10:50:00,40.637455,-73.92886,0,0,Unspecified,4475875,16.5,6.4,0.0,0.0,0.0,0.0,3,17.4,33.8,355,Overcast,0,0,
82805,2021-11-08 15:00:00,40.596085,-73.76216,1,0,Failure to Yield Right-of-Way,4475556,16.5,6.4,0.0,0.0,0.0,0.0,3,17.4,33.8,355,Overcast,1,1,
82806,2021-11-08 04:11:00,40.682415,-73.83617,0,0,Alcohol Involvement,4475153,16.5,6.4,0.0,0.0,0.0,0.0,3,17.4,33.8,355,Overcast,0,0,
82807,2021-11-08 15:50:00,40.629314,-74.08521,0,0,Unspecified,4475658,16.5,6.4,0.0,0.0,0.0,0.0,3,17.4,33.8,355,Overcast,0,0,
82808,2021-11-08 17:37:00,40.652626,-74.00617,1,0,Driver Inattention/Distraction,4475363,16.5,6.4,0.0,0.0,0.0,0.0,3,17.4,33.8,355,Overcast,1,1,
82809,2021-11-08 22:19:00,40.732147,-73.89225,1,0,Failure to Keep Right,4475582,16.5,6.4,0.0,0.0,0.0,0.0,3,17.4,33.8,355,Overcast,1,1,
82810,2021-11-08 16:55:00,40.84664,-73.90469,0,0,Passing Too Closely,4475526,16.5,6.4,0.0,0.0,0.0,0.0,3,17.4,33.8,355,Overcast,0,0,
82811,2021-11-08 13:15:00,40.77496,-73.9589,1,0,Driver Inattention/Distraction,4475447,16.5,6.4,0.0,0.0,0.0,0.0,3,17.4,33.8,355,Overcast,1,1,
82812,2021-11-01 18:00:00,40.889244,-73.85453,0,0,Unspecified,4475963,14.4,8.0,0.0,0.0,0.0,0.0,3,20.7,38.5,278,Overcast,0,0,
82813,2021-11-08 23:28:00,40.7266,-74.00744,0,0,Driver Inattention/Distraction,4475476,16.5,6.4,0.0,0.0,0.0,0.0,3,17.4,33.8,355,Overcast,0,0,
82814,2021-11-08 04:40:00,40.846783,-73.907394,0,0,Driver Inattention/Distraction,4475876,16.5,6.4,0.0,0.0,0.0,0.0,3,17.4,33.8,355,Overcast,0,0,
82815,2021-11-08 17:50:00,40.630577,-73.88591,2,0,Unspecified,4475397,16.5,6.4,0.0,0.0,0.0,0.0,3,17.4,33.8,355,Overcast,2,2,
82816,2021-11-08 20:30:00,40.64433,-73.919914,0,0,Driver Inattention/Distraction,4475675,16.5,6.4,0.0,0.0,0.0,0.0,3,17.4,33.8,355,Overcast,0,0,
82817,2021-11-08 23:28:00,40.72606,-74.0027,0,0,Driver Inattention/Distraction,4475849,16.5,6.4,0.0,0.0,0.0,0.0,3,17.4,33.8,355,Overcast,0,0,
82818,2021-11-08 21:00:00,40.69142,-73.811745,0,0,Following Too Closely,4475430,16.5,6.4,0.0,0.0,0.0,0.0,3,17.4,33.8,355,Overcast,0,0,
82819,2021-11-08 16:44:00,40.697884,-73.97182,1,0,Driver Inattention/Distraction,4475589,16.5,6.4,0.0,0.0,0.0,0.0,3,17.4,33.8,355,Overcast,1,1,
82820,2021-11-08 08:41:00,40.72416,-73.754974,0,0,Glare,4475186,16.5,6.4,0.0,0.0,0.0,0.0,3,17.4,33.8,355,Overcast,0,0,
82821,2021-11-08 14:49:00,40.633644,-74.14215,0,0,Unspecified,4475497,16.5,6.4,0.0,0.0,0.0,0.0,3,17.4,33.8,355,Overcast,0,0,
82822,2021-11-08 08:53:00,40.802338,-73.93389,0,0,Other Vehicular,4475307,16.5,6.4,0.0,0.0,0.0,0.0,3,17.4,33.8,355,Overcast,0,0,
82823,2021-11-08 12:27:00,40.638897,-73.96982,0,0,Traffic Control Disregarded,4475509,16.5,6.4,0.0,0.0,0.0,0.0,3,17.4,33.8,355,Overcast,0,0,
82824,2021-11-08 18:28:00,40.7501,-73.974945,0,0,Driver Inattention/Distraction,4475392,16.5,6.4,0.0,0.0,0.0,0.0,3,17.4,33.8,355,Overcast,0,0,