,CRASH DATETIME,LATITUDE,LONGITUDE,NUMBER OF PERSONS INJURED,NUMBER OF PERSONS KILLED,CONTRIBUTING FACTOR VEHICLE 1,COLLISION_ID,temperature_2m_max,temperature_2m_min,precipitation_sum,rain_sum,snowfall_sum,precipitation_hours,weather_code,wind_speed_10m_max,wind_gusts_10m_max,wind_direction_10m_dominant,Weather Description,Severity_Score,Total_Affected_Persons,Weather_Category
82825,2021-11-08 19:00:00,40.855923,-73.937744,0,0,Alcohol Involvement,4475495,16.5,6.4,0.0,0.0,0.0,0.0,3,17.4,33.8,355,Overcast,0,0,
82826,2021-11-06 10:53:00,40.74347,-74.00724,0,0,Other Vehicular,4475916,10.5,3.4,0.0,0.0,0.0,0.0,0,9.5,17.6,61,Clear sky,0,0,Sunny/Clear Conditions
82827,2021-11-08 17:57:00,40.715443,-73.95185,1,0,Driver Inattention/Distraction,4475443,16.5,6.4,0.0,0.0,0.0,0.0,3,17.4,33.8,355,Overcast,1,1,
82828,2021-11-08 00:30:00,40.666534,-73.80995,0,0,Passing or Lane Usage Improper,4475005,16.5,6.4,0.0,0.0,0.0,0.0,3,17.4,33.8,355,Overcast,0,0,
82829,2021-11-07 09:50:00,40.85226,-73.852905,0,0,Driver Inattention/Distraction,4475997,12.1,2.6,0.0,0.0,0.0,0.0,3,10.0,20.5,358,Overcast,0,0,
82830,2021-11-08 17:44:00,40.59034,-73.972084,3,0,Brakes Defective,4475788,16.5,6.4,0.0,0.0,0.0,0.0,3,17.4,33.8,355,Overcast,3,3,
82831,2021-11-08 14:50:00,40.818798,-73.89213,0,0,Following Too Closely,4476126,16.5,6.4,0.0,0.0,0.0,0.0,3,17.4,33.8,355,Overcast,0,0,
82832,2021-11-08 21:30:00,40.76276,-73.87393,0,0,,4475579,16.5,6.4,0.0,0.0,0.0,0.0,3,17.4,33.8,355,Overcast,0,0,
82833,2022-01-18 07:00:00,40.66247,-73.936005,0,0,Driver Inattention/Distraction,4499541,1.7,-4.9,0.0,0.0,0.0,0.0,3,30.9,58.3,294,Overcast,0,0,
82834,2021-11-08 17:22:00,40.753304,-73.912575,0,0,Driver Inattention/Distraction,4475543,16.5,6.4,0.0,0.0,0.0,0.0,3,17.4,33.8,355,Overcast,0,0,
82835,2021-11-05 06:45:00,40.707333,-73.90336,0,0,Unspecified,4475991,10.7,3.2,0.0,0.0,0.0,0.0,0,14.8,30.2,1,Clear sky,0,0,Sunny/Clear Conditions
82836,2021-11-08 08:30:00,40.592167,-73.90815,0,0,Following Too Closely,4475328,16.5,6.4,0.0,0.0,0.0,0.0,3,17.4,33.8,355,Overcast,0,0,
82837,2021-11-08 09:00:00,40.660362,-73.77553,1,0,Following Too Closely,4475570,16.5,6.4,0.0,0.0,0.0,0.0,3,17.4,33.8,355,Overcast,1,1,
82838,2021-11-05 16:31:00,40.796112,-73.945564,0,0,Outside Car Distraction,4476036,10.7,3.2,0.0,0.0,0.0,0.0,0,14.8,30.2,1,Clear sky,0,0,Sunny/Clear Conditions
82839,2021-11-08 18:20:00,40.667725,-73.929634,0,0,Driver Inattention/Distraction,4475379,16.5,6.4,0.0,0.0,0.0,0.0,3,17.4,33.8,355,Overcast,0,0,
82840,2021-11-08 14:20:00,40.596127,-74.110794,1,0,Driver Inattention/Distraction,4475610,16.5,6.4,0.0,0.0,0.0,0.0,3,17.4,33.8,355,Overcast,1,1,
82841,2021-11-08 18:50:00,40.66975,-73.74542,1,0,Driver Inattention/Distraction,4476091,16.5,6.4,0.0,0.0,0.0,0.0,3,17.4,33.8,355,Overcast,1,1,
82842,2021-11-08 17:00:00,40.846622,-73.93732,0,0,Unspecified,4475544,16.5,6.4,0.0,0.0,0.0,0.0,3,17.4,33.8,355,Overcast,0,0,
82843,2021-11-08 18:45:00,40.640915,-73.97365,1,0,Unspecified,4475597,16.5,6.4,0.0,0.0,0.0,0.0,3,17.4,33.8,355,Overcast,1,1,
82844,2021-11-08 16:17:00,40.694317,-73.82036,1,0,Glare,4475670,16.5,6.4,0.0,0.0,0.0,0.0,3,17.4,33.8,355,Overcast,1,1,
82845,2021-11-08 01:40:00,40.668655,-73.88929,1,0,Alcohol Involvement,4475227,16.5,6.4,0.0,0.0,0.0,0.0,3,17.4,33.8,355,Overcast,1,1,
82846,2021-11-08 11:04:00,40.62466,-74.17856,1,0,Tire Failure/Inadequate,4475316,16.5,6.4,0.0,0.0,0.0,0.0,3,17.4,33.8,355,Overcast,1,1,
82847,2021-11-08 11:49:00,40.71412,-73.83152,0,0,Following Too Closely,4476062,16.5,6.4,0.0,0.0,0.0,0.0,3,17.4,33.8,355,Overcast,0,0,
82848,2021-10-28 18:34:00,40.617054,-74.035934,1,0,Driver Inattention/Distraction,4476071,15.2,7.9,0.0,0.0,0.0,0.0,3,19.1,34.6,28,Overcast,1,1,
82849,2021-11-08 06:30:00,40.782993,-73.79934,1,0,Driver Inattention/Distraction,4475372,16.5,6.4,0.0,0.0,0.0,0.0,3,17.4,33.8,355,Overcast,1,1,
82850,2021-11-08 20:20:00,40.688766,-73.99907,0,0,Unspecified,4475464,16.5,6.4,0.0,0.0,0.0,0.0,3,17.4,33.8,355,Overcast,0,0,
82851,2021-11-03 22:50:00,40.71532,-73.74273,1,0,Driver Inattention/Distraction,4476043,10.7,3.8,0.1,0.1,0.0,1.0,51,15.6,30.6,302,Drizzle: Light,1,1,
82852,2021-11-08 19:00:00,40.74721,-73.92359,0,0,Unspecified,4475759,16.5,6.4,0.0,0.0,0.0,0.0,3,17.4,33.8,355,Overcast,0,0,
82853,2021-11-05 22:37:00,40.685764,-73.9415,1,0,Unsafe Speed,4475979,10.7,3.2,0.0,0.0,0.0,0.0,0,14.8,30.2,1,Clear sky,1,1,Sunny/Clear Conditions
82854,2021-11-08 06:00:00,40.870922,-73.91792,0,0,Turning Improperly,4475253,16.5,6.4,0.0,0.0,0.0,0.0,3,17.4,33.8,355,Overcast,0,0,
82855,2021-11-08 17:56:00,40.63496,-73.892365,0,0,Unspecified,4475389,16.5,6.4,0.0,0.0,0.0,0.0,3,17.4,33.8,355,Overcast,0,0,
82856,2021-11-08 00:05:00,40.68781,-73.85718,0,0,Alcohol Involvement,4475179,16.5,6.4,0.0,0.0,0.0,0.0,3,17.4,33.8,355,Overcast,0,0,
82857,2021-11-08 09:45:00,40.821144,-73.8889,0,0,Traffic Control Disregarded,4475364,16.5,6.4,0.0,0.0,0.0,0.0,3,17.4,33.8,355,Overcast,0,0,
82858,2021-11-08 20:27:00,40.83936,-73.87281,1,0,Driver Inattention/Distraction,4475536,16.5,6.4,0.0,0.0,0.0,0.0,3,17.4,33.8,355,Overcast,1,1,
82859,2021-11-08 00:00:00,40.833813,-73.86275,1,0,Unspecified,4475358,16.5,6.4,0.0,0.0,0.0,0.0,3,17.4,33.8,355,Overcast,1,1,
82860,2021-11-08 18:47:00,40.81685,-73.939476,2,0,Driver Inattention/Distraction,4475911,16.5,6.4,0.0,0.0,0.0,0.0,3,17.4,33.8,355,Overcast,2,2,
82861,2021-11-08 17:28:00,40.61347,-73.98546,1,0,Failure to Yield Right-of-Way,4475408,16.5,6.4,0.0,0.0,0.0,0.0,3,17.4,33.8,355,Overcast,1,1,
82862,2021-11-08 17:54:00,40.69535,-73.91632,2,0,Driver Inattention/Distraction,4475563,16.5,6.4,0.0,0.0,0.0,0.0,3,17.4,33.8,355,Overcast,2,2,
82863,2021-11-08 06:55:00,40.607212,-74.07682,4,0,Unspecified,4475656,16.5,6.4,0.0,0.0,0.0,0.0,3,17.4,33.8,355,Overcast,4,4,
82864,2021-11-08 08:05:00,40.718143,-73.993835,1,0,Driver Inattention/Distraction,4475588,16.5,6.4,0.0,0.0,0.0,0.0,3,17.4,33.8,355,Overcast,1,1,
82865,2021-11-08 05:00:00,40.808815,-73.87215,1,0,Traffic Control Disregarded,4475456,16.5,6.4,0.0,0.0,0.0,0.0,3,17.4,33.8,355,Overcast,1,1,
82866,2021-11-02 21:45:00,40.646515,-73.974655,1,0,Passing Too Closely,4475870,11.4,7.0,0.6,0.6,0.0,4.0,51,14.1,28.1,271,Drizzle: Light,1,1,
82867,2021-11-08 10:42:00,40.604397,-74.069,0,0,Other Vehicular,4476018,16.5,6.4,0.0,0.0,0.0,0.0,3,17.4,33.8,355,Overcast,0,0,
82868,2021-11-08 15:59:00,40.60307,-74.01667,1,0,Following Too Closely,4475401,16.5,6.4,0.0,0.0,0.0,0.0,3,17.4,33.8,355,Overcast,1,1,
82869,2021-08-27 21:15:00,40.576042,-73.99008,0,0,Other Vehicular,4475890,32.2,23.4,1.4,1.4,0.0,2.0,55,9.4,22.3,299,Drizzle: Dense,0,0,
82870,2021-11-08 23:01:00,40.6689,-73.95862,0,0,Traffic Control Disregarded,4475396,16.5,6.4,0.0,0.0,0.0,0.0,3,17.4,33.8,355,Overcast,0,0,
82871,2021-10-26 06:40:00,40.80885,-73.95404,1,0,Driver Inattention/Distraction,4475935,16.9,13.8,84.5,84.5,0.0,17.0,65,28.7,53.6,87,Rain: Heavy,1,1,
82872,2021-11-08 12:51:00,40.607517,-74.00169,1,0,Driver Inattention/Distraction,4475304,16.5,6.4,0.0,0.0,0.0,0.0,3,17.4,33.8,355,Overcast,1,1,
82873,2021-11-08 11:40:00,40.707066,-73.9338,0,0,Passing Too Closely,4475433,16.5,6.4,0.0,0.0,0.0,0.0,3,17.4,33.8,355,Overcast,0,0,
82874,2021-11-07 02:18:00,40.84188,-73.843636,0,0,Unspecified,4476148,12.1,2.6,0.0,0.0,0.0,0.0,3,10.0,20.5,358,Overcast,0,0,
82875,2021-11-08 06:50:00,40.662872,-73.94559,0,0,Unspecified,4476005,16.5,6.4,0.0,0.0,0.0,0.0,3,17.4,33.8,355,Overcast,0,0,
82876,2021-11-08 15:00:00,40.76131,-73.931915,0,0,Unspecified,4475820,16.5,6.4,0.0,0.0,0.0,0.0,3,17.4,33.8,355,Overcast,0,0,
82877,2021-11-08 10:55:00,40.709946,-73.955505,1,0,Following Too Closely,4475439,16.5,6.4,0.0,0.0,0.0,0.0,3,17.4,33.8,355,Overcast,1,1,
82878,2021-10-28 20:00:00,40.725983,-73.72421,2,0,Unsafe Speed,4471884,15.2,7.9,0.0,0.0,0.0,0.0,3,19.1,34.6,28,Overcast,2,2,
82879,2021-11-08 14:20:00,40.82419,-73.91385,0,0,Unsafe Speed,4475521,16.5,6.4,0.0,0.0,0.0,0.0,3,17.4,33.8,355,Overcast,0,0,
82880,2021-11-08 18:30:00,40.775246,-73.94763,1,0,Backing Unsafely,4475851,16.5,6.4,0.0,0.0,0.0,0.0,3,17.4,33.8,355,Overcast,1,1,
82881,2021-11-08 20:40:00,40.81058,-73.92785,1,0,Backing Unsafely,4475417,16.5,6.4,0.0,0.0,0.0,0.0,3,17.4,33.8,355,Overcast,1,1,
82882,2021-11-08 20:15:00,40.79275,-73.97132,0,0,Driver Inattention/Distraction,4475384,16.5,6.4,0.0,0.0,0.0,0.0,3,17.4,33.8,355,Overcast,0,0,
82883,2021-11-08 09:11:00,40.850086,-73.865005,0,0,Driver Inattention/Distraction,4475921,16.5,6.4,0.0,0.0,0.0,0.0,3,17.4,33.8,355,Overcast,0,0,
82884,2021-11-08 09:19:00,40.820297,-73.95349,0,0,Unspecified,4475951,16.5,6.4,0.0,0.0,0.0,0.0,3,17.4,33.8,355,Overcast,0,0,
82885,2021-11-08 17:34:00,40.843002,-73.90359,1,0,Turning Improperly,4475554,16.5,6.4,0.0,0.0,0.0,0.0,3,17.4,33.8,355,Overcast,1,1,
82886,2021-11-08 12:50:00,40.6537,-73.90665,0,0,Driver Inattention/Distraction,4475685,16.5,6.4,0.0,0.0,0.0,0.0,3,17.4,33.8,355,Overcast,0,0,
82887,2021-11-08 12:46:00,40.77882,-73.953995,0,0,Driver Inattention/Distraction,4475446,16.5,6.4,0.0,0.0,0.0,0.0,3,17.4,33.8,355,Overcast,0,0,
82888,2021-11-08 12:07:00,40.86609,-73.88268,0,0,Unspecified,4475502,16.5,6.4,0.0,0.0,0.0,0.0,3,17.4,33.8,355,Overcast,0,0,
82889,2021-11-08 17:55:00,40.687126,-73.993614,1,0,Driver Inattention/Distraction,4476035,16.5,6.4,0.0,0.0,0.0,0.0,3,17.4,33.8,355,Overcast,1,1,
82890,2021-11-08 15:13:00,40.640015,-73.92575,0,0,Unspecified,4475874,16.5,6.4,0.0,0.0,0.0,0.0,3,17.4,33.8,355,Overcast,0,0,
82891,2021-11-08 15:55:00,40.640377,-73.978584,0,0,Unspecified,4475510,16.5,6.4,0.0,0.0,0.0,0.0,3,17.4,33.8,355,Overcast,0,0,
82892,2021-11-08 20:45:00,40.787117,-73.94793,3,0,Driver Inattention/Distraction,4476127,16.5,6.4,0.0,0.0,0.0,0.0,3,17.4,33.8,355,Overcast,3,3,
82893,2021-11-06 08:47:00,40.583534,-73.984184,0,0,Driver Inattention/Distraction,4475877,10.5,3.4,0.0,0.0,0.0,0.0,0,9.5,17.6,61,Clear sky,0,0,Sunny/Clear Conditions
82894,2021-11-08 04:48:00,40.804592,-73.91906,0,0,Driver Inexperience,4475046,16.5,6.4,0.0,0.0,0.0,0.0,3,17.4,33.8,355,Overcast,0,0,
82895,2021-11-08 12:59:00,40.87126,-73.84992,1,0,Driver Inattention/Distraction,4475923,16.5,6.4,0.0,0.0,0.0,0.0,3,17.4,33.8,355,Overcast,1,1,
82896,2021-11-08 08:24:00,40.901062,-73.89703,0,0,Unspecified,4475400,16.5,6.4,0.0,0.0,0.0,0.0,3,17.4,33.8,355,Overcast,0,0,
82897,2021-11-08 08:51:00,40.723858,-73.876045,0,0,Failure to Yield Right-of-Way,4475580,16.5,6.4,0.0,0.0,0.0,0.0,3,17.4,33.8,355,Overcast,0,0,
82898,2021-11-08 08:41:00,40.7158,-73.824486,0,0,Unspecified,4475293,16.5,6.4,0.0,0.0,0.0,0.0,3,17.4,33.8,355,Overcast,0,0,
82899,2021-11-08 18:00:00,40.70029,-73.92904,0,0,Unspecified,4475571,16.5,6.4,0.0,0.0,0.0,0.0,3,17.4,33.8,355,Overcast,0,0,
82900,2021-11-08 14:48:00,40.675312,-73.777145,1,0,Unspecified,4475959,16.5,6.4,0.0,0.0,0.0,0.0,3,17.4,33.8,355,Overcast,1,1,
82901,2021-11-08 18:20:00,40.82523,-73.94761,0,0,Failure to Keep Right,4475838,16.5,6.4,0.0,0.0,0.0,0.0,3,17.4,33.8,355,Overcast,0,0,
82902,2021-11-08 08:30:00,40.820576,-73.893135,0,0,Unspecified,4475454,16.5,6.4,0.0,0.0,0.0,0.0,3,17.4,33.8,355,Overcast,0,0,
82903,2021-11-08 15:25:00,40.762062,-73.983635,0,0,Unspecified,4475475,16.5,6.4,0.0,0.0,0.0,0.0,3,17.4,33.8,355,Overcast,0,0,
82904,2021-11-08 21:44:00,40.651966,-73.94103,0,0,Unspecified,4475678,16.5,6.4,0.0,0.0,0.0,0.0,3,17.4,33.8,355,Overcast,0,0,
82905,2021-11-08 18:04:00,40.714386,-74.00378,1,0,Unspecified,4475538,16.5,6.4,0.0,0.0,0.0,0.0,3,17.4,33.8,355,Overcast,1,1,
82906,2021-11-08 08:43:00,40.746235,-73.89895,1,0,Driver Inattention/Distraction,4475352,16.5,6.4,0.0,0.0,0.0,0.0,3,17.4,33.8,355,Overcast,1,1,
82907,2021-11-08 14:03:00,40.63851,-74.021225,2,0,Following Too Closely,4475378,16.5,6.4,0.0,0.0,0.0,0.0,3,17.4,33.8,355,Overcast,2,2,
82908,2021-11-07 16:52:00,40.713943,-73.73532,0,0,Unspecified,4476088,12.1,2.6,0.0,0.0,0.0,0.0,3,10.0,20.5,358,Overcast,0,0,
82909,2021-11-08 09:07:00,40.895718,-73.849525,1,0,Driver Inattention/Distraction,4475217,16.5,6.4,0.0,0.0,0.0,0.0,3,17.4,33.8,355,Overcast,1,1,
82910,2021-11-05 19:56:00,40.586777,-73.81465,0,0,Failure to Yield Right-of-Way,4476050,10.7,3.2,0.0,0.0,0.0,0.0,0,14.8,30.2,1,Clear sky,0,0,Sunny/Clear Conditions
82911,2021-11-08 15:11:00,40.8468,-73.931854,1,0,Driver Inattention/Distraction,4475545,16.5,6.4,0.0,0.0,0.0,0.0,3,17.4,33.8,355,Overcast,1,1,
82912,2021-11-08 21:50:00,40.726444,-73.76579,0,0,Unspecified,4475429,16.5,6.4,0.0,0.0,0.0,0.0,3,17.4,33.8,355,Overcast,0,0,
82913,2021-11-06 16:15:00,40.712887,-73.87781,0,0,Driver Inattention/Distraction,4475990,10.5,3.4,0.0,0.0,0.0,0.0,0,9.5,17.6,61,Clear sky,0,0,Sunny/Clear Conditions
82914,2021-11-08 16:30:00,40.827553,-73.86727,0,0,Driver Inattention/Distraction,4475360,16.5,6.4,0.0,0.0,0.0,0.0,3,17.4,33.8,355,Overcast,0,0,
82915,2021-11-08 18:40:00,40.714027,-73.735725,0,0,Driver Inattention/Distraction,4475385,16.5,6.4,0.0,0.0,0.0,0.0,3,17.4,33.8,355,Overcast,0,0,
82916,2021-11-08 02:21:00,40.662457,-73.92012,0,0,Alcohol Involvement,4475686,16.5,6.4,0.0,0.0,0.0,0.0,3,17.4,33.8,355,Overcast,0,0,
82917,2021-11-08 19:45:00,40.71937,-73.7876,0,0,Passing or Lane Usage Improper,4475602,16.5,6.4,0.0,0.0,0.0,0.0,3,17.4,33.8,355,Overcast,0,0,
82918,2022-01-14 23:15:00,40.708763,-73.998116,0,0,Driver Inattention/Distraction,4498350,5.0,-5.0,0.0,0.0,0.0,0.0,3,34.6,62.6,358,Overcast,0,0,
82919,2021-11-08 16:15:00,40.872414,-73.839966,1,0,Driver Inattention/Distraction,4475616,16.5,6.4,0.0,0.0,0.0,0.0,3,17.4,33.8,355,Overcast,1,1,
82920,2021-11-08 00:23:00,40.84915,-73.917336,1,0,Driver Inattention/Distraction,4475209,16.5,6.4,0.0,0.0,0.0,0.0,3,17.4,33.8,355,Overcast,1,1,
82921,2021-11-08 19:50:00,40.721897,-73.97928,0,0,Other Vehicular,4475485,16.5,6.4,0.0,0.0,0.0,0.0,3,17.4,33.8,355,Overcast,0,0,
82922,2021-11-08 12:45:00,40.6764,-73.741325,1,0,Unspecified,4475273,16.5,6.4,0.0,0.0,0.0,0.0,3,17.4,33.8,355,Overcast,1,1,
82923,2021-11-08 10:30:00,40.77915,-73.91016,2,0,Driver Inattention/Distraction,4475552,16.5,6.4,0.0,0.0,0.0,0.0,3,17.4,33.8,355,Overcast,2,2,
82924,2021-11-08 06:00:00,40.689228,-73.84248,1,0,Failure to Yield Right-of-Way,4475176,16.5,6.4,0.0,0.0,0.0,0.0,3,17.4,33.8,355,Overcast,1,1,
82925,2021-11-08 01:29:00,40.74668,-73.9745,0,0,Unspecified,4475390,16.5,6.4,0.0,0.0,0.0,0.0,3,17.4,33.8,355,Overcast,0,0,
82926,2021-11-08 21:45:00,40.695053,-73.82381,2,0,Driver Inattention/Distraction,4475596,16.5,6.4,0.0,0.0,0.0,0.0,3,17.4,33.8,355,Overcast,2,2,
82927,2021-11-08 11:01:00,40.846745,-73.84978,0,0,Unspecified,4475533,16.5,6.4,0.0,0.0,0.0,0.0,3,17.4,33.8,355,Overcast,0,0,
82928,2021-11-08 07:30:00,40.66349,-73.87921,0,0,Unspecified,4475315,16.5,6.4,0.0,0.0,0.0,0.0,3,17.4,33.8,355,Overcast,0,0,
82929,2021-11-08 19:59:00,40.58848,-73.991875,0,0,Unsafe Lane Changing,4475893,16.5,6.4,0.0,0.0,0.0,0.0,3,17.4,33.8,355,Overcast,0,0,
82930,2021-11-08 22:15:00,40.759163,-73.77379,0,0,Passing or Lane Usage Improper,4475435,16.5,6.4,0.0,0.0,0.0,0.0,3,17.4,33.8,355,Overcast,0,0,
82931,2021-11-08 13:12:00,40.820545,-73.91452,0,0,Unspecified,4475411,16.5,6.4,0.0,0.0,0.0,0.0,3,17.4,33.8,355,Overcast,0,0,
82932,2021-11-06 20:30:00,40.52128,-74.23946,0,0,Driver Inattention/Distraction,4475867,10.5,3.4,0.0,0.0,0.0,0.0,0,9.5,17.6,61,Clear sky,0,0,Sunny/Clear Conditions
82933,2021-11-08 20:00:00,40.708805,-73.92577,0,0,Failure to Yield Right-of-Way,4475440,16.5,6.4,0.0,0.0,0.0,0.0,3,17.4,33.8,355,Overcast,0,0,
82934,2021-11-08 12:00:00,40.80174,-73.96477,1,0,Driver Inexperience,4475306,16.5,6.4,0.0,0.0,0.0,0.0,3,17.4,33.8,355,Overcast,1,1,
82935,2021-11-08 13:46:00,40.833282,-73.82836,0,0,Unspecified,4476159,16.5,6.4,0.0,0.0,0.0,0.0,3,17.4,33.8,355,Overcast,0,0,
82936,2021-11-08 07:00:00,40.864483,-73.888504,0,0,Alcohol Involvement,4475252,16.5,6.4,0.0,0.0,0.0,0.0,3,17.4,33.8,355,Overcast,0,0,
82937,2021-11-03 12:40:00,40.66889,-73.72903,1,0,Turning Improperly,4475975,10.7,3.8,0.1,0.1,0.0,1.0,51,15.6,30.6,302,Drizzle: Light,1,1,
82938,2021-11-08 00:00:00,40.699436,-73.91229,0,0,Passing Too Closely,4475560,16.5,6.4,0.0,0.0,0.0,0.0,3,17.4,33.8,355,Overcast,0,0,
82939,2021-11-08 17:02:00,40.73911,-73.943,0,0,Unspecified,4475648,16.5,6.4,0.0,0.0,0.0,0.0,3,17.4,33.8,355,Overcast,0,0,
82940,2021-11-08 08:49:00,40.735535,-74.0017,0,0,Failure to Yield Right-of-Way,4475459,16.5,6.4,0.0,0.0,0.0,0.0,3,17.4,33.8,355,Overcast,0,0,
82941,2021-11-08 21:00:00,40.760403,-73.98748,0,0,Unspecified,4475586,16.5,6.4,0.0,0.0,0.0,0.0,3,17.4,33.8,355,Overcast,0,0,
82942,2021-11-08 00:00:00,40.64333,-73.95973,1,0,Unspecified,4475518,16.5,6.4,0.0,0.0,0.0,0.0,3,17.4,33.8,355,Overcast,1,1,
82943,2021-11-08 09:05:00,40.904087,-73.84987,1,0,Failure to Yield Right-of-Way,4475237,16.5,6.4,0.0,0.0,0.0,0.0,3,17.4,33.8,355,Overcast,1,1,
82944,2021-11-08 00:40:00,40.620975,-74.02537,0,0,Reaction to Uninvolved Vehicle,4475151,16.5,6.4,0.0,0.0,0.0,0.0,3,17.4,33.8,355,Overcast,0,0,
82945,2021-11-08 17:48:00,40.685234,-73.92654,3,0,Failure to Yield Right-of-Way,4475395,16.5,6.4,0.0,0.0,0.0,0.0,3,17.4,33.8,355,Overcast,3,3,
82946,2021-11-08 00:10:00,40.769955,-73.836426,0,0,Failure to Yield Right-of-Way,4475371,16.5,6.4,0.0,0.0,0.0,0.0,3,17.4,33.8,355,Overcast,0,0,
82947,2021-11-01 20:15:00,40.663116,-73.915886,1,0,Traffic Control Disregarded,4475936,14.4,8.0,0.0,0.0,0.0,0.0,3,20.7,38.5,278,Overcast,1,1,
82948,2021-11-08 18:50:00,40.77667,-73.96293,0,0,Driver Inexperience,4475818,16.5,6.4,0.0,0.0,0.0,0.0,3,17.4,33.8,355,Overcast,0,0,
82949,2022-04-15 20:42:00,40.81801,-73.96149,0,0,Other Vehicular,4519587,19.2,6.3,0.1,0.1,0.0,1.0,51,26.9,46.1,243,Drizzle: Light,0,0,
82950,2021-11-08 16:20:00,40.613552,-73.98176,0,0,Following Too Closely,4475402,16.5,6.4,0.0,0.0,0.0,0.0,3,17.4,33.8,355,Overcast,0,0,
82951,2021-11-05 13:50:00,40.859985,-73.90409,0,0,Unspecified,4475859,10.7,3.2,0.0,0.0,0.0,0.0,0,14.8,30.2,1,Clear sky,0,0,Sunny/Clear Conditions
82952,2021-10-26 18:45:00,40.67767,-73.9303,1,0,Pedestrian/Bicyclist/Other Pedestrian Error/Confusion,4476065,16.9,13.8,84.5,84.5,0.0,17.0,65,28.7,53.6,87,Rain: Heavy,1,1,
82953,2021-11-08 18:00:00,40.592857,-73.77531,3,0,Following Too Closely,4475547,16.5,6.4,0.0,0.0,0.0,0.0,3,17.4,33.8,355,Overcast,3,3,
82954,2021-11-08 07:15:00,40.670197,-73.9954,0,0,Driver Inattention/Distraction,4475296,16.5,6.4,0.0,0.0,0.0,0.0,3,17.4,33.8,355,Overcast,0,0,
82955,2021-11-08 15:00:00,40.722523,-73.88456,1,0,Following Too Closely,4475581,16.5,6.4,0.0,0.0,0.0,0.0,3,17.4,33.8,355,Overcast,1,1,
82956,2021-11-05 11:49:00,40.676693,-73.917404,1,0,Driver Inattention/Distraction,4475988,10.7,3.2,0.0,0.0,0.0,0.0,0,14.8,30.2,1,Clear sky,1,1,Sunny/Clear Conditions
82957,2021-11-08 11:27:00,40.75474,-73.9417,1,0,Backing Unsafely,4475541,16.5,6.4,0.0,0.0,0.0,0.0,3,17.4,33.8,355,Overcast,1,1,
82958,2021-11-08 17:00:00,40.64254,-73.87652,2,0,Following Too Closely,4475361,16.5,6.4,0.0,0.0,0.0,0.0,3,17.4,33.8,355,Overcast,2,2,
82959,2021-11-08 13:10:00,40.748707,-73.98518,0,0,Unspecified,4475668,16.5,6.4,0.0,0.0,0.0,0.0,3,17.4,33.8,355,Overcast,0,0,
82960,2021-11-08 06:28:00,40.829422,-73.9319,0,0,Following Too Closely,4475625,16.5,6.4,0.0,0.0,0.0,0.0,3,17.4,33.8,355,Overcast,0,0,
82961,2021-11-08 01:00:00,40.764305,-73.983154,1,0,Unspecified,4475221,16.5,6.4,0.0,0.0,0.0,0.0,3,17.4,33.8,355,Overcast,1,1,
82962,2021-11-07 02:36:00,40.730946,-73.84859,0,0,Alcohol Involvement,4476016,12.1,2.6,0.0,0.0,0.0,0.0,3,10.0,20.5,358,Overcast,0,0,
82963,2021-11-08 20:01:00,40.64644,-73.91289,0,0,Failure to Yield Right-of-Way,4475840,16.5,6.4,0.0,0.0,0.0,0.0,3,17.4,33.8,355,Overcast,0,0,
82964,2021-11-08 16:55:00,40.596172,-73.9488,0,0,Unspecified,4475445,16.5,6.4,0.0,0.0,0.0,0.0,3,17.4,33.8,355,Overcast,0,0,
82965,2021-11-07 14:00:00,40.690346,-73.9603,0,0,Unspecified,4475920,12.1,2.6,0.0,0.0,0.0,0.0,3,10.0,20.5,358,Overcast,0,0,
82966,2021-11-05 08:50:00,40.856464,-73.86946,0,0,Reaction to Uninvolved Vehicle,4475924,10.7,3.2,0.0,0.0,0.0,0.0,0,14.8,30.2,1,Clear sky,0,0,Sunny/Clear Conditions
82967,2021-11-08 02:06:00,40.620304,-74.00743,1,0,Traffic Control Disregarded,4475064,16.5,6.4,0.0,0.0,0.0,0.0,3,17.4,33.8,355,Overcast,1,1,
82968,2021-11-06 22:38:00,40.71384,-73.99273,0,0,Unspecified,4476083,10.5,3.4,0.0,0.0,0.0,0.0,0,9.5,17.6,61,Clear sky,0,0,Sunny/Clear Conditions
82969,2021-11-08 08:10:00,40.71592,-73.986595,0,0,Driver Inattention/Distraction,4475480,16.5,6.4,0.0,0.0,0.0,0.0,3,17.4,33.8,355,Overcast,0,0,
82970,2021-11-08 07:16:00,40.862885,-73.89224,0,0,Other Vehicular,4475511,16.5,6.4,0.0,0.0,0.0,0.0,3,17.4,33.8,355,Overcast,0,0,
82971,2021-10-04 20:00:00,40.83937,-73.941536,0,0,Driver Inattention/Distraction,4475999,20.6,16.4,21.8,21.8,0.0,17.0,63,20.8,42.8,61,Rain: Moderate,0,0,
82972,2021-11-08 07:00:00,40.649776,-73.949745,0,0,Unspecified,4475679,16.5,6.4,0.0,0.0,0.0,0.0,3,17.4,33.8,355,Overcast,0,0,
82973,2021-11-08 20:40:00,40.61334,-74.01109,0,0,Alcohol Involvement,4475427,16.5,6.4,0.0,0.0,0.0,0.0,3,17.4,33.8,355,Overcast,0,0,
82974,2021-10-28 15:30:00,40.616726,-74.01833,0,0,Unspecified,4476052,15.2,7.9,0.0,0.0,0.0,0.0,3,19.1,34.6,28,Overcast,0,0,
82975,2021-11-08 10:25:00,40.644913,-73.97443,0,0,Unspecified,4475503,16.5,6.4,0.0,0.0,0.0,0.0,3,17.4,33.8,355,Overcast,0,0,