,CRASH DATETIME,LATITUDE,LONGITUDE,NUMBER OF PERSONS INJURED,NUMBER OF PERSONS KILLED,CONTRIBUTING FACTOR VEHICLE 1,COLLISION_ID,temperature_2m_max,temperature_2m_min,precipitation_sum,rain_sum,snowfall_sum,precipitation_hours,weather_code,wind_speed_10m_max,wind_gusts_10m_max,wind_direction_10m_dominant,Weather Description,Severity_Score,Total_Affected_Persons,Weather_Category
82976,2021-11-08 00:10:00,40.843163,-73.93825,2,0,Driver Inattention/Distraction,4475351,16.5,6.4,0.0,0.0,0.0,0.0,3,17.4,33.8,355,Overcast,2,2,
82977,2021-11-08 07:23:00,40.61431,-73.94729,1,0,Reaction to Uninvolved Vehicle,4475199,16.5,6.4,0.0,0.0,0.0,0.0,3,17.4,33.8,355,Overcast,1,1,
82978,2021-11-08 07:17:00,40.692623,-73.923676,1,0,Traffic Control Disregarded,4475572,16.5,6.4,0.0,0.0,0.0,0.0,3,17.4,33.8,355,Overcast,1,1,
82979,2021-11-08 13:24:00,40.85266,-73.88991,1,0,Reaction to Uninvolved Vehicle,4475703,16.5,6.4,0.0,0.0,0.0,0.0,3,17.4,33.8,355,Overcast,1,1,
82980,2021-11-08 20:40:00,40.728024,-73.74764,0,0,Driver Inattention/Distraction,4475386,16.5,6.4,0.0,0.0,0.0,0.0,3,17.4,33.8,355,Overcast,0,0,
82981,2021-11-08 16:33:00,40.657864,-73.766075,3,0,Driver Inattention/Distraction,4475377,16.5,6.4,0.0,0.0,0.0,0.0,3,17.4,33.8,355,Overcast,3,3,
82982,2021-11-08 15:11:00,40.884735,-73.84045,0,0,Turning Improperly,4475608,16.5,6.4,0.0,0.0,0.0,0.0,3,17.4,33.8,355,Overcast,0,0,
82983,2021-11-06 23:06:00,40.67887,-73.92165,0,0,Unspecified,4476031,10.5,3.4,0.0,0.0,0.0,0.0,0,9.5,17.6,61,Clear sky,0,0,Sunny/Clear Conditions
82984,2021-11-08 15:11:00,40.878395,-73.91811,0,0,Driver Inattention/Distraction,4475416,16.5,6.4,0.0,0.0,0.0,0.0,3,17.4,33.8,355,Overcast,0,0,
82985,2021-11-08 16:10:00,40.793594,-73.9474,0,0,Driver Inattention/Distraction,4475453,16.5,6.4,0.0,0.0,0.0,0.0,3,17.4,33.8,355,Overcast,0,0,
82986,2021-11-08 05:00:00,40.873936,-73.895386,0,0,,4475404,16.5,6.4,0.0,0.0,0.0,0.0,3,17.4,33.8,355,Overcast,0,0,
82987,2021-10-29 16:00:00,40.87266,-73.88425,0,0,Driver Inattention/Distraction,4475862,13.8,8.3,9.3,9.3,0.0,5.0,63,40.9,73.8,78,Rain: Moderate,0,0,
82988,2021-10-29 15:37:00,40.637962,-74.01058,0,0,Unspecified,4475873,13.8,8.3,9.3,9.3,0.0,5.0,63,40.9,73.8,78,Rain: Moderate,0,0,
82989,2021-08-23 17:00:00,40.819855,-73.906395,0,0,Unspecified,4475894,28.7,22.0,36.1,36.1,0.0,19.0,65,27.4,49.3,230,Rain: Heavy,0,0,
82990,2021-11-08 23:27:00,40.67769,-73.82884,1,0,Unsafe Speed,4475436,16.5,6.4,0.0,0.0,0.0,0.0,3,17.4,33.8,355,Overcast,1,1,
82991,2021-12-12 20:40:00,40.670166,-73.936554,0,0,Following Too Closely,4485820,13.0,3.4,0.5,0.5,0.0,1.0,53,32.4,62.6,284,Drizzle: Moderate,0,0,
82992,2021-08-10 02:45:00,40.715553,-73.82617,0,0,Driver Inexperience,4445777,27.3,20.4,3.8,3.8,0.0,11.0,61,18.0,36.0,170,Rain: Light,0,0,
82993,2021-08-25 14:38:00,40.726067,-73.9089,0,0,Driver Inattention/Distraction,4450541,31.2,20.1,0.0,0.0,0.0,0.0,3,10.2,18.7,277,Overcast,0,0,
82994,2021-08-29 15:30:00,40.885647,-73.84402,1,0,Driver Inattention/Distraction,4453146,24.5,19.7,2.5,2.5,0.0,9.0,53,13.6,25.6,98,Drizzle: Moderate,1,1,
82995,2021-09-03 00:00:00,40.84034,-73.88186,1,0,Backing Unsafely,4454182,21.9,14.0,0.0,0.0,0.0,0.0,3,14.5,30.2,321,Overcast,1,1,
82996,2021-05-17 18:00:00,40.7656,-73.87897,0,0,Unspecified,4454192,22.9,9.7,0.0,0.0,0.0,0.0,3,17.7,36.0,224,Overcast,0,0,
82997,2021-09-02 17:23:00,40.8617,-73.89139,1,0,Passing Too Closely,4454177,24.5,15.0,24.6,24.6,0.0,5.0,65,43.0,83.5,344,Rain: Heavy,1,1,
82998,2021-09-03 20:17:00,40.85252,-73.90002,1,0,Driver Inattention/Distraction,4454204,21.9,14.0,0.0,0.0,0.0,0.0,3,14.5,30.2,321,Overcast,1,1,
82999,2021-08-10 10:30:00,40.695778,-73.803535,0,0,Turning Improperly,4454189,27.3,20.4,3.8,3.8,0.0,11.0,61,18.0,36.0,170,Rain: Light,0,0,
83000,2021-09-02 22:00:00,40.74906,-73.89082,0,0,Backing Unsafely,4454193,24.5,15.0,24.6,24.6,0.0,5.0,65,43.0,83.5,344,Rain: Heavy,0,0,
83001,2021-09-02 23:51:00,40.770134,-73.95939,0,0,Unspecified,4454184,24.5,15.0,24.6,24.6,0.0,5.0,65,43.0,83.5,344,Rain: Heavy,0,0,
83002,2021-09-03 16:44:00,40.850735,-73.902824,0,0,Failure to Yield Right-of-Way,4454212,21.9,14.0,0.0,0.0,0.0,0.0,3,14.5,30.2,321,Overcast,0,0,
83003,2021-08-29 06:00:00,40.771374,-73.877144,0,0,Unsafe Speed,4454194,24.5,19.7,2.5,2.5,0.0,9.0,53,13.6,25.6,98,Drizzle: Moderate,0,0,
83004,2021-09-02 16:37:00,40.85673,-73.90279,0,0,Unspecified,4454210,24.5,15.0,24.6,24.6,0.0,5.0,65,43.0,83.5,344,Rain: Heavy,0,0,
83005,2021-08-28 22:49:00,40.76577,-73.919,1,0,Unspecified,4454188,26.2,20.2,3.9,3.9,0.0,18.0,53,23.5,45.0,65,Drizzle: Moderate,1,1,
83006,2021-12-12 08:30:00,40.649513,-73.93984,0,0,Driver Inattention/Distraction,4485798,13.0,3.4,0.5,0.5,0.0,1.0,53,32.4,62.6,284,Drizzle: Moderate,0,0,
83007,2021-12-12 23:20:00,40.732315,-74.00052,0,0,Passing or Lane Usage Improper,4486220,13.0,3.4,0.5,0.5,0.0,1.0,53,32.4,62.6,284,Drizzle: Moderate,0,0,
83008,2021-12-11 10:33:00,40.6864,-73.9685,1,0,Traffic Control Disregarded,4486541,17.3,5.0,8.1,8.1,0.0,5.0,63,35.0,67.0,206,Rain: Moderate,1,1,
83009,2021-12-12 19:20:00,40.668056,-73.81777,0,0,Passing or Lane Usage Improper,4485869,13.0,3.4,0.5,0.5,0.0,1.0,53,32.4,62.6,284,Drizzle: Moderate,0,0,
83010,2021-12-12 23:50:00,40.73937,-73.79189,1,0,Driver Inattention/Distraction,4485918,13.0,3.4,0.5,0.5,0.0,1.0,53,32.4,62.6,284,Drizzle: Moderate,1,1,
83011,2021-12-11 15:24:00,40.696873,-73.89787,0,0,Backing Unsafely,4486479,17.3,5.0,8.1,8.1,0.0,5.0,63,35.0,67.0,206,Rain: Moderate,0,0,
83012,2021-11-23 06:24:00,40.838646,-73.85952,1,0,Unspecified,4486422,5.4,-0.4,0.3,0.0,0.21,2.0,71,27.8,52.9,318,Snow fall: Light,1,1,Snowy Conditions
83013,2021-12-12 10:20:00,40.890648,-73.84875,0,0,Turning Improperly,4485970,13.0,3.4,0.5,0.5,0.0,1.0,53,32.4,62.6,284,Drizzle: Moderate,0,0,
83014,2021-12-12 01:45:00,40.67602,-73.81613,0,0,Backing Unsafely,4485848,13.0,3.4,0.5,0.5,0.0,1.0,53,32.4,62.6,284,Drizzle: Moderate,0,0,
83015,2021-12-09 21:30:00,40.606102,-74.07983,2,0,Other Vehicular,4486391,3.6,-2.0,0.1,0.0,0.07,1.0,71,19.2,33.8,295,Snow fall: Light,2,2,Snowy Conditions
83016,2021-08-30 18:13:00,40.716682,-73.99741,1,0,Driver Inattention/Distraction,4453681,28.7,21.7,3.9,3.9,0.0,7.0,63,14.7,33.8,231,Rain: Moderate,1,1,
83017,2021-09-01 11:04:00,40.75224,-73.820854,1,0,Backing Unsafely,4452893,23.2,18.4,121.7,121.7,0.0,18.0,65,43.2,78.5,42,Rain: Heavy,1,1,
83018,2021-08-31 19:16:00,40.6828,-73.90638,0,0,Following Too Closely,4454001,28.5,21.2,0.0,0.0,0.0,0.0,3,15.5,29.9,301,Overcast,0,0,
83019,2021-09-02 14:31:00,40.86507,-73.87185,5,0,Unsafe Speed,4453644,24.5,15.0,24.6,24.6,0.0,5.0,65,43.0,83.5,344,Rain: Heavy,5,5,
83020,2021-09-02 10:17:00,40.850475,-73.915436,1,0,Driver Inattention/Distraction,4453346,24.5,15.0,24.6,24.6,0.0,5.0,65,43.0,83.5,344,Rain: Heavy,1,1,
83021,2021-09-02 04:40:00,40.640373,-73.89702,1,0,Unspecified,4453899,24.5,15.0,24.6,24.6,0.0,5.0,65,43.0,83.5,344,Rain: Heavy,1,1,
83022,2021-09-01 17:46:00,40.668896,-73.99315,0,0,Turning Improperly,4452956,23.2,18.4,121.7,121.7,0.0,18.0,65,43.2,78.5,42,Rain: Heavy,0,0,
83023,2021-09-03 15:24:00,40.833588,-73.91498,1,0,Driver Inexperience,4453460,21.9,14.0,0.0,0.0,0.0,0.0,3,14.5,30.2,321,Overcast,1,1,
83024,2021-09-02 00:00:00,40.84196,-73.915306,0,0,Unspecified,4453328,24.5,15.0,24.6,24.6,0.0,5.0,65,43.0,83.5,344,Rain: Heavy,0,0,
83025,2021-09-03 13:55:00,40.854626,-73.881325,1,0,Driver Inattention/Distraction,4454110,21.9,14.0,0.0,0.0,0.0,0.0,3,14.5,30.2,321,Overcast,1,1,
83026,2021-09-01 18:44:00,40.804344,-73.92158,1,0,Pedestrian/Bicyclist/Other Pedestrian Error/Confusion,4453312,23.2,18.4,121.7,121.7,0.0,18.0,65,43.2,78.5,42,Rain: Heavy,1,1,
83027,2021-09-03 18:00:00,40.71582,-73.80799,1,0,Driver Inattention/Distraction,4453641,21.9,14.0,0.0,0.0,0.0,0.0,3,14.5,30.2,321,Overcast,1,1,
83028,2021-09-03 21:43:00,40.668617,-73.980156,0,0,Driver Inattention/Distraction,4453499,21.9,14.0,0.0,0.0,0.0,0.0,3,14.5,30.2,321,Overcast,0,0,
83029,2021-09-02 23:22:00,40.8188,-73.956024,0,0,Alcohol Involvement,4453449,24.5,15.0,24.6,24.6,0.0,5.0,65,43.0,83.5,344,Rain: Heavy,0,0,
83030,2021-09-01 11:30:00,40.714283,-73.8102,0,0,Failure to Yield Right-of-Way,4453186,23.2,18.4,121.7,121.7,0.0,18.0,65,43.2,78.5,42,Rain: Heavy,0,0,
83031,2021-09-01 00:11:00,40.807056,-73.92208,0,0,Driver Inattention/Distraction,4452611,23.2,18.4,121.7,121.7,0.0,18.0,65,43.2,78.5,42,Rain: Heavy,0,0,
83032,2021-08-31 09:35:00,40.668648,-73.92835,1,0,Failure to Yield Right-of-Way,4453925,28.5,21.2,0.0,0.0,0.0,0.0,3,15.5,29.9,301,Overcast,1,1,
83033,2021-08-28 17:44:00,40.722523,-73.99925,0,0,Unspecified,4453540,26.2,20.2,3.9,3.9,0.0,18.0,53,23.5,45.0,65,Drizzle: Moderate,0,0,
83034,2021-09-03 16:45:00,40.728497,-73.746864,1,0,Driver Inattention/Distraction,4453721,21.9,14.0,0.0,0.0,0.0,0.0,3,14.5,30.2,321,Overcast,1,1,
83035,2021-09-01 23:29:00,40.657757,-74.00411,0,0,Unspecified,4452936,23.2,18.4,121.7,121.7,0.0,18.0,65,43.2,78.5,42,Rain: Heavy,0,0,
83036,2021-08-27 15:10:00,40.86209,-73.89269,0,0,Unspecified,4453462,32.2,23.4,1.4,1.4,0.0,2.0,55,9.4,22.3,299,Drizzle: Dense,0,0,
83037,2021-09-02 14:45:00,40.740646,-73.82812,1,0,Passing Too Closely,4453333,24.5,15.0,24.6,24.6,0.0,5.0,65,43.0,83.5,344,Rain: Heavy,1,1,
83038,2021-08-29 23:45:00,40.64461,-73.9267,2,0,Unspecified,4453389,24.5,19.7,2.5,2.5,0.0,9.0,53,13.6,25.6,98,Drizzle: Moderate,2,2,
83039,2021-09-01 08:30:00,40.702335,-73.95061,2,0,Traffic Control Disregarded,4453084,23.2,18.4,121.7,121.7,0.0,18.0,65,43.2,78.5,42,Rain: Heavy,2,2,
83040,2021-09-02 11:00:00,40.640373,-73.89702,0,0,Unspecified,4453504,24.5,15.0,24.6,24.6,0.0,5.0,65,43.0,83.5,344,Rain: Heavy,0,0,
83041,2021-09-03 03:30:00,40.677654,-73.82866,0,0,Failure to Yield Right-of-Way,4453575,21.9,14.0,0.0,0.0,0.0,0.0,3,14.5,30.2,321,Overcast,0,0,
83042,2021-09-03 21:00:00,40.830826,-73.859146,0,0,Unspecified,4453902,21.9,14.0,0.0,0.0,0.0,0.0,3,14.5,30.2,321,Overcast,0,0,
83043,2021-09-01 19:20:00,40.636074,-73.951096,1,0,Following Too Closely,4452980,23.2,18.4,121.7,121.7,0.0,18.0,65,43.2,78.5,42,Rain: Heavy,1,1,
83044,2021-08-26 13:57:00,40.843777,-73.90947,1,0,Brakes Defective,4453763,31.8,22.8,0.1,0.1,0.0,1.0,51,14.8,29.2,228,Drizzle: Light,1,1,
83045,2021-09-02 00:00:00,40.635235,-74.01698,1,0,Failure to Yield Right-of-Way,4453160,24.5,15.0,24.6,24.6,0.0,5.0,65,43.0,83.5,344,Rain: Heavy,1,1,
83046,2021-09-01 23:15:00,40.66224,-73.877205,0,0,Unsafe Speed,4453245,23.2,18.4,121.7,121.7,0.0,18.0,65,43.2,78.5,42,Rain: Heavy,0,0,
83047,2021-09-02 00:38:00,40.716328,-73.948074,1,0,Other Vehicular,4453282,24.5,15.0,24.6,24.6,0.0,5.0,65,43.0,83.5,344,Rain: Heavy,1,1,
83048,2021-09-01 05:39:00,40.876476,-73.904495,0,0,Unspecified,4453864,23.2,18.4,121.7,121.7,0.0,18.0,65,43.2,78.5,42,Rain: Heavy,0,0,
83049,2021-08-26 20:00:00,40.706818,-73.81704,1,0,Driver Inattention/Distraction,4453430,31.8,22.8,0.1,0.1,0.0,1.0,51,14.8,29.2,228,Drizzle: Light,1,1,
83050,2021-09-01 19:45:00,40.854874,-73.916794,0,0,Unspecified,4452989,23.2,18.4,121.7,121.7,0.0,18.0,65,43.2,78.5,42,Rain: Heavy,0,0,
83051,2021-09-01 15:00:00,40.605923,-74.00404,0,0,Passing or Lane Usage Improper,4453203,23.2,18.4,121.7,121.7,0.0,18.0,65,43.2,78.5,42,Rain: Heavy,0,0,
83052,2021-09-02 00:50:00,40.69832,-73.962265,0,0,Failure to Yield Right-of-Way,4453360,24.5,15.0,24.6,24.6,0.0,5.0,65,43.0,83.5,344,Rain: Heavy,0,0,
83053,2021-09-01 17:29:00,40.704082,-73.81641,1,0,Unspecified,4453421,23.2,18.4,121.7,121.7,0.0,18.0,65,43.2,78.5,42,Rain: Heavy,1,1,
83054,2021-09-03 16:00:00,40.727566,-73.929276,0,0,Traffic Control Disregarded,4453702,21.9,14.0,0.0,0.0,0.0,0.0,3,14.5,30.2,321,Overcast,0,0,
83055,2021-09-02 08:47:00,40.623455,-73.95491,0,0,Unspecified,4453492,24.5,15.0,24.6,24.6,0.0,5.0,65,43.0,83.5,344,Rain: Heavy,0,0,
83056,2021-09-03 12:14:00,40.73367,-73.85766,1,0,Driver Inattention/Distraction,4453619,21.9,14.0,0.0,0.0,0.0,0.0,3,14.5,30.2,321,Overcast,1,1,
83057,2021-09-02 16:00:00,40.624653,-73.99933,0,0,Backing Unsafely,4453234,24.5,15.0,24.6,24.6,0.0,5.0,65,43.0,83.5,344,Rain: Heavy,0,0,
83058,2021-09-03 14:00:00,40.75469,-73.9858,0,0,Unspecified,4453750,21.9,14.0,0.0,0.0,0.0,0.0,3,14.5,30.2,321,Overcast,0,0,
83059,2021-09-03 16:35:00,40.732613,-73.925156,0,0,Driver Inattention/Distraction,4453596,21.9,14.0,0.0,0.0,0.0,0.0,3,14.5,30.2,321,Overcast,0,0,
83060,2021-09-03 17:13:00,40.817173,-73.94607,0,0,Other Vehicular,4454145,21.9,14.0,0.0,0.0,0.0,0.0,3,14.5,30.2,321,Overcast,0,0,
83061,2021-09-01 07:36:00,40.703655,-73.822464,0,0,Unsafe Lane Changing,4452704,23.2,18.4,121.7,121.7,0.0,18.0,65,43.2,78.5,42,Rain: Heavy,0,0,
83062,2021-08-16 17:20:00,40.724136,-73.992615,0,0,Driver Inattention/Distraction,4453366,26.6,19.9,0.0,0.0,0.0,0.0,3,17.7,33.8,121,Overcast,0,0,
83063,2021-09-03 03:27:00,40.509766,-74.234085,0,0,Drugs (illegal),4453365,21.9,14.0,0.0,0.0,0.0,0.0,3,14.5,30.2,321,Overcast,0,0,
83064,2021-09-01 15:15:00,40.685223,-73.988716,0,0,Driver Inattention/Distraction,4452868,23.2,18.4,121.7,121.7,0.0,18.0,65,43.2,78.5,42,Rain: Heavy,0,0,
83065,2021-09-03 17:58:00,40.787018,-73.811584,0,0,Passing or Lane Usage Improper,4453514,21.9,14.0,0.0,0.0,0.0,0.0,3,14.5,30.2,321,Overcast,0,0,
83066,2022-04-15 08:00:00,40.75259,-73.86517,0,0,Driver Inattention/Distraction,4519392,19.2,6.3,0.1,0.1,0.0,1.0,51,26.9,46.1,243,Drizzle: Light,0,0,
83067,2021-09-02 00:51:00,40.730118,-73.86232,1,0,Driver Inattention/Distraction,4453035,24.5,15.0,24.6,24.6,0.0,5.0,65,43.0,83.5,344,Rain: Heavy,1,1,
83068,2021-09-03 19:18:00,40.749348,-73.82585,1,0,Following Too Closely,4453481,21.9,14.0,0.0,0.0,0.0,0.0,3,14.5,30.2,321,Overcast,1,1,
83069,2021-09-01 21:00:00,40.724182,-73.89551,0,0,Driver Inattention/Distraction,4453964,23.2,18.4,121.7,121.7,0.0,18.0,65,43.2,78.5,42,Rain: Heavy,0,0,
83070,2021-09-03 02:10:00,40.68562,-73.96422,0,0,Unspecified,4453828,21.9,14.0,0.0,0.0,0.0,0.0,3,14.5,30.2,321,Overcast,0,0,
83071,2021-08-30 18:00:00,40.705917,-73.79375,0,0,Passing or Lane Usage Improper,4453453,28.7,21.7,3.9,3.9,0.0,7.0,63,14.7,33.8,231,Rain: Moderate,0,0,
83072,2021-08-30 23:55:00,40.696358,-73.93414,2,0,Passing or Lane Usage Improper,4454014,28.7,21.7,3.9,3.9,0.0,7.0,63,14.7,33.8,231,Rain: Moderate,2,2,
83073,2021-09-03 21:00:00,40.565643,-74.10003,0,0,Unspecified,4453793,21.9,14.0,0.0,0.0,0.0,0.0,3,14.5,30.2,321,Overcast,0,0,
83074,2021-08-31 17:55:00,40.757385,-73.91698,0,0,Unspecified,4453871,28.5,21.2,0.0,0.0,0.0,0.0,3,15.5,29.9,301,Overcast,0,0,
83075,2021-09-02 21:56:00,40.842224,-73.87006,0,0,Unspecified,4453321,24.5,15.0,24.6,24.6,0.0,5.0,65,43.0,83.5,344,Rain: Heavy,0,0,
83076,2021-09-02 10:00:00,40.623646,-74.16554,0,0,Backing Unsafely,4453520,24.5,15.0,24.6,24.6,0.0,5.0,65,43.0,83.5,344,Rain: Heavy,0,0,
83077,2021-09-01 15:46:00,40.853706,-73.871864,1,0,Passing or Lane Usage Improper,4453049,23.2,18.4,121.7,121.7,0.0,18.0,65,43.2,78.5,42,Rain: Heavy,1,1,
83078,2021-08-30 20:46:00,40.66733,-73.95353,0,0,Driver Inattention/Distraction,4453737,28.7,21.7,3.9,3.9,0.0,7.0,63,14.7,33.8,231,Rain: Moderate,0,0,
83079,2021-08-30 09:27:00,40.628494,-73.98282,1,0,Unspecified,4454053,28.7,21.7,3.9,3.9,0.0,7.0,63,14.7,33.8,231,Rain: Moderate,1,1,
83080,2021-09-01 08:00:00,40.86341,-73.92314,0,0,Unspecified,4453090,23.2,18.4,121.7,121.7,0.0,18.0,65,43.2,78.5,42,Rain: Heavy,0,0,
83081,2021-09-01 23:19:00,40.710396,-74.00561,1,0,Pavement Slippery,4453385,23.2,18.4,121.7,121.7,0.0,18.0,65,43.2,78.5,42,Rain: Heavy,1,1,
83082,2021-09-02 13:27:00,40.69194,-73.81904,0,0,Aggressive Driving/Road Rage,4453106,24.5,15.0,24.6,24.6,0.0,5.0,65,43.0,83.5,344,Rain: Heavy,0,0,
83083,2021-09-01 07:25:00,40.815403,-73.93992,0,0,Other Vehicular,4452824,23.2,18.4,121.7,121.7,0.0,18.0,65,43.2,78.5,42,Rain: Heavy,0,0,
83084,2021-09-03 18:00:00,40.654022,-73.95221,0,0,Unspecified,4453932,21.9,14.0,0.0,0.0,0.0,0.0,3,14.5,30.2,321,Overcast,0,0,
83085,2021-09-02 22:10:00,40.659668,-73.99518,2,0,Unspecified,4453814,24.5,15.0,24.6,24.6,0.0,5.0,65,43.0,83.5,344,Rain: Heavy,2,2,
83086,2021-09-03 01:28:00,40.694363,-73.756165,0,0,Passing or Lane Usage Improper,4454090,21.9,14.0,0.0,0.0,0.0,0.0,3,14.5,30.2,321,Overcast,0,0,
83087,2021-09-03 05:41:00,40.829002,-73.91557,0,0,Unsafe Speed,4453398,21.9,14.0,0.0,0.0,0.0,0.0,3,14.5,30.2,321,Overcast,0,0,
83088,2021-09-01 04:15:00,40.76295,-73.83196,0,0,Failure to Yield Right-of-Way,4452745,23.2,18.4,121.7,121.7,0.0,18.0,65,43.2,78.5,42,Rain: Heavy,0,0,
83089,2021-09-01 12:15:00,40.659428,-73.88375,0,0,Unsafe Speed,4453259,23.2,18.4,121.7,121.7,0.0,18.0,65,43.2,78.5,42,Rain: Heavy,0,0,
83090,2021-09-01 15:00:00,40.714455,-73.935295,0,0,Passing Too Closely,4453273,23.2,18.4,121.7,121.7,0.0,18.0,65,43.2,78.5,42,Rain: Heavy,0,0,
83091,2021-09-01 18:18:00,40.68161,-73.77221,0,0,Passing Too Closely,4453299,23.2,18.4,121.7,121.7,0.0,18.0,65,43.2,78.5,42,Rain: Heavy,0,0,
83092,2021-09-03 16:50:00,40.70912,-73.92764,4,0,Backing Unsafely,4453554,21.9,14.0,0.0,0.0,0.0,0.0,3,14.5,30.2,321,Overcast,4,4,
83093,2021-09-02 22:30:00,40.67843,-73.74736,0,0,Unspecified,4453417,24.5,15.0,24.6,24.6,0.0,5.0,65,43.0,83.5,344,Rain: Heavy,0,0,
83094,2021-09-01 09:54:00,40.61685,-73.92276,1,0,Driver Inexperience,4452813,23.2,18.4,121.7,121.7,0.0,18.0,65,43.2,78.5,42,Rain: Heavy,1,1,
83095,2021-09-01 10:45:00,40.84519,-73.9112,0,0,Passing or Lane Usage Improper,4452750,23.2,18.4,121.7,121.7,0.0,18.0,65,43.2,78.5,42,Rain: Heavy,0,0,
83096,2021-09-02 12:30:00,40.789783,-73.81419,0,0,Failure to Yield Right-of-Way,4453694,24.5,15.0,24.6,24.6,0.0,5.0,65,43.0,83.5,344,Rain: Heavy,0,0,
83097,2021-09-02 10:54:00,40.64311,-74.016075,1,0,Unspecified,4453216,24.5,15.0,24.6,24.6,0.0,5.0,65,43.0,83.5,344,Rain: Heavy,1,1,
83098,2021-09-03 00:00:00,40.861862,-73.91275,0,0,Unspecified,4453370,21.9,14.0,0.0,0.0,0.0,0.0,3,14.5,30.2,321,Overcast,0,0,
83099,2021-09-01 16:01:00,40.75882,-73.805145,0,0,Unspecified,4452858,23.2,18.4,121.7,121.7,0.0,18.0,65,43.2,78.5,42,Rain: Heavy,0,0,
83100,2021-08-24 08:00:00,40.81651,-73.88987,0,0,Unspecified,4453847,30.6,21.9,0.0,0.0,0.0,0.0,1,13.9,28.1,291,Mainly clear,0,0,Sunny/Clear Conditions
83101,2021-09-01 09:24:00,40.60702,-74.162384,0,0,Backing Unsafely,4452724,23.2,18.4,121.7,121.7,0.0,18.0,65,43.2,78.5,42,Rain: Heavy,0,0,
83102,2021-09-02 09:58:00,40.84554,-73.93278,1,0,Unspecified,4453105,24.5,15.0,24.6,24.6,0.0,5.0,65,43.0,83.5,344,Rain: Heavy,1,1,
83103,2021-09-02 12:30:00,40.71436,-73.766396,0,0,Unsafe Speed,4453839,24.5,15.0,24.6,24.6,0.0,5.0,65,43.0,83.5,344,Rain: Heavy,0,0,
83104,2021-09-03 11:52:00,40.674885,-73.927765,0,0,Driver Inattention/Distraction,4453936,21.9,14.0,0.0,0.0,0.0,0.0,3,14.5,30.2,321,Overcast,0,0,
83105,2021-08-29 17:50:00,40.724697,-73.97842,1,0,Failure to Yield Right-of-Way,4453353,24.5,19.7,2.5,2.5,0.0,9.0,53,13.6,25.6,98,Drizzle: Moderate,1,1,
83106,2021-08-27 16:27:00,40.74906,-73.89082,3,0,Oversized Vehicle,4453485,32.2,23.4,1.4,1.4,0.0,2.0,55,9.4,22.3,299,Drizzle: Dense,3,3,
83107,2021-09-01 21:34:00,40.700836,-73.99495,0,0,Pavement Slippery,4452967,23.2,18.4,121.7,121.7,0.0,18.0,65,43.2,78.5,42,Rain: Heavy,0,0,
83108,2021-09-03 15:20:00,40.709976,-74.004486,0,0,Unspecified,4453580,21.9,14.0,0.0,0.0,0.0,0.0,3,14.5,30.2,321,Overcast,0,0,
83109,2021-09-01 02:00:00,40.640446,-73.92435,0,0,Unspecified,4453626,23.2,18.4,121.7,121.7,0.0,18.0,65,43.2,78.5,42,Rain: Heavy,0,0,
83110,2021-09-03 22:11:00,40.7036,-73.7583,1,0,Traffic Control Disregarded,4454087,21.9,14.0,0.0,0.0,0.0,0.0,3,14.5,30.2,321,Overcast,1,1,
83111,2021-09-02 19:05:00,40.714054,-73.9853,1,0,Driver Inattention/Distraction,4453798,24.5,15.0,24.6,24.6,0.0,5.0,65,43.0,83.5,344,Rain: Heavy,1,1,
83112,2021-09-03 12:20:00,40.77225,-73.9272,1,0,View Obstructed/Limited,4453875,21.9,14.0,0.0,0.0,0.0,0.0,3,14.5,30.2,321,Overcast,1,1,
83113,2021-08-23 17:53:00,40.672527,-73.95026,0,0,Following Too Closely,4453977,28.7,22.0,36.1,36.1,0.0,19.0,65,27.4,49.3,230,Rain: Heavy,0,0,
83114,2021-09-01 19:00:00,40.789375,-73.84376,0,0,Passing or Lane Usage Improper,4453001,23.2,18.4,121.7,121.7,0.0,18.0,65,43.2,78.5,42,Rain: Heavy,0,0,
83115,2021-09-02 09:50:00,40.820435,-73.93623,1,0,Other Vehicular,4453325,24.5,15.0,24.6,24.6,0.0,5.0,65,43.0,83.5,344,Rain: Heavy,1,1,
83116,2021-08-27 17:27:00,40.760704,-73.858246,0,0,Unspecified,4453338,32.2,23.4,1.4,1.4,0.0,2.0,55,9.4,22.3,299,Drizzle: Dense,0,0,
83117,2021-09-02 11:00:00,40.695057,-73.99531,0,0,Driver Inexperience,4453124,24.5,15.0,24.6,24.6,0.0,5.0,65,43.0,83.5,344,Rain: Heavy,0,0,
83118,2021-09-03 16:25:00,40.627193,-74.16047,0,0,Driver Inattention/Distraction,4453524,21.9,14.0,0.0,0.0,0.0,0.0,3,14.5,30.2,321,Overcast,0,0,
83119,2021-08-30 21:25:00,40.70001,-73.830894,1,0,Unspecified,4453441,28.7,21.7,3.9,3.9,0.0,7.0,63,14.7,33.8,231,Rain: Moderate,1,1,
83120,2021-09-02 07:35:00,40.715958,-73.81275,1,0,Failure to Yield Right-of-Way,4453054,24.5,15.0,24.6,24.6,0.0,5.0,65,43.0,83.5,344,Rain: Heavy,1,1,
83121,2021-09-02 01:00:00,40.691895,-73.93384,1,0,Pedestrian/Bicyclist/Other Pedestrian Error/Confusion,4454023,24.5,15.0,24.6,24.6,0.0,5.0,65,43.0,83.5,344,Rain: Heavy,1,1,