,CRASH DATETIME,LATITUDE,LONGITUDE,NUMBER OF PERSONS INJURED,NUMBER OF PERSONS KILLED,CONTRIBUTING FACTOR VEHICLE 1,COLLISION_ID,temperature_2m_max,temperature_2m_min,precipitation_sum,rain_sum,snowfall_sum,precipitation_hours,weather_code,wind_speed_10m_max,wind_gusts_10m_max,wind_direction_10m_dominant,Weather Description,Severity_Score,Total_Affected_Persons,Weather_Category
83122,2021-09-03 23:45:00,40.629707,-73.90486,0,0,Unspecified,4453658,21.9,14.0,0.0,0.0,0.0,0.0,3,14.5,30.2,321,Overcast,0,0,
83123,2021-09-02 09:40:00,40.736237,-73.97724,0,0,Unspecified,4453111,24.5,15.0,24.6,24.6,0.0,5.0,65,43.0,83.5,344,Rain: Heavy,0,0,
83124,2021-09-01 10:30:00,40.846878,-73.920616,1,0,Driver Inattention/Distraction,4452737,23.2,18.4,121.7,121.7,0.0,18.0,65,43.2,78.5,42,Rain: Heavy,1,1,
83125,2021-09-01 20:15:00,40.56444,-74.12676,0,0,Other Electronic Device,4453402,23.2,18.4,121.7,121.7,0.0,18.0,65,43.2,78.5,42,Rain: Heavy,0,0,
83126,2021-09-01 10:53:00,40.73899,-73.89225,1,0,Driver Inattention/Distraction,4452837,23.2,18.4,121.7,121.7,0.0,18.0,65,43.2,78.5,42,Rain: Heavy,1,1,
83127,2021-09-01 14:15:00,40.714836,-73.956696,0,0,Unspecified,4452943,23.2,18.4,121.7,121.7,0.0,18.0,65,43.2,78.5,42,Rain: Heavy,0,0,
83128,2021-09-03 11:29:00,40.808807,-73.9107,0,0,Unspecified,4453607,21.9,14.0,0.0,0.0,0.0,0.0,3,14.5,30.2,321,Overcast,0,0,
83129,2021-09-01 22:00:00,40.67743,-73.87591,0,0,Unspecified,4453255,23.2,18.4,121.7,121.7,0.0,18.0,65,43.2,78.5,42,Rain: Heavy,0,0,
83130,2021-09-03 00:33:00,40.558403,-74.12611,0,0,Driver Inattention/Distraction,4453397,21.9,14.0,0.0,0.0,0.0,0.0,3,14.5,30.2,321,Overcast,0,0,
83131,2021-09-02 15:10:00,40.8072,-73.90637,0,0,Unspecified,4453304,24.5,15.0,24.6,24.6,0.0,5.0,65,43.0,83.5,344,Rain: Heavy,0,0,
83132,2021-09-02 10:40:00,40.65823,-74.00035,0,0,Unspecified,4453048,24.5,15.0,24.6,24.6,0.0,5.0,65,43.0,83.5,344,Rain: Heavy,0,0,
83133,2021-09-01 18:25:00,40.607258,-74.00265,1,0,Unspecified,4453180,23.2,18.4,121.7,121.7,0.0,18.0,65,43.2,78.5,42,Rain: Heavy,1,1,
83134,2021-09-01 12:00:00,0.0,0.0,0,0,Unspecified,4453260,23.2,18.4,121.7,121.7,0.0,18.0,65,43.2,78.5,42,Rain: Heavy,0,0,
83135,2022-01-16 20:05:00,40.5832,-73.97304,0,0,Pavement Slippery,4498827,1.3,-13.5,4.4,0.7,2.59,4.0,75,28.1,47.2,36,Snow fall: Heavy,0,0,Snowy Conditions
83136,2021-09-02 20:00:00,40.666695,-73.767136,1,0,Unspecified,4453221,24.5,15.0,24.6,24.6,0.0,5.0,65,43.0,83.5,344,Rain: Heavy,1,1,
83137,2021-09-01 07:30:00,40.67279,-73.87183,0,0,Unspecified,4452767,23.2,18.4,121.7,121.7,0.0,18.0,65,43.2,78.5,42,Rain: Heavy,0,0,
83138,2021-09-02 20:55:00,40.689976,-73.79955,0,0,Failure to Yield Right-of-Way,4453456,24.5,15.0,24.6,24.6,0.0,5.0,65,43.0,83.5,344,Rain: Heavy,0,0,
83139,2021-09-02 19:00:00,40.854465,-73.86805,0,0,Backing Unsafely,4453473,24.5,15.0,24.6,24.6,0.0,5.0,65,43.0,83.5,344,Rain: Heavy,0,0,
83140,2021-09-01 09:10:00,40.831055,-73.905846,1,0,Other Vehicular,4453076,23.2,18.4,121.7,121.7,0.0,18.0,65,43.2,78.5,42,Rain: Heavy,1,1,
83141,2021-09-01 19:30:00,40.88285,-73.90358,0,0,Unspecified,4453891,23.2,18.4,121.7,121.7,0.0,18.0,65,43.2,78.5,42,Rain: Heavy,0,0,
83142,2021-08-08 12:00:00,40.69897,-73.95702,0,0,Following Too Closely,4453955,22.9,19.4,12.7,12.7,0.0,17.0,63,19.9,36.0,38,Rain: Moderate,0,0,
83143,2021-09-02 08:30:00,40.816532,-73.92822,0,0,Unspecified,4453097,24.5,15.0,24.6,24.6,0.0,5.0,65,43.0,83.5,344,Rain: Heavy,0,0,
83144,2021-09-02 06:45:00,40.71745,-73.98494,0,0,Passing or Lane Usage Improper,4453587,24.5,15.0,24.6,24.6,0.0,5.0,65,43.0,83.5,344,Rain: Heavy,0,0,
83145,2021-09-03 12:21:00,40.66278,-73.88086,0,0,Unspecified,4453424,21.9,14.0,0.0,0.0,0.0,0.0,3,14.5,30.2,321,Overcast,0,0,
83146,2021-09-03 02:00:00,40.787224,-73.95417,0,0,Passing Too Closely,4453300,21.9,14.0,0.0,0.0,0.0,0.0,3,14.5,30.2,321,Overcast,0,0,
83147,2021-08-31 10:00:00,40.727814,-73.99116,0,0,Driver Inattention/Distraction,4453357,28.5,21.2,0.0,0.0,0.0,0.0,3,15.5,29.9,301,Overcast,0,0,
83148,2021-09-03 16:24:00,40.66519,-73.9271,1,0,Driver Inattention/Distraction,4453630,21.9,14.0,0.0,0.0,0.0,0.0,3,14.5,30.2,321,Overcast,1,1,
83149,2021-09-02 01:00:00,40.88471,-73.83131,0,0,Traffic Control Disregarded,4453145,24.5,15.0,24.6,24.6,0.0,5.0,65,43.0,83.5,344,Rain: Heavy,0,0,
83150,2021-09-01 16:47:00,40.718018,-73.99996,0,0,Passing Too Closely,4453682,23.2,18.4,121.7,121.7,0.0,18.0,65,43.2,78.5,42,Rain: Heavy,0,0,
83151,2021-09-02 17:20:00,40.7616,-73.96865,0,0,Driver Inexperience,4453211,24.5,15.0,24.6,24.6,0.0,5.0,65,43.0,83.5,344,Rain: Heavy,0,0,
83152,2021-08-31 08:19:00,40.788315,-73.9765,0,0,Turning Improperly,4453466,28.5,21.2,0.0,0.0,0.0,0.0,3,15.5,29.9,301,Overcast,0,0,
83153,2021-09-01 19:47:00,40.76685,-73.95376,0,0,Driver Inattention/Distraction,4452961,23.2,18.4,121.7,121.7,0.0,18.0,65,43.2,78.5,42,Rain: Heavy,0,0,
83154,2021-09-01 09:05:00,40.639526,-73.97337,0,0,Unspecified,4452991,23.2,18.4,121.7,121.7,0.0,18.0,65,43.2,78.5,42,Rain: Heavy,0,0,
83155,2021-09-01 15:00:00,40.83435,-73.89869,0,0,Unspecified,4453329,23.2,18.4,121.7,121.7,0.0,18.0,65,43.2,78.5,42,Rain: Heavy,0,0,
83156,2021-09-03 14:30:00,40.745827,-73.90111,1,0,Driver Inattention/Distraction,4453564,21.9,14.0,0.0,0.0,0.0,0.0,3,14.5,30.2,321,Overcast,1,1,
83157,2021-07-30 23:05:00,40.658627,-73.908875,0,0,Driver Inattention/Distraction,4453985,27.6,19.1,0.0,0.0,0.0,0.0,1,24.2,45.7,310,Mainly clear,0,0,Sunny/Clear Conditions
83158,2021-09-01 22:47:00,40.62917,-73.940475,0,0,Driver Inattention/Distraction,4452925,23.2,18.4,121.7,121.7,0.0,18.0,65,43.2,78.5,42,Rain: Heavy,0,0,
83159,2021-09-01 05:04:00,40.813732,-73.94487,1,0,Pedestrian/Bicyclist/Other Pedestrian Error/Confusion,4453334,23.2,18.4,121.7,121.7,0.0,18.0,65,43.2,78.5,42,Rain: Heavy,1,1,
83160,2021-09-02 14:00:00,40.738857,-73.82488,0,0,Unspecified,4454028,24.5,15.0,24.6,24.6,0.0,5.0,65,43.0,83.5,344,Rain: Heavy,0,0,
83161,2021-08-25 21:00:00,40.843822,-73.9275,0,0,Following Too Closely,4453461,31.2,20.1,0.0,0.0,0.0,0.0,3,10.2,18.7,277,Overcast,0,0,
83162,2021-09-03 20:50:00,40.715706,-73.81023,0,0,Following Too Closely,4453601,21.9,14.0,0.0,0.0,0.0,0.0,3,14.5,30.2,321,Overcast,0,0,
83163,2021-08-28 09:39:00,40.884026,-73.869286,1,0,Driver Inattention/Distraction,4453907,26.2,20.2,3.9,3.9,0.0,18.0,53,23.5,45.0,65,Drizzle: Moderate,1,1,
83164,2021-08-28 03:23:00,40.821354,-73.86318,0,0,Driver Inattention/Distraction,4453378,26.2,20.2,3.9,3.9,0.0,18.0,53,23.5,45.0,65,Drizzle: Moderate,0,0,
83165,2021-09-03 05:00:00,40.669476,-73.919975,0,0,Failure to Yield Right-of-Way,4453772,21.9,14.0,0.0,0.0,0.0,0.0,3,14.5,30.2,321,Overcast,0,0,
83166,2021-08-31 00:00:00,40.84543,-73.91399,2,0,Driver Inattention/Distraction,4453650,28.5,21.2,0.0,0.0,0.0,0.0,3,15.5,29.9,301,Overcast,2,2,
83167,2021-09-03 16:05:00,40.734318,-73.95642,0,0,Driver Inattention/Distraction,4453780,21.9,14.0,0.0,0.0,0.0,0.0,3,14.5,30.2,321,Overcast,0,0,
83168,2021-09-02 18:15:00,40.826298,-73.85742,0,0,Driver Inattention/Distraction,4453264,24.5,15.0,24.6,24.6,0.0,5.0,65,43.0,83.5,344,Rain: Heavy,0,0,
83169,2021-09-03 13:41:00,40.767117,-73.956505,0,0,Passing or Lane Usage Improper,4454170,21.9,14.0,0.0,0.0,0.0,0.0,3,14.5,30.2,321,Overcast,0,0,
83170,2021-09-01 14:30:00,40.758106,-73.85721,0,0,Driver Inattention/Distraction,4453017,23.2,18.4,121.7,121.7,0.0,18.0,65,43.2,78.5,42,Rain: Heavy,0,0,
83171,2021-09-02 08:30:00,40.82657,-73.944824,0,0,Unspecified,4453377,24.5,15.0,24.6,24.6,0.0,5.0,65,43.0,83.5,344,Rain: Heavy,0,0,
83172,2021-09-01 14:55:00,40.7266,-73.93066,1,0,Passing Too Closely,4452937,23.2,18.4,121.7,121.7,0.0,18.0,65,43.2,78.5,42,Rain: Heavy,1,1,
83173,2021-09-02 07:15:00,40.74855,-73.89582,1,0,Traffic Control Device Improper/Non-Working,4453018,24.5,15.0,24.6,24.6,0.0,5.0,65,43.0,83.5,344,Rain: Heavy,1,1,
83174,2021-09-03 08:00:00,40.657257,-73.91229,0,0,Unspecified,4453711,21.9,14.0,0.0,0.0,0.0,0.0,3,14.5,30.2,321,Overcast,0,0,
83175,2021-08-26 05:40:00,40.834034,-73.91676,0,0,Unspecified,4453392,31.8,22.8,0.1,0.1,0.0,1.0,51,14.8,29.2,228,Drizzle: Light,0,0,
83176,2021-09-02 01:00:00,40.587902,-73.98954,0,0,Unspecified,4453198,24.5,15.0,24.6,24.6,0.0,5.0,65,43.0,83.5,344,Rain: Heavy,0,0,
83177,2021-09-03 13:20:00,40.840286,-73.92147,0,0,Driver Inattention/Distraction,4453409,21.9,14.0,0.0,0.0,0.0,0.0,3,14.5,30.2,321,Overcast,0,0,
83178,2021-09-01 01:30:00,40.818504,-73.91448,0,0,Unsafe Speed,4452613,23.2,18.4,121.7,121.7,0.0,18.0,65,43.2,78.5,42,Rain: Heavy,0,0,
83179,2021-09-02 11:07:00,40.643986,-74.01149,1,0,Unspecified,4453226,24.5,15.0,24.6,24.6,0.0,5.0,65,43.0,83.5,344,Rain: Heavy,1,1,
83180,2021-09-03 11:05:00,40.84023,-73.880104,0,0,Driver Inattention/Distraction,4454121,21.9,14.0,0.0,0.0,0.0,0.0,3,14.5,30.2,321,Overcast,0,0,
83181,2021-09-02 16:00:00,40.730972,-73.92204,0,0,Failure to Yield Right-of-Way,4453488,24.5,15.0,24.6,24.6,0.0,5.0,65,43.0,83.5,344,Rain: Heavy,0,0,
83182,2021-09-02 00:00:00,40.66975,-73.91037,1,0,Driver Inattention/Distraction,4453508,24.5,15.0,24.6,24.6,0.0,5.0,65,43.0,83.5,344,Rain: Heavy,1,1,
83183,2021-09-02 21:30:00,40.676105,-73.970436,1,0,Passing Too Closely,4453288,24.5,15.0,24.6,24.6,0.0,5.0,65,43.0,83.5,344,Rain: Heavy,1,1,
83184,2021-09-01 06:57:00,40.688564,-73.93019,1,0,Traffic Control Disregarded,4452908,23.2,18.4,121.7,121.7,0.0,18.0,65,43.2,78.5,42,Rain: Heavy,1,1,
83185,2021-09-01 14:15:00,40.836052,-73.83345,1,0,Unspecified,4453139,23.2,18.4,121.7,121.7,0.0,18.0,65,43.2,78.5,42,Rain: Heavy,1,1,
83186,2021-09-02 16:40:00,40.703934,-73.959854,0,0,Driver Inattention/Distraction,4453281,24.5,15.0,24.6,24.6,0.0,5.0,65,43.0,83.5,344,Rain: Heavy,0,0,
83187,2021-09-02 15:54:00,40.835873,-73.8699,0,0,Following Too Closely,4453263,24.5,15.0,24.6,24.6,0.0,5.0,65,43.0,83.5,344,Rain: Heavy,0,0,
83188,2021-09-02 09:00:00,40.736267,-73.772865,1,0,Failure to Yield Right-of-Way,4453185,24.5,15.0,24.6,24.6,0.0,5.0,65,43.0,83.5,344,Rain: Heavy,1,1,
83189,2021-09-01 02:13:00,40.720306,-73.944305,0,0,Alcohol Involvement,4452677,23.2,18.4,121.7,121.7,0.0,18.0,65,43.2,78.5,42,Rain: Heavy,0,0,
83190,2021-09-02 14:44:00,40.744377,-73.97495,1,0,Driver Inattention/Distraction,4453205,24.5,15.0,24.6,24.6,0.0,5.0,65,43.0,83.5,344,Rain: Heavy,1,1,
83191,2021-09-01 06:45:00,40.690434,-73.78941,0,0,Passing or Lane Usage Improper,4452877,23.2,18.4,121.7,121.7,0.0,18.0,65,43.2,78.5,42,Rain: Heavy,0,0,
83192,2021-09-02 09:00:00,40.668724,-73.81082,0,0,Driver Inattention/Distraction,4453361,24.5,15.0,24.6,24.6,0.0,5.0,65,43.0,83.5,344,Rain: Heavy,0,0,
83193,2021-09-01 15:25:00,40.85005,-73.91606,4,0,Tire Failure/Inadequate,4452985,23.2,18.4,121.7,121.7,0.0,18.0,65,43.2,78.5,42,Rain: Heavy,4,4,
83194,2021-09-03 09:30:00,40.650635,-73.9633,0,0,Driver Inexperience,4453493,21.9,14.0,0.0,0.0,0.0,0.0,3,14.5,30.2,321,Overcast,0,0,
83195,2021-09-02 13:00:00,40.716824,-73.82019,0,0,Reaction to Uninvolved Vehicle,4453420,24.5,15.0,24.6,24.6,0.0,5.0,65,43.0,83.5,344,Rain: Heavy,0,0,
83196,2021-09-02 14:22:00,40.679733,-73.97432,1,0,Pedestrian/Bicyclist/Other Pedestrian Error/Confusion,4453237,24.5,15.0,24.6,24.6,0.0,5.0,65,43.0,83.5,344,Rain: Heavy,1,1,
83197,2021-09-03 17:00:00,40.682655,-73.910034,1,0,Driver Inattention/Distraction,4453510,21.9,14.0,0.0,0.0,0.0,0.0,3,14.5,30.2,321,Overcast,1,1,
83198,2021-08-27 16:45:00,40.60998,-74.12017,0,0,Pavement Slippery,4453528,32.2,23.4,1.4,1.4,0.0,2.0,55,9.4,22.3,299,Drizzle: Dense,0,0,
83199,2021-08-30 05:06:00,40.712788,-73.878654,0,0,Unspecified,4453960,28.7,21.7,3.9,3.9,0.0,7.0,63,14.7,33.8,231,Rain: Moderate,0,0,
83200,2021-09-02 00:00:00,40.707077,-73.954025,1,0,Following Too Closely,4452930,24.5,15.0,24.6,24.6,0.0,5.0,65,43.0,83.5,344,Rain: Heavy,1,1,
83201,2021-09-01 16:58:00,40.616413,-74.103516,0,0,Unspecified,4453132,23.2,18.4,121.7,121.7,0.0,18.0,65,43.2,78.5,42,Rain: Heavy,0,0,
83202,2021-09-02 04:30:00,40.814144,-73.95571,0,0,Unspecified,4453900,24.5,15.0,24.6,24.6,0.0,5.0,65,43.0,83.5,344,Rain: Heavy,0,0,
83203,2021-08-30 17:36:00,40.709305,-73.84369,1,0,Driver Inattention/Distraction,4454008,28.7,21.7,3.9,3.9,0.0,7.0,63,14.7,33.8,231,Rain: Moderate,1,1,
83204,2021-09-01 16:15:00,40.723175,-73.98823,0,0,Unspecified,4453362,23.2,18.4,121.7,121.7,0.0,18.0,65,43.2,78.5,42,Rain: Heavy,0,0,
83205,2021-09-02 02:00:00,40.72784,-73.83284,0,0,Driver Inattention/Distraction,4453167,24.5,15.0,24.6,24.6,0.0,5.0,65,43.0,83.5,344,Rain: Heavy,0,0,
83206,2021-09-02 00:00:00,40.856045,-73.90079,0,0,Alcohol Involvement,4453347,24.5,15.0,24.6,24.6,0.0,5.0,65,43.0,83.5,344,Rain: Heavy,0,0,
83207,2021-09-01 08:45:00,40.591385,-73.95967,0,0,Unspecified,4452957,23.2,18.4,121.7,121.7,0.0,18.0,65,43.2,78.5,42,Rain: Heavy,0,0,
83208,2021-09-03 05:30:00,40.627983,-73.92493,0,0,Failure to Yield Right-of-Way,4453825,21.9,14.0,0.0,0.0,0.0,0.0,3,14.5,30.2,321,Overcast,0,0,
83209,2021-08-30 06:30:00,40.719105,-73.9072,0,0,Unspecified,4453965,28.7,21.7,3.9,3.9,0.0,7.0,63,14.7,33.8,231,Rain: Moderate,0,0,
83210,2021-09-02 14:45:00,40.64077,-73.90913,0,0,Driver Inattention/Distraction,4453313,24.5,15.0,24.6,24.6,0.0,5.0,65,43.0,83.5,344,Rain: Heavy,0,0,
83211,2021-09-03 10:25:00,40.635933,-74.07585,0,0,Driver Inattention/Distraction,4453869,21.9,14.0,0.0,0.0,0.0,0.0,3,14.5,30.2,321,Overcast,0,0,
83212,2021-09-03 18:30:00,40.796997,-73.9347,0,0,Unspecified,4454036,21.9,14.0,0.0,0.0,0.0,0.0,3,14.5,30.2,321,Overcast,0,0,
83213,2021-09-03 12:00:00,40.888588,-73.84233,0,0,Unspecified,4453927,21.9,14.0,0.0,0.0,0.0,0.0,3,14.5,30.2,321,Overcast,0,0,
83214,2021-09-02 20:50:00,40.7064,-73.95036,1,0,Failure to Yield Right-of-Way,4453274,24.5,15.0,24.6,24.6,0.0,5.0,65,43.0,83.5,344,Rain: Heavy,1,1,
83215,2021-09-01 11:45:00,40.65477,-74.00708,2,0,Unspecified,4453220,23.2,18.4,121.7,121.7,0.0,18.0,65,43.2,78.5,42,Rain: Heavy,2,2,
83216,2021-08-30 11:30:00,40.837418,-73.84096,0,0,Unspecified,4454150,28.7,21.7,3.9,3.9,0.0,7.0,63,14.7,33.8,231,Rain: Moderate,0,0,
83217,2021-09-02 23:00:00,40.835945,-73.90756,0,0,Unspecified,4453330,24.5,15.0,24.6,24.6,0.0,5.0,65,43.0,83.5,344,Rain: Heavy,0,0,
83218,2021-09-01 10:58:00,40.597267,-73.998665,0,0,Driver Inattention/Distraction,4452757,23.2,18.4,121.7,121.7,0.0,18.0,65,43.2,78.5,42,Rain: Heavy,0,0,
83219,2021-09-01 03:18:00,40.625546,-73.93998,0,0,Fell Asleep,4452814,23.2,18.4,121.7,121.7,0.0,18.0,65,43.2,78.5,42,Rain: Heavy,0,0,
83220,2021-09-01 21:47:00,40.72206,-74.00309,0,0,Passing Too Closely,4453065,23.2,18.4,121.7,121.7,0.0,18.0,65,43.2,78.5,42,Rain: Heavy,0,0,
83221,2021-08-24 12:30:00,40.67725,-73.92754,0,0,Passing or Lane Usage Improper,4454026,30.6,21.9,0.0,0.0,0.0,0.0,1,13.9,28.1,291,Mainly clear,0,0,Sunny/Clear Conditions
83222,2021-09-03 07:30:00,40.769646,-73.91425,0,0,Reaction to Uninvolved Vehicle,4453550,21.9,14.0,0.0,0.0,0.0,0.0,3,14.5,30.2,321,Overcast,0,0,
83223,2021-09-03 07:30:00,40.681564,-73.96658,1,0,Following Too Closely,4453373,21.9,14.0,0.0,0.0,0.0,0.0,3,14.5,30.2,321,Overcast,1,1,
83224,2021-09-01 18:58:00,40.704712,-73.727425,2,0,Following Too Closely,4452895,23.2,18.4,121.7,121.7,0.0,18.0,65,43.2,78.5,42,Rain: Heavy,2,2,
83225,2021-09-01 21:00:00,40.847897,-73.92499,0,0,Other Vehicular,4453405,23.2,18.4,121.7,121.7,0.0,18.0,65,43.2,78.5,42,Rain: Heavy,0,0,
83226,2021-09-02 00:53:00,40.697536,-73.87106,0,0,Unspecified,4453120,24.5,15.0,24.6,24.6,0.0,5.0,65,43.0,83.5,344,Rain: Heavy,0,0,
83227,2021-09-01 14:20:00,40.65434,-73.94704,0,0,Unspecified,4453388,23.2,18.4,121.7,121.7,0.0,18.0,65,43.2,78.5,42,Rain: Heavy,0,0,
83228,2021-09-03 19:30:00,40.733738,-73.95485,0,0,Passing Too Closely,4453781,21.9,14.0,0.0,0.0,0.0,0.0,3,14.5,30.2,321,Overcast,0,0,
83229,2021-09-02 08:00:00,40.58493,-73.91434,0,0,Following Too Closely,4453645,24.5,15.0,24.6,24.6,0.0,5.0,65,43.0,83.5,344,Rain: Heavy,0,0,
83230,2021-08-29 23:00:00,40.66589,-73.76276,0,0,Driver Inattention/Distraction,4453410,24.5,19.7,2.5,2.5,0.0,9.0,53,13.6,25.6,98,Drizzle: Moderate,0,0,
83231,2021-09-01 15:00:00,40.675625,-73.89879,1,0,Failure to Yield Right-of-Way,4453244,23.2,18.4,121.7,121.7,0.0,18.0,65,43.2,78.5,42,Rain: Heavy,1,1,
83232,2021-09-02 17:30:00,40.689674,-73.96614,0,0,Driver Inattention/Distraction,4453954,24.5,15.0,24.6,24.6,0.0,5.0,65,43.0,83.5,344,Rain: Heavy,0,0,
83233,2021-09-01 11:09:00,40.837585,-73.866394,0,0,Passing Too Closely,4452738,23.2,18.4,121.7,121.7,0.0,18.0,65,43.2,78.5,42,Rain: Heavy,0,0,
83234,2021-09-01 16:03:00,40.832005,-73.90876,0,0,Following Too Closely,4453077,23.2,18.4,121.7,121.7,0.0,18.0,65,43.2,78.5,42,Rain: Heavy,0,0,
83235,2021-08-30 10:25:00,40.68389,-73.93823,0,0,Following Too Closely,4454015,28.7,21.7,3.9,3.9,0.0,7.0,63,14.7,33.8,231,Rain: Moderate,0,0,
83236,2021-08-02 21:50:00,40.884197,-73.91147,0,0,Driver Inattention/Distraction,4453852,26.4,17.2,0.0,0.0,0.0,0.0,3,18.4,37.4,313,Overcast,0,0,
83237,2021-09-01 02:15:00,40.66115,-73.895035,0,0,Unspecified,4452805,23.2,18.4,121.7,121.7,0.0,18.0,65,43.2,78.5,42,Rain: Heavy,0,0,
83238,2021-09-01 13:05:00,40.759308,-73.9653,0,0,Driver Inattention/Distraction,4452942,23.2,18.4,121.7,121.7,0.0,18.0,65,43.2,78.5,42,Rain: Heavy,0,0,
83239,2021-09-02 18:00:00,40.845078,-73.91111,1,0,Passing or Lane Usage Improper,4453448,24.5,15.0,24.6,24.6,0.0,5.0,65,43.0,83.5,344,Rain: Heavy,1,1,
83240,2021-09-03 10:47:00,40.811977,-73.92373,0,0,Unspecified,4454116,21.9,14.0,0.0,0.0,0.0,0.0,3,14.5,30.2,321,Overcast,0,0,
83241,2021-09-03 18:42:00,40.71594,-73.92488,0,0,Driver Inattention/Distraction,4453555,21.9,14.0,0.0,0.0,0.0,0.0,3,14.5,30.2,321,Overcast,0,0,
83242,2021-09-03 14:45:00,40.867027,-73.89111,0,0,Other Vehicular,4453465,21.9,14.0,0.0,0.0,0.0,0.0,3,14.5,30.2,321,Overcast,0,0,
83243,2021-09-02 13:55:00,40.758007,-73.96625,0,0,Driver Inattention/Distraction,4453209,24.5,15.0,24.6,24.6,0.0,5.0,65,43.0,83.5,344,Rain: Heavy,0,0,
83244,2021-09-02 00:00:00,40.8396,-73.929474,0,0,Unsafe Speed,4453125,24.5,15.0,24.6,24.6,0.0,5.0,65,43.0,83.5,344,Rain: Heavy,0,0,
83245,2021-09-02 09:11:00,40.811638,-73.9316,0,0,Driver Inattention/Distraction,4453342,24.5,15.0,24.6,24.6,0.0,5.0,65,43.0,83.5,344,Rain: Heavy,0,0,
83246,2021-09-01 15:15:00,40.90083,-73.905136,0,0,Using On Board Navigation Device,4452887,23.2,18.4,121.7,121.7,0.0,18.0,65,43.2,78.5,42,Rain: Heavy,0,0,
83247,2021-09-03 23:46:00,40.651226,-73.94096,0,0,Alcohol Involvement,4453632,21.9,14.0,0.0,0.0,0.0,0.0,3,14.5,30.2,321,Overcast,0,0,
83248,2021-09-02 07:51:00,40.839447,-73.88384,0,0,Driver Inattention/Distraction,4454126,24.5,15.0,24.6,24.6,0.0,5.0,65,43.0,83.5,344,Rain: Heavy,0,0,
83249,2021-09-03 13:50:00,40.581264,-74.11221,0,0,Failure to Yield Right-of-Way,4453416,21.9,14.0,0.0,0.0,0.0,0.0,3,14.5,30.2,321,Overcast,0,0,
83250,2021-09-02 01:17:00,40.71437,-73.946075,0,0,Turning Improperly,4452949,24.5,15.0,24.6,24.6,0.0,5.0,65,43.0,83.5,344,Rain: Heavy,0,0,
83251,2021-09-02 21:38:00,40.803593,-73.919785,0,0,Other Vehicular,4453308,24.5,15.0,24.6,24.6,0.0,5.0,65,43.0,83.5,344,Rain: Heavy,0,0,
83252,2021-09-03 23:05:00,40.734993,-73.936295,1,0,Driver Inattention/Distraction,4453720,21.9,14.0,0.0,0.0,0.0,0.0,3,14.5,30.2,321,Overcast,1,1,
83253,2021-09-03 00:00:00,40.64404,-73.877525,0,0,Unspecified,4453576,21.9,14.0,0.0,0.0,0.0,0.0,3,14.5,30.2,321,Overcast,0,0,
83254,2021-09-03 08:40:00,40.8164,-73.89126,0,0,View Obstructed/Limited,4453503,21.9,14.0,0.0,0.0,0.0,0.0,3,14.5,30.2,321,Overcast,0,0,
83255,2021-09-03 15:31:00,40.83665,-73.943,0,0,Unspecified,4454056,21.9,14.0,0.0,0.0,0.0,0.0,3,14.5,30.2,321,Overcast,0,0,
83256,2021-09-03 08:25:00,40.86536,-73.87043,0,0,Driver Inattention/Distraction,4453474,21.9,14.0,0.0,0.0,0.0,0.0,3,14.5,30.2,321,Overcast,0,0,
83257,2021-07-26 17:05:00,40.67973,-73.9374,0,0,Alcohol Involvement,4453892,31.4,21.8,0.0,0.0,0.0,0.0,3,13.0,25.6,295,Overcast,0,0,
83258,2021-08-19 16:47:00,40.577213,-73.96329,0,0,Driver Inattention/Distraction,4453762,30.2,23.4,11.8,11.8,0.0,13.0,61,26.3,53.3,223,Rain: Light,0,0,
83259,2021-09-03 10:25:00,40.761276,-73.9668,1,0,Driver Inattention/Distraction,4453534,21.9,14.0,0.0,0.0,0.0,0.0,3,14.5,30.2,321,Overcast,1,1,
83260,2021-08-30 07:50:00,40.635365,-73.92571,1,0,Unspecified,4453820,28.7,21.7,3.9,3.9,0.0,7.0,63,14.7,33.8,231,Rain: Moderate,1,1,
83261,2021-09-03 22:30:00,40.6953,-73.74915,0,0,Driver Inattention/Distraction,4454091,21.9,14.0,0.0,0.0,0.0,0.0,3,14.5,30.2,321,Overcast,0,0,
83262,2021-09-02 00:00:00,40.68286,-73.88447,1,0,Unspecified,4453256,24.5,15.0,24.6,24.6,0.0,5.0,65,43.0,83.5,344,Rain: Heavy,1,1,
83263,2021-09-02 14:30:00,40.87683,-73.86472,1,0,Passing or Lane Usage Improper,4453173,24.5,15.0,24.6,24.6,0.0,5.0,65,43.0,83.5,344,Rain: Heavy,1,1,
83264,2021-09-03 19:50:00,40.66022,-73.95059,0,0,Driver Inattention/Distraction,4453500,21.9,14.0,0.0,0.0,0.0,0.0,3,14.5,30.2,321,Overcast,0,0,
83265,2021-09-02 12:45:00,40.771328,-73.90391,0,0,Unspecified,4453865,24.5,15.0,24.6,24.6,0.0,5.0,65,43.0,83.5,344,Rain: Heavy,0,0,
83266,2021-09-03 21:00:00,40.675682,-73.816,1,0,Failure to Yield Right-of-Way,4453570,21.9,14.0,0.0,0.0,0.0,0.0,3,14.5,30.2,321,Overcast,1,1,