,CRASH DATETIME,LATITUDE,LONGITUDE,NUMBER OF PERSONS INJURED,NUMBER OF PERSONS KILLED,CONTRIBUTING FACTOR VEHICLE 1,COLLISION_ID,temperature_2m_max,temperature_2m_min,precipitation_sum,rain_sum,snowfall_sum,precipitation_hours,weather_code,wind_speed_10m_max,wind_gusts_10m_max,wind_direction_10m_dominant,Weather Description,Severity_Score,Total_Affected_Persons,Weather_Category
83267,2021-09-02 17:39:00,40.764988,-73.96116,0,0,Alcohol Involvement,4453294,24.5,15.0,24.6,24.6,0.0,5.0,65,43.0,83.5,344,Rain: Heavy,0,0,
83268,2021-09-03 09:44:00,40.653675,-73.962746,0,0,Passing Too Closely,4453693,21.9,14.0,0.0,0.0,0.0,0.0,3,14.5,30.2,321,Overcast,0,0,
83269,2021-09-01 15:40:00,40.72405,-73.76114,0,0,Unsafe Speed,4453053,23.2,18.4,121.7,121.7,0.0,18.0,65,43.2,78.5,42,Rain: Heavy,0,0,
83270,2021-09-01 10:15:00,40.872143,-73.818695,0,0,Unspecified,4453620,23.2,18.4,121.7,121.7,0.0,18.0,65,43.2,78.5,42,Rain: Heavy,0,0,
83271,2021-08-29 20:00:00,40.826195,-73.89049,0,0,Passing Too Closely,4453848,24.5,19.7,2.5,2.5,0.0,9.0,53,13.6,25.6,98,Drizzle: Moderate,0,0,
83272,2021-09-02 08:15:00,40.6052,-74.0852,0,0,Unspecified,4453384,24.5,15.0,24.6,24.6,0.0,5.0,65,43.0,83.5,344,Rain: Heavy,0,0,
83273,2021-09-01 02:10:00,40.76281,-73.99317,1,0,Traffic Control Disregarded,4452695,23.2,18.4,121.7,121.7,0.0,18.0,65,43.2,78.5,42,Rain: Heavy,1,1,
83274,2021-09-02 13:55:00,40.741283,-73.994804,0,0,Passing or Lane Usage Improper,4453110,24.5,15.0,24.6,24.6,0.0,5.0,65,43.0,83.5,344,Rain: Heavy,0,0,
83275,2021-08-31 07:00:00,40.72383,-73.98009,0,0,Unspecified,4453369,28.5,21.2,0.0,0.0,0.0,0.0,3,15.5,29.9,301,Overcast,0,0,
83276,2021-09-01 14:10:00,40.75855,-73.82964,1,0,Driver Inexperience,4452859,23.2,18.4,121.7,121.7,0.0,18.0,65,43.2,78.5,42,Rain: Heavy,1,1,
83277,2021-09-02 16:12:00,40.751526,-73.859184,1,0,Driver Inexperience,4453337,24.5,15.0,24.6,24.6,0.0,5.0,65,43.0,83.5,344,Rain: Heavy,1,1,
83278,2021-09-01 23:40:00,40.70159,-73.94875,0,0,View Obstructed/Limited,4453083,23.2,18.4,121.7,121.7,0.0,18.0,65,43.2,78.5,42,Rain: Heavy,0,0,
83279,2021-09-02 11:22:00,40.782734,-73.955345,1,0,Lost Consciousness,4453592,24.5,15.0,24.6,24.6,0.0,5.0,65,43.0,83.5,344,Rain: Heavy,1,1,
83280,2021-09-02 02:42:00,40.831127,-73.91745,0,0,Driver Inexperience,4453030,24.5,15.0,24.6,24.6,0.0,5.0,65,43.0,83.5,344,Rain: Heavy,0,0,
83281,2021-07-21 07:50:00,40.78035,-73.90869,0,0,Backing Unsafely,4454176,27.6,20.9,1.4,1.4,0.0,4.0,53,16.0,31.3,315,Drizzle: Moderate,0,0,
83282,2021-08-31 23:01:00,40.688904,-73.980934,1,0,Unsafe Speed,4453613,28.5,21.2,0.0,0.0,0.0,0.0,3,15.5,29.9,301,Overcast,1,1,
83283,2021-09-02 06:10:00,40.669403,-73.94221,1,0,Driver Inattention/Distraction,4453934,24.5,15.0,24.6,24.6,0.0,5.0,65,43.0,83.5,344,Rain: Heavy,1,1,
83284,2021-09-03 12:30:00,40.778614,-73.83887,1,0,Pedestrian/Bicyclist/Other Pedestrian Error/Confusion,4453401,21.9,14.0,0.0,0.0,0.0,0.0,3,14.5,30.2,321,Overcast,1,1,
83285,2021-09-03 17:34:00,40.82092,-73.94333,1,0,Unspecified,4454137,21.9,14.0,0.0,0.0,0.0,0.0,3,14.5,30.2,321,Overcast,1,1,
83286,2021-09-01 06:31:00,40.670956,-73.91107,2,0,Unsafe Speed,4452966,23.2,18.4,121.7,121.7,0.0,18.0,65,43.2,78.5,42,Rain: Heavy,2,2,
83287,2021-09-02 18:51:00,40.806614,-73.90769,0,0,Other Vehicular,4453307,24.5,15.0,24.6,24.6,0.0,5.0,65,43.0,83.5,344,Rain: Heavy,0,0,
83288,2021-09-02 15:30:00,40.69305,-73.799446,0,0,Unspecified,4453452,24.5,15.0,24.6,24.6,0.0,5.0,65,43.0,83.5,344,Rain: Heavy,0,0,
83289,2021-09-02 18:05:00,40.654068,-74.001,1,0,Unspecified,4453215,24.5,15.0,24.6,24.6,0.0,5.0,65,43.0,83.5,344,Rain: Heavy,1,1,
83290,2021-09-03 14:10:00,40.668873,-73.93268,0,0,Passing or Lane Usage Improper,4453469,21.9,14.0,0.0,0.0,0.0,0.0,3,14.5,30.2,321,Overcast,0,0,
83291,2021-09-01 05:30:00,40.852196,-73.84364,0,0,Unspecified,4453000,23.2,18.4,121.7,121.7,0.0,18.0,65,43.2,78.5,42,Rain: Heavy,0,0,
83292,2021-09-01 15:21:00,40.676403,-73.96287,0,0,Driver Inattention/Distraction,4453175,23.2,18.4,121.7,121.7,0.0,18.0,65,43.2,78.5,42,Rain: Heavy,0,0,
83293,2021-09-02 20:07:00,40.7632,-73.92109,1,0,Driver Inattention/Distraction,4453320,24.5,15.0,24.6,24.6,0.0,5.0,65,43.0,83.5,344,Rain: Heavy,1,1,
83294,2021-09-01 14:30:00,40.736103,-73.90567,0,0,Driver Inattention/Distraction,4452916,23.2,18.4,121.7,121.7,0.0,18.0,65,43.2,78.5,42,Rain: Heavy,0,0,
83295,2021-09-03 11:00:00,40.706673,-74.01591,1,0,Other Vehicular,4453539,21.9,14.0,0.0,0.0,0.0,0.0,3,14.5,30.2,321,Overcast,1,1,
83296,2021-09-03 20:36:00,40.632717,-74.12178,0,0,Unspecified,4453882,21.9,14.0,0.0,0.0,0.0,0.0,3,14.5,30.2,321,Overcast,0,0,
83297,2021-09-01 13:40:00,40.70416,-73.89743,0,0,Following Too Closely,4453121,23.2,18.4,121.7,121.7,0.0,18.0,65,43.2,78.5,42,Rain: Heavy,0,0,
83298,2021-09-03 10:45:00,40.625206,-74.14955,0,0,Driver Inattention/Distraction,4453519,21.9,14.0,0.0,0.0,0.0,0.0,3,14.5,30.2,321,Overcast,0,0,
83299,2021-08-29 06:15:00,40.745785,-73.889336,0,0,Driver Inattention/Distraction,4453734,24.5,19.7,2.5,2.5,0.0,9.0,53,13.6,25.6,98,Drizzle: Moderate,0,0,
83300,2021-09-03 15:20:00,40.577244,-74.00004,0,0,Backing Unsafely,4453766,21.9,14.0,0.0,0.0,0.0,0.0,3,14.5,30.2,321,Overcast,0,0,
83301,2021-09-03 06:45:00,40.699017,-73.80696,0,0,Driver Inattention/Distraction,4453457,21.9,14.0,0.0,0.0,0.0,0.0,3,14.5,30.2,321,Overcast,0,0,
83302,2021-09-03 21:20:00,40.637928,-73.88904,2,0,Unspecified,4453507,21.9,14.0,0.0,0.0,0.0,0.0,3,14.5,30.2,321,Overcast,2,2,
83303,2021-09-02 10:54:00,40.694576,-73.95615,1,1,View Obstructed/Limited,4453656,24.5,15.0,24.6,24.6,0.0,5.0,65,43.0,83.5,344,Rain: Heavy,21,2,
83304,2021-09-03 18:45:00,40.755066,-73.84419,1,0,Unspecified,4453470,21.9,14.0,0.0,0.0,0.0,0.0,3,14.5,30.2,321,Overcast,1,1,
83305,2021-09-03 09:00:00,40.70362,-73.953156,0,0,Driver Inattention/Distraction,4453586,21.9,14.0,0.0,0.0,0.0,0.0,3,14.5,30.2,321,Overcast,0,0,
83306,2021-09-02 01:27:00,40.75484,-73.98412,1,0,,4453753,24.5,15.0,24.6,24.6,0.0,5.0,65,43.0,83.5,344,Rain: Heavy,1,1,
83307,2021-09-03 19:00:00,40.71637,-73.74685,0,0,Unspecified,4453529,21.9,14.0,0.0,0.0,0.0,0.0,3,14.5,30.2,321,Overcast,0,0,
83308,2021-09-02 13:40:00,40.746536,-73.985954,1,0,Failure to Yield Right-of-Way,4453147,24.5,15.0,24.6,24.6,0.0,5.0,65,43.0,83.5,344,Rain: Heavy,1,1,
83309,2021-09-03 14:15:00,40.63511,-74.00738,0,0,Unspecified,4453802,21.9,14.0,0.0,0.0,0.0,0.0,3,14.5,30.2,321,Overcast,0,0,
83310,2021-09-01 18:12:00,40.71415,-73.93174,1,0,Unsafe Lane Changing,4452948,23.2,18.4,121.7,121.7,0.0,18.0,65,43.2,78.5,42,Rain: Heavy,1,1,
83311,2021-09-02 20:30:00,40.652794,-73.946884,1,0,Following Too Closely,4453629,24.5,15.0,24.6,24.6,0.0,5.0,65,43.0,83.5,344,Rain: Heavy,1,1,
83312,2021-09-03 09:56:00,40.68959,-73.84072,0,0,Steering Failure,4453374,21.9,14.0,0.0,0.0,0.0,0.0,3,14.5,30.2,321,Overcast,0,0,
83313,2021-08-25 18:00:00,40.71946,-74.00045,0,0,Passing Too Closely,4453684,31.2,20.1,0.0,0.0,0.0,0.0,3,10.2,18.7,277,Overcast,0,0,
83314,2021-09-03 10:19:00,40.843372,-73.904945,1,0,Traffic Control Disregarded,4453797,21.9,14.0,0.0,0.0,0.0,0.0,3,14.5,30.2,321,Overcast,1,1,
83315,2021-09-03 15:55:00,40.61793,-73.9571,0,0,Driver Inattention/Distraction,4453496,21.9,14.0,0.0,0.0,0.0,0.0,3,14.5,30.2,321,Overcast,0,0,
83316,2021-08-20 22:22:00,40.76782,-73.90851,0,0,Driver Inattention/Distraction,4453861,26.9,22.0,1.1,1.1,0.0,5.0,53,12.4,22.0,310,Drizzle: Moderate,0,0,
83317,2021-09-03 01:45:00,40.630768,-74.142365,0,0,Unspecified,4453701,21.9,14.0,0.0,0.0,0.0,0.0,3,14.5,30.2,321,Overcast,0,0,
83318,2021-08-19 19:44:00,40.684204,-73.85858,1,0,Driver Inattention/Distraction,4453438,30.2,23.4,11.8,11.8,0.0,13.0,61,26.3,53.3,223,Rain: Light,1,1,
83319,2021-09-02 11:00:00,40.756046,-73.81307,0,0,Failure to Yield Right-of-Way,4453088,24.5,15.0,24.6,24.6,0.0,5.0,65,43.0,83.5,344,Rain: Heavy,0,0,
83320,2021-09-02 09:30:00,40.678722,-73.952995,1,0,Failure to Yield Right-of-Way,4453844,24.5,15.0,24.6,24.6,0.0,5.0,65,43.0,83.5,344,Rain: Heavy,1,1,
83321,2021-09-01 02:20:00,0.0,0.0,2,0,Driver Inattention/Distraction,4452720,23.2,18.4,121.7,121.7,0.0,18.0,65,43.2,78.5,42,Rain: Heavy,2,2,
83322,2021-09-01 20:00:00,40.66684,-73.78941,2,0,Failure to Yield Right-of-Way,4453014,23.2,18.4,121.7,121.7,0.0,18.0,65,43.2,78.5,42,Rain: Heavy,2,2,
83323,2021-09-03 23:05:00,40.604095,-74.020355,0,0,Unsafe Lane Changing,4453558,21.9,14.0,0.0,0.0,0.0,0.0,3,14.5,30.2,321,Overcast,0,0,
83324,2021-09-01 13:35:00,40.632717,-73.89138,0,0,Unspecified,4452823,23.2,18.4,121.7,121.7,0.0,18.0,65,43.2,78.5,42,Rain: Heavy,0,0,
83325,2021-09-03 21:45:00,40.883675,-73.86274,0,0,Unspecified,4453928,21.9,14.0,0.0,0.0,0.0,0.0,3,14.5,30.2,321,Overcast,0,0,
83326,2021-09-02 10:15:00,40.85535,-73.91836,1,0,Unsafe Speed,4453352,24.5,15.0,24.6,24.6,0.0,5.0,65,43.0,83.5,344,Rain: Heavy,1,1,
83327,2021-08-27 21:23:00,40.74873,-73.87365,0,0,Unspecified,4453484,32.2,23.4,1.4,1.4,0.0,2.0,55,9.4,22.3,299,Drizzle: Dense,0,0,
83328,2021-09-01 18:00:00,40.75296,-73.873535,1,0,Following Too Closely,4453019,23.2,18.4,121.7,121.7,0.0,18.0,65,43.2,78.5,42,Rain: Heavy,1,1,
83329,2021-09-01 22:39:00,40.698368,-73.953156,0,0,Pavement Slippery,4452907,23.2,18.4,121.7,121.7,0.0,18.0,65,43.2,78.5,42,Rain: Heavy,0,0,
83330,2021-09-01 11:00:00,40.67984,-73.85634,0,0,Unspecified,4453011,23.2,18.4,121.7,121.7,0.0,18.0,65,43.2,78.5,42,Rain: Heavy,0,0,
83331,2021-09-03 00:40:00,40.758377,-73.994385,0,0,Aggressive Driving/Road Rage,4453324,21.9,14.0,0.0,0.0,0.0,0.0,3,14.5,30.2,321,Overcast,0,0,
83332,2021-09-01 21:01:00,40.607254,-73.96728,0,0,Driver Inattention/Distraction,4452960,23.2,18.4,121.7,121.7,0.0,18.0,65,43.2,78.5,42,Rain: Heavy,0,0,
83333,2021-09-02 17:50:00,40.738205,-73.92823,0,0,Unspecified,4453200,24.5,15.0,24.6,24.6,0.0,5.0,65,43.0,83.5,344,Rain: Heavy,0,0,
83334,2021-08-31 16:54:00,40.81339,-73.95627,1,0,Following Too Closely,4453959,28.5,21.2,0.0,0.0,0.0,0.0,3,15.5,29.9,301,Overcast,1,1,
83335,2021-09-01 04:15:00,40.705627,-73.83785,0,0,Unsafe Speed,4452624,23.2,18.4,121.7,121.7,0.0,18.0,65,43.2,78.5,42,Rain: Heavy,0,0,
83336,2021-09-02 23:20:00,40.726967,-73.85647,1,0,Unsafe Speed,4453649,24.5,15.0,24.6,24.6,0.0,5.0,65,43.0,83.5,344,Rain: Heavy,1,1,
83337,2021-08-27 21:30:00,40.764988,-73.96116,0,0,Failure to Yield Right-of-Way,4453341,32.2,23.4,1.4,1.4,0.0,2.0,55,9.4,22.3,299,Drizzle: Dense,0,0,
83338,2021-09-01 08:20:00,40.728474,-73.882614,1,0,Driver Inattention/Distraction,4453137,23.2,18.4,121.7,121.7,0.0,18.0,65,43.2,78.5,42,Rain: Heavy,1,1,
83339,2021-09-02 13:21:00,40.644096,-73.96687,1,0,Unspecified,4453489,24.5,15.0,24.6,24.6,0.0,5.0,65,43.0,83.5,344,Rain: Heavy,1,1,
83340,2021-09-01 19:40:00,40.661354,-73.980576,0,0,Failure to Yield Right-of-Way,4453285,23.2,18.4,121.7,121.7,0.0,18.0,65,43.2,78.5,42,Rain: Heavy,0,0,
83341,2021-08-30 14:08:00,40.62539,-74.135376,0,0,Unspecified,4453523,28.7,21.7,3.9,3.9,0.0,7.0,63,14.7,33.8,231,Rain: Moderate,0,0,
83342,2021-09-02 00:45:00,0.0,0.0,1,0,Driver Inattention/Distraction,4453706,24.5,15.0,24.6,24.6,0.0,5.0,65,43.0,83.5,344,Rain: Heavy,1,1,
83343,2021-09-02 10:49:00,40.8805,-73.922386,0,0,Unspecified,4453906,24.5,15.0,24.6,24.6,0.0,5.0,65,43.0,83.5,344,Rain: Heavy,0,0,
83344,2021-08-27 13:00:00,40.708843,-74.00251,1,0,Other Vehicular,4453547,32.2,23.4,1.4,1.4,0.0,2.0,55,9.4,22.3,299,Drizzle: Dense,1,1,
83345,2021-09-03 23:00:00,40.59987,-74.00839,2,0,Unsafe Speed,4453744,21.9,14.0,0.0,0.0,0.0,0.0,3,14.5,30.2,321,Overcast,2,2,
83346,2021-09-02 15:34:00,40.664444,-73.92111,0,0,Unspecified,4453511,24.5,15.0,24.6,24.6,0.0,5.0,65,43.0,83.5,344,Rain: Heavy,0,0,
83347,2021-09-03 15:18:00,40.893177,-73.83807,0,0,Driver Inattention/Distraction,4453917,21.9,14.0,0.0,0.0,0.0,0.0,3,14.5,30.2,321,Overcast,0,0,
83348,2021-08-29 13:09:00,40.716743,-73.9037,0,0,Following Too Closely,4453961,24.5,19.7,2.5,2.5,0.0,9.0,53,13.6,25.6,98,Drizzle: Moderate,0,0,
83349,2021-09-03 20:50:00,40.67381,-73.88288,1,0,Unspecified,4453579,21.9,14.0,0.0,0.0,0.0,0.0,3,14.5,30.2,321,Overcast,1,1,
83350,2021-09-03 13:48:00,40.74089,-73.92201,1,0,Driver Inattention/Distraction,4453714,21.9,14.0,0.0,0.0,0.0,0.0,3,14.5,30.2,321,Overcast,1,1,
83351,2021-09-01 12:30:00,40.718513,-73.764206,1,0,Unsafe Speed,4453836,23.2,18.4,121.7,121.7,0.0,18.0,65,43.2,78.5,42,Rain: Heavy,1,1,
83352,2021-09-02 00:40:00,40.67308,-73.91124,0,0,Alcohol Involvement,4453269,24.5,15.0,24.6,24.6,0.0,5.0,65,43.0,83.5,344,Rain: Heavy,0,0,
83353,2021-09-02 02:25:00,40.571663,-74.09192,0,0,Unspecified,4453393,24.5,15.0,24.6,24.6,0.0,5.0,65,43.0,83.5,344,Rain: Heavy,0,0,
83354,2021-09-03 13:20:00,40.769993,-73.915825,0,0,Driver Inattention/Distraction,4453874,21.9,14.0,0.0,0.0,0.0,0.0,3,14.5,30.2,321,Overcast,0,0,
83355,2021-09-02 19:00:00,40.864655,-73.813866,0,0,Unspecified,4453623,24.5,15.0,24.6,24.6,0.0,5.0,65,43.0,83.5,344,Rain: Heavy,0,0,
83356,2021-09-02 22:14:00,40.620434,-74.024475,1,0,Turning Improperly,4453406,24.5,15.0,24.6,24.6,0.0,5.0,65,43.0,83.5,344,Rain: Heavy,1,1,
83357,2021-09-03 10:30:00,40.61617,-73.9546,1,0,Unspecified,4453494,21.9,14.0,0.0,0.0,0.0,0.0,3,14.5,30.2,321,Overcast,1,1,
83358,2021-09-03 11:30:00,40.657784,-73.77032,0,0,Passing Too Closely,4453411,21.9,14.0,0.0,0.0,0.0,0.0,3,14.5,30.2,321,Overcast,0,0,
83359,2021-09-01 09:00:00,40.71306,-73.80669,0,0,Driver Inattention/Distraction,4454034,23.2,18.4,121.7,121.7,0.0,18.0,65,43.2,78.5,42,Rain: Heavy,0,0,
83360,2021-09-01 16:26:00,40.82406,-73.8998,1,0,Driver Inattention/Distraction,4453079,23.2,18.4,121.7,121.7,0.0,18.0,65,43.2,78.5,42,Rain: Heavy,1,1,
83361,2021-09-01 13:00:00,40.66124,-73.895096,0,0,Turning Improperly,4452790,23.2,18.4,121.7,121.7,0.0,18.0,65,43.2,78.5,42,Rain: Heavy,0,0,
83362,2021-09-01 13:17:00,40.65993,-73.891655,0,0,Unspecified,4452809,23.2,18.4,121.7,121.7,0.0,18.0,65,43.2,78.5,42,Rain: Heavy,0,0,
83363,2021-09-02 00:33:00,40.839447,-73.88384,1,0,Traffic Control Disregarded,4453044,24.5,15.0,24.6,24.6,0.0,5.0,65,43.0,83.5,344,Rain: Heavy,1,1,
83364,2021-09-02 07:55:00,40.647064,-74.02263,1,0,Unspecified,4453225,24.5,15.0,24.6,24.6,0.0,5.0,65,43.0,83.5,344,Rain: Heavy,1,1,
83365,2021-09-01 11:50:00,40.739395,-73.87792,0,0,Passing or Lane Usage Improper,4452832,23.2,18.4,121.7,121.7,0.0,18.0,65,43.2,78.5,42,Rain: Heavy,0,0,
83366,2021-09-02 05:25:00,40.83301,-73.95027,0,0,Unspecified,4453070,24.5,15.0,24.6,24.6,0.0,5.0,65,43.0,83.5,344,Rain: Heavy,0,0,
83367,2021-08-30 18:30:00,40.779163,-73.92052,0,0,Unsafe Speed,4453868,28.7,21.7,3.9,3.9,0.0,7.0,63,14.7,33.8,231,Rain: Moderate,0,0,
83368,2021-09-02 10:45:00,40.67239,-73.87463,0,0,Unspecified,4453248,24.5,15.0,24.6,24.6,0.0,5.0,65,43.0,83.5,344,Rain: Heavy,0,0,
83369,2021-09-01 10:50:00,40.88756,-73.866394,1,0,Unspecified,4452886,23.2,18.4,121.7,121.7,0.0,18.0,65,43.2,78.5,42,Rain: Heavy,1,1,
83370,2021-08-27 14:33:00,40.736893,-73.894485,1,0,Driver Inattention/Distraction,4453563,32.2,23.4,1.4,1.4,0.0,2.0,55,9.4,22.3,299,Drizzle: Dense,1,1,
83371,2021-09-02 09:25:00,40.856045,-73.90079,0,0,Failure to Yield Right-of-Way,4453098,24.5,15.0,24.6,24.6,0.0,5.0,65,43.0,83.5,344,Rain: Heavy,0,0,
83372,2021-09-03 06:23:00,40.71976,-73.94476,0,0,Unspecified,4453777,21.9,14.0,0.0,0.0,0.0,0.0,3,14.5,30.2,321,Overcast,0,0,
83373,2021-09-02 18:40:00,40.73634,-73.93266,1,0,Following Too Closely,4453267,24.5,15.0,24.6,24.6,0.0,5.0,65,43.0,83.5,344,Rain: Heavy,1,1,
83374,2021-09-01 11:05:00,40.839325,-73.8648,0,0,Unspecified,4452729,23.2,18.4,121.7,121.7,0.0,18.0,65,43.2,78.5,42,Rain: Heavy,0,0,
83375,2021-09-03 13:00:00,40.750244,-73.75738,1,0,Following Too Closely,4453425,21.9,14.0,0.0,0.0,0.0,0.0,3,14.5,30.2,321,Overcast,1,1,
83376,2021-09-02 07:42:00,40.816406,-73.91573,1,0,Following Too Closely,4453045,24.5,15.0,24.6,24.6,0.0,5.0,65,43.0,83.5,344,Rain: Heavy,1,1,
83377,2021-09-02 22:30:00,40.666435,-73.83478,1,0,Following Too Closely,4453356,24.5,15.0,24.6,24.6,0.0,5.0,65,43.0,83.5,344,Rain: Heavy,1,1,
83378,2021-09-01 00:23:00,40.888596,-73.89068,3,0,Unsafe Speed,4453856,23.2,18.4,121.7,121.7,0.0,18.0,65,43.2,78.5,42,Rain: Heavy,3,3,
83379,2021-09-03 19:21:00,40.724678,-73.764824,1,0,Unspecified,4453600,21.9,14.0,0.0,0.0,0.0,0.0,3,14.5,30.2,321,Overcast,1,1,
83380,2021-09-03 18:48:00,40.66454,-73.82276,0,0,Failure to Yield Right-of-Way,4453577,21.9,14.0,0.0,0.0,0.0,0.0,3,14.5,30.2,321,Overcast,0,0,
83381,2021-08-25 18:43:00,40.68134,-73.927895,0,0,Physical Disability,4454025,31.2,20.1,0.0,0.0,0.0,0.0,3,10.2,18.7,277,Overcast,0,0,
83382,2021-09-02 08:30:00,40.768303,-73.89962,1,0,Traffic Control Disregarded,4453551,24.5,15.0,24.6,24.6,0.0,5.0,65,43.0,83.5,344,Rain: Heavy,1,1,
83383,2021-09-01 19:32:00,40.86131,-73.92124,1,0,Driver Inattention/Distraction,4453093,23.2,18.4,121.7,121.7,0.0,18.0,65,43.2,78.5,42,Rain: Heavy,1,1,
83384,2021-09-03 16:25:00,40.805725,-73.95442,1,0,Reaction to Uninvolved Vehicle,4453784,21.9,14.0,0.0,0.0,0.0,0.0,3,14.5,30.2,321,Overcast,1,1,
83385,2021-09-01 17:00:00,40.71946,-73.89117,0,0,Turning Improperly,4453119,23.2,18.4,121.7,121.7,0.0,18.0,65,43.2,78.5,42,Rain: Heavy,0,0,
83386,2021-08-13 11:30:00,40.65249,-73.95267,2,0,Driver Inattention/Distraction,4453383,33.2,24.8,0.0,0.0,0.0,0.0,3,18.2,34.9,215,Overcast,2,2,
83387,2021-09-02 18:45:00,40.61906,-74.10629,3,0,Driver Inattention/Distraction,4453855,24.5,15.0,24.6,24.6,0.0,5.0,65,43.0,83.5,344,Rain: Heavy,3,3,
83388,2021-09-01 10:15:00,40.74618,-73.85293,0,0,Traffic Control Disregarded,4452831,23.2,18.4,121.7,121.7,0.0,18.0,65,43.2,78.5,42,Rain: Heavy,0,0,
83389,2021-09-02 17:00:00,40.843822,-73.91038,0,0,Turning Improperly,4454094,24.5,15.0,24.6,24.6,0.0,5.0,65,43.0,83.5,344,Rain: Heavy,0,0,
83390,2021-09-02 00:00:00,40.89154,-73.849846,1,0,Failure to Yield Right-of-Way,4453916,24.5,15.0,24.6,24.6,0.0,5.0,65,43.0,83.5,344,Rain: Heavy,1,1,
83391,2021-09-02 22:20:00,40.600735,-73.98218,1,0,Unspecified,4453257,24.5,15.0,24.6,24.6,0.0,5.0,65,43.0,83.5,344,Rain: Heavy,1,1,
83392,2021-09-03 13:30:00,40.624367,-74.08033,0,0,Driver Inattention/Distraction,4453866,21.9,14.0,0.0,0.0,0.0,0.0,3,14.5,30.2,321,Overcast,0,0,
83393,2021-09-03 20:20:00,40.680496,-73.821365,1,0,Failure to Yield Right-of-Way,4453568,21.9,14.0,0.0,0.0,0.0,0.0,3,14.5,30.2,321,Overcast,1,1,
83394,2021-09-03 10:05:00,40.635258,-73.92745,4,0,Turning Improperly,4453821,21.9,14.0,0.0,0.0,0.0,0.0,3,14.5,30.2,321,Overcast,4,4,
83395,2021-09-03 12:35:00,40.666084,-73.82809,1,0,Turning Improperly,4453571,21.9,14.0,0.0,0.0,0.0,0.0,3,14.5,30.2,321,Overcast,1,1,
83396,2021-12-14 12:00:00,40.700043,-73.91199,0,0,Backing Unsafely,4486617,10.4,3.1,0.0,0.0,0.0,0.0,3,18.5,31.3,322,Overcast,0,0,
83397,2021-09-01 02:06:00,40.666405,-73.802635,2,0,Driver Inattention/Distraction,4452876,23.2,18.4,121.7,121.7,0.0,18.0,65,43.2,78.5,42,Rain: Heavy,2,2,
83398,2021-09-01 13:50:00,40.643303,-73.974106,0,0,Unspecified,4452987,23.2,18.4,121.7,121.7,0.0,18.0,65,43.2,78.5,42,Rain: Heavy,0,0,
83399,2021-09-01 19:49:00,40.659275,-73.889,0,0,Other Vehicular,4453252,23.2,18.4,121.7,121.7,0.0,18.0,65,43.2,78.5,42,Rain: Heavy,0,0,
83400,2021-09-02 15:43:00,40.7038,-73.82345,3,0,Failure to Yield Right-of-Way,4453135,24.5,15.0,24.6,24.6,0.0,5.0,65,43.0,83.5,344,Rain: Heavy,3,3,
83401,2021-09-03 17:25:00,40.73162,-73.856606,1,0,Failure to Yield Right-of-Way,4453527,21.9,14.0,0.0,0.0,0.0,0.0,3,14.5,30.2,321,Overcast,1,1,
83402,2021-09-01 01:38:00,40.84474,-73.922585,0,0,Driver Inattention/Distraction,4453218,23.2,18.4,121.7,121.7,0.0,18.0,65,43.2,78.5,42,Rain: Heavy,0,0,
83403,2021-09-02 22:15:00,40.580616,-74.152534,1,0,Driver Inattention/Distraction,4453394,24.5,15.0,24.6,24.6,0.0,5.0,65,43.0,83.5,344,Rain: Heavy,1,1,
83404,2021-09-03 15:00:00,40.677925,-73.75486,0,0,Unspecified,4453673,21.9,14.0,0.0,0.0,0.0,0.0,3,14.5,30.2,321,Overcast,0,0,
83405,2021-09-02 00:30:00,40.691612,-73.83667,0,0,Unspecified,4453372,24.5,15.0,24.6,24.6,0.0,5.0,65,43.0,83.5,344,Rain: Heavy,0,0,
83406,2021-09-01 08:45:00,40.798344,-73.97263,0,0,Passing or Lane Usage Improper,4452718,23.2,18.4,121.7,121.7,0.0,18.0,65,43.2,78.5,42,Rain: Heavy,0,0,
83407,2021-09-02 11:30:00,40.731777,-73.77012,1,0,Pedestrian/Bicyclist/Other Pedestrian Error/Confusion,4453426,24.5,15.0,24.6,24.6,0.0,5.0,65,43.0,83.5,344,Rain: Heavy,1,1,
83408,2021-09-02 18:21:00,40.71314,-73.8241,1,0,Following Too Closely,4453363,24.5,15.0,24.6,24.6,0.0,5.0,65,43.0,83.5,344,Rain: Heavy,1,1,
83409,2021-09-01 11:15:00,40.634617,-74.02353,0,0,Unspecified,4452860,23.2,18.4,121.7,121.7,0.0,18.0,65,43.2,78.5,42,Rain: Heavy,0,0,
83410,2021-09-03 13:35:00,40.854504,-73.867714,0,0,Pedestrian/Bicyclist/Other Pedestrian Error/Confusion,4453562,21.9,14.0,0.0,0.0,0.0,0.0,3,14.5,30.2,321,Overcast,0,0,
83411,2021-09-03 02:15:00,40.76213,-73.7295,1,0,Driver Inattention/Distraction,4453289,21.9,14.0,0.0,0.0,0.0,0.0,3,14.5,30.2,321,Overcast,1,1,
83412,2021-09-02 19:00:00,40.74943,-73.89588,0,0,Passing Too Closely,4453616,24.5,15.0,24.6,24.6,0.0,5.0,65,43.0,83.5,344,Rain: Heavy,0,0,
83413,2021-08-30 20:30:00,40.679585,-73.96507,0,0,Failure to Yield Right-of-Way,4453946,28.7,21.7,3.9,3.9,0.0,7.0,63,14.7,33.8,231,Rain: Moderate,0,0,