,CRASH DATETIME,LATITUDE,LONGITUDE,NUMBER OF PERSONS INJURED,NUMBER OF PERSONS KILLED,CONTRIBUTING FACTOR VEHICLE 1,COLLISION_ID,temperature_2m_max,temperature_2m_min,precipitation_sum,rain_sum,snowfall_sum,precipitation_hours,weather_code,wind_speed_10m_max,wind_gusts_10m_max,wind_direction_10m_dominant,Weather Description,Severity_Score,Total_Affected_Persons,Weather_Category
83414,2021-09-01 16:00:00,40.75172,-73.936134,0,0,Driver Inattention/Distraction,4453038,23.2,18.4,121.7,121.7,0.0,18.0,65,43.2,78.5,42,Rain: Heavy,0,0,
83415,2021-09-03 20:00:00,40.627193,-73.94295,0,0,Driver Inattention/Distraction,4453823,21.9,14.0,0.0,0.0,0.0,0.0,3,14.5,30.2,321,Overcast,0,0,
83416,2021-09-02 15:25:00,40.766743,-73.83272,0,0,Passing or Lane Usage Improper,4453479,24.5,15.0,24.6,24.6,0.0,5.0,65,43.0,83.5,344,Rain: Heavy,0,0,
83417,2021-09-01 14:30:00,40.704514,-73.740105,0,0,Backing Unsafely,4452848,23.2,18.4,121.7,121.7,0.0,18.0,65,43.2,78.5,42,Rain: Heavy,0,0,
83418,2021-09-02 21:43:00,40.819477,-73.92689,1,0,Failure to Yield Right-of-Way,4453447,24.5,15.0,24.6,24.6,0.0,5.0,65,43.0,83.5,344,Rain: Heavy,1,1,
83419,2021-09-02 08:30:00,40.712357,-73.7851,1,0,Driver Inattention/Distraction,4453188,24.5,15.0,24.6,24.6,0.0,5.0,65,43.0,83.5,344,Rain: Heavy,1,1,
83420,2021-09-01 19:15:00,40.766552,-73.77255,1,0,Failure to Yield Right-of-Way,4453101,23.2,18.4,121.7,121.7,0.0,18.0,65,43.2,78.5,42,Rain: Heavy,1,1,
83421,2021-09-03 00:00:00,40.6453,-73.994026,0,0,Driver Inattention/Distraction,4453800,21.9,14.0,0.0,0.0,0.0,0.0,3,14.5,30.2,321,Overcast,0,0,
83422,2021-08-28 23:53:00,40.830368,-73.89718,1,0,Driver Inattention/Distraction,4453331,26.2,20.2,3.9,3.9,0.0,18.0,53,23.5,45.0,65,Drizzle: Moderate,1,1,
83423,2021-09-02 22:18:00,40.5912,-74.16106,1,0,Unspecified,4453522,24.5,15.0,24.6,24.6,0.0,5.0,65,43.0,83.5,344,Rain: Heavy,1,1,
83424,2021-09-02 00:20:00,40.657497,-73.83947,0,0,Alcohol Involvement,4452931,24.5,15.0,24.6,24.6,0.0,5.0,65,43.0,83.5,344,Rain: Heavy,0,0,
83425,2021-09-03 12:00:00,40.60413,-74.02015,0,0,Driver Inexperience,4453740,21.9,14.0,0.0,0.0,0.0,0.0,3,14.5,30.2,321,Overcast,0,0,
83426,2021-08-28 13:20:00,40.817116,-73.94801,1,0,Unspecified,4453905,26.2,20.2,3.9,3.9,0.0,18.0,53,23.5,45.0,65,Drizzle: Moderate,1,1,
83427,2021-09-03 09:00:00,40.753616,-73.96458,0,0,Driver Inattention/Distraction,4453605,21.9,14.0,0.0,0.0,0.0,0.0,3,14.5,30.2,321,Overcast,0,0,
83428,2021-09-02 04:56:00,40.596596,-74.16218,0,0,Pavement Defective,4453109,24.5,15.0,24.6,24.6,0.0,5.0,65,43.0,83.5,344,Rain: Heavy,0,0,
83429,2021-08-30 16:30:00,40.64334,-73.92849,2,0,Driver Inattention/Distraction,4453387,28.7,21.7,3.9,3.9,0.0,7.0,63,14.7,33.8,231,Rain: Moderate,2,2,
83430,2021-09-02 10:25:00,40.764557,-73.82891,1,0,Pedestrian/Bicyclist/Other Pedestrian Error/Confusion,4453087,24.5,15.0,24.6,24.6,0.0,5.0,65,43.0,83.5,344,Rain: Heavy,1,1,
83431,2021-08-20 01:47:00,40.62417,-73.97048,0,0,Unspecified,4454059,26.9,22.0,1.1,1.1,0.0,5.0,53,12.4,22.0,310,Drizzle: Moderate,0,0,
83432,2021-09-01 16:10:00,40.814842,-73.91871,0,0,Backing Unsafely,4452975,23.2,18.4,121.7,121.7,0.0,18.0,65,43.2,78.5,42,Rain: Heavy,0,0,
83433,2021-09-02 21:30:00,40.722145,-73.94713,0,0,Unspecified,4453758,24.5,15.0,24.6,24.6,0.0,5.0,65,43.0,83.5,344,Rain: Heavy,0,0,
83434,2021-09-02 13:40:00,40.688698,-73.942085,1,0,Failure to Yield Right-of-Way,4453243,24.5,15.0,24.6,24.6,0.0,5.0,65,43.0,83.5,344,Rain: Heavy,1,1,
83435,2021-07-14 19:05:00,40.88548,-73.85838,0,0,Traffic Control Disregarded,4453935,30.6,21.5,0.8,0.8,0.0,3.0,53,14.5,36.0,191,Drizzle: Moderate,0,0,
83436,2021-08-10 23:29:00,40.74355,-73.73246,1,0,Following Too Closely,4453400,27.3,20.4,3.8,3.8,0.0,11.0,61,18.0,36.0,170,Rain: Light,1,1,
83437,2021-09-01 20:10:00,40.72444,-73.915115,1,0,Driver Inattention/Distraction,4452921,23.2,18.4,121.7,121.7,0.0,18.0,65,43.2,78.5,42,Rain: Heavy,1,1,
83438,2021-08-08 11:00:00,40.75589,-73.94781,0,0,Passing or Lane Usage Improper,4453859,22.9,19.4,12.7,12.7,0.0,17.0,63,19.9,36.0,38,Rain: Moderate,0,0,
83439,2021-09-02 20:00:00,40.845882,-73.930435,0,0,Failure to Yield Right-of-Way,4453343,24.5,15.0,24.6,24.6,0.0,5.0,65,43.0,83.5,344,Rain: Heavy,0,0,
83440,2021-09-03 09:30:00,40.7317,-73.8256,0,0,Driver Inattention/Distraction,4453432,21.9,14.0,0.0,0.0,0.0,0.0,3,14.5,30.2,321,Overcast,0,0,
83441,2021-09-01 22:40:00,40.7448,-73.953415,1,0,Driver Inattention/Distraction,4452915,23.2,18.4,121.7,121.7,0.0,18.0,65,43.2,78.5,42,Rain: Heavy,1,1,
83442,2021-08-29 19:20:00,40.758305,-73.85561,0,0,Driver Inexperience,4453556,24.5,19.7,2.5,2.5,0.0,9.0,53,13.6,25.6,98,Drizzle: Moderate,0,0,
83443,2021-09-01 03:30:00,40.754444,-73.878334,1,0,Driver Inattention/Distraction,4452690,23.2,18.4,121.7,121.7,0.0,18.0,65,43.2,78.5,42,Rain: Heavy,1,1,
83444,2021-09-01 08:00:00,40.61149,-73.98969,0,0,Unspecified,4453201,23.2,18.4,121.7,121.7,0.0,18.0,65,43.2,78.5,42,Rain: Heavy,0,0,
83445,2021-09-02 14:30:00,40.63714,-74.08088,0,0,Driver Inattention/Distraction,4453860,24.5,15.0,24.6,24.6,0.0,5.0,65,43.0,83.5,344,Rain: Heavy,0,0,
83446,2021-09-03 00:08:00,40.768642,-73.949036,4,0,Driver Inattention/Distraction,4453295,21.9,14.0,0.0,0.0,0.0,0.0,3,14.5,30.2,321,Overcast,4,4,
83447,2022-01-28 09:56:00,40.819637,-73.93432,2,0,Pavement Slippery,4498754,1.0,-3.1,2.4,0.0,1.68,13.0,73,18.7,31.3,251,Snow fall: Moderate,2,2,Snowy Conditions
83448,2021-09-01 11:15:00,40.72089,-73.99576,1,0,Failure to Yield Right-of-Way,4452817,23.2,18.4,121.7,121.7,0.0,18.0,65,43.2,78.5,42,Rain: Heavy,1,1,
83449,2021-09-03 11:00:00,40.741734,-73.7283,0,0,Unspecified,4453415,21.9,14.0,0.0,0.0,0.0,0.0,3,14.5,30.2,321,Overcast,0,0,
83450,2021-09-01 17:45:00,40.7162,-73.96161,0,0,Unspecified,4452951,23.2,18.4,121.7,121.7,0.0,18.0,65,43.2,78.5,42,Rain: Heavy,0,0,
83451,2021-09-02 00:00:00,40.856625,-73.8319,0,0,Unspecified,4453621,24.5,15.0,24.6,24.6,0.0,5.0,65,43.0,83.5,344,Rain: Heavy,0,0,
83452,2021-09-02 14:57:00,40.836296,-73.87369,1,0,Unspecified,4453238,24.5,15.0,24.6,24.6,0.0,5.0,65,43.0,83.5,344,Rain: Heavy,1,1,
83453,2021-09-01 17:40:00,40.88877,-73.82829,0,0,Failure to Yield Right-of-Way,4453141,23.2,18.4,121.7,121.7,0.0,18.0,65,43.2,78.5,42,Rain: Heavy,0,0,
83454,2021-09-03 15:23:00,40.724983,-73.79422,0,0,Passing or Lane Usage Improper,4453598,21.9,14.0,0.0,0.0,0.0,0.0,3,14.5,30.2,321,Overcast,0,0,
83455,2021-09-03 21:45:00,40.58117,-73.95989,0,0,Unsafe Lane Changing,4454152,21.9,14.0,0.0,0.0,0.0,0.0,3,14.5,30.2,321,Overcast,0,0,
83456,2021-09-03 10:30:00,40.70375,-73.79916,0,0,View Obstructed/Limited,4453458,21.9,14.0,0.0,0.0,0.0,0.0,3,14.5,30.2,321,Overcast,0,0,
83457,2021-08-15 17:55:00,40.60404,-74.128845,0,0,Passing or Lane Usage Improper,4454009,27.9,20.0,0.0,0.0,0.0,0.0,3,16.6,33.1,25,Overcast,0,0,
83458,2021-09-03 15:34:00,40.858635,-73.846466,3,0,Failure to Yield Right-of-Way,4453475,21.9,14.0,0.0,0.0,0.0,0.0,3,14.5,30.2,321,Overcast,3,3,
83459,2021-09-02 02:10:00,40.768356,-73.904884,0,0,View Obstructed/Limited,4453646,24.5,15.0,24.6,24.6,0.0,5.0,65,43.0,83.5,344,Rain: Heavy,0,0,
83460,2021-09-02 11:00:00,40.818394,-73.95089,0,0,Unspecified,4453893,24.5,15.0,24.6,24.6,0.0,5.0,65,43.0,83.5,344,Rain: Heavy,0,0,
83461,2021-08-17 16:35:00,40.820435,-73.93623,0,0,Passing or Lane Usage Improper,4453326,26.4,22.2,1.6,1.6,0.0,2.0,55,20.3,39.2,158,Drizzle: Dense,0,0,
83462,2021-09-03 10:20:00,40.696777,-73.8581,0,0,Reaction to Uninvolved Vehicle,4454138,21.9,14.0,0.0,0.0,0.0,0.0,3,14.5,30.2,321,Overcast,0,0,
83463,2021-08-29 20:36:00,40.686577,-73.947464,6,0,Turning Improperly,4453348,24.5,19.7,2.5,2.5,0.0,9.0,53,13.6,25.6,98,Drizzle: Moderate,6,6,
83464,2021-09-01 20:02:00,40.73321,-73.869484,1,0,Driver Inattention/Distraction,4453536,23.2,18.4,121.7,121.7,0.0,18.0,65,43.2,78.5,42,Rain: Heavy,1,1,
83465,2021-09-03 18:50:00,40.61526,-74.16017,0,0,Driver Inattention/Distraction,4453517,21.9,14.0,0.0,0.0,0.0,0.0,3,14.5,30.2,321,Overcast,0,0,
83466,2021-08-28 22:55:00,40.68998,-73.93751,0,0,Oversized Vehicle,4454016,26.2,20.2,3.9,3.9,0.0,18.0,53,23.5,45.0,65,Drizzle: Moderate,0,0,
83467,2021-09-01 18:59:00,40.586395,-73.9326,0,0,Pavement Slippery,4452958,23.2,18.4,121.7,121.7,0.0,18.0,65,43.2,78.5,42,Rain: Heavy,0,0,
83468,2021-08-31 12:15:00,40.698597,-73.99246,0,0,Driver Inexperience,4453612,28.5,21.2,0.0,0.0,0.0,0.0,3,15.5,29.9,301,Overcast,0,0,
83469,2021-09-01 22:18:00,40.79558,-73.94823,0,0,Unspecified,4453302,23.2,18.4,121.7,121.7,0.0,18.0,65,43.2,78.5,42,Rain: Heavy,0,0,
83470,2021-09-03 23:25:00,40.629246,-73.924095,0,0,Driver Inattention/Distraction,4453593,21.9,14.0,0.0,0.0,0.0,0.0,3,14.5,30.2,321,Overcast,0,0,
83471,2021-09-01 06:06:00,40.843903,-73.927284,0,0,Following Too Closely,4453029,23.2,18.4,121.7,121.7,0.0,18.0,65,43.2,78.5,42,Rain: Heavy,0,0,
83472,2021-09-02 15:20:00,40.716553,-73.88324,0,0,Unspecified,4453967,24.5,15.0,24.6,24.6,0.0,5.0,65,43.0,83.5,344,Rain: Heavy,0,0,
83473,2021-09-01 16:40:00,40.73979,-73.87836,1,0,Unspecified,4453153,23.2,18.4,121.7,121.7,0.0,18.0,65,43.2,78.5,42,Rain: Heavy,1,1,
83474,2021-08-30 23:23:00,40.685463,-73.9506,0,0,Backing Unsafely,4453849,28.7,21.7,3.9,3.9,0.0,7.0,63,14.7,33.8,231,Rain: Moderate,0,0,
83475,2021-09-03 11:20:00,40.631287,-73.945564,0,0,Backing Unsafely,4453628,21.9,14.0,0.0,0.0,0.0,0.0,3,14.5,30.2,321,Overcast,0,0,
83476,2021-09-01 10:10:00,40.708195,-73.96594,1,0,Failure to Yield Right-of-Way,4452940,23.2,18.4,121.7,121.7,0.0,18.0,65,43.2,78.5,42,Rain: Heavy,1,1,
83477,2021-08-29 09:00:00,40.86987,-73.88283,0,0,Other Vehicular,4453464,24.5,19.7,2.5,2.5,0.0,9.0,53,13.6,25.6,98,Drizzle: Moderate,0,0,
83478,2021-09-03 11:39:00,40.847027,-73.89807,0,0,Passing or Lane Usage Improper,4454120,21.9,14.0,0.0,0.0,0.0,0.0,3,14.5,30.2,321,Overcast,0,0,
83479,2021-09-03 07:40:00,40.595802,-73.764656,0,0,Driver Inattention/Distraction,4453795,21.9,14.0,0.0,0.0,0.0,0.0,3,14.5,30.2,321,Overcast,0,0,
83480,2021-09-03 05:30:00,40.688873,-73.96001,0,0,Unsafe Speed,4453501,21.9,14.0,0.0,0.0,0.0,0.0,3,14.5,30.2,321,Overcast,0,0,
83481,2022-01-28 01:19:00,40.768726,-73.87056,1,0,Driver Inattention/Distraction,4499115,1.0,-3.1,2.4,0.0,1.68,13.0,73,18.7,31.3,251,Snow fall: Moderate,1,1,Snowy Conditions
83482,2021-09-02 13:05:00,40.790367,-73.949776,1,0,Unspecified,4453193,24.5,15.0,24.6,24.6,0.0,5.0,65,43.0,83.5,344,Rain: Heavy,1,1,
83483,2021-09-02 19:50:00,40.576744,-73.98372,0,0,Driver Inexperience,4453208,24.5,15.0,24.6,24.6,0.0,5.0,65,43.0,83.5,344,Rain: Heavy,0,0,
83484,2021-09-03 20:35:00,40.866577,-73.8722,0,0,Unsafe Speed,4453638,21.9,14.0,0.0,0.0,0.0,0.0,3,14.5,30.2,321,Overcast,0,0,
83485,2021-09-02 16:45:00,40.813934,-73.96005,0,0,Unspecified,4453913,24.5,15.0,24.6,24.6,0.0,5.0,65,43.0,83.5,344,Rain: Heavy,0,0,
83486,2021-08-29 23:30:00,40.746258,-73.873955,0,0,Unspecified,4453733,24.5,19.7,2.5,2.5,0.0,9.0,53,13.6,25.6,98,Drizzle: Moderate,0,0,
83487,2021-09-02 11:43:00,40.883133,-73.882095,0,0,Unspecified,4453051,24.5,15.0,24.6,24.6,0.0,5.0,65,43.0,83.5,344,Rain: Heavy,0,0,
83488,2021-09-02 13:09:00,40.771038,-73.83413,1,0,Following Too Closely,4453126,24.5,15.0,24.6,24.6,0.0,5.0,65,43.0,83.5,344,Rain: Heavy,1,1,
83489,2021-09-02 04:33:00,40.763042,-73.956535,1,0,Unspecified,4452963,24.5,15.0,24.6,24.6,0.0,5.0,65,43.0,83.5,344,Rain: Heavy,1,1,
83490,2021-09-02 04:33:00,40.596596,-74.16218,0,0,Pavement Defective,4453309,24.5,15.0,24.6,24.6,0.0,5.0,65,43.0,83.5,344,Rain: Heavy,0,0,
83491,2021-09-03 07:35:00,40.79485,-73.962364,1,0,Pedestrian/Bicyclist/Other Pedestrian Error/Confusion,4453443,21.9,14.0,0.0,0.0,0.0,0.0,3,14.5,30.2,321,Overcast,1,1,
83492,2021-08-29 03:17:00,40.84275,-73.92283,3,0,Driver Inattention/Distraction,4453765,24.5,19.7,2.5,2.5,0.0,9.0,53,13.6,25.6,98,Drizzle: Moderate,3,3,
83493,2021-08-11 06:01:00,40.81905,-73.88635,0,0,Driverless/Runaway Vehicle,4453502,31.2,23.2,2.8,2.8,0.0,7.0,55,23.7,44.6,206,Drizzle: Dense,0,0,
83494,2021-09-02 10:00:00,40.669666,-73.76561,1,0,Driver Inexperience,4453015,24.5,15.0,24.6,24.6,0.0,5.0,65,43.0,83.5,344,Rain: Heavy,1,1,
83495,2021-09-02 11:42:00,40.905983,-73.90058,0,0,Unspecified,4453911,24.5,15.0,24.6,24.6,0.0,5.0,65,43.0,83.5,344,Rain: Heavy,0,0,
83496,2021-08-31 06:55:00,40.608997,-73.98373,0,0,Unspecified,4454043,28.5,21.2,0.0,0.0,0.0,0.0,3,15.5,29.9,301,Overcast,0,0,
83497,2021-08-28 13:43:00,40.797894,-73.9498,0,0,Other Vehicular,4453785,26.2,20.2,3.9,3.9,0.0,18.0,53,23.5,45.0,65,Drizzle: Moderate,0,0,
83498,2021-09-02 00:50:00,40.679485,-73.897026,0,0,Pavement Slippery,4453247,24.5,15.0,24.6,24.6,0.0,5.0,65,43.0,83.5,344,Rain: Heavy,0,0,
83499,2021-08-26 21:30:00,40.751114,-73.98499,1,0,Driver Inattention/Distraction,4454175,31.8,22.8,0.1,0.1,0.0,1.0,51,14.8,29.2,228,Drizzle: Light,1,1,
83500,2021-09-03 08:50:00,40.88042,-73.84427,0,0,Traffic Control Disregarded,4453930,21.9,14.0,0.0,0.0,0.0,0.0,3,14.5,30.2,321,Overcast,0,0,
83501,2021-09-03 11:55:00,40.83714,-73.92049,0,0,Oversized Vehicle,4453436,21.9,14.0,0.0,0.0,0.0,0.0,3,14.5,30.2,321,Overcast,0,0,
83502,2021-09-02 02:50:00,40.90524,-73.84954,0,0,Driver Inattention/Distraction,4453171,24.5,15.0,24.6,24.6,0.0,5.0,65,43.0,83.5,344,Rain: Heavy,0,0,
83503,2021-02-16 17:55:00,40.829163,-73.93727,0,0,Other Vehicular,4453375,8.9,-0.4,31.6,31.6,0.0,11.0,65,26.8,63.4,236,Rain: Heavy,0,0,
83504,2021-09-02 13:00:00,40.70992,-73.9623,0,0,Driver Inattention/Distraction,4453279,24.5,15.0,24.6,24.6,0.0,5.0,65,43.0,83.5,344,Rain: Heavy,0,0,
83505,2021-09-02 07:00:00,40.76195,-73.86908,0,0,Following Too Closely,4453020,24.5,15.0,24.6,24.6,0.0,5.0,65,43.0,83.5,344,Rain: Heavy,0,0,
83506,2021-09-02 21:52:00,40.830845,-73.947235,1,0,Driver Inattention/Distraction,4453552,24.5,15.0,24.6,24.6,0.0,5.0,65,43.0,83.5,344,Rain: Heavy,1,1,
83507,2021-09-02 09:20:00,40.593124,-73.79162,0,0,Driver Inattention/Distraction,4453271,24.5,15.0,24.6,24.6,0.0,5.0,65,43.0,83.5,344,Rain: Heavy,0,0,
83508,2021-09-01 06:05:00,40.671642,-73.96258,0,0,Reaction to Uninvolved Vehicle,4453176,23.2,18.4,121.7,121.7,0.0,18.0,65,43.2,78.5,42,Rain: Heavy,0,0,
83509,2021-09-01 02:35:00,40.68815,-73.84884,1,0,Failure to Yield Right-of-Way,4452625,23.2,18.4,121.7,121.7,0.0,18.0,65,43.2,78.5,42,Rain: Heavy,1,1,
83510,2021-09-02 16:05:00,40.624626,-74.02885,0,0,Unspecified,4453228,24.5,15.0,24.6,24.6,0.0,5.0,65,43.0,83.5,344,Rain: Heavy,0,0,
83511,2021-09-03 15:00:00,40.812817,-73.91571,0,0,Unspecified,4454125,21.9,14.0,0.0,0.0,0.0,0.0,3,14.5,30.2,321,Overcast,0,0,
83512,2021-09-02 12:50:00,40.612083,-73.953835,0,0,Unspecified,4453486,24.5,15.0,24.6,24.6,0.0,5.0,65,43.0,83.5,344,Rain: Heavy,0,0,
83513,2021-09-03 05:33:00,40.71508,-73.73789,0,0,Unspecified,4453419,21.9,14.0,0.0,0.0,0.0,0.0,3,14.5,30.2,321,Overcast,0,0,
83514,2021-09-02 12:00:00,40.728188,-73.930145,1,0,Driver Inattention/Distraction,4453196,24.5,15.0,24.6,24.6,0.0,5.0,65,43.0,83.5,344,Rain: Heavy,1,1,
83515,2021-09-01 23:45:00,40.788555,-73.78234,0,0,Backing Unsafely,4452919,23.2,18.4,121.7,121.7,0.0,18.0,65,43.2,78.5,42,Rain: Heavy,0,0,
83516,2021-08-27 09:00:00,40.63288,-74.13204,0,0,Passing Too Closely,4453700,32.2,23.4,1.4,1.4,0.0,2.0,55,9.4,22.3,299,Drizzle: Dense,0,0,
83517,2021-09-02 08:28:00,40.799473,-73.93888,1,0,Following Too Closely,4453080,24.5,15.0,24.6,24.6,0.0,5.0,65,43.0,83.5,344,Rain: Heavy,1,1,
83518,2021-09-01 09:00:00,40.761642,-73.76882,0,0,Reaction to Uninvolved Vehicle,4452810,23.2,18.4,121.7,121.7,0.0,18.0,65,43.2,78.5,42,Rain: Heavy,0,0,
83519,2021-09-03 02:50:00,40.804115,-73.960655,0,0,Unspecified,4453707,21.9,14.0,0.0,0.0,0.0,0.0,3,14.5,30.2,321,Overcast,0,0,
83520,2021-09-03 00:00:00,40.707714,-73.802795,0,0,Aggressive Driving/Road Rage,4453454,21.9,14.0,0.0,0.0,0.0,0.0,3,14.5,30.2,321,Overcast,0,0,
83521,2021-08-28 17:15:00,40.8263,-73.890915,1,0,Pedestrian/Bicyclist/Other Pedestrian Error/Confusion,4453845,26.2,20.2,3.9,3.9,0.0,18.0,53,23.5,45.0,65,Drizzle: Moderate,1,1,
83522,2021-09-03 15:00:00,40.676643,-73.74203,0,0,Unspecified,4453471,21.9,14.0,0.0,0.0,0.0,0.0,3,14.5,30.2,321,Overcast,0,0,
83523,2021-09-03 11:20:00,40.629986,-74.0235,0,0,Unspecified,4453407,21.9,14.0,0.0,0.0,0.0,0.0,3,14.5,30.2,321,Overcast,0,0,
83524,2021-09-01 13:04:00,40.827274,-73.89192,0,0,Driver Inattention/Distraction,4453071,23.2,18.4,121.7,121.7,0.0,18.0,65,43.2,78.5,42,Rain: Heavy,0,0,
83525,2021-09-03 16:17:00,40.662613,-73.90895,0,0,Unspecified,4453512,21.9,14.0,0.0,0.0,0.0,0.0,3,14.5,30.2,321,Overcast,0,0,
83526,2021-08-31 13:38:00,40.712437,-73.85974,0,0,Passing or Lane Usage Improper,4453962,28.5,21.2,0.0,0.0,0.0,0.0,3,15.5,29.9,301,Overcast,0,0,
83527,2021-09-03 16:30:00,40.717007,-73.9355,1,0,Driver Inattention/Distraction,4453757,21.9,14.0,0.0,0.0,0.0,0.0,3,14.5,30.2,321,Overcast,1,1,
83528,2021-09-03 16:45:00,40.717834,-73.75703,0,0,Unspecified,4453530,21.9,14.0,0.0,0.0,0.0,0.0,3,14.5,30.2,321,Overcast,0,0,
83529,2021-09-02 13:40:00,40.652115,-73.916664,0,0,Failure to Yield Right-of-Way,4453214,24.5,15.0,24.6,24.6,0.0,5.0,65,43.0,83.5,344,Rain: Heavy,0,0,
83530,2021-09-01 19:30:00,40.715206,-73.9967,0,0,Driver Inattention/Distraction,4453686,23.2,18.4,121.7,121.7,0.0,18.0,65,43.2,78.5,42,Rain: Heavy,0,0,
83531,2021-09-03 09:00:00,40.66047,-73.94476,0,0,Driver Inattention/Distraction,4453468,21.9,14.0,0.0,0.0,0.0,0.0,3,14.5,30.2,321,Overcast,0,0,
83532,2021-09-01 18:12:00,40.834133,-73.91665,0,0,Driver Inattention/Distraction,4452974,23.2,18.4,121.7,121.7,0.0,18.0,65,43.2,78.5,42,Rain: Heavy,0,0,
83533,2021-09-02 04:30:00,40.6889,-73.92726,2,0,Traffic Control Disregarded,4454012,24.5,15.0,24.6,24.6,0.0,5.0,65,43.0,83.5,344,Rain: Heavy,2,2,
83534,2021-08-17 23:10:00,40.75705,-73.91283,0,0,Unspecified,4453873,26.4,22.2,1.6,1.6,0.0,2.0,55,20.3,39.2,158,Drizzle: Dense,0,0,
83535,2021-08-26 11:21:00,40.842728,-73.8289,0,0,Unspecified,4453622,31.8,22.8,0.1,0.1,0.0,1.0,51,14.8,29.2,228,Drizzle: Light,0,0,
83536,2021-09-02 17:37:00,40.768887,-73.90691,1,0,Unspecified,4453323,24.5,15.0,24.6,24.6,0.0,5.0,65,43.0,83.5,344,Rain: Heavy,1,1,
83537,2021-09-02 02:22:00,40.74128,-73.90257,1,0,Driver Inattention/Distraction,4452998,24.5,15.0,24.6,24.6,0.0,5.0,65,43.0,83.5,344,Rain: Heavy,1,1,
83538,2021-12-20 22:00:00,40.683247,-73.977425,0,0,Passing or Lane Usage Improper,4499502,1.8,-4.4,0.0,0.0,0.0,0.0,2,17.9,32.8,282,Partly cloudy,0,0,
83539,2021-09-03 07:00:00,40.750515,-73.85158,0,0,Unspecified,4453537,21.9,14.0,0.0,0.0,0.0,0.0,3,14.5,30.2,321,Overcast,0,0,
83540,2021-09-03 12:10:00,40.76155,-73.96659,0,0,Driver Inattention/Distraction,4453439,21.9,14.0,0.0,0.0,0.0,0.0,3,14.5,30.2,321,Overcast,0,0,
83541,2021-08-09 18:40:00,40.68512,-73.78044,1,0,Passing Too Closely,4454085,26.2,20.1,1.1,1.1,0.0,7.0,51,17.3,34.6,36,Drizzle: Light,1,1,
83542,2021-09-02 14:00:00,40.713287,-73.87163,1,0,Driver Inattention/Distraction,4453122,24.5,15.0,24.6,24.6,0.0,5.0,65,43.0,83.5,344,Rain: Heavy,1,1,
83543,2021-09-01 11:32:00,40.766666,-73.9304,1,0,Unspecified,4453040,23.2,18.4,121.7,121.7,0.0,18.0,65,43.2,78.5,42,Rain: Heavy,1,1,
83544,2021-09-03 19:37:00,40.81339,-73.95627,0,0,Other Vehicular,4453924,21.9,14.0,0.0,0.0,0.0,0.0,3,14.5,30.2,321,Overcast,0,0,
83545,2021-09-03 15:30:00,40.64891,-73.89256,0,0,Unspecified,4453506,21.9,14.0,0.0,0.0,0.0,0.0,3,14.5,30.2,321,Overcast,0,0,
83546,2021-09-03 14:06:00,40.60981,-73.92251,0,0,Aggressive Driving/Road Rage,4453822,21.9,14.0,0.0,0.0,0.0,0.0,3,14.5,30.2,321,Overcast,0,0,
83547,2021-09-03 13:30:00,40.841278,-73.86359,0,0,Backing Unsafely,4453545,21.9,14.0,0.0,0.0,0.0,0.0,3,14.5,30.2,321,Overcast,0,0,
83548,2021-09-03 15:20:00,40.76052,-73.87379,2,0,Driver Inexperience,4453573,21.9,14.0,0.0,0.0,0.0,0.0,3,14.5,30.2,321,Overcast,2,2,
83549,2021-09-01 19:00:00,40.68166,-73.843666,0,0,Passing or Lane Usage Improper,4454133,23.2,18.4,121.7,121.7,0.0,18.0,65,43.2,78.5,42,Rain: Heavy,0,0,
83550,2021-09-03 13:19:00,40.731056,-73.95442,0,0,Unspecified,4453778,21.9,14.0,0.0,0.0,0.0,0.0,3,14.5,30.2,321,Overcast,0,0,
83551,2021-09-01 00:30:00,40.758965,-73.95819,0,0,Following Too Closely,4452885,23.2,18.4,121.7,121.7,0.0,18.0,65,43.2,78.5,42,Rain: Heavy,0,0,
83552,2021-09-03 17:48:00,40.668045,-73.86993,1,0,Other Vehicular,4453670,21.9,14.0,0.0,0.0,0.0,0.0,3,14.5,30.2,321,Overcast,1,1,
83553,2021-09-01 00:00:00,40.806293,-73.93603,0,0,Unsafe Lane Changing,4452730,23.2,18.4,121.7,121.7,0.0,18.0,65,43.2,78.5,42,Rain: Heavy,0,0,
83554,2021-09-03 20:30:00,40.63406,-74.00411,1,0,Unspecified,4453801,21.9,14.0,0.0,0.0,0.0,0.0,3,14.5,30.2,321,Overcast,1,1,
83555,2021-09-01 18:50:00,40.665005,-73.87566,0,0,Pavement Slippery,4453253,23.2,18.4,121.7,121.7,0.0,18.0,65,43.2,78.5,42,Rain: Heavy,0,0,
83556,2021-09-01 11:25:00,40.81916,-73.87982,0,0,Failure to Yield Right-of-Way,4453046,23.2,18.4,121.7,121.7,0.0,18.0,65,43.2,78.5,42,Rain: Heavy,0,0,
83557,2021-08-25 08:00:00,40.80897,-73.94833,1,0,Driver Inattention/Distraction,4453804,31.2,20.1,0.0,0.0,0.0,0.0,3,10.2,18.7,277,Overcast,1,1,
83558,2021-09-02 15:20:00,40.655754,-73.92403,1,0,Driver Inattention/Distraction,4453395,24.5,15.0,24.6,24.6,0.0,5.0,65,43.0,83.5,344,Rain: Heavy,1,1,