,CRASH DATETIME,LATITUDE,LONGITUDE,NUMBER OF PERSONS INJURED,NUMBER OF PERSONS KILLED,CONTRIBUTING FACTOR VEHICLE 1,COLLISION_ID,temperature_2m_max,temperature_2m_min,precipitation_sum,rain_sum,snowfall_sum,precipitation_hours,weather_code,wind_speed_10m_max,wind_gusts_10m_max,wind_direction_10m_dominant,Weather Description,Severity_Score,Total_Affected_Persons,Weather_Category
83559,2021-09-01 19:20:00,40.71415,-73.93174,0,0,Following Too Closely,4452946,23.2,18.4,121.7,121.7,0.0,18.0,65,43.2,78.5,42,Rain: Heavy,0,0,
83560,2021-09-02 02:00:00,40.5794,-74.16949,2,0,Driver Inattention/Distraction,4453306,24.5,15.0,24.6,24.6,0.0,5.0,65,43.0,83.5,344,Rain: Heavy,2,2,
83561,2021-08-09 09:30:00,40.770054,-73.914406,0,0,View Obstructed/Limited,4453862,26.2,20.1,1.1,1.1,0.0,7.0,51,17.3,34.6,36,Drizzle: Light,0,0,
83562,2021-09-01 19:40:00,40.650185,-73.92907,0,0,Driver Inattention/Distraction,4453390,23.2,18.4,121.7,121.7,0.0,18.0,65,43.2,78.5,42,Rain: Heavy,0,0,
83563,2021-09-02 00:17:00,40.743317,-73.731384,1,0,Driver Inattention/Distraction,4453223,24.5,15.0,24.6,24.6,0.0,5.0,65,43.0,83.5,344,Rain: Heavy,1,1,
83564,2021-09-02 18:53:00,40.733715,-73.9522,0,0,Other Vehicular,4453284,24.5,15.0,24.6,24.6,0.0,5.0,65,43.0,83.5,344,Rain: Heavy,0,0,
83565,2021-09-01 07:35:00,40.70863,-73.859406,1,0,Pavement Slippery,4452850,23.2,18.4,121.7,121.7,0.0,18.0,65,43.2,78.5,42,Rain: Heavy,1,1,
83566,2021-09-01 13:15:00,40.822914,-73.84893,0,0,Oversized Vehicle,4453127,23.2,18.4,121.7,121.7,0.0,18.0,65,43.2,78.5,42,Rain: Heavy,0,0,
83567,2021-09-03 02:30:00,40.755276,-73.985176,1,0,Driver Inattention/Distraction,4453743,21.9,14.0,0.0,0.0,0.0,0.0,3,14.5,30.2,321,Overcast,1,1,
83568,2021-09-01 23:28:00,40.595318,-73.95066,0,0,Turning Improperly,4453094,23.2,18.4,121.7,121.7,0.0,18.0,65,43.2,78.5,42,Rain: Heavy,0,0,
83569,2021-08-29 02:15:00,40.705864,-73.91884,0,0,Driver Inattention/Distraction,4453958,24.5,19.7,2.5,2.5,0.0,9.0,53,13.6,25.6,98,Drizzle: Moderate,0,0,
83570,2021-09-02 01:15:00,40.74785,-73.773834,0,0,Pavement Slippery,4453102,24.5,15.0,24.6,24.6,0.0,5.0,65,43.0,83.5,344,Rain: Heavy,0,0,
83571,2021-09-02 07:30:00,40.629513,-74.14079,3,0,Unsafe Speed,4453310,24.5,15.0,24.6,24.6,0.0,5.0,65,43.0,83.5,344,Rain: Heavy,3,3,
83572,2021-09-03 07:46:00,40.730923,-73.78998,0,0,Traffic Control Disregarded,4453422,21.9,14.0,0.0,0.0,0.0,0.0,3,14.5,30.2,321,Overcast,0,0,
83573,2021-09-01 10:30:00,40.842205,-73.8556,0,0,Unspecified,4452728,23.2,18.4,121.7,121.7,0.0,18.0,65,43.2,78.5,42,Rain: Heavy,0,0,
83574,2022-01-30 22:55:00,40.686783,-73.859985,4,0,Failure to Yield Right-of-Way,4498570,-5.4,-13.8,0.0,0.0,0.0,0.0,3,28.5,50.0,290,Overcast,4,4,
83575,2021-09-02 13:30:00,40.860577,-73.90255,0,0,Backing Unsafely,4453351,24.5,15.0,24.6,24.6,0.0,5.0,65,43.0,83.5,344,Rain: Heavy,0,0,
83576,2021-09-02 08:00:00,40.601322,-73.75788,0,0,Driver Inattention/Distraction,4453832,24.5,15.0,24.6,24.6,0.0,5.0,65,43.0,83.5,344,Rain: Heavy,0,0,
83577,2021-08-27 10:00:00,40.672794,-73.76942,0,0,Other Vehicular,4454089,32.2,23.4,1.4,1.4,0.0,2.0,55,9.4,22.3,299,Drizzle: Dense,0,0,
83578,2021-09-02 03:00:00,40.737335,-73.70833,0,0,Unspecified,4453010,24.5,15.0,24.6,24.6,0.0,5.0,65,43.0,83.5,344,Rain: Heavy,0,0,
83579,2021-09-02 20:06:00,40.854465,-73.86805,0,0,Outside Car Distraction,4453319,24.5,15.0,24.6,24.6,0.0,5.0,65,43.0,83.5,344,Rain: Heavy,0,0,
83580,2021-08-26 06:54:00,40.692295,-73.80949,0,0,Unspecified,4453451,31.8,22.8,0.1,0.1,0.0,1.0,51,14.8,29.2,228,Drizzle: Light,0,0,
83581,2021-09-03 16:45:00,40.666435,-73.83478,2,0,Following Too Closely,4453567,21.9,14.0,0.0,0.0,0.0,0.0,3,14.5,30.2,321,Overcast,2,2,
83582,2021-09-01 18:05:00,40.677788,-73.72944,0,0,Unspecified,4453991,23.2,18.4,121.7,121.7,0.0,18.0,65,43.2,78.5,42,Rain: Heavy,0,0,
83583,2021-09-03 19:30:00,40.582233,-74.16907,0,0,Backing Unsafely,4453526,21.9,14.0,0.0,0.0,0.0,0.0,3,14.5,30.2,321,Overcast,0,0,
83584,2021-09-01 07:16:00,40.659702,-73.8786,4,0,Unspecified,4452789,23.2,18.4,121.7,121.7,0.0,18.0,65,43.2,78.5,42,Rain: Heavy,4,4,
83585,2021-08-29 17:16:00,40.75412,-73.92955,3,0,Driver Inattention/Distraction,4453867,24.5,19.7,2.5,2.5,0.0,9.0,53,13.6,25.6,98,Drizzle: Moderate,3,3,
83586,2021-09-02 07:00:00,40.598934,-74.06377,0,0,Traffic Control Device Improper/Non-Working,4453315,24.5,15.0,24.6,24.6,0.0,5.0,65,43.0,83.5,344,Rain: Heavy,0,0,
83587,2021-08-30 21:12:00,40.623825,-73.9737,1,0,Unspecified,4453799,28.7,21.7,3.9,3.9,0.0,7.0,63,14.7,33.8,231,Rain: Moderate,1,1,
83588,2021-08-31 22:45:00,40.778606,-73.98163,0,0,Driver Inattention/Distraction,4453705,28.5,21.2,0.0,0.0,0.0,0.0,3,15.5,29.9,301,Overcast,0,0,
83589,2021-08-31 02:18:00,0.0,0.0,0,0,Backing Unsafely,4453618,28.5,21.2,0.0,0.0,0.0,0.0,3,15.5,29.9,301,Overcast,0,0,
83590,2021-09-02 06:34:00,40.61901,-73.92588,1,0,Driver Inattention/Distraction,4453050,24.5,15.0,24.6,24.6,0.0,5.0,65,43.0,83.5,344,Rain: Heavy,1,1,
83591,2021-09-03 16:35:00,40.723927,-73.78611,0,0,Unspecified,4453599,21.9,14.0,0.0,0.0,0.0,0.0,3,14.5,30.2,321,Overcast,0,0,
83592,2021-09-02 16:55:00,40.840164,-73.84262,0,0,Turning Improperly,4454153,24.5,15.0,24.6,24.6,0.0,5.0,65,43.0,83.5,344,Rain: Heavy,0,0,
83593,2021-09-01 09:21:00,40.760532,-73.95836,0,0,Passing or Lane Usage Improper,4452715,23.2,18.4,121.7,121.7,0.0,18.0,65,43.2,78.5,42,Rain: Heavy,0,0,
83594,2020-09-02 09:22:00,40.88387,-73.886955,1,0,Turning Improperly,4453850,25.0,19.4,9.4,9.4,0.0,13.0,61,15.9,31.3,144,Rain: Light,1,1,
83595,2021-09-01 20:20:00,40.65742,-73.729324,0,0,Unsafe Speed,4452897,23.2,18.4,121.7,121.7,0.0,18.0,65,43.2,78.5,42,Rain: Heavy,0,0,
83596,2021-09-02 09:00:00,40.714584,-73.84831,1,0,Driver Inattention/Distraction,4453091,24.5,15.0,24.6,24.6,0.0,5.0,65,43.0,83.5,344,Rain: Heavy,1,1,
83597,2021-09-03 01:55:00,40.86404,-73.89245,0,0,Backing Unsafely,4453367,21.9,14.0,0.0,0.0,0.0,0.0,3,14.5,30.2,321,Overcast,0,0,
83598,2021-09-02 20:38:00,40.671326,-73.98551,0,0,Passing Too Closely,4453291,24.5,15.0,24.6,24.6,0.0,5.0,65,43.0,83.5,344,Rain: Heavy,0,0,
83599,2021-09-03 11:45:00,40.697838,-73.97078,1,0,Unspecified,4453561,21.9,14.0,0.0,0.0,0.0,0.0,3,14.5,30.2,321,Overcast,1,1,
83600,2021-09-03 22:30:00,40.705307,-74.00903,0,0,Passing Too Closely,4453594,21.9,14.0,0.0,0.0,0.0,0.0,3,14.5,30.2,321,Overcast,0,0,
83601,2021-09-02 08:02:00,40.722122,-73.8646,0,0,Failure to Yield Right-of-Way,4453036,24.5,15.0,24.6,24.6,0.0,5.0,65,43.0,83.5,344,Rain: Heavy,0,0,
83602,2021-09-03 11:25:00,40.771854,-73.83179,1,0,Following Too Closely,4453478,21.9,14.0,0.0,0.0,0.0,0.0,3,14.5,30.2,321,Overcast,1,1,
83603,2021-09-01 14:00:00,40.829098,-73.86192,0,0,Unspecified,4452826,23.2,18.4,121.7,121.7,0.0,18.0,65,43.2,78.5,42,Rain: Heavy,0,0,
83604,2021-09-03 18:35:00,40.57686,-73.98266,1,0,Traffic Control Disregarded,4454142,21.9,14.0,0.0,0.0,0.0,0.0,3,14.5,30.2,321,Overcast,1,1,
83605,2021-09-02 13:20:00,40.844795,-73.88208,0,0,Passing or Lane Usage Improper,4454109,24.5,15.0,24.6,24.6,0.0,5.0,65,43.0,83.5,344,Rain: Heavy,0,0,
83606,2021-09-01 19:00:00,40.577244,-74.00004,1,0,Pedestrian/Bicyclist/Other Pedestrian Error/Confusion,4453207,23.2,18.4,121.7,121.7,0.0,18.0,65,43.2,78.5,42,Rain: Heavy,1,1,
83607,2021-09-03 13:40:00,40.743057,-73.87769,0,0,Unspecified,4453446,21.9,14.0,0.0,0.0,0.0,0.0,3,14.5,30.2,321,Overcast,0,0,
83608,2021-09-01 09:30:00,40.726326,-73.7662,1,0,Driver Inattention/Distraction,4453183,23.2,18.4,121.7,121.7,0.0,18.0,65,43.2,78.5,42,Rain: Heavy,1,1,
83609,2021-09-03 17:45:00,40.703934,-73.959854,0,0,Passing or Lane Usage Improper,4453639,21.9,14.0,0.0,0.0,0.0,0.0,3,14.5,30.2,321,Overcast,0,0,
83610,2022-01-27 00:00:00,40.83924,-73.86668,0,0,Driver Inattention/Distraction,4499420,-0.3,-9.6,0.0,0.0,0.0,0.0,3,18.7,37.1,184,Overcast,0,0,
83611,2021-09-02 00:00:00,40.59281,-73.97877,0,0,Unspecified,4453344,24.5,15.0,24.6,24.6,0.0,5.0,65,43.0,83.5,344,Rain: Heavy,0,0,
83612,2021-09-03 13:45:00,40.714527,-74.015686,0,0,Unspecified,4453541,21.9,14.0,0.0,0.0,0.0,0.0,3,14.5,30.2,321,Overcast,0,0,
83613,2021-09-03 20:45:00,40.632565,-74.137344,0,0,Driver Inattention/Distraction,4453521,21.9,14.0,0.0,0.0,0.0,0.0,3,14.5,30.2,321,Overcast,0,0,
83614,2021-09-01 15:26:00,40.702526,-73.95934,1,0,Driver Inattention/Distraction,4452934,23.2,18.4,121.7,121.7,0.0,18.0,65,43.2,78.5,42,Rain: Heavy,1,1,
83615,2021-09-03 13:34:00,40.86536,-73.87043,1,0,Other Vehicular,4453463,21.9,14.0,0.0,0.0,0.0,0.0,3,14.5,30.2,321,Overcast,1,1,
83616,2021-09-02 03:30:00,40.72656,-73.83802,2,0,Driver Inattention/Distraction,4453739,24.5,15.0,24.6,24.6,0.0,5.0,65,43.0,83.5,344,Rain: Heavy,2,2,
83617,2021-09-03 23:02:00,40.677708,-73.84768,0,0,Failure to Yield Right-of-Way,4453574,21.9,14.0,0.0,0.0,0.0,0.0,3,14.5,30.2,321,Overcast,0,0,
83618,2021-09-02 20:30:00,40.78322,-73.84586,0,0,Aggressive Driving/Road Rage,4453476,24.5,15.0,24.6,24.6,0.0,5.0,65,43.0,83.5,344,Rain: Heavy,0,0,
83619,2022-01-31 02:44:00,40.62788,-73.93251,2,0,Pavement Slippery,4498681,-3.4,-17.1,0.0,0.0,0.0,0.0,3,12.2,18.0,23,Overcast,2,2,
83620,2021-09-01 22:00:00,40.804886,-73.96248,0,0,Backing Unsafely,4453894,23.2,18.4,121.7,121.7,0.0,18.0,65,43.2,78.5,42,Rain: Heavy,0,0,
83621,2021-09-01 09:30:00,40.626343,-73.99898,0,0,Unspecified,4453161,23.2,18.4,121.7,121.7,0.0,18.0,65,43.2,78.5,42,Rain: Heavy,0,0,
83622,2021-09-01 19:55:00,40.594334,-73.935905,0,0,Reaction to Uninvolved Vehicle,4452959,23.2,18.4,121.7,121.7,0.0,18.0,65,43.2,78.5,42,Rain: Heavy,0,0,
83623,2021-09-01 06:45:00,40.678722,-73.952995,0,0,Passing or Lane Usage Improper,4453349,23.2,18.4,121.7,121.7,0.0,18.0,65,43.2,78.5,42,Rain: Heavy,0,0,
83624,2021-09-03 21:00:00,40.843777,-73.90947,1,0,,4454096,21.9,14.0,0.0,0.0,0.0,0.0,3,14.5,30.2,321,Overcast,1,1,
83625,2021-08-27 16:35:00,40.877037,-73.86682,0,0,Traffic Control Disregarded,4453915,32.2,23.4,1.4,1.4,0.0,2.0,55,9.4,22.3,299,Drizzle: Dense,0,0,
83626,2021-09-03 10:30:00,40.714825,-73.95882,0,0,Failure to Yield Right-of-Way,4453584,21.9,14.0,0.0,0.0,0.0,0.0,3,14.5,30.2,321,Overcast,0,0,
83627,2022-01-31 11:15:00,40.767113,-73.90405,2,0,Following Too Closely,4498944,-3.4,-17.1,0.0,0.0,0.0,0.0,3,12.2,18.0,23,Overcast,2,2,
83628,2021-09-03 19:00:00,40.677414,-73.93033,1,0,Other Vehicular,4454013,21.9,14.0,0.0,0.0,0.0,0.0,3,14.5,30.2,321,Overcast,1,1,
83629,2021-09-03 17:07:00,40.650642,-73.96527,0,0,Unspecified,4453498,21.9,14.0,0.0,0.0,0.0,0.0,3,14.5,30.2,321,Overcast,0,0,
83630,2021-09-02 20:57:00,40.667847,-73.77612,1,0,Unspecified,4453297,24.5,15.0,24.6,24.6,0.0,5.0,65,43.0,83.5,344,Rain: Heavy,1,1,
83631,2021-09-02 15:30:00,40.768234,-73.90709,0,0,Oversized Vehicle,4453872,24.5,15.0,24.6,24.6,0.0,5.0,65,43.0,83.5,344,Rain: Heavy,0,0,
83632,2021-09-01 11:30:00,40.649944,-73.96703,0,0,Unspecified,4452822,23.2,18.4,121.7,121.7,0.0,18.0,65,43.2,78.5,42,Rain: Heavy,0,0,
83633,2021-09-02 20:00:00,40.701424,-73.94307,0,0,Passing or Lane Usage Improper,4453277,24.5,15.0,24.6,24.6,0.0,5.0,65,43.0,83.5,344,Rain: Heavy,0,0,
83634,2021-09-01 12:52:00,40.768795,-73.97031,1,0,Driver Inattention/Distraction,4452751,23.2,18.4,121.7,121.7,0.0,18.0,65,43.2,78.5,42,Rain: Heavy,1,1,
83635,2021-09-02 11:37:00,40.662678,-73.9851,0,0,Unspecified,4453217,24.5,15.0,24.6,24.6,0.0,5.0,65,43.0,83.5,344,Rain: Heavy,0,0,
83636,2021-09-01 10:51:00,40.814224,-73.8826,0,0,Unspecified,4453058,23.2,18.4,121.7,121.7,0.0,18.0,65,43.2,78.5,42,Rain: Heavy,0,0,
83637,2021-09-03 15:34:00,40.74242,-73.826546,0,0,Following Too Closely,4453696,21.9,14.0,0.0,0.0,0.0,0.0,3,14.5,30.2,321,Overcast,0,0,
83638,2021-09-03 09:12:00,40.685513,-73.97429,1,0,Traffic Control Disregarded,4453371,21.9,14.0,0.0,0.0,0.0,0.0,3,14.5,30.2,321,Overcast,1,1,
83639,2021-09-02 13:00:00,40.816696,-73.923096,1,0,Driver Inattention/Distraction,4453107,24.5,15.0,24.6,24.6,0.0,5.0,65,43.0,83.5,344,Rain: Heavy,1,1,
83640,2021-09-01 16:00:00,40.7098,-74.00883,0,0,Unspecified,4452862,23.2,18.4,121.7,121.7,0.0,18.0,65,43.2,78.5,42,Rain: Heavy,0,0,
83641,2021-09-01 14:08:00,40.629986,-73.97157,0,0,Unspecified,4452979,23.2,18.4,121.7,121.7,0.0,18.0,65,43.2,78.5,42,Rain: Heavy,0,0,
83642,2021-09-02 22:53:00,40.713974,-73.97997,1,0,Alcohol Involvement,4453647,24.5,15.0,24.6,24.6,0.0,5.0,65,43.0,83.5,344,Rain: Heavy,1,1,
83643,2021-09-02 07:00:00,40.790165,-73.80753,0,0,Unspecified,4453086,24.5,15.0,24.6,24.6,0.0,5.0,65,43.0,83.5,344,Rain: Heavy,0,0,
83644,2021-09-01 14:30:00,40.67577,-73.81695,0,0,Passing Too Closely,4453026,23.2,18.4,121.7,121.7,0.0,18.0,65,43.2,78.5,42,Rain: Heavy,0,0,
83645,2021-09-01 15:00:00,40.617954,-74.07766,0,0,Unspecified,4453854,23.2,18.4,121.7,121.7,0.0,18.0,65,43.2,78.5,42,Rain: Heavy,0,0,
83646,2021-09-01 13:47:00,40.608833,-74.12118,1,0,Following Too Closely,4453399,23.2,18.4,121.7,121.7,0.0,18.0,65,43.2,78.5,42,Rain: Heavy,1,1,
83647,2021-08-11 13:10:00,40.67279,-73.922226,0,0,Driver Inattention/Distraction,4453942,31.2,23.2,2.8,2.8,0.0,7.0,55,23.7,44.6,206,Drizzle: Dense,0,0,
83648,2021-09-02 01:45:00,40.652435,-73.91183,2,0,Unspecified,4453931,24.5,15.0,24.6,24.6,0.0,5.0,65,43.0,83.5,344,Rain: Heavy,2,2,
83649,2021-09-01 09:40:00,40.64067,-73.953094,0,0,Unspecified,4452912,23.2,18.4,121.7,121.7,0.0,18.0,65,43.2,78.5,42,Rain: Heavy,0,0,
83650,2021-09-03 14:00:00,40.69993,-73.96188,0,0,Fatigued/Drowsy,4453557,21.9,14.0,0.0,0.0,0.0,0.0,3,14.5,30.2,321,Overcast,0,0,
83651,2021-09-01 17:19:00,40.67021,-73.898346,1,0,Failure to Yield Right-of-Way,4453261,23.2,18.4,121.7,121.7,0.0,18.0,65,43.2,78.5,42,Rain: Heavy,1,1,
83652,2021-09-01 16:31:00,40.643337,-73.98926,1,0,Unspecified,4452988,23.2,18.4,121.7,121.7,0.0,18.0,65,43.2,78.5,42,Rain: Heavy,1,1,
83653,2021-09-01 14:36:00,40.856323,-73.87244,0,0,Pavement Slippery,4452872,23.2,18.4,121.7,121.7,0.0,18.0,65,43.2,78.5,42,Rain: Heavy,0,0,
83654,2021-09-02 09:30:00,40.729443,-73.82551,1,0,Failure to Yield Right-of-Way,4453187,24.5,15.0,24.6,24.6,0.0,5.0,65,43.0,83.5,344,Rain: Heavy,1,1,
83655,2021-09-02 14:20:00,40.606674,-73.99252,0,0,Unspecified,4453202,24.5,15.0,24.6,24.6,0.0,5.0,65,43.0,83.5,344,Rain: Heavy,0,0,
83656,2021-09-01 13:09:00,40.67759,-73.74479,0,0,Passing or Lane Usage Improper,4453414,23.2,18.4,121.7,121.7,0.0,18.0,65,43.2,78.5,42,Rain: Heavy,0,0,
83657,2021-09-02 08:47:00,40.62285,-73.95479,0,0,Obstruction/Debris,4453491,24.5,15.0,24.6,24.6,0.0,5.0,65,43.0,83.5,344,Rain: Heavy,0,0,
83658,2021-09-02 02:30:00,40.75011,-73.99634,0,0,Unspecified,4453140,24.5,15.0,24.6,24.6,0.0,5.0,65,43.0,83.5,344,Rain: Heavy,0,0,
83659,2021-08-31 19:30:00,40.71122,-73.72827,1,0,Unspecified,4453725,28.5,21.2,0.0,0.0,0.0,0.0,3,15.5,29.9,301,Overcast,1,1,
83660,2021-09-03 12:00:00,40.743084,-73.9358,1,0,Driver Inattention/Distraction,4453459,21.9,14.0,0.0,0.0,0.0,0.0,3,14.5,30.2,321,Overcast,1,1,
83661,2021-09-01 11:45:00,40.82256,-73.87101,0,0,Failure to Yield Right-of-Way,4453903,23.2,18.4,121.7,121.7,0.0,18.0,65,43.2,78.5,42,Rain: Heavy,0,0,
83662,2021-09-02 22:07:00,40.823257,-73.84902,0,0,Unspecified,4453239,24.5,15.0,24.6,24.6,0.0,5.0,65,43.0,83.5,344,Rain: Heavy,0,0,
83663,2021-09-02 19:05:00,40.636967,-73.9865,0,0,Unspecified,4454062,24.5,15.0,24.6,24.6,0.0,5.0,65,43.0,83.5,344,Rain: Heavy,0,0,
83664,2021-09-02 17:00:00,40.82093,-73.93739,1,0,Driver Inattention/Distraction,4453327,24.5,15.0,24.6,24.6,0.0,5.0,65,43.0,83.5,344,Rain: Heavy,1,1,
83665,2021-08-31 22:00:00,40.7031,-73.73038,0,0,Unspecified,4453531,28.5,21.2,0.0,0.0,0.0,0.0,3,15.5,29.9,301,Overcast,0,0,
83666,2021-08-24 21:13:00,40.584057,-74.16102,1,0,Unspecified,4453518,30.6,21.9,0.0,0.0,0.0,0.0,1,13.9,28.1,291,Mainly clear,1,1,Sunny/Clear Conditions
83667,2021-09-01 20:35:00,40.650208,-73.95244,0,0,Unspecified,4452922,23.2,18.4,121.7,121.7,0.0,18.0,65,43.2,78.5,42,Rain: Heavy,0,0,
83668,2021-09-02 14:30:00,40.708294,-73.7385,0,0,Unspecified,4453830,24.5,15.0,24.6,24.6,0.0,5.0,65,43.0,83.5,344,Rain: Heavy,0,0,
83669,2021-09-01 16:00:00,40.73966,-73.880516,0,0,Driver Inattention/Distraction,4453154,23.2,18.4,121.7,121.7,0.0,18.0,65,43.2,78.5,42,Rain: Heavy,0,0,
83670,2021-09-02 14:10:00,40.73789,-73.76794,0,0,Backing Unsafely,4453258,24.5,15.0,24.6,24.6,0.0,5.0,65,43.0,83.5,344,Rain: Heavy,0,0,
83671,2021-09-02 16:16:00,40.810627,-73.95828,1,0,Turning Improperly,4453272,24.5,15.0,24.6,24.6,0.0,5.0,65,43.0,83.5,344,Rain: Heavy,1,1,
83672,2021-09-03 18:30:00,40.647266,-73.92408,1,0,Unsafe Lane Changing,4453627,21.9,14.0,0.0,0.0,0.0,0.0,3,14.5,30.2,321,Overcast,1,1,
83673,2021-09-02 15:00:00,40.73769,-73.76858,2,0,Unspecified,4453428,24.5,15.0,24.6,24.6,0.0,5.0,65,43.0,83.5,344,Rain: Heavy,2,2,
83674,2021-09-01 15:00:00,40.68342,-73.97545,0,0,Unspecified,4453292,23.2,18.4,121.7,121.7,0.0,18.0,65,43.2,78.5,42,Rain: Heavy,0,0,
83675,2021-09-01 23:00:00,40.734566,-73.72269,0,0,Unspecified,4453413,23.2,18.4,121.7,121.7,0.0,18.0,65,43.2,78.5,42,Rain: Heavy,0,0,
83676,2021-08-24 13:00:00,40.60023,-73.9956,0,0,Driver Inattention/Distraction,4454066,30.6,21.9,0.0,0.0,0.0,0.0,1,13.9,28.1,291,Mainly clear,0,0,Sunny/Clear Conditions
83677,2021-09-01 10:30:00,40.65661,-73.93091,0,0,Unspecified,4453391,23.2,18.4,121.7,121.7,0.0,18.0,65,43.2,78.5,42,Rain: Heavy,0,0,
83678,2021-09-01 10:10:00,40.63217,-73.89669,2,0,Driver Inexperience,4452811,23.2,18.4,121.7,121.7,0.0,18.0,65,43.2,78.5,42,Rain: Heavy,2,2,
83679,2021-09-02 11:02:00,40.79814,-73.94051,1,0,Unsafe Speed,4453081,24.5,15.0,24.6,24.6,0.0,5.0,65,43.0,83.5,344,Rain: Heavy,1,1,
83680,2021-09-02 14:26:00,40.69768,-73.73577,1,0,Failure to Yield Right-of-Way,4453222,24.5,15.0,24.6,24.6,0.0,5.0,65,43.0,83.5,344,Rain: Heavy,1,1,
83681,2021-09-01 05:57:00,40.62079,-74.04048,2,0,Unsafe Speed,4452852,23.2,18.4,121.7,121.7,0.0,18.0,65,43.2,78.5,42,Rain: Heavy,2,2,
83682,2021-08-23 07:50:00,40.696686,-73.9378,1,0,Following Too Closely,4454024,28.7,22.0,36.1,36.1,0.0,19.0,65,27.4,49.3,230,Rain: Heavy,1,1,
83683,2021-09-02 19:23:00,40.726746,-74.00898,1,0,Unspecified,4453386,24.5,15.0,24.6,24.6,0.0,5.0,65,43.0,83.5,344,Rain: Heavy,1,1,
83684,2021-09-03 21:55:00,40.86038,-73.88889,0,0,Alcohol Involvement,4454128,21.9,14.0,0.0,0.0,0.0,0.0,3,14.5,30.2,321,Overcast,0,0,
83685,2021-09-01 20:27:00,40.70293,-73.81903,1,0,Traffic Control Disregarded,4453115,23.2,18.4,121.7,121.7,0.0,18.0,65,43.2,78.5,42,Rain: Heavy,1,1,
83686,2021-09-01 19:10:00,40.761204,-73.75539,0,0,Pavement Slippery,4453103,23.2,18.4,121.7,121.7,0.0,18.0,65,43.2,78.5,42,Rain: Heavy,0,0,
83687,2021-09-01 08:30:00,40.852383,-73.90365,0,0,Driver Inattention/Distraction,4452736,23.2,18.4,121.7,121.7,0.0,18.0,65,43.2,78.5,42,Rain: Heavy,0,0,
83688,2021-09-02 19:40:00,40.575596,-74.09598,0,0,Backing Unsafely,4453403,24.5,15.0,24.6,24.6,0.0,5.0,65,43.0,83.5,344,Rain: Heavy,0,0,
83689,2021-09-01 05:00:00,40.692547,-73.90736,0,0,Driver Inattention/Distraction,4453957,23.2,18.4,121.7,121.7,0.0,18.0,65,43.2,78.5,42,Rain: Heavy,0,0,
83690,2021-09-02 13:25:00,40.76363,-73.9533,0,0,Unspecified,4454174,24.5,15.0,24.6,24.6,0.0,5.0,65,43.0,83.5,344,Rain: Heavy,0,0,
83691,2021-09-01 19:02:00,40.694214,-73.95932,1,0,Failure to Yield Right-of-Way,4453240,23.2,18.4,121.7,121.7,0.0,18.0,65,43.2,78.5,42,Rain: Heavy,1,1,
83692,2021-08-31 16:00:00,40.814632,-73.9442,0,0,Other Vehicular,4454154,28.5,21.2,0.0,0.0,0.0,0.0,3,15.5,29.9,301,Overcast,0,0,
83693,2021-08-30 14:45:00,40.72285,-73.98542,0,0,Unspecified,4453354,28.7,21.7,3.9,3.9,0.0,7.0,63,14.7,33.8,231,Rain: Moderate,0,0,
83694,2021-08-04 10:31:00,40.773964,-73.9228,0,0,Lost Consciousness,4453858,24.3,17.5,0.1,0.1,0.0,1.0,51,13.7,27.4,57,Drizzle: Light,0,0,
83695,2021-09-03 15:59:00,40.770054,-73.914406,1,0,Unspecified,4453553,21.9,14.0,0.0,0.0,0.0,0.0,3,14.5,30.2,321,Overcast,1,1,
83696,2021-09-02 21:08:00,40.69205,-73.982544,0,0,Following Too Closely,4453278,24.5,15.0,24.6,24.6,0.0,5.0,65,43.0,83.5,344,Rain: Heavy,0,0,
83697,2021-09-02 18:57:00,40.812283,-73.90447,1,0,Driver Inattention/Distraction,4453305,24.5,15.0,24.6,24.6,0.0,5.0,65,43.0,83.5,344,Rain: Heavy,1,1,
83698,2021-09-02 00:19:00,40.78519,-73.95143,0,0,Pavement Defective,4452962,24.5,15.0,24.6,24.6,0.0,5.0,65,43.0,83.5,344,Rain: Heavy,0,0,
83699,2021-09-02 15:00:00,40.624653,-73.99933,1,0,Turning Improperly,4453191,24.5,15.0,24.6,24.6,0.0,5.0,65,43.0,83.5,344,Rain: Heavy,1,1,
83700,2021-09-02 18:00:00,40.60174,-73.990395,0,0,Backing Unsafely,4453197,24.5,15.0,24.6,24.6,0.0,5.0,65,43.0,83.5,344,Rain: Heavy,0,0,
83701,2021-09-01 04:03:00,40.781246,-73.9479,0,0,Driver Inattention/Distraction,4452636,23.2,18.4,121.7,121.7,0.0,18.0,65,43.2,78.5,42,Rain: Heavy,0,0,
83702,2021-09-01 21:45:00,40.833065,-73.85974,0,0,Reaction to Uninvolved Vehicle,4453005,23.2,18.4,121.7,121.7,0.0,18.0,65,43.2,78.5,42,Rain: Heavy,0,0,
83703,2021-09-03 10:25:00,40.70593,-73.87492,0,0,Driver Inattention/Distraction,4453973,21.9,14.0,0.0,0.0,0.0,0.0,3,14.5,30.2,321,Overcast,0,0,
83704,2021-09-02 07:30:00,40.720703,-73.74111,0,0,Backing Unsafely,4453021,24.5,15.0,24.6,24.6,0.0,5.0,65,43.0,83.5,344,Rain: Heavy,0,0,