,CRASH DATETIME,LATITUDE,LONGITUDE,NUMBER OF PERSONS INJURED,NUMBER OF PERSONS KILLED,CONTRIBUTING FACTOR VEHICLE 1,COLLISION_ID,temperature_2m_max,temperature_2m_min,precipitation_sum,rain_sum,snowfall_sum,precipitation_hours,weather_code,wind_speed_10m_max,wind_gusts_10m_max,wind_direction_10m_dominant,Weather Description,Severity_Score,Total_Affected_Persons,Weather_Category
83705,2021-09-02 01:00:00,40.768887,-73.90691,0,0,Unspecified,4453322,24.5,15.0,24.6,24.6,0.0,5.0,65,43.0,83.5,344,Rain: Heavy,0,0,
83706,2021-09-02 05:41:00,40.65488,-73.96189,1,0,Unspecified,4453487,24.5,15.0,24.6,24.6,0.0,5.0,65,43.0,83.5,344,Rain: Heavy,1,1,
83707,2021-08-23 12:30:00,40.75607,-73.88059,0,0,,4453339,28.7,22.0,36.1,36.1,0.0,19.0,65,27.4,49.3,230,Rain: Heavy,0,0,
83708,2021-09-01 13:30:00,40.67098,-73.9595,0,0,Driver Inattention/Distraction,4452918,23.2,18.4,121.7,121.7,0.0,18.0,65,43.2,78.5,42,Rain: Heavy,0,0,
83709,2021-09-01 15:20:00,40.67101,-73.92239,1,0,Unspecified,4453986,23.2,18.4,121.7,121.7,0.0,18.0,65,43.2,78.5,42,Rain: Heavy,1,1,
83710,2021-09-01 20:47:00,40.758427,-73.99264,0,0,Turning Improperly,4453123,23.2,18.4,121.7,121.7,0.0,18.0,65,43.2,78.5,42,Rain: Heavy,0,0,
83711,2021-09-02 23:08:00,40.701805,-73.74115,1,0,Failure to Yield Right-of-Way,4453418,24.5,15.0,24.6,24.6,0.0,5.0,65,43.0,83.5,344,Rain: Heavy,1,1,
83712,2021-08-24 19:00:00,40.706966,-73.77338,0,0,Driver Inattention/Distraction,4453455,30.6,21.9,0.0,0.0,0.0,0.0,1,13.9,28.1,291,Mainly clear,0,0,Sunny/Clear Conditions
83713,2021-09-03 08:40:00,40.749336,-73.94036,0,0,Driver Inattention/Distraction,4453719,21.9,14.0,0.0,0.0,0.0,0.0,3,14.5,30.2,321,Overcast,0,0,
83714,2021-09-03 10:05:00,40.61239,-74.000916,1,0,Driver Inattention/Distraction,4454050,21.9,14.0,0.0,0.0,0.0,0.0,3,14.5,30.2,321,Overcast,1,1,
83715,2021-09-03 10:45:00,40.827812,-73.925934,2,0,Traffic Control Disregarded,4453651,21.9,14.0,0.0,0.0,0.0,0.0,3,14.5,30.2,321,Overcast,2,2,
83716,2021-09-01 15:00:00,40.669476,-73.919975,0,0,Unspecified,4453513,23.2,18.4,121.7,121.7,0.0,18.0,65,43.2,78.5,42,Rain: Heavy,0,0,
83717,2021-09-02 01:05:00,40.82967,-73.931076,0,0,Turning Improperly,4453787,24.5,15.0,24.6,24.6,0.0,5.0,65,43.0,83.5,344,Rain: Heavy,0,0,
83718,2021-08-23 14:00:00,40.700054,-73.78657,0,0,Unsafe Speed,4453843,28.7,22.0,36.1,36.1,0.0,19.0,65,27.4,49.3,230,Rain: Heavy,0,0,
83719,2021-09-01 22:57:00,40.754875,-73.96853,0,0,Tinted Windows,4452945,23.2,18.4,121.7,121.7,0.0,18.0,65,43.2,78.5,42,Rain: Heavy,0,0,
83720,2021-08-30 05:30:00,40.702755,-73.91012,0,0,Illnes,4453963,28.7,21.7,3.9,3.9,0.0,7.0,63,14.7,33.8,231,Rain: Moderate,0,0,
83721,2021-09-02 01:15:00,40.662113,-73.89002,0,0,Backing Unsafely,4453254,24.5,15.0,24.6,24.6,0.0,5.0,65,43.0,83.5,344,Rain: Heavy,0,0,
83722,2021-09-02 15:45:00,40.598415,-74.08239,0,0,Driver Inattention/Distraction,4453396,24.5,15.0,24.6,24.6,0.0,5.0,65,43.0,83.5,344,Rain: Heavy,0,0,
83723,2021-09-02 18:44:00,40.829647,-73.94439,1,0,Driver Inattention/Distraction,4453376,24.5,15.0,24.6,24.6,0.0,5.0,65,43.0,83.5,344,Rain: Heavy,1,1,
83724,2021-09-03 20:22:00,40.643894,-73.93826,1,0,Failure to Yield Right-of-Way,4453631,21.9,14.0,0.0,0.0,0.0,0.0,3,14.5,30.2,321,Overcast,1,1,
83725,2021-08-29 00:00:00,40.698246,-73.98055,0,0,Alcohol Involvement,4454088,24.5,19.7,2.5,2.5,0.0,9.0,53,13.6,25.6,98,Drizzle: Moderate,0,0,
83726,2021-08-01 23:49:00,40.909615,-73.89769,1,0,Traffic Control Disregarded,4453851,24.4,16.6,0.8,0.8,0.0,5.0,51,19.9,39.2,168,Drizzle: Light,1,1,
83727,2021-09-01 08:00:00,40.87618,-73.90943,0,0,Unspecified,4453863,23.2,18.4,121.7,121.7,0.0,18.0,65,43.2,78.5,42,Rain: Heavy,0,0,
83728,2021-09-03 02:22:00,40.75218,-73.85201,0,0,Driver Inattention/Distraction,4453445,21.9,14.0,0.0,0.0,0.0,0.0,3,14.5,30.2,321,Overcast,0,0,
83729,2021-09-01 08:05:00,40.595394,-74.167564,0,0,Backing Unsafely,4453311,23.2,18.4,121.7,121.7,0.0,18.0,65,43.2,78.5,42,Rain: Heavy,0,0,
83730,2021-09-03 12:40:00,40.819878,-73.85777,0,0,Driver Inattention/Distraction,4453566,21.9,14.0,0.0,0.0,0.0,0.0,3,14.5,30.2,321,Overcast,0,0,
83731,2021-09-01 13:20:00,40.62847,-74.002525,0,0,Traffic Control Disregarded,4453408,23.2,18.4,121.7,121.7,0.0,18.0,65,43.2,78.5,42,Rain: Heavy,0,0,
83732,2021-09-03 17:35:00,40.684002,-73.863434,2,0,Passing or Lane Usage Improper,4454144,21.9,14.0,0.0,0.0,0.0,0.0,3,14.5,30.2,321,Overcast,2,2,
83733,2021-09-02 09:20:00,40.680035,-73.9055,0,0,Driver Inattention/Distraction,4453509,24.5,15.0,24.6,24.6,0.0,5.0,65,43.0,83.5,344,Rain: Heavy,0,0,
83734,2021-08-31 11:00:00,40.81899,-73.8867,1,0,Unspecified,4453846,28.5,21.2,0.0,0.0,0.0,0.0,3,15.5,29.9,301,Overcast,1,1,
83735,2021-08-30 20:45:00,40.669712,-73.94774,0,0,Driver Inattention/Distraction,4454032,28.7,21.7,3.9,3.9,0.0,7.0,63,14.7,33.8,231,Rain: Moderate,0,0,
83736,2021-09-02 08:10:00,40.77656,-73.95271,1,0,Driver Inattention/Distraction,4453016,24.5,15.0,24.6,24.6,0.0,5.0,65,43.0,83.5,344,Rain: Heavy,1,1,
83737,2021-09-01 07:35:00,40.75097,-73.90953,0,0,Driver Inattention/Distraction,4452838,23.2,18.4,121.7,121.7,0.0,18.0,65,43.2,78.5,42,Rain: Heavy,0,0,
83738,2021-09-01 06:15:00,40.746113,-73.73576,0,0,Traffic Control Disregarded,4452727,23.2,18.4,121.7,121.7,0.0,18.0,65,43.2,78.5,42,Rain: Heavy,0,0,
83739,2021-09-01 18:05:00,40.760117,-73.98484,0,0,Driver Inattention/Distraction,4453072,23.2,18.4,121.7,121.7,0.0,18.0,65,43.2,78.5,42,Rain: Heavy,0,0,
83740,2021-09-01 14:30:00,40.61086,-74.088875,0,0,Unspecified,4453131,23.2,18.4,121.7,121.7,0.0,18.0,65,43.2,78.5,42,Rain: Heavy,0,0,
83741,2021-09-01 20:00:00,40.54823,-74.220665,0,0,Unsafe Speed,4454123,23.2,18.4,121.7,121.7,0.0,18.0,65,43.2,78.5,42,Rain: Heavy,0,0,
83742,2021-09-01 19:00:00,40.74554,-73.7768,1,0,Unspecified,4452890,23.2,18.4,121.7,121.7,0.0,18.0,65,43.2,78.5,42,Rain: Heavy,1,1,
83743,2021-09-01 17:59:00,40.671013,-73.75818,1,0,Unspecified,4452880,23.2,18.4,121.7,121.7,0.0,18.0,65,43.2,78.5,42,Rain: Heavy,1,1,
83744,2021-09-02 09:40:00,40.811638,-73.9316,1,0,Driver Inattention/Distraction,4453095,24.5,15.0,24.6,24.6,0.0,5.0,65,43.0,83.5,344,Rain: Heavy,1,1,
83745,2021-09-02 06:00:00,40.641205,-73.877205,1,0,Reaction to Uninvolved Vehicle,4453246,24.5,15.0,24.6,24.6,0.0,5.0,65,43.0,83.5,344,Rain: Heavy,1,1,
83746,2021-09-03 18:23:00,40.80897,-73.94833,1,0,Driver Inattention/Distraction,4453779,21.9,14.0,0.0,0.0,0.0,0.0,3,14.5,30.2,321,Overcast,1,1,
83747,2021-09-03 00:00:00,40.665794,-73.89625,1,0,View Obstructed/Limited,4453423,21.9,14.0,0.0,0.0,0.0,0.0,3,14.5,30.2,321,Overcast,1,1,
83748,2021-09-03 21:23:00,40.762802,-73.965675,2,0,Driver Inattention/Distraction,4454179,21.9,14.0,0.0,0.0,0.0,0.0,3,14.5,30.2,321,Overcast,2,2,
83749,2021-09-03 12:15:00,40.775257,-73.824554,1,0,Failure to Yield Right-of-Way,4453482,21.9,14.0,0.0,0.0,0.0,0.0,3,14.5,30.2,321,Overcast,1,1,
83750,2021-08-28 03:00:00,40.678455,-73.949684,0,0,Driver Inattention/Distraction,4453350,26.2,20.2,3.9,3.9,0.0,18.0,53,23.5,45.0,65,Drizzle: Moderate,0,0,
83751,2021-09-03 16:00:00,40.80543,-73.92087,0,0,Unspecified,4453608,21.9,14.0,0.0,0.0,0.0,0.0,3,14.5,30.2,321,Overcast,0,0,
83752,2021-09-02 03:00:00,40.812813,-73.94181,0,0,Other Vehicular,4452938,24.5,15.0,24.6,24.6,0.0,5.0,65,43.0,83.5,344,Rain: Heavy,0,0,
83753,2021-09-01 13:50:00,40.818504,-73.91448,0,0,Unspecified,4452968,23.2,18.4,121.7,121.7,0.0,18.0,65,43.2,78.5,42,Rain: Heavy,0,0,
83754,2021-09-01 18:50:00,40.662033,-73.921135,1,0,Driver Inattention/Distraction,4453213,23.2,18.4,121.7,121.7,0.0,18.0,65,43.2,78.5,42,Rain: Heavy,1,1,
83755,2021-09-02 15:42:00,40.8703,-73.839905,0,0,Failure to Yield Right-of-Way,4453179,24.5,15.0,24.6,24.6,0.0,5.0,65,43.0,83.5,344,Rain: Heavy,0,0,
83756,2021-09-02 20:37:00,40.683094,-73.80576,0,0,Unsafe Speed,4453301,24.5,15.0,24.6,24.6,0.0,5.0,65,43.0,83.5,344,Rain: Heavy,0,0,
83757,2021-09-03 12:05:00,40.73277,-73.94282,0,0,Passing or Lane Usage Improper,4453467,21.9,14.0,0.0,0.0,0.0,0.0,3,14.5,30.2,321,Overcast,0,0,
83758,2021-09-02 19:25:00,40.79573,-73.93267,0,0,Unspecified,4453318,24.5,15.0,24.6,24.6,0.0,5.0,65,43.0,83.5,344,Rain: Heavy,0,0,
83759,2021-09-03 10:51:00,40.79286,-73.96754,0,0,Failure to Keep Right,4453450,21.9,14.0,0.0,0.0,0.0,0.0,3,14.5,30.2,321,Overcast,0,0,
83760,2021-08-28 14:30:00,40.7508,-73.86164,0,0,Driver Inattention/Distraction,4453335,26.2,20.2,3.9,3.9,0.0,18.0,53,23.5,45.0,65,Drizzle: Moderate,0,0,
83761,2021-09-02 01:15:00,40.622093,-73.937515,0,0,Driver Inattention/Distraction,4452924,24.5,15.0,24.6,24.6,0.0,5.0,65,43.0,83.5,344,Rain: Heavy,0,0,
83762,2021-09-01 11:48:00,40.725243,-73.933914,1,0,Unsafe Lane Changing,4453283,23.2,18.4,121.7,121.7,0.0,18.0,65,43.2,78.5,42,Rain: Heavy,1,1,
83763,2021-09-01 16:13:00,40.81569,-73.958305,1,0,Pedestrian/Bicyclist/Other Pedestrian Error/Confusion,4453709,23.2,18.4,121.7,121.7,0.0,18.0,65,43.2,78.5,42,Rain: Heavy,1,1,
83764,2021-09-01 22:20:00,40.61687,-74.13592,0,0,Unspecified,4453525,23.2,18.4,121.7,121.7,0.0,18.0,65,43.2,78.5,42,Rain: Heavy,0,0,
83765,2021-09-02 10:00:00,40.74407,-73.88505,0,0,Backing Unsafely,4453155,24.5,15.0,24.6,24.6,0.0,5.0,65,43.0,83.5,344,Rain: Heavy,0,0,
83766,2021-08-22 00:00:00,40.67224,-73.96104,0,0,Unspecified,4453923,23.9,22.5,56.2,56.2,0.0,21.0,63,19.8,36.0,299,Rain: Moderate,0,0,
83767,2021-09-03 20:13:00,40.765205,-73.91392,1,0,Unspecified,4453549,21.9,14.0,0.0,0.0,0.0,0.0,3,14.5,30.2,321,Overcast,1,1,
83768,2021-09-03 23:53:00,40.691708,-73.94849,0,0,Following Too Closely,4453886,21.9,14.0,0.0,0.0,0.0,0.0,3,14.5,30.2,321,Overcast,0,0,
83769,2021-09-03 13:36:00,40.748512,-73.98872,0,0,Unspecified,4453749,21.9,14.0,0.0,0.0,0.0,0.0,3,14.5,30.2,321,Overcast,0,0,
83770,2021-09-03 16:50:00,40.675213,-73.7378,0,0,Unspecified,4453472,21.9,14.0,0.0,0.0,0.0,0.0,3,14.5,30.2,321,Overcast,0,0,
83771,2021-09-02 16:04:00,40.73462,-73.874214,1,0,Driver Inattention/Distraction,4453170,24.5,15.0,24.6,24.6,0.0,5.0,65,43.0,83.5,344,Rain: Heavy,1,1,
83772,2021-09-02 14:25:00,40.715366,-73.98987,0,0,Driver Inattention/Distraction,4453589,24.5,15.0,24.6,24.6,0.0,5.0,65,43.0,83.5,344,Rain: Heavy,0,0,
83773,2021-09-01 15:29:00,40.796074,-73.94349,1,0,Driver Inexperience,4453435,23.2,18.4,121.7,121.7,0.0,18.0,65,43.2,78.5,42,Rain: Heavy,1,1,
83774,2021-09-02 12:19:00,40.844685,-73.9408,0,0,Passing Too Closely,4453345,24.5,15.0,24.6,24.6,0.0,5.0,65,43.0,83.5,344,Rain: Heavy,0,0,
83775,2021-09-02 02:45:00,40.735092,-73.79099,0,0,Unspecified,4453184,24.5,15.0,24.6,24.6,0.0,5.0,65,43.0,83.5,344,Rain: Heavy,0,0,
83776,2021-09-02 17:30:00,40.85681,-73.88757,0,0,Driver Inattention/Distraction,4454207,24.5,15.0,24.6,24.6,0.0,5.0,65,43.0,83.5,344,Rain: Heavy,0,0,
83777,2021-09-01 16:55:00,40.750217,-73.979065,1,0,Driver Inattention/Distraction,4452954,23.2,18.4,121.7,121.7,0.0,18.0,65,43.2,78.5,42,Rain: Heavy,1,1,
83778,2022-01-27 08:58:00,40.840473,-73.87399,1,0,Driver Inattention/Distraction,4498796,-0.3,-9.6,0.0,0.0,0.0,0.0,3,18.7,37.1,184,Overcast,1,1,
83779,2022-01-31 18:01:00,40.82499,-73.91662,0,0,Passing Too Closely,4498946,-3.4,-17.1,0.0,0.0,0.0,0.0,3,12.2,18.0,23,Overcast,0,0,
83780,2022-01-29 06:00:00,40.78168,-73.82102,0,0,Pavement Slippery,4498499,-1.7,-12.9,17.6,0.1,12.25,19.0,75,39.7,72.7,336,Snow fall: Heavy,0,0,Snowy Conditions
83781,2022-01-30 09:00:00,40.74504,-73.7345,0,0,Pavement Slippery,4498301,-5.4,-13.8,0.0,0.0,0.0,0.0,3,28.5,50.0,290,Overcast,0,0,
83782,2022-01-31 15:00:00,40.658733,-73.727745,1,0,Backing Unsafely,4498879,-3.4,-17.1,0.0,0.0,0.0,0.0,3,12.2,18.0,23,Overcast,1,1,
83783,2022-01-30 16:54:00,40.822704,-73.886345,0,0,Driver Inattention/Distraction,4498731,-5.4,-13.8,0.0,0.0,0.0,0.0,3,28.5,50.0,290,Overcast,0,0,
83784,2022-01-28 10:00:00,40.61917,-74.03186,0,0,Driver Inattention/Distraction,4498022,1.0,-3.1,2.4,0.0,1.68,13.0,73,18.7,31.3,251,Snow fall: Moderate,0,0,Snowy Conditions
83785,2022-01-22 16:14:00,40.68829,-73.9391,0,0,Alcohol Involvement,4498286,-1.3,-12.3,0.0,0.0,0.0,0.0,3,18.4,32.8,1,Overcast,0,0,
83786,2022-01-29 02:18:00,40.652767,-73.8863,3,0,Pavement Slippery,4499054,-1.7,-12.9,17.6,0.1,12.25,19.0,75,39.7,72.7,336,Snow fall: Heavy,3,3,Snowy Conditions
83787,2022-01-27 15:30:00,40.816044,-73.91195,1,0,Failure to Yield Right-of-Way,4498008,-0.3,-9.6,0.0,0.0,0.0,0.0,3,18.7,37.1,184,Overcast,1,1,
83788,2022-01-31 18:15:00,40.69245,-73.811005,0,0,Reaction to Uninvolved Vehicle,4498929,-3.4,-17.1,0.0,0.0,0.0,0.0,3,12.2,18.0,23,Overcast,0,0,
83789,2022-01-27 08:09:00,0.0,0.0,0,0,Driver Inexperience,4498240,-0.3,-9.6,0.0,0.0,0.0,0.0,3,18.7,37.1,184,Overcast,0,0,
83790,2022-01-23 08:04:00,40.906456,-73.898544,0,0,Unspecified,4498140,2.8,-6.1,0.5,0.0,0.35,3.0,71,14.2,28.1,243,Snow fall: Light,0,0,Snowy Conditions
83791,2022-01-30 10:30:00,40.603504,-73.99939,0,0,Pavement Slippery,4498333,-5.4,-13.8,0.0,0.0,0.0,0.0,3,28.5,50.0,290,Overcast,0,0,
83792,2022-01-28 18:00:00,40.729767,-73.824356,0,0,Reaction to Uninvolved Vehicle,4498372,1.0,-3.1,2.4,0.0,1.68,13.0,73,18.7,31.3,251,Snow fall: Moderate,0,0,Snowy Conditions
83793,2022-01-28 19:30:00,40.738277,-73.721466,0,0,Unspecified,4498168,1.0,-3.1,2.4,0.0,1.68,13.0,73,18.7,31.3,251,Snow fall: Moderate,0,0,Snowy Conditions
83794,2022-01-26 16:30:00,40.759026,-73.85805,0,0,Driver Inattention/Distraction,4498037,-3.1,-8.0,0.0,0.0,0.0,0.0,0,20.5,39.6,328,Clear sky,0,0,Sunny/Clear Conditions
83795,2022-01-31 02:05:00,40.73826,-73.87928,0,0,Driver Inattention/Distraction,4498614,-3.4,-17.1,0.0,0.0,0.0,0.0,3,12.2,18.0,23,Overcast,0,0,
83796,2022-01-26 15:00:00,40.741493,-73.87503,0,0,Unspecified,4498383,-3.1,-8.0,0.0,0.0,0.0,0.0,0,20.5,39.6,328,Clear sky,0,0,Sunny/Clear Conditions
83797,2022-01-28 20:15:00,40.826256,-73.88881,0,0,Unspecified,4498153,1.0,-3.1,2.4,0.0,1.68,13.0,73,18.7,31.3,251,Snow fall: Moderate,0,0,Snowy Conditions
83798,2022-01-28 08:50:00,40.6922,-73.79173,0,0,Unsafe Speed,4498121,1.0,-3.1,2.4,0.0,1.68,13.0,73,18.7,31.3,251,Snow fall: Moderate,0,0,Snowy Conditions
83799,2022-01-26 14:30:00,40.712612,-73.79323,1,0,,4499395,-3.1,-8.0,0.0,0.0,0.0,0.0,0,20.5,39.6,328,Clear sky,1,1,Sunny/Clear Conditions
83800,2022-01-30 23:11:00,40.696465,-73.91826,0,0,Unspecified,4498714,-5.4,-13.8,0.0,0.0,0.0,0.0,3,28.5,50.0,290,Overcast,0,0,
83801,2022-01-28 08:40:00,40.72454,-73.86937,0,0,Following Too Closely,4498400,1.0,-3.1,2.4,0.0,1.68,13.0,73,18.7,31.3,251,Snow fall: Moderate,0,0,Snowy Conditions
83802,2022-01-31 06:00:00,40.64898,-73.9301,0,0,Driver Inattention/Distraction,4498769,-3.4,-17.1,0.0,0.0,0.0,0.0,3,12.2,18.0,23,Overcast,0,0,
83803,2022-01-27 07:50:00,40.839447,-73.88384,0,0,Traffic Control Disregarded,4498764,-0.3,-9.6,0.0,0.0,0.0,0.0,3,18.7,37.1,184,Overcast,0,0,
83804,2022-01-20 22:00:00,40.663406,-73.99381,0,0,Unspecified,4498005,5.2,-5.5,7.3,4.6,1.89,10.0,73,22.3,40.0,315,Snow fall: Moderate,0,0,Snowy Conditions
83805,2022-01-31 15:35:00,40.84769,-73.919334,0,0,Pedestrian/Bicyclist/Other Pedestrian Error/Confusion,4498978,-3.4,-17.1,0.0,0.0,0.0,0.0,3,12.2,18.0,23,Overcast,0,0,
83806,2022-01-31 23:30:00,40.686447,-73.85485,1,0,Traffic Control Disregarded,4499017,-3.4,-17.1,0.0,0.0,0.0,0.0,3,12.2,18.0,23,Overcast,1,1,
83807,2022-01-30 12:00:00,40.715702,-73.80913,0,0,Unspecified,4498550,-5.4,-13.8,0.0,0.0,0.0,0.0,3,28.5,50.0,290,Overcast,0,0,
83808,2022-01-28 00:00:00,40.762024,-74.00116,0,0,Following Too Closely,4498272,1.0,-3.1,2.4,0.0,1.68,13.0,73,18.7,31.3,251,Snow fall: Moderate,0,0,Snowy Conditions
83809,2022-01-29 04:05:00,40.663284,-73.96096,0,0,Driver Inattention/Distraction,4498101,-1.7,-12.9,17.6,0.1,12.25,19.0,75,39.7,72.7,336,Snow fall: Heavy,0,0,Snowy Conditions
83810,2022-01-27 18:30:00,40.627037,-74.16483,0,0,Failure to Yield Right-of-Way,4498040,-0.3,-9.6,0.0,0.0,0.0,0.0,3,18.7,37.1,184,Overcast,0,0,
83811,2022-01-21 22:30:00,40.67801,-73.94138,1,0,Following Too Closely,4498360,-5.3,-11.6,0.0,0.0,0.0,0.0,3,21.9,40.0,2,Overcast,1,1,
83812,2022-01-29 19:19:00,40.83232,-73.91676,1,0,Pavement Slippery,4498228,-1.7,-12.9,17.6,0.1,12.25,19.0,75,39.7,72.7,336,Snow fall: Heavy,1,1,Snowy Conditions
83813,2022-01-28 23:30:00,40.70456,-73.856735,1,0,Unspecified,4498415,1.0,-3.1,2.4,0.0,1.68,13.0,73,18.7,31.3,251,Snow fall: Moderate,1,1,Snowy Conditions
83814,2022-01-29 02:08:00,40.648605,-73.905266,0,0,Passing Too Closely,4498492,-1.7,-12.9,17.6,0.1,12.25,19.0,75,39.7,72.7,336,Snow fall: Heavy,0,0,Snowy Conditions
83815,2022-01-29 05:30:00,40.678787,-73.84426,1,0,Following Too Closely,4498189,-1.7,-12.9,17.6,0.1,12.25,19.0,75,39.7,72.7,336,Snow fall: Heavy,1,1,Snowy Conditions
83816,2022-01-30 00:00:00,40.85135,-73.7886,2,0,Unspecified,4498649,-5.4,-13.8,0.0,0.0,0.0,0.0,3,28.5,50.0,290,Overcast,2,2,
83817,2022-01-25 18:20:00,40.67413,-73.913925,1,0,Driver Inattention/Distraction,4499263,6.3,-3.9,0.0,0.0,0.0,0.0,3,16.9,33.8,270,Overcast,1,1,
83818,2022-01-28 23:20:00,40.672855,-73.87131,0,0,Backing Unsafely,4499071,1.0,-3.1,2.4,0.0,1.68,13.0,73,18.7,31.3,251,Snow fall: Moderate,0,0,Snowy Conditions
83819,2022-01-27 18:03:00,40.842438,-73.93926,1,0,Failure to Yield Right-of-Way,4498460,-0.3,-9.6,0.0,0.0,0.0,0.0,3,18.7,37.1,184,Overcast,1,1,
83820,2022-01-31 07:12:00,40.641212,-73.96444,1,0,Unspecified,4499319,-3.4,-17.1,0.0,0.0,0.0,0.0,3,12.2,18.0,23,Overcast,1,1,
83821,2022-01-28 22:00:00,40.66337,-73.9142,0,0,Other Vehicular,4498746,1.0,-3.1,2.4,0.0,1.68,13.0,73,18.7,31.3,251,Snow fall: Moderate,0,0,Snowy Conditions
83822,2022-01-26 13:30:00,40.68158,-73.93235,0,0,Backing Unsafely,4498254,-3.1,-8.0,0.0,0.0,0.0,0.0,0,20.5,39.6,328,Clear sky,0,0,Sunny/Clear Conditions
83823,2022-01-31 15:10:00,40.65965,-73.773834,0,0,Glare,4498882,-3.4,-17.1,0.0,0.0,0.0,0.0,3,12.2,18.0,23,Overcast,0,0,
83824,2022-01-27 10:25:00,40.895374,-73.86356,1,0,Driver Inattention/Distraction,4498815,-0.3,-9.6,0.0,0.0,0.0,0.0,3,18.7,37.1,184,Overcast,1,1,
83825,2022-01-26 20:30:00,40.6864,-73.9685,0,0,Alcohol Involvement,4498666,-3.1,-8.0,0.0,0.0,0.0,0.0,0,20.5,39.6,328,Clear sky,0,0,Sunny/Clear Conditions
83826,2022-01-29 12:20:00,40.58008,-73.95981,0,0,Unspecified,4498328,-1.7,-12.9,17.6,0.1,12.25,19.0,75,39.7,72.7,336,Snow fall: Heavy,0,0,Snowy Conditions
83827,2022-01-20 21:15:00,40.82269,-73.94947,0,0,Unspecified,4498531,5.2,-5.5,7.3,4.6,1.89,10.0,73,22.3,40.0,315,Snow fall: Moderate,0,0,Snowy Conditions
83828,2022-01-29 01:25:00,40.67187,-73.95464,0,0,Unsafe Speed,4498518,-1.7,-12.9,17.6,0.1,12.25,19.0,75,39.7,72.7,336,Snow fall: Heavy,0,0,Snowy Conditions
83829,2022-01-31 08:20:00,40.70632,-73.75078,0,0,Reaction to Uninvolved Vehicle,4499036,-3.4,-17.1,0.0,0.0,0.0,0.0,3,12.2,18.0,23,Overcast,0,0,
83830,2022-01-26 15:45:00,40.69919,-73.91469,0,0,Following Too Closely,4498698,-3.1,-8.0,0.0,0.0,0.0,0.0,0,20.5,39.6,328,Clear sky,0,0,Sunny/Clear Conditions
83831,2022-01-28 17:27:00,40.84097,-73.89918,0,0,Driver Inattention/Distraction,4498196,1.0,-3.1,2.4,0.0,1.68,13.0,73,18.7,31.3,251,Snow fall: Moderate,0,0,Snowy Conditions
83832,2022-01-27 19:46:00,40.58356,-73.82174,0,0,Following Too Closely,4499194,-0.3,-9.6,0.0,0.0,0.0,0.0,3,18.7,37.1,184,Overcast,0,0,
83833,2022-01-31 09:32:00,40.804066,-73.93267,3,0,Following Too Closely,4498783,-3.4,-17.1,0.0,0.0,0.0,0.0,3,12.2,18.0,23,Overcast,3,3,
83834,2022-01-29 08:00:00,40.63967,-74.094185,0,0,Pavement Slippery,4498269,-1.7,-12.9,17.6,0.1,12.25,19.0,75,39.7,72.7,336,Snow fall: Heavy,0,0,Snowy Conditions
83835,2022-01-29 17:50:00,40.70402,-73.890236,0,0,Unspecified,4499128,-1.7,-12.9,17.6,0.1,12.25,19.0,75,39.7,72.7,336,Snow fall: Heavy,0,0,Snowy Conditions
83836,2022-01-29 16:30:00,40.876854,-73.89931,0,0,Unspecified,4499147,-1.7,-12.9,17.6,0.1,12.25,19.0,75,39.7,72.7,336,Snow fall: Heavy,0,0,Snowy Conditions
83837,2022-01-29 10:51:00,40.71744,-73.7434,0,0,Unspecified,4498133,-1.7,-12.9,17.6,0.1,12.25,19.0,75,39.7,72.7,336,Snow fall: Heavy,0,0,Snowy Conditions
83838,2022-01-27 16:09:00,40.613235,-73.98206,0,0,Unsafe Lane Changing,4498282,-0.3,-9.6,0.0,0.0,0.0,0.0,3,18.7,37.1,184,Overcast,0,0,
83839,2022-01-31 15:29:00,40.586098,-73.93237,1,0,Pavement Slippery,4498982,-3.4,-17.1,0.0,0.0,0.0,0.0,3,12.2,18.0,23,Overcast,1,1,
83840,2022-01-29 14:00:00,40.831985,-73.908676,0,0,Unspecified,4498602,-1.7,-12.9,17.6,0.1,12.25,19.0,75,39.7,72.7,336,Snow fall: Heavy,0,0,Snowy Conditions
83841,2022-01-30 22:15:00,40.83609,-73.87039,0,0,Unspecified,4498735,-5.4,-13.8,0.0,0.0,0.0,0.0,3,28.5,50.0,290,Overcast,0,0,
83842,2022-01-29 08:30:00,40.74165,-73.86688,0,0,Driver Inattention/Distraction,4498429,-1.7,-12.9,17.6,0.1,12.25,19.0,75,39.7,72.7,336,Snow fall: Heavy,0,0,Snowy Conditions
83843,2022-01-28 08:07:00,40.645134,-73.90232,2,0,Driver Inattention/Distraction,4498297,1.0,-3.1,2.4,0.0,1.68,13.0,73,18.7,31.3,251,Snow fall: Moderate,2,2,Snowy Conditions
83844,2022-01-31 06:00:00,40.780346,-73.916664,0,0,Driver Inattention/Distraction,4499510,-3.4,-17.1,0.0,0.0,0.0,0.0,3,12.2,18.0,23,Overcast,0,0,
83845,2022-01-20 22:20:00,40.759155,-73.86124,1,0,Driver Inattention/Distraction,4498414,5.2,-5.5,7.3,4.6,1.89,10.0,73,22.3,40.0,315,Snow fall: Moderate,1,1,Snowy Conditions