,CRASH DATETIME,LATITUDE,LONGITUDE,NUMBER OF PERSONS INJURED,NUMBER OF PERSONS KILLED,CONTRIBUTING FACTOR VEHICLE 1,COLLISION_ID,temperature_2m_max,temperature_2m_min,precipitation_sum,rain_sum,snowfall_sum,precipitation_hours,weather_code,wind_speed_10m_max,wind_gusts_10m_max,wind_direction_10m_dominant,Weather Description,Severity_Score,Total_Affected_Persons,Weather_Category
83846,2022-01-30 23:15:00,40.8612,-73.93497,1,0,Driver Inexperience,4498816,-5.4,-13.8,0.0,0.0,0.0,0.0,3,28.5,50.0,290,Overcast,1,1,
83847,2022-01-28 01:35:00,40.87144,-73.867165,0,0,Traffic Control Disregarded,4498392,1.0,-3.1,2.4,0.0,1.68,13.0,73,18.7,31.3,251,Snow fall: Moderate,0,0,Snowy Conditions
83848,2022-01-28 10:20:00,40.57688,-73.95288,0,0,Failure to Yield Right-of-Way,4498018,1.0,-3.1,2.4,0.0,1.68,13.0,73,18.7,31.3,251,Snow fall: Moderate,0,0,Snowy Conditions
83849,2022-01-31 09:12:00,40.70908,-73.9575,0,0,Passing Too Closely,4498950,-3.4,-17.1,0.0,0.0,0.0,0.0,3,12.2,18.0,23,Overcast,0,0,
83850,2022-01-31 17:49:00,40.77691,-73.95748,0,0,Other Vehicular,4498933,-3.4,-17.1,0.0,0.0,0.0,0.0,3,12.2,18.0,23,Overcast,0,0,
83851,2022-01-28 16:00:00,40.88502,-73.91217,0,0,Unspecified,4499094,1.0,-3.1,2.4,0.0,1.68,13.0,73,18.7,31.3,251,Snow fall: Moderate,0,0,Snowy Conditions
83852,2022-01-29 10:38:00,40.738403,-73.93864,0,0,Driver Inattention/Distraction,4498150,-1.7,-12.9,17.6,0.1,12.25,19.0,75,39.7,72.7,336,Snow fall: Heavy,0,0,Snowy Conditions
83853,2022-01-29 09:35:00,40.64396,-73.937294,0,0,Traffic Control Disregarded,4498244,-1.7,-12.9,17.6,0.1,12.25,19.0,75,39.7,72.7,336,Snow fall: Heavy,0,0,Snowy Conditions
83854,2022-01-28 20:37:00,40.684856,-73.79899,0,0,Unsafe Speed,4498128,1.0,-3.1,2.4,0.0,1.68,13.0,73,18.7,31.3,251,Snow fall: Moderate,0,0,Snowy Conditions
83855,2021-12-11 08:30:00,40.697186,-73.92884,0,0,Driver Inattention/Distraction,4499354,17.3,5.0,8.1,8.1,0.0,5.0,63,35.0,67.0,206,Rain: Moderate,0,0,
83856,2022-01-26 17:00:00,40.878284,-73.90803,0,0,Failure to Yield Right-of-Way,4498012,-3.1,-8.0,0.0,0.0,0.0,0.0,0,20.5,39.6,328,Clear sky,0,0,Sunny/Clear Conditions
83857,2022-01-26 08:02:00,40.838604,-73.860504,0,0,Driver Inattention/Distraction,4498033,-3.1,-8.0,0.0,0.0,0.0,0.0,0,20.5,39.6,328,Clear sky,0,0,Sunny/Clear Conditions
83858,2022-01-27 15:00:00,40.61983,-74.02957,0,0,Following Too Closely,4498801,-0.3,-9.6,0.0,0.0,0.0,0.0,3,18.7,37.1,184,Overcast,0,0,
83859,2022-01-31 11:50:00,40.810455,-73.95589,0,0,Backing Unsafely,4498837,-3.4,-17.1,0.0,0.0,0.0,0.0,3,12.2,18.0,23,Overcast,0,0,
83860,2022-01-29 06:20:00,40.76407,-73.80914,0,0,Following Too Closely,4498172,-1.7,-12.9,17.6,0.1,12.25,19.0,75,39.7,72.7,336,Snow fall: Heavy,0,0,Snowy Conditions
83861,2022-01-29 07:30:00,40.78545,-73.81223,0,0,Unspecified,4498165,-1.7,-12.9,17.6,0.1,12.25,19.0,75,39.7,72.7,336,Snow fall: Heavy,0,0,Snowy Conditions
83862,2022-01-27 23:11:00,40.68623,-74.00046,0,0,Unspecified,4498001,-0.3,-9.6,0.0,0.0,0.0,0.0,3,18.7,37.1,184,Overcast,0,0,
83863,2022-01-31 23:41:00,40.74088,-73.990074,0,0,Driver Inattention/Distraction,4499166,-3.4,-17.1,0.0,0.0,0.0,0.0,3,12.2,18.0,23,Overcast,0,0,
83864,2022-01-22 16:15:00,40.654045,-73.92673,0,0,Unspecified,4498404,-1.3,-12.3,0.0,0.0,0.0,0.0,3,18.4,32.8,1,Overcast,0,0,
83865,2022-01-21 08:42:00,40.67221,-73.92802,0,0,Failure to Yield Right-of-Way,4499407,-5.3,-11.6,0.0,0.0,0.0,0.0,3,21.9,40.0,2,Overcast,0,0,
83866,2022-01-21 13:47:00,40.744026,-73.90651,0,0,Driver Inexperience,4498773,-5.3,-11.6,0.0,0.0,0.0,0.0,3,21.9,40.0,2,Overcast,0,0,
83867,2022-01-27 16:11:00,40.653786,-73.931015,4,0,Other Vehicular,4498850,-0.3,-9.6,0.0,0.0,0.0,0.0,3,18.7,37.1,184,Overcast,4,4,
83868,2022-01-28 18:10:00,40.644253,-73.93252,0,0,Aggressive Driving/Road Rage,4498255,1.0,-3.1,2.4,0.0,1.68,13.0,73,18.7,31.3,251,Snow fall: Moderate,0,0,Snowy Conditions
83869,2022-01-30 23:15:00,40.63674,-73.94035,0,0,Unspecified,4498848,-5.4,-13.8,0.0,0.0,0.0,0.0,3,28.5,50.0,290,Overcast,0,0,
83870,2022-01-22 23:20:00,40.716644,-73.99582,0,0,Unspecified,4498355,-1.3,-12.3,0.0,0.0,0.0,0.0,3,18.4,32.8,1,Overcast,0,0,
83871,2022-01-30 00:05:00,40.707714,-73.802795,0,0,Driver Inattention/Distraction,4498585,-5.4,-13.8,0.0,0.0,0.0,0.0,3,28.5,50.0,290,Overcast,0,0,
83872,2022-01-29 12:20:00,40.82858,-73.87918,0,0,Passing Too Closely,4498718,-1.7,-12.9,17.6,0.1,12.25,19.0,75,39.7,72.7,336,Snow fall: Heavy,0,0,Snowy Conditions
83873,2022-01-30 22:04:00,40.863632,-73.87168,0,0,Pavement Slippery,4498546,-5.4,-13.8,0.0,0.0,0.0,0.0,3,28.5,50.0,290,Overcast,0,0,
83874,2022-01-25 15:00:00,40.748222,-73.87835,1,0,Unspecified,4498287,6.3,-3.9,0.0,0.0,0.0,0.0,3,16.9,33.8,270,Overcast,1,1,
83875,2022-01-29 19:30:00,40.723698,-73.7406,0,0,Driver Inattention/Distraction,4498308,-1.7,-12.9,17.6,0.1,12.25,19.0,75,39.7,72.7,336,Snow fall: Heavy,0,0,Snowy Conditions
83876,2022-01-29 03:35:00,40.67948,-73.75741,0,0,Pavement Slippery,4498089,-1.7,-12.9,17.6,0.1,12.25,19.0,75,39.7,72.7,336,Snow fall: Heavy,0,0,Snowy Conditions
83877,2022-01-11 20:38:00,40.632614,-73.98513,1,0,Driver Inattention/Distraction,4498224,-4.2,-8.8,0.0,0.0,0.0,0.0,1,26.7,50.8,316,Mainly clear,1,1,Sunny/Clear Conditions
83878,2022-01-25 12:00:00,40.719395,-74.00189,0,0,Passing Too Closely,4497986,6.3,-3.9,0.0,0.0,0.0,0.0,3,16.9,33.8,270,Overcast,0,0,
83879,2022-01-29 03:00:00,40.752316,-73.985954,0,0,Driver Inattention/Distraction,4498276,-1.7,-12.9,17.6,0.1,12.25,19.0,75,39.7,72.7,336,Snow fall: Heavy,0,0,Snowy Conditions
83880,2021-12-07 11:00:00,40.675312,-73.777145,0,0,Following Too Closely,4498108,8.6,0.8,0.1,0.1,0.0,1.0,51,27.2,49.3,283,Drizzle: Light,0,0,
83881,2022-01-31 21:30:00,40.667236,-73.770004,0,0,Unsafe Lane Changing,4498901,-3.4,-17.1,0.0,0.0,0.0,0.0,3,12.2,18.0,23,Overcast,0,0,
83882,2022-01-31 09:50:00,40.718567,-73.9834,0,0,Unspecified,4498784,-3.4,-17.1,0.0,0.0,0.0,0.0,3,12.2,18.0,23,Overcast,0,0,
83883,2021-12-07 13:45:00,40.673008,-73.78809,0,0,Passing Too Closely,4498118,8.6,0.8,0.1,0.1,0.0,1.0,51,27.2,49.3,283,Drizzle: Light,0,0,
83884,2022-01-27 20:54:00,40.634567,-74.1172,2,0,Driver Inattention/Distraction,4498323,-0.3,-9.6,0.0,0.0,0.0,0.0,3,18.7,37.1,184,Overcast,2,2,
83885,2022-01-29 11:25:00,40.718792,-73.98902,1,0,Driver Inattention/Distraction,4498488,-1.7,-12.9,17.6,0.1,12.25,19.0,75,39.7,72.7,336,Snow fall: Heavy,1,1,Snowy Conditions
83886,2022-01-26 15:55:00,40.597267,-73.998665,0,0,Backing Unsafely,4498250,-3.1,-8.0,0.0,0.0,0.0,0.0,0,20.5,39.6,328,Clear sky,0,0,Sunny/Clear Conditions
83887,2022-01-30 08:11:00,40.603886,-74.00618,0,0,Glare,4498340,-5.4,-13.8,0.0,0.0,0.0,0.0,3,28.5,50.0,290,Overcast,0,0,
83888,2022-01-28 22:58:00,40.629505,-73.94416,0,0,Driver Inattention/Distraction,4498061,1.0,-3.1,2.4,0.0,1.68,13.0,73,18.7,31.3,251,Snow fall: Moderate,0,0,Snowy Conditions
83889,2022-01-27 13:45:00,40.85487,-73.88619,1,0,Failure to Yield Right-of-Way,4498790,-0.3,-9.6,0.0,0.0,0.0,0.0,3,18.7,37.1,184,Overcast,1,1,
83890,2022-01-29 21:10:00,40.665546,-73.9537,0,0,Unspecified,4498177,-1.7,-12.9,17.6,0.1,12.25,19.0,75,39.7,72.7,336,Snow fall: Heavy,0,0,Snowy Conditions
83891,2022-01-28 16:50:00,40.87079,-73.84492,1,0,Driver Inattention/Distraction,4498419,1.0,-3.1,2.4,0.0,1.68,13.0,73,18.7,31.3,251,Snow fall: Moderate,1,1,Snowy Conditions
83892,2022-01-31 20:00:00,40.874405,-73.84004,0,0,Unspecified,4499219,-3.4,-17.1,0.0,0.0,0.0,0.0,3,12.2,18.0,23,Overcast,0,0,
83893,2022-01-22 15:45:00,40.8629,-73.9256,0,0,Passing or Lane Usage Improper,4498456,-1.3,-12.3,0.0,0.0,0.0,0.0,3,18.4,32.8,1,Overcast,0,0,
83894,2022-01-29 01:39:00,40.832413,-73.93544,0,0,Other Vehicular,4498750,-1.7,-12.9,17.6,0.1,12.25,19.0,75,39.7,72.7,336,Snow fall: Heavy,0,0,Snowy Conditions
83895,2022-01-17 16:07:00,40.719646,-73.96029,1,0,Other Vehicular,4499048,9.7,0.4,33.6,32.8,0.56,12.0,73,54.1,99.7,183,Snow fall: Moderate,1,1,Snowy Conditions
83896,2022-01-30 20:28:00,40.696186,-73.751976,0,0,Unspecified,4498646,-5.4,-13.8,0.0,0.0,0.0,0.0,3,28.5,50.0,290,Overcast,0,0,
83897,2022-01-31 16:29:00,40.70269,-73.839485,0,0,Passing Too Closely,4499020,-3.4,-17.1,0.0,0.0,0.0,0.0,3,12.2,18.0,23,Overcast,0,0,
83898,2022-01-27 15:40:00,40.66803,-73.983955,0,0,Driver Inattention/Distraction,4499539,-0.3,-9.6,0.0,0.0,0.0,0.0,3,18.7,37.1,184,Overcast,0,0,
83899,2022-01-29 17:30:00,40.741714,-73.78253,0,0,Unspecified,4498382,-1.7,-12.9,17.6,0.1,12.25,19.0,75,39.7,72.7,336,Snow fall: Heavy,0,0,Snowy Conditions
83900,2022-01-31 23:01:00,40.709995,-73.79263,1,0,Failure to Yield Right-of-Way,4499273,-3.4,-17.1,0.0,0.0,0.0,0.0,3,12.2,18.0,23,Overcast,1,1,
83901,2022-01-31 09:34:00,40.769646,-73.91425,0,0,Driver Inattention/Distraction,4498943,-3.4,-17.1,0.0,0.0,0.0,0.0,3,12.2,18.0,23,Overcast,0,0,
83902,2022-01-29 05:00:00,40.859306,-73.89885,1,0,Traffic Control Disregarded,4498617,-1.7,-12.9,17.6,0.1,12.25,19.0,75,39.7,72.7,336,Snow fall: Heavy,1,1,Snowy Conditions
83903,2022-01-28 22:00:00,40.749157,-73.86943,0,0,Unspecified,4498514,1.0,-3.1,2.4,0.0,1.68,13.0,73,18.7,31.3,251,Snow fall: Moderate,0,0,Snowy Conditions
83904,2022-01-30 20:55:00,40.67526,-73.88203,0,0,Failure to Yield Right-of-Way,4499057,-5.4,-13.8,0.0,0.0,0.0,0.0,3,28.5,50.0,290,Overcast,0,0,
83905,2022-01-28 23:50:00,40.61199,-73.92498,0,0,Pavement Slippery,4498678,1.0,-3.1,2.4,0.0,1.68,13.0,73,18.7,31.3,251,Snow fall: Moderate,0,0,Snowy Conditions
83906,2022-01-31 07:05:00,40.696983,-73.935234,1,0,Unspecified,4498702,-3.4,-17.1,0.0,0.0,0.0,0.0,3,12.2,18.0,23,Overcast,1,1,
83907,2022-01-30 18:30:00,40.683083,-73.922745,0,0,Driver Inattention/Distraction,4499201,-5.4,-13.8,0.0,0.0,0.0,0.0,3,28.5,50.0,290,Overcast,0,0,
83908,2022-01-31 10:37:00,40.71312,-73.93589,0,0,Driver Inattention/Distraction,4498938,-3.4,-17.1,0.0,0.0,0.0,0.0,3,12.2,18.0,23,Overcast,0,0,
83909,2022-01-28 15:45:00,40.864574,-73.83503,3,0,Unspecified,4498076,1.0,-3.1,2.4,0.0,1.68,13.0,73,18.7,31.3,251,Snow fall: Moderate,3,3,Snowy Conditions
83910,2022-01-29 03:00:00,40.792244,-73.94629,0,0,Passing or Lane Usage Improper,4498779,-1.7,-12.9,17.6,0.1,12.25,19.0,75,39.7,72.7,336,Snow fall: Heavy,0,0,Snowy Conditions
83911,2022-01-28 18:17:00,40.63165,-74.08762,1,0,Failure to Yield Right-of-Way,4498265,1.0,-3.1,2.4,0.0,1.68,13.0,73,18.7,31.3,251,Snow fall: Moderate,1,1,Snowy Conditions
83912,2022-01-31 16:40:00,40.762146,-73.83465,0,0,Traffic Control Disregarded,4498869,-3.4,-17.1,0.0,0.0,0.0,0.0,3,12.2,18.0,23,Overcast,0,0,
83913,2022-01-28 11:45:00,40.726967,-73.89655,0,0,Unspecified,4498397,1.0,-3.1,2.4,0.0,1.68,13.0,73,18.7,31.3,251,Snow fall: Moderate,0,0,Snowy Conditions
83914,2022-01-30 21:40:00,40.728855,-73.92782,0,0,Driver Inattention/Distraction,4499090,-5.4,-13.8,0.0,0.0,0.0,0.0,3,28.5,50.0,290,Overcast,0,0,
83915,2022-01-29 09:40:00,40.714268,-73.81244,0,0,Pavement Slippery,4498377,-1.7,-12.9,17.6,0.1,12.25,19.0,75,39.7,72.7,336,Snow fall: Heavy,0,0,Snowy Conditions
83916,2022-01-30 13:30:00,40.642105,-73.98436,0,0,Unspecified,4498606,-5.4,-13.8,0.0,0.0,0.0,0.0,3,28.5,50.0,290,Overcast,0,0,
83917,2021-01-26 02:56:00,40.82433,-73.874374,0,0,Driver Inattention/Distraction,4498822,1.5,-1.7,4.1,0.5,2.52,11.0,73,18.8,34.2,58,Snow fall: Moderate,0,0,Snowy Conditions
83918,2022-01-30 05:25:00,40.696182,-73.93384,0,0,Pavement Slippery,4498711,-5.4,-13.8,0.0,0.0,0.0,0.0,3,28.5,50.0,290,Overcast,0,0,
83919,2021-11-09 18:33:00,40.68836,-73.91615,1,0,Driver Inattention/Distraction,4475855,19.5,5.6,0.0,0.0,0.0,0.0,3,10.2,20.2,283,Overcast,1,1,
83920,2022-01-31 11:50:00,40.639854,-74.0122,0,0,Passing or Lane Usage Improper,4499363,-3.4,-17.1,0.0,0.0,0.0,0.0,3,12.2,18.0,23,Overcast,0,0,
83921,2022-01-27 16:00:00,40.623722,-73.97463,1,0,Unspecified,4498970,-0.3,-9.6,0.0,0.0,0.0,0.0,3,18.7,37.1,184,Overcast,1,1,
83922,2022-01-30 00:45:00,40.675354,-73.952774,0,0,Driver Inattention/Distraction,4498446,-5.4,-13.8,0.0,0.0,0.0,0.0,3,28.5,50.0,290,Overcast,0,0,
83923,2022-01-25 18:45:00,40.678963,-73.94965,1,0,Passing or Lane Usage Improper,4498314,6.3,-3.9,0.0,0.0,0.0,0.0,3,16.9,33.8,270,Overcast,1,1,
83924,2022-01-26 11:00:00,40.700043,-73.90683,0,0,Passing or Lane Usage Improper,4499143,-3.1,-8.0,0.0,0.0,0.0,0.0,0,20.5,39.6,328,Clear sky,0,0,Sunny/Clear Conditions
83925,2022-01-10 18:06:00,40.674232,-73.86177,1,0,,4499441,4.1,-4.3,0.0,0.0,0.0,0.0,3,24.1,44.3,295,Overcast,1,1,
83926,2022-01-27 22:28:00,40.663254,-73.914925,0,0,Unspecified,4499476,-0.3,-9.6,0.0,0.0,0.0,0.0,3,18.7,37.1,184,Overcast,0,0,
83927,2022-01-29 04:05:00,40.70725,-73.958466,0,0,Following Too Closely,4498557,-1.7,-12.9,17.6,0.1,12.25,19.0,75,39.7,72.7,336,Snow fall: Heavy,0,0,Snowy Conditions
83928,2022-01-31 09:00:00,40.685627,-74.00046,0,0,Aggressive Driving/Road Rage,4499174,-3.4,-17.1,0.0,0.0,0.0,0.0,3,12.2,18.0,23,Overcast,0,0,
83929,2022-01-30 10:25:00,40.599907,-73.94664,1,0,Driver Inexperience,4498409,-5.4,-13.8,0.0,0.0,0.0,0.0,3,28.5,50.0,290,Overcast,1,1,
83930,2022-01-30 21:00:00,40.631943,-74.000626,0,0,Unspecified,4498843,-5.4,-13.8,0.0,0.0,0.0,0.0,3,28.5,50.0,290,Overcast,0,0,
83931,2022-01-29 16:50:00,40.701237,-73.79465,0,0,Unspecified,4498578,-1.7,-12.9,17.6,0.1,12.25,19.0,75,39.7,72.7,336,Snow fall: Heavy,0,0,Snowy Conditions
83932,2022-01-31 10:32:00,40.819336,-73.9137,1,0,Unspecified,4499003,-3.4,-17.1,0.0,0.0,0.0,0.0,3,12.2,18.0,23,Overcast,1,1,
83933,2022-01-19 07:50:00,40.69255,-73.987274,1,0,Backing Unsafely,4498510,7.6,-4.9,0.0,0.0,0.0,0.0,3,23.5,43.2,208,Overcast,1,1,
83934,2022-01-29 18:15:00,40.873993,-73.8793,0,0,Pavement Slippery,4498626,-1.7,-12.9,17.6,0.1,12.25,19.0,75,39.7,72.7,336,Snow fall: Heavy,0,0,Snowy Conditions
83935,2022-01-29 01:02:00,40.73226,-73.83522,0,0,Following Too Closely,4498441,-1.7,-12.9,17.6,0.1,12.25,19.0,75,39.7,72.7,336,Snow fall: Heavy,0,0,Snowy Conditions
83936,2022-01-29 08:00:00,40.59553,-74.0633,0,0,Unspecified,4498891,-1.7,-12.9,17.6,0.1,12.25,19.0,75,39.7,72.7,336,Snow fall: Heavy,0,0,Snowy Conditions
83937,2022-01-24 20:19:00,40.830147,-73.89289,0,0,Driverless/Runaway Vehicle,4498975,0.2,-2.7,0.3,0.0,0.21,2.0,71,15.1,31.0,307,Snow fall: Light,0,0,Snowy Conditions
83938,2022-01-29 01:22:00,40.699627,-73.923836,0,0,Following Too Closely,4498705,-1.7,-12.9,17.6,0.1,12.25,19.0,75,39.7,72.7,336,Snow fall: Heavy,0,0,Snowy Conditions
83939,2022-01-30 23:25:00,40.63043,-73.88593,3,0,Driver Inattention/Distraction,4498805,-5.4,-13.8,0.0,0.0,0.0,0.0,3,28.5,50.0,290,Overcast,3,3,
83940,2022-01-28 22:10:00,40.646786,-74.008575,0,0,Unspecified,4498113,1.0,-3.1,2.4,0.0,1.68,13.0,73,18.7,31.3,251,Snow fall: Moderate,0,0,Snowy Conditions
83941,2022-01-27 14:00:00,40.7031,-73.73038,0,0,Driver Inexperience,4498029,-0.3,-9.6,0.0,0.0,0.0,0.0,3,18.7,37.1,184,Overcast,0,0,
83942,2022-04-04 21:12:00,40.86187,-73.92402,1,0,Pedestrian/Bicyclist/Other Pedestrian Error/Confusion,4519699,12.2,2.6,0.1,0.1,0.0,1.0,51,23.7,41.4,304,Drizzle: Light,1,1,
83943,2022-01-28 19:45:00,40.601734,-73.935036,1,0,Driver Inattention/Distraction,4498145,1.0,-3.1,2.4,0.0,1.68,13.0,73,18.7,31.3,251,Snow fall: Moderate,1,1,Snowy Conditions
83944,2022-01-21 18:10:00,40.66309,-73.962395,0,0,Driver Inexperience,4498182,-5.3,-11.6,0.0,0.0,0.0,0.0,3,21.9,40.0,2,Overcast,0,0,
83945,2022-01-31 05:30:00,40.667236,-73.770004,0,0,Driver Inattention/Distraction,4498833,-3.4,-17.1,0.0,0.0,0.0,0.0,3,12.2,18.0,23,Overcast,0,0,
83946,2022-01-28 17:15:00,40.68017,-73.748436,1,0,Unspecified,4498050,1.0,-3.1,2.4,0.0,1.68,13.0,73,18.7,31.3,251,Snow fall: Moderate,1,1,Snowy Conditions
83947,2022-01-31 12:21:00,40.631104,-73.9962,0,0,Driver Inattention/Distraction,4498965,-3.4,-17.1,0.0,0.0,0.0,0.0,3,12.2,18.0,23,Overcast,0,0,
83948,2022-01-28 16:00:00,40.69595,-73.9824,0,0,Unspecified,4498044,1.0,-3.1,2.4,0.0,1.68,13.0,73,18.7,31.3,251,Snow fall: Moderate,0,0,Snowy Conditions
83949,2022-01-31 18:05:00,40.767185,-73.98997,1,0,Passing Too Closely,4498988,-3.4,-17.1,0.0,0.0,0.0,0.0,3,12.2,18.0,23,Overcast,1,1,
83950,2022-01-29 03:00:00,40.756832,-73.99752,0,0,Following Too Closely,4498259,-1.7,-12.9,17.6,0.1,12.25,19.0,75,39.7,72.7,336,Snow fall: Heavy,0,0,Snowy Conditions
83951,2022-01-30 16:30:00,40.610844,-74.1811,0,0,Unsafe Speed,4498673,-5.4,-13.8,0.0,0.0,0.0,0.0,3,28.5,50.0,290,Overcast,0,0,
83952,2022-01-28 17:58:00,40.899822,-73.84347,1,0,Failure to Yield Right-of-Way,4498424,1.0,-3.1,2.4,0.0,1.68,13.0,73,18.7,31.3,251,Snow fall: Moderate,1,1,Snowy Conditions
83953,2022-01-31 11:01:00,40.59284,-73.796455,0,0,Unspecified,4498854,-3.4,-17.1,0.0,0.0,0.0,0.0,3,12.2,18.0,23,Overcast,0,0,
83954,2022-01-27 20:20:00,40.655396,-73.92977,4,0,Unspecified,4499133,-0.3,-9.6,0.0,0.0,0.0,0.0,3,18.7,37.1,184,Overcast,4,4,
83955,2022-01-30 12:00:00,40.85575,-73.93166,0,0,Driver Inattention/Distraction,4498483,-5.4,-13.8,0.0,0.0,0.0,0.0,3,28.5,50.0,290,Overcast,0,0,
83956,2022-01-28 13:26:00,40.72125,-73.99224,0,0,Driver Inattention/Distraction,4498351,1.0,-3.1,2.4,0.0,1.68,13.0,73,18.7,31.3,251,Snow fall: Moderate,0,0,Snowy Conditions
83957,2022-01-29 02:15:00,40.76484,-73.970505,0,0,Unspecified,4498589,-1.7,-12.9,17.6,0.1,12.25,19.0,75,39.7,72.7,336,Snow fall: Heavy,0,0,Snowy Conditions
83958,2022-01-27 05:30:00,40.664642,-73.93708,0,0,Unspecified,4498072,-0.3,-9.6,0.0,0.0,0.0,0.0,3,18.7,37.1,184,Overcast,0,0,
83959,2022-01-28 12:27:00,40.788532,-73.815094,0,0,Unspecified,4498093,1.0,-3.1,2.4,0.0,1.68,13.0,73,18.7,31.3,251,Snow fall: Moderate,0,0,Snowy Conditions
83960,2022-01-27 18:10:00,40.74611,-74.008095,0,0,Reaction to Uninvolved Vehicle,4498236,-0.3,-9.6,0.0,0.0,0.0,0.0,3,18.7,37.1,184,Overcast,0,0,
83961,2022-01-28 19:04:00,40.636208,-73.94899,1,0,Unspecified,4498209,1.0,-3.1,2.4,0.0,1.68,13.0,73,18.7,31.3,251,Snow fall: Moderate,1,1,Snowy Conditions
83962,2022-01-30 16:11:00,40.716682,-73.98244,0,0,Aggressive Driving/Road Rage,4498468,-5.4,-13.8,0.0,0.0,0.0,0.0,3,28.5,50.0,290,Overcast,0,0,
83963,2022-01-29 02:17:00,40.8061,-73.9475,0,0,Following Too Closely,4498786,-1.7,-12.9,17.6,0.1,12.25,19.0,75,39.7,72.7,336,Snow fall: Heavy,0,0,Snowy Conditions
83964,2022-01-28 08:04:00,40.65254,-73.923676,0,0,Unspecified,4498319,1.0,-3.1,2.4,0.0,1.68,13.0,73,18.7,31.3,251,Snow fall: Moderate,0,0,Snowy Conditions
83965,2021-08-27 14:50:00,40.66798,-73.77432,1,0,Unsafe Speed,4498104,32.2,23.4,1.4,1.4,0.0,2.0,55,9.4,22.3,299,Drizzle: Dense,1,1,
83966,2022-01-26 19:50:00,40.76684,-73.838264,0,0,Driver Inattention/Distraction,4498451,-3.1,-8.0,0.0,0.0,0.0,0.0,0,20.5,39.6,328,Clear sky,0,0,Sunny/Clear Conditions
83967,2022-01-30 06:55:00,40.743427,-73.775475,0,0,Pavement Slippery,4498923,-5.4,-13.8,0.0,0.0,0.0,0.0,3,28.5,50.0,290,Overcast,0,0,
83968,2022-01-28 07:20:00,40.84506,-73.916855,0,0,Following Too Closely,4498336,1.0,-3.1,2.4,0.0,1.68,13.0,73,18.7,31.3,251,Snow fall: Moderate,0,0,Snowy Conditions
83969,2022-01-27 15:30:00,40.664112,-73.94777,1,0,Driver Inattention/Distraction,4498065,-0.3,-9.6,0.0,0.0,0.0,0.0,3,18.7,37.1,184,Overcast,1,1,
83970,2022-01-29 05:14:00,40.662296,-73.98874,1,0,Unspecified,4498918,-1.7,-12.9,17.6,0.1,12.25,19.0,75,39.7,72.7,336,Snow fall: Heavy,1,1,Snowy Conditions
83971,2022-01-31 15:50:00,40.68223,-73.90928,0,0,Driver Inattention/Distraction,4498993,-3.4,-17.1,0.0,0.0,0.0,0.0,3,12.2,18.0,23,Overcast,0,0,
83972,2022-01-31 17:45:00,40.82513,-73.931076,0,0,Driver Inattention/Distraction,4498906,-3.4,-17.1,0.0,0.0,0.0,0.0,3,12.2,18.0,23,Overcast,0,0,
83973,2022-01-31 17:37:00,40.69056,-73.98511,0,0,Following Too Closely,4499249,-3.4,-17.1,0.0,0.0,0.0,0.0,3,12.2,18.0,23,Overcast,0,0,
83974,2022-01-21 00:00:00,40.756565,-73.99028,0,0,Driver Inattention/Distraction,4498291,-5.3,-11.6,0.0,0.0,0.0,0.0,3,21.9,40.0,2,Overcast,0,0,
83975,2022-01-29 16:50:00,40.873016,-73.87488,0,0,Pavement Slippery,4498641,-1.7,-12.9,17.6,0.1,12.25,19.0,75,39.7,72.7,336,Snow fall: Heavy,0,0,Snowy Conditions
83976,2022-01-26 08:05:00,40.838844,-73.905815,1,0,Passing or Lane Usage Improper,4498197,-3.1,-8.0,0.0,0.0,0.0,0.0,0,20.5,39.6,328,Clear sky,1,1,Sunny/Clear Conditions
83977,2022-01-19 13:50:00,40.82864,-73.94885,0,0,Passing or Lane Usage Improper,4499026,7.6,-4.9,0.0,0.0,0.0,0.0,3,23.5,43.2,208,Overcast,0,0,
83978,2022-01-28 21:00:00,40.826237,-73.935715,0,0,Unspecified,4498758,1.0,-3.1,2.4,0.0,1.68,13.0,73,18.7,31.3,251,Snow fall: Moderate,0,0,Snowy Conditions
83979,2022-01-30 12:27:00,40.66874,-73.99668,0,0,Unspecified,4498542,-5.4,-13.8,0.0,0.0,0.0,0.0,3,28.5,50.0,290,Overcast,0,0,
83980,2022-01-29 14:38:00,40.84865,-73.845024,0,0,Pavement Slippery,4498621,-1.7,-12.9,17.6,0.1,12.25,19.0,75,39.7,72.7,336,Snow fall: Heavy,0,0,Snowy Conditions
83981,2022-01-30 13:15:00,40.612293,-74.13512,0,0,Driver Inattention/Distraction,4498738,-5.4,-13.8,0.0,0.0,0.0,0.0,3,28.5,50.0,290,Overcast,0,0,
83982,2022-01-29 04:00:00,40.64741,-73.95887,0,0,Unspecified,4498658,-1.7,-12.9,17.6,0.1,12.25,19.0,75,39.7,72.7,336,Snow fall: Heavy,0,0,Snowy Conditions
83983,2022-01-27 21:58:00,40.851353,-73.93385,0,0,Unsafe Speed,4498473,-0.3,-9.6,0.0,0.0,0.0,0.0,3,18.7,37.1,184,Overcast,0,0,
83984,2022-01-31 15:50:00,40.670593,-73.88697,0,0,Backing Unsafely,4499082,-3.4,-17.1,0.0,0.0,0.0,0.0,3,12.2,18.0,23,Overcast,0,0,