,CRASH DATETIME,LATITUDE,LONGITUDE,NUMBER OF PERSONS INJURED,NUMBER OF PERSONS KILLED,CONTRIBUTING FACTOR VEHICLE 1,COLLISION_ID,temperature_2m_max,temperature_2m_min,precipitation_sum,rain_sum,snowfall_sum,precipitation_hours,weather_code,wind_speed_10m_max,wind_gusts_10m_max,wind_direction_10m_dominant,Weather Description,Severity_Score,Total_Affected_Persons,Weather_Category
83985,2022-01-25 13:10:00,40.724274,-73.99082,0,0,Passing or Lane Usage Improper,4499303,6.3,-3.9,0.0,0.0,0.0,0.0,3,16.9,33.8,270,Overcast,0,0,
83986,2022-01-27 16:21:00,40.635784,-73.95953,1,0,Driver Inattention/Distraction,4498204,-0.3,-9.6,0.0,0.0,0.0,0.0,3,18.7,37.1,184,Overcast,1,1,
83987,2022-01-28 15:02:00,40.69168,-73.999344,0,0,Following Too Closely,4498478,1.0,-3.1,2.4,0.0,1.68,13.0,73,18.7,31.3,251,Snow fall: Moderate,0,0,Snowy Conditions
83988,2022-01-29 18:17:00,40.896812,-73.86808,0,0,Unspecified,4498436,-1.7,-12.9,17.6,0.1,12.25,19.0,75,39.7,72.7,336,Snow fall: Heavy,0,0,Snowy Conditions
83989,2022-01-31 23:37:00,40.667313,-73.87451,0,0,Unspecified,4499061,-3.4,-17.1,0.0,0.0,0.0,0.0,3,12.2,18.0,23,Overcast,0,0,
83990,2022-01-27 22:30:00,40.823383,-73.91835,2,0,Backing Unsafely,4498346,-0.3,-9.6,0.0,0.0,0.0,0.0,3,18.7,37.1,184,Overcast,2,2,
83991,2022-01-26 04:30:00,40.847393,-73.90463,0,0,Backing Unsafely,4498690,-3.1,-8.0,0.0,0.0,0.0,0.0,0,20.5,39.6,328,Clear sky,0,0,Sunny/Clear Conditions
83992,2022-01-28 08:30:00,40.69099,-73.93664,0,0,Unspecified,4498214,1.0,-3.1,2.4,0.0,1.68,13.0,73,18.7,31.3,251,Snow fall: Moderate,0,0,Snowy Conditions
83993,2022-01-30 14:40:00,40.681686,-73.87157,0,0,Unsafe Speed,4498865,-5.4,-13.8,0.0,0.0,0.0,0.0,3,28.5,50.0,290,Overcast,0,0,
83994,2022-01-26 13:50:00,40.71712,-74.007965,0,0,Passing or Lane Usage Improper,4498082,-3.1,-8.0,0.0,0.0,0.0,0.0,0,20.5,39.6,328,Clear sky,0,0,Sunny/Clear Conditions
83995,2022-01-29 17:30:00,40.863487,-73.85586,0,0,Driver Inattention/Distraction,4498998,-1.7,-12.9,17.6,0.1,12.25,19.0,75,39.7,72.7,336,Snow fall: Heavy,0,0,Snowy Conditions
83996,2022-01-28 22:30:00,40.60098,-73.75555,0,0,Unspecified,4498955,1.0,-3.1,2.4,0.0,1.68,13.0,73,18.7,31.3,251,Snow fall: Moderate,0,0,Snowy Conditions
83997,2022-02-20 09:22:00,40.526264,-74.20153,0,0,Turning Improperly,4505067,2.4,-6.6,0.0,0.0,0.0,0.0,3,23.4,44.3,250,Overcast,0,0,
83998,2022-02-21 00:00:00,40.84942,-73.91113,1,0,Driver Inattention/Distraction,4505021,9.9,-1.9,0.0,0.0,0.0,0.0,3,19.2,35.3,192,Overcast,1,1,
83999,2022-02-21 10:45:00,40.77918,-73.9508,1,0,Driver Inattention/Distraction,4504492,9.9,-1.9,0.0,0.0,0.0,0.0,3,19.2,35.3,192,Overcast,1,1,
84000,2022-04-15 12:00:00,40.861862,-73.91275,0,0,Driver Inattention/Distraction,4519740,19.2,6.3,0.1,0.1,0.0,1.0,51,26.9,46.1,243,Drizzle: Light,0,0,
84001,2022-04-13 17:40:00,40.676586,-73.78686,0,0,Traffic Control Disregarded,4518829,18.9,7.1,0.0,0.0,0.0,0.0,3,18.7,37.4,112,Overcast,0,0,
84002,2022-04-10 21:40:00,40.666885,-73.98159,1,0,Following Too Closely,4519906,9.8,3.5,0.0,0.0,0.0,0.0,3,29.3,54.4,307,Overcast,1,1,
84003,2022-04-14 09:40:00,40.763966,-73.988625,0,0,Driver Inattention/Distraction,4519122,28.1,13.9,0.2,0.2,0.0,2.0,51,25.9,46.1,249,Drizzle: Light,0,0,
84004,2022-04-14 15:05:00,40.667973,-73.99586,0,0,Driver Inattention/Distraction,4519260,28.1,13.9,0.2,0.2,0.0,2.0,51,25.9,46.1,249,Drizzle: Light,0,0,
84005,2022-04-12 18:00:00,40.76555,-73.83911,0,0,Passing or Lane Usage Improper,4519566,20.4,7.7,1.6,1.6,0.0,3.0,53,17.8,36.0,271,Drizzle: Moderate,0,0,
84006,2022-04-15 11:40:00,40.780315,-73.90871,0,0,Passing or Lane Usage Improper,4519763,19.2,6.3,0.1,0.1,0.0,1.0,51,26.9,46.1,243,Drizzle: Light,0,0,
84007,2022-04-13 15:00:00,40.78956,-73.97737,0,0,Passing Too Closely,4519805,18.9,7.1,0.0,0.0,0.0,0.0,3,18.7,37.4,112,Overcast,0,0,
84008,2022-04-10 19:43:00,40.879898,-73.83181,0,0,Unspecified,4519309,9.8,3.5,0.0,0.0,0.0,0.0,3,29.3,54.4,307,Overcast,0,0,
84009,2022-07-08 18:50:00,40.760956,-73.807686,0,0,Following Too Closely,4544751,29.6,19.3,1.8,1.8,0.0,8.0,51,15.0,31.0,187,Drizzle: Light,0,0,
84010,2022-04-14 21:18:00,40.82651,-73.90956,0,0,Driver Inattention/Distraction,4519471,28.1,13.9,0.2,0.2,0.0,2.0,51,25.9,46.1,249,Drizzle: Light,0,0,
84011,2022-04-15 06:20:00,40.749825,-73.80354,0,0,Unspecified,4519272,19.2,6.3,0.1,0.1,0.0,1.0,51,26.9,46.1,243,Drizzle: Light,0,0,
84012,2022-04-12 19:11:00,40.67619,-73.9081,0,0,Unspecified,4519515,20.4,7.7,1.6,1.6,0.0,3.0,53,17.8,36.0,271,Drizzle: Moderate,0,0,
84013,2022-04-11 10:30:00,0.0,0.0,0,0,Passing or Lane Usage Improper,4519387,13.1,1.8,0.0,0.0,0.0,0.0,3,18.6,36.4,246,Overcast,0,0,
84014,2022-04-15 12:00:00,40.84603,-73.93034,3,0,Failure to Yield Right-of-Way,4519600,19.2,6.3,0.1,0.1,0.0,1.0,51,26.9,46.1,243,Drizzle: Light,3,3,
84015,2022-04-15 00:00:00,40.55733,-74.153015,0,0,Traffic Control Disregarded,4519304,19.2,6.3,0.1,0.1,0.0,1.0,51,26.9,46.1,243,Drizzle: Light,0,0,
84016,2022-04-15 12:06:00,40.85401,-73.87187,0,0,Passing or Lane Usage Improper,4519743,19.2,6.3,0.1,0.1,0.0,1.0,51,26.9,46.1,243,Drizzle: Light,0,0,
84017,2022-04-13 14:13:00,40.718266,-74.00706,0,0,Unspecified,4518897,18.9,7.1,0.0,0.0,0.0,0.0,3,18.7,37.4,112,Overcast,0,0,
84018,2022-04-13 11:35:00,40.673244,-73.737946,0,0,Unspecified,4518750,18.9,7.1,0.0,0.0,0.0,0.0,3,18.7,37.4,112,Overcast,0,0,
84019,2022-04-13 01:24:00,40.724102,-73.98847,0,0,Driver Inattention/Distraction,4518653,18.9,7.1,0.0,0.0,0.0,0.0,3,18.7,37.4,112,Overcast,0,0,
84020,2022-04-14 01:04:00,40.88144,-73.848755,2,0,Turning Improperly,4518957,28.1,13.9,0.2,0.2,0.0,2.0,51,25.9,46.1,249,Drizzle: Light,2,2,
84021,2022-04-14 16:31:00,40.63644,-73.892654,2,0,Unspecified,4519017,28.1,13.9,0.2,0.2,0.0,2.0,51,25.9,46.1,249,Drizzle: Light,2,2,
84022,2022-04-14 03:50:00,40.835873,-73.8699,2,0,Other Vehicular,4518786,28.1,13.9,0.2,0.2,0.0,2.0,51,25.9,46.1,249,Drizzle: Light,2,2,
84023,2022-04-13 11:45:00,40.61047,-74.11837,1,0,Unsafe Lane Changing,4518778,18.9,7.1,0.0,0.0,0.0,0.0,3,18.7,37.4,112,Overcast,1,1,
84024,2022-04-14 10:13:00,40.685764,-73.97308,0,0,Unspecified,4518985,28.1,13.9,0.2,0.2,0.0,2.0,51,25.9,46.1,249,Drizzle: Light,0,0,
84025,2022-04-14 18:39:00,40.724888,-73.89899,1,0,Failure to Yield Right-of-Way,4519116,28.1,13.9,0.2,0.2,0.0,2.0,51,25.9,46.1,249,Drizzle: Light,1,1,
84026,2022-04-13 16:13:00,40.68738,-73.92089,2,0,Driver Inattention/Distraction,4519691,18.9,7.1,0.0,0.0,0.0,0.0,3,18.7,37.4,112,Overcast,2,2,
84027,2022-04-15 17:40:00,40.71958,-73.83978,0,0,Driver Inattention/Distraction,4519287,19.2,6.3,0.1,0.1,0.0,1.0,51,26.9,46.1,243,Drizzle: Light,0,0,
84028,2022-04-15 17:54:00,40.630688,-73.92521,0,0,Traffic Control Disregarded,4519357,19.2,6.3,0.1,0.1,0.0,1.0,51,26.9,46.1,243,Drizzle: Light,0,0,
84029,2022-04-15 23:54:00,40.7923,-73.95046,0,0,Passing or Lane Usage Improper,4519536,19.2,6.3,0.1,0.1,0.0,1.0,51,26.9,46.1,243,Drizzle: Light,0,0,
84030,2022-04-13 15:27:00,40.880505,-73.885956,0,0,Failure to Yield Right-of-Way,4518825,18.9,7.1,0.0,0.0,0.0,0.0,3,18.7,37.4,112,Overcast,0,0,
84031,2022-04-13 03:30:00,40.758163,-73.91727,0,0,Failure to Yield Right-of-Way,4518858,18.9,7.1,0.0,0.0,0.0,0.0,3,18.7,37.4,112,Overcast,0,0,
84032,2022-04-13 20:52:00,40.715397,-73.772766,1,0,Driver Inattention/Distraction,4519055,18.9,7.1,0.0,0.0,0.0,0.0,3,18.7,37.4,112,Overcast,1,1,
84033,2022-04-13 21:10:00,40.653427,-73.88677,0,0,Unspecified,4519167,18.9,7.1,0.0,0.0,0.0,0.0,3,18.7,37.4,112,Overcast,0,0,
84034,2022-04-12 13:00:00,40.68409,-73.80169,0,0,Following Too Closely,4519340,20.4,7.7,1.6,1.6,0.0,3.0,53,17.8,36.0,271,Drizzle: Moderate,0,0,
84035,2022-03-31 10:28:00,40.69055,-73.85743,1,0,Alcohol Involvement,4519182,19.0,3.5,12.0,12.0,0.0,4.0,65,37.8,67.3,194,Rain: Heavy,1,1,
84036,2022-04-13 11:48:00,40.760536,-73.994804,0,0,Unspecified,4518882,18.9,7.1,0.0,0.0,0.0,0.0,3,18.7,37.4,112,Overcast,0,0,
84037,2022-04-15 20:21:00,40.613895,-73.99219,1,0,Unspecified,4519315,19.2,6.3,0.1,0.1,0.0,1.0,51,26.9,46.1,243,Drizzle: Light,1,1,
84038,2022-04-13 23:50:00,40.74561,-73.84785,0,0,Driver Inattention/Distraction,4519199,18.9,7.1,0.0,0.0,0.0,0.0,3,18.7,37.4,112,Overcast,0,0,
84039,2022-04-13 23:45:00,40.694885,-73.98515,0,0,Reaction to Uninvolved Vehicle,4518817,18.9,7.1,0.0,0.0,0.0,0.0,3,18.7,37.4,112,Overcast,0,0,
84040,2022-04-08 21:08:00,40.80612,-73.91796,1,0,Unspecified,4519154,16.5,7.1,5.2,5.2,0.0,4.0,63,21.3,42.8,253,Rain: Moderate,1,1,
84041,2022-04-14 17:40:00,40.6481,-73.950066,0,0,Unspecified,4519626,28.1,13.9,0.2,0.2,0.0,2.0,51,25.9,46.1,249,Drizzle: Light,0,0,
84042,2022-04-09 14:15:00,40.65661,-73.93091,0,0,Unspecified,4519415,13.6,5.0,4.8,4.8,0.0,12.0,55,20.1,42.8,263,Drizzle: Dense,0,0,
84043,2022-04-14 16:58:00,40.666348,-73.76093,3,0,Unspecified,4519038,28.1,13.9,0.2,0.2,0.0,2.0,51,25.9,46.1,249,Drizzle: Light,3,3,
84044,2022-04-15 18:15:00,40.696167,-73.8045,1,0,Traffic Control Disregarded,4519869,19.2,6.3,0.1,0.1,0.0,1.0,51,26.9,46.1,243,Drizzle: Light,1,1,
84045,2022-04-10 21:20:00,40.753326,-73.8718,1,0,Driver Inattention/Distraction,4519449,9.8,3.5,0.0,0.0,0.0,0.0,3,29.3,54.4,307,Overcast,1,1,
84046,2022-04-14 14:16:00,40.700726,-73.94194,0,0,Failure to Yield Right-of-Way,4519592,28.1,13.9,0.2,0.2,0.0,2.0,51,25.9,46.1,249,Drizzle: Light,0,0,
84047,2022-04-12 14:08:00,40.77012,-73.95741,1,0,Driver Inattention/Distraction,4519823,20.4,7.7,1.6,1.6,0.0,3.0,53,17.8,36.0,271,Drizzle: Moderate,1,1,
84048,2022-04-13 00:40:00,40.688698,-73.942085,0,0,Backing Unsafely,4519663,18.9,7.1,0.0,0.0,0.0,0.0,3,18.7,37.4,112,Overcast,0,0,
84049,2022-04-15 06:07:00,40.740185,-73.986374,1,0,Driver Inattention/Distraction,4519346,19.2,6.3,0.1,0.1,0.0,1.0,51,26.9,46.1,243,Drizzle: Light,1,1,
84050,2022-04-14 05:58:00,40.815754,-73.89529,0,0,Unspecified,4519050,28.1,13.9,0.2,0.2,0.0,2.0,51,25.9,46.1,249,Drizzle: Light,0,0,
84051,2021-09-04 18:40:00,40.67285,-73.97339,1,0,Following Too Closely,4454475,25.2,14.5,0.0,0.0,0.0,0.0,3,15.4,27.0,289,Overcast,1,1,
84052,2022-04-14 13:39:00,40.601734,-73.935036,0,0,Failure to Yield Right-of-Way,4519508,28.1,13.9,0.2,0.2,0.0,2.0,51,25.9,46.1,249,Drizzle: Light,0,0,
84053,2021-09-04 23:10:00,40.688362,-73.77663,0,0,Passing or Lane Usage Improper,4454462,25.2,14.5,0.0,0.0,0.0,0.0,3,15.4,27.0,289,Overcast,0,0,
84054,2021-09-02 10:09:00,40.707386,-74.00549,0,0,Unspecified,4454470,24.5,15.0,24.6,24.6,0.0,5.0,65,43.0,83.5,344,Rain: Heavy,0,0,
84055,2021-08-20 21:41:00,40.68378,-73.789734,3,0,Traffic Control Disregarded,4454461,26.9,22.0,1.1,1.1,0.0,5.0,53,12.4,22.0,310,Drizzle: Moderate,3,3,
84056,2021-08-27 12:30:00,40.706142,-74.00603,0,0,Unspecified,4454471,32.2,23.4,1.4,1.4,0.0,2.0,55,9.4,22.3,299,Drizzle: Dense,0,0,
84057,2021-08-26 15:25:00,40.635624,-74.01707,0,0,Following Too Closely,4450818,31.8,22.8,0.1,0.1,0.0,1.0,51,14.8,29.2,228,Drizzle: Light,0,0,
84058,2021-09-04 20:00:00,40.763588,-73.97142,0,0,Driver Inattention/Distraction,4454456,25.2,14.5,0.0,0.0,0.0,0.0,3,15.4,27.0,289,Overcast,0,0,
84059,2022-04-15 22:31:00,40.71114,-73.94929,0,0,Aggressive Driving/Road Rage,4519352,19.2,6.3,0.1,0.1,0.0,1.0,51,26.9,46.1,243,Drizzle: Light,0,0,
84060,2022-04-15 17:50:00,40.831123,-73.826645,1,0,Unspecified,4519299,19.2,6.3,0.1,0.1,0.0,1.0,51,26.9,46.1,243,Drizzle: Light,1,1,
84061,2022-04-14 14:49:00,40.5763,-73.96854,0,0,Driver Inattention/Distraction,4519713,28.1,13.9,0.2,0.2,0.0,2.0,51,25.9,46.1,249,Drizzle: Light,0,0,
84062,2022-04-14 15:35:00,40.70191,-73.94231,0,0,Driver Inattention/Distraction,4519064,28.1,13.9,0.2,0.2,0.0,2.0,51,25.9,46.1,249,Drizzle: Light,0,0,
84063,2022-07-07 18:30:00,40.817207,-73.916,0,0,Driver Inattention/Distraction,4544552,27.5,20.1,0.0,0.0,0.0,0.0,3,19.1,37.4,110,Overcast,0,0,
84064,2022-07-06 22:40:00,40.87078,-73.90686,1,0,Following Too Closely,4544195,31.6,21.7,0.2,0.2,0.0,1.0,51,19.0,37.1,299,Drizzle: Light,1,1,
84065,2022-07-07 10:15:00,40.626373,-73.99754,1,0,Failure to Yield Right-of-Way,4544565,27.5,20.1,0.0,0.0,0.0,0.0,3,19.1,37.4,110,Overcast,1,1,
84066,2022-07-06 00:40:00,40.75635,-73.914505,0,0,Texting,4545156,31.6,21.7,0.2,0.2,0.0,1.0,51,19.0,37.1,299,Drizzle: Light,0,0,
84067,2022-07-06 10:29:00,40.687565,-73.984406,0,0,Driver Inattention/Distraction,4544816,31.6,21.7,0.2,0.2,0.0,1.0,51,19.0,37.1,299,Drizzle: Light,0,0,
84068,2022-07-07 15:15:00,40.6651,-73.94539,0,0,Failure to Yield Right-of-Way,4544672,27.5,20.1,0.0,0.0,0.0,0.0,3,19.1,37.4,110,Overcast,0,0,
84069,2022-07-07 22:30:00,40.747295,-73.97405,0,0,Driver Inexperience,4544376,27.5,20.1,0.0,0.0,0.0,0.0,3,19.1,37.4,110,Overcast,0,0,
84070,2022-07-07 03:10:00,40.79003,-73.821175,1,0,Fell Asleep,4544258,27.5,20.1,0.0,0.0,0.0,0.0,3,19.1,37.4,110,Overcast,1,1,
84071,2022-07-03 19:50:00,40.574593,-73.98764,0,0,Driver Inattention/Distraction,4545202,31.2,21.0,0.0,0.0,0.0,0.0,3,15.8,31.3,341,Overcast,0,0,
84072,2022-07-06 15:00:00,40.870777,-73.81923,0,0,Driver Inattention/Distraction,4544017,31.6,21.7,0.2,0.2,0.0,1.0,51,19.0,37.1,299,Drizzle: Light,0,0,
84073,2022-07-08 16:00:00,40.66847,-73.88376,0,0,Unspecified,4544765,29.6,19.3,1.8,1.8,0.0,8.0,51,15.0,31.0,187,Drizzle: Light,0,0,
84074,2021-09-04 02:53:00,40.665462,-73.90969,0,0,Other Vehicular,4453712,25.2,14.5,0.0,0.0,0.0,0.0,3,15.4,27.0,289,Overcast,0,0,
84075,2021-09-04 16:00:00,40.69319,-73.89575,0,0,Passing or Lane Usage Improper,4453976,25.2,14.5,0.0,0.0,0.0,0.0,3,15.4,27.0,289,Overcast,0,0,
84076,2021-09-04 21:50:00,40.754128,-73.98834,1,0,Alcohol Involvement,4453808,25.2,14.5,0.0,0.0,0.0,0.0,3,15.4,27.0,289,Overcast,1,1,
84077,2021-09-03 00:00:00,40.851616,-73.92165,1,0,Following Too Closely,4454303,21.9,14.0,0.0,0.0,0.0,0.0,3,14.5,30.2,321,Overcast,1,1,
84078,2021-08-27 17:00:00,40.747894,-73.989174,1,0,Unspecified,4454266,32.2,23.4,1.4,1.4,0.0,2.0,55,9.4,22.3,299,Drizzle: Dense,1,1,
84079,2021-09-04 00:10:00,40.807903,-73.92005,0,0,Aggressive Driving/Road Rage,4453515,25.2,14.5,0.0,0.0,0.0,0.0,3,15.4,27.0,289,Overcast,0,0,
84080,2021-09-04 03:15:00,40.65474,-73.90693,0,0,Unspecified,4453760,25.2,14.5,0.0,0.0,0.0,0.0,3,15.4,27.0,289,Overcast,0,0,
84081,2021-09-04 13:40:00,40.677406,-73.983055,1,0,Failure to Yield Right-of-Way,4454080,25.2,14.5,0.0,0.0,0.0,0.0,3,15.4,27.0,289,Overcast,1,1,
84082,2021-09-04 00:55:00,40.642483,-74.08553,0,0,Unspecified,4453881,25.2,14.5,0.0,0.0,0.0,0.0,3,15.4,27.0,289,Overcast,0,0,
84083,2021-09-01 19:49:00,40.71738,-73.99131,1,0,Failure to Yield Right-of-Way,4454240,23.2,18.4,121.7,121.7,0.0,18.0,65,43.2,78.5,42,Rain: Heavy,1,1,
84084,2021-09-04 22:27:00,40.701504,-73.99329,0,0,Driver Inattention/Distraction,4454352,25.2,14.5,0.0,0.0,0.0,0.0,3,15.4,27.0,289,Overcast,0,0,
84085,2021-09-04 01:55:00,40.81634,-73.917694,0,0,Turning Improperly,4454454,25.2,14.5,0.0,0.0,0.0,0.0,3,15.4,27.0,289,Overcast,0,0,
84086,2021-09-04 09:08:00,40.889175,-73.84416,0,0,Failure to Yield Right-of-Way,4453908,25.2,14.5,0.0,0.0,0.0,0.0,3,15.4,27.0,289,Overcast,0,0,
84087,2021-08-31 08:00:00,40.712784,-73.98851,0,0,Other Vehicular,4454292,28.5,21.2,0.0,0.0,0.0,0.0,3,15.5,29.9,301,Overcast,0,0,
84088,2021-09-03 12:17:00,40.83489,-73.8663,1,0,Unsafe Lane Changing,4454338,21.9,14.0,0.0,0.0,0.0,0.0,3,14.5,30.2,321,Overcast,1,1,
84089,2021-09-04 01:19:00,40.772327,-73.94531,2,0,Unspecified,4454183,25.2,14.5,0.0,0.0,0.0,0.0,3,15.4,27.0,289,Overcast,2,2,
84090,2021-09-04 08:00:00,40.830303,-73.8718,0,0,Unspecified,4453569,25.2,14.5,0.0,0.0,0.0,0.0,3,15.4,27.0,289,Overcast,0,0,
84091,2021-09-04 18:36:00,40.69612,-73.746185,0,0,Unspecified,4454097,25.2,14.5,0.0,0.0,0.0,0.0,3,15.4,27.0,289,Overcast,0,0,
84092,2021-09-04 07:17:00,40.804585,-73.91213,1,0,Following Too Closely,4454117,25.2,14.5,0.0,0.0,0.0,0.0,3,15.4,27.0,289,Overcast,1,1,
84093,2021-09-01 18:47:00,40.62877,-73.91825,1,0,Passing or Lane Usage Improper,4454387,23.2,18.4,121.7,121.7,0.0,18.0,65,43.2,78.5,42,Rain: Heavy,1,1,
84094,2021-09-04 23:02:00,40.667553,-73.89671,1,0,,4454419,25.2,14.5,0.0,0.0,0.0,0.0,3,15.4,27.0,289,Overcast,1,1,
84095,2021-09-04 15:50:00,40.76316,-73.8164,1,0,Turning Improperly,4453655,25.2,14.5,0.0,0.0,0.0,0.0,3,15.4,27.0,289,Overcast,1,1,
84096,2021-09-04 15:25:00,40.643894,-73.91352,1,0,Driver Inattention/Distraction,4453625,25.2,14.5,0.0,0.0,0.0,0.0,3,15.4,27.0,289,Overcast,1,1,
84097,2021-09-04 16:55:00,40.671097,-73.731255,1,0,Unspecified,4453676,25.2,14.5,0.0,0.0,0.0,0.0,3,15.4,27.0,289,Overcast,1,1,
84098,2021-09-04 06:20:00,40.727856,-73.90659,3,0,Driver Inattention/Distraction,4453583,25.2,14.5,0.0,0.0,0.0,0.0,3,15.4,27.0,289,Overcast,3,3,
84099,2021-09-04 20:53:00,40.81881,-73.92828,1,0,Unspecified,4454115,25.2,14.5,0.0,0.0,0.0,0.0,3,15.4,27.0,289,Overcast,1,1,
84100,2021-09-04 23:26:00,40.775906,-73.920525,1,0,Unspecified,4453870,25.2,14.5,0.0,0.0,0.0,0.0,3,15.4,27.0,289,Overcast,1,1,
84101,2021-09-04 20:07:00,40.87683,-73.86472,1,0,Pavement Defective,4453922,25.2,14.5,0.0,0.0,0.0,0.0,3,15.4,27.0,289,Overcast,1,1,
84102,2022-07-08 09:00:00,40.631138,-74.12783,0,0,Unspecified,4545058,29.6,19.3,1.8,1.8,0.0,8.0,51,15.0,31.0,187,Drizzle: Light,0,0,
84103,2021-09-04 17:23:00,40.836536,-73.89339,0,0,Aggressive Driving/Road Rage,4454044,25.2,14.5,0.0,0.0,0.0,0.0,3,15.4,27.0,289,Overcast,0,0,
84104,2021-09-04 06:30:00,40.691113,-73.838425,0,0,Steering Failure,4454139,25.2,14.5,0.0,0.0,0.0,0.0,3,15.4,27.0,289,Overcast,0,0,
84105,2021-09-04 00:00:00,40.807903,-73.92005,0,0,Driver Inattention/Distraction,4453610,25.2,14.5,0.0,0.0,0.0,0.0,3,15.4,27.0,289,Overcast,0,0,
84106,2021-09-04 17:19:00,40.768932,-73.79191,0,0,Failure to Yield Right-of-Way,4453667,25.2,14.5,0.0,0.0,0.0,0.0,3,15.4,27.0,289,Overcast,0,0,
84107,2021-09-04 09:50:00,40.67638,-73.911736,0,0,Driver Inattention/Distraction,4453771,25.2,14.5,0.0,0.0,0.0,0.0,3,15.4,27.0,289,Overcast,0,0,
84108,2021-08-14 11:32:00,40.61146,-73.92437,0,0,Failure to Yield Right-of-Way,4454383,31.3,24.2,2.5,2.5,0.0,5.0,55,16.9,32.8,286,Drizzle: Dense,0,0,
84109,2021-09-04 11:28:00,40.632427,-73.93513,2,0,Driver Inattention/Distraction,4454029,25.2,14.5,0.0,0.0,0.0,0.0,3,15.4,27.0,289,Overcast,2,2,
84110,2021-09-02 11:35:00,40.72883,-73.8659,0,0,Unspecified,4454258,24.5,15.0,24.6,24.6,0.0,5.0,65,43.0,83.5,344,Rain: Heavy,0,0,
84111,2021-09-03 11:57:00,40.73378,-73.98065,2,0,Failure to Yield Right-of-Way,4454388,21.9,14.0,0.0,0.0,0.0,0.0,3,14.5,30.2,321,Overcast,2,2,
84112,2021-09-04 15:37:00,40.687023,-73.97621,0,0,Driver Inattention/Distraction,4453687,25.2,14.5,0.0,0.0,0.0,0.0,3,15.4,27.0,289,Overcast,0,0,
84113,2021-09-04 15:17:00,40.798306,-73.93683,0,0,Unsafe Lane Changing,4453736,25.2,14.5,0.0,0.0,0.0,0.0,3,15.4,27.0,289,Overcast,0,0,
84114,2021-09-01 23:30:00,40.686447,-73.98564,0,0,Backing Unsafely,4454234,23.2,18.4,121.7,121.7,0.0,18.0,65,43.2,78.5,42,Rain: Heavy,0,0,
84115,2021-09-04 16:38:00,40.595104,-74.00091,1,0,Unsafe Speed,4454061,25.2,14.5,0.0,0.0,0.0,0.0,3,15.4,27.0,289,Overcast,1,1,
84116,2021-09-04 15:40:00,40.766857,-73.76269,1,0,Driver Inattention/Distraction,4454108,25.2,14.5,0.0,0.0,0.0,0.0,3,15.4,27.0,289,Overcast,1,1,
84117,2022-07-05 13:30:00,40.611546,-74.15961,1,0,Driver Inattention/Distraction,4544820,30.0,20.3,0.5,0.5,0.0,2.0,51,30.4,56.5,191,Drizzle: Light,1,1,
84118,2021-09-01 19:30:00,40.669308,-74.004456,0,0,Passing Too Closely,4454307,23.2,18.4,121.7,121.7,0.0,18.0,65,43.2,78.5,42,Rain: Heavy,0,0,
84119,2021-09-04 00:20:00,40.655846,-73.98066,0,0,Unspecified,4453819,25.2,14.5,0.0,0.0,0.0,0.0,3,15.4,27.0,289,Overcast,0,0,
84120,2021-09-04 07:00:00,40.878696,-73.8576,1,0,Driver Inattention/Distraction,4453910,25.2,14.5,0.0,0.0,0.0,0.0,3,15.4,27.0,289,Overcast,1,1,
84121,2021-09-04 22:50:00,40.748806,-73.99221,1,0,Driver Inattention/Distraction,4453751,25.2,14.5,0.0,0.0,0.0,0.0,3,15.4,27.0,289,Overcast,1,1,
84122,2021-09-03 18:18:00,40.66844,-73.919044,1,0,,4454323,21.9,14.0,0.0,0.0,0.0,0.0,3,14.5,30.2,321,Overcast,1,1,
84123,2021-09-04 03:31:00,40.80275,-73.93358,1,0,Driver Inexperience,4454003,25.2,14.5,0.0,0.0,0.0,0.0,3,15.4,27.0,289,Overcast,1,1,
84124,2021-09-04 18:15:00,40.737194,-73.97447,0,0,Unsafe Lane Changing,4454368,25.2,14.5,0.0,0.0,0.0,0.0,3,15.4,27.0,289,Overcast,0,0,
84125,2021-09-04 14:20:00,40.62334,-73.95595,1,0,Unspecified,4453692,25.2,14.5,0.0,0.0,0.0,0.0,3,15.4,27.0,289,Overcast,1,1,
84126,2021-09-03 12:17:00,40.59616,-73.96104,0,0,Unspecified,4454249,21.9,14.0,0.0,0.0,0.0,0.0,3,14.5,30.2,321,Overcast,0,0,
84127,2021-09-04 19:00:00,40.622105,-73.94498,3,0,Driver Inattention/Distraction,4454395,25.2,14.5,0.0,0.0,0.0,0.0,3,15.4,27.0,289,Overcast,3,3,
84128,2021-09-04 19:50:00,40.665073,-73.9274,1,0,Driver Inattention/Distraction,4453941,25.2,14.5,0.0,0.0,0.0,0.0,3,15.4,27.0,289,Overcast,1,1,
84129,2021-09-04 12:03:00,40.666885,-73.911964,0,0,Passing Too Closely,4453761,25.2,14.5,0.0,0.0,0.0,0.0,3,15.4,27.0,289,Overcast,0,0,
84130,2021-09-04 23:08:00,40.646442,-73.92771,1,0,Failure to Yield Right-of-Way,4453944,25.2,14.5,0.0,0.0,0.0,0.0,3,15.4,27.0,289,Overcast,1,1,
84131,2021-09-04 21:41:00,40.768875,-73.90852,1,0,Unspecified,4453883,25.2,14.5,0.0,0.0,0.0,0.0,3,15.4,27.0,289,Overcast,1,1,