,CRASH DATETIME,LATITUDE,LONGITUDE,NUMBER OF PERSONS INJURED,NUMBER OF PERSONS KILLED,CONTRIBUTING FACTOR VEHICLE 1,COLLISION_ID,temperature_2m_max,temperature_2m_min,precipitation_sum,rain_sum,snowfall_sum,precipitation_hours,weather_code,wind_speed_10m_max,wind_gusts_10m_max,wind_direction_10m_dominant,Weather Description,Severity_Score,Total_Affected_Persons,Weather_Category
84132,2021-09-04 16:20:00,40.867474,-73.89741,1,0,Passing or Lane Usage Improper,4454280,25.2,14.5,0.0,0.0,0.0,0.0,3,15.4,27.0,289,Overcast,1,1,
84133,2021-09-04 00:20:00,40.657425,-73.74602,0,0,Driver Inattention/Distraction,4453532,25.2,14.5,0.0,0.0,0.0,0.0,3,15.4,27.0,289,Overcast,0,0,
84134,2021-07-03 19:15:00,40.71705,-73.75977,0,0,Unsafe Speed,4454328,19.3,16.6,16.1,16.1,0.0,20.0,63,24.0,47.2,43,Rain: Moderate,0,0,
84135,2021-09-04 17:20:00,40.839294,-73.88418,1,0,Following Too Closely,4454201,25.2,14.5,0.0,0.0,0.0,0.0,3,15.4,27.0,289,Overcast,1,1,
84136,2021-09-04 20:00:00,40.836002,-73.888596,0,0,Passing Too Closely,4454449,25.2,14.5,0.0,0.0,0.0,0.0,3,15.4,27.0,289,Overcast,0,0,
84137,2021-09-02 16:30:00,40.627094,-73.94161,1,0,Driver Inattention/Distraction,4454394,24.5,15.0,24.6,24.6,0.0,5.0,65,43.0,83.5,344,Rain: Heavy,1,1,
84138,2021-08-15 10:32:00,40.8867,-73.86218,0,0,Driver Inattention/Distraction,4454265,27.9,20.0,0.0,0.0,0.0,0.0,3,16.6,33.1,25,Overcast,0,0,
84139,2021-09-04 05:10:00,40.764263,-73.77134,0,0,Driver Inattention/Distraction,4453544,25.2,14.5,0.0,0.0,0.0,0.0,3,15.4,27.0,289,Overcast,0,0,
84140,2021-09-03 20:30:00,40.852306,-73.89811,1,0,Driver Inattention/Distraction,4454295,21.9,14.0,0.0,0.0,0.0,0.0,3,14.5,30.2,321,Overcast,1,1,
84141,2021-09-04 14:05:00,40.64443,-73.96395,0,0,Unspecified,4453691,25.2,14.5,0.0,0.0,0.0,0.0,3,15.4,27.0,289,Overcast,0,0,
84142,2021-09-04 23:05:00,40.776066,-73.93229,0,0,Unspecified,4453889,25.2,14.5,0.0,0.0,0.0,0.0,3,15.4,27.0,289,Overcast,0,0,
84143,2021-08-03 09:30:00,40.8239,-73.876526,1,0,Unspecified,4454340,24.2,15.3,0.0,0.0,0.0,0.0,3,10.7,21.2,7,Overcast,1,1,
84144,2021-09-04 11:50:00,40.75469,-73.99536,1,0,Steering Failure,4453754,25.2,14.5,0.0,0.0,0.0,0.0,3,15.4,27.0,289,Overcast,1,1,
84145,2021-09-04 07:30:00,40.66691,-73.822014,0,0,Passing or Lane Usage Improper,4454178,25.2,14.5,0.0,0.0,0.0,0.0,3,15.4,27.0,289,Overcast,0,0,
84146,2021-09-03 15:14:00,40.719574,-73.99951,0,0,Passing Too Closely,4454244,21.9,14.0,0.0,0.0,0.0,0.0,3,14.5,30.2,321,Overcast,0,0,
84147,2021-09-04 08:00:00,40.619976,-74.02369,0,0,Unspecified,4453809,25.2,14.5,0.0,0.0,0.0,0.0,3,15.4,27.0,289,Overcast,0,0,
84148,2021-08-14 12:45:00,40.67606,-73.89374,1,0,Aggressive Driving/Road Rage,4454422,31.3,24.2,2.5,2.5,0.0,5.0,55,16.9,32.8,286,Drizzle: Dense,1,1,
84149,2021-09-02 12:56:00,40.86242,-73.89405,0,0,Unsafe Speed,4454320,24.5,15.0,24.6,24.6,0.0,5.0,65,43.0,83.5,344,Rain: Heavy,0,0,
84150,2021-09-04 16:05:00,40.82663,-73.87285,0,0,Following Too Closely,4453635,25.2,14.5,0.0,0.0,0.0,0.0,3,15.4,27.0,289,Overcast,0,0,
84151,2021-09-04 18:00:00,40.744026,-73.92616,2,0,Driver Inattention/Distraction,4453657,25.2,14.5,0.0,0.0,0.0,0.0,3,15.4,27.0,289,Overcast,2,2,
84152,2021-09-04 11:00:00,40.639736,-73.93012,0,0,Driver Inattention/Distraction,4454049,25.2,14.5,0.0,0.0,0.0,0.0,3,15.4,27.0,289,Overcast,0,0,
84153,2021-09-03 16:00:00,40.621887,-73.98741,0,0,Unspecified,4454409,21.9,14.0,0.0,0.0,0.0,0.0,3,14.5,30.2,321,Overcast,0,0,
84154,2021-09-04 18:05:00,40.74525,-73.95575,2,0,Driver Inattention/Distraction,4453717,25.2,14.5,0.0,0.0,0.0,0.0,3,15.4,27.0,289,Overcast,2,2,
84155,2021-09-04 07:25:00,40.69035,-73.84108,0,0,Passing Too Closely,4454146,25.2,14.5,0.0,0.0,0.0,0.0,3,15.4,27.0,289,Overcast,0,0,
84156,2021-09-03 19:50:00,40.701122,-73.756195,1,0,Traffic Control Disregarded,4454347,21.9,14.0,0.0,0.0,0.0,0.0,3,14.5,30.2,321,Overcast,1,1,
84157,2021-09-04 04:30:00,40.812855,-73.90725,0,0,Unspecified,4453611,25.2,14.5,0.0,0.0,0.0,0.0,3,15.4,27.0,289,Overcast,0,0,
84158,2021-09-04 08:10:00,40.729515,-73.8715,2,0,Traffic Control Disregarded,4453975,25.2,14.5,0.0,0.0,0.0,0.0,3,15.4,27.0,289,Overcast,2,2,
84159,2021-09-04 08:43:00,40.606888,-73.99589,0,0,Unspecified,4454067,25.2,14.5,0.0,0.0,0.0,0.0,3,15.4,27.0,289,Overcast,0,0,
84160,2021-09-04 04:20:00,40.75108,-73.98686,0,0,Driver Inattention/Distraction,4454259,25.2,14.5,0.0,0.0,0.0,0.0,3,15.4,27.0,289,Overcast,0,0,
84161,2021-09-01 10:00:00,40.68535,-74.00101,0,0,Driver Inattention/Distraction,4454306,23.2,18.4,121.7,121.7,0.0,18.0,65,43.2,78.5,42,Rain: Heavy,0,0,
84162,2022-07-02 01:39:00,40.76027,-73.80401,0,0,Following Too Closely,4544859,30.8,23.1,4.0,4.0,0.0,5.0,61,19.4,40.0,229,Rain: Light,0,0,
84163,2021-09-04 15:30:00,40.639786,-74.03613,3,0,Tire Failure/Inadequate,4453699,25.2,14.5,0.0,0.0,0.0,0.0,3,15.4,27.0,289,Overcast,3,3,
84164,2021-09-04 16:35:00,40.599754,-74.09162,1,0,Fell Asleep,4453792,25.2,14.5,0.0,0.0,0.0,0.0,3,15.4,27.0,289,Overcast,1,1,
84165,2021-09-04 12:00:00,40.73714,-73.98649,0,0,Obstruction/Debris,4454384,25.2,14.5,0.0,0.0,0.0,0.0,3,15.4,27.0,289,Overcast,0,0,
84166,2021-09-04 12:18:00,40.58383,-73.94073,0,0,View Obstructed/Limited,4454253,25.2,14.5,0.0,0.0,0.0,0.0,3,15.4,27.0,289,Overcast,0,0,
84167,2021-09-04 18:30:00,40.61593,-74.087425,1,0,Driver Inattention/Distraction,4454042,25.2,14.5,0.0,0.0,0.0,0.0,3,15.4,27.0,289,Overcast,1,1,
84168,2021-09-04 08:40:00,40.676132,-73.81924,1,0,Traffic Control Disregarded,4453565,25.2,14.5,0.0,0.0,0.0,0.0,3,15.4,27.0,289,Overcast,1,1,
84169,2021-09-04 14:56:00,40.66614,-73.82326,0,0,Failure to Yield Right-of-Way,4454131,25.2,14.5,0.0,0.0,0.0,0.0,3,15.4,27.0,289,Overcast,0,0,
84170,2021-09-04 13:30:00,40.69787,-73.743034,0,0,Unspecified,4453679,25.2,14.5,0.0,0.0,0.0,0.0,3,15.4,27.0,289,Overcast,0,0,
84171,2021-09-04 11:05:00,40.66575,-73.97923,1,0,Failure to Yield Right-of-Way,4454079,25.2,14.5,0.0,0.0,0.0,0.0,3,15.4,27.0,289,Overcast,1,1,
84172,2021-09-04 16:00:00,40.711082,-73.77798,0,0,Unspecified,4453840,25.2,14.5,0.0,0.0,0.0,0.0,3,15.4,27.0,289,Overcast,0,0,
84173,2021-08-31 16:15:00,40.788982,-73.93039,0,0,Unspecified,4454313,28.5,21.2,0.0,0.0,0.0,0.0,3,15.5,29.9,301,Overcast,0,0,
84174,2022-02-01 23:10:00,40.625546,-73.93998,0,0,Turning Improperly,4499259,-0.9,-13.4,0.0,0.0,0.0,0.0,3,12.2,21.2,36,Overcast,0,0,
84175,2021-09-04 07:00:00,40.895084,-73.85984,0,0,Backing Unsafely,4453921,25.2,14.5,0.0,0.0,0.0,0.0,3,15.4,27.0,289,Overcast,0,0,
84176,2021-09-03 19:11:00,40.59328,-73.94538,0,0,Driver Inattention/Distraction,4454254,21.9,14.0,0.0,0.0,0.0,0.0,3,14.5,30.2,321,Overcast,0,0,
84177,2021-09-04 07:15:00,40.740746,-73.87173,0,0,Driver Inexperience,4453732,25.2,14.5,0.0,0.0,0.0,0.0,3,15.4,27.0,289,Overcast,0,0,
84178,2021-09-04 17:00:00,40.681503,-73.81782,1,0,View Obstructed/Limited,4454147,25.2,14.5,0.0,0.0,0.0,0.0,3,15.4,27.0,289,Overcast,1,1,
84179,2021-09-04 19:58:00,40.734352,-73.95606,0,0,View Obstructed/Limited,4453783,25.2,14.5,0.0,0.0,0.0,0.0,3,15.4,27.0,289,Overcast,0,0,
84180,2021-09-04 21:53:00,40.68161,-73.77221,1,0,Failure to Yield Right-of-Way,4454093,25.2,14.5,0.0,0.0,0.0,0.0,3,15.4,27.0,289,Overcast,1,1,
84181,2021-09-04 06:30:00,40.74101,-73.90058,0,0,Driver Inattention/Distraction,4453582,25.2,14.5,0.0,0.0,0.0,0.0,3,15.4,27.0,289,Overcast,0,0,
84182,2021-09-04 19:00:00,40.636387,-73.94611,2,0,Unspecified,4453938,25.2,14.5,0.0,0.0,0.0,0.0,3,15.4,27.0,289,Overcast,2,2,
84183,2021-09-04 13:44:00,40.66804,-73.86055,1,0,Driver Inattention/Distraction,4453662,25.2,14.5,0.0,0.0,0.0,0.0,3,15.4,27.0,289,Overcast,1,1,
84184,2021-09-04 12:15:00,40.62435,-74.13927,2,0,Following Too Closely,4453949,25.2,14.5,0.0,0.0,0.0,0.0,3,15.4,27.0,289,Overcast,2,2,
84185,2021-09-04 22:50:00,40.665634,-73.75817,1,0,Driver Inattention/Distraction,4453723,25.2,14.5,0.0,0.0,0.0,0.0,3,15.4,27.0,289,Overcast,1,1,
84186,2021-09-04 17:45:00,40.652462,-73.92285,2,0,Driver Inattention/Distraction,4453937,25.2,14.5,0.0,0.0,0.0,0.0,3,15.4,27.0,289,Overcast,2,2,
84187,2022-07-03 10:20:00,40.61224,-74.00095,0,0,Driver Inattention/Distraction,4545018,31.2,21.0,0.0,0.0,0.0,0.0,3,15.8,31.3,341,Overcast,0,0,
84188,2021-09-04 08:45:00,40.645973,-74.01631,3,0,Alcohol Involvement,4453816,25.2,14.5,0.0,0.0,0.0,0.0,3,15.4,27.0,289,Overcast,3,3,
84189,2021-09-03 06:40:00,40.64685,-74.019264,0,0,Unspecified,4454285,21.9,14.0,0.0,0.0,0.0,0.0,3,14.5,30.2,321,Overcast,0,0,
84190,2021-09-04 01:02:00,40.74668,-73.9745,0,0,Unsafe Lane Changing,4453535,25.2,14.5,0.0,0.0,0.0,0.0,3,15.4,27.0,289,Overcast,0,0,
84191,2021-09-01 21:00:00,40.598953,-74.00696,0,0,Following Too Closely,4454331,23.2,18.4,121.7,121.7,0.0,18.0,65,43.2,78.5,42,Rain: Heavy,0,0,
84192,2021-09-04 20:00:00,40.614246,-74.15379,0,0,Alcohol Involvement,4454198,25.2,14.5,0.0,0.0,0.0,0.0,3,15.4,27.0,289,Overcast,0,0,
84193,2021-08-07 02:15:00,40.657555,-73.894196,2,0,Unsafe Speed,4454410,29.7,19.9,0.0,0.0,0.0,0.0,3,24.2,45.0,198,Overcast,2,2,
84194,2021-09-04 03:37:00,40.79651,-73.93659,0,0,Unspecified,4454004,25.2,14.5,0.0,0.0,0.0,0.0,3,15.4,27.0,289,Overcast,0,0,
84195,2021-09-02 13:00:00,40.61796,-73.99138,1,0,Unspecified,4454327,24.5,15.0,24.6,24.6,0.0,5.0,65,43.0,83.5,344,Rain: Heavy,1,1,
84196,2021-09-04 17:35:00,40.688667,-73.87548,1,0,Unspecified,4453666,25.2,14.5,0.0,0.0,0.0,0.0,3,15.4,27.0,289,Overcast,1,1,
84197,2021-09-04 01:15:00,40.843594,-73.94004,0,0,Backing Unsafely,4454054,25.2,14.5,0.0,0.0,0.0,0.0,3,15.4,27.0,289,Overcast,0,0,
84198,2021-09-04 05:11:00,40.795555,-73.82262,0,0,Unspecified,4453698,25.2,14.5,0.0,0.0,0.0,0.0,3,15.4,27.0,289,Overcast,0,0,
84199,2021-09-04 09:30:00,40.85611,-73.88252,0,0,Driver Inattention/Distraction,4454111,25.2,14.5,0.0,0.0,0.0,0.0,3,15.4,27.0,289,Overcast,0,0,
84200,2021-09-01 22:33:00,40.6406,-73.99434,1,0,Unspecified,4454408,23.2,18.4,121.7,121.7,0.0,18.0,65,43.2,78.5,42,Rain: Heavy,1,1,
84201,2021-09-04 08:06:00,40.63606,-73.92683,1,0,Driver Inattention/Distraction,4453591,25.2,14.5,0.0,0.0,0.0,0.0,3,15.4,27.0,289,Overcast,1,1,
84202,2021-09-04 11:35:00,40.70029,-73.92904,0,0,View Obstructed/Limited,4454005,25.2,14.5,0.0,0.0,0.0,0.0,3,15.4,27.0,289,Overcast,0,0,
84203,2021-09-04 17:57:00,40.673428,-73.7572,0,0,Passing or Lane Usage Improper,4454102,25.2,14.5,0.0,0.0,0.0,0.0,3,15.4,27.0,289,Overcast,0,0,
84204,2021-09-04 17:22:00,40.82882,-73.83833,4,0,Unspecified,4454141,25.2,14.5,0.0,0.0,0.0,0.0,3,15.4,27.0,289,Overcast,4,4,
84205,2021-09-04 08:02:00,40.64816,-73.88288,0,0,Alcohol Involvement,4453614,25.2,14.5,0.0,0.0,0.0,0.0,3,15.4,27.0,289,Overcast,0,0,
84206,2021-09-04 12:00:00,40.677635,-73.86292,0,0,Driver Inattention/Distraction,4453665,25.2,14.5,0.0,0.0,0.0,0.0,3,15.4,27.0,289,Overcast,0,0,
84207,2021-09-04 20:00:00,40.615166,-73.91864,1,0,Driver Inattention/Distraction,4454390,25.2,14.5,0.0,0.0,0.0,0.0,3,15.4,27.0,289,Overcast,1,1,
84208,2021-09-04 08:40:00,40.650528,-73.95583,0,0,Driver Inattention/Distraction,4453690,25.2,14.5,0.0,0.0,0.0,0.0,3,15.4,27.0,289,Overcast,0,0,
84209,2021-09-04 10:23:00,40.832085,-73.85541,1,0,Following Too Closely,4453897,25.2,14.5,0.0,0.0,0.0,0.0,3,15.4,27.0,289,Overcast,1,1,
84210,2021-09-04 15:00:00,40.614265,-73.98219,0,0,Unspecified,4454374,25.2,14.5,0.0,0.0,0.0,0.0,3,15.4,27.0,289,Overcast,0,0,
84211,2021-09-04 19:15:00,40.76311,-73.962524,1,0,Driver Inattention/Distraction,4454187,25.2,14.5,0.0,0.0,0.0,0.0,3,15.4,27.0,289,Overcast,1,1,
84212,2021-09-04 08:33:00,40.79323,-73.979515,1,0,Unsafe Lane Changing,4453634,25.2,14.5,0.0,0.0,0.0,0.0,3,15.4,27.0,289,Overcast,1,1,
84213,2021-09-04 20:23:00,40.743713,-73.942116,0,0,Driver Inattention/Distraction,4453718,25.2,14.5,0.0,0.0,0.0,0.0,3,15.4,27.0,289,Overcast,0,0,
84214,2021-09-04 00:34:00,40.742756,-73.95047,1,0,Driver Inattention/Distraction,4453581,25.2,14.5,0.0,0.0,0.0,0.0,3,15.4,27.0,289,Overcast,1,1,
84215,2021-09-04 17:00:00,40.737923,-73.70558,1,0,Unspecified,4453680,25.2,14.5,0.0,0.0,0.0,0.0,3,15.4,27.0,289,Overcast,1,1,
84216,2021-09-04 17:45:00,40.743652,-73.71836,0,0,Unspecified,4453998,25.2,14.5,0.0,0.0,0.0,0.0,3,15.4,27.0,289,Overcast,0,0,
84217,2021-09-04 03:00:00,40.676067,-73.893555,1,0,Unspecified,4453671,25.2,14.5,0.0,0.0,0.0,0.0,3,15.4,27.0,289,Overcast,1,1,
84218,2021-09-04 15:20:00,40.81869,-73.91858,0,0,Driver Inattention/Distraction,4454112,25.2,14.5,0.0,0.0,0.0,0.0,3,15.4,27.0,289,Overcast,0,0,
84219,2021-09-04 23:50:00,40.711033,-73.7281,2,0,Unsafe Speed,4453755,25.2,14.5,0.0,0.0,0.0,0.0,3,15.4,27.0,289,Overcast,2,2,
84220,2021-09-04 11:20:00,40.611,-73.99972,0,0,Unspecified,4454048,25.2,14.5,0.0,0.0,0.0,0.0,3,15.4,27.0,289,Overcast,0,0,
84221,2021-09-04 12:20:00,40.670593,-73.83834,0,0,Passing Too Closely,4454129,25.2,14.5,0.0,0.0,0.0,0.0,3,15.4,27.0,289,Overcast,0,0,
84222,2021-09-04 19:31:00,40.67973,-73.76162,0,0,Following Too Closely,4454092,25.2,14.5,0.0,0.0,0.0,0.0,3,15.4,27.0,289,Overcast,0,0,
84223,2021-09-04 08:30:00,40.64219,-74.09433,0,0,Driver Inattention/Distraction,4453879,25.2,14.5,0.0,0.0,0.0,0.0,3,15.4,27.0,289,Overcast,0,0,
84224,2021-09-04 16:00:00,0.0,0.0,0,0,Following Too Closely,4454243,25.2,14.5,0.0,0.0,0.0,0.0,3,15.4,27.0,289,Overcast,0,0,
84225,2021-09-04 07:45:00,40.59455,-73.997574,0,0,Unsafe Speed,4453745,25.2,14.5,0.0,0.0,0.0,0.0,3,15.4,27.0,289,Overcast,0,0,
84226,2021-08-30 03:50:00,40.861862,-73.91275,0,0,Unspecified,4454260,28.7,21.7,3.9,3.9,0.0,7.0,63,14.7,33.8,231,Rain: Moderate,0,0,
84227,2021-09-04 05:00:00,40.752052,-73.85423,1,0,Driver Inattention/Distraction,4453731,25.2,14.5,0.0,0.0,0.0,0.0,3,15.4,27.0,289,Overcast,1,1,
84228,2021-09-04 05:46:00,40.865868,-73.8635,0,0,Unspecified,4453546,25.2,14.5,0.0,0.0,0.0,0.0,3,15.4,27.0,289,Overcast,0,0,
84229,2021-09-04 14:55:00,40.836792,-73.84669,2,0,Unspecified,4453660,25.2,14.5,0.0,0.0,0.0,0.0,3,15.4,27.0,289,Overcast,2,2,
84230,2021-09-04 16:40:00,40.594826,-73.787254,0,0,Driver Inattention/Distraction,4453796,25.2,14.5,0.0,0.0,0.0,0.0,3,15.4,27.0,289,Overcast,0,0,
84231,2021-09-01 21:15:00,40.66243,-73.88168,0,0,Driver Inattention/Distraction,4454426,23.2,18.4,121.7,121.7,0.0,18.0,65,43.2,78.5,42,Rain: Heavy,0,0,
84232,2021-09-03 21:22:00,40.810318,-73.943634,0,0,Obstruction/Debris,4454342,21.9,14.0,0.0,0.0,0.0,0.0,3,14.5,30.2,321,Overcast,0,0,
84233,2021-09-04 03:25:00,40.840103,-73.888794,0,0,Other Vehicular,4454206,25.2,14.5,0.0,0.0,0.0,0.0,3,15.4,27.0,289,Overcast,0,0,
84234,2021-09-04 17:58:00,40.69286,-73.87801,1,0,Tire Failure/Inadequate,4453979,25.2,14.5,0.0,0.0,0.0,0.0,3,15.4,27.0,289,Overcast,1,1,
84235,2021-09-04 20:55:00,40.578358,-73.99051,0,0,Driver Inattention/Distraction,4453768,25.2,14.5,0.0,0.0,0.0,0.0,3,15.4,27.0,289,Overcast,0,0,
84236,2021-09-04 17:30:00,40.583355,-74.14962,1,0,Unsafe Speed,4453703,25.2,14.5,0.0,0.0,0.0,0.0,3,15.4,27.0,289,Overcast,1,1,
84237,2021-09-04 21:45:00,40.86235,-73.89997,1,0,Traffic Control Disregarded,4454277,25.2,14.5,0.0,0.0,0.0,0.0,3,15.4,27.0,289,Overcast,1,1,
84238,2021-09-01 10:55:00,40.75991,-73.95882,1,0,Following Too Closely,4454305,23.2,18.4,121.7,121.7,0.0,18.0,65,43.2,78.5,42,Rain: Heavy,1,1,
84239,2021-09-04 20:00:00,40.627167,-74.07595,0,0,Unspecified,4454041,25.2,14.5,0.0,0.0,0.0,0.0,3,15.4,27.0,289,Overcast,0,0,
84240,2021-09-04 05:28:00,40.695637,-73.80372,0,0,Driver Inattention/Distraction,4453838,25.2,14.5,0.0,0.0,0.0,0.0,3,15.4,27.0,289,Overcast,0,0,
84241,2021-09-04 01:11:00,40.650414,-73.917305,0,0,Unspecified,4453939,25.2,14.5,0.0,0.0,0.0,0.0,3,15.4,27.0,289,Overcast,0,0,
84242,2021-08-30 21:05:00,40.696167,-73.8045,0,0,Unsafe Speed,4454358,28.7,21.7,3.9,3.9,0.0,7.0,63,14.7,33.8,231,Rain: Moderate,0,0,
84243,2021-09-03 14:00:00,40.610264,-73.954704,0,0,Unspecified,4454251,21.9,14.0,0.0,0.0,0.0,0.0,3,14.5,30.2,321,Overcast,0,0,
84244,2021-08-28 17:12:00,40.60507,-73.97913,0,0,Driver Inattention/Distraction,4454438,26.2,20.2,3.9,3.9,0.0,18.0,53,23.5,45.0,65,Drizzle: Moderate,0,0,
84245,2021-09-04 12:19:00,40.635853,-74.16619,1,0,Failure to Yield Right-of-Way,4453951,25.2,14.5,0.0,0.0,0.0,0.0,3,15.4,27.0,289,Overcast,1,1,
84246,2021-09-02 05:00:00,40.74198,-73.82475,1,0,Other Vehicular,4454230,24.5,15.0,24.6,24.6,0.0,5.0,65,43.0,83.5,344,Rain: Heavy,1,1,
84247,2021-09-03 14:00:00,40.675613,-73.870514,0,0,Unspecified,4454417,21.9,14.0,0.0,0.0,0.0,0.0,3,14.5,30.2,321,Overcast,0,0,
84248,2021-09-03 14:15:00,40.592514,-73.95231,1,0,Failure to Yield Right-of-Way,4454255,21.9,14.0,0.0,0.0,0.0,0.0,3,14.5,30.2,321,Overcast,1,1,
84249,2021-09-04 02:30:00,40.741394,-73.8848,0,0,Failure to Yield Right-of-Way,4453538,25.2,14.5,0.0,0.0,0.0,0.0,3,15.4,27.0,289,Overcast,0,0,
84250,2021-09-03 19:00:00,40.70333,-73.88656,0,0,Unspecified,4454334,21.9,14.0,0.0,0.0,0.0,0.0,3,14.5,30.2,321,Overcast,0,0,
84251,2021-09-04 19:50:00,40.86309,-73.88946,0,0,Unspecified,4454278,25.2,14.5,0.0,0.0,0.0,0.0,3,15.4,27.0,289,Overcast,0,0,
84252,2021-09-04 14:30:00,40.757233,-73.9898,0,0,Unspecified,4453742,25.2,14.5,0.0,0.0,0.0,0.0,3,15.4,27.0,289,Overcast,0,0,
84253,2021-09-04 00:30:00,40.846153,-73.932335,0,0,Unspecified,4454070,25.2,14.5,0.0,0.0,0.0,0.0,3,15.4,27.0,289,Overcast,0,0,
84254,2021-09-04 18:20:00,40.83068,-73.92427,2,0,Passing or Lane Usage Improper,4453652,25.2,14.5,0.0,0.0,0.0,0.0,3,15.4,27.0,289,Overcast,2,2,
84255,2021-09-04 09:03:00,40.834015,-73.94282,0,0,Unspecified,4454055,25.2,14.5,0.0,0.0,0.0,0.0,3,15.4,27.0,289,Overcast,0,0,
84256,2021-09-04 17:05:00,40.859875,-73.89323,0,0,Passing Too Closely,4454214,25.2,14.5,0.0,0.0,0.0,0.0,3,15.4,27.0,289,Overcast,0,0,
84257,2021-09-04 13:57:00,40.771076,-73.91872,0,0,Driver Inattention/Distraction,4453877,25.2,14.5,0.0,0.0,0.0,0.0,3,15.4,27.0,289,Overcast,0,0,
84258,2021-09-04 10:00:00,40.888577,-73.863434,0,0,Driver Inattention/Distraction,4453920,25.2,14.5,0.0,0.0,0.0,0.0,3,15.4,27.0,289,Overcast,0,0,
84259,2021-09-04 02:00:00,40.66669,-73.81173,1,0,Following Too Closely,4454156,25.2,14.5,0.0,0.0,0.0,0.0,3,15.4,27.0,289,Overcast,1,1,
84260,2021-09-04 11:00:00,40.723087,-73.75655,0,0,Following Too Closely,4453999,25.2,14.5,0.0,0.0,0.0,0.0,3,15.4,27.0,289,Overcast,0,0,
84261,2021-09-04 19:17:00,40.66682,-73.88166,0,0,Unsafe Speed,4453669,25.2,14.5,0.0,0.0,0.0,0.0,3,15.4,27.0,289,Overcast,0,0,
84262,2021-09-04 01:49:00,40.765137,-73.79957,0,0,Following Too Closely,4453697,25.2,14.5,0.0,0.0,0.0,0.0,3,15.4,27.0,289,Overcast,0,0,
84263,2021-09-01 13:30:00,40.6311,-73.98262,0,0,Driver Inattention/Distraction,4454407,23.2,18.4,121.7,121.7,0.0,18.0,65,43.2,78.5,42,Rain: Heavy,0,0,
84264,2021-09-04 13:28:00,40.72179,-73.99986,1,0,Unspecified,4453602,25.2,14.5,0.0,0.0,0.0,0.0,3,15.4,27.0,289,Overcast,1,1,
84265,2021-09-04 15:20:00,40.628387,-73.92431,0,0,Following Too Closely,4454379,25.2,14.5,0.0,0.0,0.0,0.0,3,15.4,27.0,289,Overcast,0,0,
84266,2021-09-04 15:10:00,40.8037,-73.93582,0,0,Unspecified,4454006,25.2,14.5,0.0,0.0,0.0,0.0,3,15.4,27.0,289,Overcast,0,0,
84267,2021-09-04 02:30:00,40.714157,-73.956276,0,0,Backing Unsafely,4453782,25.2,14.5,0.0,0.0,0.0,0.0,3,15.4,27.0,289,Overcast,0,0,
84268,2021-09-03 14:00:00,40.72096,-73.84698,0,0,Unspecified,4454326,21.9,14.0,0.0,0.0,0.0,0.0,3,14.5,30.2,321,Overcast,0,0,
84269,2021-09-04 12:28:00,40.676964,-73.89895,0,0,Unspecified,4453672,25.2,14.5,0.0,0.0,0.0,0.0,3,15.4,27.0,289,Overcast,0,0,
84270,2021-09-04 09:50:00,40.625206,-74.14955,0,0,Driver Inattention/Distraction,4453704,25.2,14.5,0.0,0.0,0.0,0.0,3,15.4,27.0,289,Overcast,0,0,
84271,2021-09-04 12:30:00,40.670025,-73.84787,0,0,Driver Inexperience,4454172,25.2,14.5,0.0,0.0,0.0,0.0,3,15.4,27.0,289,Overcast,0,0,
84272,2021-09-04 17:59:00,40.698387,-73.774895,0,0,Unsafe Speed,4454103,25.2,14.5,0.0,0.0,0.0,0.0,3,15.4,27.0,289,Overcast,0,0,
84273,2021-09-04 17:16:00,40.817387,-73.92277,1,0,Driver Inattention/Distraction,4454113,25.2,14.5,0.0,0.0,0.0,0.0,3,15.4,27.0,289,Overcast,1,1,
84274,2021-09-04 04:10:00,40.719337,-73.985916,0,0,Unspecified,4453590,25.2,14.5,0.0,0.0,0.0,0.0,3,15.4,27.0,289,Overcast,0,0,
84275,2021-09-04 16:30:00,40.753708,-73.90299,1,0,Unspecified,4453929,25.2,14.5,0.0,0.0,0.0,0.0,3,15.4,27.0,289,Overcast,1,1,
84276,2021-09-04 08:48:00,40.711643,-73.94392,0,0,Passing or Lane Usage Improper,4453640,25.2,14.5,0.0,0.0,0.0,0.0,3,15.4,27.0,289,Overcast,0,0,
84277,2021-09-04 08:00:00,40.605495,-73.98307,0,0,Driver Inattention/Distraction,4454037,25.2,14.5,0.0,0.0,0.0,0.0,3,15.4,27.0,289,Overcast,0,0,
84278,2021-09-04 05:45:00,40.74872,-73.87371,1,0,Following Too Closely,4453572,25.2,14.5,0.0,0.0,0.0,0.0,3,15.4,27.0,289,Overcast,1,1,
84279,2021-09-04 22:30:00,40.688408,-73.7305,0,0,Driver Inattention/Distraction,4453722,25.2,14.5,0.0,0.0,0.0,0.0,3,15.4,27.0,289,Overcast,0,0,
84280,2021-09-04 00:30:00,40.696648,-73.7693,0,0,Following Too Closely,4454100,25.2,14.5,0.0,0.0,0.0,0.0,3,15.4,27.0,289,Overcast,0,0,
84281,2021-09-04 18:30:00,40.666233,-73.761,1,0,Driver Inattention/Distraction,4453993,25.2,14.5,0.0,0.0,0.0,0.0,3,15.4,27.0,289,Overcast,1,1,
84282,2021-09-04 16:50:00,40.663643,-73.87395,1,0,Failure to Yield Right-of-Way,4453664,25.2,14.5,0.0,0.0,0.0,0.0,3,15.4,27.0,289,Overcast,1,1,