,CRASH DATETIME,LATITUDE,LONGITUDE,NUMBER OF PERSONS INJURED,NUMBER OF PERSONS KILLED,CONTRIBUTING FACTOR VEHICLE 1,COLLISION_ID,temperature_2m_max,temperature_2m_min,precipitation_sum,rain_sum,snowfall_sum,precipitation_hours,weather_code,wind_speed_10m_max,wind_gusts_10m_max,wind_direction_10m_dominant,Weather Description,Severity_Score,Total_Affected_Persons,Weather_Category
84283,2021-09-02 13:08:00,40.741493,-73.87503,1,0,Driver Inattention/Distraction,4454304,24.5,15.0,24.6,24.6,0.0,5.0,65,43.0,83.5,344,Rain: Heavy,1,1,
84284,2021-08-26 18:30:00,40.75442,-73.98906,1,0,Unspecified,4454262,31.8,22.8,0.1,0.1,0.0,1.0,51,14.8,29.2,228,Drizzle: Light,1,1,
84285,2021-09-04 22:18:00,40.62537,-74.039116,0,0,Turning Improperly,4453805,25.2,14.5,0.0,0.0,0.0,0.0,3,15.4,27.0,289,Overcast,0,0,
84286,2021-09-04 10:35:00,40.682446,-73.911674,0,0,Unspecified,4453759,25.2,14.5,0.0,0.0,0.0,0.0,3,15.4,27.0,289,Overcast,0,0,
84287,2021-09-04 14:59:00,40.78221,-73.95993,0,0,Backing Unsafely,4454186,25.2,14.5,0.0,0.0,0.0,0.0,3,15.4,27.0,289,Overcast,0,0,
84288,2021-09-04 16:30:00,40.71793,-74.00099,1,0,Driver Inattention/Distraction,4454241,25.2,14.5,0.0,0.0,0.0,0.0,3,15.4,27.0,289,Overcast,1,1,
84289,2021-09-04 09:00:00,40.637215,-74.018524,0,0,Unspecified,4453815,25.2,14.5,0.0,0.0,0.0,0.0,3,15.4,27.0,289,Overcast,0,0,
84290,2021-09-04 17:06:00,40.789055,-73.94861,0,0,Traffic Control Disregarded,4453661,25.2,14.5,0.0,0.0,0.0,0.0,3,15.4,27.0,289,Overcast,0,0,
84291,2021-09-03 18:30:00,40.65256,-73.876686,0,0,Unspecified,4454427,21.9,14.0,0.0,0.0,0.0,0.0,3,14.5,30.2,321,Overcast,0,0,
84292,2021-09-04 05:52:00,40.65642,-73.93088,0,0,Driver Inattention/Distraction,4453633,25.2,14.5,0.0,0.0,0.0,0.0,3,15.4,27.0,289,Overcast,0,0,
84293,2021-09-04 18:40:00,40.680252,-74.01441,0,0,Unspecified,4454315,25.2,14.5,0.0,0.0,0.0,0.0,3,15.4,27.0,289,Overcast,0,0,
84294,2021-09-04 06:20:00,40.824493,-73.91256,0,0,Driver Inattention/Distraction,4454045,25.2,14.5,0.0,0.0,0.0,0.0,3,15.4,27.0,289,Overcast,0,0,
84295,2021-09-04 01:40:00,40.844734,-73.89935,0,0,Traffic Control Disregarded,4454122,25.2,14.5,0.0,0.0,0.0,0.0,3,15.4,27.0,289,Overcast,0,0,
84296,2021-09-04 05:20:00,40.718456,-73.99482,1,0,Driver Inattention/Distraction,4453683,25.2,14.5,0.0,0.0,0.0,0.0,3,15.4,27.0,289,Overcast,1,1,
84297,2021-09-04 17:08:00,40.753677,-73.914474,2,0,Driver Inattention/Distraction,4453880,25.2,14.5,0.0,0.0,0.0,0.0,3,15.4,27.0,289,Overcast,2,2,
84298,2021-09-04 17:04:00,40.679707,-73.789246,0,0,Unsafe Speed,4454084,25.2,14.5,0.0,0.0,0.0,0.0,3,15.4,27.0,289,Overcast,0,0,
84299,2021-09-04 18:21:00,40.712505,-73.89591,1,0,Failure to Yield Right-of-Way,4453978,25.2,14.5,0.0,0.0,0.0,0.0,3,15.4,27.0,289,Overcast,1,1,
84300,2021-09-04 10:20:00,40.750557,-73.87669,0,0,Other Vehicular,4453615,25.2,14.5,0.0,0.0,0.0,0.0,3,15.4,27.0,289,Overcast,0,0,
84301,2021-09-04 02:15:00,40.61074,-74.09583,0,0,Unsafe Speed,4453559,25.2,14.5,0.0,0.0,0.0,0.0,3,15.4,27.0,289,Overcast,0,0,
84302,2021-09-04 04:20:00,40.745266,-73.85596,1,0,Unspecified,4453730,25.2,14.5,0.0,0.0,0.0,0.0,3,15.4,27.0,289,Overcast,1,1,
84303,2021-09-03 20:55:00,40.740482,-73.979004,0,0,Passing or Lane Usage Improper,4454389,21.9,14.0,0.0,0.0,0.0,0.0,3,14.5,30.2,321,Overcast,0,0,
84304,2021-09-04 17:40:00,40.824352,-73.87245,1,0,Following Too Closely,4453901,25.2,14.5,0.0,0.0,0.0,0.0,3,15.4,27.0,289,Overcast,1,1,
84305,2021-09-04 05:50:00,40.64264,-73.95763,0,0,Unspecified,4453689,25.2,14.5,0.0,0.0,0.0,0.0,3,15.4,27.0,289,Overcast,0,0,
84306,2021-08-30 08:50:00,40.81014,-73.908226,0,0,Traffic Control Disregarded,4454290,28.7,21.7,3.9,3.9,0.0,7.0,63,14.7,33.8,231,Rain: Moderate,0,0,
84307,2021-09-04 03:35:00,40.840023,-73.88864,0,0,Driver Inattention/Distraction,4454205,25.2,14.5,0.0,0.0,0.0,0.0,3,15.4,27.0,289,Overcast,0,0,
84308,2021-09-02 06:28:00,40.812813,-73.94181,0,0,Driver Inattention/Distraction,4454343,24.5,15.0,24.6,24.6,0.0,5.0,65,43.0,83.5,344,Rain: Heavy,0,0,
84309,2021-09-04 06:57:00,40.80275,-73.93358,1,0,Driver Inattention/Distraction,4453747,25.2,14.5,0.0,0.0,0.0,0.0,3,15.4,27.0,289,Overcast,1,1,
84310,2021-09-02 06:50:00,40.71614,-73.83357,0,0,Driver Inattention/Distraction,4454232,24.5,15.0,24.6,24.6,0.0,5.0,65,43.0,83.5,344,Rain: Heavy,0,0,
84311,2021-09-04 04:07:00,40.73771,-73.974266,0,0,Driver Inattention/Distraction,4454386,25.2,14.5,0.0,0.0,0.0,0.0,3,15.4,27.0,289,Overcast,0,0,
84312,2021-09-04 19:59:00,40.80275,-73.93358,1,0,Driver Inexperience,4454010,25.2,14.5,0.0,0.0,0.0,0.0,3,15.4,27.0,289,Overcast,1,1,
84313,2021-09-04 21:43:00,40.659832,-73.897606,0,0,Unspecified,4454418,25.2,14.5,0.0,0.0,0.0,0.0,3,15.4,27.0,289,Overcast,0,0,
84314,2021-09-04 14:00:00,40.775974,-73.82779,0,0,Failure to Yield Right-of-Way,4453654,25.2,14.5,0.0,0.0,0.0,0.0,3,15.4,27.0,289,Overcast,0,0,
84315,2021-09-04 23:50:00,40.87603,-73.84947,0,0,Driver Inattention/Distraction,4454078,25.2,14.5,0.0,0.0,0.0,0.0,3,15.4,27.0,289,Overcast,0,0,
84316,2021-08-31 12:45:00,40.657383,-73.911514,0,0,Unspecified,4454324,28.5,21.2,0.0,0.0,0.0,0.0,3,15.5,29.9,301,Overcast,0,0,
84317,2021-09-04 16:00:00,40.879463,-73.85249,0,0,Unspecified,4454002,25.2,14.5,0.0,0.0,0.0,0.0,3,15.4,27.0,289,Overcast,0,0,
84318,2021-09-04 08:30:00,40.772156,-73.94541,1,0,Driver Inattention/Distraction,4453637,25.2,14.5,0.0,0.0,0.0,0.0,3,15.4,27.0,289,Overcast,1,1,
84319,2021-09-04 05:55:00,40.67416,-73.72756,1,0,Glare,4453674,25.2,14.5,0.0,0.0,0.0,0.0,3,15.4,27.0,289,Overcast,1,1,
84320,2021-09-04 19:30:00,40.663185,-73.84911,0,0,Passing or Lane Usage Improper,4454140,25.2,14.5,0.0,0.0,0.0,0.0,3,15.4,27.0,289,Overcast,0,0,
84321,2021-09-04 18:38:00,40.807846,-73.913994,0,0,Unspecified,4454114,25.2,14.5,0.0,0.0,0.0,0.0,3,15.4,27.0,289,Overcast,0,0,
84322,2021-09-04 14:04:00,40.688614,-73.989174,1,0,Failure to Yield Right-of-Way,4453603,25.2,14.5,0.0,0.0,0.0,0.0,3,15.4,27.0,289,Overcast,1,1,
84323,2021-09-04 09:20:00,40.675842,-73.78305,0,0,Passing Too Closely,4454344,25.2,14.5,0.0,0.0,0.0,0.0,3,15.4,27.0,289,Overcast,0,0,
84324,2021-09-04 12:00:00,40.84628,-73.88893,1,0,Other Vehicular,4454216,25.2,14.5,0.0,0.0,0.0,0.0,3,15.4,27.0,289,Overcast,1,1,
84325,2021-09-04 09:40:00,40.626225,-74.02995,1,0,Unspecified,4453834,25.2,14.5,0.0,0.0,0.0,0.0,3,15.4,27.0,289,Overcast,1,1,
84326,2021-09-03 16:53:00,40.865383,-73.89348,0,0,Driver Inattention/Distraction,4454276,21.9,14.0,0.0,0.0,0.0,0.0,3,14.5,30.2,321,Overcast,0,0,
84327,2021-09-04 01:53:00,40.876774,-73.88678,0,0,Driver Inattention/Distraction,4454279,25.2,14.5,0.0,0.0,0.0,0.0,3,15.4,27.0,289,Overcast,0,0,
84328,2021-09-04 01:50:00,40.64359,-73.90471,1,0,Other Vehicular,4453542,25.2,14.5,0.0,0.0,0.0,0.0,3,15.4,27.0,289,Overcast,1,1,
84329,2021-09-04 05:00:00,40.6481,-73.91474,0,0,Unspecified,4454400,25.2,14.5,0.0,0.0,0.0,0.0,3,15.4,27.0,289,Overcast,0,0,
84330,2021-09-04 19:33:00,40.67268,-73.953026,1,0,Following Too Closely,4453926,25.2,14.5,0.0,0.0,0.0,0.0,3,15.4,27.0,289,Overcast,1,1,
84331,2021-09-04 02:40:00,40.69729,-73.903366,0,0,Aggressive Driving/Road Rage,4453974,25.2,14.5,0.0,0.0,0.0,0.0,3,15.4,27.0,289,Overcast,0,0,
84332,2021-09-03 13:37:00,40.72418,-73.89068,1,0,Following Too Closely,4454336,21.9,14.0,0.0,0.0,0.0,0.0,3,14.5,30.2,321,Overcast,1,1,
84333,2021-09-04 10:47:00,40.750988,-73.99063,0,0,Unspecified,4453741,25.2,14.5,0.0,0.0,0.0,0.0,3,15.4,27.0,289,Overcast,0,0,
84334,2021-09-04 02:00:00,40.66807,-73.80789,1,0,Aggressive Driving/Road Rage,4454157,25.2,14.5,0.0,0.0,0.0,0.0,3,15.4,27.0,289,Overcast,1,1,
84335,2021-09-04 16:30:00,40.665398,-73.90964,0,0,Unspecified,4453776,25.2,14.5,0.0,0.0,0.0,0.0,3,15.4,27.0,289,Overcast,0,0,
84336,2021-09-04 18:40:00,40.6752,-73.950005,1,0,Driver Inattention/Distraction,4453940,25.2,14.5,0.0,0.0,0.0,0.0,3,15.4,27.0,289,Overcast,1,1,
84337,2021-09-04 18:28:00,40.674587,-73.88653,0,0,Driver Inattention/Distraction,4453668,25.2,14.5,0.0,0.0,0.0,0.0,3,15.4,27.0,289,Overcast,0,0,
84338,2021-09-04 01:27:00,40.72224,-73.9863,0,0,Driver Inexperience,4453588,25.2,14.5,0.0,0.0,0.0,0.0,3,15.4,27.0,289,Overcast,0,0,
84339,2021-09-04 03:50:00,40.846725,-73.93563,0,0,Failure to Yield Right-of-Way,4454057,25.2,14.5,0.0,0.0,0.0,0.0,3,15.4,27.0,289,Overcast,0,0,
84340,2021-09-04 20:27:00,40.68329,-73.81153,1,0,Other Vehicular,4454173,25.2,14.5,0.0,0.0,0.0,0.0,3,15.4,27.0,289,Overcast,1,1,
84341,2021-09-04 11:15:00,40.817116,-73.94801,1,0,Driver Inattention/Distraction,4453708,25.2,14.5,0.0,0.0,0.0,0.0,3,15.4,27.0,289,Overcast,1,1,
84342,2021-09-04 11:10:00,40.742634,-73.81858,0,0,Traffic Control Disregarded,4453695,25.2,14.5,0.0,0.0,0.0,0.0,3,15.4,27.0,289,Overcast,0,0,
84343,2021-09-04 21:04:00,40.666306,-73.79171,1,0,Following Too Closely,4454104,25.2,14.5,0.0,0.0,0.0,0.0,3,15.4,27.0,289,Overcast,1,1,
84344,2021-09-01 14:01:00,40.684814,-73.98353,1,0,Accelerator Defective,4454353,23.2,18.4,121.7,121.7,0.0,18.0,65,43.2,78.5,42,Rain: Heavy,1,1,
84345,2021-09-04 22:57:00,40.850315,-73.843124,1,0,Failure to Yield Right-of-Way,4453767,25.2,14.5,0.0,0.0,0.0,0.0,3,15.4,27.0,289,Overcast,1,1,
84346,2021-09-04 09:55:00,40.762383,-73.90708,1,0,Failure to Yield Right-of-Way,4453876,25.2,14.5,0.0,0.0,0.0,0.0,3,15.4,27.0,289,Overcast,1,1,
84347,2021-08-29 22:00:00,40.679237,-73.99967,0,0,Obstruction/Debris,4454308,24.5,19.7,2.5,2.5,0.0,9.0,53,13.6,25.6,98,Drizzle: Moderate,0,0,
84348,2021-09-04 23:48:00,40.60536,-73.96174,0,0,Brakes Defective,4454256,25.2,14.5,0.0,0.0,0.0,0.0,3,15.4,27.0,289,Overcast,0,0,
84349,2021-09-04 09:30:00,40.87417,-73.86579,0,0,Driver Inattention/Distraction,4453919,25.2,14.5,0.0,0.0,0.0,0.0,3,15.4,27.0,289,Overcast,0,0,
84350,2021-09-04 01:18:00,40.75876,-73.9887,0,0,Backing Unsafely,4453748,25.2,14.5,0.0,0.0,0.0,0.0,3,15.4,27.0,289,Overcast,0,0,
84351,2021-09-01 09:35:00,40.688602,-73.98508,0,0,Driver Inattention/Distraction,4454233,23.2,18.4,121.7,121.7,0.0,18.0,65,43.2,78.5,42,Rain: Heavy,0,0,
84352,2021-08-30 22:35:00,40.59938,-73.95141,2,0,Unspecified,4454250,28.7,21.7,3.9,3.9,0.0,7.0,63,14.7,33.8,231,Rain: Moderate,2,2,
84353,2021-07-22 09:45:00,40.751175,-73.99105,1,0,Unsafe Speed,4454263,26.7,17.5,0.0,0.0,0.0,0.0,3,15.3,28.4,327,Overcast,1,1,
84354,2021-09-04 16:00:00,40.60567,-74.030945,0,0,Failure to Yield Right-of-Way,4453807,25.2,14.5,0.0,0.0,0.0,0.0,3,15.4,27.0,289,Overcast,0,0,
84355,2021-11-08 15:15:00,40.714104,-73.95322,0,0,Following Too Closely,4476488,16.5,6.4,0.0,0.0,0.0,0.0,3,17.4,33.8,355,Overcast,0,0,
84356,2021-11-09 08:24:00,40.536995,-74.22429,0,0,Animals Action,4476509,19.5,5.6,0.0,0.0,0.0,0.0,3,10.2,20.2,283,Overcast,0,0,
84357,2021-04-11 11:39:00,40.68164,-73.98568,1,0,Reaction to Uninvolved Vehicle,4476490,14.2,8.5,25.3,25.3,0.0,15.0,63,25.7,48.2,77,Rain: Moderate,1,1,
84358,2021-11-09 22:14:00,40.646717,-73.99789,2,0,Unspecified,4476495,19.5,5.6,0.0,0.0,0.0,0.0,3,10.2,20.2,283,Overcast,2,2,
84359,2021-11-03 11:28:00,40.709084,-73.960106,0,0,Other Vehicular,4476504,10.7,3.8,0.1,0.1,0.0,1.0,51,15.6,30.6,302,Drizzle: Light,0,0,
84360,2021-11-09 16:00:00,40.761795,-73.99079,0,0,Unspecified,4476507,19.5,5.6,0.0,0.0,0.0,0.0,3,10.2,20.2,283,Overcast,0,0,
84361,2021-11-07 02:26:00,40.696167,-73.97721,0,0,Other Vehicular,4476486,12.1,2.6,0.0,0.0,0.0,0.0,3,10.0,20.5,358,Overcast,0,0,
84362,2021-10-12 05:30:00,40.698246,-73.98055,1,0,Unspecified,4466614,21.6,15.2,0.0,0.0,0.0,0.0,3,11.8,23.8,81,Overcast,1,1,
84363,2021-12-08 08:00:00,40.630318,-74.08683,0,0,Other Vehicular,4486403,4.7,0.9,0.7,0.7,0.0,2.0,51,14.5,24.8,355,Drizzle: Light,0,0,
84364,2021-12-08 20:04:00,40.68218,-73.94659,0,0,Unspecified,4486432,4.7,0.9,0.7,0.7,0.0,2.0,51,14.5,24.8,355,Drizzle: Light,0,0,
84365,2021-12-12 10:24:00,40.594433,-73.96484,2,0,Unsafe Speed,4485890,13.0,3.4,0.5,0.5,0.0,1.0,53,32.4,62.6,284,Drizzle: Moderate,2,2,
84366,2021-12-14 00:00:00,40.72572,-73.95088,0,0,Following Too Closely,4486852,10.4,3.1,0.0,0.0,0.0,0.0,3,18.5,31.3,322,Overcast,0,0,
84367,2021-12-14 14:34:00,40.86135,-73.9062,1,0,Pedestrian/Bicyclist/Other Pedestrian Error/Confusion,4486687,10.4,3.1,0.0,0.0,0.0,0.0,3,18.5,31.3,322,Overcast,1,1,
84368,2021-12-14 17:00:00,40.691536,-73.99912,2,0,Passing or Lane Usage Improper,4486782,10.4,3.1,0.0,0.0,0.0,0.0,3,18.5,31.3,322,Overcast,2,2,
84369,2021-12-14 06:29:00,40.638577,-73.90414,1,0,Pedestrian/Bicyclist/Other Pedestrian Error/Confusion,4486396,10.4,3.1,0.0,0.0,0.0,0.0,3,18.5,31.3,322,Overcast,1,1,
84370,2021-12-14 11:56:00,40.59287,-73.96078,0,0,Passing or Lane Usage Improper,4486476,10.4,3.1,0.0,0.0,0.0,0.0,3,18.5,31.3,322,Overcast,0,0,
84371,2021-12-14 12:03:00,40.613045,-73.97383,1,0,Driver Inattention/Distraction,4486570,10.4,3.1,0.0,0.0,0.0,0.0,3,18.5,31.3,322,Overcast,1,1,
84372,2021-12-14 19:18:00,40.7351,-73.89665,1,0,Driver Inexperience,4487086,10.4,3.1,0.0,0.0,0.0,0.0,3,18.5,31.3,322,Overcast,1,1,
84373,2021-12-14 00:45:00,40.693047,-73.90166,0,0,Unsafe Speed,4486671,10.4,3.1,0.0,0.0,0.0,0.0,3,18.5,31.3,322,Overcast,0,0,
84374,2022-07-07 23:15:00,40.85482,-73.9112,1,0,Pedestrian/Bicyclist/Other Pedestrian Error/Confusion,4544505,27.5,20.1,0.0,0.0,0.0,0.0,3,19.1,37.4,110,Overcast,1,1,
84375,2022-07-06 10:40:00,40.688553,-73.91245,1,0,Pedestrian/Bicyclist/Other Pedestrian Error/Confusion,4543895,31.6,21.7,0.2,0.2,0.0,1.0,51,19.0,37.1,299,Drizzle: Light,1,1,
84376,2022-07-08 16:27:00,40.645645,-74.01422,0,0,Unspecified,4545043,29.6,19.3,1.8,1.8,0.0,8.0,51,15.0,31.0,187,Drizzle: Light,0,0,
84377,2022-06-26 18:24:00,40.609047,-74.08581,1,0,Traffic Control Disregarded,4544492,30.8,19.9,0.0,0.0,0.0,0.0,3,30.9,55.8,188,Overcast,1,1,
84378,2022-07-06 21:45:00,40.621433,-74.08553,0,0,Driver Inattention/Distraction,4545053,31.6,21.7,0.2,0.2,0.0,1.0,51,19.0,37.1,299,Drizzle: Light,0,0,
84379,2022-07-08 17:25:00,40.781693,-73.84051,0,0,Traffic Control Disregarded,4544624,29.6,19.3,1.8,1.8,0.0,8.0,51,15.0,31.0,187,Drizzle: Light,0,0,
84380,2021-11-09 15:30:00,40.76856,-73.82141,0,0,Traffic Control Disregarded,4475734,19.5,5.6,0.0,0.0,0.0,0.0,3,10.2,20.2,283,Overcast,0,0,
84381,2021-11-09 22:25:00,40.862442,-73.89715,1,0,Failure to Yield Right-of-Way,4475842,19.5,5.6,0.0,0.0,0.0,0.0,3,10.2,20.2,283,Overcast,1,1,
84382,2021-11-09 23:30:00,40.658234,-73.9321,0,0,Driver Inattention/Distraction,4475780,19.5,5.6,0.0,0.0,0.0,0.0,3,10.2,20.2,283,Overcast,0,0,
84383,2021-11-09 18:32:00,40.58847,-74.09039,0,0,Driver Inattention/Distraction,4476418,19.5,5.6,0.0,0.0,0.0,0.0,3,10.2,20.2,283,Overcast,0,0,
84384,2021-11-09 13:24:00,40.605568,-74.00443,0,0,Traffic Control Disregarded,4476222,19.5,5.6,0.0,0.0,0.0,0.0,3,10.2,20.2,283,Overcast,0,0,
84385,2021-11-08 23:45:00,40.671585,-73.99843,0,0,Failure to Yield Right-of-Way,4476193,16.5,6.4,0.0,0.0,0.0,0.0,3,17.4,33.8,355,Overcast,0,0,
84386,2021-11-09 00:50:00,40.60115,-73.97839,1,0,Traffic Control Disregarded,4475405,19.5,5.6,0.0,0.0,0.0,0.0,3,10.2,20.2,283,Overcast,1,1,
84387,2021-11-09 06:47:00,40.710625,-73.96678,0,0,Unsafe Speed,4475765,19.5,5.6,0.0,0.0,0.0,0.0,3,10.2,20.2,283,Overcast,0,0,
84388,2021-11-09 15:57:00,40.63556,-73.98441,1,0,Unspecified,4475912,19.5,5.6,0.0,0.0,0.0,0.0,3,10.2,20.2,283,Overcast,1,1,
84389,2021-11-09 18:00:00,40.73329,-73.98719,1,0,Driver Inattention/Distraction,4475803,19.5,5.6,0.0,0.0,0.0,0.0,3,10.2,20.2,283,Overcast,1,1,
84390,2021-11-09 08:50:00,40.66408,-73.94817,0,0,Driver Inattention/Distraction,4476107,19.5,5.6,0.0,0.0,0.0,0.0,3,10.2,20.2,283,Overcast,0,0,
84391,2021-10-30 22:30:00,40.802044,-73.957664,0,0,Unsafe Speed,4476272,17.8,12.0,7.8,7.8,0.0,16.0,61,38.5,68.0,112,Rain: Light,0,0,
84392,2021-11-08 11:00:00,40.67221,-73.92802,0,0,Driver Inattention/Distraction,4476360,16.5,6.4,0.0,0.0,0.0,0.0,3,17.4,33.8,355,Overcast,0,0,
84393,2021-11-09 04:20:00,40.582977,-73.98042,0,0,Pavement Slippery,4475514,19.5,5.6,0.0,0.0,0.0,0.0,3,10.2,20.2,283,Overcast,0,0,
84394,2021-11-09 21:00:00,40.85396,-73.90944,0,0,Driver Inattention/Distraction,4475810,19.5,5.6,0.0,0.0,0.0,0.0,3,10.2,20.2,283,Overcast,0,0,
84395,2021-11-09 05:50:00,40.55692,-74.205956,0,0,Unspecified,4476219,19.5,5.6,0.0,0.0,0.0,0.0,3,10.2,20.2,283,Overcast,0,0,
84396,2021-11-03 11:30:00,40.854496,-73.88543,0,0,Backing Unsafely,4476260,10.7,3.8,0.1,0.1,0.0,1.0,51,15.6,30.6,302,Drizzle: Light,0,0,
84397,2021-11-09 09:48:00,40.666363,-73.95223,1,0,Driver Inattention/Distraction,4476006,19.5,5.6,0.0,0.0,0.0,0.0,3,10.2,20.2,283,Overcast,1,1,
84398,2021-11-09 07:20:00,40.752975,-73.91024,0,0,Following Too Closely,4475555,19.5,5.6,0.0,0.0,0.0,0.0,3,10.2,20.2,283,Overcast,0,0,
84399,2021-11-09 15:20:00,40.68912,-73.98445,1,0,Aggressive Driving/Road Rage,4475707,19.5,5.6,0.0,0.0,0.0,0.0,3,10.2,20.2,283,Overcast,1,1,
84400,2021-11-09 16:31:00,40.694923,-73.915565,1,0,Driver Inattention/Distraction,4475846,19.5,5.6,0.0,0.0,0.0,0.0,3,10.2,20.2,283,Overcast,1,1,
84401,2021-11-04 05:55:00,40.845104,-73.91494,0,0,Unsafe Speed,4476474,9.9,3.0,0.0,0.0,0.0,0.0,3,10.8,21.2,5,Overcast,0,0,
84402,2021-11-09 15:54:00,40.663727,-73.99098,1,0,Unspecified,4475878,19.5,5.6,0.0,0.0,0.0,0.0,3,10.2,20.2,283,Overcast,1,1,
84403,2021-11-09 09:00:00,40.860874,-73.84145,0,0,Other Vehicular,4475922,19.5,5.6,0.0,0.0,0.0,0.0,3,10.2,20.2,283,Overcast,0,0,
84404,2021-11-09 15:00:00,40.656494,-73.99899,0,0,Unspecified,4475953,19.5,5.6,0.0,0.0,0.0,0.0,3,10.2,20.2,283,Overcast,0,0,
84405,2021-11-09 12:02:00,40.83202,-73.87323,3,0,Unspecified,4475667,19.5,5.6,0.0,0.0,0.0,0.0,3,10.2,20.2,283,Overcast,3,3,
84406,2021-11-09 09:30:00,40.737423,-73.99261,0,0,Passing Too Closely,4475621,19.5,5.6,0.0,0.0,0.0,0.0,3,10.2,20.2,283,Overcast,0,0,
84407,2021-11-09 11:00:00,40.676952,-73.86958,0,0,Unspecified,4476315,19.5,5.6,0.0,0.0,0.0,0.0,3,10.2,20.2,283,Overcast,0,0,
84408,2021-10-31 04:50:00,40.623978,-73.92063,0,0,Failure to Yield Right-of-Way,4476395,18.3,12.5,3.7,3.7,0.0,8.0,55,22.9,41.0,268,Drizzle: Dense,0,0,
84409,2021-11-09 11:20:00,40.751904,-73.9346,0,0,Unspecified,4475652,19.5,5.6,0.0,0.0,0.0,0.0,3,10.2,20.2,283,Overcast,0,0,
84410,2021-11-09 07:50:00,40.89845,-73.85431,0,0,Failure to Yield Right-of-Way,4475622,19.5,5.6,0.0,0.0,0.0,0.0,3,10.2,20.2,283,Overcast,0,0,
84411,2021-11-09 17:50:00,40.639755,-74.091156,0,0,Driverless/Runaway Vehicle,4476234,19.5,5.6,0.0,0.0,0.0,0.0,3,10.2,20.2,283,Overcast,0,0,
84412,2021-11-09 10:00:00,40.813663,-73.931244,1,0,Unspecified,4475698,19.5,5.6,0.0,0.0,0.0,0.0,3,10.2,20.2,283,Overcast,1,1,
84413,2021-11-09 14:50:00,40.77305,-73.92148,1,0,Failure to Yield Right-of-Way,4475949,19.5,5.6,0.0,0.0,0.0,0.0,3,10.2,20.2,283,Overcast,1,1,
84414,2021-11-09 07:10:00,40.719048,-73.939095,0,0,Alcohol Involvement,4475793,19.5,5.6,0.0,0.0,0.0,0.0,3,10.2,20.2,283,Overcast,0,0,
84415,2021-11-09 18:20:00,40.7672,-73.887825,2,0,Failure to Yield Right-of-Way,4475819,19.5,5.6,0.0,0.0,0.0,0.0,3,10.2,20.2,283,Overcast,2,2,
84416,2021-11-08 16:10:00,40.83228,-73.90963,0,0,Unspecified,4476481,16.5,6.4,0.0,0.0,0.0,0.0,3,17.4,33.8,355,Overcast,0,0,
84417,2021-11-09 10:01:00,40.663555,-73.93162,1,0,Reaction to Uninvolved Vehicle,4475989,19.5,5.6,0.0,0.0,0.0,0.0,3,10.2,20.2,283,Overcast,1,1,
84418,2021-11-09 13:00:00,40.70887,-73.81871,1,0,Driver Inattention/Distraction,4475885,19.5,5.6,0.0,0.0,0.0,0.0,3,10.2,20.2,283,Overcast,1,1,
84419,2021-11-09 21:10:00,40.747826,-73.98711,1,0,Passenger Distraction,4475969,19.5,5.6,0.0,0.0,0.0,0.0,3,10.2,20.2,283,Overcast,1,1,
84420,2021-11-09 08:55:00,40.56935,-74.11089,1,0,Driver Inattention/Distraction,4475611,19.5,5.6,0.0,0.0,0.0,0.0,3,10.2,20.2,283,Overcast,1,1,
84421,2021-11-09 00:00:00,40.67066,-73.904205,1,0,Unspecified,4475688,19.5,5.6,0.0,0.0,0.0,0.0,3,10.2,20.2,283,Overcast,1,1,
84422,2021-11-09 13:50:00,40.70735,-73.959404,0,0,Passing or Lane Usage Improper,4475771,19.5,5.6,0.0,0.0,0.0,0.0,3,10.2,20.2,283,Overcast,0,0,
84423,2021-11-07 16:30:00,40.690254,-73.799904,0,0,Passing or Lane Usage Improper,4476293,12.1,2.6,0.0,0.0,0.0,0.0,3,10.0,20.5,358,Overcast,0,0,
84424,2021-11-07 04:00:00,40.843956,-73.8978,2,0,Unsafe Speed,4476407,12.1,2.6,0.0,0.0,0.0,0.0,3,10.0,20.5,358,Overcast,2,2,
84425,2021-11-09 19:07:00,40.806343,-73.93318,0,0,Driver Inattention/Distraction,4475868,19.5,5.6,0.0,0.0,0.0,0.0,3,10.2,20.2,283,Overcast,0,0,
84426,2021-11-09 16:52:00,40.838673,-73.83567,1,0,Unsafe Speed,4476170,19.5,5.6,0.0,0.0,0.0,0.0,3,10.2,20.2,283,Overcast,1,1,
84427,2021-10-28 17:20:00,40.683186,-73.86631,0,0,Driver Inexperience,4476316,15.2,7.9,0.0,0.0,0.0,0.0,3,19.1,34.6,28,Overcast,0,0,
84428,2021-11-09 12:25:00,40.736946,-73.71014,2,0,Traffic Control Disregarded,4475708,19.5,5.6,0.0,0.0,0.0,0.0,3,10.2,20.2,283,Overcast,2,2,
84429,2021-11-01 12:20:00,40.896694,-73.853516,2,0,Unsafe Speed,4476377,14.4,8.0,0.0,0.0,0.0,0.0,3,20.7,38.5,278,Overcast,2,2,
84430,2021-11-09 15:00:00,40.657093,-73.95026,0,0,Driver Inattention/Distraction,4475747,19.5,5.6,0.0,0.0,0.0,0.0,3,10.2,20.2,283,Overcast,0,0,
84431,2021-11-08 20:00:00,40.82682,-73.94154,0,0,Unspecified,4476243,16.5,6.4,0.0,0.0,0.0,0.0,3,17.4,33.8,355,Overcast,0,0,
84432,2021-11-09 10:00:00,0.0,0.0,0,0,Driver Inattention/Distraction,4475630,19.5,5.6,0.0,0.0,0.0,0.0,3,10.2,20.2,283,Overcast,0,0,