,CRASH DATETIME,LATITUDE,LONGITUDE,NUMBER OF PERSONS INJURED,NUMBER OF PERSONS KILLED,CONTRIBUTING FACTOR VEHICLE 1,COLLISION_ID,temperature_2m_max,temperature_2m_min,precipitation_sum,rain_sum,snowfall_sum,precipitation_hours,weather_code,wind_speed_10m_max,wind_gusts_10m_max,wind_direction_10m_dominant,Weather Description,Severity_Score,Total_Affected_Persons,Weather_Category
84433,2021-11-09 15:02:00,40.66454,-73.82276,0,0,Following Too Closely,4476098,19.5,5.6,0.0,0.0,0.0,0.0,3,10.2,20.2,283,Overcast,0,0,
84434,2021-11-09 17:40:00,40.826275,-73.85971,1,0,Unspecified,4475901,19.5,5.6,0.0,0.0,0.0,0.0,3,10.2,20.2,283,Overcast,1,1,
84435,2021-11-09 18:31:00,40.65641,-73.90638,0,0,Unspecified,4475939,19.5,5.6,0.0,0.0,0.0,0.0,3,10.2,20.2,283,Overcast,0,0,
84436,2021-11-01 10:30:00,40.709236,-73.84325,0,0,Passing Too Closely,4476397,14.4,8.0,0.0,0.0,0.0,0.0,3,20.7,38.5,278,Overcast,0,0,
84437,2021-11-09 20:35:00,40.686817,-73.97821,0,0,Turning Improperly,4476038,19.5,5.6,0.0,0.0,0.0,0.0,3,10.2,20.2,283,Overcast,0,0,
84438,2021-11-09 08:00:00,40.779747,-73.915825,0,0,Driver Inattention/Distraction,4476227,19.5,5.6,0.0,0.0,0.0,0.0,3,10.2,20.2,283,Overcast,0,0,
84439,2021-11-09 19:11:00,40.821484,-73.91218,1,0,Failure to Yield Right-of-Way,4475787,19.5,5.6,0.0,0.0,0.0,0.0,3,10.2,20.2,283,Overcast,1,1,
84440,2021-11-08 17:00:00,40.692936,-73.75774,0,0,Passing Too Closely,4476197,16.5,6.4,0.0,0.0,0.0,0.0,3,17.4,33.8,355,Overcast,0,0,
84441,2021-11-09 04:28:00,40.815754,-73.89529,0,0,Passing Too Closely,4475811,19.5,5.6,0.0,0.0,0.0,0.0,3,10.2,20.2,283,Overcast,0,0,
84442,2021-11-04 18:18:00,40.714584,-73.84831,1,0,Failure to Yield Right-of-Way,4476278,9.9,3.0,0.0,0.0,0.0,0.0,3,10.8,21.2,5,Overcast,1,1,
84443,2021-11-09 16:45:00,40.72545,-73.837776,0,0,Unspecified,4475714,19.5,5.6,0.0,0.0,0.0,0.0,3,10.2,20.2,283,Overcast,0,0,
84444,2021-11-09 21:49:00,0.0,0.0,1,0,Unspecified,4476119,19.5,5.6,0.0,0.0,0.0,0.0,3,10.2,20.2,283,Overcast,1,1,
84445,2021-11-08 14:00:00,40.676807,-73.95576,0,0,Following Too Closely,4476335,16.5,6.4,0.0,0.0,0.0,0.0,3,17.4,33.8,355,Overcast,0,0,
84446,2021-11-09 21:28:00,40.835724,-73.92129,0,0,Oversized Vehicle,4475833,19.5,5.6,0.0,0.0,0.0,0.0,3,10.2,20.2,283,Overcast,0,0,
84447,2021-11-09 09:00:00,40.70776,-73.94156,0,0,Passing or Lane Usage Improper,4475766,19.5,5.6,0.0,0.0,0.0,0.0,3,10.2,20.2,283,Overcast,0,0,
84448,2021-11-09 17:40:00,40.6028,-73.74879,0,0,Failure to Yield Right-of-Way,4475834,19.5,5.6,0.0,0.0,0.0,0.0,3,10.2,20.2,283,Overcast,0,0,
84449,2021-11-09 03:00:00,40.813778,-73.959694,0,0,Reaction to Uninvolved Vehicle,4475805,19.5,5.6,0.0,0.0,0.0,0.0,3,10.2,20.2,283,Overcast,0,0,
84450,2021-11-09 14:31:00,40.61785,-73.988075,1,0,Driver Inattention/Distraction,4476210,19.5,5.6,0.0,0.0,0.0,0.0,3,10.2,20.2,283,Overcast,1,1,
84451,2021-11-08 15:00:00,0.0,0.0,0,0,Passing Too Closely,4476254,16.5,6.4,0.0,0.0,0.0,0.0,3,17.4,33.8,355,Overcast,0,0,
84452,2021-11-05 19:20:00,40.75209,-73.97759,1,0,Driver Inattention/Distraction,4476371,10.7,3.2,0.0,0.0,0.0,0.0,0,14.8,30.2,1,Clear sky,1,1,Sunny/Clear Conditions
84453,2021-11-09 18:48:00,40.70805,-73.7784,0,0,Backing Unsafely,4475743,19.5,5.6,0.0,0.0,0.0,0.0,3,10.2,20.2,283,Overcast,0,0,
84454,2022-07-07 03:45:00,40.738384,-73.87936,0,0,Unspecified,4544117,27.5,20.1,0.0,0.0,0.0,0.0,3,19.1,37.4,110,Overcast,0,0,
84455,2021-11-07 18:00:00,40.679375,-73.96408,0,0,Driver Inattention/Distraction,4476359,12.1,2.6,0.0,0.0,0.0,0.0,3,10.0,20.5,358,Overcast,0,0,
84456,2021-11-08 19:00:00,40.688667,-73.87548,0,0,Unspecified,4476327,16.5,6.4,0.0,0.0,0.0,0.0,3,17.4,33.8,355,Overcast,0,0,
84457,2021-11-09 23:12:00,40.714455,-73.935295,1,0,Driver Inattention/Distraction,4476190,19.5,5.6,0.0,0.0,0.0,0.0,3,10.2,20.2,283,Overcast,1,1,
84458,2021-11-09 06:22:00,40.646126,-73.959206,0,0,Unspecified,4475522,19.5,5.6,0.0,0.0,0.0,0.0,3,10.2,20.2,283,Overcast,0,0,
84459,2021-11-09 16:54:00,40.89312,-73.85646,1,0,Reaction to Uninvolved Vehicle,4475713,19.5,5.6,0.0,0.0,0.0,0.0,3,10.2,20.2,283,Overcast,1,1,
84460,2021-11-09 11:00:00,40.787693,-73.94148,0,0,Driver Inexperience,4475806,19.5,5.6,0.0,0.0,0.0,0.0,3,10.2,20.2,283,Overcast,0,0,
84461,2021-11-08 06:10:00,40.84781,-73.897644,0,0,Passing Too Closely,4476261,16.5,6.4,0.0,0.0,0.0,0.0,3,17.4,33.8,355,Overcast,0,0,
84462,2022-07-06 10:55:00,40.731663,-73.78736,1,0,Driver Inattention/Distraction,4544537,31.6,21.7,0.2,0.2,0.0,1.0,51,19.0,37.1,299,Drizzle: Light,1,1,
84463,2021-11-09 07:50:00,40.586754,-73.95806,0,0,Driver Inattention/Distraction,4475782,19.5,5.6,0.0,0.0,0.0,0.0,3,10.2,20.2,283,Overcast,0,0,
84464,2021-11-08 16:00:00,40.576504,-74.1037,0,0,Driver Inexperience,4476419,16.5,6.4,0.0,0.0,0.0,0.0,3,17.4,33.8,355,Overcast,0,0,
84465,2021-11-09 16:52:00,40.82317,-73.9275,0,0,Unspecified,4476240,19.5,5.6,0.0,0.0,0.0,0.0,3,10.2,20.2,283,Overcast,0,0,
84466,2021-11-09 11:56:00,40.741135,-73.8986,1,0,Driver Inattention/Distraction,4475628,19.5,5.6,0.0,0.0,0.0,0.0,3,10.2,20.2,283,Overcast,1,1,
84467,2021-11-09 13:40:00,40.748066,-73.93974,0,0,Unspecified,4475653,19.5,5.6,0.0,0.0,0.0,0.0,3,10.2,20.2,283,Overcast,0,0,
84468,2021-11-09 02:00:00,40.787693,-73.94148,1,0,Failure to Yield Right-of-Way,4475891,19.5,5.6,0.0,0.0,0.0,0.0,3,10.2,20.2,283,Overcast,1,1,
84469,2021-09-27 09:35:00,40.671337,-73.9448,1,0,Other Vehicular,4476340,25.9,14.6,0.0,0.0,0.0,0.0,3,24.1,45.0,233,Overcast,1,1,
84470,2021-11-09 15:13:00,40.77861,-73.84249,1,0,Failure to Yield Right-of-Way,4475735,19.5,5.6,0.0,0.0,0.0,0.0,3,10.2,20.2,283,Overcast,1,1,
84471,2021-11-09 13:00:00,40.8416,-73.90112,1,0,Backing Unsafely,4475972,19.5,5.6,0.0,0.0,0.0,0.0,3,10.2,20.2,283,Overcast,1,1,
84472,2021-11-09 19:00:00,40.80209,-73.94987,0,0,Driver Inattention/Distraction,4476271,19.5,5.6,0.0,0.0,0.0,0.0,3,10.2,20.2,283,Overcast,0,0,
84473,2021-11-09 06:45:00,40.859444,-73.915985,0,0,Following Too Closely,4475612,19.5,5.6,0.0,0.0,0.0,0.0,3,10.2,20.2,283,Overcast,0,0,
84474,2021-11-09 16:00:00,40.64485,-73.911125,1,0,Traffic Control Disregarded,4475841,19.5,5.6,0.0,0.0,0.0,0.0,3,10.2,20.2,283,Overcast,1,1,
84475,2021-11-09 20:00:00,40.83545,-73.86956,0,0,Turning Improperly,4475902,19.5,5.6,0.0,0.0,0.0,0.0,3,10.2,20.2,283,Overcast,0,0,
84476,2021-11-09 11:45:00,40.669228,-73.97634,0,0,Reaction to Uninvolved Vehicle,4475639,19.5,5.6,0.0,0.0,0.0,0.0,3,10.2,20.2,283,Overcast,0,0,
84477,2021-11-09 12:50:00,40.70844,-73.961784,0,0,Passing Too Closely,4475770,19.5,5.6,0.0,0.0,0.0,0.0,3,10.2,20.2,283,Overcast,0,0,
84478,2021-11-09 16:30:00,40.86386,-73.92191,0,0,Backing Unsafely,4476178,19.5,5.6,0.0,0.0,0.0,0.0,3,10.2,20.2,283,Overcast,0,0,
84479,2021-11-09 08:12:00,40.759468,-73.94,0,0,Unspecified,4476225,19.5,5.6,0.0,0.0,0.0,0.0,3,10.2,20.2,283,Overcast,0,0,
84480,2021-11-09 14:16:00,40.710777,-73.86502,0,0,Unspecified,4475993,19.5,5.6,0.0,0.0,0.0,0.0,3,10.2,20.2,283,Overcast,0,0,
84481,2021-11-09 19:05:00,40.667313,-73.73926,1,0,Driver Inattention/Distraction,4475721,19.5,5.6,0.0,0.0,0.0,0.0,3,10.2,20.2,283,Overcast,1,1,
84482,2021-09-05 21:40:00,40.71328,-73.83311,0,0,Following Too Closely,4454163,24.5,16.9,1.0,1.0,0.0,6.0,51,15.5,42.5,204,Drizzle: Light,0,0,
84483,2021-11-09 17:55:00,40.71252,-73.93833,1,0,Driver Inattention/Distraction,4475775,19.5,5.6,0.0,0.0,0.0,0.0,3,10.2,20.2,283,Overcast,1,1,
84484,2022-07-08 18:43:00,40.84703,-73.83246,1,0,Unspecified,4545128,29.6,19.3,1.8,1.8,0.0,8.0,51,15.0,31.0,187,Drizzle: Light,1,1,
84485,2021-11-08 19:20:00,40.679535,-73.900475,0,0,Unspecified,4476312,16.5,6.4,0.0,0.0,0.0,0.0,3,17.4,33.8,355,Overcast,0,0,
84486,2021-11-06 18:30:00,40.671185,-73.94204,1,0,Driver Inattention/Distraction,4476378,10.5,3.4,0.0,0.0,0.0,0.0,0,9.5,17.6,61,Clear sky,1,1,Sunny/Clear Conditions
84487,2021-11-09 12:06:00,40.647964,-73.974915,4,0,Unspecified,4475884,19.5,5.6,0.0,0.0,0.0,0.0,3,10.2,20.2,283,Overcast,4,4,
84488,2021-11-09 08:00:00,40.764088,-73.99593,1,0,Glare,4475546,19.5,5.6,0.0,0.0,0.0,0.0,3,10.2,20.2,283,Overcast,1,1,
84489,2021-11-09 07:10:00,40.84639,-73.84376,0,0,Driver Inattention/Distraction,4475968,19.5,5.6,0.0,0.0,0.0,0.0,3,10.2,20.2,283,Overcast,0,0,
84490,2021-11-09 15:50:00,40.66649,-73.89645,0,0,Unspecified,4475702,19.5,5.6,0.0,0.0,0.0,0.0,3,10.2,20.2,283,Overcast,0,0,
84491,2021-11-09 14:35:00,40.648254,-73.971405,0,0,Following Too Closely,4475910,19.5,5.6,0.0,0.0,0.0,0.0,3,10.2,20.2,283,Overcast,0,0,
84492,2021-11-09 11:28:00,40.69321,-73.91256,0,0,Driver Inattention/Distraction,4475845,19.5,5.6,0.0,0.0,0.0,0.0,3,10.2,20.2,283,Overcast,0,0,
84493,2021-11-09 19:56:00,40.773335,-73.95506,1,0,Driver Inattention/Distraction,4475791,19.5,5.6,0.0,0.0,0.0,0.0,3,10.2,20.2,283,Overcast,1,1,
84494,2021-11-09 15:20:00,40.61135,-74.09847,0,0,Unspecified,4476233,19.5,5.6,0.0,0.0,0.0,0.0,3,10.2,20.2,283,Overcast,0,0,
84495,2021-11-09 13:44:00,40.741447,-73.84603,0,0,Following Too Closely,4475814,19.5,5.6,0.0,0.0,0.0,0.0,3,10.2,20.2,283,Overcast,0,0,
84496,2021-11-09 02:05:00,40.74184,-74.00751,0,0,Unspecified,4476135,19.5,5.6,0.0,0.0,0.0,0.0,3,10.2,20.2,283,Overcast,0,0,
84497,2021-11-08 13:21:00,40.816147,-73.91975,0,0,Unspecified,4476472,16.5,6.4,0.0,0.0,0.0,0.0,3,17.4,33.8,355,Overcast,0,0,
84498,2021-11-09 09:10:00,40.695995,-73.96742,0,0,Following Too Closely,4475746,19.5,5.6,0.0,0.0,0.0,0.0,3,10.2,20.2,283,Overcast,0,0,
84499,2021-11-09 21:03:00,40.744984,-73.71506,0,0,Unspecified,4475978,19.5,5.6,0.0,0.0,0.0,0.0,3,10.2,20.2,283,Overcast,0,0,
84500,2021-11-09 16:05:00,40.83047,-73.90972,0,0,Unspecified,4476040,19.5,5.6,0.0,0.0,0.0,0.0,3,10.2,20.2,283,Overcast,0,0,
84501,2021-11-09 09:30:00,40.705738,-73.944695,1,0,Driver Inattention/Distraction,4475774,19.5,5.6,0.0,0.0,0.0,0.0,3,10.2,20.2,283,Overcast,1,1,
84502,2021-11-09 06:36:00,40.85289,-73.86889,0,0,Fell Asleep,4475919,19.5,5.6,0.0,0.0,0.0,0.0,3,10.2,20.2,283,Overcast,0,0,
84503,2021-11-09 07:10:00,40.602715,-73.7492,0,0,Failure to Yield Right-of-Way,4475575,19.5,5.6,0.0,0.0,0.0,0.0,3,10.2,20.2,283,Overcast,0,0,
84504,2021-11-09 16:15:00,40.61867,-73.95401,0,0,Unspecified,4475830,19.5,5.6,0.0,0.0,0.0,0.0,3,10.2,20.2,283,Overcast,0,0,
84505,2021-11-09 13:23:00,40.646572,-73.89617,1,0,Unspecified,4475665,19.5,5.6,0.0,0.0,0.0,0.0,3,10.2,20.2,283,Overcast,1,1,
84506,2021-11-09 19:03:00,40.642845,-73.955315,1,0,Driver Inattention/Distraction,4475836,19.5,5.6,0.0,0.0,0.0,0.0,3,10.2,20.2,283,Overcast,1,1,
84507,2021-11-09 16:50:00,40.704807,-73.77278,0,0,Following Too Closely,4475742,19.5,5.6,0.0,0.0,0.0,0.0,3,10.2,20.2,283,Overcast,0,0,
84508,2021-11-09 14:15:00,40.74618,-73.85293,0,0,Failure to Yield Right-of-Way,4475825,19.5,5.6,0.0,0.0,0.0,0.0,3,10.2,20.2,283,Overcast,0,0,
84509,2021-11-08 03:00:00,40.712055,-73.96615,0,0,Driver Inexperience,4476479,16.5,6.4,0.0,0.0,0.0,0.0,3,17.4,33.8,355,Overcast,0,0,
84510,2021-11-09 14:23:00,40.625957,-74.0046,1,0,View Obstructed/Limited,4476196,19.5,5.6,0.0,0.0,0.0,0.0,3,10.2,20.2,283,Overcast,1,1,
84511,2021-11-08 00:00:00,40.629986,-73.97157,0,0,Unspecified,4476211,16.5,6.4,0.0,0.0,0.0,0.0,3,17.4,33.8,355,Overcast,0,0,
84512,2021-11-09 00:49:00,40.732937,-73.920395,0,0,Driver Inattention/Distraction,4475462,19.5,5.6,0.0,0.0,0.0,0.0,3,10.2,20.2,283,Overcast,0,0,
84513,2021-11-09 12:54:00,40.847366,-73.899506,1,0,Aggressive Driving/Road Rage,4476255,19.5,5.6,0.0,0.0,0.0,0.0,3,10.2,20.2,283,Overcast,1,1,
84514,2021-11-09 23:20:00,40.848927,-73.88816,1,0,Traffic Control Disregarded,4476013,19.5,5.6,0.0,0.0,0.0,0.0,3,10.2,20.2,283,Overcast,1,1,
84515,2021-11-09 17:01:00,40.647427,-73.92314,0,0,Backing Unsafely,4476367,19.5,5.6,0.0,0.0,0.0,0.0,3,10.2,20.2,283,Overcast,0,0,
84516,2021-11-03 12:51:00,40.672062,-73.925255,0,0,Driver Inattention/Distraction,4476341,10.7,3.8,0.1,0.1,0.0,1.0,51,15.6,30.6,302,Drizzle: Light,0,0,
84517,2021-11-09 11:15:00,40.694214,-73.95932,0,0,Driver Inexperience,4475906,19.5,5.6,0.0,0.0,0.0,0.0,3,10.2,20.2,283,Overcast,0,0,
84518,2021-11-09 10:59:00,40.666637,-73.7646,1,0,Following Too Closely,4475635,19.5,5.6,0.0,0.0,0.0,0.0,3,10.2,20.2,283,Overcast,1,1,
84519,2021-11-09 23:02:00,40.7473,-73.828995,0,0,Passing or Lane Usage Improper,4475856,19.5,5.6,0.0,0.0,0.0,0.0,3,10.2,20.2,283,Overcast,0,0,
84520,2021-10-27 04:45:00,40.85931,-73.89208,1,0,Driver Inattention/Distraction,4476253,16.1,12.2,6.6,6.6,0.0,6.0,61,33.3,63.0,359,Rain: Light,1,1,
84521,2021-11-09 07:45:00,40.650715,-73.951385,1,0,Pedestrian/Bicyclist/Other Pedestrian Error/Confusion,4475676,19.5,5.6,0.0,0.0,0.0,0.0,3,10.2,20.2,283,Overcast,1,1,
84522,2021-11-09 17:00:00,40.757877,-73.8839,1,0,Driver Inattention/Distraction,4475895,19.5,5.6,0.0,0.0,0.0,0.0,3,10.2,20.2,283,Overcast,1,1,
84523,2021-10-29 10:14:00,40.888527,-73.85668,0,0,Reaction to Uninvolved Vehicle,4476275,13.8,8.3,9.3,9.3,0.0,5.0,63,40.9,73.8,78,Rain: Moderate,0,0,
84524,2021-11-09 16:35:00,40.657436,-73.746185,0,0,,4475720,19.5,5.6,0.0,0.0,0.0,0.0,3,10.2,20.2,283,Overcast,0,0,
84525,2021-11-09 17:46:00,40.667095,-73.92276,1,0,Reaction to Uninvolved Vehicle,4475941,19.5,5.6,0.0,0.0,0.0,0.0,3,10.2,20.2,283,Overcast,1,1,
84526,2021-11-04 20:39:00,40.6264,-73.93736,0,0,Outside Car Distraction,4476339,9.9,3.0,0.0,0.0,0.0,0.0,3,10.8,21.2,5,Overcast,0,0,
84527,2021-11-09 17:00:00,40.856323,-73.87244,0,0,Following Too Closely,4475927,19.5,5.6,0.0,0.0,0.0,0.0,3,10.2,20.2,283,Overcast,0,0,
84528,2021-11-09 00:00:00,40.82419,-73.91385,0,0,Driver Inexperience,4475971,19.5,5.6,0.0,0.0,0.0,0.0,3,10.2,20.2,283,Overcast,0,0,
84529,2021-11-09 07:50:00,40.836823,-73.90706,0,0,Unspecified,4475613,19.5,5.6,0.0,0.0,0.0,0.0,3,10.2,20.2,283,Overcast,0,0,
84530,2021-11-09 12:52:00,40.879192,-73.83757,0,0,Backing Unsafely,4475673,19.5,5.6,0.0,0.0,0.0,0.0,3,10.2,20.2,283,Overcast,0,0,
84531,2021-11-03 06:55:00,40.678265,-73.89724,0,0,Unspecified,4476313,10.7,3.8,0.1,0.1,0.0,1.0,51,15.6,30.6,302,Drizzle: Light,0,0,
84532,2021-11-09 18:20:00,40.676327,-73.86547,0,0,Driver Inattention/Distraction,4476320,19.5,5.6,0.0,0.0,0.0,0.0,3,10.2,20.2,283,Overcast,0,0,
84533,2021-11-09 10:00:00,40.856796,-73.88992,0,0,Driver Inattention/Distraction,4475711,19.5,5.6,0.0,0.0,0.0,0.0,3,10.2,20.2,283,Overcast,0,0,
84534,2021-11-09 20:45:00,40.673996,-73.92785,1,0,Unspecified,4475807,19.5,5.6,0.0,0.0,0.0,0.0,3,10.2,20.2,283,Overcast,1,1,
84535,2021-11-09 21:50:00,40.76942,-73.880295,1,0,Other Vehicular,4476011,19.5,5.6,0.0,0.0,0.0,0.0,3,10.2,20.2,283,Overcast,1,1,
84536,2021-11-09 10:40:00,40.69479,-73.99431,0,0,Passing Too Closely,4475627,19.5,5.6,0.0,0.0,0.0,0.0,3,10.2,20.2,283,Overcast,0,0,
84537,2021-11-09 20:45:00,40.72162,-73.854576,1,0,Unspecified,4475738,19.5,5.6,0.0,0.0,0.0,0.0,3,10.2,20.2,283,Overcast,1,1,
84538,2021-11-09 08:45:00,40.69168,-73.999344,1,0,Unspecified,4475565,19.5,5.6,0.0,0.0,0.0,0.0,3,10.2,20.2,283,Overcast,1,1,
84539,2021-11-09 09:30:00,40.694836,-73.98393,1,0,Driver Inattention/Distraction,4475704,19.5,5.6,0.0,0.0,0.0,0.0,3,10.2,20.2,283,Overcast,1,1,
84540,2021-11-07 20:29:00,40.674446,-73.95009,0,0,Turning Improperly,4476373,12.1,2.6,0.0,0.0,0.0,0.0,3,10.0,20.5,358,Overcast,0,0,
84541,2021-11-09 15:35:00,40.76315,-73.81261,1,0,Failure to Yield Right-of-Way,4475691,19.5,5.6,0.0,0.0,0.0,0.0,3,10.2,20.2,283,Overcast,1,1,
84542,2021-11-09 18:30:00,40.56771,-74.13977,0,0,Unspecified,4476420,19.5,5.6,0.0,0.0,0.0,0.0,3,10.2,20.2,283,Overcast,0,0,
84543,2021-11-06 20:53:00,40.62806,-74.02029,1,0,Following Too Closely,4476195,10.5,3.4,0.0,0.0,0.0,0.0,0,9.5,17.6,61,Clear sky,1,1,Sunny/Clear Conditions
84544,2021-11-09 21:00:00,40.743225,-73.83778,1,0,Passing or Lane Usage Improper,4475942,19.5,5.6,0.0,0.0,0.0,0.0,3,10.2,20.2,283,Overcast,1,1,
84545,2021-11-09 09:00:00,40.847557,-73.91024,0,0,Traffic Control Disregarded,4475889,19.5,5.6,0.0,0.0,0.0,0.0,3,10.2,20.2,283,Overcast,0,0,
84546,2021-11-09 10:15:00,40.728535,-73.86076,0,0,Passing Too Closely,4475964,19.5,5.6,0.0,0.0,0.0,0.0,3,10.2,20.2,283,Overcast,0,0,
84547,2021-11-09 21:20:00,40.816025,-73.93947,1,0,Driver Inattention/Distraction,4475914,19.5,5.6,0.0,0.0,0.0,0.0,3,10.2,20.2,283,Overcast,1,1,
84548,2021-11-09 16:40:00,40.76244,-73.96867,0,0,Driver Inattention/Distraction,4475801,19.5,5.6,0.0,0.0,0.0,0.0,3,10.2,20.2,283,Overcast,0,0,
84549,2021-11-09 12:50:00,40.609333,-73.948425,0,0,Unsafe Speed,4476109,19.5,5.6,0.0,0.0,0.0,0.0,3,10.2,20.2,283,Overcast,0,0,
84550,2021-10-30 16:51:00,40.72593,-73.99466,1,0,Unspecified,4476270,17.8,12.0,7.8,7.8,0.0,16.0,61,38.5,68.0,112,Rain: Light,1,1,
84551,2021-11-09 20:30:00,40.605015,-74.02929,2,0,Unspecified,4475751,19.5,5.6,0.0,0.0,0.0,0.0,3,10.2,20.2,283,Overcast,2,2,
84552,2021-11-09 13:00:00,40.697117,-73.93401,0,0,Passing Too Closely,4476180,19.5,5.6,0.0,0.0,0.0,0.0,3,10.2,20.2,283,Overcast,0,0,
84553,2021-11-09 17:20:00,40.638264,-74.021095,1,0,Unspecified,4475745,19.5,5.6,0.0,0.0,0.0,0.0,3,10.2,20.2,283,Overcast,1,1,
84554,2021-11-09 01:30:00,40.863758,-73.86642,0,0,Unspecified,4475539,19.5,5.6,0.0,0.0,0.0,0.0,3,10.2,20.2,283,Overcast,0,0,
84555,2021-11-08 11:17:00,40.84957,-73.94012,0,0,Turning Improperly,4476214,16.5,6.4,0.0,0.0,0.0,0.0,3,17.4,33.8,355,Overcast,0,0,
84556,2021-09-30 07:40:00,40.707554,-73.78821,0,0,Driver Inattention/Distraction,4476379,18.8,13.1,0.0,0.0,0.0,0.0,3,18.1,37.4,330,Overcast,0,0,
84557,2021-11-09 08:20:00,40.613552,-74.10069,0,0,Driver Inattention/Distraction,4475657,19.5,5.6,0.0,0.0,0.0,0.0,3,10.2,20.2,283,Overcast,0,0,
84558,2021-11-09 23:25:00,40.635426,-73.92474,1,0,Driver Inattention/Distraction,4475777,19.5,5.6,0.0,0.0,0.0,0.0,3,10.2,20.2,283,Overcast,1,1,
84559,2021-11-05 07:34:00,40.668797,-73.93113,0,0,Driver Inattention/Distraction,4476346,10.7,3.2,0.0,0.0,0.0,0.0,0,14.8,30.2,1,Clear sky,0,0,Sunny/Clear Conditions
84560,2021-11-09 18:25:00,40.84193,-73.88582,1,0,Driver Inexperience,4476021,19.5,5.6,0.0,0.0,0.0,0.0,3,10.2,20.2,283,Overcast,1,1,
84561,2021-09-19 03:33:00,40.842335,-73.91619,0,0,Aggressive Driving/Road Rage,4476482,23.6,16.8,0.0,0.0,0.0,0.0,2,17.6,35.6,0,Partly cloudy,0,0,
84562,2021-11-09 14:30:00,40.595383,-73.97524,1,0,Pedestrian/Bicyclist/Other Pedestrian Error/Confusion,4475783,19.5,5.6,0.0,0.0,0.0,0.0,3,10.2,20.2,283,Overcast,1,1,
84563,2021-11-03 04:00:00,40.824028,-73.86893,0,0,Unspecified,4476402,10.7,3.8,0.1,0.1,0.0,1.0,51,15.6,30.6,302,Drizzle: Light,0,0,
84564,2021-11-09 12:15:00,40.720318,-74.01218,0,0,Following Too Closely,4475844,19.5,5.6,0.0,0.0,0.0,0.0,3,10.2,20.2,283,Overcast,0,0,
84565,2021-11-09 20:16:00,40.692562,-73.92799,1,0,,4476067,19.5,5.6,0.0,0.0,0.0,0.0,3,10.2,20.2,283,Overcast,1,1,
84566,2021-11-09 23:00:00,40.673008,-73.81334,0,0,Other Vehicular,4475768,19.5,5.6,0.0,0.0,0.0,0.0,3,10.2,20.2,283,Overcast,0,0,
84567,2021-11-09 09:30:00,40.709675,-73.82003,1,0,Alcohol Involvement,4475722,19.5,5.6,0.0,0.0,0.0,0.0,3,10.2,20.2,283,Overcast,1,1,
84568,2021-11-09 12:13:00,40.641327,-74.00709,1,0,Failure to Yield Right-of-Way,4475882,19.5,5.6,0.0,0.0,0.0,0.0,3,10.2,20.2,283,Overcast,1,1,
84569,2021-11-09 00:00:00,40.592186,-73.9777,1,0,Backing Unsafely,4475790,19.5,5.6,0.0,0.0,0.0,0.0,3,10.2,20.2,283,Overcast,1,1,
84570,2021-11-06 15:50:00,40.57468,-74.12929,1,0,Following Too Closely,4476415,10.5,3.4,0.0,0.0,0.0,0.0,0,9.5,17.6,61,Clear sky,1,1,Sunny/Clear Conditions
84571,2021-11-09 19:25:00,40.742073,-73.86591,0,0,Turning Improperly,4475831,19.5,5.6,0.0,0.0,0.0,0.0,3,10.2,20.2,283,Overcast,0,0,
84572,2021-10-03 19:00:00,40.801857,-73.957245,1,0,Driver Inattention/Distraction,4476274,25.9,12.8,0.0,0.0,0.0,0.0,3,12.0,24.1,217,Overcast,1,1,
84573,2021-11-09 17:00:00,40.826767,-73.888855,0,0,Following Too Closely,4476129,19.5,5.6,0.0,0.0,0.0,0.0,3,10.2,20.2,283,Overcast,0,0,
84574,2021-11-06 20:00:00,40.621815,-74.00076,0,0,Unspecified,4476349,10.5,3.4,0.0,0.0,0.0,0.0,0,9.5,17.6,61,Clear sky,0,0,Sunny/Clear Conditions
84575,2021-11-09 12:30:00,40.820644,-73.93072,2,0,Following Too Closely,4475837,19.5,5.6,0.0,0.0,0.0,0.0,3,10.2,20.2,283,Overcast,2,2,
84576,2021-11-02 14:30:00,40.671406,-73.96133,2,0,Passing or Lane Usage Improper,4476342,11.4,7.0,0.6,0.6,0.0,4.0,51,14.1,28.1,271,Drizzle: Light,2,2,
84577,2021-11-09 12:00:00,40.60877,-73.757805,0,0,Driver Inattention/Distraction,4476138,19.5,5.6,0.0,0.0,0.0,0.0,3,10.2,20.2,283,Overcast,0,0,
84578,2021-11-09 06:30:00,40.742657,-73.846214,0,0,Driver Inattention/Distraction,4475472,19.5,5.6,0.0,0.0,0.0,0.0,3,10.2,20.2,283,Overcast,0,0,
84579,2021-11-06 15:00:00,40.845985,-73.884476,1,0,Traffic Control Disregarded,4476257,10.5,3.4,0.0,0.0,0.0,0.0,0,9.5,17.6,61,Clear sky,1,1,Sunny/Clear Conditions
84580,2021-06-26 12:24:00,40.822456,-73.92692,0,0,Unspecified,4476204,26.5,18.6,1.3,1.3,0.0,8.0,51,23.7,52.9,181,Drizzle: Light,0,0,
84581,2021-11-09 00:15:00,40.77041,-73.82468,0,0,Following Too Closely,4475749,19.5,5.6,0.0,0.0,0.0,0.0,3,10.2,20.2,283,Overcast,0,0,
84582,2021-11-09 10:50:00,40.619755,-73.97892,0,0,Driver Inattention/Distraction,4475908,19.5,5.6,0.0,0.0,0.0,0.0,3,10.2,20.2,283,Overcast,0,0,
84583,2021-11-09 09:41:00,40.77576,-73.906494,0,0,Driver Inattention/Distraction,4475650,19.5,5.6,0.0,0.0,0.0,0.0,3,10.2,20.2,283,Overcast,0,0,