,CRASH DATETIME,LATITUDE,LONGITUDE,NUMBER OF PERSONS INJURED,NUMBER OF PERSONS KILLED,CONTRIBUTING FACTOR VEHICLE 1,COLLISION_ID,temperature_2m_max,temperature_2m_min,precipitation_sum,rain_sum,snowfall_sum,precipitation_hours,weather_code,wind_speed_10m_max,wind_gusts_10m_max,wind_direction_10m_dominant,Weather Description,Severity_Score,Total_Affected_Persons,Weather_Category
84584,2021-11-09 13:45:00,40.771744,-73.875275,1,0,Driver Inattention/Distraction,4475896,19.5,5.6,0.0,0.0,0.0,0.0,3,10.2,20.2,283,Overcast,1,1,
84585,2021-11-09 15:35:00,40.748367,-73.93893,0,0,Alcohol Involvement,4476230,19.5,5.6,0.0,0.0,0.0,0.0,3,10.2,20.2,283,Overcast,0,0,
84586,2021-11-09 16:20:00,40.888687,-73.84018,2,0,Unsafe Speed,4476030,19.5,5.6,0.0,0.0,0.0,0.0,3,10.2,20.2,283,Overcast,2,2,
84587,2021-11-09 15:45:00,40.78655,-73.95466,0,0,Driver Inattention/Distraction,4475799,19.5,5.6,0.0,0.0,0.0,0.0,3,10.2,20.2,283,Overcast,0,0,
84588,2021-11-09 17:59:00,40.814735,-73.92905,0,0,Unspecified,4476477,19.5,5.6,0.0,0.0,0.0,0.0,3,10.2,20.2,283,Overcast,0,0,
84589,2021-11-09 00:00:00,40.82186,-73.88834,0,0,Following Too Closely,4475813,19.5,5.6,0.0,0.0,0.0,0.0,3,10.2,20.2,283,Overcast,0,0,
84590,2021-11-09 20:45:00,40.63863,-74.0875,0,0,Unspecified,4475984,19.5,5.6,0.0,0.0,0.0,0.0,3,10.2,20.2,283,Overcast,0,0,
84591,2021-11-09 11:56:00,40.685368,-73.9109,2,0,Brakes Defective,4475852,19.5,5.6,0.0,0.0,0.0,0.0,3,10.2,20.2,283,Overcast,2,2,
84592,2021-11-09 14:00:00,40.67816,-73.91076,0,0,Driver Inattention/Distraction,4475690,19.5,5.6,0.0,0.0,0.0,0.0,3,10.2,20.2,283,Overcast,0,0,
84593,2021-11-09 10:20:00,40.740852,-73.91632,0,0,Unspecified,4475719,19.5,5.6,0.0,0.0,0.0,0.0,3,10.2,20.2,283,Overcast,0,0,
84594,2021-11-08 00:00:00,40.75998,-73.85658,1,0,Following Too Closely,4476338,16.5,6.4,0.0,0.0,0.0,0.0,3,17.4,33.8,355,Overcast,1,1,
84595,2021-11-09 08:33:00,40.71991,-73.809044,1,0,Failure to Yield Right-of-Way,4475604,19.5,5.6,0.0,0.0,0.0,0.0,3,10.2,20.2,283,Overcast,1,1,
84596,2021-11-09 11:05:00,40.858868,-73.86952,1,0,Failure to Yield Right-of-Way,4476283,19.5,5.6,0.0,0.0,0.0,0.0,3,10.2,20.2,283,Overcast,1,1,
84597,2021-11-09 16:30:00,40.691357,-73.812904,0,0,Passing or Lane Usage Improper,4475773,19.5,5.6,0.0,0.0,0.0,0.0,3,10.2,20.2,283,Overcast,0,0,
84598,2021-11-09 06:37:00,40.875122,-73.905174,1,0,Unsafe Speed,4476245,19.5,5.6,0.0,0.0,0.0,0.0,3,10.2,20.2,283,Overcast,1,1,
84599,2021-11-07 08:00:00,40.659176,-73.92033,0,0,Unspecified,4476363,12.1,2.6,0.0,0.0,0.0,0.0,3,10.0,20.5,358,Overcast,0,0,
84600,2021-11-09 16:30:00,40.81516,-73.91774,0,0,Unspecified,4475694,19.5,5.6,0.0,0.0,0.0,0.0,3,10.2,20.2,283,Overcast,0,0,
84601,2021-11-09 11:00:00,40.73645,-73.803734,0,0,Driver Inattention/Distraction,4475723,19.5,5.6,0.0,0.0,0.0,0.0,3,10.2,20.2,283,Overcast,0,0,
84602,2021-11-09 15:40:00,40.836407,-73.94852,0,0,Passing Too Closely,4476001,19.5,5.6,0.0,0.0,0.0,0.0,3,10.2,20.2,283,Overcast,0,0,
84603,2021-11-09 17:20:00,40.84398,-73.8696,0,0,Other Vehicular,4475928,19.5,5.6,0.0,0.0,0.0,0.0,3,10.2,20.2,283,Overcast,0,0,
84604,2021-11-09 14:15:00,40.759724,-73.92061,0,0,Driver Inattention/Distraction,4475946,19.5,5.6,0.0,0.0,0.0,0.0,3,10.2,20.2,283,Overcast,0,0,
84605,2021-11-09 08:17:00,40.755165,-73.8891,3,0,Following Too Closely,4475599,19.5,5.6,0.0,0.0,0.0,0.0,3,10.2,20.2,283,Overcast,3,3,
84606,2021-11-09 09:20:00,40.843174,-73.91196,0,0,Passing Too Closely,4475823,19.5,5.6,0.0,0.0,0.0,0.0,3,10.2,20.2,283,Overcast,0,0,
84607,2021-11-07 00:03:00,40.687332,-73.9859,1,0,Unspecified,4476461,12.1,2.6,0.0,0.0,0.0,0.0,3,10.0,20.5,358,Overcast,1,1,
84608,2021-11-09 03:37:00,40.65736,-73.74154,1,0,Reaction to Uninvolved Vehicle,4475634,19.5,5.6,0.0,0.0,0.0,0.0,3,10.2,20.2,283,Overcast,1,1,
84609,2021-10-28 16:05:00,40.60472,-74.09109,0,0,Unspecified,4476424,15.2,7.9,0.0,0.0,0.0,0.0,3,19.1,34.6,28,Overcast,0,0,
84610,2021-11-09 00:00:00,40.658478,-73.92818,0,0,Driver Inattention/Distraction,4475879,19.5,5.6,0.0,0.0,0.0,0.0,3,10.2,20.2,283,Overcast,0,0,
84611,2022-07-07 19:27:00,40.80405,-73.91737,0,1,Traffic Control Disregarded,4544619,27.5,20.1,0.0,0.0,0.0,0.0,3,19.1,37.4,110,Overcast,20,1,
84612,2021-11-09 14:00:00,40.760746,-73.862434,1,0,Driver Inattention/Distraction,4475926,19.5,5.6,0.0,0.0,0.0,0.0,3,10.2,20.2,283,Overcast,1,1,
84613,2021-11-05 00:23:00,40.670887,-73.93649,0,0,Other Vehicular,4476375,10.7,3.2,0.0,0.0,0.0,0.0,0,14.8,30.2,1,Clear sky,0,0,Sunny/Clear Conditions
84614,2021-11-09 22:30:00,40.72135,-74.00465,1,0,Unspecified,4475847,19.5,5.6,0.0,0.0,0.0,0.0,3,10.2,20.2,283,Overcast,1,1,
84615,2021-11-09 14:41:00,40.574497,-74.11993,1,0,Failure to Yield Right-of-Way,4475669,19.5,5.6,0.0,0.0,0.0,0.0,3,10.2,20.2,283,Overcast,1,1,
84616,2021-11-08 19:19:00,40.86536,-73.87043,1,0,Driver Inexperience,4476223,16.5,6.4,0.0,0.0,0.0,0.0,3,17.4,33.8,355,Overcast,1,1,
84617,2021-11-09 21:03:00,40.86923,-73.89604,1,0,Pedestrian/Bicyclist/Other Pedestrian Error/Confusion,4476184,19.5,5.6,0.0,0.0,0.0,0.0,3,10.2,20.2,283,Overcast,1,1,
84618,2021-11-09 14:40:00,40.676304,-73.82029,0,0,Passing or Lane Usage Improper,4475778,19.5,5.6,0.0,0.0,0.0,0.0,3,10.2,20.2,283,Overcast,0,0,
84619,2021-11-09 18:45:00,40.670403,-73.85629,0,0,Alcohol Involvement,4475764,19.5,5.6,0.0,0.0,0.0,0.0,3,10.2,20.2,283,Overcast,0,0,
84620,2021-11-09 16:30:00,40.856323,-73.87244,0,0,Other Vehicular,4476007,19.5,5.6,0.0,0.0,0.0,0.0,3,10.2,20.2,283,Overcast,0,0,
84621,2021-11-09 23:40:00,40.740894,-73.89961,1,0,Driver Inattention/Distraction,4476108,19.5,5.6,0.0,0.0,0.0,0.0,3,10.2,20.2,283,Overcast,1,1,
84622,2021-11-09 16:38:00,40.603096,-73.938545,1,0,Failure to Yield Right-of-Way,4475785,19.5,5.6,0.0,0.0,0.0,0.0,3,10.2,20.2,283,Overcast,1,1,
84623,2021-10-12 11:47:00,40.707516,-73.76671,0,0,Driver Inattention/Distraction,4476380,21.6,15.2,0.0,0.0,0.0,0.0,3,11.8,23.8,81,Overcast,0,0,
84624,2021-11-09 09:52:00,40.63825,-73.91766,2,0,Failure to Yield Right-of-Way,4475662,19.5,5.6,0.0,0.0,0.0,0.0,3,10.2,20.2,283,Overcast,2,2,
84625,2021-11-05 17:00:00,40.67612,-73.936005,1,0,Lost Consciousness,4476347,10.7,3.2,0.0,0.0,0.0,0.0,0,14.8,30.2,1,Clear sky,1,1,Sunny/Clear Conditions
84626,2021-11-09 09:48:00,40.76369,-73.72498,2,0,Driver Inattention/Distraction,4475623,19.5,5.6,0.0,0.0,0.0,0.0,3,10.2,20.2,283,Overcast,2,2,
84627,2021-11-03 15:15:00,0.0,0.0,1,0,Backing Unsafely,4476235,10.7,3.8,0.1,0.1,0.0,1.0,51,15.6,30.6,302,Drizzle: Light,1,1,
84628,2021-11-09 19:00:00,40.716644,-73.99582,0,0,Reaction to Uninvolved Vehicle,4475888,19.5,5.6,0.0,0.0,0.0,0.0,3,10.2,20.2,283,Overcast,0,0,
84629,2021-11-09 15:55:00,40.90554,-73.84872,0,0,Passing Too Closely,4475961,19.5,5.6,0.0,0.0,0.0,0.0,3,10.2,20.2,283,Overcast,0,0,
84630,2021-11-09 21:30:00,40.72756,-73.9794,0,0,Unspecified,4475802,19.5,5.6,0.0,0.0,0.0,0.0,3,10.2,20.2,283,Overcast,0,0,
84631,2021-11-09 20:35:00,40.631805,-73.988304,1,0,Driver Inattention/Distraction,4475913,19.5,5.6,0.0,0.0,0.0,0.0,3,10.2,20.2,283,Overcast,1,1,
84632,2021-11-09 17:39:00,40.761555,-73.99408,0,0,Following Too Closely,4475843,19.5,5.6,0.0,0.0,0.0,0.0,3,10.2,20.2,283,Overcast,0,0,
84633,2021-11-09 08:35:00,40.581345,-73.96283,1,0,Traffic Control Disregarded,4475614,19.5,5.6,0.0,0.0,0.0,0.0,3,10.2,20.2,283,Overcast,1,1,
84634,2021-11-09 04:51:00,40.86321,-73.83707,0,0,Unspecified,4475540,19.5,5.6,0.0,0.0,0.0,0.0,3,10.2,20.2,283,Overcast,0,0,
84635,2021-11-09 19:35:00,40.754105,-73.72321,1,0,Unspecified,4475744,19.5,5.6,0.0,0.0,0.0,0.0,3,10.2,20.2,283,Overcast,1,1,
84636,2021-11-08 17:00:00,40.673573,-73.902084,0,0,Unspecified,4476317,16.5,6.4,0.0,0.0,0.0,0.0,3,17.4,33.8,355,Overcast,0,0,
84637,2021-11-09 18:30:00,40.76163,-73.96051,0,0,Driver Inattention/Distraction,4475809,19.5,5.6,0.0,0.0,0.0,0.0,3,10.2,20.2,283,Overcast,0,0,
84638,2021-11-09 13:00:00,40.678955,-73.74914,2,0,Driver Inattention/Distraction,4475710,19.5,5.6,0.0,0.0,0.0,0.0,3,10.2,20.2,283,Overcast,2,2,
84639,2021-10-29 16:58:00,40.67091,-73.771,0,0,Following Too Closely,4476194,13.8,8.3,9.3,9.3,0.0,5.0,63,40.9,73.8,78,Rain: Moderate,0,0,
84640,2021-11-04 15:30:00,40.821358,-73.889114,0,0,Following Too Closely,4476216,9.9,3.0,0.0,0.0,0.0,0.0,3,10.8,21.2,5,Overcast,0,0,
84641,2021-11-09 08:30:00,40.726463,-73.85943,0,0,Unspecified,4476017,19.5,5.6,0.0,0.0,0.0,0.0,3,10.2,20.2,283,Overcast,0,0,
84642,2021-10-30 16:15:00,40.850086,-73.93319,1,0,Driver Inattention/Distraction,4476266,17.8,12.0,7.8,7.8,0.0,16.0,61,38.5,68.0,112,Rain: Light,1,1,
84643,2021-11-09 21:10:00,40.688614,-73.989174,0,0,Driver Inattention/Distraction,4475752,19.5,5.6,0.0,0.0,0.0,0.0,3,10.2,20.2,283,Overcast,0,0,
84644,2021-11-09 00:00:00,40.676945,-73.991875,0,0,Unspecified,4476080,19.5,5.6,0.0,0.0,0.0,0.0,3,10.2,20.2,283,Overcast,0,0,
84645,2021-11-08 11:00:00,40.66798,-73.893845,0,0,Turning Improperly,4476314,16.5,6.4,0.0,0.0,0.0,0.0,3,17.4,33.8,355,Overcast,0,0,
84646,2021-11-09 09:30:00,40.858513,-73.90877,0,0,Passing Too Closely,4475860,19.5,5.6,0.0,0.0,0.0,0.0,3,10.2,20.2,283,Overcast,0,0,
84647,2021-11-09 19:05:00,40.67327,-73.9474,1,0,Failure to Yield Right-of-Way,4476376,19.5,5.6,0.0,0.0,0.0,0.0,3,10.2,20.2,283,Overcast,1,1,
84648,2021-11-09 07:55:00,40.748913,-73.9374,0,0,Driver Inattention/Distraction,4475651,19.5,5.6,0.0,0.0,0.0,0.0,3,10.2,20.2,283,Overcast,0,0,
84649,2021-11-09 16:41:00,40.631573,-73.99547,1,0,Unspecified,4475909,19.5,5.6,0.0,0.0,0.0,0.0,3,10.2,20.2,283,Overcast,1,1,
84650,2021-11-02 07:00:00,40.889458,-73.89828,1,0,,4476244,11.4,7.0,0.6,0.6,0.0,4.0,51,14.1,28.1,271,Drizzle: Light,1,1,
84651,2021-11-09 19:20:00,40.725025,-74.005905,0,0,Unspecified,4475854,19.5,5.6,0.0,0.0,0.0,0.0,3,10.2,20.2,283,Overcast,0,0,
84652,2021-11-09 08:18:00,40.62202,-73.98726,0,0,Unspecified,4475633,19.5,5.6,0.0,0.0,0.0,0.0,3,10.2,20.2,283,Overcast,0,0,
84653,2021-11-09 15:40:00,40.81042,-73.924866,0,0,Other Vehicular,4475695,19.5,5.6,0.0,0.0,0.0,0.0,3,10.2,20.2,283,Overcast,0,0,
84654,2021-11-09 16:50:00,40.715527,-73.99761,0,0,Driver Inattention/Distraction,4475948,19.5,5.6,0.0,0.0,0.0,0.0,3,10.2,20.2,283,Overcast,0,0,
84655,2021-11-09 09:23:00,40.771782,-73.96544,0,0,Passing or Lane Usage Improper,4475606,19.5,5.6,0.0,0.0,0.0,0.0,3,10.2,20.2,283,Overcast,0,0,
84656,2021-08-04 17:06:00,40.682114,-73.95367,1,0,Driver Inattention/Distraction,4444736,24.3,17.5,0.1,0.1,0.0,1.0,51,13.7,27.4,57,Drizzle: Light,1,1,
84657,2021-08-17 18:25:00,40.86235,-73.89997,0,0,Passing Too Closely,4449755,26.4,22.2,1.6,1.6,0.0,2.0,55,20.3,39.2,158,Drizzle: Dense,0,0,
84658,2021-09-05 12:30:00,40.76941,-73.843285,0,0,Passing Too Closely,4454019,24.5,16.9,1.0,1.0,0.0,6.0,51,15.5,42.5,204,Drizzle: Light,0,0,
84659,2021-09-05 23:56:00,40.716644,-73.99582,2,0,Lost Consciousness,4454245,24.5,16.9,1.0,1.0,0.0,6.0,51,15.5,42.5,204,Drizzle: Light,2,2,
84660,2021-09-05 04:48:00,40.81456,-73.909615,2,0,Alcohol Involvement,4454118,24.5,16.9,1.0,1.0,0.0,6.0,51,15.5,42.5,204,Drizzle: Light,2,2,
84661,2021-09-03 16:10:00,40.630337,-73.99342,1,0,Unspecified,4454851,21.9,14.0,0.0,0.0,0.0,0.0,3,14.5,30.2,321,Overcast,1,1,
84662,2021-08-27 06:30:00,40.62376,-74.14908,0,0,Driver Inattention/Distraction,4454602,32.2,23.4,1.4,1.4,0.0,2.0,55,9.4,22.3,299,Drizzle: Dense,0,0,
84663,2021-09-04 01:30:00,40.70787,-73.95681,0,0,Passing or Lane Usage Improper,4454573,25.2,14.5,0.0,0.0,0.0,0.0,3,15.4,27.0,289,Overcast,0,0,
84664,2021-09-05 00:40:00,40.752888,-73.96374,1,0,Driver Inattention/Distraction,4453710,24.5,16.9,1.0,1.0,0.0,6.0,51,15.5,42.5,204,Drizzle: Light,1,1,
84665,2021-09-05 10:57:00,40.647243,-73.96048,1,0,Unspecified,4454074,24.5,16.9,1.0,1.0,0.0,6.0,51,15.5,42.5,204,Drizzle: Light,1,1,
84666,2021-09-05 07:45:00,40.681217,-73.88211,0,0,Unspecified,4454421,24.5,16.9,1.0,1.0,0.0,6.0,51,15.5,42.5,204,Drizzle: Light,0,0,
84667,2021-09-03 16:03:00,40.6094,-74.09011,0,0,Passing Too Closely,4454554,21.9,14.0,0.0,0.0,0.0,0.0,3,14.5,30.2,321,Overcast,0,0,
84668,2021-09-01 20:00:00,40.6807,-73.84465,1,0,Failure to Yield Right-of-Way,4454688,23.2,18.4,121.7,121.7,0.0,18.0,65,43.2,78.5,42,Rain: Heavy,1,1,
84669,2021-09-05 21:02:00,40.78263,-73.9512,3,0,Driver Inattention/Distraction,4454191,24.5,16.9,1.0,1.0,0.0,6.0,51,15.5,42.5,204,Drizzle: Light,3,3,
84670,2021-09-03 09:39:00,40.834644,-73.865036,1,0,Unspecified,4454599,21.9,14.0,0.0,0.0,0.0,0.0,3,14.5,30.2,321,Overcast,1,1,
84671,2021-09-05 21:38:00,40.66957,-73.94539,0,0,Driver Inattention/Distraction,4454667,24.5,16.9,1.0,1.0,0.0,6.0,51,15.5,42.5,204,Drizzle: Light,0,0,
84672,2021-09-05 15:45:00,40.67567,-73.87008,1,0,Unsafe Speed,4454524,24.5,16.9,1.0,1.0,0.0,6.0,51,15.5,42.5,204,Drizzle: Light,1,1,
84673,2021-09-05 00:21:00,40.656456,-73.90447,0,0,Other Vehicular,4453774,24.5,16.9,1.0,1.0,0.0,6.0,51,15.5,42.5,204,Drizzle: Light,0,0,
84674,2021-09-05 17:40:00,40.67138,-73.732124,0,0,Failure to Yield Right-of-Way,4453988,24.5,16.9,1.0,1.0,0.0,6.0,51,15.5,42.5,204,Drizzle: Light,0,0,
84675,2021-09-05 21:14:00,40.605904,-73.9645,0,0,Unspecified,4454252,24.5,16.9,1.0,1.0,0.0,6.0,51,15.5,42.5,204,Drizzle: Light,0,0,
84676,2021-09-05 19:00:00,40.682377,-74.00398,0,0,Unspecified,4454318,24.5,16.9,1.0,1.0,0.0,6.0,51,15.5,42.5,204,Drizzle: Light,0,0,
84677,2021-09-05 15:15:00,40.826874,-73.90539,0,0,Passing or Lane Usage Improper,4454452,24.5,16.9,1.0,1.0,0.0,6.0,51,15.5,42.5,204,Drizzle: Light,0,0,
84678,2021-09-04 10:23:00,40.61303,-74.131516,1,0,Outside Car Distraction,4454498,25.2,14.5,0.0,0.0,0.0,0.0,3,15.4,27.0,289,Overcast,1,1,
84679,2021-09-05 01:00:00,40.657482,-73.92141,0,0,Unspecified,4453943,24.5,16.9,1.0,1.0,0.0,6.0,51,15.5,42.5,204,Drizzle: Light,0,0,
84680,2021-09-05 04:10:00,40.599617,-73.911316,1,0,Following Too Closely,4453827,24.5,16.9,1.0,1.0,0.0,6.0,51,15.5,42.5,204,Drizzle: Light,1,1,
84681,2021-09-05 04:55:00,40.74336,-73.87433,0,0,Unspecified,4454810,24.5,16.9,1.0,1.0,0.0,6.0,51,15.5,42.5,204,Drizzle: Light,0,0,
84682,2021-08-30 17:05:00,40.822533,-73.88509,0,0,Unspecified,4454625,28.7,21.7,3.9,3.9,0.0,7.0,63,14.7,33.8,231,Rain: Moderate,0,0,
84683,2021-09-05 12:00:00,40.840565,-73.86943,0,0,Driver Inattention/Distraction,4453969,24.5,16.9,1.0,1.0,0.0,6.0,51,15.5,42.5,204,Drizzle: Light,0,0,
84684,2021-09-05 00:48:00,40.750893,-73.98644,1,0,Driver Inattention/Distraction,4453790,24.5,16.9,1.0,1.0,0.0,6.0,51,15.5,42.5,204,Drizzle: Light,1,1,
84685,2021-09-03 07:30:00,40.553276,-74.18827,0,0,Passing or Lane Usage Improper,4454495,21.9,14.0,0.0,0.0,0.0,0.0,3,14.5,30.2,321,Overcast,0,0,
84686,2021-09-05 00:35:00,40.663746,-73.83642,0,0,Passing Too Closely,4454155,24.5,16.9,1.0,1.0,0.0,6.0,51,15.5,42.5,204,Drizzle: Light,0,0,
84687,2021-09-05 21:35:00,40.778606,-73.8452,1,0,Failure to Yield Right-of-Way,4454202,24.5,16.9,1.0,1.0,0.0,6.0,51,15.5,42.5,204,Drizzle: Light,1,1,
84688,2021-09-05 04:30:00,40.67901,-73.881004,0,0,Passing Too Closely,4454518,24.5,16.9,1.0,1.0,0.0,6.0,51,15.5,42.5,204,Drizzle: Light,0,0,
84689,2021-09-05 21:45:00,40.633244,-74.00278,0,0,Passing Too Closely,4454351,24.5,16.9,1.0,1.0,0.0,6.0,51,15.5,42.5,204,Drizzle: Light,0,0,
84690,2021-09-05 01:40:00,40.605618,-73.75666,0,0,Unspecified,4454502,24.5,16.9,1.0,1.0,0.0,6.0,51,15.5,42.5,204,Drizzle: Light,0,0,
84691,2021-09-05 08:15:00,40.63491,-74.01017,1,0,Unspecified,4453817,24.5,16.9,1.0,1.0,0.0,6.0,51,15.5,42.5,204,Drizzle: Light,1,1,
84692,2021-09-05 00:00:00,40.570835,-74.16983,0,0,Following Too Closely,4453950,24.5,16.9,1.0,1.0,0.0,6.0,51,15.5,42.5,204,Drizzle: Light,0,0,
84693,2021-09-05 22:35:00,40.796562,-73.974205,0,0,Passing Too Closely,4454082,24.5,16.9,1.0,1.0,0.0,6.0,51,15.5,42.5,204,Drizzle: Light,0,0,
84694,2021-09-05 23:00:00,40.631474,-73.94625,0,0,Driver Inattention/Distraction,4454833,24.5,16.9,1.0,1.0,0.0,6.0,51,15.5,42.5,204,Drizzle: Light,0,0,
84695,2021-09-05 11:45:00,40.683342,-74.001976,0,0,Unspecified,4454317,24.5,16.9,1.0,1.0,0.0,6.0,51,15.5,42.5,204,Drizzle: Light,0,0,
84696,2021-09-03 11:07:00,40.75337,-73.974655,0,0,Driver Inattention/Distraction,4454566,21.9,14.0,0.0,0.0,0.0,0.0,3,14.5,30.2,321,Overcast,0,0,
84697,2021-09-05 13:53:00,40.897175,-73.849106,0,0,Other Vehicular,4454716,24.5,16.9,1.0,1.0,0.0,6.0,51,15.5,42.5,204,Drizzle: Light,0,0,
84698,2021-09-05 11:25:00,40.7389,-73.73378,2,0,Unspecified,4453989,24.5,16.9,1.0,1.0,0.0,6.0,51,15.5,42.5,204,Drizzle: Light,2,2,
84699,2021-09-05 21:42:00,40.760403,-73.98748,1,0,Unspecified,4454793,24.5,16.9,1.0,1.0,0.0,6.0,51,15.5,42.5,204,Drizzle: Light,1,1,
84700,2021-09-05 00:00:00,40.832253,-73.88453,4,0,Turning Improperly,4454046,24.5,16.9,1.0,1.0,0.0,6.0,51,15.5,42.5,204,Drizzle: Light,4,4,
84701,2021-09-05 02:25:00,40.669865,-73.95051,0,0,Unspecified,4454652,24.5,16.9,1.0,1.0,0.0,6.0,51,15.5,42.5,204,Drizzle: Light,0,0,
84702,2021-09-05 03:50:00,40.68978,-73.98139,0,0,Unspecified,4453837,24.5,16.9,1.0,1.0,0.0,6.0,51,15.5,42.5,204,Drizzle: Light,0,0,
84703,2021-09-04 16:27:00,40.63172,-74.095924,0,0,Unspecified,4454552,25.2,14.5,0.0,0.0,0.0,0.0,3,15.4,27.0,289,Overcast,0,0,
84704,2021-09-05 14:00:00,40.58481,-73.98301,0,0,Backing Unsafely,4454479,24.5,16.9,1.0,1.0,0.0,6.0,51,15.5,42.5,204,Drizzle: Light,0,0,
84705,2021-09-02 22:20:00,40.73447,-73.86316,1,0,Following Too Closely,4454812,24.5,15.0,24.6,24.6,0.0,5.0,65,43.0,83.5,344,Rain: Heavy,1,1,
84706,2021-09-03 20:38:00,40.637596,-74.08009,0,0,View Obstructed/Limited,4454547,21.9,14.0,0.0,0.0,0.0,0.0,3,14.5,30.2,321,Overcast,0,0,
84707,2021-09-02 06:32:00,40.880898,-73.88196,0,0,Unspecified,4454614,24.5,15.0,24.6,24.6,0.0,5.0,65,43.0,83.5,344,Rain: Heavy,0,0,
84708,2021-09-03 13:30:00,40.602436,-73.75763,0,0,Unspecified,4454577,21.9,14.0,0.0,0.0,0.0,0.0,3,14.5,30.2,321,Overcast,0,0,
84709,2021-09-05 21:30:00,40.757977,-73.88297,1,0,Traffic Control Disregarded,4454196,24.5,16.9,1.0,1.0,0.0,6.0,51,15.5,42.5,204,Drizzle: Light,1,1,
84710,2021-09-05 09:00:00,40.642376,-73.97818,0,0,Unspecified,4454064,24.5,16.9,1.0,1.0,0.0,6.0,51,15.5,42.5,204,Drizzle: Light,0,0,
84711,2021-09-05 09:25:00,40.63757,-74.01457,1,0,Driver Inattention/Distraction,4454281,24.5,16.9,1.0,1.0,0.0,6.0,51,15.5,42.5,204,Drizzle: Light,1,1,
84712,2021-09-01 10:20:00,40.68079,-73.99174,0,0,Passing Too Closely,4454701,23.2,18.4,121.7,121.7,0.0,18.0,65,43.2,78.5,42,Rain: Heavy,0,0,
84713,2021-09-05 20:16:00,40.67581,-73.739555,1,0,Driver Inexperience,4453995,24.5,16.9,1.0,1.0,0.0,6.0,51,15.5,42.5,204,Drizzle: Light,1,1,
84714,2021-08-31 00:42:00,40.759785,-73.976295,1,0,Driver Inattention/Distraction,4454558,28.5,21.2,0.0,0.0,0.0,0.0,3,15.5,29.9,301,Overcast,1,1,
84715,2021-09-02 08:08:00,40.734566,-73.72269,0,0,Following Too Closely,4454723,24.5,15.0,24.6,24.6,0.0,5.0,65,43.0,83.5,344,Rain: Heavy,0,0,
84716,2021-09-05 19:34:00,40.66608,-73.76364,0,0,Unspecified,4454222,24.5,16.9,1.0,1.0,0.0,6.0,51,15.5,42.5,204,Drizzle: Light,0,0,
84717,2021-09-05 10:14:00,40.632572,-73.96862,0,0,Unspecified,4454075,24.5,16.9,1.0,1.0,0.0,6.0,51,15.5,42.5,204,Drizzle: Light,0,0,
84718,2021-09-05 22:15:00,40.715427,-73.72918,3,0,Unspecified,4454224,24.5,16.9,1.0,1.0,0.0,6.0,51,15.5,42.5,204,Drizzle: Light,3,3,
84719,2021-09-05 23:21:00,40.57686,-73.98266,0,0,Unsafe Speed,4454165,24.5,16.9,1.0,1.0,0.0,6.0,51,15.5,42.5,204,Drizzle: Light,0,0,
84720,2021-09-05 19:29:00,40.593376,-73.778984,0,0,Passing or Lane Usage Improper,4454585,24.5,16.9,1.0,1.0,0.0,6.0,51,15.5,42.5,204,Drizzle: Light,0,0,
84721,2021-09-05 01:35:00,40.74376,-73.90003,0,0,Driver Inattention/Distraction,4453715,24.5,16.9,1.0,1.0,0.0,6.0,51,15.5,42.5,204,Drizzle: Light,0,0,
84722,2021-09-05 10:20:00,40.616238,-73.96357,0,0,Driver Inattention/Distraction,4454659,24.5,16.9,1.0,1.0,0.0,6.0,51,15.5,42.5,204,Drizzle: Light,0,0,
84723,2021-09-05 18:23:00,40.760532,-73.82156,0,0,Following Too Closely,4454777,24.5,16.9,1.0,1.0,0.0,6.0,51,15.5,42.5,204,Drizzle: Light,0,0,
84724,2021-09-05 04:33:00,40.678867,-73.87087,1,0,Unsafe Speed,4454539,24.5,16.9,1.0,1.0,0.0,6.0,51,15.5,42.5,204,Drizzle: Light,1,1,
84725,2021-09-01 13:42:00,40.768936,-73.834335,0,0,Unspecified,4454755,23.2,18.4,121.7,121.7,0.0,18.0,65,43.2,78.5,42,Rain: Heavy,0,0,
84726,2021-09-02 07:36:00,40.741734,-73.7283,0,0,Following Too Closely,4454722,24.5,15.0,24.6,24.6,0.0,5.0,65,43.0,83.5,344,Rain: Heavy,0,0,
84727,2021-09-03 21:04:00,40.713043,-73.96753,0,0,Passing Too Closely,4454572,21.9,14.0,0.0,0.0,0.0,0.0,3,14.5,30.2,321,Overcast,0,0,
84728,2021-09-05 00:25:00,40.68174,-73.95859,1,0,Failure to Yield Right-of-Way,4453735,24.5,16.9,1.0,1.0,0.0,6.0,51,15.5,42.5,204,Drizzle: Light,1,1,
84729,2021-09-04 00:28:00,40.752975,-73.91024,0,0,Driver Inattention/Distraction,4454601,25.2,14.5,0.0,0.0,0.0,0.0,3,15.4,27.0,289,Overcast,0,0,
84730,2021-09-05 16:05:00,40.660217,-73.72807,0,0,Driver Inattention/Distraction,4453994,24.5,16.9,1.0,1.0,0.0,6.0,51,15.5,42.5,204,Drizzle: Light,0,0,
84731,2021-09-05 09:23:00,40.67696,-73.81759,0,0,Unsafe Speed,4454169,24.5,16.9,1.0,1.0,0.0,6.0,51,15.5,42.5,204,Drizzle: Light,0,0,