,CRASH DATETIME,LATITUDE,LONGITUDE,NUMBER OF PERSONS INJURED,NUMBER OF PERSONS KILLED,CONTRIBUTING FACTOR VEHICLE 1,COLLISION_ID,temperature_2m_max,temperature_2m_min,precipitation_sum,rain_sum,snowfall_sum,precipitation_hours,weather_code,wind_speed_10m_max,wind_gusts_10m_max,wind_direction_10m_dominant,Weather Description,Severity_Score,Total_Affected_Persons,Weather_Category
84732,2021-09-04 09:57:00,40.658295,-73.93109,0,0,Reaction to Uninvolved Vehicle,4454670,25.2,14.5,0.0,0.0,0.0,0.0,3,15.4,27.0,289,Overcast,0,0,
84733,2021-11-07 22:12:00,40.724136,-73.992615,1,0,Unspecified,4476269,12.1,2.6,0.0,0.0,0.0,0.0,3,10.0,20.5,358,Overcast,1,1,
84734,2021-09-05 01:32:00,40.651974,-73.86542,0,0,Reaction to Uninvolved Vehicle,4454523,24.5,16.9,1.0,1.0,0.0,6.0,51,15.5,42.5,204,Drizzle: Light,0,0,
84735,2021-09-03 04:30:00,40.76126,-73.99428,0,0,Unsafe Speed,4454557,21.9,14.0,0.0,0.0,0.0,0.0,3,14.5,30.2,321,Overcast,0,0,
84736,2021-09-05 02:33:00,40.805016,-73.92109,0,0,Traffic Control Disregarded,4454124,24.5,16.9,1.0,1.0,0.0,6.0,51,15.5,42.5,204,Drizzle: Light,0,0,
84737,2021-09-02 12:30:00,40.62923,-73.996124,1,0,Unspecified,4454852,24.5,15.0,24.6,24.6,0.0,5.0,65,43.0,83.5,344,Rain: Heavy,1,1,
84738,2021-09-05 04:50:00,40.66169,-73.93144,0,0,Unspecified,4454743,24.5,16.9,1.0,1.0,0.0,6.0,51,15.5,42.5,204,Drizzle: Light,0,0,
84739,2021-09-05 12:29:00,40.721085,-73.94092,0,0,Following Too Closely,4453835,24.5,16.9,1.0,1.0,0.0,6.0,51,15.5,42.5,204,Drizzle: Light,0,0,
84740,2021-09-05 08:58:00,40.641945,-73.916626,2,0,Failure to Yield Right-of-Way,4453898,24.5,16.9,1.0,1.0,0.0,6.0,51,15.5,42.5,204,Drizzle: Light,2,2,
84741,2021-09-05 15:46:00,40.643482,-73.90958,0,0,Unspecified,4454372,24.5,16.9,1.0,1.0,0.0,6.0,51,15.5,42.5,204,Drizzle: Light,0,0,
84742,2021-09-05 07:00:00,40.77861,-73.84249,0,0,Passing or Lane Usage Improper,4454020,24.5,16.9,1.0,1.0,0.0,6.0,51,15.5,42.5,204,Drizzle: Light,0,0,
84743,2021-08-27 13:30:00,40.602222,-73.75806,0,0,Driver Inattention/Distraction,4454514,32.2,23.4,1.4,1.4,0.0,2.0,55,9.4,22.3,299,Drizzle: Dense,0,0,
84744,2021-08-27 14:00:00,40.707333,-73.800545,2,0,Driver Inattention/Distraction,4454687,32.2,23.4,1.4,1.4,0.0,2.0,55,9.4,22.3,299,Drizzle: Dense,2,2,
84745,2021-09-05 05:24:00,40.612556,-74.0361,0,0,Unspecified,4453818,24.5,16.9,1.0,1.0,0.0,6.0,51,15.5,42.5,204,Drizzle: Light,0,0,
84746,2021-09-05 11:52:00,40.718143,-73.993835,1,0,Failure to Yield Right-of-Way,4454242,24.5,16.9,1.0,1.0,0.0,6.0,51,15.5,42.5,204,Drizzle: Light,1,1,
84747,2021-09-05 17:30:00,40.669476,-73.919975,1,0,Unspecified,4454399,24.5,16.9,1.0,1.0,0.0,6.0,51,15.5,42.5,204,Drizzle: Light,1,1,
84748,2021-09-05 00:08:00,40.774612,-73.92399,1,0,Driver Inattention/Distraction,4453887,24.5,16.9,1.0,1.0,0.0,6.0,51,15.5,42.5,204,Drizzle: Light,1,1,
84749,2021-09-05 19:35:00,40.672855,-73.97993,0,0,Failure to Yield Right-of-Way,4454081,24.5,16.9,1.0,1.0,0.0,6.0,51,15.5,42.5,204,Drizzle: Light,0,0,
84750,2021-09-04 00:20:00,40.761555,-73.99408,0,0,Aggressive Driving/Road Rage,4454567,25.2,14.5,0.0,0.0,0.0,0.0,3,15.4,27.0,289,Overcast,0,0,
84751,2021-09-03 17:45:00,40.881073,-73.878494,0,0,Driver Inattention/Distraction,4454612,21.9,14.0,0.0,0.0,0.0,0.0,3,14.5,30.2,321,Overcast,0,0,
84752,2021-09-02 08:00:00,40.61267,-73.76628,0,0,Unspecified,4454519,24.5,15.0,24.6,24.6,0.0,5.0,65,43.0,83.5,344,Rain: Heavy,0,0,
84753,2021-09-05 12:00:00,40.738194,-73.8492,3,0,Following Too Closely,4454007,24.5,16.9,1.0,1.0,0.0,6.0,51,15.5,42.5,204,Drizzle: Light,3,3,
84754,2021-09-03 10:00:00,40.763836,-73.96039,0,0,Unspecified,4454842,21.9,14.0,0.0,0.0,0.0,0.0,3,14.5,30.2,321,Overcast,0,0,
84755,2021-09-04 08:00:00,40.61913,-73.99019,0,0,Glare,4454831,25.2,14.5,0.0,0.0,0.0,0.0,3,15.4,27.0,289,Overcast,0,0,
84756,2021-09-05 20:44:00,40.67843,-74.00893,0,0,Failure to Yield Right-of-Way,4454706,24.5,16.9,1.0,1.0,0.0,6.0,51,15.5,42.5,204,Drizzle: Light,0,0,
84757,2021-09-05 23:00:00,40.624256,-74.080696,1,0,Driver Inattention/Distraction,4454562,24.5,16.9,1.0,1.0,0.0,6.0,51,15.5,42.5,204,Drizzle: Light,1,1,
84758,2021-08-30 00:05:00,40.74266,-73.72108,0,0,Unsafe Speed,4454794,28.7,21.7,3.9,3.9,0.0,7.0,63,14.7,33.8,231,Rain: Moderate,0,0,
84759,2023-01-17 00:17:00,40.810947,-73.927155,0,0,Passing or Lane Usage Improper,4598340,7.1,-2.3,0.9,0.9,0.0,2.0,53,13.2,24.5,254,Drizzle: Moderate,0,0,
84760,2021-09-05 19:35:00,40.637196,-74.00779,0,0,Driver Inattention/Distraction,4454350,24.5,16.9,1.0,1.0,0.0,6.0,51,15.5,42.5,204,Drizzle: Light,0,0,
84761,2021-09-01 19:30:00,40.59514,-73.754,1,0,Failure to Yield Right-of-Way,4454501,23.2,18.4,121.7,121.7,0.0,18.0,65,43.2,78.5,42,Rain: Heavy,1,1,
84762,2021-09-05 09:20:00,40.85278,-73.853294,1,0,Driver Inattention/Distraction,4453970,24.5,16.9,1.0,1.0,0.0,6.0,51,15.5,42.5,204,Drizzle: Light,1,1,
84763,2021-09-05 01:05:00,40.6732,-73.88709,1,0,Turning Improperly,4454420,24.5,16.9,1.0,1.0,0.0,6.0,51,15.5,42.5,204,Drizzle: Light,1,1,
84764,2021-09-05 11:30:00,40.59137,-73.94014,1,0,Passing Too Closely,4454248,24.5,16.9,1.0,1.0,0.0,6.0,51,15.5,42.5,204,Drizzle: Light,1,1,
84765,2021-09-05 17:00:00,40.705627,-73.83785,0,0,Passing Too Closely,4454151,24.5,16.9,1.0,1.0,0.0,6.0,51,15.5,42.5,204,Drizzle: Light,0,0,
84766,2021-08-27 01:33:00,40.84211,-73.82557,2,0,Driver Inattention/Distraction,4454841,32.2,23.4,1.4,1.4,0.0,2.0,55,9.4,22.3,299,Drizzle: Dense,2,2,
84767,2021-09-05 09:30:00,40.816307,-73.897545,0,0,Unspecified,4454623,24.5,16.9,1.0,1.0,0.0,6.0,51,15.5,42.5,204,Drizzle: Light,0,0,
84768,2021-09-05 11:35:00,40.708168,-73.95067,0,0,Driver Inattention/Distraction,4454563,24.5,16.9,1.0,1.0,0.0,6.0,51,15.5,42.5,204,Drizzle: Light,0,0,
84769,2021-08-13 23:17:00,40.68727,-73.827385,3,0,Unsafe Speed,4446695,33.2,24.8,0.0,0.0,0.0,0.0,3,18.2,34.9,215,Overcast,3,3,
84770,2021-09-05 13:00:00,40.606327,-73.99647,1,0,Following Too Closely,4454040,24.5,16.9,1.0,1.0,0.0,6.0,51,15.5,42.5,204,Drizzle: Light,1,1,
84771,2021-09-04 19:30:00,40.677357,-73.88687,2,0,Unspecified,4454515,25.2,14.5,0.0,0.0,0.0,0.0,3,15.4,27.0,289,Overcast,2,2,
84772,2021-09-05 04:00:00,40.759933,-73.991554,1,0,Unspecified,4454548,24.5,16.9,1.0,1.0,0.0,6.0,51,15.5,42.5,204,Drizzle: Light,1,1,
84773,2021-09-05 05:05:00,40.83611,-73.92238,1,0,,4454098,24.5,16.9,1.0,1.0,0.0,6.0,51,15.5,42.5,204,Drizzle: Light,1,1,
84774,2021-09-05 23:00:00,40.83091,-73.8987,0,0,Unspecified,4454448,24.5,16.9,1.0,1.0,0.0,6.0,51,15.5,42.5,204,Drizzle: Light,0,0,
84775,2021-09-05 06:00:00,40.721523,-73.941795,0,0,Unsafe Speed,4453789,24.5,16.9,1.0,1.0,0.0,6.0,51,15.5,42.5,204,Drizzle: Light,0,0,
84776,2021-09-05 01:11:00,40.85038,-73.90699,0,0,Following Too Closely,4454215,24.5,16.9,1.0,1.0,0.0,6.0,51,15.5,42.5,204,Drizzle: Light,0,0,
84777,2021-09-05 07:50:00,40.89492,-73.85314,4,0,Driver Inattention/Distraction,4453933,24.5,16.9,1.0,1.0,0.0,6.0,51,15.5,42.5,204,Drizzle: Light,4,4,
84778,2021-09-05 03:30:00,40.80275,-73.93358,2,0,Alcohol Involvement,4454228,24.5,16.9,1.0,1.0,0.0,6.0,51,15.5,42.5,204,Drizzle: Light,2,2,
84779,2021-09-05 00:20:00,40.677822,-73.91636,1,0,Unsafe Speed,4454027,24.5,16.9,1.0,1.0,0.0,6.0,51,15.5,42.5,204,Drizzle: Light,1,1,
84780,2021-08-25 22:12:00,40.657497,-73.83947,1,0,Turning Improperly,4450593,31.2,20.1,0.0,0.0,0.0,0.0,3,10.2,18.7,277,Overcast,1,1,
84781,2021-09-05 19:05:00,40.76234,-73.98236,0,0,Failure to Yield Right-of-Way,4454576,24.5,16.9,1.0,1.0,0.0,6.0,51,15.5,42.5,204,Drizzle: Light,0,0,
84782,2021-09-05 01:35:00,40.687717,-73.81915,0,0,Driver Inattention/Distraction,4454135,24.5,16.9,1.0,1.0,0.0,6.0,51,15.5,42.5,204,Drizzle: Light,0,0,
84783,2021-09-03 16:36:00,40.864067,-73.86545,0,0,Unspecified,4454586,21.9,14.0,0.0,0.0,0.0,0.0,3,14.5,30.2,321,Overcast,0,0,
84784,2021-09-05 00:38:00,40.688885,-73.73833,2,0,Alcohol Involvement,4453726,24.5,16.9,1.0,1.0,0.0,6.0,51,15.5,42.5,204,Drizzle: Light,2,2,
84785,2023-01-16 16:00:00,40.700203,-73.94434,0,0,Passing Too Closely,4599005,8.0,-2.7,0.0,0.0,0.0,0.0,2,23.4,41.4,339,Partly cloudy,0,0,
84786,2021-09-05 13:00:00,40.643456,-73.972725,0,0,Unspecified,4454660,24.5,16.9,1.0,1.0,0.0,6.0,51,15.5,42.5,204,Drizzle: Light,0,0,
84787,2021-09-05 00:12:00,40.68578,-73.88132,1,0,Traffic Control Disregarded,4454538,24.5,16.9,1.0,1.0,0.0,6.0,51,15.5,42.5,204,Drizzle: Light,1,1,
84788,2021-09-05 02:00:00,40.699406,-73.95338,0,0,Passing or Lane Usage Improper,4454775,24.5,16.9,1.0,1.0,0.0,6.0,51,15.5,42.5,204,Drizzle: Light,0,0,
84789,2021-09-03 20:10:00,40.59084,-73.797935,0,0,Driver Inattention/Distraction,4454738,21.9,14.0,0.0,0.0,0.0,0.0,3,14.5,30.2,321,Overcast,0,0,
84790,2021-09-05 09:00:00,40.65613,-73.886894,0,0,Unspecified,4454411,24.5,16.9,1.0,1.0,0.0,6.0,51,15.5,42.5,204,Drizzle: Light,0,0,
84791,2021-09-05 13:50:00,40.636024,-74.08719,0,0,Driver Inattention/Distraction,4453884,24.5,16.9,1.0,1.0,0.0,6.0,51,15.5,42.5,204,Drizzle: Light,0,0,
84792,2021-09-05 07:05:00,40.777004,-73.91661,0,0,Driver Inattention/Distraction,4453888,24.5,16.9,1.0,1.0,0.0,6.0,51,15.5,42.5,204,Drizzle: Light,0,0,
84793,2021-09-05 14:35:00,40.82219,-73.9145,1,0,Unspecified,4454288,24.5,16.9,1.0,1.0,0.0,6.0,51,15.5,42.5,204,Drizzle: Light,1,1,
84794,2021-09-03 17:49:00,40.617004,-73.96912,3,0,Unspecified,4454658,21.9,14.0,0.0,0.0,0.0,0.0,3,14.5,30.2,321,Overcast,3,3,
84795,2021-09-05 04:00:00,40.65063,-73.94666,0,0,Driver Inattention/Distraction,4453948,24.5,16.9,1.0,1.0,0.0,6.0,51,15.5,42.5,204,Drizzle: Light,0,0,
84796,2021-09-05 14:15:00,40.631935,-73.91321,0,0,Following Too Closely,4454375,24.5,16.9,1.0,1.0,0.0,6.0,51,15.5,42.5,204,Drizzle: Light,0,0,
84797,2021-08-21 18:00:00,40.87969,-73.85527,0,0,Unsafe Speed,4454698,27.2,23.0,0.8,0.8,0.0,6.0,51,14.3,29.5,109,Drizzle: Light,0,0,
84798,2021-09-05 16:09:00,40.876926,-73.85679,3,0,Alcohol Involvement,4454000,24.5,16.9,1.0,1.0,0.0,6.0,51,15.5,42.5,204,Drizzle: Light,3,3,
84799,2021-08-28 22:55:00,40.602535,-73.99321,0,0,Driver Inattention/Distraction,4454489,26.2,20.2,3.9,3.9,0.0,18.0,53,23.5,45.0,65,Drizzle: Moderate,0,0,
84800,2021-09-04 14:50:00,40.58833,-73.80431,1,0,Traffic Control Disregarded,4454736,25.2,14.5,0.0,0.0,0.0,0.0,3,15.4,27.0,289,Overcast,1,1,
84801,2021-09-05 10:01:00,40.805725,-73.95442,1,0,Driver Inattention/Distraction,4453806,24.5,16.9,1.0,1.0,0.0,6.0,51,15.5,42.5,204,Drizzle: Light,1,1,
84802,2021-09-05 15:29:00,40.857327,-73.904526,1,0,Backing Unsafely,4454301,24.5,16.9,1.0,1.0,0.0,6.0,51,15.5,42.5,204,Drizzle: Light,1,1,
84803,2021-09-05 01:25:00,40.670208,-73.79156,0,0,Unsafe Speed,4454463,24.5,16.9,1.0,1.0,0.0,6.0,51,15.5,42.5,204,Drizzle: Light,0,0,
84804,2021-09-05 02:00:00,40.6073,-73.919716,0,0,Unsafe Lane Changing,4453824,24.5,16.9,1.0,1.0,0.0,6.0,51,15.5,42.5,204,Drizzle: Light,0,0,
84805,2021-09-05 03:09:00,40.652462,-73.92285,2,0,Unspecified,4453947,24.5,16.9,1.0,1.0,0.0,6.0,51,15.5,42.5,204,Drizzle: Light,2,2,
84806,2021-09-05 02:00:00,40.8574,-73.90567,4,0,Traffic Control Disregarded,4454709,24.5,16.9,1.0,1.0,0.0,6.0,51,15.5,42.5,204,Drizzle: Light,4,4,
84807,2021-08-13 05:50:00,40.69231,-73.88147,1,0,Reaction to Uninvolved Vehicle,4454718,33.2,24.8,0.0,0.0,0.0,0.0,3,18.2,34.9,215,Overcast,1,1,
84808,2021-09-05 07:00:00,40.66549,-73.75236,2,0,Traffic Control Disregarded,4453992,24.5,16.9,1.0,1.0,0.0,6.0,51,15.5,42.5,204,Drizzle: Light,2,2,
84809,2021-09-05 03:00:00,40.854973,-73.89251,3,0,Failure to Yield Right-of-Way,4454180,24.5,16.9,1.0,1.0,0.0,6.0,51,15.5,42.5,204,Drizzle: Light,3,3,
84810,2021-09-05 00:00:00,40.843452,-73.92471,0,0,Driver Inattention/Distraction,4454528,24.5,16.9,1.0,1.0,0.0,6.0,51,15.5,42.5,204,Drizzle: Light,0,0,
84811,2021-09-05 12:00:00,40.695408,-73.74101,0,0,Unspecified,4454649,24.5,16.9,1.0,1.0,0.0,6.0,51,15.5,42.5,204,Drizzle: Light,0,0,
84812,2021-09-05 11:20:00,40.620735,-74.01582,0,0,Reaction to Uninvolved Vehicle,4453833,24.5,16.9,1.0,1.0,0.0,6.0,51,15.5,42.5,204,Drizzle: Light,0,0,
84813,2021-09-05 20:15:00,40.75895,-73.83192,0,0,Following Too Closely,4454021,24.5,16.9,1.0,1.0,0.0,6.0,51,15.5,42.5,204,Drizzle: Light,0,0,
84814,2021-09-05 01:00:00,40.72499,-73.936554,0,0,Turning Improperly,4453786,24.5,16.9,1.0,1.0,0.0,6.0,51,15.5,42.5,204,Drizzle: Light,0,0,
84815,2021-09-05 14:30:00,40.839676,-73.871216,0,0,Driver Inattention/Distraction,4453971,24.5,16.9,1.0,1.0,0.0,6.0,51,15.5,42.5,204,Drizzle: Light,0,0,
84816,2021-09-01 08:15:00,40.658302,-73.90104,1,0,Unspecified,4454784,23.2,18.4,121.7,121.7,0.0,18.0,65,43.2,78.5,42,Rain: Heavy,1,1,
84817,2021-09-05 11:00:00,40.8692,-73.89456,0,0,Other Vehicular,4454261,24.5,16.9,1.0,1.0,0.0,6.0,51,15.5,42.5,204,Drizzle: Light,0,0,
84818,2021-09-05 08:58:00,40.79611,-73.96145,0,0,Passing or Lane Usage Improper,4453956,24.5,16.9,1.0,1.0,0.0,6.0,51,15.5,42.5,204,Drizzle: Light,0,0,
84819,2021-09-04 19:25:00,40.76278,-73.991196,0,0,Unspecified,4454575,25.2,14.5,0.0,0.0,0.0,0.0,3,15.4,27.0,289,Overcast,0,0,
84820,2021-09-05 09:10:00,40.635506,-73.956245,0,0,Driver Inattention/Distraction,4454490,24.5,16.9,1.0,1.0,0.0,6.0,51,15.5,42.5,204,Drizzle: Light,0,0,
84821,2021-09-05 21:30:00,40.744892,-73.77022,0,0,Following Too Closely,4454068,24.5,16.9,1.0,1.0,0.0,6.0,51,15.5,42.5,204,Drizzle: Light,0,0,
84822,2021-09-05 12:20:00,40.75059,-73.77812,1,0,Driver Inattention/Distraction,4454365,24.5,16.9,1.0,1.0,0.0,6.0,51,15.5,42.5,204,Drizzle: Light,1,1,
84823,2021-09-02 18:40:00,40.625805,-74.15509,1,0,Following Too Closely,4454500,24.5,15.0,24.6,24.6,0.0,5.0,65,43.0,83.5,344,Rain: Heavy,1,1,
84824,2021-09-05 08:50:00,40.681587,-73.8794,0,0,Unspecified,4454429,24.5,16.9,1.0,1.0,0.0,6.0,51,15.5,42.5,204,Drizzle: Light,0,0,
84825,2021-09-05 15:00:00,40.692127,-73.83484,0,0,Unsafe Lane Changing,4454161,24.5,16.9,1.0,1.0,0.0,6.0,51,15.5,42.5,204,Drizzle: Light,0,0,
84826,2021-09-03 12:10:00,40.637985,-74.10955,0,0,Traffic Control Disregarded,4454556,21.9,14.0,0.0,0.0,0.0,0.0,3,14.5,30.2,321,Overcast,0,0,
84827,2021-08-29 02:00:00,40.8347,-73.91827,0,0,Driver Inattention/Distraction,4454683,24.5,19.7,2.5,2.5,0.0,9.0,53,13.6,25.6,98,Drizzle: Moderate,0,0,
84828,2021-09-05 10:15:00,40.830154,-73.93964,1,0,Driver Inattention/Distraction,4454058,24.5,16.9,1.0,1.0,0.0,6.0,51,15.5,42.5,204,Drizzle: Light,1,1,
84829,2021-09-05 10:00:00,40.769394,-73.98521,0,0,Unspecified,4454568,24.5,16.9,1.0,1.0,0.0,6.0,51,15.5,42.5,204,Drizzle: Light,0,0,
84830,2021-09-05 12:20:00,40.609196,-73.99823,0,0,Driver Inattention/Distraction,4454038,24.5,16.9,1.0,1.0,0.0,6.0,51,15.5,42.5,204,Drizzle: Light,0,0,
84831,2021-09-05 03:00:00,40.65783,-73.93883,0,0,Driver Inattention/Distraction,4453738,24.5,16.9,1.0,1.0,0.0,6.0,51,15.5,42.5,204,Drizzle: Light,0,0,
84832,2021-08-13 22:55:00,40.635185,-73.92862,0,0,Unsafe Speed,4454795,33.2,24.8,0.0,0.0,0.0,0.0,3,18.2,34.9,215,Overcast,0,0,
84833,2021-09-05 02:00:00,40.643482,-73.90958,0,0,Unsafe Speed,4453904,24.5,16.9,1.0,1.0,0.0,6.0,51,15.5,42.5,204,Drizzle: Light,0,0,
84834,2021-09-05 16:13:00,40.68683,-73.79996,0,0,Turning Improperly,4454105,24.5,16.9,1.0,1.0,0.0,6.0,51,15.5,42.5,204,Drizzle: Light,0,0,
84835,2021-09-05 11:50:00,40.647476,-73.94343,0,0,Unspecified,4454745,24.5,16.9,1.0,1.0,0.0,6.0,51,15.5,42.5,204,Drizzle: Light,0,0,
84836,2021-08-31 18:01:00,40.622463,-74.07254,1,0,Driver Inexperience,4454672,28.5,21.2,0.0,0.0,0.0,0.0,3,15.5,29.9,301,Overcast,1,1,
84837,2021-09-01 09:00:00,40.690285,-73.95433,1,0,Driver Inattention/Distraction,4454542,23.2,18.4,121.7,121.7,0.0,18.0,65,43.2,78.5,42,Rain: Heavy,1,1,
84838,2021-09-05 18:30:00,40.66496,-73.82226,0,0,Following Too Closely,4454130,24.5,16.9,1.0,1.0,0.0,6.0,51,15.5,42.5,204,Drizzle: Light,0,0,
84839,2021-08-31 14:43:00,40.831566,-73.942986,1,0,Failure to Yield Right-of-Way,4454820,28.5,21.2,0.0,0.0,0.0,0.0,3,15.5,29.9,301,Overcast,1,1,
84840,2021-09-05 02:25:00,40.58345,-73.95039,1,0,Traffic Control Disregarded,4454247,24.5,16.9,1.0,1.0,0.0,6.0,51,15.5,42.5,204,Drizzle: Light,1,1,
84841,2021-08-25 14:00:00,40.69635,-73.94071,0,0,Passing Too Closely,4454549,31.2,20.1,0.0,0.0,0.0,0.0,3,10.2,18.7,277,Overcast,0,0,
84842,2021-09-05 21:50:00,40.88478,-73.853615,1,0,Unsafe Speed,4454077,24.5,16.9,1.0,1.0,0.0,6.0,51,15.5,42.5,204,Drizzle: Light,1,1,
84843,2021-09-05 00:00:00,40.75548,-73.76815,1,0,Driver Inattention/Distraction,4454011,24.5,16.9,1.0,1.0,0.0,6.0,51,15.5,42.5,204,Drizzle: Light,1,1,
84844,2021-09-04 21:03:00,40.700592,-73.950294,1,0,Unsafe Speed,4454581,25.2,14.5,0.0,0.0,0.0,0.0,3,15.4,27.0,289,Overcast,1,1,
84845,2021-09-05 18:00:00,40.61402,-73.98009,0,0,Unspecified,4454330,24.5,16.9,1.0,1.0,0.0,6.0,51,15.5,42.5,204,Drizzle: Light,0,0,
84846,2021-09-03 17:34:00,40.65256,-73.876686,0,0,Unspecified,4454520,21.9,14.0,0.0,0.0,0.0,0.0,3,14.5,30.2,321,Overcast,0,0,
84847,2021-09-05 04:36:00,40.81909,-73.94093,0,0,Driver Inattention/Distraction,4454149,24.5,16.9,1.0,1.0,0.0,6.0,51,15.5,42.5,204,Drizzle: Light,0,0,
84848,2021-09-04 11:00:00,40.65144,-73.959,0,0,Unspecified,4454844,25.2,14.5,0.0,0.0,0.0,0.0,3,15.4,27.0,289,Overcast,0,0,
84849,2021-09-05 17:55:00,40.598392,-73.90629,0,0,Driver Inattention/Distraction,4454217,24.5,16.9,1.0,1.0,0.0,6.0,51,15.5,42.5,204,Drizzle: Light,0,0,
84850,2021-08-19 10:00:00,40.68837,-73.944916,0,0,View Obstructed/Limited,4454560,30.2,23.4,11.8,11.8,0.0,13.0,61,26.3,53.3,223,Rain: Light,0,0,
84851,2021-09-04 18:15:00,40.713093,-73.78047,0,0,Driver Inattention/Distraction,4454753,25.2,14.5,0.0,0.0,0.0,0.0,3,15.4,27.0,289,Overcast,0,0,
84852,2021-09-05 09:40:00,40.802074,-73.93407,1,0,Unsafe Lane Changing,4454229,24.5,16.9,1.0,1.0,0.0,6.0,51,15.5,42.5,204,Drizzle: Light,1,1,
84853,2021-09-02 14:30:00,40.58875,-73.8044,0,0,Unspecified,4454739,24.5,15.0,24.6,24.6,0.0,5.0,65,43.0,83.5,344,Rain: Heavy,0,0,
84854,2021-09-04 18:00:00,40.688774,-73.9479,0,0,Driver Inattention/Distraction,4454564,25.2,14.5,0.0,0.0,0.0,0.0,3,15.4,27.0,289,Overcast,0,0,
84855,2021-09-05 04:33:00,40.71122,-73.72827,0,0,Unspecified,4453727,24.5,16.9,1.0,1.0,0.0,6.0,51,15.5,42.5,204,Drizzle: Light,0,0,
84856,2021-09-03 11:12:00,40.616756,-73.97142,0,0,Unspecified,4454661,21.9,14.0,0.0,0.0,0.0,0.0,3,14.5,30.2,321,Overcast,0,0,
84857,2021-09-05 11:00:00,40.71161,-73.95754,0,0,Driver Inattention/Distraction,4454582,24.5,16.9,1.0,1.0,0.0,6.0,51,15.5,42.5,204,Drizzle: Light,0,0,
84858,2022-07-07 05:42:00,40.82451,-73.95186,0,0,Passing or Lane Usage Improper,4544473,27.5,20.1,0.0,0.0,0.0,0.0,3,19.1,37.4,110,Overcast,0,0,
84859,2021-09-05 10:08:00,40.666714,-73.89351,0,0,Unspecified,4454412,24.5,16.9,1.0,1.0,0.0,6.0,51,15.5,42.5,204,Drizzle: Light,0,0,
84860,2021-09-05 13:38:00,40.63978,-73.899254,0,0,Fell Asleep,4454376,24.5,16.9,1.0,1.0,0.0,6.0,51,15.5,42.5,204,Drizzle: Light,0,0,
84861,2021-09-04 11:05:00,40.868557,-73.870514,0,0,Aggressive Driving/Road Rage,4454622,25.2,14.5,0.0,0.0,0.0,0.0,3,15.4,27.0,289,Overcast,0,0,
84862,2021-08-29 01:20:00,40.59407,-73.77281,0,0,,4454544,24.5,19.7,2.5,2.5,0.0,9.0,53,13.6,25.6,98,Drizzle: Moderate,0,0,
84863,2021-09-05 05:00:00,40.692192,-73.83459,0,0,Aggressive Driving/Road Rage,4454160,24.5,16.9,1.0,1.0,0.0,6.0,51,15.5,42.5,204,Drizzle: Light,0,0,
84864,2021-09-05 14:55:00,40.844593,-73.88167,0,0,Driver Inattention/Distraction,4454199,24.5,16.9,1.0,1.0,0.0,6.0,51,15.5,42.5,204,Drizzle: Light,0,0,
84865,2021-09-04 18:30:00,40.653835,-73.87775,1,0,Unspecified,4454516,25.2,14.5,0.0,0.0,0.0,0.0,3,15.4,27.0,289,Overcast,1,1,
84866,2021-09-05 17:45:00,40.75265,-73.994545,2,0,Driver Inattention/Distraction,4454264,24.5,16.9,1.0,1.0,0.0,6.0,51,15.5,42.5,204,Drizzle: Light,2,2,
84867,2021-09-05 02:59:00,40.609844,-74.16152,0,0,Driver Inattention/Distraction,4453953,24.5,16.9,1.0,1.0,0.0,6.0,51,15.5,42.5,204,Drizzle: Light,0,0,
84868,2021-09-05 07:05:00,40.801155,-73.959656,0,0,Turning Improperly,4453810,24.5,16.9,1.0,1.0,0.0,6.0,51,15.5,42.5,204,Drizzle: Light,0,0,
84869,2021-09-03 08:40:00,40.67393,-73.999954,0,0,Passing Too Closely,4454703,21.9,14.0,0.0,0.0,0.0,0.0,3,14.5,30.2,321,Overcast,0,0,
84870,2021-09-05 04:00:00,40.86074,-73.895386,0,0,Passing Too Closely,4454302,24.5,16.9,1.0,1.0,0.0,6.0,51,15.5,42.5,204,Drizzle: Light,0,0,
84871,2021-09-05 22:48:00,40.837864,-73.9114,0,0,Failure to Yield Right-of-Way,4454095,24.5,16.9,1.0,1.0,0.0,6.0,51,15.5,42.5,204,Drizzle: Light,0,0,
84872,2021-08-28 01:50:00,40.83846,-73.90175,0,0,Unspecified,4454837,26.2,20.2,3.9,3.9,0.0,18.0,53,23.5,45.0,65,Drizzle: Moderate,0,0,
84873,2021-08-12 10:35:00,40.57957,-73.96221,1,0,Unsafe Speed,4454655,35.2,23.1,0.0,0.0,0.0,0.0,3,21.0,47.5,220,Overcast,1,1,
84874,2021-09-03 10:00:00,40.79726,-73.94053,0,0,Driver Inattention/Distraction,4454774,21.9,14.0,0.0,0.0,0.0,0.0,3,14.5,30.2,321,Overcast,0,0,
84875,2021-09-05 15:35:00,40.795383,-73.97351,0,0,Passing or Lane Usage Improper,4453966,24.5,16.9,1.0,1.0,0.0,6.0,51,15.5,42.5,204,Drizzle: Light,0,0,
84876,2021-09-05 03:29:00,40.769062,-73.8369,0,0,Animals Action,4454017,24.5,16.9,1.0,1.0,0.0,6.0,51,15.5,42.5,204,Drizzle: Light,0,0,
84877,2021-08-29 22:45:00,40.683346,-73.88651,0,0,Driver Inexperience,4454521,24.5,19.7,2.5,2.5,0.0,9.0,53,13.6,25.6,98,Drizzle: Moderate,0,0,