,CRASH DATETIME,LATITUDE,LONGITUDE,NUMBER OF PERSONS INJURED,NUMBER OF PERSONS KILLED,CONTRIBUTING FACTOR VEHICLE 1,COLLISION_ID,temperature_2m_max,temperature_2m_min,precipitation_sum,rain_sum,snowfall_sum,precipitation_hours,weather_code,wind_speed_10m_max,wind_gusts_10m_max,wind_direction_10m_dominant,Weather Description,Severity_Score,Total_Affected_Persons,Weather_Category
84878,2021-09-04 12:30:00,40.603027,-73.74775,0,0,Unspecified,4454492,25.2,14.5,0.0,0.0,0.0,0.0,3,15.4,27.0,289,Overcast,0,0,
84879,2021-09-05 18:45:00,40.861275,-73.86366,3,0,Unsafe Speed,4454208,24.5,16.9,1.0,1.0,0.0,6.0,51,15.5,42.5,204,Drizzle: Light,3,3,
84880,2021-09-05 04:42:00,40.69733,-73.78456,0,0,Unspecified,4453842,24.5,16.9,1.0,1.0,0.0,6.0,51,15.5,42.5,204,Drizzle: Light,0,0,
84881,2021-09-04 18:00:00,40.732388,-73.943726,4,0,Outside Car Distraction,4454866,25.2,14.5,0.0,0.0,0.0,0.0,3,15.4,27.0,289,Overcast,4,4,
84882,2021-09-05 02:56:00,40.573013,-73.993835,1,0,Traffic Control Disregarded,4453775,24.5,16.9,1.0,1.0,0.0,6.0,51,15.5,42.5,204,Drizzle: Light,1,1,
84883,2021-09-05 19:10:00,40.610493,-74.16485,0,0,Driver Inattention/Distraction,4454022,24.5,16.9,1.0,1.0,0.0,6.0,51,15.5,42.5,204,Drizzle: Light,0,0,
84884,2021-09-05 11:39:00,40.68378,-73.789734,2,0,Following Too Closely,4454460,24.5,16.9,1.0,1.0,0.0,6.0,51,15.5,42.5,204,Drizzle: Light,2,2,
84885,2021-08-27 20:34:00,40.692127,-73.83484,2,0,Driver Inexperience,4454786,32.2,23.4,1.4,1.4,0.0,2.0,55,9.4,22.3,299,Drizzle: Dense,2,2,
84886,2021-09-05 14:10:00,40.60646,-73.9517,1,0,Unspecified,4454257,24.5,16.9,1.0,1.0,0.0,6.0,51,15.5,42.5,204,Drizzle: Light,1,1,
84887,2021-09-04 05:37:00,40.644688,-74.003586,1,0,Driver Inattention/Distraction,4454605,25.2,14.5,0.0,0.0,0.0,0.0,3,15.4,27.0,289,Overcast,1,1,
84888,2021-09-05 05:00:00,40.678364,-73.77949,0,0,Alcohol Involvement,4454106,24.5,16.9,1.0,1.0,0.0,6.0,51,15.5,42.5,204,Drizzle: Light,0,0,
84889,2021-09-05 19:50:00,40.6146,-73.94943,0,0,Driver Inattention/Distraction,4454073,24.5,16.9,1.0,1.0,0.0,6.0,51,15.5,42.5,204,Drizzle: Light,0,0,
84890,2021-09-05 21:00:00,40.67579,-73.878365,2,0,Failure to Yield Right-of-Way,4454525,24.5,16.9,1.0,1.0,0.0,6.0,51,15.5,42.5,204,Drizzle: Light,2,2,
84891,2021-09-01 19:10:00,40.609535,-73.75372,1,0,Failure to Yield Right-of-Way,4454555,23.2,18.4,121.7,121.7,0.0,18.0,65,43.2,78.5,42,Rain: Heavy,1,1,
84892,2021-09-05 04:30:00,40.67629,-73.82203,0,0,Unsafe Speed,4454134,24.5,16.9,1.0,1.0,0.0,6.0,51,15.5,42.5,204,Drizzle: Light,0,0,
84893,2021-09-03 21:25:00,40.832764,-73.94583,1,0,Driver Inattention/Distraction,4454807,21.9,14.0,0.0,0.0,0.0,0.0,3,14.5,30.2,321,Overcast,1,1,
84894,2021-09-05 04:00:00,40.886665,-73.82612,1,0,Traffic Control Disregarded,4453912,24.5,16.9,1.0,1.0,0.0,6.0,51,15.5,42.5,204,Drizzle: Light,1,1,
84895,2021-09-03 09:00:00,40.653088,-73.94211,1,0,Failure to Yield Right-of-Way,4454747,21.9,14.0,0.0,0.0,0.0,0.0,3,14.5,30.2,321,Overcast,1,1,
84896,2021-09-05 04:30:00,40.708263,-73.73025,0,0,Unsafe Speed,4453831,24.5,16.9,1.0,1.0,0.0,6.0,51,15.5,42.5,204,Drizzle: Light,0,0,
84897,2021-09-03 19:45:00,40.594048,-74.099495,0,0,Unspecified,4454636,21.9,14.0,0.0,0.0,0.0,0.0,3,14.5,30.2,321,Overcast,0,0,
84898,2021-09-05 11:30:00,40.695023,-73.98885,0,0,Unsafe Lane Changing,4454354,24.5,16.9,1.0,1.0,0.0,6.0,51,15.5,42.5,204,Drizzle: Light,0,0,
84899,2021-08-23 15:30:00,40.57397,-74.16992,2,0,Passing or Lane Usage Improper,4454499,28.7,22.0,36.1,36.1,0.0,19.0,65,27.4,49.3,230,Rain: Heavy,2,2,
84900,2021-09-05 15:34:00,40.797813,-73.971344,0,0,Backing Unsafely,4453987,24.5,16.9,1.0,1.0,0.0,6.0,51,15.5,42.5,204,Drizzle: Light,0,0,
84901,2021-09-05 16:20:00,40.694782,-73.85258,0,0,Driver Inattention/Distraction,4454162,24.5,16.9,1.0,1.0,0.0,6.0,51,15.5,42.5,204,Drizzle: Light,0,0,
84902,2021-09-05 21:45:00,40.666706,-73.871826,1,0,Unspecified,4454423,24.5,16.9,1.0,1.0,0.0,6.0,51,15.5,42.5,204,Drizzle: Light,1,1,
84903,2021-09-05 23:30:00,40.57557,-73.981224,1,0,Driver Inattention/Distraction,4454246,24.5,16.9,1.0,1.0,0.0,6.0,51,15.5,42.5,204,Drizzle: Light,1,1,
84904,2021-09-05 00:00:00,40.60143,-73.91334,0,0,Following Too Closely,4453826,24.5,16.9,1.0,1.0,0.0,6.0,51,15.5,42.5,204,Drizzle: Light,0,0,
84905,2021-09-05 02:00:00,40.63992,-73.93207,0,0,Unsafe Speed,4453756,24.5,16.9,1.0,1.0,0.0,6.0,51,15.5,42.5,204,Drizzle: Light,0,0,
84906,2021-09-05 19:55:00,40.632313,-73.93703,1,0,Unspecified,4454031,24.5,16.9,1.0,1.0,0.0,6.0,51,15.5,42.5,204,Drizzle: Light,1,1,
84907,2021-09-05 06:40:00,40.884167,-73.85251,1,0,Fell Asleep,4454717,24.5,16.9,1.0,1.0,0.0,6.0,51,15.5,42.5,204,Drizzle: Light,1,1,
84908,2021-09-05 12:53:00,40.76552,-73.97211,1,0,Driver Inexperience,4454190,24.5,16.9,1.0,1.0,0.0,6.0,51,15.5,42.5,204,Drizzle: Light,1,1,
84909,2021-09-05 17:00:00,40.6688,-73.742805,3,0,Unspecified,4453990,24.5,16.9,1.0,1.0,0.0,6.0,51,15.5,42.5,204,Drizzle: Light,3,3,
84910,2021-09-03 21:30:00,40.60864,-73.75712,0,0,Unspecified,4454574,21.9,14.0,0.0,0.0,0.0,0.0,3,14.5,30.2,321,Overcast,0,0,
84911,2021-08-24 18:00:00,40.610935,-74.14307,1,0,Failure to Yield Right-of-Way,4454592,30.6,21.9,0.0,0.0,0.0,0.0,1,13.9,28.1,291,Mainly clear,1,1,Sunny/Clear Conditions
84912,2021-09-04 19:45:00,40.67989,-73.94034,0,0,Following Too Closely,4454541,25.2,14.5,0.0,0.0,0.0,0.0,3,15.4,27.0,289,Overcast,0,0,
84913,2021-09-05 20:20:00,40.685947,-73.95943,1,0,Failure to Yield Right-of-Way,4454060,24.5,16.9,1.0,1.0,0.0,6.0,51,15.5,42.5,204,Drizzle: Light,1,1,
84914,2021-09-05 13:20:00,40.768692,-73.98886,0,0,Backing Unsafely,4454550,24.5,16.9,1.0,1.0,0.0,6.0,51,15.5,42.5,204,Drizzle: Light,0,0,
84915,2021-09-04 19:10:00,40.849453,-73.906006,0,0,Following Too Closely,4454712,25.2,14.5,0.0,0.0,0.0,0.0,3,15.4,27.0,289,Overcast,0,0,
84916,2022-07-06 17:12:00,40.686928,-73.98484,0,0,Turning Improperly,4544019,31.6,21.7,0.2,0.2,0.0,1.0,51,19.0,37.1,299,Drizzle: Light,0,0,
84917,2021-09-04 00:00:00,40.59087,-73.801285,1,0,Failure to Yield Right-of-Way,4454740,25.2,14.5,0.0,0.0,0.0,0.0,3,15.4,27.0,289,Overcast,1,1,
84918,2021-09-03 12:58:00,40.660297,-73.947685,1,0,Driver Inattention/Distraction,4454792,21.9,14.0,0.0,0.0,0.0,0.0,3,14.5,30.2,321,Overcast,1,1,
84919,2021-09-05 04:58:00,40.74908,-73.870125,0,0,Following Too Closely,4453895,24.5,16.9,1.0,1.0,0.0,6.0,51,15.5,42.5,204,Drizzle: Light,0,0,
84920,2021-09-05 15:42:00,40.66841,-73.90167,0,0,Passing or Lane Usage Improper,4454413,24.5,16.9,1.0,1.0,0.0,6.0,51,15.5,42.5,204,Drizzle: Light,0,0,
84921,2021-09-04 22:27:00,40.659496,-73.96056,1,0,Unspecified,4454653,25.2,14.5,0.0,0.0,0.0,0.0,3,15.4,27.0,289,Overcast,1,1,
84922,2021-09-05 02:45:00,40.871567,-73.90647,0,0,Fatigued/Drowsy,4454274,24.5,16.9,1.0,1.0,0.0,6.0,51,15.5,42.5,204,Drizzle: Light,0,0,
84923,2021-09-05 04:00:00,40.7082,-73.7669,0,0,Traffic Control Disregarded,4453841,24.5,16.9,1.0,1.0,0.0,6.0,51,15.5,42.5,204,Drizzle: Light,0,0,
84924,2021-09-05 12:28:00,40.847363,-73.8579,0,0,Driver Inattention/Distraction,4453968,24.5,16.9,1.0,1.0,0.0,6.0,51,15.5,42.5,204,Drizzle: Light,0,0,
84925,2021-08-27 16:30:00,40.605553,-73.74734,1,0,Driver Inattention/Distraction,4454493,32.2,23.4,1.4,1.4,0.0,2.0,55,9.4,22.3,299,Drizzle: Dense,1,1,
84926,2021-09-05 00:50:00,40.655987,-74.002686,0,0,Unspecified,4453811,24.5,16.9,1.0,1.0,0.0,6.0,51,15.5,42.5,204,Drizzle: Light,0,0,
84927,2021-09-03 12:39:00,40.602135,-74.114876,0,0,Failure to Yield Right-of-Way,4454681,21.9,14.0,0.0,0.0,0.0,0.0,3,14.5,30.2,321,Overcast,0,0,
84928,2021-08-28 20:50:00,40.706257,-73.80033,1,0,Failure to Yield Right-of-Way,4454752,26.2,20.2,3.9,3.9,0.0,18.0,53,23.5,45.0,65,Drizzle: Moderate,1,1,
84929,2021-08-31 08:45:00,40.681633,-73.95133,0,0,Passing or Lane Usage Improper,4454546,28.5,21.2,0.0,0.0,0.0,0.0,3,15.5,29.9,301,Overcast,0,0,
84930,2021-09-05 01:14:00,40.702286,-73.82796,0,0,Unsafe Speed,4454148,24.5,16.9,1.0,1.0,0.0,6.0,51,15.5,42.5,204,Drizzle: Light,0,0,
84931,2021-08-29 16:12:00,40.596733,-74.07045,0,0,Driver Inexperience,4454578,24.5,19.7,2.5,2.5,0.0,9.0,53,13.6,25.6,98,Drizzle: Moderate,0,0,
84932,2021-09-04 00:40:00,40.703762,-73.94262,0,0,Following Too Closely,4454583,25.2,14.5,0.0,0.0,0.0,0.0,3,15.4,27.0,289,Overcast,0,0,
84933,2021-09-05 05:15:00,40.67574,-73.739365,0,0,Unspecified,4453728,24.5,16.9,1.0,1.0,0.0,6.0,51,15.5,42.5,204,Drizzle: Light,0,0,
84934,2021-09-05 02:35:00,40.64456,-73.91995,3,0,Failure to Yield Right-of-Way,4454731,24.5,16.9,1.0,1.0,0.0,6.0,51,15.5,42.5,204,Drizzle: Light,3,3,
84935,2021-09-05 13:30:00,40.78959,-73.81954,2,0,Pavement Slippery,4454203,24.5,16.9,1.0,1.0,0.0,6.0,51,15.5,42.5,204,Drizzle: Light,2,2,
84936,2021-09-05 13:57:00,40.82713,-73.824455,1,0,Unspecified,4454239,24.5,16.9,1.0,1.0,0.0,6.0,51,15.5,42.5,204,Drizzle: Light,1,1,
84937,2021-09-05 15:55:00,40.664223,-73.93157,0,0,Unspecified,4454666,24.5,16.9,1.0,1.0,0.0,6.0,51,15.5,42.5,204,Drizzle: Light,0,0,
84938,2021-09-05 20:33:00,40.743664,-73.856064,0,0,Passing or Lane Usage Improper,4454047,24.5,16.9,1.0,1.0,0.0,6.0,51,15.5,42.5,204,Drizzle: Light,0,0,
84939,2021-09-05 11:40:00,40.65923,-73.89329,2,0,Driver Inattention/Distraction,4454517,24.5,16.9,1.0,1.0,0.0,6.0,51,15.5,42.5,204,Drizzle: Light,2,2,
84940,2021-09-05 19:23:00,40.79259,-73.972916,0,0,Alcohol Involvement,4454083,24.5,16.9,1.0,1.0,0.0,6.0,51,15.5,42.5,204,Drizzle: Light,0,0,
84941,2021-09-01 15:05:00,40.68841,-74.001076,0,0,Unspecified,4454704,23.2,18.4,121.7,121.7,0.0,18.0,65,43.2,78.5,42,Rain: Heavy,0,0,
84942,2021-09-03 07:48:00,40.634468,-73.99271,0,0,Unspecified,4454850,21.9,14.0,0.0,0.0,0.0,0.0,3,14.5,30.2,321,Overcast,0,0,
84943,2021-09-05 05:50:00,40.87314,-73.90572,0,0,Steering Failure,4453952,24.5,16.9,1.0,1.0,0.0,6.0,51,15.5,42.5,204,Drizzle: Light,0,0,
84944,2021-09-05 01:07:00,40.82386,-73.91941,1,0,Other Vehicular,4453791,24.5,16.9,1.0,1.0,0.0,6.0,51,15.5,42.5,204,Drizzle: Light,1,1,
84945,2021-09-05 19:43:00,40.633038,-73.9156,4,0,Failure to Keep Right,4454377,24.5,16.9,1.0,1.0,0.0,6.0,51,15.5,42.5,204,Drizzle: Light,4,4,
84946,2021-09-04 23:45:00,40.674213,-73.86304,1,0,Unspecified,4454522,25.2,14.5,0.0,0.0,0.0,0.0,3,15.4,27.0,289,Overcast,1,1,
84947,2021-09-05 08:00:00,40.769283,-73.82445,1,0,Turning Improperly,4454018,24.5,16.9,1.0,1.0,0.0,6.0,51,15.5,42.5,204,Drizzle: Light,1,1,
84948,2021-09-05 18:50:00,40.71268,-73.774994,0,0,Alcohol Involvement,4454689,24.5,16.9,1.0,1.0,0.0,6.0,51,15.5,42.5,204,Drizzle: Light,0,0,
84949,2021-09-05 05:00:00,40.878426,-73.85598,0,0,Unsafe Speed,4454076,24.5,16.9,1.0,1.0,0.0,6.0,51,15.5,42.5,204,Drizzle: Light,0,0,
84950,2021-09-05 01:20:00,40.811646,-73.94637,1,0,Driver Inattention/Distraction,4454159,24.5,16.9,1.0,1.0,0.0,6.0,51,15.5,42.5,204,Drizzle: Light,1,1,
84951,2021-09-03 15:00:00,40.709305,-73.84369,0,0,Failure to Yield Right-of-Way,4454620,21.9,14.0,0.0,0.0,0.0,0.0,3,14.5,30.2,321,Overcast,0,0,
84952,2021-08-22 14:22:00,40.8097,-73.90304,1,0,Traffic Control Disregarded,4454817,23.9,22.5,56.2,56.2,0.0,21.0,63,19.8,36.0,299,Rain: Moderate,1,1,
84953,2021-09-05 15:00:00,40.754173,-73.857056,0,0,Driver Inattention/Distraction,4454197,24.5,16.9,1.0,1.0,0.0,6.0,51,15.5,42.5,204,Drizzle: Light,0,0,
84954,2021-09-03 17:13:00,40.792244,-73.94419,0,0,Passing or Lane Usage Improper,4454773,21.9,14.0,0.0,0.0,0.0,0.0,3,14.5,30.2,321,Overcast,0,0,
84955,2021-09-04 21:30:00,40.62679,-74.0806,0,0,Unspecified,4454551,25.2,14.5,0.0,0.0,0.0,0.0,3,15.4,27.0,289,Overcast,0,0,
84956,2021-09-04 23:16:00,40.639267,-74.0941,0,0,Unspecified,4454559,25.2,14.5,0.0,0.0,0.0,0.0,3,15.4,27.0,289,Overcast,0,0,
84957,2021-09-02 23:00:00,40.703453,-73.96623,0,0,Passing or Lane Usage Improper,4454571,24.5,15.0,24.6,24.6,0.0,5.0,65,43.0,83.5,344,Rain: Heavy,0,0,
84958,2021-09-05 21:13:00,40.667908,-73.79474,0,0,Driver Inattention/Distraction,4454107,24.5,16.9,1.0,1.0,0.0,6.0,51,15.5,42.5,204,Drizzle: Light,0,0,
84959,2021-11-09 10:09:00,40.909298,-73.90682,0,0,Unspecified,4476348,19.5,5.6,0.0,0.0,0.0,0.0,3,10.2,20.2,283,Overcast,0,0,
84960,2021-11-09 22:45:00,40.69976,-73.98465,0,0,Unsafe Speed,4476034,19.5,5.6,0.0,0.0,0.0,0.0,3,10.2,20.2,283,Overcast,0,0,
84961,2021-11-09 15:45:00,40.778805,-73.947975,2,0,Following Too Closely,4475789,19.5,5.6,0.0,0.0,0.0,0.0,3,10.2,20.2,283,Overcast,2,2,
84962,2021-11-08 10:20:00,40.70079,-73.9605,1,0,Following Too Closely,4476199,16.5,6.4,0.0,0.0,0.0,0.0,3,17.4,33.8,355,Overcast,1,1,
84963,2021-11-09 10:00:00,40.75011,-73.91541,1,0,Unspecified,4476208,19.5,5.6,0.0,0.0,0.0,0.0,3,10.2,20.2,283,Overcast,1,1,
84964,2021-11-09 05:00:00,40.76285,-73.967735,0,0,Driver Inattention/Distraction,4475486,19.5,5.6,0.0,0.0,0.0,0.0,3,10.2,20.2,283,Overcast,0,0,
84965,2021-11-08 08:34:00,40.676445,-73.92762,3,0,Traffic Control Disregarded,4476336,16.5,6.4,0.0,0.0,0.0,0.0,3,17.4,33.8,355,Overcast,3,3,
84966,2021-11-09 12:01:00,40.603855,-73.753746,0,0,Unspecified,4475821,19.5,5.6,0.0,0.0,0.0,0.0,3,10.2,20.2,283,Overcast,0,0,
84967,2021-11-09 16:52:00,40.681446,-73.97089,0,0,Passing or Lane Usage Improper,4475839,19.5,5.6,0.0,0.0,0.0,0.0,3,10.2,20.2,283,Overcast,0,0,
84968,2021-11-09 19:45:00,40.8133,-73.930405,1,0,Unspecified,4476475,19.5,5.6,0.0,0.0,0.0,0.0,3,10.2,20.2,283,Overcast,1,1,
84969,2021-11-07 04:02:00,40.841877,-73.8888,5,0,Following Too Closely,4476258,12.1,2.6,0.0,0.0,0.0,0.0,3,10.0,20.5,358,Overcast,5,5,
84970,2021-11-09 18:05:00,40.784344,-73.81657,2,0,Traffic Control Disregarded,4475748,19.5,5.6,0.0,0.0,0.0,0.0,3,10.2,20.2,283,Overcast,2,2,
84971,2021-11-09 13:30:00,40.635647,-74.12995,0,0,Unspecified,4475985,19.5,5.6,0.0,0.0,0.0,0.0,3,10.2,20.2,283,Overcast,0,0,
84972,2021-11-09 16:05:00,40.71076,-73.95314,1,0,Failure to Yield Right-of-Way,4475772,19.5,5.6,0.0,0.0,0.0,0.0,3,10.2,20.2,283,Overcast,1,1,
84973,2021-11-09 18:45:00,40.761135,-73.86432,0,0,Driver Inattention/Distraction,4476287,19.5,5.6,0.0,0.0,0.0,0.0,3,10.2,20.2,283,Overcast,0,0,
84974,2021-11-07 17:03:00,40.57296,-74.09955,0,0,Passing or Lane Usage Improper,4476417,12.1,2.6,0.0,0.0,0.0,0.0,3,10.0,20.5,358,Overcast,0,0,
84975,2021-11-09 17:54:00,40.627186,-73.95669,0,0,Driver Inexperience,4475832,19.5,5.6,0.0,0.0,0.0,0.0,3,10.2,20.2,283,Overcast,0,0,
84976,2021-11-09 11:15:00,40.667862,-73.9035,0,0,Backing Unsafely,4475689,19.5,5.6,0.0,0.0,0.0,0.0,3,10.2,20.2,283,Overcast,0,0,
84977,2021-11-09 14:55:00,40.828068,-73.87298,1,0,Driver Inattention/Distraction,4475900,19.5,5.6,0.0,0.0,0.0,0.0,3,10.2,20.2,283,Overcast,1,1,
84978,2021-11-09 14:00:00,40.70759,-73.89529,0,0,Unsafe Speed,4476002,19.5,5.6,0.0,0.0,0.0,0.0,3,10.2,20.2,283,Overcast,0,0,
84979,2021-11-09 17:39:00,40.63556,-73.922844,1,0,Passing or Lane Usage Improper,4475725,19.5,5.6,0.0,0.0,0.0,0.0,3,10.2,20.2,283,Overcast,1,1,
84980,2021-11-09 17:40:00,40.732582,-73.86806,0,0,Unspecified,4475716,19.5,5.6,0.0,0.0,0.0,0.0,3,10.2,20.2,283,Overcast,0,0,
84981,2022-07-06 16:00:00,40.76281,-73.99317,1,0,Passing Too Closely,4544057,31.6,21.7,0.2,0.2,0.0,1.0,51,19.0,37.1,299,Drizzle: Light,1,1,
84982,2021-11-09 01:42:00,40.858196,-73.87099,0,0,Alcohol Involvement,4476273,19.5,5.6,0.0,0.0,0.0,0.0,3,10.2,20.2,283,Overcast,0,0,
84983,2021-11-09 10:30:00,40.650814,-73.837814,0,0,Following Too Closely,4475767,19.5,5.6,0.0,0.0,0.0,0.0,3,10.2,20.2,283,Overcast,0,0,
84984,2021-11-09 15:00:00,40.725403,-73.93972,0,0,Passing Too Closely,4475797,19.5,5.6,0.0,0.0,0.0,0.0,3,10.2,20.2,283,Overcast,0,0,
84985,2021-11-04 17:30:00,40.6147,-74.004326,0,0,Driver Inattention/Distraction,4476229,9.9,3.0,0.0,0.0,0.0,0.0,3,10.8,21.2,5,Overcast,0,0,
84986,2021-11-09 06:35:00,40.847794,-73.82671,0,0,Unspecified,4476164,19.5,5.6,0.0,0.0,0.0,0.0,3,10.2,20.2,283,Overcast,0,0,
84987,2021-11-08 14:50:00,40.82858,-73.87918,0,0,Passing Too Closely,4476399,16.5,6.4,0.0,0.0,0.0,0.0,3,17.4,33.8,355,Overcast,0,0,
84988,2021-11-09 09:00:00,40.7454,-73.855484,0,0,Following Too Closely,4475812,19.5,5.6,0.0,0.0,0.0,0.0,3,10.2,20.2,283,Overcast,0,0,
84989,2021-11-09 21:45:00,40.65621,-73.914665,1,0,Driver Inattention/Distraction,4476362,19.5,5.6,0.0,0.0,0.0,0.0,3,10.2,20.2,283,Overcast,1,1,
84990,2021-11-09 00:21:00,40.712116,-73.75297,0,0,Driver Inattention/Distraction,4476090,19.5,5.6,0.0,0.0,0.0,0.0,3,10.2,20.2,283,Overcast,0,0,
84991,2021-11-09 20:18:00,40.719772,-73.76428,1,0,Following Too Closely,4476124,19.5,5.6,0.0,0.0,0.0,0.0,3,10.2,20.2,283,Overcast,1,1,
84992,2021-11-09 21:47:00,40.62729,-73.94217,2,0,Unspecified,4475779,19.5,5.6,0.0,0.0,0.0,0.0,3,10.2,20.2,283,Overcast,2,2,
84993,2022-07-07 15:30:00,40.682983,-73.88157,0,0,Passing Too Closely,4544383,27.5,20.1,0.0,0.0,0.0,0.0,3,19.1,37.4,110,Overcast,0,0,
84994,2022-07-06 14:37:00,40.74577,-73.98608,1,0,Failure to Yield Right-of-Way,4544978,31.6,21.7,0.2,0.2,0.0,1.0,51,19.0,37.1,299,Drizzle: Light,1,1,
84995,2022-07-06 10:56:00,40.759018,-73.855156,1,0,Driver Inattention/Distraction,4544339,31.6,21.7,0.2,0.2,0.0,1.0,51,19.0,37.1,299,Drizzle: Light,1,1,
84996,2022-07-06 12:00:00,40.71245,-73.91853,1,0,Driver Inattention/Distraction,4544350,31.6,21.7,0.2,0.2,0.0,1.0,51,19.0,37.1,299,Drizzle: Light,1,1,
84997,2022-07-07 09:52:00,40.722095,-73.77772,1,0,Unspecified,4544541,27.5,20.1,0.0,0.0,0.0,0.0,3,19.1,37.4,110,Overcast,1,1,
84998,2022-04-05 20:00:00,40.6261,-74.02017,0,0,Unspecified,4544651,12.1,1.0,1.7,1.7,0.0,3.0,53,16.8,32.8,121,Drizzle: Moderate,0,0,
84999,2022-07-06 10:10:00,40.63242,-73.91241,0,0,Backing Unsafely,4543893,31.6,21.7,0.2,0.2,0.0,1.0,51,19.0,37.1,299,Drizzle: Light,0,0,
85000,2022-07-08 14:30:00,40.66307,-73.911964,0,0,Backing Unsafely,4544864,29.6,19.3,1.8,1.8,0.0,8.0,51,15.0,31.0,187,Drizzle: Light,0,0,
85001,2022-07-07 20:28:00,40.82538,-73.94006,0,0,Backing Unsafely,4544580,27.5,20.1,0.0,0.0,0.0,0.0,3,19.1,37.4,110,Overcast,0,0,
85002,2022-07-06 22:47:00,40.674755,-73.91109,1,0,Unspecified,4545068,31.6,21.7,0.2,0.2,0.0,1.0,51,19.0,37.1,299,Drizzle: Light,1,1,
85003,2022-07-08 22:36:00,40.75247,-73.96456,3,0,Following Too Closely,4544735,29.6,19.3,1.8,1.8,0.0,8.0,51,15.0,31.0,187,Drizzle: Light,3,3,
85004,2022-07-08 22:25:00,40.696033,-73.984535,4,0,Driver Inattention/Distraction,4544678,29.6,19.3,1.8,1.8,0.0,8.0,51,15.0,31.0,187,Drizzle: Light,4,4,
85005,2022-07-06 15:15:00,40.892475,-73.8545,3,0,Failure to Yield Right-of-Way,4544213,31.6,21.7,0.2,0.2,0.0,1.0,51,19.0,37.1,299,Drizzle: Light,3,3,
85006,2022-07-07 20:00:00,40.713924,-73.80212,1,0,,4544548,27.5,20.1,0.0,0.0,0.0,0.0,3,19.1,37.4,110,Overcast,1,1,
85007,2022-07-08 17:23:00,40.68969,-73.99237,0,0,Passing Too Closely,4544689,29.6,19.3,1.8,1.8,0.0,8.0,51,15.0,31.0,187,Drizzle: Light,0,0,
85008,2022-07-08 16:30:00,40.601734,-73.935036,1,0,Turning Improperly,4544853,29.6,19.3,1.8,1.8,0.0,8.0,51,15.0,31.0,187,Drizzle: Light,1,1,
85009,2022-07-02 02:00:00,40.72959,-73.88025,0,0,Unspecified,4544939,30.8,23.1,4.0,4.0,0.0,5.0,61,19.4,40.0,229,Rain: Light,0,0,
85010,2022-06-19 13:15:00,40.762733,-73.87719,0,0,Driver Inattention/Distraction,4544798,22.4,12.4,0.0,0.0,0.0,0.0,3,30.3,58.7,324,Overcast,0,0,
85011,2022-07-06 05:27:00,40.817116,-73.88307,0,0,Driver Inexperience,4543951,31.6,21.7,0.2,0.2,0.0,1.0,51,19.0,37.1,299,Drizzle: Light,0,0,
85012,2022-07-01 10:30:00,40.631744,-73.88742,0,0,Driver Inattention/Distraction,4545143,33.7,20.2,0.1,0.1,0.0,1.0,51,32.3,58.0,215,Drizzle: Light,0,0,
85013,2022-07-01 07:25:00,40.706753,-73.81821,0,0,Driver Inattention/Distraction,4544546,33.7,20.2,0.1,0.1,0.0,1.0,51,32.3,58.0,215,Drizzle: Light,0,0,
85014,2022-07-07 19:55:00,40.76197,-73.92539,1,0,Backing Unsafely,4544952,27.5,20.1,0.0,0.0,0.0,0.0,3,19.1,37.4,110,Overcast,1,1,
85015,2022-06-25 07:50:00,40.830154,-73.93964,0,0,Unspecified,4544903,32.5,18.1,0.0,0.0,0.0,0.0,2,25.0,47.2,224,Partly cloudy,0,0,
85016,2022-07-07 09:45:00,40.745483,-73.77853,1,0,Following Too Closely,4544275,27.5,20.1,0.0,0.0,0.0,0.0,3,19.1,37.4,110,Overcast,1,1,
85017,2022-07-08 00:59:00,40.697186,-73.92884,1,0,Driver Inattention/Distraction,4544885,29.6,19.3,1.8,1.8,0.0,8.0,51,15.0,31.0,187,Drizzle: Light,1,1,
85018,2022-07-06 04:30:00,40.666035,-73.7592,1,0,Other Vehicular,4543872,31.6,21.7,0.2,0.2,0.0,1.0,51,19.0,37.1,299,Drizzle: Light,1,1,
85019,2022-07-08 07:45:00,40.605934,-74.000465,1,0,Failure to Yield Right-of-Way,4545096,29.6,19.3,1.8,1.8,0.0,8.0,51,15.0,31.0,187,Drizzle: Light,1,1,
85020,2022-07-06 00:00:00,40.680477,-73.7921,1,0,Driver Inattention/Distraction,4544063,31.6,21.7,0.2,0.2,0.0,1.0,51,19.0,37.1,299,Drizzle: Light,1,1,
85021,2022-07-07 19:26:00,40.620434,-74.024475,0,0,Unspecified,4544337,27.5,20.1,0.0,0.0,0.0,0.0,3,19.1,37.4,110,Overcast,0,0,
85022,2022-07-07 13:15:00,40.76188,-73.72319,2,0,Failure to Yield Right-of-Way,4544596,27.5,20.1,0.0,0.0,0.0,0.0,3,19.1,37.4,110,Overcast,2,2,
85023,2022-07-06 09:00:00,0.0,0.0,0,0,,4544656,31.6,21.7,0.2,0.2,0.0,1.0,51,19.0,37.1,299,Drizzle: Light,0,0,
85024,2022-07-07 00:25:00,40.658318,-73.90516,1,0,Failure to Yield Right-of-Way,4544846,27.5,20.1,0.0,0.0,0.0,0.0,3,19.1,37.4,110,Overcast,1,1,
85025,2022-06-29 20:44:00,40.675346,-73.92198,1,0,Pedestrian/Bicyclist/Other Pedestrian Error/Confusion,4544877,29.0,17.7,0.0,0.0,0.0,0.0,3,27.2,51.5,195,Overcast,1,1,