,CRASH DATETIME,LATITUDE,LONGITUDE,NUMBER OF PERSONS INJURED,NUMBER OF PERSONS KILLED,CONTRIBUTING FACTOR VEHICLE 1,COLLISION_ID,temperature_2m_max,temperature_2m_min,precipitation_sum,rain_sum,snowfall_sum,precipitation_hours,weather_code,wind_speed_10m_max,wind_gusts_10m_max,wind_direction_10m_dominant,Weather Description,Severity_Score,Total_Affected_Persons,Weather_Category
85026,2022-07-07 22:32:00,40.839867,-73.94064,1,0,Driver Inattention/Distraction,4544902,27.5,20.1,0.0,0.0,0.0,0.0,3,19.1,37.4,110,Overcast,1,1,
85027,2022-07-06 18:13:00,40.81341,-73.82239,1,0,Driver Inattention/Distraction,4544252,31.6,21.7,0.2,0.2,0.0,1.0,51,19.0,37.1,299,Drizzle: Light,1,1,
85028,2022-07-08 19:00:00,40.84962,-73.91938,0,0,Unspecified,4544721,29.6,19.3,1.8,1.8,0.0,8.0,51,15.0,31.0,187,Drizzle: Light,0,0,
85029,2022-07-06 08:00:00,40.721363,-73.84808,0,0,Unspecified,4543999,31.6,21.7,0.2,0.2,0.0,1.0,51,19.0,37.1,299,Drizzle: Light,0,0,
85030,2022-07-08 15:00:00,40.748756,-73.7087,0,0,Driver Inattention/Distraction,4544681,29.6,19.3,1.8,1.8,0.0,8.0,51,15.0,31.0,187,Drizzle: Light,0,0,
85031,2022-07-07 17:54:00,40.62764,-73.99657,1,0,Unspecified,4544441,27.5,20.1,0.0,0.0,0.0,0.0,3,19.1,37.4,110,Overcast,1,1,
85032,2022-07-08 14:30:00,40.638706,-73.97652,0,0,Unspecified,4544919,29.6,19.3,1.8,1.8,0.0,8.0,51,15.0,31.0,187,Drizzle: Light,0,0,
85033,2022-07-08 21:25:00,40.74273,-73.95412,0,0,Driver Inexperience,4544660,29.6,19.3,1.8,1.8,0.0,8.0,51,15.0,31.0,187,Drizzle: Light,0,0,
85034,2022-07-06 09:50:00,40.786366,-73.786514,1,0,Failure to Yield Right-of-Way,4544128,31.6,21.7,0.2,0.2,0.0,1.0,51,19.0,37.1,299,Drizzle: Light,1,1,
85035,2022-07-07 12:00:00,40.604843,-73.97763,0,0,Unspecified,4544573,27.5,20.1,0.0,0.0,0.0,0.0,3,19.1,37.4,110,Overcast,0,0,
85036,2022-07-06 18:30:00,40.609627,-74.14955,0,0,Driver Inattention/Distraction,4544819,31.6,21.7,0.2,0.2,0.0,1.0,51,19.0,37.1,299,Drizzle: Light,0,0,
85037,2022-06-30 17:30:00,40.88462,-73.831825,0,0,Driver Inattention/Distraction,4544789,31.2,17.3,0.0,0.0,0.0,0.0,2,19.1,37.4,274,Partly cloudy,0,0,
85038,2022-07-07 00:28:00,40.66925,-73.93944,0,0,Driver Inattention/Distraction,4544100,27.5,20.1,0.0,0.0,0.0,0.0,3,19.1,37.4,110,Overcast,0,0,
85039,2022-06-30 19:05:00,40.725025,-74.005905,0,0,Driver Inattention/Distraction,4544703,31.2,17.3,0.0,0.0,0.0,0.0,2,19.1,37.4,274,Partly cloudy,0,0,
85040,2022-07-07 23:15:00,40.583626,-73.98407,0,0,Unsafe Speed,4544387,27.5,20.1,0.0,0.0,0.0,0.0,3,19.1,37.4,110,Overcast,0,0,
85041,2022-07-05 22:56:00,40.667915,-73.77523,2,0,Failure to Yield Right-of-Way,4544974,30.0,20.3,0.5,0.5,0.0,2.0,51,30.4,56.5,191,Drizzle: Light,2,2,
85042,2022-07-07 11:53:00,40.635017,-73.973915,1,0,Driver Inattention/Distraction,4545006,27.5,20.1,0.0,0.0,0.0,0.0,3,19.1,37.4,110,Overcast,1,1,
85043,2022-07-08 17:20:00,40.856625,-73.8319,0,0,Other Vehicular,4544763,29.6,19.3,1.8,1.8,0.0,8.0,51,15.0,31.0,187,Drizzle: Light,0,0,
85044,2022-07-06 18:55:00,40.754177,-73.984604,1,0,Unspecified,4544860,31.6,21.7,0.2,0.2,0.0,1.0,51,19.0,37.1,299,Drizzle: Light,1,1,
85045,2022-07-08 14:00:00,40.70063,-73.78244,0,0,Unspecified,4545165,29.6,19.3,1.8,1.8,0.0,8.0,51,15.0,31.0,187,Drizzle: Light,0,0,
85046,2022-07-07 20:50:00,40.666294,-73.80267,1,0,Passing or Lane Usage Improper,4544414,27.5,20.1,0.0,0.0,0.0,0.0,3,19.1,37.4,110,Overcast,1,1,
85047,2022-06-27 16:11:00,40.72582,-73.95196,0,0,Passing Too Closely,4544578,26.2,19.8,11.7,11.7,0.0,9.0,63,20.5,43.2,224,Rain: Moderate,0,0,
85048,2022-07-08 17:23:00,40.784355,-73.98117,0,0,Turning Improperly,4545194,29.6,19.3,1.8,1.8,0.0,8.0,51,15.0,31.0,187,Drizzle: Light,0,0,
85049,2022-06-27 17:45:00,40.669262,-73.91356,0,0,Unspecified,4544867,26.2,19.8,11.7,11.7,0.0,9.0,63,20.5,43.2,224,Rain: Moderate,0,0,
85050,2022-07-07 19:55:00,40.701305,-73.95969,1,0,Driver Inattention/Distraction,4545031,27.5,20.1,0.0,0.0,0.0,0.0,3,19.1,37.4,110,Overcast,1,1,
85051,2022-07-08 23:25:00,40.76767,-73.817375,1,0,Unspecified,4544752,29.6,19.3,1.8,1.8,0.0,8.0,51,15.0,31.0,187,Drizzle: Light,1,1,
85052,2022-06-30 07:04:00,40.769993,-73.915825,1,0,Obstruction/Debris,4544529,31.2,17.3,0.0,0.0,0.0,0.0,2,19.1,37.4,274,Partly cloudy,1,1,
85053,2022-07-08 07:38:00,40.686234,-73.82418,1,0,Aggressive Driving/Road Rage,4545148,29.6,19.3,1.8,1.8,0.0,8.0,51,15.0,31.0,187,Drizzle: Light,1,1,
85054,2022-07-06 14:50:00,40.67702,-73.752945,0,0,Unspecified,4543992,31.6,21.7,0.2,0.2,0.0,1.0,51,19.0,37.1,299,Drizzle: Light,0,0,
85055,2022-06-30 00:00:00,40.779884,-73.80321,1,0,Failure to Yield Right-of-Way,4544514,31.2,17.3,0.0,0.0,0.0,0.0,2,19.1,37.4,274,Partly cloudy,1,1,
85056,2022-09-25 02:07:00,40.67043,-73.928185,0,1,Driver Inattention/Distraction,4567488,23.8,11.8,0.3,0.3,0.0,1.0,51,22.2,41.0,207,Drizzle: Light,20,1,
85057,2022-07-07 01:40:00,40.716488,-73.94643,0,0,Driver Inattention/Distraction,4544284,27.5,20.1,0.0,0.0,0.0,0.0,3,19.1,37.4,110,Overcast,0,0,
85058,2022-06-20 02:45:00,40.67441,-73.991875,0,0,Passing Too Closely,4544948,26.5,12.9,0.0,0.0,0.0,0.0,3,18.4,31.7,308,Overcast,0,0,
85059,2022-07-06 17:24:00,40.596222,-73.98897,0,0,Driver Inattention/Distraction,4544561,31.6,21.7,0.2,0.2,0.0,1.0,51,19.0,37.1,299,Drizzle: Light,0,0,
85060,2022-07-07 11:35:00,40.80275,-73.93358,3,0,Driver Inattention/Distraction,4544600,27.5,20.1,0.0,0.0,0.0,0.0,3,19.1,37.4,110,Overcast,3,3,
85061,2022-07-06 10:13:00,40.557243,-74.18115,1,0,Driver Inattention/Distraction,4544366,31.6,21.7,0.2,0.2,0.0,1.0,51,19.0,37.1,299,Drizzle: Light,1,1,
85062,2022-07-06 21:05:00,40.80897,-73.9446,1,0,Driver Inattention/Distraction,4544029,31.6,21.7,0.2,0.2,0.0,1.0,51,19.0,37.1,299,Drizzle: Light,1,1,
85063,2022-07-08 12:26:00,40.696117,-73.970436,1,0,Following Too Closely,4544611,29.6,19.3,1.8,1.8,0.0,8.0,51,15.0,31.0,187,Drizzle: Light,1,1,
85064,2022-07-07 16:30:00,40.651325,-73.93906,0,0,Passing Too Closely,4544329,27.5,20.1,0.0,0.0,0.0,0.0,3,19.1,37.4,110,Overcast,0,0,
85065,2022-07-07 06:02:00,40.676598,-73.89038,0,0,Unspecified,4544236,27.5,20.1,0.0,0.0,0.0,0.0,3,19.1,37.4,110,Overcast,0,0,
85066,2022-07-05 17:32:00,40.615337,-73.91247,0,0,Passing or Lane Usage Improper,4545102,30.0,20.3,0.5,0.5,0.0,2.0,51,30.4,56.5,191,Drizzle: Light,0,0,
85067,2022-07-02 03:58:00,40.806644,-73.92495,0,0,Unspecified,4545225,30.8,23.1,4.0,4.0,0.0,5.0,61,19.4,40.0,229,Rain: Light,0,0,
85068,2022-07-08 23:00:00,40.70128,-73.93952,0,0,Unspecified,4545214,29.6,19.3,1.8,1.8,0.0,8.0,51,15.0,31.0,187,Drizzle: Light,0,0,
85069,2022-07-06 06:10:00,40.77915,-73.91016,3,0,Driver Inattention/Distraction,4543860,31.6,21.7,0.2,0.2,0.0,1.0,51,19.0,37.1,299,Drizzle: Light,3,3,
85070,2022-07-06 13:37:00,40.605675,-73.966965,1,0,Driver Inattention/Distraction,4544070,31.6,21.7,0.2,0.2,0.0,1.0,51,19.0,37.1,299,Drizzle: Light,1,1,
85071,2022-07-05 23:20:00,40.79166,-73.96469,1,0,Driver Inattention/Distraction,4544840,30.0,20.3,0.5,0.5,0.0,2.0,51,30.4,56.5,191,Drizzle: Light,1,1,
85072,2022-07-08 07:00:00,40.74641,-73.95032,1,0,Passing or Lane Usage Improper,4544500,29.6,19.3,1.8,1.8,0.0,8.0,51,15.0,31.0,187,Drizzle: Light,1,1,
85073,2022-07-06 14:00:00,40.83501,-73.91206,0,0,Passing Too Closely,4544189,31.6,21.7,0.2,0.2,0.0,1.0,51,19.0,37.1,299,Drizzle: Light,0,0,
85074,2022-07-06 22:30:00,40.66484,-73.82229,1,0,Tire Failure/Inadequate,4544033,31.6,21.7,0.2,0.2,0.0,1.0,51,19.0,37.1,299,Drizzle: Light,1,1,
85075,2022-06-30 11:30:00,40.80819,-73.94646,1,0,Turning Improperly,4544588,31.2,17.3,0.0,0.0,0.0,0.0,2,19.1,37.4,274,Partly cloudy,1,1,
85076,2022-06-29 17:27:00,40.88421,-73.893425,2,0,Following Too Closely,4544445,29.0,17.7,0.0,0.0,0.0,0.0,3,27.2,51.5,195,Overcast,2,2,
85077,2022-06-29 13:33:00,40.844593,-73.88167,0,0,Unsafe Speed,4544456,29.0,17.7,0.0,0.0,0.0,0.0,3,27.2,51.5,195,Overcast,0,0,
85078,2022-07-07 14:48:00,40.602688,-73.933556,1,0,Unspecified,4544643,27.5,20.1,0.0,0.0,0.0,0.0,3,19.1,37.4,110,Overcast,1,1,
85079,2022-07-05 13:00:00,40.652313,-73.95602,1,0,Driver Inattention/Distraction,4544744,30.0,20.3,0.5,0.5,0.0,2.0,51,30.4,56.5,191,Drizzle: Light,1,1,
85080,2022-07-07 15:20:00,40.6794,-73.8586,0,0,Brakes Defective,4544391,27.5,20.1,0.0,0.0,0.0,0.0,3,19.1,37.4,110,Overcast,0,0,
85081,2022-07-05 07:00:00,40.592083,-74.067955,0,0,Unspecified,4544969,30.0,20.3,0.5,0.5,0.0,2.0,51,30.4,56.5,191,Drizzle: Light,0,0,
85082,2022-07-08 20:40:00,40.616062,-73.95561,1,0,Unspecified,4544699,29.6,19.3,1.8,1.8,0.0,8.0,51,15.0,31.0,187,Drizzle: Light,1,1,
85083,2022-07-08 23:23:00,40.76547,-73.97005,0,0,Driver Inattention/Distraction,4545176,29.6,19.3,1.8,1.8,0.0,8.0,51,15.0,31.0,187,Drizzle: Light,0,0,
85084,2022-07-07 19:30:00,40.756046,-73.88073,1,0,Driver Inattention/Distraction,4544482,27.5,20.1,0.0,0.0,0.0,0.0,3,19.1,37.4,110,Overcast,1,1,
85085,2022-07-08 11:40:00,40.803215,-73.95254,0,0,Driver Inattention/Distraction,4544593,29.6,19.3,1.8,1.8,0.0,8.0,51,15.0,31.0,187,Drizzle: Light,0,0,
85086,2022-07-08 18:15:00,40.669098,-73.93666,1,0,Turning Improperly,4544991,29.6,19.3,1.8,1.8,0.0,8.0,51,15.0,31.0,187,Drizzle: Light,1,1,
85087,2021-11-10 18:45:00,40.7923,-73.807236,0,0,Unspecified,4476073,17.2,7.8,0.3,0.3,0.0,1.0,51,20.7,38.5,318,Drizzle: Light,0,0,
85088,2022-07-03 13:20:00,40.725285,-73.97798,1,0,Unspecified,4544556,31.2,21.0,0.0,0.0,0.0,0.0,3,15.8,31.3,341,Overcast,1,1,
85089,2022-07-07 23:30:00,40.820988,-73.89491,0,0,Unspecified,4544807,27.5,20.1,0.0,0.0,0.0,0.0,3,19.1,37.4,110,Overcast,0,0,
85090,2022-07-08 18:24:00,40.88492,-73.84883,1,0,View Obstructed/Limited,4544786,29.6,19.3,1.8,1.8,0.0,8.0,51,15.0,31.0,187,Drizzle: Light,1,1,
85091,2022-07-06 13:30:00,40.68285,-73.79902,0,0,Passing or Lane Usage Improper,4544083,31.6,21.7,0.2,0.2,0.0,1.0,51,19.0,37.1,299,Drizzle: Light,0,0,
85092,2022-07-08 19:24:00,40.727898,-73.83882,3,0,Reaction to Uninvolved Vehicle,4545067,29.6,19.3,1.8,1.8,0.0,8.0,51,15.0,31.0,187,Drizzle: Light,3,3,
85093,2022-07-07 16:43:00,40.679653,-73.77724,2,0,Turning Improperly,4544409,27.5,20.1,0.0,0.0,0.0,0.0,3,19.1,37.4,110,Overcast,2,2,
85094,2022-06-09 07:40:00,40.769318,-73.8666,0,0,Driver Inattention/Distraction,4544497,28.0,18.5,13.3,13.3,0.0,11.0,63,28.1,52.2,252,Rain: Moderate,0,0,
85095,2022-07-07 13:20:00,40.62577,-74.134735,0,0,Driver Inattention/Distraction,4544271,27.5,20.1,0.0,0.0,0.0,0.0,3,19.1,37.4,110,Overcast,0,0,
85096,2022-07-04 16:00:00,40.76536,-73.82787,0,0,Unspecified,4544510,30.9,17.5,0.0,0.0,0.0,0.0,3,15.4,27.4,302,Overcast,0,0,
85097,2022-07-01 15:20:00,40.831566,-73.942986,1,0,Driver Inattention/Distraction,4544912,33.7,20.2,0.1,0.1,0.0,1.0,51,32.3,58.0,215,Drizzle: Light,1,1,
85098,2022-07-07 22:38:00,40.776962,-73.9024,0,0,Backing Unsafely,4545154,27.5,20.1,0.0,0.0,0.0,0.0,3,19.1,37.4,110,Overcast,0,0,
85099,2022-07-06 17:00:00,40.830685,-73.88216,0,0,Driver Inattention/Distraction,4544657,31.6,21.7,0.2,0.2,0.0,1.0,51,19.0,37.1,299,Drizzle: Light,0,0,
85100,2022-07-07 17:45:00,40.707767,-73.80258,0,0,Turning Improperly,4544525,27.5,20.1,0.0,0.0,0.0,0.0,3,19.1,37.4,110,Overcast,0,0,
85101,2022-07-08 11:20:00,40.817223,-73.88418,0,0,Unspecified,4544642,29.6,19.3,1.8,1.8,0.0,8.0,51,15.0,31.0,187,Drizzle: Light,0,0,
85102,2022-07-06 16:00:00,40.81044,-73.88735,0,0,Unspecified,4544620,31.6,21.7,0.2,0.2,0.0,1.0,51,19.0,37.1,299,Drizzle: Light,0,0,
85103,2022-07-06 00:00:00,40.664593,-73.907616,1,0,Driver Inattention/Distraction,4543985,31.6,21.7,0.2,0.2,0.0,1.0,51,19.0,37.1,299,Drizzle: Light,1,1,
85104,2022-07-07 00:08:00,40.638786,-73.94538,1,0,Brakes Defective,4544318,27.5,20.1,0.0,0.0,0.0,0.0,3,19.1,37.4,110,Overcast,1,1,
85105,2022-07-06 12:00:00,40.82309,-73.956345,0,0,Unspecified,4544472,31.6,21.7,0.2,0.2,0.0,1.0,51,19.0,37.1,299,Drizzle: Light,0,0,
85106,2022-07-07 02:27:00,40.63105,-74.01303,0,0,Unspecified,4544259,27.5,20.1,0.0,0.0,0.0,0.0,3,19.1,37.4,110,Overcast,0,0,
85107,2022-07-06 13:54:00,40.708782,-73.9123,1,0,Following Too Closely,4543948,31.6,21.7,0.2,0.2,0.0,1.0,51,19.0,37.1,299,Drizzle: Light,1,1,
85108,2022-07-06 22:02:00,40.652626,-74.00617,0,0,Passing Too Closely,4544020,31.6,21.7,0.2,0.2,0.0,1.0,51,19.0,37.1,299,Drizzle: Light,0,0,
85109,2022-07-02 16:53:00,40.833286,-73.914085,0,0,Failure to Yield Right-of-Way,4544615,30.8,23.1,4.0,4.0,0.0,5.0,61,19.4,40.0,229,Rain: Light,0,0,
85110,2022-07-07 15:40:00,40.830112,-73.850266,1,0,Driver Inattention/Distraction,4544372,27.5,20.1,0.0,0.0,0.0,0.0,3,19.1,37.4,110,Overcast,1,1,
85111,2022-07-06 12:36:00,40.646492,-73.903824,1,0,Unspecified,4543897,31.6,21.7,0.2,0.2,0.0,1.0,51,19.0,37.1,299,Drizzle: Light,1,1,
85112,2022-07-08 18:30:00,40.827904,-73.8646,0,0,Alcohol Involvement,4544632,29.6,19.3,1.8,1.8,0.0,8.0,51,15.0,31.0,187,Drizzle: Light,0,0,
85113,2022-06-24 23:17:00,40.796516,-73.94737,0,0,Alcohol Involvement,4540468,26.7,14.6,1.0,1.0,0.0,6.0,51,19.2,37.4,204,Drizzle: Light,0,0,
85114,2022-06-29 16:47:00,40.87314,-73.90572,1,0,Unspecified,4544483,29.0,17.7,0.0,0.0,0.0,0.0,3,27.2,51.5,195,Overcast,1,1,
85115,2022-07-08 09:10:00,40.71371,-73.919014,0,0,Passing Too Closely,4544583,29.6,19.3,1.8,1.8,0.0,8.0,51,15.0,31.0,187,Drizzle: Light,0,0,
85116,2022-07-07 17:30:00,40.654068,-73.96177,0,0,Passing or Lane Usage Improper,4544890,27.5,20.1,0.0,0.0,0.0,0.0,3,19.1,37.4,110,Overcast,0,0,
85117,2022-07-03 15:00:00,40.755486,-73.82472,0,0,Unspecified,4545112,31.2,21.0,0.0,0.0,0.0,0.0,3,15.8,31.3,341,Overcast,0,0,
85118,2022-07-06 16:30:00,0.0,0.0,0,0,Passing or Lane Usage Improper,4544834,31.6,21.7,0.2,0.2,0.0,1.0,51,19.0,37.1,299,Drizzle: Light,0,0,
85119,2022-07-07 14:35:00,40.757477,-73.810585,1,0,Failure to Yield Right-of-Way,4544515,27.5,20.1,0.0,0.0,0.0,0.0,3,19.1,37.4,110,Overcast,1,1,
85120,2022-07-07 20:20:00,40.653763,-73.84147,5,0,Failure to Yield Right-of-Way,4544395,27.5,20.1,0.0,0.0,0.0,0.0,3,19.1,37.4,110,Overcast,5,5,
85121,2022-07-06 08:00:00,40.709126,-73.79613,0,0,Driver Inattention/Distraction,4544536,31.6,21.7,0.2,0.2,0.0,1.0,51,19.0,37.1,299,Drizzle: Light,0,0,
85122,2022-07-06 21:30:00,40.547245,-74.180244,0,0,Reaction to Uninvolved Vehicle,4544168,31.6,21.7,0.2,0.2,0.0,1.0,51,19.0,37.1,299,Drizzle: Light,0,0,
85123,2022-06-25 15:07:00,40.74691,-73.88086,0,0,Driver Inattention/Distraction,4544449,32.5,18.1,0.0,0.0,0.0,0.0,2,25.0,47.2,224,Partly cloudy,0,0,
85124,2022-07-06 15:38:00,40.8617,-73.89139,0,0,Driver Inattention/Distraction,4544452,31.6,21.7,0.2,0.2,0.0,1.0,51,19.0,37.1,299,Drizzle: Light,0,0,
85125,2022-07-06 04:15:00,40.68619,-73.87622,0,0,Failure to Yield Right-of-Way,4543810,31.6,21.7,0.2,0.2,0.0,1.0,51,19.0,37.1,299,Drizzle: Light,0,0,
85126,2022-01-05 12:55:00,40.619976,-74.02369,1,0,Driver Inattention/Distraction,4492177,6.9,-2.1,0.5,0.5,0.0,4.0,51,21.8,38.2,216,Drizzle: Light,1,1,
85127,2022-02-01 19:45:00,40.712082,-74.01013,0,0,Unspecified,4499378,-0.9,-13.4,0.0,0.0,0.0,0.0,3,12.2,21.2,36,Overcast,0,0,
85128,2022-02-01 19:00:00,40.865246,-73.909874,0,0,Aggressive Driving/Road Rage,4499284,-0.9,-13.4,0.0,0.0,0.0,0.0,3,12.2,21.2,36,Overcast,0,0,
85129,2022-02-01 10:40:00,40.691536,-73.99912,0,0,Passing Too Closely,4499725,-0.9,-13.4,0.0,0.0,0.0,0.0,3,12.2,21.2,36,Overcast,0,0,
85130,2022-02-01 18:35:00,40.674904,-73.94447,0,0,Unspecified,4499703,-0.9,-13.4,0.0,0.0,0.0,0.0,3,12.2,21.2,36,Overcast,0,0,
85131,2022-02-01 03:25:00,40.673107,-73.99959,4,0,Driver Inattention/Distraction,4498985,-0.9,-13.4,0.0,0.0,0.0,0.0,3,12.2,21.2,36,Overcast,4,4,
85132,2022-02-01 10:30:00,40.66546,-73.76389,0,0,Unspecified,4499267,-0.9,-13.4,0.0,0.0,0.0,0.0,3,12.2,21.2,36,Overcast,0,0,
85133,2022-02-01 08:30:00,40.66484,-73.82229,0,0,Passing or Lane Usage Improper,4499517,-0.9,-13.4,0.0,0.0,0.0,0.0,3,12.2,21.2,36,Overcast,0,0,
85134,2022-02-01 23:43:00,40.640583,-73.95573,2,0,Other Vehicular,4499313,-0.9,-13.4,0.0,0.0,0.0,0.0,3,12.2,21.2,36,Overcast,2,2,
85135,2022-02-01 08:05:00,40.598938,-73.95548,0,0,Unspecified,4499024,-0.9,-13.4,0.0,0.0,0.0,0.0,3,12.2,21.2,36,Overcast,0,0,
85136,2022-02-01 17:44:00,40.640583,-73.95573,1,0,Unspecified,4499320,-0.9,-13.4,0.0,0.0,0.0,0.0,3,12.2,21.2,36,Overcast,1,1,
85137,2022-02-02 10:30:00,40.757233,-73.97605,0,0,Driver Inattention/Distraction,4499549,3.8,-7.2,0.0,0.0,0.0,0.0,3,10.6,16.2,93,Overcast,0,0,
85138,2022-01-25 00:05:00,40.716557,-73.82869,5,1,Driver Inattention/Distraction,4498109,6.3,-3.9,0.0,0.0,0.0,0.0,3,16.9,33.8,270,Overcast,25,6,
85139,2022-02-01 16:10:00,40.865902,-73.904396,0,0,Driver Inexperience,4499626,-0.9,-13.4,0.0,0.0,0.0,0.0,3,12.2,21.2,36,Overcast,0,0,
85140,2022-02-01 00:00:00,40.678303,-73.87289,0,0,Unspecified,4499063,-0.9,-13.4,0.0,0.0,0.0,0.0,3,12.2,21.2,36,Overcast,0,0,
85141,2022-02-01 16:30:00,40.863327,-73.89921,1,0,Pedestrian/Bicyclist/Other Pedestrian Error/Confusion,4499397,-0.9,-13.4,0.0,0.0,0.0,0.0,3,12.2,21.2,36,Overcast,1,1,
85142,2022-07-07 14:20:00,40.76019,-73.9329,1,0,Failure to Yield Right-of-Way,4544504,27.5,20.1,0.0,0.0,0.0,0.0,3,19.1,37.4,110,Overcast,1,1,
85143,2022-02-01 18:36:00,40.769005,-73.992355,1,0,Unspecified,4499545,-0.9,-13.4,0.0,0.0,0.0,0.0,3,12.2,21.2,36,Overcast,1,1,
85144,2022-02-01 06:30:00,40.612213,-74.15395,1,0,Failure to Yield Right-of-Way,4499598,-0.9,-13.4,0.0,0.0,0.0,0.0,3,12.2,21.2,36,Overcast,1,1,
85145,2022-02-01 08:05:00,40.721844,-73.90444,0,0,Passing Too Closely,4499119,-0.9,-13.4,0.0,0.0,0.0,0.0,3,12.2,21.2,36,Overcast,0,0,
85146,2022-02-01 10:36:00,40.696117,-73.905014,0,0,Unspecified,4499169,-0.9,-13.4,0.0,0.0,0.0,0.0,3,12.2,21.2,36,Overcast,0,0,
85147,2022-02-01 07:45:00,40.707027,-73.9236,1,0,Pavement Slippery,4499120,-0.9,-13.4,0.0,0.0,0.0,0.0,3,12.2,21.2,36,Overcast,1,1,
85148,2022-02-01 09:05:00,40.67325,-73.886734,0,0,Following Too Closely,4499199,-0.9,-13.4,0.0,0.0,0.0,0.0,3,12.2,21.2,36,Overcast,0,0,
85149,2022-02-01 00:27:00,40.80475,-73.93829,0,0,Driver Inattention/Distraction,4499100,-0.9,-13.4,0.0,0.0,0.0,0.0,3,12.2,21.2,36,Overcast,0,0,
85150,2022-01-02 03:50:00,40.831017,-73.85226,0,0,Pavement Slippery,4499589,13.1,2.7,16.0,16.0,0.0,8.0,65,25.1,52.6,318,Rain: Heavy,0,0,
85151,2022-02-01 12:00:00,40.692974,-73.90811,0,0,Passing Too Closely,4499298,-0.9,-13.4,0.0,0.0,0.0,0.0,3,12.2,21.2,36,Overcast,0,0,
85152,2022-01-30 13:45:00,40.81527,-73.94768,0,0,Unspecified,4499613,-5.4,-13.8,0.0,0.0,0.0,0.0,3,28.5,50.0,290,Overcast,0,0,
85153,2022-02-01 07:58:00,40.748318,-73.87742,0,0,Unspecified,4499434,-0.9,-13.4,0.0,0.0,0.0,0.0,3,12.2,21.2,36,Overcast,0,0,
85154,2022-01-30 18:00:00,40.841377,-73.93771,0,0,Reaction to Uninvolved Vehicle,4499602,-5.4,-13.8,0.0,0.0,0.0,0.0,3,28.5,50.0,290,Overcast,0,0,
85155,2022-02-01 09:09:00,40.82408,-73.8429,1,0,Unspecified,4499109,-0.9,-13.4,0.0,0.0,0.0,0.0,3,12.2,21.2,36,Overcast,1,1,
85156,2022-02-01 06:30:00,40.667038,-73.7682,0,0,Unspecified,4499188,-0.9,-13.4,0.0,0.0,0.0,0.0,3,12.2,21.2,36,Overcast,0,0,
85157,2022-02-01 17:10:00,40.760933,-73.957756,0,0,Turning Improperly,4499274,-0.9,-13.4,0.0,0.0,0.0,0.0,3,12.2,21.2,36,Overcast,0,0,
85158,2022-02-01 14:10:00,40.673683,-73.92214,0,0,Unspecified,4499416,-0.9,-13.4,0.0,0.0,0.0,0.0,3,12.2,21.2,36,Overcast,0,0,
85159,2021-12-06 19:25:00,40.823635,-73.93095,3,0,Following Too Closely,4499686,16.3,7.7,6.3,6.3,0.0,10.0,61,35.1,65.5,201,Rain: Light,3,3,
85160,2022-02-01 00:00:00,40.692192,-73.98628,1,0,Passing or Lane Usage Improper,4499208,-0.9,-13.4,0.0,0.0,0.0,0.0,3,12.2,21.2,36,Overcast,1,1,
85161,2022-02-01 19:28:00,40.642563,-74.08653,1,0,Driver Inattention/Distraction,4499242,-0.9,-13.4,0.0,0.0,0.0,0.0,3,12.2,21.2,36,Overcast,1,1,
85162,2022-02-01 09:00:00,40.761486,-73.96061,0,0,Driver Inattention/Distraction,4499131,-0.9,-13.4,0.0,0.0,0.0,0.0,3,12.2,21.2,36,Overcast,0,0,
85163,2022-01-25 09:20:00,40.84088,-73.83938,0,0,Turning Improperly,4499647,6.3,-3.9,0.0,0.0,0.0,0.0,3,16.9,33.8,270,Overcast,0,0,
85164,2022-02-01 00:00:00,40.821564,-73.89171,0,0,Backing Unsafely,4499494,-0.9,-13.4,0.0,0.0,0.0,0.0,3,12.2,21.2,36,Overcast,0,0,
85165,2022-01-30 14:30:00,40.73393,-73.952934,0,0,Passing Too Closely,4499570,-5.4,-13.8,0.0,0.0,0.0,0.0,3,28.5,50.0,290,Overcast,0,0,
85166,2022-02-01 22:15:00,40.695965,-73.96642,1,0,Other Vehicular,4499640,-0.9,-13.4,0.0,0.0,0.0,0.0,3,12.2,21.2,36,Overcast,1,1,
85167,2022-01-28 17:02:00,40.702564,-73.790565,1,0,Driver Inattention/Distraction,4499745,1.0,-3.1,2.4,0.0,1.68,13.0,73,18.7,31.3,251,Snow fall: Moderate,1,1,Snowy Conditions
85168,2022-02-01 08:00:00,40.604443,-73.97003,0,0,Following Too Closely,4499294,-0.9,-13.4,0.0,0.0,0.0,0.0,3,12.2,21.2,36,Overcast,0,0,
85169,2022-01-26 22:20:00,40.81801,-73.96149,0,0,Reaction to Uninvolved Vehicle,4499707,-3.1,-8.0,0.0,0.0,0.0,0.0,0,20.5,39.6,328,Clear sky,0,0,Sunny/Clear Conditions
85170,2022-02-01 23:18:00,40.67994,-73.941216,1,0,Pedestrian/Bicyclist/Other Pedestrian Error/Confusion,4499322,-0.9,-13.4,0.0,0.0,0.0,0.0,3,12.2,21.2,36,Overcast,1,1,
85171,2022-02-01 21:50:00,40.763245,-73.75806,1,0,Driver Inattention/Distraction,4499258,-0.9,-13.4,0.0,0.0,0.0,0.0,3,12.2,21.2,36,Overcast,1,1,