,CRASH DATETIME,LATITUDE,LONGITUDE,NUMBER OF PERSONS INJURED,NUMBER OF PERSONS KILLED,CONTRIBUTING FACTOR VEHICLE 1,COLLISION_ID,temperature_2m_max,temperature_2m_min,precipitation_sum,rain_sum,snowfall_sum,precipitation_hours,weather_code,wind_speed_10m_max,wind_gusts_10m_max,wind_direction_10m_dominant,Weather Description,Severity_Score,Total_Affected_Persons,Weather_Category
85172,2022-02-01 19:09:00,40.684803,-73.97071,1,0,Backing Unsafely,4499408,-0.9,-13.4,0.0,0.0,0.0,0.0,3,12.2,21.2,36,Overcast,1,1,
85173,2022-02-01 15:15:00,0.0,0.0,0,0,Driver Inattention/Distraction,4499216,-0.9,-13.4,0.0,0.0,0.0,0.0,3,12.2,21.2,36,Overcast,0,0,
85174,2022-01-25 16:35:00,40.66386,-73.92456,0,0,Unspecified,4499661,6.3,-3.9,0.0,0.0,0.0,0.0,3,16.9,33.8,270,Overcast,0,0,
85175,2022-02-01 06:00:00,40.718647,-73.83771,0,0,Unspecified,4499349,-0.9,-13.4,0.0,0.0,0.0,0.0,3,12.2,21.2,36,Overcast,0,0,
85176,2022-02-01 14:52:00,40.72773,-73.90674,1,0,Unspecified,4499269,-0.9,-13.4,0.0,0.0,0.0,0.0,3,12.2,21.2,36,Overcast,1,1,
85177,2022-02-01 06:50:00,40.727154,-73.75399,0,0,Pavement Slippery,4499350,-0.9,-13.4,0.0,0.0,0.0,0.0,3,12.2,21.2,36,Overcast,0,0,
85178,2022-01-31 22:08:00,40.68783,-73.93004,1,0,Pavement Slippery,4499716,-3.4,-17.1,0.0,0.0,0.0,0.0,3,12.2,18.0,23,Overcast,1,1,
85179,2022-01-28 16:38:00,40.857117,-73.90253,0,0,Passing Too Closely,4499828,1.0,-3.1,2.4,0.0,1.68,13.0,73,18.7,31.3,251,Snow fall: Moderate,0,0,Snowy Conditions
85180,2022-02-01 06:51:00,40.70276,-73.88894,0,0,Failure to Yield Right-of-Way,4499238,-0.9,-13.4,0.0,0.0,0.0,0.0,3,12.2,21.2,36,Overcast,0,0,
85181,2022-01-30 09:00:00,40.820877,-73.94517,1,0,Traffic Control Disregarded,4499630,-5.4,-13.8,0.0,0.0,0.0,0.0,3,28.5,50.0,290,Overcast,1,1,
85182,2022-01-27 13:00:00,40.68046,-73.96136,1,0,Lost Consciousness,4499702,-0.3,-9.6,0.0,0.0,0.0,0.0,3,18.7,37.1,184,Overcast,1,1,
85183,2022-02-01 08:45:00,40.68305,-73.85029,0,0,Failure to Yield Right-of-Way,4499027,-0.9,-13.4,0.0,0.0,0.0,0.0,3,12.2,21.2,36,Overcast,0,0,
85184,2022-01-29 12:00:00,40.698288,-73.984,0,0,Unspecified,4499723,-1.7,-12.9,17.6,0.1,12.25,19.0,75,39.7,72.7,336,Snow fall: Heavy,0,0,Snowy Conditions
85185,2022-02-01 09:20:00,40.883575,-73.86281,0,0,Unspecified,4499214,-0.9,-13.4,0.0,0.0,0.0,0.0,3,12.2,21.2,36,Overcast,0,0,
85186,2022-02-01 10:40:00,40.713104,-73.95147,0,0,Passing Too Closely,4499315,-0.9,-13.4,0.0,0.0,0.0,0.0,3,12.2,21.2,36,Overcast,0,0,
85187,2022-01-21 18:30:00,40.665318,-73.73431,0,0,Driver Inattention/Distraction,4496437,-5.3,-11.6,0.0,0.0,0.0,0.0,3,21.9,40.0,2,Overcast,0,0,
85188,2022-01-30 15:56:00,40.814396,-73.945595,0,0,Unspecified,4499625,-5.4,-13.8,0.0,0.0,0.0,0.0,3,28.5,50.0,290,Overcast,0,0,
85189,2022-01-31 22:25:00,40.754456,-73.860405,0,0,Backing Unsafely,4499657,-3.4,-17.1,0.0,0.0,0.0,0.0,3,12.2,18.0,23,Overcast,0,0,
85190,2022-02-01 23:10:00,40.879692,-73.875595,1,0,Unspecified,4499285,-0.9,-13.4,0.0,0.0,0.0,0.0,3,12.2,21.2,36,Overcast,1,1,
85191,2022-02-01 12:55:00,40.692184,-73.86195,0,0,Failure to Yield Right-of-Way,4499170,-0.9,-13.4,0.0,0.0,0.0,0.0,3,12.2,21.2,36,Overcast,0,0,
85192,2022-02-01 11:30:00,40.787056,-73.78705,0,0,Failure to Yield Right-of-Way,4499458,-0.9,-13.4,0.0,0.0,0.0,0.0,3,12.2,21.2,36,Overcast,0,0,
85193,2022-02-01 14:45:00,40.837315,-73.934044,0,0,Unsafe Lane Changing,4499232,-0.9,-13.4,0.0,0.0,0.0,0.0,3,12.2,21.2,36,Overcast,0,0,
85194,2022-02-01 16:45:00,40.521065,-74.23623,0,0,Failure to Yield Right-of-Way,4499607,-0.9,-13.4,0.0,0.0,0.0,0.0,3,12.2,21.2,36,Overcast,0,0,
85195,2022-01-23 02:10:00,40.667366,-73.77181,0,0,Unspecified,4499187,2.8,-6.1,0.5,0.0,0.35,3.0,71,14.2,28.1,243,Snow fall: Light,0,0,Snowy Conditions
85196,2022-02-01 08:55:00,40.82444,-73.843,0,0,Reaction to Uninvolved Vehicle,4499110,-0.9,-13.4,0.0,0.0,0.0,0.0,3,12.2,21.2,36,Overcast,0,0,
85197,2022-02-01 16:36:00,40.719055,-74.01245,0,0,Driver Inattention/Distraction,4499377,-0.9,-13.4,0.0,0.0,0.0,0.0,3,12.2,21.2,36,Overcast,0,0,
85198,2022-02-01 02:33:00,40.79337,-73.93274,0,0,Obstruction/Debris,4499500,-0.9,-13.4,0.0,0.0,0.0,0.0,3,12.2,21.2,36,Overcast,0,0,
85199,2022-02-01 09:45:00,40.738403,-73.93864,0,0,Unspecified,4499158,-0.9,-13.4,0.0,0.0,0.0,0.0,3,12.2,21.2,36,Overcast,0,0,
85200,2022-02-01 22:15:00,40.863632,-73.87168,2,0,Other Vehicular,4499272,-0.9,-13.4,0.0,0.0,0.0,0.0,3,12.2,21.2,36,Overcast,2,2,
85201,2022-02-01 14:48:00,40.819878,-73.85777,0,0,Driver Inattention/Distraction,4499689,-0.9,-13.4,0.0,0.0,0.0,0.0,3,12.2,21.2,36,Overcast,0,0,
85202,2022-01-29 10:30:00,40.89817,-73.845665,0,0,Driver Inattention/Distraction,4499739,-1.7,-12.9,17.6,0.1,12.25,19.0,75,39.7,72.7,336,Snow fall: Heavy,0,0,Snowy Conditions
85203,2022-01-26 00:00:00,40.81344,-73.94135,0,0,Passing Too Closely,4499615,-3.1,-8.0,0.0,0.0,0.0,0.0,0,20.5,39.6,328,Clear sky,0,0,Sunny/Clear Conditions
85204,2022-02-01 12:35:00,40.767803,-73.95601,0,0,Passing Too Closely,4499222,-0.9,-13.4,0.0,0.0,0.0,0.0,3,12.2,21.2,36,Overcast,0,0,
85205,2022-02-01 15:00:00,40.821003,-73.89787,1,0,Unspecified,4499279,-0.9,-13.4,0.0,0.0,0.0,0.0,3,12.2,21.2,36,Overcast,1,1,
85206,2022-01-29 04:00:00,40.639977,-73.94263,0,0,Unspecified,4499668,-1.7,-12.9,17.6,0.1,12.25,19.0,75,39.7,72.7,336,Snow fall: Heavy,0,0,Snowy Conditions
85207,2022-02-01 18:55:00,40.639175,-74.121826,0,0,Unspecified,4499427,-0.9,-13.4,0.0,0.0,0.0,0.0,3,12.2,21.2,36,Overcast,0,0,
85208,2022-02-01 06:20:00,40.658337,-73.87759,1,0,Driver Inattention/Distraction,4499062,-0.9,-13.4,0.0,0.0,0.0,0.0,3,12.2,21.2,36,Overcast,1,1,
85209,2022-01-31 16:10:00,40.787006,-73.821594,0,0,Unspecified,4499601,-3.4,-17.1,0.0,0.0,0.0,0.0,3,12.2,18.0,23,Overcast,0,0,
85210,2022-02-01 01:05:00,40.66753,-73.86427,0,0,Unspecified,4499203,-0.9,-13.4,0.0,0.0,0.0,0.0,3,12.2,21.2,36,Overcast,0,0,
85211,2022-02-01 14:15:00,40.77044,-73.91655,0,0,Unspecified,4499513,-0.9,-13.4,0.0,0.0,0.0,0.0,3,12.2,21.2,36,Overcast,0,0,
85212,2022-02-01 06:30:00,40.696377,-73.757034,0,0,Passing Too Closely,4499394,-0.9,-13.4,0.0,0.0,0.0,0.0,3,12.2,21.2,36,Overcast,0,0,
85213,2022-02-01 14:00:00,40.69687,-73.923035,0,0,Driver Inattention/Distraction,4499297,-0.9,-13.4,0.0,0.0,0.0,0.0,3,12.2,21.2,36,Overcast,0,0,
85214,2022-01-31 12:30:00,40.573593,-73.99109,0,0,Passing Too Closely,4499750,-3.4,-17.1,0.0,0.0,0.0,0.0,3,12.2,18.0,23,Overcast,0,0,
85215,2022-02-01 22:52:00,40.74478,-73.86342,0,0,Unspecified,4499335,-0.9,-13.4,0.0,0.0,0.0,0.0,3,12.2,21.2,36,Overcast,0,0,
85216,2021-08-11 08:20:00,40.710083,-73.99411,0,0,Aggressive Driving/Road Rage,4447489,31.2,23.2,2.8,2.8,0.0,7.0,55,23.7,44.6,206,Drizzle: Dense,0,0,
85217,2021-08-21 14:45:00,40.872143,-73.818695,0,0,Other Vehicular,4450691,27.2,23.0,0.8,0.8,0.0,6.0,51,14.3,29.5,109,Drizzle: Light,0,0,
85218,2021-08-26 19:26:00,40.834915,-73.894135,0,0,Passing or Lane Usage Improper,4451018,31.8,22.8,0.1,0.1,0.0,1.0,51,14.8,29.2,228,Drizzle: Light,0,0,
85219,2021-08-30 00:02:00,40.8245,-73.912636,0,0,View Obstructed/Limited,4452276,28.7,21.7,3.9,3.9,0.0,7.0,63,14.7,33.8,231,Rain: Moderate,0,0,
85220,2021-08-30 15:45:00,40.75462,-73.99713,1,0,Traffic Control Disregarded,4453116,28.7,21.7,3.9,3.9,0.0,7.0,63,14.7,33.8,231,Rain: Moderate,1,1,
85221,2021-09-05 17:07:00,40.645164,-74.02258,0,0,Unspecified,4455125,24.5,16.9,1.0,1.0,0.0,6.0,51,15.5,42.5,204,Drizzle: Light,0,0,
85222,2021-09-01 15:45:00,40.667625,-73.91023,0,0,Unspecified,4455184,23.2,18.4,121.7,121.7,0.0,18.0,65,43.2,78.5,42,Rain: Heavy,0,0,
85223,2022-01-31 16:00:00,40.815937,-73.909134,0,0,Unspecified,4499674,-3.4,-17.1,0.0,0.0,0.0,0.0,3,12.2,18.0,23,Overcast,0,0,
85224,2021-09-04 20:00:00,40.642536,-74.0094,0,0,Unspecified,4455124,25.2,14.5,0.0,0.0,0.0,0.0,3,15.4,27.0,289,Overcast,0,0,
85225,2021-08-03 19:18:00,40.89017,-73.85916,0,0,Driver Inattention/Distraction,4455131,24.2,15.3,0.0,0.0,0.0,0.0,3,10.7,21.2,7,Overcast,0,0,
85226,2021-08-19 03:16:00,40.641327,-74.00709,0,0,Unspecified,4455123,30.2,23.4,11.8,11.8,0.0,13.0,61,26.3,53.3,223,Rain: Light,0,0,
85227,2021-09-01 23:35:00,40.666283,-73.9971,0,0,Unspecified,4455127,23.2,18.4,121.7,121.7,0.0,18.0,65,43.2,78.5,42,Rain: Heavy,0,0,
85228,2021-09-04 10:00:00,40.78811,-73.93857,0,0,Unspecified,4455158,25.2,14.5,0.0,0.0,0.0,0.0,3,15.4,27.0,289,Overcast,0,0,
85229,2021-08-27 15:49:00,40.859245,-73.81814,0,0,Unspecified,4455115,32.2,23.4,1.4,1.4,0.0,2.0,55,9.4,22.3,299,Drizzle: Dense,0,0,
85230,2021-09-06 02:10:00,40.75219,-73.99347,0,0,Failure to Yield Right-of-Way,4455166,26.9,18.4,0.0,0.0,0.0,0.0,3,19.6,37.8,273,Overcast,0,0,
85231,2021-09-03 21:40:00,40.837845,-73.834724,0,0,Unspecified,4455116,21.9,14.0,0.0,0.0,0.0,0.0,3,14.5,30.2,321,Overcast,0,0,
85232,2021-09-06 18:30:00,40.664516,-73.99709,0,0,Alcohol Involvement,4455126,26.9,18.4,0.0,0.0,0.0,0.0,3,19.6,37.8,273,Overcast,0,0,
85233,2022-02-01 08:55:00,40.69737,-73.90721,0,0,Glare,4499641,-0.9,-13.4,0.0,0.0,0.0,0.0,3,12.2,21.2,36,Overcast,0,0,
85234,2022-02-01 19:00:00,40.77207,-73.94994,0,0,Prescription Medication,4499278,-0.9,-13.4,0.0,0.0,0.0,0.0,3,12.2,21.2,36,Overcast,0,0,
85235,2022-02-01 20:10:00,40.67686,-73.97222,1,0,Passing Too Closely,4499538,-0.9,-13.4,0.0,0.0,0.0,0.0,3,12.2,21.2,36,Overcast,1,1,
85236,2022-02-01 00:48:00,40.75221,-73.90443,0,0,Driver Inattention/Distraction,4499086,-0.9,-13.4,0.0,0.0,0.0,0.0,3,12.2,21.2,36,Overcast,0,0,
85237,2022-02-01 21:05:00,40.83104,-73.91032,1,0,Unspecified,4499345,-0.9,-13.4,0.0,0.0,0.0,0.0,3,12.2,21.2,36,Overcast,1,1,
85238,2022-02-01 11:00:00,40.738976,-73.9966,0,0,Passing Too Closely,4499179,-0.9,-13.4,0.0,0.0,0.0,0.0,3,12.2,21.2,36,Overcast,0,0,
85239,2022-02-01 14:10:00,40.70812,-74.005516,0,0,Unspecified,4499360,-0.9,-13.4,0.0,0.0,0.0,0.0,3,12.2,21.2,36,Overcast,0,0,
85240,2022-02-01 16:48:00,40.71407,-73.99751,0,0,Turning Improperly,4499237,-0.9,-13.4,0.0,0.0,0.0,0.0,3,12.2,21.2,36,Overcast,0,0,
85241,2021-09-05 03:19:00,40.864655,-73.813866,0,1,Unspecified,4455132,24.5,16.9,1.0,1.0,0.0,6.0,51,15.5,42.5,204,Drizzle: Light,20,1,
85242,2021-09-06 17:04:00,40.66157,-73.91548,1,0,Unspecified,4454393,26.9,18.4,0.0,0.0,0.0,0.0,3,19.6,37.8,273,Overcast,1,1,
85243,2021-09-06 20:00:00,40.75592,-73.9749,0,0,Other Vehicular,4454553,26.9,18.4,0.0,0.0,0.0,0.0,3,19.6,37.8,273,Overcast,0,0,
85244,2021-09-06 22:06:00,40.81175,-73.93144,0,0,Unspecified,4454455,26.9,18.4,0.0,0.0,0.0,0.0,3,19.6,37.8,273,Overcast,0,0,
85245,2021-09-06 17:48:00,40.75763,-73.865685,2,0,Driver Inattention/Distraction,4454943,26.9,18.4,0.0,0.0,0.0,0.0,3,19.6,37.8,273,Overcast,2,2,
85246,2021-09-06 00:32:00,40.88809,-73.89254,0,0,Driver Inattention/Distraction,4454907,26.9,18.4,0.0,0.0,0.0,0.0,3,19.6,37.8,273,Overcast,0,0,
85247,2021-09-06 18:32:00,40.740036,-73.85289,0,0,Unspecified,4454434,26.9,18.4,0.0,0.0,0.0,0.0,3,19.6,37.8,273,Overcast,0,0,
85248,2021-09-06 21:13:00,40.66597,-73.928604,1,0,Driver Inattention/Distraction,4454641,26.9,18.4,0.0,0.0,0.0,0.0,3,19.6,37.8,273,Overcast,1,1,
85249,2021-09-06 16:28:00,40.85713,-73.8808,0,0,Following Too Closely,4454483,26.9,18.4,0.0,0.0,0.0,0.0,3,19.6,37.8,273,Overcast,0,0,
85250,2021-09-05 06:21:00,40.683784,-73.769745,0,0,Fell Asleep,4454881,24.5,16.9,1.0,1.0,0.0,6.0,51,15.5,42.5,204,Drizzle: Light,0,0,
85251,2021-09-06 16:41:00,40.676937,-73.92183,1,0,Driver Inattention/Distraction,4454984,26.9,18.4,0.0,0.0,0.0,0.0,3,19.6,37.8,273,Overcast,1,1,
85252,2021-09-06 00:30:00,40.69222,-73.847496,0,0,Passing or Lane Usage Improper,4454167,26.9,18.4,0.0,0.0,0.0,0.0,3,19.6,37.8,273,Overcast,0,0,
85253,2021-09-06 21:00:00,40.721397,-73.95605,0,0,Driver Inattention/Distraction,4454497,26.9,18.4,0.0,0.0,0.0,0.0,3,19.6,37.8,273,Overcast,0,0,
85254,2021-09-05 05:00:00,40.643303,-73.974106,3,0,Unspecified,4454940,24.5,16.9,1.0,1.0,0.0,6.0,51,15.5,42.5,204,Drizzle: Light,3,3,
85255,2021-09-06 14:08:00,40.759457,-73.93589,1,0,Unspecified,4454970,26.9,18.4,0.0,0.0,0.0,0.0,3,19.6,37.8,273,Overcast,1,1,
85256,2021-09-06 04:45:00,40.666233,-73.761,0,0,Following Too Closely,4454221,26.9,18.4,0.0,0.0,0.0,0.0,3,19.6,37.8,273,Overcast,0,0,
85257,2021-09-06 15:00:00,40.6285,-73.97463,0,0,Driver Inattention/Distraction,4454361,26.9,18.4,0.0,0.0,0.0,0.0,3,19.6,37.8,273,Overcast,0,0,
85258,2021-09-06 18:10:00,40.649918,-74.01226,1,0,Unspecified,4454607,26.9,18.4,0.0,0.0,0.0,0.0,3,19.6,37.8,273,Overcast,1,1,
85259,2021-09-06 23:10:00,40.67221,-73.734634,1,0,Unspecified,4454646,26.9,18.4,0.0,0.0,0.0,0.0,3,19.6,37.8,273,Overcast,1,1,
85260,2021-09-06 05:45:00,40.706356,-73.900276,0,0,Failure to Yield Right-of-Way,4454714,26.9,18.4,0.0,0.0,0.0,0.0,3,19.6,37.8,273,Overcast,0,0,
85261,2021-09-06 15:50:00,40.619568,-73.98628,0,0,Turning Improperly,4454332,26.9,18.4,0.0,0.0,0.0,0.0,3,19.6,37.8,273,Overcast,0,0,
85262,2021-09-06 07:22:00,40.624435,-74.03948,0,0,Alcohol Involvement,4454283,26.9,18.4,0.0,0.0,0.0,0.0,3,19.6,37.8,273,Overcast,0,0,
85263,2021-09-05 23:20:00,40.617786,-74.08111,0,0,Unspecified,4455032,24.5,16.9,1.0,1.0,0.0,6.0,51,15.5,42.5,204,Drizzle: Light,0,0,
85264,2021-09-06 13:13:00,40.60106,-73.93427,0,0,Unspecified,4454312,26.9,18.4,0.0,0.0,0.0,0.0,3,19.6,37.8,273,Overcast,0,0,
85265,2021-09-06 11:53:00,40.69261,-73.80314,0,0,Traffic Control Disregarded,4454284,26.9,18.4,0.0,0.0,0.0,0.0,3,19.6,37.8,273,Overcast,0,0,
85266,2021-08-04 00:01:00,40.71654,-73.996994,0,0,Unspecified,4454955,24.3,17.5,0.1,0.1,0.0,1.0,51,13.7,27.4,57,Drizzle: Light,0,0,
85267,2021-09-06 15:41:00,40.679054,-73.76184,0,0,Passing or Lane Usage Improper,4454356,26.9,18.4,0.0,0.0,0.0,0.0,3,19.6,37.8,273,Overcast,0,0,
85268,2022-02-01 08:00:00,40.686237,-73.839066,1,0,Traffic Control Disregarded,4499343,-0.9,-13.4,0.0,0.0,0.0,0.0,3,12.2,21.2,36,Overcast,1,1,
85269,2021-09-06 21:00:00,40.84519,-73.9112,3,0,Following Too Closely,4454711,26.9,18.4,0.0,0.0,0.0,0.0,3,19.6,37.8,273,Overcast,3,3,
85270,2021-09-06 19:24:00,40.838715,-73.91998,1,0,Other Vehicular,4454511,26.9,18.4,0.0,0.0,0.0,0.0,3,19.6,37.8,273,Overcast,1,1,
85271,2021-09-06 22:38:00,40.627747,-73.92009,0,0,Unspecified,4454772,26.9,18.4,0.0,0.0,0.0,0.0,3,19.6,37.8,273,Overcast,0,0,
85272,2021-09-06 14:41:00,40.88271,-73.881256,1,0,Unspecified,4454611,26.9,18.4,0.0,0.0,0.0,0.0,3,19.6,37.8,273,Overcast,1,1,
85273,2021-09-06 21:50:00,40.792255,-73.948395,0,0,Backing Unsafely,4454725,26.9,18.4,0.0,0.0,0.0,0.0,3,19.6,37.8,273,Overcast,0,0,
85274,2021-09-06 01:40:00,40.67824,-73.909966,0,0,Unspecified,4454271,26.9,18.4,0.0,0.0,0.0,0.0,3,19.6,37.8,273,Overcast,0,0,
85275,2021-09-06 21:55:00,40.68329,-73.81153,0,0,Turning Improperly,4454443,26.9,18.4,0.0,0.0,0.0,0.0,3,19.6,37.8,273,Overcast,0,0,
85276,2021-09-05 12:10:00,40.61956,-74.01537,1,0,Traffic Control Disregarded,4455013,24.5,16.9,1.0,1.0,0.0,6.0,51,15.5,42.5,204,Drizzle: Light,1,1,
85277,2021-09-06 15:53:00,40.876877,-73.9034,1,0,Unspecified,4454898,26.9,18.4,0.0,0.0,0.0,0.0,3,19.6,37.8,273,Overcast,1,1,
85278,2021-08-31 17:45:00,40.72755,-73.89548,1,0,Failure to Yield Right-of-Way,4455034,28.5,21.2,0.0,0.0,0.0,0.0,3,15.5,29.9,301,Overcast,1,1,
85279,2021-09-06 23:05:00,40.61796,-73.99138,1,0,Unspecified,4454406,26.9,18.4,0.0,0.0,0.0,0.0,3,19.6,37.8,273,Overcast,1,1,
85280,2021-08-05 16:24:00,40.861862,-73.91275,0,0,Unspecified,4454959,27.1,17.4,0.1,0.1,0.0,1.0,51,13.2,27.0,5,Drizzle: Light,0,0,
85281,2021-09-06 10:27:00,40.695347,-73.74079,0,0,Unspecified,4454293,26.9,18.4,0.0,0.0,0.0,0.0,3,19.6,37.8,273,Overcast,0,0,
85282,2021-09-04 12:00:00,40.60242,-73.99459,0,0,Failure to Yield Right-of-Way,4454880,25.2,14.5,0.0,0.0,0.0,0.0,3,15.4,27.0,289,Overcast,0,0,
85283,2021-09-06 21:57:00,40.72118,-73.95866,0,0,Backing Unsafely,4454632,26.9,18.4,0.0,0.0,0.0,0.0,3,19.6,37.8,273,Overcast,0,0,
85284,2021-09-06 05:30:00,40.666275,-73.93415,1,0,Driver Inattention/Distraction,4454665,26.9,18.4,0.0,0.0,0.0,0.0,3,19.6,37.8,273,Overcast,1,1,
85285,2021-09-06 16:15:00,40.692127,-73.83484,0,0,Failure to Yield Right-of-Way,4454872,26.9,18.4,0.0,0.0,0.0,0.0,3,19.6,37.8,273,Overcast,0,0,
85286,2021-09-04 20:40:00,40.86923,-73.89604,0,0,Unspecified,4454950,25.2,14.5,0.0,0.0,0.0,0.0,3,15.4,27.0,289,Overcast,0,0,
85287,2021-09-06 22:40:00,40.667713,-73.77792,2,0,Unsafe Lane Changing,4454467,26.9,18.4,0.0,0.0,0.0,0.0,3,19.6,37.8,273,Overcast,2,2,
85288,2021-09-01 17:05:00,40.69089,-73.94253,1,0,Passing or Lane Usage Improper,4454916,23.2,18.4,121.7,121.7,0.0,18.0,65,43.2,78.5,42,Rain: Heavy,1,1,
85289,2021-09-06 23:50:00,40.62656,-74.15199,1,0,Driver Inexperience,4454503,26.9,18.4,0.0,0.0,0.0,0.0,3,19.6,37.8,273,Overcast,1,1,
85290,2021-09-06 20:50:00,40.67156,-73.84783,0,0,Turning Improperly,4454430,26.9,18.4,0.0,0.0,0.0,0.0,3,19.6,37.8,273,Overcast,0,0,
85291,2021-09-06 17:00:00,40.82084,-73.87266,0,0,Unspecified,4454595,26.9,18.4,0.0,0.0,0.0,0.0,3,19.6,37.8,273,Overcast,0,0,
85292,2021-09-04 15:18:00,40.762917,-73.98566,1,0,Following Too Closely,4454993,25.2,14.5,0.0,0.0,0.0,0.0,3,15.4,27.0,289,Overcast,1,1,
85293,2021-09-06 13:15:00,40.858162,-73.91699,1,0,Passing or Lane Usage Improper,4454369,26.9,18.4,0.0,0.0,0.0,0.0,3,19.6,37.8,273,Overcast,1,1,
85294,2021-09-02 18:22:00,40.87947,-73.89709,0,0,Unspecified,4454887,24.5,15.0,24.6,24.6,0.0,5.0,65,43.0,83.5,344,Rain: Heavy,0,0,
85295,2021-09-04 22:50:00,40.71397,-73.92357,0,0,Driver Inattention/Distraction,4455048,25.2,14.5,0.0,0.0,0.0,0.0,3,15.4,27.0,289,Overcast,0,0,
85296,2021-09-06 18:30:00,40.651974,-73.86542,0,0,Unspecified,4454533,26.9,18.4,0.0,0.0,0.0,0.0,3,19.6,37.8,273,Overcast,0,0,
85297,2021-09-06 18:35:00,40.737682,-73.85206,1,0,Driver Inattention/Distraction,4454435,26.9,18.4,0.0,0.0,0.0,0.0,3,19.6,37.8,273,Overcast,1,1,
85298,2021-09-06 17:00:00,40.673996,-73.866806,0,0,Unspecified,4454534,26.9,18.4,0.0,0.0,0.0,0.0,3,19.6,37.8,273,Overcast,0,0,
85299,2022-07-06 21:44:00,40.881176,-73.840744,0,0,Passing or Lane Usage Improper,4544212,31.6,21.7,0.2,0.2,0.0,1.0,51,19.0,37.1,299,Drizzle: Light,0,0,
85300,2021-09-02 00:00:00,40.83758,-73.8589,0,0,Unspecified,4454930,24.5,15.0,24.6,24.6,0.0,5.0,65,43.0,83.5,344,Rain: Heavy,0,0,
85301,2021-09-06 01:20:00,40.817207,-73.916,1,0,Failure to Yield Right-of-Way,4454119,26.9,18.4,0.0,0.0,0.0,0.0,3,19.6,37.8,273,Overcast,1,1,
85302,2021-09-06 13:35:00,40.86804,-73.879105,1,0,Unsafe Speed,4454965,26.9,18.4,0.0,0.0,0.0,0.0,3,19.6,37.8,273,Overcast,1,1,
85303,2021-09-06 16:09:00,40.642643,-73.948715,1,0,Driver Inattention/Distraction,4454402,26.9,18.4,0.0,0.0,0.0,0.0,3,19.6,37.8,273,Overcast,1,1,
85304,2021-09-06 17:40:00,40.88473,-73.81571,0,0,Unspecified,4454828,26.9,18.4,0.0,0.0,0.0,0.0,3,19.6,37.8,273,Overcast,0,0,
85305,2021-08-29 11:00:00,40.647434,-73.958824,0,0,Unspecified,4455043,24.5,19.7,2.5,2.5,0.0,9.0,53,13.6,25.6,98,Drizzle: Moderate,0,0,
85306,2021-09-06 01:10:00,40.75326,-73.864456,0,0,Driver Inexperience,4454195,26.9,18.4,0.0,0.0,0.0,0.0,3,19.6,37.8,273,Overcast,0,0,
85307,2021-09-06 20:13:00,40.75307,-73.79238,0,0,Pedestrian/Bicyclist/Other Pedestrian Error/Confusion,4454367,26.9,18.4,0.0,0.0,0.0,0.0,3,19.6,37.8,273,Overcast,0,0,
85308,2021-09-06 17:58:00,40.621994,-73.94598,1,0,Traffic Control Disregarded,4454488,26.9,18.4,0.0,0.0,0.0,0.0,3,19.6,37.8,273,Overcast,1,1,
85309,2021-09-05 14:00:00,40.714935,-73.81636,1,0,Driver Inattention/Distraction,4454974,24.5,16.9,1.0,1.0,0.0,6.0,51,15.5,42.5,204,Drizzle: Light,1,1,
85310,2021-09-06 11:30:00,40.677032,-73.824684,0,0,Failure to Yield Right-of-Way,4454431,26.9,18.4,0.0,0.0,0.0,0.0,3,19.6,37.8,273,Overcast,0,0,
85311,2021-09-06 22:06:00,40.83406,-73.944885,4,0,Failure to Yield Right-of-Way,4454818,26.9,18.4,0.0,0.0,0.0,0.0,3,19.6,37.8,273,Overcast,4,4,
85312,2021-09-02 03:33:00,40.88742,-73.89449,0,0,Backing Unsafely,4454886,24.5,15.0,24.6,24.6,0.0,5.0,65,43.0,83.5,344,Rain: Heavy,0,0,
85313,2021-09-06 20:54:00,40.753613,-73.992424,0,0,Unspecified,4454457,26.9,18.4,0.0,0.0,0.0,0.0,3,19.6,37.8,273,Overcast,0,0,
85314,2021-08-31 20:40:00,40.72656,-73.83802,0,0,Passing or Lane Usage Improper,4455101,28.5,21.2,0.0,0.0,0.0,0.0,3,15.5,29.9,301,Overcast,0,0,
85315,2021-09-06 18:21:00,40.628796,-73.98785,1,0,Unspecified,4454958,26.9,18.4,0.0,0.0,0.0,0.0,3,19.6,37.8,273,Overcast,1,1,
85316,2021-09-06 04:48:00,40.80549,-73.91031,4,0,Failure to Yield Right-of-Way,4454291,26.9,18.4,0.0,0.0,0.0,0.0,3,19.6,37.8,273,Overcast,4,4,
85317,2021-09-06 13:35:00,40.717014,-73.7994,8,0,Unspecified,4454321,26.9,18.4,0.0,0.0,0.0,0.0,3,19.6,37.8,273,Overcast,8,8,
85318,2021-09-06 14:44:00,40.82186,-73.88834,0,0,Unspecified,4454624,26.9,18.4,0.0,0.0,0.0,0.0,3,19.6,37.8,273,Overcast,0,0,
85319,2021-09-02 07:59:00,40.818848,-73.887634,0,0,Other Vehicular,4455077,24.5,15.0,24.6,24.6,0.0,5.0,65,43.0,83.5,344,Rain: Heavy,0,0,
85320,2021-09-06 18:30:00,40.669975,-73.91988,1,0,Unspecified,4454396,26.9,18.4,0.0,0.0,0.0,0.0,3,19.6,37.8,273,Overcast,1,1,
85321,2021-09-06 00:15:00,40.65255,-73.93049,1,0,Passing or Lane Usage Improper,4454744,26.9,18.4,0.0,0.0,0.0,0.0,3,19.6,37.8,273,Overcast,1,1,
85322,2021-08-25 07:00:00,40.704212,-74.011566,0,0,Unspecified,4454983,31.2,20.1,0.0,0.0,0.0,0.0,3,10.2,18.7,277,Overcast,0,0,
85323,2021-09-06 03:06:00,40.65844,-73.91514,0,0,Unspecified,4454272,26.9,18.4,0.0,0.0,0.0,0.0,3,19.6,37.8,273,Overcast,0,0,