,CRASH DATETIME,LATITUDE,LONGITUDE,NUMBER OF PERSONS INJURED,NUMBER OF PERSONS KILLED,CONTRIBUTING FACTOR VEHICLE 1,COLLISION_ID,temperature_2m_max,temperature_2m_min,precipitation_sum,rain_sum,snowfall_sum,precipitation_hours,weather_code,wind_speed_10m_max,wind_gusts_10m_max,wind_direction_10m_dominant,Weather Description,Severity_Score,Total_Affected_Persons,Weather_Category
85324,2021-09-06 19:08:00,40.692665,-73.960785,0,0,Driver Inattention/Distraction,4454543,26.9,18.4,0.0,0.0,0.0,0.0,3,19.6,37.8,273,Overcast,0,0,
85325,2021-09-06 13:50:00,40.63043,-73.88593,1,0,Unspecified,4454633,26.9,18.4,0.0,0.0,0.0,0.0,3,19.6,37.8,273,Overcast,1,1,
85326,2021-09-06 09:15:00,40.69346,-73.81861,0,0,Driver Inattention/Distraction,4454298,26.9,18.4,0.0,0.0,0.0,0.0,3,19.6,37.8,273,Overcast,0,0,
85327,2021-09-01 05:30:00,40.8843,-73.90332,1,0,Traffic Control Disregarded,4454899,23.2,18.4,121.7,121.7,0.0,18.0,65,43.2,78.5,42,Rain: Heavy,1,1,
85328,2021-09-06 17:10:00,40.752754,-73.851906,0,0,Driver Inattention/Distraction,4454947,26.9,18.4,0.0,0.0,0.0,0.0,3,19.6,37.8,273,Overcast,0,0,
85329,2021-09-06 12:59:00,40.64906,-73.91326,0,0,Unspecified,4454782,26.9,18.4,0.0,0.0,0.0,0.0,3,19.6,37.8,273,Overcast,0,0,
85330,2021-09-06 17:30:00,40.58635,-73.89665,2,0,Unspecified,4454381,26.9,18.4,0.0,0.0,0.0,0.0,3,19.6,37.8,273,Overcast,2,2,
85331,2021-09-06 02:37:00,40.83128,-73.8903,0,0,Unspecified,4454447,26.9,18.4,0.0,0.0,0.0,0.0,3,19.6,37.8,273,Overcast,0,0,
85332,2021-09-06 22:59:00,40.67948,-73.93291,1,0,Driver Inattention/Distraction,4455016,26.9,18.4,0.0,0.0,0.0,0.0,3,19.6,37.8,273,Overcast,1,1,
85333,2021-09-05 20:50:00,40.723274,-73.99122,0,0,Driver Inattention/Distraction,4454893,24.5,16.9,1.0,1.0,0.0,6.0,51,15.5,42.5,204,Drizzle: Light,0,0,
85334,2021-09-06 02:00:00,40.879745,-73.88467,0,0,Unspecified,4454610,26.9,18.4,0.0,0.0,0.0,0.0,3,19.6,37.8,273,Overcast,0,0,
85335,2021-09-06 02:45:00,40.68981,-73.72854,0,0,Unspecified,4454220,26.9,18.4,0.0,0.0,0.0,0.0,3,19.6,37.8,273,Overcast,0,0,
85336,2021-09-06 15:04:00,40.878807,-73.86388,1,0,Driver Inattention/Distraction,4454724,26.9,18.4,0.0,0.0,0.0,0.0,3,19.6,37.8,273,Overcast,1,1,
85337,2021-09-06 12:15:00,40.69595,-73.9824,0,0,Other Vehicular,4454357,26.9,18.4,0.0,0.0,0.0,0.0,3,19.6,37.8,273,Overcast,0,0,
85338,2021-09-06 22:40:00,40.677883,-73.74561,0,0,Unspecified,4454640,26.9,18.4,0.0,0.0,0.0,0.0,3,19.6,37.8,273,Overcast,0,0,
85339,2021-09-06 20:00:00,40.576504,-74.1037,3,0,Reaction to Uninvolved Vehicle,4454580,26.9,18.4,0.0,0.0,0.0,0.0,3,19.6,37.8,273,Overcast,3,3,
85340,2021-09-06 09:20:00,40.856388,-73.90177,0,0,Driver Inattention/Distraction,4454473,26.9,18.4,0.0,0.0,0.0,0.0,3,19.6,37.8,273,Overcast,0,0,
85341,2021-09-04 08:05:00,40.8566,-73.82646,2,0,Other Vehicular,4454954,25.2,14.5,0.0,0.0,0.0,0.0,3,15.4,27.0,289,Overcast,2,2,
85342,2021-09-06 22:35:00,40.741344,-73.95459,0,0,Driver Inattention/Distraction,4454509,26.9,18.4,0.0,0.0,0.0,0.0,3,19.6,37.8,273,Overcast,0,0,
85343,2021-07-31 23:24:00,40.72433,-73.9966,0,0,Driver Inattention/Distraction,4454894,25.6,14.5,0.0,0.0,0.0,0.0,2,16.8,33.8,304,Partly cloudy,0,0,
85344,2021-09-06 16:00:00,40.82309,-73.956345,0,0,Unspecified,4454405,26.9,18.4,0.0,0.0,0.0,0.0,3,19.6,37.8,273,Overcast,0,0,
85345,2021-09-06 17:36:00,40.660763,-73.92008,0,0,Following Too Closely,4454746,26.9,18.4,0.0,0.0,0.0,0.0,3,19.6,37.8,273,Overcast,0,0,
85346,2021-09-06 14:20:00,40.677715,-73.81497,0,0,Passing or Lane Usage Improper,4454446,26.9,18.4,0.0,0.0,0.0,0.0,3,19.6,37.8,273,Overcast,0,0,
85347,2021-09-06 22:06:00,40.662926,-73.76496,1,0,Unspecified,4454645,26.9,18.4,0.0,0.0,0.0,0.0,3,19.6,37.8,273,Overcast,1,1,
85348,2021-09-06 02:25:00,40.74577,-73.97043,0,0,Unspecified,4454226,26.9,18.4,0.0,0.0,0.0,0.0,3,19.6,37.8,273,Overcast,0,0,
85349,2021-09-06 15:47:00,40.601948,-73.99382,0,0,Failure to Yield Right-of-Way,4454329,26.9,18.4,0.0,0.0,0.0,0.0,3,19.6,37.8,273,Overcast,0,0,
85350,2021-09-06 13:01:00,40.675735,-73.89686,1,0,Failure to Yield Right-of-Way,4454535,26.9,18.4,0.0,0.0,0.0,0.0,3,19.6,37.8,273,Overcast,1,1,
85351,2021-09-06 06:09:00,40.63633,-73.94705,0,0,Unspecified,4454401,26.9,18.4,0.0,0.0,0.0,0.0,3,19.6,37.8,273,Overcast,0,0,
85352,2021-09-06 12:10:00,40.675186,-73.873436,1,0,Failure to Yield Right-of-Way,4454529,26.9,18.4,0.0,0.0,0.0,0.0,3,19.6,37.8,273,Overcast,1,1,
85353,2021-09-06 16:38:00,40.684887,-74.00111,0,0,Unspecified,4454914,26.9,18.4,0.0,0.0,0.0,0.0,3,19.6,37.8,273,Overcast,0,0,
85354,2021-09-06 22:11:00,40.706013,-74.00882,0,0,Passing Too Closely,4454466,26.9,18.4,0.0,0.0,0.0,0.0,3,19.6,37.8,273,Overcast,0,0,
85355,2021-09-06 04:06:00,40.772526,-73.902466,0,0,Unspecified,4454932,26.9,18.4,0.0,0.0,0.0,0.0,3,19.6,37.8,273,Overcast,0,0,
85356,2021-09-06 00:57:00,40.683002,-73.81955,1,0,Alcohol Involvement,4454132,26.9,18.4,0.0,0.0,0.0,0.0,3,19.6,37.8,273,Overcast,1,1,
85357,2021-09-01 18:10:00,40.88131,-73.88141,0,0,Unsafe Speed,4454967,23.2,18.4,121.7,121.7,0.0,18.0,65,43.2,78.5,42,Rain: Heavy,0,0,
85358,2021-09-06 17:45:00,40.88473,-73.81571,0,0,Unspecified,4454827,26.9,18.4,0.0,0.0,0.0,0.0,3,19.6,37.8,273,Overcast,0,0,
85359,2021-09-05 02:30:00,40.650517,-73.92359,1,0,Unspecified,4455081,24.5,16.9,1.0,1.0,0.0,6.0,51,15.5,42.5,204,Drizzle: Light,1,1,
85360,2021-09-06 12:40:00,40.658306,-73.95666,1,0,Driver Inattention/Distraction,4454637,26.9,18.4,0.0,0.0,0.0,0.0,3,19.6,37.8,273,Overcast,1,1,
85361,2021-09-06 08:40:00,40.696453,-73.82682,0,0,Driver Inexperience,4454297,26.9,18.4,0.0,0.0,0.0,0.0,3,19.6,37.8,273,Overcast,0,0,
85362,2021-09-06 10:52:00,40.68424,-73.8461,0,0,Driver Inattention/Distraction,4454299,26.9,18.4,0.0,0.0,0.0,0.0,3,19.6,37.8,273,Overcast,0,0,
85363,2021-09-06 16:50:00,40.77124,-73.9038,0,0,Unspecified,4454596,26.9,18.4,0.0,0.0,0.0,0.0,3,19.6,37.8,273,Overcast,0,0,
85364,2021-09-04 18:11:00,40.543335,-74.164276,1,0,Passenger Distraction,4454964,25.2,14.5,0.0,0.0,0.0,0.0,3,15.4,27.0,289,Overcast,1,1,
85365,2021-09-06 13:35:00,40.70041,-73.90368,1,0,Passing or Lane Usage Improper,4454337,26.9,18.4,0.0,0.0,0.0,0.0,3,19.6,37.8,273,Overcast,1,1,
85366,2021-09-06 15:25:00,40.81636,-73.891815,2,0,Unspecified,4454626,26.9,18.4,0.0,0.0,0.0,0.0,3,19.6,37.8,273,Overcast,2,2,
85367,2021-09-03 16:33:00,40.85876,-73.89736,1,0,Failure to Yield Right-of-Way,4454991,21.9,14.0,0.0,0.0,0.0,0.0,3,14.5,30.2,321,Overcast,1,1,
85368,2021-09-06 15:33:00,40.6285,-73.89793,0,0,Driver Inattention/Distraction,4454373,26.9,18.4,0.0,0.0,0.0,0.0,3,19.6,37.8,273,Overcast,0,0,
85369,2021-09-01 13:55:00,40.821068,-73.89894,0,0,Turning Improperly,4455076,23.2,18.4,121.7,121.7,0.0,18.0,65,43.2,78.5,42,Rain: Heavy,0,0,
85370,2021-09-06 02:00:00,40.833065,-73.85974,0,0,Unsafe Speed,4454237,26.9,18.4,0.0,0.0,0.0,0.0,3,19.6,37.8,273,Overcast,0,0,
85371,2021-09-06 16:10:00,40.760532,-73.95836,0,0,Following Too Closely,4454597,26.9,18.4,0.0,0.0,0.0,0.0,3,19.6,37.8,273,Overcast,0,0,
85372,2021-09-06 16:20:00,40.846878,-73.920616,1,0,Failure to Yield Right-of-Way,4454657,26.9,18.4,0.0,0.0,0.0,0.0,3,19.6,37.8,273,Overcast,1,1,
85373,2021-09-06 20:27:00,40.58646,-73.81544,1,0,Alcohol Involvement,4454735,26.9,18.4,0.0,0.0,0.0,0.0,3,19.6,37.8,273,Overcast,1,1,
85374,2021-09-06 07:40:00,40.6717,-73.91458,0,0,Unspecified,4454273,26.9,18.4,0.0,0.0,0.0,0.0,3,19.6,37.8,273,Overcast,0,0,
85375,2021-09-06 02:30:00,40.69993,-73.90588,0,0,Unspecified,4454335,26.9,18.4,0.0,0.0,0.0,0.0,3,19.6,37.8,273,Overcast,0,0,
85376,2021-08-30 13:00:00,40.594334,-73.990944,0,0,Driver Inattention/Distraction,4455021,28.7,21.7,3.9,3.9,0.0,7.0,63,14.7,33.8,231,Rain: Moderate,0,0,
85377,2021-09-04 17:35:00,40.730194,-73.887566,1,0,Failure to Yield Right-of-Way,4455037,25.2,14.5,0.0,0.0,0.0,0.0,3,15.4,27.0,289,Overcast,1,1,
85378,2021-09-06 17:00:00,40.757656,-73.78229,0,0,Driver Inattention/Distraction,4454366,26.9,18.4,0.0,0.0,0.0,0.0,3,19.6,37.8,273,Overcast,0,0,
85379,2021-09-06 20:50:00,40.636215,-73.94872,1,0,Driver Inattention/Distraction,4454491,26.9,18.4,0.0,0.0,0.0,0.0,3,19.6,37.8,273,Overcast,1,1,
85380,2021-08-29 18:20:00,40.760353,-73.99124,1,0,Driver Inattention/Distraction,4454994,24.5,19.7,2.5,2.5,0.0,9.0,53,13.6,25.6,98,Drizzle: Moderate,1,1,
85381,2021-09-06 00:57:00,40.83335,-73.93524,2,0,Driver Inattention/Distraction,4454822,26.9,18.4,0.0,0.0,0.0,0.0,3,19.6,37.8,273,Overcast,2,2,
85382,2021-09-05 20:50:00,40.62591,-73.983406,1,0,Unspecified,4454957,24.5,16.9,1.0,1.0,0.0,6.0,51,15.5,42.5,204,Drizzle: Light,1,1,
85383,2021-09-06 07:52:00,40.82082,-73.91562,2,0,Passing or Lane Usage Improper,4454289,26.9,18.4,0.0,0.0,0.0,0.0,3,19.6,37.8,273,Overcast,2,2,
85384,2021-09-06 19:55:00,40.66827,-73.90263,1,0,Driver Inattention/Distraction,4454397,26.9,18.4,0.0,0.0,0.0,0.0,3,19.6,37.8,273,Overcast,1,1,
85385,2021-09-06 00:51:00,40.66362,-73.777176,1,0,Unspecified,4454225,26.9,18.4,0.0,0.0,0.0,0.0,3,19.6,37.8,273,Overcast,1,1,
85386,2021-09-06 18:55:00,40.74831,-73.82599,0,0,Passing or Lane Usage Improper,4454359,26.9,18.4,0.0,0.0,0.0,0.0,3,19.6,37.8,273,Overcast,0,0,
85387,2021-09-06 17:11:00,40.85119,-73.844315,0,0,Following Too Closely,4454590,26.9,18.4,0.0,0.0,0.0,0.0,3,19.6,37.8,273,Overcast,0,0,
85388,2021-09-06 16:00:00,40.685276,-73.77241,2,0,Unsafe Speed,4454348,26.9,18.4,0.0,0.0,0.0,0.0,3,19.6,37.8,273,Overcast,2,2,
85389,2021-09-06 02:25:00,40.678944,-73.83447,0,0,Alcohol Involvement,4454432,26.9,18.4,0.0,0.0,0.0,0.0,3,19.6,37.8,273,Overcast,0,0,
85390,2021-09-06 00:00:00,40.812073,-73.93604,0,0,Passing or Lane Usage Improper,4454618,26.9,18.4,0.0,0.0,0.0,0.0,3,19.6,37.8,273,Overcast,0,0,
85391,2021-09-06 11:38:00,40.57858,-73.9884,0,0,Turning Improperly,4454720,26.9,18.4,0.0,0.0,0.0,0.0,3,19.6,37.8,273,Overcast,0,0,
85392,2021-09-06 14:20:00,40.68756,-73.72773,2,0,Unspecified,4454644,26.9,18.4,0.0,0.0,0.0,0.0,3,19.6,37.8,273,Overcast,2,2,
85393,2021-09-06 17:30:00,40.579212,-73.976265,0,0,Backing Unsafely,4454480,26.9,18.4,0.0,0.0,0.0,0.0,3,19.6,37.8,273,Overcast,0,0,
85394,2022-09-06 20:30:00,40.854168,-73.93371,1,0,Driver Inattention/Distraction,4567874,22.4,20.3,31.1,31.1,0.0,20.0,63,19.9,35.6,120,Rain: Moderate,1,1,
85395,2021-09-06 14:40:00,40.682564,-73.87605,0,0,Backing Unsafely,4454416,26.9,18.4,0.0,0.0,0.0,0.0,3,19.6,37.8,273,Overcast,0,0,
85396,2021-09-05 12:20:00,40.546707,-74.19913,0,0,Driver Inattention/Distraction,4454901,24.5,16.9,1.0,1.0,0.0,6.0,51,15.5,42.5,204,Drizzle: Light,0,0,
85397,2021-09-06 20:07:00,40.665916,-73.92547,0,0,Unspecified,4454404,26.9,18.4,0.0,0.0,0.0,0.0,3,19.6,37.8,273,Overcast,0,0,
85398,2021-09-06 00:54:00,40.8628,-73.84539,2,0,Other Vehicular,4454211,26.9,18.4,0.0,0.0,0.0,0.0,3,19.6,37.8,273,Overcast,2,2,
85399,2021-09-03 15:00:00,40.703342,-73.80021,1,0,Driver Inattention/Distraction,4454937,21.9,14.0,0.0,0.0,0.0,0.0,3,14.5,30.2,321,Overcast,1,1,
85400,2021-09-06 14:00:00,40.87626,-73.90395,0,0,Driver Inattention/Distraction,4454322,26.9,18.4,0.0,0.0,0.0,0.0,3,19.6,37.8,273,Overcast,0,0,
85401,2021-08-24 21:00:00,40.776627,-73.74399,0,0,Unspecified,4455108,30.6,21.9,0.0,0.0,0.0,0.0,1,13.9,28.1,291,Mainly clear,0,0,Sunny/Clear Conditions
85402,2021-08-20 15:00:00,40.768124,-73.92891,0,0,Unspecified,4454977,26.9,22.0,1.1,1.1,0.0,5.0,53,12.4,22.0,310,Drizzle: Moderate,0,0,
85403,2021-09-06 00:00:00,40.854996,-73.89515,0,0,Driver Inattention/Distraction,4454848,26.9,18.4,0.0,0.0,0.0,0.0,3,19.6,37.8,273,Overcast,0,0,
85404,2021-09-06 14:20:00,40.77855,-73.951256,1,0,Driver Inattention/Distraction,4454458,26.9,18.4,0.0,0.0,0.0,0.0,3,19.6,37.8,273,Overcast,1,1,
85405,2021-09-06 10:30:00,40.583057,-73.973114,1,0,Following Too Closely,4454569,26.9,18.4,0.0,0.0,0.0,0.0,3,19.6,37.8,273,Overcast,1,1,
85406,2021-09-05 08:03:00,40.760403,-73.98748,0,0,Driver Inattention/Distraction,4454875,24.5,16.9,1.0,1.0,0.0,6.0,51,15.5,42.5,204,Drizzle: Light,0,0,
85407,2021-09-06 05:56:00,40.684055,-73.82312,0,0,Passing or Lane Usage Improper,4454439,26.9,18.4,0.0,0.0,0.0,0.0,3,19.6,37.8,273,Overcast,0,0,
85408,2021-09-06 20:30:00,40.677834,-73.88509,1,0,Driver Inattention/Distraction,4454382,26.9,18.4,0.0,0.0,0.0,0.0,3,19.6,37.8,273,Overcast,1,1,
85409,2021-09-03 19:17:00,40.561707,-74.172264,0,0,Driver Inattention/Distraction,4454923,21.9,14.0,0.0,0.0,0.0,0.0,3,14.5,30.2,321,Overcast,0,0,
85410,2021-09-06 10:30:00,40.757065,-73.87113,0,0,Driver Inattention/Distraction,4454946,26.9,18.4,0.0,0.0,0.0,0.0,3,19.6,37.8,273,Overcast,0,0,
85411,2021-09-06 08:15:00,40.865875,-73.891075,0,0,Unspecified,4454609,26.9,18.4,0.0,0.0,0.0,0.0,3,19.6,37.8,273,Overcast,0,0,
85412,2021-09-06 20:29:00,40.676743,-73.93316,1,0,Aggressive Driving/Road Rage,4454790,26.9,18.4,0.0,0.0,0.0,0.0,3,19.6,37.8,273,Overcast,1,1,
85413,2021-09-06 20:25:00,40.6769,-73.78158,1,0,Turning Improperly,4454469,26.9,18.4,0.0,0.0,0.0,0.0,3,19.6,37.8,273,Overcast,1,1,
85414,2021-09-06 15:50:00,40.674385,-73.87897,0,0,Traffic Control Disregarded,4454531,26.9,18.4,0.0,0.0,0.0,0.0,3,19.6,37.8,273,Overcast,0,0,
85415,2021-08-25 14:22:00,40.819504,-73.897896,1,0,Unsafe Speed,4454990,31.2,20.1,0.0,0.0,0.0,0.0,3,10.2,18.7,277,Overcast,1,1,
85416,2021-08-12 10:30:00,40.88145,-73.91685,0,0,Driver Inattention/Distraction,4454890,35.2,23.1,0.0,0.0,0.0,0.0,3,21.0,47.5,220,Overcast,0,0,
85417,2021-09-06 05:05:00,40.643063,-73.95166,2,0,Unspecified,4455082,26.9,18.4,0.0,0.0,0.0,0.0,3,19.6,37.8,273,Overcast,2,2,
85418,2021-09-02 18:06:00,40.75024,-73.998604,1,0,Failure to Yield Right-of-Way,4454895,24.5,15.0,24.6,24.6,0.0,5.0,65,43.0,83.5,344,Rain: Heavy,1,1,
85419,2021-09-06 00:10:00,40.692318,-73.8609,0,0,Unspecified,4454164,26.9,18.4,0.0,0.0,0.0,0.0,3,19.6,37.8,273,Overcast,0,0,
85420,2021-09-06 10:40:00,40.770054,-73.914406,1,0,Fatigued/Drowsy,4454968,26.9,18.4,0.0,0.0,0.0,0.0,3,19.6,37.8,273,Overcast,1,1,
85421,2021-09-06 14:45:00,40.668358,-73.87421,0,0,Other Vehicular,4454415,26.9,18.4,0.0,0.0,0.0,0.0,3,19.6,37.8,273,Overcast,0,0,
85422,2021-09-06 19:30:00,40.686966,-73.73832,2,0,Driver Inattention/Distraction,4454638,26.9,18.4,0.0,0.0,0.0,0.0,3,19.6,37.8,273,Overcast,2,2,
85423,2021-09-06 12:00:00,40.846863,-73.90142,0,0,Backing Unsafely,4454300,26.9,18.4,0.0,0.0,0.0,0.0,3,19.6,37.8,273,Overcast,0,0,
85424,2021-09-06 20:23:00,40.58706,-73.949066,0,0,Unspecified,4454629,26.9,18.4,0.0,0.0,0.0,0.0,3,19.6,37.8,273,Overcast,0,0,
85425,2021-09-03 11:00:00,40.544487,-74.176506,1,0,Driver Inattention/Distraction,4454952,21.9,14.0,0.0,0.0,0.0,0.0,3,14.5,30.2,321,Overcast,1,1,
85426,2021-09-03 11:38:00,40.582233,-74.16907,0,0,Driver Inattention/Distraction,4454870,21.9,14.0,0.0,0.0,0.0,0.0,3,14.5,30.2,321,Overcast,0,0,
85427,2021-09-06 23:39:00,40.84519,-73.9112,0,0,Driver Inattention/Distraction,4454477,26.9,18.4,0.0,0.0,0.0,0.0,3,19.6,37.8,273,Overcast,0,0,
85428,2021-09-06 21:30:00,40.645008,-73.99505,0,0,Driver Inattention/Distraction,4454507,26.9,18.4,0.0,0.0,0.0,0.0,3,19.6,37.8,273,Overcast,0,0,
85429,2021-09-06 19:20:00,40.795525,-73.97594,0,0,Unsafe Lane Changing,4454593,26.9,18.4,0.0,0.0,0.0,0.0,3,19.6,37.8,273,Overcast,0,0,
85430,2021-09-06 16:24:00,40.680115,-73.75324,0,0,Passing or Lane Usage Improper,4454346,26.9,18.4,0.0,0.0,0.0,0.0,3,19.6,37.8,273,Overcast,0,0,
85431,2021-09-06 22:36:00,40.625256,-73.9987,1,0,Driver Inattention/Distraction,4454371,26.9,18.4,0.0,0.0,0.0,0.0,3,19.6,37.8,273,Overcast,1,1,
85432,2021-09-04 12:45:00,40.810192,-73.88632,0,0,Unspecified,4455074,25.2,14.5,0.0,0.0,0.0,0.0,3,15.4,27.0,289,Overcast,0,0,
85433,2021-09-06 07:00:00,40.83003,-73.86786,0,0,Unspecified,4454238,26.9,18.4,0.0,0.0,0.0,0.0,3,19.6,37.8,273,Overcast,0,0,
85434,2021-09-02 08:38:00,40.6656,-73.74648,0,0,Following Too Closely,4454963,24.5,15.0,24.6,24.6,0.0,5.0,65,43.0,83.5,344,Rain: Heavy,0,0,
85435,2021-09-06 17:23:00,40.703697,-73.966545,1,0,Other Vehicular,4454349,26.9,18.4,0.0,0.0,0.0,0.0,3,19.6,37.8,273,Overcast,1,1,
85436,2021-09-06 21:45:00,40.68857,-73.8723,0,0,Passing Too Closely,4454391,26.9,18.4,0.0,0.0,0.0,0.0,3,19.6,37.8,273,Overcast,0,0,
85437,2021-09-06 03:55:00,40.717564,-73.781494,0,0,Driver Inattention/Distraction,4454797,26.9,18.4,0.0,0.0,0.0,0.0,3,19.6,37.8,273,Overcast,0,0,
85438,2021-09-06 15:25:00,40.64456,-73.98836,3,0,Following Too Closely,4454662,26.9,18.4,0.0,0.0,0.0,0.0,3,19.6,37.8,273,Overcast,3,3,
85439,2021-09-06 12:30:00,40.87872,-73.850914,4,0,Driver Inattention/Distraction,4454697,26.9,18.4,0.0,0.0,0.0,0.0,3,19.6,37.8,273,Overcast,4,4,
85440,2021-09-06 02:04:00,40.753677,-73.87197,2,0,Fell Asleep,4454236,26.9,18.4,0.0,0.0,0.0,0.0,3,19.6,37.8,273,Overcast,2,2,
85441,2021-09-06 12:15:00,40.66632,-73.83481,3,0,Following Too Closely,4454445,26.9,18.4,0.0,0.0,0.0,0.0,3,19.6,37.8,273,Overcast,3,3,
85442,2021-09-06 04:32:00,40.76623,-73.915306,2,0,Unsafe Speed,4454598,26.9,18.4,0.0,0.0,0.0,0.0,3,19.6,37.8,273,Overcast,2,2,
85443,2023-01-17 17:10:00,40.722343,-73.77717,0,0,Unspecified,4598946,7.1,-2.3,0.9,0.9,0.0,2.0,53,13.2,24.5,254,Drizzle: Moderate,0,0,
85444,2021-09-06 01:18:00,40.66996,-73.89537,0,0,Outside Car Distraction,4454527,26.9,18.4,0.0,0.0,0.0,0.0,3,19.6,37.8,273,Overcast,0,0,
85445,2021-09-06 10:00:00,40.85187,-73.853775,0,0,Unspecified,4454296,26.9,18.4,0.0,0.0,0.0,0.0,3,19.6,37.8,273,Overcast,0,0,
85446,2021-09-06 10:14:00,40.643204,-73.90929,1,0,Traffic Control Disregarded,4454608,26.9,18.4,0.0,0.0,0.0,0.0,3,19.6,37.8,273,Overcast,1,1,
85447,2021-09-06 03:37:00,40.694576,-73.95615,2,0,Traffic Control Disregarded,4454223,26.9,18.4,0.0,0.0,0.0,0.0,3,19.6,37.8,273,Overcast,2,2,
85448,2021-09-06 17:27:00,40.657227,-73.900764,2,0,Unspecified,4454398,26.9,18.4,0.0,0.0,0.0,0.0,3,19.6,37.8,273,Overcast,2,2,
85449,2021-09-06 15:00:00,40.729645,-73.71979,1,0,Unspecified,4454648,26.9,18.4,0.0,0.0,0.0,0.0,3,19.6,37.8,273,Overcast,1,1,
85450,2021-09-06 02:27:00,40.85597,-73.84278,0,0,Unspecified,4454587,26.9,18.4,0.0,0.0,0.0,0.0,3,19.6,37.8,273,Overcast,0,0,
85451,2021-09-06 11:15:00,40.599255,-73.9894,0,0,Passing or Lane Usage Improper,4454333,26.9,18.4,0.0,0.0,0.0,0.0,3,19.6,37.8,273,Overcast,0,0,
85452,2021-09-05 04:14:00,40.76663,-73.88903,2,0,Unspecified,4454944,24.5,16.9,1.0,1.0,0.0,6.0,51,15.5,42.5,204,Drizzle: Light,2,2,
85453,2021-09-01 06:30:00,40.71125,-74.0003,1,0,Driver Inattention/Distraction,4454903,23.2,18.4,121.7,121.7,0.0,18.0,65,43.2,78.5,42,Rain: Heavy,1,1,
85454,2021-09-06 02:06:00,40.82325,-73.90918,2,0,Outside Car Distraction,4454451,26.9,18.4,0.0,0.0,0.0,0.0,3,19.6,37.8,273,Overcast,2,2,
85455,2021-09-06 22:50:00,40.760586,-73.84592,0,0,Traffic Control Disregarded,4454433,26.9,18.4,0.0,0.0,0.0,0.0,3,19.6,37.8,273,Overcast,0,0,
85456,2021-09-06 20:30:00,40.83599,-73.944695,0,0,Backing Unsafely,4454821,26.9,18.4,0.0,0.0,0.0,0.0,3,19.6,37.8,273,Overcast,0,0,
85457,2021-09-04 17:55:00,40.56062,-74.17494,1,0,Driver Inattention/Distraction,4454883,25.2,14.5,0.0,0.0,0.0,0.0,3,15.4,27.0,289,Overcast,1,1,
85458,2021-09-06 23:45:00,40.768642,-73.949036,0,0,Driver Inattention/Distraction,4454459,26.9,18.4,0.0,0.0,0.0,0.0,3,19.6,37.8,273,Overcast,0,0,
85459,2021-09-06 11:00:00,40.655006,-73.905075,0,0,Unspecified,4454325,26.9,18.4,0.0,0.0,0.0,0.0,3,19.6,37.8,273,Overcast,0,0,
85460,2021-09-06 11:00:00,40.642864,-74.01266,0,0,Driver Inattention/Distraction,4454287,26.9,18.4,0.0,0.0,0.0,0.0,3,19.6,37.8,273,Overcast,0,0,
85461,2021-09-06 03:20:00,40.606346,-73.95273,3,0,Unspecified,4454956,26.9,18.4,0.0,0.0,0.0,0.0,3,19.6,37.8,273,Overcast,3,3,
85462,2021-09-06 06:30:00,40.868332,-73.85094,0,0,Other Vehicular,4454617,26.9,18.4,0.0,0.0,0.0,0.0,3,19.6,37.8,273,Overcast,0,0,
85463,2021-09-06 11:20:00,40.704266,-73.85629,1,0,Following Too Closely,4454715,26.9,18.4,0.0,0.0,0.0,0.0,3,19.6,37.8,273,Overcast,1,1,
85464,2021-09-06 00:35:00,40.644215,-73.965744,1,0,Unspecified,4454360,26.9,18.4,0.0,0.0,0.0,0.0,3,19.6,37.8,273,Overcast,1,1,
85465,2021-09-06 20:25:00,40.576626,-73.98478,0,0,Passing Too Closely,4454481,26.9,18.4,0.0,0.0,0.0,0.0,3,19.6,37.8,273,Overcast,0,0,
85466,2021-09-06 13:00:00,40.7146,-73.74023,0,0,Traffic Control Disregarded,4454643,26.9,18.4,0.0,0.0,0.0,0.0,3,19.6,37.8,273,Overcast,0,0,
85467,2021-09-06 17:25:00,40.638844,-74.08471,1,0,Driver Inattention/Distraction,4454561,26.9,18.4,0.0,0.0,0.0,0.0,3,19.6,37.8,273,Overcast,1,1,
85468,2021-09-06 08:02:00,40.625492,-74.0356,0,0,Animals Action,4454282,26.9,18.4,0.0,0.0,0.0,0.0,3,19.6,37.8,273,Overcast,0,0,
85469,2021-09-06 02:40:00,40.8561,-73.86763,0,0,Driver Inattention/Distraction,4454213,26.9,18.4,0.0,0.0,0.0,0.0,3,19.6,37.8,273,Overcast,0,0,
85470,2021-09-06 22:04:00,40.75584,-73.83448,1,0,Failure to Yield Right-of-Way,4454403,26.9,18.4,0.0,0.0,0.0,0.0,3,19.6,37.8,273,Overcast,1,1,
85471,2021-09-06 15:15:00,40.87015,-73.84562,0,0,Unspecified,4455035,26.9,18.4,0.0,0.0,0.0,0.0,3,19.6,37.8,273,Overcast,0,0,
85472,2021-09-06 11:15:00,40.59455,-73.997574,1,0,Following Too Closely,4454496,26.9,18.4,0.0,0.0,0.0,0.0,3,19.6,37.8,273,Overcast,1,1,
85473,2021-09-06 18:50:00,40.715157,-74.00212,1,0,Driver Inattention/Distraction,4454908,26.9,18.4,0.0,0.0,0.0,0.0,3,19.6,37.8,273,Overcast,1,1,