,CRASH DATETIME,LATITUDE,LONGITUDE,NUMBER OF PERSONS INJURED,NUMBER OF PERSONS KILLED,CONTRIBUTING FACTOR VEHICLE 1,COLLISION_ID,temperature_2m_max,temperature_2m_min,precipitation_sum,rain_sum,snowfall_sum,precipitation_hours,weather_code,wind_speed_10m_max,wind_gusts_10m_max,wind_direction_10m_dominant,Weather Description,Severity_Score,Total_Affected_Persons,Weather_Category
85474,2021-09-06 14:30:00,40.642796,-74.00197,1,0,Unspecified,4454939,26.9,18.4,0.0,0.0,0.0,0.0,3,19.6,37.8,273,Overcast,1,1,
85475,2021-09-06 00:00:00,40.841972,-73.84404,1,0,Driver Inattention/Distraction,4454829,26.9,18.4,0.0,0.0,0.0,0.0,3,19.6,37.8,273,Overcast,1,1,
85476,2021-09-02 14:00:00,40.86514,-73.801544,0,0,Unspecified,4454979,24.5,15.0,24.6,24.6,0.0,5.0,65,43.0,83.5,344,Rain: Heavy,0,0,
85477,2021-09-06 02:35:00,40.666832,-73.87739,0,0,Driver Inattention/Distraction,4454424,26.9,18.4,0.0,0.0,0.0,0.0,3,19.6,37.8,273,Overcast,0,0,
85478,2021-09-01 19:52:00,40.626568,-73.970924,5,0,Unspecified,4454878,23.2,18.4,121.7,121.7,0.0,18.0,65,43.2,78.5,42,Rain: Heavy,5,5,
85479,2021-08-29 18:45:00,40.68626,-73.93712,0,0,Backing Unsafely,4455023,24.5,19.7,2.5,2.5,0.0,9.0,53,13.6,25.6,98,Drizzle: Moderate,0,0,
85480,2021-09-06 05:00:00,40.81878,-73.916084,0,0,Unspecified,4454600,26.9,18.4,0.0,0.0,0.0,0.0,3,19.6,37.8,273,Overcast,0,0,
85481,2021-09-06 03:56:00,40.6481,-73.91474,3,0,Unspecified,4455083,26.9,18.4,0.0,0.0,0.0,0.0,3,19.6,37.8,273,Overcast,3,3,
85482,2021-09-06 10:50:00,40.78866,-73.778625,2,0,Reaction to Uninvolved Vehicle,4454309,26.9,18.4,0.0,0.0,0.0,0.0,3,19.6,37.8,273,Overcast,2,2,
85483,2021-09-06 22:45:00,40.667313,-73.73926,0,0,Following Too Closely,4454639,26.9,18.4,0.0,0.0,0.0,0.0,3,19.6,37.8,273,Overcast,0,0,
85484,2021-08-27 02:01:00,40.753994,-73.94244,0,0,Driver Inattention/Distraction,4454961,32.2,23.4,1.4,1.4,0.0,2.0,55,9.4,22.3,299,Drizzle: Dense,0,0,
85485,2021-09-06 23:04:00,40.83361,-73.86668,0,0,Unspecified,4454594,26.9,18.4,0.0,0.0,0.0,0.0,3,19.6,37.8,273,Overcast,0,0,
85486,2021-09-06 11:45:00,40.71507,-73.95968,0,0,Backing Unsafely,4454294,26.9,18.4,0.0,0.0,0.0,0.0,3,19.6,37.8,273,Overcast,0,0,
85487,2021-09-06 06:00:00,40.688362,-73.77663,1,0,Passing or Lane Usage Improper,4454355,26.9,18.4,0.0,0.0,0.0,0.0,3,19.6,37.8,273,Overcast,1,1,
85488,2021-09-06 16:50:00,40.68354,-73.98438,1,0,Failure to Yield Right-of-Way,4454733,26.9,18.4,0.0,0.0,0.0,0.0,3,19.6,37.8,273,Overcast,1,1,
85489,2021-09-06 00:00:00,40.743584,-73.979675,1,0,Driver Inattention/Distraction,4454708,26.9,18.4,0.0,0.0,0.0,0.0,3,19.6,37.8,273,Overcast,1,1,
85490,2021-09-06 10:30:00,40.67693,-74.00211,0,0,Following Too Closely,4454270,26.9,18.4,0.0,0.0,0.0,0.0,3,19.6,37.8,273,Overcast,0,0,
85491,2021-09-02 16:30:00,40.680363,-73.92984,0,0,Driver Inattention/Distraction,4454981,24.5,15.0,24.6,24.6,0.0,5.0,65,43.0,83.5,344,Rain: Heavy,0,0,
85492,2021-09-06 14:30:00,40.686768,-73.84393,1,0,Failure to Yield Right-of-Way,4454871,26.9,18.4,0.0,0.0,0.0,0.0,3,19.6,37.8,273,Overcast,1,1,
85493,2021-09-06 15:00:00,40.70808,-74.00341,1,0,Driver Inattention/Distraction,4454468,26.9,18.4,0.0,0.0,0.0,0.0,3,19.6,37.8,273,Overcast,1,1,
85494,2021-09-06 17:09:00,40.636826,-74.011765,0,0,Passing or Lane Usage Improper,4454919,26.9,18.4,0.0,0.0,0.0,0.0,3,19.6,37.8,273,Overcast,0,0,
85495,2021-08-29 16:00:00,40.735313,-73.994125,1,0,Passing or Lane Usage Improper,4454926,24.5,19.7,2.5,2.5,0.0,9.0,53,13.6,25.6,98,Drizzle: Moderate,1,1,
85496,2021-09-06 02:56:00,40.70576,-73.80167,0,0,Fell Asleep,4454166,26.9,18.4,0.0,0.0,0.0,0.0,3,19.6,37.8,273,Overcast,0,0,
85497,2021-08-03 21:22:00,40.678566,-73.92465,0,0,Passing Too Closely,4455068,24.2,15.3,0.0,0.0,0.0,0.0,3,10.7,21.2,7,Overcast,0,0,
85498,2021-09-06 01:00:00,40.676327,-73.86547,1,0,Driver Inattention/Distraction,4454526,26.9,18.4,0.0,0.0,0.0,0.0,3,19.6,37.8,273,Overcast,1,1,
85499,2021-09-06 04:20:00,40.844063,-73.921,0,0,Turning Improperly,4454540,26.9,18.4,0.0,0.0,0.0,0.0,3,19.6,37.8,273,Overcast,0,0,
85500,2021-09-06 14:00:00,40.763416,-73.92844,1,0,Failure to Yield Right-of-Way,4454969,26.9,18.4,0.0,0.0,0.0,0.0,3,19.6,37.8,273,Overcast,1,1,
85501,2021-09-06 00:00:00,40.652462,-73.87658,0,0,Unspecified,4454414,26.9,18.4,0.0,0.0,0.0,0.0,3,19.6,37.8,273,Overcast,0,0,
85502,2021-09-06 19:50:00,40.63465,-73.93727,0,0,Driver Inattention/Distraction,4454771,26.9,18.4,0.0,0.0,0.0,0.0,3,19.6,37.8,273,Overcast,0,0,
85503,2021-09-06 20:10:00,40.67013,-73.80938,0,0,Passing or Lane Usage Improper,4454444,26.9,18.4,0.0,0.0,0.0,0.0,3,19.6,37.8,273,Overcast,0,0,
85504,2021-09-05 23:00:00,40.863773,-73.87039,0,0,Unspecified,4455011,24.5,16.9,1.0,1.0,0.0,6.0,51,15.5,42.5,204,Drizzle: Light,0,0,
85505,2021-09-06 14:20:00,40.655785,-73.86289,0,0,Unspecified,4454532,26.9,18.4,0.0,0.0,0.0,0.0,3,19.6,37.8,273,Overcast,0,0,
85506,2021-09-06 17:25:00,40.72293,-73.847336,0,0,Driver Inattention/Distraction,4454341,26.9,18.4,0.0,0.0,0.0,0.0,3,19.6,37.8,273,Overcast,0,0,
85507,2021-09-06 02:42:00,40.642574,-73.90235,8,0,Driver Inattention/Distraction,4454235,26.9,18.4,0.0,0.0,0.0,0.0,3,19.6,37.8,273,Overcast,8,8,
85508,2021-09-06 21:41:00,40.58197,-73.95495,1,0,Unsafe Speed,4454630,26.9,18.4,0.0,0.0,0.0,0.0,3,19.6,37.8,273,Overcast,1,1,
85509,2021-09-06 12:35:00,40.836407,-73.94852,1,0,Failure to Yield Right-of-Way,4454808,26.9,18.4,0.0,0.0,0.0,0.0,3,19.6,37.8,273,Overcast,1,1,
85510,2021-09-06 17:45:00,40.669197,-73.91407,0,0,Driver Inattention/Distraction,4454392,26.9,18.4,0.0,0.0,0.0,0.0,3,19.6,37.8,273,Overcast,0,0,
85511,2021-09-06 16:00:00,40.744377,-73.974915,0,0,Alcohol Involvement,4454370,26.9,18.4,0.0,0.0,0.0,0.0,3,19.6,37.8,273,Overcast,0,0,
85512,2021-09-06 15:41:00,40.63283,-74.00516,0,0,Unspecified,4454663,26.9,18.4,0.0,0.0,0.0,0.0,3,19.6,37.8,273,Overcast,0,0,
85513,2021-09-05 00:00:00,40.55485,-74.16853,2,0,Failure to Yield Right-of-Way,4454989,24.5,16.9,1.0,1.0,0.0,6.0,51,15.5,42.5,204,Drizzle: Light,2,2,
85514,2021-09-06 23:50:00,40.672432,-73.91054,0,0,Unspecified,4454437,26.9,18.4,0.0,0.0,0.0,0.0,3,19.6,37.8,273,Overcast,0,0,
85515,2021-09-06 12:00:00,40.6775,-73.97974,0,0,Passing or Lane Usage Improper,4454476,26.9,18.4,0.0,0.0,0.0,0.0,3,19.6,37.8,273,Overcast,0,0,
85516,2021-08-27 23:45:00,40.583908,-73.98599,0,0,Unsafe Speed,4454951,32.2,23.4,1.4,1.4,0.0,2.0,55,9.4,22.3,299,Drizzle: Dense,0,0,
85517,2021-08-31 22:47:00,40.75702,-74.00494,4,0,Traffic Control Disregarded,4454896,28.5,21.2,0.0,0.0,0.0,0.0,3,15.5,29.9,301,Overcast,4,4,
85518,2021-09-06 20:00:00,40.597378,-73.77595,1,0,Illnes,4454505,26.9,18.4,0.0,0.0,0.0,0.0,3,19.6,37.8,273,Overcast,1,1,
85519,2021-09-06 06:10:00,40.67267,-73.872696,0,0,Driver Inattention/Distraction,4454425,26.9,18.4,0.0,0.0,0.0,0.0,3,19.6,37.8,273,Overcast,0,0,
85520,2021-08-20 15:40:00,40.607002,-73.988556,0,0,Turning Improperly,4454879,26.9,22.0,1.1,1.1,0.0,5.0,53,12.4,22.0,310,Drizzle: Moderate,0,0,
85521,2021-09-06 12:25:00,40.906475,-73.904175,0,0,Backing Unsafely,4454888,26.9,18.4,0.0,0.0,0.0,0.0,3,19.6,37.8,273,Overcast,0,0,
85522,2021-08-31 22:25:00,40.554684,-74.21738,0,0,Unsafe Speed,4454905,28.5,21.2,0.0,0.0,0.0,0.0,3,15.5,29.9,301,Overcast,0,0,
85523,2021-09-06 13:00:00,40.815437,-73.924,2,0,Driver Inattention/Distraction,4454453,26.9,18.4,0.0,0.0,0.0,0.0,3,19.6,37.8,273,Overcast,2,2,
85524,2022-02-01 16:20:00,40.61529,-73.91846,0,0,View Obstructed/Limited,4499706,-0.9,-13.4,0.0,0.0,0.0,0.0,3,12.2,21.2,36,Overcast,0,0,
85525,2022-02-01 08:00:00,40.681236,-73.928734,0,0,Unspecified,4499717,-0.9,-13.4,0.0,0.0,0.0,0.0,3,12.2,21.2,36,Overcast,0,0,
85526,2022-02-01 06:19:00,40.690662,-73.81033,1,0,Pavement Slippery,4499010,-0.9,-13.4,0.0,0.0,0.0,0.0,3,12.2,21.2,36,Overcast,1,1,
85527,2022-01-27 11:30:00,40.825905,-73.94712,1,0,Driver Inattention/Distraction,4499835,-0.3,-9.6,0.0,0.0,0.0,0.0,3,18.7,37.1,184,Overcast,1,1,
85528,2022-01-28 23:10:00,40.856693,-73.88465,0,0,Driver Inattention/Distraction,4499629,1.0,-3.1,2.4,0.0,1.68,13.0,73,18.7,31.3,251,Snow fall: Moderate,0,0,Snowy Conditions
85529,2022-02-01 23:00:00,40.68083,-73.81034,0,0,Driver Inattention/Distraction,4499503,-0.9,-13.4,0.0,0.0,0.0,0.0,3,12.2,21.2,36,Overcast,0,0,
85530,2022-02-01 08:34:00,40.629986,-73.97157,1,0,Driver Inattention/Distraction,4499154,-0.9,-13.4,0.0,0.0,0.0,0.0,3,12.2,21.2,36,Overcast,1,1,
85531,2022-02-01 17:35:00,40.884983,-73.86204,0,0,Passing Too Closely,4499409,-0.9,-13.4,0.0,0.0,0.0,0.0,3,12.2,21.2,36,Overcast,0,0,
85532,2022-01-28 19:41:00,40.725674,-74.00578,1,0,Unspecified,4499815,1.0,-3.1,2.4,0.0,1.68,13.0,73,18.7,31.3,251,Snow fall: Moderate,1,1,Snowy Conditions
85533,2022-02-01 05:50:00,40.666637,-73.7646,2,0,Pavement Slippery,4499186,-0.9,-13.4,0.0,0.0,0.0,0.0,3,12.2,21.2,36,Overcast,2,2,
85534,2022-02-01 20:30:00,40.65965,-73.773834,0,0,Unspecified,4499477,-0.9,-13.4,0.0,0.0,0.0,0.0,3,12.2,21.2,36,Overcast,0,0,
85535,2022-02-01 16:00:00,40.895447,-73.88002,0,0,Following Too Closely,4499221,-0.9,-13.4,0.0,0.0,0.0,0.0,3,12.2,21.2,36,Overcast,0,0,
85536,2022-01-09 12:54:00,40.63175,-74.15123,2,0,Driver Inattention/Distraction,4499575,4.0,-5.3,5.1,5.1,0.0,12.0,53,23.8,42.1,220,Drizzle: Moderate,2,2,
85537,2022-02-01 08:50:00,40.587193,-73.940414,0,0,Driver Inattention/Distraction,4499105,-0.9,-13.4,0.0,0.0,0.0,0.0,3,12.2,21.2,36,Overcast,0,0,
85538,2022-02-01 16:30:00,40.87932,-73.869804,0,0,Driver Inattention/Distraction,4499411,-0.9,-13.4,0.0,0.0,0.0,0.0,3,12.2,21.2,36,Overcast,0,0,
85539,2022-02-01 13:40:00,40.733612,-73.999565,0,0,Oversized Vehicle,4499606,-0.9,-13.4,0.0,0.0,0.0,0.0,3,12.2,21.2,36,Overcast,0,0,
85540,2022-02-01 05:30:00,40.8076,-73.87888,1,0,Pavement Slippery,4499113,-0.9,-13.4,0.0,0.0,0.0,0.0,3,12.2,21.2,36,Overcast,1,1,
85541,2022-02-01 13:45:00,40.694065,-73.85106,1,0,Failure to Yield Right-of-Way,4499185,-0.9,-13.4,0.0,0.0,0.0,0.0,3,12.2,21.2,36,Overcast,1,1,
85542,2022-02-01 05:05:00,40.87134,-73.86207,0,0,Unspecified,4499212,-0.9,-13.4,0.0,0.0,0.0,0.0,3,12.2,21.2,36,Overcast,0,0,
85543,2022-02-01 15:00:00,40.708305,-73.95755,0,0,Passing Too Closely,4499317,-0.9,-13.4,0.0,0.0,0.0,0.0,3,12.2,21.2,36,Overcast,0,0,
85544,2022-01-27 12:50:00,40.847794,-73.889114,0,0,Driver Inexperience,4499628,-0.3,-9.6,0.0,0.0,0.0,0.0,3,18.7,37.1,184,Overcast,0,0,
85545,2022-01-12 06:14:00,40.72162,-73.77672,0,0,Driver Inattention/Distraction,4499797,4.6,-7.3,0.0,0.0,0.0,0.0,3,20.5,39.2,213,Overcast,0,0,
85546,2022-02-01 17:00:00,40.73236,-73.72256,0,0,Unspecified,4499233,-0.9,-13.4,0.0,0.0,0.0,0.0,3,12.2,21.2,36,Overcast,0,0,
85547,2022-02-01 02:10:00,40.818607,-73.904785,0,0,Unspecified,4499085,-0.9,-13.4,0.0,0.0,0.0,0.0,3,12.2,21.2,36,Overcast,0,0,
85548,2022-02-01 13:15:00,40.661835,-73.893105,1,0,Failure to Yield Right-of-Way,4499204,-0.9,-13.4,0.0,0.0,0.0,0.0,3,12.2,21.2,36,Overcast,1,1,
85549,2022-02-01 23:30:00,40.600956,-73.98607,0,0,Other Vehicular,4499404,-0.9,-13.4,0.0,0.0,0.0,0.0,3,12.2,21.2,36,Overcast,0,0,
85550,2022-02-01 11:17:00,40.748653,-73.97916,0,0,Driver Inattention/Distraction,4499191,-0.9,-13.4,0.0,0.0,0.0,0.0,3,12.2,21.2,36,Overcast,0,0,
85551,2022-01-26 14:00:00,40.727272,-73.81718,0,0,Turning Improperly,4499577,-3.1,-8.0,0.0,0.0,0.0,0.0,0,20.5,39.6,328,Clear sky,0,0,Sunny/Clear Conditions
85552,2022-02-01 04:20:00,40.66451,-73.91723,1,0,Driver Inattention/Distraction,4499261,-0.9,-13.4,0.0,0.0,0.0,0.0,3,12.2,21.2,36,Overcast,1,1,
85553,2022-02-01 08:23:00,40.70136,-73.98286,0,0,Driver Inattention/Distraction,4499438,-0.9,-13.4,0.0,0.0,0.0,0.0,3,12.2,21.2,36,Overcast,0,0,
85554,2022-02-01 06:10:00,40.639256,-73.968796,2,0,Unspecified,4499522,-0.9,-13.4,0.0,0.0,0.0,0.0,3,12.2,21.2,36,Overcast,2,2,
85555,2022-02-01 20:22:00,40.764935,-73.987885,1,0,Unspecified,4499306,-0.9,-13.4,0.0,0.0,0.0,0.0,3,12.2,21.2,36,Overcast,1,1,
85556,2022-01-25 12:15:00,40.754955,-73.85384,1,0,Driver Inattention/Distraction,4499655,6.3,-3.9,0.0,0.0,0.0,0.0,3,16.9,33.8,270,Overcast,1,1,
85557,2022-02-01 08:00:00,40.675564,-73.741806,0,0,Unspecified,4499248,-0.9,-13.4,0.0,0.0,0.0,0.0,3,12.2,21.2,36,Overcast,0,0,
85558,2022-02-01 13:00:00,40.61448,-73.92641,1,0,Failure to Yield Right-of-Way,4499693,-0.9,-13.4,0.0,0.0,0.0,0.0,3,12.2,21.2,36,Overcast,1,1,
85559,2022-02-01 18:03:00,40.701046,-73.89153,0,0,Unspecified,4499240,-0.9,-13.4,0.0,0.0,0.0,0.0,3,12.2,21.2,36,Overcast,0,0,
85560,2022-02-01 00:52:00,40.712902,-73.90608,1,0,Alcohol Involvement,4499030,-0.9,-13.4,0.0,0.0,0.0,0.0,3,12.2,21.2,36,Overcast,1,1,
85561,2022-01-30 23:30:00,40.691097,-73.927704,1,0,Pavement Slippery,4499720,-5.4,-13.8,0.0,0.0,0.0,0.0,3,28.5,50.0,290,Overcast,1,1,
85562,2022-02-01 08:53:00,40.673008,-73.78809,1,0,Failure to Yield Right-of-Way,4499176,-0.9,-13.4,0.0,0.0,0.0,0.0,3,12.2,21.2,36,Overcast,1,1,
85563,2022-02-01 17:37:00,40.622265,-73.96572,0,0,Unspecified,4499280,-0.9,-13.4,0.0,0.0,0.0,0.0,3,12.2,21.2,36,Overcast,0,0,
85564,2022-01-29 15:00:00,40.640263,-74.00233,0,0,Unspecified,4499636,-1.7,-12.9,17.6,0.1,12.25,19.0,75,39.7,72.7,336,Snow fall: Heavy,0,0,Snowy Conditions
85565,2022-02-01 19:41:00,40.815346,-73.89724,0,0,Unsafe Lane Changing,4499287,-0.9,-13.4,0.0,0.0,0.0,0.0,3,12.2,21.2,36,Overcast,0,0,
85566,2022-02-01 17:00:00,40.88156,-73.87481,0,0,Unspecified,4499383,-0.9,-13.4,0.0,0.0,0.0,0.0,3,12.2,21.2,36,Overcast,0,0,
85567,2022-02-01 09:00:00,40.5906,-73.94679,0,0,Driver Inattention/Distraction,4499642,-0.9,-13.4,0.0,0.0,0.0,0.0,3,12.2,21.2,36,Overcast,0,0,
85568,2022-02-01 16:37:00,40.84459,-73.864914,0,0,Backing Unsafely,4499271,-0.9,-13.4,0.0,0.0,0.0,0.0,3,12.2,21.2,36,Overcast,0,0,
85569,2022-01-16 19:00:00,40.6287,-73.91926,0,0,Passing or Lane Usage Improper,4499709,1.3,-13.5,4.4,0.7,2.59,4.0,75,28.1,47.2,36,Snow fall: Heavy,0,0,Snowy Conditions
85570,2022-01-20 22:14:00,40.88756,-73.866394,0,0,Other Vehicular,4499738,5.2,-5.5,7.3,4.6,1.89,10.0,73,22.3,40.0,315,Snow fall: Moderate,0,0,Snowy Conditions
85571,2022-02-01 17:38:00,40.82419,-73.88298,0,0,Aggressive Driving/Road Rage,4499425,-0.9,-13.4,0.0,0.0,0.0,0.0,3,12.2,21.2,36,Overcast,0,0,
85572,2022-01-30 14:20:00,40.811985,-73.94375,0,0,Unspecified,4499616,-5.4,-13.8,0.0,0.0,0.0,0.0,3,28.5,50.0,290,Overcast,0,0,
85573,2022-02-01 22:18:00,40.589718,-73.94665,0,0,Unspecified,4499296,-0.9,-13.4,0.0,0.0,0.0,0.0,3,12.2,21.2,36,Overcast,0,0,
85574,2022-02-01 14:05:00,40.822712,-73.903145,0,0,Unspecified,4499346,-0.9,-13.4,0.0,0.0,0.0,0.0,3,12.2,21.2,36,Overcast,0,0,
85575,2022-01-31 17:20:00,40.642914,-73.93428,0,0,Unspecified,4499666,-3.4,-17.1,0.0,0.0,0.0,0.0,3,12.2,18.0,23,Overcast,0,0,
85576,2022-02-01 20:05:00,40.8097,-73.90304,0,0,Other Vehicular,4499368,-0.9,-13.4,0.0,0.0,0.0,0.0,3,12.2,21.2,36,Overcast,0,0,
85577,2022-01-24 00:00:00,40.686096,-73.99637,1,0,Unspecified,4499681,0.2,-2.7,0.3,0.0,0.21,2.0,71,15.1,31.0,307,Snow fall: Light,1,1,Snowy Conditions
85578,2022-02-01 02:13:00,40.867256,-73.88363,1,0,Following Too Closely,4499015,-0.9,-13.4,0.0,0.0,0.0,0.0,3,12.2,21.2,36,Overcast,1,1,
85579,2022-01-30 19:06:00,40.819157,-73.96038,0,0,Other Vehicular,4499710,-5.4,-13.8,0.0,0.0,0.0,0.0,3,28.5,50.0,290,Overcast,0,0,
85580,2022-02-01 19:30:00,40.718502,-73.73527,0,0,Unspecified,4499247,-0.9,-13.4,0.0,0.0,0.0,0.0,3,12.2,21.2,36,Overcast,0,0,
85581,2022-02-01 09:00:00,40.82335,-73.94913,0,0,Unspecified,4499167,-0.9,-13.4,0.0,0.0,0.0,0.0,3,12.2,21.2,36,Overcast,0,0,
85582,2022-02-01 14:29:00,40.784325,-73.94225,0,0,Following Too Closely,4499481,-0.9,-13.4,0.0,0.0,0.0,0.0,3,12.2,21.2,36,Overcast,0,0,
85583,2022-02-01 19:45:00,40.579376,-73.96311,0,0,Unspecified,4499749,-0.9,-13.4,0.0,0.0,0.0,0.0,3,12.2,21.2,36,Overcast,0,0,
85584,2022-02-01 08:00:00,40.517242,-74.20777,0,0,Unspecified,4499637,-0.9,-13.4,0.0,0.0,0.0,0.0,3,12.2,21.2,36,Overcast,0,0,
85585,2022-02-01 17:40:00,40.68309,-73.910774,0,0,Driver Inattention/Distraction,4499301,-0.9,-13.4,0.0,0.0,0.0,0.0,3,12.2,21.2,36,Overcast,0,0,
85586,2022-02-01 21:21:00,40.74357,-73.83772,0,0,Passing or Lane Usage Improper,4499327,-0.9,-13.4,0.0,0.0,0.0,0.0,3,12.2,21.2,36,Overcast,0,0,
85587,2022-02-01 21:40:00,40.785366,-73.84482,0,0,Backing Unsafely,4499610,-0.9,-13.4,0.0,0.0,0.0,0.0,3,12.2,21.2,36,Overcast,0,0,
85588,2022-02-01 15:52:00,40.62368,-73.99772,1,0,Driver Inattention/Distraction,4499405,-0.9,-13.4,0.0,0.0,0.0,0.0,3,12.2,21.2,36,Overcast,1,1,
85589,2022-02-01 13:55:00,40.69078,-73.72728,0,0,Unspecified,4499190,-0.9,-13.4,0.0,0.0,0.0,0.0,3,12.2,21.2,36,Overcast,0,0,
85590,2022-02-01 12:50:00,40.898876,-73.85539,1,0,Failure to Yield Right-of-Way,4499218,-0.9,-13.4,0.0,0.0,0.0,0.0,3,12.2,21.2,36,Overcast,1,1,
85591,2022-02-01 09:20:00,40.846405,-73.842896,3,0,Following Too Closely,4499106,-0.9,-13.4,0.0,0.0,0.0,0.0,3,12.2,21.2,36,Overcast,3,3,
85592,2022-02-01 16:45:00,40.89825,-73.85786,0,0,Driver Inattention/Distraction,4499412,-0.9,-13.4,0.0,0.0,0.0,0.0,3,12.2,21.2,36,Overcast,0,0,
85593,2022-02-01 06:55:00,40.634907,-73.96132,0,1,Traffic Control Disregarded,4499277,-0.9,-13.4,0.0,0.0,0.0,0.0,3,12.2,21.2,36,Overcast,20,1,
85594,2022-02-01 05:31:00,40.67812,-74.00316,0,0,Other Vehicular,4499808,-0.9,-13.4,0.0,0.0,0.0,0.0,3,12.2,21.2,36,Overcast,0,0,
85595,2022-02-01 10:33:00,40.64404,-73.877525,0,0,Driver Inattention/Distraction,4499197,-0.9,-13.4,0.0,0.0,0.0,0.0,3,12.2,21.2,36,Overcast,0,0,
85596,2022-01-27 22:50:00,40.692314,-73.88268,0,0,Traffic Control Disregarded,4499583,-0.3,-9.6,0.0,0.0,0.0,0.0,3,18.7,37.1,184,Overcast,0,0,
85597,2022-02-01 03:40:00,40.759586,-73.968056,0,0,Driver Inexperience,4499103,-0.9,-13.4,0.0,0.0,0.0,0.0,3,12.2,21.2,36,Overcast,0,0,
85598,2022-02-01 04:12:00,40.825138,-73.9514,3,0,Driver Inattention/Distraction,4499152,-0.9,-13.4,0.0,0.0,0.0,0.0,3,12.2,21.2,36,Overcast,3,3,
85599,2022-02-01 18:16:00,40.841087,-73.86449,1,0,Driver Inattention/Distraction,4499423,-0.9,-13.4,0.0,0.0,0.0,0.0,3,12.2,21.2,36,Overcast,1,1,
85600,2022-02-01 03:23:00,40.675938,-73.86823,0,0,Unspecified,4499084,-0.9,-13.4,0.0,0.0,0.0,0.0,3,12.2,21.2,36,Overcast,0,0,
85601,2022-02-01 18:54:00,40.84002,-73.8373,1,0,Driver Inattention/Distraction,4499234,-0.9,-13.4,0.0,0.0,0.0,0.0,3,12.2,21.2,36,Overcast,1,1,
85602,2022-02-01 07:35:00,40.727337,-73.82211,1,0,Driver Inattention/Distraction,4499548,-0.9,-13.4,0.0,0.0,0.0,0.0,3,12.2,21.2,36,Overcast,1,1,
85603,2022-02-01 11:38:00,40.611317,-73.99254,0,0,Unspecified,4499399,-0.9,-13.4,0.0,0.0,0.0,0.0,3,12.2,21.2,36,Overcast,0,0,
85604,2022-02-01 11:50:00,40.863647,-73.8918,1,0,Driver Inattention/Distraction,4499184,-0.9,-13.4,0.0,0.0,0.0,0.0,3,12.2,21.2,36,Overcast,1,1,
85605,2022-01-28 14:00:00,40.86877,-73.83174,0,0,Unspecified,4499726,1.0,-3.1,2.4,0.0,1.68,13.0,73,18.7,31.3,251,Snow fall: Moderate,0,0,Snowy Conditions
85606,2022-01-31 12:00:00,40.64063,-74.025734,0,0,Driver Inattention/Distraction,4499700,-3.4,-17.1,0.0,0.0,0.0,0.0,3,12.2,18.0,23,Overcast,0,0,
85607,2022-02-01 13:47:00,40.635532,-73.97264,0,0,Driver Inattention/Distraction,4499282,-0.9,-13.4,0.0,0.0,0.0,0.0,3,12.2,21.2,36,Overcast,0,0,
85608,2022-02-01 22:22:00,40.696217,-73.7436,0,0,Unsafe Lane Changing,4499265,-0.9,-13.4,0.0,0.0,0.0,0.0,3,12.2,21.2,36,Overcast,0,0,
85609,2022-02-01 00:00:00,40.6094,-74.11657,0,0,Pavement Slippery,4499627,-0.9,-13.4,0.0,0.0,0.0,0.0,3,12.2,21.2,36,Overcast,0,0,
85610,2022-02-01 09:44:00,40.90414,-73.905014,1,0,Failure to Yield Right-of-Way,4499649,-0.9,-13.4,0.0,0.0,0.0,0.0,3,12.2,21.2,36,Overcast,1,1,
85611,2022-02-01 10:30:00,40.641537,-73.981766,0,0,Unspecified,4499177,-0.9,-13.4,0.0,0.0,0.0,0.0,3,12.2,21.2,36,Overcast,0,0,
85612,2022-02-01 06:15:00,40.777874,-73.95175,1,0,Unspecified,4499122,-0.9,-13.4,0.0,0.0,0.0,0.0,3,12.2,21.2,36,Overcast,1,1,
85613,2022-01-30 09:00:00,40.706463,-73.96079,1,0,Failure to Yield Right-of-Way,4499785,-5.4,-13.8,0.0,0.0,0.0,0.0,3,28.5,50.0,290,Overcast,1,1,
85614,2022-02-01 21:30:00,40.730816,-73.989006,0,0,Driver Inattention/Distraction,4499307,-0.9,-13.4,0.0,0.0,0.0,0.0,3,12.2,21.2,36,Overcast,0,0,
85615,2022-02-01 22:43:00,40.645596,-73.999054,0,0,Driver Inattention/Distraction,4499520,-0.9,-13.4,0.0,0.0,0.0,0.0,3,12.2,21.2,36,Overcast,0,0,
85616,2022-02-01 13:45:00,40.70767,-74.00577,0,0,Unspecified,4499381,-0.9,-13.4,0.0,0.0,0.0,0.0,3,12.2,21.2,36,Overcast,0,0,
85617,2022-02-01 06:29:00,40.821358,-73.889114,0,0,Reaction to Uninvolved Vehicle,4499114,-0.9,-13.4,0.0,0.0,0.0,0.0,3,12.2,21.2,36,Overcast,0,0,
85618,2022-02-01 08:15:00,40.708225,-74.00654,0,0,Unspecified,4499040,-0.9,-13.4,0.0,0.0,0.0,0.0,3,12.2,21.2,36,Overcast,0,0,
85619,2022-02-01 02:30:00,40.709538,-73.89467,0,0,Unspecified,4499239,-0.9,-13.4,0.0,0.0,0.0,0.0,3,12.2,21.2,36,Overcast,0,0,
85620,2022-02-01 21:40:00,40.65429,-73.96179,1,0,Driver Inattention/Distraction,4499318,-0.9,-13.4,0.0,0.0,0.0,0.0,3,12.2,21.2,36,Overcast,1,1,
85621,2022-02-01 15:41:00,40.66239,-73.73034,0,0,Failure to Yield Right-of-Way,4499211,-0.9,-13.4,0.0,0.0,0.0,0.0,3,12.2,21.2,36,Overcast,0,0,
85622,2022-01-29 15:35:00,40.582863,-73.97485,0,0,Passing Too Closely,4499704,-1.7,-12.9,17.6,0.1,12.25,19.0,75,39.7,72.7,336,Snow fall: Heavy,0,0,Snowy Conditions