,CRASH DATETIME,LATITUDE,LONGITUDE,NUMBER OF PERSONS INJURED,NUMBER OF PERSONS KILLED,CONTRIBUTING FACTOR VEHICLE 1,COLLISION_ID,temperature_2m_max,temperature_2m_min,precipitation_sum,rain_sum,snowfall_sum,precipitation_hours,weather_code,wind_speed_10m_max,wind_gusts_10m_max,wind_direction_10m_dominant,Weather Description,Severity_Score,Total_Affected_Persons,Weather_Category
85623,2022-01-26 06:00:00,40.6835,-73.93516,0,0,Unspecified,4499721,-3.1,-8.0,0.0,0.0,0.0,0.0,0,20.5,39.6,328,Clear sky,0,0,Sunny/Clear Conditions
85624,2022-01-29 13:45:00,40.694458,-73.80198,0,0,Unsafe Speed,4499634,-1.7,-12.9,17.6,0.1,12.25,19.0,75,39.7,72.7,336,Snow fall: Heavy,0,0,Snowy Conditions
85625,2022-01-27 19:42:00,40.666565,-73.77048,0,0,Turning Improperly,4497922,-0.3,-9.6,0.0,0.0,0.0,0.0,3,18.7,37.1,184,Overcast,0,0,
85626,2022-02-01 08:10:00,40.6958,-73.99824,0,0,Reaction to Uninvolved Vehicle,4499254,-0.9,-13.4,0.0,0.0,0.0,0.0,3,12.2,21.2,36,Overcast,0,0,
85627,2022-01-30 16:30:00,40.682377,-73.767166,0,0,Following Too Closely,4499643,-5.4,-13.8,0.0,0.0,0.0,0.0,3,28.5,50.0,290,Overcast,0,0,
85628,2022-02-01 18:18:00,40.88902,-73.84963,0,0,Passing or Lane Usage Improper,4499413,-0.9,-13.4,0.0,0.0,0.0,0.0,3,12.2,21.2,36,Overcast,0,0,
85629,2022-02-01 11:30:00,40.703106,-73.93532,0,0,Unspecified,4499168,-0.9,-13.4,0.0,0.0,0.0,0.0,3,12.2,21.2,36,Overcast,0,0,
85630,2022-02-01 09:31:00,40.767963,-73.91169,1,0,Other Vehicular,4499511,-0.9,-13.4,0.0,0.0,0.0,0.0,3,12.2,21.2,36,Overcast,1,1,
85631,2022-01-20 12:28:00,40.675602,-73.99816,0,0,Passing Too Closely,4499806,5.2,-5.5,7.3,4.6,1.89,10.0,73,22.3,40.0,315,Snow fall: Moderate,0,0,Snowy Conditions
85632,2022-02-01 12:30:00,40.613388,-73.995995,0,0,Unspecified,4499406,-0.9,-13.4,0.0,0.0,0.0,0.0,3,12.2,21.2,36,Overcast,0,0,
85633,2022-02-01 05:40:00,40.61394,-73.92053,0,0,Unspecified,4499142,-0.9,-13.4,0.0,0.0,0.0,0.0,3,12.2,21.2,36,Overcast,0,0,
85634,2022-02-01 11:00:00,40.663208,-73.870384,0,0,Unspecified,4499198,-0.9,-13.4,0.0,0.0,0.0,0.0,3,12.2,21.2,36,Overcast,0,0,
85635,2022-02-01 13:00:00,40.73723,-74.000656,1,0,Oversized Vehicle,4499605,-0.9,-13.4,0.0,0.0,0.0,0.0,3,12.2,21.2,36,Overcast,1,1,
85636,2022-02-01 22:35:00,40.642082,-73.984314,0,0,Passenger Distraction,4499587,-0.9,-13.4,0.0,0.0,0.0,0.0,3,12.2,21.2,36,Overcast,0,0,
85637,2022-02-01 09:35:00,40.7297,-73.87678,0,0,Unspecified,4499108,-0.9,-13.4,0.0,0.0,0.0,0.0,3,12.2,21.2,36,Overcast,0,0,
85638,2022-01-27 16:20:00,40.660347,-73.767975,1,0,Failure to Yield Right-of-Way,4497928,-0.3,-9.6,0.0,0.0,0.0,0.0,3,18.7,37.1,184,Overcast,1,1,
85639,2022-01-30 22:05:00,40.757034,-73.87133,0,0,Unspecified,4499638,-5.4,-13.8,0.0,0.0,0.0,0.0,3,28.5,50.0,290,Overcast,0,0,
85640,2022-02-01 21:01:00,40.668446,-73.77193,2,0,Unspecified,4499295,-0.9,-13.4,0.0,0.0,0.0,0.0,3,12.2,21.2,36,Overcast,2,2,
85641,2022-01-30 11:30:00,40.61907,-73.93432,0,0,Unspecified,4499708,-5.4,-13.8,0.0,0.0,0.0,0.0,3,28.5,50.0,290,Overcast,0,0,
85642,2022-02-01 00:16:00,40.68181,-73.82377,0,0,Alcohol Involvement,4499023,-0.9,-13.4,0.0,0.0,0.0,0.0,3,12.2,21.2,36,Overcast,0,0,
85643,2022-02-01 14:38:00,40.845142,-73.91105,1,0,Unspecified,4499340,-0.9,-13.4,0.0,0.0,0.0,0.0,3,12.2,21.2,36,Overcast,1,1,
85644,2022-02-01 13:54:00,40.819363,-73.893074,1,0,Driver Inattention/Distraction,4499369,-0.9,-13.4,0.0,0.0,0.0,0.0,3,12.2,21.2,36,Overcast,1,1,
85645,2022-02-01 19:09:00,40.776604,-73.94663,0,0,Prescription Medication,4499276,-0.9,-13.4,0.0,0.0,0.0,0.0,3,12.2,21.2,36,Overcast,0,0,
85646,2022-02-01 09:37:00,40.74547,-73.92586,0,0,Driver Inattention/Distraction,4499348,-0.9,-13.4,0.0,0.0,0.0,0.0,3,12.2,21.2,36,Overcast,0,0,
85647,2022-02-01 05:53:00,40.678253,-74.00273,0,0,Failure to Yield Right-of-Way,4499101,-0.9,-13.4,0.0,0.0,0.0,0.0,3,12.2,21.2,36,Overcast,0,0,
85648,2022-02-01 22:30:00,40.59619,-73.98036,1,0,,4499490,-0.9,-13.4,0.0,0.0,0.0,0.0,3,12.2,21.2,36,Overcast,1,1,
85649,2022-01-31 14:58:00,40.868847,-73.902626,0,0,Turning Improperly,4499621,-3.4,-17.1,0.0,0.0,0.0,0.0,3,12.2,18.0,23,Overcast,0,0,
85650,2022-02-01 15:31:00,40.755486,-73.82472,0,0,Following Too Closely,4499227,-0.9,-13.4,0.0,0.0,0.0,0.0,3,12.2,21.2,36,Overcast,0,0,
85651,2022-02-01 07:55:00,40.89014,-73.8472,1,0,Reaction to Uninvolved Vehicle,4499217,-0.9,-13.4,0.0,0.0,0.0,0.0,3,12.2,21.2,36,Overcast,1,1,
85652,2022-01-30 23:20:00,40.689236,-73.82852,0,0,Following Too Closely,4499568,-5.4,-13.8,0.0,0.0,0.0,0.0,3,28.5,50.0,290,Overcast,0,0,
85653,2022-01-22 02:39:00,40.666836,-73.7664,0,0,Reaction to Uninvolved Vehicle,4499352,-1.3,-12.3,0.0,0.0,0.0,0.0,3,18.4,32.8,1,Overcast,0,0,
85654,2022-02-01 23:19:00,40.744934,-73.92119,0,0,Driver Inexperience,4499270,-0.9,-13.4,0.0,0.0,0.0,0.0,3,12.2,21.2,36,Overcast,0,0,
85655,2022-02-01 17:15:00,40.698265,-73.93399,0,0,Following Too Closely,4499300,-0.9,-13.4,0.0,0.0,0.0,0.0,3,12.2,21.2,36,Overcast,0,0,
85656,2022-02-01 10:45:00,40.57891,-73.98538,1,0,Backing Unsafely,4499747,-0.9,-13.4,0.0,0.0,0.0,0.0,3,12.2,21.2,36,Overcast,1,1,
85657,2022-01-27 15:15:00,40.619465,-74.02288,2,0,Following Too Closely,4499682,-0.3,-9.6,0.0,0.0,0.0,0.0,3,18.7,37.1,184,Overcast,2,2,
85658,2022-02-01 14:39:00,40.747185,-73.97764,0,0,Passing or Lane Usage Improper,4499255,-0.9,-13.4,0.0,0.0,0.0,0.0,3,12.2,21.2,36,Overcast,0,0,
85659,2022-01-31 11:00:00,40.658417,-73.929146,1,0,Pavement Slippery,4499663,-3.4,-17.1,0.0,0.0,0.0,0.0,3,12.2,18.0,23,Overcast,1,1,
85660,2022-01-29 15:00:00,40.675385,-73.95337,0,0,Driver Inattention/Distraction,4499701,-1.7,-12.9,17.6,0.1,12.25,19.0,75,39.7,72.7,336,Snow fall: Heavy,0,0,Snowy Conditions
85661,2022-02-01 15:23:00,40.630478,-73.9861,0,0,Driver Inattention/Distraction,4499283,-0.9,-13.4,0.0,0.0,0.0,0.0,3,12.2,21.2,36,Overcast,0,0,
85662,2022-02-21 13:40:00,40.807938,-73.94382,0,0,Driver Inattention/Distraction,4504919,9.9,-1.9,0.0,0.0,0.0,0.0,3,19.2,35.3,192,Overcast,0,0,
85663,2022-02-21 12:25:00,40.74319,-73.778755,2,0,Driver Inattention/Distraction,4504535,9.9,-1.9,0.0,0.0,0.0,0.0,3,19.2,35.3,192,Overcast,2,2,
85664,2022-02-21 03:00:00,40.751953,-74.00267,0,0,Driver Inattention/Distraction,4504977,9.9,-1.9,0.0,0.0,0.0,0.0,3,19.2,35.3,192,Overcast,0,0,
85665,2022-02-21 05:10:00,40.708183,-73.79158,0,0,Driver Inattention/Distraction,4504478,9.9,-1.9,0.0,0.0,0.0,0.0,3,19.2,35.3,192,Overcast,0,0,
85666,2022-02-21 15:18:00,40.63043,-73.88593,0,0,Driver Inattention/Distraction,4504627,9.9,-1.9,0.0,0.0,0.0,0.0,3,19.2,35.3,192,Overcast,0,0,
85667,2022-02-08 06:30:00,40.586086,-74.08732,1,0,Driver Inattention/Distraction,4505019,7.9,-1.4,3.9,3.9,0.0,5.0,55,25.0,44.3,301,Drizzle: Dense,1,1,
85668,2022-02-08 19:25:00,40.542427,-74.14591,0,0,Driver Inattention/Distraction,4504948,7.9,-1.4,3.9,3.9,0.0,5.0,55,25.0,44.3,301,Drizzle: Dense,0,0,
85669,2022-07-06 21:30:00,40.6649,-73.89306,0,0,Traffic Control Disregarded,4544233,31.6,21.7,0.2,0.2,0.0,1.0,51,19.0,37.1,299,Drizzle: Light,0,0,
85670,2022-07-08 08:40:00,40.740543,-73.9382,1,0,Driver Inattention/Distraction,4544551,29.6,19.3,1.8,1.8,0.0,8.0,51,15.0,31.0,187,Drizzle: Light,1,1,
85671,2022-07-02 15:00:00,40.644855,-73.922646,1,0,Unspecified,4544740,30.8,23.1,4.0,4.0,0.0,5.0,61,19.4,40.0,229,Rain: Light,1,1,
85672,2022-06-14 13:50:00,40.84708,-73.8867,0,0,Driver Inattention/Distraction,4544478,29.0,18.6,0.0,0.0,0.0,0.0,3,19.1,40.0,10,Overcast,0,0,
85673,2022-07-01 21:07:00,40.592422,-73.99508,0,0,Failure to Yield Right-of-Way,4544568,33.7,20.2,0.1,0.1,0.0,1.0,51,32.3,58.0,215,Drizzle: Light,0,0,
85674,2022-07-06 15:05:00,40.60591,-73.967026,0,0,Unspecified,4544078,31.6,21.7,0.2,0.2,0.0,1.0,51,19.0,37.1,299,Drizzle: Light,0,0,
85675,2022-07-07 16:49:00,40.6287,-73.91926,4,0,Driver Inattention/Distraction,4544647,27.5,20.1,0.0,0.0,0.0,0.0,3,19.1,37.4,110,Overcast,4,4,
85676,2022-07-07 20:42:00,40.650425,-73.9611,1,0,Passenger Distraction,4544694,27.5,20.1,0.0,0.0,0.0,0.0,3,19.1,37.4,110,Overcast,1,1,
85677,2022-06-29 13:15:00,40.839767,-73.905396,1,0,Other Vehicular,4545189,29.0,17.7,0.0,0.0,0.0,0.0,3,27.2,51.5,195,Overcast,1,1,
85678,2022-06-17 17:02:00,40.794987,-73.96469,0,0,Unspecified,4544966,31.8,19.1,0.0,0.0,0.0,0.0,3,30.4,55.4,268,Overcast,0,0,
85679,2022-06-30 05:15:00,40.65765,-73.94146,0,0,Unspecified,4544610,31.2,17.3,0.0,0.0,0.0,0.0,2,19.1,37.4,274,Partly cloudy,0,0,
85680,2022-07-08 14:55:00,40.758305,-73.85561,1,0,Unsafe Lane Changing,4544930,29.6,19.3,1.8,1.8,0.0,8.0,51,15.0,31.0,187,Drizzle: Light,1,1,
85681,2022-07-06 14:59:00,40.888454,-73.84197,2,0,Oversized Vehicle,4544781,31.6,21.7,0.2,0.2,0.0,1.0,51,19.0,37.1,299,Drizzle: Light,2,2,
85682,2022-07-08 07:50:00,40.76524,-73.97524,1,0,Unspecified,4545024,29.6,19.3,1.8,1.8,0.0,8.0,51,15.0,31.0,187,Drizzle: Light,1,1,
85683,2022-07-08 12:30:00,40.760723,-73.872086,1,0,Passing or Lane Usage Improper,4545078,29.6,19.3,1.8,1.8,0.0,8.0,51,15.0,31.0,187,Drizzle: Light,1,1,
85684,2022-07-06 16:30:00,40.64269,-73.95764,1,0,Driver Inattention/Distraction,4544115,31.6,21.7,0.2,0.2,0.0,1.0,51,19.0,37.1,299,Drizzle: Light,1,1,
85685,2022-07-07 19:30:00,40.710648,-73.76145,0,0,Driver Inattention/Distraction,4544625,27.5,20.1,0.0,0.0,0.0,0.0,3,19.1,37.4,110,Overcast,0,0,
85686,2022-07-08 10:46:00,40.644913,-73.97443,0,0,Unspecified,4544916,29.6,19.3,1.8,1.8,0.0,8.0,51,15.0,31.0,187,Drizzle: Light,0,0,
85687,2022-07-05 18:40:00,40.597843,-73.98161,0,0,Driver Inattention/Distraction,4545097,30.0,20.3,0.5,0.5,0.0,2.0,51,30.4,56.5,191,Drizzle: Light,0,0,
85688,2022-07-08 13:25:00,40.74135,-73.937096,0,0,Backing Unsafely,4545133,29.6,19.3,1.8,1.8,0.0,8.0,51,15.0,31.0,187,Drizzle: Light,0,0,
85689,2022-07-08 08:40:00,40.68866,-73.985245,0,0,Driver Inattention/Distraction,4544680,29.6,19.3,1.8,1.8,0.0,8.0,51,15.0,31.0,187,Drizzle: Light,0,0,
85690,2022-07-06 13:17:00,40.734795,-73.80115,0,0,Driver Inattention/Distraction,4544542,31.6,21.7,0.2,0.2,0.0,1.0,51,19.0,37.1,299,Drizzle: Light,0,0,
85691,2022-07-04 20:12:00,40.583485,-73.95014,0,0,Unspecified,4544852,30.9,17.5,0.0,0.0,0.0,0.0,3,15.4,27.4,302,Overcast,0,0,
85692,2022-07-08 06:30:00,40.812897,-73.90145,0,0,Passing Too Closely,4544637,29.6,19.3,1.8,1.8,0.0,8.0,51,15.0,31.0,187,Drizzle: Light,0,0,
85693,2022-05-24 15:02:00,40.675446,-73.91936,0,0,Illnes,4544878,19.5,13.2,0.1,0.1,0.0,1.0,51,18.2,35.6,111,Drizzle: Light,0,0,
85694,2022-07-08 13:20:00,40.66278,-73.88086,1,0,Driver Inexperience,4544769,29.6,19.3,1.8,1.8,0.0,8.0,51,15.0,31.0,187,Drizzle: Light,1,1,
85695,2022-07-07 18:25:00,40.68405,-73.97746,0,0,Failure to Keep Right,4544940,27.5,20.1,0.0,0.0,0.0,0.0,3,19.1,37.4,110,Overcast,0,0,
85696,2022-07-08 22:35:00,40.63721,-74.02221,0,0,Driver Inattention/Distraction,4544674,29.6,19.3,1.8,1.8,0.0,8.0,51,15.0,31.0,187,Drizzle: Light,0,0,
85697,2022-07-07 01:35:00,40.7147,-73.97582,1,0,Driver Inattention/Distraction,4544217,27.5,20.1,0.0,0.0,0.0,0.0,3,19.1,37.4,110,Overcast,1,1,
85698,2022-07-06 17:00:00,40.733425,-73.97447,0,0,Unsafe Speed,4544016,31.6,21.7,0.2,0.2,0.0,1.0,51,19.0,37.1,299,Drizzle: Light,0,0,
85699,2022-07-06 23:57:00,40.83228,-73.871315,0,0,Unspecified,4544303,31.6,21.7,0.2,0.2,0.0,1.0,51,19.0,37.1,299,Drizzle: Light,0,0,
85700,2022-07-07 19:00:00,40.66661,-73.876144,0,0,Unspecified,4544384,27.5,20.1,0.0,0.0,0.0,0.0,3,19.1,37.4,110,Overcast,0,0,
85701,2022-07-06 21:22:00,40.58096,-73.96466,0,0,Unspecified,4544058,31.6,21.7,0.2,0.2,0.0,1.0,51,19.0,37.1,299,Drizzle: Light,0,0,
85702,2022-07-06 15:50:00,40.862297,-73.90912,0,0,Driver Inexperience,4544050,31.6,21.7,0.2,0.2,0.0,1.0,51,19.0,37.1,299,Drizzle: Light,0,0,
85703,2022-07-07 14:40:00,40.78214,-73.824844,1,0,Fell Asleep,4544340,27.5,20.1,0.0,0.0,0.0,0.0,3,19.1,37.4,110,Overcast,1,1,
85704,2022-07-07 21:25:00,40.879055,-73.87439,1,0,Driver Inattention/Distraction,4544487,27.5,20.1,0.0,0.0,0.0,0.0,3,19.1,37.4,110,Overcast,1,1,
85705,2022-06-01 07:00:00,40.699406,-73.95338,0,0,Passing or Lane Usage Improper,4545019,22.6,15.5,13.6,13.6,0.0,5.0,63,17.9,37.4,117,Rain: Moderate,0,0,
85706,2022-05-10 19:00:00,40.74939,-73.89466,0,0,Driver Inattention/Distraction,4544652,20.0,7.7,0.0,0.0,0.0,0.0,3,22.5,42.1,40,Overcast,0,0,
85707,2022-07-08 10:00:00,40.84811,-73.857376,0,0,Unspecified,4544733,29.6,19.3,1.8,1.8,0.0,8.0,51,15.0,31.0,187,Drizzle: Light,0,0,
85708,2022-07-07 13:27:00,40.700615,-73.89673,1,0,Failure to Yield Right-of-Way,4544579,27.5,20.1,0.0,0.0,0.0,0.0,3,19.1,37.4,110,Overcast,1,1,
85709,2022-07-07 20:35:00,40.698246,-73.92997,0,0,Unspecified,4544896,27.5,20.1,0.0,0.0,0.0,0.0,3,19.1,37.4,110,Overcast,0,0,
85710,2022-07-06 17:35:00,40.742493,-73.87337,0,0,Backing Unsafely,4544110,31.6,21.7,0.2,0.2,0.0,1.0,51,19.0,37.1,299,Drizzle: Light,0,0,
85711,2022-07-06 17:20:00,40.855137,-73.90836,0,0,Driver Inattention/Distraction,4544176,31.6,21.7,0.2,0.2,0.0,1.0,51,19.0,37.1,299,Drizzle: Light,0,0,
85712,2022-07-06 17:00:00,40.70328,-73.99206,0,0,Unsafe Speed,4544464,31.6,21.7,0.2,0.2,0.0,1.0,51,19.0,37.1,299,Drizzle: Light,0,0,
85713,2022-07-07 08:00:00,40.882336,-73.89164,0,0,Passing Too Closely,4544433,27.5,20.1,0.0,0.0,0.0,0.0,3,19.1,37.4,110,Overcast,0,0,
85714,2022-07-01 11:27:00,40.741753,-73.82504,0,0,Unspecified,4544532,33.7,20.2,0.1,0.1,0.0,1.0,51,32.3,58.0,215,Drizzle: Light,0,0,
85715,2022-06-30 16:48:00,40.585,-73.94764,1,0,Following Too Closely,4544708,31.2,17.3,0.0,0.0,0.0,0.0,2,19.1,37.4,274,Partly cloudy,1,1,
85716,2022-07-05 15:45:00,40.71523,-73.77598,0,0,Unspecified,4544547,30.0,20.3,0.5,0.5,0.0,2.0,51,30.4,56.5,191,Drizzle: Light,0,0,
85717,2022-07-06 23:08:00,40.718143,-73.749054,0,0,Driver Inattention/Distraction,4544193,31.6,21.7,0.2,0.2,0.0,1.0,51,19.0,37.1,299,Drizzle: Light,0,0,
85718,2022-02-02 17:40:00,40.650448,-73.95767,1,0,Unspecified,4499532,3.8,-7.2,0.0,0.0,0.0,0.0,3,10.6,16.2,93,Overcast,1,1,
85719,2022-02-20 12:30:00,40.72303,-73.810135,1,0,Driver Inattention/Distraction,4505167,2.4,-6.6,0.0,0.0,0.0,0.0,3,23.4,44.3,250,Overcast,1,1,
85720,2022-02-21 07:00:00,40.687687,-73.792564,0,0,Traffic Control Disregarded,4504695,9.9,-1.9,0.0,0.0,0.0,0.0,3,19.2,35.3,192,Overcast,0,0,
85721,2022-02-21 19:00:00,40.66851,-73.76626,1,0,Failure to Yield Right-of-Way,4504661,9.9,-1.9,0.0,0.0,0.0,0.0,3,19.2,35.3,192,Overcast,1,1,
85722,2022-02-14 07:00:00,40.814915,-73.828285,0,0,Unspecified,4505073,-3.4,-10.4,0.0,0.0,0.0,0.0,3,26.4,49.3,316,Overcast,0,0,
85723,2022-02-07 19:00:00,40.708168,-73.91056,1,0,Passing Too Closely,4505150,2.8,-4.9,4.3,3.4,0.63,13.0,73,13.7,24.5,7,Snow fall: Moderate,1,1,Snowy Conditions
85724,2022-02-21 20:58:00,40.861343,-73.86749,0,0,Following Too Closely,4504711,9.9,-1.9,0.0,0.0,0.0,0.0,3,19.2,35.3,192,Overcast,0,0,
85725,2022-02-21 16:35:00,40.666348,-73.76093,0,0,Driver Inattention/Distraction,4504550,9.9,-1.9,0.0,0.0,0.0,0.0,3,19.2,35.3,192,Overcast,0,0,
85726,2022-02-21 10:59:00,40.73555,-73.958534,1,0,Backing Unsafely,4504526,9.9,-1.9,0.0,0.0,0.0,0.0,3,19.2,35.3,192,Overcast,1,1,
85727,2022-02-17 16:10:00,40.587566,-73.811264,1,0,Failure to Yield Right-of-Way,4504985,16.7,5.1,2.2,2.2,0.0,2.0,61,31.8,56.5,201,Rain: Light,1,1,
85728,2022-02-21 07:26:00,40.651714,-73.882706,0,0,Unspecified,4504594,9.9,-1.9,0.0,0.0,0.0,0.0,3,19.2,35.3,192,Overcast,0,0,
85729,2022-02-21 08:00:00,40.84942,-73.91113,0,0,Passing or Lane Usage Improper,4505013,9.9,-1.9,0.0,0.0,0.0,0.0,3,19.2,35.3,192,Overcast,0,0,
85730,2022-02-10 17:38:00,40.82424,-73.93927,0,0,Unspecified,4504941,10.8,-0.2,0.0,0.0,0.0,0.0,3,32.6,59.4,244,Overcast,0,0,
85731,2022-02-21 11:40:00,40.632015,-73.941765,1,0,Unspecified,4504523,9.9,-1.9,0.0,0.0,0.0,0.0,3,19.2,35.3,192,Overcast,1,1,
85732,2022-02-21 01:31:00,40.69405,-73.82802,1,0,Unsafe Lane Changing,4504474,9.9,-1.9,0.0,0.0,0.0,0.0,3,19.2,35.3,192,Overcast,1,1,
85733,2022-02-21 20:33:00,40.6552,-73.893555,3,0,Outside Car Distraction,4504632,9.9,-1.9,0.0,0.0,0.0,0.0,3,19.2,35.3,192,Overcast,3,3,
85734,2022-02-21 15:20:00,40.656258,-73.87813,0,0,Passenger Distraction,4504792,9.9,-1.9,0.0,0.0,0.0,0.0,3,19.2,35.3,192,Overcast,0,0,
85735,2022-02-21 11:53:00,40.599827,-74.17823,1,0,Following Too Closely,4504602,9.9,-1.9,0.0,0.0,0.0,0.0,3,19.2,35.3,192,Overcast,1,1,
85736,2022-02-20 10:00:00,40.72702,-73.83105,0,0,Other Vehicular,4505175,2.4,-6.6,0.0,0.0,0.0,0.0,3,23.4,44.3,250,Overcast,0,0,
85737,2022-02-16 16:30:00,40.667454,-73.89475,0,0,Pavement Defective,4505081,6.2,-5.1,0.0,0.0,0.0,0.0,3,21.1,41.0,187,Overcast,0,0,
85738,2022-02-21 17:30:00,40.74935,-73.85807,0,0,Failure to Yield Right-of-Way,4504646,9.9,-1.9,0.0,0.0,0.0,0.0,3,19.2,35.3,192,Overcast,0,0,
85739,2022-02-16 08:30:00,40.607872,-73.7487,0,0,Unspecified,4505139,6.2,-5.1,0.0,0.0,0.0,0.0,3,21.1,41.0,187,Overcast,0,0,
85740,2022-02-21 14:25:00,40.70499,-73.91736,1,0,Driver Inattention/Distraction,4504973,9.9,-1.9,0.0,0.0,0.0,0.0,3,19.2,35.3,192,Overcast,1,1,
85741,2022-02-19 12:00:00,40.87182,-73.87927,0,0,Driver Inattention/Distraction,4504959,3.3,-5.5,0.4,0.0,0.28,4.0,71,35.3,64.4,260,Snow fall: Light,0,0,Snowy Conditions
85742,2022-02-21 16:00:00,40.686916,-73.97737,0,0,Driver Inattention/Distraction,4504533,9.9,-1.9,0.0,0.0,0.0,0.0,3,19.2,35.3,192,Overcast,0,0,
85743,2022-02-21 09:39:00,40.66583,-73.88395,3,0,Failure to Yield Right-of-Way,4504588,9.9,-1.9,0.0,0.0,0.0,0.0,3,19.2,35.3,192,Overcast,3,3,
85744,2022-07-08 22:20:00,40.665497,-73.75573,1,0,Turning Improperly,4544687,29.6,19.3,1.8,1.8,0.0,8.0,51,15.0,31.0,187,Drizzle: Light,1,1,
85745,2022-07-07 11:00:00,40.859245,-73.81814,0,0,Turning Improperly,4544564,27.5,20.1,0.0,0.0,0.0,0.0,3,19.1,37.4,110,Overcast,0,0,
85746,2022-07-06 19:24:00,40.70476,-73.91996,0,0,Unspecified,4544087,31.6,21.7,0.2,0.2,0.0,1.0,51,19.0,37.1,299,Drizzle: Light,0,0,
85747,2022-07-07 11:00:00,40.67393,-73.999954,0,0,Passing or Lane Usage Improper,4544519,27.5,20.1,0.0,0.0,0.0,0.0,3,19.1,37.4,110,Overcast,0,0,
85748,2022-07-08 14:27:00,40.753304,-73.912575,1,0,Turning Improperly,4544955,29.6,19.3,1.8,1.8,0.0,8.0,51,15.0,31.0,187,Drizzle: Light,1,1,
85749,2022-07-06 20:49:00,40.63574,-73.90853,0,0,Unspecified,4544797,31.6,21.7,0.2,0.2,0.0,1.0,51,19.0,37.1,299,Drizzle: Light,0,0,
85750,2022-07-07 23:49:00,40.70947,-73.74581,1,0,Traffic Control Disregarded,4544410,27.5,20.1,0.0,0.0,0.0,0.0,3,19.1,37.4,110,Overcast,1,1,
85751,2022-07-02 13:00:00,40.577744,-73.95607,0,0,Unspecified,4545200,30.8,23.1,4.0,4.0,0.0,5.0,61,19.4,40.0,229,Rain: Light,0,0,
85752,2022-07-08 08:44:00,40.744556,-73.870834,0,0,Backing Unsafely,4544935,29.6,19.3,1.8,1.8,0.0,8.0,51,15.0,31.0,187,Drizzle: Light,0,0,
85753,2022-07-07 00:27:00,40.719643,-73.83507,0,0,Unsafe Speed,4544981,27.5,20.1,0.0,0.0,0.0,0.0,3,19.1,37.4,110,Overcast,0,0,
85754,2022-07-08 18:30:00,40.8638,-73.83367,0,0,Unspecified,4544715,29.6,19.3,1.8,1.8,0.0,8.0,51,15.0,31.0,187,Drizzle: Light,0,0,
85755,2022-07-06 22:40:00,40.880753,-73.90048,1,0,Unspecified,4544428,31.6,21.7,0.2,0.2,0.0,1.0,51,19.0,37.1,299,Drizzle: Light,1,1,
85756,2022-07-02 18:00:00,40.682568,-73.91713,1,0,Unspecified,4544872,30.8,23.1,4.0,4.0,0.0,5.0,61,19.4,40.0,229,Rain: Light,1,1,
85757,2022-07-08 08:45:00,40.8451,-73.91878,0,0,Unspecified,4544720,29.6,19.3,1.8,1.8,0.0,8.0,51,15.0,31.0,187,Drizzle: Light,0,0,
85758,2022-07-08 15:13:00,40.666737,-73.991745,0,0,Driver Inattention/Distraction,4544664,29.6,19.3,1.8,1.8,0.0,8.0,51,15.0,31.0,187,Drizzle: Light,0,0,
85759,2022-07-06 13:00:00,40.705765,-73.896576,0,0,Backing Unsafely,4544574,31.6,21.7,0.2,0.2,0.0,1.0,51,19.0,37.1,299,Drizzle: Light,0,0,
85760,2022-07-07 19:10:00,40.640026,-74.100464,0,0,Animals Action,4545054,27.5,20.1,0.0,0.0,0.0,0.0,3,19.1,37.4,110,Overcast,0,0,
85761,2022-07-06 18:15:00,40.770683,-73.83567,2,0,Unspecified,4544129,31.6,21.7,0.2,0.2,0.0,1.0,51,19.0,37.1,299,Drizzle: Light,2,2,
85762,2022-09-20 22:45:00,40.67752,-73.91082,1,0,Aggressive Driving/Road Rage,4567765,25.7,17.7,0.0,0.0,0.0,0.0,3,19.0,35.3,296,Overcast,1,1,
85763,2022-09-25 11:15:00,40.678837,-73.752,0,0,Unspecified,4567014,23.8,11.8,0.3,0.3,0.0,1.0,51,22.2,41.0,207,Drizzle: Light,0,0,
85764,2022-09-25 22:00:00,40.808956,-73.94832,1,0,Driver Inattention/Distraction,4567237,23.8,11.8,0.3,0.3,0.0,1.0,51,22.2,41.0,207,Drizzle: Light,1,1,
85765,2022-09-25 00:00:00,40.778496,-73.95728,0,0,Other Vehicular,4567636,23.8,11.8,0.3,0.3,0.0,1.0,51,22.2,41.0,207,Drizzle: Light,0,0,
85766,2022-09-23 22:10:00,40.730366,-73.91388,0,0,Alcohol Involvement,4567987,16.4,10.0,0.0,0.0,0.0,0.0,0,31.1,56.9,323,Clear sky,0,0,Sunny/Clear Conditions
85767,2022-09-25 16:30:00,40.660828,-73.889595,0,0,Driver Inexperience,4567687,23.8,11.8,0.3,0.3,0.0,1.0,51,22.2,41.0,207,Drizzle: Light,0,0,
85768,2022-09-15 02:08:00,40.76064,-73.96058,0,0,Driver Inattention/Distraction,4567730,21.9,15.6,0.0,0.0,0.0,0.0,1,18.2,37.1,328,Mainly clear,0,0,Sunny/Clear Conditions
85769,2022-09-25 16:04:00,40.58373,-74.09382,4,0,Fatigued/Drowsy,4567742,23.8,11.8,0.3,0.3,0.0,1.0,51,22.2,41.0,207,Drizzle: Light,4,4,
85770,2021-11-12 15:00:00,40.82403,-73.94476,1,0,Aggressive Driving/Road Rage,4476711,18.5,8.9,15.0,15.0,0.0,7.0,63,39.8,74.5,174,Rain: Moderate,1,1,