,CRASH DATETIME,LATITUDE,LONGITUDE,NUMBER OF PERSONS INJURED,NUMBER OF PERSONS KILLED,CONTRIBUTING FACTOR VEHICLE 1,COLLISION_ID,temperature_2m_max,temperature_2m_min,precipitation_sum,rain_sum,snowfall_sum,precipitation_hours,weather_code,wind_speed_10m_max,wind_gusts_10m_max,wind_direction_10m_dominant,Weather Description,Severity_Score,Total_Affected_Persons,Weather_Category
85771,2021-09-07 12:40:00,40.586098,-73.96015,1,0,Unspecified,4455497,25.9,15.2,0.0,0.0,0.0,0.0,1,12.5,25.6,259,Mainly clear,1,1,Sunny/Clear Conditions
85772,2022-09-25 14:25:00,40.656082,-73.953064,0,0,Driver Inattention/Distraction,4567194,23.8,11.8,0.3,0.3,0.0,1.0,51,22.2,41.0,207,Drizzle: Light,0,0,
85773,2021-08-17 20:10:00,40.779922,-73.98068,0,1,Failure to Yield Right-of-Way,4448651,26.4,22.2,1.6,1.6,0.0,2.0,55,20.3,39.2,158,Drizzle: Dense,20,1,
85774,2021-08-28 00:20:00,40.667114,-73.834656,3,0,Passing or Lane Usage Improper,4451579,26.2,20.2,3.9,3.9,0.0,18.0,53,23.5,45.0,65,Drizzle: Moderate,3,3,
85775,2021-08-31 05:39:00,40.76553,-73.99768,1,1,Driver Inattention/Distraction,4452278,28.5,21.2,0.0,0.0,0.0,0.0,3,15.5,29.9,301,Overcast,21,2,
85776,2021-09-05 01:30:00,40.62894,-74.04092,2,0,Unspecified,4454885,24.5,16.9,1.0,1.0,0.0,6.0,51,15.5,42.5,204,Drizzle: Light,2,2,
85777,2021-09-04 01:20:00,40.728363,-73.88449,2,0,Unsafe Speed,4455469,25.2,14.5,0.0,0.0,0.0,0.0,3,15.4,27.0,289,Overcast,2,2,
85778,2021-09-02 16:05:00,40.81702,-73.91935,0,0,Unspecified,4455505,24.5,15.0,24.6,24.6,0.0,5.0,65,43.0,83.5,344,Rain: Heavy,0,0,
85779,2021-11-06 19:45:00,40.76267,-73.87526,0,0,Alcohol Involvement,4476715,10.5,3.4,0.0,0.0,0.0,0.0,0,9.5,17.6,61,Clear sky,0,0,Sunny/Clear Conditions
85780,2021-09-07 11:15:00,40.710476,-73.963844,0,0,Driver Inattention/Distraction,4455467,25.9,15.2,0.0,0.0,0.0,0.0,1,12.5,25.6,259,Mainly clear,0,0,Sunny/Clear Conditions
85781,2021-09-06 00:46:00,40.827198,-73.93668,0,0,Driver Inattention/Distraction,4455511,26.9,18.4,0.0,0.0,0.0,0.0,3,19.6,37.8,273,Overcast,0,0,
85782,2021-09-06 14:20:00,40.82513,-73.931076,0,0,Following Too Closely,4455489,26.9,18.4,0.0,0.0,0.0,0.0,3,19.6,37.8,273,Overcast,0,0,
85783,2021-08-28 09:00:00,40.81722,-73.91924,0,0,Driver Inattention/Distraction,4455501,26.2,20.2,3.9,3.9,0.0,18.0,53,23.5,45.0,65,Drizzle: Moderate,0,0,
85784,2021-09-04 17:04:00,40.68621,-73.9701,0,0,Other Vehicular,4455460,25.2,14.5,0.0,0.0,0.0,0.0,3,15.4,27.0,289,Overcast,0,0,
85785,2021-09-01 04:30:00,40.809044,-73.92856,0,0,Traffic Control Disregarded,4455503,23.2,18.4,121.7,121.7,0.0,18.0,65,43.2,78.5,42,Rain: Heavy,0,0,
85786,2021-08-31 16:30:00,40.816875,-73.923004,1,0,,4455504,28.5,21.2,0.0,0.0,0.0,0.0,3,15.5,29.9,301,Overcast,1,1,
85787,2022-09-25 05:30:00,40.804745,-73.91194,0,0,Pavement Slippery,4567130,23.8,11.8,0.3,0.3,0.0,1.0,51,22.2,41.0,207,Drizzle: Light,0,0,
85788,2022-09-11 19:00:00,40.7441,-73.99565,0,0,Following Too Closely,4567903,24.5,18.9,12.9,12.9,0.0,13.0,61,12.4,22.0,205,Rain: Light,0,0,
85789,2022-09-01 07:50:00,40.6028,-73.74879,1,0,Driver Inattention/Distraction,4567921,29.3,19.5,0.0,0.0,0.0,0.0,1,18.0,35.6,295,Mainly clear,1,1,Sunny/Clear Conditions
85790,2022-09-18 16:55:00,40.760685,-73.76644,0,0,Unspecified,4567949,28.7,17.1,0.0,0.0,0.0,0.0,3,20.2,36.7,233,Overcast,0,0,
85791,2022-09-25 00:15:00,40.707485,-73.93393,0,0,Failure to Yield Right-of-Way,4567187,23.8,11.8,0.3,0.3,0.0,1.0,51,22.2,41.0,207,Drizzle: Light,0,0,
85792,2022-09-25 07:50:00,40.74955,-73.88618,1,0,Driver Inattention/Distraction,4567138,23.8,11.8,0.3,0.3,0.0,1.0,51,22.2,41.0,207,Drizzle: Light,1,1,
85793,2022-09-21 15:00:00,40.838966,-73.88229,2,0,Driver Inattention/Distraction,4567856,26.5,16.0,0.0,0.0,0.0,0.0,3,19.4,36.7,252,Overcast,2,2,
85794,2022-09-25 21:30:00,40.684383,-73.823265,0,0,Traffic Control Disregarded,4567230,23.8,11.8,0.3,0.3,0.0,1.0,51,22.2,41.0,207,Drizzle: Light,0,0,
85795,2021-11-12 08:36:00,40.643986,-74.01149,1,0,Failure to Yield Right-of-Way,4476714,18.5,8.9,15.0,15.0,0.0,7.0,63,39.8,74.5,174,Rain: Moderate,1,1,
85796,2022-09-25 05:20:00,40.72416,-73.754974,4,0,Traffic Control Disregarded,4567039,23.8,11.8,0.3,0.3,0.0,1.0,51,22.2,41.0,207,Drizzle: Light,4,4,
85797,2021-09-07 13:30:00,40.676617,-73.8579,0,0,Reaction to Uninvolved Vehicle,4454806,25.9,15.2,0.0,0.0,0.0,0.0,1,12.5,25.6,259,Mainly clear,0,0,Sunny/Clear Conditions
85798,2021-09-07 17:35:00,40.681995,-74.002625,0,0,Unspecified,4455279,25.9,15.2,0.0,0.0,0.0,0.0,1,12.5,25.6,259,Mainly clear,0,0,Sunny/Clear Conditions
85799,2021-09-07 01:26:00,40.760586,-73.84592,0,0,Driver Inattention/Distraction,4454436,25.9,15.2,0.0,0.0,0.0,0.0,1,12.5,25.6,259,Mainly clear,0,0,Sunny/Clear Conditions
85800,2021-09-07 07:20:00,40.656063,-73.93957,0,0,Driver Inattention/Distraction,4454787,25.9,15.2,0.0,0.0,0.0,0.0,1,12.5,25.6,259,Mainly clear,0,0,Sunny/Clear Conditions
85801,2021-09-07 12:40:00,40.662907,-73.932365,0,0,Driver Inattention/Distraction,4454985,25.9,15.2,0.0,0.0,0.0,0.0,1,12.5,25.6,259,Mainly clear,0,0,Sunny/Clear Conditions
85802,2021-09-07 21:37:00,40.653576,-73.95946,0,0,Driver Inattention/Distraction,4454839,25.9,15.2,0.0,0.0,0.0,0.0,1,12.5,25.6,259,Mainly clear,0,0,Sunny/Clear Conditions
85803,2021-09-01 09:57:00,40.667522,-73.78063,0,0,Following Too Closely,4455208,23.2,18.4,121.7,121.7,0.0,18.0,65,43.2,78.5,42,Rain: Heavy,0,0,
85804,2021-09-03 15:30:00,40.86877,-73.83174,0,0,Following Too Closely,4455354,21.9,14.0,0.0,0.0,0.0,0.0,3,14.5,30.2,321,Overcast,0,0,
85805,2021-09-07 07:10:00,40.753487,-73.99657,0,0,Driver Inattention/Distraction,4454494,25.9,15.2,0.0,0.0,0.0,0.0,1,12.5,25.6,259,Mainly clear,0,0,Sunny/Clear Conditions
85806,2021-09-07 19:00:00,40.603874,-73.99544,0,0,Following Too Closely,4454847,25.9,15.2,0.0,0.0,0.0,0.0,1,12.5,25.6,259,Mainly clear,0,0,Sunny/Clear Conditions
85807,2021-09-07 14:35:00,40.677357,-73.896225,2,0,Unspecified,4455277,25.9,15.2,0.0,0.0,0.0,0.0,1,12.5,25.6,259,Mainly clear,2,2,Sunny/Clear Conditions
85808,2021-08-10 16:24:00,40.7508,-73.99819,1,0,Passing Too Closely,4455327,27.3,20.4,3.8,3.8,0.0,11.0,61,18.0,36.0,170,Rain: Light,1,1,
85809,2021-09-07 15:26:00,40.72981,-73.74469,0,0,Other Vehicular,4455094,25.9,15.2,0.0,0.0,0.0,0.0,1,12.5,25.6,259,Mainly clear,0,0,Sunny/Clear Conditions
85810,2021-09-07 04:30:00,40.67628,-73.892166,0,0,Unsafe Speed,4454537,25.9,15.2,0.0,0.0,0.0,0.0,1,12.5,25.6,259,Mainly clear,0,0,Sunny/Clear Conditions
85811,2021-09-07 15:02:00,40.793606,-73.94952,1,0,Failure to Yield Right-of-Way,4454726,25.9,15.2,0.0,0.0,0.0,0.0,1,12.5,25.6,259,Mainly clear,1,1,Sunny/Clear Conditions
85812,2021-09-07 18:44:00,40.850395,-73.9228,0,0,Unsafe Lane Changing,4454911,25.9,15.2,0.0,0.0,0.0,0.0,1,12.5,25.6,259,Mainly clear,0,0,Sunny/Clear Conditions
85813,2021-09-07 16:15:00,40.656548,-74.0021,0,0,Traffic Control Disregarded,4454933,25.9,15.2,0.0,0.0,0.0,0.0,1,12.5,25.6,259,Mainly clear,0,0,Sunny/Clear Conditions
85814,2021-09-07 17:32:00,40.67792,-73.9182,0,0,Driver Inattention/Distraction,4455005,25.9,15.2,0.0,0.0,0.0,0.0,1,12.5,25.6,259,Mainly clear,0,0,Sunny/Clear Conditions
85815,2021-09-07 15:00:00,40.70276,-73.881355,0,0,Unspecified,4455038,25.9,15.2,0.0,0.0,0.0,0.0,1,12.5,25.6,259,Mainly clear,0,0,Sunny/Clear Conditions
85816,2021-09-07 06:50:00,40.707977,-73.78306,0,0,Driver Inattention/Distraction,4454685,25.9,15.2,0.0,0.0,0.0,0.0,1,12.5,25.6,259,Mainly clear,0,0,Sunny/Clear Conditions
85817,2021-09-07 09:07:00,40.789204,-73.95483,1,0,View Obstructed/Limited,4454634,25.9,15.2,0.0,0.0,0.0,0.0,1,12.5,25.6,259,Mainly clear,1,1,Sunny/Clear Conditions
85818,2021-09-05 12:56:00,40.663704,-73.936424,1,0,Turning Improperly,4455381,24.5,16.9,1.0,1.0,0.0,6.0,51,15.5,42.5,204,Drizzle: Light,1,1,
85819,2021-08-27 18:00:00,40.73261,-73.8686,1,0,Following Too Closely,4455434,32.2,23.4,1.4,1.4,0.0,2.0,55,9.4,22.3,299,Drizzle: Dense,1,1,
85820,2021-09-07 10:35:00,40.768955,-73.82669,1,0,Failure to Yield Right-of-Way,4454675,25.9,15.2,0.0,0.0,0.0,0.0,1,12.5,25.6,259,Mainly clear,1,1,Sunny/Clear Conditions
85821,2021-09-07 12:24:00,40.705772,-74.00887,0,0,Oversized Vehicle,4454635,25.9,15.2,0.0,0.0,0.0,0.0,1,12.5,25.6,259,Mainly clear,0,0,Sunny/Clear Conditions
85822,2021-08-19 13:04:00,40.741623,-73.79109,1,0,Driver Inattention/Distraction,4455306,30.2,23.4,11.8,11.8,0.0,13.0,61,26.3,53.3,223,Rain: Light,1,1,
85823,2021-09-07 02:10:00,40.84519,-73.9112,0,0,Following Too Closely,4454707,25.9,15.2,0.0,0.0,0.0,0.0,1,12.5,25.6,259,Mainly clear,0,0,Sunny/Clear Conditions
85824,2021-09-07 08:40:00,40.636772,-74.11886,0,0,Backing Unsafely,4454589,25.9,15.2,0.0,0.0,0.0,0.0,1,12.5,25.6,259,Mainly clear,0,0,Sunny/Clear Conditions
85825,2021-09-07 21:00:00,40.878128,-73.86944,0,0,Unsafe Lane Changing,4455036,25.9,15.2,0.0,0.0,0.0,0.0,1,12.5,25.6,259,Mainly clear,0,0,Sunny/Clear Conditions
85826,2021-09-07 12:22:00,40.681026,-73.90866,0,0,Backing Unsafely,4454830,25.9,15.2,0.0,0.0,0.0,0.0,1,12.5,25.6,259,Mainly clear,0,0,Sunny/Clear Conditions
85827,2021-09-07 15:51:00,40.584816,-73.95271,0,0,Driver Inattention/Distraction,4454858,25.9,15.2,0.0,0.0,0.0,0.0,1,12.5,25.6,259,Mainly clear,0,0,Sunny/Clear Conditions
85828,2021-09-07 10:55:00,40.704155,-73.90752,0,0,Traffic Control Disregarded,4455047,25.9,15.2,0.0,0.0,0.0,0.0,1,12.5,25.6,259,Mainly clear,0,0,Sunny/Clear Conditions
85829,2021-09-07 03:35:00,40.8126,-73.899,1,0,Passing or Lane Usage Improper,4454621,25.9,15.2,0.0,0.0,0.0,0.0,1,12.5,25.6,259,Mainly clear,1,1,Sunny/Clear Conditions
85830,2021-09-07 12:00:00,40.75171,-73.80612,0,0,Following Too Closely,4454693,25.9,15.2,0.0,0.0,0.0,0.0,1,12.5,25.6,259,Mainly clear,0,0,Sunny/Clear Conditions
85831,2021-09-07 13:30:00,40.71146,-73.79647,1,0,Failure to Yield Right-of-Way,4454798,25.9,15.2,0.0,0.0,0.0,0.0,1,12.5,25.6,259,Mainly clear,1,1,Sunny/Clear Conditions
85832,2021-09-07 12:30:00,40.589603,-74.089386,0,0,Driver Inattention/Distraction,4455374,25.9,15.2,0.0,0.0,0.0,0.0,1,12.5,25.6,259,Mainly clear,0,0,Sunny/Clear Conditions
85833,2021-09-07 15:34:00,40.609806,-74.16041,0,0,Driver Inattention/Distraction,4455231,25.9,15.2,0.0,0.0,0.0,0.0,1,12.5,25.6,259,Mainly clear,0,0,Sunny/Clear Conditions
85834,2021-09-07 07:40:00,40.766544,-73.95102,0,0,Driver Inexperience,4455382,25.9,15.2,0.0,0.0,0.0,0.0,1,12.5,25.6,259,Mainly clear,0,0,Sunny/Clear Conditions
85835,2021-09-07 16:40:00,40.795406,-73.93617,0,0,Driver Inattention/Distraction,4454727,25.9,15.2,0.0,0.0,0.0,0.0,1,12.5,25.6,259,Mainly clear,0,0,Sunny/Clear Conditions
85836,2021-09-07 14:32:00,40.71702,-73.830505,1,0,Unsafe Speed,4454768,25.9,15.2,0.0,0.0,0.0,0.0,1,12.5,25.6,259,Mainly clear,1,1,Sunny/Clear Conditions
85837,2021-09-03 20:44:00,40.744003,-73.99942,0,0,Turning Improperly,4455311,21.9,14.0,0.0,0.0,0.0,0.0,3,14.5,30.2,321,Overcast,0,0,
85838,2021-09-07 05:50:00,40.659527,-73.94842,0,0,Unspecified,4454654,25.9,15.2,0.0,0.0,0.0,0.0,1,12.5,25.6,259,Mainly clear,0,0,Sunny/Clear Conditions
85839,2021-09-07 19:47:00,40.84717,-73.899605,0,0,Driver Inattention/Distraction,4455206,25.9,15.2,0.0,0.0,0.0,0.0,1,12.5,25.6,259,Mainly clear,0,0,Sunny/Clear Conditions
85840,2021-09-07 15:58:00,40.715473,-73.98512,2,0,Other Vehicular,4454971,25.9,15.2,0.0,0.0,0.0,0.0,1,12.5,25.6,259,Mainly clear,2,2,Sunny/Clear Conditions
85841,2021-09-07 10:45:00,40.840775,-73.87246,2,0,Following Too Closely,4455020,25.9,15.2,0.0,0.0,0.0,0.0,1,12.5,25.6,259,Mainly clear,2,2,Sunny/Clear Conditions
85842,2021-08-26 22:44:00,40.844105,-73.898,2,0,Driver Inattention/Distraction,4455191,31.8,22.8,0.1,0.1,0.0,1.0,51,14.8,29.2,228,Drizzle: Light,2,2,
85843,2021-08-19 12:02:00,40.74947,-73.7564,0,0,Unspecified,4455299,30.2,23.4,11.8,11.8,0.0,13.0,61,26.3,53.3,223,Rain: Light,0,0,
85844,2021-09-07 22:45:00,40.70789,-73.84652,1,0,Passing or Lane Usage Improper,4454815,25.9,15.2,0.0,0.0,0.0,0.0,1,12.5,25.6,259,Mainly clear,1,1,Sunny/Clear Conditions
85845,2021-09-07 12:30:00,40.596184,-74.00053,1,0,Unsafe Speed,4454854,25.9,15.2,0.0,0.0,0.0,0.0,1,12.5,25.6,259,Mainly clear,1,1,Sunny/Clear Conditions
85846,2021-09-07 21:50:00,0.0,0.0,2,0,Driver Inattention/Distraction,4454780,25.9,15.2,0.0,0.0,0.0,0.0,1,12.5,25.6,259,Mainly clear,2,2,Sunny/Clear Conditions
85847,2021-09-07 14:26:00,40.69942,-73.86878,0,0,Following Too Closely,4455365,25.9,15.2,0.0,0.0,0.0,0.0,1,12.5,25.6,259,Mainly clear,0,0,Sunny/Clear Conditions
85848,2021-09-07 17:56:00,40.677715,-73.97326,0,0,Following Too Closely,4454732,25.9,15.2,0.0,0.0,0.0,0.0,1,12.5,25.6,259,Mainly clear,0,0,Sunny/Clear Conditions
85849,2021-09-04 21:35:00,40.73065,-73.98308,0,0,Failure to Yield Right-of-Way,4455221,25.2,14.5,0.0,0.0,0.0,0.0,3,15.4,27.0,289,Overcast,0,0,
85850,2021-09-07 12:37:00,40.749825,-73.972206,1,0,Driver Inattention/Distraction,4455389,25.9,15.2,0.0,0.0,0.0,0.0,1,12.5,25.6,259,Mainly clear,1,1,Sunny/Clear Conditions
85851,2022-09-03 09:30:00,40.82839,-73.916916,0,0,Driver Inattention/Distraction,4567741,26.8,17.3,0.0,0.0,0.0,0.0,3,17.3,32.0,143,Overcast,0,0,
85852,2021-09-07 21:58:00,40.761486,-73.96061,2,0,Driver Inattention/Distraction,4454840,25.9,15.2,0.0,0.0,0.0,0.0,1,12.5,25.6,259,Mainly clear,2,2,Sunny/Clear Conditions
85853,2021-09-04 11:58:00,40.68856,-73.87572,0,0,Unspecified,4455268,25.2,14.5,0.0,0.0,0.0,0.0,3,15.4,27.0,289,Overcast,0,0,
85854,2021-09-07 01:08:00,40.68628,-73.82991,0,0,Other Vehicular,4454440,25.9,15.2,0.0,0.0,0.0,0.0,1,12.5,25.6,259,Mainly clear,0,0,Sunny/Clear Conditions
85855,2021-09-07 21:45:00,40.667236,-73.770004,0,0,Unspecified,4454764,25.9,15.2,0.0,0.0,0.0,0.0,1,12.5,25.6,259,Mainly clear,0,0,Sunny/Clear Conditions
85856,2021-09-05 00:05:00,40.750443,-73.96599,2,0,Passing or Lane Usage Improper,4455387,24.5,16.9,1.0,1.0,0.0,6.0,51,15.5,42.5,204,Drizzle: Light,2,2,
85857,2021-09-07 00:30:00,40.752098,-73.94425,0,0,Driver Inattention/Distraction,4454504,25.9,15.2,0.0,0.0,0.0,0.0,1,12.5,25.6,259,Mainly clear,0,0,Sunny/Clear Conditions
85858,2021-09-07 16:40:00,40.676003,-73.865395,0,0,Unspecified,4455278,25.9,15.2,0.0,0.0,0.0,0.0,1,12.5,25.6,259,Mainly clear,0,0,Sunny/Clear Conditions
85859,2021-09-07 10:15:00,40.823914,-73.85549,0,0,Unsafe Speed,4454730,25.9,15.2,0.0,0.0,0.0,0.0,1,12.5,25.6,259,Mainly clear,0,0,Sunny/Clear Conditions
85860,2021-09-07 14:50:00,40.761234,-73.96389,0,0,Driver Inattention/Distraction,4454843,25.9,15.2,0.0,0.0,0.0,0.0,1,12.5,25.6,259,Mainly clear,0,0,Sunny/Clear Conditions
85861,2021-09-06 09:30:00,40.79367,-73.94175,0,0,Backing Unsafely,4455332,26.9,18.4,0.0,0.0,0.0,0.0,3,19.6,37.8,273,Overcast,0,0,
85862,2021-09-07 15:10:00,40.73736,-73.934074,2,0,Driver Inattention/Distraction,4454781,25.9,15.2,0.0,0.0,0.0,0.0,1,12.5,25.6,259,Mainly clear,2,2,Sunny/Clear Conditions
85863,2021-09-07 16:21:00,40.71943,-73.87917,0,0,Tow Hitch Defective,4455090,25.9,15.2,0.0,0.0,0.0,0.0,1,12.5,25.6,259,Mainly clear,0,0,Sunny/Clear Conditions
85864,2021-09-03 20:37:00,40.66743,-73.76676,0,0,Following Too Closely,4455212,21.9,14.0,0.0,0.0,0.0,0.0,3,14.5,30.2,321,Overcast,0,0,
85865,2021-09-07 12:45:00,40.755066,-73.84419,2,0,Unsafe Lane Changing,4454809,25.9,15.2,0.0,0.0,0.0,0.0,1,12.5,25.6,259,Mainly clear,2,2,Sunny/Clear Conditions
85866,2021-09-07 08:25:00,40.731277,-73.871574,1,0,Reaction to Uninvolved Vehicle,4455436,25.9,15.2,0.0,0.0,0.0,0.0,1,12.5,25.6,259,Mainly clear,1,1,Sunny/Clear Conditions
85867,2021-09-07 11:30:00,40.70947,-73.74581,0,0,Passing or Lane Usage Improper,4454650,25.9,15.2,0.0,0.0,0.0,0.0,1,12.5,25.6,259,Mainly clear,0,0,Sunny/Clear Conditions
85868,2021-09-07 12:35:00,40.58665,-73.934456,1,0,Driver Inattention/Distraction,4454676,25.9,15.2,0.0,0.0,0.0,0.0,1,12.5,25.6,259,Mainly clear,1,1,Sunny/Clear Conditions
85869,2021-09-07 04:05:00,40.75149,-73.88748,1,0,Driver Inattention/Distraction,4454949,25.9,15.2,0.0,0.0,0.0,0.0,1,12.5,25.6,259,Mainly clear,1,1,Sunny/Clear Conditions
85870,2021-09-07 16:22:00,40.637775,-73.88511,0,0,Unspecified,4455413,25.9,15.2,0.0,0.0,0.0,0.0,1,12.5,25.6,259,Mainly clear,0,0,Sunny/Clear Conditions
85871,2021-09-07 17:30:00,40.61481,-74.03195,0,0,Driver Inattention/Distraction,4454760,25.9,15.2,0.0,0.0,0.0,0.0,1,12.5,25.6,259,Mainly clear,0,0,Sunny/Clear Conditions
85872,2021-09-07 14:40:00,40.74473,-73.93359,1,0,Driver Inattention/Distraction,4455055,25.9,15.2,0.0,0.0,0.0,0.0,1,12.5,25.6,259,Mainly clear,1,1,Sunny/Clear Conditions
85873,2021-09-07 13:58:00,40.88208,-73.82836,0,0,Unspecified,4455353,25.9,15.2,0.0,0.0,0.0,0.0,1,12.5,25.6,259,Mainly clear,0,0,Sunny/Clear Conditions
85874,2021-09-07 07:05:00,40.76155,-73.96659,0,0,Driver Inattention/Distraction,4454627,25.9,15.2,0.0,0.0,0.0,0.0,1,12.5,25.6,259,Mainly clear,0,0,Sunny/Clear Conditions
85875,2021-09-07 16:42:00,40.60603,-73.98703,1,0,Failure to Yield Right-of-Way,4454877,25.9,15.2,0.0,0.0,0.0,0.0,1,12.5,25.6,259,Mainly clear,1,1,Sunny/Clear Conditions
85876,2021-09-07 11:00:00,40.766685,-73.892136,0,0,Passing or Lane Usage Improper,4454972,25.9,15.2,0.0,0.0,0.0,0.0,1,12.5,25.6,259,Mainly clear,0,0,Sunny/Clear Conditions
85877,2021-09-07 08:22:00,40.63233,-74.01854,1,0,Driver Inattention/Distraction,4454669,25.9,15.2,0.0,0.0,0.0,0.0,1,12.5,25.6,259,Mainly clear,1,1,Sunny/Clear Conditions
85878,2021-09-07 03:35:00,40.6224,-73.936646,0,0,Driver Inexperience,4454796,25.9,15.2,0.0,0.0,0.0,0.0,1,12.5,25.6,259,Mainly clear,0,0,Sunny/Clear Conditions
85879,2021-09-05 20:50:00,40.626457,-73.918,0,0,Driver Inattention/Distraction,4455297,24.5,16.9,1.0,1.0,0.0,6.0,51,15.5,42.5,204,Drizzle: Light,0,0,
85880,2021-09-07 17:50:00,40.89193,-73.848076,0,0,Traffic Control Disregarded,4455071,25.9,15.2,0.0,0.0,0.0,0.0,1,12.5,25.6,259,Mainly clear,0,0,Sunny/Clear Conditions
85881,2021-09-07 16:25:00,40.649868,-73.93409,1,0,Physical Disability,4454750,25.9,15.2,0.0,0.0,0.0,0.0,1,12.5,25.6,259,Mainly clear,1,1,Sunny/Clear Conditions
85882,2021-09-07 14:30:00,40.666893,-73.80546,0,0,Passing or Lane Usage Improper,4454802,25.9,15.2,0.0,0.0,0.0,0.0,1,12.5,25.6,259,Mainly clear,0,0,Sunny/Clear Conditions
85883,2021-09-03 09:18:00,40.606457,-73.989136,1,0,Driver Inexperience,4455375,21.9,14.0,0.0,0.0,0.0,0.0,3,14.5,30.2,321,Overcast,1,1,
85884,2021-09-02 17:00:00,40.781796,-73.910736,0,0,Backing Unsafely,4455225,24.5,15.0,24.6,24.6,0.0,5.0,65,43.0,83.5,344,Rain: Heavy,0,0,
85885,2021-09-07 13:15:00,40.643005,-74.00533,1,0,Failure to Yield Right-of-Way,4454936,25.9,15.2,0.0,0.0,0.0,0.0,1,12.5,25.6,259,Mainly clear,1,1,Sunny/Clear Conditions
85886,2021-09-07 06:00:00,40.814487,-73.95547,0,0,Unsafe Speed,4454513,25.9,15.2,0.0,0.0,0.0,0.0,1,12.5,25.6,259,Mainly clear,0,0,Sunny/Clear Conditions
85887,2021-09-07 14:00:00,40.699356,-73.90184,0,0,Passing or Lane Usage Improper,4455046,25.9,15.2,0.0,0.0,0.0,0.0,1,12.5,25.6,259,Mainly clear,0,0,Sunny/Clear Conditions
85888,2021-09-07 13:42:00,40.85556,-73.867676,0,0,Driver Inattention/Distraction,4454710,25.9,15.2,0.0,0.0,0.0,0.0,1,12.5,25.6,259,Mainly clear,0,0,Sunny/Clear Conditions
85889,2021-09-07 17:00:00,40.76838,-73.92125,0,0,Reaction to Uninvolved Vehicle,4454978,25.9,15.2,0.0,0.0,0.0,0.0,1,12.5,25.6,259,Mainly clear,0,0,Sunny/Clear Conditions
85890,2021-09-07 00:25:00,40.752895,-73.98925,1,0,Other Vehicular,4454902,25.9,15.2,0.0,0.0,0.0,0.0,1,12.5,25.6,259,Mainly clear,1,1,Sunny/Clear Conditions
85891,2021-09-07 17:30:00,40.844955,-73.93008,0,0,Driver Inattention/Distraction,4454826,25.9,15.2,0.0,0.0,0.0,0.0,1,12.5,25.6,259,Mainly clear,0,0,Sunny/Clear Conditions
85892,2021-08-29 23:00:00,40.610405,-74.150665,0,0,Alcohol Involvement,4455304,24.5,19.7,2.5,2.5,0.0,9.0,53,13.6,25.6,98,Drizzle: Moderate,0,0,
85893,2021-09-07 21:30:00,40.592484,-73.99494,0,0,Unsafe Speed,4454857,25.9,15.2,0.0,0.0,0.0,0.0,1,12.5,25.6,259,Mainly clear,0,0,Sunny/Clear Conditions
85894,2021-08-14 22:56:00,40.84364,-73.91304,0,0,Driver Inattention/Distraction,4455227,31.3,24.2,2.5,2.5,0.0,5.0,55,16.9,32.8,286,Drizzle: Dense,0,0,
85895,2021-09-07 08:35:00,40.731277,-73.871574,0,0,Driver Inattention/Distraction,4454767,25.9,15.2,0.0,0.0,0.0,0.0,1,12.5,25.6,259,Mainly clear,0,0,Sunny/Clear Conditions
85896,2021-09-07 16:30:00,40.853874,-73.89248,1,0,Backing Unsafely,4455197,25.9,15.2,0.0,0.0,0.0,0.0,1,12.5,25.6,259,Mainly clear,1,1,Sunny/Clear Conditions
85897,2021-09-07 20:19:00,40.710934,-73.96514,0,0,Driver Inattention/Distraction,4454801,25.9,15.2,0.0,0.0,0.0,0.0,1,12.5,25.6,259,Mainly clear,0,0,Sunny/Clear Conditions
85898,2021-09-07 20:45:00,40.77124,-73.9038,0,0,Backing Unsafely,4454997,25.9,15.2,0.0,0.0,0.0,0.0,1,12.5,25.6,259,Mainly clear,0,0,Sunny/Clear Conditions
85899,2021-09-07 07:05:00,40.61258,-74.129166,1,0,Failure to Yield Right-of-Way,4454588,25.9,15.2,0.0,0.0,0.0,0.0,1,12.5,25.6,259,Mainly clear,1,1,Sunny/Clear Conditions
85900,2021-09-07 14:20:00,40.5861,-73.93851,0,0,Unspecified,4454862,25.9,15.2,0.0,0.0,0.0,0.0,1,12.5,25.6,259,Mainly clear,0,0,Sunny/Clear Conditions
85901,2021-09-07 18:12:00,40.703217,-73.82428,1,0,Failure to Yield Right-of-Way,4454869,25.9,15.2,0.0,0.0,0.0,0.0,1,12.5,25.6,259,Mainly clear,1,1,Sunny/Clear Conditions