,CRASH DATETIME,LATITUDE,LONGITUDE,NUMBER OF PERSONS INJURED,NUMBER OF PERSONS KILLED,CONTRIBUTING FACTOR VEHICLE 1,COLLISION_ID,temperature_2m_max,temperature_2m_min,precipitation_sum,rain_sum,snowfall_sum,precipitation_hours,weather_code,wind_speed_10m_max,wind_gusts_10m_max,wind_direction_10m_dominant,Weather Description,Severity_Score,Total_Affected_Persons,Weather_Category
85902,2021-09-07 21:00:00,40.664043,-73.736534,0,0,Unspecified,4454763,25.9,15.2,0.0,0.0,0.0,0.0,1,12.5,25.6,259,Mainly clear,0,0,Sunny/Clear Conditions
85903,2021-09-07 14:40:00,40.734844,-73.95841,0,0,Following Too Closely,4454861,25.9,15.2,0.0,0.0,0.0,0.0,1,12.5,25.6,259,Mainly clear,0,0,Sunny/Clear Conditions
85904,2021-08-29 15:10:00,40.689804,-73.97794,1,0,Passing or Lane Usage Improper,4455245,24.5,19.7,2.5,2.5,0.0,9.0,53,13.6,25.6,98,Drizzle: Moderate,1,1,
85905,2021-09-05 05:00:00,40.67131,-73.89277,1,0,Fell Asleep,4455274,24.5,16.9,1.0,1.0,0.0,6.0,51,15.5,42.5,204,Drizzle: Light,1,1,
85906,2021-09-07 00:15:00,40.679005,-73.819595,0,0,Failure to Yield Right-of-Way,4454442,25.9,15.2,0.0,0.0,0.0,0.0,1,12.5,25.6,259,Mainly clear,0,0,Sunny/Clear Conditions
85907,2021-08-29 16:15:00,40.758396,-73.76759,0,0,Accelerator Defective,4455417,24.5,19.7,2.5,2.5,0.0,9.0,53,13.6,25.6,98,Drizzle: Moderate,0,0,
85908,2021-09-07 12:13:00,40.76529,-73.91799,1,0,Driver Inattention/Distraction,4454973,25.9,15.2,0.0,0.0,0.0,0.0,1,12.5,25.6,259,Mainly clear,1,1,Sunny/Clear Conditions
85909,2021-09-07 12:15:00,40.704494,-73.81743,1,0,Unsafe Lane Changing,4454668,25.9,15.2,0.0,0.0,0.0,0.0,1,12.5,25.6,259,Mainly clear,1,1,Sunny/Clear Conditions
85910,2021-09-07 08:50:00,40.732887,-73.920586,1,0,Driver Inattention/Distraction,4454671,25.9,15.2,0.0,0.0,0.0,0.0,1,12.5,25.6,259,Mainly clear,1,1,Sunny/Clear Conditions
85911,2021-09-07 23:00:00,40.8254,-73.865074,2,0,Unsafe Speed,4454925,25.9,15.2,0.0,0.0,0.0,0.0,1,12.5,25.6,259,Mainly clear,2,2,Sunny/Clear Conditions
85912,2021-09-05 01:00:00,40.749302,-74.00807,0,0,Turning Improperly,4455315,24.5,16.9,1.0,1.0,0.0,6.0,51,15.5,42.5,204,Drizzle: Light,0,0,
85913,2021-09-07 13:05:00,40.75413,-73.809555,0,0,Traffic Control Disregarded,4454692,25.9,15.2,0.0,0.0,0.0,0.0,1,12.5,25.6,259,Mainly clear,0,0,Sunny/Clear Conditions
85914,2021-09-07 09:26:00,40.676647,-73.91647,0,0,Other Vehicular,4454953,25.9,15.2,0.0,0.0,0.0,0.0,1,12.5,25.6,259,Mainly clear,0,0,Sunny/Clear Conditions
85915,2021-09-05 15:30:00,40.67672,-73.94708,1,0,Driver Inattention/Distraction,4455360,24.5,16.9,1.0,1.0,0.0,6.0,51,15.5,42.5,204,Drizzle: Light,1,1,
85916,2021-09-07 14:20:00,40.650448,-73.91111,0,0,Backing Unsafely,4454749,25.9,15.2,0.0,0.0,0.0,0.0,1,12.5,25.6,259,Mainly clear,0,0,Sunny/Clear Conditions
85917,2021-09-07 08:05:00,40.69393,-73.937225,0,0,Unspecified,4455022,25.9,15.2,0.0,0.0,0.0,0.0,1,12.5,25.6,259,Mainly clear,0,0,Sunny/Clear Conditions
85918,2022-09-25 15:57:00,40.804375,-73.93742,0,0,Turning Improperly,4567450,23.8,11.8,0.3,0.3,0.0,1.0,51,22.2,41.0,207,Drizzle: Light,0,0,
85919,2021-09-07 09:45:00,40.72841,-73.86044,0,0,Tire Failure/Inadequate,4454615,25.9,15.2,0.0,0.0,0.0,0.0,1,12.5,25.6,259,Mainly clear,0,0,Sunny/Clear Conditions
85920,2021-09-07 21:00:00,40.740364,-73.89972,0,0,Driver Inattention/Distraction,4455054,25.9,15.2,0.0,0.0,0.0,0.0,1,12.5,25.6,259,Mainly clear,0,0,Sunny/Clear Conditions
85921,2021-09-07 10:00:00,40.713493,-73.95885,0,0,Driver Inattention/Distraction,4454628,25.9,15.2,0.0,0.0,0.0,0.0,1,12.5,25.6,259,Mainly clear,0,0,Sunny/Clear Conditions
85922,2021-09-07 12:55:00,40.714485,-74.013596,1,0,Other Vehicular,4454690,25.9,15.2,0.0,0.0,0.0,0.0,1,12.5,25.6,259,Mainly clear,1,1,Sunny/Clear Conditions
85923,2021-09-06 13:00:00,40.598766,-74.000725,0,0,Unspecified,4455376,26.9,18.4,0.0,0.0,0.0,0.0,3,19.6,37.8,273,Overcast,0,0,
85924,2021-09-04 17:00:00,40.679943,-73.98956,0,0,Passenger Distraction,4455384,25.2,14.5,0.0,0.0,0.0,0.0,3,15.4,27.0,289,Overcast,0,0,
85925,2021-09-07 00:00:00,40.76311,-73.962524,0,0,Driver Inattention/Distraction,4454845,25.9,15.2,0.0,0.0,0.0,0.0,1,12.5,25.6,259,Mainly clear,0,0,Sunny/Clear Conditions
85926,2021-09-03 00:00:00,40.75363,-73.88597,0,0,Driver Inattention/Distraction,4455367,21.9,14.0,0.0,0.0,0.0,0.0,3,14.5,30.2,321,Overcast,0,0,
85927,2021-09-07 19:30:00,40.844105,-73.898,0,0,Driver Inattention/Distraction,4455107,25.9,15.2,0.0,0.0,0.0,0.0,1,12.5,25.6,259,Mainly clear,0,0,Sunny/Clear Conditions
85928,2021-09-07 00:27:00,40.692783,-73.74511,0,0,Unspecified,4454647,25.9,15.2,0.0,0.0,0.0,0.0,1,12.5,25.6,259,Mainly clear,0,0,Sunny/Clear Conditions
85929,2021-09-07 19:30:00,40.726673,-73.746216,0,0,Passing or Lane Usage Improper,4454761,25.9,15.2,0.0,0.0,0.0,0.0,1,12.5,25.6,259,Mainly clear,0,0,Sunny/Clear Conditions
85930,2021-09-07 07:29:00,40.55763,-74.15184,0,0,Driver Inattention/Distraction,4454579,25.9,15.2,0.0,0.0,0.0,0.0,1,12.5,25.6,259,Mainly clear,0,0,Sunny/Clear Conditions
85931,2021-09-07 05:30:00,40.705173,-73.88423,0,0,Unspecified,4454719,25.9,15.2,0.0,0.0,0.0,0.0,1,12.5,25.6,259,Mainly clear,0,0,Sunny/Clear Conditions
85932,2021-09-07 09:30:00,40.827633,-73.93577,0,0,Unspecified,4454917,25.9,15.2,0.0,0.0,0.0,0.0,1,12.5,25.6,259,Mainly clear,0,0,Sunny/Clear Conditions
85933,2021-09-07 09:42:00,40.837864,-73.86356,1,0,Following Too Closely,4454696,25.9,15.2,0.0,0.0,0.0,0.0,1,12.5,25.6,259,Mainly clear,1,1,Sunny/Clear Conditions
85934,2021-09-07 03:00:00,40.67686,-73.92,0,0,Obstruction/Debris,4455024,25.9,15.2,0.0,0.0,0.0,0.0,1,12.5,25.6,259,Mainly clear,0,0,Sunny/Clear Conditions
85935,2021-09-07 22:20:00,40.64461,-73.9267,0,0,Unspecified,4454783,25.9,15.2,0.0,0.0,0.0,0.0,1,12.5,25.6,259,Mainly clear,0,0,Sunny/Clear Conditions
85936,2021-09-07 02:30:00,40.74681,-73.89176,2,0,Alcohol Involvement,4454948,25.9,15.2,0.0,0.0,0.0,0.0,1,12.5,25.6,259,Mainly clear,2,2,Sunny/Clear Conditions
85937,2021-09-07 20:30:00,40.748108,-73.947365,0,0,Driver Inattention/Distraction,4455042,25.9,15.2,0.0,0.0,0.0,0.0,1,12.5,25.6,259,Mainly clear,0,0,Sunny/Clear Conditions
85938,2021-09-07 20:00:00,40.708424,-73.95134,0,0,Passing Too Closely,4454995,25.9,15.2,0.0,0.0,0.0,0.0,1,12.5,25.6,259,Mainly clear,0,0,Sunny/Clear Conditions
85939,2021-09-07 18:19:00,40.8262,-73.821686,0,0,Unspecified,4454835,25.9,15.2,0.0,0.0,0.0,0.0,1,12.5,25.6,259,Mainly clear,0,0,Sunny/Clear Conditions
85940,2021-08-27 14:45:00,40.669014,-73.77083,1,0,Unspecified,4455210,32.2,23.4,1.4,1.4,0.0,2.0,55,9.4,22.3,299,Drizzle: Dense,1,1,
85941,2021-09-06 23:00:00,40.674885,-73.927765,2,0,Other Vehicular,4455350,26.9,18.4,0.0,0.0,0.0,0.0,3,19.6,37.8,273,Overcast,2,2,
85942,2021-09-07 21:20:00,40.758022,-73.981804,0,0,Unspecified,4454776,25.9,15.2,0.0,0.0,0.0,0.0,1,12.5,25.6,259,Mainly clear,0,0,Sunny/Clear Conditions
85943,2021-09-07 11:30:00,40.8252,-73.867714,0,0,Failure to Yield Right-of-Way,4455236,25.9,15.2,0.0,0.0,0.0,0.0,1,12.5,25.6,259,Mainly clear,0,0,Sunny/Clear Conditions
85944,2021-09-07 18:45:00,40.65532,-73.91607,0,0,Driver Inattention/Distraction,4454766,25.9,15.2,0.0,0.0,0.0,0.0,1,12.5,25.6,259,Mainly clear,0,0,Sunny/Clear Conditions
85945,2021-09-07 01:40:00,40.68038,-73.80466,0,0,Following Too Closely,4454506,25.9,15.2,0.0,0.0,0.0,0.0,1,12.5,25.6,259,Mainly clear,0,0,Sunny/Clear Conditions
85946,2021-09-07 05:30:00,40.6757,-73.89729,2,0,Backing Unsafely,4455275,25.9,15.2,0.0,0.0,0.0,0.0,1,12.5,25.6,259,Mainly clear,2,2,Sunny/Clear Conditions
85947,2021-09-07 11:15:00,40.5916,-73.960686,1,0,Driver Inattention/Distraction,4454677,25.9,15.2,0.0,0.0,0.0,0.0,1,12.5,25.6,259,Mainly clear,1,1,Sunny/Clear Conditions
85948,2021-09-07 19:10:00,40.650402,-73.89422,1,0,Alcohol Involvement,4454803,25.9,15.2,0.0,0.0,0.0,0.0,1,12.5,25.6,259,Mainly clear,1,1,Sunny/Clear Conditions
85949,2021-09-07 18:10:00,40.737682,-73.85206,0,0,Following Too Closely,4455437,25.9,15.2,0.0,0.0,0.0,0.0,1,12.5,25.6,259,Mainly clear,0,0,Sunny/Clear Conditions
85950,2021-09-07 10:35:00,40.76527,-73.95213,0,0,Following Too Closely,4455156,25.9,15.2,0.0,0.0,0.0,0.0,1,12.5,25.6,259,Mainly clear,0,0,Sunny/Clear Conditions
85951,2021-09-07 14:00:00,40.73862,-73.8508,4,0,Unsafe Speed,4454811,25.9,15.2,0.0,0.0,0.0,0.0,1,12.5,25.6,259,Mainly clear,4,4,Sunny/Clear Conditions
85952,2021-09-07 07:00:00,40.874634,-73.90357,0,0,Unspecified,4454900,25.9,15.2,0.0,0.0,0.0,0.0,1,12.5,25.6,259,Mainly clear,0,0,Sunny/Clear Conditions
85953,2021-09-01 13:30:00,40.668613,-73.77349,0,0,Following Too Closely,4455200,23.2,18.4,121.7,121.7,0.0,18.0,65,43.2,78.5,42,Rain: Heavy,0,0,
85954,2021-09-07 16:40:00,40.697086,-73.8034,1,0,Passing or Lane Usage Improper,4454751,25.9,15.2,0.0,0.0,0.0,0.0,1,12.5,25.6,259,Mainly clear,1,1,Sunny/Clear Conditions
85955,2021-09-04 14:02:00,40.801704,-73.95691,0,0,Passing Too Closely,4455261,25.2,14.5,0.0,0.0,0.0,0.0,3,15.4,27.0,289,Overcast,0,0,
85956,2021-09-07 14:52:00,40.756527,-73.994026,0,0,Driver Inattention/Distraction,4455296,25.9,15.2,0.0,0.0,0.0,0.0,1,12.5,25.6,259,Mainly clear,0,0,Sunny/Clear Conditions
85957,2021-09-07 14:30:00,40.836098,-73.934875,3,0,Passenger Distraction,4454935,25.9,15.2,0.0,0.0,0.0,0.0,1,12.5,25.6,259,Mainly clear,3,3,Sunny/Clear Conditions
85958,2021-09-07 20:30:00,40.877235,-73.91781,1,1,Unspecified,4455073,25.9,15.2,0.0,0.0,0.0,0.0,1,12.5,25.6,259,Mainly clear,21,2,Sunny/Clear Conditions
85959,2021-09-07 15:00:00,40.81198,-73.90434,1,0,Unspecified,4454824,25.9,15.2,0.0,0.0,0.0,0.0,1,12.5,25.6,259,Mainly clear,1,1,Sunny/Clear Conditions
85960,2021-09-07 19:20:00,40.59602,-73.96225,0,0,Tire Failure/Inadequate,4454863,25.9,15.2,0.0,0.0,0.0,0.0,1,12.5,25.6,259,Mainly clear,0,0,Sunny/Clear Conditions
85961,2021-08-31 11:00:00,40.673103,-73.92793,0,0,Unspecified,4455359,28.5,21.2,0.0,0.0,0.0,0.0,3,15.5,29.9,301,Overcast,0,0,
85962,2021-08-28 23:45:00,40.769463,-73.917114,0,0,Unsafe Lane Changing,4455223,26.2,20.2,3.9,3.9,0.0,18.0,53,23.5,45.0,65,Drizzle: Moderate,0,0,
85963,2021-09-07 20:00:00,40.763657,-73.97347,1,0,Backing Unsafely,4454873,25.9,15.2,0.0,0.0,0.0,0.0,1,12.5,25.6,259,Mainly clear,1,1,Sunny/Clear Conditions
85964,2021-09-02 09:39:00,40.69775,-73.81393,0,0,Other Vehicular,4455427,24.5,15.0,24.6,24.6,0.0,5.0,65,43.0,83.5,344,Rain: Heavy,0,0,
85965,2021-08-29 21:00:00,40.84487,-73.92068,0,0,Unsafe Lane Changing,4455228,24.5,19.7,2.5,2.5,0.0,9.0,53,13.6,25.6,98,Drizzle: Moderate,0,0,
85966,2021-09-05 12:10:00,40.82678,-73.878746,0,0,Driver Inattention/Distraction,4455324,24.5,16.9,1.0,1.0,0.0,6.0,51,15.5,42.5,204,Drizzle: Light,0,0,
85967,2021-09-07 11:08:00,40.665947,-73.8735,0,0,Driverless/Runaway Vehicle,4455266,25.9,15.2,0.0,0.0,0.0,0.0,1,12.5,25.6,259,Mainly clear,0,0,Sunny/Clear Conditions
85968,2021-09-07 19:20:00,40.78322,-73.84586,0,0,Unspecified,4454770,25.9,15.2,0.0,0.0,0.0,0.0,1,12.5,25.6,259,Mainly clear,0,0,Sunny/Clear Conditions
85969,2021-09-07 12:58:00,40.75294,-73.94047,0,0,Passing Too Closely,4454975,25.9,15.2,0.0,0.0,0.0,0.0,1,12.5,25.6,259,Mainly clear,0,0,Sunny/Clear Conditions
85970,2021-09-07 10:30:00,40.76394,-73.828156,1,0,Following Too Closely,4454673,25.9,15.2,0.0,0.0,0.0,0.0,1,12.5,25.6,259,Mainly clear,1,1,Sunny/Clear Conditions
85971,2021-09-07 21:00:00,40.53842,-74.23742,0,0,Unspecified,4454962,25.9,15.2,0.0,0.0,0.0,0.0,1,12.5,25.6,259,Mainly clear,0,0,Sunny/Clear Conditions
85972,2021-09-03 12:00:00,40.713165,-73.980804,0,0,Unspecified,4455303,21.9,14.0,0.0,0.0,0.0,0.0,3,14.5,30.2,321,Overcast,0,0,
85973,2021-09-07 18:00:00,40.841774,-73.8329,0,0,Unspecified,4454834,25.9,15.2,0.0,0.0,0.0,0.0,1,12.5,25.6,259,Mainly clear,0,0,Sunny/Clear Conditions
85974,2021-09-07 00:00:00,40.844746,-73.90363,0,0,Following Too Closely,4454856,25.9,15.2,0.0,0.0,0.0,0.0,1,12.5,25.6,259,Mainly clear,0,0,Sunny/Clear Conditions
85975,2021-09-07 18:49:00,40.60715,-73.89837,0,0,Driver Inattention/Distraction,4455061,25.9,15.2,0.0,0.0,0.0,0.0,1,12.5,25.6,259,Mainly clear,0,0,Sunny/Clear Conditions
85976,2021-09-07 20:00:00,40.823135,-73.88225,1,0,Unsafe Speed,4454918,25.9,15.2,0.0,0.0,0.0,0.0,1,12.5,25.6,259,Mainly clear,1,1,Sunny/Clear Conditions
85977,2021-09-07 08:10:00,40.7684,-73.73755,0,0,Unspecified,4454695,25.9,15.2,0.0,0.0,0.0,0.0,1,12.5,25.6,259,Mainly clear,0,0,Sunny/Clear Conditions
85978,2021-09-07 07:40:00,40.654377,-73.91959,1,0,Backing Unsafely,4454748,25.9,15.2,0.0,0.0,0.0,0.0,1,12.5,25.6,259,Mainly clear,1,1,Sunny/Clear Conditions
85979,2021-08-29 08:39:00,40.75286,-73.87446,0,0,Unspecified,4455372,24.5,19.7,2.5,2.5,0.0,9.0,53,13.6,25.6,98,Drizzle: Moderate,0,0,
85980,2021-09-07 21:00:00,40.823647,-73.87843,0,0,Unsafe Lane Changing,4454928,25.9,15.2,0.0,0.0,0.0,0.0,1,12.5,25.6,259,Mainly clear,0,0,Sunny/Clear Conditions
85981,2021-09-07 16:30:00,40.7042,-73.815254,2,0,Driver Inattention/Distraction,4454800,25.9,15.2,0.0,0.0,0.0,0.0,1,12.5,25.6,259,Mainly clear,2,2,Sunny/Clear Conditions
85982,2021-09-06 18:50:00,40.757145,-73.99357,0,0,Following Too Closely,4455314,26.9,18.4,0.0,0.0,0.0,0.0,3,19.6,37.8,273,Overcast,0,0,
85983,2021-09-07 10:30:00,40.892834,-73.847466,0,0,Other Vehicular,4454699,25.9,15.2,0.0,0.0,0.0,0.0,1,12.5,25.6,259,Mainly clear,0,0,Sunny/Clear Conditions
85984,2021-09-07 14:30:00,40.76095,-73.832756,0,0,Passing or Lane Usage Improper,4454754,25.9,15.2,0.0,0.0,0.0,0.0,1,12.5,25.6,259,Mainly clear,0,0,Sunny/Clear Conditions
85985,2021-09-07 20:12:00,40.642384,-73.92539,3,0,Unspecified,4455079,25.9,15.2,0.0,0.0,0.0,0.0,1,12.5,25.6,259,Mainly clear,3,3,Sunny/Clear Conditions
85986,2021-09-07 14:15:00,40.59359,-73.99613,2,0,Following Too Closely,4455028,25.9,15.2,0.0,0.0,0.0,0.0,1,12.5,25.6,259,Mainly clear,2,2,Sunny/Clear Conditions
85987,2021-09-07 08:00:00,40.879547,-73.885796,0,0,Unspecified,4454613,25.9,15.2,0.0,0.0,0.0,0.0,1,12.5,25.6,259,Mainly clear,0,0,Sunny/Clear Conditions
85988,2021-09-07 20:30:00,40.58882,-73.937744,0,0,Unspecified,4454860,25.9,15.2,0.0,0.0,0.0,0.0,1,12.5,25.6,259,Mainly clear,0,0,Sunny/Clear Conditions
85989,2022-09-25 13:28:00,40.765568,-73.96274,1,0,Other Vehicular,4568006,23.8,11.8,0.3,0.3,0.0,1.0,51,22.2,41.0,207,Drizzle: Light,1,1,
85990,2021-09-07 18:10:00,40.705414,-73.78035,2,0,Alcohol Involvement,4454934,25.9,15.2,0.0,0.0,0.0,0.0,1,12.5,25.6,259,Mainly clear,2,2,Sunny/Clear Conditions
85991,2021-09-07 06:00:00,40.761036,-73.98702,0,0,Driver Inattention/Distraction,4454545,25.9,15.2,0.0,0.0,0.0,0.0,1,12.5,25.6,259,Mainly clear,0,0,Sunny/Clear Conditions
85992,2021-09-07 17:39:00,40.842484,-73.84254,0,0,Unspecified,4455010,25.9,15.2,0.0,0.0,0.0,0.0,1,12.5,25.6,259,Mainly clear,0,0,Sunny/Clear Conditions
85993,2021-09-07 07:40:00,40.745304,-73.86912,0,0,Driver Inattention/Distraction,4454912,25.9,15.2,0.0,0.0,0.0,0.0,1,12.5,25.6,259,Mainly clear,0,0,Sunny/Clear Conditions
85994,2021-09-07 10:36:00,40.71001,-73.79474,0,0,Following Too Closely,4454686,25.9,15.2,0.0,0.0,0.0,0.0,1,12.5,25.6,259,Mainly clear,0,0,Sunny/Clear Conditions
85995,2021-09-04 21:00:00,40.81261,-73.95683,0,0,Unspecified,4455290,25.2,14.5,0.0,0.0,0.0,0.0,3,15.4,27.0,289,Overcast,0,0,
85996,2021-09-02 00:00:00,40.833767,-73.87738,0,0,Unspecified,4455237,24.5,15.0,24.6,24.6,0.0,5.0,65,43.0,83.5,344,Rain: Heavy,0,0,
85997,2021-09-07 19:34:00,40.647537,-73.89466,0,0,Driver Inattention/Distraction,4454804,25.9,15.2,0.0,0.0,0.0,0.0,1,12.5,25.6,259,Mainly clear,0,0,Sunny/Clear Conditions
85998,2022-09-25 05:00:00,40.725174,-74.0085,0,0,Unspecified,4568029,23.8,11.8,0.3,0.3,0.0,1.0,51,22.2,41.0,207,Drizzle: Light,0,0,
85999,2021-09-07 16:15:00,40.748802,-73.75655,0,0,Backing Unsafely,4455105,25.9,15.2,0.0,0.0,0.0,0.0,1,12.5,25.6,259,Mainly clear,0,0,Sunny/Clear Conditions
86000,2021-09-07 14:53:00,40.683094,-73.80576,0,0,Unsafe Speed,4455209,25.9,15.2,0.0,0.0,0.0,0.0,1,12.5,25.6,259,Mainly clear,0,0,Sunny/Clear Conditions
86001,2021-09-07 21:45:00,40.739082,-73.88954,0,0,Driver Inattention/Distraction,4454813,25.9,15.2,0.0,0.0,0.0,0.0,1,12.5,25.6,259,Mainly clear,0,0,Sunny/Clear Conditions
86002,2021-09-07 14:10:00,40.880257,-73.876785,0,0,Following Too Closely,4454678,25.9,15.2,0.0,0.0,0.0,0.0,1,12.5,25.6,259,Mainly clear,0,0,Sunny/Clear Conditions
86003,2021-08-25 22:15:00,40.718647,-73.83771,0,0,Driver Inattention/Distraction,4455438,31.2,20.1,0.0,0.0,0.0,0.0,3,10.2,18.7,277,Overcast,0,0,
86004,2021-09-07 11:25:00,40.58359,-74.156204,0,0,Unspecified,4454642,25.9,15.2,0.0,0.0,0.0,0.0,1,12.5,25.6,259,Mainly clear,0,0,Sunny/Clear Conditions
86005,2021-09-07 08:30:00,40.75326,-74.00383,0,0,Passing Too Closely,4455307,25.9,15.2,0.0,0.0,0.0,0.0,1,12.5,25.6,259,Mainly clear,0,0,Sunny/Clear Conditions
86006,2021-09-07 17:47:00,40.750164,-73.86067,1,0,Turning Improperly,4454945,25.9,15.2,0.0,0.0,0.0,0.0,1,12.5,25.6,259,Mainly clear,1,1,Sunny/Clear Conditions
86007,2021-09-07 01:00:00,40.589237,-73.96245,0,0,Unspecified,4454721,25.9,15.2,0.0,0.0,0.0,0.0,1,12.5,25.6,259,Mainly clear,0,0,Sunny/Clear Conditions
86008,2021-09-07 18:39:00,40.65121,-73.95893,1,0,Following Too Closely,4454838,25.9,15.2,0.0,0.0,0.0,0.0,1,12.5,25.6,259,Mainly clear,1,1,Sunny/Clear Conditions
86009,2021-09-07 19:12:00,40.857277,-73.888466,0,1,Unspecified,4454987,25.9,15.2,0.0,0.0,0.0,0.0,1,12.5,25.6,259,Mainly clear,20,1,Sunny/Clear Conditions
86010,2021-09-07 21:30:00,40.636353,-74.02801,1,0,Unspecified,4454897,25.9,15.2,0.0,0.0,0.0,0.0,1,12.5,25.6,259,Mainly clear,1,1,Sunny/Clear Conditions
86011,2021-09-07 01:50:00,40.755875,-73.93691,0,0,Driver Inattention/Distraction,4454631,25.9,15.2,0.0,0.0,0.0,0.0,1,12.5,25.6,259,Mainly clear,0,0,Sunny/Clear Conditions
86012,2021-09-07 07:25:00,40.7375,-73.93385,0,0,Passing or Lane Usage Improper,4454510,25.9,15.2,0.0,0.0,0.0,0.0,1,12.5,25.6,259,Mainly clear,0,0,Sunny/Clear Conditions
86013,2021-09-07 20:25:00,40.646423,-73.92499,0,0,Driver Inattention/Distraction,4454765,25.9,15.2,0.0,0.0,0.0,0.0,1,12.5,25.6,259,Mainly clear,0,0,Sunny/Clear Conditions
86014,2021-09-07 14:00:00,40.60461,-73.99826,1,0,Traffic Control Disregarded,4454846,25.9,15.2,0.0,0.0,0.0,0.0,1,12.5,25.6,259,Mainly clear,1,1,Sunny/Clear Conditions
86015,2021-09-07 11:10:00,40.67816,-73.897484,2,0,Unsafe Speed,4454728,25.9,15.2,0.0,0.0,0.0,0.0,1,12.5,25.6,259,Mainly clear,2,2,Sunny/Clear Conditions
86016,2021-09-07 12:00:00,40.678303,-73.87289,0,0,Unspecified,4455276,25.9,15.2,0.0,0.0,0.0,0.0,1,12.5,25.6,259,Mainly clear,0,0,Sunny/Clear Conditions
86017,2021-08-27 15:05:00,40.69885,-73.938576,0,0,Oversized Vehicle,4455347,32.2,23.4,1.4,1.4,0.0,2.0,55,9.4,22.3,299,Drizzle: Dense,0,0,
86018,2021-09-07 15:26:00,40.74251,-73.90734,1,0,Failure to Yield Right-of-Way,4454778,25.9,15.2,0.0,0.0,0.0,0.0,1,12.5,25.6,259,Mainly clear,1,1,Sunny/Clear Conditions
86019,2021-09-07 13:13:00,40.69401,-73.77864,1,0,Pedestrian/Bicyclist/Other Pedestrian Error/Confusion,4455201,25.9,15.2,0.0,0.0,0.0,0.0,1,12.5,25.6,259,Mainly clear,1,1,Sunny/Clear Conditions
86020,2021-09-07 14:00:00,40.55777,-74.115715,1,0,Traffic Control Disregarded,4455377,25.9,15.2,0.0,0.0,0.0,0.0,1,12.5,25.6,259,Mainly clear,1,1,Sunny/Clear Conditions
86021,2021-09-07 23:00:00,40.79428,-73.94902,0,0,Failure to Yield Right-of-Way,4455430,25.9,15.2,0.0,0.0,0.0,0.0,1,12.5,25.6,259,Mainly clear,0,0,Sunny/Clear Conditions
86022,2021-09-07 08:55:00,40.767754,-73.83193,1,0,Failure to Yield Right-of-Way,4454674,25.9,15.2,0.0,0.0,0.0,0.0,1,12.5,25.6,259,Mainly clear,1,1,Sunny/Clear Conditions
86023,2021-09-07 09:30:00,40.691708,-73.97355,0,0,Unspecified,4454976,25.9,15.2,0.0,0.0,0.0,0.0,1,12.5,25.6,259,Mainly clear,0,0,Sunny/Clear Conditions
86024,2021-09-06 19:52:00,40.73068,-73.94923,0,0,Alcohol Involvement,4455313,26.9,18.4,0.0,0.0,0.0,0.0,3,19.6,37.8,273,Overcast,0,0,
86025,2021-09-07 23:40:00,40.82066,-73.84213,0,0,Unspecified,4454920,25.9,15.2,0.0,0.0,0.0,0.0,1,12.5,25.6,259,Mainly clear,0,0,Sunny/Clear Conditions
86026,2021-09-07 09:05:00,40.76593,-73.99088,0,0,Failure to Yield Right-of-Way,4454656,25.9,15.2,0.0,0.0,0.0,0.0,1,12.5,25.6,259,Mainly clear,0,0,Sunny/Clear Conditions
86027,2021-09-07 02:00:00,40.848022,-73.90859,0,0,Passing Too Closely,4454700,25.9,15.2,0.0,0.0,0.0,0.0,1,12.5,25.6,259,Mainly clear,0,0,Sunny/Clear Conditions
86028,2021-09-07 23:00:00,40.746143,-73.89812,1,0,Driver Inattention/Distraction,4455051,25.9,15.2,0.0,0.0,0.0,0.0,1,12.5,25.6,259,Mainly clear,1,1,Sunny/Clear Conditions
86029,2021-09-07 20:10:00,40.77436,-73.91287,0,0,Alcohol Involvement,4455029,25.9,15.2,0.0,0.0,0.0,0.0,1,12.5,25.6,259,Mainly clear,0,0,Sunny/Clear Conditions
86030,2021-09-07 06:23:00,40.722305,-73.84414,0,0,Turning Improperly,4454619,25.9,15.2,0.0,0.0,0.0,0.0,1,12.5,25.6,259,Mainly clear,0,0,Sunny/Clear Conditions
86031,2021-09-07 19:30:00,40.686203,-73.950745,0,0,Backing Unsafely,4455348,25.9,15.2,0.0,0.0,0.0,0.0,1,12.5,25.6,259,Mainly clear,0,0,Sunny/Clear Conditions
86032,2021-09-02 17:05:00,40.71626,-73.830734,0,0,Driver Inattention/Distraction,4455439,24.5,15.0,24.6,24.6,0.0,5.0,65,43.0,83.5,344,Rain: Heavy,0,0,
86033,2021-09-07 18:48:00,40.668995,-73.91058,0,0,Unspecified,4455186,25.9,15.2,0.0,0.0,0.0,0.0,1,12.5,25.6,259,Mainly clear,0,0,Sunny/Clear Conditions