,CRASH DATETIME,LATITUDE,LONGITUDE,NUMBER OF PERSONS INJURED,NUMBER OF PERSONS KILLED,CONTRIBUTING FACTOR VEHICLE 1,COLLISION_ID,temperature_2m_max,temperature_2m_min,precipitation_sum,rain_sum,snowfall_sum,precipitation_hours,weather_code,wind_speed_10m_max,wind_gusts_10m_max,wind_direction_10m_dominant,Weather Description,Severity_Score,Total_Affected_Persons,Weather_Category
86034,2021-08-30 23:18:00,40.76548,-73.913704,3,0,Driver Inattention/Distraction,4455260,28.7,21.7,3.9,3.9,0.0,7.0,63,14.7,33.8,231,Rain: Moderate,3,3,
86035,2021-09-07 15:40:00,40.675735,-73.89686,0,0,Unspecified,4455267,25.9,15.2,0.0,0.0,0.0,0.0,1,12.5,25.6,259,Mainly clear,0,0,Sunny/Clear Conditions
86036,2021-09-07 00:48:00,40.84343,-73.88254,1,0,Failure to Yield Right-of-Way,4454486,25.9,15.2,0.0,0.0,0.0,0.0,1,12.5,25.6,259,Mainly clear,1,1,Sunny/Clear Conditions
86037,2021-09-04 10:13:00,40.758633,-73.96579,1,0,Driver Inattention/Distraction,4455391,25.2,14.5,0.0,0.0,0.0,0.0,3,15.4,27.0,289,Overcast,1,1,
86038,2021-09-07 17:44:00,40.587418,-73.95936,2,0,Driver Inattention/Distraction,4454859,25.9,15.2,0.0,0.0,0.0,0.0,1,12.5,25.6,259,Mainly clear,2,2,Sunny/Clear Conditions
86039,2021-09-07 17:25:00,40.67942,-73.96823,1,0,Failure to Yield Right-of-Way,4454876,25.9,15.2,0.0,0.0,0.0,0.0,1,12.5,25.6,259,Mainly clear,1,1,Sunny/Clear Conditions
86040,2021-09-06 16:00:00,40.622166,-73.98356,1,0,Unspecified,4455326,26.9,18.4,0.0,0.0,0.0,0.0,3,19.6,37.8,273,Overcast,1,1,
86041,2021-09-07 15:00:00,40.732582,-73.86806,0,0,Passing or Lane Usage Improper,4454769,25.9,15.2,0.0,0.0,0.0,0.0,1,12.5,25.6,259,Mainly clear,0,0,Sunny/Clear Conditions
86042,2021-09-07 08:50:00,40.706367,-73.816734,0,0,Unspecified,4454799,25.9,15.2,0.0,0.0,0.0,0.0,1,12.5,25.6,259,Mainly clear,0,0,Sunny/Clear Conditions
86043,2021-09-07 10:30:00,40.748955,-73.87136,1,0,Unspecified,4455373,25.9,15.2,0.0,0.0,0.0,0.0,1,12.5,25.6,259,Mainly clear,1,1,Sunny/Clear Conditions
86044,2021-09-07 16:15:00,40.584366,-73.9271,1,0,Unspecified,4454864,25.9,15.2,0.0,0.0,0.0,0.0,1,12.5,25.6,259,Mainly clear,1,1,Sunny/Clear Conditions
86045,2021-09-07 09:00:00,40.749943,-73.754616,0,0,View Obstructed/Limited,4454694,25.9,15.2,0.0,0.0,0.0,0.0,1,12.5,25.6,259,Mainly clear,0,0,Sunny/Clear Conditions
86046,2021-09-07 04:00:00,40.663906,-73.95098,2,0,Traffic Control Disregarded,4454604,25.9,15.2,0.0,0.0,0.0,0.0,1,12.5,25.6,259,Mainly clear,2,2,Sunny/Clear Conditions
86047,2021-09-07 07:18:00,40.870014,-73.89135,0,0,Fell Asleep,4454966,25.9,15.2,0.0,0.0,0.0,0.0,1,12.5,25.6,259,Mainly clear,0,0,Sunny/Clear Conditions
86048,2021-09-07 20:04:00,40.6583,-73.918365,3,0,Unsafe Speed,4455084,25.9,15.2,0.0,0.0,0.0,0.0,1,12.5,25.6,259,Mainly clear,3,3,Sunny/Clear Conditions
86049,2021-09-07 11:57:00,40.64571,-73.94324,0,0,Unspecified,4454741,25.9,15.2,0.0,0.0,0.0,0.0,1,12.5,25.6,259,Mainly clear,0,0,Sunny/Clear Conditions
86050,2021-09-07 18:45:00,40.725037,-74.00153,0,0,Driver Inattention/Distraction,4455019,25.9,15.2,0.0,0.0,0.0,0.0,1,12.5,25.6,259,Mainly clear,0,0,Sunny/Clear Conditions
86051,2021-09-07 22:05:00,40.582756,-74.13041,0,0,Turning Improperly,4455357,25.9,15.2,0.0,0.0,0.0,0.0,1,12.5,25.6,259,Mainly clear,0,0,Sunny/Clear Conditions
86052,2021-09-07 00:57:00,40.65634,-73.92137,4,0,Failure to Yield Right-of-Way,4454789,25.9,15.2,0.0,0.0,0.0,0.0,1,12.5,25.6,259,Mainly clear,4,4,Sunny/Clear Conditions
86053,2021-09-07 12:10:00,40.644657,-73.95664,1,0,Other Vehicular,4454832,25.9,15.2,0.0,0.0,0.0,0.0,1,12.5,25.6,259,Mainly clear,1,1,Sunny/Clear Conditions
86054,2021-08-31 22:36:00,40.742996,-73.75073,0,0,Backing Unsafely,4455300,28.5,21.2,0.0,0.0,0.0,0.0,3,15.5,29.9,301,Overcast,0,0,
86055,2021-09-04 19:58:00,40.834515,-73.91771,0,0,Passing Too Closely,4455229,25.2,14.5,0.0,0.0,0.0,0.0,3,15.4,27.0,289,Overcast,0,0,
86056,2021-09-07 16:20:00,40.608833,-73.76515,0,0,Passing Too Closely,4454855,25.9,15.2,0.0,0.0,0.0,0.0,1,12.5,25.6,259,Mainly clear,0,0,Sunny/Clear Conditions
86057,2021-09-07 16:30:00,40.749344,-73.919365,0,0,Driver Inattention/Distraction,4454779,25.9,15.2,0.0,0.0,0.0,0.0,1,12.5,25.6,259,Mainly clear,0,0,Sunny/Clear Conditions
86058,2021-09-01 23:45:00,40.69168,-73.999344,0,0,Passing or Lane Usage Improper,4455474,23.2,18.4,121.7,121.7,0.0,18.0,65,43.2,78.5,42,Rain: Heavy,0,0,
86059,2021-08-27 18:45:00,40.644302,-73.99387,1,0,Unspecified,4455222,32.2,23.4,1.4,1.4,0.0,2.0,55,9.4,22.3,299,Drizzle: Dense,1,1,
86060,2021-08-24 18:00:00,40.69832,-73.962265,0,0,Passing or Lane Usage Improper,4455239,30.6,21.9,0.0,0.0,0.0,0.0,1,13.9,28.1,291,Mainly clear,0,0,Sunny/Clear Conditions
86061,2021-09-07 07:00:00,40.668556,-73.84714,0,0,Turning Improperly,4454805,25.9,15.2,0.0,0.0,0.0,0.0,1,12.5,25.6,259,Mainly clear,0,0,Sunny/Clear Conditions
86062,2022-09-24 08:53:00,40.713993,-73.831924,0,0,Driver Inexperience,4567695,20.6,9.5,0.0,0.0,0.0,0.0,3,18.8,37.4,295,Overcast,0,0,
86063,2022-09-24 18:15:00,40.568893,-74.09205,1,0,Illnes,4567750,20.6,9.5,0.0,0.0,0.0,0.0,3,18.8,37.4,295,Overcast,1,1,
86064,2022-09-25 13:53:00,40.684856,-73.97805,0,0,Turning Improperly,4567082,23.8,11.8,0.3,0.3,0.0,1.0,51,22.2,41.0,207,Drizzle: Light,0,0,
86065,2022-09-25 03:33:00,40.670124,-73.95528,0,0,Driver Inattention/Distraction,4567202,23.8,11.8,0.3,0.3,0.0,1.0,51,22.2,41.0,207,Drizzle: Light,0,0,
86066,2022-09-25 14:33:00,40.792435,-73.934265,0,0,Unsafe Speed,4567402,23.8,11.8,0.3,0.3,0.0,1.0,51,22.2,41.0,207,Drizzle: Light,0,0,
86067,2022-09-24 00:35:00,40.850166,-73.93576,1,0,View Obstructed/Limited,4567898,20.6,9.5,0.0,0.0,0.0,0.0,3,18.8,37.4,295,Overcast,1,1,
86068,2022-09-13 08:27:00,40.607147,-73.749596,0,0,Driver Inattention/Distraction,4567957,26.0,20.5,8.3,8.3,0.0,16.0,61,19.5,33.8,219,Rain: Light,0,0,
86069,2022-09-25 22:45:00,40.680016,-73.87743,1,0,Unspecified,4567685,23.8,11.8,0.3,0.3,0.0,1.0,51,22.2,41.0,207,Drizzle: Light,1,1,
86070,2022-09-25 00:20:00,40.64018,-73.954254,0,0,Unspecified,4567804,23.8,11.8,0.3,0.3,0.0,1.0,51,22.2,41.0,207,Drizzle: Light,0,0,
86071,2022-09-24 17:20:00,40.863144,-73.920525,0,0,Unspecified,4567904,20.6,9.5,0.0,0.0,0.0,0.0,3,18.8,37.4,295,Overcast,0,0,
86072,2022-09-25 00:00:00,40.586098,-73.93237,3,0,Unspecified,4567248,23.8,11.8,0.3,0.3,0.0,1.0,51,22.2,41.0,207,Drizzle: Light,3,3,
86073,2022-09-24 11:30:00,40.742588,-73.756836,0,0,Unspecified,4567944,20.6,9.5,0.0,0.0,0.0,0.0,3,18.8,37.4,295,Overcast,0,0,
86074,2022-09-25 05:30:00,40.68064,-73.95338,0,0,Driver Inattention/Distraction,4567355,23.8,11.8,0.3,0.3,0.0,1.0,51,22.2,41.0,207,Drizzle: Light,0,0,
86075,2022-09-22 17:20:00,40.66056,-74.0012,1,0,Traffic Control Disregarded,4567860,24.9,14.3,9.1,9.1,0.0,7.0,63,24.6,44.6,273,Rain: Moderate,1,1,
86076,2022-09-25 21:27:00,40.695343,-73.98324,2,0,Driver Inattention/Distraction,4567162,23.8,11.8,0.3,0.3,0.0,1.0,51,22.2,41.0,207,Drizzle: Light,2,2,
86077,2022-09-24 21:58:00,40.71253,-73.789764,1,0,Unspecified,4567785,20.6,9.5,0.0,0.0,0.0,0.0,3,18.8,37.4,295,Overcast,1,1,
86078,2022-09-25 23:22:00,40.732018,-73.919044,1,0,Failure to Yield Right-of-Way,4567716,23.8,11.8,0.3,0.3,0.0,1.0,51,22.2,41.0,207,Drizzle: Light,1,1,
86079,2022-09-23 09:30:00,40.57456,-74.10565,1,0,Following Too Closely,4567735,16.4,10.0,0.0,0.0,0.0,0.0,0,31.1,56.9,323,Clear sky,1,1,Sunny/Clear Conditions
86080,2022-09-20 19:25:00,40.767532,-73.77408,0,0,Passing Too Closely,4567950,25.7,17.7,0.0,0.0,0.0,0.0,3,19.0,35.3,296,Overcast,0,0,
86081,2022-09-16 19:30:00,40.71582,-73.80799,0,0,Unspecified,4567777,23.7,11.9,0.0,0.0,0.0,0.0,3,10.3,21.6,336,Overcast,0,0,
86082,2022-09-25 23:28:00,40.840424,-73.92239,1,0,Driver Inattention/Distraction,4567850,23.8,11.8,0.3,0.3,0.0,1.0,51,22.2,41.0,207,Drizzle: Light,1,1,
86083,2022-09-25 16:51:00,40.796227,-73.93188,0,0,Driver Inattention/Distraction,4567444,23.8,11.8,0.3,0.3,0.0,1.0,51,22.2,41.0,207,Drizzle: Light,0,0,
86084,2022-09-25 11:15:00,40.630512,-73.957306,1,0,Failure to Yield Right-of-Way,4567814,23.8,11.8,0.3,0.3,0.0,1.0,51,22.2,41.0,207,Drizzle: Light,1,1,
86085,2022-09-25 21:30:00,40.607643,-74.03375,1,0,Unsafe Lane Changing,4567496,23.8,11.8,0.3,0.3,0.0,1.0,51,22.2,41.0,207,Drizzle: Light,1,1,
86086,2022-09-25 01:20:00,40.760403,-73.98748,0,0,Passing or Lane Usage Improper,4568013,23.8,11.8,0.3,0.3,0.0,1.0,51,22.2,41.0,207,Drizzle: Light,0,0,
86087,2022-09-25 12:59:00,40.835857,-73.87213,1,0,Passing or Lane Usage Improper,4567377,23.8,11.8,0.3,0.3,0.0,1.0,51,22.2,41.0,207,Drizzle: Light,1,1,
86088,2022-09-15 11:09:00,40.757748,-73.97146,0,0,Following Too Closely,4568023,21.9,15.6,0.0,0.0,0.0,0.0,1,18.2,37.1,328,Mainly clear,0,0,Sunny/Clear Conditions
86089,2022-09-25 01:50:00,40.686874,-73.87189,3,0,Alcohol Involvement,4567673,23.8,11.8,0.3,0.3,0.0,1.0,51,22.2,41.0,207,Drizzle: Light,3,3,
86090,2022-04-14 09:20:00,40.677654,-73.82866,1,0,Turning Improperly,4519177,28.1,13.9,0.2,0.2,0.0,2.0,51,25.9,46.1,249,Drizzle: Light,1,1,
86091,2022-04-15 12:30:00,40.639587,-73.974785,0,0,Unspecified,4520229,19.2,6.3,0.1,0.1,0.0,1.0,51,26.9,46.1,243,Drizzle: Light,0,0,
86092,2022-04-12 23:48:00,40.80777,-73.94549,1,0,Alcohol Involvement,4520236,20.4,7.7,1.6,1.6,0.0,3.0,53,17.8,36.0,271,Drizzle: Moderate,1,1,
86093,2022-04-08 12:38:00,40.635582,-73.99155,0,0,Unspecified,4520227,16.5,7.1,5.2,5.2,0.0,4.0,63,21.3,42.8,253,Rain: Moderate,0,0,
86094,2022-04-16 22:00:00,40.805096,-73.95488,2,0,Driver Inattention/Distraction,4520235,19.3,7.4,6.8,6.8,0.0,7.0,61,24.5,47.5,217,Rain: Light,2,2,
86095,2022-04-15 23:42:00,40.71553,-73.95257,0,0,Driver Inattention/Distraction,4520234,19.2,6.3,0.1,0.1,0.0,1.0,51,26.9,46.1,243,Drizzle: Light,0,0,
86096,2022-04-13 12:40:00,40.72784,-73.83284,1,0,Driver Inattention/Distraction,4519197,18.9,7.1,0.0,0.0,0.0,0.0,3,18.7,37.4,112,Overcast,1,1,
86097,2022-04-16 23:21:00,40.857098,-73.917206,0,0,Unsafe Lane Changing,4520230,19.3,7.4,6.8,6.8,0.0,7.0,61,24.5,47.5,217,Rain: Light,0,0,
86098,2022-04-04 21:15:00,40.630344,-73.968185,4,0,Other Vehicular,4516355,12.2,2.6,0.1,0.1,0.0,1.0,51,23.7,41.4,304,Drizzle: Light,4,4,
86099,2022-04-25 17:50:00,40.644,-73.87584,2,0,Following Too Closely,4522053,15.1,6.1,0.0,0.0,0.0,0.0,3,20.9,41.4,119,Overcast,2,2,
86100,2022-04-25 00:32:00,40.766903,-73.895966,1,0,Driver Inattention/Distraction,4521682,15.1,6.1,0.0,0.0,0.0,0.0,3,20.9,41.4,119,Overcast,1,1,
86101,2022-04-22 05:00:00,40.70833,-73.91037,0,0,Failure to Keep Right,4522406,18.1,8.5,0.0,0.0,0.0,0.0,3,21.3,43.2,301,Overcast,0,0,
86102,2022-04-25 18:40:00,40.71001,-73.79474,0,0,Driver Inattention/Distraction,4522140,15.1,6.1,0.0,0.0,0.0,0.0,3,20.9,41.4,119,Overcast,0,0,
86103,2022-04-20 20:30:00,40.7496,-74.00281,0,0,Passing Too Closely,4522485,13.9,3.4,0.0,0.0,0.0,0.0,3,26.6,49.0,282,Overcast,0,0,
86104,2022-04-24 23:40:00,40.681572,-73.92579,1,0,Alcohol Involvement,4522577,15.8,7.0,0.0,0.0,0.0,0.0,3,21.7,43.2,114,Overcast,1,1,
86105,2022-04-17 07:00:00,40.5778,-73.96057,0,0,Unspecified,4522649,10.0,3.9,0.5,0.5,0.0,2.0,51,30.1,56.5,313,Drizzle: Light,0,0,
86106,2022-09-23 19:35:00,40.82942,-73.91226,1,0,Driver Inattention/Distraction,4567893,16.4,10.0,0.0,0.0,0.0,0.0,0,31.1,56.9,323,Clear sky,1,1,Sunny/Clear Conditions
86107,2022-09-25 18:00:00,40.861862,-73.91275,0,0,Turning Improperly,4567260,23.8,11.8,0.3,0.3,0.0,1.0,51,22.2,41.0,207,Drizzle: Light,0,0,
86108,2022-09-24 08:20:00,40.712116,-73.73118,0,0,Failure to Yield Right-of-Way,4567794,20.6,9.5,0.0,0.0,0.0,0.0,3,18.8,37.4,295,Overcast,0,0,
86109,2022-09-22 00:00:00,40.74658,-73.99756,0,0,Traffic Control Disregarded,4567909,24.9,14.3,9.1,9.1,0.0,7.0,63,24.6,44.6,273,Rain: Moderate,0,0,
86110,2022-09-25 04:56:00,40.57997,-73.98552,0,0,Brakes Defective,4567561,23.8,11.8,0.3,0.3,0.0,1.0,51,22.2,41.0,207,Drizzle: Light,0,0,
86111,2022-07-09 14:45:00,40.71449,-73.789665,0,0,Unspecified,4544825,30.0,20.5,0.0,0.0,0.0,0.0,3,20.7,43.9,63,Overcast,0,0,
86112,2022-04-16 12:50:00,40.603344,-73.93684,1,0,Unspecified,4519510,19.3,7.4,6.8,6.8,0.0,7.0,61,24.5,47.5,217,Rain: Light,1,1,
86113,2022-04-16 18:00:00,40.726402,-73.95478,0,0,,4519788,19.3,7.4,6.8,6.8,0.0,7.0,61,24.5,47.5,217,Rain: Light,0,0,
86114,2022-04-16 00:15:00,40.67533,-73.93609,1,0,Failure to Yield Right-of-Way,4519613,19.3,7.4,6.8,6.8,0.0,7.0,61,24.5,47.5,217,Rain: Light,1,1,
86115,2022-04-16 00:17:00,40.74666,-73.990074,0,0,View Obstructed/Limited,4520050,19.3,7.4,6.8,6.8,0.0,7.0,61,24.5,47.5,217,Rain: Light,0,0,
86116,2022-04-10 14:30:00,40.64615,-74.01509,0,0,Unspecified,4520030,9.8,3.5,0.0,0.0,0.0,0.0,3,29.3,54.4,307,Overcast,0,0,
86117,2022-04-16 00:50:00,40.746334,-73.89633,0,0,Driver Inattention/Distraction,4519312,19.3,7.4,6.8,6.8,0.0,7.0,61,24.5,47.5,217,Rain: Light,0,0,
86118,2022-04-16 13:30:00,40.750668,-73.85097,0,0,Unspecified,4519562,19.3,7.4,6.8,6.8,0.0,7.0,61,24.5,47.5,217,Rain: Light,0,0,
86119,2022-04-15 07:40:00,40.834423,-73.879265,0,0,Steering Failure,4519931,19.2,6.3,0.1,0.1,0.0,1.0,51,26.9,46.1,243,Drizzle: Light,0,0,
86120,2022-04-16 22:35:00,40.65822,-73.89146,0,0,Unspecified,4519661,19.3,7.4,6.8,6.8,0.0,7.0,61,24.5,47.5,217,Rain: Light,0,0,
86121,2022-04-16 16:57:00,40.83091,-73.92047,1,0,Failure to Yield Right-of-Way,4520004,19.3,7.4,6.8,6.8,0.0,7.0,61,24.5,47.5,217,Rain: Light,1,1,
86122,2022-04-16 01:05:00,40.739933,-73.98579,0,0,Other Vehicular,4520105,19.3,7.4,6.8,6.8,0.0,7.0,61,24.5,47.5,217,Rain: Light,0,0,
86123,2022-04-16 00:35:00,40.59232,-73.9931,0,0,Alcohol Involvement,4519325,19.3,7.4,6.8,6.8,0.0,7.0,61,24.5,47.5,217,Rain: Light,0,0,
86124,2022-04-16 22:30:00,40.689274,-73.92398,1,0,Driver Inattention/Distraction,4519685,19.3,7.4,6.8,6.8,0.0,7.0,61,24.5,47.5,217,Rain: Light,1,1,
86125,2022-04-16 06:25:00,40.66319,-73.93727,1,0,Alcohol Involvement,4520047,19.3,7.4,6.8,6.8,0.0,7.0,61,24.5,47.5,217,Rain: Light,1,1,
86126,2022-04-15 23:45:00,40.651974,-73.86542,6,0,Unsafe Speed,4520092,19.2,6.3,0.1,0.1,0.0,1.0,51,26.9,46.1,243,Drizzle: Light,6,6,
86127,2022-04-16 16:00:00,40.713264,-73.94218,0,0,Driver Inattention/Distraction,4519986,19.3,7.4,6.8,6.8,0.0,7.0,61,24.5,47.5,217,Rain: Light,0,0,
86128,2022-04-16 03:20:00,40.578106,-73.99263,2,0,Driver Inattention/Distraction,4519347,19.3,7.4,6.8,6.8,0.0,7.0,61,24.5,47.5,217,Rain: Light,2,2,
86129,2022-04-16 22:20:00,40.753345,-73.7068,0,0,Aggressive Driving/Road Rage,4519481,19.3,7.4,6.8,6.8,0.0,7.0,61,24.5,47.5,217,Rain: Light,0,0,
86130,2022-04-16 19:59:00,40.79124,-73.9794,1,0,Failure to Yield Right-of-Way,4519812,19.3,7.4,6.8,6.8,0.0,7.0,61,24.5,47.5,217,Rain: Light,1,1,
86131,2022-04-16 13:54:00,40.87356,-73.81853,0,0,Unspecified,4519867,19.3,7.4,6.8,6.8,0.0,7.0,61,24.5,47.5,217,Rain: Light,0,0,
86132,2022-04-15 23:25:00,40.8464,-73.89338,0,0,Driver Inattention/Distraction,4519935,19.2,6.3,0.1,0.1,0.0,1.0,51,26.9,46.1,243,Drizzle: Light,0,0,
86133,2022-04-16 19:25:00,40.81417,-73.93431,0,0,Unsafe Lane Changing,4519950,19.3,7.4,6.8,6.8,0.0,7.0,61,24.5,47.5,217,Rain: Light,0,0,
86134,2022-04-16 01:10:00,40.825897,-73.93936,0,0,Oversized Vehicle,4519445,19.3,7.4,6.8,6.8,0.0,7.0,61,24.5,47.5,217,Rain: Light,0,0,
86135,2022-04-16 14:33:00,40.75548,-73.74173,2,0,Passing or Lane Usage Improper,4519411,19.3,7.4,6.8,6.8,0.0,7.0,61,24.5,47.5,217,Rain: Light,2,2,
86136,2022-04-11 09:55:00,40.614258,-73.92765,0,0,Driver Inexperience,4520124,13.1,1.8,0.0,0.0,0.0,0.0,3,18.6,36.4,246,Overcast,0,0,
86137,2022-04-25 01:30:00,0.0,0.0,0,0,Driver Inattention/Distraction,4521827,15.1,6.1,0.0,0.0,0.0,0.0,3,20.9,41.4,119,Overcast,0,0,
86138,2022-04-14 10:34:00,40.783245,-73.94473,0,0,Unsafe Speed,4520175,28.1,13.9,0.2,0.2,0.0,2.0,51,25.9,46.1,249,Drizzle: Light,0,0,
86139,2022-04-14 17:15:00,40.62456,-74.15878,2,0,Failure to Yield Right-of-Way,4520213,28.1,13.9,0.2,0.2,0.0,2.0,51,25.9,46.1,249,Drizzle: Light,2,2,
86140,2022-04-16 15:50:00,40.593163,-73.9086,1,0,Following Too Closely,4519413,19.3,7.4,6.8,6.8,0.0,7.0,61,24.5,47.5,217,Rain: Light,1,1,
86141,2022-04-16 15:10:00,40.75907,-73.9765,0,0,Driver Inattention/Distraction,4520070,19.3,7.4,6.8,6.8,0.0,7.0,61,24.5,47.5,217,Rain: Light,0,0,
86142,2022-04-16 20:20:00,40.768475,-73.809494,0,0,Passing Too Closely,4519475,19.3,7.4,6.8,6.8,0.0,7.0,61,24.5,47.5,217,Rain: Light,0,0,
86143,2022-04-16 12:10:00,40.744976,-73.748634,3,0,Driver Inattention/Distraction,4519390,19.3,7.4,6.8,6.8,0.0,7.0,61,24.5,47.5,217,Rain: Light,3,3,
86144,2022-04-11 19:20:00,40.794476,-73.93357,0,0,Following Too Closely,4519949,13.1,1.8,0.0,0.0,0.0,0.0,3,18.6,36.4,246,Overcast,0,0,
86145,2022-04-16 05:30:00,40.734364,-73.88148,0,0,Unspecified,4519649,19.3,7.4,6.8,6.8,0.0,7.0,61,24.5,47.5,217,Rain: Light,0,0,
86146,2022-04-16 12:44:00,40.86406,-73.92472,0,0,Driver Inattention/Distraction,4519725,19.3,7.4,6.8,6.8,0.0,7.0,61,24.5,47.5,217,Rain: Light,0,0,
86147,2022-04-15 08:18:00,40.874973,-73.87946,0,0,Driver Inattention/Distraction,4519976,19.2,6.3,0.1,0.1,0.0,1.0,51,26.9,46.1,243,Drizzle: Light,0,0,
86148,2022-04-15 19:00:00,40.685513,-73.97429,0,0,Passing Too Closely,4519968,19.2,6.3,0.1,0.1,0.0,1.0,51,26.9,46.1,243,Drizzle: Light,0,0,
86149,2022-04-16 02:08:00,40.66366,-73.83903,0,0,Driver Inattention/Distraction,4519405,19.3,7.4,6.8,6.8,0.0,7.0,61,24.5,47.5,217,Rain: Light,0,0,
86150,2022-04-16 16:00:00,40.765625,-73.7244,0,0,Driver Inattention/Distraction,4519460,19.3,7.4,6.8,6.8,0.0,7.0,61,24.5,47.5,217,Rain: Light,0,0,
86151,2022-04-16 01:30:00,40.76805,-73.91382,0,0,Failure to Yield Right-of-Way,4519581,19.3,7.4,6.8,6.8,0.0,7.0,61,24.5,47.5,217,Rain: Light,0,0,
86152,2022-04-06 14:49:00,40.62636,-73.91901,0,0,Traffic Control Disregarded,4520120,12.5,6.2,17.5,17.5,0.0,14.0,61,31.2,62.3,55,Rain: Light,0,0,
86153,2022-04-16 22:50:00,40.707893,-73.78673,0,0,Unspecified,4519857,19.3,7.4,6.8,6.8,0.0,7.0,61,24.5,47.5,217,Rain: Light,0,0,
86154,2022-04-16 02:15:00,40.846657,-73.89619,1,0,Failure to Yield Right-of-Way,4520022,19.3,7.4,6.8,6.8,0.0,7.0,61,24.5,47.5,217,Rain: Light,1,1,
86155,2022-04-07 18:00:00,40.633232,-73.9284,2,0,Failure to Yield Right-of-Way,4520125,11.5,5.6,74.1,74.1,0.0,14.0,65,35.0,64.8,98,Rain: Heavy,2,2,
86156,2022-04-16 22:50:00,40.666695,-73.767136,2,0,Driver Inexperience,4519482,19.3,7.4,6.8,6.8,0.0,7.0,61,24.5,47.5,217,Rain: Light,2,2,
86157,2022-04-16 20:00:00,40.646557,-73.95742,1,0,Unspecified,4519541,19.3,7.4,6.8,6.8,0.0,7.0,61,24.5,47.5,217,Rain: Light,1,1,
86158,2022-04-16 12:20:00,40.77146,-73.994354,1,0,Unspecified,4520075,19.3,7.4,6.8,6.8,0.0,7.0,61,24.5,47.5,217,Rain: Light,1,1,
86159,2022-04-16 14:50:00,40.66561,-73.73568,1,0,Unspecified,4519429,19.3,7.4,6.8,6.8,0.0,7.0,61,24.5,47.5,217,Rain: Light,1,1,
86160,2022-04-14 18:30:00,40.811264,-73.95782,1,0,Driver Inattention/Distraction,4520000,28.1,13.9,0.2,0.2,0.0,2.0,51,25.9,46.1,249,Drizzle: Light,1,1,
86161,2022-04-13 20:55:00,40.832035,-73.85568,1,0,Driver Inattention/Distraction,4519925,18.9,7.1,0.0,0.0,0.0,0.0,3,18.7,37.4,112,Overcast,1,1,
86162,2022-04-13 17:55:00,40.68122,-73.98047,1,0,Driver Inattention/Distraction,4519911,18.9,7.1,0.0,0.0,0.0,0.0,3,18.7,37.4,112,Overcast,1,1,
86163,2022-04-07 19:22:00,40.742023,-73.98292,0,0,Unspecified,4519941,11.5,5.6,74.1,74.1,0.0,14.0,65,35.0,64.8,98,Rain: Heavy,0,0,
86164,2022-04-15 11:48:00,40.634537,-74.003395,0,0,Unspecified,4520218,19.2,6.3,0.1,0.1,0.0,1.0,51,26.9,46.1,243,Drizzle: Light,0,0,
86165,2022-04-16 16:42:00,40.80543,-73.92087,3,0,Driver Inattention/Distraction,4519995,19.3,7.4,6.8,6.8,0.0,7.0,61,24.5,47.5,217,Rain: Light,3,3,
86166,2022-04-11 14:20:00,40.75639,-73.859726,1,0,Driver Inattention/Distraction,4520057,13.1,1.8,0.0,0.0,0.0,0.0,3,18.6,36.4,246,Overcast,1,1,
86167,2022-04-16 10:30:00,40.675735,-73.89686,0,0,Unspecified,4519642,19.3,7.4,6.8,6.8,0.0,7.0,61,24.5,47.5,217,Rain: Light,0,0,
86168,2022-04-16 00:05:00,40.658665,-73.93756,0,0,Driver Inattention/Distraction,4520035,19.3,7.4,6.8,6.8,0.0,7.0,61,24.5,47.5,217,Rain: Light,0,0,
86169,2022-04-16 16:03:00,40.693825,-73.93422,1,0,Driver Inattention/Distraction,4519689,19.3,7.4,6.8,6.8,0.0,7.0,61,24.5,47.5,217,Rain: Light,1,1,
86170,2022-04-16 11:43:00,40.737907,-73.877174,0,0,Driver Inattention/Distraction,4519558,19.3,7.4,6.8,6.8,0.0,7.0,61,24.5,47.5,217,Rain: Light,0,0,
86171,2022-04-15 18:12:00,40.757233,-73.9898,1,0,Traffic Control Disregarded,4520113,19.2,6.3,0.1,0.1,0.0,1.0,51,26.9,46.1,243,Drizzle: Light,1,1,
86172,2022-04-16 17:30:00,40.602337,-73.984375,0,0,Driver Inattention/Distraction,4519491,19.3,7.4,6.8,6.8,0.0,7.0,61,24.5,47.5,217,Rain: Light,0,0,
86173,2022-04-15 12:40:00,40.62655,-74.076965,0,0,Driver Inattention/Distraction,4520011,19.2,6.3,0.1,0.1,0.0,1.0,51,26.9,46.1,243,Drizzle: Light,0,0,
86174,2022-04-16 21:17:00,40.77436,-73.91287,0,0,Unspecified,4519765,19.3,7.4,6.8,6.8,0.0,7.0,61,24.5,47.5,217,Rain: Light,0,0,
86175,2022-04-16 17:35:00,40.745384,-73.88247,0,0,Driver Inattention/Distraction,4519564,19.3,7.4,6.8,6.8,0.0,7.0,61,24.5,47.5,217,Rain: Light,0,0,
86176,2022-04-16 00:50:00,40.691357,-73.812904,0,0,Unsafe Speed,4519772,19.3,7.4,6.8,6.8,0.0,7.0,61,24.5,47.5,217,Rain: Light,0,0,