,CRASH DATETIME,LATITUDE,LONGITUDE,NUMBER OF PERSONS INJURED,NUMBER OF PERSONS KILLED,CONTRIBUTING FACTOR VEHICLE 1,COLLISION_ID,temperature_2m_max,temperature_2m_min,precipitation_sum,rain_sum,snowfall_sum,precipitation_hours,weather_code,wind_speed_10m_max,wind_gusts_10m_max,wind_direction_10m_dominant,Weather Description,Severity_Score,Total_Affected_Persons,Weather_Category
86177,2022-04-16 01:01:00,40.78006,-73.988174,1,0,Driver Inattention/Distraction,4519317,19.3,7.4,6.8,6.8,0.0,7.0,61,24.5,47.5,217,Rain: Light,1,1,
86178,2022-04-15 23:05:00,40.764736,-73.98804,1,0,Unspecified,4520083,19.2,6.3,0.1,0.1,0.0,1.0,51,26.9,46.1,243,Drizzle: Light,1,1,
86179,2022-04-14 13:00:00,40.825817,-73.95302,0,0,Unspecified,4520199,28.1,13.9,0.2,0.2,0.0,2.0,51,25.9,46.1,249,Drizzle: Light,0,0,
86180,2022-04-16 15:52:00,40.599163,-73.91084,0,0,Driver Inattention/Distraction,4519531,19.3,7.4,6.8,6.8,0.0,7.0,61,24.5,47.5,217,Rain: Light,0,0,
86181,2022-04-15 12:15:00,40.66544,-73.916466,1,0,Failure to Yield Right-of-Way,4520189,19.2,6.3,0.1,0.1,0.0,1.0,51,26.9,46.1,243,Drizzle: Light,1,1,
86182,2022-04-15 18:11:00,40.70906,-73.73056,1,0,Driver Inattention/Distraction,4520128,19.2,6.3,0.1,0.1,0.0,1.0,51,26.9,46.1,243,Drizzle: Light,1,1,
86183,2022-04-15 07:36:00,40.64795,-73.979675,1,0,Failure to Yield Right-of-Way,4520029,19.2,6.3,0.1,0.1,0.0,1.0,51,26.9,46.1,243,Drizzle: Light,1,1,
86184,2022-04-16 03:25:00,40.73873,-73.81428,0,0,Unspecified,4519327,19.3,7.4,6.8,6.8,0.0,7.0,61,24.5,47.5,217,Rain: Light,0,0,
86185,2022-02-03 08:00:00,40.60784,-73.961975,1,0,Unspecified,4499824,9.2,2.3,13.1,13.1,0.0,17.0,61,14.9,23.8,194,Rain: Light,1,1,
86186,2022-09-25 19:41:00,40.871723,-73.842125,1,0,Unspecified,4567568,23.8,11.8,0.3,0.3,0.0,1.0,51,22.2,41.0,207,Drizzle: Light,1,1,
86187,2022-04-16 15:30:00,40.71779,-73.96521,0,0,Driver Inattention/Distraction,4519487,19.3,7.4,6.8,6.8,0.0,7.0,61,24.5,47.5,217,Rain: Light,0,0,
86188,2022-04-16 04:25:00,40.677708,-73.885574,1,0,Aggressive Driving/Road Rage,4519665,19.3,7.4,6.8,6.8,0.0,7.0,61,24.5,47.5,217,Rain: Light,1,1,
86189,2022-04-16 13:50:00,40.865532,-73.86238,0,0,Passing Too Closely,4519559,19.3,7.4,6.8,6.8,0.0,7.0,61,24.5,47.5,217,Rain: Light,0,0,
86190,2022-04-12 17:42:00,40.850666,-73.88243,0,0,Driverless/Runaway Vehicle,4519985,20.4,7.7,1.6,1.6,0.0,3.0,53,17.8,36.0,271,Drizzle: Moderate,0,0,
86191,2022-04-14 14:00:00,40.83642,-73.84715,1,0,Unspecified,4520010,28.1,13.9,0.2,0.2,0.0,2.0,51,25.9,46.1,249,Drizzle: Light,1,1,
86192,2022-04-16 23:34:00,40.668648,-73.92835,1,0,,4519616,19.3,7.4,6.8,6.8,0.0,7.0,61,24.5,47.5,217,Rain: Light,1,1,
86193,2022-04-13 08:42:00,40.775677,-73.9647,0,0,Failure to Yield Right-of-Way,4520176,18.9,7.1,0.0,0.0,0.0,0.0,3,18.7,37.4,112,Overcast,0,0,
86194,2022-04-15 19:05:00,40.77074,-73.99455,1,0,Outside Car Distraction,4520073,19.2,6.3,0.1,0.1,0.0,1.0,51,26.9,46.1,243,Drizzle: Light,1,1,
86195,2022-04-16 16:44:00,40.68561,-73.75027,1,0,Unspecified,4519440,19.3,7.4,6.8,6.8,0.0,7.0,61,24.5,47.5,217,Rain: Light,1,1,
86196,2022-04-09 10:26:00,40.744083,-73.98973,0,0,Driver Inexperience,4519920,13.6,5.0,4.8,4.8,0.0,12.0,55,20.1,42.8,263,Drizzle: Dense,0,0,
86197,2022-04-15 12:30:00,40.704678,-73.86761,0,0,Turning Improperly,4520139,19.2,6.3,0.1,0.1,0.0,1.0,51,26.9,46.1,243,Drizzle: Light,0,0,
86198,2022-04-16 15:37:00,40.585163,-73.95641,0,0,Driver Inattention/Distraction,4519511,19.3,7.4,6.8,6.8,0.0,7.0,61,24.5,47.5,217,Rain: Light,0,0,
86199,2022-04-11 03:58:00,40.824432,-73.88304,0,0,Unspecified,4519971,13.1,1.8,0.0,0.0,0.0,0.0,3,18.6,36.4,246,Overcast,0,0,
86200,2022-04-07 11:55:00,40.642605,-74.01981,0,0,Unspecified,4520104,11.5,5.6,74.1,74.1,0.0,14.0,65,35.0,64.8,98,Rain: Heavy,0,0,
86201,2022-04-16 19:00:00,40.66454,-73.82276,0,0,Unsafe Lane Changing,4519783,19.3,7.4,6.8,6.8,0.0,7.0,61,24.5,47.5,217,Rain: Light,0,0,
86202,2022-04-12 15:35:00,40.835472,-73.8669,0,0,Unspecified,4519926,20.4,7.7,1.6,1.6,0.0,3.0,53,17.8,36.0,271,Drizzle: Moderate,0,0,
86203,2022-04-16 17:34:00,40.65287,-73.72974,0,0,Failure to Yield Right-of-Way,4519433,19.3,7.4,6.8,6.8,0.0,7.0,61,24.5,47.5,217,Rain: Light,0,0,
86204,2022-04-16 23:31:00,40.675682,-74.00119,2,0,Driver Inattention/Distraction,4519579,19.3,7.4,6.8,6.8,0.0,7.0,61,24.5,47.5,217,Rain: Light,2,2,
86205,2022-04-16 11:43:00,40.69401,-73.80714,1,0,Passing or Lane Usage Improper,4520023,19.3,7.4,6.8,6.8,0.0,7.0,61,24.5,47.5,217,Rain: Light,1,1,
86206,2022-04-16 19:40:00,40.875893,-73.88825,0,0,Following Too Closely,4519978,19.3,7.4,6.8,6.8,0.0,7.0,61,24.5,47.5,217,Rain: Light,0,0,
86207,2022-04-16 18:57:00,40.710667,-73.93361,0,0,Driver Inattention/Distraction,4519497,19.3,7.4,6.8,6.8,0.0,7.0,61,24.5,47.5,217,Rain: Light,0,0,
86208,2022-04-16 18:50:00,40.839237,-73.94688,0,0,Passing or Lane Usage Improper,4519597,19.3,7.4,6.8,6.8,0.0,7.0,61,24.5,47.5,217,Rain: Light,0,0,
86209,2022-04-07 17:00:00,40.583725,-73.89372,0,0,Failure to Yield Right-of-Way,4520121,11.5,5.6,74.1,74.1,0.0,14.0,65,35.0,64.8,98,Rain: Heavy,0,0,
86210,2022-04-16 02:00:00,40.826923,-73.913635,0,0,Driver Inattention/Distraction,4520016,19.3,7.4,6.8,6.8,0.0,7.0,61,24.5,47.5,217,Rain: Light,0,0,
86211,2022-02-03 12:47:00,40.74613,-73.83605,0,0,Following Too Closely,4499837,9.2,2.3,13.1,13.1,0.0,17.0,61,14.9,23.8,194,Rain: Light,0,0,
86212,2022-04-09 19:20:00,40.825138,-73.9514,0,0,Unspecified,4520207,13.6,5.0,4.8,4.8,0.0,12.0,55,20.1,42.8,263,Drizzle: Dense,0,0,
86213,2022-04-16 05:05:00,40.719624,-73.91132,0,0,Backing Unsafely,4519345,19.3,7.4,6.8,6.8,0.0,7.0,61,24.5,47.5,217,Rain: Light,0,0,
86214,2022-04-08 17:00:00,40.82817,-73.86265,1,0,Driver Inattention/Distraction,4519964,16.5,7.1,5.2,5.2,0.0,4.0,63,21.3,42.8,253,Rain: Moderate,1,1,
86215,2022-04-16 20:09:00,40.831623,-73.95072,1,0,Unsafe Speed,4519476,19.3,7.4,6.8,6.8,0.0,7.0,61,24.5,47.5,217,Rain: Light,1,1,
86216,2022-04-16 16:32:00,40.77609,-73.95554,0,0,Driver Inattention/Distraction,4519802,19.3,7.4,6.8,6.8,0.0,7.0,61,24.5,47.5,217,Rain: Light,0,0,
86217,2022-04-16 23:58:00,40.673016,-73.89718,0,0,Unspecified,4519646,19.3,7.4,6.8,6.8,0.0,7.0,61,24.5,47.5,217,Rain: Light,0,0,
86218,2022-04-16 01:40:00,40.578938,-73.98522,0,0,Driver Inattention/Distraction,4520069,19.3,7.4,6.8,6.8,0.0,7.0,61,24.5,47.5,217,Rain: Light,0,0,
86219,2022-04-16 01:52:00,40.86131,-73.92124,0,0,Driver Inattention/Distraction,4519723,19.3,7.4,6.8,6.8,0.0,7.0,61,24.5,47.5,217,Rain: Light,0,0,
86220,2022-04-10 12:53:00,40.69786,-73.96395,0,0,Driver Inattention/Distraction,4520017,9.8,3.5,0.0,0.0,0.0,0.0,3,29.3,54.4,307,Overcast,0,0,
86221,2022-04-16 08:00:00,40.61383,-73.95105,0,0,Driver Inattention/Distraction,4519540,19.3,7.4,6.8,6.8,0.0,7.0,61,24.5,47.5,217,Rain: Light,0,0,
86222,2022-04-13 08:58:00,40.71759,-74.0022,0,0,Unspecified,4519973,18.9,7.1,0.0,0.0,0.0,0.0,3,18.7,37.4,112,Overcast,0,0,
86223,2022-04-12 17:51:00,40.80879,-73.91619,1,0,Passing or Lane Usage Improper,4519996,20.4,7.7,1.6,1.6,0.0,3.0,53,17.8,36.0,271,Drizzle: Moderate,1,1,
86224,2022-04-16 20:58:00,40.753677,-73.914474,0,0,Driver Inattention/Distraction,4519585,19.3,7.4,6.8,6.8,0.0,7.0,61,24.5,47.5,217,Rain: Light,0,0,
86225,2022-04-13 19:25:00,40.851624,-73.888664,0,0,Driver Inattention/Distraction,4519934,18.9,7.1,0.0,0.0,0.0,0.0,3,18.7,37.4,112,Overcast,0,0,
86226,2022-04-16 12:15:00,40.744057,-73.8468,0,0,Following Too Closely,4519379,19.3,7.4,6.8,6.8,0.0,7.0,61,24.5,47.5,217,Rain: Light,0,0,
86227,2022-04-16 22:50:00,40.761684,-73.760315,0,0,Unspecified,4519747,19.3,7.4,6.8,6.8,0.0,7.0,61,24.5,47.5,217,Rain: Light,0,0,
86228,2022-04-16 15:45:00,40.81394,-73.948425,0,0,Driver Inattention/Distraction,4519444,19.3,7.4,6.8,6.8,0.0,7.0,61,24.5,47.5,217,Rain: Light,0,0,
86229,2022-04-16 14:20:00,40.684845,-73.81338,0,0,Driver Inexperience,4519776,19.3,7.4,6.8,6.8,0.0,7.0,61,24.5,47.5,217,Rain: Light,0,0,
86230,2022-04-16 22:18:00,40.62356,-73.927376,1,0,Driver Inattention/Distraction,4519530,19.3,7.4,6.8,6.8,0.0,7.0,61,24.5,47.5,217,Rain: Light,1,1,
86231,2022-04-16 07:45:00,40.86315,-73.90907,0,0,Other Vehicular,4519746,19.3,7.4,6.8,6.8,0.0,7.0,61,24.5,47.5,217,Rain: Light,0,0,
86232,2022-04-15 14:20:00,40.665462,-73.95201,0,0,Driver Inattention/Distraction,4520034,19.2,6.3,0.1,0.1,0.0,1.0,51,26.9,46.1,243,Drizzle: Light,0,0,
86233,2022-04-16 02:00:00,40.666443,-73.90026,1,0,Reaction to Uninvolved Vehicle,4519641,19.3,7.4,6.8,6.8,0.0,7.0,61,24.5,47.5,217,Rain: Light,1,1,
86234,2022-04-15 13:30:00,40.65695,-73.95243,0,0,Driver Inattention/Distraction,4520044,19.2,6.3,0.1,0.1,0.0,1.0,51,26.9,46.1,243,Drizzle: Light,0,0,
86235,2022-04-16 02:20:00,40.680115,-73.75324,0,0,Other Vehicular,4519319,19.3,7.4,6.8,6.8,0.0,7.0,61,24.5,47.5,217,Rain: Light,0,0,
86236,2022-04-12 02:20:00,40.677208,-73.89723,0,0,Turning Improperly,4520086,20.4,7.7,1.6,1.6,0.0,3.0,53,17.8,36.0,271,Drizzle: Moderate,0,0,
86237,2022-04-16 09:17:00,40.870907,-73.90725,3,0,Unsafe Speed,4519989,19.3,7.4,6.8,6.8,0.0,7.0,61,24.5,47.5,217,Rain: Light,3,3,
86238,2022-03-27 03:00:00,40.82523,-73.94761,1,0,Pedestrian/Bicyclist/Other Pedestrian Error/Confusion,4520198,7.5,-1.1,0.3,0.3,0.07,3.0,71,26.4,47.5,288,Snow fall: Light,1,1,Snowy Conditions
86239,2022-04-11 18:55:00,40.878613,-73.849464,2,0,Driver Inattention/Distraction,4520146,13.1,1.8,0.0,0.0,0.0,0.0,3,18.6,36.4,246,Overcast,2,2,
86240,2022-04-14 21:21:00,40.707153,-73.8189,1,0,Unspecified,4519927,28.1,13.9,0.2,0.2,0.0,2.0,51,25.9,46.1,249,Drizzle: Light,1,1,
86241,2022-04-16 15:00:00,40.666573,-73.78632,2,0,Failure to Yield Right-of-Way,4519432,19.3,7.4,6.8,6.8,0.0,7.0,61,24.5,47.5,217,Rain: Light,2,2,
86242,2022-04-16 18:00:00,40.73679,-73.719925,0,0,Driver Inattention/Distraction,4519434,19.3,7.4,6.8,6.8,0.0,7.0,61,24.5,47.5,217,Rain: Light,0,0,
86243,2022-04-16 22:40:00,40.660362,-73.77553,0,0,View Obstructed/Limited,4519837,19.3,7.4,6.8,6.8,0.0,7.0,61,24.5,47.5,217,Rain: Light,0,0,
86244,2022-04-15 16:39:00,40.878826,-73.8829,1,0,Driver Inattention/Distraction,4520078,19.2,6.3,0.1,0.1,0.0,1.0,51,26.9,46.1,243,Drizzle: Light,1,1,
86245,2022-04-16 12:15:00,40.714745,-73.98261,0,0,Unspecified,4519458,19.3,7.4,6.8,6.8,0.0,7.0,61,24.5,47.5,217,Rain: Light,0,0,
86246,2022-04-15 08:40:00,40.740112,-73.98222,1,0,Driver Inattention/Distraction,4519921,19.2,6.3,0.1,0.1,0.0,1.0,51,26.9,46.1,243,Drizzle: Light,1,1,
86247,2022-04-11 20:00:00,40.654484,-73.886536,3,0,Unspecified,4520112,13.1,1.8,0.0,0.0,0.0,0.0,3,18.6,36.4,246,Overcast,3,3,
86248,2022-04-16 23:40:00,40.704067,-73.93861,1,0,Failure to Yield Right-of-Way,4519496,19.3,7.4,6.8,6.8,0.0,7.0,61,24.5,47.5,217,Rain: Light,1,1,
86249,2022-04-16 15:27:00,40.73599,-73.98946,1,0,Unspecified,4519942,19.3,7.4,6.8,6.8,0.0,7.0,61,24.5,47.5,217,Rain: Light,1,1,
86250,2022-04-16 00:00:00,40.69928,-73.90479,1,0,Failure to Yield Right-of-Way,4520138,19.3,7.4,6.8,6.8,0.0,7.0,61,24.5,47.5,217,Rain: Light,1,1,
86251,2022-04-16 04:45:00,40.847393,-73.90463,0,0,Passing Too Closely,4519840,19.3,7.4,6.8,6.8,0.0,7.0,61,24.5,47.5,217,Rain: Light,0,0,
86252,2022-04-16 12:44:00,40.84269,-73.88737,1,0,Driver Inattention/Distraction,4519938,19.3,7.4,6.8,6.8,0.0,7.0,61,24.5,47.5,217,Rain: Light,1,1,
86253,2022-04-11 12:47:00,40.82839,-73.86748,0,0,Tire Failure/Inadequate,4519970,13.1,1.8,0.0,0.0,0.0,0.0,3,18.6,36.4,246,Overcast,0,0,
86254,2022-04-16 15:00:00,40.7179,-73.83202,0,0,Driver Inattention/Distraction,4519409,19.3,7.4,6.8,6.8,0.0,7.0,61,24.5,47.5,217,Rain: Light,0,0,
86255,2022-04-16 04:00:00,40.703022,-73.83768,1,0,Unsafe Speed,4519452,19.3,7.4,6.8,6.8,0.0,7.0,61,24.5,47.5,217,Rain: Light,1,1,
86256,2022-04-09 02:40:00,40.61859,-73.94242,0,0,Failure to Yield Right-of-Way,4520122,13.6,5.0,4.8,4.8,0.0,12.0,55,20.1,42.8,263,Drizzle: Dense,0,0,
86257,2022-04-16 23:50:00,40.7118,-73.94224,1,0,Traffic Control Disregarded,4519486,19.3,7.4,6.8,6.8,0.0,7.0,61,24.5,47.5,217,Rain: Light,1,1,
86258,2022-04-16 20:51:00,40.70318,-73.86058,3,0,Unspecified,4519680,19.3,7.4,6.8,6.8,0.0,7.0,61,24.5,47.5,217,Rain: Light,3,3,
86259,2022-04-14 15:00:00,40.70179,-73.81601,1,0,Reaction to Uninvolved Vehicle,4520117,28.1,13.9,0.2,0.2,0.0,2.0,51,25.9,46.1,249,Drizzle: Light,1,1,
86260,2022-04-15 01:25:00,40.817387,-73.92277,0,0,Driver Inattention/Distraction,4519988,19.2,6.3,0.1,0.1,0.0,1.0,51,26.9,46.1,243,Drizzle: Light,0,0,
86261,2022-04-15 17:27:00,40.578938,-73.98522,5,0,Driver Inattention/Distraction,4520072,19.2,6.3,0.1,0.1,0.0,1.0,51,26.9,46.1,243,Drizzle: Light,5,5,
86262,2022-04-16 03:27:00,40.834164,-73.922226,0,0,Other Vehicular,4519421,19.3,7.4,6.8,6.8,0.0,7.0,61,24.5,47.5,217,Rain: Light,0,0,
86263,2022-04-16 13:33:00,40.66549,-73.91063,0,0,Unspecified,4519518,19.3,7.4,6.8,6.8,0.0,7.0,61,24.5,47.5,217,Rain: Light,0,0,
86264,2022-04-16 01:00:00,40.673786,-73.76381,0,0,Passing or Lane Usage Improper,4519378,19.3,7.4,6.8,6.8,0.0,7.0,61,24.5,47.5,217,Rain: Light,0,0,
86265,2022-04-16 21:15:00,40.720074,-73.988365,1,0,Driver Inattention/Distraction,4519478,19.3,7.4,6.8,6.8,0.0,7.0,61,24.5,47.5,217,Rain: Light,1,1,
86266,2022-04-14 14:30:00,40.825138,-73.9514,1,0,Driver Inattention/Distraction,4520200,28.1,13.9,0.2,0.2,0.0,2.0,51,25.9,46.1,249,Drizzle: Light,1,1,
86267,2022-04-16 10:00:00,40.76311,-73.962524,0,0,Unspecified,4519824,19.3,7.4,6.8,6.8,0.0,7.0,61,24.5,47.5,217,Rain: Light,0,0,
86268,2022-04-16 18:16:00,40.676537,-73.732185,0,0,Unspecified,4519466,19.3,7.4,6.8,6.8,0.0,7.0,61,24.5,47.5,217,Rain: Light,0,0,
86269,2022-04-14 16:25:00,40.660297,-73.947685,1,0,Lost Consciousness,4520033,28.1,13.9,0.2,0.2,0.0,2.0,51,25.9,46.1,249,Drizzle: Light,1,1,
86270,2022-04-14 16:35:00,40.746616,-73.99382,1,0,Failure to Yield Right-of-Way,4519943,28.1,13.9,0.2,0.2,0.0,2.0,51,25.9,46.1,249,Drizzle: Light,1,1,
86271,2022-04-16 11:45:00,40.665726,-73.96425,0,0,Passing or Lane Usage Improper,4519913,19.3,7.4,6.8,6.8,0.0,7.0,61,24.5,47.5,217,Rain: Light,0,0,
86272,2022-04-14 18:18:00,40.68174,-73.95859,0,0,Passing or Lane Usage Improper,4519961,28.1,13.9,0.2,0.2,0.0,2.0,51,25.9,46.1,249,Drizzle: Light,0,0,
86273,2022-04-15 21:25:00,40.83761,-73.88106,0,0,Driver Inattention/Distraction,4519933,19.2,6.3,0.1,0.1,0.0,1.0,51,26.9,46.1,243,Drizzle: Light,0,0,
86274,2022-04-16 05:55:00,40.679653,-73.88556,1,0,Backing Unsafely,4519659,19.3,7.4,6.8,6.8,0.0,7.0,61,24.5,47.5,217,Rain: Light,1,1,
86275,2022-04-15 10:55:00,40.752155,-73.89995,1,0,Driver Inattention/Distraction,4520008,19.2,6.3,0.1,0.1,0.0,1.0,51,26.9,46.1,243,Drizzle: Light,1,1,
86276,2022-04-16 01:09:00,40.75348,-73.97879,2,0,Turning Improperly,4520103,19.3,7.4,6.8,6.8,0.0,7.0,61,24.5,47.5,217,Rain: Light,2,2,
86277,2022-04-16 14:06:00,40.62894,-73.97377,0,0,Backing Unsafely,4519548,19.3,7.4,6.8,6.8,0.0,7.0,61,24.5,47.5,217,Rain: Light,0,0,
86278,2022-04-12 13:00:00,40.856037,-73.83284,0,0,Driver Inattention/Distraction,4520025,20.4,7.7,1.6,1.6,0.0,3.0,53,17.8,36.0,271,Drizzle: Moderate,0,0,
86279,2022-04-16 20:50:00,40.627987,-73.91625,0,0,Unspecified,4519533,19.3,7.4,6.8,6.8,0.0,7.0,61,24.5,47.5,217,Rain: Light,0,0,
86280,2022-04-16 03:30:00,40.692757,-73.77463,0,0,Unsafe Speed,4519331,19.3,7.4,6.8,6.8,0.0,7.0,61,24.5,47.5,217,Rain: Light,0,0,
86281,2022-04-12 09:20:00,40.65998,-73.9616,0,0,Turning Improperly,4520045,20.4,7.7,1.6,1.6,0.0,3.0,53,17.8,36.0,271,Drizzle: Moderate,0,0,
86282,2022-04-11 17:18:00,40.83988,-73.916794,1,0,Failure to Yield Right-of-Way,4520208,13.1,1.8,0.0,0.0,0.0,0.0,3,18.6,36.4,246,Overcast,1,1,
86283,2022-04-16 17:04:00,40.620285,-73.93438,0,0,Driver Inattention/Distraction,4519441,19.3,7.4,6.8,6.8,0.0,7.0,61,24.5,47.5,217,Rain: Light,0,0,
86284,2022-04-16 12:00:00,40.687935,-73.9154,1,0,Traffic Control Disregarded,4519598,19.3,7.4,6.8,6.8,0.0,7.0,61,24.5,47.5,217,Rain: Light,1,1,
86285,2022-04-15 14:40:00,40.775017,-73.94711,0,0,Driver Inattention/Distraction,4520177,19.2,6.3,0.1,0.1,0.0,1.0,51,26.9,46.1,243,Drizzle: Light,0,0,
86286,2022-04-10 15:10:00,40.576385,-73.96718,1,0,Unspecified,4520097,9.8,3.5,0.0,0.0,0.0,0.0,3,29.3,54.4,307,Overcast,1,1,
86287,2022-04-16 15:22:00,40.826923,-73.913635,0,0,Passing Too Closely,4519992,19.3,7.4,6.8,6.8,0.0,7.0,61,24.5,47.5,217,Rain: Light,0,0,
86288,2022-04-16 20:30:00,40.651695,-73.94968,0,0,Passing Too Closely,4519624,19.3,7.4,6.8,6.8,0.0,7.0,61,24.5,47.5,217,Rain: Light,0,0,
86289,2022-02-04 22:04:00,0.0,0.0,0,0,Unspecified,4499930,12.5,-2.3,26.6,26.5,0.07,23.0,71,29.7,50.4,313,Snow fall: Light,0,0,Snowy Conditions
86290,2022-04-15 22:50:00,40.64458,-73.99132,0,0,Unspecified,4520225,19.2,6.3,0.1,0.1,0.0,1.0,51,26.9,46.1,243,Drizzle: Light,0,0,
86291,2022-04-16 17:13:00,40.799145,-73.972534,2,0,Reaction to Uninvolved Vehicle,4519801,19.3,7.4,6.8,6.8,0.0,7.0,61,24.5,47.5,217,Rain: Light,2,2,
86292,2022-04-16 21:30:00,40.737755,-73.85509,1,0,Driver Inattention/Distraction,4519577,19.3,7.4,6.8,6.8,0.0,7.0,61,24.5,47.5,217,Rain: Light,1,1,
86293,2022-04-16 18:30:00,40.747627,-73.976746,0,0,Failure to Yield Right-of-Way,4519503,19.3,7.4,6.8,6.8,0.0,7.0,61,24.5,47.5,217,Rain: Light,0,0,
86294,2022-04-14 11:22:00,40.66673,-73.95649,1,0,View Obstructed/Limited,4520039,28.1,13.9,0.2,0.2,0.0,2.0,51,25.9,46.1,249,Drizzle: Light,1,1,
86295,2022-04-15 12:10:00,40.582977,-73.98042,0,0,Driver Inattention/Distraction,4520055,19.2,6.3,0.1,0.1,0.0,1.0,51,26.9,46.1,243,Drizzle: Light,0,0,
86296,2022-04-16 17:56:00,40.86955,-73.844505,1,0,Turning Improperly,4519895,19.3,7.4,6.8,6.8,0.0,7.0,61,24.5,47.5,217,Rain: Light,1,1,
86297,2022-04-16 17:51:00,40.87303,-73.88898,3,0,Other Vehicular,4519979,19.3,7.4,6.8,6.8,0.0,7.0,61,24.5,47.5,217,Rain: Light,3,3,
86298,2022-04-16 09:35:00,40.67086,-73.87424,1,0,Following Too Closely,4519644,19.3,7.4,6.8,6.8,0.0,7.0,61,24.5,47.5,217,Rain: Light,1,1,
86299,2022-04-16 16:27:00,40.674744,-73.76368,0,0,Passing or Lane Usage Improper,4519756,19.3,7.4,6.8,6.8,0.0,7.0,61,24.5,47.5,217,Rain: Light,0,0,
86300,2022-04-15 18:43:00,40.756767,-73.98272,1,0,Driver Inattention/Distraction,4520111,19.2,6.3,0.1,0.1,0.0,1.0,51,26.9,46.1,243,Drizzle: Light,1,1,
86301,2022-04-14 07:59:00,40.64842,-74.08517,0,0,Other Vehicular,4520015,28.1,13.9,0.2,0.2,0.0,2.0,51,25.9,46.1,249,Drizzle: Light,0,0,
86302,2022-04-15 14:40:00,40.59085,-73.94779,0,0,Failure to Yield Right-of-Way,4520184,19.2,6.3,0.1,0.1,0.0,1.0,51,26.9,46.1,243,Drizzle: Light,0,0,
86303,2022-04-16 20:49:00,40.739162,-73.78556,0,0,View Obstructed/Limited,4519779,19.3,7.4,6.8,6.8,0.0,7.0,61,24.5,47.5,217,Rain: Light,0,0,
86304,2022-04-14 19:25:00,40.601204,-74.06509,1,0,Passing or Lane Usage Improper,4520157,28.1,13.9,0.2,0.2,0.0,2.0,51,25.9,46.1,249,Drizzle: Light,1,1,
86305,2022-04-15 18:00:00,40.637646,-74.111755,0,0,Failure to Yield Right-of-Way,4520018,19.2,6.3,0.1,0.1,0.0,1.0,51,26.9,46.1,243,Drizzle: Light,0,0,
86306,2022-04-16 01:50:00,40.71576,-73.74655,0,0,Driver Inattention/Distraction,4519321,19.3,7.4,6.8,6.8,0.0,7.0,61,24.5,47.5,217,Rain: Light,0,0,
86307,2022-04-14 07:30:00,40.585056,-73.928894,0,0,Driver Inattention/Distraction,4520089,28.1,13.9,0.2,0.2,0.0,2.0,51,25.9,46.1,249,Drizzle: Light,0,0,
86308,2022-04-16 21:30:00,40.721905,-73.84502,0,0,Driver Inattention/Distraction,4519547,19.3,7.4,6.8,6.8,0.0,7.0,61,24.5,47.5,217,Rain: Light,0,0,
86309,2022-04-13 02:14:00,40.680923,-73.85503,0,0,Traffic Control Disregarded,4519928,18.9,7.1,0.0,0.0,0.0,0.0,3,18.7,37.4,112,Overcast,0,0,
86310,2022-04-16 17:03:00,40.739162,-73.78556,0,0,Unspecified,4519436,19.3,7.4,6.8,6.8,0.0,7.0,61,24.5,47.5,217,Rain: Light,0,0,
86311,2022-04-11 17:54:00,40.82309,-73.862404,1,0,Failure to Yield Right-of-Way,4519923,13.1,1.8,0.0,0.0,0.0,0.0,3,18.6,36.4,246,Overcast,1,1,
86312,2022-04-14 15:25:00,40.57557,-73.981224,1,0,Unspecified,4520064,28.1,13.9,0.2,0.2,0.0,2.0,51,25.9,46.1,249,Drizzle: Light,1,1,
86313,2022-04-13 21:00:00,40.838768,-73.92815,0,0,Unspecified,4519993,18.9,7.1,0.0,0.0,0.0,0.0,3,18.7,37.4,112,Overcast,0,0,
86314,2022-04-16 00:00:00,40.656216,-73.882515,0,0,Unspecified,4519658,19.3,7.4,6.8,6.8,0.0,7.0,61,24.5,47.5,217,Rain: Light,0,0,
86315,2022-04-16 15:30:00,40.70978,-73.82043,3,0,Unsafe Lane Changing,4519709,19.3,7.4,6.8,6.8,0.0,7.0,61,24.5,47.5,217,Rain: Light,3,3,
86316,2022-03-09 12:21:00,40.801685,-73.91734,2,0,Driver Inattention/Distraction,4519974,3.2,0.8,16.8,7.3,6.65,15.0,75,17.6,32.4,69,Snow fall: Heavy,2,2,Snowy Conditions
86317,2022-04-16 13:45:00,40.78503,-73.94058,0,0,Driver Inexperience,4519825,19.3,7.4,6.8,6.8,0.0,7.0,61,24.5,47.5,217,Rain: Light,0,0,
86318,2022-04-16 18:50:00,40.74831,-73.70954,0,0,Turning Improperly,4519465,19.3,7.4,6.8,6.8,0.0,7.0,61,24.5,47.5,217,Rain: Light,0,0,
86319,2022-04-16 02:41:00,40.731815,-73.8713,1,0,Following Too Closely,4519493,19.3,7.4,6.8,6.8,0.0,7.0,61,24.5,47.5,217,Rain: Light,1,1,
86320,2022-04-14 13:40:00,40.692345,-73.88179,0,0,Passing or Lane Usage Improper,4520137,28.1,13.9,0.2,0.2,0.0,2.0,51,25.9,46.1,249,Drizzle: Light,0,0,
86321,2022-04-16 08:24:00,40.72237,-73.91065,1,0,Failure to Yield Right-of-Way,4519396,19.3,7.4,6.8,6.8,0.0,7.0,61,24.5,47.5,217,Rain: Light,1,1,