,CRASH DATETIME,LATITUDE,LONGITUDE,NUMBER OF PERSONS INJURED,NUMBER OF PERSONS KILLED,CONTRIBUTING FACTOR VEHICLE 1,COLLISION_ID,temperature_2m_max,temperature_2m_min,precipitation_sum,rain_sum,snowfall_sum,precipitation_hours,weather_code,wind_speed_10m_max,wind_gusts_10m_max,wind_direction_10m_dominant,Weather Description,Severity_Score,Total_Affected_Persons,Weather_Category
86322,2022-04-11 21:00:00,40.749966,-73.861755,1,0,Unspecified,4520118,13.1,1.8,0.0,0.0,0.0,0.0,3,18.6,36.4,246,Overcast,1,1,
86323,2022-04-16 23:50:00,40.820965,-73.939575,0,0,Driver Inattention/Distraction,4519846,19.3,7.4,6.8,6.8,0.0,7.0,61,24.5,47.5,217,Rain: Light,0,0,
86324,2022-04-16 02:40:00,40.770233,-73.91562,0,0,Unsafe Lane Changing,4519583,19.3,7.4,6.8,6.8,0.0,7.0,61,24.5,47.5,217,Rain: Light,0,0,
86325,2022-04-16 19:30:00,40.76998,-73.99465,0,0,Brakes Defective,4520077,19.3,7.4,6.8,6.8,0.0,7.0,61,24.5,47.5,217,Rain: Light,0,0,
86326,2022-04-05 10:20:00,40.842537,-73.89724,0,0,Unspecified,4520195,12.1,1.0,1.7,1.7,0.0,3.0,53,16.8,32.8,121,Drizzle: Moderate,0,0,
86327,2022-04-16 20:11:00,40.66359,-73.9911,1,0,Traffic Control Disregarded,4519467,19.3,7.4,6.8,6.8,0.0,7.0,61,24.5,47.5,217,Rain: Light,1,1,
86328,2022-04-16 14:00:00,40.87142,-73.90654,5,0,Driver Inattention/Distraction,4519980,19.3,7.4,6.8,6.8,0.0,7.0,61,24.5,47.5,217,Rain: Light,5,5,
86329,2022-04-14 15:24:00,40.86052,-73.89257,0,0,Driver Inattention/Distraction,4519939,28.1,13.9,0.2,0.2,0.0,2.0,51,25.9,46.1,249,Drizzle: Light,0,0,
86330,2022-04-10 21:45:00,40.739357,-73.98437,0,0,Unspecified,4519944,9.8,3.5,0.0,0.0,0.0,0.0,3,29.3,54.4,307,Overcast,0,0,
86331,2022-04-16 12:36:00,40.702232,-74.01587,0,0,Following Too Closely,4519394,19.3,7.4,6.8,6.8,0.0,7.0,61,24.5,47.5,217,Rain: Light,0,0,
86332,2022-04-16 05:30:00,40.85713,-73.8808,0,0,Turning Improperly,4519744,19.3,7.4,6.8,6.8,0.0,7.0,61,24.5,47.5,217,Rain: Light,0,0,
86333,2022-04-16 12:58:00,40.736156,-73.71371,0,0,Aggressive Driving/Road Rage,4519431,19.3,7.4,6.8,6.8,0.0,7.0,61,24.5,47.5,217,Rain: Light,0,0,
86334,2022-04-16 21:00:00,40.637768,-73.95868,0,0,Unspecified,4519874,19.3,7.4,6.8,6.8,0.0,7.0,61,24.5,47.5,217,Rain: Light,0,0,
86335,2022-04-16 11:30:00,40.74994,-73.882454,0,0,Driver Inattention/Distraction,4519377,19.3,7.4,6.8,6.8,0.0,7.0,61,24.5,47.5,217,Rain: Light,0,0,
86336,2022-04-16 01:30:00,40.67681,-73.91924,3,0,Other Vehicular,4519526,19.3,7.4,6.8,6.8,0.0,7.0,61,24.5,47.5,217,Rain: Light,3,3,
86337,2022-04-15 11:50:00,40.833965,-73.8629,0,0,Driver Inattention/Distraction,4519936,19.2,6.3,0.1,0.1,0.0,1.0,51,26.9,46.1,243,Drizzle: Light,0,0,
86338,2022-04-08 19:00:00,40.82463,-73.91059,1,0,Unspecified,4520202,16.5,7.1,5.2,5.2,0.0,4.0,63,21.3,42.8,253,Rain: Moderate,1,1,
86339,2022-04-16 23:00:00,40.79856,-73.96336,0,0,Fell Asleep,4519813,19.3,7.4,6.8,6.8,0.0,7.0,61,24.5,47.5,217,Rain: Light,0,0,
86340,2022-04-16 12:36:00,40.770245,-73.815735,1,0,Failure to Yield Right-of-Way,4519447,19.3,7.4,6.8,6.8,0.0,7.0,61,24.5,47.5,217,Rain: Light,1,1,
86341,2022-04-15 21:00:00,40.75595,-73.99074,0,0,Driver Inattention/Distraction,4520052,19.2,6.3,0.1,0.1,0.0,1.0,51,26.9,46.1,243,Drizzle: Light,0,0,
86342,2022-02-04 09:41:00,40.84168,-73.93934,0,0,Other Vehicular,4500010,12.5,-2.3,26.6,26.5,0.07,23.0,71,29.7,50.4,313,Snow fall: Light,0,0,Snowy Conditions
86343,2022-04-16 05:25:00,40.636635,-74.008385,0,0,Following Too Closely,4520026,19.3,7.4,6.8,6.8,0.0,7.0,61,24.5,47.5,217,Rain: Light,0,0,
86344,2022-04-16 15:20:00,40.83349,-73.94158,0,0,Driver Inattention/Distraction,4519599,19.3,7.4,6.8,6.8,0.0,7.0,61,24.5,47.5,217,Rain: Light,0,0,
86345,2022-04-16 14:30:00,40.738415,-73.84899,0,0,Unspecified,4519561,19.3,7.4,6.8,6.8,0.0,7.0,61,24.5,47.5,217,Rain: Light,0,0,
86346,2022-04-15 00:45:00,40.714066,-73.95163,1,0,Turning Improperly,4519987,19.2,6.3,0.1,0.1,0.0,1.0,51,26.9,46.1,243,Drizzle: Light,1,1,
86347,2022-04-16 01:42:00,40.845177,-73.91417,1,0,Other Vehicular,4520006,19.3,7.4,6.8,6.8,0.0,7.0,61,24.5,47.5,217,Rain: Light,1,1,
86348,2022-04-16 10:57:00,40.832237,-73.942505,0,0,Traffic Control Disregarded,4519634,19.3,7.4,6.8,6.8,0.0,7.0,61,24.5,47.5,217,Rain: Light,0,0,
86349,2022-04-14 18:40:00,40.70701,-73.90458,1,0,Backing Unsafely,4520212,28.1,13.9,0.2,0.2,0.0,2.0,51,25.9,46.1,249,Drizzle: Light,1,1,
86350,2022-04-16 02:27:00,40.819473,-73.9462,0,0,Driver Inattention/Distraction,4519442,19.3,7.4,6.8,6.8,0.0,7.0,61,24.5,47.5,217,Rain: Light,0,0,
86351,2022-04-14 08:01:00,40.6733,-73.90392,0,0,Unspecified,4520180,28.1,13.9,0.2,0.2,0.0,2.0,51,25.9,46.1,249,Drizzle: Light,0,0,
86352,2022-04-16 02:15:00,40.655273,-73.93178,0,0,Unspecified,4519414,19.3,7.4,6.8,6.8,0.0,7.0,61,24.5,47.5,217,Rain: Light,0,0,
86353,2022-04-14 17:20:00,40.578938,-73.98522,0,0,Passing or Lane Usage Improper,4520071,28.1,13.9,0.2,0.2,0.0,2.0,51,25.9,46.1,249,Drizzle: Light,0,0,
86354,2022-04-14 15:00:00,40.68405,-73.97746,1,0,Following Too Closely,4519912,28.1,13.9,0.2,0.2,0.0,2.0,51,25.9,46.1,249,Drizzle: Light,1,1,
86355,2022-04-16 20:31:00,40.738796,-73.97716,3,0,Driver Inattention/Distraction,4519958,19.3,7.4,6.8,6.8,0.0,7.0,61,24.5,47.5,217,Rain: Light,3,3,
86356,2022-04-16 03:20:00,40.67704,-73.72941,0,0,Driver Inattention/Distraction,4519480,19.3,7.4,6.8,6.8,0.0,7.0,61,24.5,47.5,217,Rain: Light,0,0,
86357,2022-04-16 14:20:00,40.65802,-73.88248,0,0,Unspecified,4519660,19.3,7.4,6.8,6.8,0.0,7.0,61,24.5,47.5,217,Rain: Light,0,0,
86358,2022-04-15 14:00:00,40.832233,-73.85427,1,0,Unspecified,4519932,19.2,6.3,0.1,0.1,0.0,1.0,51,26.9,46.1,243,Drizzle: Light,1,1,
86359,2022-04-16 14:01:00,40.761234,-73.96389,1,0,Traffic Control Disregarded,4519800,19.3,7.4,6.8,6.8,0.0,7.0,61,24.5,47.5,217,Rain: Light,1,1,
86360,2022-04-16 15:35:00,40.763245,-73.75806,1,0,Driver Inattention/Distraction,4519410,19.3,7.4,6.8,6.8,0.0,7.0,61,24.5,47.5,217,Rain: Light,1,1,
86361,2022-04-16 00:20:00,40.700737,-73.99499,0,0,Following Too Closely,4519333,19.3,7.4,6.8,6.8,0.0,7.0,61,24.5,47.5,217,Rain: Light,0,0,
86362,2022-04-16 19:46:00,40.605743,-73.898674,0,0,Unsafe Speed,4519532,19.3,7.4,6.8,6.8,0.0,7.0,61,24.5,47.5,217,Rain: Light,0,0,
86363,2022-04-12 00:00:00,40.74814,-73.71943,0,0,Unspecified,4520126,20.4,7.7,1.6,1.6,0.0,3.0,53,17.8,36.0,271,Drizzle: Moderate,0,0,
86364,2022-04-16 23:00:00,40.63506,-73.95003,2,0,Passing or Lane Usage Improper,4519684,19.3,7.4,6.8,6.8,0.0,7.0,61,24.5,47.5,217,Rain: Light,2,2,
86365,2022-04-16 13:40:00,40.693478,-73.965515,0,0,Other Vehicular,4519485,19.3,7.4,6.8,6.8,0.0,7.0,61,24.5,47.5,217,Rain: Light,0,0,
86366,2022-04-14 12:43:00,40.663593,-73.934044,2,0,Driver Inattention/Distraction,4520031,28.1,13.9,0.2,0.2,0.0,2.0,51,25.9,46.1,249,Drizzle: Light,2,2,
86367,2022-04-12 22:00:00,40.666286,-73.95084,2,0,Passing Too Closely,4520046,20.4,7.7,1.6,1.6,0.0,3.0,53,17.8,36.0,271,Drizzle: Moderate,2,2,
86368,2022-04-16 19:15:00,40.83091,-73.92047,0,0,Failure to Yield Right-of-Way,4519991,19.3,7.4,6.8,6.8,0.0,7.0,61,24.5,47.5,217,Rain: Light,0,0,
86369,2022-04-20 22:30:00,0.0,0.0,0,0,Unspecified,4522520,13.9,3.4,0.0,0.0,0.0,0.0,3,26.6,49.0,282,Overcast,0,0,
86370,2022-04-14 17:06:00,40.696743,-73.85834,0,0,Failure to Yield Right-of-Way,4520098,28.1,13.9,0.2,0.2,0.0,2.0,51,25.9,46.1,249,Drizzle: Light,0,0,
86371,2022-04-16 00:15:00,40.742313,-73.86033,0,0,Driver Inattention/Distraction,4519556,19.3,7.4,6.8,6.8,0.0,7.0,61,24.5,47.5,217,Rain: Light,0,0,
86372,2022-04-15 14:05:00,40.862778,-73.906166,1,0,Aggressive Driving/Road Rage,4519998,19.2,6.3,0.1,0.1,0.0,1.0,51,26.9,46.1,243,Drizzle: Light,1,1,
86373,2022-04-15 12:01:00,40.619602,-73.91626,0,0,Backing Unsafely,4520123,19.2,6.3,0.1,0.1,0.0,1.0,51,26.9,46.1,243,Drizzle: Light,0,0,
86374,2022-04-16 01:00:00,40.802227,-73.912544,0,0,Unspecified,4519852,19.3,7.4,6.8,6.8,0.0,7.0,61,24.5,47.5,217,Rain: Light,0,0,
86375,2022-04-16 22:25:00,40.665375,-73.934235,0,0,Passing or Lane Usage Improper,4520166,19.3,7.4,6.8,6.8,0.0,7.0,61,24.5,47.5,217,Rain: Light,0,0,
86376,2022-04-05 16:00:00,40.62438,-74.13936,0,0,Backing Unsafely,4520204,12.1,1.0,1.7,1.7,0.0,3.0,53,16.8,32.8,121,Drizzle: Moderate,0,0,
86377,2022-04-16 10:47:00,40.634235,-73.89929,0,0,Reaction to Uninvolved Vehicle,4519438,19.3,7.4,6.8,6.8,0.0,7.0,61,24.5,47.5,217,Rain: Light,0,0,
86378,2022-04-15 07:44:00,40.825794,-73.86124,1,0,Driver Inexperience,4519929,19.2,6.3,0.1,0.1,0.0,1.0,51,26.9,46.1,243,Drizzle: Light,1,1,
86379,2022-04-16 16:00:00,40.769226,-73.98477,0,0,Driver Inattention/Distraction,4520076,19.3,7.4,6.8,6.8,0.0,7.0,61,24.5,47.5,217,Rain: Light,0,0,
86380,2023-01-16 16:31:00,40.587635,-74.091125,1,0,Turning Improperly,4598572,8.0,-2.7,0.0,0.0,0.0,0.0,2,23.4,41.4,339,Partly cloudy,1,1,
86381,2022-04-16 11:40:00,40.667236,-73.770004,2,0,Unspecified,4519430,19.3,7.4,6.8,6.8,0.0,7.0,61,24.5,47.5,217,Rain: Light,2,2,
86382,2022-04-16 05:12:00,40.742664,-73.91005,0,0,Driver Inattention/Distraction,4519473,19.3,7.4,6.8,6.8,0.0,7.0,61,24.5,47.5,217,Rain: Light,0,0,
86383,2022-04-09 15:40:00,40.69816,-73.97834,1,0,Passing or Lane Usage Improper,4519969,13.6,5.0,4.8,4.8,0.0,12.0,55,20.1,42.8,263,Drizzle: Dense,1,1,
86384,2022-04-16 14:00:00,40.67477,-73.8966,0,0,Unspecified,4519398,19.3,7.4,6.8,6.8,0.0,7.0,61,24.5,47.5,217,Rain: Light,0,0,
86385,2022-04-14 19:30:00,40.75891,-73.98977,1,0,Passenger Distraction,4520102,28.1,13.9,0.2,0.2,0.0,2.0,51,25.9,46.1,249,Drizzle: Light,1,1,
86386,2022-04-14 15:30:00,40.65418,-73.91072,0,0,Driver Inattention/Distraction,4520183,28.1,13.9,0.2,0.2,0.0,2.0,51,25.9,46.1,249,Drizzle: Light,0,0,
86387,2022-03-31 07:45:00,40.819317,-73.93032,0,0,Passing or Lane Usage Improper,4519994,19.0,3.5,12.0,12.0,0.0,4.0,65,37.8,67.3,194,Rain: Heavy,0,0,
86388,2022-04-16 10:20:00,40.659832,-73.897606,0,0,Unspecified,4519643,19.3,7.4,6.8,6.8,0.0,7.0,61,24.5,47.5,217,Rain: Light,0,0,
86389,2022-04-11 23:26:00,40.66807,-73.950676,1,0,Unspecified,4520036,13.1,1.8,0.0,0.0,0.0,0.0,3,18.6,36.4,246,Overcast,1,1,
86390,2022-04-16 10:50:00,40.6578,-73.96036,1,0,View Obstructed/Limited,4520042,19.3,7.4,6.8,6.8,0.0,7.0,61,24.5,47.5,217,Rain: Light,1,1,
86391,2022-04-16 01:40:00,40.881588,-73.86181,0,0,Unsafe Speed,4519324,19.3,7.4,6.8,6.8,0.0,7.0,61,24.5,47.5,217,Rain: Light,0,0,
86392,2022-04-16 10:40:00,40.85874,-73.93012,0,0,Driver Inattention/Distraction,4519726,19.3,7.4,6.8,6.8,0.0,7.0,61,24.5,47.5,217,Rain: Light,0,0,
86393,2022-04-14 19:09:00,40.65344,-73.97748,3,0,Pavement Slippery,4520091,28.1,13.9,0.2,0.2,0.0,2.0,51,25.9,46.1,249,Drizzle: Light,3,3,
86394,2022-04-16 21:26:00,40.639412,-73.95873,0,0,Pavement Slippery,4519542,19.3,7.4,6.8,6.8,0.0,7.0,61,24.5,47.5,217,Rain: Light,0,0,
86395,2022-04-16 19:14:00,40.766083,-73.907715,1,0,Driver Inattention/Distraction,4519582,19.3,7.4,6.8,6.8,0.0,7.0,61,24.5,47.5,217,Rain: Light,1,1,
86396,2022-04-16 15:30:00,40.67602,-74.001236,3,0,Traffic Control Disregarded,4520119,19.3,7.4,6.8,6.8,0.0,7.0,61,24.5,47.5,217,Rain: Light,3,3,
86397,2022-04-16 13:26:00,40.759926,-73.9149,0,0,Driver Inattention/Distraction,4519762,19.3,7.4,6.8,6.8,0.0,7.0,61,24.5,47.5,217,Rain: Light,0,0,
86398,2022-04-16 20:28:00,40.659912,-73.998604,1,0,Alcohol Involvement,4519461,19.3,7.4,6.8,6.8,0.0,7.0,61,24.5,47.5,217,Rain: Light,1,1,
86399,2022-04-16 11:30:00,40.624096,-74.03375,1,0,Driver Inattention/Distraction,4519393,19.3,7.4,6.8,6.8,0.0,7.0,61,24.5,47.5,217,Rain: Light,1,1,
86400,2022-04-13 16:11:00,40.826786,-73.87591,1,0,Unspecified,4519924,18.9,7.1,0.0,0.0,0.0,0.0,3,18.7,37.4,112,Overcast,1,1,
86401,2022-04-16 04:08:00,40.86749,-73.88323,1,0,Driver Inattention/Distraction,4519982,19.3,7.4,6.8,6.8,0.0,7.0,61,24.5,47.5,217,Rain: Light,1,1,
86402,2022-04-16 09:25:00,40.59464,-73.952705,0,0,Backing Unsafely,4519509,19.3,7.4,6.8,6.8,0.0,7.0,61,24.5,47.5,217,Rain: Light,0,0,
86403,2022-04-16 15:10:00,40.60353,-74.01863,1,0,Following Too Closely,4519492,19.3,7.4,6.8,6.8,0.0,7.0,61,24.5,47.5,217,Rain: Light,1,1,
86404,2022-04-14 10:20:00,40.83761,-73.88106,0,0,Unspecified,4519940,28.1,13.9,0.2,0.2,0.0,2.0,51,25.9,46.1,249,Drizzle: Light,0,0,
86405,2022-04-16 16:00:00,40.754093,-73.99209,1,0,Following Too Closely,4520106,19.3,7.4,6.8,6.8,0.0,7.0,61,24.5,47.5,217,Rain: Light,1,1,
86406,2022-04-16 00:01:00,40.7538,-73.90213,2,0,Driver Inattention/Distraction,4519569,19.3,7.4,6.8,6.8,0.0,7.0,61,24.5,47.5,217,Rain: Light,2,2,
86407,2022-04-16 01:00:00,40.66045,-73.86719,0,0,Unspecified,4519656,19.3,7.4,6.8,6.8,0.0,7.0,61,24.5,47.5,217,Rain: Light,0,0,
86408,2022-04-16 06:15:00,40.586308,-73.96943,1,0,Fell Asleep,4520058,19.3,7.4,6.8,6.8,0.0,7.0,61,24.5,47.5,217,Rain: Light,1,1,
86409,2022-04-14 10:15:00,40.848095,-73.89098,1,0,Driver Inattention/Distraction,4520020,28.1,13.9,0.2,0.2,0.0,2.0,51,25.9,46.1,249,Drizzle: Light,1,1,
86410,2022-04-14 16:52:00,40.609985,-73.96239,0,0,Unspecified,4520224,28.1,13.9,0.2,0.2,0.0,2.0,51,25.9,46.1,249,Drizzle: Light,0,0,
86411,2022-04-16 16:30:00,40.678314,-73.92519,0,0,Unspecified,4519698,19.3,7.4,6.8,6.8,0.0,7.0,61,24.5,47.5,217,Rain: Light,0,0,
86412,2022-04-16 03:55:00,40.739346,-73.85479,0,0,Passenger Distraction,4519557,19.3,7.4,6.8,6.8,0.0,7.0,61,24.5,47.5,217,Rain: Light,0,0,
86413,2022-04-11 09:20:00,40.7067,-74.01605,0,0,Unspecified,4520194,13.1,1.8,0.0,0.0,0.0,0.0,3,18.6,36.4,246,Overcast,0,0,
86414,2022-04-15 16:00:00,40.654915,-73.958305,0,0,Unspecified,4519999,19.2,6.3,0.1,0.1,0.0,1.0,51,26.9,46.1,243,Drizzle: Light,0,0,
86415,2022-04-15 17:40:00,40.637646,-74.111755,0,0,View Obstructed/Limited,4520012,19.2,6.3,0.1,0.1,0.0,1.0,51,26.9,46.1,243,Drizzle: Light,0,0,
86416,2022-04-14 21:25:00,40.77178,-73.9792,1,0,Driver Inattention/Distraction,4520028,28.1,13.9,0.2,0.2,0.0,2.0,51,25.9,46.1,249,Drizzle: Light,1,1,
86417,2022-04-16 16:40:00,40.84105,-73.94469,0,0,Driver Inattention/Distraction,4519611,19.3,7.4,6.8,6.8,0.0,7.0,61,24.5,47.5,217,Rain: Light,0,0,
86418,2022-04-19 09:15:00,40.622963,-74.01184,0,0,Traffic Control Disregarded,4522468,11.0,4.5,27.1,27.1,0.0,9.0,63,41.1,85.0,282,Rain: Moderate,0,0,
86419,2023-01-11 23:45:00,40.6974,-73.80952,4,0,Unspecified,4598695,3.3,-1.5,0.0,0.0,0.0,0.0,3,13.2,23.4,50,Overcast,4,4,
86420,2022-09-25 01:03:00,40.72145,-73.84399,1,0,Following Too Closely,4566863,23.8,11.8,0.3,0.3,0.0,1.0,51,22.2,41.0,207,Drizzle: Light,1,1,
86421,2022-09-25 21:20:00,40.85221,-73.933235,1,0,Pavement Slippery,4567868,23.8,11.8,0.3,0.3,0.0,1.0,51,22.2,41.0,207,Drizzle: Light,1,1,
86422,2022-09-23 18:05:00,40.72552,-73.73446,0,0,Backing Unsafely,4567940,16.4,10.0,0.0,0.0,0.0,0.0,0,31.1,56.9,323,Clear sky,0,0,Sunny/Clear Conditions
86423,2022-09-25 21:27:00,0.0,0.0,1,0,Traffic Control Disregarded,4567341,23.8,11.8,0.3,0.3,0.0,1.0,51,22.2,41.0,207,Drizzle: Light,1,1,
86424,2022-09-21 08:40:00,40.83836,-73.92493,0,0,Passing or Lane Usage Improper,4567770,26.5,16.0,0.0,0.0,0.0,0.0,3,19.4,36.7,252,Overcast,0,0,
86425,2022-09-25 19:00:00,40.84434,-73.91475,0,0,Driver Inattention/Distraction,4567928,23.8,11.8,0.3,0.3,0.0,1.0,51,22.2,41.0,207,Drizzle: Light,0,0,
86426,2022-09-15 19:43:00,40.750828,-74.00189,1,0,Following Too Closely,4567908,21.9,15.6,0.0,0.0,0.0,0.0,1,18.2,37.1,328,Mainly clear,1,1,Sunny/Clear Conditions
86427,2022-09-23 13:15:00,40.629078,-73.94805,0,0,Driver Inattention/Distraction,4567809,16.4,10.0,0.0,0.0,0.0,0.0,0,31.1,56.9,323,Clear sky,0,0,Sunny/Clear Conditions
86428,2022-09-25 01:36:00,40.652973,-73.94401,0,0,Alcohol Involvement,4566944,23.8,11.8,0.3,0.3,0.0,1.0,51,22.2,41.0,207,Drizzle: Light,0,0,
86429,2022-09-23 00:21:00,40.736004,-73.99362,0,0,Unsafe Lane Changing,4567835,16.4,10.0,0.0,0.0,0.0,0.0,0,31.1,56.9,323,Clear sky,0,0,Sunny/Clear Conditions
86430,2022-09-25 22:30:00,40.747513,-73.9688,0,0,Driver Inattention/Distraction,4567253,23.8,11.8,0.3,0.3,0.0,1.0,51,22.2,41.0,207,Drizzle: Light,0,0,
86431,2022-09-25 13:00:00,40.71625,-73.83733,0,0,Driver Inattention/Distraction,4567470,23.8,11.8,0.3,0.3,0.0,1.0,51,22.2,41.0,207,Drizzle: Light,0,0,
86432,2022-09-22 12:30:00,40.856606,-73.92841,1,0,Driver Inattention/Distraction,4567877,24.9,14.3,9.1,9.1,0.0,7.0,63,24.6,44.6,273,Rain: Moderate,1,1,
86433,2022-09-25 16:32:00,40.820984,-73.891624,0,0,Unspecified,4567379,23.8,11.8,0.3,0.3,0.0,1.0,51,22.2,41.0,207,Drizzle: Light,0,0,
86434,2022-09-04 08:12:00,40.819805,-73.87483,0,0,Failure to Yield Right-of-Way,4567792,29.8,20.4,1.2,1.2,0.0,8.0,51,11.9,27.4,213,Drizzle: Light,0,0,
86435,2022-09-14 16:45:00,40.60389,-73.95349,1,0,Traffic Control Disregarded,4568048,26.4,15.8,0.0,0.0,0.0,0.0,2,20.1,37.1,283,Partly cloudy,1,1,
86436,2022-09-24 07:50:00,40.63347,-74.02102,0,0,Driver Inattention/Distraction,4567974,20.6,9.5,0.0,0.0,0.0,0.0,3,18.8,37.4,295,Overcast,0,0,
86437,2022-09-01 11:47:00,40.608673,-73.75601,0,0,Traffic Control Disregarded,4567922,29.3,19.5,0.0,0.0,0.0,0.0,1,18.0,35.6,295,Mainly clear,0,0,Sunny/Clear Conditions
86438,2022-09-24 19:40:00,40.766655,-73.99408,1,0,Unspecified,4568015,20.6,9.5,0.0,0.0,0.0,0.0,3,18.8,37.4,295,Overcast,1,1,
86439,2022-09-25 05:35:00,40.71417,-73.96479,0,0,Fell Asleep,4567188,23.8,11.8,0.3,0.3,0.0,1.0,51,22.2,41.0,207,Drizzle: Light,0,0,
86440,2022-09-25 14:35:00,40.739185,-73.901764,2,0,Driver Inattention/Distraction,4567705,23.8,11.8,0.3,0.3,0.0,1.0,51,22.2,41.0,207,Drizzle: Light,2,2,
86441,2022-09-20 12:19:00,40.69365,-73.98333,0,0,Following Too Closely,4567915,25.7,17.7,0.0,0.0,0.0,0.0,3,19.0,35.3,296,Overcast,0,0,
86442,2022-09-25 05:00:00,40.698807,-73.91837,1,0,Driver Inattention/Distraction,4567329,23.8,11.8,0.3,0.3,0.0,1.0,51,22.2,41.0,207,Drizzle: Light,1,1,
86443,2022-09-17 12:00:00,40.726894,-73.898315,0,0,Backing Unsafely,4567754,22.9,16.8,0.0,0.0,0.0,0.0,3,16.9,32.0,115,Overcast,0,0,
86444,2022-09-25 11:25:00,40.698368,-73.996956,1,0,Passing Too Closely,4567083,23.8,11.8,0.3,0.3,0.0,1.0,51,22.2,41.0,207,Drizzle: Light,1,1,
86445,2022-09-25 08:15:00,40.71867,-73.99207,0,0,Backing Unsafely,4567589,23.8,11.8,0.3,0.3,0.0,1.0,51,22.2,41.0,207,Drizzle: Light,0,0,
86446,2022-09-24 01:41:00,40.61135,-74.09847,0,0,Outside Car Distraction,4567718,20.6,9.5,0.0,0.0,0.0,0.0,3,18.8,37.4,295,Overcast,0,0,
86447,2022-09-25 07:50:00,40.76767,-73.817375,2,0,Failure to Yield Right-of-Way,4567175,23.8,11.8,0.3,0.3,0.0,1.0,51,22.2,41.0,207,Drizzle: Light,2,2,
86448,2022-09-25 02:17:00,40.604397,-74.069,0,0,Driver Inattention/Distraction,4567398,23.8,11.8,0.3,0.3,0.0,1.0,51,22.2,41.0,207,Drizzle: Light,0,0,
86449,2022-09-25 16:11:00,40.65008,-73.96101,1,0,Unspecified,4567805,23.8,11.8,0.3,0.3,0.0,1.0,51,22.2,41.0,207,Drizzle: Light,1,1,
86450,2022-09-22 18:10:00,40.739666,-73.79215,0,0,Driver Inattention/Distraction,4567844,24.9,14.3,9.1,9.1,0.0,7.0,63,24.6,44.6,273,Rain: Moderate,0,0,
86451,2022-09-15 17:40:00,40.654457,-73.90878,1,0,Fatigued/Drowsy,4567760,21.9,15.6,0.0,0.0,0.0,0.0,1,18.2,37.1,328,Mainly clear,1,1,Sunny/Clear Conditions
86452,2022-08-13 06:45:00,40.81269,-73.920265,0,0,Unspecified,4568038,27.0,17.5,0.0,0.0,0.0,0.0,1,20.1,39.6,10,Mainly clear,0,0,Sunny/Clear Conditions
86453,2022-09-25 02:20:00,40.686443,-73.768295,0,0,Fell Asleep,4567281,23.8,11.8,0.3,0.3,0.0,1.0,51,22.2,41.0,207,Drizzle: Light,0,0,
86454,2022-09-25 04:15:00,40.858162,-73.91699,0,0,Driver Inexperience,4567419,23.8,11.8,0.3,0.3,0.0,1.0,51,22.2,41.0,207,Drizzle: Light,0,0,
86455,2022-09-25 08:51:00,40.606514,-73.754684,0,0,Passing or Lane Usage Improper,4567961,23.8,11.8,0.3,0.3,0.0,1.0,51,22.2,41.0,207,Drizzle: Light,0,0,
86456,2022-09-11 02:30:00,40.609577,-73.75575,0,0,Driver Inattention/Distraction,4567956,24.5,18.9,12.9,12.9,0.0,13.0,61,12.4,22.0,205,Rain: Light,0,0,
86457,2022-08-28 03:00:00,40.743767,-74.000694,0,0,Driver Inattention/Distraction,4567900,27.5,21.7,0.8,0.8,0.0,5.0,51,17.4,33.5,109,Drizzle: Light,0,0,
86458,2022-09-23 11:38:00,40.650208,-73.959984,1,0,Unspecified,4567800,16.4,10.0,0.0,0.0,0.0,0.0,0,31.1,56.9,323,Clear sky,1,1,Sunny/Clear Conditions
86459,2022-09-23 16:15:00,40.75774,-73.755844,0,0,Backing Unsafely,4567946,16.4,10.0,0.0,0.0,0.0,0.0,0,31.1,56.9,323,Clear sky,0,0,Sunny/Clear Conditions
86460,2022-09-24 02:35:00,40.691284,-73.82547,1,1,Unspecified,4567693,20.6,9.5,0.0,0.0,0.0,0.0,3,18.8,37.4,295,Overcast,21,2,
86461,2022-09-25 10:51:00,40.685673,-73.76338,0,0,Passing Too Closely,4567004,23.8,11.8,0.3,0.3,0.0,1.0,51,22.2,41.0,207,Drizzle: Light,0,0,
86462,2022-09-24 14:25:00,40.539898,-74.16103,1,0,Failure to Yield Right-of-Way,4567749,20.6,9.5,0.0,0.0,0.0,0.0,3,18.8,37.4,295,Overcast,1,1,
86463,2022-09-25 00:20:00,40.682285,-73.80805,0,0,Traffic Control Disregarded,4567232,23.8,11.8,0.3,0.3,0.0,1.0,51,22.2,41.0,207,Drizzle: Light,0,0,
86464,2022-09-25 20:50:00,40.695747,-73.963875,0,0,Unspecified,4568026,23.8,11.8,0.3,0.3,0.0,1.0,51,22.2,41.0,207,Drizzle: Light,0,0,
86465,2022-09-07 11:40:00,40.757698,-73.9694,2,0,Unspecified,4567722,22.7,18.4,1.9,1.9,0.0,4.0,55,21.8,38.9,48,Drizzle: Dense,2,2,
86466,2022-09-25 14:52:00,40.78106,-73.94943,0,0,Driver Inattention/Distraction,4567634,23.8,11.8,0.3,0.3,0.0,1.0,51,22.2,41.0,207,Drizzle: Light,0,0,