,CRASH DATETIME,LATITUDE,LONGITUDE,NUMBER OF PERSONS INJURED,NUMBER OF PERSONS KILLED,CONTRIBUTING FACTOR VEHICLE 1,COLLISION_ID,temperature_2m_max,temperature_2m_min,precipitation_sum,rain_sum,snowfall_sum,precipitation_hours,weather_code,wind_speed_10m_max,wind_gusts_10m_max,wind_direction_10m_dominant,Weather Description,Severity_Score,Total_Affected_Persons,Weather_Category
86467,2022-09-25 14:30:00,40.73294,-73.84961,1,0,Driver Inattention/Distraction,4567447,23.8,11.8,0.3,0.3,0.0,1.0,51,22.2,41.0,207,Drizzle: Light,1,1,
86468,2022-09-20 16:25:00,40.595734,-73.77478,2,0,Driver Inattention/Distraction,4567960,25.7,17.7,0.0,0.0,0.0,0.0,3,19.0,35.3,296,Overcast,2,2,
86469,2022-09-25 12:00:00,40.832737,-73.90504,3,0,Unsafe Speed,4567855,23.8,11.8,0.3,0.3,0.0,1.0,51,22.2,41.0,207,Drizzle: Light,3,3,
86470,2022-09-25 21:50:00,40.666687,-73.77987,2,0,Illnes,4567510,23.8,11.8,0.3,0.3,0.0,1.0,51,22.2,41.0,207,Drizzle: Light,2,2,
86471,2022-09-20 15:57:00,40.630196,-73.96724,0,0,Driver Inattention/Distraction,4567801,25.7,17.7,0.0,0.0,0.0,0.0,3,19.0,35.3,296,Overcast,0,0,
86472,2022-09-25 22:40:00,40.610523,-74.00806,0,0,Following Too Closely,4567983,23.8,11.8,0.3,0.3,0.0,1.0,51,22.2,41.0,207,Drizzle: Light,0,0,
86473,2022-09-25 16:56:00,40.835545,-73.94064,0,0,Unspecified,4567353,23.8,11.8,0.3,0.3,0.0,1.0,51,22.2,41.0,207,Drizzle: Light,0,0,
86474,2022-09-22 07:55:00,40.646458,-74.0893,1,0,Driver Inattention/Distraction,4567755,24.9,14.3,9.1,9.1,0.0,7.0,63,24.6,44.6,273,Rain: Moderate,1,1,
86475,2022-09-24 17:00:00,40.71699,-73.82402,2,0,Unsafe Lane Changing,4567778,20.6,9.5,0.0,0.0,0.0,0.0,3,18.8,37.4,295,Overcast,2,2,
86476,2022-09-25 04:40:00,40.87371,-73.8446,1,0,Driver Inattention/Distraction,4567415,23.8,11.8,0.3,0.3,0.0,1.0,51,22.2,41.0,207,Drizzle: Light,1,1,
86477,2022-09-25 09:10:00,40.721603,-73.76413,0,0,Passing or Lane Usage Improper,4567031,23.8,11.8,0.3,0.3,0.0,1.0,51,22.2,41.0,207,Drizzle: Light,0,0,
86478,2022-09-25 15:15:00,40.639854,-73.983505,1,0,Failure to Yield Right-of-Way,4567531,23.8,11.8,0.3,0.3,0.0,1.0,51,22.2,41.0,207,Drizzle: Light,1,1,
86479,2022-09-25 11:30:00,40.657963,-73.956635,0,0,Unspecified,4567193,23.8,11.8,0.3,0.3,0.0,1.0,51,22.2,41.0,207,Drizzle: Light,0,0,
86480,2022-09-25 06:52:00,40.633682,-73.89868,2,0,Driver Inattention/Distraction,4567569,23.8,11.8,0.3,0.3,0.0,1.0,51,22.2,41.0,207,Drizzle: Light,2,2,
86481,2022-09-25 17:30:00,40.71025,-73.85963,0,0,Failure to Yield Right-of-Way,4567340,23.8,11.8,0.3,0.3,0.0,1.0,51,22.2,41.0,207,Drizzle: Light,0,0,
86482,2022-09-25 09:23:00,40.630478,-73.9861,0,0,Following Too Closely,4567530,23.8,11.8,0.3,0.3,0.0,1.0,51,22.2,41.0,207,Drizzle: Light,0,0,
86483,2022-09-23 22:30:00,40.707783,-73.932076,0,0,Following Too Closely,4568000,16.4,10.0,0.0,0.0,0.0,0.0,0,31.1,56.9,323,Clear sky,0,0,Sunny/Clear Conditions
86484,2022-09-24 17:58:00,40.65267,-73.96534,0,0,Unspecified,4567813,20.6,9.5,0.0,0.0,0.0,0.0,3,18.8,37.4,295,Overcast,0,0,
86485,2022-09-25 00:00:00,40.806915,-73.93557,0,0,Unspecified,4567442,23.8,11.8,0.3,0.3,0.0,1.0,51,22.2,41.0,207,Drizzle: Light,0,0,
86486,2022-09-25 05:39:00,40.75791,-73.85857,1,0,Driver Inattention/Distraction,4567821,23.8,11.8,0.3,0.3,0.0,1.0,51,22.2,41.0,207,Drizzle: Light,1,1,
86487,2022-09-25 01:03:00,40.62916,-74.017494,0,0,Reaction to Uninvolved Vehicle,4566887,23.8,11.8,0.3,0.3,0.0,1.0,51,22.2,41.0,207,Drizzle: Light,0,0,
86488,2022-09-15 12:36:00,40.640583,-74.00286,0,0,Unspecified,4567869,21.9,15.6,0.0,0.0,0.0,0.0,1,18.2,37.1,328,Mainly clear,0,0,Sunny/Clear Conditions
86489,2022-09-23 17:40:00,40.67536,-73.969696,1,0,Passing or Lane Usage Improper,4568034,16.4,10.0,0.0,0.0,0.0,0.0,0,31.1,56.9,323,Clear sky,1,1,Sunny/Clear Conditions
86490,2022-09-23 07:43:00,40.83369,-73.91386,0,0,Turning Improperly,4567768,16.4,10.0,0.0,0.0,0.0,0.0,0,31.1,56.9,323,Clear sky,0,0,Sunny/Clear Conditions
86491,2022-09-25 00:14:00,40.804745,-73.91194,0,1,Driver Inattention/Distraction,4567939,23.8,11.8,0.3,0.3,0.0,1.0,51,22.2,41.0,207,Drizzle: Light,20,1,
86492,2022-09-25 12:00:00,40.851334,-73.94022,0,0,Unspecified,4567917,23.8,11.8,0.3,0.3,0.0,1.0,51,22.2,41.0,207,Drizzle: Light,0,0,
86493,2022-09-24 00:55:00,40.74898,-73.93969,1,0,Failure to Yield Right-of-Way,4567719,20.6,9.5,0.0,0.0,0.0,0.0,3,18.8,37.4,295,Overcast,1,1,
86494,2022-09-25 00:54:00,40.75829,-73.83431,1,0,Traffic Control Disregarded,4567172,23.8,11.8,0.3,0.3,0.0,1.0,51,22.2,41.0,207,Drizzle: Light,1,1,
86495,2022-09-25 21:00:00,40.784702,-73.824615,0,0,Following Too Closely,4567178,23.8,11.8,0.3,0.3,0.0,1.0,51,22.2,41.0,207,Drizzle: Light,0,0,
86496,2022-09-25 11:20:00,40.673855,-73.864555,1,0,Driver Inattention/Distraction,4567674,23.8,11.8,0.3,0.3,0.0,1.0,51,22.2,41.0,207,Drizzle: Light,1,1,
86497,2022-09-25 04:20:00,40.75829,-73.83431,0,0,Traffic Control Disregarded,4567199,23.8,11.8,0.3,0.3,0.0,1.0,51,22.2,41.0,207,Drizzle: Light,0,0,
86498,2022-09-25 17:00:00,40.746635,-73.95529,1,0,Unsafe Speed,4567706,23.8,11.8,0.3,0.3,0.0,1.0,51,22.2,41.0,207,Drizzle: Light,1,1,
86499,2022-09-20 10:20:00,40.567867,-74.112404,0,0,Backing Unsafely,4567891,25.7,17.7,0.0,0.0,0.0,0.0,3,19.0,35.3,296,Overcast,0,0,
86500,2022-09-25 04:00:00,40.84519,-73.900734,0,0,View Obstructed/Limited,4567279,23.8,11.8,0.3,0.3,0.0,1.0,51,22.2,41.0,207,Drizzle: Light,0,0,
86501,2022-09-25 16:19:00,40.700737,-73.99499,0,0,Following Too Closely,4567913,23.8,11.8,0.3,0.3,0.0,1.0,51,22.2,41.0,207,Drizzle: Light,0,0,
86502,2022-09-25 01:18:00,40.640236,-73.90598,0,0,Driver Inattention/Distraction,4567067,23.8,11.8,0.3,0.3,0.0,1.0,51,22.2,41.0,207,Drizzle: Light,0,0,
86503,2022-09-25 23:00:00,40.68045,-73.87586,0,0,Unsafe Lane Changing,4567676,23.8,11.8,0.3,0.3,0.0,1.0,51,22.2,41.0,207,Drizzle: Light,0,0,
86504,2022-09-20 06:50:00,40.55834,-74.158585,0,0,Driver Inattention/Distraction,4567732,25.7,17.7,0.0,0.0,0.0,0.0,3,19.0,35.3,296,Overcast,0,0,
86505,2022-09-25 14:19:00,40.856323,-73.87244,1,0,Following Too Closely,4567752,23.8,11.8,0.3,0.3,0.0,1.0,51,22.2,41.0,207,Drizzle: Light,1,1,
86506,2022-09-25 00:00:00,40.700836,-73.99495,0,0,Unsafe Lane Changing,4567084,23.8,11.8,0.3,0.3,0.0,1.0,51,22.2,41.0,207,Drizzle: Light,0,0,
86507,2022-09-25 05:06:00,40.66925,-73.93944,2,0,Fell Asleep,4567196,23.8,11.8,0.3,0.3,0.0,1.0,51,22.2,41.0,207,Drizzle: Light,2,2,
86508,2022-09-24 17:49:00,40.85086,-73.94162,1,0,Passing or Lane Usage Improper,4567901,20.6,9.5,0.0,0.0,0.0,0.0,3,18.8,37.4,295,Overcast,1,1,
86509,2022-09-15 15:50:00,40.74658,-73.99756,0,0,Failure to Yield Right-of-Way,4567907,21.9,15.6,0.0,0.0,0.0,0.0,1,18.2,37.1,328,Mainly clear,0,0,Sunny/Clear Conditions
86510,2022-09-25 00:00:00,40.761234,-73.96389,1,0,Other Vehicular,4567252,23.8,11.8,0.3,0.3,0.0,1.0,51,22.2,41.0,207,Drizzle: Light,1,1,
86511,2022-09-25 16:30:00,40.835896,-73.8947,0,0,Unspecified,4567478,23.8,11.8,0.3,0.3,0.0,1.0,51,22.2,41.0,207,Drizzle: Light,0,0,
86512,2022-09-25 05:11:00,40.815754,-73.89529,2,0,Traffic Control Disregarded,4567894,23.8,11.8,0.3,0.3,0.0,1.0,51,22.2,41.0,207,Drizzle: Light,2,2,
86513,2022-09-23 19:06:00,40.655006,-73.905075,1,0,Unspecified,4567767,16.4,10.0,0.0,0.0,0.0,0.0,0,31.1,56.9,323,Clear sky,1,1,Sunny/Clear Conditions
86514,2022-09-23 17:51:00,40.851997,-73.88555,0,0,Pedestrian/Bicyclist/Other Pedestrian Error/Confusion,4567858,16.4,10.0,0.0,0.0,0.0,0.0,0,31.1,56.9,323,Clear sky,0,0,Sunny/Clear Conditions
86515,2022-09-25 11:59:00,40.89341,-73.85737,0,0,Passing or Lane Usage Improper,4567159,23.8,11.8,0.3,0.3,0.0,1.0,51,22.2,41.0,207,Drizzle: Light,0,0,
86516,2022-09-25 12:59:00,40.69174,-73.91401,1,0,Traffic Control Disregarded,4567332,23.8,11.8,0.3,0.3,0.0,1.0,51,22.2,41.0,207,Drizzle: Light,1,1,
86517,2022-09-25 03:22:00,40.737442,-73.787254,0,0,Turning Improperly,4567030,23.8,11.8,0.3,0.3,0.0,1.0,51,22.2,41.0,207,Drizzle: Light,0,0,
86518,2022-09-25 02:05:00,40.67849,-73.81835,0,0,Tire Failure/Inadequate,4567234,23.8,11.8,0.3,0.3,0.0,1.0,51,22.2,41.0,207,Drizzle: Light,0,0,
86519,2022-09-09 07:00:00,40.597103,-73.76994,1,0,Failure to Yield Right-of-Way,4567941,26.3,16.3,0.0,0.0,0.0,0.0,0,11.8,23.8,63,Clear sky,1,1,Sunny/Clear Conditions
86520,2022-09-25 19:12:00,40.75199,-73.931274,1,0,Driver Inattention/Distraction,4567644,23.8,11.8,0.3,0.3,0.0,1.0,51,22.2,41.0,207,Drizzle: Light,1,1,
86521,2022-09-25 17:40:00,40.678265,-73.84794,4,0,Traffic Control Disregarded,4567222,23.8,11.8,0.3,0.3,0.0,1.0,51,22.2,41.0,207,Drizzle: Light,4,4,
86522,2022-09-20 16:15:00,40.63846,-73.95088,0,0,Driver Inattention/Distraction,4567812,25.7,17.7,0.0,0.0,0.0,0.0,3,19.0,35.3,296,Overcast,0,0,
86523,2022-09-23 17:16:00,40.605427,-74.0762,0,0,Driver Inattention/Distraction,4567738,16.4,10.0,0.0,0.0,0.0,0.0,0,31.1,56.9,323,Clear sky,0,0,Sunny/Clear Conditions
86524,2022-09-22 10:50:00,40.71898,-73.95041,0,0,Passing Too Closely,4568016,24.9,14.3,9.1,9.1,0.0,7.0,63,24.6,44.6,273,Rain: Moderate,0,0,
86525,2022-09-25 17:00:00,40.82559,-73.865074,0,0,Other Vehicular,4567381,23.8,11.8,0.3,0.3,0.0,1.0,51,22.2,41.0,207,Drizzle: Light,0,0,
86526,2022-09-21 09:35:00,40.72877,-74.007095,0,0,Failure to Yield Right-of-Way,4567704,26.5,16.0,0.0,0.0,0.0,0.0,3,19.4,36.7,252,Overcast,0,0,
86527,2022-09-24 15:56:00,40.59159,-74.0813,0,0,Backing Unsafely,4567748,20.6,9.5,0.0,0.0,0.0,0.0,3,18.8,37.4,295,Overcast,0,0,
86528,2022-09-21 15:55:00,40.77254,-73.95108,0,0,Pedestrian/Bicyclist/Other Pedestrian Error/Confusion,4567725,26.5,16.0,0.0,0.0,0.0,0.0,3,19.4,36.7,252,Overcast,0,0,
86529,2022-09-24 16:21:00,40.712307,-73.99437,0,0,Driver Inattention/Distraction,4567883,20.6,9.5,0.0,0.0,0.0,0.0,3,18.8,37.4,295,Overcast,0,0,
86530,2022-09-25 05:44:00,40.635303,-74.181595,0,0,Fell Asleep,4567369,23.8,11.8,0.3,0.3,0.0,1.0,51,22.2,41.0,207,Drizzle: Light,0,0,
86531,2022-09-25 18:10:00,40.644657,-73.95664,1,0,Unspecified,4567806,23.8,11.8,0.3,0.3,0.0,1.0,51,22.2,41.0,207,Drizzle: Light,1,1,
86532,2022-09-24 19:45:00,40.80405,-73.91737,0,0,Unspecified,4568040,20.6,9.5,0.0,0.0,0.0,0.0,3,18.8,37.4,295,Overcast,0,0,
86533,2022-09-25 04:58:00,40.592728,-73.79813,1,0,Fell Asleep,4567346,23.8,11.8,0.3,0.3,0.0,1.0,51,22.2,41.0,207,Drizzle: Light,1,1,
86534,2022-09-25 10:26:00,40.702847,-73.93353,0,0,Driver Inattention/Distraction,4566976,23.8,11.8,0.3,0.3,0.0,1.0,51,22.2,41.0,207,Drizzle: Light,0,0,
86535,2022-09-23 12:43:00,40.771305,-73.87664,1,0,Driver Inattention/Distraction,4567825,16.4,10.0,0.0,0.0,0.0,0.0,0,31.1,56.9,323,Clear sky,1,1,Sunny/Clear Conditions
86536,2022-09-24 10:15:00,40.754986,-73.74535,0,0,Following Too Closely,4567947,20.6,9.5,0.0,0.0,0.0,0.0,3,18.8,37.4,295,Overcast,0,0,
86537,2022-09-25 21:50:00,40.71473,-73.94208,1,0,Failure to Yield Right-of-Way,4567189,23.8,11.8,0.3,0.3,0.0,1.0,51,22.2,41.0,207,Drizzle: Light,1,1,
86538,2022-09-01 18:00:00,40.59879,-73.75853,0,0,Unspecified,4567923,29.3,19.5,0.0,0.0,0.0,0.0,1,18.0,35.6,295,Mainly clear,0,0,Sunny/Clear Conditions
86539,2022-09-22 04:02:00,40.654747,-73.95293,0,0,Driver Inexperience,4567879,24.9,14.3,9.1,9.1,0.0,7.0,63,24.6,44.6,273,Rain: Moderate,0,0,
86540,2022-09-24 20:32:00,40.717,-73.78604,0,0,View Obstructed/Limited,4567772,20.6,9.5,0.0,0.0,0.0,0.0,3,18.8,37.4,295,Overcast,0,0,
86541,2022-09-24 11:30:00,40.768246,-73.982346,0,0,Traffic Control Disregarded,4568008,20.6,9.5,0.0,0.0,0.0,0.0,3,18.8,37.4,295,Overcast,0,0,
86542,2022-09-25 16:30:00,40.746414,-73.88341,0,0,Unspecified,4568050,23.8,11.8,0.3,0.3,0.0,1.0,51,22.2,41.0,207,Drizzle: Light,0,0,
86543,2022-09-25 00:30:00,40.796986,-73.93175,1,0,Following Too Closely,4567436,23.8,11.8,0.3,0.3,0.0,1.0,51,22.2,41.0,207,Drizzle: Light,1,1,
86544,2022-07-07 15:30:00,40.660725,-73.979805,0,0,Other Vehicular,4545343,27.5,20.1,0.0,0.0,0.0,0.0,3,19.1,37.4,110,Overcast,0,0,
86545,2022-01-23 01:35:00,40.667076,-73.78266,2,0,Unsafe Lane Changing,4496612,2.8,-6.1,0.5,0.0,0.35,3.0,71,14.2,28.1,243,Snow fall: Light,2,2,Snowy Conditions
86546,2022-01-31 13:15:00,40.5953,-74.1619,0,0,Unspecified,4498871,-3.4,-17.1,0.0,0.0,0.0,0.0,3,12.2,18.0,23,Overcast,0,0,
86547,2022-02-04 09:30:00,40.671112,-73.96008,0,0,Unspecified,4500573,12.5,-2.3,26.6,26.5,0.07,23.0,71,29.7,50.4,313,Snow fall: Light,0,0,Snowy Conditions
86548,2022-02-04 04:00:00,40.682808,-73.851135,0,0,Passing Too Closely,4500557,12.5,-2.3,26.6,26.5,0.07,23.0,71,29.7,50.4,313,Snow fall: Light,0,0,Snowy Conditions
86549,2022-01-24 21:50:00,40.674934,-73.80186,0,0,Unsafe Lane Changing,4500594,0.2,-2.7,0.3,0.0,0.21,2.0,71,15.1,31.0,307,Snow fall: Light,0,0,Snowy Conditions
86550,2022-02-04 16:07:00,40.714436,-73.759995,1,0,Other Vehicular,4500550,12.5,-2.3,26.6,26.5,0.07,23.0,71,29.7,50.4,313,Snow fall: Light,1,1,Snowy Conditions
86551,2022-01-29 13:38:00,40.8666,-73.895454,0,0,Pavement Slippery,4500583,-1.7,-12.9,17.6,0.1,12.25,19.0,75,39.7,72.7,336,Snow fall: Heavy,0,0,Snowy Conditions
86552,2022-02-04 23:00:00,40.86397,-73.89822,0,0,Unsafe Speed,4500578,12.5,-2.3,26.6,26.5,0.07,23.0,71,29.7,50.4,313,Snow fall: Light,0,0,Snowy Conditions
86553,2022-02-04 11:05:00,40.836018,-73.9243,0,0,Unspecified,4500598,12.5,-2.3,26.6,26.5,0.07,23.0,71,29.7,50.4,313,Snow fall: Light,0,0,Snowy Conditions
86554,2022-01-28 23:11:00,40.710495,-73.83314,0,0,Pavement Slippery,4500559,1.0,-3.1,2.4,0.0,1.68,13.0,73,18.7,31.3,251,Snow fall: Moderate,0,0,Snowy Conditions
86555,2022-02-04 18:00:00,40.712284,-73.78536,1,0,Failure to Yield Right-of-Way,4500552,12.5,-2.3,26.6,26.5,0.07,23.0,71,29.7,50.4,313,Snow fall: Light,1,1,Snowy Conditions
86556,2022-02-17 21:20:00,40.66925,-73.93944,0,0,Driver Inattention/Distraction,4505044,16.7,5.1,2.2,2.2,0.0,2.0,61,31.8,56.5,201,Rain: Light,0,0,
86557,2022-02-15 16:00:00,40.727207,-73.90742,1,0,Unsafe Speed,4505095,-0.2,-9.2,0.0,0.0,0.0,0.0,3,12.9,28.4,276,Overcast,1,1,
86558,2022-02-21 17:15:00,40.730648,-73.72572,0,0,Driver Inexperience,4504746,9.9,-1.9,0.0,0.0,0.0,0.0,3,19.2,35.3,192,Overcast,0,0,
86559,2022-02-21 02:25:00,40.79505,-73.93317,0,0,Unsafe Speed,4504458,9.9,-1.9,0.0,0.0,0.0,0.0,3,19.2,35.3,192,Overcast,0,0,
86560,2022-02-21 00:40:00,40.730717,-74.00446,0,0,Driver Inattention/Distraction,4504915,9.9,-1.9,0.0,0.0,0.0,0.0,3,19.2,35.3,192,Overcast,0,0,
86561,2022-02-18 09:07:00,40.6052,-74.0852,1,0,Driver Inattention/Distraction,4504938,15.6,-2.8,11.9,11.9,0.0,6.0,63,44.1,79.2,261,Rain: Moderate,1,1,
86562,2022-02-21 20:20:00,40.724636,-73.94818,0,0,Passing or Lane Usage Improper,4504641,9.9,-1.9,0.0,0.0,0.0,0.0,3,19.2,35.3,192,Overcast,0,0,
86563,2022-02-21 23:20:00,40.735573,-73.9987,0,0,Driver Inattention/Distraction,4504682,9.9,-1.9,0.0,0.0,0.0,0.0,3,19.2,35.3,192,Overcast,0,0,
86564,2022-02-21 22:25:00,40.720936,-73.993805,1,0,Driver Inattention/Distraction,4504932,9.9,-1.9,0.0,0.0,0.0,0.0,3,19.2,35.3,192,Overcast,1,1,
86565,2022-02-21 10:40:00,40.670406,-73.86972,0,0,Following Too Closely,4504579,9.9,-1.9,0.0,0.0,0.0,0.0,3,19.2,35.3,192,Overcast,0,0,
86566,2022-02-21 02:10:00,40.754158,-73.96271,0,0,Unsafe Speed,4504491,9.9,-1.9,0.0,0.0,0.0,0.0,3,19.2,35.3,192,Overcast,0,0,
86567,2022-02-18 19:10:00,40.76943,-73.91025,1,0,Unspecified,4505002,15.6,-2.8,11.9,11.9,0.0,6.0,63,44.1,79.2,261,Rain: Moderate,1,1,
86568,2022-02-17 08:02:00,40.74909,-73.89065,0,0,Turning Improperly,4505068,16.7,5.1,2.2,2.2,0.0,2.0,61,31.8,56.5,201,Rain: Light,0,0,
86569,2022-01-17 12:30:00,40.668484,-73.92532,0,0,Driver Inattention/Distraction,4500351,9.7,0.4,33.6,32.8,0.56,12.0,73,54.1,99.7,183,Snow fall: Moderate,0,0,Snowy Conditions
86570,2022-02-02 19:20:00,40.59328,-73.94538,1,0,Driver Inattention/Distraction,4499489,3.8,-7.2,0.0,0.0,0.0,0.0,3,10.6,16.2,93,Overcast,1,1,
86571,2022-02-04 16:00:00,40.639435,-74.00546,1,0,Failure to Yield Right-of-Way,4499909,12.5,-2.3,26.6,26.5,0.07,23.0,71,29.7,50.4,313,Snow fall: Light,1,1,Snowy Conditions
86572,2022-02-03 06:50:00,40.623253,-74.16209,0,0,Backing Unsafely,4499608,9.2,2.3,13.1,13.1,0.0,17.0,61,14.9,23.8,194,Rain: Light,0,0,
86573,2022-02-02 23:12:00,40.759197,-73.98463,0,0,Brakes Defective,4499554,3.8,-7.2,0.0,0.0,0.0,0.0,3,10.6,16.2,93,Overcast,0,0,
86574,2022-01-30 08:00:00,40.76964,-73.91168,0,0,Passing or Lane Usage Improper,4500030,-5.4,-13.8,0.0,0.0,0.0,0.0,3,28.5,50.0,290,Overcast,0,0,
86575,2022-02-04 12:25:00,40.75126,-73.87167,1,0,Driver Inattention/Distraction,4499891,12.5,-2.3,26.6,26.5,0.07,23.0,71,29.7,50.4,313,Snow fall: Light,1,1,Snowy Conditions
86576,2022-02-04 13:05:00,40.71921,-73.74642,1,0,Traffic Control Disregarded,4499877,12.5,-2.3,26.6,26.5,0.07,23.0,71,29.7,50.4,313,Snow fall: Light,1,1,Snowy Conditions
86577,2022-02-04 10:37:00,40.678722,-73.952995,0,0,Driver Inattention/Distraction,4500312,12.5,-2.3,26.6,26.5,0.07,23.0,71,29.7,50.4,313,Snow fall: Light,0,0,Snowy Conditions
86578,2022-02-03 08:40:00,40.67687,-73.806114,1,0,Pavement Slippery,4499784,9.2,2.3,13.1,13.1,0.0,17.0,61,14.9,23.8,194,Rain: Light,1,1,
86579,2022-02-04 12:00:00,40.74124,-73.97917,0,0,Other Vehicular,4500097,12.5,-2.3,26.6,26.5,0.07,23.0,71,29.7,50.4,313,Snow fall: Light,0,0,Snowy Conditions
86580,2022-01-28 19:00:00,40.82867,-73.87821,0,0,Alcohol Involvement,4500018,1.0,-3.1,2.4,0.0,1.68,13.0,73,18.7,31.3,251,Snow fall: Moderate,0,0,Snowy Conditions
86581,2022-02-03 19:16:00,40.753693,-73.89831,0,0,Unsafe Speed,4499768,9.2,2.3,13.1,13.1,0.0,17.0,61,14.9,23.8,194,Rain: Light,0,0,
86582,2022-02-04 23:05:00,40.711853,-73.73299,0,0,Unspecified,4500185,12.5,-2.3,26.6,26.5,0.07,23.0,71,29.7,50.4,313,Snow fall: Light,0,0,Snowy Conditions
86583,2022-02-04 21:49:00,40.89063,-73.85892,0,0,Driver Inattention/Distraction,4500393,12.5,-2.3,26.6,26.5,0.07,23.0,71,29.7,50.4,313,Snow fall: Light,0,0,Snowy Conditions
86584,2022-02-02 16:40:00,40.65245,-73.96345,1,0,Other Vehicular,4499526,3.8,-7.2,0.0,0.0,0.0,0.0,3,10.6,16.2,93,Overcast,1,1,
86585,2022-01-29 08:20:00,40.721764,-73.90288,0,0,Pavement Slippery,4500033,-1.7,-12.9,17.6,0.1,12.25,19.0,75,39.7,72.7,336,Snow fall: Heavy,0,0,Snowy Conditions
86586,2022-02-04 15:08:00,40.677414,-73.7588,0,0,Passing or Lane Usage Improper,4499896,12.5,-2.3,26.6,26.5,0.07,23.0,71,29.7,50.4,313,Snow fall: Light,0,0,Snowy Conditions
86587,2022-02-02 16:00:00,40.705666,-73.818474,0,0,Unsafe Speed,4499958,3.8,-7.2,0.0,0.0,0.0,0.0,3,10.6,16.2,93,Overcast,0,0,
86588,2022-02-02 15:00:00,40.72135,-74.00465,0,0,Driver Inattention/Distraction,4499672,3.8,-7.2,0.0,0.0,0.0,0.0,3,10.6,16.2,93,Overcast,0,0,
86589,2022-02-01 15:12:00,40.638226,-73.895996,0,0,Failure to Yield Right-of-Way,4500108,-0.9,-13.4,0.0,0.0,0.0,0.0,3,12.2,21.2,36,Overcast,0,0,
86590,2022-02-03 18:13:00,40.636448,-73.94513,1,0,Failure to Yield Right-of-Way,4500230,9.2,2.3,13.1,13.1,0.0,17.0,61,14.9,23.8,194,Rain: Light,1,1,
86591,2022-02-02 22:18:00,40.724262,-73.93745,0,0,Driver Inattention/Distraction,4499572,3.8,-7.2,0.0,0.0,0.0,0.0,3,10.6,16.2,93,Overcast,0,0,
86592,2022-02-03 17:00:00,40.60307,-74.01667,1,0,Driver Inattention/Distraction,4500429,9.2,2.3,13.1,13.1,0.0,17.0,61,14.9,23.8,194,Rain: Light,1,1,
86593,2021-09-01 18:20:00,40.69324,-73.92865,0,0,Unspecified,4455785,23.2,18.4,121.7,121.7,0.0,18.0,65,43.2,78.5,42,Rain: Heavy,0,0,
86594,2022-02-03 17:50:00,40.88424,-73.84928,1,0,Failure to Yield Right-of-Way,4499751,9.2,2.3,13.1,13.1,0.0,17.0,61,14.9,23.8,194,Rain: Light,1,1,
86595,2022-02-03 10:04:00,40.59329,-73.77972,0,0,Unspecified,4499818,9.2,2.3,13.1,13.1,0.0,17.0,61,14.9,23.8,194,Rain: Light,0,0,
86596,2022-02-04 10:58:00,40.62696,-74.03552,1,0,Driver Inattention/Distraction,4499852,12.5,-2.3,26.6,26.5,0.07,23.0,71,29.7,50.4,313,Snow fall: Light,1,1,Snowy Conditions
86597,2022-02-02 05:25:00,40.83354,-73.92037,1,0,Backing Unsafely,4499339,3.8,-7.2,0.0,0.0,0.0,0.0,3,10.6,16.2,93,Overcast,1,1,
86598,2022-02-04 09:22:00,40.691082,-73.98345,0,0,Passing Too Closely,4499999,12.5,-2.3,26.6,26.5,0.07,23.0,71,29.7,50.4,313,Snow fall: Light,0,0,Snowy Conditions
86599,2022-02-02 21:21:00,40.729855,-73.81853,0,0,Backing Unsafely,4499579,3.8,-7.2,0.0,0.0,0.0,0.0,3,10.6,16.2,93,Overcast,0,0,
86600,2022-02-03 18:11:00,40.823215,-73.89475,0,0,Failure to Yield Right-of-Way,4499923,9.2,2.3,13.1,13.1,0.0,17.0,61,14.9,23.8,194,Rain: Light,0,0,
86601,2022-02-04 05:30:00,40.60269,-73.76301,0,0,Unsafe Speed,4499990,12.5,-2.3,26.6,26.5,0.07,23.0,71,29.7,50.4,313,Snow fall: Light,0,0,Snowy Conditions
86602,2022-02-03 17:16:00,40.751656,-73.99014,1,0,Driver Inattention/Distraction,4500366,9.2,2.3,13.1,13.1,0.0,17.0,61,14.9,23.8,194,Rain: Light,1,1,
86603,2022-01-30 20:00:00,40.745125,-73.83143,0,0,Passing Too Closely,4500085,-5.4,-13.8,0.0,0.0,0.0,0.0,3,28.5,50.0,290,Overcast,0,0,
86604,2022-01-31 15:00:00,40.726185,-73.87022,0,0,Unspecified,4500282,-3.4,-17.1,0.0,0.0,0.0,0.0,3,12.2,18.0,23,Overcast,0,0,
86605,2022-02-03 11:05:00,40.67769,-74.00041,0,0,Unspecified,4499810,9.2,2.3,13.1,13.1,0.0,17.0,61,14.9,23.8,194,Rain: Light,0,0,
86606,2021-02-05 01:30:00,40.731964,-73.97412,0,0,Unspecified,4500417,5.2,-3.1,1.9,1.2,0.49,4.0,73,20.2,35.3,210,Snow fall: Moderate,0,0,Snowy Conditions
86607,2022-02-03 16:10:00,40.665897,-73.76044,0,0,Following Too Closely,4499730,9.2,2.3,13.1,13.1,0.0,17.0,61,14.9,23.8,194,Rain: Light,0,0,