,CRASH DATETIME,LATITUDE,LONGITUDE,NUMBER OF PERSONS INJURED,NUMBER OF PERSONS KILLED,CONTRIBUTING FACTOR VEHICLE 1,COLLISION_ID,temperature_2m_max,temperature_2m_min,precipitation_sum,rain_sum,snowfall_sum,precipitation_hours,weather_code,wind_speed_10m_max,wind_gusts_10m_max,wind_direction_10m_dominant,Weather Description,Severity_Score,Total_Affected_Persons,Weather_Category
86608,2022-02-04 18:44:00,40.757595,-73.92011,0,0,Driver Inexperience,4500246,12.5,-2.3,26.6,26.5,0.07,23.0,71,29.7,50.4,313,Snow fall: Light,0,0,Snowy Conditions
86609,2022-02-02 08:05:00,40.626457,-74.02686,1,0,Unspecified,4499366,3.8,-7.2,0.0,0.0,0.0,0.0,3,10.6,16.2,93,Overcast,1,1,
86610,2022-02-04 15:29:00,40.677,-73.81965,2,0,Driver Inattention/Distraction,4499931,12.5,-2.3,26.6,26.5,0.07,23.0,71,29.7,50.4,313,Snow fall: Light,2,2,Snowy Conditions
86611,2022-02-02 18:45:00,40.74181,-73.91993,1,0,Driver Inattention/Distraction,4499467,3.8,-7.2,0.0,0.0,0.0,0.0,3,10.6,16.2,93,Overcast,1,1,
86612,2022-02-02 02:40:00,40.836308,-73.884605,0,0,Driver Inattention/Distraction,4500138,3.8,-7.2,0.0,0.0,0.0,0.0,3,10.6,16.2,93,Overcast,0,0,
86613,2022-01-26 08:40:00,40.820023,-73.92663,0,0,Unsafe Lane Changing,4500176,-3.1,-8.0,0.0,0.0,0.0,0.0,0,20.5,39.6,328,Clear sky,0,0,Sunny/Clear Conditions
86614,2022-02-03 01:25:00,40.8122,-73.94226,1,0,Traffic Control Disregarded,4499618,9.2,2.3,13.1,13.1,0.0,17.0,61,14.9,23.8,194,Rain: Light,1,1,
86615,2022-01-16 22:00:00,40.82465,-73.94623,0,0,Turning Improperly,4500065,1.3,-13.5,4.4,0.7,2.59,4.0,75,28.1,47.2,36,Snow fall: Heavy,0,0,Snowy Conditions
86616,2022-01-31 10:12:00,40.664436,-73.9221,1,0,Driver Inattention/Distraction,4500537,-3.4,-17.1,0.0,0.0,0.0,0.0,3,12.2,18.0,23,Overcast,1,1,
86617,2022-02-03 13:03:00,40.719456,-73.99441,1,0,Driver Inattention/Distraction,4500022,9.2,2.3,13.1,13.1,0.0,17.0,61,14.9,23.8,194,Rain: Light,1,1,
86618,2022-01-28 16:00:00,40.67431,-73.984695,0,0,Pavement Slippery,4500478,1.0,-3.1,2.4,0.0,1.68,13.0,73,18.7,31.3,251,Snow fall: Moderate,0,0,Snowy Conditions
86619,2022-02-04 08:00:00,40.7606,-73.964325,0,0,Driver Inattention/Distraction,4499884,12.5,-2.3,26.6,26.5,0.07,23.0,71,29.7,50.4,313,Snow fall: Light,0,0,Snowy Conditions
86620,2022-02-02 18:30:00,40.72937,-73.98713,0,0,Outside Car Distraction,4500145,3.8,-7.2,0.0,0.0,0.0,0.0,3,10.6,16.2,93,Overcast,0,0,
86621,2022-09-25 17:30:00,40.661182,-73.8926,0,0,Unspecified,4567622,23.8,11.8,0.3,0.3,0.0,1.0,51,22.2,41.0,207,Drizzle: Light,0,0,
86622,2022-02-03 08:22:00,40.840263,-73.84717,2,0,Pavement Slippery,4499645,9.2,2.3,13.1,13.1,0.0,17.0,61,14.9,23.8,194,Rain: Light,2,2,
86623,2022-02-04 19:30:00,40.888935,-73.85986,0,0,Unspecified,4500404,12.5,-2.3,26.6,26.5,0.07,23.0,71,29.7,50.4,313,Snow fall: Light,0,0,Snowy Conditions
86624,2022-02-03 13:15:00,40.82101,-73.89733,0,0,Unspecified,4499954,9.2,2.3,13.1,13.1,0.0,17.0,61,14.9,23.8,194,Rain: Light,0,0,
86625,2022-02-03 11:55:00,40.595154,-73.93313,1,0,,4499692,9.2,2.3,13.1,13.1,0.0,17.0,61,14.9,23.8,194,Rain: Light,1,1,
86626,2022-02-02 15:45:00,40.668625,-73.738235,0,0,Following Too Closely,4499451,3.8,-7.2,0.0,0.0,0.0,0.0,3,10.6,16.2,93,Overcast,0,0,
86627,2022-01-22 20:42:00,40.8077,-73.92955,1,0,Unsafe Lane Changing,4500527,-1.3,-12.3,0.0,0.0,0.0,0.0,3,18.4,32.8,1,Overcast,1,1,
86628,2022-02-04 03:30:00,40.70747,-73.91007,0,0,Alcohol Involvement,4499967,12.5,-2.3,26.6,26.5,0.07,23.0,71,29.7,50.4,313,Snow fall: Light,0,0,Snowy Conditions
86629,2022-02-02 11:15:00,40.650394,-73.757126,1,0,Unsafe Speed,4499392,3.8,-7.2,0.0,0.0,0.0,0.0,3,10.6,16.2,93,Overcast,1,1,
86630,2022-02-03 17:30:00,40.746414,-73.88341,1,0,Failure to Yield Right-of-Way,4499831,9.2,2.3,13.1,13.1,0.0,17.0,61,14.9,23.8,194,Rain: Light,1,1,
86631,2022-02-01 09:20:00,40.530262,-74.2111,0,0,Unspecified,4499845,-0.9,-13.4,0.0,0.0,0.0,0.0,3,12.2,21.2,36,Overcast,0,0,
86632,2022-02-03 19:45:00,40.759182,-73.86883,1,0,Failure to Yield Right-of-Way,4499864,9.2,2.3,13.1,13.1,0.0,17.0,61,14.9,23.8,194,Rain: Light,1,1,
86633,2022-02-03 17:00:00,40.63795,-73.9731,0,0,Passing Too Closely,4500198,9.2,2.3,13.1,13.1,0.0,17.0,61,14.9,23.8,194,Rain: Light,0,0,
86634,2022-02-04 06:05:00,40.8017,-73.9343,0,0,Passing or Lane Usage Improper,4499986,12.5,-2.3,26.6,26.5,0.07,23.0,71,29.7,50.4,313,Snow fall: Light,0,0,Snowy Conditions
86635,2022-02-02 15:38:00,40.792015,-73.98051,0,0,Driver Inattention/Distraction,4499444,3.8,-7.2,0.0,0.0,0.0,0.0,3,10.6,16.2,93,Overcast,0,0,
86636,2022-02-02 11:44:00,40.702057,-73.7468,1,0,Other Vehicular,4499393,3.8,-7.2,0.0,0.0,0.0,0.0,3,10.6,16.2,93,Overcast,1,1,
86637,2022-02-04 15:30:00,40.757908,-73.9893,1,0,Driver Inattention/Distraction,4500361,12.5,-2.3,26.6,26.5,0.07,23.0,71,29.7,50.4,313,Snow fall: Light,1,1,Snowy Conditions
86638,2022-02-02 16:35:00,40.65676,-73.960144,1,0,Pedestrian/Bicyclist/Other Pedestrian Error/Confusion,4499793,3.8,-7.2,0.0,0.0,0.0,0.0,3,10.6,16.2,93,Overcast,1,1,
86639,2022-02-04 16:31:00,40.86784,-73.864395,0,0,Unspecified,4499937,12.5,-2.3,26.6,26.5,0.07,23.0,71,29.7,50.4,313,Snow fall: Light,0,0,Snowy Conditions
86640,2022-02-02 11:14:00,40.74135,-73.937096,0,0,Driver Inattention/Distraction,4499463,3.8,-7.2,0.0,0.0,0.0,0.0,3,10.6,16.2,93,Overcast,0,0,
86641,2022-02-02 08:22:00,40.86536,-73.87043,0,0,Other Vehicular,4499373,3.8,-7.2,0.0,0.0,0.0,0.0,3,10.6,16.2,93,Overcast,0,0,
86642,2022-01-24 15:00:00,40.656162,-73.93087,0,0,Unspecified,4500210,0.2,-2.7,0.3,0.0,0.21,2.0,71,15.1,31.0,307,Snow fall: Light,0,0,Snowy Conditions
86643,2022-02-02 19:26:00,40.897984,-73.897026,1,0,Following Too Closely,4499691,3.8,-7.2,0.0,0.0,0.0,0.0,3,10.6,16.2,93,Overcast,1,1,
86644,2022-02-04 17:30:00,40.694744,-73.785675,0,0,Unspecified,4500547,12.5,-2.3,26.6,26.5,0.07,23.0,71,29.7,50.4,313,Snow fall: Light,0,0,Snowy Conditions
86645,2022-02-04 00:00:00,40.710316,-73.75247,0,0,Traffic Control Device Improper/Non-Working,4499916,12.5,-2.3,26.6,26.5,0.07,23.0,71,29.7,50.4,313,Snow fall: Light,0,0,Snowy Conditions
86646,2022-02-04 14:16:00,40.701065,-73.89118,0,0,Backing Unsafely,4500073,12.5,-2.3,26.6,26.5,0.07,23.0,71,29.7,50.4,313,Snow fall: Light,0,0,Snowy Conditions
86647,2022-02-02 23:57:00,40.697327,-73.82961,0,0,Unspecified,4499564,3.8,-7.2,0.0,0.0,0.0,0.0,3,10.6,16.2,93,Overcast,0,0,
86648,2022-02-01 10:13:00,40.622955,-73.93723,0,0,Driver Inattention/Distraction,4500299,-0.9,-13.4,0.0,0.0,0.0,0.0,3,12.2,21.2,36,Overcast,0,0,
86649,2022-02-04 15:21:00,40.691208,-73.8586,1,0,Failure to Yield Right-of-Way,4500499,12.5,-2.3,26.6,26.5,0.07,23.0,71,29.7,50.4,313,Snow fall: Light,1,1,Snowy Conditions
86650,2022-02-02 13:21:00,40.694107,-73.89737,0,0,Following Too Closely,4499585,3.8,-7.2,0.0,0.0,0.0,0.0,3,10.6,16.2,93,Overcast,0,0,
86651,2022-01-12 20:12:00,40.655422,-73.95007,0,0,Turning Improperly,4499888,4.6,-7.3,0.0,0.0,0.0,0.0,3,20.5,39.2,213,Overcast,0,0,
86652,2022-02-04 16:15:00,40.695255,-73.75554,0,0,Passing or Lane Usage Improper,4499901,12.5,-2.3,26.6,26.5,0.07,23.0,71,29.7,50.4,313,Snow fall: Light,0,0,Snowy Conditions
86653,2022-02-03 10:10:00,40.682903,-73.927345,2,0,Backing Unsafely,4499718,9.2,2.3,13.1,13.1,0.0,17.0,61,14.9,23.8,194,Rain: Light,2,2,
86654,2022-02-04 22:00:00,40.730007,-73.987366,1,0,Failure to Yield Right-of-Way,4500151,12.5,-2.3,26.6,26.5,0.07,23.0,71,29.7,50.4,313,Snow fall: Light,1,1,Snowy Conditions
86655,2022-02-02 06:48:00,40.591427,-74.1648,0,0,Driver Inattention/Distraction,4499653,3.8,-7.2,0.0,0.0,0.0,0.0,3,10.6,16.2,93,Overcast,0,0,
86656,2022-02-03 22:00:00,40.61642,-73.97445,1,0,Unspecified,4500192,9.2,2.3,13.1,13.1,0.0,17.0,61,14.9,23.8,194,Rain: Light,1,1,
86657,2022-02-03 18:10:00,40.67983,-73.9583,0,0,Driver Inattention/Distraction,4500338,9.2,2.3,13.1,13.1,0.0,17.0,61,14.9,23.8,194,Rain: Light,0,0,
86658,2022-02-02 10:40:00,40.745342,-73.99049,0,0,Unsafe Lane Changing,4499697,3.8,-7.2,0.0,0.0,0.0,0.0,3,10.6,16.2,93,Overcast,0,0,
86659,2022-02-02 10:28:00,40.64196,-73.95708,1,0,Driver Inattention/Distraction,4499385,3.8,-7.2,0.0,0.0,0.0,0.0,3,10.6,16.2,93,Overcast,1,1,
86660,2022-01-28 00:00:00,40.72284,-73.99144,0,0,Driver Inexperience,4499971,1.0,-3.1,2.4,0.0,1.68,13.0,73,18.7,31.3,251,Snow fall: Moderate,0,0,Snowy Conditions
86661,2022-02-02 20:25:00,40.635105,-73.896484,1,0,Following Too Closely,4499455,3.8,-7.2,0.0,0.0,0.0,0.0,3,10.6,16.2,93,Overcast,1,1,
86662,2022-02-02 14:27:00,40.61669,-73.949814,0,0,Unspecified,4499536,3.8,-7.2,0.0,0.0,0.0,0.0,3,10.6,16.2,93,Overcast,0,0,
86663,2022-02-03 19:35:00,40.83238,-73.940895,0,0,Driver Inattention/Distraction,4500267,9.2,2.3,13.1,13.1,0.0,17.0,61,14.9,23.8,194,Rain: Light,0,0,
86664,2022-02-03 12:50:00,40.600548,-73.74711,0,0,Unspecified,4499826,9.2,2.3,13.1,13.1,0.0,17.0,61,14.9,23.8,194,Rain: Light,0,0,
86665,2022-02-03 21:50:00,40.748344,-73.81353,0,0,Failure to Yield Right-of-Way,4499966,9.2,2.3,13.1,13.1,0.0,17.0,61,14.9,23.8,194,Rain: Light,0,0,
86666,2022-02-04 05:00:00,40.749264,-73.86847,0,0,Driver Inexperience,4499869,12.5,-2.3,26.6,26.5,0.07,23.0,71,29.7,50.4,313,Snow fall: Light,0,0,Snowy Conditions
86667,2022-02-03 17:57:00,40.739902,-73.791275,0,0,Driver Inattention/Distraction,4499762,9.2,2.3,13.1,13.1,0.0,17.0,61,14.9,23.8,194,Rain: Light,0,0,
86668,2022-02-03 07:50:00,40.74245,-73.87238,0,0,Passing or Lane Usage Improper,4499832,9.2,2.3,13.1,13.1,0.0,17.0,61,14.9,23.8,194,Rain: Light,0,0,
86669,2022-02-01 18:42:00,40.873417,-73.90293,0,0,Unspecified,4499998,-0.9,-13.4,0.0,0.0,0.0,0.0,3,12.2,21.2,36,Overcast,0,0,
86670,2022-02-02 18:25:00,40.738605,-73.90742,0,0,Driver Inattention/Distraction,4499468,3.8,-7.2,0.0,0.0,0.0,0.0,3,10.6,16.2,93,Overcast,0,0,
86671,2022-02-03 18:45:00,40.75159,-73.88655,1,0,Pedestrian/Bicyclist/Other Pedestrian Error/Confusion,4499860,9.2,2.3,13.1,13.1,0.0,17.0,61,14.9,23.8,194,Rain: Light,1,1,
86672,2022-02-02 14:18:00,40.677834,-74.00617,0,0,Driver Inattention/Distraction,4499505,3.8,-7.2,0.0,0.0,0.0,0.0,3,10.6,16.2,93,Overcast,0,0,
86673,2022-02-04 01:05:00,40.704082,-73.81641,0,0,Driver Inattention/Distraction,4499798,12.5,-2.3,26.6,26.5,0.07,23.0,71,29.7,50.4,313,Snow fall: Light,0,0,Snowy Conditions
86674,2022-02-02 13:30:00,40.674904,-73.94447,0,0,Unspecified,4499415,3.8,-7.2,0.0,0.0,0.0,0.0,3,10.6,16.2,93,Overcast,0,0,
86675,2023-01-16 00:47:00,40.65011,-73.930214,1,0,Failure to Yield Right-of-Way,4598640,8.0,-2.7,0.0,0.0,0.0,0.0,2,23.4,41.4,339,Partly cloudy,1,1,
86676,2022-02-03 18:30:00,40.578995,-73.96491,1,0,Failure to Yield Right-of-Way,4499748,9.2,2.3,13.1,13.1,0.0,17.0,61,14.9,23.8,194,Rain: Light,1,1,
86677,2022-02-02 09:40:00,40.5438,-74.164795,0,0,Turning Improperly,4500025,3.8,-7.2,0.0,0.0,0.0,0.0,3,10.6,16.2,93,Overcast,0,0,
86678,2022-02-04 17:00:00,40.703724,-73.95979,0,0,Pavement Slippery,4500049,12.5,-2.3,26.6,26.5,0.07,23.0,71,29.7,50.4,313,Snow fall: Light,0,0,Snowy Conditions
86679,2022-02-03 06:00:00,40.66851,-73.76626,0,0,Passing Too Closely,4499664,9.2,2.3,13.1,13.1,0.0,17.0,61,14.9,23.8,194,Rain: Light,0,0,
86680,2022-01-29 05:33:00,40.767647,-73.92078,0,0,Alcohol Involvement,4500239,-1.7,-12.9,17.6,0.1,12.25,19.0,75,39.7,72.7,336,Snow fall: Heavy,0,0,Snowy Conditions
86681,2022-02-04 00:20:00,40.748535,-73.77372,1,0,Unspecified,4499993,12.5,-2.3,26.6,26.5,0.07,23.0,71,29.7,50.4,313,Snow fall: Light,1,1,Snowy Conditions
86682,2022-01-26 04:15:00,40.752598,-73.87705,0,0,Driver Inattention/Distraction,4499865,-3.1,-8.0,0.0,0.0,0.0,0.0,0,20.5,39.6,328,Clear sky,0,0,Sunny/Clear Conditions
86683,2022-02-04 14:09:00,40.62905,-73.92798,0,0,Driver Inattention/Distraction,4500304,12.5,-2.3,26.6,26.5,0.07,23.0,71,29.7,50.4,313,Snow fall: Light,0,0,Snowy Conditions
86684,2022-02-03 16:15:00,40.88762,-73.85992,0,0,Driver Inattention/Distraction,4499741,9.2,2.3,13.1,13.1,0.0,17.0,61,14.9,23.8,194,Rain: Light,0,0,
86685,2022-01-29 00:40:00,40.665916,-73.92547,0,0,Unsafe Speed,4500352,-1.7,-12.9,17.6,0.1,12.25,19.0,75,39.7,72.7,336,Snow fall: Heavy,0,0,Snowy Conditions
86686,2022-02-02 16:40:00,40.70915,-73.9591,0,0,Failure to Yield Right-of-Way,4499789,3.8,-7.2,0.0,0.0,0.0,0.0,3,10.6,16.2,93,Overcast,0,0,
86687,2022-01-28 20:00:00,40.711857,-73.78742,1,0,Failure to Yield Right-of-Way,4500037,1.0,-3.1,2.4,0.0,1.68,13.0,73,18.7,31.3,251,Snow fall: Moderate,1,1,Snowy Conditions
86688,2022-02-02 19:50:00,40.803593,-73.919785,1,0,Glare,4499560,3.8,-7.2,0.0,0.0,0.0,0.0,3,10.6,16.2,93,Overcast,1,1,
86689,2022-02-03 18:35:00,40.76092,-73.96704,1,0,,4499772,9.2,2.3,13.1,13.1,0.0,17.0,61,14.9,23.8,194,Rain: Light,1,1,
86690,2022-02-03 05:47:00,40.739002,-73.8209,0,0,Driver Inattention/Distraction,4499580,9.2,2.3,13.1,13.1,0.0,17.0,61,14.9,23.8,194,Rain: Light,0,0,
86691,2022-02-03 16:50:00,40.69001,-73.79204,1,0,Failure to Yield Right-of-Way,4499892,9.2,2.3,13.1,13.1,0.0,17.0,61,14.9,23.8,194,Rain: Light,1,1,
86692,2022-02-04 18:40:00,40.701912,-73.93699,0,0,Driver Inattention/Distraction,4500218,12.5,-2.3,26.6,26.5,0.07,23.0,71,29.7,50.4,313,Snow fall: Light,0,0,Snowy Conditions
86693,2022-02-02 10:45:00,40.75389,-73.91651,0,0,Failure to Yield Right-of-Way,4499519,3.8,-7.2,0.0,0.0,0.0,0.0,3,10.6,16.2,93,Overcast,0,0,
86694,2022-02-04 10:19:00,40.86505,-73.83001,0,0,Driver Inattention/Distraction,4499897,12.5,-2.3,26.6,26.5,0.07,23.0,71,29.7,50.4,313,Snow fall: Light,0,0,Snowy Conditions
86695,2022-02-04 22:45:00,40.7568,-73.873665,3,0,Alcohol Involvement,4500031,12.5,-2.3,26.6,26.5,0.07,23.0,71,29.7,50.4,313,Snow fall: Light,3,3,Snowy Conditions
86696,2022-02-02 08:15:00,40.60275,-73.98539,0,0,Driver Inattention/Distraction,4499631,3.8,-7.2,0.0,0.0,0.0,0.0,3,10.6,16.2,93,Overcast,0,0,
86697,2022-01-23 00:00:00,40.82897,-73.9486,2,0,Driver Inattention/Distraction,4499947,2.8,-6.1,0.5,0.0,0.35,3.0,71,14.2,28.1,243,Snow fall: Light,2,2,Snowy Conditions
86698,2022-09-24 20:40:00,40.61106,-74.11679,1,0,Unspecified,4567779,20.6,9.5,0.0,0.0,0.0,0.0,3,18.8,37.4,295,Overcast,1,1,
86699,2022-02-03 17:35:00,40.71976,-73.94476,0,0,Driver Inattention/Distraction,4499822,9.2,2.3,13.1,13.1,0.0,17.0,61,14.9,23.8,194,Rain: Light,0,0,
86700,2022-02-02 15:23:00,40.696342,-73.97644,2,0,Driver Inattention/Distraction,4499473,3.8,-7.2,0.0,0.0,0.0,0.0,3,10.6,16.2,93,Overcast,2,2,
86701,2022-01-28 10:00:00,40.692425,-73.96075,0,0,Driver Inattention/Distraction,4500326,1.0,-3.1,2.4,0.0,1.68,13.0,73,18.7,31.3,251,Snow fall: Moderate,0,0,Snowy Conditions
86702,2022-01-29 14:00:00,40.731968,-73.81495,0,0,Unspecified,4500456,-1.7,-12.9,17.6,0.1,12.25,19.0,75,39.7,72.7,336,Snow fall: Heavy,0,0,Snowy Conditions
86703,2022-02-02 20:18:00,40.623672,-73.8956,2,0,Unspecified,4499755,3.8,-7.2,0.0,0.0,0.0,0.0,3,10.6,16.2,93,Overcast,2,2,
86704,2022-02-03 18:00:00,40.820877,-73.8667,1,0,Driver Inattention/Distraction,4500003,9.2,2.3,13.1,13.1,0.0,17.0,61,14.9,23.8,194,Rain: Light,1,1,
86705,2022-02-03 04:20:00,40.831215,-73.85628,0,0,Unspecified,4499594,9.2,2.3,13.1,13.1,0.0,17.0,61,14.9,23.8,194,Rain: Light,0,0,
86706,2022-02-04 11:45:00,0.0,0.0,0,0,Passing or Lane Usage Improper,4499946,12.5,-2.3,26.6,26.5,0.07,23.0,71,29.7,50.4,313,Snow fall: Light,0,0,Snowy Conditions
86707,2022-02-02 07:20:00,40.84724,-73.89088,0,0,Backing Unsafely,4499595,3.8,-7.2,0.0,0.0,0.0,0.0,3,10.6,16.2,93,Overcast,0,0,
86708,2022-02-04 06:15:00,40.699703,-73.98047,0,0,Unsafe Speed,4500378,12.5,-2.3,26.6,26.5,0.07,23.0,71,29.7,50.4,313,Snow fall: Light,0,0,Snowy Conditions
86709,2022-02-04 02:45:00,40.788795,-73.93755,0,0,Unsafe Speed,4499961,12.5,-2.3,26.6,26.5,0.07,23.0,71,29.7,50.4,313,Snow fall: Light,0,0,Snowy Conditions
86710,2022-02-02 22:16:00,40.72706,-73.94957,0,0,Unsafe Lane Changing,4499573,3.8,-7.2,0.0,0.0,0.0,0.0,3,10.6,16.2,93,Overcast,0,0,
86711,2022-02-04 02:24:00,40.732033,-73.91893,0,0,Unspecified,4499777,12.5,-2.3,26.6,26.5,0.07,23.0,71,29.7,50.4,313,Snow fall: Light,0,0,Snowy Conditions
86712,2022-02-02 18:37:00,40.738167,-73.98364,1,0,Driver Inattention/Distraction,4499978,3.8,-7.2,0.0,0.0,0.0,0.0,3,10.6,16.2,93,Overcast,1,1,
86713,2022-02-02 02:26:00,40.820187,-73.890686,0,0,Traffic Control Disregarded,4499288,3.8,-7.2,0.0,0.0,0.0,0.0,3,10.6,16.2,93,Overcast,0,0,
86714,2022-02-03 15:10:00,40.765125,-73.952126,0,0,Driver Inattention/Distraction,4499803,9.2,2.3,13.1,13.1,0.0,17.0,61,14.9,23.8,194,Rain: Light,0,0,
86715,2022-01-31 08:05:00,40.65477,-74.00708,0,0,Following Too Closely,4500078,-3.4,-17.1,0.0,0.0,0.0,0.0,3,12.2,18.0,23,Overcast,0,0,
86716,2022-02-04 15:35:00,40.789734,-73.9661,0,0,Unsafe Lane Changing,4500121,12.5,-2.3,26.6,26.5,0.07,23.0,71,29.7,50.4,313,Snow fall: Light,0,0,Snowy Conditions
86717,2022-02-03 18:20:00,40.759926,-73.884285,1,0,Driver Inattention/Distraction,4499856,9.2,2.3,13.1,13.1,0.0,17.0,61,14.9,23.8,194,Rain: Light,1,1,
86718,2022-02-02 20:00:00,40.84398,-73.92296,1,0,Failure to Yield Right-of-Way,4499498,3.8,-7.2,0.0,0.0,0.0,0.0,3,10.6,16.2,93,Overcast,1,1,
86719,2022-02-02 18:08:00,40.89253,-73.84832,0,0,Following Too Closely,4499734,3.8,-7.2,0.0,0.0,0.0,0.0,3,10.6,16.2,93,Overcast,0,0,
86720,2022-02-03 17:45:00,40.737156,-73.87941,1,0,Unspecified,4499836,9.2,2.3,13.1,13.1,0.0,17.0,61,14.9,23.8,194,Rain: Light,1,1,
86721,2022-02-03 22:20:00,40.69365,-73.98333,0,0,Driver Inattention/Distraction,4499767,9.2,2.3,13.1,13.1,0.0,17.0,61,14.9,23.8,194,Rain: Light,0,0,
86722,2022-01-30 07:40:00,40.81991,-73.86167,0,0,Driver Inattention/Distraction,4500002,-5.4,-13.8,0.0,0.0,0.0,0.0,3,28.5,50.0,290,Overcast,0,0,
86723,2022-02-02 07:30:00,40.717033,-73.8221,0,0,Unspecified,4499344,3.8,-7.2,0.0,0.0,0.0,0.0,3,10.6,16.2,93,Overcast,0,0,
86724,2022-02-03 17:00:00,40.68079,-73.806305,0,0,Driver Inattention/Distraction,4499783,9.2,2.3,13.1,13.1,0.0,17.0,61,14.9,23.8,194,Rain: Light,0,0,
86725,2022-02-02 22:11:00,40.755524,-73.833405,1,0,Failure to Yield Right-of-Way,4499472,3.8,-7.2,0.0,0.0,0.0,0.0,3,10.6,16.2,93,Overcast,1,1,
86726,2022-02-02 08:15:00,40.821083,-73.88678,0,0,Unspecified,4499924,3.8,-7.2,0.0,0.0,0.0,0.0,3,10.6,16.2,93,Overcast,0,0,
86727,2022-02-03 05:02:00,40.83078,-73.88954,0,0,Pavement Slippery,4499574,9.2,2.3,13.1,13.1,0.0,17.0,61,14.9,23.8,194,Rain: Light,0,0,
86728,2022-01-31 12:56:00,40.76289,-73.805534,1,0,Passing Too Closely,4500086,-3.4,-17.1,0.0,0.0,0.0,0.0,3,12.2,18.0,23,Overcast,1,1,
86729,2022-02-04 06:55:00,40.804585,-73.91213,1,0,Failure to Yield Right-of-Way,4499989,12.5,-2.3,26.6,26.5,0.07,23.0,71,29.7,50.4,313,Snow fall: Light,1,1,Snowy Conditions
86730,2022-02-04 22:05:00,40.763485,-73.98895,1,0,Driver Inattention/Distraction,4500421,12.5,-2.3,26.6,26.5,0.07,23.0,71,29.7,50.4,313,Snow fall: Light,1,1,Snowy Conditions
86731,2022-02-03 12:07:00,40.76685,-73.95376,0,0,Unspecified,4499811,9.2,2.3,13.1,13.1,0.0,17.0,61,14.9,23.8,194,Rain: Light,0,0,
86732,2022-02-04 17:50:00,40.74557,-73.990875,1,0,Driver Inattention/Distraction,4500127,12.5,-2.3,26.6,26.5,0.07,23.0,71,29.7,50.4,313,Snow fall: Light,1,1,Snowy Conditions
86733,2022-02-04 18:00:00,40.807953,-73.965836,0,0,Unspecified,4500382,12.5,-2.3,26.6,26.5,0.07,23.0,71,29.7,50.4,313,Snow fall: Light,0,0,Snowy Conditions
86734,2022-01-28 14:21:00,40.592422,-73.99508,0,0,Driver Inexperience,4500164,1.0,-3.1,2.4,0.0,1.68,13.0,73,18.7,31.3,251,Snow fall: Moderate,0,0,Snowy Conditions
86735,2022-02-02 06:40:00,40.84545,-73.833595,0,0,Fell Asleep,4499523,3.8,-7.2,0.0,0.0,0.0,0.0,3,10.6,16.2,93,Overcast,0,0,
86736,2022-02-03 12:56:00,40.787045,-73.97759,0,0,Backing Unsafely,4499729,9.2,2.3,13.1,13.1,0.0,17.0,61,14.9,23.8,194,Rain: Light,0,0,
86737,2022-02-04 16:54:00,40.815754,-73.89529,0,0,Illnes,4499925,12.5,-2.3,26.6,26.5,0.07,23.0,71,29.7,50.4,313,Snow fall: Light,0,0,Snowy Conditions
86738,2022-02-03 17:15:00,40.875164,-73.855,0,0,Passing or Lane Usage Improper,4499754,9.2,2.3,13.1,13.1,0.0,17.0,61,14.9,23.8,194,Rain: Light,0,0,
86739,2022-02-02 08:00:00,40.728443,-73.80813,0,0,Driver Inattention/Distraction,4499555,3.8,-7.2,0.0,0.0,0.0,0.0,3,10.6,16.2,93,Overcast,0,0,
86740,2022-02-04 17:35:00,40.816555,-73.91677,1,0,Driver Inattention/Distraction,4500535,12.5,-2.3,26.6,26.5,0.07,23.0,71,29.7,50.4,313,Snow fall: Light,1,1,Snowy Conditions
86741,2022-02-02 20:45:00,40.6665,-73.9962,0,0,View Obstructed/Limited,4499878,3.8,-7.2,0.0,0.0,0.0,0.0,3,10.6,16.2,93,Overcast,0,0,
86742,2022-02-03 19:50:00,40.716354,-73.78419,0,0,Unspecified,4499796,9.2,2.3,13.1,13.1,0.0,17.0,61,14.9,23.8,194,Rain: Light,0,0,
86743,2022-02-02 03:30:00,40.675415,-73.761635,0,0,Passing or Lane Usage Improper,4499893,3.8,-7.2,0.0,0.0,0.0,0.0,3,10.6,16.2,93,Overcast,0,0,
86744,2022-02-02 08:20:00,40.623047,-74.00732,0,0,Passing Too Closely,4499403,3.8,-7.2,0.0,0.0,0.0,0.0,3,10.6,16.2,93,Overcast,0,0,
86745,2022-02-02 13:00:00,40.67291,-73.90938,0,0,Unspecified,4499445,3.8,-7.2,0.0,0.0,0.0,0.0,3,10.6,16.2,93,Overcast,0,0,
86746,2022-02-04 18:30:00,40.664375,-73.92376,0,0,,4500247,12.5,-2.3,26.6,26.5,0.07,23.0,71,29.7,50.4,313,Snow fall: Light,0,0,Snowy Conditions
86747,2022-02-03 08:30:00,40.638264,-74.021095,0,0,Turning Improperly,4499658,9.2,2.3,13.1,13.1,0.0,17.0,61,14.9,23.8,194,Rain: Light,0,0,