,CRASH DATETIME,LATITUDE,LONGITUDE,NUMBER OF PERSONS INJURED,NUMBER OF PERSONS KILLED,CONTRIBUTING FACTOR VEHICLE 1,COLLISION_ID,temperature_2m_max,temperature_2m_min,precipitation_sum,rain_sum,snowfall_sum,precipitation_hours,weather_code,wind_speed_10m_max,wind_gusts_10m_max,wind_direction_10m_dominant,Weather Description,Severity_Score,Total_Affected_Persons,Weather_Category
86748,2022-02-04 17:40:00,40.61652,-73.98586,1,0,Failure to Yield Right-of-Way,4500194,12.5,-2.3,26.6,26.5,0.07,23.0,71,29.7,50.4,313,Snow fall: Light,1,1,Snowy Conditions
86749,2022-02-03 18:48:00,40.723118,-74.00624,0,0,Driver Inattention/Distraction,4499940,9.2,2.3,13.1,13.1,0.0,17.0,61,14.9,23.8,194,Rain: Light,0,0,
86750,2022-02-04 08:20:00,40.81909,-73.902725,0,0,Driver Inattention/Distraction,4499841,12.5,-2.3,26.6,26.5,0.07,23.0,71,29.7,50.4,313,Snow fall: Light,0,0,Snowy Conditions
86751,2022-02-02 16:32:00,40.75164,-73.85559,0,0,Unspecified,4499491,3.8,-7.2,0.0,0.0,0.0,0.0,3,10.6,16.2,93,Overcast,0,0,
86752,2022-02-03 10:42:00,40.796005,-73.93542,1,0,Failure to Yield Right-of-Way,4499974,9.2,2.3,13.1,13.1,0.0,17.0,61,14.9,23.8,194,Rain: Light,1,1,
86753,2022-02-02 17:00:00,40.65073,-73.9719,0,0,Passing or Lane Usage Improper,4499711,3.8,-7.2,0.0,0.0,0.0,0.0,3,10.6,16.2,93,Overcast,0,0,
86754,2022-02-02 20:40:00,40.78517,-73.94332,1,0,Failure to Yield Right-of-Way,4499957,3.8,-7.2,0.0,0.0,0.0,0.0,3,10.6,16.2,93,Overcast,1,1,
86755,2022-02-04 16:20:00,40.805836,-73.94691,1,0,Failure to Yield Right-of-Way,4500462,12.5,-2.3,26.6,26.5,0.07,23.0,71,29.7,50.4,313,Snow fall: Light,1,1,Snowy Conditions
86756,2022-01-30 18:50:00,40.6931,-73.95489,0,0,Unsafe Speed,4500317,-5.4,-13.8,0.0,0.0,0.0,0.0,3,28.5,50.0,290,Overcast,0,0,
86757,2022-02-03 09:10:00,40.804134,-73.93684,1,0,Other Vehicular,4499979,9.2,2.3,13.1,13.1,0.0,17.0,61,14.9,23.8,194,Rain: Light,1,1,
86758,2022-02-03 18:41:00,40.845467,-73.92813,3,0,Following Too Closely,4499817,9.2,2.3,13.1,13.1,0.0,17.0,61,14.9,23.8,194,Rain: Light,3,3,
86759,2022-02-02 11:04:00,40.632145,-73.952736,1,0,Driver Inattention/Distraction,4499388,3.8,-7.2,0.0,0.0,0.0,0.0,3,10.6,16.2,93,Overcast,1,1,
86760,2022-02-02 13:43:00,40.759678,-73.97216,1,0,Driver Inattention/Distraction,4499604,3.8,-7.2,0.0,0.0,0.0,0.0,3,10.6,16.2,93,Overcast,1,1,
86761,2022-02-02 17:10:00,40.844746,-73.90363,2,0,Following Too Closely,4499665,3.8,-7.2,0.0,0.0,0.0,0.0,3,10.6,16.2,93,Overcast,2,2,
86762,2022-02-02 13:00:00,40.752316,-73.985954,0,0,Driver Inattention/Distraction,4499430,3.8,-7.2,0.0,0.0,0.0,0.0,3,10.6,16.2,93,Overcast,0,0,
86763,2022-02-02 13:50:00,40.769466,-73.91708,0,0,Passing Too Closely,4499535,3.8,-7.2,0.0,0.0,0.0,0.0,3,10.6,16.2,93,Overcast,0,0,
86764,2022-01-25 16:45:00,40.836708,-73.868195,0,0,Unspecified,4500017,6.3,-3.9,0.0,0.0,0.0,0.0,3,16.9,33.8,270,Overcast,0,0,
86765,2022-02-03 21:00:00,40.706684,-73.79915,1,0,Driver Inattention/Distraction,4499763,9.2,2.3,13.1,13.1,0.0,17.0,61,14.9,23.8,194,Rain: Light,1,1,
86766,2022-02-03 17:30:00,40.753925,-73.99761,1,0,Backing Unsafely,4500204,9.2,2.3,13.1,13.1,0.0,17.0,61,14.9,23.8,194,Rain: Light,1,1,
86767,2022-02-04 22:24:00,40.61859,-73.94242,0,0,Unspecified,4500036,12.5,-2.3,26.6,26.5,0.07,23.0,71,29.7,50.4,313,Snow fall: Light,0,0,Snowy Conditions
86768,2022-02-03 14:45:00,40.699448,-73.959595,0,0,Passing or Lane Usage Improper,4499788,9.2,2.3,13.1,13.1,0.0,17.0,61,14.9,23.8,194,Rain: Light,0,0,
86769,2022-02-02 13:20:00,40.681694,-73.9378,1,0,Driver Inattention/Distraction,4499719,3.8,-7.2,0.0,0.0,0.0,0.0,3,10.6,16.2,93,Overcast,1,1,
86770,2022-02-04 15:50:00,40.58657,-74.09206,0,0,Passing or Lane Usage Improper,4499905,12.5,-2.3,26.6,26.5,0.07,23.0,71,29.7,50.4,313,Snow fall: Light,0,0,Snowy Conditions
86771,2022-02-02 18:02:00,40.76817,-73.9528,1,0,Driver Inattention/Distraction,4499482,3.8,-7.2,0.0,0.0,0.0,0.0,3,10.6,16.2,93,Overcast,1,1,
86772,2022-01-28 22:45:00,40.689133,-73.951324,0,0,Passing or Lane Usage Improper,4500306,1.0,-3.1,2.4,0.0,1.68,13.0,73,18.7,31.3,251,Snow fall: Moderate,0,0,Snowy Conditions
86773,2021-01-30 22:37:00,40.823147,-73.82221,0,0,Unspecified,4499985,0.7,-9.1,0.0,0.0,0.0,0.0,0,20.8,38.2,319,Clear sky,0,0,Sunny/Clear Conditions
86774,2022-02-02 00:50:00,40.762943,-73.9974,0,0,Unspecified,4499550,3.8,-7.2,0.0,0.0,0.0,0.0,3,10.6,16.2,93,Overcast,0,0,
86775,2022-01-27 05:45:00,40.82422,-73.9409,0,0,Unspecified,4499873,-0.3,-9.6,0.0,0.0,0.0,0.0,3,18.7,37.1,184,Overcast,0,0,
86776,2022-02-03 13:55:00,40.891907,-73.834694,1,0,Failure to Yield Right-of-Way,4500392,9.2,2.3,13.1,13.1,0.0,17.0,61,14.9,23.8,194,Rain: Light,1,1,
86777,2022-02-04 11:30:00,40.64229,-73.95059,0,0,Unspecified,4500231,12.5,-2.3,26.6,26.5,0.07,23.0,71,29.7,50.4,313,Snow fall: Light,0,0,Snowy Conditions
86778,2022-02-04 17:45:00,40.711845,-73.859764,3,0,Failure to Yield Right-of-Way,4500105,12.5,-2.3,26.6,26.5,0.07,23.0,71,29.7,50.4,313,Snow fall: Light,3,3,Snowy Conditions
86779,2022-02-04 06:50:00,40.72784,-73.94105,1,0,Failure to Yield Right-of-Way,4500011,12.5,-2.3,26.6,26.5,0.07,23.0,71,29.7,50.4,313,Snow fall: Light,1,1,Snowy Conditions
86780,2022-02-04 20:20:00,40.758327,-73.96894,1,0,Unspecified,4500050,12.5,-2.3,26.6,26.5,0.07,23.0,71,29.7,50.4,313,Snow fall: Light,1,1,Snowy Conditions
86781,2022-02-02 23:00:00,40.71401,-73.85965,0,0,Pavement Slippery,4500428,3.8,-7.2,0.0,0.0,0.0,0.0,3,10.6,16.2,93,Overcast,0,0,
86782,2022-02-01 14:18:00,40.804344,-73.92158,1,0,Driver Inattention/Distraction,4500530,-0.9,-13.4,0.0,0.0,0.0,0.0,3,12.2,21.2,36,Overcast,1,1,
86783,2022-02-04 04:45:00,40.664677,-73.937546,0,0,Driver Inattention/Distraction,4500006,12.5,-2.3,26.6,26.5,0.07,23.0,71,29.7,50.4,313,Snow fall: Light,0,0,Snowy Conditions
86784,2022-02-02 12:15:00,40.71957,-73.940056,1,0,Passing or Lane Usage Improper,4499868,3.8,-7.2,0.0,0.0,0.0,0.0,3,10.6,16.2,93,Overcast,1,1,
86785,2022-02-02 06:58:00,40.599327,-73.96576,0,0,Pavement Slippery,4499827,3.8,-7.2,0.0,0.0,0.0,0.0,3,10.6,16.2,93,Overcast,0,0,
86786,2022-02-03 17:36:00,40.631935,-73.91207,0,0,Driver Inattention/Distraction,4499758,9.2,2.3,13.1,13.1,0.0,17.0,61,14.9,23.8,194,Rain: Light,0,0,
86787,2022-09-25 16:45:00,40.63044,-74.13031,1,0,Driver Inattention/Distraction,4567397,23.8,11.8,0.3,0.3,0.0,1.0,51,22.2,41.0,207,Drizzle: Light,1,1,
86788,2022-01-15 01:25:00,40.76908,-73.915215,0,0,Unspecified,4500224,-5.3,-11.1,0.0,0.0,0.0,0.0,3,22.4,46.1,345,Overcast,0,0,
86789,2022-01-31 21:50:00,40.67525,-73.97335,0,0,Passing Too Closely,4500477,-3.4,-17.1,0.0,0.0,0.0,0.0,3,12.2,18.0,23,Overcast,0,0,
86790,2022-02-04 08:39:00,40.64979,-73.905655,0,0,Passing Too Closely,4499861,12.5,-2.3,26.6,26.5,0.07,23.0,71,29.7,50.4,313,Snow fall: Light,0,0,Snowy Conditions
86791,2022-02-01 16:08:00,40.541317,-74.15228,0,0,Unspecified,4500360,-0.9,-13.4,0.0,0.0,0.0,0.0,3,12.2,21.2,36,Overcast,0,0,
86792,2022-02-01 17:41:00,40.56144,-74.15483,1,0,Unspecified,4500284,-0.9,-13.4,0.0,0.0,0.0,0.0,3,12.2,21.2,36,Overcast,1,1,
86793,2022-01-29 19:00:00,40.81959,-73.89283,0,0,Unspecified,4499953,-1.7,-12.9,17.6,0.1,12.25,19.0,75,39.7,72.7,336,Snow fall: Heavy,0,0,Snowy Conditions
86794,2022-02-02 12:55:00,40.852337,-73.92517,0,0,Driver Inattention/Distraction,4499696,3.8,-7.2,0.0,0.0,0.0,0.0,3,10.6,16.2,93,Overcast,0,0,
86795,2022-02-04 13:30:00,40.61913,-73.99019,0,0,Driver Inattention/Distraction,4499936,12.5,-2.3,26.6,26.5,0.07,23.0,71,29.7,50.4,313,Snow fall: Light,0,0,Snowy Conditions
86796,2022-02-02 14:10:00,40.739357,-73.89103,1,0,Following Too Closely,4499464,3.8,-7.2,0.0,0.0,0.0,0.0,3,10.6,16.2,93,Overcast,1,1,
86797,2022-02-04 17:55:00,40.594738,-73.95176,1,0,Driver Inattention/Distraction,4499900,12.5,-2.3,26.6,26.5,0.07,23.0,71,29.7,50.4,313,Snow fall: Light,1,1,Snowy Conditions
86798,2022-02-03 06:04:00,40.759384,-73.86691,0,0,Driver Inattention/Distraction,4499671,9.2,2.3,13.1,13.1,0.0,17.0,61,14.9,23.8,194,Rain: Light,0,0,
86799,2022-02-04 19:20:00,40.65655,-73.92284,1,0,Unspecified,4500241,12.5,-2.3,26.6,26.5,0.07,23.0,71,29.7,50.4,313,Snow fall: Light,1,1,Snowy Conditions
86800,2022-02-02 07:42:00,40.814278,-73.945274,0,0,Unspecified,4499617,3.8,-7.2,0.0,0.0,0.0,0.0,3,10.6,16.2,93,Overcast,0,0,
86801,2022-01-30 16:25:00,40.83444,-73.94187,0,0,Driver Inattention/Distraction,4500271,-5.4,-13.8,0.0,0.0,0.0,0.0,3,28.5,50.0,290,Overcast,0,0,
86802,2022-01-27 11:30:00,40.717407,-73.99908,0,0,Unspecified,4499970,-0.3,-9.6,0.0,0.0,0.0,0.0,3,18.7,37.1,184,Overcast,0,0,
86803,2022-01-15 12:33:00,40.809105,-73.9229,1,0,Driver Inattention/Distraction,4500061,-5.3,-11.1,0.0,0.0,0.0,0.0,3,22.4,46.1,345,Overcast,1,1,
86804,2022-02-02 13:25:00,40.814915,-73.905525,0,0,Passing Too Closely,4499563,3.8,-7.2,0.0,0.0,0.0,0.0,3,10.6,16.2,93,Overcast,0,0,
86805,2022-02-03 12:13:00,40.818085,-73.94169,0,0,Pavement Slippery,4499872,9.2,2.3,13.1,13.1,0.0,17.0,61,14.9,23.8,194,Rain: Light,0,0,
86806,2022-02-04 07:38:00,40.645874,-73.892845,1,0,Driver Inattention/Distraction,4500021,12.5,-2.3,26.6,26.5,0.07,23.0,71,29.7,50.4,313,Snow fall: Light,1,1,Snowy Conditions
86807,2022-02-03 00:38:00,40.706852,-73.948204,0,0,Other Vehicular,4499792,9.2,2.3,13.1,13.1,0.0,17.0,61,14.9,23.8,194,Rain: Light,0,0,
86808,2022-02-03 19:53:00,40.635506,-73.913284,1,0,Driver Inattention/Distraction,4499759,9.2,2.3,13.1,13.1,0.0,17.0,61,14.9,23.8,194,Rain: Light,1,1,
86809,2022-02-04 09:26:00,40.729774,-73.85252,1,0,Driver Inattention/Distraction,4499883,12.5,-2.3,26.6,26.5,0.07,23.0,71,29.7,50.4,313,Snow fall: Light,1,1,Snowy Conditions
86810,2022-02-02 06:05:00,40.68246,-73.830025,1,0,Failure to Yield Right-of-Way,4499504,3.8,-7.2,0.0,0.0,0.0,0.0,3,10.6,16.2,93,Overcast,1,1,
86811,2022-01-28 03:35:00,40.722523,-73.99211,0,0,Driver Inattention/Distraction,4500183,1.0,-3.1,2.4,0.0,1.68,13.0,73,18.7,31.3,251,Snow fall: Moderate,0,0,Snowy Conditions
86812,2022-02-02 19:39:00,40.60625,-73.92374,0,0,Alcohol Involvement,4499712,3.8,-7.2,0.0,0.0,0.0,0.0,3,10.6,16.2,93,Overcast,0,0,
86813,2022-01-25 00:27:00,40.63669,-73.96452,0,0,Unspecified,4500143,6.3,-3.9,0.0,0.0,0.0,0.0,3,16.9,33.8,270,Overcast,0,0,
86814,2022-02-04 13:25:00,40.884068,-73.85917,1,0,Driver Inattention/Distraction,4500403,12.5,-2.3,26.6,26.5,0.07,23.0,71,29.7,50.4,313,Snow fall: Light,1,1,Snowy Conditions
86815,2022-01-29 22:47:00,40.689453,-73.924034,0,0,Driver Inattention/Distraction,4500435,-1.7,-12.9,17.6,0.1,12.25,19.0,75,39.7,72.7,336,Snow fall: Heavy,0,0,Snowy Conditions
86816,2022-02-02 18:23:00,40.71718,-73.99548,1,0,Driver Inattention/Distraction,4500026,3.8,-7.2,0.0,0.0,0.0,0.0,3,10.6,16.2,93,Overcast,1,1,
86817,2022-01-28 17:00:00,40.67417,-73.95671,0,0,Passing Too Closely,4500344,1.0,-3.1,2.4,0.0,1.68,13.0,73,18.7,31.3,251,Snow fall: Moderate,0,0,Snowy Conditions
86818,2022-02-04 18:50:00,40.65476,-74.00724,0,0,Other Vehicular,4500117,12.5,-2.3,26.6,26.5,0.07,23.0,71,29.7,50.4,313,Snow fall: Light,0,0,Snowy Conditions
86819,2022-02-04 00:00:00,40.877106,-73.90616,0,0,Unspecified,4500043,12.5,-2.3,26.6,26.5,0.07,23.0,71,29.7,50.4,313,Snow fall: Light,0,0,Snowy Conditions
86820,2022-01-29 16:00:00,40.75148,-73.93567,0,0,Backing Unsafely,4500238,-1.7,-12.9,17.6,0.1,12.25,19.0,75,39.7,72.7,336,Snow fall: Heavy,0,0,Snowy Conditions
86821,2022-01-26 15:50:00,40.827824,-73.91934,0,0,Reaction to Uninvolved Vehicle,4500166,-3.1,-8.0,0.0,0.0,0.0,0.0,0,20.5,39.6,328,Clear sky,0,0,Sunny/Clear Conditions
86822,2022-02-02 19:10:00,40.88357,-73.854965,0,0,Unspecified,4499742,3.8,-7.2,0.0,0.0,0.0,0.0,3,10.6,16.2,93,Overcast,0,0,
86823,2022-01-31 09:40:00,40.70113,-73.96087,0,0,Passing or Lane Usage Improper,4500516,-3.4,-17.1,0.0,0.0,0.0,0.0,3,12.2,18.0,23,Overcast,0,0,
86824,2022-02-02 18:18:00,40.86135,-73.89774,2,0,Following Too Closely,4499547,3.8,-7.2,0.0,0.0,0.0,0.0,3,10.6,16.2,93,Overcast,2,2,
86825,2022-02-04 18:05:00,40.846542,-73.88561,1,0,Unsafe Speed,4500303,12.5,-2.3,26.6,26.5,0.07,23.0,71,29.7,50.4,313,Snow fall: Light,1,1,Snowy Conditions
86826,2022-02-04 20:39:00,40.77148,-73.73481,1,0,Failure to Yield Right-of-Way,4499942,12.5,-2.3,26.6,26.5,0.07,23.0,71,29.7,50.4,313,Snow fall: Light,1,1,Snowy Conditions
86827,2022-01-28 09:06:00,40.75783,-73.99125,0,0,Unsafe Lane Changing,4500355,1.0,-3.1,2.4,0.0,1.68,13.0,73,18.7,31.3,251,Snow fall: Moderate,0,0,Snowy Conditions
86828,2022-02-04 10:45:00,40.714504,-73.93623,0,0,Turning Improperly,4500487,12.5,-2.3,26.6,26.5,0.07,23.0,71,29.7,50.4,313,Snow fall: Light,0,0,Snowy Conditions
86829,2022-09-25 15:45:00,40.63158,-73.94755,1,0,Driver Inattention/Distraction,4567816,23.8,11.8,0.3,0.3,0.0,1.0,51,22.2,41.0,207,Drizzle: Light,1,1,
86830,2022-02-03 16:05:00,40.75219,-73.99347,1,0,Traffic Control Disregarded,4500365,9.2,2.3,13.1,13.1,0.0,17.0,61,14.9,23.8,194,Rain: Light,1,1,
86831,2022-01-29 10:50:00,40.6742,-73.999985,1,0,Reaction to Uninvolved Vehicle,4500007,-1.7,-12.9,17.6,0.1,12.25,19.0,75,39.7,72.7,336,Snow fall: Heavy,1,1,Snowy Conditions
86832,2022-02-02 08:33:00,40.64544,-73.999214,0,0,Unspecified,4499676,3.8,-7.2,0.0,0.0,0.0,0.0,3,10.6,16.2,93,Overcast,0,0,
86833,2022-02-02 09:42:00,40.820187,-73.890686,1,0,Unspecified,4499371,3.8,-7.2,0.0,0.0,0.0,0.0,3,10.6,16.2,93,Overcast,1,1,
86834,2022-02-03 06:57:00,40.621563,-74.16849,1,0,Driver Inattention/Distraction,4499591,9.2,2.3,13.1,13.1,0.0,17.0,61,14.9,23.8,194,Rain: Light,1,1,
86835,2022-02-04 04:50:00,40.749245,-73.999886,2,0,Unsafe Lane Changing,4500209,12.5,-2.3,26.6,26.5,0.07,23.0,71,29.7,50.4,313,Snow fall: Light,2,2,Snowy Conditions
86836,2022-02-04 18:29:00,40.66462,-73.75292,1,0,Unspecified,4499915,12.5,-2.3,26.6,26.5,0.07,23.0,71,29.7,50.4,313,Snow fall: Light,1,1,Snowy Conditions
86837,2022-01-26 18:15:00,40.71929,-73.9033,0,0,Failure to Yield Right-of-Way,4500071,-3.1,-8.0,0.0,0.0,0.0,0.0,0,20.5,39.6,328,Clear sky,0,0,Sunny/Clear Conditions
86838,2022-02-01 10:15:00,40.708645,-74.0124,0,0,Unspecified,4500265,-0.9,-13.4,0.0,0.0,0.0,0.0,3,12.2,21.2,36,Overcast,0,0,
86839,2022-02-02 08:25:00,40.84467,-73.8972,0,0,Driver Inattention/Distraction,4499596,3.8,-7.2,0.0,0.0,0.0,0.0,3,10.6,16.2,93,Overcast,0,0,
86840,2022-02-02 10:50:00,40.835445,-73.923386,1,0,Passing or Lane Usage Improper,4499497,3.8,-7.2,0.0,0.0,0.0,0.0,3,10.6,16.2,93,Overcast,1,1,
86841,2022-02-03 05:00:00,40.853542,-73.89731,0,0,Pavement Slippery,4499590,9.2,2.3,13.1,13.1,0.0,17.0,61,14.9,23.8,194,Rain: Light,0,0,
86842,2022-02-03 15:47:00,40.663834,-73.95228,0,0,Driver Inattention/Distraction,4499887,9.2,2.3,13.1,13.1,0.0,17.0,61,14.9,23.8,194,Rain: Light,0,0,
86843,2022-02-03 21:40:00,40.693874,-73.91777,2,0,Failure to Yield Right-of-Way,4499771,9.2,2.3,13.1,13.1,0.0,17.0,61,14.9,23.8,194,Rain: Light,2,2,
86844,2022-02-03 06:25:00,40.837643,-73.90334,1,0,Driver Inattention/Distraction,4499559,9.2,2.3,13.1,13.1,0.0,17.0,61,14.9,23.8,194,Rain: Light,1,1,
86845,2022-02-03 08:00:00,40.735413,-73.91835,0,0,Driver Inattention/Distraction,4499778,9.2,2.3,13.1,13.1,0.0,17.0,61,14.9,23.8,194,Rain: Light,0,0,
86846,2022-02-02 03:06:00,40.820137,-73.89029,0,0,Unspecified,4499289,3.8,-7.2,0.0,0.0,0.0,0.0,3,10.6,16.2,93,Overcast,0,0,
86847,2022-02-03 18:41:00,40.68295,-74.00635,0,0,Turning Improperly,4499805,9.2,2.3,13.1,13.1,0.0,17.0,61,14.9,23.8,194,Rain: Light,0,0,
86848,2022-01-31 06:50:00,40.851097,-73.89281,0,0,Driver Inattention/Distraction,4500324,-3.4,-17.1,0.0,0.0,0.0,0.0,3,12.2,18.0,23,Overcast,0,0,
86849,2022-02-04 15:20:00,40.75539,-73.828285,0,0,Alcohol Involvement,4500080,12.5,-2.3,26.6,26.5,0.07,23.0,71,29.7,50.4,313,Snow fall: Light,0,0,Snowy Conditions
86850,2022-02-02 12:22:00,40.751198,-73.93441,1,0,Pedestrian/Bicyclist/Other Pedestrian Error/Confusion,4499855,3.8,-7.2,0.0,0.0,0.0,0.0,3,10.6,16.2,93,Overcast,1,1,
86851,2022-02-04 17:22:00,40.82403,-73.94476,1,0,Driver Inattention/Distraction,4500150,12.5,-2.3,26.6,26.5,0.07,23.0,71,29.7,50.4,313,Snow fall: Light,1,1,Snowy Conditions
86852,2022-02-03 10:47:00,40.70166,-73.99207,0,0,Unspecified,4500369,9.2,2.3,13.1,13.1,0.0,17.0,61,14.9,23.8,194,Rain: Light,0,0,
86853,2022-02-03 22:00:00,40.80919,-73.92968,0,0,Unspecified,4499948,9.2,2.3,13.1,13.1,0.0,17.0,61,14.9,23.8,194,Rain: Light,0,0,
86854,2022-02-03 19:18:00,40.837864,-73.9114,1,0,Failure to Yield Right-of-Way,4500191,9.2,2.3,13.1,13.1,0.0,17.0,61,14.9,23.8,194,Rain: Light,1,1,
86855,2022-02-04 18:49:00,40.75806,-73.97998,1,0,Brakes Defective,4500413,12.5,-2.3,26.6,26.5,0.07,23.0,71,29.7,50.4,313,Snow fall: Light,1,1,Snowy Conditions
86856,2022-02-03 17:45:00,40.649868,-73.93409,1,0,Unspecified,4500234,9.2,2.3,13.1,13.1,0.0,17.0,61,14.9,23.8,194,Rain: Light,1,1,
86857,2022-02-02 15:13:00,40.80584,-73.96176,0,0,Failure to Yield Right-of-Way,4500383,3.8,-7.2,0.0,0.0,0.0,0.0,3,10.6,16.2,93,Overcast,0,0,
86858,2022-02-01 22:45:00,40.84321,-73.879234,0,0,Driver Inattention/Distraction,4500545,-0.9,-13.4,0.0,0.0,0.0,0.0,3,12.2,21.2,36,Overcast,0,0,
86859,2022-01-30 06:50:00,40.58369,-73.92157,0,0,Driver Inattention/Distraction,4499842,-5.4,-13.8,0.0,0.0,0.0,0.0,3,28.5,50.0,290,Overcast,0,0,
86860,2022-01-31 14:40:00,40.70387,-73.82534,0,0,Physical Disability,4499962,-3.4,-17.1,0.0,0.0,0.0,0.0,3,12.2,18.0,23,Overcast,0,0,
86861,2022-02-02 09:18:00,40.611977,-73.91273,0,0,Driver Inattention/Distraction,4500297,3.8,-7.2,0.0,0.0,0.0,0.0,3,10.6,16.2,93,Overcast,0,0,
86862,2022-02-04 07:49:00,40.7485,-73.974976,1,0,Unspecified,4499975,12.5,-2.3,26.6,26.5,0.07,23.0,71,29.7,50.4,313,Snow fall: Light,1,1,Snowy Conditions
86863,2022-01-28 17:20:00,40.759983,-73.964806,1,0,Driver Inattention/Distraction,4500087,1.0,-3.1,2.4,0.0,1.68,13.0,73,18.7,31.3,251,Snow fall: Moderate,1,1,Snowy Conditions
86864,2022-02-03 21:00:00,40.718567,-73.9834,0,0,Passing Too Closely,4499980,9.2,2.3,13.1,13.1,0.0,17.0,61,14.9,23.8,194,Rain: Light,0,0,
86865,2022-02-02 07:00:00,40.651295,-73.93983,0,0,Unspecified,4499667,3.8,-7.2,0.0,0.0,0.0,0.0,3,10.6,16.2,93,Overcast,0,0,
86866,2022-02-02 09:51:00,40.82444,-73.843,1,0,Steering Failure,4499424,3.8,-7.2,0.0,0.0,0.0,0.0,3,10.6,16.2,93,Overcast,1,1,
86867,2022-02-02 03:00:00,40.755264,-73.88817,0,0,Other Vehicular,4499431,3.8,-7.2,0.0,0.0,0.0,0.0,3,10.6,16.2,93,Overcast,0,0,
86868,2022-02-02 21:40:00,40.707226,-73.804504,1,0,Driver Inattention/Distraction,4499632,3.8,-7.2,0.0,0.0,0.0,0.0,3,10.6,16.2,93,Overcast,1,1,
86869,2022-02-04 01:46:00,40.760857,-73.961075,0,0,Passing or Lane Usage Improper,4499801,12.5,-2.3,26.6,26.5,0.07,23.0,71,29.7,50.4,313,Snow fall: Light,0,0,Snowy Conditions
86870,2022-02-02 17:55:00,40.64359,-73.90471,0,0,Unspecified,4499454,3.8,-7.2,0.0,0.0,0.0,0.0,3,10.6,16.2,93,Overcast,0,0,
86871,2022-02-03 01:15:00,40.74744,-73.885796,0,0,Following Too Closely,4499659,9.2,2.3,13.1,13.1,0.0,17.0,61,14.9,23.8,194,Rain: Light,0,0,
86872,2022-02-03 23:00:00,0.0,0.0,0,0,Traffic Control Disregarded,4499821,9.2,2.3,13.1,13.1,0.0,17.0,61,14.9,23.8,194,Rain: Light,0,0,
86873,2022-02-02 06:45:00,40.857414,-73.84662,0,0,Backing Unsafely,4499479,3.8,-7.2,0.0,0.0,0.0,0.0,3,10.6,16.2,93,Overcast,0,0,
86874,2022-02-04 16:42:00,40.692417,-73.902794,0,0,Driver Inattention/Distraction,4500217,12.5,-2.3,26.6,26.5,0.07,23.0,71,29.7,50.4,313,Snow fall: Light,0,0,Snowy Conditions
86875,2022-02-02 06:15:00,40.838333,-73.91692,0,0,Traffic Control Disregarded,4499685,3.8,-7.2,0.0,0.0,0.0,0.0,3,10.6,16.2,93,Overcast,0,0,
86876,2022-01-27 16:45:00,40.853016,-73.93539,0,0,Unspecified,4500452,-0.3,-9.6,0.0,0.0,0.0,0.0,3,18.7,37.1,184,Overcast,0,0,
86877,2022-02-04 10:05:00,40.59713,-73.93835,0,0,Turning Improperly,4499840,12.5,-2.3,26.6,26.5,0.07,23.0,71,29.7,50.4,313,Snow fall: Light,0,0,Snowy Conditions
86878,2022-02-02 12:53:00,40.70619,-74.00917,0,0,Lane Marking Improper/Inadequate,4499379,3.8,-7.2,0.0,0.0,0.0,0.0,3,10.6,16.2,93,Overcast,0,0,
86879,2022-02-01 11:18:00,40.803696,-73.93792,0,0,Driver Inattention/Distraction,4499994,-0.9,-13.4,0.0,0.0,0.0,0.0,3,12.2,21.2,36,Overcast,0,0,
86880,2022-02-02 11:25:00,40.64349,-73.99,0,0,Unspecified,4499633,3.8,-7.2,0.0,0.0,0.0,0.0,3,10.6,16.2,93,Overcast,0,0,
86881,2022-02-04 17:00:00,40.75693,-73.77902,2,0,Failure to Yield Right-of-Way,4499919,12.5,-2.3,26.6,26.5,0.07,23.0,71,29.7,50.4,313,Snow fall: Light,2,2,Snowy Conditions
86882,2022-02-04 15:20:00,40.651573,-73.94385,1,0,Unspecified,4500254,12.5,-2.3,26.6,26.5,0.07,23.0,71,29.7,50.4,313,Snow fall: Light,1,1,Snowy Conditions
86883,2022-02-04 11:30:00,40.648117,-73.931015,1,0,Traffic Control Disregarded,4500232,12.5,-2.3,26.6,26.5,0.07,23.0,71,29.7,50.4,313,Snow fall: Light,1,1,Snowy Conditions
86884,2022-01-30 17:30:00,40.825577,-73.918465,1,0,Pedestrian/Bicyclist/Other Pedestrian Error/Confusion,4500195,-5.4,-13.8,0.0,0.0,0.0,0.0,3,28.5,50.0,290,Overcast,1,1,
86885,2022-02-03 10:40:00,40.711033,-73.7281,0,0,Driver Inattention/Distraction,4499679,9.2,2.3,13.1,13.1,0.0,17.0,61,14.9,23.8,194,Rain: Light,0,0,
86886,2022-02-02 19:25:00,40.87656,-73.90436,0,0,Following Too Closely,4499973,3.8,-7.2,0.0,0.0,0.0,0.0,3,10.6,16.2,93,Overcast,0,0,