,CRASH DATETIME,LATITUDE,LONGITUDE,NUMBER OF PERSONS INJURED,NUMBER OF PERSONS KILLED,CONTRIBUTING FACTOR VEHICLE 1,COLLISION_ID,temperature_2m_max,temperature_2m_min,precipitation_sum,rain_sum,snowfall_sum,precipitation_hours,weather_code,wind_speed_10m_max,wind_gusts_10m_max,wind_direction_10m_dominant,Weather Description,Severity_Score,Total_Affected_Persons,Weather_Category
86887,2022-01-28 18:53:00,40.664192,-73.841125,1,0,Turning Improperly,4500471,1.0,-3.1,2.4,0.0,1.68,13.0,73,18.7,31.3,251,Snow fall: Moderate,1,1,Snowy Conditions
86888,2022-02-03 11:30:00,40.74339,-73.98615,0,0,Unsafe Lane Changing,4499699,9.2,2.3,13.1,13.1,0.0,17.0,61,14.9,23.8,194,Rain: Light,0,0,
86889,2022-02-03 18:05:00,40.820984,-73.891624,0,0,Unspecified,4499952,9.2,2.3,13.1,13.1,0.0,17.0,61,14.9,23.8,194,Rain: Light,0,0,
86890,2022-02-02 08:22:00,40.69608,-73.9694,0,0,Passing or Lane Usage Improper,4499389,3.8,-7.2,0.0,0.0,0.0,0.0,3,10.6,16.2,93,Overcast,0,0,
86891,2022-02-02 17:10:00,40.7179,-73.83202,0,0,Following Too Closely,4499453,3.8,-7.2,0.0,0.0,0.0,0.0,3,10.6,16.2,93,Overcast,0,0,
86892,2022-02-02 16:25:00,40.67693,-74.00211,0,0,Following Too Closely,4499829,3.8,-7.2,0.0,0.0,0.0,0.0,3,10.6,16.2,93,Overcast,0,0,
86893,2022-02-04 22:22:00,40.699265,-73.91482,1,0,Driver Inattention/Distraction,4500221,12.5,-2.3,26.6,26.5,0.07,23.0,71,29.7,50.4,313,Snow fall: Light,1,1,Snowy Conditions
86894,2022-02-03 09:43:00,40.660004,-73.91529,0,0,Unspecified,4500532,9.2,2.3,13.1,13.1,0.0,17.0,61,14.9,23.8,194,Rain: Light,0,0,
86895,2022-02-03 15:55:00,40.636,-73.93741,1,0,Passing or Lane Usage Improper,4500225,9.2,2.3,13.1,13.1,0.0,17.0,61,14.9,23.8,194,Rain: Light,1,1,
86896,2022-02-03 18:35:00,40.740257,-73.86532,0,0,Traffic Control Disregarded,4499834,9.2,2.3,13.1,13.1,0.0,17.0,61,14.9,23.8,194,Rain: Light,0,0,
86897,2022-02-02 21:08:00,40.731598,-73.75799,1,0,Driver Inattention/Distraction,4499470,3.8,-7.2,0.0,0.0,0.0,0.0,3,10.6,16.2,93,Overcast,1,1,
86898,2022-02-03 01:25:00,40.722843,-73.95542,0,0,Steering Failure,4499576,9.2,2.3,13.1,13.1,0.0,17.0,61,14.9,23.8,194,Rain: Light,0,0,
86899,2022-02-03 20:42:00,40.59592,-73.941025,0,0,Backing Unsafely,4499823,9.2,2.3,13.1,13.1,0.0,17.0,61,14.9,23.8,194,Rain: Light,0,0,
86900,2022-02-03 18:13:00,40.629166,-73.947334,1,0,Driver Inattention/Distraction,4499732,9.2,2.3,13.1,13.1,0.0,17.0,61,14.9,23.8,194,Rain: Light,1,1,
86901,2022-02-04 17:35:00,40.647243,-73.96048,1,0,Drugs (illegal),4500155,12.5,-2.3,26.6,26.5,0.07,23.0,71,29.7,50.4,313,Snow fall: Light,1,1,Snowy Conditions
86902,2022-02-02 13:30:00,40.69894,-73.83717,1,0,Failure to Yield Right-of-Way,4499402,3.8,-7.2,0.0,0.0,0.0,0.0,3,10.6,16.2,93,Overcast,1,1,
86903,2022-02-02 17:00:00,40.68699,-73.8529,0,0,Backing Unsafely,4499963,3.8,-7.2,0.0,0.0,0.0,0.0,3,10.6,16.2,93,Overcast,0,0,
86904,2022-01-29 12:29:00,40.678177,-73.94469,0,0,Unspecified,4500343,-1.7,-12.9,17.6,0.1,12.25,19.0,75,39.7,72.7,336,Snow fall: Heavy,0,0,Snowy Conditions
86905,2022-02-02 19:35:00,40.817795,-73.89319,0,0,Unspecified,4499493,3.8,-7.2,0.0,0.0,0.0,0.0,3,10.6,16.2,93,Overcast,0,0,
86906,2022-02-03 18:02:00,40.612175,-73.99397,1,0,Failure to Yield Right-of-Way,4499939,9.2,2.3,13.1,13.1,0.0,17.0,61,14.9,23.8,194,Rain: Light,1,1,
86907,2023-01-16 12:34:00,40.6779,-73.892586,1,0,,4598226,8.0,-2.7,0.0,0.0,0.0,0.0,2,23.4,41.4,339,Partly cloudy,1,1,
86908,2021-07-09 17:25:00,40.672527,-73.95026,1,0,Following Too Closely,4436292,29.8,22.0,35.0,35.0,0.0,14.0,63,31.0,55.8,341,Rain: Moderate,1,1,
86909,2021-07-31 22:30:00,40.592674,-73.79909,3,0,Turning Improperly,4443740,25.6,14.5,0.0,0.0,0.0,0.0,2,16.8,33.8,304,Partly cloudy,3,3,
86910,2021-08-12 15:00:00,40.69231,-73.88147,1,0,Following Too Closely,4446459,35.2,23.1,0.0,0.0,0.0,0.0,3,21.0,47.5,220,Overcast,1,1,
86911,2021-08-23 08:30:00,40.650227,-73.92827,1,0,Driver Inattention/Distraction,4450869,28.7,22.0,36.1,36.1,0.0,19.0,65,27.4,49.3,230,Rain: Heavy,1,1,
86912,2022-02-02 09:00:00,40.820972,-73.892845,0,0,Failure to Yield Right-of-Way,4499370,3.8,-7.2,0.0,0.0,0.0,0.0,3,10.6,16.2,93,Overcast,0,0,
86913,2022-02-02 07:00:00,40.799297,-73.94113,0,0,Unspecified,4499995,3.8,-7.2,0.0,0.0,0.0,0.0,3,10.6,16.2,93,Overcast,0,0,
86914,2022-02-01 08:15:00,40.812126,-73.90419,0,0,Unspecified,4499926,-0.9,-13.4,0.0,0.0,0.0,0.0,3,12.2,21.2,36,Overcast,0,0,
86915,2021-09-04 14:30:00,40.667114,-73.834656,2,0,Failure to Yield Right-of-Way,4454171,25.2,14.5,0.0,0.0,0.0,0.0,3,15.4,27.0,289,Overcast,2,2,
86916,2021-09-01 16:35:00,40.75702,-73.83868,2,0,Reaction to Uninvolved Vehicle,4455406,23.2,18.4,121.7,121.7,0.0,18.0,65,43.2,78.5,42,Rain: Heavy,2,2,
86917,2021-09-07 17:53:00,40.704308,-73.91924,1,0,Driver Inattention/Distraction,4455807,25.9,15.2,0.0,0.0,0.0,0.0,1,12.5,25.6,259,Mainly clear,1,1,Sunny/Clear Conditions
86918,2021-09-10 22:00:00,40.671474,-73.93088,0,0,Driver Inattention/Distraction,4456238,22.9,16.0,0.0,0.0,0.0,0.0,3,24.2,47.2,314,Overcast,0,0,
86919,2021-09-08 13:25:00,40.752316,-73.8324,1,0,Following Too Closely,4455096,26.4,19.6,0.7,0.7,0.0,6.0,51,26.7,55.8,187,Drizzle: Light,1,1,
86920,2021-09-10 09:48:00,40.635494,-74.00957,1,0,Unspecified,4456067,22.9,16.0,0.0,0.0,0.0,0.0,3,24.2,47.2,314,Overcast,1,1,
86921,2021-09-03 22:45:00,40.69811,-73.91713,1,0,Failure to Yield Right-of-Way,4455791,21.9,14.0,0.0,0.0,0.0,0.0,3,14.5,30.2,321,Overcast,1,1,
86922,2021-09-08 23:19:00,40.816044,-73.91195,3,0,Traffic Control Disregarded,4455523,26.4,19.6,0.7,0.7,0.0,6.0,51,26.7,55.8,187,Drizzle: Light,3,3,
86923,2021-09-08 12:53:00,40.690838,-73.822876,0,0,Driver Inattention/Distraction,4455189,26.4,19.6,0.7,0.7,0.0,6.0,51,26.7,55.8,187,Drizzle: Light,0,0,
86924,2021-09-07 00:00:00,40.664413,-73.901634,0,0,Unspecified,4455996,25.9,15.2,0.0,0.0,0.0,0.0,1,12.5,25.6,259,Mainly clear,0,0,Sunny/Clear Conditions
86925,2021-09-09 00:33:00,40.674133,-73.85826,0,0,Unsafe Speed,4455144,22.4,19.8,18.4,18.4,0.0,15.0,63,17.5,39.2,271,Rain: Moderate,0,0,
86926,2021-09-09 09:50:00,40.7712,-73.83345,2,0,Passing or Lane Usage Improper,4455637,22.4,19.8,18.4,18.4,0.0,15.0,63,17.5,39.2,271,Rain: Moderate,2,2,
86927,2021-09-08 16:23:00,40.851185,-73.921425,1,0,Failure to Keep Right,4455500,26.4,19.6,0.7,0.7,0.0,6.0,51,26.7,55.8,187,Drizzle: Light,1,1,
86928,2021-09-07 22:10:00,40.68431,-73.95411,0,0,Driver Inattention/Distraction,4456153,25.9,15.2,0.0,0.0,0.0,0.0,1,12.5,25.6,259,Mainly clear,0,0,Sunny/Clear Conditions
86929,2021-08-30 14:59:00,40.670116,-73.92248,2,0,Driver Inattention/Distraction,4456271,28.7,21.7,3.9,3.9,0.0,7.0,63,14.7,33.8,231,Rain: Moderate,2,2,
86930,2021-09-09 12:36:00,40.7847,-73.83854,0,0,Driver Inattention/Distraction,4455484,22.4,19.8,18.4,18.4,0.0,15.0,63,17.5,39.2,271,Rain: Moderate,0,0,
86931,2021-09-03 14:53:00,40.684513,-73.909386,1,0,Following Too Closely,4455790,21.9,14.0,0.0,0.0,0.0,0.0,3,14.5,30.2,321,Overcast,1,1,
86932,2021-09-08 06:06:00,40.729305,-73.910385,0,0,Oversized Vehicle,4455371,26.4,19.6,0.7,0.7,0.0,6.0,51,26.7,55.8,187,Drizzle: Light,0,0,
86933,2021-09-07 00:40:00,40.672516,-73.93356,0,0,Driver Inattention/Distraction,4456239,25.9,15.2,0.0,0.0,0.0,0.0,1,12.5,25.6,259,Mainly clear,0,0,Sunny/Clear Conditions
86934,2021-09-07 00:35:00,40.67132,-73.9281,0,0,Unsafe Speed,4455676,25.9,15.2,0.0,0.0,0.0,0.0,1,12.5,25.6,259,Mainly clear,0,0,Sunny/Clear Conditions
86935,2021-09-10 16:40:00,40.87016,-73.89099,1,0,Failure to Yield Right-of-Way,4456403,22.9,16.0,0.0,0.0,0.0,0.0,3,24.2,47.2,314,Overcast,1,1,
86936,2021-09-10 13:39:00,40.633106,-74.01206,0,0,Passing Too Closely,4455626,22.9,16.0,0.0,0.0,0.0,0.0,3,24.2,47.2,314,Overcast,0,0,
86937,2021-09-09 14:30:00,40.599174,-73.95335,0,0,Unspecified,4455346,22.4,19.8,18.4,18.4,0.0,15.0,63,17.5,39.2,271,Rain: Moderate,0,0,
86938,2021-09-08 00:10:00,40.719933,-73.97876,0,0,Following Too Closely,4454816,26.4,19.6,0.7,0.7,0.0,6.0,51,26.7,55.8,187,Drizzle: Light,0,0,
86939,2021-09-10 12:00:00,40.827423,-73.836754,1,0,Following Too Closely,4456016,22.9,16.0,0.0,0.0,0.0,0.0,3,24.2,47.2,314,Overcast,1,1,
86940,2021-09-09 19:49:00,40.817387,-73.92277,1,0,Unspecified,4455713,22.4,19.8,18.4,18.4,0.0,15.0,63,17.5,39.2,271,Rain: Moderate,1,1,
86941,2021-09-03 11:00:00,40.647564,-73.92024,0,0,Driverless/Runaway Vehicle,4455836,21.9,14.0,0.0,0.0,0.0,0.0,3,14.5,30.2,321,Overcast,0,0,
86942,2021-09-08 04:00:00,40.64166,-74.01392,0,0,Alcohol Involvement,4455128,26.4,19.6,0.7,0.7,0.0,6.0,51,26.7,55.8,187,Drizzle: Light,0,0,
86943,2022-01-27 17:45:00,40.66399,-73.92988,1,0,Other Vehicular,4500216,-0.3,-9.6,0.0,0.0,0.0,0.0,3,18.7,37.1,184,Overcast,1,1,
86944,2021-09-10 08:55:00,40.757442,-73.86747,2,0,Driver Inattention/Distraction,4455566,22.9,16.0,0.0,0.0,0.0,0.0,3,24.2,47.2,314,Overcast,2,2,
86945,2021-09-09 21:34:00,40.81358,-73.9396,1,0,Unspecified,4456439,22.4,19.8,18.4,18.4,0.0,15.0,63,17.5,39.2,271,Rain: Moderate,1,1,
86946,2021-09-08 08:00:00,40.856606,-73.88445,0,0,Backing Unsafely,4455248,26.4,19.6,0.7,0.7,0.0,6.0,51,26.7,55.8,187,Drizzle: Light,0,0,
86947,2021-09-10 18:58:00,40.74641,-73.78023,1,0,Following Too Closely,4455681,22.9,16.0,0.0,0.0,0.0,0.0,3,24.2,47.2,314,Overcast,1,1,
86948,2021-09-10 17:30:00,40.726814,-73.83846,1,0,Following Too Closely,4455740,22.9,16.0,0.0,0.0,0.0,0.0,3,24.2,47.2,314,Overcast,1,1,
86949,2021-09-08 17:00:00,40.606903,-73.99892,0,0,Other Vehicular,4455998,26.4,19.6,0.7,0.7,0.0,6.0,51,26.7,55.8,187,Drizzle: Light,0,0,
86950,2021-09-08 14:24:00,40.788486,-73.94363,1,0,Passing or Lane Usage Improper,4455162,26.4,19.6,0.7,0.7,0.0,6.0,51,26.7,55.8,187,Drizzle: Light,1,1,
86951,2021-09-10 14:00:00,40.653744,-73.91848,0,0,Unspecified,4455862,22.9,16.0,0.0,0.0,0.0,0.0,3,24.2,47.2,314,Overcast,0,0,
86952,2021-09-10 19:00:00,40.85154,-73.918335,0,0,Passing Too Closely,4455926,22.9,16.0,0.0,0.0,0.0,0.0,3,24.2,47.2,314,Overcast,0,0,
86953,2021-09-09 08:44:00,40.904552,-73.847824,0,0,Unsafe Speed,4455325,22.4,19.8,18.4,18.4,0.0,15.0,63,17.5,39.2,271,Rain: Moderate,0,0,
86954,2021-09-09 16:10:00,40.623325,-74.003296,0,0,Passing Too Closely,4455414,22.4,19.8,18.4,18.4,0.0,15.0,63,17.5,39.2,271,Rain: Moderate,0,0,
86955,2021-09-10 09:45:00,40.898018,-73.845634,1,0,Driver Inattention/Distraction,4456482,22.9,16.0,0.0,0.0,0.0,0.0,3,24.2,47.2,314,Overcast,1,1,
86956,2021-09-09 17:25:00,40.659252,-73.988434,2,0,Driver Inattention/Distraction,4455454,22.4,19.8,18.4,18.4,0.0,15.0,63,17.5,39.2,271,Rain: Moderate,2,2,
86957,2021-09-10 07:00:00,40.619198,-73.9228,0,0,Unspecified,4455952,22.9,16.0,0.0,0.0,0.0,0.0,3,24.2,47.2,314,Overcast,0,0,
86958,2021-09-08 07:00:00,40.7242,-73.93765,1,0,Failure to Yield Right-of-Way,4454891,26.4,19.6,0.7,0.7,0.0,6.0,51,26.7,55.8,187,Drizzle: Light,1,1,
86959,2021-09-01 01:25:00,40.70832,-73.90144,1,0,Driver Inexperience,4456213,23.2,18.4,121.7,121.7,0.0,18.0,65,43.2,78.5,42,Rain: Heavy,1,1,
86960,2021-08-29 16:40:00,40.629414,-74.137856,0,0,Driver Inattention/Distraction,4455607,24.5,19.7,2.5,2.5,0.0,9.0,53,13.6,25.6,98,Drizzle: Moderate,0,0,
86961,2021-09-08 22:30:00,40.75916,-73.859116,1,0,Driver Inattention/Distraction,4455369,26.4,19.6,0.7,0.7,0.0,6.0,51,26.7,55.8,187,Drizzle: Light,1,1,
86962,2021-09-03 15:26:00,40.76311,-73.962524,0,0,Driver Inattention/Distraction,4455537,21.9,14.0,0.0,0.0,0.0,0.0,3,14.5,30.2,321,Overcast,0,0,
86963,2021-08-31 13:15:00,40.713985,-73.73812,2,0,Unspecified,4456218,28.5,21.2,0.0,0.0,0.0,0.0,3,15.5,29.9,301,Overcast,2,2,
86964,2021-09-10 10:19:00,40.859608,-73.90778,0,0,Driver Inattention/Distraction,4455598,22.9,16.0,0.0,0.0,0.0,0.0,3,24.2,47.2,314,Overcast,0,0,
86965,2021-09-10 14:00:00,40.699455,-73.9397,0,0,Driver Inattention/Distraction,4455818,22.9,16.0,0.0,0.0,0.0,0.0,3,24.2,47.2,314,Overcast,0,0,
86966,2021-09-06 22:50:00,40.670277,-73.92542,0,0,Passing or Lane Usage Improper,4455669,26.9,18.4,0.0,0.0,0.0,0.0,3,19.6,37.8,273,Overcast,0,0,
86967,2021-09-09 16:00:00,40.65399,-73.96416,0,0,Unspecified,4455775,22.4,19.8,18.4,18.4,0.0,15.0,63,17.5,39.2,271,Rain: Moderate,0,0,
86968,2021-08-13 20:00:00,40.701588,-73.7544,1,0,Traffic Control Disregarded,4455852,33.2,24.8,0.0,0.0,0.0,0.0,3,18.2,34.9,215,Overcast,1,1,
86969,2021-09-09 00:36:00,40.863327,-73.89921,0,0,Failure to Yield Right-of-Way,4455293,22.4,19.8,18.4,18.4,0.0,15.0,63,17.5,39.2,271,Rain: Moderate,0,0,
86970,2021-09-09 12:38:00,40.687016,-73.77487,0,0,Reaction to Uninvolved Vehicle,4455756,22.4,19.8,18.4,18.4,0.0,15.0,63,17.5,39.2,271,Rain: Moderate,0,0,
86971,2021-08-27 04:52:00,40.882664,-73.89644,1,0,Unspecified,4456174,32.2,23.4,1.4,1.4,0.0,2.0,55,9.4,22.3,299,Drizzle: Dense,1,1,
86972,2021-09-08 06:15:00,40.825687,-73.86102,1,0,Unspecified,4454915,26.4,19.6,0.7,0.7,0.0,6.0,51,26.7,55.8,187,Drizzle: Light,1,1,
86973,2021-09-10 08:10:00,40.654976,-73.936554,1,0,Driver Inexperience,4455543,22.9,16.0,0.0,0.0,0.0,0.0,3,24.2,47.2,314,Overcast,1,1,
86974,2021-09-08 17:45:00,40.65362,-73.93352,0,0,Unspecified,4455542,26.4,19.6,0.7,0.7,0.0,6.0,51,26.7,55.8,187,Drizzle: Light,0,0,
86975,2021-09-08 13:55:00,40.874737,-73.855255,0,0,Driver Inexperience,4455072,26.4,19.6,0.7,0.7,0.0,6.0,51,26.7,55.8,187,Drizzle: Light,0,0,
86976,2021-09-10 14:57:00,40.74198,-73.82475,1,0,Following Too Closely,4455691,22.9,16.0,0.0,0.0,0.0,0.0,3,24.2,47.2,314,Overcast,1,1,
86977,2021-09-10 16:15:00,40.8133,-73.930405,0,0,Unspecified,4455708,22.9,16.0,0.0,0.0,0.0,0.0,3,24.2,47.2,314,Overcast,0,0,
86978,2021-09-03 11:44:00,40.671535,-73.957664,0,0,Passing Too Closely,4455658,21.9,14.0,0.0,0.0,0.0,0.0,3,14.5,30.2,321,Overcast,0,0,
86979,2021-09-10 23:30:00,40.646294,-74.019844,1,0,Driver Inattention/Distraction,4456054,22.9,16.0,0.0,0.0,0.0,0.0,3,24.2,47.2,314,Overcast,1,1,
86980,2021-09-01 18:12:00,40.777412,-73.978806,1,0,Pedestrian/Bicyclist/Other Pedestrian Error/Confusion,4455900,23.2,18.4,121.7,121.7,0.0,18.0,65,43.2,78.5,42,Rain: Heavy,1,1,
86981,2021-09-05 06:00:00,40.671474,-73.93088,0,0,Driver Inattention/Distraction,4455630,24.5,16.9,1.0,1.0,0.0,6.0,51,15.5,42.5,204,Drizzle: Light,0,0,
86982,2021-09-10 22:00:00,40.754326,-73.980286,0,0,Unspecified,4456081,22.9,16.0,0.0,0.0,0.0,0.0,3,24.2,47.2,314,Overcast,0,0,
86983,2021-08-31 14:57:00,40.813095,-73.89827,1,0,Driver Inattention/Distraction,4455880,28.5,21.2,0.0,0.0,0.0,0.0,3,15.5,29.9,301,Overcast,1,1,
86984,2021-09-10 10:06:00,40.84171,-73.898674,0,0,Unspecified,4455966,22.9,16.0,0.0,0.0,0.0,0.0,3,24.2,47.2,314,Overcast,0,0,
86985,2021-09-07 21:46:00,40.67811,-73.89762,0,0,Unspecified,4456275,25.9,15.2,0.0,0.0,0.0,0.0,1,12.5,25.6,259,Mainly clear,0,0,Sunny/Clear Conditions
86986,2021-09-10 00:00:00,40.759457,-73.88608,1,0,Backing Unsafely,4456336,22.9,16.0,0.0,0.0,0.0,0.0,3,24.2,47.2,314,Overcast,1,1,
86987,2021-09-09 08:30:00,40.843906,-73.92413,1,0,Turning Improperly,4455492,22.4,19.8,18.4,18.4,0.0,15.0,63,17.5,39.2,271,Rain: Moderate,1,1,
86988,2021-09-10 14:30:00,40.657406,-73.74507,1,0,Driver Inattention/Distraction,4455696,22.9,16.0,0.0,0.0,0.0,0.0,3,24.2,47.2,314,Overcast,1,1,
86989,2021-09-08 11:39:00,40.691666,-73.76239,0,0,Following Too Closely,4455214,26.4,19.6,0.7,0.7,0.0,6.0,51,26.7,55.8,187,Drizzle: Light,0,0,
86990,2021-09-06 20:15:00,40.67624,-73.866104,0,0,Unspecified,4456303,26.9,18.4,0.0,0.0,0.0,0.0,3,19.6,37.8,273,Overcast,0,0,
86991,2021-09-10 23:30:00,40.70949,-74.01025,0,0,Following Too Closely,4455843,22.9,16.0,0.0,0.0,0.0,0.0,3,24.2,47.2,314,Overcast,0,0,
86992,2021-09-08 13:40:00,40.8673,-73.87047,1,0,Lost Consciousness,4455252,26.4,19.6,0.7,0.7,0.0,6.0,51,26.7,55.8,187,Drizzle: Light,1,1,
86993,2021-09-08 20:00:00,40.843174,-73.91196,1,0,Unspecified,4455562,26.4,19.6,0.7,0.7,0.0,6.0,51,26.7,55.8,187,Drizzle: Light,1,1,
86994,2021-08-14 19:38:00,40.67058,-73.93096,1,0,Driver Inattention/Distraction,4456244,31.3,24.2,2.5,2.5,0.0,5.0,55,16.9,32.8,286,Drizzle: Dense,1,1,
86995,2021-09-08 12:35:00,40.657066,-73.8895,0,0,Driver Inattention/Distraction,4455269,26.4,19.6,0.7,0.7,0.0,6.0,51,26.7,55.8,187,Drizzle: Light,0,0,
86996,2021-09-10 17:10:00,40.757183,-73.98966,0,0,Passing Too Closely,4456491,22.9,16.0,0.0,0.0,0.0,0.0,3,24.2,47.2,314,Overcast,0,0,
86997,2021-09-08 13:20:00,40.753284,-73.90691,0,0,Driver Inattention/Distraction,4455049,26.4,19.6,0.7,0.7,0.0,6.0,51,26.7,55.8,187,Drizzle: Light,0,0,
86998,2021-09-05 01:32:00,40.724606,-73.985695,1,0,Other Vehicular,4456024,24.5,16.9,1.0,1.0,0.0,6.0,51,15.5,42.5,204,Drizzle: Light,1,1,
86999,2021-09-02 12:45:00,40.77622,-73.97596,1,0,Pedestrian/Bicyclist/Other Pedestrian Error/Confusion,4455892,24.5,15.0,24.6,24.6,0.0,5.0,65,43.0,83.5,344,Rain: Heavy,1,1,
87000,2021-09-07 23:50:00,40.858273,-73.93182,0,0,Driver Inattention/Distraction,4456147,25.9,15.2,0.0,0.0,0.0,0.0,1,12.5,25.6,259,Mainly clear,0,0,Sunny/Clear Conditions
87001,2021-09-08 15:10:00,40.80275,-73.93358,1,0,Driver Inattention/Distraction,4455575,26.4,19.6,0.7,0.7,0.0,6.0,51,26.7,55.8,187,Drizzle: Light,1,1,
87002,2021-09-08 09:00:00,40.67165,-73.906364,0,0,Driver Inattention/Distraction,4455003,26.4,19.6,0.7,0.7,0.0,6.0,51,26.7,55.8,187,Drizzle: Light,0,0,
87003,2021-08-23 17:00:00,40.755207,-73.903275,0,0,Driver Inexperience,4456433,28.7,22.0,36.1,36.1,0.0,19.0,65,27.4,49.3,230,Rain: Heavy,0,0,
87004,2021-09-10 03:49:00,40.881306,-73.90009,0,0,Unspecified,4456228,22.9,16.0,0.0,0.0,0.0,0.0,3,24.2,47.2,314,Overcast,0,0,
87005,2021-09-09 17:53:00,40.754486,-73.97341,0,0,Driver Inexperience,4455447,22.4,19.8,18.4,18.4,0.0,15.0,63,17.5,39.2,271,Rain: Moderate,0,0,
87006,2021-09-09 13:20:00,40.70518,-73.942856,1,0,Backing Unsafely,4455468,22.4,19.8,18.4,18.4,0.0,15.0,63,17.5,39.2,271,Rain: Moderate,1,1,
87007,2021-09-10 20:35:00,40.70725,-73.958466,2,0,Driver Inattention/Distraction,4455723,22.9,16.0,0.0,0.0,0.0,0.0,3,24.2,47.2,314,Overcast,2,2,
87008,2021-08-18 11:10:00,40.684937,-73.91014,0,0,Passing or Lane Usage Improper,4455594,27.0,21.1,1.5,1.5,0.0,5.0,53,24.7,46.8,150,Drizzle: Moderate,0,0,
87009,2021-09-08 14:05:00,40.70495,-74.01156,1,0,Driver Inattention/Distraction,4455033,26.4,19.6,0.7,0.7,0.0,6.0,51,26.7,55.8,187,Drizzle: Light,1,1,
87010,2021-09-08 07:50:00,40.645164,-73.898346,2,0,View Obstructed/Limited,4455006,26.4,19.6,0.7,0.7,0.0,6.0,51,26.7,55.8,187,Drizzle: Light,2,2,
87011,2021-09-09 11:30:00,40.745033,-73.97445,0,0,Driver Inattention/Distraction,4455392,22.4,19.8,18.4,18.4,0.0,15.0,63,17.5,39.2,271,Rain: Moderate,0,0,
87012,2021-09-08 09:50:00,40.877476,-73.83661,1,0,Traffic Control Disregarded,4455066,26.4,19.6,0.7,0.7,0.0,6.0,51,26.7,55.8,187,Drizzle: Light,1,1,
87013,2021-09-01 15:45:00,40.79676,-73.9451,0,0,Failure to Yield Right-of-Way,4455915,23.2,18.4,121.7,121.7,0.0,18.0,65,43.2,78.5,42,Rain: Heavy,0,0,
87014,2021-09-08 12:25:00,40.698536,-73.91788,2,0,Tinted Windows,4454980,26.4,19.6,0.7,0.7,0.0,6.0,51,26.7,55.8,187,Drizzle: Light,2,2,
87015,2021-09-10 17:05:00,40.654316,-73.922165,0,0,Failure to Yield Right-of-Way,4455728,22.9,16.0,0.0,0.0,0.0,0.0,3,24.2,47.2,314,Overcast,0,0,
87016,2021-09-08 12:30:00,40.673798,-73.73179,1,0,Unspecified,4455265,26.4,19.6,0.7,0.7,0.0,6.0,51,26.7,55.8,187,Drizzle: Light,1,1,
87017,2021-09-10 07:45:00,40.721485,-73.86658,1,0,Glare,4455906,22.9,16.0,0.0,0.0,0.0,0.0,3,24.2,47.2,314,Overcast,1,1,
87018,2021-09-07 07:50:00,40.722496,-73.9769,1,0,Pedestrian/Bicyclist/Other Pedestrian Error/Confusion,4456028,25.9,15.2,0.0,0.0,0.0,0.0,1,12.5,25.6,259,Mainly clear,1,1,Sunny/Clear Conditions
87019,2021-09-09 19:51:00,40.667084,-73.78698,1,0,Unsafe Speed,4455530,22.4,19.8,18.4,18.4,0.0,15.0,63,17.5,39.2,271,Rain: Moderate,1,1,
87020,2021-09-08 17:00:00,40.708927,-73.77733,0,0,Driver Inattention/Distraction,4455662,26.4,19.6,0.7,0.7,0.0,6.0,51,26.7,55.8,187,Drizzle: Light,0,0,
87021,2021-09-09 02:07:00,40.71401,-73.85965,0,0,Driver Inattention/Distraction,4455154,22.4,19.8,18.4,18.4,0.0,15.0,63,17.5,39.2,271,Rain: Moderate,0,0,
87022,2021-09-10 20:55:00,40.684742,-73.97923,1,0,Passing or Lane Usage Improper,4455745,22.9,16.0,0.0,0.0,0.0,0.0,3,24.2,47.2,314,Overcast,1,1,
87023,2021-09-10 13:00:00,40.647976,-73.959564,0,0,Unspecified,4455780,22.9,16.0,0.0,0.0,0.0,0.0,3,24.2,47.2,314,Overcast,0,0,
87024,2021-09-10 12:40:00,40.691406,-73.81273,1,0,Failure to Yield Right-of-Way,4456142,22.9,16.0,0.0,0.0,0.0,0.0,3,24.2,47.2,314,Overcast,1,1,
87025,2021-09-09 00:00:00,40.64962,-73.874306,0,0,Unspecified,4456280,22.4,19.8,18.4,18.4,0.0,15.0,63,17.5,39.2,271,Rain: Moderate,0,0,
87026,2021-09-08 17:00:00,40.82098,-73.89388,1,0,Unspecified,4455885,26.4,19.6,0.7,0.7,0.0,6.0,51,26.7,55.8,187,Drizzle: Light,1,1,
87027,2021-09-10 00:00:00,40.74059,-73.989395,1,0,Unspecified,4455977,22.9,16.0,0.0,0.0,0.0,0.0,3,24.2,47.2,314,Overcast,1,1,
87028,2021-09-09 18:40:00,40.75619,-73.99057,0,0,Unspecified,4456060,22.4,19.8,18.4,18.4,0.0,15.0,63,17.5,39.2,271,Rain: Moderate,0,0,
87029,2021-09-08 07:40:00,40.603,-73.74787,0,0,Other Vehicular,4455173,26.4,19.6,0.7,0.7,0.0,6.0,51,26.7,55.8,187,Drizzle: Light,0,0,
87030,2021-09-08 19:09:00,40.8351,-73.919464,0,0,Passing Too Closely,4455496,26.4,19.6,0.7,0.7,0.0,6.0,51,26.7,55.8,187,Drizzle: Light,0,0,