,CRASH DATETIME,LATITUDE,LONGITUDE,NUMBER OF PERSONS INJURED,NUMBER OF PERSONS KILLED,CONTRIBUTING FACTOR VEHICLE 1,COLLISION_ID,temperature_2m_max,temperature_2m_min,precipitation_sum,rain_sum,snowfall_sum,precipitation_hours,weather_code,wind_speed_10m_max,wind_gusts_10m_max,wind_direction_10m_dominant,Weather Description,Severity_Score,Total_Affected_Persons,Weather_Category
87031,2021-09-10 07:45:00,40.66933,-73.8738,0,0,Driver Inexperience,4456307,22.9,16.0,0.0,0.0,0.0,0.0,3,24.2,47.2,314,Overcast,0,0,
87032,2022-02-04 08:25:00,40.753677,-73.914474,1,0,Drugs (illegal),4499857,12.5,-2.3,26.6,26.5,0.07,23.0,71,29.7,50.4,313,Snow fall: Light,1,1,Snowy Conditions
87033,2021-09-08 15:30:00,40.67695,-74.00181,1,0,Unspecified,4455286,26.4,19.6,0.7,0.7,0.0,6.0,51,26.7,55.8,187,Drizzle: Light,1,1,
87034,2021-09-04 02:00:00,40.720707,-73.81601,0,0,Driver Inattention/Distraction,4455700,25.2,14.5,0.0,0.0,0.0,0.0,3,15.4,27.0,289,Overcast,0,0,
87035,2021-09-09 05:15:00,40.8244,-73.909706,0,0,Unspecified,4455618,22.4,19.8,18.4,18.4,0.0,15.0,63,17.5,39.2,271,Rain: Moderate,0,0,
87036,2021-09-10 04:29:00,40.769268,-73.91361,2,0,Driver Inattention/Distraction,4455547,22.9,16.0,0.0,0.0,0.0,0.0,3,24.2,47.2,314,Overcast,2,2,
87037,2021-09-09 05:30:00,40.681488,-73.77233,0,0,Fell Asleep,4455218,22.4,19.8,18.4,18.4,0.0,15.0,63,17.5,39.2,271,Rain: Moderate,0,0,
87038,2021-09-10 20:00:00,40.62434,-74.09396,0,0,Passing or Lane Usage Improper,4456088,22.9,16.0,0.0,0.0,0.0,0.0,3,24.2,47.2,314,Overcast,0,0,
87039,2021-08-26 19:25:00,40.678165,-73.962234,1,0,Driver Inattention/Distraction,4456253,31.8,22.8,0.1,0.1,0.0,1.0,51,14.8,29.2,228,Drizzle: Light,1,1,
87040,2021-09-10 09:13:00,40.62619,-74.00847,1,0,Unspecified,4455717,22.9,16.0,0.0,0.0,0.0,0.0,3,24.2,47.2,314,Overcast,1,1,
87041,2021-09-06 18:00:00,40.700123,-73.91632,0,0,Driver Inattention/Distraction,4455800,26.9,18.4,0.0,0.0,0.0,0.0,3,19.6,37.8,273,Overcast,0,0,
87042,2021-08-09 12:39:00,40.689022,-73.93925,0,0,Driver Inattention/Distraction,4456162,26.2,20.1,1.1,1.1,0.0,7.0,51,17.3,34.6,36,Drizzle: Light,0,0,
87043,2021-09-09 09:22:00,40.680016,-73.87743,0,0,Unspecified,4455273,22.4,19.8,18.4,18.4,0.0,15.0,63,17.5,39.2,271,Rain: Moderate,0,0,
87044,2021-09-09 00:50:00,40.803753,-73.93999,0,0,Unspecified,4455579,22.4,19.8,18.4,18.4,0.0,15.0,63,17.5,39.2,271,Rain: Moderate,0,0,
87045,2021-08-29 04:05:00,40.58396,-73.9253,0,0,Driver Inattention/Distraction,4456198,24.5,19.7,2.5,2.5,0.0,9.0,53,13.6,25.6,98,Drizzle: Moderate,0,0,
87046,2021-09-08 16:30:00,40.659016,-73.95673,1,0,Failure to Yield Right-of-Way,4455056,26.4,19.6,0.7,0.7,0.0,6.0,51,26.7,55.8,187,Drizzle: Light,1,1,
87047,2021-09-06 19:13:00,40.73656,-74.0011,0,0,Passing or Lane Usage Improper,4456427,26.9,18.4,0.0,0.0,0.0,0.0,3,19.6,37.8,273,Overcast,0,0,
87048,2021-09-08 08:05:00,40.830353,-73.90347,0,0,Failure to Yield Right-of-Way,4455135,26.4,19.6,0.7,0.7,0.0,6.0,51,26.7,55.8,187,Drizzle: Light,0,0,
87049,2021-09-10 15:40:00,40.72857,-73.85809,0,0,Failure to Yield Right-of-Way,4455767,22.9,16.0,0.0,0.0,0.0,0.0,3,24.2,47.2,314,Overcast,0,0,
87050,2021-09-03 21:35:00,40.665848,-73.74822,5,0,Unspecified,4453533,21.9,14.0,0.0,0.0,0.0,0.0,3,14.5,30.2,321,Overcast,5,5,
87051,2021-09-09 18:25:00,40.713272,-73.9089,0,0,Passing Too Closely,4455423,22.4,19.8,18.4,18.4,0.0,15.0,63,17.5,39.2,271,Rain: Moderate,0,0,
87052,2021-09-08 19:00:00,40.851852,-73.83376,1,0,Driver Inattention/Distraction,4456008,26.4,19.6,0.7,0.7,0.0,6.0,51,26.7,55.8,187,Drizzle: Light,1,1,
87053,2021-09-10 22:13:00,40.727757,-73.89229,0,0,Unspecified,4456222,22.9,16.0,0.0,0.0,0.0,0.0,3,24.2,47.2,314,Overcast,0,0,
87054,2021-09-09 14:39:00,40.68707,-73.98522,1,0,Reaction to Uninvolved Vehicle,4455475,22.4,19.8,18.4,18.4,0.0,15.0,63,17.5,39.2,271,Rain: Moderate,1,1,
87055,2021-09-08 11:55:00,40.751083,-73.9079,1,0,Driver Inattention/Distraction,4455213,26.4,19.6,0.7,0.7,0.0,6.0,51,26.7,55.8,187,Drizzle: Light,1,1,
87056,2021-09-08 16:54:00,40.756607,-73.97651,1,0,Following Too Closely,4455339,26.4,19.6,0.7,0.7,0.0,6.0,51,26.7,55.8,187,Drizzle: Light,1,1,
87057,2021-09-09 18:01:00,40.79466,-73.94404,0,0,Passing Too Closely,4455429,22.4,19.8,18.4,18.4,0.0,15.0,63,17.5,39.2,271,Rain: Moderate,0,0,
87058,2021-09-08 15:24:00,40.817207,-73.88432,0,0,Unspecified,4455075,26.4,19.6,0.7,0.7,0.0,6.0,51,26.7,55.8,187,Drizzle: Light,0,0,
87059,2021-09-09 19:00:00,40.668125,-73.90358,0,0,Unspecified,4455463,22.4,19.8,18.4,18.4,0.0,15.0,63,17.5,39.2,271,Rain: Moderate,0,0,
87060,2021-09-08 04:30:00,40.63439,-73.89324,0,0,Driver Inattention/Distraction,4455012,26.4,19.6,0.7,0.7,0.0,6.0,51,26.7,55.8,187,Drizzle: Light,0,0,
87061,2021-09-09 10:30:00,40.842857,-73.86956,0,0,Pedestrian/Bicyclist/Other Pedestrian Error/Confusion,4455323,22.4,19.8,18.4,18.4,0.0,15.0,63,17.5,39.2,271,Rain: Moderate,0,0,
87062,2021-09-10 07:57:00,40.835445,-73.923386,0,0,Failure to Yield Right-of-Way,4455633,22.9,16.0,0.0,0.0,0.0,0.0,3,24.2,47.2,314,Overcast,0,0,
87063,2021-09-10 01:15:00,40.645256,-73.874954,1,0,Unspecified,4456290,22.9,16.0,0.0,0.0,0.0,0.0,3,24.2,47.2,314,Overcast,1,1,
87064,2021-08-26 10:30:00,40.737545,-74.00484,1,0,Following Too Closely,4455650,31.8,22.8,0.1,0.1,0.0,1.0,51,14.8,29.2,228,Drizzle: Light,1,1,
87065,2021-09-09 06:40:00,40.870777,-73.81923,1,0,Pavement Slippery,4455233,22.4,19.8,18.4,18.4,0.0,15.0,63,17.5,39.2,271,Rain: Moderate,1,1,
87066,2021-09-10 08:15:00,40.617813,-74.00644,1,0,Traffic Control Disregarded,4455984,22.9,16.0,0.0,0.0,0.0,0.0,3,24.2,47.2,314,Overcast,1,1,
87067,2021-09-10 22:44:00,40.830906,-73.8736,0,0,Unspecified,4456039,22.9,16.0,0.0,0.0,0.0,0.0,3,24.2,47.2,314,Overcast,0,0,
87068,2021-09-09 10:15:00,40.609554,-73.96631,0,0,Unspecified,4455257,22.4,19.8,18.4,18.4,0.0,15.0,63,17.5,39.2,271,Rain: Moderate,0,0,
87069,2021-09-09 19:17:00,40.678364,-73.77949,0,0,Passing Too Closely,4455750,22.4,19.8,18.4,18.4,0.0,15.0,63,17.5,39.2,271,Rain: Moderate,0,0,
87070,2021-09-10 07:30:00,40.760586,-73.84592,0,0,Unsafe Lane Changing,4455601,22.9,16.0,0.0,0.0,0.0,0.0,3,24.2,47.2,314,Overcast,0,0,
87071,2021-09-09 15:00:00,40.66858,-73.84223,0,0,Failure to Yield Right-of-Way,4455470,22.4,19.8,18.4,18.4,0.0,15.0,63,17.5,39.2,271,Rain: Moderate,0,0,
87072,2021-09-08 13:25:00,40.83459,-73.9445,0,0,Shoulders Defective/Improper,4455534,26.4,19.6,0.7,0.7,0.0,6.0,51,26.7,55.8,187,Drizzle: Light,0,0,
87073,2021-09-09 08:45:00,40.797337,-73.96244,1,0,Passing or Lane Usage Improper,4455317,22.4,19.8,18.4,18.4,0.0,15.0,63,17.5,39.2,271,Rain: Moderate,1,1,
87074,2021-09-08 01:43:00,40.701103,-73.92239,1,0,Passing or Lane Usage Improper,4455808,26.4,19.6,0.7,0.7,0.0,6.0,51,26.7,55.8,187,Drizzle: Light,1,1,
87075,2021-09-08 10:30:00,40.572014,-74.146996,0,0,Failure to Yield Right-of-Way,4455385,26.4,19.6,0.7,0.7,0.0,6.0,51,26.7,55.8,187,Drizzle: Light,0,0,
87076,2021-09-10 13:40:00,40.85159,-73.867805,0,0,Passing or Lane Usage Improper,4455643,22.9,16.0,0.0,0.0,0.0,0.0,3,24.2,47.2,314,Overcast,0,0,
87077,2021-09-03 08:45:00,40.864113,-73.92126,1,0,Driver Inexperience,4456133,21.9,14.0,0.0,0.0,0.0,0.0,3,14.5,30.2,321,Overcast,1,1,
87078,2021-09-09 01:05:00,40.687153,-73.82462,0,0,Cell Phone (hand-Held),4455149,22.4,19.8,18.4,18.4,0.0,15.0,63,17.5,39.2,271,Rain: Moderate,0,0,
87079,2021-09-09 11:06:00,40.714767,-74.016205,0,0,Unspecified,4455355,22.4,19.8,18.4,18.4,0.0,15.0,63,17.5,39.2,271,Rain: Moderate,0,0,
87080,2021-09-05 14:41:00,40.820107,-73.95304,0,0,Unspecified,4455672,24.5,16.9,1.0,1.0,0.0,6.0,51,15.5,42.5,204,Drizzle: Light,0,0,
87081,2021-09-10 00:10:00,40.68095,-73.877594,0,0,Unspecified,4456310,22.9,16.0,0.0,0.0,0.0,0.0,3,24.2,47.2,314,Overcast,0,0,
87082,2021-09-08 04:30:00,40.806236,-73.9201,0,0,Unspecified,4455502,26.4,19.6,0.7,0.7,0.0,6.0,51,26.7,55.8,187,Drizzle: Light,0,0,
87083,2021-09-10 19:10:00,40.686287,-73.9695,1,0,Unsafe Speed,4455732,22.9,16.0,0.0,0.0,0.0,0.0,3,24.2,47.2,314,Overcast,1,1,
87084,2021-09-10 16:14:00,40.714207,-73.99485,1,0,Driver Inattention/Distraction,4456064,22.9,16.0,0.0,0.0,0.0,0.0,3,24.2,47.2,314,Overcast,1,1,
87085,2021-09-08 22:50:00,40.82834,-73.882416,0,0,Backing Unsafely,4455118,26.4,19.6,0.7,0.7,0.0,6.0,51,26.7,55.8,187,Drizzle: Light,0,0,
87086,2021-09-09 17:00:00,40.818424,-73.94515,0,0,Other Vehicular,4455510,22.4,19.8,18.4,18.4,0.0,15.0,63,17.5,39.2,271,Rain: Moderate,0,0,
87087,2021-08-31 17:15:00,40.73414,-73.99919,0,0,Passing or Lane Usage Improper,4456424,28.5,21.2,0.0,0.0,0.0,0.0,3,15.5,29.9,301,Overcast,0,0,
87088,2021-09-04 17:14:00,40.84984,-73.934975,0,0,Backing Unsafely,4456107,25.2,14.5,0.0,0.0,0.0,0.0,3,15.4,27.0,289,Overcast,0,0,
87089,2021-09-09 13:36:00,40.76521,-73.8005,1,0,Pavement Slippery,4456262,22.4,19.8,18.4,18.4,0.0,15.0,63,17.5,39.2,271,Rain: Moderate,1,1,
87090,2021-09-05 04:05:00,40.764828,-73.86985,1,0,Unsafe Speed,4455762,24.5,16.9,1.0,1.0,0.0,6.0,51,15.5,42.5,204,Drizzle: Light,1,1,
87091,2021-09-10 11:00:00,40.813385,-73.94511,0,0,Passing Too Closely,4456447,22.9,16.0,0.0,0.0,0.0,0.0,3,24.2,47.2,314,Overcast,0,0,
87092,2021-09-09 23:35:00,40.576275,-73.98796,0,0,Driver Inattention/Distraction,4456004,22.4,19.8,18.4,18.4,0.0,15.0,63,17.5,39.2,271,Rain: Moderate,0,0,
87093,2021-09-08 08:15:00,40.73771,-73.974266,0,0,Following Too Closely,4455203,26.4,19.6,0.7,0.7,0.0,6.0,51,26.7,55.8,187,Drizzle: Light,0,0,
87094,2021-09-10 00:49:00,40.84271,-73.885666,1,0,Traffic Control Disregarded,4455555,22.9,16.0,0.0,0.0,0.0,0.0,3,24.2,47.2,314,Overcast,1,1,
87095,2021-09-09 18:24:00,40.670616,-73.98924,0,0,Oversized Vehicle,4455867,22.4,19.8,18.4,18.4,0.0,15.0,63,17.5,39.2,271,Rain: Moderate,0,0,
87096,2021-09-09 09:05:00,40.59296,-73.79418,1,0,Driver Inattention/Distraction,4455419,22.4,19.8,18.4,18.4,0.0,15.0,63,17.5,39.2,271,Rain: Moderate,1,1,
87097,2021-09-08 14:24:00,40.681835,-73.97584,1,0,Pedestrian/Bicyclist/Other Pedestrian Error/Confusion,4455086,26.4,19.6,0.7,0.7,0.0,6.0,51,26.7,55.8,187,Drizzle: Light,1,1,
87098,2021-09-04 11:22:00,40.698486,-73.92144,0,0,Alcohol Involvement,4455796,25.2,14.5,0.0,0.0,0.0,0.0,3,15.4,27.0,289,Overcast,0,0,
87099,2021-09-10 00:00:00,40.71366,-73.97898,1,0,Traffic Control Disregarded,4455933,22.9,16.0,0.0,0.0,0.0,0.0,3,24.2,47.2,314,Overcast,1,1,
87100,2021-09-09 08:45:00,0.0,0.0,1,0,Failure to Yield Right-of-Way,4455331,22.4,19.8,18.4,18.4,0.0,15.0,63,17.5,39.2,271,Rain: Moderate,1,1,
87101,2021-09-09 09:30:00,40.724434,-73.8693,1,0,Driver Inattention/Distraction,4455435,22.4,19.8,18.4,18.4,0.0,15.0,63,17.5,39.2,271,Rain: Moderate,1,1,
87102,2021-09-06 18:05:00,40.67267,-73.770294,0,0,Passing or Lane Usage Improper,4456371,26.9,18.4,0.0,0.0,0.0,0.0,3,19.6,37.8,273,Overcast,0,0,
87103,2021-09-03 17:51:00,40.883198,-73.90802,1,0,Passing or Lane Usage Improper,4456182,21.9,14.0,0.0,0.0,0.0,0.0,3,14.5,30.2,321,Overcast,1,1,
87104,2021-09-08 14:25:00,40.589157,-73.98282,3,0,Driver Inattention/Distraction,4455181,26.4,19.6,0.7,0.7,0.0,6.0,51,26.7,55.8,187,Drizzle: Light,3,3,
87105,2021-09-09 18:00:00,40.845833,-73.83148,0,0,Unsafe Speed,4456012,22.4,19.8,18.4,18.4,0.0,15.0,63,17.5,39.2,271,Rain: Moderate,0,0,
87106,2021-09-09 15:30:00,40.832726,-73.89655,0,0,Unspecified,4455554,22.4,19.8,18.4,18.4,0.0,15.0,63,17.5,39.2,271,Rain: Moderate,0,0,
87107,2021-09-08 16:00:00,40.647972,-74.0181,0,0,Unspecified,4455129,26.4,19.6,0.7,0.7,0.0,6.0,51,26.7,55.8,187,Drizzle: Light,0,0,
87108,2021-09-08 16:25:00,40.686207,-73.85569,1,0,Passing or Lane Usage Improper,4455182,26.4,19.6,0.7,0.7,0.0,6.0,51,26.7,55.8,187,Drizzle: Light,1,1,
87109,2021-09-10 13:10:00,40.75513,-73.84391,0,0,Driver Inattention/Distraction,4455828,22.9,16.0,0.0,0.0,0.0,0.0,3,24.2,47.2,314,Overcast,0,0,
87110,2021-08-23 11:02:00,40.90304,-73.849556,0,0,Cell Phone (hand-Held),4456488,28.7,22.0,36.1,36.1,0.0,19.0,65,27.4,49.3,230,Rain: Heavy,0,0,
87111,2021-09-03 09:45:00,40.81014,-73.89118,0,0,Unspecified,4455569,21.9,14.0,0.0,0.0,0.0,0.0,3,14.5,30.2,321,Overcast,0,0,
87112,2021-09-10 15:00:00,40.816067,-73.91765,0,0,Unspecified,4456463,22.9,16.0,0.0,0.0,0.0,0.0,3,24.2,47.2,314,Overcast,0,0,
87113,2021-09-08 11:45:00,40.595303,-73.78115,0,0,Passing Too Closely,4455163,26.4,19.6,0.7,0.7,0.0,6.0,51,26.7,55.8,187,Drizzle: Light,0,0,
87114,2021-09-09 02:35:00,40.71688,-73.9212,0,0,Steering Failure,4455363,22.4,19.8,18.4,18.4,0.0,15.0,63,17.5,39.2,271,Rain: Moderate,0,0,
87115,2021-09-09 20:34:00,40.764347,-73.92347,1,0,Driver Inexperience,4455586,22.4,19.8,18.4,18.4,0.0,15.0,63,17.5,39.2,271,Rain: Moderate,1,1,
87116,2021-09-08 00:34:00,40.80994,-73.91339,2,0,Other Vehicular,4454825,26.4,19.6,0.7,0.7,0.0,6.0,51,26.7,55.8,187,Drizzle: Light,2,2,
87117,2021-09-08 05:04:00,40.86159,-73.92475,0,0,Driver Inexperience,4456157,26.4,19.6,0.7,0.7,0.0,6.0,51,26.7,55.8,187,Drizzle: Light,0,0,
87118,2021-09-06 03:30:00,40.81982,-73.95529,0,0,Alcohol Involvement,4455665,26.9,18.4,0.0,0.0,0.0,0.0,3,19.6,37.8,273,Overcast,0,0,
87119,2021-09-09 21:00:00,40.736145,-73.92651,0,0,Driver Inattention/Distraction,4455685,22.4,19.8,18.4,18.4,0.0,15.0,63,17.5,39.2,271,Rain: Moderate,0,0,
87120,2021-09-09 23:57:00,40.701912,-73.93699,0,0,View Obstructed/Limited,4455458,22.4,19.8,18.4,18.4,0.0,15.0,63,17.5,39.2,271,Rain: Moderate,0,0,
87121,2021-09-08 21:44:00,40.727108,-73.859024,0,0,Failure to Yield Right-of-Way,4455103,26.4,19.6,0.7,0.7,0.0,6.0,51,26.7,55.8,187,Drizzle: Light,0,0,
87122,2021-09-09 01:00:00,40.74782,-73.99665,1,0,Unspecified,4455301,22.4,19.8,18.4,18.4,0.0,15.0,63,17.5,39.2,271,Rain: Moderate,1,1,
87123,2021-09-09 10:47:00,40.656548,-74.0021,1,0,Unspecified,4455453,22.4,19.8,18.4,18.4,0.0,15.0,63,17.5,39.2,271,Rain: Moderate,1,1,
87124,2021-09-09 19:50:00,40.690907,-73.95542,0,0,Passing Too Closely,4455433,22.4,19.8,18.4,18.4,0.0,15.0,63,17.5,39.2,271,Rain: Moderate,0,0,
87125,2021-09-09 11:00:00,40.73605,-73.8486,0,0,Unspecified,4455344,22.4,19.8,18.4,18.4,0.0,15.0,63,17.5,39.2,271,Rain: Moderate,0,0,
87126,2021-09-09 14:45:00,40.69595,-73.9824,0,0,Passing Too Closely,4455610,22.4,19.8,18.4,18.4,0.0,15.0,63,17.5,39.2,271,Rain: Moderate,0,0,
87127,2021-09-09 18:20:00,40.673943,-73.86393,2,0,Failure to Keep Right,4456286,22.4,19.8,18.4,18.4,0.0,15.0,63,17.5,39.2,271,Rain: Moderate,2,2,
87128,2021-09-09 13:00:00,40.765377,-73.88906,0,0,Driver Inattention/Distraction,4455370,22.4,19.8,18.4,18.4,0.0,15.0,63,17.5,39.2,271,Rain: Moderate,0,0,
87129,2021-09-08 16:25:00,40.6573,-73.919975,0,0,Failure to Yield Right-of-Way,4455085,26.4,19.6,0.7,0.7,0.0,6.0,51,26.7,55.8,187,Drizzle: Light,0,0,
87130,2021-09-02 09:15:00,40.882393,-73.83623,0,0,Unsafe Speed,4455538,24.5,15.0,24.6,24.6,0.0,5.0,65,43.0,83.5,344,Rain: Heavy,0,0,
87131,2021-09-08 16:45:00,40.753784,-73.99323,0,0,Driver Inattention/Distraction,4455164,26.4,19.6,0.7,0.7,0.0,6.0,51,26.7,55.8,187,Drizzle: Light,0,0,
87132,2021-09-09 16:54:00,40.687866,-73.96879,2,0,Pavement Slippery,4455670,22.4,19.8,18.4,18.4,0.0,15.0,63,17.5,39.2,271,Rain: Moderate,2,2,
87133,2021-09-02 15:00:00,40.686462,-73.92245,0,0,Unspecified,4456329,24.5,15.0,24.6,24.6,0.0,5.0,65,43.0,83.5,344,Rain: Heavy,0,0,
87134,2021-09-09 15:50:00,40.88183,-73.87627,1,0,Driver Inattention/Distraction,4455597,22.4,19.8,18.4,18.4,0.0,15.0,63,17.5,39.2,271,Rain: Moderate,1,1,
87135,2021-09-09 01:43:00,40.744625,-73.98525,1,0,Driver Inattention/Distraction,4455853,22.4,19.8,18.4,18.4,0.0,15.0,63,17.5,39.2,271,Rain: Moderate,1,1,
87136,2021-09-09 17:44:00,40.725037,-73.850426,0,0,Backing Unsafely,4455407,22.4,19.8,18.4,18.4,0.0,15.0,63,17.5,39.2,271,Rain: Moderate,0,0,
87137,2021-09-10 11:35:00,40.75223,-73.905396,0,0,Unspecified,4455687,22.9,16.0,0.0,0.0,0.0,0.0,3,24.2,47.2,314,Overcast,0,0,
87138,2021-09-09 07:00:00,40.755066,-73.84419,1,0,Driver Inattention/Distraction,4455829,22.4,19.8,18.4,18.4,0.0,15.0,63,17.5,39.2,271,Rain: Moderate,1,1,
87139,2022-02-04 07:05:00,40.843502,-73.93799,1,0,Unspecified,4500272,12.5,-2.3,26.6,26.5,0.07,23.0,71,29.7,50.4,313,Snow fall: Light,1,1,Snowy Conditions
87140,2021-09-10 21:02:00,40.635506,-73.913284,1,0,Driver Inattention/Distraction,4455704,22.9,16.0,0.0,0.0,0.0,0.0,3,24.2,47.2,314,Overcast,1,1,
87141,2021-09-10 20:40:00,40.67239,-73.87463,0,0,Driver Inattention/Distraction,4456049,22.9,16.0,0.0,0.0,0.0,0.0,3,24.2,47.2,314,Overcast,0,0,
87142,2021-09-10 07:10:00,40.69677,-73.93701,0,0,Driver Inattention/Distraction,4456291,22.9,16.0,0.0,0.0,0.0,0.0,3,24.2,47.2,314,Overcast,0,0,
87143,2021-09-08 07:06:00,40.676773,-73.91878,1,0,Alcohol Involvement,4455120,26.4,19.6,0.7,0.7,0.0,6.0,51,26.7,55.8,187,Drizzle: Light,1,1,
87144,2021-09-08 21:31:00,40.867878,-73.893005,0,0,Unspecified,4455292,26.4,19.6,0.7,0.7,0.0,6.0,51,26.7,55.8,187,Drizzle: Light,0,0,
87145,2021-09-09 18:40:00,40.667706,-73.90636,0,0,Eating or Drinking,4455997,22.4,19.8,18.4,18.4,0.0,15.0,63,17.5,39.2,271,Rain: Moderate,0,0,
87146,2021-09-08 15:45:00,40.670895,-73.91405,0,0,Driver Inattention/Distraction,4456069,26.4,19.6,0.7,0.7,0.0,6.0,51,26.7,55.8,187,Drizzle: Light,0,0,
87147,2021-09-03 11:30:00,40.87634,-73.863144,1,0,Driver Inattention/Distraction,4455539,21.9,14.0,0.0,0.0,0.0,0.0,3,14.5,30.2,321,Overcast,1,1,
87148,2021-09-09 08:50:00,40.696648,-73.7693,0,0,Passing or Lane Usage Improper,4455330,22.4,19.8,18.4,18.4,0.0,15.0,63,17.5,39.2,271,Rain: Moderate,0,0,
87149,2021-09-06 13:40:00,40.87835,-73.870346,1,0,Driver Inattention/Distraction,4455524,26.9,18.4,0.0,0.0,0.0,0.0,3,19.6,37.8,273,Overcast,1,1,
87150,2021-09-10 17:04:00,40.74016,-73.83023,0,0,Unspecified,4455692,22.9,16.0,0.0,0.0,0.0,0.0,3,24.2,47.2,314,Overcast,0,0,
87151,2021-09-08 12:00:00,40.66708,-73.81033,0,0,Following Too Closely,4455145,26.4,19.6,0.7,0.7,0.0,6.0,51,26.7,55.8,187,Drizzle: Light,0,0,
87152,2021-09-07 16:20:00,40.714363,-73.99283,1,0,Failure to Yield Right-of-Way,4456055,25.9,15.2,0.0,0.0,0.0,0.0,1,12.5,25.6,259,Mainly clear,1,1,Sunny/Clear Conditions
87153,2021-09-09 16:48:00,40.75928,-73.959274,0,0,Driver Inattention/Distraction,4455485,22.4,19.8,18.4,18.4,0.0,15.0,63,17.5,39.2,271,Rain: Moderate,0,0,
87154,2021-09-03 14:37:00,40.67549,-73.93885,1,0,Driver Inattention/Distraction,4456272,21.9,14.0,0.0,0.0,0.0,0.0,3,14.5,30.2,321,Overcast,1,1,
87155,2021-09-08 16:15:00,40.708675,-73.93699,1,0,Failure to Yield Right-of-Way,4456376,26.4,19.6,0.7,0.7,0.0,6.0,51,26.7,55.8,187,Drizzle: Light,1,1,
87156,2021-09-10 10:50:00,40.675663,-73.9277,1,0,Driver Inattention/Distraction,4456240,22.9,16.0,0.0,0.0,0.0,0.0,3,24.2,47.2,314,Overcast,1,1,
87157,2021-09-08 23:01:00,40.749733,-73.936104,0,0,Driver Inattention/Distraction,4455965,26.4,19.6,0.7,0.7,0.0,6.0,51,26.7,55.8,187,Drizzle: Light,0,0,
87158,2021-09-09 18:30:00,40.60572,-73.981224,0,0,Driver Inattention/Distraction,4456112,22.4,19.8,18.4,18.4,0.0,15.0,63,17.5,39.2,271,Rain: Moderate,0,0,
87159,2022-02-02 04:00:00,40.80907,-73.94455,0,0,Backing Unsafely,4499622,3.8,-7.2,0.0,0.0,0.0,0.0,3,10.6,16.2,93,Overcast,0,0,
87160,2021-08-13 10:37:00,40.744305,-73.97473,1,0,Backing Unsafely,4456356,33.2,24.8,0.0,0.0,0.0,0.0,3,18.2,34.9,215,Overcast,1,1,
87161,2021-09-08 05:00:00,40.639217,-74.026596,0,0,Unspecified,4455448,26.4,19.6,0.7,0.7,0.0,6.0,51,26.7,55.8,187,Drizzle: Light,0,0,
87162,2021-09-09 07:34:00,40.75537,-73.98746,3,0,Driver Inattention/Distraction,4455395,22.4,19.8,18.4,18.4,0.0,15.0,63,17.5,39.2,271,Rain: Moderate,3,3,
87163,2021-09-02 15:46:00,40.89091,-73.887215,0,0,Unspecified,4456176,24.5,15.0,24.6,24.6,0.0,5.0,65,43.0,83.5,344,Rain: Heavy,0,0,
87164,2021-09-08 06:25:00,40.822487,-73.90827,0,0,Following Too Closely,4455506,26.4,19.6,0.7,0.7,0.0,6.0,51,26.7,55.8,187,Drizzle: Light,0,0,
87165,2021-09-08 09:32:00,40.640373,-73.89702,1,0,Driver Inattention/Distraction,4455009,26.4,19.6,0.7,0.7,0.0,6.0,51,26.7,55.8,187,Drizzle: Light,1,1,
87166,2021-09-10 21:21:00,40.860764,-73.87195,0,0,Driver Inattention/Distraction,4455758,22.9,16.0,0.0,0.0,0.0,0.0,3,24.2,47.2,314,Overcast,0,0,
87167,2021-09-08 14:20:00,40.60927,-74.1513,0,0,Failure to Yield Right-of-Way,4455224,26.4,19.6,0.7,0.7,0.0,6.0,51,26.7,55.8,187,Drizzle: Light,0,0,
87168,2021-09-03 23:31:00,40.867413,-73.92203,1,0,Unsafe Speed,4456106,21.9,14.0,0.0,0.0,0.0,0.0,3,14.5,30.2,321,Overcast,1,1,
87169,2021-09-10 18:20:00,40.61825,-74.02637,1,0,Driver Inattention/Distraction,4455719,22.9,16.0,0.0,0.0,0.0,0.0,3,24.2,47.2,314,Overcast,1,1,
87170,2021-09-09 07:20:00,40.631157,-74.14692,0,0,Driver Inattention/Distraction,4455550,22.4,19.8,18.4,18.4,0.0,15.0,63,17.5,39.2,271,Rain: Moderate,0,0,
87171,2021-09-09 16:05:00,40.698174,-73.739555,0,0,Unspecified,4455443,22.4,19.8,18.4,18.4,0.0,15.0,63,17.5,39.2,271,Rain: Moderate,0,0,
87172,2021-09-08 19:03:00,40.706852,-73.948204,1,0,Driver Inattention/Distraction,4455098,26.4,19.6,0.7,0.7,0.0,6.0,51,26.7,55.8,187,Drizzle: Light,1,1,
87173,2021-09-08 14:45:00,40.66278,-73.88086,0,0,Failure to Yield Right-of-Way,4455282,26.4,19.6,0.7,0.7,0.0,6.0,51,26.7,55.8,187,Drizzle: Light,0,0,
87174,2021-09-10 08:26:00,40.7263,-73.843605,0,0,Driver Inattention/Distraction,4455565,22.9,16.0,0.0,0.0,0.0,0.0,3,24.2,47.2,314,Overcast,0,0,