,CRASH DATETIME,LATITUDE,LONGITUDE,NUMBER OF PERSONS INJURED,NUMBER OF PERSONS KILLED,CONTRIBUTING FACTOR VEHICLE 1,COLLISION_ID,temperature_2m_max,temperature_2m_min,precipitation_sum,rain_sum,snowfall_sum,precipitation_hours,weather_code,wind_speed_10m_max,wind_gusts_10m_max,wind_direction_10m_dominant,Weather Description,Severity_Score,Total_Affected_Persons,Weather_Category
87175,2021-09-10 08:40:00,40.637962,-74.01058,1,0,Unspecified,4455873,22.9,16.0,0.0,0.0,0.0,0.0,3,24.2,47.2,314,Overcast,1,1,
87176,2021-09-03 22:28:00,40.69149,-73.92557,1,0,Pedestrian/Bicyclist/Other Pedestrian Error/Confusion,4455792,21.9,14.0,0.0,0.0,0.0,0.0,3,14.5,30.2,321,Overcast,1,1,
87177,2021-08-15 09:50:00,40.76177,-73.979065,1,0,Failure to Yield Right-of-Way,4455587,27.9,20.0,0.0,0.0,0.0,0.0,3,16.6,33.1,25,Overcast,1,1,
87178,2021-09-09 19:50:00,40.756535,-73.876076,0,0,Other Vehicular,4455412,22.4,19.8,18.4,18.4,0.0,15.0,63,17.5,39.2,271,Rain: Moderate,0,0,
87179,2021-09-10 16:48:00,40.72943,-73.978035,2,0,Turning Improperly,4456032,22.9,16.0,0.0,0.0,0.0,0.0,3,24.2,47.2,314,Overcast,2,2,
87180,2021-09-08 10:00:00,40.69979,-73.950096,1,0,Driver Inattention/Distraction,4455000,26.4,19.6,0.7,0.7,0.0,6.0,51,26.7,55.8,187,Drizzle: Light,1,1,
87181,2021-09-08 15:40:00,40.689953,-73.818,1,0,Driver Inexperience,4455188,26.4,19.6,0.7,0.7,0.0,6.0,51,26.7,55.8,187,Drizzle: Light,1,1,
87182,2021-09-08 17:08:00,40.846577,-73.913155,0,0,Following Too Closely,4455234,26.4,19.6,0.7,0.7,0.0,6.0,51,26.7,55.8,187,Drizzle: Light,0,0,
87183,2021-09-10 12:30:00,40.62417,-74.08091,0,0,Unspecified,4456085,22.9,16.0,0.0,0.0,0.0,0.0,3,24.2,47.2,314,Overcast,0,0,
87184,2021-09-08 16:50:00,40.84588,-73.904755,0,0,Passing Too Closely,4455925,26.4,19.6,0.7,0.7,0.0,6.0,51,26.7,55.8,187,Drizzle: Light,0,0,
87185,2021-09-08 12:30:00,40.607258,-74.00265,0,0,Driver Inattention/Distraction,4455026,26.4,19.6,0.7,0.7,0.0,6.0,51,26.7,55.8,187,Drizzle: Light,0,0,
87186,2021-09-10 21:40:00,40.658577,-73.89063,0,0,Unspecified,4456278,22.9,16.0,0.0,0.0,0.0,0.0,3,24.2,47.2,314,Overcast,0,0,
87187,2021-09-09 06:30:00,40.72688,-73.83907,1,0,Driver Inattention/Distraction,4455340,22.4,19.8,18.4,18.4,0.0,15.0,63,17.5,39.2,271,Rain: Moderate,1,1,
87188,2021-09-10 10:00:00,40.692883,-73.95678,0,0,Following Too Closely,4456155,22.9,16.0,0.0,0.0,0.0,0.0,3,24.2,47.2,314,Overcast,0,0,
87189,2021-09-10 18:00:00,40.714046,-73.9616,0,0,Turning Improperly,4455724,22.9,16.0,0.0,0.0,0.0,0.0,3,24.2,47.2,314,Overcast,0,0,
87190,2021-09-10 07:30:00,40.87656,-73.90436,1,0,Driver Inattention/Distraction,4455642,22.9,16.0,0.0,0.0,0.0,0.0,3,24.2,47.2,314,Overcast,1,1,
87191,2021-09-09 15:10:00,40.752117,-73.96475,0,0,Following Too Closely,4455380,22.4,19.8,18.4,18.4,0.0,15.0,63,17.5,39.2,271,Rain: Moderate,0,0,
87192,2021-09-09 07:30:00,40.671997,-73.87742,0,0,Driver Inattention/Distraction,4455287,22.4,19.8,18.4,18.4,0.0,15.0,63,17.5,39.2,271,Rain: Moderate,0,0,
87193,2021-09-08 11:40:00,40.818047,-73.92246,1,0,Driver Inattention/Distraction,4455519,26.4,19.6,0.7,0.7,0.0,6.0,51,26.7,55.8,187,Drizzle: Light,1,1,
87194,2021-09-08 18:24:00,40.793556,-73.967026,0,0,Unsafe Speed,4455091,26.4,19.6,0.7,0.7,0.0,6.0,51,26.7,55.8,187,Drizzle: Light,0,0,
87195,2021-09-03 12:20:00,40.68576,-73.915504,1,0,Following Too Closely,4455787,21.9,14.0,0.0,0.0,0.0,0.0,3,14.5,30.2,321,Overcast,1,1,
87196,2021-09-10 20:12:00,40.7216,-73.912994,1,0,Unspecified,4456220,22.9,16.0,0.0,0.0,0.0,0.0,3,24.2,47.2,314,Overcast,1,1,
87197,2021-09-07 02:50:00,40.69529,-73.94339,1,0,Unsafe Speed,4456160,25.9,15.2,0.0,0.0,0.0,0.0,1,12.5,25.6,259,Mainly clear,1,1,Sunny/Clear Conditions
87198,2021-09-08 10:30:00,40.743187,-73.941765,0,0,Driver Inattention/Distraction,4455139,26.4,19.6,0.7,0.7,0.0,6.0,51,26.7,55.8,187,Drizzle: Light,0,0,
87199,2021-09-09 06:08:00,40.67602,-74.001236,1,0,Following Too Closely,4455480,22.4,19.8,18.4,18.4,0.0,15.0,63,17.5,39.2,271,Rain: Moderate,1,1,
87200,2021-09-10 14:29:00,40.64957,-73.93887,0,0,Traffic Control Disregarded,4455835,22.9,16.0,0.0,0.0,0.0,0.0,3,24.2,47.2,314,Overcast,0,0,
87201,2021-09-10 16:27:00,40.614788,-73.94658,1,0,Driver Inattention/Distraction,4455741,22.9,16.0,0.0,0.0,0.0,0.0,3,24.2,47.2,314,Overcast,1,1,
87202,2021-09-08 15:15:00,40.817406,-73.95704,0,0,Unspecified,4456124,26.4,19.6,0.7,0.7,0.0,6.0,51,26.7,55.8,187,Drizzle: Light,0,0,
87203,2021-09-10 16:41:00,40.88742,-73.89449,3,0,Unspecified,4456232,22.9,16.0,0.0,0.0,0.0,0.0,3,24.2,47.2,314,Overcast,3,3,
87204,2021-09-10 11:35:00,40.588196,-73.95248,1,0,Pedestrian/Bicyclist/Other Pedestrian Error/Confusion,4455619,22.9,16.0,0.0,0.0,0.0,0.0,3,24.2,47.2,314,Overcast,1,1,
87205,2021-09-10 13:15:00,40.83142,-73.92643,2,0,Driver Inattention/Distraction,4455651,22.9,16.0,0.0,0.0,0.0,0.0,3,24.2,47.2,314,Overcast,2,2,
87206,2021-09-10 08:03:00,40.66384,-73.92166,1,0,Driver Inattention/Distraction,4455990,22.9,16.0,0.0,0.0,0.0,0.0,3,24.2,47.2,314,Overcast,1,1,
87207,2021-09-09 13:10:00,40.64437,-73.93061,1,0,Unspecified,4455861,22.4,19.8,18.4,18.4,0.0,15.0,63,17.5,39.2,271,Rain: Moderate,1,1,
87208,2021-09-10 18:00:00,40.81014,-73.908226,1,0,Other Vehicular,4455709,22.9,16.0,0.0,0.0,0.0,0.0,3,24.2,47.2,314,Overcast,1,1,
87209,2021-09-05 11:00:00,40.774807,-73.98442,2,0,Driver Inattention/Distraction,4455893,24.5,16.9,1.0,1.0,0.0,6.0,51,15.5,42.5,204,Drizzle: Light,2,2,
87210,2021-09-02 10:20:00,40.85891,-73.922966,0,0,Driver Inattention/Distraction,4455614,24.5,15.0,24.6,24.6,0.0,5.0,65,43.0,83.5,344,Rain: Heavy,0,0,
87211,2021-09-10 00:25:00,40.66528,-73.80604,1,0,View Obstructed/Limited,4455473,22.9,16.0,0.0,0.0,0.0,0.0,3,24.2,47.2,314,Overcast,1,1,
87212,2021-09-03 16:35:00,40.667313,-73.73926,4,0,Following Too Closely,4453490,21.9,14.0,0.0,0.0,0.0,0.0,3,14.5,30.2,321,Overcast,4,4,
87213,2021-09-09 15:00:00,40.710037,-73.90744,0,0,Unspecified,4455424,22.4,19.8,18.4,18.4,0.0,15.0,63,17.5,39.2,271,Rain: Moderate,0,0,
87214,2021-09-08 18:20:00,40.76177,-73.979065,2,0,Unsafe Speed,4455335,26.4,19.6,0.7,0.7,0.0,6.0,51,26.7,55.8,187,Drizzle: Light,2,2,
87215,2021-09-07 13:22:00,40.671474,-73.93088,0,0,Unspecified,4455677,25.9,15.2,0.0,0.0,0.0,0.0,1,12.5,25.6,259,Mainly clear,0,0,Sunny/Clear Conditions
87216,2021-09-09 14:30:00,40.70938,-73.9371,0,0,Turning Improperly,4455954,22.4,19.8,18.4,18.4,0.0,15.0,63,17.5,39.2,271,Rain: Moderate,0,0,
87217,2021-09-10 17:45:00,40.739807,-73.92384,0,0,Unspecified,4455736,22.9,16.0,0.0,0.0,0.0,0.0,3,24.2,47.2,314,Overcast,0,0,
87218,2021-09-03 11:06:00,40.817795,-73.89319,0,0,Unspecified,4455879,21.9,14.0,0.0,0.0,0.0,0.0,3,14.5,30.2,321,Overcast,0,0,
87219,2021-09-10 16:00:00,40.70362,-73.85628,1,0,Driver Inattention/Distraction,4456214,22.9,16.0,0.0,0.0,0.0,0.0,3,24.2,47.2,314,Overcast,1,1,
87220,2021-09-08 21:10:00,40.673008,-73.78809,1,0,Failure to Yield Right-of-Way,4455464,26.4,19.6,0.7,0.7,0.0,6.0,51,26.7,55.8,187,Drizzle: Light,1,1,
87221,2021-09-08 21:41:00,40.701912,-73.93699,0,0,Failure to Yield Right-of-Way,4455812,26.4,19.6,0.7,0.7,0.0,6.0,51,26.7,55.8,187,Drizzle: Light,0,0,
87222,2021-09-10 16:48:00,40.708405,-73.9473,1,0,Driver Inattention/Distraction,4456345,22.9,16.0,0.0,0.0,0.0,0.0,3,24.2,47.2,314,Overcast,1,1,
87223,2021-09-03 21:00:00,40.666233,-73.761,1,0,Unspecified,4454219,21.9,14.0,0.0,0.0,0.0,0.0,3,14.5,30.2,321,Overcast,1,1,
87224,2021-09-09 23:55:00,40.629932,-73.966194,0,0,Other Vehicular,4455776,22.4,19.8,18.4,18.4,0.0,15.0,63,17.5,39.2,271,Rain: Moderate,0,0,
87225,2021-09-10 23:40:00,40.744194,-73.97133,1,0,Driver Inexperience,4455918,22.9,16.0,0.0,0.0,0.0,0.0,3,24.2,47.2,314,Overcast,1,1,
87226,2021-09-10 16:20:00,40.819874,-73.94085,0,0,Backing Unsafely,4456443,22.9,16.0,0.0,0.0,0.0,0.0,3,24.2,47.2,314,Overcast,0,0,
87227,2021-09-09 00:35:00,40.835297,-73.91291,0,0,Other Vehicular,4455561,22.4,19.8,18.4,18.4,0.0,15.0,63,17.5,39.2,271,Rain: Moderate,0,0,
87228,2021-09-08 08:20:00,40.665257,-73.739555,1,0,Driver Inattention/Distraction,4454910,26.4,19.6,0.7,0.7,0.0,6.0,51,26.7,55.8,187,Drizzle: Light,1,1,
87229,2021-09-08 13:48:00,40.780537,-73.95906,1,0,Unsafe Speed,4455272,26.4,19.6,0.7,0.7,0.0,6.0,51,26.7,55.8,187,Drizzle: Light,1,1,
87230,2021-09-09 01:31:00,40.64525,-73.94707,0,0,Unspecified,4455546,22.4,19.8,18.4,18.4,0.0,15.0,63,17.5,39.2,271,Rain: Moderate,0,0,
87231,2021-09-08 14:50:00,40.797916,-73.96385,2,0,Unspecified,4455067,26.4,19.6,0.7,0.7,0.0,6.0,51,26.7,55.8,187,Drizzle: Light,2,2,
87232,2021-09-08 10:00:00,40.80715,-73.90821,1,0,Failure to Yield Right-of-Way,4455514,26.4,19.6,0.7,0.7,0.0,6.0,51,26.7,55.8,187,Drizzle: Light,1,1,
87233,2021-09-08 03:09:00,40.840424,-73.92239,0,0,Brakes Defective,4455247,26.4,19.6,0.7,0.7,0.0,6.0,51,26.7,55.8,187,Drizzle: Light,0,0,
87234,2021-08-30 02:11:00,40.69247,-73.75942,0,0,Passing Too Closely,4455752,28.7,21.7,3.9,3.9,0.0,7.0,63,14.7,33.8,231,Rain: Moderate,0,0,
87235,2021-09-08 17:50:00,40.84356,-73.938156,1,0,Driver Inattention/Distraction,4455193,26.4,19.6,0.7,0.7,0.0,6.0,51,26.7,55.8,187,Drizzle: Light,1,1,
87236,2021-08-28 22:41:00,40.69889,-73.91753,0,0,Driver Inattention/Distraction,4455771,26.2,20.2,3.9,3.9,0.0,18.0,53,23.5,45.0,65,Drizzle: Moderate,0,0,
87237,2021-09-10 09:06:00,40.59977,-73.993675,0,0,Driver Inattention/Distraction,4456026,22.9,16.0,0.0,0.0,0.0,0.0,3,24.2,47.2,314,Overcast,0,0,
87238,2021-09-10 16:27:00,40.73204,-73.87034,1,0,Unsafe Lane Changing,4455657,22.9,16.0,0.0,0.0,0.0,0.0,3,24.2,47.2,314,Overcast,1,1,
87239,2021-09-10 09:50:00,40.87829,-73.87006,0,0,Unsafe Speed,4456470,22.9,16.0,0.0,0.0,0.0,0.0,3,24.2,47.2,314,Overcast,0,0,
87240,2021-09-10 13:45:00,40.761765,-73.839874,0,0,Traffic Control Disregarded,4456169,22.9,16.0,0.0,0.0,0.0,0.0,3,24.2,47.2,314,Overcast,0,0,
87241,2021-09-09 05:00:00,40.73877,-73.887886,0,0,Driver Inattention/Distraction,4455153,22.4,19.8,18.4,18.4,0.0,15.0,63,17.5,39.2,271,Rain: Moderate,0,0,
87242,2021-09-09 18:00:00,40.700768,-73.990944,1,0,Following Too Closely,4455478,22.4,19.8,18.4,18.4,0.0,15.0,63,17.5,39.2,271,Rain: Moderate,1,1,
87243,2021-09-08 10:11:00,40.669113,-73.95336,0,0,Driver Inattention/Distraction,4455629,26.4,19.6,0.7,0.7,0.0,6.0,51,26.7,55.8,187,Drizzle: Light,0,0,
87244,2021-09-08 12:52:00,40.758007,-73.96625,0,0,Driver Inattention/Distraction,4455390,26.4,19.6,0.7,0.7,0.0,6.0,51,26.7,55.8,187,Drizzle: Light,0,0,
87245,2021-09-09 15:00:00,40.901726,-73.90604,0,0,Unspecified,4456225,22.4,19.8,18.4,18.4,0.0,15.0,63,17.5,39.2,271,Rain: Moderate,0,0,
87246,2021-09-08 10:00:00,40.724583,-73.94831,1,0,Passing or Lane Usage Improper,4455172,26.4,19.6,0.7,0.7,0.0,6.0,51,26.7,55.8,187,Drizzle: Light,1,1,
87247,2021-09-09 13:20:00,40.835598,-73.9138,1,0,Following Too Closely,4455491,22.4,19.8,18.4,18.4,0.0,15.0,63,17.5,39.2,271,Rain: Moderate,1,1,
87248,2021-09-09 20:00:00,40.651863,-73.86536,0,0,Passing or Lane Usage Improper,4456306,22.4,19.8,18.4,18.4,0.0,15.0,63,17.5,39.2,271,Rain: Moderate,0,0,
87249,2021-09-08 00:36:00,40.889137,-73.88885,2,0,Unsafe Speed,4455109,26.4,19.6,0.7,0.7,0.0,6.0,51,26.7,55.8,187,Drizzle: Light,2,2,
87250,2021-09-10 21:45:00,40.80843,-73.92338,0,0,Unspecified,4455712,22.9,16.0,0.0,0.0,0.0,0.0,3,24.2,47.2,314,Overcast,0,0,
87251,2021-09-10 16:45:00,40.60876,-74.00081,0,0,Driver Inattention/Distraction,4455979,22.9,16.0,0.0,0.0,0.0,0.0,3,24.2,47.2,314,Overcast,0,0,
87252,2021-09-08 15:45:00,40.675735,-73.89686,0,0,Driver Inattention/Distraction,4455283,26.4,19.6,0.7,0.7,0.0,6.0,51,26.7,55.8,187,Drizzle: Light,0,0,
87253,2021-09-10 11:30:00,40.69061,-73.726265,0,0,Unsafe Speed,4455695,22.9,16.0,0.0,0.0,0.0,0.0,3,24.2,47.2,314,Overcast,0,0,
87254,2021-09-10 18:50:00,40.66061,-73.94262,1,0,Driver Inexperience,4455842,22.9,16.0,0.0,0.0,0.0,0.0,3,24.2,47.2,314,Overcast,1,1,
87255,2021-08-13 16:40:00,40.670887,-73.93649,0,0,Reaction to Uninvolved Vehicle,4456252,33.2,24.8,0.0,0.0,0.0,0.0,3,18.2,34.9,215,Overcast,0,0,
87256,2021-09-03 23:50:00,40.67425,-73.982086,1,0,Following Too Closely,4455866,21.9,14.0,0.0,0.0,0.0,0.0,3,14.5,30.2,321,Overcast,1,1,
87257,2021-09-07 11:45:00,40.692146,-73.919464,0,0,Passing or Lane Usage Improper,4455804,25.9,15.2,0.0,0.0,0.0,0.0,1,12.5,25.6,259,Mainly clear,0,0,Sunny/Clear Conditions
87258,2021-09-10 19:00:00,40.758312,-73.96,0,0,Driver Inattention/Distraction,4455684,22.9,16.0,0.0,0.0,0.0,0.0,3,24.2,47.2,314,Overcast,0,0,
87259,2021-09-10 13:35:00,40.85993,-73.84308,2,0,Driver Inattention/Distraction,4455647,22.9,16.0,0.0,0.0,0.0,0.0,3,24.2,47.2,314,Overcast,2,2,
87260,2021-09-10 08:51:00,40.60063,-73.75059,0,0,Unspecified,4455748,22.9,16.0,0.0,0.0,0.0,0.0,3,24.2,47.2,314,Overcast,0,0,
87261,2021-09-04 22:30:00,40.757977,-73.88297,1,0,Unspecified,4455854,25.2,14.5,0.0,0.0,0.0,0.0,3,15.4,27.0,289,Overcast,1,1,
87262,2021-08-19 17:00:00,40.762383,-73.90344,0,0,Unspecified,4456428,30.2,23.4,11.8,11.8,0.0,13.0,61,26.3,53.3,223,Rain: Light,0,0,
87263,2021-09-10 08:15:00,40.81766,-73.93076,1,0,Unspecified,4455705,22.9,16.0,0.0,0.0,0.0,0.0,3,24.2,47.2,314,Overcast,1,1,
87264,2021-09-07 07:38:00,40.77428,-73.97738,0,0,Driver Inattention/Distraction,4455889,25.9,15.2,0.0,0.0,0.0,0.0,1,12.5,25.6,259,Mainly clear,0,0,Sunny/Clear Conditions
87265,2021-09-08 12:07:00,40.689137,-73.990715,0,0,Turning Improperly,4455138,26.4,19.6,0.7,0.7,0.0,6.0,51,26.7,55.8,187,Drizzle: Light,0,0,
87266,2021-09-01 12:55:00,40.702362,-73.91291,0,0,Passing Too Closely,4455784,23.2,18.4,121.7,121.7,0.0,18.0,65,43.2,78.5,42,Rain: Heavy,0,0,
87267,2021-09-09 06:30:00,40.670403,-73.85629,1,0,Following Too Closely,4456141,22.4,19.8,18.4,18.4,0.0,15.0,63,17.5,39.2,271,Rain: Moderate,1,1,
87268,2021-09-08 21:30:00,40.83576,-73.891396,1,0,Unspecified,4455551,26.4,19.6,0.7,0.7,0.0,6.0,51,26.7,55.8,187,Drizzle: Light,1,1,
87269,2021-09-08 07:30:00,40.700775,-73.91334,0,0,Driver Inattention/Distraction,4455809,26.4,19.6,0.7,0.7,0.0,6.0,51,26.7,55.8,187,Drizzle: Light,0,0,
87270,2022-02-02 23:00:00,40.718353,-73.7654,0,0,Driver Inattention/Distraction,4500534,3.8,-7.2,0.0,0.0,0.0,0.0,3,10.6,16.2,93,Overcast,0,0,
87271,2021-09-10 16:00:00,40.81572,-73.925064,0,0,Unspecified,4456458,22.9,16.0,0.0,0.0,0.0,0.0,3,24.2,47.2,314,Overcast,0,0,
87272,2021-09-03 07:56:00,40.812748,-73.89335,1,0,Lost Consciousness,4455884,21.9,14.0,0.0,0.0,0.0,0.0,3,14.5,30.2,321,Overcast,1,1,
87273,2021-09-10 17:54:00,40.829647,-73.94439,0,0,Driver Inattention/Distraction,4455673,22.9,16.0,0.0,0.0,0.0,0.0,3,24.2,47.2,314,Overcast,0,0,
87274,2021-09-10 12:35:00,40.67546,-73.73385,1,0,Driver Inattention/Distraction,4455945,22.9,16.0,0.0,0.0,0.0,0.0,3,24.2,47.2,314,Overcast,1,1,
87275,2021-09-09 15:05:00,40.704716,-73.92875,1,0,Passing or Lane Usage Improper,4455817,22.4,19.8,18.4,18.4,0.0,15.0,63,17.5,39.2,271,Rain: Moderate,1,1,
87276,2021-09-02 02:07:00,40.85787,-73.93842,2,0,Driver Inattention/Distraction,4455615,24.5,15.0,24.6,24.6,0.0,5.0,65,43.0,83.5,344,Rain: Heavy,2,2,
87277,2021-09-07 05:52:00,40.80543,-73.92087,1,0,Unspecified,4456456,25.9,15.2,0.0,0.0,0.0,0.0,1,12.5,25.6,259,Mainly clear,1,1,Sunny/Clear Conditions
87278,2021-09-08 11:00:00,40.82839,-73.916916,1,0,Pedestrian/Bicyclist/Other Pedestrian Error/Confusion,4455251,26.4,19.6,0.7,0.7,0.0,6.0,51,26.7,55.8,187,Drizzle: Light,1,1,
87279,2021-09-09 08:45:00,40.6772,-73.94147,0,0,Following Too Closely,4456273,22.4,19.8,18.4,18.4,0.0,15.0,63,17.5,39.2,271,Rain: Moderate,0,0,
87280,2021-09-09 08:40:00,40.666077,-73.90672,0,0,Unspecified,4455911,22.4,19.8,18.4,18.4,0.0,15.0,63,17.5,39.2,271,Rain: Moderate,0,0,
87281,2021-09-08 09:15:00,40.73181,-73.866646,0,0,Failure to Yield Right-of-Way,4454960,26.4,19.6,0.7,0.7,0.0,6.0,51,26.7,55.8,187,Drizzle: Light,0,0,
87282,2021-09-08 16:40:00,40.5946,-73.96681,1,0,Driver Inattention/Distraction,4455177,26.4,19.6,0.7,0.7,0.0,6.0,51,26.7,55.8,187,Drizzle: Light,1,1,
87283,2021-09-08 20:28:00,40.84592,-73.831566,1,0,Unspecified,4456493,26.4,19.6,0.7,0.7,0.0,6.0,51,26.7,55.8,187,Drizzle: Light,1,1,
87284,2021-08-28 17:15:00,40.82097,-73.89242,0,0,Unspecified,4455727,26.2,20.2,3.9,3.9,0.0,18.0,53,23.5,45.0,65,Drizzle: Moderate,0,0,
87285,2021-09-08 16:30:00,40.726536,-73.9544,0,0,Passing Too Closely,4455045,26.4,19.6,0.7,0.7,0.0,6.0,51,26.7,55.8,187,Drizzle: Light,0,0,
87286,2021-09-02 09:10:00,40.729794,-73.98866,1,0,View Obstructed/Limited,4456020,24.5,15.0,24.6,24.6,0.0,5.0,65,43.0,83.5,344,Rain: Heavy,1,1,
87287,2021-09-04 05:27:00,40.87226,-73.8428,1,0,Alcohol Involvement,4455529,25.2,14.5,0.0,0.0,0.0,0.0,3,15.4,27.0,289,Overcast,1,1,
87288,2021-09-10 11:57:00,40.60232,-73.759,0,0,Following Too Closely,4455766,22.9,16.0,0.0,0.0,0.0,0.0,3,24.2,47.2,314,Overcast,0,0,
87289,2021-09-08 21:32:00,40.67619,-73.9081,1,0,Failure to Yield Right-of-Way,4455183,26.4,19.6,0.7,0.7,0.0,6.0,51,26.7,55.8,187,Drizzle: Light,1,1,
87290,2021-09-08 20:26:00,40.597477,-73.96871,0,0,Driver Inattention/Distraction,4455176,26.4,19.6,0.7,0.7,0.0,6.0,51,26.7,55.8,187,Drizzle: Light,0,0,
87291,2021-09-08 12:17:00,40.830738,-73.9105,0,0,Backing Unsafely,4455495,26.4,19.6,0.7,0.7,0.0,6.0,51,26.7,55.8,187,Drizzle: Light,0,0,
87292,2021-09-09 11:32:00,40.609592,-74.06953,2,0,Driver Inattention/Distraction,4455352,22.4,19.8,18.4,18.4,0.0,15.0,63,17.5,39.2,271,Rain: Moderate,2,2,
87293,2021-09-09 06:42:00,40.701527,-73.89482,1,0,Failure to Yield Right-of-Way,4455364,22.4,19.8,18.4,18.4,0.0,15.0,63,17.5,39.2,271,Rain: Moderate,1,1,
87294,2021-08-24 09:00:00,40.676014,-73.90511,0,0,Unspecified,4456044,30.6,21.9,0.0,0.0,0.0,0.0,1,13.9,28.1,291,Mainly clear,0,0,Sunny/Clear Conditions
87295,2021-09-08 06:39:00,40.606907,-73.9705,0,0,Driver Inattention/Distraction,4454865,26.4,19.6,0.7,0.7,0.0,6.0,51,26.7,55.8,187,Drizzle: Light,0,0,
87296,2021-09-10 16:35:00,40.675735,-73.89686,0,0,Unsafe Lane Changing,4456311,22.9,16.0,0.0,0.0,0.0,0.0,3,24.2,47.2,314,Overcast,0,0,
87297,2021-09-09 10:41:00,40.75763,-73.82799,0,0,Failure to Yield Right-of-Way,4455402,22.4,19.8,18.4,18.4,0.0,15.0,63,17.5,39.2,271,Rain: Moderate,0,0,
87298,2021-09-04 05:00:00,40.701103,-73.92239,0,0,Driver Inattention/Distraction,4455795,25.2,14.5,0.0,0.0,0.0,0.0,3,15.4,27.0,289,Overcast,0,0,
87299,2021-09-07 14:00:00,40.81846,-73.91489,0,0,Driver Inattention/Distraction,4455518,25.9,15.2,0.0,0.0,0.0,0.0,1,12.5,25.6,259,Mainly clear,0,0,Sunny/Clear Conditions
87300,2021-09-09 12:31:00,40.647068,-73.993935,0,0,Driver Inattention/Distraction,4456063,22.4,19.8,18.4,18.4,0.0,15.0,63,17.5,39.2,271,Rain: Moderate,0,0,
87301,2021-09-08 06:20:00,40.747147,-73.77754,0,0,Driver Inattention/Distraction,4455298,26.4,19.6,0.7,0.7,0.0,6.0,51,26.7,55.8,187,Drizzle: Light,0,0,
87302,2021-09-09 17:06:00,40.646664,-73.89997,1,0,Unspecified,4455666,22.4,19.8,18.4,18.4,0.0,15.0,63,17.5,39.2,271,Rain: Moderate,1,1,
87303,2021-09-10 01:20:00,40.710243,-73.9584,1,0,Unsafe Speed,4455457,22.9,16.0,0.0,0.0,0.0,0.0,3,24.2,47.2,314,Overcast,1,1,
87304,2021-09-09 17:38:00,40.67616,-73.86446,0,0,Unsafe Speed,4456287,22.4,19.8,18.4,18.4,0.0,15.0,63,17.5,39.2,271,Rain: Moderate,0,0,
87305,2021-09-09 16:50:00,40.738773,-73.80846,1,0,Following Too Closely,4455699,22.4,19.8,18.4,18.4,0.0,15.0,63,17.5,39.2,271,Rain: Moderate,1,1,
87306,2021-08-31 14:16:00,40.78517,-73.973145,0,0,Passing or Lane Usage Improper,4455821,28.5,21.2,0.0,0.0,0.0,0.0,3,15.5,29.9,301,Overcast,0,0,
87307,2021-07-31 00:37:00,40.697075,-73.93185,1,0,Traffic Control Disregarded,4455556,25.6,14.5,0.0,0.0,0.0,0.0,2,16.8,33.8,304,Partly cloudy,1,1,
87308,2021-09-08 07:39:00,40.73416,-73.98863,0,0,Driver Inattention/Distraction,4455848,26.4,19.6,0.7,0.7,0.0,6.0,51,26.7,55.8,187,Drizzle: Light,0,0,
87309,2021-09-10 16:09:00,40.637264,-73.908966,0,0,Passing Too Closely,4455688,22.9,16.0,0.0,0.0,0.0,0.0,3,24.2,47.2,314,Overcast,0,0,
87310,2021-09-08 19:17:00,40.676342,-73.910934,1,0,Unspecified,4456359,26.4,19.6,0.7,0.7,0.0,6.0,51,26.7,55.8,187,Drizzle: Light,1,1,
87311,2021-09-10 01:40:00,40.602173,-73.99359,1,0,Aggressive Driving/Road Rage,4456011,22.9,16.0,0.0,0.0,0.0,0.0,3,24.2,47.2,314,Overcast,1,1,
87312,2021-09-04 14:20:00,40.61324,-74.12045,0,0,Other Vehicular,4456050,25.2,14.5,0.0,0.0,0.0,0.0,3,15.4,27.0,289,Overcast,0,0,
87313,2021-09-10 18:40:00,40.607323,-73.97271,1,0,Backing Unsafely,4455744,22.9,16.0,0.0,0.0,0.0,0.0,3,24.2,47.2,314,Overcast,1,1,
87314,2021-09-10 08:30:00,40.665836,-73.75739,0,0,Following Too Closely,4455905,22.9,16.0,0.0,0.0,0.0,0.0,3,24.2,47.2,314,Overcast,0,0,
87315,2021-09-01 03:40:00,40.659603,-73.92929,0,0,Unsafe Speed,4456231,23.2,18.4,121.7,121.7,0.0,18.0,65,43.2,78.5,42,Rain: Heavy,0,0,
87316,2021-09-07 14:00:00,40.666813,-73.886,0,0,Driver Inattention/Distraction,4456292,25.9,15.2,0.0,0.0,0.0,0.0,1,12.5,25.6,259,Mainly clear,0,0,Sunny/Clear Conditions
87317,2021-09-10 15:10:00,40.78944,-73.82045,0,0,Failure to Yield Right-of-Way,4456267,22.9,16.0,0.0,0.0,0.0,0.0,3,24.2,47.2,314,Overcast,0,0,
87318,2021-09-09 17:00:00,40.67991,-73.752,0,0,Unspecified,4455444,22.4,19.8,18.4,18.4,0.0,15.0,63,17.5,39.2,271,Rain: Moderate,0,0,