,CRASH DATETIME,LATITUDE,LONGITUDE,NUMBER OF PERSONS INJURED,NUMBER OF PERSONS KILLED,CONTRIBUTING FACTOR VEHICLE 1,COLLISION_ID,temperature_2m_max,temperature_2m_min,precipitation_sum,rain_sum,snowfall_sum,precipitation_hours,weather_code,wind_speed_10m_max,wind_gusts_10m_max,wind_direction_10m_dominant,Weather Description,Severity_Score,Total_Affected_Persons,Weather_Category
87319,2021-09-07 15:39:00,40.802757,-73.93026,0,0,Passing or Lane Usage Improper,4455570,25.9,15.2,0.0,0.0,0.0,0.0,1,12.5,25.6,259,Mainly clear,0,0,Sunny/Clear Conditions
87320,2021-09-09 01:42:00,40.724308,-73.842575,0,0,Driver Inattention/Distraction,4456423,22.4,19.8,18.4,18.4,0.0,15.0,63,17.5,39.2,271,Rain: Moderate,0,0,
87321,2021-09-04 02:02:00,40.606888,-73.99589,0,0,Aggressive Driving/Road Rage,4455974,25.2,14.5,0.0,0.0,0.0,0.0,3,15.4,27.0,289,Overcast,0,0,
87322,2021-09-10 17:06:00,40.64803,-73.966675,1,0,Driver Inattention/Distraction,4455779,22.9,16.0,0.0,0.0,0.0,0.0,3,24.2,47.2,314,Overcast,1,1,
87323,2021-09-09 18:15:00,40.799286,-73.945366,0,0,Unspecified,4455583,22.4,19.8,18.4,18.4,0.0,15.0,63,17.5,39.2,271,Rain: Moderate,0,0,
87324,2021-09-07 17:59:00,40.75708,-73.90648,0,0,Driver Inattention/Distraction,4455588,25.9,15.2,0.0,0.0,0.0,0.0,1,12.5,25.6,259,Mainly clear,0,0,Sunny/Clear Conditions
87325,2021-09-06 20:35:00,40.862312,-73.929436,1,0,Turning Improperly,4456110,26.9,18.4,0.0,0.0,0.0,0.0,3,19.6,37.8,273,Overcast,1,1,
87326,2021-09-08 15:12:00,40.85179,-73.90279,0,0,Passing Too Closely,4455238,26.4,19.6,0.7,0.7,0.0,6.0,51,26.7,55.8,187,Drizzle: Light,0,0,
87327,2021-09-08 13:41:00,40.605675,-73.966965,2,0,Driver Inattention/Distraction,4455027,26.4,19.6,0.7,0.7,0.0,6.0,51,26.7,55.8,187,Drizzle: Light,2,2,
87328,2021-09-08 00:43:00,40.848133,-73.88885,0,0,Backing Unsafely,4455204,26.4,19.6,0.7,0.7,0.0,6.0,51,26.7,55.8,187,Drizzle: Light,0,0,
87329,2021-09-09 15:00:00,40.781506,-73.816956,1,0,Failure to Yield Right-of-Way,4455400,22.4,19.8,18.4,18.4,0.0,15.0,63,17.5,39.2,271,Rain: Moderate,1,1,
87330,2021-09-08 15:20:00,40.742035,-73.86604,0,0,Failure to Yield Right-of-Way,4455053,26.4,19.6,0.7,0.7,0.0,6.0,51,26.7,55.8,187,Drizzle: Light,0,0,
87331,2021-08-13 11:33:00,40.87802,-73.90241,0,0,Unspecified,4456168,33.2,24.8,0.0,0.0,0.0,0.0,3,18.2,34.9,215,Overcast,0,0,
87332,2021-09-08 22:00:00,40.583355,-74.14962,0,0,Driver Inattention/Distraction,4455226,26.4,19.6,0.7,0.7,0.0,6.0,51,26.7,55.8,187,Drizzle: Light,0,0,
87333,2021-08-23 01:00:00,40.756058,-73.94283,0,0,Unspecified,4455963,28.7,22.0,36.1,36.1,0.0,19.0,65,27.4,49.3,230,Rain: Heavy,0,0,
87334,2021-09-09 15:05:00,40.59296,-73.79418,0,0,Driver Inattention/Distraction,4455418,22.4,19.8,18.4,18.4,0.0,15.0,63,17.5,39.2,271,Rain: Moderate,0,0,
87335,2021-09-08 10:40:00,40.66479,-73.98599,0,0,Driver Inattention/Distraction,4455089,26.4,19.6,0.7,0.7,0.0,6.0,51,26.7,55.8,187,Drizzle: Light,0,0,
87336,2021-09-10 19:12:00,40.6864,-73.9685,1,0,Failure to Yield Right-of-Way,4455731,22.9,16.0,0.0,0.0,0.0,0.0,3,24.2,47.2,314,Overcast,1,1,
87337,2021-09-09 00:23:00,40.639507,-73.90386,0,0,Backing Unsafely,4455258,22.4,19.8,18.4,18.4,0.0,15.0,63,17.5,39.2,271,Rain: Moderate,0,0,
87338,2021-09-10 16:45:00,40.65431,-74.004425,2,0,Unspecified,4455869,22.9,16.0,0.0,0.0,0.0,0.0,3,24.2,47.2,314,Overcast,2,2,
87339,2021-09-09 17:33:00,40.667313,-73.73926,1,0,Passing or Lane Usage Improper,4455442,22.4,19.8,18.4,18.4,0.0,15.0,63,17.5,39.2,271,Rain: Moderate,1,1,
87340,2021-09-08 08:50:00,40.61312,-73.9894,0,0,Passing or Lane Usage Improper,4454992,26.4,19.6,0.7,0.7,0.0,6.0,51,26.7,55.8,187,Drizzle: Light,0,0,
87341,2021-09-10 01:00:00,40.792812,-73.937744,0,0,Failure to Yield Right-of-Way,4455602,22.9,16.0,0.0,0.0,0.0,0.0,3,24.2,47.2,314,Overcast,0,0,
87342,2021-09-09 19:00:00,40.8566,-73.86849,0,0,Driver Inattention/Distraction,4455533,22.4,19.8,18.4,18.4,0.0,15.0,63,17.5,39.2,271,Rain: Moderate,0,0,
87343,2021-09-10 20:01:00,40.776638,-73.84531,0,0,Texting,4455932,22.9,16.0,0.0,0.0,0.0,0.0,3,24.2,47.2,314,Overcast,0,0,
87344,2021-08-28 05:00:00,40.75846,-73.87833,0,0,Unspecified,4455761,26.2,20.2,3.9,3.9,0.0,18.0,53,23.5,45.0,65,Drizzle: Moderate,0,0,
87345,2021-09-10 09:33:00,40.599144,-73.95356,0,0,Turning Improperly,4455742,22.9,16.0,0.0,0.0,0.0,0.0,3,24.2,47.2,314,Overcast,0,0,
87346,2021-09-04 23:00:00,40.819252,-73.955086,0,0,Unspecified,4456102,25.2,14.5,0.0,0.0,0.0,0.0,3,15.4,27.0,289,Overcast,0,0,
87347,2021-09-10 20:42:00,40.637676,-73.8925,0,0,Unspecified,4455720,22.9,16.0,0.0,0.0,0.0,0.0,3,24.2,47.2,314,Overcast,0,0,
87348,2021-08-28 16:00:00,40.69977,-73.98294,1,0,Failure to Yield Right-of-Way,4456259,26.2,20.2,3.9,3.9,0.0,18.0,53,23.5,45.0,65,Drizzle: Moderate,1,1,
87349,2021-09-04 18:55:00,40.754078,-73.9326,2,0,Driver Inattention/Distraction,4456436,25.2,14.5,0.0,0.0,0.0,0.0,3,15.4,27.0,289,Overcast,2,2,
87350,2021-09-08 08:00:00,40.809692,-73.94409,0,0,Following Too Closely,4455254,26.4,19.6,0.7,0.7,0.0,6.0,51,26.7,55.8,187,Drizzle: Light,0,0,
87351,2021-08-31 09:30:00,40.685368,-73.9109,1,0,Pedestrian/Bicyclist/Other Pedestrian Error/Confusion,4455581,28.5,21.2,0.0,0.0,0.0,0.0,3,15.5,29.9,301,Overcast,1,1,
87352,2021-09-10 19:30:00,40.67413,-73.913925,0,0,Unspecified,4455874,22.9,16.0,0.0,0.0,0.0,0.0,3,24.2,47.2,314,Overcast,0,0,
87353,2021-09-08 08:40:00,40.677937,-73.89543,0,0,Alcohol Involvement,4455281,26.4,19.6,0.7,0.7,0.0,6.0,51,26.7,55.8,187,Drizzle: Light,0,0,
87354,2021-09-09 04:37:00,40.840225,-73.91769,0,0,Traffic Control Disregarded,4455560,22.4,19.8,18.4,18.4,0.0,15.0,63,17.5,39.2,271,Rain: Moderate,0,0,
87355,2021-09-06 05:55:00,40.671406,-73.96133,0,0,Driver Inattention/Distraction,4455931,26.9,18.4,0.0,0.0,0.0,0.0,3,19.6,37.8,273,Overcast,0,0,
87356,2021-09-08 00:50:00,40.736046,-73.92673,1,0,Driver Inattention/Distraction,4455052,26.4,19.6,0.7,0.7,0.0,6.0,51,26.7,55.8,187,Drizzle: Light,1,1,
87357,2021-09-10 08:00:00,40.69603,-73.943535,0,0,Failure to Yield Right-of-Way,4456150,22.9,16.0,0.0,0.0,0.0,0.0,3,24.2,47.2,314,Overcast,0,0,
87358,2021-09-07 22:30:00,40.814724,-73.822044,0,0,Unspecified,4456010,25.9,15.2,0.0,0.0,0.0,0.0,1,12.5,25.6,259,Mainly clear,0,0,Sunny/Clear Conditions
87359,2021-09-09 16:00:00,40.66618,-73.94902,0,0,Passing Too Closely,4455425,22.4,19.8,18.4,18.4,0.0,15.0,63,17.5,39.2,271,Rain: Moderate,0,0,
87360,2021-08-23 18:50:00,40.68442,-73.97839,0,0,Driver Inattention/Distraction,4455958,28.7,22.0,36.1,36.1,0.0,19.0,65,27.4,49.3,230,Rain: Heavy,0,0,
87361,2021-09-05 16:24:00,40.697346,-73.89081,0,0,Unspecified,4456215,24.5,16.9,1.0,1.0,0.0,6.0,51,15.5,42.5,204,Drizzle: Light,0,0,
87362,2021-09-06 17:09:00,40.864807,-73.91937,0,0,Traffic Control Disregarded,4456113,26.9,18.4,0.0,0.0,0.0,0.0,3,19.6,37.8,273,Overcast,0,0,
87363,2021-09-10 09:00:00,40.739094,-73.91762,0,0,Unspecified,4455735,22.9,16.0,0.0,0.0,0.0,0.0,3,24.2,47.2,314,Overcast,0,0,
87364,2021-09-02 14:50:00,40.815212,-73.88181,2,0,Driver Inattention/Distraction,4455895,24.5,15.0,24.6,24.6,0.0,5.0,65,43.0,83.5,344,Rain: Heavy,2,2,
87365,2021-09-10 12:20:00,40.751045,-73.946465,0,0,Driver Inattention/Distraction,4455737,22.9,16.0,0.0,0.0,0.0,0.0,3,24.2,47.2,314,Overcast,0,0,
87366,2021-09-08 16:08:00,40.758255,-73.7772,1,0,Reaction to Uninvolved Vehicle,4455432,26.4,19.6,0.7,0.7,0.0,6.0,51,26.7,55.8,187,Drizzle: Light,1,1,
87367,2021-09-08 19:17:00,40.588886,-73.965645,1,0,Traffic Control Disregarded,4456385,26.4,19.6,0.7,0.7,0.0,6.0,51,26.7,55.8,187,Drizzle: Light,1,1,
87368,2021-09-08 06:30:00,40.78614,-73.93929,0,0,Passing or Lane Usage Improper,4455165,26.4,19.6,0.7,0.7,0.0,6.0,51,26.7,55.8,187,Drizzle: Light,0,0,
87369,2021-09-09 12:46:00,40.584885,-73.81896,0,0,Driver Inattention/Distraction,4455420,22.4,19.8,18.4,18.4,0.0,15.0,63,17.5,39.2,271,Rain: Moderate,0,0,
87370,2021-09-09 10:15:00,40.50483,-74.241646,1,0,Failure to Yield Right-of-Way,4455295,22.4,19.8,18.4,18.4,0.0,15.0,63,17.5,39.2,271,Rain: Moderate,1,1,
87371,2021-09-10 13:00:00,40.709675,-73.82003,0,0,Unspecified,4455703,22.9,16.0,0.0,0.0,0.0,0.0,3,24.2,47.2,314,Overcast,0,0,
87372,2021-09-09 17:30:00,40.757828,-73.99308,0,0,Driver Inattention/Distraction,4455394,22.4,19.8,18.4,18.4,0.0,15.0,63,17.5,39.2,271,Rain: Moderate,0,0,
87373,2021-09-08 12:45:00,40.738575,-73.845345,0,0,Driver Inattention/Distraction,4455008,26.4,19.6,0.7,0.7,0.0,6.0,51,26.7,55.8,187,Drizzle: Light,0,0,
87374,2021-09-02 11:56:00,40.820187,-73.890686,1,0,Other Vehicular,4455571,24.5,15.0,24.6,24.6,0.0,5.0,65,43.0,83.5,344,Rain: Heavy,1,1,
87375,2021-09-07 13:49:00,40.701763,-73.9276,1,0,Failure to Yield Right-of-Way,4455803,25.9,15.2,0.0,0.0,0.0,0.0,1,12.5,25.6,259,Mainly clear,1,1,Sunny/Clear Conditions
87376,2021-09-08 18:20:00,40.630093,-74.02241,0,0,Unspecified,4455099,26.4,19.6,0.7,0.7,0.0,6.0,51,26.7,55.8,187,Drizzle: Light,0,0,
87377,2021-09-09 11:18:00,40.82419,-73.91385,0,0,Failure to Yield Right-of-Way,4455549,22.4,19.8,18.4,18.4,0.0,15.0,63,17.5,39.2,271,Rain: Moderate,0,0,
87378,2021-09-08 08:36:00,40.6957,-73.75674,0,0,Failure to Yield Right-of-Way,4454941,26.4,19.6,0.7,0.7,0.0,6.0,51,26.7,55.8,187,Drizzle: Light,0,0,
87379,2021-09-10 09:45:00,40.739574,-73.79167,1,0,Driver Inexperience,4455603,22.9,16.0,0.0,0.0,0.0,0.0,3,24.2,47.2,314,Overcast,1,1,
87380,2021-09-10 12:00:00,40.661972,-73.89814,0,0,Unspecified,4456309,22.9,16.0,0.0,0.0,0.0,0.0,3,24.2,47.2,314,Overcast,0,0,
87381,2021-09-08 20:30:00,40.653233,-73.93054,1,0,Backing Unsafely,4455540,26.4,19.6,0.7,0.7,0.0,6.0,51,26.7,55.8,187,Drizzle: Light,1,1,
87382,2021-09-08 15:10:00,40.88321,-73.827934,2,0,Following Too Closely,4455069,26.4,19.6,0.7,0.7,0.0,6.0,51,26.7,55.8,187,Drizzle: Light,2,2,
87383,2021-09-10 22:36:00,40.78356,-73.82449,0,0,Following Too Closely,4455730,22.9,16.0,0.0,0.0,0.0,0.0,3,24.2,47.2,314,Overcast,0,0,
87384,2021-09-10 00:35:00,40.763573,-73.92189,0,0,Alcohol Involvement,4455459,22.9,16.0,0.0,0.0,0.0,0.0,3,24.2,47.2,314,Overcast,0,0,
87385,2021-08-30 00:20:00,40.693874,-73.91777,0,0,Unspecified,4455772,28.7,21.7,3.9,3.9,0.0,7.0,63,14.7,33.8,231,Rain: Moderate,0,0,
87386,2021-09-08 23:04:00,40.732803,-73.98606,1,0,Unsafe Speed,4456030,26.4,19.6,0.7,0.7,0.0,6.0,51,26.7,55.8,187,Drizzle: Light,1,1,
87387,2021-09-08 17:38:00,40.6442,-73.96595,1,0,Unspecified,4455196,26.4,19.6,0.7,0.7,0.0,6.0,51,26.7,55.8,187,Drizzle: Light,1,1,
87388,2021-09-01 17:05:00,40.784355,-73.98117,1,0,Following Too Closely,4455898,23.2,18.4,121.7,121.7,0.0,18.0,65,43.2,78.5,42,Rain: Heavy,1,1,
87389,2021-09-10 14:00:00,40.71123,-73.85575,1,0,Driver Inattention/Distraction,4455656,22.9,16.0,0.0,0.0,0.0,0.0,3,24.2,47.2,314,Overcast,1,1,
87390,2021-09-08 09:10:00,40.665268,-73.827705,0,0,Driver Inattention/Distraction,4455060,26.4,19.6,0.7,0.7,0.0,6.0,51,26.7,55.8,187,Drizzle: Light,0,0,
87391,2021-09-09 12:16:00,40.701077,-73.94043,0,0,Backing Unsafely,4455624,22.4,19.8,18.4,18.4,0.0,15.0,63,17.5,39.2,271,Rain: Moderate,0,0,
87392,2021-09-09 00:00:00,40.67582,-73.930466,0,0,Traffic Control Disregarded,4455351,22.4,19.8,18.4,18.4,0.0,15.0,63,17.5,39.2,271,Rain: Moderate,0,0,
87393,2021-09-09 15:20:00,40.670578,-73.89582,0,0,Unspecified,4456285,22.4,19.8,18.4,18.4,0.0,15.0,63,17.5,39.2,271,Rain: Moderate,0,0,
87394,2021-09-09 12:45:00,40.638172,-73.98526,0,0,Unspecified,4456062,22.4,19.8,18.4,18.4,0.0,15.0,63,17.5,39.2,271,Rain: Moderate,0,0,
87395,2021-09-08 10:30:00,40.656105,-73.8968,0,0,Passing or Lane Usage Improper,4455262,26.4,19.6,0.7,0.7,0.0,6.0,51,26.7,55.8,187,Drizzle: Light,0,0,
87396,2021-07-31 16:55:00,40.81322,-73.897835,0,0,Unspecified,4455887,25.6,14.5,0.0,0.0,0.0,0.0,2,16.8,33.8,304,Partly cloudy,0,0,
87397,2021-09-10 15:12:00,40.84107,-73.93605,1,0,Driver Inattention/Distraction,4456343,22.9,16.0,0.0,0.0,0.0,0.0,3,24.2,47.2,314,Overcast,1,1,
87398,2021-09-08 14:20:00,40.804585,-73.91213,0,0,Failure to Yield Right-of-Way,4455507,26.4,19.6,0.7,0.7,0.0,6.0,51,26.7,55.8,187,Drizzle: Light,0,0,
87399,2021-09-07 13:00:00,40.715202,-73.801575,0,0,Driver Inattention/Distraction,4455698,25.9,15.2,0.0,0.0,0.0,0.0,1,12.5,25.6,259,Mainly clear,0,0,Sunny/Clear Conditions
87400,2021-09-08 18:07:00,40.658394,-73.90464,0,0,Unspecified,4455121,26.4,19.6,0.7,0.7,0.0,6.0,51,26.7,55.8,187,Drizzle: Light,0,0,
87401,2021-09-08 16:20:00,40.74622,-73.86863,0,0,Unspecified,4455220,26.4,19.6,0.7,0.7,0.0,6.0,51,26.7,55.8,187,Drizzle: Light,0,0,
87402,2021-09-09 18:30:00,40.67321,-73.99288,0,0,Driver Inattention/Distraction,4455846,22.4,19.8,18.4,18.4,0.0,15.0,63,17.5,39.2,271,Rain: Moderate,0,0,
87403,2021-09-08 21:00:00,40.583656,-73.98656,0,0,Driver Inattention/Distraction,4456000,26.4,19.6,0.7,0.7,0.0,6.0,51,26.7,55.8,187,Drizzle: Light,0,0,
87404,2021-09-03 17:09:00,40.821,-73.93755,0,0,Unspecified,4456442,21.9,14.0,0.0,0.0,0.0,0.0,3,14.5,30.2,321,Overcast,0,0,
87405,2021-09-10 19:43:00,40.8726,-73.85455,1,0,Traffic Control Disregarded,4455764,22.9,16.0,0.0,0.0,0.0,0.0,3,24.2,47.2,314,Overcast,1,1,
87406,2021-09-08 16:25:00,40.66649,-73.89645,0,0,Backing Unsafely,4455271,26.4,19.6,0.7,0.7,0.0,6.0,51,26.7,55.8,187,Drizzle: Light,0,0,
87407,2021-09-09 20:30:00,40.605335,-73.75528,0,0,Pavement Slippery,4455564,22.4,19.8,18.4,18.4,0.0,15.0,63,17.5,39.2,271,Rain: Moderate,0,0,
87408,2021-09-09 04:49:00,40.616535,-74.03093,0,0,Driver Inattention/Distraction,4455250,22.4,19.8,18.4,18.4,0.0,15.0,63,17.5,39.2,271,Rain: Moderate,0,0,
87409,2021-09-05 04:00:00,40.81636,-73.954094,0,0,Unspecified,4456125,24.5,16.9,1.0,1.0,0.0,6.0,51,15.5,42.5,204,Drizzle: Light,0,0,
87410,2021-09-08 14:05:00,40.76703,-73.95658,1,0,Driver Inattention/Distraction,4455160,26.4,19.6,0.7,0.7,0.0,6.0,51,26.7,55.8,187,Drizzle: Light,1,1,
87411,2021-09-02 09:00:00,40.73873,-73.81428,1,0,Obstruction/Debris,4455857,24.5,15.0,24.6,24.6,0.0,5.0,65,43.0,83.5,344,Rain: Heavy,1,1,
87412,2021-09-09 06:35:00,40.74572,-73.88916,1,0,Unspecified,4455411,22.4,19.8,18.4,18.4,0.0,15.0,63,17.5,39.2,271,Rain: Moderate,1,1,
87413,2021-09-08 22:14:00,40.804066,-73.93117,0,0,Unspecified,4455577,26.4,19.6,0.7,0.7,0.0,6.0,51,26.7,55.8,187,Drizzle: Light,0,0,
87414,2021-09-10 11:57:00,40.792187,-73.9382,0,0,Unsafe Lane Changing,4455937,22.9,16.0,0.0,0.0,0.0,0.0,3,24.2,47.2,314,Overcast,0,0,
87415,2021-09-05 03:32:00,40.830437,-73.83748,1,0,Unspecified,4456471,24.5,16.9,1.0,1.0,0.0,6.0,51,15.5,42.5,204,Drizzle: Light,1,1,
87416,2021-09-10 17:50:00,40.89163,-73.85184,1,0,Turning Improperly,4456484,22.9,16.0,0.0,0.0,0.0,0.0,3,24.2,47.2,314,Overcast,1,1,
87417,2021-09-08 16:20:00,40.738773,-73.80846,0,0,Unspecified,4455341,26.4,19.6,0.7,0.7,0.0,6.0,51,26.7,55.8,187,Drizzle: Light,0,0,
87418,2021-09-09 12:42:00,40.80911,-73.922874,0,0,Driver Inattention/Distraction,4455520,22.4,19.8,18.4,18.4,0.0,15.0,63,17.5,39.2,271,Rain: Moderate,0,0,
87419,2021-09-10 08:55:00,40.665836,-73.75739,0,0,Following Too Closely,4455609,22.9,16.0,0.0,0.0,0.0,0.0,3,24.2,47.2,314,Overcast,0,0,
87420,2021-09-08 10:00:00,40.742348,-73.788445,0,0,Driver Inattention/Distraction,4455106,26.4,19.6,0.7,0.7,0.0,6.0,51,26.7,55.8,187,Drizzle: Light,0,0,
87421,2021-09-08 02:25:00,40.71443,-73.99722,0,0,Passenger Distraction,4454904,26.4,19.6,0.7,0.7,0.0,6.0,51,26.7,55.8,187,Drizzle: Light,0,0,
87422,2021-09-08 12:00:00,40.768047,-73.86712,0,0,Unspecified,4455366,26.4,19.6,0.7,0.7,0.0,6.0,51,26.7,55.8,187,Drizzle: Light,0,0,
87423,2021-09-08 11:30:00,40.785866,-73.950935,0,0,Driver Inattention/Distraction,4455938,26.4,19.6,0.7,0.7,0.0,6.0,51,26.7,55.8,187,Drizzle: Light,0,0,
87424,2021-09-09 08:15:00,40.584774,-73.96011,1,0,Following Too Closely,4455465,22.4,19.8,18.4,18.4,0.0,15.0,63,17.5,39.2,271,Rain: Moderate,1,1,
87425,2021-09-09 20:38:00,40.630577,-73.88591,2,0,Driver Inattention/Distraction,4455667,22.4,19.8,18.4,18.4,0.0,15.0,63,17.5,39.2,271,Rain: Moderate,2,2,
87426,2021-09-10 19:15:00,40.700005,-73.90296,1,0,Failure to Yield Right-of-Way,4456221,22.9,16.0,0.0,0.0,0.0,0.0,3,24.2,47.2,314,Overcast,1,1,
87427,2021-09-08 11:15:00,40.65484,-73.9597,1,0,Unspecified,4455041,26.4,19.6,0.7,0.7,0.0,6.0,51,26.7,55.8,187,Drizzle: Light,1,1,
87428,2021-09-08 15:54:00,40.68366,-73.90788,1,0,Following Too Closely,4455811,26.4,19.6,0.7,0.7,0.0,6.0,51,26.7,55.8,187,Drizzle: Light,1,1,
87429,2021-09-07 18:19:00,40.758224,-73.91741,1,0,Driver Inattention/Distraction,4455592,25.9,15.2,0.0,0.0,0.0,0.0,1,12.5,25.6,259,Mainly clear,1,1,Sunny/Clear Conditions
87430,2021-09-08 08:40:00,40.748817,-73.91282,0,0,Driver Inattention/Distraction,4455140,26.4,19.6,0.7,0.7,0.0,6.0,51,26.7,55.8,187,Drizzle: Light,0,0,
87431,2021-09-10 07:41:00,40.642727,-73.95718,1,0,Unspecified,4455777,22.9,16.0,0.0,0.0,0.0,0.0,3,24.2,47.2,314,Overcast,1,1,
87432,2021-09-09 20:03:00,40.68771,-73.91329,1,0,Other Vehicular,4455449,22.4,19.8,18.4,18.4,0.0,15.0,63,17.5,39.2,271,Rain: Moderate,1,1,
87433,2021-09-09 01:58:00,40.745834,-73.880295,1,0,Driver Inattention/Distraction,4455408,22.4,19.8,18.4,18.4,0.0,15.0,63,17.5,39.2,271,Rain: Moderate,1,1,
87434,2021-09-09 10:15:00,40.75455,-73.74317,1,0,Driver Inattention/Distraction,4455305,22.4,19.8,18.4,18.4,0.0,15.0,63,17.5,39.2,271,Rain: Moderate,1,1,
87435,2021-09-10 17:35:00,40.853622,-73.86059,1,0,Brakes Defective,4455759,22.9,16.0,0.0,0.0,0.0,0.0,3,24.2,47.2,314,Overcast,1,1,
87436,2021-09-01 10:05:00,40.877354,-73.910614,0,0,Unspecified,4456177,23.2,18.4,121.7,121.7,0.0,18.0,65,43.2,78.5,42,Rain: Heavy,0,0,
87437,2021-09-10 20:30:00,40.87656,-73.90436,1,0,Driver Inattention/Distraction,4456233,22.9,16.0,0.0,0.0,0.0,0.0,3,24.2,47.2,314,Overcast,1,1,
87438,2021-08-30 17:00:00,40.78009,-73.9194,0,0,Driver Inattention/Distraction,4455635,28.7,21.7,3.9,3.9,0.0,7.0,63,14.7,33.8,231,Rain: Moderate,0,0,
87439,2021-09-10 14:08:00,40.62451,-73.98831,1,0,Pedestrian/Bicyclist/Other Pedestrian Error/Confusion,4456070,22.9,16.0,0.0,0.0,0.0,0.0,3,24.2,47.2,314,Overcast,1,1,
87440,2021-09-08 00:02:00,40.638546,-73.94924,2,0,Unspecified,4455545,26.4,19.6,0.7,0.7,0.0,6.0,51,26.7,55.8,187,Drizzle: Light,2,2,
87441,2021-09-04 00:02:00,40.680035,-73.9055,0,0,Driver Inattention/Distraction,4455793,25.2,14.5,0.0,0.0,0.0,0.0,3,15.4,27.0,289,Overcast,0,0,
87442,2021-09-09 17:00:00,40.60492,-73.98704,0,0,Unsafe Speed,4455994,22.4,19.8,18.4,18.4,0.0,15.0,63,17.5,39.2,271,Rain: Moderate,0,0,
87443,2021-09-09 14:15:00,40.586117,-73.93604,0,0,Driver Inexperience,4455498,22.4,19.8,18.4,18.4,0.0,15.0,63,17.5,39.2,271,Rain: Moderate,0,0,
87444,2021-09-09 09:38:00,40.86369,-73.91707,1,0,Following Too Closely,4456171,22.4,19.8,18.4,18.4,0.0,15.0,63,17.5,39.2,271,Rain: Moderate,1,1,
87445,2021-09-09 05:27:00,40.808163,-73.92653,1,0,Passing or Lane Usage Improper,4455525,22.4,19.8,18.4,18.4,0.0,15.0,63,17.5,39.2,271,Rain: Moderate,1,1,
87446,2021-09-10 20:00:00,40.80993,-73.90725,0,0,Other Vehicular,4455710,22.9,16.0,0.0,0.0,0.0,0.0,3,24.2,47.2,314,Overcast,0,0,
87447,2021-09-10 11:40:00,40.762848,-73.815025,1,0,Backing Unsafely,4455693,22.9,16.0,0.0,0.0,0.0,0.0,3,24.2,47.2,314,Overcast,1,1,
87448,2021-09-10 09:35:00,40.6216,-74.11154,2,0,Driver Inattention/Distraction,4456086,22.9,16.0,0.0,0.0,0.0,0.0,3,24.2,47.2,314,Overcast,2,2,
87449,2021-09-09 01:47:00,40.684383,-73.823265,0,0,Traffic Control Disregarded,4455146,22.4,19.8,18.4,18.4,0.0,15.0,63,17.5,39.2,271,Rain: Moderate,0,0,
87450,2021-09-10 13:07:00,40.666477,-73.808136,2,0,Driver Inattention/Distraction,4455770,22.9,16.0,0.0,0.0,0.0,0.0,3,24.2,47.2,314,Overcast,2,2,
87451,2021-09-07 21:30:00,40.692154,-73.74957,0,0,Traffic Control Disregarded,4455753,25.9,15.2,0.0,0.0,0.0,0.0,1,12.5,25.6,259,Mainly clear,0,0,Sunny/Clear Conditions
87452,2021-09-08 14:20:00,40.856323,-73.883896,1,0,Failure to Yield Right-of-Way,4455192,26.4,19.6,0.7,0.7,0.0,6.0,51,26.7,55.8,187,Drizzle: Light,1,1,
87453,2021-09-10 05:55:00,40.71997,-73.992905,0,0,Driver Inattention/Distraction,4456056,22.9,16.0,0.0,0.0,0.0,0.0,3,24.2,47.2,314,Overcast,0,0,
87454,2021-09-08 20:15:00,40.541153,-74.16696,2,0,View Obstructed/Limited,4455319,26.4,19.6,0.7,0.7,0.0,6.0,51,26.7,55.8,187,Drizzle: Light,2,2,
87455,2021-09-10 14:11:00,40.752888,-73.96374,0,0,Other Vehicular,4455919,22.9,16.0,0.0,0.0,0.0,0.0,3,24.2,47.2,314,Overcast,0,0,
87456,2021-08-31 22:07:00,40.68836,-73.91615,1,0,Passing or Lane Usage Improper,4455783,28.5,21.2,0.0,0.0,0.0,0.0,3,15.5,29.9,301,Overcast,1,1,
87457,2021-09-08 09:13:00,40.83019,-73.90153,0,0,Unspecified,4455133,26.4,19.6,0.7,0.7,0.0,6.0,51,26.7,55.8,187,Drizzle: Light,0,0,
87458,2021-09-08 11:04:00,40.896122,-73.908005,0,0,Traffic Control Disregarded,4455641,26.4,19.6,0.7,0.7,0.0,6.0,51,26.7,55.8,187,Drizzle: Light,0,0,
87459,2021-09-04 23:30:00,40.68218,-73.94659,0,0,Driver Inattention/Distraction,4456156,25.2,14.5,0.0,0.0,0.0,0.0,3,15.4,27.0,289,Overcast,0,0,
87460,2021-09-10 16:20:00,40.808903,-73.894875,0,0,Unspecified,4455882,22.9,16.0,0.0,0.0,0.0,0.0,3,24.2,47.2,314,Overcast,0,0,
87461,2021-09-09 14:37:00,40.676243,-73.95269,0,0,Driver Inattention/Distraction,4455678,22.4,19.8,18.4,18.4,0.0,15.0,63,17.5,39.2,271,Rain: Moderate,0,0,