,CRASH DATETIME,LATITUDE,LONGITUDE,NUMBER OF PERSONS INJURED,NUMBER OF PERSONS KILLED,CONTRIBUTING FACTOR VEHICLE 1,COLLISION_ID,temperature_2m_max,temperature_2m_min,precipitation_sum,rain_sum,snowfall_sum,precipitation_hours,weather_code,wind_speed_10m_max,wind_gusts_10m_max,wind_direction_10m_dominant,Weather Description,Severity_Score,Total_Affected_Persons,Weather_Category
87462,2021-09-08 20:50:00,40.703854,-73.95128,2,0,Traffic Control Disregarded,4455092,26.4,19.6,0.7,0.7,0.0,6.0,51,26.7,55.8,187,Drizzle: Light,2,2,
87463,2021-09-08 20:30:00,40.83496,-73.854,0,0,Unspecified,4455358,26.4,19.6,0.7,0.7,0.0,6.0,51,26.7,55.8,187,Drizzle: Light,0,0,
87464,2021-09-06 23:17:00,40.668373,-73.92264,0,0,Other Vehicular,4456241,26.9,18.4,0.0,0.0,0.0,0.0,3,19.6,37.8,273,Overcast,0,0,
87465,2021-09-10 17:31:00,40.630283,-73.97816,1,0,Unspecified,4456418,22.9,16.0,0.0,0.0,0.0,0.0,3,24.2,47.2,314,Overcast,1,1,
87466,2021-09-03 12:14:00,40.69426,-73.91036,0,0,Backing Unsafely,4455788,21.9,14.0,0.0,0.0,0.0,0.0,3,14.5,30.2,321,Overcast,0,0,
87467,2021-09-09 18:48:00,40.659275,-73.889,1,0,Brakes Defective,4456277,22.4,19.8,18.4,18.4,0.0,15.0,63,17.5,39.2,271,Rain: Moderate,1,1,
87468,2021-08-30 20:50:00,40.724903,-73.99233,1,0,View Obstructed/Limited,4456007,28.7,21.7,3.9,3.9,0.0,7.0,63,14.7,33.8,231,Rain: Moderate,1,1,
87469,2021-09-08 17:53:00,40.695614,-73.94056,1,0,Driver Inattention/Distraction,4456332,26.4,19.6,0.7,0.7,0.0,6.0,51,26.7,55.8,187,Drizzle: Light,1,1,
87470,2021-09-10 03:30:00,40.64043,-73.9246,0,0,Driver Inattention/Distraction,4455838,22.9,16.0,0.0,0.0,0.0,0.0,3,24.2,47.2,314,Overcast,0,0,
87471,2021-09-08 11:56:00,40.68587,-73.76349,1,0,Failure to Yield Right-of-Way,4455216,26.4,19.6,0.7,0.7,0.0,6.0,51,26.7,55.8,187,Drizzle: Light,1,1,
87472,2021-09-08 17:10:00,40.741863,-73.90751,1,0,Traffic Control Disregarded,4455288,26.4,19.6,0.7,0.7,0.0,6.0,51,26.7,55.8,187,Drizzle: Light,1,1,
87473,2021-09-08 17:30:00,40.7452,-73.88426,0,0,Driver Inattention/Distraction,4455152,26.4,19.6,0.7,0.7,0.0,6.0,51,26.7,55.8,187,Drizzle: Light,0,0,
87474,2021-09-09 20:45:00,40.722725,-74.00654,1,0,Unsafe Lane Changing,4455481,22.4,19.8,18.4,18.4,0.0,15.0,63,17.5,39.2,271,Rain: Moderate,1,1,
87475,2021-09-03 07:33:00,40.768406,-73.98205,0,0,Pavement Defective,4455620,21.9,14.0,0.0,0.0,0.0,0.0,3,14.5,30.2,321,Overcast,0,0,
87476,2021-09-07 04:00:00,40.680016,-73.87743,0,0,Traffic Control Disregarded,4456305,25.9,15.2,0.0,0.0,0.0,0.0,1,12.5,25.6,259,Mainly clear,0,0,Sunny/Clear Conditions
87477,2021-08-27 10:10:00,40.771667,-73.9867,0,0,Other Vehicular,4456274,32.2,23.4,1.4,1.4,0.0,2.0,55,9.4,22.3,299,Drizzle: Dense,0,0,
87478,2021-09-10 12:00:00,40.670708,-73.98599,0,0,Backing Unsafely,4455865,22.9,16.0,0.0,0.0,0.0,0.0,3,24.2,47.2,314,Overcast,0,0,
87479,2021-09-09 14:00:00,40.67164,-73.95034,0,0,Other Vehicular,4455679,22.4,19.8,18.4,18.4,0.0,15.0,63,17.5,39.2,271,Rain: Moderate,0,0,
87480,2021-09-01 19:00:00,40.817738,-73.924164,0,0,Unspecified,4456453,23.2,18.4,121.7,121.7,0.0,18.0,65,43.2,78.5,42,Rain: Heavy,0,0,
87481,2021-09-08 00:40:00,40.57761,-73.96145,0,0,Driver Inattention/Distraction,4455178,26.4,19.6,0.7,0.7,0.0,6.0,51,26.7,55.8,187,Drizzle: Light,0,0,
87482,2021-09-08 10:30:00,40.85713,-73.89112,1,0,Driver Inexperience,4455557,26.4,19.6,0.7,0.7,0.0,6.0,51,26.7,55.8,187,Drizzle: Light,1,1,
87483,2021-09-09 14:00:00,40.861828,-73.89286,0,0,Backing Unsafely,4456396,22.4,19.8,18.4,18.4,0.0,15.0,63,17.5,39.2,271,Rain: Moderate,0,0,
87484,2022-02-02 12:00:00,40.738373,-73.88826,0,0,Passing Too Closely,4500060,3.8,-7.2,0.0,0.0,0.0,0.0,3,10.6,16.2,93,Overcast,0,0,
87485,2021-09-08 21:04:00,40.683044,-74.00366,1,0,Passing Too Closely,4456115,26.4,19.6,0.7,0.7,0.0,6.0,51,26.7,55.8,187,Drizzle: Light,1,1,
87486,2021-09-10 12:55:00,40.6864,-73.9685,1,0,Failure to Yield Right-of-Way,4455798,22.9,16.0,0.0,0.0,0.0,0.0,3,24.2,47.2,314,Overcast,1,1,
87487,2021-09-09 21:30:00,40.664097,-73.90932,0,0,Unspecified,4455875,22.4,19.8,18.4,18.4,0.0,15.0,63,17.5,39.2,271,Rain: Moderate,0,0,
87488,2021-09-08 08:50:00,40.895256,-73.91563,0,0,Unspecified,4456195,26.4,19.6,0.7,0.7,0.0,6.0,51,26.7,55.8,187,Drizzle: Light,0,0,
87489,2021-09-04 08:30:00,40.72498,-73.97724,0,0,Passing Too Closely,4456021,25.2,14.5,0.0,0.0,0.0,0.0,3,15.4,27.0,289,Overcast,0,0,
87490,2021-09-08 09:25:00,40.75747,-73.902794,0,0,Backing Unsafely,4455613,26.4,19.6,0.7,0.7,0.0,6.0,51,26.7,55.8,187,Drizzle: Light,0,0,
87491,2021-09-08 08:15:00,40.71047,-73.85092,0,0,Fatigued/Drowsy,4455334,26.4,19.6,0.7,0.7,0.0,6.0,51,26.7,55.8,187,Drizzle: Light,0,0,
87492,2021-08-23 23:57:00,40.697075,-73.93185,0,0,Unspecified,4455769,28.7,22.0,36.1,36.1,0.0,19.0,65,27.4,49.3,230,Rain: Heavy,0,0,
87493,2021-09-09 12:58:00,40.840244,-73.901886,0,0,Traffic Control Disregarded,4455552,22.4,19.8,18.4,18.4,0.0,15.0,63,17.5,39.2,271,Rain: Moderate,0,0,
87494,2021-09-03 13:35:00,40.676796,-74.01356,0,0,Turning Improperly,4456459,21.9,14.0,0.0,0.0,0.0,0.0,3,14.5,30.2,321,Overcast,0,0,
87495,2021-09-09 11:10:00,40.666134,-73.99224,1,0,Driver Inattention/Distraction,4455452,22.4,19.8,18.4,18.4,0.0,15.0,63,17.5,39.2,271,Rain: Moderate,1,1,
87496,2021-09-08 16:15:00,40.666306,-73.905106,0,0,Driver Inattention/Distraction,4455185,26.4,19.6,0.7,0.7,0.0,6.0,51,26.7,55.8,187,Drizzle: Light,0,0,
87497,2021-09-10 06:30:00,40.74648,-73.7589,0,0,Passing or Lane Usage Improper,4455721,22.9,16.0,0.0,0.0,0.0,0.0,3,24.2,47.2,314,Overcast,0,0,
87498,2021-09-10 09:01:00,40.843822,-73.9275,0,0,Following Too Closely,4456490,22.9,16.0,0.0,0.0,0.0,0.0,3,24.2,47.2,314,Overcast,0,0,
87499,2021-09-09 19:40:00,40.666405,-73.74538,1,0,Traffic Control Disregarded,4455445,22.4,19.8,18.4,18.4,0.0,15.0,63,17.5,39.2,271,Rain: Moderate,1,1,
87500,2021-09-08 14:12:00,40.67973,-73.76162,0,0,Unsafe Lane Changing,4455337,26.4,19.6,0.7,0.7,0.0,6.0,51,26.7,55.8,187,Drizzle: Light,0,0,
87501,2021-09-08 01:30:00,40.678364,-73.77949,1,0,Unspecified,4454882,26.4,19.6,0.7,0.7,0.0,6.0,51,26.7,55.8,187,Drizzle: Light,1,1,
87502,2021-09-09 11:30:00,40.790615,-73.83901,0,0,Failure to Yield Right-of-Way,4455403,22.4,19.8,18.4,18.4,0.0,15.0,63,17.5,39.2,271,Rain: Moderate,0,0,
87503,2021-09-08 10:36:00,40.865536,-73.92728,0,0,Following Too Closely,4456159,26.4,19.6,0.7,0.7,0.0,6.0,51,26.7,55.8,187,Drizzle: Light,0,0,
87504,2021-09-04 03:25:00,40.703556,-73.78805,5,0,Unsafe Speed,4455663,25.2,14.5,0.0,0.0,0.0,0.0,3,15.4,27.0,289,Overcast,5,5,
87505,2021-09-09 16:20:00,40.879055,-73.87439,1,0,Turning Improperly,4455596,22.4,19.8,18.4,18.4,0.0,15.0,63,17.5,39.2,271,Rain: Moderate,1,1,
87506,2021-09-08 21:30:00,40.759197,-73.98463,0,0,Unspecified,4455589,26.4,19.6,0.7,0.7,0.0,6.0,51,26.7,55.8,187,Drizzle: Light,0,0,
87507,2021-09-09 06:30:00,40.72852,-73.90573,2,0,Passing Too Closely,4455361,22.4,19.8,18.4,18.4,0.0,15.0,63,17.5,39.2,271,Rain: Moderate,2,2,
87508,2021-09-08 18:45:00,40.831978,-73.93515,0,0,Unspecified,4455112,26.4,19.6,0.7,0.7,0.0,6.0,51,26.7,55.8,187,Drizzle: Light,0,0,
87509,2021-09-09 12:17:00,40.691353,-73.92142,0,0,Backing Unsafely,4455816,22.4,19.8,18.4,18.4,0.0,15.0,63,17.5,39.2,271,Rain: Moderate,0,0,
87510,2021-09-09 20:17:00,40.667953,-73.87007,2,0,Traffic Control Disregarded,4456288,22.4,19.8,18.4,18.4,0.0,15.0,63,17.5,39.2,271,Rain: Moderate,2,2,
87511,2021-09-08 17:55:00,40.84197,-73.86744,0,0,Unspecified,4455244,26.4,19.6,0.7,0.7,0.0,6.0,51,26.7,55.8,187,Drizzle: Light,0,0,
87512,2021-09-08 04:00:00,40.833218,-73.86859,0,0,Unspecified,4455030,26.4,19.6,0.7,0.7,0.0,6.0,51,26.7,55.8,187,Drizzle: Light,0,0,
87513,2021-09-10 17:42:00,40.74141,-73.88461,1,0,Backing Unsafely,4455825,22.9,16.0,0.0,0.0,0.0,0.0,3,24.2,47.2,314,Overcast,1,1,
87514,2021-09-10 00:00:00,40.668056,-73.950264,0,0,Following Too Closely,4455631,22.9,16.0,0.0,0.0,0.0,0.0,3,24.2,47.2,314,Overcast,0,0,
87515,2021-09-10 13:19:00,40.860893,-73.84321,1,0,Driver Inattention/Distraction,4455648,22.9,16.0,0.0,0.0,0.0,0.0,3,24.2,47.2,314,Overcast,1,1,
87516,2021-09-04 01:47:00,40.7414,-73.99504,0,0,Unspecified,4455849,25.2,14.5,0.0,0.0,0.0,0.0,3,15.4,27.0,289,Overcast,0,0,
87517,2021-09-09 09:55:00,40.840496,-73.94599,3,0,Unsafe Lane Changing,4455584,22.4,19.8,18.4,18.4,0.0,15.0,63,17.5,39.2,271,Rain: Moderate,3,3,
87518,2021-09-10 11:00:00,40.696198,-73.98877,0,0,Driver Inattention/Distraction,4455747,22.9,16.0,0.0,0.0,0.0,0.0,3,24.2,47.2,314,Overcast,0,0,
87519,2021-09-08 15:10:00,40.67181,-73.998795,2,0,Driver Inattention/Distraction,4455230,26.4,19.6,0.7,0.7,0.0,6.0,51,26.7,55.8,187,Drizzle: Light,2,2,
87520,2021-09-10 19:00:00,40.761448,-73.80288,1,0,Unspecified,4455689,22.9,16.0,0.0,0.0,0.0,0.0,3,24.2,47.2,314,Overcast,1,1,
87521,2021-09-06 17:05:00,40.76217,-73.87041,1,0,Driver Inattention/Distraction,4456333,26.9,18.4,0.0,0.0,0.0,0.0,3,19.6,37.8,273,Overcast,1,1,
87522,2021-09-10 11:55:00,40.641327,-74.00709,1,0,Turning Improperly,4456051,22.9,16.0,0.0,0.0,0.0,0.0,3,24.2,47.2,314,Overcast,1,1,
87523,2021-09-04 03:15:00,40.757954,-73.8982,1,0,Traffic Control Disregarded,4455855,25.2,14.5,0.0,0.0,0.0,0.0,3,15.4,27.0,289,Overcast,1,1,
87524,2021-08-22 14:50:00,40.814503,-73.88649,1,0,Failure to Yield Right-of-Way,4455831,23.9,22.5,56.2,56.2,0.0,21.0,63,19.8,36.0,299,Rain: Moderate,1,1,
87525,2021-09-10 11:30:00,40.81632,-73.903015,0,0,Other Vehicular,4455706,22.9,16.0,0.0,0.0,0.0,0.0,3,24.2,47.2,314,Overcast,0,0,
87526,2021-09-10 12:50:00,40.665245,-73.87513,0,0,Aggressive Driving/Road Rage,4456293,22.9,16.0,0.0,0.0,0.0,0.0,3,24.2,47.2,314,Overcast,0,0,
87527,2021-09-09 20:20:00,40.733498,-73.87038,1,0,Driver Inexperience,4455532,22.4,19.8,18.4,18.4,0.0,15.0,63,17.5,39.2,271,Rain: Moderate,1,1,
87528,2021-09-08 14:00:00,40.575653,-74.10455,0,0,Following Too Closely,4455388,26.4,19.6,0.7,0.7,0.0,6.0,51,26.7,55.8,187,Drizzle: Light,0,0,
87529,2021-09-08 10:44:00,40.69891,-73.93078,0,0,Passing Too Closely,4455810,26.4,19.6,0.7,0.7,0.0,6.0,51,26.7,55.8,187,Drizzle: Light,0,0,
87530,2021-09-08 08:54:00,40.759624,-73.99548,0,0,Unsafe Lane Changing,4455309,26.4,19.6,0.7,0.7,0.0,6.0,51,26.7,55.8,187,Drizzle: Light,0,0,
87531,2021-09-09 13:00:00,40.87891,-73.87377,0,0,Unspecified,4455645,22.4,19.8,18.4,18.4,0.0,15.0,63,17.5,39.2,271,Rain: Moderate,0,0,
87532,2021-09-09 05:30:00,40.74679,-73.94324,1,0,Failure to Yield Right-of-Way,4455159,22.4,19.8,18.4,18.4,0.0,15.0,63,17.5,39.2,271,Rain: Moderate,1,1,
87533,2021-09-10 00:30:00,40.74664,-73.98032,2,0,Driver Inattention/Distraction,4456072,22.9,16.0,0.0,0.0,0.0,0.0,3,24.2,47.2,314,Overcast,2,2,
87534,2021-09-10 12:10:00,40.822712,-73.903145,0,0,Other Vehicular,4455972,22.9,16.0,0.0,0.0,0.0,0.0,3,24.2,47.2,314,Overcast,0,0,
87535,2021-09-10 14:25:00,40.65008,-73.96101,1,0,Driver Inattention/Distraction,4455778,22.9,16.0,0.0,0.0,0.0,0.0,3,24.2,47.2,314,Overcast,1,1,
87536,2021-09-05 13:00:00,40.828396,-73.945305,0,0,Unspecified,4455674,24.5,16.9,1.0,1.0,0.0,6.0,51,15.5,42.5,204,Drizzle: Light,0,0,
87537,2021-09-10 23:46:00,40.68536,-73.88221,1,0,Failure to Yield Right-of-Way,4456312,22.9,16.0,0.0,0.0,0.0,0.0,3,24.2,47.2,314,Overcast,1,1,
87538,2021-09-09 16:35:00,40.845253,-73.90935,0,0,Aggressive Driving/Road Rage,4455494,22.4,19.8,18.4,18.4,0.0,15.0,63,17.5,39.2,271,Rain: Moderate,0,0,
87539,2021-09-07 10:08:00,40.816574,-73.9196,1,0,Driver Inattention/Distraction,4455513,25.9,15.2,0.0,0.0,0.0,0.0,1,12.5,25.6,259,Mainly clear,1,1,Sunny/Clear Conditions
87540,2021-09-09 08:45:00,40.629986,-73.97157,0,0,Unspecified,4455980,22.4,19.8,18.4,18.4,0.0,15.0,63,17.5,39.2,271,Rain: Moderate,0,0,
87541,2021-09-10 18:00:00,40.807186,-73.924286,1,0,Unspecified,4455711,22.9,16.0,0.0,0.0,0.0,0.0,3,24.2,47.2,314,Overcast,1,1,
87542,2021-09-06 13:13:00,40.731064,-74.00142,0,0,View Obstructed/Limited,4456426,26.9,18.4,0.0,0.0,0.0,0.0,3,19.6,37.8,273,Overcast,0,0,
87543,2021-09-03 16:45:00,0.0,0.0,0,0,Driver Inattention/Distraction,4455616,21.9,14.0,0.0,0.0,0.0,0.0,3,14.5,30.2,321,Overcast,0,0,
87544,2021-09-06 04:40:00,40.863113,-73.920616,0,0,Driver Inattention/Distraction,4456109,26.9,18.4,0.0,0.0,0.0,0.0,3,19.6,37.8,273,Overcast,0,0,
87545,2021-09-08 12:30:00,40.685497,-73.86978,0,0,Backing Unsafely,4455284,26.4,19.6,0.7,0.7,0.0,6.0,51,26.7,55.8,187,Drizzle: Light,0,0,
87546,2021-09-08 14:41:00,40.852306,-73.89811,1,0,Driver Inattention/Distraction,4455198,26.4,19.6,0.7,0.7,0.0,6.0,51,26.7,55.8,187,Drizzle: Light,1,1,
87547,2021-09-08 17:35:00,40.70261,-73.992516,0,0,Driver Inattention/Distraction,4455059,26.4,19.6,0.7,0.7,0.0,6.0,51,26.7,55.8,187,Drizzle: Light,0,0,
87548,2021-09-10 16:45:00,40.76092,-73.96704,1,0,Alcohol Involvement,4455683,22.9,16.0,0.0,0.0,0.0,0.0,3,24.2,47.2,314,Overcast,1,1,
87549,2021-09-01 00:00:00,40.777905,-73.98209,1,0,Pavement Slippery,4455896,23.2,18.4,121.7,121.7,0.0,18.0,65,43.2,78.5,42,Rain: Heavy,1,1,
87550,2021-09-09 09:51:00,40.631134,-74.00693,1,0,Following Too Closely,4455715,22.4,19.8,18.4,18.4,0.0,15.0,63,17.5,39.2,271,Rain: Moderate,1,1,
87551,2021-09-10 11:46:00,40.847324,-73.90375,1,0,View Obstructed/Limited,4456501,22.9,16.0,0.0,0.0,0.0,0.0,3,24.2,47.2,314,Overcast,1,1,
87552,2021-09-06 17:13:00,40.63299,-74.11416,1,0,Driver Inattention/Distraction,4456167,26.9,18.4,0.0,0.0,0.0,0.0,3,19.6,37.8,273,Overcast,1,1,
87553,2021-09-10 18:00:00,40.68405,-73.97746,0,0,Unspecified,4455870,22.9,16.0,0.0,0.0,0.0,0.0,3,24.2,47.2,314,Overcast,0,0,
87554,2021-09-08 18:20:00,40.664013,-73.97735,0,0,Illnes,4455088,26.4,19.6,0.7,0.7,0.0,6.0,51,26.7,55.8,187,Drizzle: Light,0,0,
87555,2021-09-07 12:32:00,40.694313,-73.93052,1,0,Driver Inattention/Distraction,4455802,25.9,15.2,0.0,0.0,0.0,0.0,1,12.5,25.6,259,Mainly clear,1,1,Sunny/Clear Conditions
87556,2021-09-09 15:21:00,40.677383,-73.726204,1,0,Backing Unsafely,4455441,22.4,19.8,18.4,18.4,0.0,15.0,63,17.5,39.2,271,Rain: Moderate,1,1,
87557,2021-09-08 09:25:00,40.69624,-73.973465,0,0,Driver Inattention/Distraction,4454996,26.4,19.6,0.7,0.7,0.0,6.0,51,26.7,55.8,187,Drizzle: Light,0,0,
87558,2021-09-07 22:35:00,40.655254,-73.76568,2,0,Following Too Closely,4456212,25.9,15.2,0.0,0.0,0.0,0.0,1,12.5,25.6,259,Mainly clear,2,2,Sunny/Clear Conditions
87559,2021-09-03 12:00:00,40.805645,-73.8793,0,0,Unspecified,4455888,21.9,14.0,0.0,0.0,0.0,0.0,3,14.5,30.2,321,Overcast,0,0,
87560,2021-09-08 00:00:00,40.694107,-73.89737,1,0,Traffic Control Disregarded,4455421,26.4,19.6,0.7,0.7,0.0,6.0,51,26.7,55.8,187,Drizzle: Light,1,1,
87561,2021-09-08 00:00:00,40.85934,-73.885284,0,0,Driver Inattention/Distraction,4455207,26.4,19.6,0.7,0.7,0.0,6.0,51,26.7,55.8,187,Drizzle: Light,0,0,
87562,2021-08-30 21:00:00,40.781666,-73.986694,1,0,Driver Inattention/Distraction,4455890,28.7,21.7,3.9,3.9,0.0,7.0,63,14.7,33.8,231,Rain: Moderate,1,1,
87563,2021-09-06 17:45:00,40.69637,-73.99725,1,0,Traffic Control Disregarded,4456230,26.9,18.4,0.0,0.0,0.0,0.0,3,19.6,37.8,273,Overcast,1,1,
87564,2021-09-09 18:00:00,40.815754,-73.89529,2,0,Unspecified,4455572,22.4,19.8,18.4,18.4,0.0,15.0,63,17.5,39.2,271,Rain: Moderate,2,2,
87565,2021-06-21 03:40:00,40.753822,-73.92537,0,0,Unspecified,4456429,28.0,21.7,0.5,0.5,0.0,2.0,51,24.4,46.8,181,Drizzle: Light,0,0,
87566,2021-09-09 00:35:00,40.709316,-73.93301,1,0,Unsafe Speed,4455137,22.4,19.8,18.4,18.4,0.0,15.0,63,17.5,39.2,271,Rain: Moderate,1,1,
87567,2021-09-09 11:45:00,40.6947,-73.9872,0,0,Unspecified,4455477,22.4,19.8,18.4,18.4,0.0,15.0,63,17.5,39.2,271,Rain: Moderate,0,0,
87568,2021-09-10 13:20:00,40.605934,-74.000465,0,0,Unspecified,4456363,22.9,16.0,0.0,0.0,0.0,0.0,3,24.2,47.2,314,Overcast,0,0,
87569,2021-09-02 20:00:00,40.63951,-73.910194,0,0,Unspecified,4455947,24.5,15.0,24.6,24.6,0.0,5.0,65,43.0,83.5,344,Rain: Heavy,0,0,
87570,2021-09-08 21:59:00,40.814724,-73.89788,0,0,Passing or Lane Usage Improper,4455567,26.4,19.6,0.7,0.7,0.0,6.0,51,26.7,55.8,187,Drizzle: Light,0,0,
87571,2021-09-09 06:40:00,40.771038,-73.83413,0,0,Passing or Lane Usage Improper,4455399,22.4,19.8,18.4,18.4,0.0,15.0,63,17.5,39.2,271,Rain: Moderate,0,0,
87572,2021-09-09 23:15:00,40.711323,-73.94725,1,0,Failure to Yield Right-of-Way,4455456,22.4,19.8,18.4,18.4,0.0,15.0,63,17.5,39.2,271,Rain: Moderate,1,1,
87573,2021-09-03 09:30:00,40.886406,-73.84119,1,0,Driver Inattention/Distraction,4456481,21.9,14.0,0.0,0.0,0.0,0.0,3,14.5,30.2,321,Overcast,1,1,
87574,2021-09-08 16:30:00,40.69832,-73.962265,0,0,Driver Inattention/Distraction,4455063,26.4,19.6,0.7,0.7,0.0,6.0,51,26.7,55.8,187,Drizzle: Light,0,0,
87575,2021-09-09 22:31:00,40.73635,-73.97502,1,0,Driver Inattention/Distraction,4455847,22.4,19.8,18.4,18.4,0.0,15.0,63,17.5,39.2,271,Rain: Moderate,1,1,
87576,2021-09-09 03:10:00,40.606674,-73.96183,0,0,Alcohol Involvement,4455255,22.4,19.8,18.4,18.4,0.0,15.0,63,17.5,39.2,271,Rain: Moderate,0,0,
87577,2022-02-02 17:15:00,40.756397,-73.804535,1,0,Turning Improperly,4499460,3.8,-7.2,0.0,0.0,0.0,0.0,3,10.6,16.2,93,Overcast,1,1,
87578,2021-09-08 21:05:00,40.662544,-73.87652,0,0,Other Vehicular,4455263,26.4,19.6,0.7,0.7,0.0,6.0,51,26.7,55.8,187,Drizzle: Light,0,0,
87579,2021-09-09 23:30:00,40.672886,-73.99922,0,0,Unspecified,4455482,22.4,19.8,18.4,18.4,0.0,15.0,63,17.5,39.2,271,Rain: Moderate,0,0,
87580,2021-09-10 07:44:00,40.67667,-73.86078,0,0,Unspecified,4455599,22.9,16.0,0.0,0.0,0.0,0.0,3,24.2,47.2,314,Overcast,0,0,
87581,2021-09-08 11:46:00,40.69775,-73.81393,0,0,Other Vehicular,4454988,26.4,19.6,0.7,0.7,0.0,6.0,51,26.7,55.8,187,Drizzle: Light,0,0,
87582,2021-09-10 23:30:00,40.602684,-73.94232,0,0,Driver Inattention/Distraction,4455743,22.9,16.0,0.0,0.0,0.0,0.0,3,24.2,47.2,314,Overcast,0,0,
87583,2021-09-08 08:30:00,40.899815,-73.85781,0,0,Unsafe Lane Changing,4455528,26.4,19.6,0.7,0.7,0.0,6.0,51,26.7,55.8,187,Drizzle: Light,0,0,
87584,2021-09-10 23:01:00,40.714222,-73.73894,3,0,Passing or Lane Usage Improper,4455903,22.9,16.0,0.0,0.0,0.0,0.0,3,24.2,47.2,314,Overcast,3,3,
87585,2021-09-09 17:15:00,40.754063,-73.89958,0,0,Passing or Lane Usage Improper,4455660,22.4,19.8,18.4,18.4,0.0,15.0,63,17.5,39.2,271,Rain: Moderate,0,0,
87586,2021-08-25 07:46:00,40.754105,-73.96862,1,0,Driver Inattention/Distraction,4456146,31.2,20.1,0.0,0.0,0.0,0.0,3,10.2,18.7,277,Overcast,1,1,
87587,2021-09-04 20:45:00,40.84992,-73.93148,1,0,Driver Inattention/Distraction,4455621,25.2,14.5,0.0,0.0,0.0,0.0,3,15.4,27.0,289,Overcast,1,1,
87588,2021-09-08 19:16:00,40.60358,-73.95636,1,0,Unspecified,4455175,26.4,19.6,0.7,0.7,0.0,6.0,51,26.7,55.8,187,Drizzle: Light,1,1,
87589,2021-09-09 19:45:00,40.764988,-73.96116,0,0,Following Too Closely,4455490,22.4,19.8,18.4,18.4,0.0,15.0,63,17.5,39.2,271,Rain: Moderate,0,0,
87590,2021-09-10 07:00:00,40.798923,-73.93421,0,0,Unspecified,4455628,22.9,16.0,0.0,0.0,0.0,0.0,3,24.2,47.2,314,Overcast,0,0,
87591,2021-09-10 23:44:00,40.69875,-73.9834,3,0,Following Too Closely,4455734,22.9,16.0,0.0,0.0,0.0,0.0,3,24.2,47.2,314,Overcast,3,3,
87592,2021-09-09 19:27:00,40.884144,-73.91502,0,0,Traffic Control Disregarded,4456354,22.4,19.8,18.4,18.4,0.0,15.0,63,17.5,39.2,271,Rain: Moderate,0,0,
87593,2021-09-10 23:36:00,40.722355,-73.99327,1,0,Unspecified,4456066,22.9,16.0,0.0,0.0,0.0,0.0,3,24.2,47.2,314,Overcast,1,1,
87594,2021-09-03 14:00:00,40.821136,-73.91684,0,0,Passing Too Closely,4455517,21.9,14.0,0.0,0.0,0.0,0.0,3,14.5,30.2,321,Overcast,0,0,
87595,2021-09-07 16:43:00,40.697582,-73.92983,1,0,Passing or Lane Usage Improper,4455805,25.9,15.2,0.0,0.0,0.0,0.0,1,12.5,25.6,259,Mainly clear,1,1,Sunny/Clear Conditions
87596,2021-09-10 01:04:00,40.719135,-73.78949,0,0,Unspecified,4455702,22.9,16.0,0.0,0.0,0.0,0.0,3,24.2,47.2,314,Overcast,0,0,
87597,2021-09-09 17:00:00,40.767754,-73.83193,1,0,Pavement Slippery,4456268,22.4,19.8,18.4,18.4,0.0,15.0,63,17.5,39.2,271,Rain: Moderate,1,1,
87598,2021-09-08 08:55:00,40.627098,-73.91238,0,0,Driver Inattention/Distraction,4455018,26.4,19.6,0.7,0.7,0.0,6.0,51,26.7,55.8,187,Drizzle: Light,0,0,
87599,2021-09-05 13:00:00,40.76609,-73.9349,0,0,Unspecified,4455962,24.5,16.9,1.0,1.0,0.0,6.0,51,15.5,42.5,204,Drizzle: Light,0,0,
87600,2021-09-08 20:10:00,40.73068,-73.94923,1,0,Turning Improperly,4455487,26.4,19.6,0.7,0.7,0.0,6.0,51,26.7,55.8,187,Drizzle: Light,1,1,
87601,2021-08-28 19:30:00,40.816895,-73.90277,0,0,Unspecified,4455886,26.2,20.2,3.9,3.9,0.0,18.0,53,23.5,45.0,65,Drizzle: Moderate,0,0,
87602,2021-09-10 17:47:00,40.698536,-73.91788,1,0,Driver Inattention/Distraction,4455819,22.9,16.0,0.0,0.0,0.0,0.0,3,24.2,47.2,314,Overcast,1,1,
87603,2021-08-30 14:30:00,40.7065,-73.91701,0,0,Driver Inattention/Distraction,4455774,28.7,21.7,3.9,3.9,0.0,7.0,63,14.7,33.8,231,Rain: Moderate,0,0,
87604,2021-09-08 11:00:00,40.67544,-73.78086,0,0,Traffic Control Disregarded,4455215,26.4,19.6,0.7,0.7,0.0,6.0,51,26.7,55.8,187,Drizzle: Light,0,0,
87605,2021-09-10 17:00:00,40.782536,-73.81182,0,0,Passing Too Closely,4455760,22.9,16.0,0.0,0.0,0.0,0.0,3,24.2,47.2,314,Overcast,0,0,
87606,2021-09-02 21:10:00,40.906338,-73.8965,0,0,Unspecified,4456178,24.5,15.0,24.6,24.6,0.0,5.0,65,43.0,83.5,344,Rain: Heavy,0,0,
87607,2021-09-08 02:00:00,40.64918,-73.976616,0,0,Failure to Keep Right,4454921,26.4,19.6,0.7,0.7,0.0,6.0,51,26.7,55.8,187,Drizzle: Light,0,0,