,CRASH DATETIME,LATITUDE,LONGITUDE,NUMBER OF PERSONS INJURED,NUMBER OF PERSONS KILLED,CONTRIBUTING FACTOR VEHICLE 1,COLLISION_ID,temperature_2m_max,temperature_2m_min,precipitation_sum,rain_sum,snowfall_sum,precipitation_hours,weather_code,wind_speed_10m_max,wind_gusts_10m_max,wind_direction_10m_dominant,Weather Description,Severity_Score,Total_Affected_Persons,Weather_Category
87608,2021-09-10 16:50:00,40.857327,-73.904526,1,0,Turning Improperly,4455922,22.9,16.0,0.0,0.0,0.0,0.0,3,24.2,47.2,314,Overcast,1,1,
87609,2021-09-09 08:35:00,40.674133,-73.89644,0,0,Unsafe Lane Changing,4455253,22.4,19.8,18.4,18.4,0.0,15.0,63,17.5,39.2,271,Rain: Moderate,0,0,
87610,2021-09-10 10:00:00,40.750244,-73.920135,0,0,Passing or Lane Usage Improper,4456440,22.9,16.0,0.0,0.0,0.0,0.0,3,24.2,47.2,314,Overcast,0,0,
87611,2021-09-02 01:40:00,40.647514,-73.920235,2,0,Driver Inattention/Distraction,4455544,24.5,15.0,24.6,24.6,0.0,5.0,65,43.0,83.5,344,Rain: Heavy,2,2,
87612,2021-09-09 16:15:00,40.698036,-73.962845,0,0,Unspecified,4455461,22.4,19.8,18.4,18.4,0.0,15.0,63,17.5,39.2,271,Rain: Moderate,0,0,
87613,2021-09-10 11:23:00,40.78937,-73.94027,1,0,View Obstructed/Limited,4455604,22.9,16.0,0.0,0.0,0.0,0.0,3,24.2,47.2,314,Overcast,1,1,
87614,2021-09-10 00:00:00,40.64993,-73.93312,0,0,Driver Inattention/Distraction,4455729,22.9,16.0,0.0,0.0,0.0,0.0,3,24.2,47.2,314,Overcast,0,0,
87615,2021-09-08 17:00:00,40.757393,-73.93547,2,0,Driver Inattention/Distraction,4455754,26.4,19.6,0.7,0.7,0.0,6.0,51,26.7,55.8,187,Drizzle: Light,2,2,
87616,2021-08-30 14:30:00,40.708256,-73.91997,0,0,Driver Inattention/Distraction,4455773,28.7,21.7,3.9,3.9,0.0,7.0,63,14.7,33.8,231,Rain: Moderate,0,0,
87617,2021-09-08 15:20:00,40.719154,-74.0021,2,0,Driver Inattention/Distraction,4455195,26.4,19.6,0.7,0.7,0.0,6.0,51,26.7,55.8,187,Drizzle: Light,2,2,
87618,2021-09-10 13:30:00,40.796017,-73.97502,0,0,Unsafe Speed,4455655,22.9,16.0,0.0,0.0,0.0,0.0,3,24.2,47.2,314,Overcast,0,0,
87619,2021-09-08 00:46:00,40.736046,-73.92673,1,0,Driver Inattention/Distraction,4455050,26.4,19.6,0.7,0.7,0.0,6.0,51,26.7,55.8,187,Drizzle: Light,1,1,
87620,2021-09-09 13:35:00,40.86025,-73.93095,0,0,Unspecified,4456172,22.4,19.8,18.4,18.4,0.0,15.0,63,17.5,39.2,271,Rain: Moderate,0,0,
87621,2021-08-29 15:00:00,40.68804,-73.947754,0,0,Passing Too Closely,4456152,24.5,19.7,2.5,2.5,0.0,9.0,53,13.6,25.6,98,Drizzle: Moderate,0,0,
87622,2021-09-08 12:50:00,40.609512,-73.98957,1,0,Traffic Control Disregarded,4455378,26.4,19.6,0.7,0.7,0.0,6.0,51,26.7,55.8,187,Drizzle: Light,1,1,
87623,2021-09-09 06:50:00,40.715805,-73.77393,1,0,,4455342,22.4,19.8,18.4,18.4,0.0,15.0,63,17.5,39.2,271,Rain: Moderate,1,1,
87624,2021-09-10 01:40:00,40.690266,-73.91546,1,0,Driver Inexperience,4455789,22.9,16.0,0.0,0.0,0.0,0.0,3,24.2,47.2,314,Overcast,1,1,
87625,2021-09-10 09:30:00,40.67973,-73.76162,0,0,Passing or Lane Usage Improper,4455608,22.9,16.0,0.0,0.0,0.0,0.0,3,24.2,47.2,314,Overcast,0,0,
87626,2021-09-08 11:25:00,40.745594,-73.9034,0,0,Driver Inattention/Distraction,4455141,26.4,19.6,0.7,0.7,0.0,6.0,51,26.7,55.8,187,Drizzle: Light,0,0,
87627,2021-09-09 12:00:00,40.820625,-73.914894,0,0,Driver Inattention/Distraction,4455521,22.4,19.8,18.4,18.4,0.0,15.0,63,17.5,39.2,271,Rain: Moderate,0,0,
87628,2021-09-10 16:30:00,40.81051,-73.91576,0,0,Unspecified,4455714,22.9,16.0,0.0,0.0,0.0,0.0,3,24.2,47.2,314,Overcast,0,0,
87629,2021-09-07 19:00:00,40.683685,-73.87204,1,0,Unspecified,4456304,25.9,15.2,0.0,0.0,0.0,0.0,1,12.5,25.6,259,Mainly clear,1,1,Sunny/Clear Conditions
87630,2021-09-10 17:10:00,40.69611,-73.96406,0,0,Driver Inattention/Distraction,4455697,22.9,16.0,0.0,0.0,0.0,0.0,3,24.2,47.2,314,Overcast,0,0,
87631,2021-09-08 15:18:00,40.66018,-73.91414,0,0,Driver Inattention/Distraction,4455122,26.4,19.6,0.7,0.7,0.0,6.0,51,26.7,55.8,187,Drizzle: Light,0,0,
87632,2021-09-10 08:17:00,40.736656,-74.00102,1,0,Driver Inexperience,4455640,22.9,16.0,0.0,0.0,0.0,0.0,3,24.2,47.2,314,Overcast,1,1,
87633,2021-09-09 06:40:00,40.632755,-73.92984,1,0,Traffic Control Disregarded,4455294,22.4,19.8,18.4,18.4,0.0,15.0,63,17.5,39.2,271,Rain: Moderate,1,1,
87634,2021-09-08 14:08:00,40.84732,-73.848526,0,0,Driver Inattention/Distraction,4455845,26.4,19.6,0.7,0.7,0.0,6.0,51,26.7,55.8,187,Drizzle: Light,0,0,
87635,2021-09-10 07:30:00,40.88471,-73.86899,0,0,Driver Inattention/Distraction,4456437,22.9,16.0,0.0,0.0,0.0,0.0,3,24.2,47.2,314,Overcast,0,0,
87636,2021-09-10 13:20:00,40.666115,-73.978195,0,0,Passing Too Closely,4455868,22.9,16.0,0.0,0.0,0.0,0.0,3,24.2,47.2,314,Overcast,0,0,
87637,2021-09-08 19:11:00,40.674747,-73.9417,0,0,Unspecified,4456254,26.4,19.6,0.7,0.7,0.0,6.0,51,26.7,55.8,187,Drizzle: Light,0,0,
87638,2021-09-10 17:30:00,40.832314,-73.93161,0,0,Passing or Lane Usage Improper,4455682,22.9,16.0,0.0,0.0,0.0,0.0,3,24.2,47.2,314,Overcast,0,0,
87639,2021-09-10 14:00:00,40.705925,-73.7396,1,0,Driver Inattention/Distraction,4455739,22.9,16.0,0.0,0.0,0.0,0.0,3,24.2,47.2,314,Overcast,1,1,
87640,2021-09-10 14:20:00,40.618965,-73.99037,0,0,Driver Inexperience,4455653,22.9,16.0,0.0,0.0,0.0,0.0,3,24.2,47.2,314,Overcast,0,0,
87641,2021-09-10 10:18:00,40.696198,-73.98877,1,0,Driver Inattention/Distraction,4455995,22.9,16.0,0.0,0.0,0.0,0.0,3,24.2,47.2,314,Overcast,1,1,
87642,2021-09-10 11:10:00,40.67657,-73.94431,1,0,Tire Failure/Inadequate,4456237,22.9,16.0,0.0,0.0,0.0,0.0,3,24.2,47.2,314,Overcast,1,1,
87643,2021-09-08 20:20:00,40.691277,-73.746254,0,0,Pavement Defective,4455328,26.4,19.6,0.7,0.7,0.0,6.0,51,26.7,55.8,187,Drizzle: Light,0,0,
87644,2021-08-29 22:06:00,40.658417,-73.76768,0,0,Outside Car Distraction,4451766,24.5,19.7,2.5,2.5,0.0,9.0,53,13.6,25.6,98,Drizzle: Moderate,0,0,
87645,2021-09-09 15:20:00,40.806065,-73.90905,1,0,Unspecified,4455526,22.4,19.8,18.4,18.4,0.0,15.0,63,17.5,39.2,271,Rain: Moderate,1,1,
87646,2021-09-06 12:50:00,40.681046,-73.94346,0,0,Driver Inattention/Distraction,4456151,26.9,18.4,0.0,0.0,0.0,0.0,3,19.6,37.8,273,Overcast,0,0,
87647,2021-09-08 03:19:00,40.834175,-73.829,2,0,Unspecified,4456009,26.4,19.6,0.7,0.7,0.0,6.0,51,26.7,55.8,187,Drizzle: Light,2,2,
87648,2021-08-11 20:30:00,40.82746,-73.89838,0,0,Unspecified,4455881,31.2,23.2,2.8,2.8,0.0,7.0,55,23.7,44.6,206,Drizzle: Dense,0,0,
87649,2021-09-08 16:16:00,40.863163,-73.8942,2,0,Other Vehicular,4456402,26.4,19.6,0.7,0.7,0.0,6.0,51,26.7,55.8,187,Drizzle: Light,2,2,
87650,2021-09-10 16:24:00,40.8617,-73.89139,0,0,Illnes,4456077,22.9,16.0,0.0,0.0,0.0,0.0,3,24.2,47.2,314,Overcast,0,0,
87651,2021-09-07 12:36:00,40.84964,-73.89661,0,0,Backing Unsafely,4456408,25.9,15.2,0.0,0.0,0.0,0.0,1,12.5,25.6,259,Mainly clear,0,0,Sunny/Clear Conditions
87652,2021-09-08 11:20:00,40.826427,-73.950455,0,0,Unspecified,4455675,26.4,19.6,0.7,0.7,0.0,6.0,51,26.7,55.8,187,Drizzle: Light,0,0,
87653,2021-09-09 17:10:00,40.714043,-73.92634,1,0,Driver Inattention/Distraction,4455466,22.4,19.8,18.4,18.4,0.0,15.0,63,17.5,39.2,271,Rain: Moderate,1,1,
87654,2021-09-06 11:00:00,40.676598,-73.93039,2,0,Driver Inattention/Distraction,4456242,26.9,18.4,0.0,0.0,0.0,0.0,3,19.6,37.8,273,Overcast,2,2,
87655,2021-09-08 19:00:00,40.834805,-73.886116,0,0,Unspecified,4455967,26.4,19.6,0.7,0.7,0.0,6.0,51,26.7,55.8,187,Drizzle: Light,0,0,
87656,2021-09-08 11:11:00,40.725918,-73.89535,3,0,Unspecified,4455044,26.4,19.6,0.7,0.7,0.0,6.0,51,26.7,55.8,187,Drizzle: Light,3,3,
87657,2021-09-09 19:20:00,40.749268,-73.945465,0,0,Driver Inattention/Distraction,4455450,22.4,19.8,18.4,18.4,0.0,15.0,63,17.5,39.2,271,Rain: Moderate,0,0,
87658,2021-09-08 10:20:00,40.68197,-73.92887,2,0,Failure to Yield Right-of-Way,4455007,26.4,19.6,0.7,0.7,0.0,6.0,51,26.7,55.8,187,Drizzle: Light,2,2,
87659,2021-08-27 17:20:00,40.651176,-73.941666,0,0,Driver Inattention/Distraction,4456340,32.2,23.4,1.4,1.4,0.0,2.0,55,9.4,22.3,299,Drizzle: Dense,0,0,
87660,2021-09-08 06:30:00,40.766155,-73.89226,0,0,Driver Inattention/Distraction,4455393,26.4,19.6,0.7,0.7,0.0,6.0,51,26.7,55.8,187,Drizzle: Light,0,0,
87661,2021-09-08 16:44:00,40.683376,-73.76043,0,0,Passing or Lane Usage Improper,4455219,26.4,19.6,0.7,0.7,0.0,6.0,51,26.7,55.8,187,Drizzle: Light,0,0,
87662,2021-09-06 15:10:00,40.77303,-73.97829,0,0,Backing Unsafely,4455815,26.9,18.4,0.0,0.0,0.0,0.0,3,19.6,37.8,273,Overcast,0,0,
87663,2021-09-09 15:45:00,40.815437,-73.924,1,0,Unspecified,4455508,22.4,19.8,18.4,18.4,0.0,15.0,63,17.5,39.2,271,Rain: Moderate,1,1,
87664,2021-09-07 13:03:00,40.605904,-74.1354,1,0,Accelerator Defective,4455548,25.9,15.2,0.0,0.0,0.0,0.0,1,12.5,25.6,259,Mainly clear,1,1,Sunny/Clear Conditions
87665,2021-09-08 19:21:00,40.682186,-73.86982,4,0,Failure to Yield Right-of-Way,4455270,26.4,19.6,0.7,0.7,0.0,6.0,51,26.7,55.8,187,Drizzle: Light,4,4,
87666,2021-09-08 16:37:00,40.606422,-74.0147,0,0,Backing Unsafely,4455070,26.4,19.6,0.7,0.7,0.0,6.0,51,26.7,55.8,187,Drizzle: Light,0,0,
87667,2021-09-08 20:55:00,40.772964,-73.9542,0,0,Driver Inattention/Distraction,4455161,26.4,19.6,0.7,0.7,0.0,6.0,51,26.7,55.8,187,Drizzle: Light,0,0,
87668,2021-09-04 03:27:00,40.695583,-73.92078,0,0,Failure to Yield Right-of-Way,4455794,25.2,14.5,0.0,0.0,0.0,0.0,3,15.4,27.0,289,Overcast,0,0,
87669,2021-09-08 08:55:00,40.819057,-73.92923,0,0,Failure to Yield Right-of-Way,4455249,26.4,19.6,0.7,0.7,0.0,6.0,51,26.7,55.8,187,Drizzle: Light,0,0,
87670,2021-09-08 07:24:00,40.66018,-73.91414,0,0,Unspecified,4455190,26.4,19.6,0.7,0.7,0.0,6.0,51,26.7,55.8,187,Drizzle: Light,0,0,
87671,2021-09-10 17:25:00,40.69205,-73.982544,0,0,Unsafe Lane Changing,4455929,22.9,16.0,0.0,0.0,0.0,0.0,3,24.2,47.2,314,Overcast,0,0,
87672,2021-09-08 18:32:00,40.803078,-73.93839,0,0,Passing Too Closely,4455576,26.4,19.6,0.7,0.7,0.0,6.0,51,26.7,55.8,187,Drizzle: Light,0,0,
87673,2021-09-07 21:18:00,40.724274,-73.99082,0,0,Driver Inattention/Distraction,4456029,25.9,15.2,0.0,0.0,0.0,0.0,1,12.5,25.6,259,Mainly clear,0,0,Sunny/Clear Conditions
87674,2021-09-04 19:28:00,40.71886,-73.97492,0,0,Following Too Closely,4456022,25.2,14.5,0.0,0.0,0.0,0.0,3,15.4,27.0,289,Overcast,0,0,
87675,2021-09-10 22:20:00,40.877476,-73.83661,0,0,Reaction to Uninvolved Vehicle,4456483,22.9,16.0,0.0,0.0,0.0,0.0,3,24.2,47.2,314,Overcast,0,0,
87676,2021-09-08 02:50:00,40.72469,-73.7541,0,0,Failure to Yield Right-of-Way,4454909,26.4,19.6,0.7,0.7,0.0,6.0,51,26.7,55.8,187,Drizzle: Light,0,0,
87677,2021-09-08 17:55:00,40.645615,-73.9099,1,0,Unspecified,4455104,26.4,19.6,0.7,0.7,0.0,6.0,51,26.7,55.8,187,Drizzle: Light,1,1,
87678,2021-09-10 22:50:00,40.662743,-73.921936,2,0,Passing or Lane Usage Improper,4455726,22.9,16.0,0.0,0.0,0.0,0.0,3,24.2,47.2,314,Overcast,2,2,
87679,2021-09-09 20:35:00,40.75568,-73.77526,1,0,Driver Inattention/Distraction,4455431,22.4,19.8,18.4,18.4,0.0,15.0,63,17.5,39.2,271,Rain: Moderate,1,1,
87680,2021-09-08 18:25:00,40.751575,-73.982285,0,0,Unspecified,4455167,26.4,19.6,0.7,0.7,0.0,6.0,51,26.7,55.8,187,Drizzle: Light,0,0,
87681,2021-09-08 19:35:00,40.762093,-73.75691,0,0,Brakes Defective,4455078,26.4,19.6,0.7,0.7,0.0,6.0,51,26.7,55.8,187,Drizzle: Light,0,0,
87682,2021-09-09 19:40:00,40.644,-73.87584,0,0,Following Too Closely,4456276,22.4,19.8,18.4,18.4,0.0,15.0,63,17.5,39.2,271,Rain: Moderate,0,0,
87683,2021-09-04 21:00:00,40.773598,-73.9578,0,0,Unspecified,4455536,25.2,14.5,0.0,0.0,0.0,0.0,3,15.4,27.0,289,Overcast,0,0,
87684,2021-09-08 15:50:00,40.757267,-73.88283,0,0,Other Vehicular,4455368,26.4,19.6,0.7,0.7,0.0,6.0,51,26.7,55.8,187,Drizzle: Light,0,0,
87685,2021-09-05 09:00:00,40.755978,-73.939095,0,0,Driver Inattention/Distraction,4455591,24.5,16.9,1.0,1.0,0.0,6.0,51,15.5,42.5,204,Drizzle: Light,0,0,
87686,2021-09-10 16:03:00,40.64024,-73.91947,2,0,Unsafe Speed,4455668,22.9,16.0,0.0,0.0,0.0,0.0,3,24.2,47.2,314,Overcast,2,2,
87687,2021-09-09 06:55:00,40.75868,-73.77558,0,0,Driver Inattention/Distraction,4455302,22.4,19.8,18.4,18.4,0.0,15.0,63,17.5,39.2,271,Rain: Moderate,0,0,
87688,2021-09-10 21:30:00,40.656063,-73.93957,0,0,Passing or Lane Usage Improper,4455837,22.9,16.0,0.0,0.0,0.0,0.0,3,24.2,47.2,314,Overcast,0,0,
87689,2021-09-10 22:00:00,40.68279,-73.92268,0,0,Driver Inattention/Distraction,4456295,22.9,16.0,0.0,0.0,0.0,0.0,3,24.2,47.2,314,Overcast,0,0,
87690,2021-09-10 02:20:00,40.825527,-73.882286,0,0,Alcohol Involvement,4455636,22.9,16.0,0.0,0.0,0.0,0.0,3,24.2,47.2,314,Overcast,0,0,
87691,2021-09-06 11:45:00,40.585026,-73.958275,0,0,Following Too Closely,4455999,26.9,18.4,0.0,0.0,0.0,0.0,3,19.6,37.8,273,Overcast,0,0,
87692,2021-09-09 13:20:00,40.735634,-73.87602,1,0,Driver Inattention/Distraction,4455409,22.4,19.8,18.4,18.4,0.0,15.0,63,17.5,39.2,271,Rain: Moderate,1,1,
87693,2021-09-08 22:10:00,40.652855,-73.945915,0,0,Unsafe Lane Changing,4455541,26.4,19.6,0.7,0.7,0.0,6.0,51,26.7,55.8,187,Drizzle: Light,0,0,
87694,2021-06-17 14:20:00,40.678722,-73.952995,1,0,,4456245,23.9,12.1,0.0,0.0,0.0,0.0,3,13.4,27.4,311,Overcast,1,1,
87695,2021-09-07 21:50:00,40.675056,-73.72927,0,0,Driver Inattention/Distraction,4456130,25.9,15.2,0.0,0.0,0.0,0.0,1,12.5,25.6,259,Mainly clear,0,0,Sunny/Clear Conditions
87696,2021-09-09 19:49:00,40.606346,-73.95273,0,0,Drugs (illegal),4455499,22.4,19.8,18.4,18.4,0.0,15.0,63,17.5,39.2,271,Rain: Moderate,0,0,
87697,2021-09-10 14:30:00,40.822117,-73.91421,0,0,Driver Inattention/Distraction,4455707,22.9,16.0,0.0,0.0,0.0,0.0,3,24.2,47.2,314,Overcast,0,0,
87698,2021-09-10 08:30:00,40.665848,-73.75187,0,0,Unsafe Lane Changing,4455694,22.9,16.0,0.0,0.0,0.0,0.0,3,24.2,47.2,314,Overcast,0,0,
87699,2021-09-08 16:19:00,40.821358,-73.889114,0,0,Unspecified,4455114,26.4,19.6,0.7,0.7,0.0,6.0,51,26.7,55.8,187,Drizzle: Light,0,0,
87700,2021-08-10 14:52:00,40.778805,-73.974075,1,0,Driver Inattention/Distraction,4455901,27.3,20.4,3.8,3.8,0.0,11.0,61,18.0,36.0,170,Rain: Light,1,1,
87701,2021-09-09 09:47:00,40.73715,-73.930824,1,0,Brakes Defective,4455320,22.4,19.8,18.4,18.4,0.0,15.0,63,17.5,39.2,271,Rain: Moderate,1,1,
87702,2021-09-08 16:00:00,40.612465,-74.08318,0,0,Unspecified,4456057,26.4,19.6,0.7,0.7,0.0,6.0,51,26.7,55.8,187,Drizzle: Light,0,0,
87703,2021-09-08 16:00:00,40.710274,-73.77774,0,0,Alcohol Involvement,4455426,26.4,19.6,0.7,0.7,0.0,6.0,51,26.7,55.8,187,Drizzle: Light,0,0,
87704,2021-09-08 14:20:00,40.754147,-73.722885,0,0,Driver Inattention/Distraction,4455211,26.4,19.6,0.7,0.7,0.0,6.0,51,26.7,55.8,187,Drizzle: Light,0,0,
87705,2021-09-09 21:10:00,40.674557,-73.75186,0,0,Passing or Lane Usage Improper,4455446,22.4,19.8,18.4,18.4,0.0,15.0,63,17.5,39.2,271,Rain: Moderate,0,0,
87706,2021-08-31 20:20:00,40.68979,-73.90655,0,0,Passing Too Closely,4455782,28.5,21.2,0.0,0.0,0.0,0.0,3,15.5,29.9,301,Overcast,0,0,
87707,2021-09-06 02:30:00,40.73135,-73.98256,1,0,Driver Inattention/Distraction,4455978,26.9,18.4,0.0,0.0,0.0,0.0,3,19.6,37.8,273,Overcast,1,1,
87708,2021-09-09 19:35:00,40.611458,-74.15254,0,0,Following Too Closely,4455605,22.4,19.8,18.4,18.4,0.0,15.0,63,17.5,39.2,271,Rain: Moderate,0,0,
87709,2021-09-09 17:26:00,40.764626,-73.99555,0,0,Unspecified,4455590,22.4,19.8,18.4,18.4,0.0,15.0,63,17.5,39.2,271,Rain: Moderate,0,0,
87710,2021-09-04 05:33:00,40.864483,-73.919044,2,0,Failure to Yield Right-of-Way,4456132,25.2,14.5,0.0,0.0,0.0,0.0,3,15.4,27.0,289,Overcast,2,2,
87711,2021-09-09 03:45:00,40.81711,-73.89204,0,0,Unspecified,4455568,22.4,19.8,18.4,18.4,0.0,15.0,63,17.5,39.2,271,Rain: Moderate,0,0,
87712,2021-09-08 14:44:00,40.761734,-73.76008,0,0,Reaction to Uninvolved Vehicle,4455031,26.4,19.6,0.7,0.7,0.0,6.0,51,26.7,55.8,187,Drizzle: Light,0,0,
87713,2021-09-06 15:10:00,40.733215,-74.00304,2,0,Driver Inattention/Distraction,4456425,26.9,18.4,0.0,0.0,0.0,0.0,3,19.6,37.8,273,Overcast,2,2,
87714,2021-09-09 08:40:00,40.889927,-73.9084,0,0,Driver Inattention/Distraction,4456349,22.4,19.8,18.4,18.4,0.0,15.0,63,17.5,39.2,271,Rain: Moderate,0,0,
87715,2021-09-06 18:44:00,40.86131,-73.92124,2,0,Driver Inattention/Distraction,4456137,26.9,18.4,0.0,0.0,0.0,0.0,3,19.6,37.8,273,Overcast,2,2,
87716,2021-09-09 07:55:00,40.770683,-73.79598,1,0,Backing Unsafely,4455398,22.4,19.8,18.4,18.4,0.0,15.0,63,17.5,39.2,271,Rain: Moderate,1,1,
87717,2021-09-08 16:50:00,40.848606,-73.8898,0,0,Driver Inattention/Distraction,4455199,26.4,19.6,0.7,0.7,0.0,6.0,51,26.7,55.8,187,Drizzle: Light,0,0,
87718,2021-09-08 15:40:00,40.899277,-73.85921,0,0,Driver Inattention/Distraction,4455065,26.4,19.6,0.7,0.7,0.0,6.0,51,26.7,55.8,187,Drizzle: Light,0,0,
87719,2021-09-04 02:00:00,40.753326,-73.8718,0,0,Failure to Yield Right-of-Way,4456090,25.2,14.5,0.0,0.0,0.0,0.0,3,15.4,27.0,289,Overcast,0,0,
87720,2021-08-09 19:00:00,40.6992,-73.92309,0,0,Passing or Lane Usage Improper,4455563,26.2,20.1,1.1,1.1,0.0,7.0,51,17.3,34.6,36,Drizzle: Light,0,0,
87721,2021-09-09 01:00:00,40.852726,-73.93443,1,0,Pavement Slippery,4456165,22.4,19.8,18.4,18.4,0.0,15.0,63,17.5,39.2,271,Rain: Moderate,1,1,
87722,2021-09-09 10:59:00,40.661385,-73.8841,0,0,Unspecified,4455280,22.4,19.8,18.4,18.4,0.0,15.0,63,17.5,39.2,271,Rain: Moderate,0,0,
87723,2021-09-08 22:20:00,40.67114,-73.88008,0,0,Alcohol Involvement,4455264,26.4,19.6,0.7,0.7,0.0,6.0,51,26.7,55.8,187,Drizzle: Light,0,0,
87724,2021-09-08 08:15:00,40.77056,-73.91751,0,0,Following Too Closely,4454998,26.4,19.6,0.7,0.7,0.0,6.0,51,26.7,55.8,187,Drizzle: Light,0,0,
87725,2021-09-09 03:35:00,40.798615,-73.94375,1,0,Unspecified,4455580,22.4,19.8,18.4,18.4,0.0,15.0,63,17.5,39.2,271,Rain: Moderate,1,1,
87726,2021-08-21 02:30:00,40.812904,-73.847694,0,0,Unspecified,4456040,27.2,23.0,0.8,0.8,0.0,6.0,51,14.3,29.5,109,Drizzle: Light,0,0,
87727,2021-09-09 15:00:00,40.738903,-73.87649,0,0,Driver Inattention/Distraction,4455410,22.4,19.8,18.4,18.4,0.0,15.0,63,17.5,39.2,271,Rain: Moderate,0,0,
87728,2021-09-03 08:01:00,40.889458,-73.89828,1,0,Unspecified,4456180,21.9,14.0,0.0,0.0,0.0,0.0,3,14.5,30.2,321,Overcast,1,1,
87729,2021-09-09 01:25:00,40.873943,-73.87035,0,0,Cell Phone (hand-Held),4455531,22.4,19.8,18.4,18.4,0.0,15.0,63,17.5,39.2,271,Rain: Moderate,0,0,
87730,2021-09-10 12:50:00,40.760906,-73.87295,0,0,Traffic Control Disregarded,4455763,22.9,16.0,0.0,0.0,0.0,0.0,3,24.2,47.2,314,Overcast,0,0,
87731,2021-09-10 18:50:00,40.718075,-73.97511,4,0,Unspecified,4455934,22.9,16.0,0.0,0.0,0.0,0.0,3,24.2,47.2,314,Overcast,4,4,
87732,2021-09-10 18:20:00,40.65169,-73.93116,0,0,View Obstructed/Limited,4455722,22.9,16.0,0.0,0.0,0.0,0.0,3,24.2,47.2,314,Overcast,0,0,
87733,2021-09-08 00:00:00,40.6374,-74.01116,0,0,Unspecified,4455451,26.4,19.6,0.7,0.7,0.0,6.0,51,26.7,55.8,187,Drizzle: Light,0,0,
87734,2021-09-09 08:03:00,40.790363,-73.96564,1,0,Following Too Closely,4455312,22.4,19.8,18.4,18.4,0.0,15.0,63,17.5,39.2,271,Rain: Moderate,1,1,
87735,2021-09-10 04:41:00,40.66279,-73.98833,0,0,Unspecified,4455476,22.9,16.0,0.0,0.0,0.0,0.0,3,24.2,47.2,314,Overcast,0,0,
87736,2021-09-08 20:15:00,40.73694,-73.88657,0,0,Driver Inattention/Distraction,4455150,26.4,19.6,0.7,0.7,0.0,6.0,51,26.7,55.8,187,Drizzle: Light,0,0,
87737,2021-09-08 20:40:00,40.711033,-74.01454,1,0,Driver Inattention/Distraction,4455356,26.4,19.6,0.7,0.7,0.0,6.0,51,26.7,55.8,187,Drizzle: Light,1,1,
87738,2021-09-08 19:30:00,40.705467,-73.90974,1,0,Failure to Yield Right-of-Way,4455362,26.4,19.6,0.7,0.7,0.0,6.0,51,26.7,55.8,187,Drizzle: Light,1,1,
87739,2021-09-08 00:16:00,40.66675,-73.80157,2,0,Unsafe Speed,4454884,26.4,19.6,0.7,0.7,0.0,6.0,51,26.7,55.8,187,Drizzle: Light,2,2,
87740,2021-09-09 20:26:00,40.722313,-73.74285,3,0,View Obstructed/Limited,4455440,22.4,19.8,18.4,18.4,0.0,15.0,63,17.5,39.2,271,Rain: Moderate,3,3,
87741,2021-09-08 13:00:00,40.57761,-73.96145,0,0,Driver Inattention/Distraction,4455174,26.4,19.6,0.7,0.7,0.0,6.0,51,26.7,55.8,187,Drizzle: Light,0,0,
87742,2021-09-07 19:59:00,40.67811,-73.89762,2,0,Unspecified,4456284,25.9,15.2,0.0,0.0,0.0,0.0,1,12.5,25.6,259,Mainly clear,2,2,Sunny/Clear Conditions
87743,2021-09-09 15:15:00,40.641785,-74.09849,0,0,Unsafe Speed,4456059,22.4,19.8,18.4,18.4,0.0,15.0,63,17.5,39.2,271,Rain: Moderate,0,0,
87744,2021-09-10 00:00:00,40.862755,-73.901085,1,0,Passing Too Closely,4455493,22.9,16.0,0.0,0.0,0.0,0.0,3,24.2,47.2,314,Overcast,1,1,
87745,2021-09-09 13:00:00,40.7847,-73.83854,1,0,Failure to Yield Right-of-Way,4455404,22.4,19.8,18.4,18.4,0.0,15.0,63,17.5,39.2,271,Rain: Moderate,1,1,
87746,2021-09-09 00:00:00,40.808205,-73.907845,1,0,Reaction to Uninvolved Vehicle,4455516,22.4,19.8,18.4,18.4,0.0,15.0,63,17.5,39.2,271,Rain: Moderate,1,1,
87747,2021-09-08 12:15:00,40.837894,-73.88138,0,0,Driver Inattention/Distraction,4455111,26.4,19.6,0.7,0.7,0.0,6.0,51,26.7,55.8,187,Drizzle: Light,0,0,
87748,2021-09-09 13:30:00,40.641808,-73.99429,0,0,Unspecified,4456065,22.4,19.8,18.4,18.4,0.0,15.0,63,17.5,39.2,271,Rain: Moderate,0,0,
87749,2021-09-08 22:30:00,40.68026,-73.901886,1,0,Pedestrian/Bicyclist/Other Pedestrian Error/Confusion,4455285,26.4,19.6,0.7,0.7,0.0,6.0,51,26.7,55.8,187,Drizzle: Light,1,1,
87750,2021-09-10 07:00:00,40.723267,-73.83833,0,0,Unspecified,4455595,22.9,16.0,0.0,0.0,0.0,0.0,3,24.2,47.2,314,Overcast,0,0,
87751,2021-09-05 23:10:00,40.6775,-73.94701,0,0,Unspecified,4456243,24.5,16.9,1.0,1.0,0.0,6.0,51,15.5,42.5,204,Drizzle: Light,0,0,