,CRASH DATETIME,LATITUDE,LONGITUDE,NUMBER OF PERSONS INJURED,NUMBER OF PERSONS KILLED,CONTRIBUTING FACTOR VEHICLE 1,COLLISION_ID,temperature_2m_max,temperature_2m_min,precipitation_sum,rain_sum,snowfall_sum,precipitation_hours,weather_code,wind_speed_10m_max,wind_gusts_10m_max,wind_direction_10m_dominant,Weather Description,Severity_Score,Total_Affected_Persons,Weather_Category
87752,2021-09-10 12:28:00,40.840107,-73.92478,1,0,Driver Inattention/Distraction,4455632,22.9,16.0,0.0,0.0,0.0,0.0,3,24.2,47.2,314,Overcast,1,1,
87753,2021-09-10 08:00:00,40.701218,-73.81622,0,0,Unsafe Lane Changing,4455833,22.9,16.0,0.0,0.0,0.0,0.0,3,24.2,47.2,314,Overcast,0,0,
87754,2021-09-08 18:58:00,40.856743,-73.89527,2,0,Traffic Control Disregarded,4455558,26.4,19.6,0.7,0.7,0.0,6.0,51,26.7,55.8,187,Drizzle: Light,2,2,
87755,2021-09-10 12:00:00,40.699757,-73.95359,0,0,Backing Unsafely,4456116,22.9,16.0,0.0,0.0,0.0,0.0,3,24.2,47.2,314,Overcast,0,0,
87756,2021-09-10 18:20:00,40.84921,-73.90011,0,0,Turning Improperly,4456399,22.9,16.0,0.0,0.0,0.0,0.0,3,24.2,47.2,314,Overcast,0,0,
87757,2021-09-07 07:05:00,40.69436,-73.97604,0,0,Unspecified,4455797,25.9,15.2,0.0,0.0,0.0,0.0,1,12.5,25.6,259,Mainly clear,0,0,Sunny/Clear Conditions
87758,2021-09-10 12:40:00,40.764454,-73.83178,0,0,Passing or Lane Usage Improper,4455690,22.9,16.0,0.0,0.0,0.0,0.0,3,24.2,47.2,314,Overcast,0,0,
87759,2021-09-10 08:43:00,40.66425,-73.922104,1,0,Traffic Control Disregarded,4455877,22.9,16.0,0.0,0.0,0.0,0.0,3,24.2,47.2,314,Overcast,1,1,
87760,2021-09-09 13:00:00,40.665627,-73.92045,0,0,Unspecified,4455910,22.4,19.8,18.4,18.4,0.0,15.0,63,17.5,39.2,271,Rain: Moderate,0,0,
87761,2021-09-05 05:00:00,40.821144,-73.95753,1,0,Alcohol Involvement,4456367,24.5,16.9,1.0,1.0,0.0,6.0,51,15.5,42.5,204,Drizzle: Light,1,1,
87762,2021-09-08 13:06:00,40.67992,-74.007225,0,0,Unspecified,4455136,26.4,19.6,0.7,0.7,0.0,6.0,51,26.7,55.8,187,Drizzle: Light,0,0,
87763,2021-09-10 12:00:00,40.715355,-73.99865,0,0,Driver Inattention/Distraction,4456053,22.9,16.0,0.0,0.0,0.0,0.0,3,24.2,47.2,314,Overcast,0,0,
87764,2021-09-09 15:00:00,40.700447,-73.90323,2,0,Unspecified,4455422,22.4,19.8,18.4,18.4,0.0,15.0,63,17.5,39.2,271,Rain: Moderate,2,2,
87765,2021-09-10 09:44:00,40.873657,-73.89838,1,0,View Obstructed/Limited,4456229,22.9,16.0,0.0,0.0,0.0,0.0,3,24.2,47.2,314,Overcast,1,1,
87766,2021-09-10 17:00:00,40.66278,-73.88086,1,0,Unspecified,4456294,22.9,16.0,0.0,0.0,0.0,0.0,3,24.2,47.2,314,Overcast,1,1,
87767,2021-09-07 17:04:00,40.79962,-73.94396,0,0,Driver Inexperience,4455573,25.9,15.2,0.0,0.0,0.0,0.0,1,12.5,25.6,259,Mainly clear,0,0,Sunny/Clear Conditions
87768,2021-09-09 17:15:00,40.841396,-73.87651,2,0,Passing or Lane Usage Improper,4455553,22.4,19.8,18.4,18.4,0.0,15.0,63,17.5,39.2,271,Rain: Moderate,2,2,
87769,2021-09-03 07:21:00,40.70499,-73.91736,1,0,Failure to Yield Right-of-Way,4455786,21.9,14.0,0.0,0.0,0.0,0.0,3,14.5,30.2,321,Overcast,1,1,
87770,2021-08-24 20:13:00,40.863556,-73.91962,1,0,Unspecified,4456145,30.6,21.9,0.0,0.0,0.0,0.0,1,13.9,28.1,291,Mainly clear,1,1,Sunny/Clear Conditions
87771,2021-08-23 17:18:00,40.812496,-73.90283,1,0,Unspecified,4455923,28.7,22.0,36.1,36.1,0.0,19.0,65,27.4,49.3,230,Rain: Heavy,1,1,
87772,2021-09-10 14:50:00,40.60981,-73.92251,0,0,Driver Inattention/Distraction,4455950,22.9,16.0,0.0,0.0,0.0,0.0,3,24.2,47.2,314,Overcast,0,0,
87773,2021-09-08 21:54:00,40.805016,-73.92109,3,0,Other Vehicular,4456460,26.4,19.6,0.7,0.7,0.0,6.0,51,26.7,55.8,187,Drizzle: Light,3,3,
87774,2021-09-09 23:21:00,40.75827,-73.97318,0,0,Driver Inattention/Distraction,4455622,22.4,19.8,18.4,18.4,0.0,15.0,63,17.5,39.2,271,Rain: Moderate,0,0,
87775,2021-09-09 08:46:00,40.665726,-73.96425,0,0,Unsafe Lane Changing,4455483,22.4,19.8,18.4,18.4,0.0,15.0,63,17.5,39.2,271,Rain: Moderate,0,0,
87776,2021-09-10 17:28:00,40.74689,-73.92081,0,1,Turning Improperly,4455733,22.9,16.0,0.0,0.0,0.0,0.0,3,24.2,47.2,314,Overcast,20,1,
87777,2021-09-10 09:58:00,40.81719,-73.93446,1,0,Backing Unsafely,4455585,22.9,16.0,0.0,0.0,0.0,0.0,3,24.2,47.2,314,Overcast,1,1,
87778,2021-08-29 10:57:00,40.911385,-73.90003,0,0,Driver Inattention/Distraction,4456173,24.5,19.7,2.5,2.5,0.0,9.0,53,13.6,25.6,98,Drizzle: Moderate,0,0,
87779,2021-09-10 16:15:00,40.67613,-73.80013,0,0,Passing Too Closely,4455755,22.9,16.0,0.0,0.0,0.0,0.0,3,24.2,47.2,314,Overcast,0,0,
87780,2021-09-10 16:18:00,40.741863,-73.90751,1,0,Driver Inattention/Distraction,4455686,22.9,16.0,0.0,0.0,0.0,0.0,3,24.2,47.2,314,Overcast,1,1,
87781,2021-09-07 16:47:00,40.70183,-73.91933,1,0,Passing Too Closely,4455806,25.9,15.2,0.0,0.0,0.0,0.0,1,12.5,25.6,259,Mainly clear,1,1,Sunny/Clear Conditions
87782,2021-09-09 14:05:00,40.847363,-73.8579,1,0,Failure to Yield Right-of-Way,4455617,22.4,19.8,18.4,18.4,0.0,15.0,63,17.5,39.2,271,Rain: Moderate,1,1,
87783,2021-09-08 13:10:00,40.670277,-73.92542,0,0,Passing or Lane Usage Improper,4456269,26.4,19.6,0.7,0.7,0.0,6.0,51,26.7,55.8,187,Drizzle: Light,0,0,
87784,2021-09-04 22:04:00,40.906384,-73.85167,1,0,Failure to Yield Right-of-Way,4456474,25.2,14.5,0.0,0.0,0.0,0.0,3,15.4,27.0,289,Overcast,1,1,
87785,2021-09-10 19:58:00,40.797447,-73.94671,1,0,Failure to Yield Right-of-Way,4455914,22.9,16.0,0.0,0.0,0.0,0.0,3,24.2,47.2,314,Overcast,1,1,
87786,2021-09-08 22:50:00,40.59275,-73.95016,2,0,Driver Inexperience,4455179,26.4,19.6,0.7,0.7,0.0,6.0,51,26.7,55.8,187,Drizzle: Light,2,2,
87787,2021-09-08 18:00:00,40.58426,-73.96002,0,0,Driver Inattention/Distraction,4455057,26.4,19.6,0.7,0.7,0.0,6.0,51,26.7,55.8,187,Drizzle: Light,0,0,
87788,2021-09-08 12:45:00,40.78794,-73.84289,1,0,Failure to Yield Right-of-Way,4454986,26.4,19.6,0.7,0.7,0.0,6.0,51,26.7,55.8,187,Drizzle: Light,1,1,
87789,2021-09-08 12:07:00,40.76283,-73.92901,1,0,Failure to Yield Right-of-Way,4455232,26.4,19.6,0.7,0.7,0.0,6.0,51,26.7,55.8,187,Drizzle: Light,1,1,
87790,2021-09-08 19:26:00,40.867733,-73.88285,1,0,Failure to Yield Right-of-Way,4455291,26.4,19.6,0.7,0.7,0.0,6.0,51,26.7,55.8,187,Drizzle: Light,1,1,
87791,2021-09-08 17:10:00,40.848694,-73.93047,1,0,Traffic Control Disregarded,4456158,26.4,19.6,0.7,0.7,0.0,6.0,51,26.7,55.8,187,Drizzle: Light,1,1,
87792,2021-09-08 15:01:00,40.78297,-73.84859,0,0,Failure to Yield Right-of-Way,4455095,26.4,19.6,0.7,0.7,0.0,6.0,51,26.7,55.8,187,Drizzle: Light,0,0,
87793,2021-09-10 12:00:00,40.817898,-73.938095,0,0,Reaction to Uninvolved Vehicle,4456449,22.9,16.0,0.0,0.0,0.0,0.0,3,24.2,47.2,314,Overcast,0,0,
87794,2021-09-08 13:47:00,40.67148,-73.98928,0,0,Pavement Defective,4455087,26.4,19.6,0.7,0.7,0.0,6.0,51,26.7,55.8,187,Drizzle: Light,0,0,
87795,2021-09-09 06:00:00,40.598278,-73.958206,0,0,Unspecified,4455256,22.4,19.8,18.4,18.4,0.0,15.0,63,17.5,39.2,271,Rain: Moderate,0,0,
87796,2021-09-08 21:25:00,40.7052,-73.955185,0,0,Unsafe Speed,4455415,26.4,19.6,0.7,0.7,0.0,6.0,51,26.7,55.8,187,Drizzle: Light,0,0,
87797,2021-09-07 15:55:00,40.6532,-74.008865,0,0,Unsafe Lane Changing,4455871,25.9,15.2,0.0,0.0,0.0,0.0,1,12.5,25.6,259,Mainly clear,0,0,Sunny/Clear Conditions
87798,2021-09-05 02:14:00,40.86114,-73.91894,0,0,Traffic Control Disregarded,4456108,24.5,16.9,1.0,1.0,0.0,6.0,51,15.5,42.5,204,Drizzle: Light,0,0,
87799,2021-09-10 08:10:00,40.811512,-73.89053,1,0,Other Vehicular,4455600,22.9,16.0,0.0,0.0,0.0,0.0,3,24.2,47.2,314,Overcast,1,1,
87800,2021-09-10 00:00:00,40.63693,-73.91109,0,0,Unspecified,4456206,22.9,16.0,0.0,0.0,0.0,0.0,3,24.2,47.2,314,Overcast,0,0,
87801,2021-09-06 08:00:00,40.677048,-73.9387,1,0,Traffic Control Disregarded,4455659,26.9,18.4,0.0,0.0,0.0,0.0,3,19.6,37.8,273,Overcast,1,1,
87802,2021-09-10 01:30:00,40.881264,-73.83875,0,0,Unsafe Speed,4455527,22.9,16.0,0.0,0.0,0.0,0.0,3,24.2,47.2,314,Overcast,0,0,
87803,2021-08-24 14:45:00,40.699024,-73.91623,1,0,Following Too Closely,4455768,30.6,21.9,0.0,0.0,0.0,0.0,1,13.9,28.1,291,Mainly clear,1,1,Sunny/Clear Conditions
87804,2021-09-08 15:15:00,40.687096,-73.971634,1,0,Unsafe Speed,4455130,26.4,19.6,0.7,0.7,0.0,6.0,51,26.7,55.8,187,Drizzle: Light,1,1,
87805,2021-09-08 14:25:00,40.762737,-73.9597,0,0,Following Too Closely,4455157,26.4,19.6,0.7,0.7,0.0,6.0,51,26.7,55.8,187,Drizzle: Light,0,0,
87806,2021-09-09 14:00:00,40.76155,-73.96659,0,0,Driver Inattention/Distraction,4455386,22.4,19.8,18.4,18.4,0.0,15.0,63,17.5,39.2,271,Rain: Moderate,0,0,
87807,2021-09-08 17:00:00,40.76029,-73.98016,0,0,Unspecified,4455338,26.4,19.6,0.7,0.7,0.0,6.0,51,26.7,55.8,187,Drizzle: Light,0,0,
87808,2021-09-09 00:30:00,40.671078,-73.842926,0,0,Unspecified,4455471,22.4,19.8,18.4,18.4,0.0,15.0,63,17.5,39.2,271,Rain: Moderate,0,0,
87809,2021-09-10 11:40:00,40.873383,-73.88938,0,0,Unspecified,4455644,22.9,16.0,0.0,0.0,0.0,0.0,3,24.2,47.2,314,Overcast,0,0,
87810,2021-09-08 14:25:00,40.669403,-73.912605,0,0,Other Vehicular,4456061,26.4,19.6,0.7,0.7,0.0,6.0,51,26.7,55.8,187,Drizzle: Light,0,0,
87811,2021-09-09 16:15:00,40.730537,-73.95077,0,0,Turning Improperly,4455488,22.4,19.8,18.4,18.4,0.0,15.0,63,17.5,39.2,271,Rain: Moderate,0,0,
87812,2021-09-08 16:50:00,40.732716,-73.95807,1,0,Driver Inattention/Distraction,4455170,26.4,19.6,0.7,0.7,0.0,6.0,51,26.7,55.8,187,Drizzle: Light,1,1,
87813,2021-09-08 15:40:00,40.688446,-73.87593,2,0,Driver Inattention/Distraction,4456322,26.4,19.6,0.7,0.7,0.0,6.0,51,26.7,55.8,187,Drizzle: Light,2,2,
87814,2021-09-09 07:42:00,40.78808,-73.94931,0,0,Other Vehicular,4455512,22.4,19.8,18.4,18.4,0.0,15.0,63,17.5,39.2,271,Rain: Moderate,0,0,
87815,2021-09-08 19:05:00,40.826557,-73.87771,0,0,Unspecified,4455117,26.4,19.6,0.7,0.7,0.0,6.0,51,26.7,55.8,187,Drizzle: Light,0,0,
87816,2021-09-10 12:30:00,40.66819,-73.88454,1,0,Unspecified,4456308,22.9,16.0,0.0,0.0,0.0,0.0,3,24.2,47.2,314,Overcast,1,1,
87817,2021-09-03 04:13:00,40.676647,-73.91647,1,0,Traffic Control Disregarded,4456289,21.9,14.0,0.0,0.0,0.0,0.0,3,14.5,30.2,321,Overcast,1,1,
87818,2021-09-10 00:00:00,40.637726,-74.00717,0,0,Unspecified,4455455,22.9,16.0,0.0,0.0,0.0,0.0,3,24.2,47.2,314,Overcast,0,0,
87819,2021-09-10 13:30:00,40.749306,-73.86141,0,0,Unspecified,4455826,22.9,16.0,0.0,0.0,0.0,0.0,3,24.2,47.2,314,Overcast,0,0,
87820,2021-09-10 13:30:00,40.72579,-73.79175,0,0,Following Too Closely,4455701,22.9,16.0,0.0,0.0,0.0,0.0,3,24.2,47.2,314,Overcast,0,0,
87821,2021-09-09 11:34:00,40.795456,-73.96564,1,0,Failure to Yield Right-of-Way,4455321,22.4,19.8,18.4,18.4,0.0,15.0,63,17.5,39.2,271,Rain: Moderate,1,1,
87822,2021-09-10 20:35:00,40.745728,-73.97813,0,0,Driver Inattention/Distraction,4455718,22.9,16.0,0.0,0.0,0.0,0.0,3,24.2,47.2,314,Overcast,0,0,
87823,2021-09-07 01:20:00,40.7025,-73.91633,0,0,Passing or Lane Usage Improper,4455801,25.9,15.2,0.0,0.0,0.0,0.0,1,12.5,25.6,259,Mainly clear,0,0,Sunny/Clear Conditions
87824,2021-09-05 00:00:00,40.74345,-73.9882,1,0,Following Too Closely,4455981,24.5,16.9,1.0,1.0,0.0,6.0,51,15.5,42.5,204,Drizzle: Light,1,1,
87825,2021-09-10 22:09:00,40.68626,-73.8013,0,0,Failure to Yield Right-of-Way,4455851,22.9,16.0,0.0,0.0,0.0,0.0,3,24.2,47.2,314,Overcast,0,0,
87826,2021-09-10 09:30:00,40.842766,-73.86614,0,0,Driver Inattention/Distraction,4455649,22.9,16.0,0.0,0.0,0.0,0.0,3,24.2,47.2,314,Overcast,0,0,
87827,2021-09-09 11:26:00,40.66691,-73.822014,0,0,Following Too Closely,4455333,22.4,19.8,18.4,18.4,0.0,15.0,63,17.5,39.2,271,Rain: Moderate,0,0,
87828,2021-09-05 17:35:00,40.734657,-74.00475,0,0,Passing Too Closely,4455654,24.5,16.9,1.0,1.0,0.0,6.0,51,15.5,42.5,204,Drizzle: Light,0,0,
87829,2021-09-09 18:14:00,40.749733,-73.936104,3,0,Driver Inattention/Distraction,4455612,22.4,19.8,18.4,18.4,0.0,15.0,63,17.5,39.2,271,Rain: Moderate,3,3,
87830,2021-09-08 13:27:00,40.818993,-73.909744,0,0,Unspecified,4455522,26.4,19.6,0.7,0.7,0.0,6.0,51,26.7,55.8,187,Drizzle: Light,0,0,
87831,2021-09-09 13:57:00,40.778793,-73.98206,1,0,Unspecified,4455891,22.4,19.8,18.4,18.4,0.0,15.0,63,17.5,39.2,271,Rain: Moderate,1,1,
87832,2021-09-09 08:30:00,40.76529,-73.993256,0,0,Passing or Lane Usage Improper,4455343,22.4,19.8,18.4,18.4,0.0,15.0,63,17.5,39.2,271,Rain: Moderate,0,0,
87833,2021-09-10 19:00:00,40.693844,-73.90119,0,0,Following Too Closely,4456223,22.9,16.0,0.0,0.0,0.0,0.0,3,24.2,47.2,314,Overcast,0,0,
87834,2021-09-08 20:18:00,40.66858,-73.84223,0,0,Driver Inattention/Distraction,4455143,26.4,19.6,0.7,0.7,0.0,6.0,51,26.7,55.8,187,Drizzle: Light,0,0,
87835,2021-09-04 16:50:00,40.66552,-73.74467,0,0,Following Too Closely,4453724,25.2,14.5,0.0,0.0,0.0,0.0,3,15.4,27.0,289,Overcast,0,0,
87836,2021-09-10 22:45:00,40.745724,-73.859566,1,0,Unspecified,4456430,22.9,16.0,0.0,0.0,0.0,0.0,3,24.2,47.2,314,Overcast,1,1,
87837,2022-02-03 18:00:00,40.705677,-73.926094,1,0,Driver Inattention/Distraction,4500016,9.2,2.3,13.1,13.1,0.0,17.0,61,14.9,23.8,194,Rain: Light,1,1,
87838,2022-02-04 10:00:00,40.795708,-73.93688,0,0,Pavement Slippery,4499879,12.5,-2.3,26.6,26.5,0.07,23.0,71,29.7,50.4,313,Snow fall: Light,0,0,Snowy Conditions
87839,2022-02-03 19:34:00,40.695717,-73.96592,0,0,Following Too Closely,4499770,9.2,2.3,13.1,13.1,0.0,17.0,61,14.9,23.8,194,Rain: Light,0,0,
87840,2022-02-02 04:00:00,40.615376,-73.99927,0,0,Unspecified,4499687,3.8,-7.2,0.0,0.0,0.0,0.0,3,10.6,16.2,93,Overcast,0,0,
87841,2022-01-27 17:20:00,40.704033,-73.7938,0,0,Unsafe Lane Changing,4500509,-0.3,-9.6,0.0,0.0,0.0,0.0,3,18.7,37.1,184,Overcast,0,0,
87842,2022-02-04 01:56:00,40.696667,-73.750175,2,0,Unsafe Speed,4499894,12.5,-2.3,26.6,26.5,0.07,23.0,71,29.7,50.4,313,Snow fall: Light,2,2,Snowy Conditions
87843,2022-02-04 13:41:00,40.729416,-73.9871,0,0,Driver Inattention/Distraction,4500149,12.5,-2.3,26.6,26.5,0.07,23.0,71,29.7,50.4,313,Snow fall: Light,0,0,Snowy Conditions
87844,2022-02-03 01:00:00,40.755165,-73.8891,1,0,Driver Inexperience,4499656,9.2,2.3,13.1,13.1,0.0,17.0,61,14.9,23.8,194,Rain: Light,1,1,
87845,2022-02-03 18:00:00,40.8863,-73.863525,0,0,Unsafe Speed,4500408,9.2,2.3,13.1,13.1,0.0,17.0,61,14.9,23.8,194,Rain: Light,0,0,
87846,2022-02-03 08:45:00,40.60689,-73.95795,0,0,Driver Inexperience,4499695,9.2,2.3,13.1,13.1,0.0,17.0,61,14.9,23.8,194,Rain: Light,0,0,
87847,2022-01-26 15:10:00,40.700554,-73.84294,1,0,Unspecified,4499956,-3.1,-8.0,0.0,0.0,0.0,0.0,0,20.5,39.6,328,Clear sky,1,1,Sunny/Clear Conditions
87848,2022-02-03 08:10:00,40.586117,-73.93604,0,0,Unsafe Lane Changing,4499675,9.2,2.3,13.1,13.1,0.0,17.0,61,14.9,23.8,194,Rain: Light,0,0,
87849,2022-02-02 21:57:00,40.8308,-73.90502,0,0,Unspecified,4499569,3.8,-7.2,0.0,0.0,0.0,0.0,3,10.6,16.2,93,Overcast,0,0,
87850,2022-02-02 20:30:00,40.732277,-73.84927,0,0,Passing Too Closely,4500427,3.8,-7.2,0.0,0.0,0.0,0.0,3,10.6,16.2,93,Overcast,0,0,
87851,2022-02-03 16:35:00,40.5917,-74.16443,0,0,Failure to Yield Right-of-Way,4499753,9.2,2.3,13.1,13.1,0.0,17.0,61,14.9,23.8,194,Rain: Light,0,0,
87852,2022-02-03 16:51:00,40.854588,-73.90187,0,0,Passing or Lane Usage Improper,4499816,9.2,2.3,13.1,13.1,0.0,17.0,61,14.9,23.8,194,Rain: Light,0,0,
87853,2022-02-03 09:30:00,40.705616,-73.86575,0,0,Brakes Defective,4499969,9.2,2.3,13.1,13.1,0.0,17.0,61,14.9,23.8,194,Rain: Light,0,0,
87854,2022-02-02 07:20:00,40.771347,-73.92285,0,0,Unspecified,4499515,3.8,-7.2,0.0,0.0,0.0,0.0,3,10.6,16.2,93,Overcast,0,0,
87855,2021-02-03 17:00:00,40.74094,-73.91725,0,0,Turning Improperly,4499921,1.5,-2.2,0.1,0.0,0.07,1.0,71,20.9,37.8,322,Snow fall: Light,0,0,Snowy Conditions
87856,2022-02-04 08:34:00,40.777714,-73.82406,1,0,Unspecified,4499906,12.5,-2.3,26.6,26.5,0.07,23.0,71,29.7,50.4,313,Snow fall: Light,1,1,Snowy Conditions
87857,2022-02-03 17:40:00,40.8305,-73.86606,0,0,Unspecified,4500001,9.2,2.3,13.1,13.1,0.0,17.0,61,14.9,23.8,194,Rain: Light,0,0,
87858,2022-02-02 11:30:00,40.832626,-73.925385,0,0,Unspecified,4499501,3.8,-7.2,0.0,0.0,0.0,0.0,3,10.6,16.2,93,Overcast,0,0,
87859,2022-02-03 00:00:00,40.73814,-74.00816,0,0,Driver Inattention/Distraction,4500207,9.2,2.3,13.1,13.1,0.0,17.0,61,14.9,23.8,194,Rain: Light,0,0,
87860,2022-02-02 18:00:00,40.70994,-73.92803,0,0,Following Too Closely,4499780,3.8,-7.2,0.0,0.0,0.0,0.0,3,10.6,16.2,93,Overcast,0,0,
87861,2022-02-01 00:00:00,40.76052,-73.87379,0,0,Unspecified,4499862,-0.9,-13.4,0.0,0.0,0.0,0.0,3,12.2,21.2,36,Overcast,0,0,
87862,2022-02-04 21:27:00,40.7923,-73.807236,0,0,Passing or Lane Usage Improper,4500081,12.5,-2.3,26.6,26.5,0.07,23.0,71,29.7,50.4,313,Snow fall: Light,0,0,Snowy Conditions
87863,2022-02-02 15:45:00,40.711338,-73.85646,0,0,Passing Too Closely,4499446,3.8,-7.2,0.0,0.0,0.0,0.0,3,10.6,16.2,93,Overcast,0,0,
87864,2022-02-02 06:15:00,40.758533,-73.98885,0,0,Driver Inattention/Distraction,4500359,3.8,-7.2,0.0,0.0,0.0,0.0,3,10.6,16.2,93,Overcast,0,0,
87865,2022-02-01 07:00:00,40.738216,-73.98568,0,0,Unspecified,4499984,-0.9,-13.4,0.0,0.0,0.0,0.0,3,12.2,21.2,36,Overcast,0,0,
87866,2022-02-02 17:35:00,40.75958,-73.984375,0,0,Unspecified,4499551,3.8,-7.2,0.0,0.0,0.0,0.0,3,10.6,16.2,93,Overcast,0,0,
87867,2022-01-30 14:45:00,40.765648,-73.72392,0,0,Driver Inattention/Distraction,4500293,-5.4,-13.8,0.0,0.0,0.0,0.0,3,28.5,50.0,290,Overcast,0,0,
87868,2022-02-03 14:13:00,40.711998,-74.005264,0,0,Driver Inattention/Distraction,4499847,9.2,2.3,13.1,13.1,0.0,17.0,61,14.9,23.8,194,Rain: Light,0,0,
87869,2022-02-03 18:00:00,40.692684,-73.96874,0,0,Other Vehicular,4499812,9.2,2.3,13.1,13.1,0.0,17.0,61,14.9,23.8,194,Rain: Light,0,0,
87870,2022-02-02 18:30:00,40.87739,-73.8665,0,0,Other Vehicular,4499736,3.8,-7.2,0.0,0.0,0.0,0.0,3,10.6,16.2,93,Overcast,0,0,
87871,2022-02-04 21:25:00,40.642014,-73.9313,0,0,Unspecified,4500248,12.5,-2.3,26.6,26.5,0.07,23.0,71,29.7,50.4,313,Snow fall: Light,0,0,Snowy Conditions
87872,2022-01-26 07:30:00,40.683956,-73.98956,0,0,Unspecified,4499934,-3.1,-8.0,0.0,0.0,0.0,0.0,0,20.5,39.6,328,Clear sky,0,0,Sunny/Clear Conditions
87873,2022-02-04 15:58:00,40.743874,-73.97163,1,0,Passing or Lane Usage Improper,4500053,12.5,-2.3,26.6,26.5,0.07,23.0,71,29.7,50.4,313,Snow fall: Light,1,1,Snowy Conditions
87874,2022-02-04 05:10:00,40.742676,-73.839516,0,0,Driver Inattention/Distraction,4500318,12.5,-2.3,26.6,26.5,0.07,23.0,71,29.7,50.4,313,Snow fall: Light,0,0,Snowy Conditions
87875,2022-02-04 14:00:00,40.763535,-73.77171,0,0,Driver Inattention/Distraction,4499889,12.5,-2.3,26.6,26.5,0.07,23.0,71,29.7,50.4,313,Snow fall: Light,0,0,Snowy Conditions
87876,2022-02-04 17:58:00,40.75829,-73.83431,1,0,Unspecified,4499911,12.5,-2.3,26.6,26.5,0.07,23.0,71,29.7,50.4,313,Snow fall: Light,1,1,Snowy Conditions
87877,2022-02-03 00:45:00,40.6913,-73.9455,1,0,Driver Inattention/Distraction,4500181,9.2,2.3,13.1,13.1,0.0,17.0,61,14.9,23.8,194,Rain: Light,1,1,
87878,2022-02-04 18:18:00,40.610947,-73.953606,1,0,Unspecified,4500141,12.5,-2.3,26.6,26.5,0.07,23.0,71,29.7,50.4,313,Snow fall: Light,1,1,Snowy Conditions
87879,2022-02-02 02:30:00,40.79653,-73.97597,0,0,Unsafe Speed,4499556,3.8,-7.2,0.0,0.0,0.0,0.0,3,10.6,16.2,93,Overcast,0,0,
87880,2022-01-31 20:30:00,40.83597,-73.945984,0,0,Alcohol Involvement,4500270,-3.4,-17.1,0.0,0.0,0.0,0.0,3,12.2,18.0,23,Overcast,0,0,
87881,2022-02-04 13:09:00,40.720913,-73.94074,0,0,Following Too Closely,4499867,12.5,-2.3,26.6,26.5,0.07,23.0,71,29.7,50.4,313,Snow fall: Light,0,0,Snowy Conditions
87882,2022-02-03 08:17:00,40.734886,-73.98995,0,0,Traffic Control Disregarded,4499614,9.2,2.3,13.1,13.1,0.0,17.0,61,14.9,23.8,194,Rain: Light,0,0,
87883,2022-02-03 08:25:00,40.87683,-73.86472,1,0,Unspecified,4499743,9.2,2.3,13.1,13.1,0.0,17.0,61,14.9,23.8,194,Rain: Light,1,1,
87884,2022-01-21 09:30:00,40.8552,-73.88432,0,0,Driver Inattention/Distraction,4500301,-5.3,-11.6,0.0,0.0,0.0,0.0,3,21.9,40.0,2,Overcast,0,0,
87885,2022-02-02 17:30:00,40.665737,-73.95088,0,0,Driver Inattention/Distraction,4499534,3.8,-7.2,0.0,0.0,0.0,0.0,3,10.6,16.2,93,Overcast,0,0,
87886,2022-02-04 13:40:00,40.726593,-73.81684,1,0,Unspecified,4500035,12.5,-2.3,26.6,26.5,0.07,23.0,71,29.7,50.4,313,Snow fall: Light,1,1,Snowy Conditions
87887,2022-02-04 20:00:00,40.6634,-73.97785,1,0,Unsafe Speed,4500481,12.5,-2.3,26.6,26.5,0.07,23.0,71,29.7,50.4,313,Snow fall: Light,1,1,Snowy Conditions
87888,2022-02-04 17:42:00,40.786747,-73.84295,0,0,Passing or Lane Usage Improper,4500102,12.5,-2.3,26.6,26.5,0.07,23.0,71,29.7,50.4,313,Snow fall: Light,0,0,Snowy Conditions
87889,2022-02-02 20:18:00,40.723698,-74.00792,0,0,Unspecified,4499484,3.8,-7.2,0.0,0.0,0.0,0.0,3,10.6,16.2,93,Overcast,0,0,
87890,2022-02-03 18:39:00,40.634617,-74.02353,1,0,Unsafe Speed,4499774,9.2,2.3,13.1,13.1,0.0,17.0,61,14.9,23.8,194,Rain: Light,1,1,
87891,2022-02-02 09:45:00,40.714092,-73.94899,0,0,Unspecified,4499787,3.8,-7.2,0.0,0.0,0.0,0.0,3,10.6,16.2,93,Overcast,0,0,
87892,2022-01-25 10:00:00,40.68316,-73.93809,0,0,Following Too Closely,4500308,6.3,-3.9,0.0,0.0,0.0,0.0,3,16.9,33.8,270,Overcast,0,0,
87893,2022-02-04 08:30:00,40.89163,-73.85184,0,0,Driver Inattention/Distraction,4500402,12.5,-2.3,26.6,26.5,0.07,23.0,71,29.7,50.4,313,Snow fall: Light,0,0,Snowy Conditions
87894,2022-02-03 07:50:00,40.608223,-74.1294,0,0,Following Too Closely,4499651,9.2,2.3,13.1,13.1,0.0,17.0,61,14.9,23.8,194,Rain: Light,0,0,
87895,2022-02-03 16:12:00,40.759922,-73.96273,0,0,Driver Inattention/Distraction,4499724,9.2,2.3,13.1,13.1,0.0,17.0,61,14.9,23.8,194,Rain: Light,0,0,