,CRASH DATETIME,LATITUDE,LONGITUDE,NUMBER OF PERSONS INJURED,NUMBER OF PERSONS KILLED,CONTRIBUTING FACTOR VEHICLE 1,COLLISION_ID,temperature_2m_max,temperature_2m_min,precipitation_sum,rain_sum,snowfall_sum,precipitation_hours,weather_code,wind_speed_10m_max,wind_gusts_10m_max,wind_direction_10m_dominant,Weather Description,Severity_Score,Total_Affected_Persons,Weather_Category
87896,2022-02-02 08:40:00,40.836506,-73.90536,2,0,Driver Inattention/Distraction,4499562,3.8,-7.2,0.0,0.0,0.0,0.0,3,10.6,16.2,93,Overcast,2,2,
87897,2022-02-04 06:54:00,40.82004,-73.94126,0,0,Unspecified,4499874,12.5,-2.3,26.6,26.5,0.07,23.0,71,29.7,50.4,313,Snow fall: Light,0,0,Snowy Conditions
87898,2022-02-02 23:15:00,40.697315,-73.932274,0,0,Turning Improperly,4500012,3.8,-7.2,0.0,0.0,0.0,0.0,3,10.6,16.2,93,Overcast,0,0,
87899,2022-02-04 22:00:00,40.855556,-73.92918,0,0,Passing or Lane Usage Improper,4500433,12.5,-2.3,26.6,26.5,0.07,23.0,71,29.7,50.4,313,Snow fall: Light,0,0,Snowy Conditions
87900,2022-01-31 18:35:00,40.753006,-73.8326,0,0,Failure to Yield Right-of-Way,4500104,-3.4,-17.1,0.0,0.0,0.0,0.0,3,12.2,18.0,23,Overcast,0,0,
87901,2022-02-02 01:40:00,40.831017,-73.85226,1,0,Reaction to Uninvolved Vehicle,4499592,3.8,-7.2,0.0,0.0,0.0,0.0,3,10.6,16.2,93,Overcast,1,1,
87902,2022-02-02 11:00:00,40.816746,-73.915306,0,0,Driver Inattention/Distraction,4499949,3.8,-7.2,0.0,0.0,0.0,0.0,3,10.6,16.2,93,Overcast,0,0,
87903,2022-02-03 20:40:00,40.680477,-73.951164,0,0,Following Too Closely,4500329,9.2,2.3,13.1,13.1,0.0,17.0,61,14.9,23.8,194,Rain: Light,0,0,
87904,2022-02-04 09:50:00,40.699482,-73.96104,0,0,Passing or Lane Usage Improper,4500474,12.5,-2.3,26.6,26.5,0.07,23.0,71,29.7,50.4,313,Snow fall: Light,0,0,Snowy Conditions
87905,2022-02-02 20:11:00,40.727962,-73.95008,1,0,Failure to Yield Right-of-Way,4499820,3.8,-7.2,0.0,0.0,0.0,0.0,3,10.6,16.2,93,Overcast,1,1,
87906,2022-02-03 08:30:00,40.825394,-73.883286,0,0,Pavement Slippery,4500005,9.2,2.3,13.1,13.1,0.0,17.0,61,14.9,23.8,194,Rain: Light,0,0,
87907,2022-02-03 07:27:00,40.646214,-73.89578,0,0,Other Vehicular,4499757,9.2,2.3,13.1,13.1,0.0,17.0,61,14.9,23.8,194,Rain: Light,0,0,
87908,2022-02-04 22:10:00,40.761894,-73.72916,1,0,Driver Inattention/Distraction,4499943,12.5,-2.3,26.6,26.5,0.07,23.0,71,29.7,50.4,313,Snow fall: Light,1,1,Snowy Conditions
87909,2022-02-04 06:50:00,40.743603,-73.70752,0,0,Pavement Slippery,4499850,12.5,-2.3,26.6,26.5,0.07,23.0,71,29.7,50.4,313,Snow fall: Light,0,0,Snowy Conditions
87910,2022-02-03 00:15:00,40.835857,-73.87213,0,0,Unspecified,4499597,9.2,2.3,13.1,13.1,0.0,17.0,61,14.9,23.8,194,Rain: Light,0,0,
87911,2022-02-03 22:22:00,40.63291,-73.97957,0,0,Unspecified,4500196,9.2,2.3,13.1,13.1,0.0,17.0,61,14.9,23.8,194,Rain: Light,0,0,
87912,2022-02-04 10:30:00,40.733906,-73.87178,0,0,Following Too Closely,4499843,12.5,-2.3,26.6,26.5,0.07,23.0,71,29.7,50.4,313,Snow fall: Light,0,0,Snowy Conditions
87913,2022-02-03 17:18:00,40.663788,-73.734024,0,0,Driver Inattention/Distraction,4499760,9.2,2.3,13.1,13.1,0.0,17.0,61,14.9,23.8,194,Rain: Light,0,0,
87914,2022-02-02 04:07:00,40.751747,-73.97081,0,0,Driver Inattention/Distraction,4499312,3.8,-7.2,0.0,0.0,0.0,0.0,3,10.6,16.2,93,Overcast,0,0,
87915,2022-02-03 19:20:00,40.77882,-73.953995,1,0,Failure to Yield Right-of-Way,4499807,9.2,2.3,13.1,13.1,0.0,17.0,61,14.9,23.8,194,Rain: Light,1,1,
87916,2022-01-31 20:30:00,40.667763,-73.93122,0,0,Pavement Slippery,4500075,-3.4,-17.1,0.0,0.0,0.0,0.0,3,12.2,18.0,23,Overcast,0,0,
87917,2022-01-31 22:45:00,40.801125,-73.92988,0,0,Driver Inattention/Distraction,4499981,-3.4,-17.1,0.0,0.0,0.0,0.0,3,12.2,18.0,23,Overcast,0,0,
87918,2022-02-03 12:00:00,40.740273,-73.89586,0,0,Passing or Lane Usage Improper,4499775,9.2,2.3,13.1,13.1,0.0,17.0,61,14.9,23.8,194,Rain: Light,0,0,
87919,2022-02-03 09:00:00,40.637794,-73.93954,0,0,Driver Inattention/Distraction,4499669,9.2,2.3,13.1,13.1,0.0,17.0,61,14.9,23.8,194,Rain: Light,0,0,
87920,2022-02-02 08:15:00,40.671925,-73.939186,0,0,Tire Failure/Inadequate,4499439,3.8,-7.2,0.0,0.0,0.0,0.0,3,10.6,16.2,93,Overcast,0,0,
87921,2022-02-02 13:00:00,40.662308,-73.99507,0,0,Unspecified,4500372,3.8,-7.2,0.0,0.0,0.0,0.0,3,10.6,16.2,93,Overcast,0,0,
87922,2022-02-04 07:20:00,40.63868,-73.91682,1,0,Lost Consciousness,4500023,12.5,-2.3,26.6,26.5,0.07,23.0,71,29.7,50.4,313,Snow fall: Light,1,1,Snowy Conditions
87923,2022-02-04 19:23:00,40.882732,-73.89672,0,0,Unspecified,4500044,12.5,-2.3,26.6,26.5,0.07,23.0,71,29.7,50.4,313,Snow fall: Light,0,0,Snowy Conditions
87924,2022-02-04 17:00:00,40.90146,-73.86267,0,0,Driver Inattention/Distraction,4500414,12.5,-2.3,26.6,26.5,0.07,23.0,71,29.7,50.4,313,Snow fall: Light,0,0,Snowy Conditions
87925,2022-01-26 07:45:00,40.76034,-73.936386,0,0,Turning Improperly,4500237,-3.1,-8.0,0.0,0.0,0.0,0.0,0,20.5,39.6,328,Clear sky,0,0,Sunny/Clear Conditions
87926,2022-02-02 20:40:00,40.650227,-73.92827,1,0,Unspecified,4499660,3.8,-7.2,0.0,0.0,0.0,0.0,3,10.6,16.2,93,Overcast,1,1,
87927,2022-02-04 06:20:00,40.835705,-73.888756,2,0,Unspecified,4500134,12.5,-2.3,26.6,26.5,0.07,23.0,71,29.7,50.4,313,Snow fall: Light,2,2,Snowy Conditions
87928,2022-02-04 20:05:00,40.861256,-73.925674,0,0,Traffic Control Disregarded,4500424,12.5,-2.3,26.6,26.5,0.07,23.0,71,29.7,50.4,313,Snow fall: Light,0,0,Snowy Conditions
87929,2022-02-04 17:50:00,40.810627,-73.95828,1,0,Unspecified,4500384,12.5,-2.3,26.6,26.5,0.07,23.0,71,29.7,50.4,313,Snow fall: Light,1,1,Snowy Conditions
87930,2022-02-03 17:59:00,40.838203,-73.9302,1,0,Unsafe Lane Changing,4500167,9.2,2.3,13.1,13.1,0.0,17.0,61,14.9,23.8,194,Rain: Light,1,1,
87931,2022-02-04 15:47:00,40.668083,-73.95929,0,0,Backing Unsafely,4499918,12.5,-2.3,26.6,26.5,0.07,23.0,71,29.7,50.4,313,Snow fall: Light,0,0,Snowy Conditions
87932,2022-02-03 15:45:00,40.712082,-73.94227,0,0,Backing Unsafely,4499791,9.2,2.3,13.1,13.1,0.0,17.0,61,14.9,23.8,194,Rain: Light,0,0,
87933,2022-02-04 10:00:00,40.75595,-73.99074,0,0,Unspecified,4500357,12.5,-2.3,26.6,26.5,0.07,23.0,71,29.7,50.4,313,Snow fall: Light,0,0,Snowy Conditions
87934,2022-02-03 11:40:00,40.877544,-73.84664,0,0,Unspecified,4499737,9.2,2.3,13.1,13.1,0.0,17.0,61,14.9,23.8,194,Rain: Light,0,0,
87935,2022-02-03 19:25:00,40.60981,-73.92251,1,0,Unspecified,4500040,9.2,2.3,13.1,13.1,0.0,17.0,61,14.9,23.8,194,Rain: Light,1,1,
87936,2022-02-02 16:23:00,40.80806,-73.93042,0,0,Passing Too Closely,4499567,3.8,-7.2,0.0,0.0,0.0,0.0,3,10.6,16.2,93,Overcast,0,0,
87937,2022-02-01 13:30:00,40.614452,-73.99161,0,0,Driver Inattention/Distraction,4500295,-0.9,-13.4,0.0,0.0,0.0,0.0,3,12.2,21.2,36,Overcast,0,0,
87938,2022-02-03 14:29:00,40.720722,-73.98325,0,0,Unspecified,4500094,9.2,2.3,13.1,13.1,0.0,17.0,61,14.9,23.8,194,Rain: Light,0,0,
87939,2022-02-04 13:13:00,40.743782,-73.97352,0,0,Unspecified,4499886,12.5,-2.3,26.6,26.5,0.07,23.0,71,29.7,50.4,313,Snow fall: Light,0,0,Snowy Conditions
87940,2022-02-02 19:41:00,40.854874,-73.916794,0,0,Passing or Lane Usage Improper,4499582,3.8,-7.2,0.0,0.0,0.0,0.0,3,10.6,16.2,93,Overcast,0,0,
87941,2022-02-04 17:00:00,0.0,0.0,0,0,Driver Inattention/Distraction,4499899,12.5,-2.3,26.6,26.5,0.07,23.0,71,29.7,50.4,313,Snow fall: Light,0,0,Snowy Conditions
87942,2022-02-04 10:32:00,40.717278,-73.99544,0,0,Driver Inattention/Distraction,4500182,12.5,-2.3,26.6,26.5,0.07,23.0,71,29.7,50.4,313,Snow fall: Light,0,0,Snowy Conditions
87943,2022-02-03 00:00:00,40.65812,-73.934006,0,0,Driver Inattention/Distraction,4500008,9.2,2.3,13.1,13.1,0.0,17.0,61,14.9,23.8,194,Rain: Light,0,0,
87944,2022-02-03 12:00:00,40.674355,-73.76752,0,0,Passing Too Closely,4499713,9.2,2.3,13.1,13.1,0.0,17.0,61,14.9,23.8,194,Rain: Light,0,0,
87945,2022-02-03 07:28:00,40.879467,-73.87518,0,0,Unspecified,4499623,9.2,2.3,13.1,13.1,0.0,17.0,61,14.9,23.8,194,Rain: Light,0,0,
87946,2022-02-02 13:23:00,40.75584,-73.83448,0,0,Unspecified,4499459,3.8,-7.2,0.0,0.0,0.0,0.0,3,10.6,16.2,93,Overcast,0,0,
87947,2022-02-04 19:40:00,40.70199,-73.936745,0,0,Following Too Closely,4500116,12.5,-2.3,26.6,26.5,0.07,23.0,71,29.7,50.4,313,Snow fall: Light,0,0,Snowy Conditions
87948,2022-02-02 00:13:00,40.76635,-73.95103,0,0,Driver Inexperience,4500533,3.8,-7.2,0.0,0.0,0.0,0.0,3,10.6,16.2,93,Overcast,0,0,
87949,2022-02-04 00:36:00,40.8382,-73.92371,1,0,Unsafe Speed,4500190,12.5,-2.3,26.6,26.5,0.07,23.0,71,29.7,50.4,313,Snow fall: Light,1,1,Snowy Conditions
87950,2022-02-03 14:00:00,40.65142,-73.93716,0,0,Passing or Lane Usage Improper,4500226,9.2,2.3,13.1,13.1,0.0,17.0,61,14.9,23.8,194,Rain: Light,0,0,
87951,2022-01-31 07:25:00,40.86369,-73.91707,0,0,Unspecified,4500453,-3.4,-17.1,0.0,0.0,0.0,0.0,3,12.2,18.0,23,Overcast,0,0,
87952,2022-02-02 15:51:00,40.713554,-73.98086,1,0,Failure to Yield Right-of-Way,4499475,3.8,-7.2,0.0,0.0,0.0,0.0,3,10.6,16.2,93,Overcast,1,1,
87953,2022-01-30 21:49:00,40.73361,-73.835915,0,0,Driver Inattention/Distraction,4500341,-5.4,-13.8,0.0,0.0,0.0,0.0,3,28.5,50.0,290,Overcast,0,0,
87954,2022-02-04 10:35:00,40.742657,-73.846214,0,0,Following Too Closely,4499839,12.5,-2.3,26.6,26.5,0.07,23.0,71,29.7,50.4,313,Snow fall: Light,0,0,Snowy Conditions
87955,2022-02-02 09:39:00,40.644863,-73.89174,1,0,Driver Inattention/Distraction,4499382,3.8,-7.2,0.0,0.0,0.0,0.0,3,10.6,16.2,93,Overcast,1,1,
87956,2022-02-03 17:00:00,40.697426,-73.784325,0,0,Driver Inattention/Distraction,4500514,9.2,2.3,13.1,13.1,0.0,17.0,61,14.9,23.8,194,Rain: Light,0,0,
87957,2022-02-02 22:55:00,40.643574,-73.97166,1,0,Unspecified,4499635,3.8,-7.2,0.0,0.0,0.0,0.0,3,10.6,16.2,93,Overcast,1,1,
87958,2022-02-04 15:47:00,40.77719,-73.95225,3,0,Driver Inattention/Distraction,4500523,12.5,-2.3,26.6,26.5,0.07,23.0,71,29.7,50.4,313,Snow fall: Light,3,3,Snowy Conditions
87959,2022-02-02 15:15:00,40.78455,-73.94689,0,0,Failure to Yield Right-of-Way,4499964,3.8,-7.2,0.0,0.0,0.0,0.0,3,10.6,16.2,93,Overcast,0,0,
87960,2022-02-02 06:25:00,40.68354,-73.98438,0,0,Backing Unsafely,4499544,3.8,-7.2,0.0,0.0,0.0,0.0,3,10.6,16.2,93,Overcast,0,0,
87961,2022-02-01 14:00:00,40.72034,-74.00223,0,0,Pavement Slippery,4499871,-0.9,-13.4,0.0,0.0,0.0,0.0,3,12.2,21.2,36,Overcast,0,0,
87962,2022-02-03 09:15:00,40.742012,-73.78278,0,0,Driver Inattention/Distraction,4499959,9.2,2.3,13.1,13.1,0.0,17.0,61,14.9,23.8,194,Rain: Light,0,0,
87963,2022-02-03 18:42:00,40.726444,-73.76579,0,0,Unspecified,4499800,9.2,2.3,13.1,13.1,0.0,17.0,61,14.9,23.8,194,Rain: Light,0,0,
87964,2022-01-26 02:12:00,40.76553,-73.94028,0,0,Driver Inattention/Distraction,4499854,-3.1,-8.0,0.0,0.0,0.0,0.0,0,20.5,39.6,328,Clear sky,0,0,Sunny/Clear Conditions
87965,2022-02-02 17:00:00,40.73769,-73.76858,0,0,Driver Inattention/Distraction,4499461,3.8,-7.2,0.0,0.0,0.0,0.0,3,10.6,16.2,93,Overcast,0,0,
87966,2022-02-02 15:35:00,40.725964,-74.001274,1,0,Other Vehicular,4499485,3.8,-7.2,0.0,0.0,0.0,0.0,3,10.6,16.2,93,Overcast,1,1,
87967,2022-02-02 08:58:00,40.67824,-73.7711,0,0,Passing Too Closely,4499727,3.8,-7.2,0.0,0.0,0.0,0.0,3,10.6,16.2,93,Overcast,0,0,
87968,2022-02-04 16:43:00,40.879055,-73.851875,2,0,Driver Inattention/Distraction,4500412,12.5,-2.3,26.6,26.5,0.07,23.0,71,29.7,50.4,313,Snow fall: Light,2,2,Snowy Conditions
87969,2022-02-03 11:20:00,0.0,0.0,1,0,Traffic Control Disregarded,4499680,9.2,2.3,13.1,13.1,0.0,17.0,61,14.9,23.8,194,Rain: Light,1,1,
87970,2022-02-03 09:03:00,40.833965,-73.8629,0,0,Driver Inexperience,4499688,9.2,2.3,13.1,13.1,0.0,17.0,61,14.9,23.8,194,Rain: Light,0,0,
87971,2022-02-01 02:30:00,40.856537,-73.87257,0,0,Driver Inattention/Distraction,4499875,-0.9,-13.4,0.0,0.0,0.0,0.0,3,12.2,21.2,36,Overcast,0,0,
87972,2022-01-31 23:39:00,40.79337,-73.93274,0,0,Unspecified,4499991,-3.4,-17.1,0.0,0.0,0.0,0.0,3,12.2,18.0,23,Overcast,0,0,
87973,2022-02-03 19:40:00,40.651936,-73.9294,2,0,Unspecified,4500233,9.2,2.3,13.1,13.1,0.0,17.0,61,14.9,23.8,194,Rain: Light,2,2,
87974,2022-02-04 13:56:00,40.66675,-73.779945,2,0,View Obstructed/Limited,4499914,12.5,-2.3,26.6,26.5,0.07,23.0,71,29.7,50.4,313,Snow fall: Light,2,2,Snowy Conditions
87975,2022-02-02 23:12:00,40.804344,-73.92158,0,0,Unspecified,4500542,3.8,-7.2,0.0,0.0,0.0,0.0,3,10.6,16.2,93,Overcast,0,0,
87976,2022-02-01 17:00:00,40.74386,-73.94175,0,0,Driver Inattention/Distraction,4500069,-0.9,-13.4,0.0,0.0,0.0,0.0,3,12.2,21.2,36,Overcast,0,0,
87977,2022-02-03 10:11:00,40.684937,-73.91014,0,0,Aggressive Driving/Road Rage,4500013,9.2,2.3,13.1,13.1,0.0,17.0,61,14.9,23.8,194,Rain: Light,0,0,
87978,2022-02-02 11:23:00,40.621128,-74.133514,1,0,Driver Inattention/Distraction,4499588,3.8,-7.2,0.0,0.0,0.0,0.0,3,10.6,16.2,93,Overcast,1,1,
87979,2022-02-04 12:20:00,40.690372,-73.947105,0,0,Unspecified,4499882,12.5,-2.3,26.6,26.5,0.07,23.0,71,29.7,50.4,313,Snow fall: Light,0,0,Snowy Conditions
87980,2022-01-20 21:55:00,40.828663,-73.8781,1,0,Driver Inattention/Distraction,4500020,5.2,-5.5,7.3,4.6,1.89,10.0,73,22.3,40.0,315,Snow fall: Moderate,1,1,Snowy Conditions
87981,2022-02-03 09:05:00,40.66112,-73.920135,0,0,Driver Inattention/Distraction,4500220,9.2,2.3,13.1,13.1,0.0,17.0,61,14.9,23.8,194,Rain: Light,0,0,
87982,2022-02-02 12:00:00,40.67995,-73.98133,0,0,Passing Too Closely,4499903,3.8,-7.2,0.0,0.0,0.0,0.0,3,10.6,16.2,93,Overcast,0,0,
87983,2022-02-04 10:15:00,40.671406,-73.96133,1,0,Driver Inattention/Distraction,4500349,12.5,-2.3,26.6,26.5,0.07,23.0,71,29.7,50.4,313,Snow fall: Light,1,1,Snowy Conditions
87984,2022-02-04 18:02:00,40.63679,-73.95744,1,0,Unspecified,4500154,12.5,-2.3,26.6,26.5,0.07,23.0,71,29.7,50.4,313,Snow fall: Light,1,1,Snowy Conditions
87985,2022-02-02 14:20:00,40.674072,-73.863,2,0,Unspecified,4499422,3.8,-7.2,0.0,0.0,0.0,0.0,3,10.6,16.2,93,Overcast,2,2,
87986,2022-02-03 10:50:00,40.818558,-73.92732,1,0,Unspecified,4499880,9.2,2.3,13.1,13.1,0.0,17.0,61,14.9,23.8,194,Rain: Light,1,1,
87987,2022-01-13 07:37:00,40.583733,-73.95736,0,0,Unspecified,4500501,7.1,-3.7,0.0,0.0,0.0,0.0,3,9.7,18.7,193,Overcast,0,0,
87988,2022-02-03 21:00:00,40.690895,-73.99406,1,0,Unspecified,4500368,9.2,2.3,13.1,13.1,0.0,17.0,61,14.9,23.8,194,Rain: Light,1,1,
87989,2022-01-30 14:30:00,40.68408,-73.76466,0,0,Pavement Slippery,4500280,-5.4,-13.8,0.0,0.0,0.0,0.0,3,28.5,50.0,290,Overcast,0,0,
87990,2022-02-02 15:00:00,40.764572,-73.95543,0,0,Driver Inexperience,4499650,3.8,-7.2,0.0,0.0,0.0,0.0,3,10.6,16.2,93,Overcast,0,0,
87991,2022-02-04 21:58:00,40.644424,-73.9489,1,0,Failure to Yield Right-of-Way,4500253,12.5,-2.3,26.6,26.5,0.07,23.0,71,29.7,50.4,313,Snow fall: Light,1,1,Snowy Conditions
87992,2022-02-02 02:20:00,40.815662,-73.88702,0,0,Unspecified,4499367,3.8,-7.2,0.0,0.0,0.0,0.0,3,10.6,16.2,93,Overcast,0,0,
87993,2022-01-26 11:28:00,40.606537,-73.99984,0,0,Failure to Yield Right-of-Way,4500564,-3.1,-8.0,0.0,0.0,0.0,0.0,0,20.5,39.6,328,Clear sky,0,0,Sunny/Clear Conditions
87994,2022-02-02 17:35:00,40.600567,-73.7621,1,0,Passing or Lane Usage Improper,4499495,3.8,-7.2,0.0,0.0,0.0,0.0,3,10.6,16.2,93,Overcast,1,1,
87995,2022-02-03 02:15:00,40.68121,-73.773,0,0,Alcohol Involvement,4499678,9.2,2.3,13.1,13.1,0.0,17.0,61,14.9,23.8,194,Rain: Light,0,0,
87996,2022-02-04 15:15:00,40.6572,-73.83941,0,0,Passing or Lane Usage Improper,4499932,12.5,-2.3,26.6,26.5,0.07,23.0,71,29.7,50.4,313,Snow fall: Light,0,0,Snowy Conditions
87997,2022-02-03 10:30:00,40.765423,-73.89001,0,0,Traffic Control Disregarded,4499858,9.2,2.3,13.1,13.1,0.0,17.0,61,14.9,23.8,194,Rain: Light,0,0,
87998,2022-02-01 12:18:00,40.791046,-73.95138,0,0,Unspecified,4499996,-0.9,-13.4,0.0,0.0,0.0,0.0,3,12.2,21.2,36,Overcast,0,0,
87999,2022-02-04 18:00:00,40.759525,-73.99925,0,0,Unsafe Lane Changing,4500213,12.5,-2.3,26.6,26.5,0.07,23.0,71,29.7,50.4,313,Snow fall: Light,0,0,Snowy Conditions
88000,2022-01-30 10:46:00,40.54823,-74.220665,0,0,Reaction to Uninvolved Vehicle,4500244,-5.4,-13.8,0.0,0.0,0.0,0.0,3,28.5,50.0,290,Overcast,0,0,
88001,2022-02-01 12:08:00,40.832695,-73.94078,0,0,Turning Improperly,4500274,-0.9,-13.4,0.0,0.0,0.0,0.0,3,12.2,21.2,36,Overcast,0,0,
88002,2022-02-02 19:00:00,40.71747,-73.908516,0,0,Unspecified,4499619,3.8,-7.2,0.0,0.0,0.0,0.0,3,10.6,16.2,93,Overcast,0,0,
88003,2022-02-04 21:00:00,40.729572,-73.83383,0,0,Unsafe Lane Changing,4500059,12.5,-2.3,26.6,26.5,0.07,23.0,71,29.7,50.4,313,Snow fall: Light,0,0,Snowy Conditions
88004,2022-02-02 19:30:00,40.696392,-73.72751,0,0,Unspecified,4499452,3.8,-7.2,0.0,0.0,0.0,0.0,3,10.6,16.2,93,Overcast,0,0,
88005,2022-02-03 22:02:00,40.666737,-73.93132,0,0,Driver Inattention/Distraction,4499786,9.2,2.3,13.1,13.1,0.0,17.0,61,14.9,23.8,194,Rain: Light,0,0,
88006,2022-02-03 16:00:00,40.684937,-73.91014,2,0,Traffic Control Disregarded,4500015,9.2,2.3,13.1,13.1,0.0,17.0,61,14.9,23.8,194,Rain: Light,2,2,
88007,2022-02-03 18:42:00,40.612362,-73.92297,1,0,Failure to Yield Right-of-Way,4499765,9.2,2.3,13.1,13.1,0.0,17.0,61,14.9,23.8,194,Rain: Light,1,1,
88008,2022-02-01 21:37:00,40.69603,-73.943535,1,0,Turning Improperly,4500311,-0.9,-13.4,0.0,0.0,0.0,0.0,3,12.2,21.2,36,Overcast,1,1,
88009,2022-02-03 16:05:00,40.832756,-73.85918,1,0,Passing or Lane Usage Improper,4500000,9.2,2.3,13.1,13.1,0.0,17.0,61,14.9,23.8,194,Rain: Light,1,1,
88010,2022-02-02 21:28:00,40.678852,-73.97405,0,0,Driver Inattention/Distraction,4499552,3.8,-7.2,0.0,0.0,0.0,0.0,3,10.6,16.2,93,Overcast,0,0,
88011,2022-01-31 14:15:00,40.78169,-73.841415,0,0,Following Too Closely,4499907,-3.4,-17.1,0.0,0.0,0.0,0.0,3,12.2,18.0,23,Overcast,0,0,
88012,2021-02-05 13:15:00,40.667313,-73.73926,1,0,Unspecified,4500188,5.2,-3.1,1.9,1.2,0.49,4.0,73,20.2,35.3,210,Snow fall: Moderate,1,1,Snowy Conditions
88013,2022-02-03 21:40:00,40.728725,-73.986145,0,0,Backing Unsafely,4500147,9.2,2.3,13.1,13.1,0.0,17.0,61,14.9,23.8,194,Rain: Light,0,0,
88014,2022-02-02 11:10:00,40.63665,-73.96805,1,0,Lost Consciousness,4499525,3.8,-7.2,0.0,0.0,0.0,0.0,3,10.6,16.2,93,Overcast,1,1,
88015,2022-02-04 19:13:00,40.591686,-73.94021,0,0,Failure to Yield Right-of-Way,4500034,12.5,-2.3,26.6,26.5,0.07,23.0,71,29.7,50.4,313,Snow fall: Light,0,0,Snowy Conditions
88016,2022-02-02 10:34:00,40.629166,-73.947334,1,0,Failure to Yield Right-of-Way,4499731,3.8,-7.2,0.0,0.0,0.0,0.0,3,10.6,16.2,93,Overcast,1,1,
88017,2022-02-04 19:26:00,40.901318,-73.86274,0,0,Driver Inattention/Distraction,4500405,12.5,-2.3,26.6,26.5,0.07,23.0,71,29.7,50.4,313,Snow fall: Light,0,0,Snowy Conditions
88018,2022-02-03 18:05:00,40.844685,-73.9408,1,0,Glare,4500446,9.2,2.3,13.1,13.1,0.0,17.0,61,14.9,23.8,194,Rain: Light,1,1,
88019,2022-02-04 16:25:00,40.84535,-73.865555,0,0,Driver Inattention/Distraction,4500229,12.5,-2.3,26.6,26.5,0.07,23.0,71,29.7,50.4,313,Snow fall: Light,0,0,Snowy Conditions
88020,2022-02-02 18:00:00,40.69377,-73.73578,1,0,Unspecified,4499752,3.8,-7.2,0.0,0.0,0.0,0.0,3,10.6,16.2,93,Overcast,1,1,
88021,2022-02-02 06:53:00,40.75982,-73.9139,0,0,Turning Improperly,4499558,3.8,-7.2,0.0,0.0,0.0,0.0,3,10.6,16.2,93,Overcast,0,0,
88022,2022-02-04 17:53:00,40.762745,-73.83329,1,0,Failure to Yield Right-of-Way,4499912,12.5,-2.3,26.6,26.5,0.07,23.0,71,29.7,50.4,313,Snow fall: Light,1,1,Snowy Conditions
88023,2022-02-04 13:15:00,40.65417,-73.913765,0,0,Unspecified,4500236,12.5,-2.3,26.6,26.5,0.07,23.0,71,29.7,50.4,313,Snow fall: Light,0,0,Snowy Conditions
88024,2022-01-25 10:40:00,40.6622,-73.97887,0,0,Driver Inattention/Distraction,4500480,6.3,-3.9,0.0,0.0,0.0,0.0,3,16.9,33.8,270,Overcast,0,0,
88025,2022-02-04 14:05:00,40.719933,-73.97876,1,0,Passing or Lane Usage Improper,4500095,12.5,-2.3,26.6,26.5,0.07,23.0,71,29.7,50.4,313,Snow fall: Light,1,1,Snowy Conditions
88026,2022-02-04 12:15:00,40.766434,-73.89604,0,0,Driver Inattention/Distraction,4499863,12.5,-2.3,26.6,26.5,0.07,23.0,71,29.7,50.4,313,Snow fall: Light,0,0,Snowy Conditions
88027,2022-02-02 17:30:00,40.760284,-73.769356,1,0,Driver Inattention/Distraction,4499449,3.8,-7.2,0.0,0.0,0.0,0.0,3,10.6,16.2,93,Overcast,1,1,
88028,2022-01-23 07:45:00,40.544052,-74.165085,0,0,Backing Unsafely,4499848,2.8,-6.1,0.5,0.0,0.35,3.0,71,14.2,28.1,243,Snow fall: Light,0,0,Snowy Conditions
88029,2022-02-04 00:05:00,40.67522,-73.75384,0,0,Driver Inattention/Distraction,4499794,12.5,-2.3,26.6,26.5,0.07,23.0,71,29.7,50.4,313,Snow fall: Light,0,0,Snowy Conditions
88030,2022-02-02 17:20:00,40.63377,-74.12725,1,0,Unspecified,4499654,3.8,-7.2,0.0,0.0,0.0,0.0,3,10.6,16.2,93,Overcast,1,1,
88031,2022-02-01 23:30:00,40.74753,-73.98831,0,0,Driver Inattention/Distraction,4500362,-0.9,-13.4,0.0,0.0,0.0,0.0,3,12.2,21.2,36,Overcast,0,0,
88032,2022-02-03 21:30:00,40.691994,-73.76111,0,0,Traffic Control Disregarded,4499895,9.2,2.3,13.1,13.1,0.0,17.0,61,14.9,23.8,194,Rain: Light,0,0,
88033,2022-02-05 21:12:00,40.763344,-73.75791,1,0,Aggressive Driving/Road Rage,4500112,-1.9,-6.9,0.4,0.0,0.28,3.0,71,26.8,50.4,322,Snow fall: Light,1,1,Snowy Conditions
88034,2023-01-16 00:18:00,40.703228,-73.727165,0,0,Driver Inattention/Distraction,4598120,8.0,-2.7,0.0,0.0,0.0,0.0,2,23.4,41.4,339,Partly cloudy,0,0,
88035,2022-02-02 19:15:00,40.605877,-73.98598,1,0,Driver Inattention/Distraction,4499938,3.8,-7.2,0.0,0.0,0.0,0.0,3,10.6,16.2,93,Overcast,1,1,