,CRASH DATETIME,LATITUDE,LONGITUDE,NUMBER OF PERSONS INJURED,NUMBER OF PERSONS KILLED,CONTRIBUTING FACTOR VEHICLE 1,COLLISION_ID,temperature_2m_max,temperature_2m_min,precipitation_sum,rain_sum,snowfall_sum,precipitation_hours,weather_code,wind_speed_10m_max,wind_gusts_10m_max,wind_direction_10m_dominant,Weather Description,Severity_Score,Total_Affected_Persons,Weather_Category
88036,2022-02-03 08:57:00,40.830135,-73.891884,0,0,Driver Inattention/Distraction,4499694,9.2,2.3,13.1,13.1,0.0,17.0,61,14.9,23.8,194,Rain: Light,0,0,
88037,2022-02-02 11:10:00,40.74872,-73.89625,1,0,Driver Inattention/Distraction,4499466,3.8,-7.2,0.0,0.0,0.0,0.0,3,10.6,16.2,93,Overcast,1,1,
88038,2022-02-02 16:22:00,40.751724,-73.855316,3,0,Unspecified,4500319,3.8,-7.2,0.0,0.0,0.0,0.0,3,10.6,16.2,93,Overcast,3,3,
88039,2022-02-02 22:55:00,40.805016,-73.92109,0,0,Unspecified,4499673,3.8,-7.2,0.0,0.0,0.0,0.0,3,10.6,16.2,93,Overcast,0,0,
88040,2022-02-03 08:37:00,40.80694,-73.91376,0,0,Failure to Yield Right-of-Way,4499612,9.2,2.3,13.1,13.1,0.0,17.0,61,14.9,23.8,194,Rain: Light,0,0,
88041,2022-02-02 08:15:00,40.64033,-74.0871,1,0,View Obstructed/Limited,4499391,3.8,-7.2,0.0,0.0,0.0,0.0,3,10.6,16.2,93,Overcast,1,1,
88042,2022-02-02 10:10:00,40.6967,-73.91031,0,0,Other Vehicular,4499356,3.8,-7.2,0.0,0.0,0.0,0.0,3,10.6,16.2,93,Overcast,0,0,
88043,2022-02-02 14:43:00,40.844234,-73.92363,0,0,Passing or Lane Usage Improper,4499499,3.8,-7.2,0.0,0.0,0.0,0.0,3,10.6,16.2,93,Overcast,0,0,
88044,2022-02-03 17:41:00,40.73382,-74.01022,0,0,Driver Inattention/Distraction,4500208,9.2,2.3,13.1,13.1,0.0,17.0,61,14.9,23.8,194,Rain: Light,0,0,
88045,2022-02-02 18:30:00,40.73792,-73.867744,0,0,Driver Inexperience,4499833,3.8,-7.2,0.0,0.0,0.0,0.0,3,10.6,16.2,93,Overcast,0,0,
88046,2022-02-02 16:33:00,40.646496,-73.9812,0,0,Aggressive Driving/Road Rage,4499578,3.8,-7.2,0.0,0.0,0.0,0.0,3,10.6,16.2,93,Overcast,0,0,
88047,2022-02-02 20:45:00,40.734497,-73.72287,0,0,Driver Inexperience,4499469,3.8,-7.2,0.0,0.0,0.0,0.0,3,10.6,16.2,93,Overcast,0,0,
88048,2022-02-03 10:30:00,40.689735,-73.97611,1,0,Unspecified,4499769,9.2,2.3,13.1,13.1,0.0,17.0,61,14.9,23.8,194,Rain: Light,1,1,
88049,2022-02-02 16:30:00,40.70618,-73.92846,0,0,Failure to Yield Right-of-Way,4499781,3.8,-7.2,0.0,0.0,0.0,0.0,3,10.6,16.2,93,Overcast,0,0,
88050,2022-02-03 10:15:00,40.71264,-73.98501,0,0,Driver Inattention/Distraction,4499983,9.2,2.3,13.1,13.1,0.0,17.0,61,14.9,23.8,194,Rain: Light,0,0,
88051,2022-02-04 23:50:00,40.765285,-73.80144,0,0,Failure to Yield Right-of-Way,4500082,12.5,-2.3,26.6,26.5,0.07,23.0,71,29.7,50.4,313,Snow fall: Light,0,0,Snowy Conditions
88052,2022-02-02 15:00:00,40.89417,-73.856964,0,0,Driver Inattention/Distraction,4499735,3.8,-7.2,0.0,0.0,0.0,0.0,3,10.6,16.2,93,Overcast,0,0,
88053,2022-01-21 22:27:00,40.865078,-73.928116,1,0,Turning Improperly,4500401,-5.3,-11.6,0.0,0.0,0.0,0.0,3,21.9,40.0,2,Overcast,1,1,
88054,2022-02-03 13:03:00,40.759018,-73.85349,0,0,Driver Inattention/Distraction,4500029,9.2,2.3,13.1,13.1,0.0,17.0,61,14.9,23.8,194,Rain: Light,0,0,
88055,2022-02-03 19:43:00,40.860516,-73.9146,1,0,Following Too Closely,4499813,9.2,2.3,13.1,13.1,0.0,17.0,61,14.9,23.8,194,Rain: Light,1,1,
88056,2022-02-04 21:30:00,40.73161,-73.81494,1,0,Backing Unsafely,4499927,12.5,-2.3,26.6,26.5,0.07,23.0,71,29.7,50.4,313,Snow fall: Light,1,1,Snowy Conditions
88057,2022-01-30 01:12:00,40.761745,-73.81353,0,0,Pavement Slippery,4500430,-5.4,-13.8,0.0,0.0,0.0,0.0,3,28.5,50.0,290,Overcast,0,0,
88058,2022-02-03 13:10:00,40.655273,-74.0105,0,0,Unspecified,4499890,9.2,2.3,13.1,13.1,0.0,17.0,61,14.9,23.8,194,Rain: Light,0,0,
88059,2022-02-04 09:31:00,40.8396,-73.929474,0,0,Unspecified,4500171,12.5,-2.3,26.6,26.5,0.07,23.0,71,29.7,50.4,313,Snow fall: Light,0,0,Snowy Conditions
88060,2022-02-04 12:39:00,40.839767,-73.905396,0,0,Other Vehicular,4500142,12.5,-2.3,26.6,26.5,0.07,23.0,71,29.7,50.4,313,Snow fall: Light,0,0,Snowy Conditions
88061,2022-02-03 05:40:00,40.682262,-73.84514,0,0,Unspecified,4499516,9.2,2.3,13.1,13.1,0.0,17.0,61,14.9,23.8,194,Rain: Light,0,0,
88062,2022-02-04 16:40:00,40.595203,-73.75603,1,0,Following Too Closely,4500541,12.5,-2.3,26.6,26.5,0.07,23.0,71,29.7,50.4,313,Snow fall: Light,1,1,Snowy Conditions
88063,2022-02-03 13:20:00,40.89236,-73.8387,0,0,Driver Inattention/Distraction,4499744,9.2,2.3,13.1,13.1,0.0,17.0,61,14.9,23.8,194,Rain: Light,0,0,
88064,2022-02-04 03:55:00,40.690308,-73.99881,1,0,Passing or Lane Usage Improper,4499830,12.5,-2.3,26.6,26.5,0.07,23.0,71,29.7,50.4,313,Snow fall: Light,1,1,Snowy Conditions
88065,2022-02-02 10:25:00,40.693626,-73.96406,1,0,Turning Improperly,4499639,3.8,-7.2,0.0,0.0,0.0,0.0,3,10.6,16.2,93,Overcast,1,1,
88066,2022-01-31 07:50:00,40.554134,-74.21267,1,0,Turning Improperly,4499844,-3.4,-17.1,0.0,0.0,0.0,0.0,3,12.2,18.0,23,Overcast,1,1,
88067,2022-02-04 17:23:00,40.58877,-73.98597,1,0,Failure to Yield Right-of-Way,4500300,12.5,-2.3,26.6,26.5,0.07,23.0,71,29.7,50.4,313,Snow fall: Light,1,1,Snowy Conditions
88068,2022-01-17 11:15:00,40.665825,-73.957466,0,0,Unspecified,4499997,9.7,0.4,33.6,32.8,0.56,12.0,73,54.1,99.7,183,Snow fall: Moderate,0,0,Snowy Conditions
88069,2022-02-01 14:30:00,40.753994,-73.94244,1,0,Turning Improperly,4499859,-0.9,-13.4,0.0,0.0,0.0,0.0,3,12.2,21.2,36,Overcast,1,1,
88070,2022-02-01 08:18:00,40.87892,-73.90479,1,0,,4499960,-0.9,-13.4,0.0,0.0,0.0,0.0,3,12.2,21.2,36,Overcast,1,1,
88071,2022-02-02 17:35:00,40.560863,-74.12085,0,0,Unspecified,4499670,3.8,-7.2,0.0,0.0,0.0,0.0,3,10.6,16.2,93,Overcast,0,0,
88072,2022-02-02 19:20:00,40.70887,-73.81871,0,0,Driver Inattention/Distraction,4499799,3.8,-7.2,0.0,0.0,0.0,0.0,3,10.6,16.2,93,Overcast,0,0,
88073,2022-02-03 07:28:00,40.878643,-73.871605,0,0,Unsafe Lane Changing,4499624,9.2,2.3,13.1,13.1,0.0,17.0,61,14.9,23.8,194,Rain: Light,0,0,
88074,2022-02-02 08:30:00,40.63382,-74.09696,0,0,Driver Inattention/Distraction,4499417,3.8,-7.2,0.0,0.0,0.0,0.0,3,10.6,16.2,93,Overcast,0,0,
88075,2022-02-02 17:25:00,40.738605,-73.90742,0,0,Driver Inattention/Distraction,4499462,3.8,-7.2,0.0,0.0,0.0,0.0,3,10.6,16.2,93,Overcast,0,0,
88076,2022-02-01 15:45:00,40.594486,-74.09874,0,0,Backing Unsafely,4499955,-0.9,-13.4,0.0,0.0,0.0,0.0,3,12.2,21.2,36,Overcast,0,0,
88077,2022-02-03 15:00:00,40.701077,-73.94043,0,0,Driver Inattention/Distraction,4499698,9.2,2.3,13.1,13.1,0.0,17.0,61,14.9,23.8,194,Rain: Light,0,0,
88078,2022-02-03 02:28:00,40.826088,-73.86121,0,0,Alcohol Involvement,4499690,9.2,2.3,13.1,13.1,0.0,17.0,61,14.9,23.8,194,Rain: Light,0,0,
88079,2022-02-02 10:00:00,40.604664,-74.02189,0,0,Driver Inattention/Distraction,4499384,3.8,-7.2,0.0,0.0,0.0,0.0,3,10.6,16.2,93,Overcast,0,0,
88080,2022-02-03 08:20:00,40.600197,-73.74397,0,0,Other Vehicular,4499814,9.2,2.3,13.1,13.1,0.0,17.0,61,14.9,23.8,194,Rain: Light,0,0,
88081,2022-02-02 20:50:00,40.712116,-73.73118,2,0,Unspecified,4499917,3.8,-7.2,0.0,0.0,0.0,0.0,3,10.6,16.2,93,Overcast,2,2,
88082,2022-02-02 05:15:00,40.54823,-74.220665,0,0,Pavement Slippery,4500258,3.8,-7.2,0.0,0.0,0.0,0.0,3,10.6,16.2,93,Overcast,0,0,
88083,2022-02-03 13:00:00,40.83235,-73.92107,0,0,Other Vehicular,4500597,9.2,2.3,13.1,13.1,0.0,17.0,61,14.9,23.8,194,Rain: Light,0,0,
88084,2022-02-03 14:40:00,40.62046,-73.98312,0,0,Unspecified,4500197,9.2,2.3,13.1,13.1,0.0,17.0,61,14.9,23.8,194,Rain: Light,0,0,
88085,2022-02-04 11:20:00,40.791557,-73.96848,0,0,Passing or Lane Usage Improper,4499849,12.5,-2.3,26.6,26.5,0.07,23.0,71,29.7,50.4,313,Snow fall: Light,0,0,Snowy Conditions
88086,2022-02-02 16:20:00,40.8871,-73.8635,0,0,Obstruction/Debris,4499740,3.8,-7.2,0.0,0.0,0.0,0.0,3,10.6,16.2,93,Overcast,0,0,
88087,2022-02-04 11:05:00,40.71592,-73.99933,0,0,Backing Unsafely,4499870,12.5,-2.3,26.6,26.5,0.07,23.0,71,29.7,50.4,313,Snow fall: Light,0,0,Snowy Conditions
88088,2022-02-02 19:30:00,40.8252,-73.91476,1,0,,4499561,3.8,-7.2,0.0,0.0,0.0,0.0,3,10.6,16.2,93,Overcast,1,1,
88089,2022-02-03 16:52:00,40.74456,-73.93076,1,0,,4499773,9.2,2.3,13.1,13.1,0.0,17.0,61,14.9,23.8,194,Rain: Light,1,1,
88090,2022-02-03 11:00:00,40.748398,-73.94479,0,0,Driver Inattention/Distraction,4499776,9.2,2.3,13.1,13.1,0.0,17.0,61,14.9,23.8,194,Rain: Light,0,0,
88091,2022-02-02 06:00:00,40.690907,-73.95542,1,0,Driver Inattention/Distraction,4499330,3.8,-7.2,0.0,0.0,0.0,0.0,3,10.6,16.2,93,Overcast,1,1,
88092,2022-02-04 08:00:00,40.74314,-73.88334,0,0,Turning Improperly,4499838,12.5,-2.3,26.6,26.5,0.07,23.0,71,29.7,50.4,313,Snow fall: Light,0,0,Snowy Conditions
88093,2022-02-02 18:15:00,40.838013,-73.86859,0,0,Passing Too Closely,4499586,3.8,-7.2,0.0,0.0,0.0,0.0,3,10.6,16.2,93,Overcast,0,0,
88094,2022-02-02 13:02:00,40.704643,-74.00961,0,0,Passenger Distraction,4499603,3.8,-7.2,0.0,0.0,0.0,0.0,3,10.6,16.2,93,Overcast,0,0,
88095,2022-01-29 20:45:00,40.668564,-73.95342,0,0,Driver Inattention/Distraction,4500076,-1.7,-12.9,17.6,0.1,12.25,19.0,75,39.7,72.7,336,Snow fall: Heavy,0,0,Snowy Conditions
88096,2022-02-03 06:42:00,40.675117,-74.00962,0,0,Driver Inattention/Distraction,4499809,9.2,2.3,13.1,13.1,0.0,17.0,61,14.9,23.8,194,Rain: Light,0,0,
88097,2022-02-03 20:07:00,40.668583,-73.97631,0,0,Unspecified,4499902,9.2,2.3,13.1,13.1,0.0,17.0,61,14.9,23.8,194,Rain: Light,0,0,
88098,2022-02-02 22:46:00,40.6992,-73.92309,0,0,Unspecified,4499512,3.8,-7.2,0.0,0.0,0.0,0.0,3,10.6,16.2,93,Overcast,0,0,
88099,2022-02-03 15:10:00,40.683094,-73.80576,0,0,Unsafe Lane Changing,4499715,9.2,2.3,13.1,13.1,0.0,17.0,61,14.9,23.8,194,Rain: Light,0,0,
88100,2022-02-04 06:57:00,40.795383,-73.92994,0,0,Reaction to Uninvolved Vehicle,4499987,12.5,-2.3,26.6,26.5,0.07,23.0,71,29.7,50.4,313,Snow fall: Light,0,0,Snowy Conditions
88101,2022-01-29 14:50:00,40.547688,-74.19036,1,0,Obstruction/Debris,4500024,-1.7,-12.9,17.6,0.1,12.25,19.0,75,39.7,72.7,336,Snow fall: Heavy,1,1,Snowy Conditions
88102,2022-02-04 16:33:00,40.889736,-73.83125,0,0,Driver Inattention/Distraction,4500391,12.5,-2.3,26.6,26.5,0.07,23.0,71,29.7,50.4,313,Snow fall: Light,0,0,Snowy Conditions
88103,2022-02-01 19:00:00,40.691948,-73.93983,0,0,Following Too Closely,4500327,-0.9,-13.4,0.0,0.0,0.0,0.0,3,12.2,21.2,36,Overcast,0,0,
88104,2022-02-04 23:00:00,40.650528,-73.95583,0,0,Unspecified,4500136,12.5,-2.3,26.6,26.5,0.07,23.0,71,29.7,50.4,313,Snow fall: Light,0,0,Snowy Conditions
88105,2022-02-03 11:40:00,40.71004,-73.96853,0,0,Backing Unsafely,4500476,9.2,2.3,13.1,13.1,0.0,17.0,61,14.9,23.8,194,Rain: Light,0,0,
88106,2022-02-04 01:57:00,40.704082,-73.81641,0,0,Driver Inattention/Distraction,4500549,12.5,-2.3,26.6,26.5,0.07,23.0,71,29.7,50.4,313,Snow fall: Light,0,0,Snowy Conditions
88107,2022-02-02 16:56:00,40.656773,-73.95533,0,0,Backing Unsafely,4499540,3.8,-7.2,0.0,0.0,0.0,0.0,3,10.6,16.2,93,Overcast,0,0,
88108,2022-02-03 21:00:00,40.610096,-73.96138,1,0,Unspecified,4499825,9.2,2.3,13.1,13.1,0.0,17.0,61,14.9,23.8,194,Rain: Light,1,1,
88109,2022-02-03 19:35:00,40.791046,-73.95138,0,0,Following Too Closely,4499965,9.2,2.3,13.1,13.1,0.0,17.0,61,14.9,23.8,194,Rain: Light,0,0,
88110,2022-02-04 07:12:00,40.598465,-73.99145,0,0,Unspecified,4499945,12.5,-2.3,26.6,26.5,0.07,23.0,71,29.7,50.4,313,Snow fall: Light,0,0,Snowy Conditions
88111,2022-02-02 16:04:00,40.619423,-73.917244,0,0,Passing or Lane Usage Improper,4500305,3.8,-7.2,0.0,0.0,0.0,0.0,3,10.6,16.2,93,Overcast,0,0,
88112,2021-02-06 15:48:00,40.62948,-73.94447,1,0,Unspecified,4500569,4.0,-5.3,0.0,0.0,0.0,0.0,3,27.8,54.4,256,Overcast,1,1,
88113,2022-02-03 11:55:00,40.700546,-73.917076,0,0,Driver Inattention/Distraction,4500014,9.2,2.3,13.1,13.1,0.0,17.0,61,14.9,23.8,194,Rain: Light,0,0,
88114,2022-01-28 17:40:00,40.88074,-73.88353,1,0,,4499876,1.0,-3.1,2.4,0.0,1.68,13.0,73,18.7,31.3,251,Snow fall: Moderate,1,1,Snowy Conditions
88115,2021-02-05 01:40:00,40.66096,-73.91846,0,0,Unspecified,4500219,5.2,-3.1,1.9,1.2,0.49,4.0,73,20.2,35.3,210,Snow fall: Moderate,0,0,Snowy Conditions
88116,2022-02-03 18:51:00,40.7431,-73.974014,1,0,Driver Inattention/Distraction,4499977,9.2,2.3,13.1,13.1,0.0,17.0,61,14.9,23.8,194,Rain: Light,1,1,
88117,2022-02-04 11:00:00,40.67308,-73.91124,0,1,Failure to Yield Right-of-Way,4500122,12.5,-2.3,26.6,26.5,0.07,23.0,71,29.7,50.4,313,Snow fall: Light,20,1,Snowy Conditions
88118,2022-01-31 15:40:00,40.675385,-73.95337,0,0,Unspecified,4500350,-3.4,-17.1,0.0,0.0,0.0,0.0,3,12.2,18.0,23,Overcast,0,0,
88119,2022-02-04 05:43:00,40.827,-73.84359,1,0,Brakes Defective,4500009,12.5,-2.3,26.6,26.5,0.07,23.0,71,29.7,50.4,313,Snow fall: Light,1,1,Snowy Conditions
88120,2022-02-04 17:50:00,40.705494,-73.82141,0,0,Driver Inexperience,4500556,12.5,-2.3,26.6,26.5,0.07,23.0,71,29.7,50.4,313,Snow fall: Light,0,0,Snowy Conditions
88121,2022-02-03 01:12:00,40.858986,-73.89382,3,0,Driver Inattention/Distraction,4499593,9.2,2.3,13.1,13.1,0.0,17.0,61,14.9,23.8,194,Rain: Light,3,3,
88122,2022-02-02 08:00:00,40.751835,-73.82427,0,0,Unspecified,4499457,3.8,-7.2,0.0,0.0,0.0,0.0,3,10.6,16.2,93,Overcast,0,0,
88123,2022-02-02 09:59:00,40.749607,-73.89687,1,0,Other Vehicular,4499374,3.8,-7.2,0.0,0.0,0.0,0.0,3,10.6,16.2,93,Overcast,1,1,
88124,2022-02-02 16:21:00,40.67253,-73.77119,0,0,Following Too Closely,4499662,3.8,-7.2,0.0,0.0,0.0,0.0,3,10.6,16.2,93,Overcast,0,0,
88125,2022-02-02 11:10:00,40.776016,-73.98724,0,0,Other Vehicular,4499728,3.8,-7.2,0.0,0.0,0.0,0.0,3,10.6,16.2,93,Overcast,0,0,
88126,2022-02-02 15:37:00,40.72085,-74.00394,0,0,Unspecified,4499486,3.8,-7.2,0.0,0.0,0.0,0.0,3,10.6,16.2,93,Overcast,0,0,
88127,2022-02-03 13:30:00,40.841694,-73.86477,0,0,Unspecified,4499683,9.2,2.3,13.1,13.1,0.0,17.0,61,14.9,23.8,194,Rain: Light,0,0,
88128,2022-02-03 07:46:00,40.85154,-73.918335,0,0,Unspecified,4499819,9.2,2.3,13.1,13.1,0.0,17.0,61,14.9,23.8,194,Rain: Light,0,0,
88129,2022-02-02 17:00:00,40.8675,-73.92174,0,0,Unspecified,4500454,3.8,-7.2,0.0,0.0,0.0,0.0,3,10.6,16.2,93,Overcast,0,0,
88130,2022-02-03 14:20:00,40.73448,-73.92243,1,0,Driver Inattention/Distraction,4500068,9.2,2.3,13.1,13.1,0.0,17.0,61,14.9,23.8,194,Rain: Light,1,1,
88131,2022-01-31 14:00:00,40.631462,-74.0278,0,0,Unspecified,4499913,-3.4,-17.1,0.0,0.0,0.0,0.0,3,12.2,18.0,23,Overcast,0,0,
88132,2022-01-31 14:56:00,40.837406,-73.93924,0,0,Unspecified,4500268,-3.4,-17.1,0.0,0.0,0.0,0.0,3,12.2,18.0,23,Overcast,0,0,
88133,2022-02-02 20:30:00,40.629166,-73.947334,1,0,Driver Inattention/Distraction,4499533,3.8,-7.2,0.0,0.0,0.0,0.0,3,10.6,16.2,93,Overcast,1,1,
88134,2022-02-02 18:30:00,40.830135,-73.89088,0,0,Unspecified,4499566,3.8,-7.2,0.0,0.0,0.0,0.0,3,10.6,16.2,93,Overcast,0,0,
88135,2022-02-04 00:15:00,40.666084,-73.94722,0,0,Unspecified,4499790,12.5,-2.3,26.6,26.5,0.07,23.0,71,29.7,50.4,313,Snow fall: Light,0,0,Snowy Conditions
88136,2022-02-03 16:30:00,40.761585,-73.76086,0,0,Driver Inattention/Distraction,4499761,9.2,2.3,13.1,13.1,0.0,17.0,61,14.9,23.8,194,Rain: Light,0,0,
88137,2022-02-04 06:26:00,40.766716,-73.928566,0,0,Steering Failure,4499866,12.5,-2.3,26.6,26.5,0.07,23.0,71,29.7,50.4,313,Snow fall: Light,0,0,Snowy Conditions
88138,2022-02-03 09:25:00,40.616222,-73.91347,0,0,Driver Inattention/Distraction,4500039,9.2,2.3,13.1,13.1,0.0,17.0,61,14.9,23.8,194,Rain: Light,0,0,
88139,2022-02-03 20:03:00,40.74473,-73.93359,0,0,Unspecified,4499881,9.2,2.3,13.1,13.1,0.0,17.0,61,14.9,23.8,194,Rain: Light,0,0,
88140,2022-02-02 16:20:00,40.82636,-73.89884,0,0,Unspecified,4499581,3.8,-7.2,0.0,0.0,0.0,0.0,3,10.6,16.2,93,Overcast,0,0,
88141,2022-02-01 20:00:00,40.82822,-73.87133,0,0,Unspecified,4500019,-0.9,-13.4,0.0,0.0,0.0,0.0,3,12.2,21.2,36,Overcast,0,0,
88142,2022-02-04 13:35:00,40.751793,-73.88455,1,0,Driver Inattention/Distraction,4499898,12.5,-2.3,26.6,26.5,0.07,23.0,71,29.7,50.4,313,Snow fall: Light,1,1,Snowy Conditions
88143,2022-02-02 23:03:00,40.66669,-73.81173,1,0,Following Too Closely,4499518,3.8,-7.2,0.0,0.0,0.0,0.0,3,10.6,16.2,93,Overcast,1,1,
88144,2022-02-03 19:38:00,40.792362,-73.96418,1,0,Traffic Control Disregarded,4499853,9.2,2.3,13.1,13.1,0.0,17.0,61,14.9,23.8,194,Rain: Light,1,1,
88145,2022-02-04 08:22:00,40.697605,-73.98447,1,0,Pedestrian/Bicyclist/Other Pedestrian Error/Confusion,4500374,12.5,-2.3,26.6,26.5,0.07,23.0,71,29.7,50.4,313,Snow fall: Light,1,1,Snowy Conditions
88146,2022-02-04 11:58:00,40.650387,-73.95872,1,0,Driver Inattention/Distraction,4500152,12.5,-2.3,26.6,26.5,0.07,23.0,71,29.7,50.4,313,Snow fall: Light,1,1,Snowy Conditions
88147,2022-02-03 18:55:00,40.75225,-73.702095,0,0,Unspecified,4499746,9.2,2.3,13.1,13.1,0.0,17.0,61,14.9,23.8,194,Rain: Light,0,0,
88148,2022-02-04 08:35:00,40.643707,-73.99744,1,0,Unspecified,4500193,12.5,-2.3,26.6,26.5,0.07,23.0,71,29.7,50.4,313,Snow fall: Light,1,1,Snowy Conditions
88149,2022-01-24 10:00:00,40.67004,-73.93658,0,0,Unspecified,4500340,0.2,-2.7,0.3,0.0,0.21,2.0,71,15.1,31.0,307,Snow fall: Light,0,0,Snowy Conditions
88150,2022-02-04 18:15:00,40.875256,-73.84342,1,0,Pavement Slippery,4500415,12.5,-2.3,26.6,26.5,0.07,23.0,71,29.7,50.4,313,Snow fall: Light,1,1,Snowy Conditions
88151,2022-02-04 17:11:00,40.852375,-73.86582,0,0,Other Vehicular,4500046,12.5,-2.3,26.6,26.5,0.07,23.0,71,29.7,50.4,313,Snow fall: Light,0,0,Snowy Conditions
88152,2022-02-03 15:14:00,40.632435,-73.88818,1,0,Failure to Yield Right-of-Way,4499756,9.2,2.3,13.1,13.1,0.0,17.0,61,14.9,23.8,194,Rain: Light,1,1,
88153,2022-02-03 11:00:00,40.758972,-73.91901,0,0,Driver Inattention/Distraction,4500240,9.2,2.3,13.1,13.1,0.0,17.0,61,14.9,23.8,194,Rain: Light,0,0,
88154,2022-02-02 17:55:00,40.702408,-74.01283,1,0,Failure to Yield Right-of-Way,4500056,3.8,-7.2,0.0,0.0,0.0,0.0,3,10.6,16.2,93,Overcast,1,1,
88155,2022-02-04 13:30:00,40.746815,-73.826164,0,0,Backing Unsafely,4499908,12.5,-2.3,26.6,26.5,0.07,23.0,71,29.7,50.4,313,Snow fall: Light,0,0,Snowy Conditions
88156,2022-02-04 21:14:00,40.82052,-73.92136,0,0,Passing Too Closely,4500524,12.5,-2.3,26.6,26.5,0.07,23.0,71,29.7,50.4,313,Snow fall: Light,0,0,Snowy Conditions
88157,2022-02-03 17:26:00,40.666737,-73.991745,0,0,Unspecified,4499766,9.2,2.3,13.1,13.1,0.0,17.0,61,14.9,23.8,194,Rain: Light,0,0,
88158,2022-02-02 17:30:00,40.7615,-73.997826,0,0,Unspecified,4499553,3.8,-7.2,0.0,0.0,0.0,0.0,3,10.6,16.2,93,Overcast,0,0,
88159,2022-02-02 17:00:00,40.82731,-73.857834,1,0,Backing Unsafely,4500004,3.8,-7.2,0.0,0.0,0.0,0.0,3,10.6,16.2,93,Overcast,1,1,
88160,2022-02-21 23:28:00,40.71407,-73.954346,0,0,Driver Inattention/Distraction,4504617,9.9,-1.9,0.0,0.0,0.0,0.0,3,19.2,35.3,192,Overcast,0,0,
88161,2022-09-25 12:00:00,40.83404,-73.85328,1,0,Driver Inattention/Distraction,4567843,23.8,11.8,0.3,0.3,0.0,1.0,51,22.2,41.0,207,Drizzle: Light,1,1,
88162,2022-09-25 03:00:00,40.704212,-73.83697,1,0,Alcohol Involvement,4567692,23.8,11.8,0.3,0.3,0.0,1.0,51,22.2,41.0,207,Drizzle: Light,1,1,
88163,2022-09-25 00:40:00,40.65937,-73.91201,0,0,Unspecified,4567761,23.8,11.8,0.3,0.3,0.0,1.0,51,22.2,41.0,207,Drizzle: Light,0,0,
88164,2022-09-25 19:23:00,40.74433,-73.99178,1,0,Other Vehicular,4567446,23.8,11.8,0.3,0.3,0.0,1.0,51,22.2,41.0,207,Drizzle: Light,1,1,
88165,2022-09-19 01:28:00,40.6785,-73.794876,0,0,Driver Inattention/Distraction,4567962,30.1,19.0,4.9,4.9,0.0,3.0,63,22.4,44.3,241,Rain: Moderate,0,0,
88166,2022-09-25 04:50:00,40.694065,-73.80142,0,0,Backing Unsafely,4567543,23.8,11.8,0.3,0.3,0.0,1.0,51,22.2,41.0,207,Drizzle: Light,0,0,
88167,2022-09-23 20:50:00,40.863613,-73.928215,1,0,Driver Inattention/Distraction,4567889,16.4,10.0,0.0,0.0,0.0,0.0,0,31.1,56.9,323,Clear sky,1,1,Sunny/Clear Conditions
88168,2022-09-18 01:30:00,40.644142,-73.957924,1,0,Unspecified,4567799,28.7,17.1,0.0,0.0,0.0,0.0,3,20.2,36.7,233,Overcast,1,1,
88169,2022-09-10 20:30:00,40.720455,-73.804276,1,0,Driver Inexperience,4567927,27.4,15.3,0.0,0.0,0.0,0.0,3,12.6,24.8,209,Overcast,1,1,
88170,2022-09-25 11:50:00,40.647762,-73.911995,0,0,Unsafe Speed,4567571,23.8,11.8,0.3,0.3,0.0,1.0,51,22.2,41.0,207,Drizzle: Light,0,0,
88171,2022-09-16 12:30:00,40.69205,-73.982544,1,0,Driver Inattention/Distraction,4567919,23.7,11.9,0.0,0.0,0.0,0.0,3,10.3,21.6,336,Overcast,1,1,
88172,2022-09-21 21:30:00,40.65488,-73.96189,3,0,Unspecified,4567802,26.5,16.0,0.0,0.0,0.0,0.0,3,19.4,36.7,252,Overcast,3,3,
88173,2022-09-25 04:02:00,40.759308,-73.9653,0,0,Traffic Control Disregarded,4566897,23.8,11.8,0.3,0.3,0.0,1.0,51,22.2,41.0,207,Drizzle: Light,0,0,
88174,2022-09-25 13:30:00,40.61137,-73.973495,1,0,Failure to Yield Right-of-Way,4567870,23.8,11.8,0.3,0.3,0.0,1.0,51,22.2,41.0,207,Drizzle: Light,1,1,
88175,2022-09-25 07:40:00,40.75685,-73.88465,0,0,Driver Inattention/Distraction,4567818,23.8,11.8,0.3,0.3,0.0,1.0,51,22.2,41.0,207,Drizzle: Light,0,0,
88176,2022-09-25 04:13:00,40.62862,-74.145515,0,0,Unspecified,4567368,23.8,11.8,0.3,0.3,0.0,1.0,51,22.2,41.0,207,Drizzle: Light,0,0,
88177,2022-09-16 10:27:00,40.703518,-74.01309,0,0,Driver Inattention/Distraction,4567720,23.7,11.9,0.0,0.0,0.0,0.0,3,10.3,21.6,336,Overcast,0,0,
88178,2022-09-25 22:11:00,40.64378,-73.94016,1,0,Driver Inattention/Distraction,4567183,23.8,11.8,0.3,0.3,0.0,1.0,51,22.2,41.0,207,Drizzle: Light,1,1,
88179,2022-09-25 23:30:00,40.746296,-73.93041,1,0,Unspecified,4567707,23.8,11.8,0.3,0.3,0.0,1.0,51,22.2,41.0,207,Drizzle: Light,1,1,