,CRASH DATETIME,LATITUDE,LONGITUDE,NUMBER OF PERSONS INJURED,NUMBER OF PERSONS KILLED,CONTRIBUTING FACTOR VEHICLE 1,COLLISION_ID,temperature_2m_max,temperature_2m_min,precipitation_sum,rain_sum,snowfall_sum,precipitation_hours,weather_code,wind_speed_10m_max,wind_gusts_10m_max,wind_direction_10m_dominant,Weather Description,Severity_Score,Total_Affected_Persons,Weather_Category
88180,2022-09-15 09:00:00,40.838238,-73.876686,2,0,Driver Inattention/Distraction,4567852,21.9,15.6,0.0,0.0,0.0,0.0,1,18.2,37.1,328,Mainly clear,2,2,Sunny/Clear Conditions
88181,2022-09-25 21:50:00,40.73949,-73.8369,1,0,Driver Inattention/Distraction,4567773,23.8,11.8,0.3,0.3,0.0,1.0,51,22.2,41.0,207,Drizzle: Light,1,1,
88182,2022-09-25 20:00:00,40.78485,-73.846794,0,0,Passing Too Closely,4567452,23.8,11.8,0.3,0.3,0.0,1.0,51,22.2,41.0,207,Drizzle: Light,0,0,
88183,2022-09-23 07:58:00,40.72583,-73.81032,0,0,Driver Inexperience,4567991,16.4,10.0,0.0,0.0,0.0,0.0,0,31.1,56.9,323,Clear sky,0,0,Sunny/Clear Conditions
88184,2022-09-25 17:45:00,40.67935,-73.75035,0,0,Passing or Lane Usage Improper,4567509,23.8,11.8,0.3,0.3,0.0,1.0,51,22.2,41.0,207,Drizzle: Light,0,0,
88185,2022-09-21 16:38:00,40.68302,-73.96173,2,0,Unsafe Speed,4568025,26.5,16.0,0.0,0.0,0.0,0.0,3,19.4,36.7,252,Overcast,2,2,
88186,2022-09-24 20:06:00,40.592785,-74.06833,1,0,Failure to Yield Right-of-Way,4567756,20.6,9.5,0.0,0.0,0.0,0.0,3,18.8,37.4,295,Overcast,1,1,
88187,2022-09-25 01:00:00,40.717934,-73.99104,1,0,Traffic Control Disregarded,4567651,23.8,11.8,0.3,0.3,0.0,1.0,51,22.2,41.0,207,Drizzle: Light,1,1,
88188,2022-09-25 18:22:00,40.86723,-73.88692,0,0,Passing Too Closely,4567270,23.8,11.8,0.3,0.3,0.0,1.0,51,22.2,41.0,207,Drizzle: Light,0,0,
88189,2022-09-02 18:59:00,40.84989,-73.93332,1,0,Driver Inattention/Distraction,4567912,25.2,15.5,0.0,0.0,0.0,0.0,3,14.8,28.8,66,Overcast,1,1,
88190,2022-09-25 09:45:00,40.7476,-73.990425,0,0,Passing Too Closely,4567069,23.8,11.8,0.3,0.3,0.0,1.0,51,22.2,41.0,207,Drizzle: Light,0,0,
88191,2022-09-24 06:42:00,40.826767,-73.888855,1,0,Traffic Control Disregarded,4567896,20.6,9.5,0.0,0.0,0.0,0.0,3,18.8,37.4,295,Overcast,1,1,
88192,2022-09-25 06:06:00,40.703854,-73.95128,2,0,Traffic Control Disregarded,4567677,23.8,11.8,0.3,0.3,0.0,1.0,51,22.2,41.0,207,Drizzle: Light,2,2,
88193,2021-10-01 16:33:00,40.671772,-73.93641,0,0,Driver Inattention/Distraction,4463231,19.4,9.5,0.0,0.0,0.0,0.0,0,13.8,28.1,302,Clear sky,0,0,Sunny/Clear Conditions
88194,2021-09-29 15:26:00,40.753403,-73.90587,2,0,Driver Inattention/Distraction,4463391,19.9,11.3,0.0,0.0,0.0,0.0,3,20.6,41.8,331,Overcast,2,2,
88195,2022-09-25 22:40:00,40.677834,-74.00617,0,0,Tire Failure/Inadequate,4567412,23.8,11.8,0.3,0.3,0.0,1.0,51,22.2,41.0,207,Drizzle: Light,0,0,
88196,2022-08-31 20:55:00,40.60638,-73.754715,0,0,Driver Inattention/Distraction,4567959,28.7,20.4,0.8,0.8,0.0,4.0,51,20.6,40.3,289,Drizzle: Light,0,0,
88197,2021-11-01 04:54:00,40.694,-73.92351,1,0,Failure to Yield Right-of-Way,4472955,14.4,8.0,0.0,0.0,0.0,0.0,3,20.7,38.5,278,Overcast,1,1,
88198,2021-11-07 01:30:00,40.68046,-73.96136,1,0,Alcohol Involvement,4474668,12.1,2.6,0.0,0.0,0.0,0.0,3,10.0,20.5,358,Overcast,1,1,
88199,2021-11-07 20:00:00,40.66544,-73.83519,1,0,Following Too Closely,4474985,12.1,2.6,0.0,0.0,0.0,0.0,3,10.0,20.5,358,Overcast,1,1,
88200,2021-11-09 11:00:00,40.832684,-73.85637,0,0,Unspecified,4476403,19.5,5.6,0.0,0.0,0.0,0.0,3,10.2,20.2,283,Overcast,0,0,
88201,2021-11-12 23:35:00,40.708374,-73.84271,1,0,Following Too Closely,4477525,18.5,8.9,15.0,15.0,0.0,7.0,63,39.8,74.5,174,Rain: Moderate,1,1,
88202,2021-11-11 06:00:00,40.622116,-74.03197,0,0,Driver Inattention/Distraction,4477536,15.0,4.2,0.3,0.3,0.0,2.0,51,22.6,38.2,85,Drizzle: Light,0,0,
88203,2021-11-08 20:45:00,40.828114,-73.93107,0,0,Unsafe Lane Changing,4477534,16.5,6.4,0.0,0.0,0.0,0.0,3,17.4,33.8,355,Overcast,0,0,
88204,2021-11-03 20:30:00,40.820873,-73.82357,0,0,Unspecified,4477507,10.7,3.8,0.1,0.1,0.0,1.0,51,15.6,30.6,302,Drizzle: Light,0,0,
88205,2022-09-24 09:45:00,40.838238,-73.876686,0,0,Driver Inattention/Distraction,4567863,20.6,9.5,0.0,0.0,0.0,0.0,3,18.8,37.4,295,Overcast,0,0,
88206,2022-09-24 13:28:00,40.607258,-74.00265,0,0,Driver Inattention/Distraction,4567931,20.6,9.5,0.0,0.0,0.0,0.0,3,18.8,37.4,295,Overcast,0,0,
88207,2022-09-25 04:10:00,40.66652,-73.81354,3,0,Following Too Closely,4567224,23.8,11.8,0.3,0.3,0.0,1.0,51,22.2,41.0,207,Drizzle: Light,3,3,
88208,2022-09-25 22:40:00,40.718987,-73.94635,0,0,Following Too Closely,4567300,23.8,11.8,0.3,0.3,0.0,1.0,51,22.2,41.0,207,Drizzle: Light,0,0,
88209,2022-09-11 00:28:00,40.828407,-73.93125,0,0,Traffic Control Disregarded,4567762,24.5,18.9,12.9,12.9,0.0,13.0,61,12.4,22.0,205,Rain: Light,0,0,
88210,2021-11-12 15:58:00,40.61232,-73.93172,0,0,Unspecified,4476819,18.5,8.9,15.0,15.0,0.0,7.0,63,39.8,74.5,174,Rain: Moderate,0,0,
88211,2021-11-11 16:19:00,40.682545,-73.89234,1,0,Driver Inattention/Distraction,4477289,15.0,4.2,0.3,0.3,0.0,2.0,51,22.6,38.2,85,Drizzle: Light,1,1,
88212,2021-11-12 14:20:00,40.68316,-73.93809,0,0,Backing Unsafely,4476797,18.5,8.9,15.0,15.0,0.0,7.0,63,39.8,74.5,174,Rain: Moderate,0,0,
88213,2021-11-10 18:47:00,40.74854,-73.94964,0,0,Driver Inattention/Distraction,4476160,17.2,7.8,0.3,0.3,0.0,1.0,51,20.7,38.5,318,Drizzle: Light,0,0,
88214,2021-11-12 11:05:00,40.61406,-74.08618,1,0,Failure to Yield Right-of-Way,4477050,18.5,8.9,15.0,15.0,0.0,7.0,63,39.8,74.5,174,Rain: Moderate,1,1,
88215,2021-11-10 16:00:00,40.651608,-73.846695,2,0,Failure to Yield Right-of-Way,4476105,17.2,7.8,0.3,0.3,0.0,1.0,51,20.7,38.5,318,Drizzle: Light,2,2,
88216,2021-11-12 00:00:00,40.738403,-73.93864,1,0,Driver Inattention/Distraction,4476635,18.5,8.9,15.0,15.0,0.0,7.0,63,39.8,74.5,174,Rain: Moderate,1,1,
88217,2021-11-10 10:38:00,40.641563,-74.003235,1,0,Unspecified,4476499,17.2,7.8,0.3,0.3,0.0,1.0,51,20.7,38.5,318,Drizzle: Light,1,1,
88218,2021-11-05 09:58:00,40.691555,-73.93677,0,0,Unspecified,4477197,10.7,3.2,0.0,0.0,0.0,0.0,0,14.8,30.2,1,Clear sky,0,0,Sunny/Clear Conditions
88219,2021-11-08 18:00:00,40.669186,-73.87479,0,0,Unspecified,4477316,16.5,6.4,0.0,0.0,0.0,0.0,3,17.4,33.8,355,Overcast,0,0,
88220,2021-11-11 22:50:00,40.804783,-73.91184,0,0,Driver Inattention/Distraction,4476478,15.0,4.2,0.3,0.3,0.0,2.0,51,22.6,38.2,85,Drizzle: Light,0,0,
88221,2021-11-12 05:45:00,40.69854,-73.94116,0,0,Unspecified,4476796,18.5,8.9,15.0,15.0,0.0,7.0,63,39.8,74.5,174,Rain: Moderate,0,0,
88222,2021-11-11 11:20:00,40.667583,-73.94152,1,0,Failure to Yield Right-of-Way,4476358,15.0,4.2,0.3,0.3,0.0,2.0,51,22.6,38.2,85,Drizzle: Light,1,1,
88223,2021-11-11 23:07:00,40.669456,-73.86284,1,0,Driver Inattention/Distraction,4477290,15.0,4.2,0.3,0.3,0.0,2.0,51,22.6,38.2,85,Drizzle: Light,1,1,
88224,2021-11-10 17:15:00,40.61103,-74.15682,0,0,Driver Inattention/Distraction,4476674,17.2,7.8,0.3,0.3,0.0,1.0,51,20.7,38.5,318,Drizzle: Light,0,0,
88225,2021-11-09 21:52:00,40.835808,-73.91437,0,0,Unsafe Speed,4477455,19.5,5.6,0.0,0.0,0.0,0.0,3,10.2,20.2,283,Overcast,0,0,
88226,2021-11-12 09:09:00,40.816273,-73.89287,0,0,Unspecified,4476624,18.5,8.9,15.0,15.0,0.0,7.0,63,39.8,74.5,174,Rain: Moderate,0,0,
88227,2021-11-11 09:45:00,40.74859,-73.73705,0,0,Backing Unsafely,4476329,15.0,4.2,0.3,0.3,0.0,2.0,51,22.6,38.2,85,Drizzle: Light,0,0,
88228,2021-11-10 11:45:00,40.76521,-73.953896,0,0,Driver Inattention/Distraction,4477406,17.2,7.8,0.3,0.3,0.0,1.0,51,20.7,38.5,318,Drizzle: Light,0,0,
88229,2021-11-10 00:12:00,40.725475,-73.76559,1,0,Brakes Defective,4475760,17.2,7.8,0.3,0.3,0.0,1.0,51,20.7,38.5,318,Drizzle: Light,1,1,
88230,2021-11-11 03:10:00,40.723747,-74.00612,0,0,Unspecified,4477080,15.0,4.2,0.3,0.3,0.0,2.0,51,22.6,38.2,85,Drizzle: Light,0,0,
88231,2021-11-08 16:02:00,40.832558,-73.8273,1,0,Unspecified,4476855,16.5,6.4,0.0,0.0,0.0,0.0,3,17.4,33.8,355,Overcast,1,1,
88232,2021-11-10 15:00:00,40.72644,-73.73577,0,0,Driver Inattention/Distraction,4476089,17.2,7.8,0.3,0.3,0.0,1.0,51,20.7,38.5,318,Drizzle: Light,0,0,
88233,2021-11-11 00:00:00,40.730305,-73.81465,0,0,Driver Inattention/Distraction,4476637,15.0,4.2,0.3,0.3,0.0,2.0,51,22.6,38.2,85,Drizzle: Light,0,0,
88234,2021-11-11 15:55:00,40.701912,-73.93699,0,0,Passing Too Closely,4476505,15.0,4.2,0.3,0.3,0.0,2.0,51,22.6,38.2,85,Drizzle: Light,0,0,
88235,2021-10-28 10:10:00,40.80405,-73.91737,2,0,Driver Inexperience,4476564,15.2,7.9,0.0,0.0,0.0,0.0,3,19.1,34.6,28,Overcast,2,2,
88236,2021-11-08 08:40:00,40.633053,-73.99522,0,0,Unspecified,4477482,16.5,6.4,0.0,0.0,0.0,0.0,3,17.4,33.8,355,Overcast,0,0,
88237,2021-11-01 18:58:00,40.689445,-73.95513,0,0,Turning Improperly,4476679,14.4,8.0,0.0,0.0,0.0,0.0,3,20.7,38.5,278,Overcast,0,0,
88238,2021-11-09 11:12:00,40.77447,-73.9924,0,0,Driver Inattention/Distraction,4476738,19.5,5.6,0.0,0.0,0.0,0.0,3,10.2,20.2,283,Overcast,0,0,
88239,2021-11-12 16:51:00,40.64352,-74.07616,0,0,Unspecified,4477052,18.5,8.9,15.0,15.0,0.0,7.0,63,39.8,74.5,174,Rain: Moderate,0,0,
88240,2021-11-10 09:38:00,40.812305,-73.89637,0,0,Driver Inexperience,4476130,17.2,7.8,0.3,0.3,0.0,1.0,51,20.7,38.5,318,Drizzle: Light,0,0,
88241,2021-11-11 08:02:00,40.77548,-73.98022,1,0,Unspecified,4476890,15.0,4.2,0.3,0.3,0.0,2.0,51,22.6,38.2,85,Drizzle: Light,1,1,
88242,2021-11-12 11:43:00,40.67392,-73.91012,0,0,Driver Inattention/Distraction,4476999,18.5,8.9,15.0,15.0,0.0,7.0,63,39.8,74.5,174,Rain: Moderate,0,0,
88243,2021-11-11 09:36:00,40.754707,-73.99164,0,0,Driver Inattention/Distraction,4476304,15.0,4.2,0.3,0.3,0.0,2.0,51,22.6,38.2,85,Drizzle: Light,0,0,
88244,2021-11-10 17:50:00,40.828617,-73.84217,1,0,Following Too Closely,4476401,17.2,7.8,0.3,0.3,0.0,1.0,51,20.7,38.5,318,Drizzle: Light,1,1,
88245,2021-11-11 20:00:00,40.668724,-73.82145,0,0,Driver Inattention/Distraction,4476447,15.0,4.2,0.3,0.3,0.0,2.0,51,22.6,38.2,85,Drizzle: Light,0,0,
88246,2021-11-12 06:22:00,40.613895,-73.99219,1,0,Failure to Yield Right-of-Way,4477023,18.5,8.9,15.0,15.0,0.0,7.0,63,39.8,74.5,174,Rain: Moderate,1,1,
88247,2021-11-10 04:45:00,40.861862,-73.91275,0,0,Unspecified,4475864,17.2,7.8,0.3,0.3,0.0,1.0,51,20.7,38.5,318,Drizzle: Light,0,0,
88248,2021-10-31 15:34:00,40.697422,-73.93796,0,0,Driver Inattention/Distraction,4477244,18.3,12.5,3.7,3.7,0.0,8.0,55,22.9,41.0,268,Drizzle: Dense,0,0,
88249,2021-11-05 15:59:00,40.767418,-73.7906,0,0,Backing Unsafely,4476605,10.7,3.2,0.0,0.0,0.0,0.0,0,14.8,30.2,1,Clear sky,0,0,Sunny/Clear Conditions
88250,2021-11-10 12:05:00,40.809246,-73.92321,1,0,Unsafe Speed,4476139,17.2,7.8,0.3,0.3,0.0,1.0,51,20.7,38.5,318,Drizzle: Light,1,1,
88251,2021-11-11 17:06:00,40.74954,-73.97744,1,0,Passing Too Closely,4476356,15.0,4.2,0.3,0.3,0.0,2.0,51,22.6,38.2,85,Drizzle: Light,1,1,
88252,2021-11-11 18:23:00,40.667915,-73.77523,0,0,Unspecified,4476535,15.0,4.2,0.3,0.3,0.0,2.0,51,22.6,38.2,85,Drizzle: Light,0,0,
88253,2021-11-04 13:30:00,40.72957,-73.98099,0,0,Unspecified,4477256,9.9,3.0,0.0,0.0,0.0,0.0,3,10.8,21.2,5,Overcast,0,0,
88254,2021-11-11 18:10:00,40.704308,-73.91924,0,0,Passing Too Closely,4476596,15.0,4.2,0.3,0.3,0.0,2.0,51,22.6,38.2,85,Drizzle: Light,0,0,
88255,2021-11-12 12:45:00,40.611637,-73.91287,0,0,Passing or Lane Usage Improper,4476667,18.5,8.9,15.0,15.0,0.0,7.0,63,39.8,74.5,174,Rain: Moderate,0,0,
88256,2021-11-12 22:10:00,40.64647,-74.01258,2,0,Unspecified,4476774,18.5,8.9,15.0,15.0,0.0,7.0,63,39.8,74.5,174,Rain: Moderate,2,2,
88257,2021-11-11 17:00:00,40.68651,-73.989944,0,0,Driver Inattention/Distraction,4476391,15.0,4.2,0.3,0.3,0.0,2.0,51,22.6,38.2,85,Drizzle: Light,0,0,
88258,2021-11-11 17:30:00,40.827183,-73.86011,1,0,Unspecified,4476753,15.0,4.2,0.3,0.3,0.0,2.0,51,22.6,38.2,85,Drizzle: Light,1,1,
88259,2021-11-02 18:30:00,40.839245,-73.8701,0,0,Obstruction/Debris,4477226,11.4,7.0,0.6,0.6,0.0,4.0,51,14.1,28.1,271,Drizzle: Light,0,0,
88260,2021-11-10 07:00:00,40.855614,-73.90352,0,0,Unspecified,4475892,17.2,7.8,0.3,0.3,0.0,1.0,51,20.7,38.5,318,Drizzle: Light,0,0,
88261,2021-11-07 16:35:00,40.85901,-73.927635,0,0,Driver Inattention/Distraction,4476541,12.1,2.6,0.0,0.0,0.0,0.0,3,10.0,20.5,358,Overcast,0,0,
88262,2021-11-12 01:36:00,40.682564,-73.85199,0,0,Unspecified,4476540,18.5,8.9,15.0,15.0,0.0,7.0,63,39.8,74.5,174,Rain: Moderate,0,0,
88263,2021-11-10 09:05:00,40.763588,-73.83603,0,0,Passing or Lane Usage Improper,4476039,17.2,7.8,0.3,0.3,0.0,1.0,51,20.7,38.5,318,Drizzle: Light,0,0,
88264,2021-11-07 21:52:00,40.834076,-73.81937,0,0,Unspecified,4476689,12.1,2.6,0.0,0.0,0.0,0.0,3,10.0,20.5,358,Overcast,0,0,
88265,2021-11-12 14:15:00,40.7243,-73.84517,0,0,Passing Too Closely,4476706,18.5,8.9,15.0,15.0,0.0,7.0,63,39.8,74.5,174,Rain: Moderate,0,0,
88266,2021-11-10 11:40:00,40.7118,-73.94224,0,0,Passing or Lane Usage Improper,4476167,17.2,7.8,0.3,0.3,0.0,1.0,51,20.7,38.5,318,Drizzle: Light,0,0,
88267,2021-11-12 07:17:00,40.75267,-73.93641,0,0,Traffic Control Disregarded,4476656,18.5,8.9,15.0,15.0,0.0,7.0,63,39.8,74.5,174,Rain: Moderate,0,0,
88268,2021-11-11 09:00:00,40.668507,-73.92561,0,0,Driver Inattention/Distraction,4477116,15.0,4.2,0.3,0.3,0.0,2.0,51,22.6,38.2,85,Drizzle: Light,0,0,
88269,2021-11-07 01:32:00,40.768017,-73.92536,0,0,Unspecified,4476972,12.1,2.6,0.0,0.0,0.0,0.0,3,10.0,20.5,358,Overcast,0,0,
88270,2021-11-12 11:40:00,40.857708,-73.9043,1,0,Turning Improperly,4476628,18.5,8.9,15.0,15.0,0.0,7.0,63,39.8,74.5,174,Rain: Moderate,1,1,
88271,2021-11-12 23:47:00,40.75847,-73.83331,0,0,Alcohol Involvement,4476922,18.5,8.9,15.0,15.0,0.0,7.0,63,39.8,74.5,174,Rain: Moderate,0,0,
88272,2021-11-11 08:15:00,40.58667,-73.966156,3,0,Driver Inattention/Distraction,4477034,15.0,4.2,0.3,0.3,0.0,2.0,51,22.6,38.2,85,Drizzle: Light,3,3,
88273,2021-11-08 13:00:00,40.665314,-73.86846,1,0,Traffic Control Disregarded,4477320,16.5,6.4,0.0,0.0,0.0,0.0,3,17.4,33.8,355,Overcast,1,1,
88274,2021-08-24 18:00:00,40.830738,-73.9105,0,0,Failure to Yield Right-of-Way,4477428,30.6,21.9,0.0,0.0,0.0,0.0,1,13.9,28.1,291,Mainly clear,0,0,Sunny/Clear Conditions
88275,2021-11-10 18:16:00,40.681503,-73.974236,1,0,Traffic Control Disregarded,4476491,17.2,7.8,0.3,0.3,0.0,1.0,51,20.7,38.5,318,Drizzle: Light,1,1,
88276,2021-11-10 15:20:00,40.651276,-73.94003,1,0,Driver Inattention/Distraction,4476694,17.2,7.8,0.3,0.3,0.0,1.0,51,20.7,38.5,318,Drizzle: Light,1,1,
88277,2021-11-10 17:46:00,40.868694,-73.90237,1,0,Traffic Control Disregarded,4476187,17.2,7.8,0.3,0.3,0.0,1.0,51,20.7,38.5,318,Drizzle: Light,1,1,
88278,2021-11-10 07:00:00,40.750965,-73.94027,0,0,Unspecified,4477365,17.2,7.8,0.3,0.3,0.0,1.0,51,20.7,38.5,318,Drizzle: Light,0,0,
88279,2021-11-12 18:00:00,40.80484,-73.912796,0,0,Other Vehicular,4476862,18.5,8.9,15.0,15.0,0.0,7.0,63,39.8,74.5,174,Rain: Moderate,0,0,
88280,2021-11-10 23:50:00,40.64677,-73.95206,2,0,Unspecified,4477153,17.2,7.8,0.3,0.3,0.0,1.0,51,20.7,38.5,318,Drizzle: Light,2,2,
88281,2021-11-11 06:20:00,40.732243,-73.87013,0,0,Passing or Lane Usage Improper,4476232,15.0,4.2,0.3,0.3,0.0,2.0,51,22.6,38.2,85,Drizzle: Light,0,0,
88282,2021-11-11 09:40:00,40.69035,-73.84108,1,0,Unsafe Lane Changing,4476560,15.0,4.2,0.3,0.3,0.0,2.0,51,22.6,38.2,85,Drizzle: Light,1,1,
88283,2021-11-12 01:40:00,40.6649,-73.89306,2,0,Unspecified,4477295,18.5,8.9,15.0,15.0,0.0,7.0,63,39.8,74.5,174,Rain: Moderate,2,2,
88284,2021-11-10 08:45:00,40.854504,-73.867714,0,0,Passing or Lane Usage Improper,4476008,17.2,7.8,0.3,0.3,0.0,1.0,51,20.7,38.5,318,Drizzle: Light,0,0,
88285,2021-11-12 13:40:00,40.67394,-73.99997,0,0,Backing Unsafely,4477091,18.5,8.9,15.0,15.0,0.0,7.0,63,39.8,74.5,174,Rain: Moderate,0,0,
88286,2021-11-10 13:41:00,40.67024,-73.907005,1,0,Failure to Yield Right-of-Way,4476959,17.2,7.8,0.3,0.3,0.0,1.0,51,20.7,38.5,318,Drizzle: Light,1,1,
88287,2021-11-08 14:49:00,40.61919,-73.92302,0,0,Driver Inattention/Distraction,4477185,16.5,6.4,0.0,0.0,0.0,0.0,3,17.4,33.8,355,Overcast,0,0,
88288,2021-11-11 17:48:00,40.755222,-73.96135,0,0,Following Too Closely,4476573,15.0,4.2,0.3,0.3,0.0,2.0,51,22.6,38.2,85,Drizzle: Light,0,0,
88289,2021-11-10 09:40:00,40.708168,-73.95067,1,0,Unsafe Speed,4475950,17.2,7.8,0.3,0.3,0.0,1.0,51,20.7,38.5,318,Drizzle: Light,1,1,
88290,2021-11-11 06:30:00,40.644863,-73.97768,0,0,Driver Inattention/Distraction,4477476,15.0,4.2,0.3,0.3,0.0,2.0,51,22.6,38.2,85,Drizzle: Light,0,0,
88291,2021-11-12 14:55:00,40.673378,-73.88585,0,0,Unspecified,4477281,18.5,8.9,15.0,15.0,0.0,7.0,63,39.8,74.5,174,Rain: Moderate,0,0,
88292,2021-11-11 07:55:00,40.567947,-74.11528,0,0,Outside Car Distraction,4476427,15.0,4.2,0.3,0.3,0.0,2.0,51,22.6,38.2,85,Drizzle: Light,0,0,
88293,2021-11-11 19:45:00,40.720592,-73.74913,0,0,Driver Inattention/Distraction,4476440,15.0,4.2,0.3,0.3,0.0,2.0,51,22.6,38.2,85,Drizzle: Light,0,0,
88294,2021-11-11 23:40:00,40.696243,-73.99004,0,0,Traffic Control Device Improper/Non-Working,4476460,15.0,4.2,0.3,0.3,0.0,2.0,51,22.6,38.2,85,Drizzle: Light,0,0,
88295,2021-11-12 10:18:00,40.666363,-73.95223,1,0,Failure to Yield Right-of-Way,4476721,18.5,8.9,15.0,15.0,0.0,7.0,63,39.8,74.5,174,Rain: Moderate,1,1,
88296,2021-11-11 07:09:00,40.709003,-73.92234,4,0,Driver Inattention/Distraction,4476592,15.0,4.2,0.3,0.3,0.0,2.0,51,22.6,38.2,85,Drizzle: Light,4,4,
88297,2021-11-10 13:00:00,40.757595,-73.94603,1,0,Passing or Lane Usage Improper,4475982,17.2,7.8,0.3,0.3,0.0,1.0,51,20.7,38.5,318,Drizzle: Light,1,1,
88298,2021-11-10 09:15:00,40.751747,-73.97081,1,0,Failure to Yield Right-of-Way,4475955,17.2,7.8,0.3,0.3,0.0,1.0,51,20.7,38.5,318,Drizzle: Light,1,1,
88299,2021-11-12 08:50:00,40.73725,-73.91799,1,0,View Obstructed/Limited,4476834,18.5,8.9,15.0,15.0,0.0,7.0,63,39.8,74.5,174,Rain: Moderate,1,1,
88300,2021-11-11 16:20:00,40.749664,-73.98158,1,0,Following Too Closely,4476372,15.0,4.2,0.3,0.3,0.0,2.0,51,22.6,38.2,85,Drizzle: Light,1,1,
88301,2021-11-11 15:26:00,40.610226,-73.96015,1,0,Unspecified,4476545,15.0,4.2,0.3,0.3,0.0,2.0,51,22.6,38.2,85,Drizzle: Light,1,1,
88302,2021-11-10 15:45:00,40.711845,-73.78738,2,0,Unsafe Speed,4476028,17.2,7.8,0.3,0.3,0.0,1.0,51,20.7,38.5,318,Drizzle: Light,2,2,
88303,2021-11-12 05:55:00,40.67818,-73.90911,0,0,Unspecified,4476993,18.5,8.9,15.0,15.0,0.0,7.0,63,39.8,74.5,174,Rain: Moderate,0,0,
88304,2021-11-10 08:46:00,40.72626,-73.95522,0,0,Following Too Closely,4475905,17.2,7.8,0.3,0.3,0.0,1.0,51,20.7,38.5,318,Drizzle: Light,0,0,
88305,2021-11-12 15:30:00,40.664326,-73.78007,2,0,Failure to Yield Right-of-Way,4476726,18.5,8.9,15.0,15.0,0.0,7.0,63,39.8,74.5,174,Rain: Moderate,2,2,
88306,2021-11-10 17:45:00,40.82137,-73.90491,0,0,Unspecified,4476250,17.2,7.8,0.3,0.3,0.0,1.0,51,20.7,38.5,318,Drizzle: Light,0,0,
88307,2021-11-12 09:30:00,40.759884,-73.9368,0,0,Unspecified,4476976,18.5,8.9,15.0,15.0,0.0,7.0,63,39.8,74.5,174,Rain: Moderate,0,0,
88308,2021-10-22 12:57:00,40.83836,-73.92493,0,0,Passing Too Closely,4477097,20.3,14.4,0.0,0.0,0.0,0.0,3,18.1,31.3,267,Overcast,0,0,
88309,2021-11-11 07:30:00,40.77254,-73.88935,0,0,Unspecified,4476528,15.0,4.2,0.3,0.3,0.0,2.0,51,22.6,38.2,85,Drizzle: Light,0,0,
88310,2021-11-12 13:50:00,40.776188,-73.90596,0,0,Failure to Yield Right-of-Way,4476660,18.5,8.9,15.0,15.0,0.0,7.0,63,39.8,74.5,174,Rain: Moderate,0,0,
88311,2021-11-10 16:05:00,40.719357,-73.81799,0,0,Failure to Yield Right-of-Way,4476120,17.2,7.8,0.3,0.3,0.0,1.0,51,20.7,38.5,318,Drizzle: Light,0,0,
88312,2022-09-24 23:54:00,40.853714,-73.92681,0,0,Backing Unsafely,4567963,20.6,9.5,0.0,0.0,0.0,0.0,3,18.8,37.4,295,Overcast,0,0,
88313,2021-11-12 19:52:00,40.81574,-73.95456,1,0,Reaction to Uninvolved Vehicle,4476743,18.5,8.9,15.0,15.0,0.0,7.0,63,39.8,74.5,174,Rain: Moderate,1,1,
88314,2021-11-12 12:00:00,40.759197,-73.98463,0,0,Unspecified,4476781,18.5,8.9,15.0,15.0,0.0,7.0,63,39.8,74.5,174,Rain: Moderate,0,0,
88315,2021-11-12 22:10:00,40.663605,-73.934395,0,0,Driver Inattention/Distraction,4477180,18.5,8.9,15.0,15.0,0.0,7.0,63,39.8,74.5,174,Rain: Moderate,0,0,
88316,2021-10-09 20:10:00,40.66239,-73.88594,1,0,Unspecified,4477328,20.2,15.2,1.2,1.2,0.0,5.0,51,22.8,42.8,71,Drizzle: Light,1,1,
88317,2021-11-12 08:20:00,40.797447,-73.94671,0,0,Unspecified,4476942,18.5,8.9,15.0,15.0,0.0,7.0,63,39.8,74.5,174,Rain: Moderate,0,0,
88318,2021-11-06 18:39:00,40.677574,-73.95548,1,0,Unspecified,4477121,10.5,3.4,0.0,0.0,0.0,0.0,0,9.5,17.6,61,Clear sky,1,1,Sunny/Clear Conditions
88319,2021-11-10 16:02:00,40.716778,-73.93635,1,0,Failure to Yield Right-of-Way,4476145,17.2,7.8,0.3,0.3,0.0,1.0,51,20.7,38.5,318,Drizzle: Light,1,1,
88320,2021-11-10 12:57:00,40.61599,-73.97726,0,0,Unspecified,4476496,17.2,7.8,0.3,0.3,0.0,1.0,51,20.7,38.5,318,Drizzle: Light,0,0,
88321,2021-11-11 09:57:00,40.752995,-73.91068,0,0,Driver Inattention/Distraction,4477380,15.0,4.2,0.3,0.3,0.0,2.0,51,22.6,38.2,85,Drizzle: Light,0,0,
88322,2021-11-11 19:20:00,40.610508,-74.09576,0,0,Following Too Closely,4476512,15.0,4.2,0.3,0.3,0.0,2.0,51,22.6,38.2,85,Drizzle: Light,0,0,
88323,2021-11-10 14:50:00,40.632065,-73.91861,0,0,Unsafe Speed,4476280,17.2,7.8,0.3,0.3,0.0,1.0,51,20.7,38.5,318,Drizzle: Light,0,0,
88324,2021-11-12 14:35:00,40.708633,-73.948494,0,0,Turning Improperly,4477439,18.5,8.9,15.0,15.0,0.0,7.0,63,39.8,74.5,174,Rain: Moderate,0,0,