,CRASH DATETIME,LATITUDE,LONGITUDE,NUMBER OF PERSONS INJURED,NUMBER OF PERSONS KILLED,CONTRIBUTING FACTOR VEHICLE 1,COLLISION_ID,temperature_2m_max,temperature_2m_min,precipitation_sum,rain_sum,snowfall_sum,precipitation_hours,weather_code,wind_speed_10m_max,wind_gusts_10m_max,wind_direction_10m_dominant,Weather Description,Severity_Score,Total_Affected_Persons,Weather_Category
88325,2021-11-12 12:35:00,40.74712,-73.94239,0,0,Driver Inattention/Distraction,4476698,18.5,8.9,15.0,15.0,0.0,7.0,63,39.8,74.5,174,Rain: Moderate,0,0,
88326,2021-11-09 18:15:00,40.824184,-73.93723,0,0,Driver Inattention/Distraction,4476616,19.5,5.6,0.0,0.0,0.0,0.0,3,10.2,20.2,283,Overcast,0,0,
88327,2021-11-10 12:00:00,40.60582,-73.9803,0,0,Backing Unsafely,4476198,17.2,7.8,0.3,0.3,0.0,1.0,51,20.7,38.5,318,Drizzle: Light,0,0,
88328,2021-11-11 16:15:00,40.90152,-73.84695,0,0,Unsafe Speed,4477140,15.0,4.2,0.3,0.3,0.0,2.0,51,22.6,38.2,85,Drizzle: Light,0,0,
88329,2021-11-05 21:31:00,40.68086,-73.864685,1,0,Unspecified,4477299,10.7,3.2,0.0,0.0,0.0,0.0,0,14.8,30.2,1,Clear sky,1,1,Sunny/Clear Conditions
88330,2021-11-12 12:30:00,40.71976,-73.94476,0,0,Reaction to Uninvolved Vehicle,4476808,18.5,8.9,15.0,15.0,0.0,7.0,63,39.8,74.5,174,Rain: Moderate,0,0,
88331,2021-11-10 12:00:00,40.837864,-73.9114,0,0,Backing Unsafely,4476262,17.2,7.8,0.3,0.3,0.0,1.0,51,20.7,38.5,318,Drizzle: Light,0,0,
88332,2021-11-10 08:00:00,40.736534,-73.85611,2,0,Driver Inattention/Distraction,4475932,17.2,7.8,0.3,0.3,0.0,1.0,51,20.7,38.5,318,Drizzle: Light,2,2,
88333,2021-11-11 22:00:00,40.633892,-73.918816,0,0,Unspecified,4476577,15.0,4.2,0.3,0.3,0.0,2.0,51,22.6,38.2,85,Drizzle: Light,0,0,
88334,2021-11-12 20:17:00,40.87656,-73.90436,0,0,Unspecified,4477238,18.5,8.9,15.0,15.0,0.0,7.0,63,39.8,74.5,174,Rain: Moderate,0,0,
88335,2021-11-10 10:20:00,40.639923,-74.08111,0,0,Brakes Defective,4476019,17.2,7.8,0.3,0.3,0.0,1.0,51,20.7,38.5,318,Drizzle: Light,0,0,
88336,2021-11-03 16:30:00,40.76677,-73.97119,1,0,Driver Inattention/Distraction,4477469,10.7,3.8,0.1,0.1,0.0,1.0,51,15.6,30.6,302,Drizzle: Light,1,1,
88337,2021-11-12 15:39:00,40.591022,-74.100914,0,0,Turning Improperly,4476763,18.5,8.9,15.0,15.0,0.0,7.0,63,39.8,74.5,174,Rain: Moderate,0,0,
88338,2021-11-10 13:00:00,40.570465,-74.10977,2,0,Following Too Closely,4476422,17.2,7.8,0.3,0.3,0.0,1.0,51,20.7,38.5,318,Drizzle: Light,2,2,
88339,2021-11-09 14:12:00,40.72866,-73.82278,1,0,Driver Inattention/Distraction,4477067,19.5,5.6,0.0,0.0,0.0,0.0,3,10.2,20.2,283,Overcast,1,1,
88340,2021-11-05 14:10:00,40.844917,-73.926384,0,0,Driver Inattention/Distraction,4477261,10.7,3.2,0.0,0.0,0.0,0.0,0,14.8,30.2,1,Clear sky,0,0,Sunny/Clear Conditions
88341,2021-11-11 09:45:00,40.759624,-73.970085,1,0,Driver Inattention/Distraction,4476572,15.0,4.2,0.3,0.3,0.0,2.0,51,22.6,38.2,85,Drizzle: Light,1,1,
88342,2021-11-11 05:35:00,40.81175,-73.93144,2,0,Failure to Yield Right-of-Way,4476466,15.0,4.2,0.3,0.3,0.0,2.0,51,22.6,38.2,85,Drizzle: Light,2,2,
88343,2021-11-10 15:00:00,40.68708,-73.913895,2,0,Driver Inattention/Distraction,4476186,17.2,7.8,0.3,0.3,0.0,1.0,51,20.7,38.5,318,Drizzle: Light,2,2,
88344,2021-11-10 16:52:00,40.66685,-73.8907,0,0,Unspecified,4476322,17.2,7.8,0.3,0.3,0.0,1.0,51,20.7,38.5,318,Drizzle: Light,0,0,
88345,2021-11-10 16:40:00,40.718555,-73.988205,0,0,Failure to Yield Right-of-Way,4476428,17.2,7.8,0.3,0.3,0.0,1.0,51,20.7,38.5,318,Drizzle: Light,0,0,
88346,2021-10-30 12:15:00,40.749687,-73.78785,0,0,Unspecified,4476604,17.8,12.0,7.8,7.8,0.0,16.0,61,38.5,68.0,112,Rain: Light,0,0,
88347,2021-11-10 19:50:00,40.762913,-73.96981,1,0,View Obstructed/Limited,4476455,17.2,7.8,0.3,0.3,0.0,1.0,51,20.7,38.5,318,Drizzle: Light,1,1,
88348,2021-11-10 15:15:00,40.787937,-73.81768,1,0,Brakes Defective,4476074,17.2,7.8,0.3,0.3,0.0,1.0,51,20.7,38.5,318,Drizzle: Light,1,1,
88349,2021-11-11 12:32:00,40.778603,-73.846115,0,0,Passing Too Closely,4476383,15.0,4.2,0.3,0.3,0.0,2.0,51,22.6,38.2,85,Drizzle: Light,0,0,
88350,2021-11-10 01:30:00,40.889954,-73.827576,0,0,Driver Inexperience,4475962,17.2,7.8,0.3,0.3,0.0,1.0,51,20.7,38.5,318,Drizzle: Light,0,0,
88351,2021-11-10 07:59:00,40.757973,-73.98554,1,0,Failure to Yield Right-of-Way,4476303,17.2,7.8,0.3,0.3,0.0,1.0,51,20.7,38.5,318,Drizzle: Light,1,1,
88352,2021-11-12 08:30:00,40.73785,-73.78527,0,0,Unspecified,4476631,18.5,8.9,15.0,15.0,0.0,7.0,63,39.8,74.5,174,Rain: Moderate,0,0,
88353,2021-10-30 21:45:00,40.69687,-73.78072,1,0,Unsafe Speed,4477342,17.8,12.0,7.8,7.8,0.0,16.0,61,38.5,68.0,112,Rain: Light,1,1,
88354,2021-11-09 15:15:00,40.840027,-73.846245,0,0,Unspecified,4476648,19.5,5.6,0.0,0.0,0.0,0.0,3,10.2,20.2,283,Overcast,0,0,
88355,2021-11-11 03:27:00,40.86028,-73.89405,0,0,Passing Too Closely,4476209,15.0,4.2,0.3,0.3,0.0,2.0,51,22.6,38.2,85,Drizzle: Light,0,0,
88356,2021-11-03 10:15:00,40.581062,-74.00071,0,0,Passing Too Closely,4477044,10.7,3.8,0.1,0.1,0.0,1.0,51,15.6,30.6,302,Drizzle: Light,0,0,
88357,2021-11-07 17:23:00,40.69603,-73.943535,0,0,Passing or Lane Usage Improper,4477101,12.1,2.6,0.0,0.0,0.0,0.0,3,10.0,20.5,358,Overcast,0,0,
88358,2021-11-11 08:00:00,40.615765,-74.15234,1,0,Driver Inattention/Distraction,4476242,15.0,4.2,0.3,0.3,0.0,2.0,51,22.6,38.2,85,Drizzle: Light,1,1,
88359,2021-11-12 16:56:00,40.68708,-73.913895,0,0,Driver Inattention/Distraction,4476747,18.5,8.9,15.0,15.0,0.0,7.0,63,39.8,74.5,174,Rain: Moderate,0,0,
88360,2021-10-31 05:00:00,40.744892,-73.77022,0,0,Unsafe Lane Changing,4476599,18.3,12.5,3.7,3.7,0.0,8.0,55,22.9,41.0,268,Drizzle: Dense,0,0,
88361,2021-11-11 13:07:00,40.760586,-73.84592,1,0,Driver Inattention/Distraction,4476462,15.0,4.2,0.3,0.3,0.0,2.0,51,22.6,38.2,85,Drizzle: Light,1,1,
88362,2021-11-05 16:24:00,40.759724,-73.92061,0,0,Turning Improperly,4476532,10.7,3.2,0.0,0.0,0.0,0.0,0,14.8,30.2,1,Clear sky,0,0,Sunny/Clear Conditions
88363,2021-11-10 20:33:00,40.75781,-73.97353,1,0,Unspecified,4476786,17.2,7.8,0.3,0.3,0.0,1.0,51,20.7,38.5,318,Drizzle: Light,1,1,
88364,2021-11-11 13:05:00,40.7485,-73.974976,0,0,Driver Inattention/Distraction,4476298,15.0,4.2,0.3,0.3,0.0,2.0,51,22.6,38.2,85,Drizzle: Light,0,0,
88365,2021-11-10 09:17:00,40.643246,-73.94877,2,0,Unspecified,4476366,17.2,7.8,0.3,0.3,0.0,1.0,51,20.7,38.5,318,Drizzle: Light,2,2,
88366,2021-11-09 16:55:00,40.765385,-73.74389,0,0,Failure to Yield Right-of-Way,4476641,19.5,5.6,0.0,0.0,0.0,0.0,3,10.2,20.2,283,Overcast,0,0,
88367,2021-11-09 07:29:00,40.703587,-73.88547,1,0,Unspecified,4477167,19.5,5.6,0.0,0.0,0.0,0.0,3,10.2,20.2,283,Overcast,1,1,
88368,2021-11-10 13:00:00,40.700264,-73.9232,0,0,Driver Inattention/Distraction,4476113,17.2,7.8,0.3,0.3,0.0,1.0,51,20.7,38.5,318,Drizzle: Light,0,0,
88369,2021-11-10 17:57:00,40.64997,-73.958626,1,0,Unspecified,4476333,17.2,7.8,0.3,0.3,0.0,1.0,51,20.7,38.5,318,Drizzle: Light,1,1,
88370,2021-11-10 19:00:00,40.818504,-73.91448,1,0,Unspecified,4476140,17.2,7.8,0.3,0.3,0.0,1.0,51,20.7,38.5,318,Drizzle: Light,1,1,
88371,2021-11-07 15:00:00,40.70739,-73.95054,1,0,Driver Inattention/Distraction,4477400,12.1,2.6,0.0,0.0,0.0,0.0,3,10.0,20.5,358,Overcast,1,1,
88372,2021-11-11 11:33:00,40.68039,-73.974625,0,0,Other Vehicular,4476500,15.0,4.2,0.3,0.3,0.0,2.0,51,22.6,38.2,85,Drizzle: Light,0,0,
88373,2021-11-12 16:34:00,40.688904,-73.980934,1,0,Driver Inattention/Distraction,4476730,18.5,8.9,15.0,15.0,0.0,7.0,63,39.8,74.5,174,Rain: Moderate,1,1,
88374,2021-11-11 00:50:00,40.701218,-73.81622,0,0,Driver Inattention/Distraction,4476084,15.0,4.2,0.3,0.3,0.0,2.0,51,22.6,38.2,85,Drizzle: Light,0,0,
88375,2021-11-12 04:20:00,40.71721,-73.93471,0,0,Passing Too Closely,4476506,18.5,8.9,15.0,15.0,0.0,7.0,63,39.8,74.5,174,Rain: Moderate,0,0,
88376,2021-11-12 07:10:00,40.87752,-73.85862,0,0,Driver Inattention/Distraction,4477144,18.5,8.9,15.0,15.0,0.0,7.0,63,39.8,74.5,174,Rain: Moderate,0,0,
88377,2021-11-08 19:20:00,40.682228,-73.8697,1,0,Driver Inattention/Distraction,4477312,16.5,6.4,0.0,0.0,0.0,0.0,3,17.4,33.8,355,Overcast,1,1,
88378,2021-11-10 08:40:00,40.726086,-73.8018,0,0,Unspecified,4476636,17.2,7.8,0.3,0.3,0.0,1.0,51,20.7,38.5,318,Drizzle: Light,0,0,
88379,2021-11-12 00:25:00,40.75433,-73.77956,0,0,Driver Inexperience,4476759,18.5,8.9,15.0,15.0,0.0,7.0,63,39.8,74.5,174,Rain: Moderate,0,0,
88380,2021-11-12 10:10:00,40.821095,-73.88732,0,0,Traffic Control Disregarded,4477488,18.5,8.9,15.0,15.0,0.0,7.0,63,39.8,74.5,174,Rain: Moderate,0,0,
88381,2021-11-11 23:00:00,40.84953,-73.89012,0,0,Driver Inattention/Distraction,4477061,15.0,4.2,0.3,0.3,0.0,2.0,51,22.6,38.2,85,Drizzle: Light,0,0,
88382,2021-11-10 16:35:00,40.87609,-73.833435,1,0,,4476174,17.2,7.8,0.3,0.3,0.0,1.0,51,20.7,38.5,318,Drizzle: Light,1,1,
88383,2022-09-25 13:05:00,40.68993,-73.98148,1,0,Turning Improperly,4567064,23.8,11.8,0.3,0.3,0.0,1.0,51,22.2,41.0,207,Drizzle: Light,1,1,
88384,2021-11-12 14:25:00,40.76027,-73.83049,0,0,Unsafe Lane Changing,4476899,18.5,8.9,15.0,15.0,0.0,7.0,63,39.8,74.5,174,Rain: Moderate,0,0,
88385,2021-11-11 15:45:00,40.586124,-73.990715,0,0,Following Too Closely,4476409,15.0,4.2,0.3,0.3,0.0,2.0,51,22.6,38.2,85,Drizzle: Light,0,0,
88386,2021-11-10 15:40:00,40.760143,-73.77004,1,0,Unspecified,4476046,17.2,7.8,0.3,0.3,0.0,1.0,51,20.7,38.5,318,Drizzle: Light,1,1,
88387,2021-11-12 14:45:00,40.61018,-74.03548,0,0,Driver Inattention/Distraction,4476803,18.5,8.9,15.0,15.0,0.0,7.0,63,39.8,74.5,174,Rain: Moderate,0,0,
88388,2021-11-12 17:30:00,40.71409,-73.87928,1,0,Backing Unsafely,4477252,18.5,8.9,15.0,15.0,0.0,7.0,63,39.8,74.5,174,Rain: Moderate,1,1,
88389,2021-11-06 18:21:00,40.816883,-73.96265,0,0,Unspecified,4477008,10.5,3.4,0.0,0.0,0.0,0.0,0,9.5,17.6,61,Clear sky,0,0,Sunny/Clear Conditions
88390,2021-11-10 12:10:00,40.645294,-73.901,0,0,Driver Inattention/Distraction,4476308,17.2,7.8,0.3,0.3,0.0,1.0,51,20.7,38.5,318,Drizzle: Light,0,0,
88391,2021-11-12 22:26:00,40.88214,-73.904305,0,0,Unspecified,4477232,18.5,8.9,15.0,15.0,0.0,7.0,63,39.8,74.5,174,Rain: Moderate,0,0,
88392,2021-11-12 08:35:00,40.85799,-73.86201,0,0,Unspecified,4476609,18.5,8.9,15.0,15.0,0.0,7.0,63,39.8,74.5,174,Rain: Moderate,0,0,
88393,2021-11-10 16:04:00,40.74118,-73.94229,1,0,Failure to Yield Right-of-Way,4476153,17.2,7.8,0.3,0.3,0.0,1.0,51,20.7,38.5,318,Drizzle: Light,1,1,
88394,2021-11-10 16:30:00,40.71,-74.00729,0,0,Alcohol Involvement,4477076,17.2,7.8,0.3,0.3,0.0,1.0,51,20.7,38.5,318,Drizzle: Light,0,0,
88395,2021-11-10 15:00:00,40.833435,-73.94534,1,0,Driver Inexperience,4476552,17.2,7.8,0.3,0.3,0.0,1.0,51,20.7,38.5,318,Drizzle: Light,1,1,
88396,2021-11-10 18:30:00,40.707306,-73.75122,1,0,Unspecified,4476092,17.2,7.8,0.3,0.3,0.0,1.0,51,20.7,38.5,318,Drizzle: Light,1,1,
88397,2021-11-10 17:53:00,40.73927,-73.933716,0,0,Driver Inattention/Distraction,4476154,17.2,7.8,0.3,0.3,0.0,1.0,51,20.7,38.5,318,Drizzle: Light,0,0,
88398,2021-10-31 11:35:00,40.755554,-73.885376,0,0,View Obstructed/Limited,4476846,18.3,12.5,3.7,3.7,0.0,8.0,55,22.9,41.0,268,Drizzle: Dense,0,0,
88399,2021-11-01 16:09:00,40.75361,-73.90393,0,0,Physical Disability,4476567,14.4,8.0,0.0,0.0,0.0,0.0,3,20.7,38.5,278,Overcast,0,0,
88400,2021-11-10 09:30:00,40.73937,-73.79189,0,0,Following Too Closely,4476131,17.2,7.8,0.3,0.3,0.0,1.0,51,20.7,38.5,318,Drizzle: Light,0,0,
88401,2021-11-11 17:05:00,40.75332,-73.972595,1,0,Driver Inattention/Distraction,4476352,15.0,4.2,0.3,0.3,0.0,2.0,51,22.6,38.2,85,Drizzle: Light,1,1,
88402,2021-11-12 10:00:00,40.755566,-73.79172,0,0,Pavement Slippery,4476584,18.5,8.9,15.0,15.0,0.0,7.0,63,39.8,74.5,174,Rain: Moderate,0,0,
88403,2021-11-10 00:40:00,40.707645,-73.947845,0,0,Driver Inattention/Distraction,4475769,17.2,7.8,0.3,0.3,0.0,1.0,51,20.7,38.5,318,Drizzle: Light,0,0,
88404,2021-11-10 21:30:00,40.74498,-73.89325,0,0,Driver Inattention/Distraction,4476387,17.2,7.8,0.3,0.3,0.0,1.0,51,20.7,38.5,318,Drizzle: Light,0,0,
88405,2021-11-11 23:24:00,40.901062,-73.86157,0,0,Failure to Yield Right-of-Way,4477202,15.0,4.2,0.3,0.3,0.0,2.0,51,22.6,38.2,85,Drizzle: Light,0,0,
88406,2021-11-11 23:46:00,40.810974,-73.95098,0,0,Driver Inattention/Distraction,4476663,15.0,4.2,0.3,0.3,0.0,2.0,51,22.6,38.2,85,Drizzle: Light,0,0,
88407,2021-11-11 08:00:00,40.766815,-73.83038,0,0,Driver Inexperience,4476683,15.0,4.2,0.3,0.3,0.0,2.0,51,22.6,38.2,85,Drizzle: Light,0,0,
88408,2021-11-11 18:25:00,40.759686,-73.77183,0,0,Unspecified,4476451,15.0,4.2,0.3,0.3,0.0,2.0,51,22.6,38.2,85,Drizzle: Light,0,0,
88409,2021-11-10 00:00:00,40.66446,-73.954544,0,0,Backing Unsafely,4476064,17.2,7.8,0.3,0.3,0.0,1.0,51,20.7,38.5,318,Drizzle: Light,0,0,
88410,2021-11-10 21:00:00,40.714596,-73.76279,0,0,Failure to Keep Right,4476292,17.2,7.8,0.3,0.3,0.0,1.0,51,20.7,38.5,318,Drizzle: Light,0,0,
88411,2021-11-11 22:55:00,40.680027,-73.83997,1,0,Failure to Yield Right-of-Way,4476446,15.0,4.2,0.3,0.3,0.0,2.0,51,22.6,38.2,85,Drizzle: Light,1,1,
88412,2021-11-11 08:40:00,40.656693,-73.89464,0,0,Following Too Closely,4476328,15.0,4.2,0.3,0.3,0.0,2.0,51,22.6,38.2,85,Drizzle: Light,0,0,
88413,2021-11-11 19:15:00,40.84409,-73.86571,2,0,Other Vehicular,4476608,15.0,4.2,0.3,0.3,0.0,2.0,51,22.6,38.2,85,Drizzle: Light,2,2,
88414,2021-11-10 06:12:00,40.881992,-73.8702,1,0,Unspecified,4475865,17.2,7.8,0.3,0.3,0.0,1.0,51,20.7,38.5,318,Drizzle: Light,1,1,
88415,2021-11-12 09:25:00,40.699657,-73.95121,0,0,Driver Inattention/Distraction,4477335,18.5,8.9,15.0,15.0,0.0,7.0,63,39.8,74.5,174,Rain: Moderate,0,0,
88416,2021-11-11 17:19:00,40.74764,-73.97382,0,0,Oversized Vehicle,4476357,15.0,4.2,0.3,0.3,0.0,2.0,51,22.6,38.2,85,Drizzle: Light,0,0,
88417,2021-11-10 16:15:00,40.761993,-73.75849,0,0,Driver Inattention/Distraction,4476045,17.2,7.8,0.3,0.3,0.0,1.0,51,20.7,38.5,318,Drizzle: Light,0,0,
88418,2021-11-10 12:10:00,40.750717,-73.85877,1,0,Unspecified,4476134,17.2,7.8,0.3,0.3,0.0,1.0,51,20.7,38.5,318,Drizzle: Light,1,1,
88419,2021-11-10 16:30:00,40.842384,-73.903915,0,0,Turning Improperly,4476668,17.2,7.8,0.3,0.3,0.0,1.0,51,20.7,38.5,318,Drizzle: Light,0,0,
88420,2021-11-12 08:15:00,40.69993,-73.96188,1,0,Driver Inexperience,4477409,18.5,8.9,15.0,15.0,0.0,7.0,63,39.8,74.5,174,Rain: Moderate,1,1,
88421,2021-11-11 15:50:00,40.691307,-73.91326,1,0,Unspecified,4476595,15.0,4.2,0.3,0.3,0.0,2.0,51,22.6,38.2,85,Drizzle: Light,1,1,
88422,2021-11-11 18:00:00,40.779324,-73.775604,0,0,Failure to Yield Right-of-Way,4476685,15.0,4.2,0.3,0.3,0.0,2.0,51,22.6,38.2,85,Drizzle: Light,0,0,
88423,2021-11-07 00:45:00,40.761703,-73.88175,0,0,Driver Inattention/Distraction,4476847,12.1,2.6,0.0,0.0,0.0,0.0,3,10.0,20.5,358,Overcast,0,0,
88424,2021-11-11 19:45:00,40.750732,-73.87312,1,0,Failure to Yield Right-of-Way,4476702,15.0,4.2,0.3,0.3,0.0,2.0,51,22.6,38.2,85,Drizzle: Light,1,1,
88425,2021-11-12 11:15:00,40.743767,-73.83748,0,0,Unspecified,4477112,18.5,8.9,15.0,15.0,0.0,7.0,63,39.8,74.5,174,Rain: Moderate,0,0,
88426,2021-10-30 12:00:00,40.76531,-73.908325,0,0,Unspecified,4477351,17.8,12.0,7.8,7.8,0.0,16.0,61,38.5,68.0,112,Rain: Light,0,0,
88427,2021-11-11 00:12:00,40.719933,-73.97876,2,0,Failure to Yield Right-of-Way,4476085,15.0,4.2,0.3,0.3,0.0,2.0,51,22.6,38.2,85,Drizzle: Light,2,2,
88428,2021-11-11 09:10:00,40.615993,-73.99717,0,0,Driver Inattention/Distraction,4476286,15.0,4.2,0.3,0.3,0.0,2.0,51,22.6,38.2,85,Drizzle: Light,0,0,
88429,2021-11-07 22:25:00,40.755405,-73.97949,1,0,Driver Inattention/Distraction,4477051,12.1,2.6,0.0,0.0,0.0,0.0,3,10.0,20.5,358,Overcast,1,1,
88430,2021-11-06 00:00:00,40.79293,-73.94791,0,0,Passing or Lane Usage Improper,4476537,10.5,3.4,0.0,0.0,0.0,0.0,0,9.5,17.6,61,Clear sky,0,0,Sunny/Clear Conditions
88431,2021-11-11 14:15:00,40.694813,-73.98328,0,0,Passing Too Closely,4476307,15.0,4.2,0.3,0.3,0.0,2.0,51,22.6,38.2,85,Drizzle: Light,0,0,
88432,2021-11-11 12:57:00,40.759197,-73.98463,1,0,Passing or Lane Usage Improper,4476522,15.0,4.2,0.3,0.3,0.0,2.0,51,22.6,38.2,85,Drizzle: Light,1,1,
88433,2021-11-10 16:58:00,40.818733,-73.81338,0,0,Unspecified,4476690,17.2,7.8,0.3,0.3,0.0,1.0,51,20.7,38.5,318,Drizzle: Light,0,0,
88434,2021-10-25 18:00:00,40.76541,-73.92151,0,0,Unspecified,4476971,22.8,13.5,10.7,10.7,0.0,8.0,63,18.9,33.5,172,Rain: Moderate,0,0,
88435,2022-07-09 09:00:00,40.687782,-73.91907,0,0,Driver Inattention/Distraction,4544886,30.0,20.5,0.0,0.0,0.0,0.0,3,20.7,43.9,63,Overcast,0,0,
88436,2021-11-11 13:30:00,40.706596,-73.94309,0,0,Passing or Lane Usage Improper,4476480,15.0,4.2,0.3,0.3,0.0,2.0,51,22.6,38.2,85,Drizzle: Light,0,0,
88437,2021-11-10 10:06:00,40.723213,-73.89412,1,0,Following Too Closely,4477131,17.2,7.8,0.3,0.3,0.0,1.0,51,20.7,38.5,318,Drizzle: Light,1,1,
88438,2021-11-10 17:40:00,40.67258,-73.89122,0,0,Failure to Yield Right-of-Way,4477317,17.2,7.8,0.3,0.3,0.0,1.0,51,20.7,38.5,318,Drizzle: Light,0,0,
88439,2021-11-12 17:00:00,40.825413,-73.923485,2,0,Following Too Closely,4477450,18.5,8.9,15.0,15.0,0.0,7.0,63,39.8,74.5,174,Rain: Moderate,2,2,
88440,2021-11-11 20:00:00,40.668667,-73.868324,0,0,Other Vehicular,4477291,15.0,4.2,0.3,0.3,0.0,2.0,51,22.6,38.2,85,Drizzle: Light,0,0,
88441,2021-11-12 10:00:00,40.7347,-73.98094,0,0,Unspecified,4477031,18.5,8.9,15.0,15.0,0.0,7.0,63,39.8,74.5,174,Rain: Moderate,0,0,
88442,2021-11-12 09:51:00,40.702858,-73.863625,1,0,Driver Inexperience,4477149,18.5,8.9,15.0,15.0,0.0,7.0,63,39.8,74.5,174,Rain: Moderate,1,1,
88443,2021-11-11 22:00:00,40.76161,-73.760765,0,0,Unspecified,4477084,15.0,4.2,0.3,0.3,0.0,2.0,51,22.6,38.2,85,Drizzle: Light,0,0,
88444,2021-11-11 15:55:00,40.6898,-73.97805,0,0,Driver Inattention/Distraction,4476441,15.0,4.2,0.3,0.3,0.0,2.0,51,22.6,38.2,85,Drizzle: Light,0,0,
88445,2021-11-11 11:55:00,40.779037,-73.805115,1,0,Failure to Yield Right-of-Way,4476382,15.0,4.2,0.3,0.3,0.0,2.0,51,22.6,38.2,85,Drizzle: Light,1,1,
88446,2021-11-12 19:00:00,40.617817,-74.03339,1,0,Driver Inattention/Distraction,4477227,18.5,8.9,15.0,15.0,0.0,7.0,63,39.8,74.5,174,Rain: Moderate,1,1,
88447,2021-11-11 12:01:00,40.62764,-73.99657,0,0,Unspecified,4476501,15.0,4.2,0.3,0.3,0.0,2.0,51,22.6,38.2,85,Drizzle: Light,0,0,
88448,2021-11-10 08:49:00,40.666386,-73.80178,1,0,Following Too Closely,4475960,17.2,7.8,0.3,0.3,0.0,1.0,51,20.7,38.5,318,Drizzle: Light,1,1,
88449,2021-11-10 13:35:00,40.888454,-73.84197,0,0,Turning Improperly,4475983,17.2,7.8,0.3,0.3,0.0,1.0,51,20.7,38.5,318,Drizzle: Light,0,0,
88450,2021-11-11 10:41:00,40.72921,-73.781166,0,0,Driver Inattention/Distraction,4476754,15.0,4.2,0.3,0.3,0.0,2.0,51,22.6,38.2,85,Drizzle: Light,0,0,
88451,2021-11-10 18:50:00,40.670666,-73.80103,2,0,Driver Inattention/Distraction,4476202,17.2,7.8,0.3,0.3,0.0,1.0,51,20.7,38.5,318,Drizzle: Light,2,2,
88452,2021-11-05 17:30:00,40.652412,-73.95423,0,0,Driver Inexperience,4477143,10.7,3.2,0.0,0.0,0.0,0.0,0,14.8,30.2,1,Clear sky,0,0,Sunny/Clear Conditions
88453,2021-11-12 15:49:00,40.68668,-73.97937,1,0,Traffic Control Disregarded,4476717,18.5,8.9,15.0,15.0,0.0,7.0,63,39.8,74.5,174,Rain: Moderate,1,1,
88454,2021-11-12 08:45:00,40.609226,-73.94939,0,0,Driver Inattention/Distraction,4476548,18.5,8.9,15.0,15.0,0.0,7.0,63,39.8,74.5,174,Rain: Moderate,0,0,
88455,2021-11-11 09:30:00,40.716057,-73.745255,1,0,Failure to Yield Right-of-Way,4476436,15.0,4.2,0.3,0.3,0.0,2.0,51,22.6,38.2,85,Drizzle: Light,1,1,
88456,2021-11-10 19:10:00,40.71659,-73.74293,0,0,Unspecified,4476059,17.2,7.8,0.3,0.3,0.0,1.0,51,20.7,38.5,318,Drizzle: Light,0,0,
88457,2021-11-12 07:38:00,40.617523,-73.94222,0,0,Unspecified,4476580,18.5,8.9,15.0,15.0,0.0,7.0,63,39.8,74.5,174,Rain: Moderate,0,0,
88458,2021-11-10 14:00:00,40.884842,-73.86416,0,0,Unspecified,4476267,17.2,7.8,0.3,0.3,0.0,1.0,51,20.7,38.5,318,Drizzle: Light,0,0,
88459,2021-08-26 00:00:00,40.804905,-73.91883,0,0,Unspecified,4476563,31.8,22.8,0.1,0.1,0.0,1.0,51,14.8,29.2,228,Drizzle: Light,0,0,
88460,2021-11-05 06:10:00,40.685463,-73.9506,0,0,Driver Inattention/Distraction,4476799,10.7,3.2,0.0,0.0,0.0,0.0,0,14.8,30.2,1,Clear sky,0,0,Sunny/Clear Conditions
88461,2021-11-12 07:40:00,40.687935,-73.9154,0,0,Following Too Closely,4476585,18.5,8.9,15.0,15.0,0.0,7.0,63,39.8,74.5,174,Rain: Moderate,0,0,
88462,2021-11-11 07:45:00,40.823956,-73.877144,0,0,Driver Inattention/Distraction,4476400,15.0,4.2,0.3,0.3,0.0,2.0,51,22.6,38.2,85,Drizzle: Light,0,0,
88463,2021-11-12 20:30:00,40.59582,-73.98373,0,0,Driver Inattention/Distraction,4477100,18.5,8.9,15.0,15.0,0.0,7.0,63,39.8,74.5,174,Rain: Moderate,0,0,
88464,2021-11-10 10:00:00,40.687546,-73.8208,1,0,Backing Unsafely,4475934,17.2,7.8,0.3,0.3,0.0,1.0,51,20.7,38.5,318,Drizzle: Light,1,1,
88465,2021-11-11 01:00:00,40.72773,-73.90674,0,0,Driver Inexperience,4476158,15.0,4.2,0.3,0.3,0.0,2.0,51,22.6,38.2,85,Drizzle: Light,0,0,
88466,2021-11-11 02:50:00,40.73781,-73.929245,0,0,Driver Inattention/Distraction,4476212,15.0,4.2,0.3,0.3,0.0,2.0,51,22.6,38.2,85,Drizzle: Light,0,0,
88467,2021-11-12 20:50:00,40.747086,-73.8813,0,0,Passing Too Closely,4477136,18.5,8.9,15.0,15.0,0.0,7.0,63,39.8,74.5,174,Rain: Moderate,0,0,
88468,2021-11-12 07:00:00,40.67308,-73.91124,0,0,Unspecified,4476998,18.5,8.9,15.0,15.0,0.0,7.0,63,39.8,74.5,174,Rain: Moderate,0,0,