,CRASH DATETIME,LATITUDE,LONGITUDE,NUMBER OF PERSONS INJURED,NUMBER OF PERSONS KILLED,CONTRIBUTING FACTOR VEHICLE 1,COLLISION_ID,temperature_2m_max,temperature_2m_min,precipitation_sum,rain_sum,snowfall_sum,precipitation_hours,weather_code,wind_speed_10m_max,wind_gusts_10m_max,wind_direction_10m_dominant,Weather Description,Severity_Score,Total_Affected_Persons,Weather_Category
88469,2021-11-10 06:30:00,40.66584,-73.75551,1,0,Driver Inattention/Distraction,4475974,17.2,7.8,0.3,0.3,0.0,1.0,51,20.7,38.5,318,Drizzle: Light,1,1,
88470,2021-11-10 19:30:00,40.618973,-74.00523,1,0,Turning Improperly,4476095,17.2,7.8,0.3,0.3,0.0,1.0,51,20.7,38.5,318,Drizzle: Light,1,1,
88471,2021-11-12 22:05:00,40.67937,-73.886444,0,0,Failure to Yield Right-of-Way,4477323,18.5,8.9,15.0,15.0,0.0,7.0,63,39.8,74.5,174,Rain: Moderate,0,0,
88472,2021-11-10 21:00:00,40.822533,-73.88509,0,0,Unspecified,4476623,17.2,7.8,0.3,0.3,0.0,1.0,51,20.7,38.5,318,Drizzle: Light,0,0,
88473,2021-11-10 18:15:00,40.681686,-73.87157,0,0,Failure to Yield Right-of-Way,4476323,17.2,7.8,0.3,0.3,0.0,1.0,51,20.7,38.5,318,Drizzle: Light,0,0,
88474,2021-11-04 15:40:00,0.0,0.0,0,0,Passing or Lane Usage Improper,4477199,9.9,3.0,0.0,0.0,0.0,0.0,3,10.8,21.2,5,Overcast,0,0,
88475,2021-11-07 17:30:00,40.759525,-73.87947,0,0,Backing Unsafely,4476722,12.1,2.6,0.0,0.0,0.0,0.0,3,10.0,20.5,358,Overcast,0,0,
88476,2021-11-09 10:20:00,40.79439,-73.94151,1,0,Unsafe Lane Changing,4476640,19.5,5.6,0.0,0.0,0.0,0.0,3,10.2,20.2,283,Overcast,1,1,
88477,2021-11-10 08:15:00,40.669712,-73.94774,0,0,Driver Inattention/Distraction,4476365,17.2,7.8,0.3,0.3,0.0,1.0,51,20.7,38.5,318,Drizzle: Light,0,0,
88478,2021-11-11 09:00:00,40.61709,-73.91895,0,0,Failure to Yield Right-of-Way,4476281,15.0,4.2,0.3,0.3,0.0,2.0,51,22.6,38.2,85,Drizzle: Light,0,0,
88479,2021-11-12 05:55:00,40.76779,-73.98754,1,0,Unspecified,4476517,18.5,8.9,15.0,15.0,0.0,7.0,63,39.8,74.5,174,Rain: Moderate,1,1,
88480,2021-11-10 13:00:00,40.68667,-73.84321,0,0,Driver Inexperience,4476051,17.2,7.8,0.3,0.3,0.0,1.0,51,20.7,38.5,318,Drizzle: Light,0,0,
88481,2021-11-12 21:18:00,40.76536,-73.98759,1,0,Driver Inattention/Distraction,4476788,18.5,8.9,15.0,15.0,0.0,7.0,63,39.8,74.5,174,Rain: Moderate,1,1,
88482,2021-11-12 17:33:00,40.580894,-73.83989,0,0,Illnes,4477257,18.5,8.9,15.0,15.0,0.0,7.0,63,39.8,74.5,174,Rain: Moderate,0,0,
88483,2021-11-12 08:50:00,40.697315,-73.932274,1,0,Following Too Closely,4476591,18.5,8.9,15.0,15.0,0.0,7.0,63,39.8,74.5,174,Rain: Moderate,1,1,
88484,2021-11-10 15:20:00,40.676537,-73.807236,2,0,Turning Improperly,4476101,17.2,7.8,0.3,0.3,0.0,1.0,51,20.7,38.5,318,Drizzle: Light,2,2,
88485,2021-11-10 07:40:00,40.829422,-73.9319,2,0,Following Too Closely,4476470,17.2,7.8,0.3,0.3,0.0,1.0,51,20.7,38.5,318,Drizzle: Light,2,2,
88486,2021-10-29 14:21:00,40.657387,-73.945885,1,0,Failure to Yield Right-of-Way,4476854,13.8,8.3,9.3,9.3,0.0,5.0,63,40.9,73.8,78,Rain: Moderate,1,1,
88487,2021-11-12 15:01:00,40.688778,-73.786446,0,0,Unspecified,4476739,18.5,8.9,15.0,15.0,0.0,7.0,63,39.8,74.5,174,Rain: Moderate,0,0,
88488,2021-11-12 14:00:00,40.713264,-73.87233,1,0,Failure to Yield Right-of-Way,4477154,18.5,8.9,15.0,15.0,0.0,7.0,63,39.8,74.5,174,Rain: Moderate,1,1,
88489,2021-10-30 08:22:00,40.676598,-73.88163,0,0,Alcohol Involvement,4477286,17.8,12.0,7.8,7.8,0.0,16.0,61,38.5,68.0,112,Rain: Light,0,0,
88490,2021-11-11 03:59:00,40.814575,-73.814896,0,0,Unspecified,4476649,15.0,4.2,0.3,0.3,0.0,2.0,51,22.6,38.2,85,Drizzle: Light,0,0,
88491,2021-11-12 14:31:00,40.6228,-74.08526,1,0,Driver Inattention/Distraction,4477046,18.5,8.9,15.0,15.0,0.0,7.0,63,39.8,74.5,174,Rain: Moderate,1,1,
88492,2021-11-12 22:34:00,40.787914,-73.841965,2,0,Failure to Yield Right-of-Way,4476886,18.5,8.9,15.0,15.0,0.0,7.0,63,39.8,74.5,174,Rain: Moderate,2,2,
88493,2021-11-12 17:45:00,40.66885,-73.91635,0,0,Unspecified,4476960,18.5,8.9,15.0,15.0,0.0,7.0,63,39.8,74.5,174,Rain: Moderate,0,0,
88494,2021-11-11 14:35:00,40.645283,-73.9025,0,0,Unspecified,4476612,15.0,4.2,0.3,0.3,0.0,2.0,51,22.6,38.2,85,Drizzle: Light,0,0,
88495,2021-11-12 15:00:00,40.71617,-73.95952,1,0,Driver Inattention/Distraction,4477188,18.5,8.9,15.0,15.0,0.0,7.0,63,39.8,74.5,174,Rain: Moderate,1,1,
88496,2021-11-11 18:07:00,40.63803,-73.99258,1,0,Unspecified,4477479,15.0,4.2,0.3,0.3,0.0,2.0,51,22.6,38.2,85,Drizzle: Light,1,1,
88497,2021-11-11 18:04:00,40.59922,-74.09173,0,0,Turning Improperly,4476423,15.0,4.2,0.3,0.3,0.0,2.0,51,22.6,38.2,85,Drizzle: Light,0,0,
88498,2021-11-10 18:40:00,40.80117,-73.961464,0,0,Passing Too Closely,4476311,17.2,7.8,0.3,0.3,0.0,1.0,51,20.7,38.5,318,Drizzle: Light,0,0,
88499,2021-11-11 17:57:00,40.618874,-74.13753,0,0,Driver Inattention/Distraction,4476675,15.0,4.2,0.3,0.3,0.0,2.0,51,22.6,38.2,85,Drizzle: Light,0,0,
88500,2021-11-11 12:34:00,40.7441,-73.99565,1,0,Driver Inattention/Distraction,4477024,15.0,4.2,0.3,0.3,0.0,2.0,51,22.6,38.2,85,Drizzle: Light,1,1,
88501,2021-11-12 17:15:00,40.726135,-73.76318,1,0,Driver Inexperience,4476734,18.5,8.9,15.0,15.0,0.0,7.0,63,39.8,74.5,174,Rain: Moderate,1,1,
88502,2021-11-12 08:40:00,40.785324,-73.80568,1,0,Following Too Closely,4476920,18.5,8.9,15.0,15.0,0.0,7.0,63,39.8,74.5,174,Rain: Moderate,1,1,
88503,2021-11-11 20:00:00,40.697582,-73.94965,0,0,Driver Inattention/Distraction,4477247,15.0,4.2,0.3,0.3,0.0,2.0,51,22.6,38.2,85,Drizzle: Light,0,0,
88504,2021-11-10 11:19:00,40.772343,-73.95269,0,0,Passing or Lane Usage Improper,4476456,17.2,7.8,0.3,0.3,0.0,1.0,51,20.7,38.5,318,Drizzle: Light,0,0,
88505,2021-11-12 13:26:00,40.786724,-73.94822,0,0,Unspecified,4476828,18.5,8.9,15.0,15.0,0.0,7.0,63,39.8,74.5,174,Rain: Moderate,0,0,
88506,2021-11-09 07:44:00,40.803272,-73.918884,3,0,Other Vehicular,4477438,19.5,5.6,0.0,0.0,0.0,0.0,3,10.2,20.2,283,Overcast,3,3,
88507,2021-11-10 09:25:00,40.60242,-73.99459,0,0,Failure to Yield Right-of-Way,4476192,17.2,7.8,0.3,0.3,0.0,1.0,51,20.7,38.5,318,Drizzle: Light,0,0,
88508,2021-11-12 00:00:00,40.653282,-74.008766,0,0,Unspecified,4476775,18.5,8.9,15.0,15.0,0.0,7.0,63,39.8,74.5,174,Rain: Moderate,0,0,
88509,2021-11-12 13:45:00,40.66381,-73.91117,2,0,Failure to Yield Right-of-Way,4476994,18.5,8.9,15.0,15.0,0.0,7.0,63,39.8,74.5,174,Rain: Moderate,2,2,
88510,2021-11-08 03:19:00,40.74091,-73.83727,3,0,Unspecified,4477487,16.5,6.4,0.0,0.0,0.0,0.0,3,17.4,33.8,355,Overcast,3,3,
88511,2021-11-10 06:07:00,40.719738,-73.78574,0,0,Unspecified,4475886,17.2,7.8,0.3,0.3,0.0,1.0,51,20.7,38.5,318,Drizzle: Light,0,0,
88512,2021-11-12 07:50:00,40.681767,-73.96754,0,0,Passing or Lane Usage Improper,4476544,18.5,8.9,15.0,15.0,0.0,7.0,63,39.8,74.5,174,Rain: Moderate,0,0,
88513,2021-11-10 08:30:00,40.59302,-73.793274,0,0,Failure to Yield Right-of-Way,4476029,17.2,7.8,0.3,0.3,0.0,1.0,51,20.7,38.5,318,Drizzle: Light,0,0,
88514,2021-11-10 11:30:00,40.801765,-73.93723,1,0,Failure to Yield Right-of-Way,4476511,17.2,7.8,0.3,0.3,0.0,1.0,51,20.7,38.5,318,Drizzle: Light,1,1,
88515,2021-11-10 16:04:00,40.60461,-73.99826,0,0,Driver Inattention/Distraction,4476218,17.2,7.8,0.3,0.3,0.0,1.0,51,20.7,38.5,318,Drizzle: Light,0,0,
88516,2021-11-12 20:00:00,40.681515,-73.90412,1,0,Failure to Yield Right-of-Way,4476749,18.5,8.9,15.0,15.0,0.0,7.0,63,39.8,74.5,174,Rain: Moderate,1,1,
88517,2021-11-10 07:55:00,40.57557,-73.981224,1,0,Failure to Yield Right-of-Way,4476166,17.2,7.8,0.3,0.3,0.0,1.0,51,20.7,38.5,318,Drizzle: Light,1,1,
88518,2021-11-12 08:38:00,40.892952,-73.89665,2,0,Passing or Lane Usage Improper,4477237,18.5,8.9,15.0,15.0,0.0,7.0,63,39.8,74.5,174,Rain: Moderate,2,2,
88519,2021-11-11 17:15:00,40.64507,-73.95803,0,0,Unspecified,4476770,15.0,4.2,0.3,0.3,0.0,2.0,51,22.6,38.2,85,Drizzle: Light,0,0,
88520,2021-11-07 21:30:00,0.0,0.0,0,0,Passing Too Closely,4477093,12.1,2.6,0.0,0.0,0.0,0.0,3,10.0,20.5,358,Overcast,0,0,
88521,2021-11-08 22:00:00,40.692078,-73.810196,2,0,Unsafe Lane Changing,4476576,16.5,6.4,0.0,0.0,0.0,0.0,3,17.4,33.8,355,Overcast,2,2,
88522,2021-11-09 08:50:00,40.76248,-73.90732,2,0,Traffic Control Disregarded,4476655,19.5,5.6,0.0,0.0,0.0,0.0,3,10.2,20.2,283,Overcast,2,2,
88523,2021-11-11 22:00:00,40.69497,-73.93958,0,0,Driver Inattention/Distraction,4477220,15.0,4.2,0.3,0.3,0.0,2.0,51,22.6,38.2,85,Drizzle: Light,0,0,
88524,2021-11-10 23:50:00,40.667015,-73.9313,0,0,Unspecified,4476117,17.2,7.8,0.3,0.3,0.0,1.0,51,20.7,38.5,318,Drizzle: Light,0,0,
88525,2021-11-11 18:38:00,40.809105,-73.9229,1,0,,4476469,15.0,4.2,0.3,0.3,0.0,2.0,51,22.6,38.2,85,Drizzle: Light,1,1,
88526,2021-11-12 11:17:00,40.66172,-74.00011,0,0,Driver Inattention/Distraction,4476627,18.5,8.9,15.0,15.0,0.0,7.0,63,39.8,74.5,174,Rain: Moderate,0,0,
88527,2021-11-11 16:10:00,40.65694,-73.952614,0,0,Unspecified,4476370,15.0,4.2,0.3,0.3,0.0,2.0,51,22.6,38.2,85,Drizzle: Light,0,0,
88528,2021-11-11 19:50:00,40.65414,-73.88732,3,0,Other Vehicular,4477280,15.0,4.2,0.3,0.3,0.0,2.0,51,22.6,38.2,85,Drizzle: Light,3,3,
88529,2021-11-10 14:45:00,40.72717,-73.937164,0,0,Driver Inattention/Distraction,4476144,17.2,7.8,0.3,0.3,0.0,1.0,51,20.7,38.5,318,Drizzle: Light,0,0,
88530,2021-11-10 14:33:00,40.668926,-73.88748,1,0,Failure to Yield Right-of-Way,4476318,17.2,7.8,0.3,0.3,0.0,1.0,51,20.7,38.5,318,Drizzle: Light,1,1,
88531,2021-11-10 12:50:00,40.676098,-73.98069,0,0,Failure to Yield Right-of-Way,4476489,17.2,7.8,0.3,0.3,0.0,1.0,51,20.7,38.5,318,Drizzle: Light,0,0,
88532,2021-11-04 23:00:00,40.769657,-73.9309,0,0,Driver Inattention/Distraction,4477378,9.9,3.0,0.0,0.0,0.0,0.0,3,10.8,21.2,5,Overcast,0,0,
88533,2021-11-06 18:00:00,40.6338,-73.8897,0,0,Unspecified,4476710,10.5,3.4,0.0,0.0,0.0,0.0,0,9.5,17.6,61,Clear sky,0,0,Sunny/Clear Conditions
88534,2021-10-28 17:00:00,40.57568,-73.95518,0,0,Backing Unsafely,4477040,15.2,7.9,0.0,0.0,0.0,0.0,3,19.1,34.6,28,Overcast,0,0,
88535,2021-11-10 18:30:00,40.883736,-73.8308,1,0,Failure to Yield Right-of-Way,4476268,17.2,7.8,0.3,0.3,0.0,1.0,51,20.7,38.5,318,Drizzle: Light,1,1,
88536,2021-11-12 13:15:00,40.58945,-73.960526,1,0,Turning Improperly,4476693,18.5,8.9,15.0,15.0,0.0,7.0,63,39.8,74.5,174,Rain: Moderate,1,1,
88537,2021-11-12 19:40:00,40.809563,-73.92923,0,0,Unspecified,4476861,18.5,8.9,15.0,15.0,0.0,7.0,63,39.8,74.5,174,Rain: Moderate,0,0,
88538,2021-11-06 18:00:00,40.659702,-73.8786,0,0,Unspecified,4477298,10.5,3.4,0.0,0.0,0.0,0.0,0,9.5,17.6,61,Clear sky,0,0,Sunny/Clear Conditions
88539,2021-11-06 17:31:00,40.78202,-73.97173,0,0,Driver Inattention/Distraction,4476896,10.5,3.4,0.0,0.0,0.0,0.0,0,9.5,17.6,61,Clear sky,0,0,Sunny/Clear Conditions
88540,2021-11-12 11:50:00,40.73169,-73.80509,1,0,Driver Inattention/Distraction,4476632,18.5,8.9,15.0,15.0,0.0,7.0,63,39.8,74.5,174,Rain: Moderate,1,1,
88541,2021-11-12 23:05:00,40.635475,-73.89156,3,0,Unsafe Speed,4476813,18.5,8.9,15.0,15.0,0.0,7.0,63,39.8,74.5,174,Rain: Moderate,3,3,
88542,2021-11-12 14:00:00,40.70789,-73.84652,0,0,Unsafe Speed,4476682,18.5,8.9,15.0,15.0,0.0,7.0,63,39.8,74.5,174,Rain: Moderate,0,0,
88543,2021-11-11 10:22:00,40.585163,-73.95641,0,0,Following Too Closely,4476806,15.0,4.2,0.3,0.3,0.0,2.0,51,22.6,38.2,85,Drizzle: Light,0,0,
88544,2021-11-12 13:25:00,40.857414,-73.84662,0,0,Backing Unsafely,4476645,18.5,8.9,15.0,15.0,0.0,7.0,63,39.8,74.5,174,Rain: Moderate,0,0,
88545,2021-11-04 17:45:00,40.75053,-73.876884,0,0,Driver Inattention/Distraction,4476746,9.9,3.0,0.0,0.0,0.0,0.0,3,10.8,21.2,5,Overcast,0,0,
88546,2021-11-04 20:18:00,40.77929,-73.98114,1,0,Driver Inattention/Distraction,4476882,9.9,3.0,0.0,0.0,0.0,0.0,3,10.8,21.2,5,Overcast,1,1,
88547,2021-11-11 10:30:00,40.602802,-73.745705,0,0,Unspecified,4477471,15.0,4.2,0.3,0.3,0.0,2.0,51,22.6,38.2,85,Drizzle: Light,0,0,
88548,2021-11-12 13:00:00,40.70855,-73.78827,0,0,Unspecified,4476703,18.5,8.9,15.0,15.0,0.0,7.0,63,39.8,74.5,174,Rain: Moderate,0,0,
88549,2021-11-10 22:00:00,40.741272,-73.97535,1,0,Driver Inattention/Distraction,4476299,17.2,7.8,0.3,0.3,0.0,1.0,51,20.7,38.5,318,Drizzle: Light,1,1,
88550,2021-11-04 13:45:00,40.84506,-73.91309,2,0,Driver Inattention/Distraction,4476949,9.9,3.0,0.0,0.0,0.0,0.0,3,10.8,21.2,5,Overcast,2,2,
88551,2021-11-12 09:05:00,40.7621,-73.97881,0,0,Failure to Yield Right-of-Way,4476785,18.5,8.9,15.0,15.0,0.0,7.0,63,39.8,74.5,174,Rain: Moderate,0,0,
88552,2021-11-10 23:37:00,40.86967,-73.86527,0,0,Unsafe Speed,4476549,17.2,7.8,0.3,0.3,0.0,1.0,51,20.7,38.5,318,Drizzle: Light,0,0,
88553,2021-11-10 18:30:00,40.79505,-73.93317,1,0,Driver Inattention/Distraction,4476825,17.2,7.8,0.3,0.3,0.0,1.0,51,20.7,38.5,318,Drizzle: Light,1,1,
88554,2021-11-12 13:20:00,40.643463,-73.9849,0,0,Driver Inattention/Distraction,4477495,18.5,8.9,15.0,15.0,0.0,7.0,63,39.8,74.5,174,Rain: Moderate,0,0,
88555,2021-10-25 16:00:00,40.843304,-73.91919,0,0,Backing Unsafely,4476941,22.8,13.5,10.7,10.7,0.0,8.0,63,18.9,33.5,172,Rain: Moderate,0,0,
88556,2021-11-02 11:15:00,40.76217,-73.7568,0,0,Following Too Closely,4476671,11.4,7.0,0.6,0.6,0.0,4.0,51,14.1,28.1,271,Drizzle: Light,0,0,
88557,2021-11-11 09:30:00,40.66503,-73.77696,0,0,Passing Too Closely,4477016,15.0,4.2,0.3,0.3,0.0,2.0,51,22.6,38.2,85,Drizzle: Light,0,0,
88558,2021-11-12 10:14:00,40.85839,-73.856804,1,0,Failure to Yield Right-of-Way,4476839,18.5,8.9,15.0,15.0,0.0,7.0,63,39.8,74.5,174,Rain: Moderate,1,1,
88559,2021-11-12 08:50:00,40.64793,-73.90679,0,0,Driver Inattention/Distraction,4476613,18.5,8.9,15.0,15.0,0.0,7.0,63,39.8,74.5,174,Rain: Moderate,0,0,
88560,2021-11-11 16:32:00,40.822697,-73.886444,0,0,Unspecified,4477492,15.0,4.2,0.3,0.3,0.0,2.0,51,22.6,38.2,85,Drizzle: Light,0,0,
88561,2021-11-11 08:20:00,40.773727,-73.89831,0,0,Passing Too Closely,4476231,15.0,4.2,0.3,0.3,0.0,2.0,51,22.6,38.2,85,Drizzle: Light,0,0,
88562,2021-11-12 08:55:00,40.66314,-73.88003,0,0,Passing Too Closely,4477318,18.5,8.9,15.0,15.0,0.0,7.0,63,39.8,74.5,174,Rain: Moderate,0,0,
88563,2021-11-11 17:27:00,40.603054,-74.00825,1,0,Unspecified,4476983,15.0,4.2,0.3,0.3,0.0,2.0,51,22.6,38.2,85,Drizzle: Light,1,1,
88564,2021-11-10 06:00:00,40.829536,-73.861176,0,0,Unspecified,4475903,17.2,7.8,0.3,0.3,0.0,1.0,51,20.7,38.5,318,Drizzle: Light,0,0,
88565,2021-11-10 09:00:00,40.723537,-73.9457,0,0,Backing Unsafely,4476150,17.2,7.8,0.3,0.3,0.0,1.0,51,20.7,38.5,318,Drizzle: Light,0,0,
88566,2021-11-10 10:06:00,40.702164,-73.88967,0,0,Passing or Lane Usage Improper,4475995,17.2,7.8,0.3,0.3,0.0,1.0,51,20.7,38.5,318,Drizzle: Light,0,0,
88567,2021-11-09 14:00:00,40.658657,-73.93766,0,0,Unspecified,4476527,19.5,5.6,0.0,0.0,0.0,0.0,3,10.2,20.2,283,Overcast,0,0,
88568,2021-11-12 11:50:00,40.765213,-73.78896,0,0,Unspecified,4476659,18.5,8.9,15.0,15.0,0.0,7.0,63,39.8,74.5,174,Rain: Moderate,0,0,
88569,2021-11-12 15:10:00,40.56467,-74.1156,1,0,Driver Inattention/Distraction,4476762,18.5,8.9,15.0,15.0,0.0,7.0,63,39.8,74.5,174,Rain: Moderate,1,1,
88570,2021-11-10 21:57:00,40.740543,-73.9382,0,0,Traffic Control Device Improper/Non-Working,4476155,17.2,7.8,0.3,0.3,0.0,1.0,51,20.7,38.5,318,Drizzle: Light,0,0,
88571,2021-11-10 10:20:00,40.657837,-73.95033,1,0,Driver Inattention/Distraction,4476063,17.2,7.8,0.3,0.3,0.0,1.0,51,20.7,38.5,318,Drizzle: Light,1,1,
88572,2021-11-10 15:24:00,40.72979,-73.948265,0,0,View Obstructed/Limited,4476149,17.2,7.8,0.3,0.3,0.0,1.0,51,20.7,38.5,318,Drizzle: Light,0,0,
88573,2021-11-10 08:00:00,40.642204,-73.991936,1,0,Unspecified,4476494,17.2,7.8,0.3,0.3,0.0,1.0,51,20.7,38.5,318,Drizzle: Light,1,1,
88574,2021-11-11 11:45:00,40.639256,-73.957924,0,0,Unspecified,4476332,15.0,4.2,0.3,0.3,0.0,2.0,51,22.6,38.2,85,Drizzle: Light,0,0,
88575,2021-11-10 19:13:00,40.61111,-73.9526,0,0,Failure to Yield Right-of-Way,4476112,17.2,7.8,0.3,0.3,0.0,1.0,51,20.7,38.5,318,Drizzle: Light,0,0,
88576,2021-11-10 21:10:00,40.84453,-73.901764,2,0,Unsafe Lane Changing,4476353,17.2,7.8,0.3,0.3,0.0,1.0,51,20.7,38.5,318,Drizzle: Light,2,2,
88577,2021-11-12 21:30:00,40.690693,-73.95728,0,0,Passing or Lane Usage Improper,4477110,18.5,8.9,15.0,15.0,0.0,7.0,63,39.8,74.5,174,Rain: Moderate,0,0,
88578,2021-11-10 04:10:00,40.673668,-73.84725,0,0,Driver Inattention/Distraction,4475776,17.2,7.8,0.3,0.3,0.0,1.0,51,20.7,38.5,318,Drizzle: Light,0,0,
88579,2021-10-08 09:00:00,40.70002,-73.801315,0,0,Driver Inattention/Distraction,4477402,23.7,14.5,0.0,0.0,0.0,0.0,3,13.0,22.3,94,Overcast,0,0,
88580,2021-11-11 10:15:00,40.695072,-73.9901,1,0,Turning Improperly,4476388,15.0,4.2,0.3,0.3,0.0,2.0,51,22.6,38.2,85,Drizzle: Light,1,1,
88581,2021-11-12 15:00:00,40.61018,-74.03548,0,0,Driver Inattention/Distraction,4476802,18.5,8.9,15.0,15.0,0.0,7.0,63,39.8,74.5,174,Rain: Moderate,0,0,
88582,2021-11-11 12:50:00,40.60728,-73.944214,0,0,Unspecified,4476516,15.0,4.2,0.3,0.3,0.0,2.0,51,22.6,38.2,85,Drizzle: Light,0,0,
88583,2021-11-07 04:59:00,40.677406,-73.9451,1,0,Fell Asleep,4477124,12.1,2.6,0.0,0.0,0.0,0.0,3,10.0,20.5,358,Overcast,1,1,
88584,2021-11-11 08:55:00,40.751698,-73.97669,0,0,Traffic Control Disregarded,4476291,15.0,4.2,0.3,0.3,0.0,2.0,51,22.6,38.2,85,Drizzle: Light,0,0,
88585,2021-11-10 18:00:00,40.80897,-73.94833,1,0,Driver Inattention/Distraction,4476664,17.2,7.8,0.3,0.3,0.0,1.0,51,20.7,38.5,318,Drizzle: Light,1,1,
88586,2021-11-11 19:36:00,40.63931,-73.89432,0,0,Unspecified,4476450,15.0,4.2,0.3,0.3,0.0,2.0,51,22.6,38.2,85,Drizzle: Light,0,0,
88587,2021-11-11 15:50:00,40.695114,-73.75898,2,0,Failure to Yield Right-of-Way,4477338,15.0,4.2,0.3,0.3,0.0,2.0,51,22.6,38.2,85,Drizzle: Light,2,2,
88588,2021-11-08 07:33:00,40.660233,-73.93712,0,0,Unspecified,4476697,16.5,6.4,0.0,0.0,0.0,0.0,3,17.4,33.8,355,Overcast,0,0,
88589,2021-11-10 15:19:00,40.719337,-73.985916,1,0,Unspecified,4476842,17.2,7.8,0.3,0.3,0.0,1.0,51,20.7,38.5,318,Drizzle: Light,1,1,
88590,2021-11-11 16:00:00,40.855507,-73.88747,0,0,Driver Inattention/Distraction,4477059,15.0,4.2,0.3,0.3,0.0,2.0,51,22.6,38.2,85,Drizzle: Light,0,0,
88591,2021-11-11 13:52:00,40.595886,-73.98315,1,0,Driver Inattention/Distraction,4476554,15.0,4.2,0.3,0.3,0.0,2.0,51,22.6,38.2,85,Drizzle: Light,1,1,
88592,2021-11-08 16:00:00,40.65664,-73.95776,0,0,Driver Inexperience,4476869,16.5,6.4,0.0,0.0,0.0,0.0,3,17.4,33.8,355,Overcast,0,0,
88593,2021-11-11 15:35:00,40.761448,-73.80288,1,0,,4476686,15.0,4.2,0.3,0.3,0.0,2.0,51,22.6,38.2,85,Drizzle: Light,1,1,
88594,2021-11-11 19:18:00,40.68297,-73.97667,0,0,Driver Inattention/Distraction,4477445,15.0,4.2,0.3,0.3,0.0,2.0,51,22.6,38.2,85,Drizzle: Light,0,0,
88595,2021-11-10 17:15:00,40.728603,-74.005325,0,0,Unspecified,4477075,17.2,7.8,0.3,0.3,0.0,1.0,51,20.7,38.5,318,Drizzle: Light,0,0,
88596,2021-11-08 08:45:00,40.681767,-73.96754,1,0,Driver Inattention/Distraction,4477113,16.5,6.4,0.0,0.0,0.0,0.0,3,17.4,33.8,355,Overcast,1,1,
88597,2021-11-12 21:46:00,40.697803,-73.969734,0,0,Failure to Yield Right-of-Way,4476742,18.5,8.9,15.0,15.0,0.0,7.0,63,39.8,74.5,174,Rain: Moderate,0,0,
88598,2021-11-05 13:22:00,40.76699,-73.88461,0,0,Other Vehicular,4476848,10.7,3.2,0.0,0.0,0.0,0.0,0,14.8,30.2,1,Clear sky,0,0,Sunny/Clear Conditions
88599,2021-11-07 01:04:00,40.75855,-73.924866,1,0,Driver Inattention/Distraction,4476975,12.1,2.6,0.0,0.0,0.0,0.0,3,10.0,20.5,358,Overcast,1,1,
88600,2021-08-01 23:20:00,40.669724,-73.86097,1,0,,4477285,24.4,16.6,0.8,0.8,0.0,5.0,51,19.9,39.2,168,Drizzle: Light,1,1,
88601,2021-11-12 09:15:00,40.707592,-73.95555,1,0,Failure to Yield Right-of-Way,4477352,18.5,8.9,15.0,15.0,0.0,7.0,63,39.8,74.5,174,Rain: Moderate,1,1,
88602,2021-11-09 08:25:00,40.668667,-73.868324,1,0,Unspecified,4477313,19.5,5.6,0.0,0.0,0.0,0.0,3,10.2,20.2,283,Overcast,1,1,
88603,2021-11-11 08:26:00,40.667236,-73.770004,0,0,Following Too Closely,4476437,15.0,4.2,0.3,0.3,0.0,2.0,51,22.6,38.2,85,Drizzle: Light,0,0,
88604,2021-11-12 08:38:00,40.76935,-73.90235,0,0,Unspecified,4476568,18.5,8.9,15.0,15.0,0.0,7.0,63,39.8,74.5,174,Rain: Moderate,0,0,
88605,2021-11-12 03:00:00,40.689827,-73.81291,0,0,Passing or Lane Usage Improper,4477461,18.5,8.9,15.0,15.0,0.0,7.0,63,39.8,74.5,174,Rain: Moderate,0,0,
88606,2021-11-09 13:52:00,40.630527,-74.106445,0,0,Unspecified,4477037,19.5,5.6,0.0,0.0,0.0,0.0,3,10.2,20.2,283,Overcast,0,0,
88607,2022-09-25 11:22:00,40.624504,-73.96514,1,0,Backing Unsafely,4567529,23.8,11.8,0.3,0.3,0.0,1.0,51,22.2,41.0,207,Drizzle: Light,1,1,
88608,2021-11-05 12:49:00,40.860954,-73.92651,1,0,Driver Inattention/Distraction,4476669,10.7,3.2,0.0,0.0,0.0,0.0,0,14.8,30.2,1,Clear sky,1,1,Sunny/Clear Conditions
88609,2021-11-11 20:11:00,40.692146,-73.919464,2,0,Fell Asleep,4476586,15.0,4.2,0.3,0.3,0.0,2.0,51,22.6,38.2,85,Drizzle: Light,2,2,
88610,2021-11-12 10:00:00,40.646244,-73.95201,0,0,Unspecified,4477147,18.5,8.9,15.0,15.0,0.0,7.0,63,39.8,74.5,174,Rain: Moderate,0,0,
88611,2021-11-10 12:51:00,40.850098,-73.9067,0,0,Passing Too Closely,4476213,17.2,7.8,0.3,0.3,0.0,1.0,51,20.7,38.5,318,Drizzle: Light,0,0,
88612,2021-11-10 11:17:00,40.647163,-74.08811,0,0,Driver Inattention/Distraction,4475967,17.2,7.8,0.3,0.3,0.0,1.0,51,20.7,38.5,318,Drizzle: Light,0,0,
88613,2021-11-10 08:45:00,40.67973,-73.75148,0,0,Unspecified,4475976,17.2,7.8,0.3,0.3,0.0,1.0,51,20.7,38.5,318,Drizzle: Light,0,0,