,CRASH DATETIME,LATITUDE,LONGITUDE,NUMBER OF PERSONS INJURED,NUMBER OF PERSONS KILLED,CONTRIBUTING FACTOR VEHICLE 1,COLLISION_ID,temperature_2m_max,temperature_2m_min,precipitation_sum,rain_sum,snowfall_sum,precipitation_hours,weather_code,wind_speed_10m_max,wind_gusts_10m_max,wind_direction_10m_dominant,Weather Description,Severity_Score,Total_Affected_Persons,Weather_Category
88614,2021-11-10 09:20:00,40.697186,-73.92884,1,0,Unsafe Speed,4476176,17.2,7.8,0.3,0.3,0.0,1.0,51,20.7,38.5,318,Drizzle: Light,1,1,
88615,2021-11-11 11:30:00,40.74447,-73.911514,0,0,Unspecified,4476386,15.0,4.2,0.3,0.3,0.0,2.0,51,22.6,38.2,85,Drizzle: Light,0,0,
88616,2021-11-10 10:27:00,40.629402,-73.90417,0,0,Driver Inattention/Distraction,4476014,17.2,7.8,0.3,0.3,0.0,1.0,51,20.7,38.5,318,Drizzle: Light,0,0,
88617,2021-11-12 09:00:00,40.685234,-73.92654,0,0,Driver Inattention/Distraction,4477219,18.5,8.9,15.0,15.0,0.0,7.0,63,39.8,74.5,174,Rain: Moderate,0,0,
88618,2021-11-11 04:30:00,40.852306,-73.86207,0,0,Unspecified,4476205,15.0,4.2,0.3,0.3,0.0,2.0,51,22.6,38.2,85,Drizzle: Light,0,0,
88619,2021-11-08 14:10:00,40.73664,-73.98473,0,0,Failure to Yield Right-of-Way,4477029,16.5,6.4,0.0,0.0,0.0,0.0,3,17.4,33.8,355,Overcast,0,0,
88620,2021-11-10 14:35:00,40.55882,-74.110634,0,0,Driver Inattention/Distraction,4476406,17.2,7.8,0.3,0.3,0.0,1.0,51,20.7,38.5,318,Drizzle: Light,0,0,
88621,2021-11-10 14:00:00,40.695396,-73.81656,0,0,Failure to Yield Right-of-Way,4476049,17.2,7.8,0.3,0.3,0.0,1.0,51,20.7,38.5,318,Drizzle: Light,0,0,
88622,2021-11-09 14:15:00,40.64911,-73.9462,0,0,Unspecified,4476729,19.5,5.6,0.0,0.0,0.0,0.0,3,10.2,20.2,283,Overcast,0,0,
88623,2021-11-11 06:44:00,40.8854,-73.89723,1,0,Unspecified,4476246,15.0,4.2,0.3,0.3,0.0,2.0,51,22.6,38.2,85,Drizzle: Light,1,1,
88624,2021-11-12 10:16:00,40.63529,-73.958206,1,0,Driver Inattention/Distraction,4476908,18.5,8.9,15.0,15.0,0.0,7.0,63,39.8,74.5,174,Rain: Moderate,1,1,
88625,2021-11-11 22:26:00,40.749603,-73.97951,1,0,Driver Inattention/Distraction,4476435,15.0,4.2,0.3,0.3,0.0,2.0,51,22.6,38.2,85,Drizzle: Light,1,1,
88626,2021-11-10 07:15:00,40.86138,-73.869446,0,0,Unspecified,4475925,17.2,7.8,0.3,0.3,0.0,1.0,51,20.7,38.5,318,Drizzle: Light,0,0,
88627,2021-11-09 10:16:00,40.794464,-73.93964,0,1,Unsafe Speed,4476600,19.5,5.6,0.0,0.0,0.0,0.0,3,10.2,20.2,283,Overcast,20,1,
88628,2021-11-10 10:00:00,40.59553,-73.99886,2,0,Following Too Closely,4476182,17.2,7.8,0.3,0.3,0.0,1.0,51,20.7,38.5,318,Drizzle: Light,2,2,
88629,2021-11-12 19:08:00,40.59255,-73.9946,0,0,Unspecified,4477005,18.5,8.9,15.0,15.0,0.0,7.0,63,39.8,74.5,174,Rain: Moderate,0,0,
88630,2021-11-12 02:40:00,40.81161,-73.95249,1,0,Unspecified,4476757,18.5,8.9,15.0,15.0,0.0,7.0,63,39.8,74.5,174,Rain: Moderate,1,1,
88631,2021-11-08 15:05:00,40.727222,-73.74681,0,0,Unspecified,4476740,16.5,6.4,0.0,0.0,0.0,0.0,3,17.4,33.8,355,Overcast,0,0,
88632,2021-11-11 16:30:00,40.634354,-73.94202,0,0,Unspecified,4477142,15.0,4.2,0.3,0.3,0.0,2.0,51,22.6,38.2,85,Drizzle: Light,0,0,
88633,2021-11-12 16:51:00,40.735596,-73.89901,0,0,Driver Inattention/Distraction,4476718,18.5,8.9,15.0,15.0,0.0,7.0,63,39.8,74.5,174,Rain: Moderate,0,0,
88634,2021-11-11 19:00:00,40.68556,-73.87875,0,0,Driver Inattention/Distraction,4477301,15.0,4.2,0.3,0.3,0.0,2.0,51,22.6,38.2,85,Drizzle: Light,0,0,
88635,2021-11-08 19:55:00,40.63613,-73.97274,1,0,Unspecified,4477480,16.5,6.4,0.0,0.0,0.0,0.0,3,17.4,33.8,355,Overcast,1,1,
88636,2021-11-10 16:00:00,40.608852,-74.15334,0,0,Driver Inattention/Distraction,4476237,17.2,7.8,0.3,0.3,0.0,1.0,51,20.7,38.5,318,Drizzle: Light,0,0,
88637,2021-11-10 18:45:00,40.62877,-73.91825,0,0,Unspecified,4476579,17.2,7.8,0.3,0.3,0.0,1.0,51,20.7,38.5,318,Drizzle: Light,0,0,
88638,2021-11-12 10:17:00,40.753914,-73.80674,0,0,Traffic Control Disregarded,4476916,18.5,8.9,15.0,15.0,0.0,7.0,63,39.8,74.5,174,Rain: Moderate,0,0,
88639,2022-09-02 15:40:00,40.7576,-73.96946,1,0,Driver Inattention/Distraction,4567982,25.2,15.5,0.0,0.0,0.0,0.0,3,14.8,28.8,66,Overcast,1,1,
88640,2021-11-11 09:00:00,40.84491,-73.93324,1,0,Driver Inattention/Distraction,4476558,15.0,4.2,0.3,0.3,0.0,2.0,51,22.6,38.2,85,Drizzle: Light,1,1,
88641,2021-11-12 13:50:00,40.59455,-73.997574,0,0,Following Too Closely,4477004,18.5,8.9,15.0,15.0,0.0,7.0,63,39.8,74.5,174,Rain: Moderate,0,0,
88642,2021-11-10 08:25:00,40.67339,-73.91678,0,0,Other Vehicular,4475937,17.2,7.8,0.3,0.3,0.0,1.0,51,20.7,38.5,318,Drizzle: Light,0,0,
88643,2021-11-12 14:15:00,40.723003,-73.94502,1,0,Driver Inattention/Distraction,4477191,18.5,8.9,15.0,15.0,0.0,7.0,63,39.8,74.5,174,Rain: Moderate,1,1,
88644,2021-11-10 01:15:00,40.58653,-74.09593,0,0,Passing or Lane Usage Improper,4476425,17.2,7.8,0.3,0.3,0.0,1.0,51,20.7,38.5,318,Drizzle: Light,0,0,
88645,2021-11-11 17:10:00,40.60023,-73.9956,2,0,Following Too Closely,4477026,15.0,4.2,0.3,0.3,0.0,2.0,51,22.6,38.2,85,Drizzle: Light,2,2,
88646,2021-11-09 12:45:00,40.677574,-73.95548,1,0,Unspecified,4477250,19.5,5.6,0.0,0.0,0.0,0.0,3,10.2,20.2,283,Overcast,1,1,
88647,2021-11-05 21:32:00,40.69268,-73.93998,1,0,Unsafe Speed,4477150,10.7,3.2,0.0,0.0,0.0,0.0,0,14.8,30.2,1,Clear sky,1,1,Sunny/Clear Conditions
88648,2021-11-12 07:20:00,40.70673,-73.806274,0,0,Unspecified,4476733,18.5,8.9,15.0,15.0,0.0,7.0,63,39.8,74.5,174,Rain: Moderate,0,0,
88649,2021-11-04 09:45:00,40.833813,-73.86275,0,0,Driver Inattention/Distraction,4476735,9.9,3.0,0.0,0.0,0.0,0.0,3,10.8,21.2,5,Overcast,0,0,
88650,2021-11-11 11:00:00,40.6674,-73.773636,1,0,Following Too Closely,4476430,15.0,4.2,0.3,0.3,0.0,2.0,51,22.6,38.2,85,Drizzle: Light,1,1,
88651,2021-11-03 18:00:00,40.704716,-73.950226,0,0,Other Vehicular,4477451,10.7,3.8,0.1,0.1,0.0,1.0,51,15.6,30.6,302,Drizzle: Light,0,0,
88652,2021-11-10 14:45:00,40.665634,-73.75817,3,0,Driver Inattention/Distraction,4476044,17.2,7.8,0.3,0.3,0.0,1.0,51,20.7,38.5,318,Drizzle: Light,3,3,
88653,2021-11-10 23:17:00,40.74238,-73.88189,1,0,,4476136,17.2,7.8,0.3,0.3,0.0,1.0,51,20.7,38.5,318,Drizzle: Light,1,1,
88654,2021-11-11 03:25:00,40.754974,-73.853096,1,0,Driver Inattention/Distraction,4476290,15.0,4.2,0.3,0.3,0.0,2.0,51,22.6,38.2,85,Drizzle: Light,1,1,
88655,2021-11-10 19:48:00,40.74929,-73.88872,3,0,Driver Inattention/Distraction,4476701,17.2,7.8,0.3,0.3,0.0,1.0,51,20.7,38.5,318,Drizzle: Light,3,3,
88656,2021-11-11 06:45:00,40.78866,-73.778625,0,0,Reaction to Uninvolved Vehicle,4476381,15.0,4.2,0.3,0.3,0.0,2.0,51,22.6,38.2,85,Drizzle: Light,0,0,
88657,2021-11-11 07:00:00,40.54101,-74.18877,0,0,Alcohol Involvement,4476569,15.0,4.2,0.3,0.3,0.0,2.0,51,22.6,38.2,85,Drizzle: Light,0,0,
88658,2021-11-12 00:10:00,40.759014,-73.86013,0,0,Unspecified,4476812,18.5,8.9,15.0,15.0,0.0,7.0,63,39.8,74.5,174,Rain: Moderate,0,0,
88659,2021-11-10 21:25:00,40.665558,-73.72985,1,0,Unspecified,4476060,17.2,7.8,0.3,0.3,0.0,1.0,51,20.7,38.5,318,Drizzle: Light,1,1,
88660,2021-11-11 20:07:00,40.84642,-73.84839,1,0,Driver Inattention/Distraction,4476547,15.0,4.2,0.3,0.3,0.0,2.0,51,22.6,38.2,85,Drizzle: Light,1,1,
88661,2021-11-10 06:34:00,40.75644,-73.87701,1,0,Driver Inattention/Distraction,4475898,17.2,7.8,0.3,0.3,0.0,1.0,51,20.7,38.5,318,Drizzle: Light,1,1,
88662,2021-11-12 16:00:00,0.0,0.0,0,0,Failure to Yield Right-of-Way,4477395,18.5,8.9,15.0,15.0,0.0,7.0,63,39.8,74.5,174,Rain: Moderate,0,0,
88663,2021-11-11 20:07:00,40.70313,-73.816795,1,0,Following Too Closely,4476538,15.0,4.2,0.3,0.3,0.0,2.0,51,22.6,38.2,85,Drizzle: Light,1,1,
88664,2021-11-10 07:50:00,40.866283,-73.89068,0,0,Passing Too Closely,4476032,17.2,7.8,0.3,0.3,0.0,1.0,51,20.7,38.5,318,Drizzle: Light,0,0,
88665,2021-11-12 16:00:00,40.762276,-73.785126,1,0,Failure to Yield Right-of-Way,4476728,18.5,8.9,15.0,15.0,0.0,7.0,63,39.8,74.5,174,Rain: Moderate,1,1,
88666,2021-11-11 10:30:00,40.763733,-73.962074,0,0,Driver Inattention/Distraction,4476452,15.0,4.2,0.3,0.3,0.0,2.0,51,22.6,38.2,85,Drizzle: Light,0,0,
88667,2021-11-11 20:25:00,40.636265,-73.94802,1,0,Failure to Yield Right-of-Way,4476771,15.0,4.2,0.3,0.3,0.0,2.0,51,22.6,38.2,85,Drizzle: Light,1,1,
88668,2021-11-12 17:26:00,40.604218,-73.971886,0,0,Unspecified,4477099,18.5,8.9,15.0,15.0,0.0,7.0,63,39.8,74.5,174,Rain: Moderate,0,0,
88669,2021-11-10 09:49:00,40.819252,-73.80821,1,0,Unspecified,4476169,17.2,7.8,0.3,0.3,0.0,1.0,51,20.7,38.5,318,Drizzle: Light,1,1,
88670,2021-11-12 14:20:00,40.843555,-73.91533,0,0,Backing Unsafely,4476970,18.5,8.9,15.0,15.0,0.0,7.0,63,39.8,74.5,174,Rain: Moderate,0,0,
88671,2021-11-11 18:18:00,40.869545,-73.87972,1,0,Driver Inattention/Distraction,4476654,15.0,4.2,0.3,0.3,0.0,2.0,51,22.6,38.2,85,Drizzle: Light,1,1,
88672,2021-11-11 13:26:00,40.843666,-73.857285,0,0,Backing Unsafely,4476622,15.0,4.2,0.3,0.3,0.0,2.0,51,22.6,38.2,85,Drizzle: Light,0,0,
88673,2021-11-11 18:34:00,40.71407,-73.954346,0,0,Following Too Closely,4476483,15.0,4.2,0.3,0.3,0.0,2.0,51,22.6,38.2,85,Drizzle: Light,0,0,
88674,2021-11-11 13:15:00,40.621994,-73.94598,2,0,Unspecified,4476331,15.0,4.2,0.3,0.3,0.0,2.0,51,22.6,38.2,85,Drizzle: Light,2,2,
88675,2021-11-11 22:30:00,40.67132,-73.9281,0,0,Unsafe Speed,4477123,15.0,4.2,0.3,0.3,0.0,2.0,51,22.6,38.2,85,Drizzle: Light,0,0,
88676,2021-11-11 06:20:00,40.72747,-73.94194,0,0,Unspecified,4476247,15.0,4.2,0.3,0.3,0.0,2.0,51,22.6,38.2,85,Drizzle: Light,0,0,
88677,2021-11-05 14:43:00,40.819317,-73.93032,1,0,Unspecified,4476947,10.7,3.2,0.0,0.0,0.0,0.0,0,14.8,30.2,1,Clear sky,1,1,Sunny/Clear Conditions
88678,2021-11-08 17:19:00,40.821167,-73.91356,1,0,Driver Inattention/Distraction,4477435,16.5,6.4,0.0,0.0,0.0,0.0,3,17.4,33.8,355,Overcast,1,1,
88679,2021-11-11 17:00:00,40.861862,-73.91275,0,0,Unspecified,4476502,15.0,4.2,0.3,0.3,0.0,2.0,51,22.6,38.2,85,Drizzle: Light,0,0,
88680,2021-11-11 20:35:00,40.858574,-73.851234,1,0,Traffic Control Disregarded,4476696,15.0,4.2,0.3,0.3,0.0,2.0,51,22.6,38.2,85,Drizzle: Light,1,1,
88681,2021-11-10 21:50:00,40.63193,-73.88763,0,0,Unspecified,4476086,17.2,7.8,0.3,0.3,0.0,1.0,51,20.7,38.5,318,Drizzle: Light,0,0,
88682,2021-11-10 18:00:00,40.69152,-73.74708,0,0,Failure to Yield Right-of-Way,4476201,17.2,7.8,0.3,0.3,0.0,1.0,51,20.7,38.5,318,Drizzle: Light,0,0,
88683,2021-11-11 08:14:00,40.66353,-73.913086,1,0,Unspecified,4477055,15.0,4.2,0.3,0.3,0.0,2.0,51,22.6,38.2,85,Drizzle: Light,1,1,
88684,2021-11-04 20:56:00,40.633083,-74.00558,1,0,Unspecified,4477484,9.9,3.0,0.0,0.0,0.0,0.0,3,10.8,21.2,5,Overcast,1,1,
88685,2021-11-12 12:07:00,40.596848,-74.06206,0,0,Unsafe Speed,4476761,18.5,8.9,15.0,15.0,0.0,7.0,63,39.8,74.5,174,Rain: Moderate,0,0,
88686,2021-11-10 18:37:00,40.845264,-73.890816,0,0,Passing or Lane Usage Improper,4476256,17.2,7.8,0.3,0.3,0.0,1.0,51,20.7,38.5,318,Drizzle: Light,0,0,
88687,2021-11-12 10:45:00,40.65545,-73.863335,0,0,Backing Unsafely,4477297,18.5,8.9,15.0,15.0,0.0,7.0,63,39.8,74.5,174,Rain: Moderate,0,0,
88688,2021-11-07 02:00:00,40.690918,-73.7623,2,0,Failure to Yield Right-of-Way,4476562,12.1,2.6,0.0,0.0,0.0,0.0,3,10.0,20.5,358,Overcast,2,2,
88689,2021-11-11 06:47:00,40.753635,-73.91893,1,0,Driver Inattention/Distraction,4476228,15.0,4.2,0.3,0.3,0.0,2.0,51,22.6,38.2,85,Drizzle: Light,1,1,
88690,2021-11-12 00:00:00,40.663292,-73.92543,0,0,Driver Inattention/Distraction,4477155,18.5,8.9,15.0,15.0,0.0,7.0,63,39.8,74.5,174,Rain: Moderate,0,0,
88691,2021-11-10 17:58:00,40.726357,-73.76388,2,0,Following Too Closely,4476123,17.2,7.8,0.3,0.3,0.0,1.0,51,20.7,38.5,318,Drizzle: Light,2,2,
88692,2021-10-25 15:00:00,40.788197,-73.97836,0,0,Driver Inattention/Distraction,4476884,22.8,13.5,10.7,10.7,0.0,8.0,63,18.9,33.5,172,Rain: Moderate,0,0,
88693,2021-11-10 16:30:00,40.70089,-73.75708,1,0,Failure to Yield Right-of-Way,4476306,17.2,7.8,0.3,0.3,0.0,1.0,51,20.7,38.5,318,Drizzle: Light,1,1,
88694,2021-11-11 00:30:00,40.7179,-73.83202,2,0,Following Too Closely,4476398,15.0,4.2,0.3,0.3,0.0,2.0,51,22.6,38.2,85,Drizzle: Light,2,2,
88695,2021-11-12 08:33:00,40.7103,-74.00106,1,0,Unsafe Lane Changing,4477095,18.5,8.9,15.0,15.0,0.0,7.0,63,39.8,74.5,174,Rain: Moderate,1,1,
88696,2021-11-11 14:20:00,40.694115,-73.79214,0,0,Driver Inattention/Distraction,4476575,15.0,4.2,0.3,0.3,0.0,2.0,51,22.6,38.2,85,Drizzle: Light,0,0,
88697,2021-11-12 14:40:00,40.604435,-73.99485,1,0,,4477010,18.5,8.9,15.0,15.0,0.0,7.0,63,39.8,74.5,174,Rain: Moderate,1,1,
88698,2021-11-06 00:38:00,40.767933,-73.90402,0,0,Unspecified,4476533,10.5,3.4,0.0,0.0,0.0,0.0,0,9.5,17.6,61,Clear sky,0,0,Sunny/Clear Conditions
88699,2021-11-10 16:40:00,40.67134,-73.88195,0,0,Driver Inattention/Distraction,4476324,17.2,7.8,0.3,0.3,0.0,1.0,51,20.7,38.5,318,Drizzle: Light,0,0,
88700,2021-11-11 16:25:00,40.79908,-73.94485,0,0,Aggressive Driving/Road Rage,4476518,15.0,4.2,0.3,0.3,0.0,2.0,51,22.6,38.2,85,Drizzle: Light,0,0,
88701,2021-11-06 00:00:00,40.774464,-73.78263,2,0,Passing Too Closely,4476607,10.5,3.4,0.0,0.0,0.0,0.0,0,9.5,17.6,61,Clear sky,2,2,Sunny/Clear Conditions
88702,2021-11-10 20:20:00,40.764347,-73.82595,1,0,Following Too Closely,4476072,17.2,7.8,0.3,0.3,0.0,1.0,51,20.7,38.5,318,Drizzle: Light,1,1,
88703,2021-11-12 12:01:00,40.69382,-73.96254,1,0,Brakes Defective,4476723,18.5,8.9,15.0,15.0,0.0,7.0,63,39.8,74.5,174,Rain: Moderate,1,1,
88704,2021-11-10 07:05:00,40.80275,-73.93358,1,0,Unspecified,4475869,17.2,7.8,0.3,0.3,0.0,1.0,51,20.7,38.5,318,Drizzle: Light,1,1,
88705,2021-11-11 08:00:00,40.666626,-73.77386,0,0,Passing Too Closely,4477015,15.0,4.2,0.3,0.3,0.0,2.0,51,22.6,38.2,85,Drizzle: Light,0,0,
88706,2021-11-11 12:30:00,40.783447,-73.95269,0,0,Driver Inattention/Distraction,4476457,15.0,4.2,0.3,0.3,0.0,2.0,51,22.6,38.2,85,Drizzle: Light,0,0,
88707,2021-11-09 08:30:00,40.80594,-73.94263,0,0,Driver Inattention/Distraction,4476665,19.5,5.6,0.0,0.0,0.0,0.0,3,10.2,20.2,283,Overcast,0,0,
88708,2021-11-12 20:55:00,40.579575,-73.854034,0,0,Unspecified,4477258,18.5,8.9,15.0,15.0,0.0,7.0,63,39.8,74.5,174,Rain: Moderate,0,0,
88709,2021-11-10 12:58:00,40.625298,-74.15042,0,0,Driver Inattention/Distraction,4475986,17.2,7.8,0.3,0.3,0.0,1.0,51,20.7,38.5,318,Drizzle: Light,0,0,
88710,2021-11-11 08:30:00,40.791782,-73.93851,0,0,Unspecified,4476827,15.0,4.2,0.3,0.3,0.0,2.0,51,22.6,38.2,85,Drizzle: Light,0,0,
88711,2021-11-12 07:15:00,40.704964,-74.01172,0,0,Unspecified,4476590,18.5,8.9,15.0,15.0,0.0,7.0,63,39.8,74.5,174,Rain: Moderate,0,0,
88712,2021-11-10 18:00:00,40.65736,-73.84046,1,0,Pedestrian/Bicyclist/Other Pedestrian Error/Confusion,4476102,17.2,7.8,0.3,0.3,0.0,1.0,51,20.7,38.5,318,Drizzle: Light,1,1,
88713,2021-11-11 16:50:00,40.698544,-73.96236,0,0,Unsafe Lane Changing,4476442,15.0,4.2,0.3,0.3,0.0,2.0,51,22.6,38.2,85,Drizzle: Light,0,0,
88714,2021-11-11 19:15:00,40.741863,-73.90751,0,0,Driver Inattention/Distraction,4476393,15.0,4.2,0.3,0.3,0.0,2.0,51,22.6,38.2,85,Drizzle: Light,0,0,
88715,2021-11-10 20:30:00,40.717472,-73.761154,1,0,Driver Inattention/Distraction,4476295,17.2,7.8,0.3,0.3,0.0,1.0,51,20.7,38.5,318,Drizzle: Light,1,1,
88716,2021-11-12 19:11:00,40.84247,-73.85335,0,0,Passing or Lane Usage Improper,4476755,18.5,8.9,15.0,15.0,0.0,7.0,63,39.8,74.5,174,Rain: Moderate,0,0,
88717,2021-11-01 19:40:00,40.826527,-73.874886,1,0,Failure to Yield Right-of-Way,4477229,14.4,8.0,0.0,0.0,0.0,0.0,3,20.7,38.5,278,Overcast,1,1,
88718,2021-11-11 10:20:00,40.658577,-73.89063,0,0,Turning Improperly,4477287,15.0,4.2,0.3,0.3,0.0,2.0,51,22.6,38.2,85,Drizzle: Light,0,0,
88719,2021-11-11 13:35:00,40.695614,-73.94056,2,0,Driver Inattention/Distraction,4476633,15.0,4.2,0.3,0.3,0.0,2.0,51,22.6,38.2,85,Drizzle: Light,2,2,
88720,2021-11-12 17:20:00,40.737705,-73.88231,1,0,Unsafe Speed,4477132,18.5,8.9,15.0,15.0,0.0,7.0,63,39.8,74.5,174,Rain: Moderate,1,1,
88721,2021-11-08 06:56:00,40.86357,-73.92602,1,0,Other Vehicular,4476543,16.5,6.4,0.0,0.0,0.0,0.0,3,17.4,33.8,355,Overcast,1,1,
88722,2021-11-12 03:21:00,40.838104,-73.835014,2,0,Unspecified,4476650,18.5,8.9,15.0,15.0,0.0,7.0,63,39.8,74.5,174,Rain: Moderate,2,2,
88723,2021-11-10 09:45:00,40.691536,-73.99912,1,0,Unsafe Lane Changing,4476800,17.2,7.8,0.3,0.3,0.0,1.0,51,20.7,38.5,318,Drizzle: Light,1,1,
88724,2021-11-11 18:50:00,40.626003,-74.07525,0,0,Failure to Yield Right-of-Way,4477048,15.0,4.2,0.3,0.3,0.0,2.0,51,22.6,38.2,85,Drizzle: Light,0,0,
88725,2021-11-11 16:31:00,40.884014,-73.8791,0,0,Unsafe Speed,4476497,15.0,4.2,0.3,0.3,0.0,2.0,51,22.6,38.2,85,Drizzle: Light,0,0,
88726,2021-11-12 09:48:00,40.682137,-73.933876,0,0,Unspecified,4477221,18.5,8.9,15.0,15.0,0.0,7.0,63,39.8,74.5,174,Rain: Moderate,0,0,
88727,2021-11-11 14:30:00,40.757122,-73.97192,2,0,Following Too Closely,4476523,15.0,4.2,0.3,0.3,0.0,2.0,51,22.6,38.2,85,Drizzle: Light,2,2,
88728,2021-11-12 14:43:00,40.694744,-73.785675,1,0,Failure to Yield Right-of-Way,4476708,18.5,8.9,15.0,15.0,0.0,7.0,63,39.8,74.5,174,Rain: Moderate,1,1,
88729,2021-11-12 14:41:00,40.75477,-73.82997,0,0,Traffic Control Disregarded,4476691,18.5,8.9,15.0,15.0,0.0,7.0,63,39.8,74.5,174,Rain: Moderate,0,0,
88730,2021-11-12 00:00:00,40.897488,-73.859375,0,0,Fell Asleep,4477137,18.5,8.9,15.0,15.0,0.0,7.0,63,39.8,74.5,174,Rain: Moderate,0,0,
88731,2021-11-10 18:55:00,40.58786,-73.95527,0,0,Unspecified,4476110,17.2,7.8,0.3,0.3,0.0,1.0,51,20.7,38.5,318,Drizzle: Light,0,0,
88732,2021-11-12 09:09:00,40.69099,-73.98932,0,0,Passing Too Closely,4476766,18.5,8.9,15.0,15.0,0.0,7.0,63,39.8,74.5,174,Rain: Moderate,0,0,
88733,2021-11-11 17:24:00,40.743378,-73.87432,1,0,Driver Inattention/Distraction,4476464,15.0,4.2,0.3,0.3,0.0,2.0,51,22.6,38.2,85,Drizzle: Light,1,1,
88734,2021-11-12 06:10:00,40.70153,-73.92314,0,0,Unspecified,4476750,18.5,8.9,15.0,15.0,0.0,7.0,63,39.8,74.5,174,Rain: Moderate,0,0,
88735,2021-11-10 16:54:00,40.7024,-73.95918,0,0,Failure to Yield Right-of-Way,4476165,17.2,7.8,0.3,0.3,0.0,1.0,51,20.7,38.5,318,Drizzle: Light,0,0,
88736,2021-11-12 21:45:00,40.741234,-73.84573,4,0,Driver Inattention/Distraction,4477118,18.5,8.9,15.0,15.0,0.0,7.0,63,39.8,74.5,174,Rain: Moderate,4,4,
88737,2021-11-10 12:00:00,40.86751,-73.83567,1,0,Drugs (illegal),4476300,17.2,7.8,0.3,0.3,0.0,1.0,51,20.7,38.5,318,Drizzle: Light,1,1,
88738,2021-11-12 16:15:00,40.67206,-73.9036,0,0,Unspecified,4476995,18.5,8.9,15.0,15.0,0.0,7.0,63,39.8,74.5,174,Rain: Moderate,0,0,
88739,2021-11-05 16:53:00,40.758022,-73.981804,1,0,Unspecified,4476784,10.7,3.2,0.0,0.0,0.0,0.0,0,14.8,30.2,1,Clear sky,1,1,Sunny/Clear Conditions
88740,2021-11-10 19:47:00,40.63063,-74.00923,2,0,Unsafe Speed,4476094,17.2,7.8,0.3,0.3,0.0,1.0,51,20.7,38.5,318,Drizzle: Light,2,2,
88741,2021-11-11 00:00:00,40.711857,-73.78742,1,0,Driver Inattention/Distraction,4476639,15.0,4.2,0.3,0.3,0.0,2.0,51,22.6,38.2,85,Drizzle: Light,1,1,
88742,2021-11-11 16:30:00,40.879192,-73.83757,0,0,Turning Improperly,4477201,15.0,4.2,0.3,0.3,0.0,2.0,51,22.6,38.2,85,Drizzle: Light,0,0,
88743,2021-11-10 00:00:00,40.58604,-74.16859,0,0,Failure to Yield Right-of-Way,4476676,17.2,7.8,0.3,0.3,0.0,1.0,51,20.7,38.5,318,Drizzle: Light,0,0,
88744,2021-11-10 14:39:00,40.725792,-74.01103,0,1,Unspecified,4476053,17.2,7.8,0.3,0.3,0.0,1.0,51,20.7,38.5,318,Drizzle: Light,20,1,
88745,2021-11-11 16:35:00,40.75815,-73.85675,0,0,Driver Inattention/Distraction,4476337,15.0,4.2,0.3,0.3,0.0,2.0,51,22.6,38.2,85,Drizzle: Light,0,0,
88746,2021-11-11 08:30:00,40.65538,-73.9203,2,0,Failure to Yield Right-of-Way,4476364,15.0,4.2,0.3,0.3,0.0,2.0,51,22.6,38.2,85,Drizzle: Light,2,2,
88747,2021-11-11 14:00:00,40.66102,-73.89353,0,0,Other Vehicular,4477292,15.0,4.2,0.3,0.3,0.0,2.0,51,22.6,38.2,85,Drizzle: Light,0,0,
88748,2021-10-26 13:36:00,40.66959,-73.9959,0,0,Driver Inattention/Distraction,4477457,16.9,13.8,84.5,84.5,0.0,17.0,65,28.7,53.6,87,Rain: Heavy,0,0,
88749,2021-11-12 20:59:00,40.858707,-73.9037,1,0,Driver Inattention/Distraction,4476794,18.5,8.9,15.0,15.0,0.0,7.0,63,39.8,74.5,174,Rain: Moderate,1,1,
88750,2021-11-12 18:00:00,40.690987,-73.86903,0,0,Driver Inattention/Distraction,4477322,18.5,8.9,15.0,15.0,0.0,7.0,63,39.8,74.5,174,Rain: Moderate,0,0,
88751,2021-11-12 20:00:00,40.8223,-73.873,0,0,Backing Unsafely,4477065,18.5,8.9,15.0,15.0,0.0,7.0,63,39.8,74.5,174,Rain: Moderate,0,0,
88752,2021-11-12 19:28:00,40.77656,-73.95271,0,0,Reaction to Uninvolved Vehicle,4477410,18.5,8.9,15.0,15.0,0.0,7.0,63,39.8,74.5,174,Rain: Moderate,0,0,
88753,2021-11-11 23:55:00,40.840645,-73.84205,1,0,Alcohol Involvement,4476857,15.0,4.2,0.3,0.3,0.0,2.0,51,22.6,38.2,85,Drizzle: Light,1,1,
88754,2021-11-10 00:00:00,40.70665,-73.95042,0,0,Other Vehicular,4476191,17.2,7.8,0.3,0.3,0.0,1.0,51,20.7,38.5,318,Drizzle: Light,0,0,
88755,2021-11-11 06:14:00,40.68079,-73.99174,0,0,Unspecified,4476282,15.0,4.2,0.3,0.3,0.0,2.0,51,22.6,38.2,85,Drizzle: Light,0,0,
88756,2021-11-10 23:50:00,40.667915,-73.95606,0,0,Driver Inattention/Distraction,4476116,17.2,7.8,0.3,0.3,0.0,1.0,51,20.7,38.5,318,Drizzle: Light,0,0,
88757,2021-11-12 01:30:00,40.76532,-73.771904,0,0,Backing Unsafely,4476471,18.5,8.9,15.0,15.0,0.0,7.0,63,39.8,74.5,174,Rain: Moderate,0,0,
88758,2021-11-09 15:20:00,40.63276,-73.912544,1,0,Driver Inattention/Distraction,4476618,19.5,5.6,0.0,0.0,0.0,0.0,3,10.2,20.2,283,Overcast,1,1,
88759,2021-11-12 14:30:00,40.66544,-73.83901,0,0,View Obstructed/Limited,4477374,18.5,8.9,15.0,15.0,0.0,7.0,63,39.8,74.5,174,Rain: Moderate,0,0,