,CRASH DATETIME,LATITUDE,LONGITUDE,NUMBER OF PERSONS INJURED,NUMBER OF PERSONS KILLED,CONTRIBUTING FACTOR VEHICLE 1,COLLISION_ID,temperature_2m_max,temperature_2m_min,precipitation_sum,rain_sum,snowfall_sum,precipitation_hours,weather_code,wind_speed_10m_max,wind_gusts_10m_max,wind_direction_10m_dominant,Weather Description,Severity_Score,Total_Affected_Persons,Weather_Category
88760,2021-11-12 10:10:00,40.65094,-73.88494,0,0,Driver Inattention/Distraction,4477319,18.5,8.9,15.0,15.0,0.0,7.0,63,39.8,74.5,174,Rain: Moderate,0,0,
88761,2021-11-12 15:52:00,40.656475,-73.744934,0,0,Passing or Lane Usage Improper,4476894,18.5,8.9,15.0,15.0,0.0,7.0,63,39.8,74.5,174,Rain: Moderate,0,0,
88762,2021-11-11 18:27:00,40.63256,-74.137375,0,0,Driver Inattention/Distraction,4476677,15.0,4.2,0.3,0.3,0.0,2.0,51,22.6,38.2,85,Drizzle: Light,0,0,
88763,2021-11-12 21:32:00,40.82098,-73.89388,1,0,Following Too Closely,4477490,18.5,8.9,15.0,15.0,0.0,7.0,63,39.8,74.5,174,Rain: Moderate,1,1,
88764,2021-11-11 00:25:00,40.82214,-73.930824,0,0,Unsafe Speed,4476151,15.0,4.2,0.3,0.3,0.0,2.0,51,22.6,38.2,85,Drizzle: Light,0,0,
88765,2021-11-10 20:55:00,40.841152,-73.942696,1,0,Passing or Lane Usage Improper,4476555,17.2,7.8,0.3,0.3,0.0,1.0,51,20.7,38.5,318,Drizzle: Light,1,1,
88766,2021-11-11 10:01:00,40.68405,-73.97746,0,0,Failure to Yield Right-of-Way,4477452,15.0,4.2,0.3,0.3,0.0,2.0,51,22.6,38.2,85,Drizzle: Light,0,0,
88767,2021-11-12 13:17:00,40.834114,-73.86327,0,0,Unspecified,4477063,18.5,8.9,15.0,15.0,0.0,7.0,63,39.8,74.5,174,Rain: Moderate,0,0,
88768,2021-11-12 05:48:00,40.715927,-73.87284,0,0,Unspecified,4477151,18.5,8.9,15.0,15.0,0.0,7.0,63,39.8,74.5,174,Rain: Moderate,0,0,
88769,2021-11-10 22:35:00,40.584774,-73.96011,0,0,Unspecified,4476805,17.2,7.8,0.3,0.3,0.0,1.0,51,20.7,38.5,318,Drizzle: Light,0,0,
88770,2021-11-11 12:28:00,40.68212,-74.00731,0,0,Unspecified,4476405,15.0,4.2,0.3,0.3,0.0,2.0,51,22.6,38.2,85,Drizzle: Light,0,0,
88771,2021-11-03 13:51:00,40.856586,-73.933784,1,0,Driver Inattention/Distraction,4477088,10.7,3.8,0.1,0.1,0.0,1.0,51,15.6,30.6,302,Drizzle: Light,1,1,
88772,2021-08-09 10:06:00,40.65807,-73.960434,0,0,Reaction to Uninvolved Vehicle,4476611,26.2,20.1,1.1,1.1,0.0,7.0,51,17.3,34.6,36,Drizzle: Light,0,0,
88773,2021-11-10 14:50:00,40.682556,-73.8882,1,0,Passing or Lane Usage Improper,4477279,17.2,7.8,0.3,0.3,0.0,1.0,51,20.7,38.5,318,Drizzle: Light,1,1,
88774,2021-11-10 17:27:00,40.8617,-73.89139,1,0,Failure to Yield Right-of-Way,4476310,17.2,7.8,0.3,0.3,0.0,1.0,51,20.7,38.5,318,Drizzle: Light,1,1,
88775,2021-11-12 19:11:00,40.719025,-73.98978,1,0,Unspecified,4476765,18.5,8.9,15.0,15.0,0.0,7.0,63,39.8,74.5,174,Rain: Moderate,1,1,
88776,2021-11-12 08:30:00,40.84708,-73.86836,2,0,Failure to Yield Right-of-Way,4476550,18.5,8.9,15.0,15.0,0.0,7.0,63,39.8,74.5,174,Rain: Moderate,2,2,
88777,2021-11-12 10:00:00,40.59843,-73.76658,0,0,Passing Too Closely,4477498,18.5,8.9,15.0,15.0,0.0,7.0,63,39.8,74.5,174,Rain: Moderate,0,0,
88778,2021-11-12 03:05:00,40.686565,-73.8223,0,0,Pavement Defective,4476445,18.5,8.9,15.0,15.0,0.0,7.0,63,39.8,74.5,174,Rain: Moderate,0,0,
88779,2021-11-12 15:40:00,40.745285,-73.94831,0,0,Unspecified,4476719,18.5,8.9,15.0,15.0,0.0,7.0,63,39.8,74.5,174,Rain: Moderate,0,0,
88780,2021-11-11 12:40:00,40.65636,-73.72958,1,0,Failure to Yield Right-of-Way,4476438,15.0,4.2,0.3,0.3,0.0,2.0,51,22.6,38.2,85,Drizzle: Light,1,1,
88781,2021-11-11 11:10:00,40.65414,-73.88732,1,0,View Obstructed/Limited,4476319,15.0,4.2,0.3,0.3,0.0,2.0,51,22.6,38.2,85,Drizzle: Light,1,1,
88782,2021-11-10 02:35:00,40.735764,-73.97491,0,0,Driver Inattention/Distraction,4475781,17.2,7.8,0.3,0.3,0.0,1.0,51,20.7,38.5,318,Drizzle: Light,0,0,
88783,2021-11-11 17:30:00,40.735336,-73.91689,0,0,Driver Inattention/Distraction,4476389,15.0,4.2,0.3,0.3,0.0,2.0,51,22.6,38.2,85,Drizzle: Light,0,0,
88784,2021-11-12 10:08:00,40.880707,-73.84022,0,0,Unspecified,4477206,18.5,8.9,15.0,15.0,0.0,7.0,63,39.8,74.5,174,Rain: Moderate,0,0,
88785,2021-11-12 07:45:00,40.806763,-73.94624,0,0,Driver Inattention/Distraction,4476661,18.5,8.9,15.0,15.0,0.0,7.0,63,39.8,74.5,174,Rain: Moderate,0,0,
88786,2021-11-10 16:30:00,40.701958,-73.9239,0,0,Driver Inattention/Distraction,4476594,17.2,7.8,0.3,0.3,0.0,1.0,51,20.7,38.5,318,Drizzle: Light,0,0,
88787,2021-11-11 21:18:00,40.692417,-73.902794,1,0,Driver Inattention/Distraction,4476587,15.0,4.2,0.3,0.3,0.0,2.0,51,22.6,38.2,85,Drizzle: Light,1,1,
88788,2021-11-11 14:38:00,40.624653,-73.99933,0,0,Driver Inattention/Distraction,4476350,15.0,4.2,0.3,0.3,0.0,2.0,51,22.6,38.2,85,Drizzle: Light,0,0,
88789,2021-11-11 18:30:00,40.68285,-73.79902,0,0,Passing Too Closely,4476836,15.0,4.2,0.3,0.3,0.0,2.0,51,22.6,38.2,85,Drizzle: Light,0,0,
88790,2021-11-03 13:20:00,40.683098,-73.78432,0,0,Passing Too Closely,4477340,10.7,3.8,0.1,0.1,0.0,1.0,51,15.6,30.6,302,Drizzle: Light,0,0,
88791,2021-11-10 15:50:00,40.609512,-73.98957,0,0,Following Too Closely,4476215,17.2,7.8,0.3,0.3,0.0,1.0,51,20.7,38.5,318,Drizzle: Light,0,0,
88792,2021-11-10 06:54:00,40.658417,-73.76768,1,0,Unspecified,4475977,17.2,7.8,0.3,0.3,0.0,1.0,51,20.7,38.5,318,Drizzle: Light,1,1,
88793,2021-11-07 19:56:00,40.719368,-73.836006,0,0,Following Too Closely,4476844,12.1,2.6,0.0,0.0,0.0,0.0,3,10.0,20.5,358,Overcast,0,0,
88794,2021-11-12 12:10:00,40.792614,-73.96906,0,0,Passing Too Closely,4476629,18.5,8.9,15.0,15.0,0.0,7.0,63,39.8,74.5,174,Rain: Moderate,0,0,
88795,2021-11-12 08:55:00,40.615185,-73.98367,2,0,Driver Inattention/Distraction,4476985,18.5,8.9,15.0,15.0,0.0,7.0,63,39.8,74.5,174,Rain: Moderate,2,2,
88796,2021-11-11 18:44:00,40.768707,-73.72889,0,0,Driver Inattention/Distraction,4476870,15.0,4.2,0.3,0.3,0.0,2.0,51,22.6,38.2,85,Drizzle: Light,0,0,
88797,2021-11-12 04:58:00,40.671196,-73.813896,1,0,Other Vehicular,4476582,18.5,8.9,15.0,15.0,0.0,7.0,63,39.8,74.5,174,Rain: Moderate,1,1,
88798,2021-11-12 13:25:00,40.80704,-73.9698,1,0,Following Too Closely,4476745,18.5,8.9,15.0,15.0,0.0,7.0,63,39.8,74.5,174,Rain: Moderate,1,1,
88799,2021-11-10 14:24:00,40.845467,-73.92813,0,0,Following Too Closely,4476206,17.2,7.8,0.3,0.3,0.0,1.0,51,20.7,38.5,318,Drizzle: Light,0,0,
88800,2021-11-11 16:20:00,40.778606,-73.84339,0,0,Unspecified,4476687,15.0,4.2,0.3,0.3,0.0,2.0,51,22.6,38.2,85,Drizzle: Light,0,0,
88801,2021-11-12 15:32:00,40.764786,-73.96844,0,0,Aggressive Driving/Road Rage,4477421,18.5,8.9,15.0,15.0,0.0,7.0,63,39.8,74.5,174,Rain: Moderate,0,0,
88802,2021-11-12 11:45:00,40.743767,-73.83748,1,0,Unspecified,4477114,18.5,8.9,15.0,15.0,0.0,7.0,63,39.8,74.5,174,Rain: Moderate,1,1,
88803,2021-10-28 17:49:00,40.78065,-73.976425,0,0,Driver Inattention/Distraction,4476883,15.2,7.9,0.0,0.0,0.0,0.0,3,19.1,34.6,28,Overcast,0,0,
88804,2021-11-12 15:48:00,40.86544,-73.85579,1,0,Driver Inattention/Distraction,4476849,18.5,8.9,15.0,15.0,0.0,7.0,63,39.8,74.5,174,Rain: Moderate,1,1,
88805,2021-11-05 17:46:00,40.704147,-73.807594,1,0,Driver Inattention/Distraction,4476704,10.7,3.2,0.0,0.0,0.0,0.0,0,14.8,30.2,1,Clear sky,1,1,Sunny/Clear Conditions
88806,2021-11-10 20:50:00,40.76447,-73.91231,0,0,Driver Inattention/Distraction,4477355,17.2,7.8,0.3,0.3,0.0,1.0,51,20.7,38.5,318,Drizzle: Light,0,0,
88807,2021-11-11 14:59:00,40.765335,-73.90612,2,0,Failure to Yield Right-of-Way,4476530,15.0,4.2,0.3,0.3,0.0,2.0,51,22.6,38.2,85,Drizzle: Light,2,2,
88808,2021-11-10 15:20:00,40.672527,-73.95026,0,0,Reaction to Uninvolved Vehicle,4476369,17.2,7.8,0.3,0.3,0.0,1.0,51,20.7,38.5,318,Drizzle: Light,0,0,
88809,2021-11-12 23:38:00,40.8032,-73.93466,1,0,Turning Improperly,4476826,18.5,8.9,15.0,15.0,0.0,7.0,63,39.8,74.5,174,Rain: Moderate,1,1,
88810,2021-11-11 06:10:00,40.699715,-73.79869,0,0,Failure to Yield Right-of-Way,4476296,15.0,4.2,0.3,0.3,0.0,2.0,51,22.6,38.2,85,Drizzle: Light,0,0,
88811,2021-11-10 21:00:00,40.690704,-73.76049,0,0,Failure to Yield Right-of-Way,4476643,17.2,7.8,0.3,0.3,0.0,1.0,51,20.7,38.5,318,Drizzle: Light,0,0,
88812,2021-11-10 23:53:00,40.71572,-73.825745,2,0,Unsafe Lane Changing,4476122,17.2,7.8,0.3,0.3,0.0,1.0,51,20.7,38.5,318,Drizzle: Light,2,2,
88813,2021-11-12 12:56:00,40.73675,-73.87768,0,0,Driver Inattention/Distraction,4477133,18.5,8.9,15.0,15.0,0.0,7.0,63,39.8,74.5,174,Rain: Moderate,0,0,
88814,2021-11-11 06:40:00,40.613476,-74.09793,0,0,Unsafe Speed,4477036,15.0,4.2,0.3,0.3,0.0,2.0,51,22.6,38.2,85,Drizzle: Light,0,0,
88815,2021-11-12 14:10:00,40.70403,-73.81711,2,0,Traffic Control Disregarded,4476672,18.5,8.9,15.0,15.0,0.0,7.0,63,39.8,74.5,174,Rain: Moderate,2,2,
88816,2021-11-08 18:20:00,40.70576,-73.80167,0,0,Reaction to Uninvolved Vehicle,4477403,16.5,6.4,0.0,0.0,0.0,0.0,3,17.4,33.8,355,Overcast,0,0,
88817,2021-11-10 08:32:00,40.615356,-73.976234,0,0,Unspecified,4476493,17.2,7.8,0.3,0.3,0.0,1.0,51,20.7,38.5,318,Drizzle: Light,0,0,
88818,2021-11-10 13:47:00,40.766556,-73.96294,0,0,Unspecified,4476143,17.2,7.8,0.3,0.3,0.0,1.0,51,20.7,38.5,318,Drizzle: Light,0,0,
88819,2021-11-10 15:00:00,40.76479,-73.98429,0,0,Unspecified,4476510,17.2,7.8,0.3,0.3,0.0,1.0,51,20.7,38.5,318,Drizzle: Light,0,0,
88820,2021-11-12 15:00:00,40.749725,-73.98363,1,0,Failure to Yield Right-of-Way,4477041,18.5,8.9,15.0,15.0,0.0,7.0,63,39.8,74.5,174,Rain: Moderate,1,1,
88821,2021-11-12 16:12:00,40.64891,-73.89256,0,0,Driver Inattention/Distraction,4476709,18.5,8.9,15.0,15.0,0.0,7.0,63,39.8,74.5,174,Rain: Moderate,0,0,
88822,2021-10-14 20:00:00,40.782887,-73.9439,2,0,Unspecified,4477468,25.0,15.4,0.0,0.0,0.0,0.0,3,15.4,29.9,328,Overcast,2,2,
88823,2021-11-08 15:45:00,40.81985,-73.940384,2,0,Lost Consciousness,4476614,16.5,6.4,0.0,0.0,0.0,0.0,3,17.4,33.8,355,Overcast,2,2,
88824,2021-11-12 20:20:00,40.66077,-73.91975,3,0,Unspecified,4477146,18.5,8.9,15.0,15.0,0.0,7.0,63,39.8,74.5,174,Rain: Moderate,3,3,
88825,2021-11-06 06:30:00,40.60353,-74.01863,1,0,Fell Asleep,4477172,10.5,3.4,0.0,0.0,0.0,0.0,0,9.5,17.6,61,Clear sky,1,1,Sunny/Clear Conditions
88826,2021-11-11 08:30:00,40.733665,-73.95573,0,0,Unspecified,4476276,15.0,4.2,0.3,0.3,0.0,2.0,51,22.6,38.2,85,Drizzle: Light,0,0,
88827,2021-11-12 00:00:00,40.717922,-74.01542,0,0,Unspecified,4477078,18.5,8.9,15.0,15.0,0.0,7.0,63,39.8,74.5,174,Rain: Moderate,0,0,
88828,2021-11-10 02:00:00,40.703163,-73.81662,1,0,Following Too Closely,4476024,17.2,7.8,0.3,0.3,0.0,1.0,51,20.7,38.5,318,Drizzle: Light,1,1,
88829,2021-11-11 23:00:00,40.753895,-73.79827,0,0,Aggressive Driving/Road Rage,4476681,15.0,4.2,0.3,0.3,0.0,2.0,51,22.6,38.2,85,Drizzle: Light,0,0,
88830,2021-11-12 22:25:00,40.83611,-73.92238,1,0,Turning Improperly,4476965,18.5,8.9,15.0,15.0,0.0,7.0,63,39.8,74.5,174,Rain: Moderate,1,1,
88831,2021-11-12 14:25:00,40.743477,-73.73286,5,0,Driver Inattention/Distraction,4476713,18.5,8.9,15.0,15.0,0.0,7.0,63,39.8,74.5,174,Rain: Moderate,5,5,
88832,2021-11-03 08:30:00,40.774677,-73.98221,0,0,Passing Too Closely,4476736,10.7,3.8,0.1,0.1,0.0,1.0,51,15.6,30.6,302,Drizzle: Light,0,0,
88833,2021-11-12 12:00:00,40.838577,-73.86916,0,0,Unspecified,4477216,18.5,8.9,15.0,15.0,0.0,7.0,63,39.8,74.5,174,Rain: Moderate,0,0,
88834,2021-11-03 17:45:00,40.75415,-73.853424,0,0,Driver Inattention/Distraction,4476810,10.7,3.8,0.1,0.1,0.0,1.0,51,15.6,30.6,302,Drizzle: Light,0,0,
88835,2021-11-11 21:23:00,40.756367,-73.96012,0,0,Driver Inattention/Distraction,4476434,15.0,4.2,0.3,0.3,0.0,2.0,51,22.6,38.2,85,Drizzle: Light,0,0,
88836,2021-11-10 08:18:00,40.711338,-73.85646,0,0,Driver Inattention/Distraction,4475929,17.2,7.8,0.3,0.3,0.0,1.0,51,20.7,38.5,318,Drizzle: Light,0,0,
88837,2021-11-09 14:10:00,40.8585,-73.86783,1,0,Driver Inexperience,4477242,19.5,5.6,0.0,0.0,0.0,0.0,3,10.2,20.2,283,Overcast,1,1,
88838,2021-11-09 12:09:00,40.830257,-73.914856,0,0,Passing Too Closely,4476948,19.5,5.6,0.0,0.0,0.0,0.0,3,10.2,20.2,283,Overcast,0,0,
88839,2021-11-10 18:34:00,40.707146,-73.927025,0,0,Passing Too Closely,4476183,17.2,7.8,0.3,0.3,0.0,1.0,51,20.7,38.5,318,Drizzle: Light,0,0,
88840,2021-11-10 10:00:00,40.84434,-73.91475,0,0,Aggressive Driving/Road Rage,4476954,17.2,7.8,0.3,0.3,0.0,1.0,51,20.7,38.5,318,Drizzle: Light,0,0,
88841,2021-11-08 19:30:00,40.77613,-73.910706,1,0,Turning Improperly,4477284,16.5,6.4,0.0,0.0,0.0,0.0,3,17.4,33.8,355,Overcast,1,1,
88842,2021-11-12 07:50:00,40.85038,-73.90699,1,0,Unspecified,4476570,18.5,8.9,15.0,15.0,0.0,7.0,63,39.8,74.5,174,Rain: Moderate,1,1,
88843,2021-11-12 08:00:00,40.60181,-73.760605,0,0,Unspecified,4477473,18.5,8.9,15.0,15.0,0.0,7.0,63,39.8,74.5,174,Rain: Moderate,0,0,
88844,2022-02-06 00:52:00,40.851936,-73.91078,0,0,Driver Inattention/Distraction,4505022,-1.4,-8.8,0.0,0.0,0.0,0.0,3,16.2,31.7,83,Overcast,0,0,
88845,2021-11-10 18:39:00,40.682262,-73.84514,3,0,Driver Inattention/Distraction,4476099,17.2,7.8,0.3,0.3,0.0,1.0,51,20.7,38.5,318,Drizzle: Light,3,3,
88846,2021-11-11 08:00:00,40.81082,-73.91399,0,0,Following Too Closely,4476468,15.0,4.2,0.3,0.3,0.0,2.0,51,22.6,38.2,85,Drizzle: Light,0,0,
88847,2021-11-11 19:14:00,40.672222,-73.97383,1,0,Failure to Yield Right-of-Way,4477446,15.0,4.2,0.3,0.3,0.0,2.0,51,22.6,38.2,85,Drizzle: Light,1,1,
88848,2021-11-12 11:55:00,40.596977,-73.97324,0,0,Turning Improperly,4477019,18.5,8.9,15.0,15.0,0.0,7.0,63,39.8,74.5,174,Rain: Moderate,0,0,
88849,2021-11-09 15:51:00,40.804054,-73.91369,2,0,Driver Inattention/Distraction,4476565,19.5,5.6,0.0,0.0,0.0,0.0,3,10.2,20.2,283,Overcast,2,2,
88850,2021-11-11 14:18:00,40.78884,-73.81381,0,0,Passing Too Closely,4476385,15.0,4.2,0.3,0.3,0.0,2.0,51,22.6,38.2,85,Drizzle: Light,0,0,
88851,2021-11-10 10:30:00,40.692547,-73.79391,0,0,Passing Too Closely,4476026,17.2,7.8,0.3,0.3,0.0,1.0,51,20.7,38.5,318,Drizzle: Light,0,0,
88852,2021-11-10 13:30:00,40.750763,-73.97445,1,0,Driver Inattention/Distraction,4476055,17.2,7.8,0.3,0.3,0.0,1.0,51,20.7,38.5,318,Drizzle: Light,1,1,
88853,2021-11-10 17:45:00,40.857758,-73.90095,1,0,Pedestrian/Bicyclist/Other Pedestrian Error/Confusion,4476284,17.2,7.8,0.3,0.3,0.0,1.0,51,20.7,38.5,318,Drizzle: Light,1,1,
88854,2021-11-12 22:10:00,40.8097,-73.90304,4,0,Unspecified,4476865,18.5,8.9,15.0,15.0,0.0,7.0,63,39.8,74.5,174,Rain: Moderate,4,4,
88855,2021-11-10 13:50:00,40.604645,-74.16238,0,0,Driver Inattention/Distraction,4476238,17.2,7.8,0.3,0.3,0.0,1.0,51,20.7,38.5,318,Drizzle: Light,0,0,
88856,2021-11-12 17:25:00,40.724136,-73.992615,0,0,Driver Inattention/Distraction,4477108,18.5,8.9,15.0,15.0,0.0,7.0,63,39.8,74.5,174,Rain: Moderate,0,0,
88857,2021-11-11 08:31:00,40.72588,-73.941696,0,0,Turning Improperly,4476248,15.0,4.2,0.3,0.3,0.0,2.0,51,22.6,38.2,85,Drizzle: Light,0,0,
88858,2021-11-11 17:34:00,40.83501,-73.91206,0,0,Driver Inattention/Distraction,4476473,15.0,4.2,0.3,0.3,0.0,2.0,51,22.6,38.2,85,Drizzle: Light,0,0,
88859,2021-11-11 17:59:00,40.693874,-73.91777,0,0,Passing Too Closely,4476597,15.0,4.2,0.3,0.3,0.0,2.0,51,22.6,38.2,85,Drizzle: Light,0,0,
88860,2021-11-10 01:25:00,40.730366,-73.91388,1,0,Reaction to Uninvolved Vehicle,4475918,17.2,7.8,0.3,0.3,0.0,1.0,51,20.7,38.5,318,Drizzle: Light,1,1,
88861,2021-11-08 20:04:00,40.73044,-73.74377,0,0,Backing Unsafely,4476741,16.5,6.4,0.0,0.0,0.0,0.0,3,17.4,33.8,355,Overcast,0,0,
88862,2021-11-10 10:01:00,40.66188,-73.94557,0,0,Driver Inexperience,4476526,17.2,7.8,0.3,0.3,0.0,1.0,51,20.7,38.5,318,Drizzle: Light,0,0,
88863,2021-11-12 03:44:00,40.756874,-73.94436,1,0,Driver Inattention/Distraction,4476974,18.5,8.9,15.0,15.0,0.0,7.0,63,39.8,74.5,174,Rain: Moderate,1,1,
88864,2021-11-12 13:30:00,40.752197,-73.726135,0,0,Steering Failure,4476658,18.5,8.9,15.0,15.0,0.0,7.0,63,39.8,74.5,174,Rain: Moderate,0,0,
88865,2021-11-12 20:00:00,40.748985,-73.979965,1,0,Traffic Control Disregarded,4477184,18.5,8.9,15.0,15.0,0.0,7.0,63,39.8,74.5,174,Rain: Moderate,1,1,
88866,2021-11-10 09:30:00,40.82273,-73.91934,1,0,Unspecified,4476619,17.2,7.8,0.3,0.3,0.0,1.0,51,20.7,38.5,318,Drizzle: Light,1,1,
88867,2021-11-11 00:00:00,40.67752,-73.972725,2,0,Following Too Closely,4476487,15.0,4.2,0.3,0.3,0.0,2.0,51,22.6,38.2,85,Drizzle: Light,2,2,
88868,2021-11-12 08:00:00,40.743008,-73.77758,1,0,Following Too Closely,4476626,18.5,8.9,15.0,15.0,0.0,7.0,63,39.8,74.5,174,Rain: Moderate,1,1,
88869,2021-11-06 09:40:00,40.715183,-73.82325,0,0,Unspecified,4476732,10.5,3.4,0.0,0.0,0.0,0.0,0,9.5,17.6,61,Clear sky,0,0,Sunny/Clear Conditions
88870,2021-11-12 14:10:00,40.708767,-73.94004,0,0,Passing or Lane Usage Improper,4477443,18.5,8.9,15.0,15.0,0.0,7.0,63,39.8,74.5,174,Rain: Moderate,0,0,
88871,2021-11-12 10:50:00,40.675053,-73.947235,0,0,Driver Inexperience,4477128,18.5,8.9,15.0,15.0,0.0,7.0,63,39.8,74.5,174,Rain: Moderate,0,0,
88872,2021-11-11 06:40:00,40.71505,-73.939926,0,0,Backing Unsafely,4476515,15.0,4.2,0.3,0.3,0.0,2.0,51,22.6,38.2,85,Drizzle: Light,0,0,
88873,2021-11-11 05:37:00,40.750732,-73.86286,0,0,Driver Inattention/Distraction,4476814,15.0,4.2,0.3,0.3,0.0,2.0,51,22.6,38.2,85,Drizzle: Light,0,0,
88874,2021-11-08 18:00:00,40.752262,-73.89902,1,0,Failure to Yield Right-of-Way,4476700,16.5,6.4,0.0,0.0,0.0,0.0,3,17.4,33.8,355,Overcast,1,1,
88875,2021-11-09 20:25:00,40.66798,-73.893845,1,0,Driver Inattention/Distraction,4477314,19.5,5.6,0.0,0.0,0.0,0.0,3,10.2,20.2,283,Overcast,1,1,
88876,2021-11-10 07:50:00,40.702873,-73.817055,0,0,Passing or Lane Usage Improper,4475966,17.2,7.8,0.3,0.3,0.0,1.0,51,20.7,38.5,318,Drizzle: Light,0,0,
88877,2021-11-12 18:14:00,40.752934,-73.9855,0,0,Following Too Closely,4477028,18.5,8.9,15.0,15.0,0.0,7.0,63,39.8,74.5,174,Rain: Moderate,0,0,
88878,2021-11-10 16:09:00,40.703205,-73.95713,1,0,Unspecified,4476484,17.2,7.8,0.3,0.3,0.0,1.0,51,20.7,38.5,318,Drizzle: Light,1,1,
88879,2021-10-28 19:37:00,40.843365,-73.91545,0,0,Following Too Closely,4476946,15.2,7.9,0.0,0.0,0.0,0.0,3,19.1,34.6,28,Overcast,0,0,
88880,2021-11-02 11:49:00,40.692764,-73.94579,1,0,Driver Inattention/Distraction,4476841,11.4,7.0,0.6,0.6,0.0,4.0,51,14.1,28.1,271,Drizzle: Light,1,1,
88881,2021-11-11 17:03:00,40.635815,-73.95343,2,0,Driver Inattention/Distraction,4476773,15.0,4.2,0.3,0.3,0.0,2.0,51,22.6,38.2,85,Drizzle: Light,2,2,
88882,2021-11-10 14:10:00,40.884346,-73.88706,0,0,Unsafe Speed,4476189,17.2,7.8,0.3,0.3,0.0,1.0,51,20.7,38.5,318,Drizzle: Light,0,0,
88883,2021-11-08 10:54:00,40.830025,-73.872765,1,0,Unspecified,4477230,16.5,6.4,0.0,0.0,0.0,0.0,3,17.4,33.8,355,Overcast,1,1,
88884,2021-11-10 02:13:00,40.756897,-73.893196,0,0,Driver Inattention/Distraction,4475897,17.2,7.8,0.3,0.3,0.0,1.0,51,20.7,38.5,318,Drizzle: Light,0,0,
88885,2021-11-10 17:20:00,40.661503,-73.91839,0,0,Unspecified,4476996,17.2,7.8,0.3,0.3,0.0,1.0,51,20.7,38.5,318,Drizzle: Light,0,0,
88886,2021-11-10 08:14:00,40.687077,-73.92355,0,0,Driver Inattention/Distraction,4476061,17.2,7.8,0.3,0.3,0.0,1.0,51,20.7,38.5,318,Drizzle: Light,0,0,
88887,2021-11-10 12:18:00,40.61273,-74.13602,0,0,Backing Unsafely,4476236,17.2,7.8,0.3,0.3,0.0,1.0,51,20.7,38.5,318,Drizzle: Light,0,0,
88888,2021-11-12 20:05:00,40.637547,-74.003845,1,0,Driver Inattention/Distraction,4477483,18.5,8.9,15.0,15.0,0.0,7.0,63,39.8,74.5,174,Rain: Moderate,1,1,
88889,2021-11-07 04:00:00,40.85685,-73.93148,0,0,Unsafe Speed,4476542,12.1,2.6,0.0,0.0,0.0,0.0,3,10.0,20.5,358,Overcast,0,0,
88890,2021-10-19 14:25:00,40.68316,-73.93809,0,0,Driver Inattention/Distraction,4472525,19.1,8.3,0.0,0.0,0.0,0.0,1,24.6,45.0,272,Mainly clear,0,0,Sunny/Clear Conditions
88891,2021-11-11 18:00:00,40.769737,-73.96271,0,0,Driver Inattention/Distraction,4476453,15.0,4.2,0.3,0.3,0.0,2.0,51,22.6,38.2,85,Drizzle: Light,0,0,
88892,2021-11-10 17:00:00,40.68723,-73.941795,1,0,Pedestrian/Bicyclist/Other Pedestrian Error/Confusion,4476602,17.2,7.8,0.3,0.3,0.0,1.0,51,20.7,38.5,318,Drizzle: Light,1,1,
88893,2021-11-12 20:46:00,40.742874,-73.933945,0,0,Driver Inattention/Distraction,4476727,18.5,8.9,15.0,15.0,0.0,7.0,63,39.8,74.5,174,Rain: Moderate,0,0,
88894,2021-11-05 18:00:00,40.760605,-73.88631,0,0,Driver Inattention/Distraction,4476751,10.7,3.2,0.0,0.0,0.0,0.0,0,14.8,30.2,1,Clear sky,0,0,Sunny/Clear Conditions
88895,2021-11-11 17:15:00,40.64545,-73.95907,1,0,Driver Inattention/Distraction,4476772,15.0,4.2,0.3,0.3,0.0,2.0,51,22.6,38.2,85,Drizzle: Light,1,1,
88896,2021-11-10 12:23:00,40.70942,-73.93304,0,0,Driver Inattention/Distraction,4476168,17.2,7.8,0.3,0.3,0.0,1.0,51,20.7,38.5,318,Drizzle: Light,0,0,
88897,2021-11-12 12:15:00,40.673187,-73.82491,1,0,Unsafe Speed,4476653,18.5,8.9,15.0,15.0,0.0,7.0,63,39.8,74.5,174,Rain: Moderate,1,1,
88898,2021-11-10 11:50:00,40.757793,-73.861916,3,0,View Obstructed/Limited,4476010,17.2,7.8,0.3,0.3,0.0,1.0,51,20.7,38.5,318,Drizzle: Light,3,3,
88899,2021-11-12 10:15:00,40.61405,-74.013916,0,0,Unspecified,4477251,18.5,8.9,15.0,15.0,0.0,7.0,63,39.8,74.5,174,Rain: Moderate,0,0,
88900,2021-11-12 10:49:00,40.681934,-73.922554,0,0,Driver Inexperience,4477222,18.5,8.9,15.0,15.0,0.0,7.0,63,39.8,74.5,174,Rain: Moderate,0,0,
88901,2021-11-12 21:00:00,40.82048,-73.81809,1,0,Unspecified,4477509,18.5,8.9,15.0,15.0,0.0,7.0,63,39.8,74.5,174,Rain: Moderate,1,1,
88902,2021-11-12 06:09:00,40.683174,-73.92496,0,0,Driver Inattention/Distraction,4477196,18.5,8.9,15.0,15.0,0.0,7.0,63,39.8,74.5,174,Rain: Moderate,0,0,