,CRASH DATETIME,LATITUDE,LONGITUDE,NUMBER OF PERSONS INJURED,NUMBER OF PERSONS KILLED,CONTRIBUTING FACTOR VEHICLE 1,COLLISION_ID,temperature_2m_max,temperature_2m_min,precipitation_sum,rain_sum,snowfall_sum,precipitation_hours,weather_code,wind_speed_10m_max,wind_gusts_10m_max,wind_direction_10m_dominant,Weather Description,Severity_Score,Total_Affected_Persons,Weather_Category
88903,2021-11-10 11:18:00,40.652992,-73.9438,0,0,Unspecified,4476361,17.2,7.8,0.3,0.3,0.0,1.0,51,20.7,38.5,318,Drizzle: Light,0,0,
88904,2021-11-12 07:20:00,40.65743,-73.9451,2,0,Failure to Yield Right-of-Way,4476621,18.5,8.9,15.0,15.0,0.0,7.0,63,39.8,74.5,174,Rain: Moderate,2,2,
88905,2021-11-10 18:47:00,40.709385,-73.91764,0,0,Unspecified,4476325,17.2,7.8,0.3,0.3,0.0,1.0,51,20.7,38.5,318,Drizzle: Light,0,0,
88906,2021-10-30 01:30:00,40.690907,-73.95542,0,0,Driver Inattention/Distraction,4476795,17.8,12.0,7.8,7.8,0.0,16.0,61,38.5,68.0,112,Rain: Light,0,0,
88907,2021-11-05 13:30:00,40.750423,-73.78517,0,0,Passing Too Closely,4476606,10.7,3.2,0.0,0.0,0.0,0.0,0,14.8,30.2,1,Clear sky,0,0,Sunny/Clear Conditions
88908,2021-11-10 22:30:00,40.688816,-73.8175,0,0,Passing or Lane Usage Improper,4476103,17.2,7.8,0.3,0.3,0.0,1.0,51,20.7,38.5,318,Drizzle: Light,0,0,
88909,2021-11-12 15:00:00,40.812008,-73.951515,0,0,Unsafe Speed,4476712,18.5,8.9,15.0,15.0,0.0,7.0,63,39.8,74.5,174,Rain: Moderate,0,0,
88910,2021-11-08 02:30:00,40.767963,-73.91169,0,0,Unsafe Speed,4477373,16.5,6.4,0.0,0.0,0.0,0.0,3,17.4,33.8,355,Overcast,0,0,
88911,2021-11-08 18:00:00,40.661743,-73.94784,1,0,Failure to Yield Right-of-Way,4476695,16.5,6.4,0.0,0.0,0.0,0.0,3,17.4,33.8,355,Overcast,1,1,
88912,2021-11-10 06:35:00,40.630577,-73.88591,0,0,Passenger Distraction,4476087,17.2,7.8,0.3,0.3,0.0,1.0,51,20.7,38.5,318,Drizzle: Light,0,0,
88913,2021-11-11 06:30:00,40.73322,-73.80788,0,0,Driver Inattention/Distraction,4476638,15.0,4.2,0.3,0.3,0.0,2.0,51,22.6,38.2,85,Drizzle: Light,0,0,
88914,2021-11-10 18:20:00,40.76301,-73.87533,0,0,Driver Inattention/Distraction,4476289,17.2,7.8,0.3,0.3,0.0,1.0,51,20.7,38.5,318,Drizzle: Light,0,0,
88915,2021-11-12 17:00:00,40.80581,-73.91437,0,0,Other Vehicular,4476863,18.5,8.9,15.0,15.0,0.0,7.0,63,39.8,74.5,174,Rain: Moderate,0,0,
88916,2021-11-11 20:33:00,40.639633,-73.989204,0,0,Unspecified,4477481,15.0,4.2,0.3,0.3,0.0,2.0,51,22.6,38.2,85,Drizzle: Light,0,0,
88917,2021-11-11 12:50:00,40.75855,-73.82964,1,0,Aggressive Driving/Road Rage,4476905,15.0,4.2,0.3,0.3,0.0,2.0,51,22.6,38.2,85,Drizzle: Light,1,1,
88918,2021-11-12 13:18:00,40.647873,-73.881805,1,0,Driver Inattention/Distraction,4477300,18.5,8.9,15.0,15.0,0.0,7.0,63,39.8,74.5,174,Rain: Moderate,1,1,
88919,2021-10-30 19:07:00,40.68871,-73.95499,0,0,Driver Inattention/Distraction,4476680,17.8,12.0,7.8,7.8,0.0,16.0,61,38.5,68.0,112,Rain: Light,0,0,
88920,2021-11-12 09:30:00,40.825794,-73.86124,0,0,Following Too Closely,4476737,18.5,8.9,15.0,15.0,0.0,7.0,63,39.8,74.5,174,Rain: Moderate,0,0,
88921,2021-10-26 08:30:00,40.87448,-73.83393,0,0,Driver Inattention/Distraction,4476651,16.9,13.8,84.5,84.5,0.0,17.0,65,28.7,53.6,87,Rain: Heavy,0,0,
88922,2022-02-21 06:46:00,40.81813,-73.91646,0,0,Unspecified,4504667,9.9,-1.9,0.0,0.0,0.0,0.0,3,19.2,35.3,192,Overcast,0,0,
88923,2021-11-12 09:34:00,40.61274,-74.06876,0,0,Driver Inattention/Distraction,4477049,18.5,8.9,15.0,15.0,0.0,7.0,63,39.8,74.5,174,Rain: Moderate,0,0,
88924,2021-11-11 11:30:00,40.661976,-73.88884,0,0,Backing Unsafely,4477288,15.0,4.2,0.3,0.3,0.0,2.0,51,22.6,38.2,85,Drizzle: Light,0,0,
88925,2021-11-11 09:30:00,40.695538,-73.74831,1,0,Passing or Lane Usage Improper,4476305,15.0,4.2,0.3,0.3,0.0,2.0,51,22.6,38.2,85,Drizzle: Light,1,1,
88926,2021-11-10 19:50:00,40.584366,-73.9271,0,0,Driver Inattention/Distraction,4476111,17.2,7.8,0.3,0.3,0.0,1.0,51,20.7,38.5,318,Drizzle: Light,0,0,
88927,2021-11-04 12:40:00,40.66041,-73.93424,0,0,Turning Improperly,4476524,9.9,3.0,0.0,0.0,0.0,0.0,3,10.8,21.2,5,Overcast,0,0,
88928,2021-11-12 22:00:00,40.816883,-73.96265,0,0,Following Too Closely,4476744,18.5,8.9,15.0,15.0,0.0,7.0,63,39.8,74.5,174,Rain: Moderate,0,0,
88929,2021-11-12 19:25:00,40.69816,-73.97834,0,0,Unspecified,4476926,18.5,8.9,15.0,15.0,0.0,7.0,63,39.8,74.5,174,Rain: Moderate,0,0,
88930,2021-11-10 15:40:00,40.67669,-73.98355,1,0,Passenger Distraction,4477456,17.2,7.8,0.3,0.3,0.0,1.0,51,20.7,38.5,318,Drizzle: Light,1,1,
88931,2021-11-12 12:27:00,40.790554,-73.82255,0,0,Following Too Closely,4476673,18.5,8.9,15.0,15.0,0.0,7.0,63,39.8,74.5,174,Rain: Moderate,0,0,
88932,2021-11-11 22:55:00,40.690468,-73.9879,0,0,Traffic Control Disregarded,4476459,15.0,4.2,0.3,0.3,0.0,2.0,51,22.6,38.2,85,Drizzle: Light,0,0,
88933,2021-11-11 22:35:00,40.658165,-73.88926,0,0,Unspecified,4477293,15.0,4.2,0.3,0.3,0.0,2.0,51,22.6,38.2,85,Drizzle: Light,0,0,
88934,2021-11-10 07:59:00,40.757973,-73.98554,1,0,Failure to Yield Right-of-Way,4475992,17.2,7.8,0.3,0.3,0.0,1.0,51,20.7,38.5,318,Drizzle: Light,1,1,
88935,2021-11-12 00:36:00,40.71431,-73.987175,3,0,Failure to Yield Right-of-Way,4476443,18.5,8.9,15.0,15.0,0.0,7.0,63,39.8,74.5,174,Rain: Moderate,3,3,
88936,2021-11-10 09:10:00,40.76595,-73.80984,1,0,Failure to Yield Right-of-Way,4475956,17.2,7.8,0.3,0.3,0.0,1.0,51,20.7,38.5,318,Drizzle: Light,1,1,
88937,2021-11-12 22:52:00,40.76416,-73.968895,1,0,Backing Unsafely,4477429,18.5,8.9,15.0,15.0,0.0,7.0,63,39.8,74.5,174,Rain: Moderate,1,1,
88938,2021-11-10 17:16:00,40.892956,-73.86382,0,0,Failure to Yield Right-of-Way,4476374,17.2,7.8,0.3,0.3,0.0,1.0,51,20.7,38.5,318,Drizzle: Light,0,0,
88939,2021-11-10 21:38:00,40.84621,-73.91227,1,0,Failure to Yield Right-of-Way,4476200,17.2,7.8,0.3,0.3,0.0,1.0,51,20.7,38.5,318,Drizzle: Light,1,1,
88940,2021-11-11 13:30:00,40.661015,-73.90853,1,0,Other Vehicular,4476835,15.0,4.2,0.3,0.3,0.0,2.0,51,22.6,38.2,85,Drizzle: Light,1,1,
88941,2021-11-11 13:08:00,40.61257,-73.97372,0,0,Unspecified,4476503,15.0,4.2,0.3,0.3,0.0,2.0,51,22.6,38.2,85,Drizzle: Light,0,0,
88942,2021-11-10 13:00:00,40.601696,-73.93508,1,0,Unspecified,4476546,17.2,7.8,0.3,0.3,0.0,1.0,51,20.7,38.5,318,Drizzle: Light,1,1,
88943,2021-11-10 18:45:00,40.828194,-73.90386,1,0,Passing or Lane Usage Improper,4476252,17.2,7.8,0.3,0.3,0.0,1.0,51,20.7,38.5,318,Drizzle: Light,1,1,
88944,2021-11-10 15:30:00,40.68837,-73.98857,0,0,Failure to Yield Right-of-Way,4476033,17.2,7.8,0.3,0.3,0.0,1.0,51,20.7,38.5,318,Drizzle: Light,0,0,
88945,2021-11-10 19:00:00,40.635868,-74.00559,0,0,Unspecified,4476125,17.2,7.8,0.3,0.3,0.0,1.0,51,20.7,38.5,318,Drizzle: Light,0,0,
88946,2021-11-10 17:00:00,40.664093,-73.94363,0,0,Backing Unsafely,4476557,17.2,7.8,0.3,0.3,0.0,1.0,51,20.7,38.5,318,Drizzle: Light,0,0,
88947,2021-11-10 22:30:00,40.76447,-73.93241,1,0,Driver Inattention/Distraction,4476226,17.2,7.8,0.3,0.3,0.0,1.0,51,20.7,38.5,318,Drizzle: Light,1,1,
88948,2021-11-10 20:12:00,40.855385,-73.9181,1,0,Following Too Closely,4476161,17.2,7.8,0.3,0.3,0.0,1.0,51,20.7,38.5,318,Drizzle: Light,1,1,
88949,2021-11-08 22:07:00,40.861336,-73.866806,1,0,Traffic Control Disregarded,4476574,16.5,6.4,0.0,0.0,0.0,0.0,3,17.4,33.8,355,Overcast,1,1,
88950,2021-11-12 00:00:00,40.585056,-73.928894,1,0,Unspecified,4477098,18.5,8.9,15.0,15.0,0.0,7.0,63,39.8,74.5,174,Rain: Moderate,1,1,
88951,2021-11-10 08:30:00,40.711693,-73.95124,0,0,View Obstructed/Limited,4475943,17.2,7.8,0.3,0.3,0.0,1.0,51,20.7,38.5,318,Drizzle: Light,0,0,
88952,2021-11-12 19:57:00,40.699547,-73.83246,1,0,Driver Inexperience,4477531,18.5,8.9,15.0,15.0,0.0,7.0,63,39.8,74.5,174,Rain: Moderate,1,1,
88953,2021-11-10 06:13:00,40.73915,-73.847374,1,0,Unspecified,4475880,17.2,7.8,0.3,0.3,0.0,1.0,51,20.7,38.5,318,Drizzle: Light,1,1,
88954,2021-11-10 15:47:00,40.679188,-73.927666,1,0,Backing Unsafely,4476066,17.2,7.8,0.3,0.3,0.0,1.0,51,20.7,38.5,318,Drizzle: Light,1,1,
88955,2021-11-12 17:03:00,40.695854,-73.98198,1,0,Unspecified,4476724,18.5,8.9,15.0,15.0,0.0,7.0,63,39.8,74.5,174,Rain: Moderate,1,1,
88956,2021-11-11 08:51:00,40.712902,-73.98694,1,0,Unspecified,4476429,15.0,4.2,0.3,0.3,0.0,2.0,51,22.6,38.2,85,Drizzle: Light,1,1,
88957,2021-11-10 16:25:00,40.783245,-73.94473,0,0,Traffic Control Disregarded,4476137,17.2,7.8,0.3,0.3,0.0,1.0,51,20.7,38.5,318,Drizzle: Light,0,0,
88958,2021-11-10 14:45:00,40.73472,-73.709305,1,0,Pedestrian/Bicyclist/Other Pedestrian Error/Confusion,4476042,17.2,7.8,0.3,0.3,0.0,1.0,51,20.7,38.5,318,Drizzle: Light,1,1,
88959,2021-11-12 18:10:00,40.657383,-73.88974,0,0,Driver Inattention/Distraction,4477321,18.5,8.9,15.0,15.0,0.0,7.0,63,39.8,74.5,174,Rain: Moderate,0,0,
88960,2021-11-11 16:41:00,40.67973,-73.76162,0,0,Passing or Lane Usage Improper,4476534,15.0,4.2,0.3,0.3,0.0,2.0,51,22.6,38.2,85,Drizzle: Light,0,0,
88961,2021-11-11 15:05:00,40.763508,-73.77193,0,0,Passing or Lane Usage Improper,4476330,15.0,4.2,0.3,0.3,0.0,2.0,51,22.6,38.2,85,Drizzle: Light,0,0,
88962,2021-11-10 18:30:00,40.711365,-73.97897,0,0,Driver Inattention/Distraction,4476355,17.2,7.8,0.3,0.3,0.0,1.0,51,20.7,38.5,318,Drizzle: Light,0,0,
88963,2021-11-11 07:50:00,40.830055,-73.88641,1,0,Unspecified,4476666,15.0,4.2,0.3,0.3,0.0,2.0,51,22.6,38.2,85,Drizzle: Light,1,1,
88964,2021-11-11 09:59:00,40.703556,-73.78805,1,0,Failure to Yield Right-of-Way,4476294,15.0,4.2,0.3,0.3,0.0,2.0,51,22.6,38.2,85,Drizzle: Light,1,1,
88965,2021-10-30 05:30:00,40.76636,-73.91632,0,0,Driver Inattention/Distraction,4477363,17.8,12.0,7.8,7.8,0.0,16.0,61,38.5,68.0,112,Rain: Light,0,0,
88966,2021-11-09 18:30:00,40.686203,-73.950745,0,0,Backing Unsafely,4476634,19.5,5.6,0.0,0.0,0.0,0.0,3,10.2,20.2,283,Overcast,0,0,
88967,2021-11-12 14:00:00,40.63029,-74.08891,1,0,Failure to Yield Right-of-Way,4477053,18.5,8.9,15.0,15.0,0.0,7.0,63,39.8,74.5,174,Rain: Moderate,1,1,
88968,2021-11-10 10:50:00,40.629166,-73.947334,0,0,Passing Too Closely,4476394,17.2,7.8,0.3,0.3,0.0,1.0,51,20.7,38.5,318,Drizzle: Light,0,0,
88969,2021-11-10 14:22:00,40.793816,-73.94012,0,0,Unspecified,4476539,17.2,7.8,0.3,0.3,0.0,1.0,51,20.7,38.5,318,Drizzle: Light,0,0,
88970,2022-09-21 16:40:00,40.822033,-73.91182,1,0,,4568033,26.5,16.0,0.0,0.0,0.0,0.0,3,19.4,36.7,252,Overcast,1,1,
88971,2021-11-12 05:50:00,40.675438,-73.889465,0,0,Unspecified,4477296,18.5,8.9,15.0,15.0,0.0,7.0,63,39.8,74.5,174,Rain: Moderate,0,0,
88972,2021-11-12 15:25:00,40.651867,-73.9127,1,0,Unspecified,4477157,18.5,8.9,15.0,15.0,0.0,7.0,63,39.8,74.5,174,Rain: Moderate,1,1,
88973,2021-11-08 07:45:00,40.713875,-73.75405,0,0,Following Too Closely,4476893,16.5,6.4,0.0,0.0,0.0,0.0,3,17.4,33.8,355,Overcast,0,0,
88974,2021-11-10 13:47:00,40.767307,-73.98014,0,0,Passing or Lane Usage Improper,4476498,17.2,7.8,0.3,0.3,0.0,1.0,51,20.7,38.5,318,Drizzle: Light,0,0,
88975,2021-11-05 19:19:00,40.72229,-73.86732,0,0,Passing Too Closely,4476705,10.7,3.2,0.0,0.0,0.0,0.0,0,14.8,30.2,1,Clear sky,0,0,Sunny/Clear Conditions
88976,2021-11-06 18:50:00,40.610134,-73.91108,1,0,Pedestrian/Bicyclist/Other Pedestrian Error/Confusion,4476692,10.5,3.4,0.0,0.0,0.0,0.0,0,9.5,17.6,61,Clear sky,1,1,Sunny/Clear Conditions
88977,2021-11-10 17:49:00,40.68473,-74.00102,1,0,Passenger Distraction,4476081,17.2,7.8,0.3,0.3,0.0,1.0,51,20.7,38.5,318,Drizzle: Light,1,1,
88978,2021-11-05 13:25:00,40.75621,-73.92896,1,0,Driver Inattention/Distraction,4476973,10.7,3.2,0.0,0.0,0.0,0.0,0,14.8,30.2,1,Clear sky,1,1,Sunny/Clear Conditions
88979,2021-11-10 14:00:00,40.894314,-73.86027,0,0,Failure to Yield Right-of-Way,4476301,17.2,7.8,0.3,0.3,0.0,1.0,51,20.7,38.5,318,Drizzle: Light,0,0,
88980,2021-11-04 21:00:00,40.70713,-73.90327,0,0,Driver Inexperience,4477119,9.9,3.0,0.0,0.0,0.0,0.0,3,10.8,21.2,5,Overcast,0,0,
88981,2021-11-10 16:14:00,40.701912,-73.93699,1,0,Passing or Lane Usage Improper,4476185,17.2,7.8,0.3,0.3,0.0,1.0,51,20.7,38.5,318,Drizzle: Light,1,1,
88982,2021-11-11 20:00:00,40.665634,-73.75817,3,0,Following Too Closely,4476439,15.0,4.2,0.3,0.3,0.0,2.0,51,22.6,38.2,85,Drizzle: Light,3,3,
88983,2021-11-10 01:50:00,40.663704,-73.936424,0,0,Unspecified,4477537,17.2,7.8,0.3,0.3,0.0,1.0,51,20.7,38.5,318,Drizzle: Light,0,0,
88984,2021-11-12 01:05:00,40.758266,-73.98547,0,0,Alcohol Involvement,4476783,18.5,8.9,15.0,15.0,0.0,7.0,63,39.8,74.5,174,Rain: Moderate,0,0,
88985,2021-10-31 05:00:00,40.60417,-73.97796,0,0,Unspecified,4477039,18.3,12.5,3.7,3.7,0.0,8.0,55,22.9,41.0,268,Drizzle: Dense,0,0,
88986,2021-11-10 14:15:00,40.690693,-73.95728,2,0,Following Too Closely,4476603,17.2,7.8,0.3,0.3,0.0,1.0,51,20.7,38.5,318,Drizzle: Light,2,2,
88987,2021-11-10 16:30:00,40.765358,-73.965904,0,0,Driver Inattention/Distraction,4476454,17.2,7.8,0.3,0.3,0.0,1.0,51,20.7,38.5,318,Drizzle: Light,0,0,
88988,2021-11-12 06:00:00,40.7067,-74.01605,0,0,Failure to Yield Right-of-Way,4476588,18.5,8.9,15.0,15.0,0.0,7.0,63,39.8,74.5,174,Rain: Moderate,0,0,
88989,2021-10-21 14:00:00,40.67066,-73.957985,2,0,Following Too Closely,4477162,22.9,12.0,0.0,0.0,0.0,0.0,3,17.0,31.7,207,Overcast,2,2,
88990,2021-11-11 16:55:00,40.848022,-73.88864,0,0,Passing or Lane Usage Improper,4476566,15.0,4.2,0.3,0.3,0.0,2.0,51,22.6,38.2,85,Drizzle: Light,0,0,
88991,2021-11-10 10:53:00,40.64936,-74.01284,0,0,Unspecified,4475981,17.2,7.8,0.3,0.3,0.0,1.0,51,20.7,38.5,318,Drizzle: Light,0,0,
88992,2021-11-12 13:30:00,40.652428,-73.83923,3,0,Failure to Yield Right-of-Way,4477467,18.5,8.9,15.0,15.0,0.0,7.0,63,39.8,74.5,174,Rain: Moderate,3,3,
88993,2021-11-05 23:20:00,40.71138,-73.96645,1,0,Pedestrian/Bicyclist/Other Pedestrian Error/Confusion,4477440,10.7,3.2,0.0,0.0,0.0,0.0,0,14.8,30.2,1,Clear sky,1,1,Sunny/Clear Conditions
88994,2021-11-10 00:00:00,40.601463,-73.97555,1,0,Unspecified,4476217,17.2,7.8,0.3,0.3,0.0,1.0,51,20.7,38.5,318,Drizzle: Light,1,1,
88995,2021-11-01 04:50:00,40.855595,-73.92733,0,0,Driver Inattention/Distraction,4477168,14.4,8.0,0.0,0.0,0.0,0.0,3,20.7,38.5,278,Overcast,0,0,
88996,2021-11-11 15:00:00,40.76536,-73.82787,0,0,Following Too Closely,4476384,15.0,4.2,0.3,0.3,0.0,2.0,51,22.6,38.2,85,Drizzle: Light,0,0,
88997,2021-11-10 17:13:00,40.834354,-73.82623,1,0,Unspecified,4476173,17.2,7.8,0.3,0.3,0.0,1.0,51,20.7,38.5,318,Drizzle: Light,1,1,
88998,2021-11-10 07:30:00,40.69401,-73.81587,0,0,Backing Unsafely,4475965,17.2,7.8,0.3,0.3,0.0,1.0,51,20.7,38.5,318,Drizzle: Light,0,0,
88999,2021-11-10 11:45:00,40.685764,-73.80665,0,0,Failure to Yield Right-of-Way,4476027,17.2,7.8,0.3,0.3,0.0,1.0,51,20.7,38.5,318,Drizzle: Light,0,0,
89000,2021-11-12 05:10:00,40.68717,-73.89231,0,0,Unspecified,4477141,18.5,8.9,15.0,15.0,0.0,7.0,63,39.8,74.5,174,Rain: Moderate,0,0,
89001,2021-11-11 09:30:00,40.8466,-73.88346,1,0,Other Vehicular,4476561,15.0,4.2,0.3,0.3,0.0,2.0,51,22.6,38.2,85,Drizzle: Light,1,1,
89002,2021-11-10 18:12:00,40.679565,-73.92882,0,0,Following Too Closely,4477213,17.2,7.8,0.3,0.3,0.0,1.0,51,20.7,38.5,318,Drizzle: Light,0,0,
89003,2021-11-10 16:15:00,40.867012,-73.92312,1,0,Driver Inexperience,4476264,17.2,7.8,0.3,0.3,0.0,1.0,51,20.7,38.5,318,Drizzle: Light,1,1,
89004,2021-11-10 15:15:00,40.824066,-73.908714,0,0,Aggressive Driving/Road Rage,4476249,17.2,7.8,0.3,0.3,0.0,1.0,51,20.7,38.5,318,Drizzle: Light,0,0,
89005,2021-11-10 05:20:00,40.759983,-73.964806,1,0,Other Vehicular,4475931,17.2,7.8,0.3,0.3,0.0,1.0,51,20.7,38.5,318,Drizzle: Light,1,1,
89006,2021-11-08 16:25:00,40.678318,-73.94693,0,0,Driver Inattention/Distraction,4477106,16.5,6.4,0.0,0.0,0.0,0.0,3,17.4,33.8,355,Overcast,0,0,
89007,2021-11-12 15:00:00,40.874157,-73.899445,1,0,Unspecified,4477233,18.5,8.9,15.0,15.0,0.0,7.0,63,39.8,74.5,174,Rain: Moderate,1,1,
89008,2021-11-11 19:20:00,40.74854,-73.97315,0,0,Following Too Closely,4476396,15.0,4.2,0.3,0.3,0.0,2.0,51,22.6,38.2,85,Drizzle: Light,0,0,
89009,2021-11-09 17:00:00,40.878098,-73.905396,0,0,Unspecified,4477231,19.5,5.6,0.0,0.0,0.0,0.0,3,10.2,20.2,283,Overcast,0,0,
89010,2021-10-27 16:05:00,40.768333,-73.90776,1,0,Driver Inattention/Distraction,4476529,16.1,12.2,6.6,6.6,0.0,6.0,61,33.3,63.0,359,Rain: Light,1,1,
89011,2021-11-12 12:00:00,40.553314,-74.1634,0,0,Failure to Yield Right-of-Way,4476760,18.5,8.9,15.0,15.0,0.0,7.0,63,39.8,74.5,174,Rain: Moderate,0,0,
89012,2021-11-08 00:00:00,40.817547,-73.95694,0,0,Unspecified,4477009,16.5,6.4,0.0,0.0,0.0,0.0,3,17.4,33.8,355,Overcast,0,0,
89013,2021-11-12 18:25:00,40.6952,-73.92844,1,0,Driver Inattention/Distraction,4476720,18.5,8.9,15.0,15.0,0.0,7.0,63,39.8,74.5,174,Rain: Moderate,1,1,
89014,2021-11-11 23:08:00,40.683674,-73.832794,1,0,Driver Inattention/Distraction,4476444,15.0,4.2,0.3,0.3,0.0,2.0,51,22.6,38.2,85,Drizzle: Light,1,1,
89015,2021-11-11 12:12:00,40.743782,-73.97352,1,0,Driver Inattention/Distraction,4476297,15.0,4.2,0.3,0.3,0.0,2.0,51,22.6,38.2,85,Drizzle: Light,1,1,
89016,2021-11-10 13:50:00,40.817387,-73.92277,0,0,Unspecified,4476467,17.2,7.8,0.3,0.3,0.0,1.0,51,20.7,38.5,318,Drizzle: Light,0,0,
89017,2021-11-10 06:20:00,40.637093,-73.97293,0,0,Unspecified,4476114,17.2,7.8,0.3,0.3,0.0,1.0,51,20.7,38.5,318,Drizzle: Light,0,0,
89018,2021-11-11 10:22:00,40.586777,-73.81465,0,0,Passing or Lane Usage Improper,4476334,15.0,4.2,0.3,0.3,0.0,2.0,51,22.6,38.2,85,Drizzle: Light,0,0,
89019,2021-11-10 22:30:00,40.59455,-73.997574,2,0,Driver Inattention/Distraction,4476351,17.2,7.8,0.3,0.3,0.0,1.0,51,20.7,38.5,318,Drizzle: Light,2,2,
89020,2021-11-10 05:54:00,40.848118,-73.93089,0,0,Driver Inattention/Distraction,4475861,17.2,7.8,0.3,0.3,0.0,1.0,51,20.7,38.5,318,Drizzle: Light,0,0,
89021,2021-11-11 07:30:00,40.749844,-73.7119,0,0,Unspecified,4476433,15.0,4.2,0.3,0.3,0.0,2.0,51,22.6,38.2,85,Drizzle: Light,0,0,
89022,2021-11-11 02:31:00,40.7606,-73.964325,0,0,View Obstructed/Limited,4476146,15.0,4.2,0.3,0.3,0.0,2.0,51,22.6,38.2,85,Drizzle: Light,0,0,
89023,2021-08-30 20:21:00,40.673008,-73.87038,1,0,Unspecified,4477329,28.7,21.7,3.9,3.9,0.0,7.0,63,14.7,33.8,231,Rain: Moderate,1,1,
89024,2021-11-02 13:30:00,40.70177,-73.89808,0,0,Unspecified,4477120,11.4,7.0,0.6,0.6,0.0,4.0,51,14.1,28.1,271,Drizzle: Light,0,0,
89025,2021-11-10 06:55:00,40.743103,-73.95609,0,0,Unsafe Speed,4476157,17.2,7.8,0.3,0.3,0.0,1.0,51,20.7,38.5,318,Drizzle: Light,0,0,
89026,2021-11-10 11:29:00,40.630615,-73.97743,1,0,Unspecified,4476492,17.2,7.8,0.3,0.3,0.0,1.0,51,20.7,38.5,318,Drizzle: Light,1,1,
89027,2021-11-11 15:20:00,40.804333,-73.95305,0,0,Other Vehicular,4476662,15.0,4.2,0.3,0.3,0.0,2.0,51,22.6,38.2,85,Drizzle: Light,0,0,
89028,2021-11-11 16:38:00,40.688763,-73.98964,2,0,Driver Inattention/Distraction,4476390,15.0,4.2,0.3,0.3,0.0,2.0,51,22.6,38.2,85,Drizzle: Light,2,2,
89029,2021-11-12 05:40:00,40.862778,-73.906166,1,0,Driver Inattention/Distraction,4476514,18.5,8.9,15.0,15.0,0.0,7.0,63,39.8,74.5,174,Rain: Moderate,1,1,
89030,2021-11-10 16:40:00,40.85638,-73.82631,1,0,Following Too Closely,4476075,17.2,7.8,0.3,0.3,0.0,1.0,51,20.7,38.5,318,Drizzle: Light,1,1,
89031,2021-11-12 14:50:00,40.87686,-73.85976,0,0,Driver Inattention/Distraction,4477127,18.5,8.9,15.0,15.0,0.0,7.0,63,39.8,74.5,174,Rain: Moderate,0,0,
89032,2021-11-10 14:00:00,40.524,-74.186104,1,0,Reaction to Uninvolved Vehicle,4476277,17.2,7.8,0.3,0.3,0.0,1.0,51,20.7,38.5,318,Drizzle: Light,1,1,
89033,2021-11-11 09:30:00,40.7014,-73.91858,0,0,Driver Inexperience,4476593,15.0,4.2,0.3,0.3,0.0,2.0,51,22.6,38.2,85,Drizzle: Light,0,0,
89034,2021-11-12 00:35:00,40.67265,-73.89063,0,0,Unspecified,4477294,18.5,8.9,15.0,15.0,0.0,7.0,63,39.8,74.5,174,Rain: Moderate,0,0,
89035,2021-11-12 03:30:00,40.71093,-73.80804,0,0,Unspecified,4476630,18.5,8.9,15.0,15.0,0.0,7.0,63,39.8,74.5,174,Rain: Moderate,0,0,
89036,2021-11-12 11:17:00,40.734985,-73.85066,0,0,Other Vehicular,4476852,18.5,8.9,15.0,15.0,0.0,7.0,63,39.8,74.5,174,Rain: Moderate,0,0,
89037,2021-11-09 07:00:00,40.65878,-73.960526,0,0,Driver Inexperience,4476556,19.5,5.6,0.0,0.0,0.0,0.0,3,10.2,20.2,283,Overcast,0,0,
89038,2021-11-10 17:20:00,40.57799,-73.8354,0,0,Driver Inexperience,4477152,17.2,7.8,0.3,0.3,0.0,1.0,51,20.7,38.5,318,Drizzle: Light,0,0,
89039,2021-11-12 07:44:00,40.6802,-73.98194,0,0,Unspecified,4477453,18.5,8.9,15.0,15.0,0.0,7.0,63,39.8,74.5,174,Rain: Moderate,0,0,
89040,2021-11-12 23:13:00,40.592815,-73.90808,0,0,Unsafe Speed,4476804,18.5,8.9,15.0,15.0,0.0,7.0,63,39.8,74.5,174,Rain: Moderate,0,0,
89041,2021-11-04 14:50:00,40.694637,-73.949066,0,0,Passing or Lane Usage Improper,4476688,9.9,3.0,0.0,0.0,0.0,0.0,3,10.8,21.2,5,Overcast,0,0,
89042,2021-11-12 20:50:00,40.751858,-73.82637,0,0,Passing Too Closely,4476919,18.5,8.9,15.0,15.0,0.0,7.0,63,39.8,74.5,174,Rain: Moderate,0,0,
89043,2021-11-11 13:33:00,40.600838,-73.98125,1,0,Failure to Yield Right-of-Way,4476982,15.0,4.2,0.3,0.3,0.0,2.0,51,22.6,38.2,85,Drizzle: Light,1,1,
89044,2021-11-12 15:42:00,40.68342,-73.97545,0,0,Backing Unsafely,4477447,18.5,8.9,15.0,15.0,0.0,7.0,63,39.8,74.5,174,Rain: Moderate,0,0,
89045,2021-11-10 13:30:00,40.68605,-73.831726,0,0,Failure to Yield Right-of-Way,4476097,17.2,7.8,0.3,0.3,0.0,1.0,51,20.7,38.5,318,Drizzle: Light,0,0,
89046,2021-11-09 18:45:00,40.67312,-73.94463,1,0,Driver Inattention/Distraction,4477115,19.5,5.6,0.0,0.0,0.0,0.0,3,10.2,20.2,283,Overcast,1,1,