,CRASH DATETIME,LATITUDE,LONGITUDE,NUMBER OF PERSONS INJURED,NUMBER OF PERSONS KILLED,CONTRIBUTING FACTOR VEHICLE 1,COLLISION_ID,temperature_2m_max,temperature_2m_min,precipitation_sum,rain_sum,snowfall_sum,precipitation_hours,weather_code,wind_speed_10m_max,wind_gusts_10m_max,wind_direction_10m_dominant,Weather Description,Severity_Score,Total_Affected_Persons,Weather_Category
89047,2021-11-10 06:50:00,40.554436,-74.13043,2,0,Passing or Lane Usage Improper,4476421,17.2,7.8,0.3,0.3,0.0,1.0,51,20.7,38.5,318,Drizzle: Light,2,2,
89048,2021-11-12 13:00:00,40.707752,-73.96842,0,0,Passing Too Closely,4477360,18.5,8.9,15.0,15.0,0.0,7.0,63,39.8,74.5,174,Rain: Moderate,0,0,
89049,2021-11-12 09:45:00,40.636112,-73.7403,2,0,Pavement Slippery,4476571,18.5,8.9,15.0,15.0,0.0,7.0,63,39.8,74.5,174,Rain: Moderate,2,2,
89050,2021-11-10 17:25:00,40.83441,-73.94986,1,0,Reaction to Uninvolved Vehicle,4476551,17.2,7.8,0.3,0.3,0.0,1.0,51,20.7,38.5,318,Drizzle: Light,1,1,
89051,2021-11-11 18:15:00,40.76177,-73.979065,0,0,Turning Improperly,4476787,15.0,4.2,0.3,0.3,0.0,2.0,51,22.6,38.2,85,Drizzle: Light,0,0,
89052,2021-10-26 19:45:00,40.853542,-73.92439,2,0,Pavement Slippery,4477182,16.9,13.8,84.5,84.5,0.0,17.0,65,28.7,53.6,87,Rain: Heavy,2,2,
89053,2021-11-12 16:57:00,40.66885,-73.91635,1,0,Unspecified,4476997,18.5,8.9,15.0,15.0,0.0,7.0,63,39.8,74.5,174,Rain: Moderate,1,1,
89054,2021-11-12 11:50:00,40.615707,-74.00146,0,0,Failure to Yield Right-of-Way,4477021,18.5,8.9,15.0,15.0,0.0,7.0,63,39.8,74.5,174,Rain: Moderate,0,0,
89055,2021-11-12 07:20:00,40.788628,-73.789665,1,0,Unsafe Lane Changing,4477503,18.5,8.9,15.0,15.0,0.0,7.0,63,39.8,74.5,174,Rain: Moderate,1,1,
89056,2021-11-11 11:05:00,40.80347,-73.86915,0,0,Unspecified,4476620,15.0,4.2,0.3,0.3,0.0,2.0,51,22.6,38.2,85,Drizzle: Light,0,0,
89057,2021-11-11 22:10:00,40.74288,-73.951164,1,0,Driver Inattention/Distraction,4476476,15.0,4.2,0.3,0.3,0.0,2.0,51,22.6,38.2,85,Drizzle: Light,1,1,
89058,2021-11-12 10:45:00,40.774734,-73.98818,0,0,Driver Inattention/Distraction,4476731,18.5,8.9,15.0,15.0,0.0,7.0,63,39.8,74.5,174,Rain: Moderate,0,0,
89059,2021-11-10 01:25:00,40.709835,-74.014885,1,0,Alcohol Involvement,4476583,17.2,7.8,0.3,0.3,0.0,1.0,51,20.7,38.5,318,Drizzle: Light,1,1,
89060,2021-11-11 15:35:00,40.822903,-73.87005,0,0,Unspecified,4476752,15.0,4.2,0.3,0.3,0.0,2.0,51,22.6,38.2,85,Drizzle: Light,0,0,
89061,2021-11-11 16:00:00,40.777016,-73.79336,0,0,Passing Too Closely,4476684,15.0,4.2,0.3,0.3,0.0,2.0,51,22.6,38.2,85,Drizzle: Light,0,0,
89062,2021-11-12 11:45:00,40.670002,-73.95823,0,0,Driver Inattention/Distraction,4476818,18.5,8.9,15.0,15.0,0.0,7.0,63,39.8,74.5,174,Rain: Moderate,0,0,
89063,2021-11-11 18:00:00,40.81359,-73.93967,0,0,Unspecified,4476615,15.0,4.2,0.3,0.3,0.0,2.0,51,22.6,38.2,85,Drizzle: Light,0,0,
89064,2021-11-10 08:00:00,40.669106,-73.880486,0,0,Unspecified,4477315,17.2,7.8,0.3,0.3,0.0,1.0,51,20.7,38.5,318,Drizzle: Light,0,0,
89065,2021-11-12 16:19:00,40.656307,-73.91887,3,0,Passing or Lane Usage Improper,4477513,18.5,8.9,15.0,15.0,0.0,7.0,63,39.8,74.5,174,Rain: Moderate,3,3,
89066,2021-11-11 22:00:00,40.662067,-73.91961,0,0,Unspecified,4476992,15.0,4.2,0.3,0.3,0.0,2.0,51,22.6,38.2,85,Drizzle: Light,0,0,
89067,2021-11-12 14:35:00,40.87829,-73.87006,1,0,Driver Inattention/Distraction,4477145,18.5,8.9,15.0,15.0,0.0,7.0,63,39.8,74.5,174,Rain: Moderate,1,1,
89068,2021-11-10 05:53:00,40.722576,-73.94049,1,0,Following Too Closely,4476152,17.2,7.8,0.3,0.3,0.0,1.0,51,20.7,38.5,318,Drizzle: Light,1,1,
89069,2021-11-10 03:58:00,40.702625,-73.81323,0,0,Alcohol Involvement,4476022,17.2,7.8,0.3,0.3,0.0,1.0,51,20.7,38.5,318,Drizzle: Light,0,0,
89070,2021-11-10 06:40:00,40.7364,-73.90926,0,0,Passing or Lane Usage Improper,4475915,17.2,7.8,0.3,0.3,0.0,1.0,51,20.7,38.5,318,Drizzle: Light,0,0,
89071,2021-11-10 01:35:00,40.617733,-73.951935,0,0,Unspecified,4476207,17.2,7.8,0.3,0.3,0.0,1.0,51,20.7,38.5,318,Drizzle: Light,0,0,
89072,2021-11-11 12:11:00,40.826824,-73.938995,0,0,Unspecified,4476285,15.0,4.2,0.3,0.3,0.0,2.0,51,22.6,38.2,85,Drizzle: Light,0,0,
89073,2021-11-08 18:00:00,40.880844,-73.86679,0,0,Unspecified,4477205,16.5,6.4,0.0,0.0,0.0,0.0,3,17.4,33.8,355,Overcast,0,0,
89074,2021-11-10 13:30:00,40.748363,-73.98041,0,0,Driver Inattention/Distraction,4476056,17.2,7.8,0.3,0.3,0.0,1.0,51,20.7,38.5,318,Drizzle: Light,0,0,
89075,2021-11-12 19:00:00,40.822144,-73.89491,0,0,Illnes,4477489,18.5,8.9,15.0,15.0,0.0,7.0,63,39.8,74.5,174,Rain: Moderate,0,0,
89076,2021-11-10 09:26:00,40.844753,-73.90539,1,0,Driver Inattention/Distraction,4476241,17.2,7.8,0.3,0.3,0.0,1.0,51,20.7,38.5,318,Drizzle: Light,1,1,
89077,2021-11-10 17:30:00,40.816082,-73.85886,0,0,Unspecified,4476404,17.2,7.8,0.3,0.3,0.0,1.0,51,20.7,38.5,318,Drizzle: Light,0,0,
89078,2021-11-12 10:10:00,40.634506,-73.949455,0,0,Aggressive Driving/Road Rage,4476910,18.5,8.9,15.0,15.0,0.0,7.0,63,39.8,74.5,174,Rain: Moderate,0,0,
89079,2021-11-06 07:20:00,40.689426,-73.94223,0,0,Fell Asleep,4476598,10.5,3.4,0.0,0.0,0.0,0.0,0,9.5,17.6,61,Clear sky,0,0,Sunny/Clear Conditions
89080,2021-11-12 17:15:00,40.870132,-73.90161,0,0,Passing Too Closely,4477240,18.5,8.9,15.0,15.0,0.0,7.0,63,39.8,74.5,174,Rain: Moderate,0,0,
89081,2021-11-12 07:20:00,40.827595,-73.85004,1,0,Unspecified,4476657,18.5,8.9,15.0,15.0,0.0,7.0,63,39.8,74.5,174,Rain: Moderate,1,1,
89082,2021-11-11 20:40:00,40.66386,-73.9516,0,0,Unspecified,4476525,15.0,4.2,0.3,0.3,0.0,2.0,51,22.6,38.2,85,Drizzle: Light,0,0,
89083,2021-11-12 15:40:00,40.742146,-74.00821,1,0,Oversized Vehicle,4476764,18.5,8.9,15.0,15.0,0.0,7.0,63,39.8,74.5,174,Rain: Moderate,1,1,
89084,2021-11-11 01:16:00,40.662506,-73.96088,0,0,Driver Inattention/Distraction,4476093,15.0,4.2,0.3,0.3,0.0,2.0,51,22.6,38.2,85,Drizzle: Light,0,0,
89085,2021-11-10 19:01:00,40.73222,-73.81493,0,0,Unspecified,4476121,17.2,7.8,0.3,0.3,0.0,1.0,51,20.7,38.5,318,Drizzle: Light,0,0,
89086,2021-11-10 17:00:00,40.679375,-73.96408,1,0,Following Too Closely,4476368,17.2,7.8,0.3,0.3,0.0,1.0,51,20.7,38.5,318,Drizzle: Light,1,1,
89087,2021-11-10 12:18:00,40.67526,-73.88203,1,0,Unspecified,4476321,17.2,7.8,0.3,0.3,0.0,1.0,51,20.7,38.5,318,Drizzle: Light,1,1,
89088,2021-11-10 16:00:00,40.687958,-73.96474,0,0,Passing Too Closely,4476463,17.2,7.8,0.3,0.3,0.0,1.0,51,20.7,38.5,318,Drizzle: Light,0,0,
89089,2021-11-07 02:00:00,40.759808,-73.782936,0,0,Unspecified,4476642,12.1,2.6,0.0,0.0,0.0,0.0,3,10.0,20.5,358,Overcast,0,0,
89090,2021-11-03 13:56:00,40.691433,-73.89063,0,0,Unspecified,4477122,10.7,3.8,0.1,0.1,0.0,1.0,51,15.6,30.6,302,Drizzle: Light,0,0,
89091,2021-11-12 00:04:00,40.707493,-73.94153,0,0,Following Too Closely,4476485,18.5,8.9,15.0,15.0,0.0,7.0,63,39.8,74.5,174,Rain: Moderate,0,0,
89092,2021-11-11 04:55:00,40.66454,-73.82276,0,0,Passing or Lane Usage Improper,4476141,15.0,4.2,0.3,0.3,0.0,2.0,51,22.6,38.2,85,Drizzle: Light,0,0,
89093,2021-11-12 00:10:00,40.761204,-73.73094,3,0,Brakes Defective,4476625,18.5,8.9,15.0,15.0,0.0,7.0,63,39.8,74.5,174,Rain: Moderate,3,3,
89094,2021-11-12 12:30:00,40.695457,-73.80536,1,0,Fell Asleep,4477404,18.5,8.9,15.0,15.0,0.0,7.0,63,39.8,74.5,174,Rain: Moderate,1,1,
89095,2021-11-10 18:22:00,40.766285,-73.98186,1,0,Traffic Control Disregarded,4476508,17.2,7.8,0.3,0.3,0.0,1.0,51,20.7,38.5,318,Drizzle: Light,1,1,
89096,2021-11-10 06:55:00,40.81632,-73.95784,0,0,Failure to Yield Right-of-Way,4476082,17.2,7.8,0.3,0.3,0.0,1.0,51,20.7,38.5,318,Drizzle: Light,0,0,
89097,2021-11-12 22:15:00,40.705746,-73.8097,1,0,Failure to Yield Right-of-Way,4477394,18.5,8.9,15.0,15.0,0.0,7.0,63,39.8,74.5,174,Rain: Moderate,1,1,
89098,2021-11-10 14:40:00,40.667522,-73.78063,3,0,Turning Improperly,4477341,17.2,7.8,0.3,0.3,0.0,1.0,51,20.7,38.5,318,Drizzle: Light,3,3,
89099,2021-11-07 01:35:00,40.76257,-73.888535,0,0,Driver Inattention/Distraction,4476845,12.1,2.6,0.0,0.0,0.0,0.0,3,10.0,20.5,358,Overcast,0,0,
89100,2021-11-12 15:43:00,40.74089,-73.92201,1,0,Driver Inattention/Distraction,4476699,18.5,8.9,15.0,15.0,0.0,7.0,63,39.8,74.5,174,Rain: Moderate,1,1,
89101,2021-11-11 06:30:00,40.756546,-73.99218,0,0,Unspecified,4476302,15.0,4.2,0.3,0.3,0.0,2.0,51,22.6,38.2,85,Drizzle: Light,0,0,
89102,2021-11-12 11:20:00,40.709557,-74.00644,0,0,Unspecified,4477077,18.5,8.9,15.0,15.0,0.0,7.0,63,39.8,74.5,174,Rain: Moderate,0,0,
89103,2021-11-12 08:30:00,40.664165,-73.990555,0,0,Driver Inattention/Distraction,4476716,18.5,8.9,15.0,15.0,0.0,7.0,63,39.8,74.5,174,Rain: Moderate,0,0,
89104,2021-11-12 22:24:00,40.757725,-73.86372,3,0,Alcohol Involvement,4476809,18.5,8.9,15.0,15.0,0.0,7.0,63,39.8,74.5,174,Rain: Moderate,3,3,
89105,2021-10-03 05:45:00,40.626373,-73.99754,0,0,Driver Inattention/Distraction,4477043,25.9,12.8,0.0,0.0,0.0,0.0,3,12.0,24.1,217,Overcast,0,0,
89106,2021-11-12 09:25:00,40.66394,-73.99769,0,0,Unspecified,4476874,18.5,8.9,15.0,15.0,0.0,7.0,63,39.8,74.5,174,Rain: Moderate,0,0,
89107,2021-11-09 07:52:00,40.87529,-73.833916,1,0,Failure to Yield Right-of-Way,4476647,19.5,5.6,0.0,0.0,0.0,0.0,3,10.2,20.2,283,Overcast,1,1,
89108,2021-11-11 07:58:00,40.64651,-73.894844,1,0,Unspecified,4476309,15.0,4.2,0.3,0.3,0.0,2.0,51,22.6,38.2,85,Drizzle: Light,1,1,
89109,2021-11-12 03:50:00,40.834755,-73.82993,1,0,Driver Inattention/Distraction,4476652,18.5,8.9,15.0,15.0,0.0,7.0,63,39.8,74.5,174,Rain: Moderate,1,1,
89110,2021-11-12 08:50:00,40.60561,-73.95675,0,0,Unspecified,4476610,18.5,8.9,15.0,15.0,0.0,7.0,63,39.8,74.5,174,Rain: Moderate,0,0,
89111,2021-11-10 02:25:00,40.767075,-73.983765,0,0,Unspecified,4476520,17.2,7.8,0.3,0.3,0.0,1.0,51,20.7,38.5,318,Drizzle: Light,0,0,
89112,2021-11-11 13:20:00,40.83164,-73.930115,2,0,Backing Unsafely,4476957,15.0,4.2,0.3,0.3,0.0,2.0,51,22.6,38.2,85,Drizzle: Light,2,2,
89113,2021-11-10 11:50:00,40.66278,-73.88086,1,0,Driver Inattention/Distraction,4476326,17.2,7.8,0.3,0.3,0.0,1.0,51,20.7,38.5,318,Drizzle: Light,1,1,
89114,2021-11-05 21:45:00,40.75546,-73.92736,0,0,Driver Inattention/Distraction,4477278,10.7,3.2,0.0,0.0,0.0,0.0,0,14.8,30.2,1,Clear sky,0,0,Sunny/Clear Conditions
89115,2021-11-10 20:34:00,40.616463,-73.89966,0,0,Other Vehicular,4476104,17.2,7.8,0.3,0.3,0.0,1.0,51,20.7,38.5,318,Drizzle: Light,0,0,
89116,2021-11-09 19:02:00,40.638947,-73.988045,0,0,Unspecified,4477474,19.5,5.6,0.0,0.0,0.0,0.0,3,10.2,20.2,283,Overcast,0,0,
89117,2022-07-09 14:40:00,40.576508,-73.98584,0,0,Driver Inattention/Distraction,4545233,30.0,20.5,0.0,0.0,0.0,0.0,3,20.7,43.9,63,Overcast,0,0,
89118,2022-07-09 16:49:00,40.705605,-73.94627,4,0,Backing Unsafely,4545029,30.0,20.5,0.0,0.0,0.0,0.0,3,20.7,43.9,63,Overcast,4,4,
89119,2022-07-08 07:56:00,40.729183,-73.98726,1,0,Pedestrian/Bicyclist/Other Pedestrian Error/Confusion,4545466,29.6,19.3,1.8,1.8,0.0,8.0,51,15.0,31.0,187,Drizzle: Light,1,1,
89120,2022-07-08 08:26:00,40.6125,-74.064964,0,0,Alcohol Involvement,4545427,29.6,19.3,1.8,1.8,0.0,8.0,51,15.0,31.0,187,Drizzle: Light,0,0,
89121,2022-07-09 00:55:00,40.830624,-73.90451,0,0,Failure to Yield Right-of-Way,4544665,30.0,20.5,0.0,0.0,0.0,0.0,3,20.7,43.9,63,Overcast,0,0,
89122,2022-07-09 17:00:00,40.673256,-73.9307,1,0,Failure to Yield Right-of-Way,4544989,30.0,20.5,0.0,0.0,0.0,0.0,3,20.7,43.9,63,Overcast,1,1,
89123,2022-07-09 03:40:00,40.63363,-73.961075,1,0,Unspecified,4545279,30.0,20.5,0.0,0.0,0.0,0.0,3,20.7,43.9,63,Overcast,1,1,
89124,2022-07-09 18:05:00,40.882442,-73.840294,0,0,Following Too Closely,4545081,30.0,20.5,0.0,0.0,0.0,0.0,3,20.7,43.9,63,Overcast,0,0,
89125,2022-07-09 23:45:00,40.75363,-73.88597,0,0,Driver Inattention/Distraction,4545367,30.0,20.5,0.0,0.0,0.0,0.0,3,20.7,43.9,63,Overcast,0,0,
89126,2022-07-09 00:40:00,40.68892,-73.99915,0,0,Unsafe Lane Changing,4544679,30.0,20.5,0.0,0.0,0.0,0.0,3,20.7,43.9,63,Overcast,0,0,
89127,2022-06-26 23:02:00,40.73059,-73.99242,2,0,Driver Inattention/Distraction,4545464,30.8,19.9,0.0,0.0,0.0,0.0,3,30.9,55.8,188,Overcast,2,2,
89128,2022-07-09 04:35:00,40.63962,-73.95477,1,0,Driver Inattention/Distraction,4544695,30.0,20.5,0.0,0.0,0.0,0.0,3,20.7,43.9,63,Overcast,1,1,
89129,2022-07-09 04:00:00,40.7423,-73.781235,0,0,Unspecified,4544827,30.0,20.5,0.0,0.0,0.0,0.0,3,20.7,43.9,63,Overcast,0,0,
89130,2022-07-09 10:19:00,40.800507,-73.938156,1,0,Driver Inattention/Distraction,4545241,30.0,20.5,0.0,0.0,0.0,0.0,3,20.7,43.9,63,Overcast,1,1,
89131,2022-07-09 12:45:00,40.731163,-73.99193,0,0,Driver Inattention/Distraction,4545253,30.0,20.5,0.0,0.0,0.0,0.0,3,20.7,43.9,63,Overcast,0,0,
89132,2022-07-06 07:30:00,40.670757,-73.98954,0,0,Driver Inattention/Distraction,4545284,31.6,21.7,0.2,0.2,0.0,1.0,51,19.0,37.1,299,Drizzle: Light,0,0,
89133,2022-07-05 20:26:00,40.67582,-73.930466,2,0,Traffic Control Disregarded,4545305,30.0,20.3,0.5,0.5,0.0,2.0,51,30.4,56.5,191,Drizzle: Light,2,2,
89134,2022-07-09 00:50:00,40.64,-73.90194,1,0,Unspecified,4544795,30.0,20.5,0.0,0.0,0.0,0.0,3,20.7,43.9,63,Overcast,1,1,
89135,2022-07-09 00:53:00,40.654453,-73.93067,3,0,Unspecified,4544745,30.0,20.5,0.0,0.0,0.0,0.0,3,20.7,43.9,63,Overcast,3,3,
89136,2022-07-09 07:43:00,40.596195,-74.18331,0,0,Driver Inattention/Distraction,4544778,30.0,20.5,0.0,0.0,0.0,0.0,3,20.7,43.9,63,Overcast,0,0,
89137,2022-07-08 20:45:00,40.71603,-73.95633,0,0,Passing or Lane Usage Improper,4545481,29.6,19.3,1.8,1.8,0.0,8.0,51,15.0,31.0,187,Drizzle: Light,0,0,
89138,2022-07-09 08:50:00,40.62055,-74.16919,0,0,Driver Inattention/Distraction,4544815,30.0,20.5,0.0,0.0,0.0,0.0,3,20.7,43.9,63,Overcast,0,0,
89139,2022-07-09 07:51:00,40.71552,-74.00925,0,0,Unspecified,4544722,30.0,20.5,0.0,0.0,0.0,0.0,3,20.7,43.9,63,Overcast,0,0,
89140,2022-07-05 23:27:00,40.674004,-73.94455,0,0,Unsafe Speed,4545304,30.0,20.3,0.5,0.5,0.0,2.0,51,30.4,56.5,191,Drizzle: Light,0,0,
89141,2022-07-09 22:42:00,40.632427,-74.0893,0,0,Unspecified,4545062,30.0,20.5,0.0,0.0,0.0,0.0,3,20.7,43.9,63,Overcast,0,0,
89142,2022-07-09 23:30:00,40.65603,-73.84974,0,0,Unsafe Speed,4545151,30.0,20.5,0.0,0.0,0.0,0.0,3,20.7,43.9,63,Overcast,0,0,
89143,2022-06-24 18:11:00,40.698246,-73.92997,0,0,Driver Inexperience,4545336,26.7,14.6,1.0,1.0,0.0,6.0,51,19.2,37.4,204,Drizzle: Light,0,0,
89144,2022-07-08 21:57:00,40.68483,-73.86048,0,0,Alcohol Involvement,4545257,29.6,19.3,1.8,1.8,0.0,8.0,51,15.0,31.0,187,Drizzle: Light,0,0,
89145,2022-07-05 14:00:00,40.869423,-73.825745,0,0,Unspecified,4545309,30.0,20.3,0.5,0.5,0.0,2.0,51,30.4,56.5,191,Drizzle: Light,0,0,
89146,2022-07-09 06:30:00,40.620304,-74.00743,0,0,Driver Inattention/Distraction,4544731,30.0,20.5,0.0,0.0,0.0,0.0,3,20.7,43.9,63,Overcast,0,0,
89147,2022-07-09 17:55:00,40.905025,-73.84959,1,0,Passing or Lane Usage Improper,4544804,30.0,20.5,0.0,0.0,0.0,0.0,3,20.7,43.9,63,Overcast,1,1,
89148,2022-07-09 14:18:00,40.814823,-73.84706,0,0,Failure to Yield Right-of-Way,4545003,30.0,20.5,0.0,0.0,0.0,0.0,3,20.7,43.9,63,Overcast,0,0,
89149,2022-07-02 22:17:00,40.73723,-74.000656,1,0,Other Vehicular,4545252,30.8,23.1,4.0,4.0,0.0,5.0,61,19.4,40.0,229,Rain: Light,1,1,
89150,2022-04-07 05:20:00,40.627018,-73.927765,1,0,Backing Unsafely,4517607,11.5,5.6,74.1,74.1,0.0,14.0,65,35.0,64.8,98,Rain: Heavy,1,1,
89151,2022-04-09 05:30:00,40.695705,-73.94637,0,0,Unspecified,4519672,13.6,5.0,4.8,4.8,0.0,12.0,55,20.1,42.8,263,Drizzle: Dense,0,0,
89152,2022-04-13 12:33:00,40.810318,-73.943634,1,0,Other Vehicular,4520049,18.9,7.1,0.0,0.0,0.0,0.0,3,18.7,37.4,112,Overcast,1,1,
89153,2022-04-16 14:25:00,40.798546,-73.94165,0,0,Unspecified,4520466,19.3,7.4,6.8,6.8,0.0,7.0,61,24.5,47.5,217,Rain: Light,0,0,
89154,2022-04-14 20:38:00,40.784245,-73.9471,0,0,Driver Inattention/Distraction,4520481,28.1,13.9,0.2,0.2,0.0,2.0,51,25.9,46.1,249,Drizzle: Light,0,0,
89155,2022-04-03 02:37:00,40.761272,-73.95571,0,0,Following Too Closely,4520477,8.3,3.4,3.1,3.1,0.0,5.0,61,21.9,38.2,274,Rain: Light,0,0,
89156,2022-04-16 00:27:00,40.630997,-74.0179,0,0,Driverless/Runaway Vehicle,4520454,19.3,7.4,6.8,6.8,0.0,7.0,61,24.5,47.5,217,Rain: Light,0,0,
89157,2021-04-19 17:16:00,40.836403,-73.875595,2,0,Following Too Closely,4520474,16.9,5.0,0.0,0.0,0.0,0.0,3,14.7,31.0,214,Overcast,2,2,
89158,2022-04-14 20:45:00,40.66925,-73.93944,1,0,Driver Inattention/Distraction,4520452,28.1,13.9,0.2,0.2,0.0,2.0,51,25.9,46.1,249,Drizzle: Light,1,1,
89159,2022-04-02 18:53:00,40.7883,-73.94879,1,0,Failure to Yield Right-of-Way,4520467,11.1,1.4,0.0,0.0,0.0,0.0,3,26.3,47.9,286,Overcast,1,1,
89160,2022-04-15 22:00:00,40.692352,-73.762436,2,0,Following Too Closely,4520483,19.2,6.3,0.1,0.1,0.0,1.0,51,26.9,46.1,243,Drizzle: Light,2,2,
89161,2022-04-25 09:45:00,40.634235,-74.03674,1,0,Alcohol Involvement,4522032,15.1,6.1,0.0,0.0,0.0,0.0,3,20.9,41.4,119,Overcast,1,1,
89162,2022-04-25 13:00:00,0.0,0.0,1,0,Failure to Yield Right-of-Way,4522267,15.1,6.1,0.0,0.0,0.0,0.0,3,20.9,41.4,119,Overcast,1,1,
89163,2022-04-25 10:20:00,0.0,0.0,0,0,Driver Inattention/Distraction,4522321,15.1,6.1,0.0,0.0,0.0,0.0,3,20.9,41.4,119,Overcast,0,0,
89164,2022-04-25 08:10:00,40.805058,-73.93904,0,0,Traffic Control Disregarded,4521947,15.1,6.1,0.0,0.0,0.0,0.0,3,20.9,41.4,119,Overcast,0,0,
89165,2022-04-18 16:30:00,40.61074,-74.09583,1,0,Passing or Lane Usage Improper,4522596,10.6,1.5,6.1,6.1,0.0,5.0,63,30.8,52.9,90,Rain: Moderate,1,1,
89166,2022-04-24 17:25:00,40.668507,-73.92561,1,0,Unspecified,4522636,15.8,7.0,0.0,0.0,0.0,0.0,3,21.7,43.2,114,Overcast,1,1,
89167,2022-07-04 20:50:00,40.670116,-73.92248,0,0,Passing Too Closely,4545420,30.9,17.5,0.0,0.0,0.0,0.0,3,15.4,27.4,302,Overcast,0,0,
89168,2022-07-09 17:34:00,40.73986,-73.79012,0,0,Unspecified,4544828,30.0,20.5,0.0,0.0,0.0,0.0,3,20.7,43.9,63,Overcast,0,0,
89169,2022-07-09 02:20:00,40.762653,-73.91599,0,0,Unspecified,4544956,30.0,20.5,0.0,0.0,0.0,0.0,3,20.7,43.9,63,Overcast,0,0,
89170,2022-07-07 17:50:00,40.826427,-73.950455,1,0,Unsafe Speed,4545494,27.5,20.1,0.0,0.0,0.0,0.0,3,19.1,37.4,110,Overcast,1,1,
89171,2022-07-09 14:55:00,40.879765,-73.831955,1,0,Failure to Yield Right-of-Way,4544764,30.0,20.5,0.0,0.0,0.0,0.0,3,20.7,43.9,63,Overcast,1,1,
89172,2022-07-08 13:30:00,40.75585,-73.88259,1,0,Following Too Closely,4545366,29.6,19.3,1.8,1.8,0.0,8.0,51,15.0,31.0,187,Drizzle: Light,1,1,
89173,2022-07-07 22:45:00,40.62757,-73.976585,0,0,Aggressive Driving/Road Rage,4545270,27.5,20.1,0.0,0.0,0.0,0.0,3,19.1,37.4,110,Overcast,0,0,
89174,2022-04-17 01:00:00,40.76155,-73.96659,0,0,Unspecified,4519798,10.0,3.9,0.5,0.5,0.0,2.0,51,30.1,56.5,313,Drizzle: Light,0,0,
89175,2022-04-17 13:30:00,40.76989,-73.99248,0,0,Unspecified,4520082,10.0,3.9,0.5,0.5,0.0,2.0,51,30.1,56.5,313,Drizzle: Light,0,0,
89176,2022-04-17 04:03:00,40.687706,-73.82588,0,0,Traffic Control Disregarded,4519916,10.0,3.9,0.5,0.5,0.0,2.0,51,30.1,56.5,313,Drizzle: Light,0,0,
89177,2022-04-17 19:55:00,40.63047,-74.137856,0,0,Alcohol Involvement,4520425,10.0,3.9,0.5,0.5,0.0,2.0,51,30.1,56.5,313,Drizzle: Light,0,0,
89178,2022-04-08 08:36:00,40.89845,-73.85431,1,0,Backing Unsafely,4520381,16.5,7.1,5.2,5.2,0.0,4.0,63,21.3,42.8,253,Rain: Moderate,1,1,
89179,2022-04-17 00:05:00,40.69819,-73.96191,0,0,Driver Inattention/Distraction,4519489,10.0,3.9,0.5,0.5,0.0,2.0,51,30.1,56.5,313,Drizzle: Light,0,0,
89180,2022-04-17 17:30:00,40.631573,-73.969986,0,0,Animals Action,4519873,10.0,3.9,0.5,0.5,0.0,2.0,51,30.1,56.5,313,Drizzle: Light,0,0,
89181,2022-04-17 16:09:00,40.633816,-74.11705,0,0,Turning Improperly,4520274,10.0,3.9,0.5,0.5,0.0,2.0,51,30.1,56.5,313,Drizzle: Light,0,0,
89182,2022-04-13 20:00:00,40.612785,-74.07803,0,0,Unspecified,4520360,18.9,7.1,0.0,0.0,0.0,0.0,3,18.7,37.4,112,Overcast,0,0,
89183,2022-04-17 03:30:00,40.62058,-73.92221,0,0,Driver Inattention/Distraction,4519534,10.0,3.9,0.5,0.5,0.0,2.0,51,30.1,56.5,313,Drizzle: Light,0,0,
89184,2022-04-17 14:35:00,40.71384,-73.99273,1,0,Pedestrian/Bicyclist/Other Pedestrian Error/Confusion,4519983,10.0,3.9,0.5,0.5,0.0,2.0,51,30.1,56.5,313,Drizzle: Light,1,1,
89185,2022-04-14 17:00:00,40.78166,-73.83523,0,0,Unspecified,4520420,28.1,13.9,0.2,0.2,0.0,2.0,51,25.9,46.1,249,Drizzle: Light,0,0,
89186,2022-03-03 06:42:00,40.703033,-73.797134,0,0,Passing Too Closely,4520332,5.2,-3.0,3.9,3.9,0.0,6.0,55,24.7,45.0,305,Drizzle: Dense,0,0,
89187,2022-04-17 03:18:00,40.670124,-73.95528,2,0,Turning Improperly,4519589,10.0,3.9,0.5,0.5,0.0,2.0,51,30.1,56.5,313,Drizzle: Light,2,2,
89188,2022-04-17 16:25:00,40.7698,-73.94122,1,0,Fell Asleep,4519764,10.0,3.9,0.5,0.5,0.0,2.0,51,30.1,56.5,313,Drizzle: Light,1,1,
89189,2022-04-17 17:20:00,40.74967,-73.99531,1,0,Failure to Yield Right-of-Way,4520109,10.0,3.9,0.5,0.5,0.0,2.0,51,30.1,56.5,313,Drizzle: Light,1,1,
89190,2022-04-03 00:30:00,40.69897,-73.95702,0,0,Driver Inattention/Distraction,4520243,8.3,3.4,3.1,3.1,0.0,5.0,61,21.9,38.2,274,Rain: Light,0,0,
89191,2022-04-17 14:40:00,40.689194,-73.75365,2,0,Unsafe Speed,4520278,10.0,3.9,0.5,0.5,0.0,2.0,51,30.1,56.5,313,Drizzle: Light,2,2,
89192,2022-04-15 08:27:00,40.810135,-73.80387,0,0,Prescription Medication,4520297,19.2,6.3,0.1,0.1,0.0,1.0,51,26.9,46.1,243,Drizzle: Light,0,0,
89193,2022-04-17 00:00:00,40.67581,-73.739555,0,0,Glare,4519730,10.0,3.9,0.5,0.5,0.0,2.0,51,30.1,56.5,313,Drizzle: Light,0,0,