,CRASH DATETIME,LATITUDE,LONGITUDE,NUMBER OF PERSONS INJURED,NUMBER OF PERSONS KILLED,CONTRIBUTING FACTOR VEHICLE 1,COLLISION_ID,temperature_2m_max,temperature_2m_min,precipitation_sum,rain_sum,snowfall_sum,precipitation_hours,weather_code,wind_speed_10m_max,wind_gusts_10m_max,wind_direction_10m_dominant,Weather Description,Severity_Score,Total_Affected_Persons,Weather_Category
89194,2022-04-17 12:00:00,40.656944,-73.88082,0,0,Driver Inattention/Distraction,4519650,10.0,3.9,0.5,0.5,0.0,2.0,51,30.1,56.5,313,Drizzle: Light,0,0,
89195,2022-04-17 12:19:00,40.625046,-74.02446,1,0,Unsafe Lane Changing,4519662,10.0,3.9,0.5,0.5,0.0,2.0,51,30.1,56.5,313,Drizzle: Light,1,1,
89196,2022-04-17 22:44:00,40.639446,-74.02696,0,0,Alcohol Involvement,4519752,10.0,3.9,0.5,0.5,0.0,2.0,51,30.1,56.5,313,Drizzle: Light,0,0,
89197,2022-04-15 15:00:00,40.853973,-73.830315,0,0,Unspecified,4520296,19.2,6.3,0.1,0.1,0.0,1.0,51,26.9,46.1,243,Drizzle: Light,0,0,
89198,2022-04-17 13:38:00,40.805042,-73.936935,0,0,Unspecified,4519954,10.0,3.9,0.5,0.5,0.0,2.0,51,30.1,56.5,313,Drizzle: Light,0,0,
89199,2022-04-17 04:45:00,40.84442,-73.92505,3,0,Other Vehicular,4520005,10.0,3.9,0.5,0.5,0.0,2.0,51,30.1,56.5,313,Drizzle: Light,3,3,
89200,2022-04-16 12:06:00,40.881504,-73.879364,1,0,Driver Inattention/Distraction,4520317,19.3,7.4,6.8,6.8,0.0,7.0,61,24.5,47.5,217,Rain: Light,1,1,
89201,2022-04-07 18:52:00,40.67058,-73.93096,0,0,Unspecified,4520247,11.5,5.6,74.1,74.1,0.0,14.0,65,35.0,64.8,98,Rain: Heavy,0,0,
89202,2022-04-15 23:00:00,40.61044,-74.09957,0,0,Passing or Lane Usage Improper,4520302,19.2,6.3,0.1,0.1,0.0,1.0,51,26.9,46.1,243,Drizzle: Light,0,0,
89203,2022-04-17 10:45:00,40.705544,-73.95317,0,0,Following Too Closely,4519630,10.0,3.9,0.5,0.5,0.0,2.0,51,30.1,56.5,313,Drizzle: Light,0,0,
89204,2022-04-17 21:23:00,40.75619,-73.746414,0,0,Driver Inattention/Distraction,4519737,10.0,3.9,0.5,0.5,0.0,2.0,51,30.1,56.5,313,Drizzle: Light,0,0,
89205,2022-04-17 15:05:00,40.717663,-74.01394,0,0,Passing Too Closely,4519891,10.0,3.9,0.5,0.5,0.0,2.0,51,30.1,56.5,313,Drizzle: Light,0,0,
89206,2022-04-17 13:00:00,40.84857,-73.902725,0,0,Unsafe Speed,4520231,10.0,3.9,0.5,0.5,0.0,2.0,51,30.1,56.5,313,Drizzle: Light,0,0,
89207,2022-04-11 15:30:00,40.894547,-73.86104,1,0,Driver Inattention/Distraction,4520374,13.1,1.8,0.0,0.0,0.0,0.0,3,18.6,36.4,246,Overcast,1,1,
89208,2022-04-17 10:59:00,40.76559,-73.914734,0,0,Unspecified,4519767,10.0,3.9,0.5,0.5,0.0,2.0,51,30.1,56.5,313,Drizzle: Light,0,0,
89209,2022-04-17 12:00:00,40.792534,-73.951,0,0,Unspecified,4519675,10.0,3.9,0.5,0.5,0.0,2.0,51,30.1,56.5,313,Drizzle: Light,0,0,
89210,2022-04-14 22:14:00,40.613075,-74.12257,0,0,Unspecified,4520359,28.1,13.9,0.2,0.2,0.0,2.0,51,25.9,46.1,249,Drizzle: Light,0,0,
89211,2022-04-16 08:30:00,40.69268,-73.93998,0,0,Passing Too Closely,4520256,19.3,7.4,6.8,6.8,0.0,7.0,61,24.5,47.5,217,Rain: Light,0,0,
89212,2022-04-15 14:50:00,40.80521,-73.94736,1,0,Driver Inattention/Distraction,4520287,19.2,6.3,0.1,0.1,0.0,1.0,51,26.9,46.1,243,Drizzle: Light,1,1,
89213,2022-04-14 19:07:00,40.74666,-73.990074,1,0,Failure to Yield Right-of-Way,4520448,28.1,13.9,0.2,0.2,0.0,2.0,51,25.9,46.1,249,Drizzle: Light,1,1,
89214,2022-04-17 19:00:00,40.741623,-73.993744,1,0,Reaction to Uninvolved Vehicle,4519946,10.0,3.9,0.5,0.5,0.0,2.0,51,30.1,56.5,313,Drizzle: Light,1,1,
89215,2022-04-14 05:57:00,40.729996,-73.91187,0,0,Passing or Lane Usage Improper,4520386,28.1,13.9,0.2,0.2,0.0,2.0,51,25.9,46.1,249,Drizzle: Light,0,0,
89216,2022-04-17 23:15:00,40.787506,-73.9383,0,0,Driver Inattention/Distraction,4519984,10.0,3.9,0.5,0.5,0.0,2.0,51,30.1,56.5,313,Drizzle: Light,0,0,
89217,2022-04-17 02:17:00,40.60214,-73.756996,0,0,Fell Asleep,4519860,10.0,3.9,0.5,0.5,0.0,2.0,51,30.1,56.5,313,Drizzle: Light,0,0,
89218,2022-04-17 03:36:00,40.596252,-74.0702,2,0,Driver Inattention/Distraction,4520155,10.0,3.9,0.5,0.5,0.0,2.0,51,30.1,56.5,313,Drizzle: Light,2,2,
89219,2022-04-17 01:15:00,40.73818,-73.779,0,0,Fell Asleep,4519777,10.0,3.9,0.5,0.5,0.0,2.0,51,30.1,56.5,313,Drizzle: Light,0,0,
89220,2022-02-26 06:25:00,40.900196,-73.844635,0,0,Driver Inattention/Distraction,4520364,2.8,-6.7,0.0,0.0,0.0,0.0,3,25.9,48.6,308,Overcast,0,0,
89221,2022-04-17 14:58:00,40.58425,-73.9638,0,0,Unspecified,4520054,10.0,3.9,0.5,0.5,0.0,2.0,51,30.1,56.5,313,Drizzle: Light,0,0,
89222,2022-04-17 18:30:00,40.70355,-73.80983,0,0,Unspecified,4519878,10.0,3.9,0.5,0.5,0.0,2.0,51,30.1,56.5,313,Drizzle: Light,0,0,
89223,2022-04-17 15:58:00,40.686745,-73.96553,1,0,Unsafe Lane Changing,4520063,10.0,3.9,0.5,0.5,0.0,2.0,51,30.1,56.5,313,Drizzle: Light,1,1,
89224,2022-04-17 07:00:00,40.828598,-73.875374,0,0,Unspecified,4519965,10.0,3.9,0.5,0.5,0.0,2.0,51,30.1,56.5,313,Drizzle: Light,0,0,
89225,2022-04-15 16:20:00,40.62667,-74.12827,0,0,Lost Consciousness,4520400,19.2,6.3,0.1,0.1,0.0,1.0,51,26.9,46.1,243,Drizzle: Light,0,0,
89226,2022-04-17 20:25:00,40.679535,-73.900475,1,0,Unspecified,4519832,10.0,3.9,0.5,0.5,0.0,2.0,51,30.1,56.5,313,Drizzle: Light,1,1,
89227,2022-04-17 10:00:00,40.753006,-73.8326,1,0,Passing or Lane Usage Improper,4520341,10.0,3.9,0.5,0.5,0.0,2.0,51,30.1,56.5,313,Drizzle: Light,1,1,
89228,2022-04-05 06:40:00,40.877697,-73.86762,1,0,Backing Unsafely,4520379,12.1,1.0,1.7,1.7,0.0,3.0,53,16.8,32.8,121,Drizzle: Moderate,1,1,
89229,2022-04-17 02:16:00,40.599915,-73.91165,1,0,Driver Inattention/Distraction,4519535,10.0,3.9,0.5,0.5,0.0,2.0,51,30.1,56.5,313,Drizzle: Light,1,1,
89230,2022-04-15 02:49:00,40.589935,-74.145676,0,0,Driver Inattention/Distraction,4520421,19.2,6.3,0.1,0.1,0.0,1.0,51,26.9,46.1,243,Drizzle: Light,0,0,
89231,2022-04-17 17:30:00,40.670486,-73.80449,0,0,Passing or Lane Usage Improper,4519773,10.0,3.9,0.5,0.5,0.0,2.0,51,30.1,56.5,313,Drizzle: Light,0,0,
89232,2022-04-17 19:31:00,40.8283,-73.88296,1,0,Following Too Closely,4519966,10.0,3.9,0.5,0.5,0.0,2.0,51,30.1,56.5,313,Drizzle: Light,1,1,
89233,2022-04-13 15:00:00,40.699635,-73.80312,0,0,Driver Inattention/Distraction,4520329,18.9,7.1,0.0,0.0,0.0,0.0,3,18.7,37.4,112,Overcast,0,0,
89234,2022-04-14 21:00:00,40.60777,-74.08144,0,0,Unspecified,4520363,28.1,13.9,0.2,0.2,0.0,2.0,51,25.9,46.1,249,Drizzle: Light,0,0,
89235,2022-04-17 21:19:00,40.691895,-73.81917,1,0,Unsafe Speed,4519917,10.0,3.9,0.5,0.5,0.0,2.0,51,30.1,56.5,313,Drizzle: Light,1,1,
89236,2022-04-17 04:20:00,40.686264,-73.9567,1,0,Unspecified,4519670,10.0,3.9,0.5,0.5,0.0,2.0,51,30.1,56.5,313,Drizzle: Light,1,1,
89237,2022-04-17 12:27:00,40.7415,-73.85907,0,0,Backing Unsafely,4519719,10.0,3.9,0.5,0.5,0.0,2.0,51,30.1,56.5,313,Drizzle: Light,0,0,
89238,2022-04-12 13:26:00,40.682507,-73.94375,0,0,Passing Too Closely,4520251,20.4,7.7,1.6,1.6,0.0,3.0,53,17.8,36.0,271,Drizzle: Moderate,0,0,
89239,2022-04-17 01:30:00,40.794052,-73.970375,2,0,Alcohol Involvement,4519803,10.0,3.9,0.5,0.5,0.0,2.0,51,30.1,56.5,313,Drizzle: Light,2,2,
89240,2022-04-17 01:01:00,40.67898,-73.88107,2,0,Unspecified,4519645,10.0,3.9,0.5,0.5,0.0,2.0,51,30.1,56.5,313,Drizzle: Light,2,2,
89241,2022-04-17 02:40:00,40.76525,-73.995094,1,0,Alcohol Involvement,4520081,10.0,3.9,0.5,0.5,0.0,2.0,51,30.1,56.5,313,Drizzle: Light,1,1,
89242,2022-04-12 14:30:00,40.75201,-73.93016,1,0,Passenger Distraction,4520257,20.4,7.7,1.6,1.6,0.0,3.0,53,17.8,36.0,271,Drizzle: Moderate,1,1,
89243,2022-04-17 13:10:00,40.699482,-73.96104,0,0,Passing or Lane Usage Improper,4519693,10.0,3.9,0.5,0.5,0.0,2.0,51,30.1,56.5,313,Drizzle: Light,0,0,
89244,2022-04-17 12:43:00,40.71552,-74.00925,0,0,Passing Too Closely,4519890,10.0,3.9,0.5,0.5,0.0,2.0,51,30.1,56.5,313,Drizzle: Light,0,0,
89245,2022-04-13 11:54:00,40.891838,-73.86275,0,0,Backing Unsafely,4520375,18.9,7.1,0.0,0.0,0.0,0.0,3,18.7,37.4,112,Overcast,0,0,
89246,2022-04-06 03:32:00,40.66965,-73.94684,0,0,Steering Failure,4520443,12.5,6.2,17.5,17.5,0.0,14.0,61,31.2,62.3,55,Rain: Light,0,0,
89247,2022-04-16 09:17:00,40.861862,-73.91275,2,0,Other Vehicular,4520318,19.3,7.4,6.8,6.8,0.0,7.0,61,24.5,47.5,217,Rain: Light,2,2,
89248,2022-04-17 20:32:00,40.654854,-73.931725,0,0,Unspecified,4519790,10.0,3.9,0.5,0.5,0.0,2.0,51,30.1,56.5,313,Drizzle: Light,0,0,
89249,2022-04-17 20:57:00,40.85162,-73.8265,0,0,Unspecified,4519900,10.0,3.9,0.5,0.5,0.0,2.0,51,30.1,56.5,313,Drizzle: Light,0,0,
89250,2022-04-13 22:30:00,40.88471,-73.83131,2,0,Unsafe Speed,4520369,18.9,7.1,0.0,0.0,0.0,0.0,3,18.7,37.4,112,Overcast,2,2,
89251,2022-04-05 19:00:00,40.698463,-73.960205,1,0,Aggressive Driving/Road Rage,4520246,12.1,1.0,1.7,1.7,0.0,3.0,53,16.8,32.8,121,Drizzle: Moderate,1,1,
89252,2022-04-17 00:17:00,40.6851,-73.99458,0,0,Unspecified,4519586,10.0,3.9,0.5,0.5,0.0,2.0,51,30.1,56.5,313,Drizzle: Light,0,0,
89253,2022-04-17 01:00:00,40.878887,-73.87582,0,0,Unspecified,4520270,10.0,3.9,0.5,0.5,0.0,2.0,51,30.1,56.5,313,Drizzle: Light,0,0,
89254,2022-04-17 04:40:00,40.75172,-73.98835,0,0,Fell Asleep,4520108,10.0,3.9,0.5,0.5,0.0,2.0,51,30.1,56.5,313,Drizzle: Light,0,0,
89255,2022-04-17 13:30:00,40.80538,-73.93458,0,0,Unspecified,4519953,10.0,3.9,0.5,0.5,0.0,2.0,51,30.1,56.5,313,Drizzle: Light,0,0,
89256,2022-04-17 11:40:00,40.631424,-73.955475,0,0,Unspecified,4520003,10.0,3.9,0.5,0.5,0.0,2.0,51,30.1,56.5,313,Drizzle: Light,0,0,
89257,2022-04-07 14:55:00,40.697308,-73.80983,2,0,Failure to Yield Right-of-Way,4520370,11.5,5.6,74.1,74.1,0.0,14.0,65,35.0,64.8,98,Rain: Heavy,2,2,
89258,2022-04-17 05:20:00,40.852383,-73.90365,1,0,Failure to Yield Right-of-Way,4519838,10.0,3.9,0.5,0.5,0.0,2.0,51,30.1,56.5,313,Drizzle: Light,1,1,
89259,2022-04-14 14:10:00,40.781025,-73.981316,0,0,Other Vehicular,4520308,28.1,13.9,0.2,0.2,0.0,2.0,51,25.9,46.1,249,Drizzle: Light,0,0,
89260,2022-04-17 12:10:00,40.81005,-73.92515,3,0,Driver Inattention/Distraction,4520352,10.0,3.9,0.5,0.5,0.0,2.0,51,30.1,56.5,313,Drizzle: Light,3,3,
89261,2022-04-17 18:00:00,40.702,-73.767914,0,0,Following Too Closely,4520277,10.0,3.9,0.5,0.5,0.0,2.0,51,30.1,56.5,313,Drizzle: Light,0,0,
89262,2022-04-17 00:15:00,40.8478,-73.93486,1,0,Unspecified,4519614,10.0,3.9,0.5,0.5,0.0,2.0,51,30.1,56.5,313,Drizzle: Light,1,1,
89263,2022-04-17 05:30:00,40.744602,-73.85562,0,0,Traffic Control Disregarded,4520065,10.0,3.9,0.5,0.5,0.0,2.0,51,30.1,56.5,313,Drizzle: Light,0,0,
89264,2022-04-17 14:00:00,40.67689,-73.900055,3,0,Unspecified,4519831,10.0,3.9,0.5,0.5,0.0,2.0,51,30.1,56.5,313,Drizzle: Light,3,3,
89265,2022-04-17 15:11:00,40.843956,-73.8978,0,0,Other Vehicular,4520019,10.0,3.9,0.5,0.5,0.0,2.0,51,30.1,56.5,313,Drizzle: Light,0,0,
89266,2022-04-17 04:03:00,40.879753,-73.8368,1,0,Fell Asleep,4520384,10.0,3.9,0.5,0.5,0.0,2.0,51,30.1,56.5,313,Drizzle: Light,1,1,
89267,2022-04-17 16:20:00,40.678585,-73.95207,1,0,Following Too Closely,4519937,10.0,3.9,0.5,0.5,0.0,2.0,51,30.1,56.5,313,Drizzle: Light,1,1,
89268,2022-04-17 01:46:00,40.604027,-73.9523,1,0,Driver Inattention/Distraction,4519505,10.0,3.9,0.5,0.5,0.0,2.0,51,30.1,56.5,313,Drizzle: Light,1,1,
89269,2022-04-13 20:32:00,40.808754,-73.94994,1,0,Driver Inattention/Distraction,4520336,18.9,7.1,0.0,0.0,0.0,0.0,3,18.7,37.4,112,Overcast,1,1,
89270,2022-04-15 01:45:00,40.698677,-73.95886,0,0,Following Too Closely,4520265,19.2,6.3,0.1,0.1,0.0,1.0,51,26.9,46.1,243,Drizzle: Light,0,0,
89271,2022-04-17 09:20:00,40.726044,-73.90204,0,0,Driver Inattention/Distraction,4519683,10.0,3.9,0.5,0.5,0.0,2.0,51,30.1,56.5,313,Drizzle: Light,0,0,
89272,2022-04-17 11:40:00,40.64369,-73.89041,0,0,Unspecified,4519694,10.0,3.9,0.5,0.5,0.0,2.0,51,30.1,56.5,313,Drizzle: Light,0,0,
89273,2022-04-17 04:13:00,40.644196,-73.91295,1,0,Unspecified,4520164,10.0,3.9,0.5,0.5,0.0,2.0,51,30.1,56.5,313,Drizzle: Light,1,1,
89274,2022-04-17 20:42:00,40.776516,-73.77447,1,0,Pedestrian/Bicyclist/Other Pedestrian Error/Confusion,4519736,10.0,3.9,0.5,0.5,0.0,2.0,51,30.1,56.5,313,Drizzle: Light,1,1,
89275,2022-04-10 13:15:00,40.68137,-73.94063,0,0,Driver Inattention/Distraction,4520252,9.8,3.5,0.0,0.0,0.0,0.0,3,29.3,54.4,307,Overcast,0,0,
89276,2022-04-17 04:15:00,40.68416,-73.832596,0,0,Backing Unsafely,4519784,10.0,3.9,0.5,0.5,0.0,2.0,51,30.1,56.5,313,Drizzle: Light,0,0,
89277,2022-04-15 19:38:00,40.71122,-73.72827,0,0,Unspecified,4520288,19.2,6.3,0.1,0.1,0.0,1.0,51,26.9,46.1,243,Drizzle: Light,0,0,
89278,2022-04-17 10:45:00,40.652176,-73.92848,0,0,View Obstructed/Limited,4519625,10.0,3.9,0.5,0.5,0.0,2.0,51,30.1,56.5,313,Drizzle: Light,0,0,
89279,2022-04-17 22:00:00,40.581745,-73.95382,0,0,Turning Improperly,4520173,10.0,3.9,0.5,0.5,0.0,2.0,51,30.1,56.5,313,Drizzle: Light,0,0,
89280,2022-04-11 07:00:00,40.801796,-73.955124,0,0,Passing Too Closely,4520283,13.1,1.8,0.0,0.0,0.0,0.0,3,18.6,36.4,246,Overcast,0,0,
89281,2022-04-17 01:10:00,40.67026,-73.86739,1,0,Unsafe Speed,4519647,10.0,3.9,0.5,0.5,0.0,2.0,51,30.1,56.5,313,Drizzle: Light,1,1,
89282,2022-04-17 15:00:00,40.613617,-74.01317,0,0,Driver Inattention/Distraction,4519735,10.0,3.9,0.5,0.5,0.0,2.0,51,30.1,56.5,313,Drizzle: Light,0,0,
89283,2022-04-17 21:50:00,40.7822,-73.91633,0,0,Unspecified,4519769,10.0,3.9,0.5,0.5,0.0,2.0,51,30.1,56.5,313,Drizzle: Light,0,0,
89284,2022-04-17 00:40:00,40.829502,-73.87462,3,0,Driver Inattention/Distraction,4519972,10.0,3.9,0.5,0.5,0.0,2.0,51,30.1,56.5,313,Drizzle: Light,3,3,
89285,2022-04-08 23:31:00,40.731506,-73.895805,0,0,Passing or Lane Usage Improper,4520335,16.5,7.1,5.2,5.2,0.0,4.0,63,21.3,42.8,253,Rain: Moderate,0,0,
89286,2022-04-17 04:55:00,40.699406,-73.95338,0,0,Driver Inattention/Distraction,4519667,10.0,3.9,0.5,0.5,0.0,2.0,51,30.1,56.5,313,Drizzle: Light,0,0,
89287,2022-04-17 03:00:00,40.844574,-73.9345,0,0,Backing Unsafely,4519612,10.0,3.9,0.5,0.5,0.0,2.0,51,30.1,56.5,313,Drizzle: Light,0,0,
89288,2022-04-17 23:48:00,40.615993,-74.031136,1,0,Pedestrian/Bicyclist/Other Pedestrian Error/Confusion,4519754,10.0,3.9,0.5,0.5,0.0,2.0,51,30.1,56.5,313,Drizzle: Light,1,1,
89289,2022-04-17 18:10:00,40.874992,-73.81846,0,0,Driver Inattention/Distraction,4520152,10.0,3.9,0.5,0.5,0.0,2.0,51,30.1,56.5,313,Drizzle: Light,0,0,
89290,2022-04-17 10:00:00,40.75829,-73.83431,0,0,Unspecified,4519748,10.0,3.9,0.5,0.5,0.0,2.0,51,30.1,56.5,313,Drizzle: Light,0,0,
89291,2022-04-08 12:41:00,40.873642,-73.85318,1,0,Failure to Yield Right-of-Way,4520383,16.5,7.1,5.2,5.2,0.0,4.0,63,21.3,42.8,253,Rain: Moderate,1,1,
89292,2022-04-14 18:25:00,40.56152,-74.17186,0,0,Unspecified,4520292,28.1,13.9,0.2,0.2,0.0,2.0,51,25.9,46.1,249,Drizzle: Light,0,0,
89293,2022-04-17 17:00:00,40.69424,-73.810905,0,0,Driver Inattention/Distraction,4519870,10.0,3.9,0.5,0.5,0.0,2.0,51,30.1,56.5,313,Drizzle: Light,0,0,
89294,2022-04-09 16:00:00,40.69133,-73.95177,0,0,Following Too Closely,4520249,13.6,5.0,4.8,4.8,0.0,12.0,55,20.1,42.8,263,Drizzle: Dense,0,0,
89295,2022-04-16 06:26:00,40.58124,-74.09845,1,0,Driver Inattention/Distraction,4520300,19.3,7.4,6.8,6.8,0.0,7.0,61,24.5,47.5,217,Rain: Light,1,1,
89296,2022-04-14 07:30:00,40.680485,-73.774704,0,0,Passing Too Closely,4520276,28.1,13.9,0.2,0.2,0.0,2.0,51,25.9,46.1,249,Drizzle: Light,0,0,
89297,2022-04-17 07:30:00,40.83202,-73.87323,0,0,Unspecified,4519959,10.0,3.9,0.5,0.5,0.0,2.0,51,30.1,56.5,313,Drizzle: Light,0,0,
89298,2022-04-17 09:27:00,40.62509,-74.12474,0,0,Accelerator Defective,4520362,10.0,3.9,0.5,0.5,0.0,2.0,51,30.1,56.5,313,Drizzle: Light,0,0,
89299,2022-04-17 18:10:00,40.81394,-73.948425,0,0,Driver Inattention/Distraction,4519848,10.0,3.9,0.5,0.5,0.0,2.0,51,30.1,56.5,313,Drizzle: Light,0,0,
89300,2022-04-17 15:46:00,40.667385,-73.88709,0,0,Driver Inattention/Distraction,4519834,10.0,3.9,0.5,0.5,0.0,2.0,51,30.1,56.5,313,Drizzle: Light,0,0,
89301,2022-04-17 03:30:00,40.72973,-73.91183,1,0,Driver Inattention/Distraction,4519574,10.0,3.9,0.5,0.5,0.0,2.0,51,30.1,56.5,313,Drizzle: Light,1,1,
89302,2022-04-04 14:30:00,40.74473,-73.93359,0,0,Driver Inattention/Distraction,4520408,12.2,2.6,0.1,0.1,0.0,1.0,51,23.7,41.4,304,Drizzle: Light,0,0,
89303,2022-04-17 10:33:00,40.675087,-73.97189,0,0,Passing Too Closely,4519907,10.0,3.9,0.5,0.5,0.0,2.0,51,30.1,56.5,313,Drizzle: Light,0,0,
89304,2022-04-13 10:05:00,40.70018,-73.842766,0,0,Unspecified,4520346,18.9,7.1,0.0,0.0,0.0,0.0,3,18.7,37.4,112,Overcast,0,0,
89305,2022-04-17 19:59:00,40.83801,-73.87329,3,0,Driver Inattention/Distraction,4519918,10.0,3.9,0.5,0.5,0.0,2.0,51,30.1,56.5,313,Drizzle: Light,3,3,
89306,2022-04-17 12:50:00,40.820587,-73.81782,0,0,Unspecified,4520093,10.0,3.9,0.5,0.5,0.0,2.0,51,30.1,56.5,313,Drizzle: Light,0,0,
89307,2022-04-05 10:45:00,40.740738,-73.98769,1,0,Unspecified,4520353,12.1,1.0,1.7,1.7,0.0,3.0,53,16.8,32.8,121,Drizzle: Moderate,1,1,
89308,2022-04-17 12:27:00,40.706608,-74.00204,1,0,Unspecified,4519888,10.0,3.9,0.5,0.5,0.0,2.0,51,30.1,56.5,313,Drizzle: Light,1,1,
89309,2022-04-17 17:35:00,40.654133,-73.91234,2,0,Unspecified,4519791,10.0,3.9,0.5,0.5,0.0,2.0,51,30.1,56.5,313,Drizzle: Light,2,2,
89310,2022-04-16 18:30:00,40.72873,-73.85088,0,0,Reaction to Uninvolved Vehicle,4520392,19.3,7.4,6.8,6.8,0.0,7.0,61,24.5,47.5,217,Rain: Light,0,0,
89311,2022-04-15 20:30:00,40.648983,-73.94841,0,0,Unspecified,4520442,19.2,6.3,0.1,0.1,0.0,1.0,51,26.9,46.1,243,Drizzle: Light,0,0,
89312,2022-04-14 16:40:00,40.741882,-73.9904,0,0,Driver Inattention/Distraction,4520245,28.1,13.9,0.2,0.2,0.0,2.0,51,25.9,46.1,249,Drizzle: Light,0,0,
89313,2022-04-15 14:30:00,40.679817,-73.98513,0,0,Backing Unsafely,4520323,19.2,6.3,0.1,0.1,0.0,1.0,51,26.9,46.1,243,Drizzle: Light,0,0,
89314,2022-04-17 22:21:00,40.736885,-73.978546,0,0,Driver Inattention/Distraction,4519952,10.0,3.9,0.5,0.5,0.0,2.0,51,30.1,56.5,313,Drizzle: Light,0,0,
89315,2022-04-17 08:25:00,40.660442,-73.95688,1,0,Driver Inattention/Distraction,4520037,10.0,3.9,0.5,0.5,0.0,2.0,51,30.1,56.5,313,Drizzle: Light,1,1,
89316,2022-04-06 01:13:00,40.88302,-73.85325,6,0,Pavement Slippery,4520366,12.5,6.2,17.5,17.5,0.0,14.0,61,31.2,62.3,55,Rain: Light,6,6,
89317,2022-04-17 19:00:00,40.743057,-73.87769,1,0,Driver Inattention/Distraction,4520067,10.0,3.9,0.5,0.5,0.0,2.0,51,30.1,56.5,313,Drizzle: Light,1,1,
89318,2022-04-16 04:15:00,40.87911,-73.84325,0,0,Failure to Yield Right-of-Way,4520372,19.3,7.4,6.8,6.8,0.0,7.0,61,24.5,47.5,217,Rain: Light,0,0,
89319,2022-04-17 00:03:00,40.662556,-73.91963,0,0,Other Vehicular,4519521,10.0,3.9,0.5,0.5,0.0,2.0,51,30.1,56.5,313,Drizzle: Light,0,0,
89320,2022-04-12 13:25:00,40.7795,-73.981636,0,0,Driver Inattention/Distraction,4520395,20.4,7.7,1.6,1.6,0.0,3.0,53,17.8,36.0,271,Drizzle: Moderate,0,0,
89321,2022-04-17 00:08:00,40.811565,-73.942726,2,0,Driver Inattention/Distraction,4519847,10.0,3.9,0.5,0.5,0.0,2.0,51,30.1,56.5,313,Drizzle: Light,2,2,
89322,2022-04-16 23:00:00,40.719933,-73.97876,1,0,Unspecified,4520268,19.3,7.4,6.8,6.8,0.0,7.0,61,24.5,47.5,217,Rain: Light,1,1,
89323,2022-04-17 14:07:00,40.726135,-73.76318,0,0,Following Too Closely,4519710,10.0,3.9,0.5,0.5,0.0,2.0,51,30.1,56.5,313,Drizzle: Light,0,0,
89324,2021-11-13 14:30:00,40.63273,-73.98532,0,0,Unspecified,4477497,16.0,4.8,5.0,5.0,0.0,4.0,63,36.4,65.9,238,Rain: Moderate,0,0,
89325,2022-04-10 05:35:00,40.68796,-73.94194,0,0,Alcohol Involvement,4520253,9.8,3.5,0.0,0.0,0.0,0.0,3,29.3,54.4,307,Overcast,0,0,
89326,2022-04-02 16:15:00,40.817677,-73.923874,0,0,Unspecified,4520348,11.1,1.4,0.0,0.0,0.0,0.0,3,26.3,47.9,286,Overcast,0,0,
89327,2022-04-17 12:15:00,40.833965,-73.8629,1,0,Driver Inattention/Distraction,4519957,10.0,3.9,0.5,0.5,0.0,2.0,51,30.1,56.5,313,Drizzle: Light,1,1,
89328,2022-04-17 19:00:00,40.804825,-73.966225,0,0,Unspecified,4520002,10.0,3.9,0.5,0.5,0.0,2.0,51,30.1,56.5,313,Drizzle: Light,0,0,
89329,2022-04-17 00:50:00,40.557346,-74.16622,0,0,Unspecified,4520153,10.0,3.9,0.5,0.5,0.0,2.0,51,30.1,56.5,313,Drizzle: Light,0,0,
89330,2022-04-17 10:50:00,40.651264,-74.003914,0,0,Unsafe Speed,4519745,10.0,3.9,0.5,0.5,0.0,2.0,51,30.1,56.5,313,Drizzle: Light,0,0,
89331,2022-04-17 08:30:00,40.682503,-73.82131,0,0,Passing or Lane Usage Improper,4519782,10.0,3.9,0.5,0.5,0.0,2.0,51,30.1,56.5,313,Drizzle: Light,0,0,
89332,2022-04-17 05:18:00,40.662743,-73.921936,2,0,Following Too Closely,4519627,10.0,3.9,0.5,0.5,0.0,2.0,51,30.1,56.5,313,Drizzle: Light,2,2,
89333,2022-04-17 17:02:00,40.659542,-73.90764,1,0,Unspecified,4520182,10.0,3.9,0.5,0.5,0.0,2.0,51,30.1,56.5,313,Drizzle: Light,1,1,
89334,2022-04-17 00:53:00,40.70492,-74.009056,0,0,Passing Too Closely,4519896,10.0,3.9,0.5,0.5,0.0,2.0,51,30.1,56.5,313,Drizzle: Light,0,0,
89335,2022-04-17 22:47:00,40.75895,-73.96849,1,0,Driver Inattention/Distraction,4519750,10.0,3.9,0.5,0.5,0.0,2.0,51,30.1,56.5,313,Drizzle: Light,1,1,
89336,2022-04-17 13:05:00,40.5839,-73.93874,0,0,Obstruction/Debris,4519795,10.0,3.9,0.5,0.5,0.0,2.0,51,30.1,56.5,313,Drizzle: Light,0,0,
89337,2022-04-17 10:16:00,40.85025,-73.8449,0,0,Backing Unsafely,4520327,10.0,3.9,0.5,0.5,0.0,2.0,51,30.1,56.5,313,Drizzle: Light,0,0,
89338,2022-04-06 16:58:00,40.80897,-73.94833,2,0,Following Too Closely,4520285,12.5,6.2,17.5,17.5,0.0,14.0,61,31.2,62.3,55,Rain: Light,2,2,
89339,2022-04-15 20:25:00,40.527668,-74.23023,2,0,Driver Inattention/Distraction,4520293,19.2,6.3,0.1,0.1,0.0,1.0,51,26.9,46.1,243,Drizzle: Light,2,2,
89340,2022-04-17 09:00:00,40.711098,-73.739426,0,0,Backing Unsafely,4519621,10.0,3.9,0.5,0.5,0.0,2.0,51,30.1,56.5,313,Drizzle: Light,0,0,