,CRASH DATETIME,LATITUDE,LONGITUDE,NUMBER OF PERSONS INJURED,NUMBER OF PERSONS KILLED,CONTRIBUTING FACTOR VEHICLE 1,COLLISION_ID,temperature_2m_max,temperature_2m_min,precipitation_sum,rain_sum,snowfall_sum,precipitation_hours,weather_code,wind_speed_10m_max,wind_gusts_10m_max,wind_direction_10m_dominant,Weather Description,Severity_Score,Total_Affected_Persons,Weather_Category
89341,2022-04-17 23:00:00,40.827244,-73.92406,0,0,Backing Unsafely,4520013,10.0,3.9,0.5,0.5,0.0,2.0,51,30.1,56.5,313,Drizzle: Light,0,0,
89342,2022-04-17 13:10:00,40.692314,-73.88268,1,0,Tire Failure/Inadequate,4519682,10.0,3.9,0.5,0.5,0.0,2.0,51,30.1,56.5,313,Drizzle: Light,1,1,
89343,2022-04-16 16:28:00,40.741642,-73.97817,1,0,Driver Inattention/Distraction,4520244,19.3,7.4,6.8,6.8,0.0,7.0,61,24.5,47.5,217,Rain: Light,1,1,
89344,2022-04-17 00:25:00,40.670113,-73.910866,0,0,Unspecified,4519606,10.0,3.9,0.5,0.5,0.0,2.0,51,30.1,56.5,313,Drizzle: Light,0,0,
89345,2022-04-17 20:28:00,40.773773,-73.96608,1,0,Driver Inattention/Distraction,4519830,10.0,3.9,0.5,0.5,0.0,2.0,51,30.1,56.5,313,Drizzle: Light,1,1,
89346,2022-04-17 15:10:00,40.695995,-73.782776,1,0,Passing Too Closely,4520279,10.0,3.9,0.5,0.5,0.0,2.0,51,30.1,56.5,313,Drizzle: Light,1,1,
89347,2022-04-17 22:31:00,40.754128,-73.98834,1,0,Failure to Yield Right-of-Way,4520114,10.0,3.9,0.5,0.5,0.0,2.0,51,30.1,56.5,313,Drizzle: Light,1,1,
89348,2022-04-17 20:00:00,40.662476,-73.77395,0,0,Turning Improperly,4519733,10.0,3.9,0.5,0.5,0.0,2.0,51,30.1,56.5,313,Drizzle: Light,0,0,
89349,2022-01-31 00:17:00,40.70721,-73.93656,0,0,Fell Asleep,4498565,-3.4,-17.1,0.0,0.0,0.0,0.0,3,12.2,18.0,23,Overcast,0,0,
89350,2022-02-05 07:10:00,40.674744,-73.78222,0,0,Following Too Closely,4500921,-1.9,-6.9,0.4,0.0,0.28,3.0,71,26.8,50.4,322,Snow fall: Light,0,0,Snowy Conditions
89351,2022-02-05 16:20:00,40.709145,-74.01309,1,0,Pavement Slippery,4500924,-1.9,-6.9,0.4,0.0,0.28,3.0,71,26.8,50.4,322,Snow fall: Light,1,1,Snowy Conditions
89352,2022-01-30 18:31:00,40.702263,-73.748955,0,0,Following Too Closely,4500925,-5.4,-13.8,0.0,0.0,0.0,0.0,3,28.5,50.0,290,Overcast,0,0,
89353,2022-02-04 19:00:00,40.516064,-74.23244,0,0,Failure to Yield Right-of-Way,4500929,12.5,-2.3,26.6,26.5,0.07,23.0,71,29.7,50.4,313,Snow fall: Light,0,0,Snowy Conditions
89354,2022-01-31 21:30:00,40.673008,-73.78809,0,0,Passing Too Closely,4500926,-3.4,-17.1,0.0,0.0,0.0,0.0,3,12.2,18.0,23,Overcast,0,0,
89355,2022-02-21 23:49:00,40.666393,-73.75177,0,0,Unspecified,4504750,9.9,-1.9,0.0,0.0,0.0,0.0,3,19.2,35.3,192,Overcast,0,0,
89356,2022-02-12 08:20:00,0.0,0.0,0,0,Unspecified,4505162,13.1,5.9,0.0,0.0,0.0,0.0,3,25.0,44.3,252,Overcast,0,0,
89357,2022-02-21 11:50:00,40.60612,-73.96565,1,0,Driver Inattention/Distraction,4504650,9.9,-1.9,0.0,0.0,0.0,0.0,3,19.2,35.3,192,Overcast,1,1,
89358,2022-02-20 06:10:00,40.670586,-73.76509,0,0,Passing or Lane Usage Improper,4505140,2.4,-6.6,0.0,0.0,0.0,0.0,3,23.4,44.3,250,Overcast,0,0,
89359,2022-02-19 07:42:00,40.722095,-73.77772,0,0,Driver Inattention/Distraction,4505156,3.3,-5.5,0.4,0.0,0.28,4.0,71,35.3,64.4,260,Snow fall: Light,0,0,Snowy Conditions
89360,2021-12-18 02:25:00,40.68305,-73.97377,0,0,Failure to Yield Right-of-Way,4505168,6.3,4.5,3.8,3.8,0.0,9.0,61,12.3,24.5,35,Rain: Light,0,0,
89361,2022-02-21 14:50:00,40.577118,-74.001114,0,0,Driver Inexperience,4504698,9.9,-1.9,0.0,0.0,0.0,0.0,3,19.2,35.3,192,Overcast,0,0,
89362,2022-02-22 14:09:00,40.713398,-73.95641,0,0,Failure to Yield Right-of-Way,4504850,13.6,-0.2,4.7,4.7,0.0,8.0,61,38.4,76.0,175,Rain: Light,0,0,
89363,2022-02-22 07:40:00,40.634174,-73.944885,0,0,Unspecified,4504763,13.6,-0.2,4.7,4.7,0.0,8.0,61,38.4,76.0,175,Rain: Light,0,0,
89364,2022-02-22 19:26:00,40.689842,-73.850075,1,0,Failure to Yield Right-of-Way,4505078,13.6,-0.2,4.7,4.7,0.0,8.0,61,38.4,76.0,175,Rain: Light,1,1,
89365,2022-02-22 18:30:00,40.7179,-73.83202,1,0,Failure to Yield Right-of-Way,4504834,13.6,-0.2,4.7,4.7,0.0,8.0,61,38.4,76.0,175,Rain: Light,1,1,
89366,2022-02-22 08:25:00,40.749977,-73.98426,0,0,Passing or Lane Usage Improper,4504858,13.6,-0.2,4.7,4.7,0.0,8.0,61,38.4,76.0,175,Rain: Light,0,0,
89367,2022-02-22 20:41:00,40.847187,-73.92135,0,0,Driver Inattention/Distraction,4505275,13.6,-0.2,4.7,4.7,0.0,8.0,61,38.4,76.0,175,Rain: Light,0,0,
89368,2022-02-15 02:09:00,40.622253,-73.92624,0,0,Backing Unsafely,4505225,-0.2,-9.2,0.0,0.0,0.0,0.0,3,12.9,28.4,276,Overcast,0,0,
89369,2022-02-21 15:13:00,40.710777,-73.86502,3,1,Traffic Control Disregarded,4504806,9.9,-1.9,0.0,0.0,0.0,0.0,3,19.2,35.3,192,Overcast,23,4,
89370,2022-04-17 02:10:00,40.640587,-73.92566,0,0,Unspecified,4520438,10.0,3.9,0.5,0.5,0.0,2.0,51,30.1,56.5,313,Drizzle: Light,0,0,
89371,2022-04-02 23:45:00,40.874985,-73.86542,1,0,Unspecified,4520377,11.1,1.4,0.0,0.0,0.0,0.0,3,26.3,47.9,286,Overcast,1,1,
89372,2021-11-05 16:19:00,40.6745,-73.9537,1,0,Failure to Yield Right-of-Way,4477641,10.7,3.2,0.0,0.0,0.0,0.0,0,14.8,30.2,1,Clear sky,1,1,Sunny/Clear Conditions
89373,2022-04-17 01:52:00,40.692875,-73.83219,2,0,Following Too Closely,4519914,10.0,3.9,0.5,0.5,0.0,2.0,51,30.1,56.5,313,Drizzle: Light,2,2,
89374,2022-04-17 18:45:00,40.705486,-73.77654,1,0,Glare,4519871,10.0,3.9,0.5,0.5,0.0,2.0,51,30.1,56.5,313,Drizzle: Light,1,1,
89375,2022-02-05 11:50:00,40.652313,-73.95602,0,0,Unspecified,4500162,-1.9,-6.9,0.4,0.0,0.28,3.0,71,26.8,50.4,322,Snow fall: Light,0,0,Snowy Conditions
89376,2022-02-05 17:00:00,40.708378,-73.94759,0,0,Passing Too Closely,4500492,-1.9,-6.9,0.4,0.0,0.28,3.0,71,26.8,50.4,322,Snow fall: Light,0,0,Snowy Conditions
89377,2022-02-05 12:50:00,40.718018,-73.99996,0,0,Driver Inattention/Distraction,4500289,-1.9,-6.9,0.4,0.0,0.28,3.0,71,26.8,50.4,322,Snow fall: Light,0,0,Snowy Conditions
89378,2022-02-05 16:00:00,40.565254,-74.1301,1,0,Unspecified,4500719,-1.9,-6.9,0.4,0.0,0.28,3.0,71,26.8,50.4,322,Snow fall: Light,1,1,Snowy Conditions
89379,2022-02-02 07:30:00,40.592026,-74.19011,0,0,Passing or Lane Usage Improper,4500687,3.8,-7.2,0.0,0.0,0.0,0.0,3,10.6,16.2,93,Overcast,0,0,
89380,2022-01-29 02:00:00,40.691456,-73.9178,1,0,Unspecified,4498706,-1.7,-12.9,17.6,0.1,12.25,19.0,75,39.7,72.7,336,Snow fall: Heavy,1,1,Snowy Conditions
89381,2022-02-05 22:41:00,40.730946,-73.84859,5,0,Driver Inattention/Distraction,4500250,-1.9,-6.9,0.4,0.0,0.28,3.0,71,26.8,50.4,322,Snow fall: Light,5,5,Snowy Conditions
89382,2022-02-04 21:15:00,40.8139,-73.93827,0,0,Backing Unsafely,4500606,12.5,-2.3,26.6,26.5,0.07,23.0,71,29.7,50.4,313,Snow fall: Light,0,0,Snowy Conditions
89383,2022-02-05 11:00:00,40.698746,-73.9924,0,0,Unspecified,4500381,-1.9,-6.9,0.4,0.0,0.28,3.0,71,26.8,50.4,322,Snow fall: Light,0,0,Snowy Conditions
89384,2022-01-31 10:00:00,40.660797,-73.87183,1,0,Unspecified,4500664,-3.4,-17.1,0.0,0.0,0.0,0.0,3,12.2,18.0,23,Overcast,1,1,
89385,2022-02-03 09:15:00,40.651604,-73.95162,0,0,Driver Inattention/Distraction,4500767,9.2,2.3,13.1,13.1,0.0,17.0,61,14.9,23.8,194,Rain: Light,0,0,
89386,2022-02-04 14:25:00,40.713196,-73.74968,0,0,Driver Inattention/Distraction,4500827,12.5,-2.3,26.6,26.5,0.07,23.0,71,29.7,50.4,313,Snow fall: Light,0,0,Snowy Conditions
89387,2022-02-05 01:30:00,40.599854,-73.98878,0,0,Pavement Slippery,4499941,-1.9,-6.9,0.4,0.0,0.28,3.0,71,26.8,50.4,322,Snow fall: Light,0,0,Snowy Conditions
89388,2022-02-05 20:14:00,40.658028,-73.94744,0,0,Driver Inattention/Distraction,4500399,-1.9,-6.9,0.4,0.0,0.28,3.0,71,26.8,50.4,322,Snow fall: Light,0,0,Snowy Conditions
89389,2022-01-17 02:00:00,40.854218,-73.89004,1,0,Driver Inattention/Distraction,4500715,9.7,0.4,33.6,32.8,0.56,12.0,73,54.1,99.7,183,Snow fall: Moderate,1,1,Snowy Conditions
89390,2022-02-04 09:48:00,40.628838,-74.12618,0,0,Following Too Closely,4500755,12.5,-2.3,26.6,26.5,0.07,23.0,71,29.7,50.4,313,Snow fall: Light,0,0,Snowy Conditions
89391,2022-02-04 07:05:00,40.669456,-73.86284,1,0,Failure to Yield Right-of-Way,4500645,12.5,-2.3,26.6,26.5,0.07,23.0,71,29.7,50.4,313,Snow fall: Light,1,1,Snowy Conditions
89392,2022-02-05 08:05:00,40.734566,-73.72269,0,0,Unspecified,4500041,-1.9,-6.9,0.4,0.0,0.28,3.0,71,26.8,50.4,322,Snow fall: Light,0,0,Snowy Conditions
89393,2022-02-05 22:19:00,40.680317,-73.996895,0,0,Following Too Closely,4500132,-1.9,-6.9,0.4,0.0,0.28,3.0,71,26.8,50.4,322,Snow fall: Light,0,0,Snowy Conditions
89394,2022-02-05 14:05:00,40.699066,-73.81501,0,0,Unsafe Lane Changing,4500510,-1.9,-6.9,0.4,0.0,0.28,3.0,71,26.8,50.4,322,Snow fall: Light,0,0,Snowy Conditions
89395,2022-02-05 03:45:00,40.701782,-73.80634,0,0,Driver Inattention/Distraction,4500553,-1.9,-6.9,0.4,0.0,0.28,3.0,71,26.8,50.4,322,Snow fall: Light,0,0,Snowy Conditions
89396,2022-02-04 20:32:00,40.76542,-73.98383,1,0,Driver Inattention/Distraction,4500612,12.5,-2.3,26.6,26.5,0.07,23.0,71,29.7,50.4,313,Snow fall: Light,1,1,Snowy Conditions
89397,2022-02-04 10:00:00,40.720524,-73.96206,0,0,Passing Too Closely,4500625,12.5,-2.3,26.6,26.5,0.07,23.0,71,29.7,50.4,313,Snow fall: Light,0,0,Snowy Conditions
89398,2022-02-05 21:18:00,40.645817,-73.90309,0,0,Unsafe Speed,4500109,-1.9,-6.9,0.4,0.0,0.28,3.0,71,26.8,50.4,322,Snow fall: Light,0,0,Snowy Conditions
89399,2022-01-30 11:04:00,40.553017,-74.152145,0,0,Passing or Lane Usage Improper,4500792,-5.4,-13.8,0.0,0.0,0.0,0.0,3,28.5,50.0,290,Overcast,0,0,
89400,2022-01-30 15:18:00,40.55173,-74.15872,0,0,Unspecified,4500812,-5.4,-13.8,0.0,0.0,0.0,0.0,3,28.5,50.0,290,Overcast,0,0,
89401,2022-01-07 19:22:00,40.77437,-73.963554,1,0,Driver Inattention/Distraction,4500885,-0.0,-5.7,9.0,0.0,6.3,11.0,75,26.8,48.6,313,Snow fall: Heavy,1,1,Snowy Conditions
89402,2021-11-05 17:00:00,40.627247,-74.01429,0,0,Traffic Control Disregarded,4474368,10.7,3.2,0.0,0.0,0.0,0.0,0,14.8,30.2,1,Clear sky,0,0,Sunny/Clear Conditions
89403,2021-11-10 18:00:00,40.75455,-73.96252,1,0,Driver Inattention/Distraction,4476058,17.2,7.8,0.3,0.3,0.0,1.0,51,20.7,38.5,318,Drizzle: Light,1,1,
89404,2021-11-08 09:10:00,40.79117,-73.9478,0,0,Passing Too Closely,4477849,16.5,6.4,0.0,0.0,0.0,0.0,3,17.4,33.8,355,Overcast,0,0,
89405,2021-11-13 19:00:00,40.755405,-73.97949,0,0,Unspecified,4477819,16.0,4.8,5.0,5.0,0.0,4.0,63,36.4,65.9,238,Rain: Moderate,0,0,
89406,2021-11-13 00:58:00,40.846542,-73.88561,0,0,Alcohol Involvement,4477848,16.0,4.8,5.0,5.0,0.0,4.0,63,36.4,65.9,238,Rain: Moderate,0,0,
89407,2021-11-13 04:40:00,40.694855,-73.925,0,0,Reaction to Uninvolved Vehicle,4477829,16.0,4.8,5.0,5.0,0.0,4.0,63,36.4,65.9,238,Rain: Moderate,0,0,
89408,2021-11-08 06:00:00,40.692417,-73.902794,0,0,Oversized Vehicle,4477843,16.5,6.4,0.0,0.0,0.0,0.0,3,17.4,33.8,355,Overcast,0,0,
89409,2021-11-02 07:00:00,40.681377,-73.90778,0,0,Passing Too Closely,4477831,11.4,7.0,0.6,0.6,0.0,4.0,51,14.1,28.1,271,Drizzle: Light,0,0,
89410,2020-11-15 22:20:00,40.6828,-73.90638,1,0,Unsafe Speed,4477852,17.1,2.7,4.2,4.2,0.0,3.0,61,44.7,98.6,165,Rain: Light,1,1,
89411,2021-11-13 16:30:00,40.699627,-73.923836,0,0,Passing Too Closely,4477832,16.0,4.8,5.0,5.0,0.0,4.0,63,36.4,65.9,238,Rain: Moderate,0,0,
89412,2021-12-13 10:35:00,40.657673,-73.93104,1,0,Unspecified,4486209,10.2,1.9,0.0,0.0,0.0,0.0,3,19.6,35.3,242,Overcast,1,1,
89413,2022-02-05 10:50:00,40.63068,-74.01098,0,0,Unspecified,4500099,-1.9,-6.9,0.4,0.0,0.28,3.0,71,26.8,50.4,322,Snow fall: Light,0,0,Snowy Conditions
89414,2022-02-04 10:20:00,40.798996,-73.942535,0,0,Unsafe Lane Changing,4500736,12.5,-2.3,26.6,26.5,0.07,23.0,71,29.7,50.4,313,Snow fall: Light,0,0,Snowy Conditions
89415,2021-12-13 17:05:00,40.739468,-73.999,0,0,Unspecified,4486215,10.2,1.9,0.0,0.0,0.0,0.0,3,19.6,35.3,242,Overcast,0,0,
89416,2021-12-13 20:10:00,40.802395,-73.936775,0,0,Unsafe Lane Changing,4486205,10.2,1.9,0.0,0.0,0.0,0.0,3,19.6,35.3,242,Overcast,0,0,
89417,2021-12-13 15:00:00,40.675797,-73.81706,0,0,Glare,4486216,10.2,1.9,0.0,0.0,0.0,0.0,3,19.6,35.3,242,Overcast,0,0,
89418,2021-12-13 10:45:00,40.639706,-74.01961,0,0,Unspecified,4486208,10.2,1.9,0.0,0.0,0.0,0.0,3,19.6,35.3,242,Overcast,0,0,
89419,2021-12-13 00:00:00,40.726227,-73.756714,0,0,Reaction to Uninvolved Vehicle,4486218,10.2,1.9,0.0,0.0,0.0,0.0,3,19.6,35.3,242,Overcast,0,0,
89420,2022-03-27 22:50:00,40.64844,-73.88242,0,0,Driver Inattention/Distraction,4520334,7.5,-1.1,0.3,0.3,0.07,3.0,71,26.4,47.5,288,Snow fall: Light,0,0,Snowy Conditions
89421,2021-12-13 18:30:00,40.722466,-73.73692,2,0,Turning Improperly,4486201,10.2,1.9,0.0,0.0,0.0,0.0,3,19.6,35.3,242,Overcast,2,2,
89422,2022-02-05 23:20:00,40.75,-73.89924,0,0,Driver Inattention/Distraction,4500124,-1.9,-6.9,0.4,0.0,0.28,3.0,71,26.8,50.4,322,Snow fall: Light,0,0,Snowy Conditions
89423,2022-02-05 09:13:00,40.749607,-73.89687,1,0,Fell Asleep,4500051,-1.9,-6.9,0.4,0.0,0.28,3.0,71,26.8,50.4,322,Snow fall: Light,1,1,Snowy Conditions
89424,2022-01-27 06:00:00,40.82422,-73.9409,0,0,Other Vehicular,4500623,-0.3,-9.6,0.0,0.0,0.0,0.0,3,18.7,37.1,184,Overcast,0,0,
89425,2022-02-05 10:45:00,40.85476,-73.888245,0,0,Driver Inattention/Distraction,4500325,-1.9,-6.9,0.4,0.0,0.28,3.0,71,26.8,50.4,322,Snow fall: Light,0,0,Snowy Conditions
89426,2022-02-05 17:44:00,40.68631,-73.97445,1,0,Unsafe Speed,4500422,-1.9,-6.9,0.4,0.0,0.28,3.0,71,26.8,50.4,322,Snow fall: Light,1,1,Snowy Conditions
89427,2022-02-01 22:20:00,40.68045,-73.87586,1,0,Driver Inattention/Distraction,4500639,-0.9,-13.4,0.0,0.0,0.0,0.0,3,12.2,21.2,36,Overcast,1,1,
89428,2021-11-13 14:30:00,40.835747,-73.902245,0,0,Unspecified,4476924,16.0,4.8,5.0,5.0,0.0,4.0,63,36.4,65.9,238,Rain: Moderate,0,0,
89429,2021-11-13 02:20:00,40.63629,-73.947754,0,0,Alcohol Involvement,4477156,16.0,4.8,5.0,5.0,0.0,4.0,63,36.4,65.9,238,Rain: Moderate,0,0,
89430,2021-11-13 22:25:00,40.66502,-73.90571,3,0,Aggressive Driving/Road Rage,4477000,16.0,4.8,5.0,5.0,0.0,4.0,63,36.4,65.9,238,Rain: Moderate,3,3,
89431,2021-11-12 09:50:00,40.790154,-73.93675,1,0,Reaction to Uninvolved Vehicle,4477818,18.5,8.9,15.0,15.0,0.0,7.0,63,39.8,74.5,174,Rain: Moderate,1,1,
89432,2021-11-11 11:50:00,40.750305,-74.00837,0,0,Passing Too Closely,4477563,15.0,4.2,0.3,0.3,0.0,2.0,51,22.6,38.2,85,Drizzle: Light,0,0,
89433,2021-11-13 19:45:00,40.87314,-73.90572,0,0,Driver Inattention/Distraction,4477539,16.0,4.8,5.0,5.0,0.0,4.0,63,36.4,65.9,238,Rain: Moderate,0,0,
89434,2021-11-13 00:35:00,40.696014,-73.92153,0,0,Other Vehicular,4476758,16.0,4.8,5.0,5.0,0.0,4.0,63,36.4,65.9,238,Rain: Moderate,0,0,
89435,2021-11-13 11:30:00,40.840603,-73.91152,0,0,Passing Too Closely,4476964,16.0,4.8,5.0,5.0,0.0,4.0,63,36.4,65.9,238,Rain: Moderate,0,0,
89436,2021-11-13 16:29:00,40.69535,-73.91632,1,0,Passing Too Closely,4477277,16.0,4.8,5.0,5.0,0.0,4.0,63,36.4,65.9,238,Rain: Moderate,1,1,
89437,2021-11-13 07:00:00,40.826656,-73.8739,0,0,Unspecified,4477058,16.0,4.8,5.0,5.0,0.0,4.0,63,36.4,65.9,238,Rain: Moderate,0,0,
89438,2021-11-13 19:00:00,40.634163,-74.00736,1,0,Failure to Yield Right-of-Way,4477477,16.0,4.8,5.0,5.0,0.0,4.0,63,36.4,65.9,238,Rain: Moderate,1,1,
89439,2021-11-13 17:35:00,40.769764,-73.97455,0,0,Driver Inexperience,4477614,16.0,4.8,5.0,5.0,0.0,4.0,63,36.4,65.9,238,Rain: Moderate,0,0,
89440,2021-11-12 07:30:00,40.62955,-74.079124,0,0,Unspecified,4477676,18.5,8.9,15.0,15.0,0.0,7.0,63,39.8,74.5,174,Rain: Moderate,0,0,
89441,2021-11-13 06:30:00,40.70887,-73.81871,0,0,Driver Inattention/Distraction,4476779,16.0,4.8,5.0,5.0,0.0,4.0,63,36.4,65.9,238,Rain: Moderate,0,0,
89442,2021-11-10 16:00:00,40.79811,-73.95032,0,0,Passing Too Closely,4477557,17.2,7.8,0.3,0.3,0.0,1.0,51,20.7,38.5,318,Drizzle: Light,0,0,
89443,2021-11-13 13:36:00,40.771782,-73.96544,0,0,Unsafe Lane Changing,4477412,16.0,4.8,5.0,5.0,0.0,4.0,63,36.4,65.9,238,Rain: Moderate,0,0,
89444,2021-11-13 05:11:00,40.8451,-73.91878,1,0,Driver Inattention/Distraction,4476792,16.0,4.8,5.0,5.0,0.0,4.0,63,36.4,65.9,238,Rain: Moderate,1,1,
89445,2021-11-13 17:37:00,40.735497,-73.869705,0,0,Driver Inattention/Distraction,4477164,16.0,4.8,5.0,5.0,0.0,4.0,63,36.4,65.9,238,Rain: Moderate,0,0,
89446,2021-11-13 13:30:00,40.681934,-73.922554,0,0,Failure to Yield Right-of-Way,4477200,16.0,4.8,5.0,5.0,0.0,4.0,63,36.4,65.9,238,Rain: Moderate,0,0,
89447,2021-11-13 15:50:00,0.0,0.0,0,0,Unspecified,4477305,16.0,4.8,5.0,5.0,0.0,4.0,63,36.4,65.9,238,Rain: Moderate,0,0,
89448,2021-11-13 17:59:00,40.70982,-73.9402,0,0,Steering Failure,4477347,16.0,4.8,5.0,5.0,0.0,4.0,63,36.4,65.9,238,Rain: Moderate,0,0,
89449,2021-11-13 10:42:00,40.659355,-73.9992,0,0,Turning Improperly,4476875,16.0,4.8,5.0,5.0,0.0,4.0,63,36.4,65.9,238,Rain: Moderate,0,0,
89450,2021-11-13 08:30:00,40.671658,-73.75065,0,0,Failure to Yield Right-of-Way,4476831,16.0,4.8,5.0,5.0,0.0,4.0,63,36.4,65.9,238,Rain: Moderate,0,0,
89451,2021-10-15 10:50:00,40.674885,-73.927765,0,0,Passing Too Closely,4477640,25.0,14.5,0.0,0.0,0.0,0.0,3,16.8,28.4,182,Overcast,0,0,
89452,2021-11-13 04:29:00,40.670277,-73.92542,1,0,Alcohol Involvement,4477663,16.0,4.8,5.0,5.0,0.0,4.0,63,36.4,65.9,238,Rain: Moderate,1,1,
89453,2021-11-12 22:43:00,40.81373,-73.9221,0,0,Unspecified,4477781,18.5,8.9,15.0,15.0,0.0,7.0,63,39.8,74.5,174,Rain: Moderate,0,0,
89454,2021-11-13 00:00:00,40.661385,-73.95362,0,0,Unspecified,4476867,16.0,4.8,5.0,5.0,0.0,4.0,63,36.4,65.9,238,Rain: Moderate,0,0,
89455,2021-11-13 11:10:00,40.719097,-73.73997,1,0,Failure to Yield Right-of-Way,4476832,16.0,4.8,5.0,5.0,0.0,4.0,63,36.4,65.9,238,Rain: Moderate,1,1,
89456,2021-11-13 03:25:00,40.69061,-73.733376,0,0,Unspecified,4476892,16.0,4.8,5.0,5.0,0.0,4.0,63,36.4,65.9,238,Rain: Moderate,0,0,
89457,2021-11-13 06:01:00,40.74877,-73.893616,0,0,Driver Inattention/Distraction,4476811,16.0,4.8,5.0,5.0,0.0,4.0,63,36.4,65.9,238,Rain: Moderate,0,0,
89458,2021-11-13 14:00:00,40.701424,-73.94307,0,0,Driver Inattention/Distraction,4477346,16.0,4.8,5.0,5.0,0.0,4.0,63,36.4,65.9,238,Rain: Moderate,0,0,
89459,2021-11-13 11:45:00,40.594894,-73.98677,1,0,Failure to Yield Right-of-Way,4477032,16.0,4.8,5.0,5.0,0.0,4.0,63,36.4,65.9,238,Rain: Moderate,1,1,
89460,2021-11-13 02:28:00,40.829422,-73.9319,0,0,Alcohol Involvement,4477083,16.0,4.8,5.0,5.0,0.0,4.0,63,36.4,65.9,238,Rain: Moderate,0,0,
89461,2021-11-13 20:20:00,40.676727,-73.85984,0,0,Driver Inattention/Distraction,4477390,16.0,4.8,5.0,5.0,0.0,4.0,63,36.4,65.9,238,Rain: Moderate,0,0,
89462,2021-11-13 11:47:00,40.84519,-73.9112,0,0,Other Vehicular,4477209,16.0,4.8,5.0,5.0,0.0,4.0,63,36.4,65.9,238,Rain: Moderate,0,0,
89463,2021-11-13 08:20:00,40.637905,-74.16611,0,0,Drugs (illegal),4477357,16.0,4.8,5.0,5.0,0.0,4.0,63,36.4,65.9,238,Rain: Moderate,0,0,
89464,2021-11-13 09:20:00,40.517437,-74.23171,0,0,Backing Unsafely,4476822,16.0,4.8,5.0,5.0,0.0,4.0,63,36.4,65.9,238,Rain: Moderate,0,0,
89465,2021-11-13 02:25:00,40.74581,-74.00554,0,0,Passing or Lane Usage Improper,4476881,16.0,4.8,5.0,5.0,0.0,4.0,63,36.4,65.9,238,Rain: Moderate,0,0,
89466,2021-11-13 00:50:00,40.758125,-73.928505,0,0,Traffic Control Disregarded,4476978,16.0,4.8,5.0,5.0,0.0,4.0,63,36.4,65.9,238,Rain: Moderate,0,0,
89467,2021-11-08 10:17:00,40.708977,-73.90184,0,0,Following Too Closely,4477632,16.5,6.4,0.0,0.0,0.0,0.0,3,17.4,33.8,355,Overcast,0,0,
89468,2021-11-12 22:40:00,40.72224,-73.9863,1,0,Unsafe Lane Changing,4477797,18.5,8.9,15.0,15.0,0.0,7.0,63,39.8,74.5,174,Rain: Moderate,1,1,
89469,2021-11-13 21:12:00,40.637596,-73.94817,1,0,Unspecified,4477198,16.0,4.8,5.0,5.0,0.0,4.0,63,36.4,65.9,238,Rain: Moderate,1,1,
89470,2021-11-13 19:40:00,40.87398,-73.855774,3,0,Driver Inattention/Distraction,4477519,16.0,4.8,5.0,5.0,0.0,4.0,63,36.4,65.9,238,Rain: Moderate,3,3,
89471,2021-11-13 12:00:00,40.76657,-73.83145,0,0,Unspecified,4476901,16.0,4.8,5.0,5.0,0.0,4.0,63,36.4,65.9,238,Rain: Moderate,0,0,
89472,2021-11-12 17:30:00,40.732174,-73.89586,2,0,Failure to Yield Right-of-Way,4477713,18.5,8.9,15.0,15.0,0.0,7.0,63,39.8,74.5,174,Rain: Moderate,2,2,
89473,2021-11-13 16:55:00,40.74016,-73.89525,0,0,Traffic Control Disregarded,4476935,16.0,4.8,5.0,5.0,0.0,4.0,63,36.4,65.9,238,Rain: Moderate,0,0,
89474,2021-11-13 01:36:00,40.575813,-74.11979,1,0,Failure to Yield Right-of-Way,4477581,16.0,4.8,5.0,5.0,0.0,4.0,63,36.4,65.9,238,Rain: Moderate,1,1,
89475,2021-11-13 14:02:00,40.710903,-73.992096,1,0,Unspecified,4476843,16.0,4.8,5.0,5.0,0.0,4.0,63,36.4,65.9,238,Rain: Moderate,1,1,
89476,2021-11-13 10:45:00,40.630016,-73.9959,1,0,Pedestrian/Bicyclist/Other Pedestrian Error/Confusion,4477475,16.0,4.8,5.0,5.0,0.0,4.0,63,36.4,65.9,238,Rain: Moderate,1,1,
89477,2021-11-13 14:30:00,40.82842,-73.86068,0,0,Turning Improperly,4477262,16.0,4.8,5.0,5.0,0.0,4.0,63,36.4,65.9,238,Rain: Moderate,0,0,
89478,2021-11-13 16:28:00,40.702892,-73.94422,0,0,Driver Inattention/Distraction,4477337,16.0,4.8,5.0,5.0,0.0,4.0,63,36.4,65.9,238,Rain: Moderate,0,0,
89479,2021-11-04 09:22:00,40.726665,-73.98309,1,0,Driver Inattention/Distraction,4477783,9.9,3.0,0.0,0.0,0.0,0.0,3,10.8,21.2,5,Overcast,1,1,
89480,2021-11-13 16:32:00,40.7145,-73.961296,0,0,Other Vehicular,4477442,16.0,4.8,5.0,5.0,0.0,4.0,63,36.4,65.9,238,Rain: Moderate,0,0,
89481,2021-11-06 19:56:00,40.795586,-73.950165,0,0,Prescription Medication,4477569,10.5,3.4,0.0,0.0,0.0,0.0,0,9.5,17.6,61,Clear sky,0,0,Sunny/Clear Conditions