,CRASH DATETIME,LATITUDE,LONGITUDE,NUMBER OF PERSONS INJURED,NUMBER OF PERSONS KILLED,CONTRIBUTING FACTOR VEHICLE 1,COLLISION_ID,temperature_2m_max,temperature_2m_min,precipitation_sum,rain_sum,snowfall_sum,precipitation_hours,weather_code,wind_speed_10m_max,wind_gusts_10m_max,wind_direction_10m_dominant,Weather Description,Severity_Score,Total_Affected_Persons,Weather_Category
89482,2021-11-13 13:40:00,40.75555,-73.991684,1,0,Backing Unsafely,4477022,16.0,4.8,5.0,5.0,0.0,4.0,63,36.4,65.9,238,Rain: Moderate,1,1,
89483,2021-11-13 18:16:00,40.72625,-74.00374,2,0,Backing Unsafely,4477074,16.0,4.8,5.0,5.0,0.0,4.0,63,36.4,65.9,238,Rain: Moderate,2,2,
89484,2021-11-11 14:20:00,40.717594,-73.99634,0,0,Driver Inattention/Distraction,4477618,15.0,4.2,0.3,0.3,0.0,2.0,51,22.6,38.2,85,Drizzle: Light,0,0,
89485,2021-11-13 18:50:00,40.63947,-73.902756,0,0,Failure to Yield Right-of-Way,4476906,16.0,4.8,5.0,5.0,0.0,4.0,63,36.4,65.9,238,Rain: Moderate,0,0,
89486,2021-11-13 14:36:00,40.81636,-73.891815,0,0,Unspecified,4477491,16.0,4.8,5.0,5.0,0.0,4.0,63,36.4,65.9,238,Rain: Moderate,0,0,
89487,2021-11-13 19:27:00,40.668507,-73.92561,0,0,Driver Inattention/Distraction,4477647,16.0,4.8,5.0,5.0,0.0,4.0,63,36.4,65.9,238,Rain: Moderate,0,0,
89488,2021-11-13 19:47:00,40.58977,-73.93792,0,0,Turning Improperly,4477105,16.0,4.8,5.0,5.0,0.0,4.0,63,36.4,65.9,238,Rain: Moderate,0,0,
89489,2021-11-13 22:23:00,40.746204,-73.835075,0,0,Unspecified,4476966,16.0,4.8,5.0,5.0,0.0,4.0,63,36.4,65.9,238,Rain: Moderate,0,0,
89490,2021-11-13 21:35:00,40.713715,-73.998024,0,0,Driver Inattention/Distraction,4477107,16.0,4.8,5.0,5.0,0.0,4.0,63,36.4,65.9,238,Rain: Moderate,0,0,
89491,2021-11-10 17:56:00,40.80472,-73.93824,0,0,Unspecified,4477552,17.2,7.8,0.3,0.3,0.0,1.0,51,20.7,38.5,318,Drizzle: Light,0,0,
89492,2021-11-11 15:47:00,40.755707,-73.98721,0,0,Pedestrian/Bicyclist/Other Pedestrian Error/Confusion,4477685,15.0,4.2,0.3,0.3,0.0,2.0,51,22.6,38.2,85,Drizzle: Light,0,0,
89493,2021-11-13 17:15:00,40.610508,-74.09576,0,0,Driver Inattention/Distraction,4476930,16.0,4.8,5.0,5.0,0.0,4.0,63,36.4,65.9,238,Rain: Moderate,0,0,
89494,2021-11-13 21:00:00,40.81903,-73.91716,0,0,Unspecified,4477424,16.0,4.8,5.0,5.0,0.0,4.0,63,36.4,65.9,238,Rain: Moderate,0,0,
89495,2021-10-29 12:15:00,40.60916,-74.07534,0,0,Driver Inattention/Distraction,4477673,13.8,8.3,9.3,9.3,0.0,5.0,63,40.9,73.8,78,Rain: Moderate,0,0,
89496,2021-11-12 12:30:00,40.669434,-73.9255,1,0,Unspecified,4477646,18.5,8.9,15.0,15.0,0.0,7.0,63,39.8,74.5,174,Rain: Moderate,1,1,
89497,2021-11-13 19:10:00,40.768322,-73.97093,0,0,Unspecified,4477538,16.0,4.8,5.0,5.0,0.0,4.0,63,36.4,65.9,238,Rain: Moderate,0,0,
89498,2021-11-06 22:30:00,40.75469,-73.99536,0,0,Aggressive Driving/Road Rage,4477562,10.5,3.4,0.0,0.0,0.0,0.0,0,9.5,17.6,61,Clear sky,0,0,Sunny/Clear Conditions
89499,2021-11-13 19:15:00,40.719833,-73.82624,0,0,Following Too Closely,4476904,16.0,4.8,5.0,5.0,0.0,4.0,63,36.4,65.9,238,Rain: Moderate,0,0,
89500,2021-11-13 19:00:00,40.691177,-73.8266,1,0,Driver Inattention/Distraction,4477066,16.0,4.8,5.0,5.0,0.0,4.0,63,36.4,65.9,238,Rain: Moderate,1,1,
89501,2021-11-10 19:37:00,40.555035,-74.12976,2,0,Turning Improperly,4477593,17.2,7.8,0.3,0.3,0.0,1.0,51,20.7,38.5,318,Drizzle: Light,2,2,
89502,2021-11-13 20:00:00,40.62873,-73.94334,0,0,Passing or Lane Usage Improper,4476958,16.0,4.8,5.0,5.0,0.0,4.0,63,36.4,65.9,238,Rain: Moderate,0,0,
89503,2021-11-13 00:00:00,40.702217,-73.804115,1,0,Driver Inexperience,4477411,16.0,4.8,5.0,5.0,0.0,4.0,63,36.4,65.9,238,Rain: Moderate,1,1,
89504,2021-11-13 22:30:00,40.632088,-74.00084,1,0,Unspecified,4477486,16.0,4.8,5.0,5.0,0.0,4.0,63,36.4,65.9,238,Rain: Moderate,1,1,
89505,2021-11-13 21:40:00,40.756187,-73.86162,1,0,Unspecified,4477006,16.0,4.8,5.0,5.0,0.0,4.0,63,36.4,65.9,238,Rain: Moderate,1,1,
89506,2021-10-30 17:50:00,40.713303,-73.88427,1,0,Failure to Yield Right-of-Way,4477664,17.8,12.0,7.8,7.8,0.0,16.0,61,38.5,68.0,112,Rain: Light,1,1,
89507,2021-11-12 16:15:00,40.575607,-74.12035,1,0,Brakes Defective,4477580,18.5,8.9,15.0,15.0,0.0,7.0,63,39.8,74.5,174,Rain: Moderate,1,1,
89508,2021-11-13 11:02:00,40.627926,-73.93175,1,0,Driver Inattention/Distraction,4476838,16.0,4.8,5.0,5.0,0.0,4.0,63,36.4,65.9,238,Rain: Moderate,1,1,
89509,2021-11-13 14:05:00,40.663376,-73.946915,0,0,Unspecified,4476868,16.0,4.8,5.0,5.0,0.0,4.0,63,36.4,65.9,238,Rain: Moderate,0,0,
89510,2021-11-13 11:22:00,40.677414,-73.93033,2,0,Turning Improperly,4477223,16.0,4.8,5.0,5.0,0.0,4.0,63,36.4,65.9,238,Rain: Moderate,2,2,
89511,2021-11-13 13:35:00,40.576706,-73.972824,0,0,Driver Inattention/Distraction,4477655,16.0,4.8,5.0,5.0,0.0,4.0,63,36.4,65.9,238,Rain: Moderate,0,0,
89512,2021-11-13 21:22:00,40.790936,-73.968925,0,0,Passing Too Closely,4476925,16.0,4.8,5.0,5.0,0.0,4.0,63,36.4,65.9,238,Rain: Moderate,0,0,
89513,2021-11-13 14:01:00,40.80549,-73.937965,0,0,Unsafe Speed,4477364,16.0,4.8,5.0,5.0,0.0,4.0,63,36.4,65.9,238,Rain: Moderate,0,0,
89514,2021-11-12 08:44:00,40.838425,-73.941696,1,0,Unsafe Lane Changing,4477612,18.5,8.9,15.0,15.0,0.0,7.0,63,39.8,74.5,174,Rain: Moderate,1,1,
89515,2021-11-13 05:43:00,40.7616,-73.96865,2,0,Driver Inattention/Distraction,4476824,16.0,4.8,5.0,5.0,0.0,4.0,63,36.4,65.9,238,Rain: Moderate,2,2,
89516,2021-11-13 17:00:00,40.89063,-73.85892,2,0,Unsafe Speed,4477139,16.0,4.8,5.0,5.0,0.0,4.0,63,36.4,65.9,238,Rain: Moderate,2,2,
89517,2021-11-13 00:55:00,40.66309,-73.962395,0,0,Unsafe Lane Changing,4477263,16.0,4.8,5.0,5.0,0.0,4.0,63,36.4,65.9,238,Rain: Moderate,0,0,
89518,2021-11-13 04:50:00,40.88473,-73.81571,0,0,Unspecified,4476858,16.0,4.8,5.0,5.0,0.0,4.0,63,36.4,65.9,238,Rain: Moderate,0,0,
89519,2021-11-13 07:00:00,40.76907,-73.908005,0,0,Unspecified,4476977,16.0,4.8,5.0,5.0,0.0,4.0,63,36.4,65.9,238,Rain: Moderate,0,0,
89520,2021-11-13 17:45:00,40.603798,-73.75211,0,0,Driver Inattention/Distraction,4477520,16.0,4.8,5.0,5.0,0.0,4.0,63,36.4,65.9,238,Rain: Moderate,0,0,
89521,2021-11-13 12:45:00,40.752686,-74.000534,0,0,Driver Inattention/Distraction,4477567,16.0,4.8,5.0,5.0,0.0,4.0,63,36.4,65.9,238,Rain: Moderate,0,0,
89522,2021-11-13 23:22:00,40.714134,-73.9485,0,0,Passing Too Closely,4477401,16.0,4.8,5.0,5.0,0.0,4.0,63,36.4,65.9,238,Rain: Moderate,0,0,
89523,2021-11-13 03:45:00,40.617535,-74.021614,0,0,Lost Consciousness,4476915,16.0,4.8,5.0,5.0,0.0,4.0,63,36.4,65.9,238,Rain: Moderate,0,0,
89524,2021-11-13 01:23:00,40.679638,-73.99252,0,0,Unspecified,4476988,16.0,4.8,5.0,5.0,0.0,4.0,63,36.4,65.9,238,Rain: Moderate,0,0,
89525,2021-11-10 16:10:00,40.632687,-73.97308,1,0,Unspecified,4477810,17.2,7.8,0.3,0.3,0.0,1.0,51,20.7,38.5,318,Drizzle: Light,1,1,
89526,2021-11-04 11:03:00,40.729862,-73.99144,1,0,Driver Inattention/Distraction,4477796,9.9,3.0,0.0,0.0,0.0,0.0,3,10.8,21.2,5,Overcast,1,1,
89527,2021-11-08 12:30:00,40.694107,-73.89737,1,0,Unspecified,4477633,16.5,6.4,0.0,0.0,0.0,0.0,3,17.4,33.8,355,Overcast,1,1,
89528,2021-11-07 00:50:00,40.6592,-73.91645,1,0,Unspecified,4477732,12.1,2.6,0.0,0.0,0.0,0.0,3,10.0,20.5,358,Overcast,1,1,
89529,2021-11-13 16:45:00,40.89225,-73.861404,0,0,Unsafe Speed,4477207,16.0,4.8,5.0,5.0,0.0,4.0,63,36.4,65.9,238,Rain: Moderate,0,0,
89530,2021-11-13 01:10:00,40.855385,-73.9181,2,0,Other Vehicular,4476791,16.0,4.8,5.0,5.0,0.0,4.0,63,36.4,65.9,238,Rain: Moderate,2,2,
89531,2021-11-13 18:47:00,40.762333,-73.833176,1,0,Driver Inattention/Distraction,4476895,16.0,4.8,5.0,5.0,0.0,4.0,63,36.4,65.9,238,Rain: Moderate,1,1,
89532,2021-11-13 05:30:00,40.706306,-73.919586,0,0,Driver Inattention/Distraction,4477276,16.0,4.8,5.0,5.0,0.0,4.0,63,36.4,65.9,238,Rain: Moderate,0,0,
89533,2021-11-13 15:00:00,40.74286,-73.846535,0,0,Driver Inattention/Distraction,4477163,16.0,4.8,5.0,5.0,0.0,4.0,63,36.4,65.9,238,Rain: Moderate,0,0,
89534,2021-11-13 15:15:00,40.76275,-73.99692,0,0,Driver Inattention/Distraction,4477808,16.0,4.8,5.0,5.0,0.0,4.0,63,36.4,65.9,238,Rain: Moderate,0,0,
89535,2021-08-16 08:50:00,40.725792,-73.94264,0,0,Passing Too Closely,4477574,26.6,19.9,0.0,0.0,0.0,0.0,3,17.7,33.8,121,Overcast,0,0,
89536,2021-11-13 17:31:00,40.706314,-74.007904,1,0,Unspecified,4477082,16.0,4.8,5.0,5.0,0.0,4.0,63,36.4,65.9,238,Rain: Moderate,1,1,
89537,2021-11-13 16:50:00,40.8165,-73.946556,1,0,Passing Too Closely,4477499,16.0,4.8,5.0,5.0,0.0,4.0,63,36.4,65.9,238,Rain: Moderate,1,1,
89538,2021-11-13 23:33:00,40.796738,-73.92925,1,0,Following Too Closely,4477366,16.0,4.8,5.0,5.0,0.0,4.0,63,36.4,65.9,238,Rain: Moderate,1,1,
89539,2021-11-13 02:20:00,40.73675,-73.87768,1,0,Driver Inattention/Distraction,4477458,16.0,4.8,5.0,5.0,0.0,4.0,63,36.4,65.9,238,Rain: Moderate,1,1,
89540,2021-11-13 17:52:00,40.60143,-74.00514,1,0,Unspecified,4476984,16.0,4.8,5.0,5.0,0.0,4.0,63,36.4,65.9,238,Rain: Moderate,1,1,
89541,2021-11-13 12:35:00,40.67208,-73.895935,0,0,Following Too Closely,4477304,16.0,4.8,5.0,5.0,0.0,4.0,63,36.4,65.9,238,Rain: Moderate,0,0,
89542,2021-11-13 03:33:00,40.614304,-74.09764,0,0,Unspecified,4477096,16.0,4.8,5.0,5.0,0.0,4.0,63,36.4,65.9,238,Rain: Moderate,0,0,
89543,2021-11-13 00:00:00,40.646786,-74.008575,0,0,Unspecified,4476873,16.0,4.8,5.0,5.0,0.0,4.0,63,36.4,65.9,238,Rain: Moderate,0,0,
89544,2021-11-13 00:27:00,40.71755,-73.99932,0,0,Traffic Control Disregarded,4477111,16.0,4.8,5.0,5.0,0.0,4.0,63,36.4,65.9,238,Rain: Moderate,0,0,
89545,2021-11-13 08:20:00,40.581814,-74.097725,0,0,Following Too Closely,4476929,16.0,4.8,5.0,5.0,0.0,4.0,63,36.4,65.9,238,Rain: Moderate,0,0,
89546,2021-11-13 16:40:00,40.846733,-73.90649,1,0,Driver Inattention/Distraction,4477092,16.0,4.8,5.0,5.0,0.0,4.0,63,36.4,65.9,238,Rain: Moderate,1,1,
89547,2021-11-12 19:00:00,40.58061,-73.98565,0,0,Driver Inattention/Distraction,4477543,18.5,8.9,15.0,15.0,0.0,7.0,63,39.8,74.5,174,Rain: Moderate,0,0,
89548,2021-11-13 22:20:00,40.748512,-73.98872,0,0,Unspecified,4477018,16.0,4.8,5.0,5.0,0.0,4.0,63,36.4,65.9,238,Rain: Moderate,0,0,
89549,2021-11-11 16:40:00,40.803215,-73.95254,0,0,Unsafe Lane Changing,4477553,15.0,4.2,0.3,0.3,0.0,2.0,51,22.6,38.2,85,Drizzle: Light,0,0,
89550,2021-11-13 02:25:00,40.61304,-73.92621,3,0,Driver Inattention/Distraction,4476768,16.0,4.8,5.0,5.0,0.0,4.0,63,36.4,65.9,238,Rain: Moderate,3,3,
89551,2021-11-11 14:10:00,40.748466,-73.99247,0,0,Driver Inattention/Distraction,4477586,15.0,4.2,0.3,0.3,0.0,2.0,51,22.6,38.2,85,Drizzle: Light,0,0,
89552,2021-11-13 11:39:00,40.768795,-73.958374,0,0,Unsafe Lane Changing,4477422,16.0,4.8,5.0,5.0,0.0,4.0,63,36.4,65.9,238,Rain: Moderate,0,0,
89553,2021-10-31 06:00:00,40.702595,-73.8553,1,0,Driver Inexperience,4477682,18.3,12.5,3.7,3.7,0.0,8.0,55,22.9,41.0,268,Drizzle: Dense,1,1,
89554,2021-11-03 08:15:00,40.67329,-73.95703,0,0,Unspecified,4477656,10.7,3.8,0.1,0.1,0.0,1.0,51,15.6,30.6,302,Drizzle: Light,0,0,
89555,2021-11-13 23:12:00,40.67529,-74.00367,0,0,Backing Unsafely,4477265,16.0,4.8,5.0,5.0,0.0,4.0,63,36.4,65.9,238,Rain: Moderate,0,0,
89556,2021-11-13 05:35:00,40.72962,-73.85817,0,0,Unsafe Speed,4476853,16.0,4.8,5.0,5.0,0.0,4.0,63,36.4,65.9,238,Rain: Moderate,0,0,
89557,2021-11-13 13:30:00,40.863945,-73.8295,0,0,Unspecified,4476859,16.0,4.8,5.0,5.0,0.0,4.0,63,36.4,65.9,238,Rain: Moderate,0,0,
89558,2021-11-13 03:24:00,40.86369,-73.91707,0,0,Unspecified,4477187,16.0,4.8,5.0,5.0,0.0,4.0,63,36.4,65.9,238,Rain: Moderate,0,0,
89559,2021-11-13 10:20:00,40.54959,-74.1374,0,0,Unspecified,4477584,16.0,4.8,5.0,5.0,0.0,4.0,63,36.4,65.9,238,Rain: Moderate,0,0,
89560,2021-11-13 11:30:00,40.740208,-73.99952,0,0,Passing or Lane Usage Improper,4476880,16.0,4.8,5.0,5.0,0.0,4.0,63,36.4,65.9,238,Rain: Moderate,0,0,
89561,2021-11-13 18:01:00,40.686447,-73.92244,0,0,Driver Inattention/Distraction,4477224,16.0,4.8,5.0,5.0,0.0,4.0,63,36.4,65.9,238,Rain: Moderate,0,0,
89562,2021-11-13 16:04:00,40.722095,-73.77772,1,0,Unspecified,4476914,16.0,4.8,5.0,5.0,0.0,4.0,63,36.4,65.9,238,Rain: Moderate,1,1,
89563,2021-11-04 09:25:00,40.679375,-73.96408,1,0,Driver Inattention/Distraction,4477654,9.9,3.0,0.0,0.0,0.0,0.0,3,10.8,21.2,5,Overcast,1,1,
89564,2021-11-13 08:37:00,40.63964,-73.90153,0,0,Unspecified,4476817,16.0,4.8,5.0,5.0,0.0,4.0,63,36.4,65.9,238,Rain: Moderate,0,0,
89565,2021-11-13 14:10:00,40.72114,-73.942825,1,0,Unspecified,4477189,16.0,4.8,5.0,5.0,0.0,4.0,63,36.4,65.9,238,Rain: Moderate,1,1,
89566,2021-11-13 22:25:00,40.672543,-73.86929,0,0,Unspecified,4477307,16.0,4.8,5.0,5.0,0.0,4.0,63,36.4,65.9,238,Rain: Moderate,0,0,
89567,2021-11-13 19:27:00,40.635338,-74.13332,0,0,Alcohol Involvement,4477359,16.0,4.8,5.0,5.0,0.0,4.0,63,36.4,65.9,238,Rain: Moderate,0,0,
89568,2021-11-13 00:00:00,40.63396,-74.01476,0,0,Traffic Control Disregarded,4476829,16.0,4.8,5.0,5.0,0.0,4.0,63,36.4,65.9,238,Rain: Moderate,0,0,
89569,2021-11-13 17:00:00,40.5227,-74.23493,0,0,Other Vehicular,4476879,16.0,4.8,5.0,5.0,0.0,4.0,63,36.4,65.9,238,Rain: Moderate,0,0,
89570,2021-11-12 18:37:00,40.671535,-73.957664,2,0,Following Too Closely,4477635,18.5,8.9,15.0,15.0,0.0,7.0,63,39.8,74.5,174,Rain: Moderate,2,2,
89571,2021-11-13 22:25:00,40.6709,-73.95319,2,0,Driver Inattention/Distraction,4477645,16.0,4.8,5.0,5.0,0.0,4.0,63,36.4,65.9,238,Rain: Moderate,2,2,
89572,2021-11-13 20:24:00,40.75425,-73.827835,0,0,Passing Too Closely,4476903,16.0,4.8,5.0,5.0,0.0,4.0,63,36.4,65.9,238,Rain: Moderate,0,0,
89573,2021-11-13 03:00:00,40.631447,-74.098885,0,0,Driver Inattention/Distraction,4477068,16.0,4.8,5.0,5.0,0.0,4.0,63,36.4,65.9,238,Rain: Moderate,0,0,
89574,2021-11-10 16:00:00,40.68099,-73.991615,0,0,Unspecified,4477623,17.2,7.8,0.3,0.3,0.0,1.0,51,20.7,38.5,318,Drizzle: Light,0,0,
89575,2021-11-13 22:00:00,40.714302,-73.76657,0,0,Driver Inattention/Distraction,4477415,16.0,4.8,5.0,5.0,0.0,4.0,63,36.4,65.9,238,Rain: Moderate,0,0,
89576,2021-11-12 03:05:00,40.610146,-74.099884,1,0,Other Vehicular,4477579,18.5,8.9,15.0,15.0,0.0,7.0,63,39.8,74.5,174,Rain: Moderate,1,1,
89577,2021-11-13 09:35:00,40.630173,-73.933624,0,0,Passing or Lane Usage Improper,4476837,16.0,4.8,5.0,5.0,0.0,4.0,63,36.4,65.9,238,Rain: Moderate,0,0,
89578,2022-02-05 18:20:00,40.87424,-73.82584,0,0,Alcohol Involvement,4500570,-1.9,-6.9,0.4,0.0,0.28,3.0,71,26.8,50.4,322,Snow fall: Light,0,0,Snowy Conditions
89579,2021-11-13 02:25:00,40.690342,-73.78243,1,0,Reaction to Uninvolved Vehicle,4476798,16.0,4.8,5.0,5.0,0.0,4.0,63,36.4,65.9,238,Rain: Moderate,1,1,
89580,2021-11-13 15:32:00,40.71576,-73.74655,1,0,Driver Inattention/Distraction,4476897,16.0,4.8,5.0,5.0,0.0,4.0,63,36.4,65.9,238,Rain: Moderate,1,1,
89581,2021-11-09 19:00:00,40.74755,-73.990295,0,0,Backing Unsafely,4477687,19.5,5.6,0.0,0.0,0.0,0.0,3,10.2,20.2,283,Overcast,0,0,
89582,2022-02-01 19:11:00,40.66451,-73.88103,0,0,Unspecified,4500630,-0.9,-13.4,0.0,0.0,0.0,0.0,3,12.2,21.2,36,Overcast,0,0,
89583,2021-11-13 01:50:00,40.733685,-73.892296,0,0,Alcohol Involvement,4477173,16.0,4.8,5.0,5.0,0.0,4.0,63,36.4,65.9,238,Rain: Moderate,0,0,
89584,2021-11-13 06:36:00,40.759567,-73.83015,0,0,Passing Too Closely,4476888,16.0,4.8,5.0,5.0,0.0,4.0,63,36.4,65.9,238,Rain: Moderate,0,0,
89585,2021-11-12 20:59:00,40.859,-73.90353,1,0,Driver Inattention/Distraction,4477542,18.5,8.9,15.0,15.0,0.0,7.0,63,39.8,74.5,174,Rain: Moderate,1,1,
89586,2021-11-13 03:00:00,40.677265,-73.778625,0,0,Unsafe Speed,4477343,16.0,4.8,5.0,5.0,0.0,4.0,63,36.4,65.9,238,Rain: Moderate,0,0,
89587,2021-11-13 19:10:00,40.640015,-73.92575,0,0,Driver Inattention/Distraction,4476961,16.0,4.8,5.0,5.0,0.0,4.0,63,36.4,65.9,238,Rain: Moderate,0,0,
89588,2021-11-13 21:30:00,40.847908,-73.90357,0,0,Driver Inattention/Distraction,4477212,16.0,4.8,5.0,5.0,0.0,4.0,63,36.4,65.9,238,Rain: Moderate,0,0,
89589,2021-11-13 21:10:00,40.69689,-73.74929,1,0,Failure to Yield Right-of-Way,4477354,16.0,4.8,5.0,5.0,0.0,4.0,63,36.4,65.9,238,Rain: Moderate,1,1,
89590,2021-11-13 05:10:00,40.684986,-73.881676,1,0,Traffic Control Disregarded,4477303,16.0,4.8,5.0,5.0,0.0,4.0,63,36.4,65.9,238,Rain: Moderate,1,1,
89591,2021-11-13 22:40:00,40.837864,-73.86356,0,0,Unspecified,4477056,16.0,4.8,5.0,5.0,0.0,4.0,63,36.4,65.9,238,Rain: Moderate,0,0,
89592,2021-11-13 10:45:00,40.642868,-73.97798,0,0,Unspecified,4477485,16.0,4.8,5.0,5.0,0.0,4.0,63,36.4,65.9,238,Rain: Moderate,0,0,
89593,2021-11-13 16:50:00,40.71316,-73.73536,0,0,Turning Improperly,4476952,16.0,4.8,5.0,5.0,0.0,4.0,63,36.4,65.9,238,Rain: Moderate,0,0,
89594,2021-11-13 09:40:00,40.697205,-73.827194,0,0,Passing Too Closely,4477526,16.0,4.8,5.0,5.0,0.0,4.0,63,36.4,65.9,238,Rain: Moderate,0,0,
89595,2021-11-13 04:00:00,40.76542,-73.98383,0,0,Unspecified,4476789,16.0,4.8,5.0,5.0,0.0,4.0,63,36.4,65.9,238,Rain: Moderate,0,0,
89596,2021-11-12 19:00:00,40.802696,-73.949196,1,0,Pedestrian/Bicyclist/Other Pedestrian Error/Confusion,4477554,18.5,8.9,15.0,15.0,0.0,7.0,63,39.8,74.5,174,Rain: Moderate,1,1,
89597,2021-11-12 19:20:00,40.717724,-73.98577,0,0,Failure to Yield Right-of-Way,4477733,18.5,8.9,15.0,15.0,0.0,7.0,63,39.8,74.5,174,Rain: Moderate,0,0,
89598,2021-11-13 02:52:00,40.657017,-74.00474,3,0,Driver Inattention/Distraction,4476871,16.0,4.8,5.0,5.0,0.0,4.0,63,36.4,65.9,238,Rain: Moderate,3,3,
89599,2021-11-13 18:29:00,40.688766,-73.99907,3,0,Unspecified,4476989,16.0,4.8,5.0,5.0,0.0,4.0,63,36.4,65.9,238,Rain: Moderate,3,3,
89600,2021-11-12 21:22:00,40.692234,-73.987305,1,0,Unspecified,4477668,18.5,8.9,15.0,15.0,0.0,7.0,63,39.8,74.5,174,Rain: Moderate,1,1,
89601,2021-11-11 14:07:00,40.717754,-73.75815,0,0,Driver Inattention/Distraction,4477598,15.0,4.2,0.3,0.3,0.0,2.0,51,22.6,38.2,85,Drizzle: Light,0,0,
89602,2021-11-13 00:44:00,40.76635,-73.95103,0,0,Following Too Closely,4477430,16.0,4.8,5.0,5.0,0.0,4.0,63,36.4,65.9,238,Rain: Moderate,0,0,
89603,2021-11-13 09:11:00,40.61068,-74.00669,1,0,Driver Inattention/Distraction,4477011,16.0,4.8,5.0,5.0,0.0,4.0,63,36.4,65.9,238,Rain: Moderate,1,1,
89604,2021-11-13 09:05:00,40.725193,-73.98705,0,0,Turning Improperly,4477795,16.0,4.8,5.0,5.0,0.0,4.0,63,36.4,65.9,238,Rain: Moderate,0,0,
89605,2021-11-13 10:30:00,40.643246,-73.94859,2,0,Driver Inattention/Distraction,4477160,16.0,4.8,5.0,5.0,0.0,4.0,63,36.4,65.9,238,Rain: Moderate,2,2,
89606,2021-11-13 10:00:00,40.660374,-73.855774,0,0,Passing or Lane Usage Improper,4477463,16.0,4.8,5.0,5.0,0.0,4.0,63,36.4,65.9,238,Rain: Moderate,0,0,
89607,2021-11-13 16:00:00,40.78157,-73.8087,0,0,Traffic Control Disregarded,4476918,16.0,4.8,5.0,5.0,0.0,4.0,63,36.4,65.9,238,Rain: Moderate,0,0,
89608,2021-11-09 00:00:00,40.8073,-73.94649,0,0,Driver Inattention/Distraction,4477548,19.5,5.6,0.0,0.0,0.0,0.0,3,10.2,20.2,283,Overcast,0,0,
89609,2021-11-11 07:20:00,40.75578,-74.00199,1,0,Following Too Closely,4477566,15.0,4.2,0.3,0.3,0.0,2.0,51,22.6,38.2,85,Drizzle: Light,1,1,
89610,2021-11-13 01:34:00,40.895374,-73.86356,1,0,Alcohol Involvement,4477204,16.0,4.8,5.0,5.0,0.0,4.0,63,36.4,65.9,238,Rain: Moderate,1,1,
89611,2021-11-13 10:50:00,40.76911,-73.963165,0,0,Unsafe Lane Changing,4477405,16.0,4.8,5.0,5.0,0.0,4.0,63,36.4,65.9,238,Rain: Moderate,0,0,
89612,2021-11-13 10:30:00,40.746773,-73.985794,0,0,Unspecified,4477027,16.0,4.8,5.0,5.0,0.0,4.0,63,36.4,65.9,238,Rain: Moderate,0,0,
89613,2021-11-11 07:25:00,40.756374,-73.97793,0,0,Driver Inattention/Distraction,4477812,15.0,4.2,0.3,0.3,0.0,2.0,51,22.6,38.2,85,Drizzle: Light,0,0,
89614,2021-11-13 20:39:00,40.592518,-73.932625,0,0,Unspecified,4477103,16.0,4.8,5.0,5.0,0.0,4.0,63,36.4,65.9,238,Rain: Moderate,0,0,
89615,2021-11-13 19:55:00,40.8429,-73.93843,0,0,Driver Inattention/Distraction,4477616,16.0,4.8,5.0,5.0,0.0,4.0,63,36.4,65.9,238,Rain: Moderate,0,0,
89616,2021-11-13 14:06:00,40.820965,-73.939575,1,0,Driver Inattention/Distraction,4477496,16.0,4.8,5.0,5.0,0.0,4.0,63,36.4,65.9,238,Rain: Moderate,1,1,
89617,2021-11-13 08:45:00,40.68249,-73.97962,1,0,Unsafe Speed,4477671,16.0,4.8,5.0,5.0,0.0,4.0,63,36.4,65.9,238,Rain: Moderate,1,1,
89618,2021-11-13 02:00:00,40.899815,-73.85781,0,0,Traffic Control Device Improper/Non-Working,4477126,16.0,4.8,5.0,5.0,0.0,4.0,63,36.4,65.9,238,Rain: Moderate,0,0,
89619,2021-11-13 17:25:00,40.786396,-73.80593,0,0,Driver Inattention/Distraction,4477502,16.0,4.8,5.0,5.0,0.0,4.0,63,36.4,65.9,238,Rain: Moderate,0,0,
89620,2021-11-13 03:00:00,40.62731,-73.941826,1,0,Unspecified,4476769,16.0,4.8,5.0,5.0,0.0,4.0,63,36.4,65.9,238,Rain: Moderate,1,1,
89621,2021-11-10 12:15:00,40.69313,-73.96984,1,0,Traffic Control Disregarded,4477587,17.2,7.8,0.3,0.3,0.0,1.0,51,20.7,38.5,318,Drizzle: Light,1,1,
89622,2021-11-13 14:48:00,40.793606,-73.95161,0,0,Following Too Closely,4476943,16.0,4.8,5.0,5.0,0.0,4.0,63,36.4,65.9,238,Rain: Moderate,0,0,
89623,2021-11-13 23:10:00,40.701958,-73.9239,1,0,Driver Inattention/Distraction,4477274,16.0,4.8,5.0,5.0,0.0,4.0,63,36.4,65.9,238,Rain: Moderate,1,1,
89624,2021-11-13 00:00:00,40.813663,-73.931244,2,0,Unspecified,4476860,16.0,4.8,5.0,5.0,0.0,4.0,63,36.4,65.9,238,Rain: Moderate,2,2,
89625,2021-11-13 17:13:00,40.81175,-73.93144,0,0,Driver Inattention/Distraction,4477236,16.0,4.8,5.0,5.0,0.0,4.0,63,36.4,65.9,238,Rain: Moderate,0,0,
89626,2021-11-13 09:25:00,40.812603,-73.883385,1,0,View Obstructed/Limited,4477572,16.0,4.8,5.0,5.0,0.0,4.0,63,36.4,65.9,238,Rain: Moderate,1,1,