,CRASH DATETIME,LATITUDE,LONGITUDE,NUMBER OF PERSONS INJURED,NUMBER OF PERSONS KILLED,CONTRIBUTING FACTOR VEHICLE 1,COLLISION_ID,temperature_2m_max,temperature_2m_min,precipitation_sum,rain_sum,snowfall_sum,precipitation_hours,weather_code,wind_speed_10m_max,wind_gusts_10m_max,wind_direction_10m_dominant,Weather Description,Severity_Score,Total_Affected_Persons,Weather_Category
89627,2021-11-13 09:00:00,40.595604,-73.95484,0,0,Unsafe Speed,4477434,16.0,4.8,5.0,5.0,0.0,4.0,63,36.4,65.9,238,Rain: Moderate,0,0,
89628,2021-11-13 01:30:00,40.731915,-73.77842,0,0,Unspecified,4477054,16.0,4.8,5.0,5.0,0.0,4.0,63,36.4,65.9,238,Rain: Moderate,0,0,
89629,2021-11-13 12:08:00,40.722553,-74.00141,1,0,Driver Inattention/Distraction,4477081,16.0,4.8,5.0,5.0,0.0,4.0,63,36.4,65.9,238,Rain: Moderate,1,1,
89630,2021-11-13 22:00:00,40.70327,-73.86143,0,0,Unspecified,4477175,16.0,4.8,5.0,5.0,0.0,4.0,63,36.4,65.9,238,Rain: Moderate,0,0,
89631,2021-11-13 05:40:00,40.770027,-73.81922,0,0,Fatigued/Drowsy,4476887,16.0,4.8,5.0,5.0,0.0,4.0,63,36.4,65.9,238,Rain: Moderate,0,0,
89632,2021-11-13 15:20:00,40.793377,-73.97086,0,0,Unspecified,4476911,16.0,4.8,5.0,5.0,0.0,4.0,63,36.4,65.9,238,Rain: Moderate,0,0,
89633,2021-10-22 10:05:00,40.674904,-73.94447,0,0,Passing or Lane Usage Improper,4477653,20.3,14.4,0.0,0.0,0.0,0.0,3,18.1,31.3,267,Overcast,0,0,
89634,2021-11-13 02:00:00,40.717396,-73.797134,0,0,Driver Inattention/Distraction,4476820,16.0,4.8,5.0,5.0,0.0,4.0,63,36.4,65.9,238,Rain: Moderate,0,0,
89635,2021-10-28 12:52:00,40.62526,-73.917885,0,0,Failure to Yield Right-of-Way,4477626,15.2,7.9,0.0,0.0,0.0,0.0,3,19.1,34.6,28,Overcast,0,0,
89636,2021-11-13 03:45:00,40.735622,-73.9597,0,0,Driver Inexperience,4477190,16.0,4.8,5.0,5.0,0.0,4.0,63,36.4,65.9,238,Rain: Moderate,0,0,
89637,2021-11-13 15:29:00,40.76382,-73.91728,0,0,Unspecified,4476980,16.0,4.8,5.0,5.0,0.0,4.0,63,36.4,65.9,238,Rain: Moderate,0,0,
89638,2021-11-13 16:01:00,40.757286,-73.97812,1,0,Unspecified,4477807,16.0,4.8,5.0,5.0,0.0,4.0,63,36.4,65.9,238,Rain: Moderate,1,1,
89639,2021-11-13 21:45:00,40.59755,-74.11133,0,0,Unspecified,4477583,16.0,4.8,5.0,5.0,0.0,4.0,63,36.4,65.9,238,Rain: Moderate,0,0,
89640,2021-11-13 16:20:00,40.52865,-74.216835,1,0,Unsafe Speed,4476889,16.0,4.8,5.0,5.0,0.0,4.0,63,36.4,65.9,238,Rain: Moderate,1,1,
89641,2021-11-13 06:21:00,40.764603,-73.819305,1,0,Fell Asleep,4476921,16.0,4.8,5.0,5.0,0.0,4.0,63,36.4,65.9,238,Rain: Moderate,1,1,
89642,2021-11-13 19:05:00,40.729877,-73.9576,0,0,Failure to Yield Right-of-Way,4477407,16.0,4.8,5.0,5.0,0.0,4.0,63,36.4,65.9,238,Rain: Moderate,0,0,
89643,2021-11-13 06:45:00,40.66077,-73.89551,0,0,Unspecified,4477324,16.0,4.8,5.0,5.0,0.0,4.0,63,36.4,65.9,238,Rain: Moderate,0,0,
89644,2021-11-13 02:00:00,40.699863,-73.9559,2,0,Driver Inattention/Distraction,4477344,16.0,4.8,5.0,5.0,0.0,4.0,63,36.4,65.9,238,Rain: Moderate,2,2,
89645,2021-11-13 14:30:00,40.76832,-73.99269,0,0,Unspecified,4477813,16.0,4.8,5.0,5.0,0.0,4.0,63,36.4,65.9,238,Rain: Moderate,0,0,
89646,2021-11-13 09:45:00,40.755028,-73.872696,1,0,Driver Inattention/Distraction,4476816,16.0,4.8,5.0,5.0,0.0,4.0,63,36.4,65.9,238,Rain: Moderate,1,1,
89647,2021-11-13 16:31:00,40.766533,-73.79084,0,0,Unspecified,4477086,16.0,4.8,5.0,5.0,0.0,4.0,63,36.4,65.9,238,Rain: Moderate,0,0,
89648,2021-11-13 09:40:00,40.718838,-73.85905,0,0,Accelerator Defective,4476851,16.0,4.8,5.0,5.0,0.0,4.0,63,36.4,65.9,238,Rain: Moderate,0,0,
89649,2021-11-13 06:18:00,40.899666,-73.85741,0,0,Unsafe Speed,4477203,16.0,4.8,5.0,5.0,0.0,4.0,63,36.4,65.9,238,Rain: Moderate,0,0,
89650,2021-11-13 07:35:00,40.8451,-73.91878,0,0,Driver Inattention/Distraction,4476793,16.0,4.8,5.0,5.0,0.0,4.0,63,36.4,65.9,238,Rain: Moderate,0,0,
89651,2021-11-13 23:25:00,40.71391,-73.99194,0,0,Driver Inattention/Distraction,4476928,16.0,4.8,5.0,5.0,0.0,4.0,63,36.4,65.9,238,Rain: Moderate,0,0,
89652,2021-11-13 17:00:00,40.672295,-73.87525,0,0,Unspecified,4477306,16.0,4.8,5.0,5.0,0.0,4.0,63,36.4,65.9,238,Rain: Moderate,0,0,
89653,2021-11-09 23:15:00,40.663704,-73.936424,3,0,Alcohol Involvement,4477691,19.5,5.6,0.0,0.0,0.0,0.0,3,10.2,20.2,283,Overcast,3,3,
89654,2021-11-13 22:45:00,40.749264,-73.86847,0,0,Driver Inattention/Distraction,4477166,16.0,4.8,5.0,5.0,0.0,4.0,63,36.4,65.9,238,Rain: Moderate,0,0,
89655,2021-11-13 17:35:00,40.769764,-73.97455,0,0,Driver Inexperience,4476878,16.0,4.8,5.0,5.0,0.0,4.0,63,36.4,65.9,238,Rain: Moderate,0,0,
89656,2021-11-10 13:55:00,40.75529,-73.99493,0,0,Passenger Distraction,4477565,17.2,7.8,0.3,0.3,0.0,1.0,51,20.7,38.5,318,Drizzle: Light,0,0,
89657,2021-11-13 16:05:00,40.86242,-73.89405,0,0,Turning Improperly,4477529,16.0,4.8,5.0,5.0,0.0,4.0,63,36.4,65.9,238,Rain: Moderate,0,0,
89658,2021-11-13 18:00:00,40.747143,-74.000854,0,0,Driver Inattention/Distraction,4476990,16.0,4.8,5.0,5.0,0.0,4.0,63,36.4,65.9,238,Rain: Moderate,0,0,
89659,2021-11-13 17:58:00,40.625126,-73.93981,1,0,Driver Inattention/Distraction,4476962,16.0,4.8,5.0,5.0,0.0,4.0,63,36.4,65.9,238,Rain: Moderate,1,1,
89660,2021-11-13 16:28:00,40.77139,-73.95044,1,0,Following Too Closely,4477413,16.0,4.8,5.0,5.0,0.0,4.0,63,36.4,65.9,238,Rain: Moderate,1,1,
89661,2021-11-13 14:00:00,40.636364,-73.98984,0,0,Passing Too Closely,4477478,16.0,4.8,5.0,5.0,0.0,4.0,63,36.4,65.9,238,Rain: Moderate,0,0,
89662,2021-11-13 06:30:00,40.67953,-73.750854,0,0,Driver Inattention/Distraction,4477013,16.0,4.8,5.0,5.0,0.0,4.0,63,36.4,65.9,238,Rain: Moderate,0,0,
89663,2021-11-13 21:26:00,40.771656,-73.95319,0,0,Other Vehicular,4477770,16.0,4.8,5.0,5.0,0.0,4.0,63,36.4,65.9,238,Rain: Moderate,0,0,
89664,2021-11-13 01:49:00,40.657017,-74.00474,0,0,Obstruction/Debris,4476872,16.0,4.8,5.0,5.0,0.0,4.0,63,36.4,65.9,238,Rain: Moderate,0,0,
89665,2021-11-13 05:35:00,40.745007,-73.91928,0,0,Driver Inattention/Distraction,4476833,16.0,4.8,5.0,5.0,0.0,4.0,63,36.4,65.9,238,Rain: Moderate,0,0,
89666,2021-11-12 14:55:00,40.799797,-73.93867,0,0,Following Too Closely,4477577,18.5,8.9,15.0,15.0,0.0,7.0,63,39.8,74.5,174,Rain: Moderate,0,0,
89667,2021-11-13 20:10:00,40.85673,-73.90279,0,0,Unspecified,4477211,16.0,4.8,5.0,5.0,0.0,4.0,63,36.4,65.9,238,Rain: Moderate,0,0,
89668,2021-11-13 20:00:00,40.710243,-73.9584,0,0,Passing or Lane Usage Improper,4477353,16.0,4.8,5.0,5.0,0.0,4.0,63,36.4,65.9,238,Rain: Moderate,0,0,
89669,2021-11-13 18:52:00,40.74105,-73.72587,0,0,Pavement Slippery,4476898,16.0,4.8,5.0,5.0,0.0,4.0,63,36.4,65.9,238,Rain: Moderate,0,0,
89670,2021-11-13 03:10:00,40.82851,-73.88012,0,0,Alcohol Involvement,4477057,16.0,4.8,5.0,5.0,0.0,4.0,63,36.4,65.9,238,Rain: Moderate,0,0,
89671,2021-11-13 00:35:00,40.652767,-73.8863,0,0,Unspecified,4477302,16.0,4.8,5.0,5.0,0.0,4.0,63,36.4,65.9,238,Rain: Moderate,0,0,
89672,2021-11-13 14:20:00,40.654778,-73.93995,2,0,Driver Inattention/Distraction,4477158,16.0,4.8,5.0,5.0,0.0,4.0,63,36.4,65.9,238,Rain: Moderate,2,2,
89673,2021-11-13 09:40:00,40.632442,-74.02142,1,0,Failure to Yield Right-of-Way,4476830,16.0,4.8,5.0,5.0,0.0,4.0,63,36.4,65.9,238,Rain: Moderate,1,1,
89674,2021-11-13 00:57:00,40.86177,-73.89868,0,0,Passing or Lane Usage Improper,4476790,16.0,4.8,5.0,5.0,0.0,4.0,63,36.4,65.9,238,Rain: Moderate,0,0,
89675,2021-11-13 14:40:00,40.56878,-74.10661,1,0,Driver Inattention/Distraction,4476931,16.0,4.8,5.0,5.0,0.0,4.0,63,36.4,65.9,238,Rain: Moderate,1,1,
89676,2021-09-22 10:11:00,40.843903,-73.927284,0,0,Passing or Lane Usage Improper,4477643,25.3,19.9,5.1,5.1,0.0,15.0,61,29.3,55.1,154,Rain: Light,0,0,
89677,2021-11-13 03:30:00,40.62981,-74.07468,0,0,Unspecified,4477069,16.0,4.8,5.0,5.0,0.0,4.0,63,36.4,65.9,238,Rain: Moderate,0,0,
89678,2021-11-13 10:18:00,40.77221,-73.982185,0,0,Driver Inattention/Distraction,4476902,16.0,4.8,5.0,5.0,0.0,4.0,63,36.4,65.9,238,Rain: Moderate,0,0,
89679,2021-11-10 18:32:00,40.881073,-73.878494,0,0,Following Too Closely,4477540,17.2,7.8,0.3,0.3,0.0,1.0,51,20.7,38.5,318,Drizzle: Light,0,0,
89680,2021-11-10 13:40:00,40.82034,-73.940025,1,0,Other Vehicular,4477556,17.2,7.8,0.3,0.3,0.0,1.0,51,20.7,38.5,318,Drizzle: Light,1,1,
89681,2021-11-13 22:00:00,40.58648,-73.95231,0,0,Unspecified,4477426,16.0,4.8,5.0,5.0,0.0,4.0,63,36.4,65.9,238,Rain: Moderate,0,0,
89682,2021-10-06 16:20:00,40.694183,-73.80544,0,0,Driver Inattention/Distraction,4477605,20.3,16.0,0.1,0.1,0.0,1.0,51,6.5,14.0,28,Drizzle: Light,0,0,
89683,2021-11-13 11:01:00,40.72387,-73.75541,1,0,Driver Inattention/Distraction,4476953,16.0,4.8,5.0,5.0,0.0,4.0,63,36.4,65.9,238,Rain: Moderate,1,1,
89684,2021-11-13 18:00:00,40.6724,-73.856834,0,0,Passing or Lane Usage Improper,4477464,16.0,4.8,5.0,5.0,0.0,4.0,63,36.4,65.9,238,Rain: Moderate,0,0,
89685,2021-11-06 08:50:00,40.670277,-73.92542,0,0,Other Vehicular,4477639,10.5,3.4,0.0,0.0,0.0,0.0,0,9.5,17.6,61,Clear sky,0,0,Sunny/Clear Conditions
89686,2021-11-13 20:37:00,40.715168,-73.94622,0,0,Driver Inattention/Distraction,4477193,16.0,4.8,5.0,5.0,0.0,4.0,63,36.4,65.9,238,Rain: Moderate,0,0,
89687,2021-11-12 09:38:00,40.66955,-73.94497,1,0,Pedestrian/Bicyclist/Other Pedestrian Error/Confusion,4477662,18.5,8.9,15.0,15.0,0.0,7.0,63,39.8,74.5,174,Rain: Moderate,1,1,
89688,2021-11-07 16:45:00,40.67221,-73.92802,0,0,Passing Too Closely,4477712,12.1,2.6,0.0,0.0,0.0,0.0,3,10.0,20.5,358,Overcast,0,0,
89689,2021-11-13 04:52:00,40.818836,-73.90323,0,0,Driver Inattention/Distraction,4476866,16.0,4.8,5.0,5.0,0.0,4.0,63,36.4,65.9,238,Rain: Moderate,0,0,
89690,2021-11-13 14:39:00,40.69953,-73.91104,1,0,Failure to Yield Right-of-Way,4477275,16.0,4.8,5.0,5.0,0.0,4.0,63,36.4,65.9,238,Rain: Moderate,1,1,
89691,2021-11-13 23:30:00,40.853138,-73.9017,2,0,View Obstructed/Limited,4477181,16.0,4.8,5.0,5.0,0.0,4.0,63,36.4,65.9,238,Rain: Moderate,2,2,
89692,2021-11-13 14:15:00,40.852306,-73.86207,1,0,Driver Inattention/Distraction,4476850,16.0,4.8,5.0,5.0,0.0,4.0,63,36.4,65.9,238,Rain: Moderate,1,1,
89693,2021-11-13 17:00:00,40.62978,-74.01395,0,0,Backing Unsafely,4476891,16.0,4.8,5.0,5.0,0.0,4.0,63,36.4,65.9,238,Rain: Moderate,0,0,
89694,2021-11-13 15:00:00,40.708805,-73.92577,2,0,Failure to Yield Right-of-Way,4477358,16.0,4.8,5.0,5.0,0.0,4.0,63,36.4,65.9,238,Rain: Moderate,2,2,
89695,2021-11-13 07:30:00,40.707104,-73.94565,0,0,Driver Inattention/Distraction,4477345,16.0,4.8,5.0,5.0,0.0,4.0,63,36.4,65.9,238,Rain: Moderate,0,0,
89696,2021-11-13 10:00:00,40.749283,-73.756645,0,0,Reaction to Uninvolved Vehicle,4476821,16.0,4.8,5.0,5.0,0.0,4.0,63,36.4,65.9,238,Rain: Moderate,0,0,
89697,2021-11-13 12:30:00,40.722637,-73.95419,0,0,Driver Inexperience,4477607,16.0,4.8,5.0,5.0,0.0,4.0,63,36.4,65.9,238,Rain: Moderate,0,0,
89698,2021-11-13 23:25:00,40.70441,-73.98657,0,0,Oversized Vehicle,4477670,16.0,4.8,5.0,5.0,0.0,4.0,63,36.4,65.9,238,Rain: Moderate,0,0,
89699,2021-11-13 00:00:00,40.710735,-73.961815,0,0,Passing Too Closely,4477441,16.0,4.8,5.0,5.0,0.0,4.0,63,36.4,65.9,238,Rain: Moderate,0,0,
89700,2021-11-13 17:35:00,40.768917,-73.98597,0,0,Unspecified,4477804,16.0,4.8,5.0,5.0,0.0,4.0,63,36.4,65.9,238,Rain: Moderate,0,0,
89701,2021-11-13 11:15:00,40.747765,-73.98296,1,0,Driver Inattention/Distraction,4477025,16.0,4.8,5.0,5.0,0.0,4.0,63,36.4,65.9,238,Rain: Moderate,1,1,
89702,2021-11-13 17:50:00,40.806355,-73.953964,1,0,Driver Inattention/Distraction,4477547,16.0,4.8,5.0,5.0,0.0,4.0,63,36.4,65.9,238,Rain: Moderate,1,1,
89703,2021-11-13 04:30:00,40.68969,-73.99237,0,0,Turning Improperly,4476778,16.0,4.8,5.0,5.0,0.0,4.0,63,36.4,65.9,238,Rain: Moderate,0,0,
89704,2021-11-08 17:40:00,40.583664,-73.971756,1,0,Driver Inattention/Distraction,4477652,16.5,6.4,0.0,0.0,0.0,0.0,3,17.4,33.8,355,Overcast,1,1,
89705,2021-11-13 15:00:00,40.747925,-73.88114,1,0,Driver Inattention/Distraction,4477138,16.0,4.8,5.0,5.0,0.0,4.0,63,36.4,65.9,238,Rain: Moderate,1,1,
89706,2021-11-10 19:58:00,40.570835,-74.16983,0,0,Failure to Yield Right-of-Way,4477589,17.2,7.8,0.3,0.3,0.0,1.0,51,20.7,38.5,318,Drizzle: Light,0,0,
89707,2021-11-13 17:00:00,40.64367,-74.015495,1,0,Failure to Yield Right-of-Way,4476938,16.0,4.8,5.0,5.0,0.0,4.0,63,36.4,65.9,238,Rain: Moderate,1,1,
89708,2021-11-13 13:40:00,40.66612,-73.82225,0,0,Reaction to Uninvolved Vehicle,4477381,16.0,4.8,5.0,5.0,0.0,4.0,63,36.4,65.9,238,Rain: Moderate,0,0,
89709,2022-02-05 09:28:00,40.6838,-73.72786,0,0,Glare,4500063,-1.9,-6.9,0.4,0.0,0.28,3.0,71,26.8,50.4,322,Snow fall: Light,0,0,Snowy Conditions
89710,2021-11-13 18:00:00,40.773537,-73.91052,0,0,Unspecified,4476979,16.0,4.8,5.0,5.0,0.0,4.0,63,36.4,65.9,238,Rain: Moderate,0,0,
89711,2021-09-30 16:10:00,40.678905,-73.9164,1,0,Unspecified,4477629,18.8,13.1,0.0,0.0,0.0,0.0,3,18.1,37.4,330,Overcast,1,1,
89712,2021-11-13 18:55:00,40.755016,-73.97558,2,0,Following Too Closely,4477814,16.0,4.8,5.0,5.0,0.0,4.0,63,36.4,65.9,238,Rain: Moderate,2,2,
89713,2021-11-13 16:00:00,40.585087,-73.93415,0,0,Other Lighting Defects,4477104,16.0,4.8,5.0,5.0,0.0,4.0,63,36.4,65.9,238,Rain: Moderate,0,0,
89714,2021-11-13 17:11:00,40.75806,-73.81402,1,0,Passing Too Closely,4476885,16.0,4.8,5.0,5.0,0.0,4.0,63,36.4,65.9,238,Rain: Moderate,1,1,
89715,2021-11-13 15:10:00,40.831978,-73.93515,0,0,Driver Inattention/Distraction,4477239,16.0,4.8,5.0,5.0,0.0,4.0,63,36.4,65.9,238,Rain: Moderate,0,0,
89716,2021-11-13 13:29:00,40.711166,-73.9489,2,0,Failure to Yield Right-of-Way,4477408,16.0,4.8,5.0,5.0,0.0,4.0,63,36.4,65.9,238,Rain: Moderate,2,2,
89717,2021-11-13 10:51:00,40.831432,-73.90136,0,0,Following Too Closely,4476923,16.0,4.8,5.0,5.0,0.0,4.0,63,36.4,65.9,238,Rain: Moderate,0,0,
89718,2021-11-13 17:20:00,40.650745,-73.9588,0,0,Turning Improperly,4476907,16.0,4.8,5.0,5.0,0.0,4.0,63,36.4,65.9,238,Rain: Moderate,0,0,
89719,2021-11-13 21:00:00,40.646313,-73.87386,2,0,Following Too Closely,4477325,16.0,4.8,5.0,5.0,0.0,4.0,63,36.4,65.9,238,Rain: Moderate,2,2,
89720,2021-11-13 20:03:00,40.84105,-73.94469,1,0,Failure to Yield Right-of-Way,4477615,16.0,4.8,5.0,5.0,0.0,4.0,63,36.4,65.9,238,Rain: Moderate,1,1,
89721,2021-11-13 21:36:00,40.77519,-73.79854,1,0,Failure to Yield Right-of-Way,4476967,16.0,4.8,5.0,5.0,0.0,4.0,63,36.4,65.9,238,Rain: Moderate,1,1,
89722,2021-11-13 17:41:00,40.753475,-73.99254,0,0,Unspecified,4477033,16.0,4.8,5.0,5.0,0.0,4.0,63,36.4,65.9,238,Rain: Moderate,0,0,
89723,2021-10-30 04:11:00,40.75702,-74.00494,0,0,Following Too Closely,4477570,17.8,12.0,7.8,7.8,0.0,16.0,61,38.5,68.0,112,Rain: Light,0,0,
89724,2021-11-13 16:25:00,40.59406,-73.78912,0,0,Following Too Closely,4477505,16.0,4.8,5.0,5.0,0.0,4.0,63,36.4,65.9,238,Rain: Moderate,0,0,
89725,2021-11-13 16:20:00,40.731297,-73.982475,1,0,Driver Inattention/Distraction,4477784,16.0,4.8,5.0,5.0,0.0,4.0,63,36.4,65.9,238,Rain: Moderate,1,1,
89726,2021-11-13 18:41:00,40.720127,-74.002426,0,0,Driver Inattention/Distraction,4477079,16.0,4.8,5.0,5.0,0.0,4.0,63,36.4,65.9,238,Rain: Moderate,0,0,
89727,2021-11-13 16:05:00,40.718872,-73.7534,0,0,Reaction to Uninvolved Vehicle,4476955,16.0,4.8,5.0,5.0,0.0,4.0,63,36.4,65.9,238,Rain: Moderate,0,0,
89728,2021-11-05 11:45:00,40.68963,-73.98575,0,0,Aggressive Driving/Road Rage,4477678,10.7,3.2,0.0,0.0,0.0,0.0,0,14.8,30.2,1,Clear sky,0,0,Sunny/Clear Conditions
89729,2021-11-13 08:00:00,40.68636,-73.810036,0,0,Following Too Closely,4477465,16.0,4.8,5.0,5.0,0.0,4.0,63,36.4,65.9,238,Rain: Moderate,0,0,
89730,2021-11-13 21:35:00,40.817795,-73.89319,0,0,Traffic Control Disregarded,4477493,16.0,4.8,5.0,5.0,0.0,4.0,63,36.4,65.9,238,Rain: Moderate,0,0,
89731,2021-11-13 01:10:00,40.68957,-73.85706,0,0,Steering Failure,4477532,16.0,4.8,5.0,5.0,0.0,4.0,63,36.4,65.9,238,Rain: Moderate,0,0,
89732,2021-11-13 17:50:00,40.688766,-73.99907,0,0,Other Vehicular,4476991,16.0,4.8,5.0,5.0,0.0,4.0,63,36.4,65.9,238,Rain: Moderate,0,0,
89733,2022-02-05 00:37:00,40.628853,-74.14771,0,0,Alcohol Involvement,4500114,-1.9,-6.9,0.4,0.0,0.28,3.0,71,26.8,50.4,322,Snow fall: Light,0,0,Snowy Conditions
89734,2022-02-02 20:48:00,40.668774,-73.93052,0,0,Backing Unsafely,4500786,3.8,-7.2,0.0,0.0,0.0,0.0,3,10.6,16.2,93,Overcast,0,0,
89735,2022-02-04 15:21:00,40.82289,-73.95574,0,0,Driver Inattention/Distraction,4500904,12.5,-2.3,26.6,26.5,0.07,23.0,71,29.7,50.4,313,Snow fall: Light,0,0,Snowy Conditions
89736,2022-02-05 12:00:00,40.81888,-73.916504,0,0,Passing or Lane Usage Improper,4500546,-1.9,-6.9,0.4,0.0,0.28,3.0,71,26.8,50.4,322,Snow fall: Light,0,0,Snowy Conditions
89737,2022-02-04 17:00:00,40.666893,-73.88883,0,0,Unsafe Speed,4500677,12.5,-2.3,26.6,26.5,0.07,23.0,71,29.7,50.4,313,Snow fall: Light,0,0,Snowy Conditions
89738,2022-02-04 09:55:00,0.0,0.0,2,0,Other Vehicular,4500866,12.5,-2.3,26.6,26.5,0.07,23.0,71,29.7,50.4,313,Snow fall: Light,2,2,Snowy Conditions
89739,2022-02-05 09:12:00,40.640465,-73.99433,1,0,Driver Inattention/Distraction,4500199,-1.9,-6.9,0.4,0.0,0.28,3.0,71,26.8,50.4,322,Snow fall: Light,1,1,Snowy Conditions
89740,2022-02-05 00:38:00,40.745304,-73.82595,1,0,Turning Improperly,4500083,-1.9,-6.9,0.4,0.0,0.28,3.0,71,26.8,50.4,322,Snow fall: Light,1,1,Snowy Conditions
89741,2022-02-05 20:20:00,40.679653,-73.88556,0,0,Backing Unsafely,4500659,-1.9,-6.9,0.4,0.0,0.28,3.0,71,26.8,50.4,322,Snow fall: Light,0,0,Snowy Conditions
89742,2022-02-05 09:30:00,40.66743,-73.76676,0,0,Turning Improperly,4500592,-1.9,-6.9,0.4,0.0,0.28,3.0,71,26.8,50.4,322,Snow fall: Light,0,0,Snowy Conditions
89743,2022-02-05 13:20:00,40.764053,-73.99225,0,0,Turning Improperly,4500617,-1.9,-6.9,0.4,0.0,0.28,3.0,71,26.8,50.4,322,Snow fall: Light,0,0,Snowy Conditions
89744,2022-01-31 22:52:00,40.81626,-73.9177,2,0,Pavement Slippery,4500890,-3.4,-17.1,0.0,0.0,0.0,0.0,3,12.2,18.0,23,Overcast,2,2,
89745,2022-01-18 14:50:00,40.66588,-73.873436,1,0,Aggressive Driving/Road Rage,4500654,1.7,-4.9,0.0,0.0,0.0,0.0,3,30.9,58.3,294,Overcast,1,1,
89746,2022-02-05 13:40:00,40.773808,-73.8929,2,0,Driver Inattention/Distraction,4500313,-1.9,-6.9,0.4,0.0,0.28,3.0,71,26.8,50.4,322,Snow fall: Light,2,2,Snowy Conditions
89747,2022-02-03 22:02:00,40.81133,-73.90078,2,0,Following Too Closely,4500696,9.2,2.3,13.1,13.1,0.0,17.0,61,14.9,23.8,194,Rain: Light,2,2,
89748,2022-02-05 13:55:00,40.686592,-73.913025,0,0,Driver Inattention/Distraction,4500227,-1.9,-6.9,0.4,0.0,0.28,3.0,71,26.8,50.4,322,Snow fall: Light,0,0,Snowy Conditions
89749,2022-02-05 09:50:00,40.815937,-73.909134,1,0,Unspecified,4500528,-1.9,-6.9,0.4,0.0,0.28,3.0,71,26.8,50.4,322,Snow fall: Light,1,1,Snowy Conditions
89750,2022-02-05 14:08:00,40.678116,-73.92172,0,0,Driver Inexperience,4500775,-1.9,-6.9,0.4,0.0,0.28,3.0,71,26.8,50.4,322,Snow fall: Light,0,0,Snowy Conditions
89751,2022-02-05 08:20:00,40.828175,-73.9063,0,0,Unspecified,4500144,-1.9,-6.9,0.4,0.0,0.28,3.0,71,26.8,50.4,322,Snow fall: Light,0,0,Snowy Conditions
89752,2022-02-05 07:05:00,40.668816,-73.89895,0,0,Following Too Closely,4500668,-1.9,-6.9,0.4,0.0,0.28,3.0,71,26.8,50.4,322,Snow fall: Light,0,0,Snowy Conditions
89753,2022-02-05 10:35:00,40.559437,-74.12481,1,0,Unspecified,4500799,-1.9,-6.9,0.4,0.0,0.28,3.0,71,26.8,50.4,322,Snow fall: Light,1,1,Snowy Conditions
89754,2022-02-05 19:00:00,40.68342,-73.97545,1,0,Backing Unsafely,4500479,-1.9,-6.9,0.4,0.0,0.28,3.0,71,26.8,50.4,322,Snow fall: Light,1,1,Snowy Conditions
89755,2022-02-05 09:24:00,40.761993,-73.942474,1,0,Driver Inattention/Distraction,4500251,-1.9,-6.9,0.4,0.0,0.28,3.0,71,26.8,50.4,322,Snow fall: Light,1,1,Snowy Conditions
89756,2022-02-05 04:01:00,40.714066,-73.94938,0,0,Passing or Lane Usage Improper,4500484,-1.9,-6.9,0.4,0.0,0.28,3.0,71,26.8,50.4,322,Snow fall: Light,0,0,Snowy Conditions
89757,2022-02-05 22:41:00,40.75227,-73.89518,1,0,Driver Inattention/Distraction,4500386,-1.9,-6.9,0.4,0.0,0.28,3.0,71,26.8,50.4,322,Snow fall: Light,1,1,Snowy Conditions
89758,2022-04-14 16:52:00,40.61637,-74.1276,1,0,Unspecified,4520361,28.1,13.9,0.2,0.2,0.0,2.0,51,25.9,46.1,249,Drizzle: Light,1,1,
89759,2022-02-05 00:45:00,40.71122,-73.72827,2,0,Unspecified,4499928,-1.9,-6.9,0.4,0.0,0.28,3.0,71,26.8,50.4,322,Snow fall: Light,2,2,Snowy Conditions
89760,2022-01-15 13:30:00,40.623333,-74.08354,0,0,Unspecified,4500751,-5.3,-11.1,0.0,0.0,0.0,0.0,3,22.4,46.1,345,Overcast,0,0,
89761,2022-02-05 18:30:00,40.844833,-73.909386,2,0,Failure to Yield Right-of-Way,4500173,-1.9,-6.9,0.4,0.0,0.28,3.0,71,26.8,50.4,322,Snow fall: Light,2,2,Snowy Conditions
89762,2022-02-04 17:00:00,40.71842,-73.94888,0,0,Unspecified,4500649,12.5,-2.3,26.6,26.5,0.07,23.0,71,29.7,50.4,313,Snow fall: Light,0,0,Snowy Conditions
89763,2022-01-07 09:50:00,40.721016,-73.74839,0,0,Passing or Lane Usage Improper,4500826,-0.0,-5.7,9.0,0.0,6.3,11.0,75,26.8,48.6,313,Snow fall: Heavy,0,0,Snowy Conditions
89764,2022-02-02 19:00:00,40.608307,-74.13132,0,0,Unsafe Lane Changing,4500798,3.8,-7.2,0.0,0.0,0.0,0.0,3,10.6,16.2,93,Overcast,0,0,
89765,2022-02-02 19:35:00,40.817795,-73.89319,2,0,Unspecified,4500686,3.8,-7.2,0.0,0.0,0.0,0.0,3,10.6,16.2,93,Overcast,2,2,
89766,2022-02-05 03:00:00,40.688236,-73.76196,0,0,Pavement Slippery,4499944,-1.9,-6.9,0.4,0.0,0.28,3.0,71,26.8,50.4,322,Snow fall: Light,0,0,Snowy Conditions