,CRASH DATETIME,LATITUDE,LONGITUDE,NUMBER OF PERSONS INJURED,NUMBER OF PERSONS KILLED,CONTRIBUTING FACTOR VEHICLE 1,COLLISION_ID,temperature_2m_max,temperature_2m_min,precipitation_sum,rain_sum,snowfall_sum,precipitation_hours,weather_code,wind_speed_10m_max,wind_gusts_10m_max,wind_direction_10m_dominant,Weather Description,Severity_Score,Total_Affected_Persons,Weather_Category
89767,2022-02-05 21:11:00,40.624275,-73.947426,1,0,Alcohol Involvement,4500140,-1.9,-6.9,0.4,0.0,0.28,3.0,71,26.8,50.4,322,Snow fall: Light,1,1,Snowy Conditions
89768,2022-02-05 15:55:00,40.755753,-73.883514,0,0,Driver Inattention/Distraction,4500387,-1.9,-6.9,0.4,0.0,0.28,3.0,71,26.8,50.4,322,Snow fall: Light,0,0,Snowy Conditions
89769,2022-02-04 12:15:00,40.61331,-74.06336,0,0,Unspecified,4500756,12.5,-2.3,26.6,26.5,0.07,23.0,71,29.7,50.4,313,Snow fall: Light,0,0,Snowy Conditions
89770,2022-02-05 15:46:00,40.6993,-73.91361,0,0,Driver Inattention/Distraction,4500228,-1.9,-6.9,0.4,0.0,0.28,3.0,71,26.8,50.4,322,Snow fall: Light,0,0,Snowy Conditions
89771,2022-02-03 18:24:00,40.66879,-73.88839,1,0,Failure to Yield Right-of-Way,4500644,9.2,2.3,13.1,13.1,0.0,17.0,61,14.9,23.8,194,Rain: Light,1,1,
89772,2022-02-05 07:10:00,40.674397,-73.896515,0,0,Unspecified,4500667,-1.9,-6.9,0.4,0.0,0.28,3.0,71,26.8,50.4,322,Snow fall: Light,0,0,Snowy Conditions
89773,2022-02-05 08:05:00,40.738476,-73.74885,1,0,Unsafe Speed,4500290,-1.9,-6.9,0.4,0.0,0.28,3.0,71,26.8,50.4,322,Snow fall: Light,1,1,Snowy Conditions
89774,2022-01-06 06:20:00,40.589157,-73.98282,0,0,Unspecified,4500815,4.1,-0.7,0.0,0.0,0.0,0.0,3,20.2,38.2,269,Overcast,0,0,
89775,2022-02-05 11:50:00,40.655758,-74.008354,0,0,Backing Unsafely,4500079,-1.9,-6.9,0.4,0.0,0.28,3.0,71,26.8,50.4,322,Snow fall: Light,0,0,Snowy Conditions
89776,2022-01-30 07:48:00,40.77393,-73.99201,0,0,Pavement Slippery,4500804,-5.4,-13.8,0.0,0.0,0.0,0.0,3,28.5,50.0,290,Overcast,0,0,
89777,2022-02-05 10:00:00,40.70958,-73.79626,0,0,Passing or Lane Usage Improper,4500163,-1.9,-6.9,0.4,0.0,0.28,3.0,71,26.8,50.4,322,Snow fall: Light,0,0,Snowy Conditions
89778,2022-02-02 14:22:00,40.67898,-73.88107,0,0,Unspecified,4500633,3.8,-7.2,0.0,0.0,0.0,0.0,3,10.6,16.2,93,Overcast,0,0,
89779,2022-02-05 10:30:00,40.90033,-73.85278,0,0,Driver Inattention/Distraction,4500764,-1.9,-6.9,0.4,0.0,0.28,3.0,71,26.8,50.4,322,Snow fall: Light,0,0,Snowy Conditions
89780,2022-02-05 10:27:00,40.73871,-73.70192,0,0,Unspecified,4500064,-1.9,-6.9,0.4,0.0,0.28,3.0,71,26.8,50.4,322,Snow fall: Light,0,0,Snowy Conditions
89781,2022-02-05 13:00:00,40.69049,-73.816086,0,0,Driver Inattention/Distraction,4500491,-1.9,-6.9,0.4,0.0,0.28,3.0,71,26.8,50.4,322,Snow fall: Light,0,0,Snowy Conditions
89782,2022-02-01 00:00:00,40.836098,-73.934875,0,0,Driver Inattention/Distraction,4500601,-0.9,-13.4,0.0,0.0,0.0,0.0,3,12.2,21.2,36,Overcast,0,0,
89783,2022-02-05 16:15:00,40.665558,-73.72985,1,0,Lost Consciousness,4500091,-1.9,-6.9,0.4,0.0,0.28,3.0,71,26.8,50.4,322,Snow fall: Light,1,1,Snowy Conditions
89784,2022-04-17 04:02:00,40.69177,-73.824524,0,0,Traffic Control Disregarded,4519922,10.0,3.9,0.5,0.5,0.0,2.0,51,30.1,56.5,313,Drizzle: Light,0,0,
89785,2022-02-05 19:25:00,40.639088,-73.92905,5,0,Failure to Yield Right-of-Way,4500261,-1.9,-6.9,0.4,0.0,0.28,3.0,71,26.8,50.4,322,Snow fall: Light,5,5,Snowy Conditions
89786,2022-01-31 12:30:00,40.745594,-73.9034,0,0,Reaction to Uninvolved Vehicle,4500679,-3.4,-17.1,0.0,0.0,0.0,0.0,3,12.2,18.0,23,Overcast,0,0,
89787,2022-02-05 12:30:00,40.849407,-73.900894,1,0,Failure to Yield Right-of-Way,4500725,-1.9,-6.9,0.4,0.0,0.28,3.0,71,26.8,50.4,322,Snow fall: Light,1,1,Snowy Conditions
89788,2022-02-02 08:42:00,40.677628,-73.894394,1,0,Failure to Yield Right-of-Way,4500640,3.8,-7.2,0.0,0.0,0.0,0.0,3,10.6,16.2,93,Overcast,1,1,
89789,2022-02-05 13:48:00,40.632294,-73.96678,2,0,Unspecified,4500156,-1.9,-6.9,0.4,0.0,0.28,3.0,71,26.8,50.4,322,Snow fall: Light,2,2,Snowy Conditions
89790,2022-02-05 23:48:00,40.840824,-73.94597,0,0,Aggressive Driving/Road Rage,4500276,-1.9,-6.9,0.4,0.0,0.28,3.0,71,26.8,50.4,322,Snow fall: Light,0,0,Snowy Conditions
89791,2022-01-04 16:00:00,40.845177,-73.91417,0,0,Passing Too Closely,4500913,0.7,-6.7,0.0,0.0,0.0,0.0,3,20.0,36.4,287,Overcast,0,0,
89792,2022-02-05 19:40:00,40.82523,-73.94761,0,0,Unspecified,4500903,-1.9,-6.9,0.4,0.0,0.28,3.0,71,26.8,50.4,322,Snow fall: Light,0,0,Snowy Conditions
89793,2022-01-22 12:27:00,40.8225,-73.8379,0,0,Unspecified,4500788,-1.3,-12.3,0.0,0.0,0.0,0.0,3,18.4,32.8,1,Overcast,0,0,
89794,2022-02-05 17:32:00,40.661083,-73.878525,0,0,Unspecified,4500671,-1.9,-6.9,0.4,0.0,0.28,3.0,71,26.8,50.4,322,Snow fall: Light,0,0,Snowy Conditions
89795,2022-01-30 16:00:00,40.669403,-73.912605,0,0,Backing Unsafely,4500867,-5.4,-13.8,0.0,0.0,0.0,0.0,3,28.5,50.0,290,Overcast,0,0,
89796,2022-02-05 17:19:00,40.747276,-73.862495,0,0,Driver Inattention/Distraction,4500566,-1.9,-6.9,0.4,0.0,0.28,3.0,71,26.8,50.4,322,Snow fall: Light,0,0,Snowy Conditions
89797,2022-02-05 08:40:00,40.716267,-73.79583,1,0,Glare,4500038,-1.9,-6.9,0.4,0.0,0.28,3.0,71,26.8,50.4,322,Snow fall: Light,1,1,Snowy Conditions
89798,2022-02-05 23:20:00,40.74013,-73.89976,0,0,Driver Inattention/Distraction,4500125,-1.9,-6.9,0.4,0.0,0.28,3.0,71,26.8,50.4,322,Snow fall: Light,0,0,Snowy Conditions
89799,2022-02-05 21:13:00,40.859,-73.90353,2,0,Passing Too Closely,4500605,-1.9,-6.9,0.4,0.0,0.28,3.0,71,26.8,50.4,322,Snow fall: Light,2,2,Snowy Conditions
89800,2022-02-05 16:38:00,40.710777,-73.83496,0,0,Driver Inexperience,4500500,-1.9,-6.9,0.4,0.0,0.28,3.0,71,26.8,50.4,322,Snow fall: Light,0,0,Snowy Conditions
89801,2022-02-05 05:15:00,40.84095,-73.87939,0,0,Driver Inattention/Distraction,4500320,-1.9,-6.9,0.4,0.0,0.28,3.0,71,26.8,50.4,322,Snow fall: Light,0,0,Snowy Conditions
89802,2022-02-05 17:04:00,40.850475,-73.915436,1,0,Driver Inattention/Distraction,4500911,-1.9,-6.9,0.4,0.0,0.28,3.0,71,26.8,50.4,322,Snow fall: Light,1,1,Snowy Conditions
89803,2022-02-05 10:23:00,40.587017,-73.962975,0,0,Unspecified,4500735,-1.9,-6.9,0.4,0.0,0.28,3.0,71,26.8,50.4,322,Snow fall: Light,0,0,Snowy Conditions
89804,2022-02-05 16:00:00,40.8783,-73.861046,0,0,Unspecified,4500416,-1.9,-6.9,0.4,0.0,0.28,3.0,71,26.8,50.4,322,Snow fall: Light,0,0,Snowy Conditions
89805,2022-04-17 19:50:00,40.834892,-73.93776,1,0,Unsafe Lane Changing,4519728,10.0,3.9,0.5,0.5,0.0,2.0,51,30.1,56.5,313,Drizzle: Light,1,1,
89806,2022-02-05 20:20:00,40.71997,-73.992905,0,0,Unsafe Lane Changing,4500184,-1.9,-6.9,0.4,0.0,0.28,3.0,71,26.8,50.4,322,Snow fall: Light,0,0,Snowy Conditions
89807,2022-02-03 10:09:00,40.663845,-73.88703,1,0,Passing Too Closely,4500634,9.2,2.3,13.1,13.1,0.0,17.0,61,14.9,23.8,194,Rain: Light,1,1,
89808,2022-02-05 12:30:00,40.652767,-73.8863,1,0,Following Too Closely,4500655,-1.9,-6.9,0.4,0.0,0.28,3.0,71,26.8,50.4,322,Snow fall: Light,1,1,Snowy Conditions
89809,2022-02-03 16:42:00,40.756554,-73.98025,0,0,Driver Inattention/Distraction,4500611,9.2,2.3,13.1,13.1,0.0,17.0,61,14.9,23.8,194,Rain: Light,0,0,
89810,2022-02-05 03:21:00,40.75144,-73.97397,0,0,Failure to Yield Right-of-Way,4500048,-1.9,-6.9,0.4,0.0,0.28,3.0,71,26.8,50.4,322,Snow fall: Light,0,0,Snowy Conditions
89811,2022-02-05 16:46:00,40.577187,-73.95008,0,1,Unspecified,4500449,-1.9,-6.9,0.4,0.0,0.28,3.0,71,26.8,50.4,322,Snow fall: Light,20,1,Snowy Conditions
89812,2022-02-05 04:11:00,40.67245,-73.96901,1,0,Driver Inattention/Distraction,4500107,-1.9,-6.9,0.4,0.0,0.28,3.0,71,26.8,50.4,322,Snow fall: Light,1,1,Snowy Conditions
89813,2022-02-05 03:38:00,40.713108,-73.93594,1,0,Unsafe Speed,4500488,-1.9,-6.9,0.4,0.0,0.28,3.0,71,26.8,50.4,322,Snow fall: Light,1,1,Snowy Conditions
89814,2022-02-05 17:58:00,40.841877,-73.91796,0,0,Backing Unsafely,4500172,-1.9,-6.9,0.4,0.0,0.28,3.0,71,26.8,50.4,322,Snow fall: Light,0,0,Snowy Conditions
89815,2022-04-17 04:53:00,40.657516,-73.8931,0,0,Alcohol Involvement,4519666,10.0,3.9,0.5,0.5,0.0,2.0,51,30.1,56.5,313,Drizzle: Light,0,0,
89816,2022-02-04 17:45:00,40.835518,-73.86112,1,0,Failure to Yield Right-of-Way,4500695,12.5,-2.3,26.6,26.5,0.07,23.0,71,29.7,50.4,313,Snow fall: Light,1,1,Snowy Conditions
89817,2022-02-05 19:00:00,40.584774,-73.96011,3,0,Following Too Closely,4500310,-1.9,-6.9,0.4,0.0,0.28,3.0,71,26.8,50.4,322,Snow fall: Light,3,3,Snowy Conditions
89818,2022-02-05 13:40:00,40.82188,-73.85927,1,0,Pedestrian/Bicyclist/Other Pedestrian Error/Confusion,4500705,-1.9,-6.9,0.4,0.0,0.28,3.0,71,26.8,50.4,322,Snow fall: Light,1,1,Snowy Conditions
89819,2022-02-05 01:20:00,40.666435,-73.7628,0,0,Driver Inattention/Distraction,4499929,-1.9,-6.9,0.4,0.0,0.28,3.0,71,26.8,50.4,322,Snow fall: Light,0,0,Snowy Conditions
89820,2022-02-01 12:21:00,40.69875,-73.9834,1,0,Unsafe Lane Changing,4500752,-0.9,-13.4,0.0,0.0,0.0,0.0,3,12.2,21.2,36,Overcast,1,1,
89821,2022-02-03 21:00:00,40.678844,-73.86609,0,0,Animals Action,4500648,9.2,2.3,13.1,13.1,0.0,17.0,61,14.9,23.8,194,Rain: Light,0,0,
89822,2022-02-05 20:38:00,40.605095,-74.12902,0,0,Backing Unsafely,4500855,-1.9,-6.9,0.4,0.0,0.28,3.0,71,26.8,50.4,322,Snow fall: Light,0,0,Snowy Conditions
89823,2022-02-04 19:50:00,40.77178,-73.9792,2,0,Driver Inexperience,4500805,12.5,-2.3,26.6,26.5,0.07,23.0,71,29.7,50.4,313,Snow fall: Light,2,2,Snowy Conditions
89824,2022-02-03 04:05:00,40.827946,-73.93839,2,0,Driver Inattention/Distraction,4500602,9.2,2.3,13.1,13.1,0.0,17.0,61,14.9,23.8,194,Rain: Light,2,2,
89825,2022-02-05 14:20:00,40.66835,-73.738106,2,0,Unspecified,4500090,-1.9,-6.9,0.4,0.0,0.28,3.0,71,26.8,50.4,322,Snow fall: Light,2,2,Snowy Conditions
89826,2022-02-05 06:00:00,40.7213,-73.98492,0,0,Backing Unsafely,4500093,-1.9,-6.9,0.4,0.0,0.28,3.0,71,26.8,50.4,322,Snow fall: Light,0,0,Snowy Conditions
89827,2022-02-05 12:48:00,40.661625,-73.91917,0,0,Driver Inattention/Distraction,4500529,-1.9,-6.9,0.4,0.0,0.28,3.0,71,26.8,50.4,322,Snow fall: Light,0,0,Snowy Conditions
89828,2022-02-05 19:35:00,40.68963,-73.92741,0,0,Failure to Yield Right-of-Way,4500774,-1.9,-6.9,0.4,0.0,0.28,3.0,71,26.8,50.4,322,Snow fall: Light,0,0,Snowy Conditions
89829,2022-02-05 17:49:00,40.727467,-73.97948,0,0,Passing Too Closely,4500153,-1.9,-6.9,0.4,0.0,0.28,3.0,71,26.8,50.4,322,Snow fall: Light,0,0,Snowy Conditions
89830,2022-02-05 13:19:00,40.696865,-73.83717,1,0,Unspecified,4500618,-1.9,-6.9,0.4,0.0,0.28,3.0,71,26.8,50.4,322,Snow fall: Light,1,1,Snowy Conditions
89831,2022-02-05 14:40:00,40.563915,-74.11637,1,0,Driver Inattention/Distraction,4500803,-1.9,-6.9,0.4,0.0,0.28,3.0,71,26.8,50.4,322,Snow fall: Light,1,1,Snowy Conditions
89832,2022-02-05 00:32:00,40.904434,-73.87828,0,0,Unspecified,4500057,-1.9,-6.9,0.4,0.0,0.28,3.0,71,26.8,50.4,322,Snow fall: Light,0,0,Snowy Conditions
89833,2022-02-05 00:21:00,40.65531,-73.90318,1,0,Unspecified,4500536,-1.9,-6.9,0.4,0.0,0.28,3.0,71,26.8,50.4,322,Snow fall: Light,1,1,Snowy Conditions
89834,2022-02-03 16:50:00,40.76161,-73.97076,1,0,Unspecified,4500614,9.2,2.3,13.1,13.1,0.0,17.0,61,14.9,23.8,194,Rain: Light,1,1,
89835,2022-02-05 18:15:00,40.64301,-74.09373,0,0,Driver Inattention/Distraction,4500750,-1.9,-6.9,0.4,0.0,0.28,3.0,71,26.8,50.4,322,Snow fall: Light,0,0,Snowy Conditions
89836,2022-02-02 00:30:00,40.684593,-73.87041,0,0,Unspecified,4500632,3.8,-7.2,0.0,0.0,0.0,0.0,3,10.6,16.2,93,Overcast,0,0,
89837,2022-02-05 11:48:00,40.71621,-73.82682,1,0,Unsafe Speed,4500066,-1.9,-6.9,0.4,0.0,0.28,3.0,71,26.8,50.4,322,Snow fall: Light,1,1,Snowy Conditions
89838,2022-02-05 10:15:00,40.75548,-73.74173,1,0,Driver Inattention/Distraction,4500111,-1.9,-6.9,0.4,0.0,0.28,3.0,71,26.8,50.4,322,Snow fall: Light,1,1,Snowy Conditions
89839,2022-01-31 15:20:00,40.59075,-74.08837,0,0,Driver Inattention/Distraction,4500789,-3.4,-17.1,0.0,0.0,0.0,0.0,3,12.2,18.0,23,Overcast,0,0,
89840,2022-02-02 08:45:00,40.570465,-74.10977,0,0,Driver Inattention/Distraction,4500797,3.8,-7.2,0.0,0.0,0.0,0.0,3,10.6,16.2,93,Overcast,0,0,
89841,2022-02-05 11:30:00,40.834522,-73.88314,1,0,Failure to Yield Right-of-Way,4500137,-1.9,-6.9,0.4,0.0,0.28,3.0,71,26.8,50.4,322,Snow fall: Light,1,1,Snowy Conditions
89842,2022-02-05 15:40:00,40.685024,-73.98612,0,0,Following Too Closely,4500388,-1.9,-6.9,0.4,0.0,0.28,3.0,71,26.8,50.4,322,Snow fall: Light,0,0,Snowy Conditions
89843,2022-01-24 11:05:00,40.68783,-73.93004,0,0,Following Too Closely,4500776,0.2,-2.7,0.3,0.0,0.21,2.0,71,15.1,31.0,307,Snow fall: Light,0,0,Snowy Conditions
89844,2022-02-04 14:34:00,40.67312,-73.878654,0,0,Passing or Lane Usage Improper,4500647,12.5,-2.3,26.6,26.5,0.07,23.0,71,29.7,50.4,313,Snow fall: Light,0,0,Snowy Conditions
89845,2022-02-04 19:00:00,40.85144,-73.88896,0,0,Following Too Closely,4500738,12.5,-2.3,26.6,26.5,0.07,23.0,71,29.7,50.4,313,Snow fall: Light,0,0,Snowy Conditions
89846,2022-02-05 12:10:00,40.647762,-73.97466,0,0,Unspecified,4500077,-1.9,-6.9,0.4,0.0,0.28,3.0,71,26.8,50.4,322,Snow fall: Light,0,0,Snowy Conditions
89847,2022-02-05 20:35:00,40.598034,-74.00552,0,0,Driver Inattention/Distraction,4500168,-1.9,-6.9,0.4,0.0,0.28,3.0,71,26.8,50.4,322,Snow fall: Light,0,0,Snowy Conditions
89848,2022-02-05 06:30:00,40.747066,-73.97925,0,0,Unspecified,4500047,-1.9,-6.9,0.4,0.0,0.28,3.0,71,26.8,50.4,322,Snow fall: Light,0,0,Snowy Conditions
89849,2022-02-05 08:30:00,40.594074,-73.979965,0,0,Unspecified,4500129,-1.9,-6.9,0.4,0.0,0.28,3.0,71,26.8,50.4,322,Snow fall: Light,0,0,Snowy Conditions
89850,2022-02-05 03:45:00,40.611835,-74.17596,0,0,Fell Asleep,4500857,-1.9,-6.9,0.4,0.0,0.28,3.0,71,26.8,50.4,322,Snow fall: Light,0,0,Snowy Conditions
89851,2022-02-05 18:50:00,40.711945,-73.82303,0,0,Brakes Defective,4500517,-1.9,-6.9,0.4,0.0,0.28,3.0,71,26.8,50.4,322,Snow fall: Light,0,0,Snowy Conditions
89852,2022-02-04 12:00:00,40.894547,-73.86104,0,0,Driver Inattention/Distraction,4500694,12.5,-2.3,26.6,26.5,0.07,23.0,71,29.7,50.4,313,Snow fall: Light,0,0,Snowy Conditions
89853,2022-01-29 11:00:00,40.758305,-73.85561,0,0,Unspecified,4500619,-1.7,-12.9,17.6,0.1,12.25,19.0,75,39.7,72.7,336,Snow fall: Heavy,0,0,Snowy Conditions
89854,2022-02-05 23:44:00,40.656483,-73.92408,1,0,Unspecified,4500242,-1.9,-6.9,0.4,0.0,0.28,3.0,71,26.8,50.4,322,Snow fall: Light,1,1,Snowy Conditions
89855,2022-02-05 18:08:00,40.871395,-73.89308,0,0,Passing Too Closely,4500579,-1.9,-6.9,0.4,0.0,0.28,3.0,71,26.8,50.4,322,Snow fall: Light,0,0,Snowy Conditions
89856,2022-02-01 15:47:00,40.64811,-73.882065,1,0,Driver Inattention/Distraction,4500628,-0.9,-13.4,0.0,0.0,0.0,0.0,3,12.2,21.2,36,Overcast,1,1,
89857,2022-02-05 20:32:00,40.817226,-73.94231,1,0,,4500608,-1.9,-6.9,0.4,0.0,0.28,3.0,71,26.8,50.4,322,Snow fall: Light,1,1,Snowy Conditions
89858,2022-02-05 16:05:00,40.62139,-73.99555,1,0,Unspecified,4500353,-1.9,-6.9,0.4,0.0,0.28,3.0,71,26.8,50.4,322,Snow fall: Light,1,1,Snowy Conditions
89859,2022-02-04 19:00:00,40.667923,-73.861465,1,0,Unspecified,4500666,12.5,-2.3,26.6,26.5,0.07,23.0,71,29.7,50.4,313,Snow fall: Light,1,1,Snowy Conditions
89860,2022-02-05 12:10:00,40.6123,-74.071106,0,0,Unspecified,4500762,-1.9,-6.9,0.4,0.0,0.28,3.0,71,26.8,50.4,322,Snow fall: Light,0,0,Snowy Conditions
89861,2022-02-05 19:30:00,40.634174,-73.944885,1,0,Unspecified,4500211,-1.9,-6.9,0.4,0.0,0.28,3.0,71,26.8,50.4,322,Snow fall: Light,1,1,Snowy Conditions
89862,2022-02-05 23:05:00,40.71938,-73.937775,0,0,Unspecified,4500680,-1.9,-6.9,0.4,0.0,0.28,3.0,71,26.8,50.4,322,Snow fall: Light,0,0,Snowy Conditions
89863,2022-02-05 00:15:00,40.761883,-73.89505,0,0,Driver Inattention/Distraction,4500028,-1.9,-6.9,0.4,0.0,0.28,3.0,71,26.8,50.4,322,Snow fall: Light,0,0,Snowy Conditions
89864,2022-02-05 20:06:00,40.79465,-73.97179,0,0,Backing Unsafely,4500706,-1.9,-6.9,0.4,0.0,0.28,3.0,71,26.8,50.4,322,Snow fall: Light,0,0,Snowy Conditions
89865,2022-02-05 04:24:00,40.676937,-73.92183,0,0,Following Too Closely,4500868,-1.9,-6.9,0.4,0.0,0.28,3.0,71,26.8,50.4,322,Snow fall: Light,0,0,Snowy Conditions
89866,2022-02-05 21:05:00,40.687294,-73.75013,2,0,Alcohol Involvement,4500278,-1.9,-6.9,0.4,0.0,0.28,3.0,71,26.8,50.4,322,Snow fall: Light,2,2,Snowy Conditions
89867,2022-01-17 17:41:00,40.586876,-73.96436,0,0,Unspecified,4500816,9.7,0.4,33.6,32.8,0.56,12.0,73,54.1,99.7,183,Snow fall: Moderate,0,0,Snowy Conditions
89868,2022-02-05 11:51:00,40.64353,-74.07897,0,0,Driver Inattention/Distraction,4500758,-1.9,-6.9,0.4,0.0,0.28,3.0,71,26.8,50.4,322,Snow fall: Light,0,0,Snowy Conditions
89869,2022-02-04 23:07:00,40.68049,-73.90231,0,0,Unspecified,4500651,12.5,-2.3,26.6,26.5,0.07,23.0,71,29.7,50.4,313,Snow fall: Light,0,0,Snowy Conditions
89870,2022-02-05 14:00:00,40.760284,-73.769356,1,0,Unspecified,4500291,-1.9,-6.9,0.4,0.0,0.28,3.0,71,26.8,50.4,322,Snow fall: Light,1,1,Snowy Conditions
89871,2022-02-04 20:12:00,40.818558,-73.92732,1,0,Pavement Slippery,4500901,12.5,-2.3,26.6,26.5,0.07,23.0,71,29.7,50.4,313,Snow fall: Light,1,1,Snowy Conditions
89872,2022-02-05 19:15:00,40.689747,-73.81668,1,0,Unsafe Speed,4500495,-1.9,-6.9,0.4,0.0,0.28,3.0,71,26.8,50.4,322,Snow fall: Light,1,1,Snowy Conditions
89873,2022-02-05 11:39:00,40.719566,-73.94561,0,0,Failure to Yield Right-of-Way,4500656,-1.9,-6.9,0.4,0.0,0.28,3.0,71,26.8,50.4,322,Snow fall: Light,0,0,Snowy Conditions
89874,2022-02-05 03:30:00,40.83517,-73.8668,1,0,Passing Too Closely,4500700,-1.9,-6.9,0.4,0.0,0.28,3.0,71,26.8,50.4,322,Snow fall: Light,1,1,Snowy Conditions
89875,2022-02-05 08:43:00,40.669113,-73.95336,0,0,Driver Inattention/Distraction,4500722,-1.9,-6.9,0.4,0.0,0.28,3.0,71,26.8,50.4,322,Snow fall: Light,0,0,Snowy Conditions
89876,2022-02-05 22:36:00,40.605618,-73.75666,0,0,Unspecified,4500563,-1.9,-6.9,0.4,0.0,0.28,3.0,71,26.8,50.4,322,Snow fall: Light,0,0,Snowy Conditions
89877,2022-02-05 12:00:00,40.69496,-73.946236,0,0,Driver Inattention/Distraction,4500315,-1.9,-6.9,0.4,0.0,0.28,3.0,71,26.8,50.4,322,Snow fall: Light,0,0,Snowy Conditions
89878,2022-02-05 14:45:00,40.645046,-73.99244,0,0,Unspecified,4500914,-1.9,-6.9,0.4,0.0,0.28,3.0,71,26.8,50.4,322,Snow fall: Light,0,0,Snowy Conditions
89879,2022-02-05 01:33:00,40.81132,-73.950325,0,0,Alcohol Involvement,4500461,-1.9,-6.9,0.4,0.0,0.28,3.0,71,26.8,50.4,322,Snow fall: Light,0,0,Snowy Conditions
89880,2022-02-05 18:30:00,40.66931,-73.89568,0,0,Unspecified,4500670,-1.9,-6.9,0.4,0.0,0.28,3.0,71,26.8,50.4,322,Snow fall: Light,0,0,Snowy Conditions
89881,2022-02-05 09:00:00,40.666653,-73.80991,1,0,Unsafe Lane Changing,4500489,-1.9,-6.9,0.4,0.0,0.28,3.0,71,26.8,50.4,322,Snow fall: Light,1,1,Snowy Conditions
89882,2022-02-05 10:08:00,40.623863,-73.95117,2,0,Unspecified,4500806,-1.9,-6.9,0.4,0.0,0.28,3.0,71,26.8,50.4,322,Snow fall: Light,2,2,Snowy Conditions
89883,2022-02-05 20:20:00,40.59034,-73.98434,1,0,Driver Inattention/Distraction,4500823,-1.9,-6.9,0.4,0.0,0.28,3.0,71,26.8,50.4,322,Snow fall: Light,1,1,Snowy Conditions
89884,2022-04-06 11:37:00,40.681137,-73.95567,1,0,Traffic Control Disregarded,4520248,12.5,6.2,17.5,17.5,0.0,14.0,61,31.2,62.3,55,Rain: Light,1,1,
89885,2022-02-05 22:08:00,40.681076,-73.88111,0,0,Driver Inattention/Distraction,4500673,-1.9,-6.9,0.4,0.0,0.28,3.0,71,26.8,50.4,322,Snow fall: Light,0,0,Snowy Conditions
89886,2022-02-05 01:46:00,40.686024,-73.81087,0,0,Failure to Yield Right-of-Way,4499933,-1.9,-6.9,0.4,0.0,0.28,3.0,71,26.8,50.4,322,Snow fall: Light,0,0,Snowy Conditions
89887,2022-02-03 15:55:00,40.639523,-74.08487,3,0,Driver Inexperience,4500753,9.2,2.3,13.1,13.1,0.0,17.0,61,14.9,23.8,194,Rain: Light,3,3,
89888,2022-02-04 21:40:00,40.83187,-73.88447,0,0,Driver Inattention/Distraction,4500701,12.5,-2.3,26.6,26.5,0.07,23.0,71,29.7,50.4,313,Snow fall: Light,0,0,Snowy Conditions
89889,2022-02-05 15:00:00,40.624382,-73.94643,0,0,Unspecified,4500205,-1.9,-6.9,0.4,0.0,0.28,3.0,71,26.8,50.4,322,Snow fall: Light,0,0,Snowy Conditions
89890,2022-01-27 01:58:00,40.821316,-73.94474,0,0,Unspecified,4500603,-0.3,-9.6,0.0,0.0,0.0,0.0,3,18.7,37.1,184,Overcast,0,0,
89891,2022-02-05 16:45:00,40.7441,-73.99565,0,0,Driver Inexperience,4500096,-1.9,-6.9,0.4,0.0,0.28,3.0,71,26.8,50.4,322,Snow fall: Light,0,0,Snowy Conditions
89892,2022-02-05 12:40:00,40.87637,-73.88286,2,0,Following Too Closely,4500587,-1.9,-6.9,0.4,0.0,0.28,3.0,71,26.8,50.4,322,Snow fall: Light,2,2,Snowy Conditions
89893,2022-02-02 15:15:00,40.79505,-73.93317,0,0,Traffic Control Disregarded,4500731,3.8,-7.2,0.0,0.0,0.0,0.0,3,10.6,16.2,93,Overcast,0,0,
89894,2022-02-05 04:40:00,40.749054,-73.863014,0,0,Driver Inexperience,4500336,-1.9,-6.9,0.4,0.0,0.28,3.0,71,26.8,50.4,322,Snow fall: Light,0,0,Snowy Conditions
89895,2022-02-05 11:20:00,40.90397,-73.84231,0,0,Unsafe Speed,4500411,-1.9,-6.9,0.4,0.0,0.28,3.0,71,26.8,50.4,322,Snow fall: Light,0,0,Snowy Conditions
89896,2022-02-05 00:10:00,40.658577,-73.89063,0,0,Unspecified,4500635,-1.9,-6.9,0.4,0.0,0.28,3.0,71,26.8,50.4,322,Snow fall: Light,0,0,Snowy Conditions
89897,2022-02-05 03:11:00,40.76241,-73.95443,0,0,Unspecified,4500521,-1.9,-6.9,0.4,0.0,0.28,3.0,71,26.8,50.4,322,Snow fall: Light,0,0,Snowy Conditions
89898,2022-02-05 11:00:00,40.599915,-73.91165,0,0,Backing Unsafely,4500118,-1.9,-6.9,0.4,0.0,0.28,3.0,71,26.8,50.4,322,Snow fall: Light,0,0,Snowy Conditions