,CRASH DATETIME,LATITUDE,LONGITUDE,NUMBER OF PERSONS INJURED,NUMBER OF PERSONS KILLED,CONTRIBUTING FACTOR VEHICLE 1,COLLISION_ID,temperature_2m_max,temperature_2m_min,precipitation_sum,rain_sum,snowfall_sum,precipitation_hours,weather_code,wind_speed_10m_max,wind_gusts_10m_max,wind_direction_10m_dominant,Weather Description,Severity_Score,Total_Affected_Persons,Weather_Category
89899,2022-02-05 12:22:00,40.843586,-73.903244,0,0,Driver Inattention/Distraction,4500148,-1.9,-6.9,0.4,0.0,0.28,3.0,71,26.8,50.4,322,Snow fall: Light,0,0,Snowy Conditions
89900,2022-02-05 11:45:00,40.559383,-74.15393,1,0,Traffic Control Disregarded,4500802,-1.9,-6.9,0.4,0.0,0.28,3.0,71,26.8,50.4,322,Snow fall: Light,1,1,Snowy Conditions
89901,2022-02-05 00:05:00,40.74128,-73.90257,0,0,Driver Inattention/Distraction,4500058,-1.9,-6.9,0.4,0.0,0.28,3.0,71,26.8,50.4,322,Snow fall: Light,0,0,Snowy Conditions
89902,2022-02-01 14:43:00,40.869656,-73.82621,0,0,Unspecified,4500777,-0.9,-13.4,0.0,0.0,0.0,0.0,3,12.2,21.2,36,Overcast,0,0,
89903,2022-02-05 18:55:00,40.662247,-73.90886,0,0,Unspecified,4500543,-1.9,-6.9,0.4,0.0,0.28,3.0,71,26.8,50.4,322,Snow fall: Light,0,0,Snowy Conditions
89904,2022-02-05 09:08:00,40.835808,-73.949455,2,0,Unspecified,4500273,-1.9,-6.9,0.4,0.0,0.28,3.0,71,26.8,50.4,322,Snow fall: Light,2,2,Snowy Conditions
89905,2022-02-01 10:05:00,40.667316,-73.93683,0,0,Unspecified,4500910,-0.9,-13.4,0.0,0.0,0.0,0.0,3,12.2,21.2,36,Overcast,0,0,
89906,2022-02-04 08:14:00,40.619923,-74.16459,0,0,Driver Inattention/Distraction,4500854,12.5,-2.3,26.6,26.5,0.07,23.0,71,29.7,50.4,313,Snow fall: Light,0,0,Snowy Conditions
89907,2022-02-05 04:45:00,40.767113,-73.90405,0,0,Driver Inattention/Distraction,4500120,-1.9,-6.9,0.4,0.0,0.28,3.0,71,26.8,50.4,322,Snow fall: Light,0,0,Snowy Conditions
89908,2022-02-02 15:00:00,40.64254,-73.87652,0,0,Unspecified,4500642,3.8,-7.2,0.0,0.0,0.0,0.0,3,10.6,16.2,93,Overcast,0,0,
89909,2022-02-03 19:50:00,40.76307,-73.9841,1,0,Unspecified,4500615,9.2,2.3,13.1,13.1,0.0,17.0,61,14.9,23.8,194,Rain: Light,1,1,
89910,2022-02-05 14:15:00,40.761127,-73.986946,0,0,Driver Inattention/Distraction,4500620,-1.9,-6.9,0.4,0.0,0.28,3.0,71,26.8,50.4,322,Snow fall: Light,0,0,Snowy Conditions
89911,2022-02-03 08:00:00,40.809563,-73.92923,0,0,Passing or Lane Usage Improper,4500918,9.2,2.3,13.1,13.1,0.0,17.0,61,14.9,23.8,194,Rain: Light,0,0,
89912,2022-02-05 09:48:00,40.625774,-74.016495,1,0,Traffic Control Disregarded,4500054,-1.9,-6.9,0.4,0.0,0.28,3.0,71,26.8,50.4,322,Snow fall: Light,1,1,Snowy Conditions
89913,2022-02-05 00:42:00,40.867012,-73.92312,1,0,Unsafe Speed,4500434,-1.9,-6.9,0.4,0.0,0.28,3.0,71,26.8,50.4,322,Snow fall: Light,1,1,Snowy Conditions
89914,2022-02-05 14:24:00,40.716164,-73.74477,0,0,Other Vehicular,4500089,-1.9,-6.9,0.4,0.0,0.28,3.0,71,26.8,50.4,322,Snow fall: Light,0,0,Snowy Conditions
89915,2022-02-05 09:48:00,40.699146,-73.84307,1,0,Failure to Yield Right-of-Way,4500555,-1.9,-6.9,0.4,0.0,0.28,3.0,71,26.8,50.4,322,Snow fall: Light,1,1,Snowy Conditions
89916,2022-02-05 04:00:00,40.866413,-73.86257,0,0,Passing Too Closely,4500045,-1.9,-6.9,0.4,0.0,0.28,3.0,71,26.8,50.4,322,Snow fall: Light,0,0,Snowy Conditions
89917,2022-02-05 15:15:00,40.605732,-73.985016,0,0,Driver Inattention/Distraction,4500170,-1.9,-6.9,0.4,0.0,0.28,3.0,71,26.8,50.4,322,Snow fall: Light,0,0,Snowy Conditions
89918,2022-02-03 20:57:00,40.76788,-73.9815,0,0,Driver Inattention/Distraction,4500613,9.2,2.3,13.1,13.1,0.0,17.0,61,14.9,23.8,194,Rain: Light,0,0,
89919,2022-02-05 10:15:00,40.729774,-73.98682,0,0,Backing Unsafely,4500863,-1.9,-6.9,0.4,0.0,0.28,3.0,71,26.8,50.4,322,Snow fall: Light,0,0,Snowy Conditions
89920,2022-02-05 16:09:00,40.70041,-73.81553,0,0,Unspecified,4500511,-1.9,-6.9,0.4,0.0,0.28,3.0,71,26.8,50.4,322,Snow fall: Light,0,0,Snowy Conditions
89921,2022-02-05 09:11:00,40.763344,-73.75791,0,0,Pavement Slippery,4500110,-1.9,-6.9,0.4,0.0,0.28,3.0,71,26.8,50.4,322,Snow fall: Light,0,0,Snowy Conditions
89922,2022-02-01 03:46:00,40.612564,-73.98998,0,0,Driver Inexperience,4500721,-0.9,-13.4,0.0,0.0,0.0,0.0,3,12.2,21.2,36,Overcast,0,0,
89923,2022-02-05 11:30:00,40.619415,-73.95519,0,0,Unspecified,4500682,-1.9,-6.9,0.4,0.0,0.28,3.0,71,26.8,50.4,322,Snow fall: Light,0,0,Snowy Conditions
89924,2022-02-05 05:41:00,40.645046,-73.99244,0,0,Unspecified,4500287,-1.9,-6.9,0.4,0.0,0.28,3.0,71,26.8,50.4,322,Snow fall: Light,0,0,Snowy Conditions
89925,2022-02-05 04:30:00,40.75848,-73.924736,1,0,Failure to Yield Right-of-Way,4500249,-1.9,-6.9,0.4,0.0,0.28,3.0,71,26.8,50.4,322,Snow fall: Light,1,1,Snowy Conditions
89926,2022-02-03 03:00:00,40.67677,-73.880516,0,0,Unspecified,4500646,9.2,2.3,13.1,13.1,0.0,17.0,61,14.9,23.8,194,Rain: Light,0,0,
89927,2022-02-03 00:00:00,40.675735,-73.89686,1,0,Unspecified,4500665,9.2,2.3,13.1,13.1,0.0,17.0,61,14.9,23.8,194,Rain: Light,1,1,
89928,2022-02-05 14:10:00,40.58926,-73.98189,0,0,Unspecified,4500309,-1.9,-6.9,0.4,0.0,0.28,3.0,71,26.8,50.4,322,Snow fall: Light,0,0,Snowy Conditions
89929,2022-02-04 05:40:00,40.723278,-73.98253,1,0,Failure to Yield Right-of-Way,4500874,12.5,-2.3,26.6,26.5,0.07,23.0,71,29.7,50.4,313,Snow fall: Light,1,1,Snowy Conditions
89930,2022-02-05 01:20:00,40.67752,-73.972725,0,0,Unsafe Speed,4500106,-1.9,-6.9,0.4,0.0,0.28,3.0,71,26.8,50.4,322,Snow fall: Light,0,0,Snowy Conditions
89931,2021-12-14 21:43:00,40.59476,-73.98199,2,0,Driver Inattention/Distraction,4500818,10.4,3.1,0.0,0.0,0.0,0.0,3,18.5,31.3,322,Overcast,2,2,
89932,2022-02-05 07:09:00,40.662674,-73.94562,0,0,Traffic Control Disregarded,4500074,-1.9,-6.9,0.4,0.0,0.28,3.0,71,26.8,50.4,322,Snow fall: Light,0,0,Snowy Conditions
89933,2022-02-04 15:10:00,40.798622,-73.94163,0,0,Passing or Lane Usage Improper,4500737,12.5,-2.3,26.6,26.5,0.07,23.0,71,29.7,50.4,313,Snow fall: Light,0,0,Snowy Conditions
89934,2022-02-05 23:30:00,40.869267,-73.84397,1,0,Driver Inattention/Distraction,4500577,-1.9,-6.9,0.4,0.0,0.28,3.0,71,26.8,50.4,322,Snow fall: Light,1,1,Snowy Conditions
89935,2022-02-05 20:15:00,40.721977,-73.959946,0,0,Driver Inattention/Distraction,4500626,-1.9,-6.9,0.4,0.0,0.28,3.0,71,26.8,50.4,322,Snow fall: Light,0,0,Snowy Conditions
89936,2022-02-05 13:25:00,40.81977,-73.93673,0,0,Unsafe Lane Changing,4500607,-1.9,-6.9,0.4,0.0,0.28,3.0,71,26.8,50.4,322,Snow fall: Light,0,0,Snowy Conditions
89937,2022-02-05 22:20:00,40.703434,-73.96035,0,0,Following Too Closely,4500494,-1.9,-6.9,0.4,0.0,0.28,3.0,71,26.8,50.4,322,Snow fall: Light,0,0,Snowy Conditions
89938,2022-02-05 08:16:00,40.710545,-74.00544,0,0,Unspecified,4500067,-1.9,-6.9,0.4,0.0,0.28,3.0,71,26.8,50.4,322,Snow fall: Light,0,0,Snowy Conditions
89939,2022-02-05 07:05:00,40.70462,-73.89303,0,0,Passing Too Closely,4500032,-1.9,-6.9,0.4,0.0,0.28,3.0,71,26.8,50.4,322,Snow fall: Light,0,0,Snowy Conditions
89940,2022-02-05 11:05:00,40.844833,-73.909386,0,0,Oversized Vehicle,4500177,-1.9,-6.9,0.4,0.0,0.28,3.0,71,26.8,50.4,322,Snow fall: Light,0,0,Snowy Conditions
89941,2022-01-31 13:00:00,40.61026,-74.097496,0,0,Unspecified,4500794,-3.4,-17.1,0.0,0.0,0.0,0.0,3,12.2,18.0,23,Overcast,0,0,
89942,2022-02-05 03:47:00,40.87321,-73.8671,2,0,Traffic Control Disregarded,4500394,-1.9,-6.9,0.4,0.0,0.28,3.0,71,26.8,50.4,322,Snow fall: Light,2,2,Snowy Conditions
89943,2022-04-05 13:57:00,40.817593,-73.816376,1,0,Unspecified,4520299,12.1,1.0,1.7,1.7,0.0,3.0,53,16.8,32.8,121,Drizzle: Moderate,1,1,
89944,2022-02-04 23:10:00,40.814594,-73.88588,0,0,Pavement Slippery,4500688,12.5,-2.3,26.6,26.5,0.07,23.0,71,29.7,50.4,313,Snow fall: Light,0,0,Snowy Conditions
89945,2022-02-03 21:05:00,40.823956,-73.877144,0,0,Passing Too Closely,4500708,9.2,2.3,13.1,13.1,0.0,17.0,61,14.9,23.8,194,Rain: Light,0,0,
89946,2022-02-04 17:15:00,40.67809,-73.8842,1,0,Unspecified,4500650,12.5,-2.3,26.6,26.5,0.07,23.0,71,29.7,50.4,313,Snow fall: Light,1,1,Snowy Conditions
89947,2022-02-05 20:32:00,40.62731,-74.08307,1,0,Unspecified,4500759,-1.9,-6.9,0.4,0.0,0.28,3.0,71,26.8,50.4,322,Snow fall: Light,1,1,Snowy Conditions
89948,2022-02-05 17:39:00,40.651264,-73.91795,1,0,Failure to Yield Right-of-Way,4500215,-1.9,-6.9,0.4,0.0,0.28,3.0,71,26.8,50.4,322,Snow fall: Light,1,1,Snowy Conditions
89949,2022-02-05 14:55:00,40.683777,-73.87172,0,0,Other Vehicular,4500657,-1.9,-6.9,0.4,0.0,0.28,3.0,71,26.8,50.4,322,Snow fall: Light,0,0,Snowy Conditions
89950,2022-02-03 17:00:00,40.578224,-74.10207,0,0,Backing Unsafely,4500790,9.2,2.3,13.1,13.1,0.0,17.0,61,14.9,23.8,194,Rain: Light,0,0,
89951,2022-02-05 16:30:00,40.821472,-73.91452,0,0,Driver Inattention/Distraction,4500544,-1.9,-6.9,0.4,0.0,0.28,3.0,71,26.8,50.4,322,Snow fall: Light,0,0,Snowy Conditions
89952,2022-02-04 22:53:00,40.78566,-73.98021,0,0,Driver Inattention/Distraction,4500807,12.5,-2.3,26.6,26.5,0.07,23.0,71,29.7,50.4,313,Snow fall: Light,0,0,Snowy Conditions
89953,2022-02-01 07:26:00,40.672386,-73.91064,0,0,Unspecified,4500865,-0.9,-13.4,0.0,0.0,0.0,0.0,3,12.2,21.2,36,Overcast,0,0,
89954,2022-02-05 03:13:00,40.740036,-73.98953,0,0,,4500098,-1.9,-6.9,0.4,0.0,0.28,3.0,71,26.8,50.4,322,Snow fall: Light,0,0,Snowy Conditions
89955,2022-02-05 13:30:00,40.815403,-73.93992,0,0,Unspecified,4500604,-1.9,-6.9,0.4,0.0,0.28,3.0,71,26.8,50.4,322,Snow fall: Light,0,0,Snowy Conditions
89956,2022-02-05 07:30:00,40.676495,-73.913704,1,0,Alcohol Involvement,4500522,-1.9,-6.9,0.4,0.0,0.28,3.0,71,26.8,50.4,322,Snow fall: Light,1,1,Snowy Conditions
89957,2022-02-05 05:45:00,40.790554,-73.82255,0,0,Following Too Closely,4500084,-1.9,-6.9,0.4,0.0,0.28,3.0,71,26.8,50.4,322,Snow fall: Light,0,0,Snowy Conditions
89958,2022-02-05 21:54:00,40.731983,-73.91912,1,0,Driver Inattention/Distraction,4500123,-1.9,-6.9,0.4,0.0,0.28,3.0,71,26.8,50.4,322,Snow fall: Light,1,1,Snowy Conditions
89959,2022-01-31 16:00:00,40.675117,-73.87089,0,0,Driver Inattention/Distraction,4500631,-3.4,-17.1,0.0,0.0,0.0,0.0,3,12.2,18.0,23,Overcast,0,0,
89960,2022-01-23 11:59:00,40.749744,-73.884315,1,0,Unspecified,4500622,2.8,-6.1,0.5,0.0,0.35,3.0,71,14.2,28.1,243,Snow fall: Light,1,1,Snowy Conditions
89961,2022-02-05 19:53:00,40.756527,-73.994026,1,0,Driver Inattention/Distraction,4500354,-1.9,-6.9,0.4,0.0,0.28,3.0,71,26.8,50.4,322,Snow fall: Light,1,1,Snowy Conditions
89962,2021-11-04 19:45:00,40.76294,-73.86067,2,0,Following Too Closely,4474262,9.9,3.0,0.0,0.0,0.0,0.0,3,10.8,21.2,5,Overcast,2,2,
89963,2021-11-09 08:56:00,40.71619,-73.857056,2,0,Driver Inattention/Distraction,4476015,19.5,5.6,0.0,0.0,0.0,0.0,3,10.2,20.2,283,Overcast,2,2,
89964,2021-11-12 14:10:00,40.82674,-73.8879,0,0,Unspecified,4476780,18.5,8.9,15.0,15.0,0.0,7.0,63,39.8,74.5,174,Rain: Moderate,0,0,
89965,2021-11-03 15:32:00,40.855556,-73.92918,1,0,Unspecified,4478142,10.7,3.8,0.1,0.1,0.0,1.0,51,15.6,30.6,302,Drizzle: Light,1,1,
89966,2021-11-13 23:37:00,40.711037,-73.8142,1,0,Failure to Yield Right-of-Way,4478166,16.0,4.8,5.0,5.0,0.0,4.0,63,36.4,65.9,238,Rain: Moderate,1,1,
89967,2021-11-13 15:30:00,40.862087,-73.91331,0,0,Unspecified,4478136,16.0,4.8,5.0,5.0,0.0,4.0,63,36.4,65.9,238,Rain: Moderate,0,0,
89968,2021-11-09 17:30:00,40.799755,-73.95605,0,0,Following Too Closely,4478158,19.5,5.6,0.0,0.0,0.0,0.0,3,10.2,20.2,283,Overcast,0,0,
89969,2021-11-14 22:45:00,40.68297,-73.97667,1,0,Passing or Lane Usage Improper,4478131,8.4,2.9,0.6,0.6,0.0,2.0,53,20.7,36.4,232,Drizzle: Moderate,1,1,
89970,2021-11-14 19:44:00,40.805782,-73.95066,0,0,Driver Inexperience,4478156,8.4,2.9,0.6,0.6,0.0,2.0,53,20.7,36.4,232,Drizzle: Moderate,0,0,
89971,2021-11-12 14:45:00,40.784325,-73.94225,0,0,Backing Unsafely,4478145,18.5,8.9,15.0,15.0,0.0,7.0,63,39.8,74.5,174,Rain: Moderate,0,0,
89972,2022-02-05 08:00:00,40.678288,-73.74688,0,0,Driver Inattention/Distraction,4500062,-1.9,-6.9,0.4,0.0,0.28,3.0,71,26.8,50.4,322,Snow fall: Light,0,0,Snowy Conditions
89973,2022-02-05 20:20:00,40.621143,-74.08561,0,0,Pavement Defective,4500761,-1.9,-6.9,0.4,0.0,0.28,3.0,71,26.8,50.4,322,Snow fall: Light,0,0,Snowy Conditions
89974,2022-02-01 19:30:00,40.57957,-73.96221,0,0,Driver Inattention/Distraction,4500820,-0.9,-13.4,0.0,0.0,0.0,0.0,3,12.2,21.2,36,Overcast,0,0,
89975,2022-02-05 09:28:00,40.661385,-73.8841,0,0,Unspecified,4500653,-1.9,-6.9,0.4,0.0,0.28,3.0,71,26.8,50.4,322,Snow fall: Light,0,0,Snowy Conditions
89976,2022-01-28 12:00:00,40.738,-73.85822,0,0,Driver Inattention/Distraction,4500905,1.0,-3.1,2.4,0.0,1.68,13.0,73,18.7,31.3,251,Snow fall: Moderate,0,0,Snowy Conditions
89977,2022-02-05 10:40:00,40.689133,-73.951324,0,0,Following Too Closely,4500314,-1.9,-6.9,0.4,0.0,0.28,3.0,71,26.8,50.4,322,Snow fall: Light,0,0,Snowy Conditions
89978,2021-12-13 08:33:00,0.0,0.0,0,0,Other Vehicular,4486232,10.2,1.9,0.0,0.0,0.0,0.0,3,19.6,35.3,242,Overcast,0,0,
89979,2021-12-13 21:00:00,40.74823,-73.94169,0,0,Driver Inattention/Distraction,4486237,10.2,1.9,0.0,0.0,0.0,0.0,3,19.6,35.3,242,Overcast,0,0,
89980,2021-12-13 09:00:00,40.72917,-73.93085,1,0,Driver Inattention/Distraction,4486233,10.2,1.9,0.0,0.0,0.0,0.0,3,19.6,35.3,242,Overcast,1,1,
89981,2021-12-13 23:00:00,40.724335,-73.72464,0,0,Unspecified,4486228,10.2,1.9,0.0,0.0,0.0,0.0,3,19.6,35.3,242,Overcast,0,0,
89982,2021-12-13 12:05:00,40.74273,-73.91499,1,0,Driver Inattention/Distraction,4486236,10.2,1.9,0.0,0.0,0.0,0.0,3,19.6,35.3,242,Overcast,1,1,
89983,2021-12-13 11:04:00,40.743263,-73.91964,0,0,View Obstructed/Limited,4486234,10.2,1.9,0.0,0.0,0.0,0.0,3,19.6,35.3,242,Overcast,0,0,
89984,2022-02-02 13:06:00,40.81792,-73.891235,0,0,Unspecified,4500697,3.8,-7.2,0.0,0.0,0.0,0.0,3,10.6,16.2,93,Overcast,0,0,
89985,2022-02-05 02:08:00,40.840042,-73.863945,0,0,Unspecified,4500702,-1.9,-6.9,0.4,0.0,0.28,3.0,71,26.8,50.4,322,Snow fall: Light,0,0,Snowy Conditions
89986,2022-02-05 01:16:00,40.79333,-73.97964,1,0,Pavement Slippery,4499935,-1.9,-6.9,0.4,0.0,0.28,3.0,71,26.8,50.4,322,Snow fall: Light,1,1,Snowy Conditions
89987,2022-01-30 13:40:00,40.575306,-74.121124,0,0,Passing or Lane Usage Improper,4500801,-5.4,-13.8,0.0,0.0,0.0,0.0,3,28.5,50.0,290,Overcast,0,0,
89988,2022-02-05 04:45:00,40.864807,-73.91937,1,0,Driver Inattention/Distraction,4500432,-1.9,-6.9,0.4,0.0,0.28,3.0,71,26.8,50.4,322,Snow fall: Light,1,1,Snowy Conditions
89989,2021-11-14 07:20:00,40.64481,-73.87704,0,0,Unspecified,4477308,8.4,2.9,0.6,0.6,0.0,2.0,53,20.7,36.4,232,Drizzle: Moderate,0,0,
89990,2021-11-14 20:00:00,40.69537,-73.86213,0,0,Following Too Closely,4477530,8.4,2.9,0.6,0.6,0.0,2.0,53,20.7,36.4,232,Drizzle: Moderate,0,0,
89991,2021-11-11 13:26:00,40.65222,-73.95265,0,0,Unspecified,4478005,15.0,4.2,0.3,0.3,0.0,2.0,51,22.6,38.2,85,Drizzle: Light,0,0,
89992,2021-11-10 22:40:00,40.694637,-73.949066,2,0,Unsafe Speed,4477967,17.2,7.8,0.3,0.3,0.0,1.0,51,20.7,38.5,318,Drizzle: Light,2,2,
89993,2021-11-14 13:05:00,40.753307,-73.90669,1,0,Passing or Lane Usage Improper,4477377,8.4,2.9,0.6,0.6,0.0,2.0,53,20.7,36.4,232,Drizzle: Moderate,1,1,
89994,2021-11-14 15:00:00,40.720036,-73.75752,1,0,Turning Improperly,4477704,8.4,2.9,0.6,0.6,0.0,2.0,53,20.7,36.4,232,Drizzle: Moderate,1,1,
89995,2021-11-14 05:58:00,40.808372,-73.91301,0,0,Alcohol Involvement,4477433,8.4,2.9,0.6,0.6,0.0,2.0,53,20.7,36.4,232,Drizzle: Moderate,0,0,
89996,2021-11-13 15:11:00,40.743504,-73.87871,0,0,Unspecified,4477914,16.0,4.8,5.0,5.0,0.0,4.0,63,36.4,65.9,238,Rain: Moderate,0,0,
89997,2021-11-14 00:50:00,40.69635,-73.79667,0,0,Driver Inattention/Distraction,4476945,8.4,2.9,0.6,0.6,0.0,2.0,53,20.7,36.4,232,Drizzle: Moderate,0,0,
89998,2021-11-14 15:15:00,40.76459,-73.75873,1,0,Following Too Closely,4477470,8.4,2.9,0.6,0.6,0.0,2.0,53,20.7,36.4,232,Drizzle: Moderate,1,1,
89999,2021-11-14 07:15:00,40.651974,-73.86542,0,0,Other Vehicular,4477997,8.4,2.9,0.6,0.6,0.0,2.0,53,20.7,36.4,232,Drizzle: Moderate,0,0,
90000,2021-11-12 09:51:00,40.836018,-73.9243,0,0,Passing Too Closely,4478112,18.5,8.9,15.0,15.0,0.0,7.0,63,39.8,74.5,174,Rain: Moderate,0,0,
90001,2021-11-14 21:00:00,40.741833,-73.89264,0,0,Driver Inattention/Distraction,4477876,8.4,2.9,0.6,0.6,0.0,2.0,53,20.7,36.4,232,Drizzle: Moderate,0,0,
90002,2021-11-14 03:01:00,40.705273,-73.89634,0,0,Alcohol Involvement,4476986,8.4,2.9,0.6,0.6,0.0,2.0,53,20.7,36.4,232,Drizzle: Moderate,0,0,
90003,2021-11-14 20:08:00,40.66584,-73.75551,0,0,Unspecified,4477254,8.4,2.9,0.6,0.6,0.0,2.0,53,20.7,36.4,232,Drizzle: Moderate,0,0,
90004,2021-11-14 10:30:00,40.808445,-73.945,0,0,Pedestrian/Bicyclist/Other Pedestrian Error/Confusion,4477555,8.4,2.9,0.6,0.6,0.0,2.0,53,20.7,36.4,232,Drizzle: Moderate,0,0,
90005,2021-11-14 17:15:00,40.760284,-73.769356,0,0,Driver Inattention/Distraction,4477622,8.4,2.9,0.6,0.6,0.0,2.0,53,20.7,36.4,232,Drizzle: Moderate,0,0,
90006,2021-11-14 22:00:00,40.6692,-73.91743,0,0,Unspecified,4477723,8.4,2.9,0.6,0.6,0.0,2.0,53,20.7,36.4,232,Drizzle: Moderate,0,0,
90007,2021-11-14 21:30:00,40.810173,-73.95117,1,0,Driver Inattention/Distraction,4477809,8.4,2.9,0.6,0.6,0.0,2.0,53,20.7,36.4,232,Drizzle: Moderate,1,1,
90008,2021-11-14 04:40:00,40.89021,-73.83303,3,0,Unsafe Speed,4477195,8.4,2.9,0.6,0.6,0.0,2.0,53,20.7,36.4,232,Drizzle: Moderate,3,3,
90009,2021-11-14 02:15:00,40.86177,-73.89868,0,0,Unspecified,4477090,8.4,2.9,0.6,0.6,0.0,2.0,53,20.7,36.4,232,Drizzle: Moderate,0,0,
90010,2021-11-14 12:40:00,40.702335,-73.89073,0,0,Failure to Yield Right-of-Way,4477177,8.4,2.9,0.6,0.6,0.0,2.0,53,20.7,36.4,232,Drizzle: Moderate,0,0,
90011,2021-11-14 09:36:00,40.629765,-74.01244,1,0,Failure to Yield Right-of-Way,4477094,8.4,2.9,0.6,0.6,0.0,2.0,53,20.7,36.4,232,Drizzle: Moderate,1,1,
90012,2021-11-14 01:30:00,40.58815,-73.812225,0,0,Unspecified,4478038,8.4,2.9,0.6,0.6,0.0,2.0,53,20.7,36.4,232,Drizzle: Moderate,0,0,
90013,2021-11-14 17:00:00,40.626457,-73.918,0,0,Passing or Lane Usage Improper,4477246,8.4,2.9,0.6,0.6,0.0,2.0,53,20.7,36.4,232,Drizzle: Moderate,0,0,
90014,2021-11-14 05:30:00,40.84497,-73.90247,0,0,Driver Inattention/Distraction,4477007,8.4,2.9,0.6,0.6,0.0,2.0,53,20.7,36.4,232,Drizzle: Moderate,0,0,
90015,2021-11-14 08:45:00,40.75786,-73.9756,0,0,Reaction to Uninvolved Vehicle,4477805,8.4,2.9,0.6,0.6,0.0,2.0,53,20.7,36.4,232,Drizzle: Moderate,0,0,
90016,2021-11-14 06:10:00,40.803905,-73.91844,1,0,Unspecified,4477423,8.4,2.9,0.6,0.6,0.0,2.0,53,20.7,36.4,232,Drizzle: Moderate,1,1,
90017,2021-11-14 19:30:00,40.73245,-74.00987,0,0,Unspecified,4477508,8.4,2.9,0.6,0.6,0.0,2.0,53,20.7,36.4,232,Drizzle: Moderate,0,0,
90018,2021-11-08 11:20:00,40.665592,-73.888504,0,0,Driver Inattention/Distraction,4477862,16.5,6.4,0.0,0.0,0.0,0.0,3,17.4,33.8,355,Overcast,0,0,
90019,2021-11-14 23:42:00,40.72773,-73.90674,2,0,Steering Failure,4477634,8.4,2.9,0.6,0.6,0.0,2.0,53,20.7,36.4,232,Drizzle: Moderate,2,2,
90020,2021-11-14 12:30:00,40.692196,-73.92488,0,0,Passing Too Closely,4477827,8.4,2.9,0.6,0.6,0.0,2.0,53,20.7,36.4,232,Drizzle: Moderate,0,0,
90021,2021-11-14 01:45:00,40.655884,-73.942535,1,0,Unspecified,4477045,8.4,2.9,0.6,0.6,0.0,2.0,53,20.7,36.4,232,Drizzle: Moderate,1,1,
90022,2021-11-14 14:15:00,40.82187,-73.86694,0,0,Unspecified,4477218,8.4,2.9,0.6,0.6,0.0,2.0,53,20.7,36.4,232,Drizzle: Moderate,0,0,
90023,2021-11-14 16:35:00,40.7737,-73.80689,1,0,Driver Inattention/Distraction,4477385,8.4,2.9,0.6,0.6,0.0,2.0,53,20.7,36.4,232,Drizzle: Moderate,1,1,
90024,2021-11-14 22:55:00,40.753925,-73.86107,0,0,Alcohol Involvement,4477620,8.4,2.9,0.6,0.6,0.0,2.0,53,20.7,36.4,232,Drizzle: Moderate,0,0,
90025,2021-11-07 02:40:00,40.75719,-73.89041,0,0,Alcohol Involvement,4477942,12.1,2.6,0.0,0.0,0.0,0.0,3,10.0,20.5,358,Overcast,0,0,
90026,2021-11-14 20:15:00,40.717976,-73.75062,0,0,Passing Too Closely,4477255,8.4,2.9,0.6,0.6,0.0,2.0,53,20.7,36.4,232,Drizzle: Moderate,0,0,
90027,2021-11-14 21:30:00,40.75864,-73.92587,0,0,Unspecified,4477349,8.4,2.9,0.6,0.6,0.0,2.0,53,20.7,36.4,232,Drizzle: Moderate,0,0,
90028,2021-10-30 23:40:00,40.666866,-73.92853,1,0,Driver Inattention/Distraction,4478049,17.8,12.0,7.8,7.8,0.0,16.0,61,38.5,68.0,112,Rain: Light,1,1,
90029,2021-11-14 03:35:00,40.64419,-73.93349,2,0,Unspecified,4477148,8.4,2.9,0.6,0.6,0.0,2.0,53,20.7,36.4,232,Drizzle: Moderate,2,2,
90030,2021-11-14 21:20:00,40.738415,-73.84899,2,0,Pavement Slippery,4477913,8.4,2.9,0.6,0.6,0.0,2.0,53,20.7,36.4,232,Drizzle: Moderate,2,2,
90031,2021-11-14 18:30:00,40.751213,-73.9872,0,0,Alcohol Involvement,4477684,8.4,2.9,0.6,0.6,0.0,2.0,53,20.7,36.4,232,Drizzle: Moderate,0,0,
90032,2021-11-14 20:30:00,40.773594,-73.902275,0,0,Unspecified,4477767,8.4,2.9,0.6,0.6,0.0,2.0,53,20.7,36.4,232,Drizzle: Moderate,0,0,
90033,2021-11-13 20:30:00,40.85797,-73.87272,1,0,Following Too Closely,4477897,16.0,4.8,5.0,5.0,0.0,4.0,63,36.4,65.9,238,Rain: Moderate,1,1,
90034,2021-11-11 00:00:00,40.64336,-73.94686,2,0,Unspecified,4478014,15.0,4.2,0.3,0.3,0.0,2.0,51,22.6,38.2,85,Drizzle: Light,2,2,
90035,2021-11-14 18:00:00,40.78214,-73.824844,0,0,Failure to Yield Right-of-Way,4477417,8.4,2.9,0.6,0.6,0.0,2.0,53,20.7,36.4,232,Drizzle: Moderate,0,0,
90036,2021-11-14 11:16:00,40.67711,-73.78129,2,0,Traffic Control Disregarded,4477975,8.4,2.9,0.6,0.6,0.0,2.0,53,20.7,36.4,232,Drizzle: Moderate,2,2,
90037,2021-11-14 20:38:00,40.63038,-73.90379,0,0,Unspecified,4477472,8.4,2.9,0.6,0.6,0.0,2.0,53,20.7,36.4,232,Drizzle: Moderate,0,0,