,CRASH DATETIME,LATITUDE,LONGITUDE,NUMBER OF PERSONS INJURED,NUMBER OF PERSONS KILLED,CONTRIBUTING FACTOR VEHICLE 1,COLLISION_ID,temperature_2m_max,temperature_2m_min,precipitation_sum,rain_sum,snowfall_sum,precipitation_hours,weather_code,wind_speed_10m_max,wind_gusts_10m_max,wind_direction_10m_dominant,Weather Description,Severity_Score,Total_Affected_Persons,Weather_Category
90038,2021-11-14 19:14:00,40.66709,-73.76376,0,0,Backing Unsafely,4477370,8.4,2.9,0.6,0.6,0.0,2.0,53,20.7,36.4,232,Drizzle: Moderate,0,0,
90039,2021-11-14 22:10:00,40.722317,-73.940445,0,0,Other Vehicular,4477573,8.4,2.9,0.6,0.6,0.0,2.0,53,20.7,36.4,232,Drizzle: Moderate,0,0,
90040,2022-02-05 11:20:00,40.70601,-73.935486,0,0,Passing Too Closely,4500490,-1.9,-6.9,0.4,0.0,0.28,3.0,71,26.8,50.4,322,Snow fall: Light,0,0,Snowy Conditions
90041,2021-11-14 01:00:00,40.74715,-73.87601,0,0,Unspecified,4477922,8.4,2.9,0.6,0.6,0.0,2.0,53,20.7,36.4,232,Drizzle: Moderate,0,0,
90042,2021-11-14 04:30:00,0.0,0.0,0,0,Passing Too Closely,4477521,8.4,2.9,0.6,0.6,0.0,2.0,53,20.7,36.4,232,Drizzle: Moderate,0,0,
90043,2021-11-14 21:39:00,40.715733,-73.96448,1,0,Traffic Control Disregarded,4477379,8.4,2.9,0.6,0.6,0.0,2.0,53,20.7,36.4,232,Drizzle: Moderate,1,1,
90044,2021-11-14 10:20:00,40.685673,-73.84109,0,0,Passing or Lane Usage Improper,4477522,8.4,2.9,0.6,0.6,0.0,2.0,53,20.7,36.4,232,Drizzle: Moderate,0,0,
90045,2021-11-14 18:24:00,40.819317,-73.93032,0,0,Following Too Closely,4477436,8.4,2.9,0.6,0.6,0.0,2.0,53,20.7,36.4,232,Drizzle: Moderate,0,0,
90046,2021-11-12 11:15:00,40.68558,-73.79105,0,0,Failure to Yield Right-of-Way,4477987,18.5,8.9,15.0,15.0,0.0,7.0,63,39.8,74.5,174,Rain: Moderate,0,0,
90047,2021-11-14 00:23:00,40.7432,-73.89589,0,0,Driver Inattention/Distraction,4476936,8.4,2.9,0.6,0.6,0.0,2.0,53,20.7,36.4,232,Drizzle: Moderate,0,0,
90048,2021-11-14 22:49:00,40.65822,-73.89146,2,0,Driver Inattention/Distraction,4477331,8.4,2.9,0.6,0.6,0.0,2.0,53,20.7,36.4,232,Drizzle: Moderate,2,2,
90049,2021-10-25 07:49:00,40.62149,-74.02622,1,0,Unspecified,4477887,22.8,13.5,10.7,10.7,0.0,8.0,63,18.9,33.5,172,Rain: Moderate,1,1,
90050,2021-11-14 10:43:00,40.68174,-73.95859,2,0,Traffic Control Disregarded,4477965,8.4,2.9,0.6,0.6,0.0,2.0,53,20.7,36.4,232,Drizzle: Moderate,2,2,
90051,2021-11-14 00:31:00,40.791405,-73.93569,1,0,Following Too Closely,4476950,8.4,2.9,0.6,0.6,0.0,2.0,53,20.7,36.4,232,Drizzle: Moderate,1,1,
90052,2021-11-14 10:45:00,40.5785,-74.15615,1,0,Driver Inattention/Distraction,4477999,8.4,2.9,0.6,0.6,0.0,2.0,53,20.7,36.4,232,Drizzle: Moderate,1,1,
90053,2021-11-14 13:50:00,40.678253,-74.00273,0,0,Passing or Lane Usage Improper,4477264,8.4,2.9,0.6,0.6,0.0,2.0,53,20.7,36.4,232,Drizzle: Moderate,0,0,
90054,2021-11-14 17:20:00,40.80929,-73.90313,0,0,Unsafe Lane Changing,4477437,8.4,2.9,0.6,0.6,0.0,2.0,53,20.7,36.4,232,Drizzle: Moderate,0,0,
90055,2021-11-13 12:30:00,40.729446,-74.00518,0,0,Driver Inattention/Distraction,4478113,16.0,4.8,5.0,5.0,0.0,4.0,63,36.4,65.9,238,Rain: Moderate,0,0,
90056,2021-11-14 23:15:00,40.60235,-74.189644,1,0,Driver Inattention/Distraction,4477371,8.4,2.9,0.6,0.6,0.0,2.0,53,20.7,36.4,232,Drizzle: Moderate,1,1,
90057,2021-11-08 09:29:00,40.73407,-73.999664,0,0,Unspecified,4477875,16.5,6.4,0.0,0.0,0.0,0.0,3,17.4,33.8,355,Overcast,0,0,
90058,2021-11-14 22:00:00,40.73677,-73.88287,0,0,Backing Unsafely,4477919,8.4,2.9,0.6,0.6,0.0,2.0,53,20.7,36.4,232,Drizzle: Moderate,0,0,
90059,2021-11-14 05:30:00,40.7105,-73.771194,1,0,Failure to Yield Right-of-Way,4477398,8.4,2.9,0.6,0.6,0.0,2.0,53,20.7,36.4,232,Drizzle: Moderate,1,1,
90060,2021-11-14 11:50:00,40.65882,-73.96054,0,0,Driver Inattention/Distraction,4478048,8.4,2.9,0.6,0.6,0.0,2.0,53,20.7,36.4,232,Drizzle: Moderate,0,0,
90061,2021-11-14 14:05:00,40.59124,-73.99402,0,0,Driver Inexperience,4477129,8.4,2.9,0.6,0.6,0.0,2.0,53,20.7,36.4,232,Drizzle: Moderate,0,0,
90062,2021-11-14 12:04:00,40.72093,-73.91247,0,0,Passing Too Closely,4477178,8.4,2.9,0.6,0.6,0.0,2.0,53,20.7,36.4,232,Drizzle: Moderate,0,0,
90063,2021-11-14 15:15:00,40.85958,-73.86578,1,0,Other Vehicular,4477657,8.4,2.9,0.6,0.6,0.0,2.0,53,20.7,36.4,232,Drizzle: Moderate,1,1,
90064,2021-11-14 23:35:00,40.66839,-73.89109,0,0,Failure to Yield Right-of-Way,4477310,8.4,2.9,0.6,0.6,0.0,2.0,53,20.7,36.4,232,Drizzle: Moderate,0,0,
90065,2021-11-12 07:25:00,40.73135,-73.98256,0,0,Alcohol Involvement,4477855,18.5,8.9,15.0,15.0,0.0,7.0,63,39.8,74.5,174,Rain: Moderate,0,0,
90066,2021-11-14 08:20:00,40.586918,-73.96387,0,0,Brakes Defective,4477047,8.4,2.9,0.6,0.6,0.0,2.0,53,20.7,36.4,232,Drizzle: Moderate,0,0,
90067,2021-11-14 17:45:00,40.58872,-73.99234,0,0,Driver Inattention/Distraction,4477528,8.4,2.9,0.6,0.6,0.0,2.0,53,20.7,36.4,232,Drizzle: Moderate,0,0,
90068,2021-11-14 00:30:00,40.677414,-73.93033,4,0,Unsafe Speed,4477688,8.4,2.9,0.6,0.6,0.0,2.0,53,20.7,36.4,232,Drizzle: Moderate,4,4,
90069,2021-11-14 02:50:00,40.74876,-73.8692,1,0,Unsafe Speed,4477169,8.4,2.9,0.6,0.6,0.0,2.0,53,20.7,36.4,232,Drizzle: Moderate,1,1,
90070,2021-11-14 16:25:00,40.805637,-73.9344,0,0,Driver Inattention/Distraction,4477384,8.4,2.9,0.6,0.6,0.0,2.0,53,20.7,36.4,232,Drizzle: Moderate,0,0,
90071,2021-11-12 00:00:00,40.836555,-73.94306,0,0,Backing Unsafely,4477958,18.5,8.9,15.0,15.0,0.0,7.0,63,39.8,74.5,174,Rain: Moderate,0,0,
90072,2021-11-13 07:00:00,40.651833,-73.94724,0,0,Unspecified,4478010,16.0,4.8,5.0,5.0,0.0,4.0,63,36.4,65.9,238,Rain: Moderate,0,0,
90073,2021-11-14 20:30:00,40.66451,-73.88103,1,0,,4477865,8.4,2.9,0.6,0.6,0.0,2.0,53,20.7,36.4,232,Drizzle: Moderate,1,1,
90074,2021-11-14 13:20:00,40.708084,-73.75153,0,0,Driver Inattention/Distraction,4477271,8.4,2.9,0.6,0.6,0.0,2.0,53,20.7,36.4,232,Drizzle: Moderate,0,0,
90075,2021-11-14 21:45:00,40.71892,-73.76576,1,0,Brakes Defective,4477391,8.4,2.9,0.6,0.6,0.0,2.0,53,20.7,36.4,232,Drizzle: Moderate,1,1,
90076,2021-11-14 13:52:00,40.77157,-73.96491,0,0,Backing Unsafely,4477929,8.4,2.9,0.6,0.6,0.0,2.0,53,20.7,36.4,232,Drizzle: Moderate,0,0,
90077,2021-11-14 06:28:00,40.756886,-73.96943,0,0,Unspecified,4477630,8.4,2.9,0.6,0.6,0.0,2.0,53,20.7,36.4,232,Drizzle: Moderate,0,0,
90078,2021-11-14 00:40:00,40.770134,-73.9094,0,0,Unspecified,4476981,8.4,2.9,0.6,0.6,0.0,2.0,53,20.7,36.4,232,Drizzle: Moderate,0,0,
90079,2021-11-14 19:35:00,40.761665,-73.97492,3,0,Driver Inattention/Distraction,4477823,8.4,2.9,0.6,0.6,0.0,2.0,53,20.7,36.4,232,Drizzle: Moderate,3,3,
90080,2021-11-14 08:18:00,40.748108,-73.947365,0,0,Driver Inattention/Distraction,4477248,8.4,2.9,0.6,0.6,0.0,2.0,53,20.7,36.4,232,Drizzle: Moderate,0,0,
90081,2021-11-14 19:00:00,40.725983,-73.72421,2,0,Following Too Closely,4477703,8.4,2.9,0.6,0.6,0.0,2.0,53,20.7,36.4,232,Drizzle: Moderate,2,2,
90082,2021-11-14 18:50:00,40.58425,-73.9638,0,0,Driver Inattention/Distraction,4477545,8.4,2.9,0.6,0.6,0.0,2.0,53,20.7,36.4,232,Drizzle: Moderate,0,0,
90083,2022-01-29 09:00:00,40.639935,-74.08096,0,0,Pavement Slippery,4500754,-1.7,-12.9,17.6,0.1,12.25,19.0,75,39.7,72.7,336,Snow fall: Heavy,0,0,Snowy Conditions
90084,2021-11-11 20:28:00,40.775826,-73.991264,0,0,Passing or Lane Usage Improper,4478035,15.0,4.2,0.3,0.3,0.0,2.0,51,22.6,38.2,85,Drizzle: Light,0,0,
90085,2021-11-14 22:35:00,40.67211,-73.801094,1,0,Following Too Closely,4477501,8.4,2.9,0.6,0.6,0.0,2.0,53,20.7,36.4,232,Drizzle: Moderate,1,1,
90086,2021-11-10 23:40:00,40.728287,-73.71057,0,0,Unspecified,4477931,17.2,7.8,0.3,0.3,0.0,1.0,51,20.7,38.5,318,Drizzle: Light,0,0,
90087,2021-11-14 15:51:00,40.76943,-73.91025,0,0,Driver Inattention/Distraction,4477348,8.4,2.9,0.6,0.6,0.0,2.0,53,20.7,36.4,232,Drizzle: Moderate,0,0,
90088,2021-11-13 23:40:00,40.620876,-74.08567,0,0,Unspecified,4477906,16.0,4.8,5.0,5.0,0.0,4.0,63,36.4,65.9,238,Rain: Moderate,0,0,
90089,2021-11-14 18:00:00,40.706825,-73.94837,1,0,Driver Inattention/Distraction,4477389,8.4,2.9,0.6,0.6,0.0,2.0,53,20.7,36.4,232,Drizzle: Moderate,1,1,
90090,2021-11-14 13:08:00,40.8623,-73.866394,0,0,Driver Inattention/Distraction,4477718,8.4,2.9,0.6,0.6,0.0,2.0,53,20.7,36.4,232,Drizzle: Moderate,0,0,
90091,2021-11-14 03:15:00,40.610653,-73.95355,0,0,Fell Asleep,4477003,8.4,2.9,0.6,0.6,0.0,2.0,53,20.7,36.4,232,Drizzle: Moderate,0,0,
90092,2021-11-14 22:00:00,40.828957,-73.842064,0,0,Unspecified,4477516,8.4,2.9,0.6,0.6,0.0,2.0,53,20.7,36.4,232,Drizzle: Moderate,0,0,
90093,2021-11-14 01:45:00,40.89322,-73.86086,0,0,Passing or Lane Usage Improper,4477194,8.4,2.9,0.6,0.6,0.0,2.0,53,20.7,36.4,232,Drizzle: Moderate,0,0,
90094,2021-11-14 18:23:00,40.69366,-73.85217,1,0,Traffic Control Disregarded,4477523,8.4,2.9,0.6,0.6,0.0,2.0,53,20.7,36.4,232,Drizzle: Moderate,1,1,
90095,2021-11-14 12:00:00,40.671844,-73.88918,0,0,Unspecified,4477330,8.4,2.9,0.6,0.6,0.0,2.0,53,20.7,36.4,232,Drizzle: Moderate,0,0,
90096,2021-11-14 18:39:00,40.839493,-73.83802,1,0,Unspecified,4477512,8.4,2.9,0.6,0.6,0.0,2.0,53,20.7,36.4,232,Drizzle: Moderate,1,1,
90097,2021-11-13 13:15:00,40.68161,-73.77221,2,0,Passing Too Closely,4477974,16.0,4.8,5.0,5.0,0.0,4.0,63,36.4,65.9,238,Rain: Moderate,2,2,
90098,2021-11-14 18:29:00,40.702698,-73.8024,1,0,Drugs (illegal),4477416,8.4,2.9,0.6,0.6,0.0,2.0,53,20.7,36.4,232,Drizzle: Moderate,1,1,
90099,2021-11-08 16:30:00,40.82598,-73.93591,1,0,Other Vehicular,4477990,16.5,6.4,0.0,0.0,0.0,0.0,3,17.4,33.8,355,Overcast,1,1,
90100,2021-11-14 02:10:00,40.746876,-73.95272,0,0,Driver Inattention/Distraction,4476937,8.4,2.9,0.6,0.6,0.0,2.0,53,20.7,36.4,232,Drizzle: Moderate,0,0,
90101,2021-11-14 08:40:00,40.588562,-73.9727,0,0,Unspecified,4478095,8.4,2.9,0.6,0.6,0.0,2.0,53,20.7,36.4,232,Drizzle: Moderate,0,0,
90102,2021-11-14 06:08:00,40.861862,-73.91275,0,0,Traffic Control Disregarded,4477886,8.4,2.9,0.6,0.6,0.0,2.0,53,20.7,36.4,232,Drizzle: Moderate,0,0,
90103,2021-11-14 19:14:00,40.7447,-73.983086,1,0,Illnes,4477690,8.4,2.9,0.6,0.6,0.0,2.0,53,20.7,36.4,232,Drizzle: Moderate,1,1,
90104,2021-11-14 14:03:00,40.580837,-73.83779,0,0,Following Too Closely,4477165,8.4,2.9,0.6,0.6,0.0,2.0,53,20.7,36.4,232,Drizzle: Moderate,0,0,
90105,2021-11-14 03:50:00,40.67625,-73.95308,0,0,Driver Inattention/Distraction,4477170,8.4,2.9,0.6,0.6,0.0,2.0,53,20.7,36.4,232,Drizzle: Moderate,0,0,
90106,2021-11-14 06:00:00,40.609653,-73.935814,0,0,Turning Improperly,4477595,8.4,2.9,0.6,0.6,0.0,2.0,53,20.7,36.4,232,Drizzle: Moderate,0,0,
90107,2021-11-14 18:20:00,40.83542,-73.86809,1,0,Following Too Closely,4477217,8.4,2.9,0.6,0.6,0.0,2.0,53,20.7,36.4,232,Drizzle: Moderate,1,1,
90108,2021-11-14 00:00:00,40.668648,-73.92835,1,0,Driver Inattention/Distraction,4477666,8.4,2.9,0.6,0.6,0.0,2.0,53,20.7,36.4,232,Drizzle: Moderate,1,1,
90109,2021-11-14 16:51:00,40.68993,-73.98148,0,0,Backing Unsafely,4477269,8.4,2.9,0.6,0.6,0.0,2.0,53,20.7,36.4,232,Drizzle: Moderate,0,0,
90110,2021-11-14 21:49:00,40.768646,-73.958466,1,0,Driver Inattention/Distraction,4477775,8.4,2.9,0.6,0.6,0.0,2.0,53,20.7,36.4,232,Drizzle: Moderate,1,1,
90111,2021-11-14 02:00:00,40.600418,-73.97824,0,0,Unspecified,4477017,8.4,2.9,0.6,0.6,0.0,2.0,53,20.7,36.4,232,Drizzle: Moderate,0,0,
90112,2021-11-14 14:29:00,40.678226,-73.742386,0,0,Unspecified,4477600,8.4,2.9,0.6,0.6,0.0,2.0,53,20.7,36.4,232,Drizzle: Moderate,0,0,
90113,2021-11-14 22:26:00,40.710476,-73.963844,0,0,Unsafe Lane Changing,4477748,8.4,2.9,0.6,0.6,0.0,2.0,53,20.7,36.4,232,Drizzle: Moderate,0,0,
90114,2021-11-14 14:25:00,40.70281,-73.9254,0,0,Backing Unsafely,4477851,8.4,2.9,0.6,0.6,0.0,2.0,53,20.7,36.4,232,Drizzle: Moderate,0,0,
90115,2021-11-14 01:00:00,40.849426,-73.89018,0,0,Driver Inattention/Distraction,4477060,8.4,2.9,0.6,0.6,0.0,2.0,53,20.7,36.4,232,Drizzle: Moderate,0,0,
90116,2021-11-14 10:44:00,40.840042,-73.863945,0,0,Unspecified,4477215,8.4,2.9,0.6,0.6,0.0,2.0,53,20.7,36.4,232,Drizzle: Moderate,0,0,
90117,2021-11-14 20:21:00,40.84525,-73.91499,0,0,Unspecified,4477260,8.4,2.9,0.6,0.6,0.0,2.0,53,20.7,36.4,232,Drizzle: Moderate,0,0,
90118,2021-11-14 01:40:00,40.68779,-73.820175,0,0,Traffic Control Disregarded,4477460,8.4,2.9,0.6,0.6,0.0,2.0,53,20.7,36.4,232,Drizzle: Moderate,0,0,
90119,2021-11-14 04:00:00,40.839275,-73.88436,0,0,Unspecified,4477884,8.4,2.9,0.6,0.6,0.0,2.0,53,20.7,36.4,232,Drizzle: Moderate,0,0,
90120,2021-11-13 19:00:00,40.751522,-73.99396,0,0,Unspecified,4478043,16.0,4.8,5.0,5.0,0.0,4.0,63,36.4,65.9,238,Rain: Moderate,0,0,
90121,2021-11-14 12:41:00,40.625736,-73.99713,1,0,Driver Inattention/Distraction,4477109,8.4,2.9,0.6,0.6,0.0,2.0,53,20.7,36.4,232,Drizzle: Moderate,1,1,
90122,2021-11-14 14:30:00,40.66295,-73.86905,0,0,Driver Inattention/Distraction,4477326,8.4,2.9,0.6,0.6,0.0,2.0,53,20.7,36.4,232,Drizzle: Moderate,0,0,
90123,2021-11-14 05:54:00,40.6715,-73.91505,0,0,Traffic Control Disregarded,4477001,8.4,2.9,0.6,0.6,0.0,2.0,53,20.7,36.4,232,Drizzle: Moderate,0,0,
90124,2021-11-14 18:40:00,40.696785,-73.95659,1,0,Failure to Yield Right-of-Way,4477249,8.4,2.9,0.6,0.6,0.0,2.0,53,20.7,36.4,232,Drizzle: Moderate,1,1,
90125,2021-11-14 01:55:00,40.861862,-73.91275,0,0,Unsafe Speed,4477560,8.4,2.9,0.6,0.6,0.0,2.0,53,20.7,36.4,232,Drizzle: Moderate,0,0,
90126,2021-11-14 20:00:00,40.8607,-73.83337,0,0,Unspecified,4477241,8.4,2.9,0.6,0.6,0.0,2.0,53,20.7,36.4,232,Drizzle: Moderate,0,0,
90127,2021-11-13 08:30:00,40.863792,-73.91942,0,0,Unspecified,4477970,16.0,4.8,5.0,5.0,0.0,4.0,63,36.4,65.9,238,Rain: Moderate,0,0,
90128,2021-11-14 14:53:00,40.63613,-73.97274,0,0,Unspecified,4477788,8.4,2.9,0.6,0.6,0.0,2.0,53,20.7,36.4,232,Drizzle: Moderate,0,0,
90129,2021-11-14 15:02:00,40.68167,-73.83781,1,0,Aggressive Driving/Road Rage,4477372,8.4,2.9,0.6,0.6,0.0,2.0,53,20.7,36.4,232,Drizzle: Moderate,1,1,
90130,2021-11-14 17:50:00,40.673588,-73.96296,0,0,Failure to Yield Right-of-Way,4477648,8.4,2.9,0.6,0.6,0.0,2.0,53,20.7,36.4,232,Drizzle: Moderate,0,0,
90131,2021-11-14 18:45:00,40.76229,-73.986115,1,0,Unspecified,4477822,8.4,2.9,0.6,0.6,0.0,2.0,53,20.7,36.4,232,Drizzle: Moderate,1,1,
90132,2021-11-14 18:20:00,40.61106,-73.89714,0,0,Driver Inattention/Distraction,4477706,8.4,2.9,0.6,0.6,0.0,2.0,53,20.7,36.4,232,Drizzle: Moderate,0,0,
90133,2021-11-14 01:25:00,40.804695,-73.92239,0,0,Passing or Lane Usage Improper,4477431,8.4,2.9,0.6,0.6,0.0,2.0,53,20.7,36.4,232,Drizzle: Moderate,0,0,
90134,2021-11-13 09:15:00,40.712284,-73.78536,1,0,Driver Inattention/Distraction,4477916,16.0,4.8,5.0,5.0,0.0,4.0,63,36.4,65.9,238,Rain: Moderate,1,1,
90135,2021-11-14 19:07:00,40.795013,-73.933044,0,0,Driver Inattention/Distraction,4477362,8.4,2.9,0.6,0.6,0.0,2.0,53,20.7,36.4,232,Drizzle: Moderate,0,0,
90136,2021-11-12 15:40:00,40.83923,-73.94555,1,0,Driver Inattention/Distraction,4477959,18.5,8.9,15.0,15.0,0.0,7.0,63,39.8,74.5,174,Rain: Moderate,1,1,
90137,2021-11-14 20:09:00,40.708958,-73.96848,0,0,Backing Unsafely,4477336,8.4,2.9,0.6,0.6,0.0,2.0,53,20.7,36.4,232,Drizzle: Moderate,0,0,
90138,2021-11-14 01:55:00,40.692696,-73.79114,0,0,Passing or Lane Usage Improper,4476951,8.4,2.9,0.6,0.6,0.0,2.0,53,20.7,36.4,232,Drizzle: Moderate,0,0,
90139,2021-10-29 12:00:00,40.82413,-73.94098,0,0,Driver Inattention/Distraction,4477992,13.8,8.3,9.3,9.3,0.0,5.0,63,40.9,73.8,78,Rain: Moderate,0,0,
90140,2021-11-14 04:26:00,40.745068,-73.936356,0,0,Passing or Lane Usage Improper,4477179,8.4,2.9,0.6,0.6,0.0,2.0,53,20.7,36.4,232,Drizzle: Moderate,0,0,
90141,2021-11-14 05:00:00,40.794773,-73.816185,0,0,Pavement Defective,4477392,8.4,2.9,0.6,0.6,0.0,2.0,53,20.7,36.4,232,Drizzle: Moderate,0,0,
90142,2021-11-13 02:28:00,40.829422,-73.9319,0,0,Other Vehicular,4478116,16.0,4.8,5.0,5.0,0.0,4.0,63,36.4,65.9,238,Rain: Moderate,0,0,
90143,2021-11-13 23:15:00,40.740078,-73.89969,0,0,Failure to Yield Right-of-Way,4477890,16.0,4.8,5.0,5.0,0.0,4.0,63,36.4,65.9,238,Rain: Moderate,0,0,
90144,2021-11-14 21:55:00,40.71582,-73.81759,0,0,Unspecified,4477399,8.4,2.9,0.6,0.6,0.0,2.0,53,20.7,36.4,232,Drizzle: Moderate,0,0,
90145,2021-11-14 01:00:00,40.810425,-73.95176,1,0,Driver Inattention/Distraction,4477544,8.4,2.9,0.6,0.6,0.0,2.0,53,20.7,36.4,232,Drizzle: Moderate,1,1,
90146,2021-11-12 17:45:00,40.780064,-73.94705,1,0,Other Vehicular,4477907,18.5,8.9,15.0,15.0,0.0,7.0,63,39.8,74.5,174,Rain: Moderate,1,1,
90147,2021-11-14 11:30:00,40.756397,-73.804535,0,0,Traffic Control Disregarded,4477383,8.4,2.9,0.6,0.6,0.0,2.0,53,20.7,36.4,232,Drizzle: Moderate,0,0,
90148,2021-11-14 13:45:00,40.720554,-73.73604,1,0,Failure to Yield Right-of-Way,4477272,8.4,2.9,0.6,0.6,0.0,2.0,53,20.7,36.4,232,Drizzle: Moderate,1,1,
90149,2021-11-14 04:40:00,40.69297,-73.78024,1,0,Unspecified,4477980,8.4,2.9,0.6,0.6,0.0,2.0,53,20.7,36.4,232,Drizzle: Moderate,1,1,
90150,2021-11-09 16:00:00,40.656384,-73.91624,0,0,Unspecified,4478009,19.5,5.6,0.0,0.0,0.0,0.0,3,10.2,20.2,283,Overcast,0,0,
90151,2021-11-14 10:00:00,40.68452,-73.913315,0,0,Following Too Closely,4477628,8.4,2.9,0.6,0.6,0.0,2.0,53,20.7,36.4,232,Drizzle: Moderate,0,0,
90152,2021-11-14 12:00:00,40.661762,-73.89618,0,0,Unspecified,4477869,8.4,2.9,0.6,0.6,0.0,2.0,53,20.7,36.4,232,Drizzle: Moderate,0,0,
90153,2021-11-14 23:15:00,40.759113,-73.83418,0,0,Other Vehicular,4477419,8.4,2.9,0.6,0.6,0.0,2.0,53,20.7,36.4,232,Drizzle: Moderate,0,0,
90154,2021-11-14 21:55:00,40.78448,-73.85682,0,0,Backing Unsafely,4477517,8.4,2.9,0.6,0.6,0.0,2.0,53,20.7,36.4,232,Drizzle: Moderate,0,0,
90155,2021-11-12 06:00:00,40.862312,-73.929436,0,0,Unspecified,4477928,18.5,8.9,15.0,15.0,0.0,7.0,63,39.8,74.5,174,Rain: Moderate,0,0,
90156,2021-11-14 02:15:00,40.66184,-73.9592,0,0,Driver Inattention/Distraction,4477524,8.4,2.9,0.6,0.6,0.0,2.0,53,20.7,36.4,232,Drizzle: Moderate,0,0,
90157,2021-11-14 16:00:00,40.753914,-73.86586,0,0,Unspecified,4477938,8.4,2.9,0.6,0.6,0.0,2.0,53,20.7,36.4,232,Drizzle: Moderate,0,0,
90158,2021-11-14 01:40:00,40.666843,-73.994865,0,0,Following Too Closely,4476939,8.4,2.9,0.6,0.6,0.0,2.0,53,20.7,36.4,232,Drizzle: Moderate,0,0,
90159,2021-11-12 19:30:00,40.774612,-73.92399,0,0,Alcohol Involvement,4478099,18.5,8.9,15.0,15.0,0.0,7.0,63,39.8,74.5,174,Rain: Moderate,0,0,
90160,2021-11-14 22:05:00,40.67804,-73.75925,0,0,Unsafe Speed,4477981,8.4,2.9,0.6,0.6,0.0,2.0,53,20.7,36.4,232,Drizzle: Moderate,0,0,
90161,2021-11-14 11:30:00,40.79563,-73.93242,1,0,Failure to Yield Right-of-Way,4477361,8.4,2.9,0.6,0.6,0.0,2.0,53,20.7,36.4,232,Drizzle: Moderate,1,1,
90162,2021-11-14 19:37:00,40.66279,-73.98833,0,0,Unspecified,4477692,8.4,2.9,0.6,0.6,0.0,2.0,53,20.7,36.4,232,Drizzle: Moderate,0,0,
90163,2021-11-14 11:33:00,40.671642,-73.96258,0,0,Following Too Closely,4477171,8.4,2.9,0.6,0.6,0.0,2.0,53,20.7,36.4,232,Drizzle: Moderate,0,0,
90164,2021-11-14 01:50:00,40.69168,-73.999344,0,0,Reaction to Uninvolved Vehicle,4477672,8.4,2.9,0.6,0.6,0.0,2.0,53,20.7,36.4,232,Drizzle: Moderate,0,0,
90165,2021-11-12 09:15:00,40.641064,-73.94662,1,0,Traffic Control Disregarded,4478029,18.5,8.9,15.0,15.0,0.0,7.0,63,39.8,74.5,174,Rain: Moderate,1,1,
90166,2021-11-14 19:20:00,40.76635,-73.95103,1,0,Alcohol Involvement,4477427,8.4,2.9,0.6,0.6,0.0,2.0,53,20.7,36.4,232,Drizzle: Moderate,1,1,
90167,2021-11-14 12:18:00,40.811005,-73.94525,0,0,Passing Too Closely,4477500,8.4,2.9,0.6,0.6,0.0,2.0,53,20.7,36.4,232,Drizzle: Moderate,0,0,
90168,2021-11-14 21:40:00,40.63038,-73.90379,0,0,Alcohol Involvement,4477568,8.4,2.9,0.6,0.6,0.0,2.0,53,20.7,36.4,232,Drizzle: Moderate,0,0,
90169,2021-11-14 18:00:00,40.71058,-73.9835,2,0,Reaction to Uninvolved Vehicle,4477235,8.4,2.9,0.6,0.6,0.0,2.0,53,20.7,36.4,232,Drizzle: Moderate,2,2,
90170,2021-11-14 08:02:00,40.797836,-73.96946,0,0,Passing Too Closely,4477020,8.4,2.9,0.6,0.6,0.0,2.0,53,20.7,36.4,232,Drizzle: Moderate,0,0,
90171,2021-11-14 19:50:00,40.660347,-73.767975,2,0,Driver Inattention/Distraction,4477606,8.4,2.9,0.6,0.6,0.0,2.0,53,20.7,36.4,232,Drizzle: Moderate,2,2,
90172,2021-11-14 18:50:00,40.717014,-73.7994,3,0,Reaction to Uninvolved Vehicle,4477387,8.4,2.9,0.6,0.6,0.0,2.0,53,20.7,36.4,232,Drizzle: Moderate,3,3,
90173,2021-11-14 14:46:00,40.68389,-73.93823,1,0,Following Too Closely,4477243,8.4,2.9,0.6,0.6,0.0,2.0,53,20.7,36.4,232,Drizzle: Moderate,1,1,
90174,2021-11-14 21:30:00,40.723248,-73.74133,2,0,Unspecified,4477273,8.4,2.9,0.6,0.6,0.0,2.0,53,20.7,36.4,232,Drizzle: Moderate,2,2,
90175,2021-11-12 15:05:00,40.83015,-73.89337,1,0,Driver Inattention/Distraction,4477872,18.5,8.9,15.0,15.0,0.0,7.0,63,39.8,74.5,174,Rain: Moderate,1,1,
90176,2021-11-14 14:00:00,40.759457,-73.93589,0,0,Unspecified,4477762,8.4,2.9,0.6,0.6,0.0,2.0,53,20.7,36.4,232,Drizzle: Moderate,0,0,
90177,2021-11-14 15:33:00,40.720318,-74.01218,1,0,Failure to Yield Right-of-Way,4477798,8.4,2.9,0.6,0.6,0.0,2.0,53,20.7,36.4,232,Drizzle: Moderate,1,1,
90178,2021-11-14 06:35:00,40.6618,-73.7682,0,0,Failure to Keep Right,4477014,8.4,2.9,0.6,0.6,0.0,2.0,53,20.7,36.4,232,Drizzle: Moderate,0,0,
90179,2021-11-14 17:10:00,40.87356,-73.81853,1,0,Unspecified,4477511,8.4,2.9,0.6,0.6,0.0,2.0,53,20.7,36.4,232,Drizzle: Moderate,1,1,
90180,2021-11-14 01:20:00,40.65392,-73.95367,1,0,Unsafe Lane Changing,4477161,8.4,2.9,0.6,0.6,0.0,2.0,53,20.7,36.4,232,Drizzle: Moderate,1,1,