,CRASH DATETIME,LATITUDE,LONGITUDE,NUMBER OF PERSONS INJURED,NUMBER OF PERSONS KILLED,CONTRIBUTING FACTOR VEHICLE 1,COLLISION_ID,temperature_2m_max,temperature_2m_min,precipitation_sum,rain_sum,snowfall_sum,precipitation_hours,weather_code,wind_speed_10m_max,wind_gusts_10m_max,wind_direction_10m_dominant,Weather Description,Severity_Score,Total_Affected_Persons,Weather_Category
90181,2021-11-14 23:28:00,40.67619,-73.9081,1,0,Driver Inattention/Distraction,4477627,8.4,2.9,0.6,0.6,0.0,2.0,53,20.7,36.4,232,Drizzle: Moderate,1,1,
90182,2021-11-14 03:18:00,40.657658,-73.953224,1,0,Driver Inattention/Distraction,4476987,8.4,2.9,0.6,0.6,0.0,2.0,53,20.7,36.4,232,Drizzle: Moderate,1,1,
90183,2021-11-14 12:55:00,40.674255,-73.87989,0,0,Unspecified,4477327,8.4,2.9,0.6,0.6,0.0,2.0,53,20.7,36.4,232,Drizzle: Moderate,0,0,
90184,2021-11-14 16:15:00,40.58153,-73.96195,0,0,Driver Inattention/Distraction,4477729,8.4,2.9,0.6,0.6,0.0,2.0,53,20.7,36.4,232,Drizzle: Moderate,0,0,
90185,2021-11-14 07:45:00,40.776237,-73.95587,1,0,Driver Inattention/Distraction,4477559,8.4,2.9,0.6,0.6,0.0,2.0,53,20.7,36.4,232,Drizzle: Moderate,1,1,
90186,2021-11-14 17:38:00,40.679203,-73.9553,1,0,Failure to Yield Right-of-Way,4477214,8.4,2.9,0.6,0.6,0.0,2.0,53,20.7,36.4,232,Drizzle: Moderate,1,1,
90187,2021-11-07 15:12:00,40.668507,-73.92561,0,0,Failure to Yield Right-of-Way,4478006,12.1,2.6,0.0,0.0,0.0,0.0,3,10.0,20.5,358,Overcast,0,0,
90188,2021-11-13 01:00:00,40.75671,-73.986465,3,0,Pedestrian/Bicyclist/Other Pedestrian Error/Confusion,4477963,16.0,4.8,5.0,5.0,0.0,4.0,63,36.4,65.9,238,Rain: Moderate,3,3,
90189,2021-11-14 05:51:00,40.588512,-73.949356,0,1,Unspecified,4477393,8.4,2.9,0.6,0.6,0.0,2.0,53,20.7,36.4,232,Drizzle: Moderate,20,1,
90190,2021-11-14 19:10:00,40.65558,-73.76629,2,0,Unsafe Speed,4477375,8.4,2.9,0.6,0.6,0.0,2.0,53,20.7,36.4,232,Drizzle: Moderate,2,2,
90191,2021-11-14 22:33:00,40.744556,-73.895996,1,0,Alcohol Involvement,4477883,8.4,2.9,0.6,0.6,0.0,2.0,53,20.7,36.4,232,Drizzle: Moderate,1,1,
90192,2021-11-01 18:00:00,40.741676,-73.86756,1,0,Driver Inattention/Distraction,4477915,14.4,8.0,0.0,0.0,0.0,0.0,3,20.7,38.5,278,Overcast,1,1,
90193,2021-11-14 08:20:00,40.691563,-73.79801,0,0,Passing Too Closely,4477414,8.4,2.9,0.6,0.6,0.0,2.0,53,20.7,36.4,232,Drizzle: Moderate,0,0,
90194,2021-11-14 10:40:00,40.75112,-73.97127,1,0,Driver Inattention/Distraction,4477183,8.4,2.9,0.6,0.6,0.0,2.0,53,20.7,36.4,232,Drizzle: Moderate,1,1,
90195,2021-11-14 07:25:00,40.855385,-73.9181,1,0,Unspecified,4477102,8.4,2.9,0.6,0.6,0.0,2.0,53,20.7,36.4,232,Drizzle: Moderate,1,1,
90196,2021-11-09 21:43:00,40.650948,-73.94668,1,0,,4478039,19.5,5.6,0.0,0.0,0.0,0.0,3,10.2,20.2,283,Overcast,1,1,
90197,2021-11-14 22:30:00,40.612724,-74.00813,0,0,Unspecified,4477638,8.4,2.9,0.6,0.6,0.0,2.0,53,20.7,36.4,232,Drizzle: Moderate,0,0,
90198,2021-11-14 01:00:00,40.691853,-73.856964,1,0,Passing or Lane Usage Improper,4477811,8.4,2.9,0.6,0.6,0.0,2.0,53,20.7,36.4,232,Drizzle: Moderate,1,1,
90199,2021-11-14 08:48:00,40.694485,-73.93735,3,0,Traffic Control Disregarded,4477253,8.4,2.9,0.6,0.6,0.0,2.0,53,20.7,36.4,232,Drizzle: Moderate,3,3,
90200,2021-11-14 04:40:00,40.765614,-73.9607,0,0,Driver Inattention/Distraction,4477432,8.4,2.9,0.6,0.6,0.0,2.0,53,20.7,36.4,232,Drizzle: Moderate,0,0,
90201,2021-11-14 21:30:00,40.69078,-73.72728,0,0,Passing or Lane Usage Improper,4477705,8.4,2.9,0.6,0.6,0.0,2.0,53,20.7,36.4,232,Drizzle: Moderate,0,0,
90202,2021-11-14 09:07:00,40.849403,-73.871445,2,0,Eating or Drinking,4477541,8.4,2.9,0.6,0.6,0.0,2.0,53,20.7,36.4,232,Drizzle: Moderate,2,2,
90203,2021-11-14 04:23:00,40.78393,-73.94423,1,0,Following Too Closely,4477070,8.4,2.9,0.6,0.6,0.0,2.0,53,20.7,36.4,232,Drizzle: Moderate,1,1,
90204,2021-11-14 01:15:00,40.764122,-73.812775,1,0,Failure to Yield Right-of-Way,4476968,8.4,2.9,0.6,0.6,0.0,2.0,53,20.7,36.4,232,Drizzle: Moderate,1,1,
90205,2021-11-14 18:46:00,40.66622,-73.813515,0,0,Passing or Lane Usage Improper,4477462,8.4,2.9,0.6,0.6,0.0,2.0,53,20.7,36.4,232,Drizzle: Moderate,0,0,
90206,2021-11-14 15:13:00,40.726482,-73.990105,1,0,Driver Inattention/Distraction,4477259,8.4,2.9,0.6,0.6,0.0,2.0,53,20.7,36.4,232,Drizzle: Moderate,1,1,
90207,2021-11-14 00:30:00,40.678154,-73.94416,1,0,Traffic Control Device Improper/Non-Working,4477968,8.4,2.9,0.6,0.6,0.0,2.0,53,20.7,36.4,232,Drizzle: Moderate,1,1,
90208,2021-11-04 19:26:00,40.62895,-74.079735,0,0,Driver Inattention/Distraction,4477993,9.9,3.0,0.0,0.0,0.0,0.0,3,10.8,21.2,5,Overcast,0,0,
90209,2021-11-06 04:40:00,40.722412,-73.97458,1,0,Driver Inattention/Distraction,4478120,10.5,3.4,0.0,0.0,0.0,0.0,0,9.5,17.6,61,Clear sky,1,1,Sunny/Clear Conditions
90210,2021-11-14 01:30:00,40.666855,-73.80425,1,0,Following Too Closely,4477367,8.4,2.9,0.6,0.6,0.0,2.0,53,20.7,36.4,232,Drizzle: Moderate,1,1,
90211,2021-11-13 20:00:00,40.726814,-73.83846,2,0,Unspecified,4476927,16.0,4.8,5.0,5.0,0.0,4.0,63,36.4,65.9,238,Rain: Moderate,2,2,
90212,2021-11-14 12:55:00,40.76113,-73.85851,0,0,Failure to Yield Right-of-Way,4477619,8.4,2.9,0.6,0.6,0.0,2.0,53,20.7,36.4,232,Drizzle: Moderate,0,0,
90213,2021-11-14 07:23:00,40.7267,-73.90034,0,0,Unsafe Speed,4477176,8.4,2.9,0.6,0.6,0.0,2.0,53,20.7,36.4,232,Drizzle: Moderate,0,0,
90214,2021-11-14 17:54:00,40.754128,-73.97649,1,0,Unspecified,4477696,8.4,2.9,0.6,0.6,0.0,2.0,53,20.7,36.4,232,Drizzle: Moderate,1,1,
90215,2021-11-14 21:08:00,40.669865,-73.95051,1,0,Failure to Yield Right-of-Way,4478050,8.4,2.9,0.6,0.6,0.0,2.0,53,20.7,36.4,232,Drizzle: Moderate,1,1,
90216,2021-11-14 19:05:00,40.759624,-73.99548,1,0,Turning Improperly,4477571,8.4,2.9,0.6,0.6,0.0,2.0,53,20.7,36.4,232,Drizzle: Moderate,1,1,
90217,2021-11-14 12:01:00,40.799248,-73.968925,0,0,Backing Unsafely,4477159,8.4,2.9,0.6,0.6,0.0,2.0,53,20.7,36.4,232,Drizzle: Moderate,0,0,
90218,2021-11-14 09:00:00,40.843616,-73.87182,1,0,Driver Inattention/Distraction,4477245,8.4,2.9,0.6,0.6,0.0,2.0,53,20.7,36.4,232,Drizzle: Moderate,1,1,
90219,2021-11-14 19:41:00,40.708057,-73.92255,2,0,Driver Inattention/Distraction,4477833,8.4,2.9,0.6,0.6,0.0,2.0,53,20.7,36.4,232,Drizzle: Moderate,2,2,
90220,2021-11-14 19:18:00,40.721966,-74.00824,0,0,Failure to Yield Right-of-Way,4477800,8.4,2.9,0.6,0.6,0.0,2.0,53,20.7,36.4,232,Drizzle: Moderate,0,0,
90221,2021-11-14 08:05:00,40.752388,-73.98807,0,0,Backing Unsafely,4477042,8.4,2.9,0.6,0.6,0.0,2.0,53,20.7,36.4,232,Drizzle: Moderate,0,0,
90222,2021-11-12 17:55:00,40.864433,-73.90893,1,0,Driver Inattention/Distraction,4477894,18.5,8.9,15.0,15.0,0.0,7.0,63,39.8,74.5,174,Rain: Moderate,1,1,
90223,2021-11-14 16:45:00,40.742195,-73.81456,2,0,Following Too Closely,4477418,8.4,2.9,0.6,0.6,0.0,2.0,53,20.7,36.4,232,Drizzle: Moderate,2,2,
90224,2021-11-13 12:45:00,40.66743,-73.76676,0,0,Turning Improperly,4477979,16.0,4.8,5.0,5.0,0.0,4.0,63,36.4,65.9,238,Rain: Moderate,0,0,
90225,2021-10-31 16:57:00,40.872314,-73.91274,0,0,Passing Too Closely,4477982,18.3,12.5,3.7,3.7,0.0,8.0,55,22.9,41.0,268,Drizzle: Dense,0,0,
90226,2021-11-14 00:45:00,40.699017,-73.80696,0,0,Driver Inattention/Distraction,4476944,8.4,2.9,0.6,0.6,0.0,2.0,53,20.7,36.4,232,Drizzle: Moderate,0,0,
90227,2021-11-14 16:48:00,40.847794,-73.82671,0,0,Unspecified,4477510,8.4,2.9,0.6,0.6,0.0,2.0,53,20.7,36.4,232,Drizzle: Moderate,0,0,
90228,2021-11-14 06:30:00,40.715553,-73.82617,0,0,Driver Inattention/Distraction,4477527,8.4,2.9,0.6,0.6,0.0,2.0,53,20.7,36.4,232,Drizzle: Moderate,0,0,
90229,2021-11-12 15:00:00,40.59763,-73.788376,0,0,Unspecified,4478102,18.5,8.9,15.0,15.0,0.0,7.0,63,39.8,74.5,174,Rain: Moderate,0,0,
90230,2021-11-14 17:37:00,40.701077,-73.94043,0,0,Turning Improperly,4477350,8.4,2.9,0.6,0.6,0.0,2.0,53,20.7,36.4,232,Drizzle: Moderate,0,0,
90231,2021-11-14 08:10:00,40.63495,-74.081055,0,0,Unspecified,4477859,8.4,2.9,0.6,0.6,0.0,2.0,53,20.7,36.4,232,Drizzle: Moderate,0,0,
90232,2021-11-14 18:00:00,40.68083,-73.827194,1,0,Traffic Control Disregarded,4477386,8.4,2.9,0.6,0.6,0.0,2.0,53,20.7,36.4,232,Drizzle: Moderate,1,1,
90233,2021-11-14 00:30:00,40.89481,-73.86183,0,0,Reaction to Uninvolved Vehicle,4477518,8.4,2.9,0.6,0.6,0.0,2.0,53,20.7,36.4,232,Drizzle: Moderate,0,0,
90234,2021-11-14 15:25:00,40.626244,-74.00692,0,0,Unspecified,4477228,8.4,2.9,0.6,0.6,0.0,2.0,53,20.7,36.4,232,Drizzle: Moderate,0,0,
90235,2021-11-14 05:05:00,40.6785,-73.743256,4,0,Driver Inattention/Distraction,4477012,8.4,2.9,0.6,0.6,0.0,2.0,53,20.7,36.4,232,Drizzle: Moderate,4,4,
90236,2021-11-14 21:40:00,40.638153,-74.10927,0,0,Unspecified,4477677,8.4,2.9,0.6,0.6,0.0,2.0,53,20.7,36.4,232,Drizzle: Moderate,0,0,
90237,2021-11-14 14:07:00,40.66725,-73.88799,3,0,Unspecified,4477283,8.4,2.9,0.6,0.6,0.0,2.0,53,20.7,36.4,232,Drizzle: Moderate,3,3,
90238,2021-11-14 11:15:00,40.782528,-73.94903,0,0,Unspecified,4477765,8.4,2.9,0.6,0.6,0.0,2.0,53,20.7,36.4,232,Drizzle: Moderate,0,0,
90239,2021-11-14 08:41:00,40.75539,-73.828285,0,0,Passing or Lane Usage Improper,4477382,8.4,2.9,0.6,0.6,0.0,2.0,53,20.7,36.4,232,Drizzle: Moderate,0,0,
90240,2021-11-14 22:23:00,40.584625,-73.94713,1,0,Pavement Slippery,4477425,8.4,2.9,0.6,0.6,0.0,2.0,53,20.7,36.4,232,Drizzle: Moderate,1,1,
90241,2021-11-12 15:01:00,40.7171,-73.9986,1,0,Pedestrian/Bicyclist/Other Pedestrian Error/Confusion,4478018,18.5,8.9,15.0,15.0,0.0,7.0,63,39.8,74.5,174,Rain: Moderate,1,1,
90242,2021-11-13 22:20:00,40.752792,-73.87257,0,0,Unspecified,4477939,16.0,4.8,5.0,5.0,0.0,4.0,63,36.4,65.9,238,Rain: Moderate,0,0,
90243,2021-11-14 22:50:00,40.825287,-73.88646,0,0,Aggressive Driving/Road Rage,4477494,8.4,2.9,0.6,0.6,0.0,2.0,53,20.7,36.4,232,Drizzle: Moderate,0,0,
90244,2021-11-11 17:35:00,40.633373,-74.100845,1,0,Driver Inattention/Distraction,4477926,15.0,4.2,0.3,0.3,0.0,2.0,51,22.6,38.2,85,Drizzle: Light,1,1,
90245,2021-10-13 01:31:00,40.692062,-73.95191,0,0,Backing Unsafely,4477964,21.7,14.8,0.1,0.1,0.0,1.0,51,12.2,23.0,200,Drizzle: Light,0,0,
90246,2021-11-14 03:05:00,40.692726,-73.81065,0,0,Following Too Closely,4477396,8.4,2.9,0.6,0.6,0.0,2.0,53,20.7,36.4,232,Drizzle: Moderate,0,0,
90247,2022-02-05 00:00:00,40.61347,-73.98546,1,0,Failure to Yield Right-of-Way,4500201,-1.9,-6.9,0.4,0.0,0.28,3.0,71,26.8,50.4,322,Snow fall: Light,1,1,Snowy Conditions
90248,2022-02-01 06:38:00,40.72159,-73.9458,1,0,Unspecified,4500638,-0.9,-13.4,0.0,0.0,0.0,0.0,3,12.2,21.2,36,Overcast,1,1,
90249,2022-02-05 09:00:00,40.73851,-73.8065,1,0,Unsafe Speed,4500263,-1.9,-6.9,0.4,0.0,0.28,3.0,71,26.8,50.4,322,Snow fall: Light,1,1,Snowy Conditions
90250,2022-02-02 01:50:00,40.835968,-73.87,0,0,Unspecified,4500783,3.8,-7.2,0.0,0.0,0.0,0.0,3,10.6,16.2,93,Overcast,0,0,
90251,2022-02-05 00:06:00,40.714066,-73.95163,0,0,Driver Inattention/Distraction,4500468,-1.9,-6.9,0.4,0.0,0.28,3.0,71,26.8,50.4,322,Snow fall: Light,0,0,Snowy Conditions
90252,2022-02-05 15:15:00,40.88446,-73.90189,0,0,Passing or Lane Usage Improper,4500115,-1.9,-6.9,0.4,0.0,0.28,3.0,71,26.8,50.4,322,Snow fall: Light,0,0,Snowy Conditions
90253,2022-02-05 09:35:00,40.728947,-73.92793,0,0,Driver Inattention/Distraction,4500052,-1.9,-6.9,0.4,0.0,0.28,3.0,71,26.8,50.4,322,Snow fall: Light,0,0,Snowy Conditions
90254,2022-02-03 17:05:00,40.675365,-73.86714,0,0,Unspecified,4500643,9.2,2.3,13.1,13.1,0.0,17.0,61,14.9,23.8,194,Rain: Light,0,0,
90255,2022-02-05 21:02:00,40.8566,-73.82646,0,0,Unspecified,4500160,-1.9,-6.9,0.4,0.0,0.28,3.0,71,26.8,50.4,322,Snow fall: Light,0,0,Snowy Conditions
90256,2022-02-05 12:27:00,40.832405,-73.90399,0,0,Unsafe Lane Changing,4500146,-1.9,-6.9,0.4,0.0,0.28,3.0,71,26.8,50.4,322,Snow fall: Light,0,0,Snowy Conditions
90257,2022-02-03 21:40:00,40.76172,-73.98281,0,0,Passing Too Closely,4500616,9.2,2.3,13.1,13.1,0.0,17.0,61,14.9,23.8,194,Rain: Light,0,0,
90258,2022-02-01 11:13:00,40.7338,-73.81481,1,0,Failure to Yield Right-of-Way,4500770,-0.9,-13.4,0.0,0.0,0.0,0.0,3,12.2,21.2,36,Overcast,1,1,
90259,2022-02-05 14:37:00,40.638786,-73.94538,0,0,Other Vehicular,4500252,-1.9,-6.9,0.4,0.0,0.28,3.0,71,26.8,50.4,322,Snow fall: Light,0,0,Snowy Conditions
90260,2022-02-05 14:20:00,40.7375,-73.85276,0,0,Turning Improperly,4500335,-1.9,-6.9,0.4,0.0,0.28,3.0,71,26.8,50.4,322,Snow fall: Light,0,0,Snowy Conditions
90261,2022-01-30 00:12:00,40.8115,-73.93481,0,0,Unspecified,4500727,-5.4,-13.8,0.0,0.0,0.0,0.0,3,28.5,50.0,290,Overcast,0,0,
90262,2022-02-05 20:34:00,40.67954,-73.89959,0,0,,4500675,-1.9,-6.9,0.4,0.0,0.28,3.0,71,26.8,50.4,322,Snow fall: Light,0,0,Snowy Conditions
90263,2022-02-04 17:30:00,40.878643,-73.871605,1,0,,4500895,12.5,-2.3,26.6,26.5,0.07,23.0,71,29.7,50.4,313,Snow fall: Light,1,1,Snowy Conditions
90264,2022-02-05 07:00:00,40.90348,-73.85035,0,0,Failure to Yield Right-of-Way,4500410,-1.9,-6.9,0.4,0.0,0.28,3.0,71,26.8,50.4,322,Snow fall: Light,0,0,Snowy Conditions
90265,2022-02-05 06:58:00,40.69426,-73.91036,0,0,Passing Too Closely,4500222,-1.9,-6.9,0.4,0.0,0.28,3.0,71,26.8,50.4,322,Snow fall: Light,0,0,Snowy Conditions
90266,2022-02-05 16:45:00,40.651974,-73.86542,0,0,Unspecified,4500658,-1.9,-6.9,0.4,0.0,0.28,3.0,71,26.8,50.4,322,Snow fall: Light,0,0,Snowy Conditions
90267,2022-02-05 03:07:00,40.673626,-73.88068,1,0,Alcohol Involvement,4500669,-1.9,-6.9,0.4,0.0,0.28,3.0,71,26.8,50.4,322,Snow fall: Light,1,1,Snowy Conditions
90268,2022-02-02 06:25:00,40.78069,-73.9466,1,0,Traffic Control Disregarded,4500685,3.8,-7.2,0.0,0.0,0.0,0.0,3,10.6,16.2,93,Overcast,1,1,
90269,2022-02-05 21:04:00,40.632996,-73.99782,5,0,Unspecified,4500288,-1.9,-6.9,0.4,0.0,0.28,3.0,71,26.8,50.4,322,Snow fall: Light,5,5,Snowy Conditions
90270,2022-04-17 17:12:00,40.70862,-73.945045,1,0,Alcohol Involvement,4519758,10.0,3.9,0.5,0.5,0.0,2.0,51,30.1,56.5,313,Drizzle: Light,1,1,
90271,2022-04-17 06:40:00,40.82833,-73.85021,2,0,Driver Inattention/Distraction,4519962,10.0,3.9,0.5,0.5,0.0,2.0,51,30.1,56.5,313,Drizzle: Light,2,2,
90272,2022-04-15 18:43:00,40.872295,-73.87561,1,0,Driver Inattention/Distraction,4520275,19.2,6.3,0.1,0.1,0.0,1.0,51,26.9,46.1,243,Drizzle: Light,1,1,
90273,2022-04-17 19:31:00,40.71524,-73.993065,1,0,Unspecified,4520090,10.0,3.9,0.5,0.5,0.0,2.0,51,30.1,56.5,313,Drizzle: Light,1,1,
90274,2022-04-17 01:19:00,40.658577,-73.89063,1,0,Turning Improperly,4519648,10.0,3.9,0.5,0.5,0.0,2.0,51,30.1,56.5,313,Drizzle: Light,1,1,
90275,2022-02-22 02:30:00,40.762913,-73.96981,0,0,Driver Inattention/Distraction,4504645,13.6,-0.2,4.7,4.7,0.0,8.0,61,38.4,76.0,175,Rain: Light,0,0,
90276,2022-04-17 05:00:00,40.740017,-73.84565,0,0,Driver Inattention/Distraction,4519578,10.0,3.9,0.5,0.5,0.0,2.0,51,30.1,56.5,313,Drizzle: Light,0,0,
90277,2022-04-17 23:40:00,40.64962,-73.874306,0,0,Unsafe Speed,4519833,10.0,3.9,0.5,0.5,0.0,2.0,51,30.1,56.5,313,Drizzle: Light,0,0,
90278,2022-04-17 15:00:00,40.881073,-73.878494,0,0,Unspecified,4519977,10.0,3.9,0.5,0.5,0.0,2.0,51,30.1,56.5,313,Drizzle: Light,0,0,
90279,2022-04-17 14:00:00,40.763733,-73.9414,1,0,Unspecified,4519768,10.0,3.9,0.5,0.5,0.0,2.0,51,30.1,56.5,313,Drizzle: Light,1,1,
90280,2022-04-14 11:30:00,40.898003,-73.84372,0,0,Passing Too Closely,4520382,28.1,13.9,0.2,0.2,0.0,2.0,51,25.9,46.1,249,Drizzle: Light,0,0,
90281,2022-04-17 05:42:00,40.666935,-73.782715,0,0,Driver Inattention/Distraction,4520416,10.0,3.9,0.5,0.5,0.0,2.0,51,30.1,56.5,313,Drizzle: Light,0,0,
90282,2022-04-17 03:30:00,40.85071,-73.89408,0,0,Driver Inattention/Distraction,4519853,10.0,3.9,0.5,0.5,0.0,2.0,51,30.1,56.5,313,Drizzle: Light,0,0,
90283,2022-03-19 15:12:00,40.634747,-74.11226,0,0,Driver Inattention/Distraction,4520357,18.3,6.6,9.3,9.3,0.0,3.0,65,16.3,32.8,146,Rain: Heavy,0,0,
90284,2022-04-17 04:50:00,40.69782,-73.927826,0,0,Driver Inexperience,4520221,10.0,3.9,0.5,0.5,0.0,2.0,51,30.1,56.5,313,Drizzle: Light,0,0,
90285,2022-04-04 18:50:00,40.589912,-73.80738,0,0,Unspecified,4520269,12.2,2.6,0.1,0.1,0.0,1.0,51,23.7,41.4,304,Drizzle: Light,0,0,
90286,2022-04-17 03:20:00,40.55723,-74.14688,0,0,Driver Inattention/Distraction,4520154,10.0,3.9,0.5,0.5,0.0,2.0,51,30.1,56.5,313,Drizzle: Light,0,0,
90287,2022-04-17 05:00:00,40.72478,-73.88868,0,0,Unsafe Speed,4519681,10.0,3.9,0.5,0.5,0.0,2.0,51,30.1,56.5,313,Drizzle: Light,0,0,
90288,2022-04-17 14:51:00,40.71455,-73.98411,0,0,Unspecified,4519751,10.0,3.9,0.5,0.5,0.0,2.0,51,30.1,56.5,313,Drizzle: Light,0,0,
90289,2022-04-17 00:30:00,40.552742,-74.15331,1,0,Illnes,4520303,10.0,3.9,0.5,0.5,0.0,2.0,51,30.1,56.5,313,Drizzle: Light,1,1,
90290,2022-04-17 00:00:00,40.707676,-73.92386,0,0,Alcohol Involvement,4519629,10.0,3.9,0.5,0.5,0.0,2.0,51,30.1,56.5,313,Drizzle: Light,0,0,
90291,2022-03-22 22:55:00,40.731174,-73.98214,1,0,View Obstructed/Limited,4520349,12.8,3.9,0.0,0.0,0.0,0.0,3,23.1,44.3,311,Overcast,1,1,
90292,2022-04-17 04:51:00,40.812737,-73.93762,1,0,Driver Inattention/Distraction,4519951,10.0,3.9,0.5,0.5,0.0,2.0,51,30.1,56.5,313,Drizzle: Light,1,1,
90293,2022-04-17 00:00:00,40.6338,-73.8897,2,0,Driver Inattention/Distraction,4520399,10.0,3.9,0.5,0.5,0.0,2.0,51,30.1,56.5,313,Drizzle: Light,2,2,
90294,2022-04-17 04:40:00,40.657227,-73.900764,0,0,Unspecified,4519529,10.0,3.9,0.5,0.5,0.0,2.0,51,30.1,56.5,313,Drizzle: Light,0,0,
90295,2022-04-17 10:37:00,40.810684,-73.95452,4,0,Traffic Control Disregarded,4520007,10.0,3.9,0.5,0.5,0.0,2.0,51,30.1,56.5,313,Drizzle: Light,4,4,
90296,2022-04-17 03:30:00,40.737286,-73.88466,0,0,Backing Unsafely,4520068,10.0,3.9,0.5,0.5,0.0,2.0,51,30.1,56.5,313,Drizzle: Light,0,0,
90297,2022-04-17 22:14:00,40.8474,-73.922455,0,0,Unspecified,4519841,10.0,3.9,0.5,0.5,0.0,2.0,51,30.1,56.5,313,Drizzle: Light,0,0,
90298,2022-07-09 14:56:00,40.547794,-74.2171,0,0,Failure to Yield Right-of-Way,4545292,30.0,20.5,0.0,0.0,0.0,0.0,3,20.7,43.9,63,Overcast,0,0,
90299,2022-04-17 17:35:00,40.869423,-73.825745,0,0,Unspecified,4519892,10.0,3.9,0.5,0.5,0.0,2.0,51,30.1,56.5,313,Drizzle: Light,0,0,
90300,2022-04-17 16:00:00,40.719162,-73.94096,0,0,Passing Too Closely,4520040,10.0,3.9,0.5,0.5,0.0,2.0,51,30.1,56.5,313,Drizzle: Light,0,0,
90301,2022-04-17 09:30:00,40.848392,-73.937675,0,0,Unspecified,4519738,10.0,3.9,0.5,0.5,0.0,2.0,51,30.1,56.5,313,Drizzle: Light,0,0,
90302,2022-04-17 09:15:00,40.68867,-73.73138,1,0,Failure to Yield Right-of-Way,4519620,10.0,3.9,0.5,0.5,0.0,2.0,51,30.1,56.5,313,Drizzle: Light,1,1,
90303,2022-04-13 13:25:00,40.678154,-73.94416,0,0,Driver Inattention/Distraction,4520254,18.9,7.1,0.0,0.0,0.0,0.0,3,18.7,37.4,112,Overcast,0,0,
90304,2022-04-12 18:00:00,40.707893,-73.78673,2,0,Failure to Yield Right-of-Way,4520328,20.4,7.7,1.6,1.6,0.0,3.0,53,17.8,36.0,271,Drizzle: Moderate,2,2,
90305,2022-04-17 12:35:00,40.712925,-73.82233,0,0,Driver Inexperience,4519781,10.0,3.9,0.5,0.5,0.0,2.0,51,30.1,56.5,313,Drizzle: Light,0,0,
90306,2022-04-11 19:27:00,40.809135,-73.955635,1,0,Driver Inattention/Distraction,4520286,13.1,1.8,0.0,0.0,0.0,0.0,3,18.6,36.4,246,Overcast,1,1,
90307,2022-04-17 15:32:00,40.788685,-73.94386,2,0,Obstruction/Debris,4519880,10.0,3.9,0.5,0.5,0.0,2.0,51,30.1,56.5,313,Drizzle: Light,2,2,
90308,2022-04-17 18:05:00,40.80259,-73.935265,0,0,Passing or Lane Usage Improper,4519955,10.0,3.9,0.5,0.5,0.0,2.0,51,30.1,56.5,313,Drizzle: Light,0,0,
90309,2022-04-16 21:20:00,40.75484,-73.98412,1,0,Failure to Yield Right-of-Way,4520449,19.3,7.4,6.8,6.8,0.0,7.0,61,24.5,47.5,217,Rain: Light,1,1,
90310,2022-04-17 03:42:00,40.880947,-73.85456,0,0,Unsafe Speed,4520373,10.0,3.9,0.5,0.5,0.0,2.0,51,30.1,56.5,313,Drizzle: Light,0,0,
90311,2022-04-17 21:15:00,40.81821,-73.96144,0,0,Unspecified,4520001,10.0,3.9,0.5,0.5,0.0,2.0,51,30.1,56.5,313,Drizzle: Light,0,0,
90312,2022-04-17 12:50:00,40.690872,-73.806435,2,0,Failure to Yield Right-of-Way,4519859,10.0,3.9,0.5,0.5,0.0,2.0,51,30.1,56.5,313,Drizzle: Light,2,2,
90313,2022-04-08 14:10:00,40.63029,-74.08891,1,0,Unspecified,4520358,16.5,7.1,5.2,5.2,0.0,4.0,63,21.3,42.8,253,Rain: Moderate,1,1,
90314,2022-04-16 22:15:00,40.63367,-74.12945,0,0,Tire Failure/Inadequate,4520365,19.3,7.4,6.8,6.8,0.0,7.0,61,24.5,47.5,217,Rain: Light,0,0,
90315,2022-04-15 23:12:00,40.878212,-73.84115,0,0,Driver Inattention/Distraction,4520378,19.2,6.3,0.1,0.1,0.0,1.0,51,26.9,46.1,243,Drizzle: Light,0,0,
90316,2022-04-17 04:55:00,40.711124,-73.833824,0,0,Fell Asleep,4519915,10.0,3.9,0.5,0.5,0.0,2.0,51,30.1,56.5,313,Drizzle: Light,0,0,
90317,2022-04-12 15:45:00,40.74494,-73.887344,2,0,Unspecified,4522711,20.4,7.7,1.6,1.6,0.0,3.0,53,17.8,36.0,271,Drizzle: Moderate,2,2,
90318,2022-04-25 09:40:00,0.0,0.0,0,0,Unspecified,4521990,15.1,6.1,0.0,0.0,0.0,0.0,3,20.9,41.4,119,Overcast,0,0,
90319,2022-04-25 08:15:00,0.0,0.0,1,0,Unspecified,4521956,15.1,6.1,0.0,0.0,0.0,0.0,3,20.9,41.4,119,Overcast,1,1,
90320,2022-04-21 22:10:00,40.69885,-73.938576,0,0,Driver Inattention/Distraction,4522546,13.0,3.8,0.5,0.5,0.0,2.0,51,32.7,60.1,164,Drizzle: Light,0,0,
90321,2022-04-25 08:30:00,40.695637,-73.80372,2,0,Unsafe Speed,4521905,15.1,6.1,0.0,0.0,0.0,0.0,3,20.9,41.4,119,Overcast,2,2,
90322,2022-04-25 08:03:00,40.72921,-73.781166,0,0,Driver Inattention/Distraction,4522129,15.1,6.1,0.0,0.0,0.0,0.0,3,20.9,41.4,119,Overcast,0,0,
90323,2022-04-25 00:00:00,40.84347,-73.836685,1,0,Unspecified,4522168,15.1,6.1,0.0,0.0,0.0,0.0,3,20.9,41.4,119,Overcast,1,1,