,CRASH DATETIME,LATITUDE,LONGITUDE,NUMBER OF PERSONS INJURED,NUMBER OF PERSONS KILLED,CONTRIBUTING FACTOR VEHICLE 1,COLLISION_ID,temperature_2m_max,temperature_2m_min,precipitation_sum,rain_sum,snowfall_sum,precipitation_hours,weather_code,wind_speed_10m_max,wind_gusts_10m_max,wind_direction_10m_dominant,Weather Description,Severity_Score,Total_Affected_Persons,Weather_Category
90324,2022-04-24 17:30:00,40.83142,-73.92643,0,0,Passing or Lane Usage Improper,4522453,15.8,7.0,0.0,0.0,0.0,0.0,3,21.7,43.2,114,Overcast,0,0,
90325,2022-04-25 06:16:00,40.690987,-73.86903,0,0,Turning Improperly,4521924,15.1,6.1,0.0,0.0,0.0,0.0,3,20.9,41.4,119,Overcast,0,0,
90326,2022-07-09 01:15:00,40.863785,-73.90028,0,0,Driver Inattention/Distraction,4545361,30.0,20.5,0.0,0.0,0.0,0.0,3,20.7,43.9,63,Overcast,0,0,
90327,2022-07-09 19:00:00,40.732388,-73.943726,0,0,Failure to Yield Right-of-Way,4545476,30.0,20.5,0.0,0.0,0.0,0.0,3,20.7,43.9,63,Overcast,0,0,
90328,2022-07-09 18:22:00,40.645973,-74.01631,1,0,Unspecified,4545048,30.0,20.5,0.0,0.0,0.0,0.0,3,20.7,43.9,63,Overcast,1,1,
90329,2022-07-09 23:00:00,40.62163,-74.07807,6,0,Driver Inattention/Distraction,4545433,30.0,20.5,0.0,0.0,0.0,0.0,3,20.7,43.9,63,Overcast,6,6,
90330,2022-07-09 23:58:00,40.73566,-73.91521,0,0,Driver Inattention/Distraction,4545130,30.0,20.5,0.0,0.0,0.0,0.0,3,20.7,43.9,63,Overcast,0,0,
90331,2022-07-09 17:25:00,40.606785,-73.91422,0,0,Alcohol Involvement,4544970,30.0,20.5,0.0,0.0,0.0,0.0,3,20.7,43.9,63,Overcast,0,0,
90332,2022-07-08 18:25:00,40.801754,-73.93121,3,0,Driver Inattention/Distraction,4545246,29.6,19.3,1.8,1.8,0.0,8.0,51,15.0,31.0,187,Drizzle: Light,3,3,
90333,2022-07-09 09:16:00,40.68273,-74.0038,0,0,Unspecified,4544843,30.0,20.5,0.0,0.0,0.0,0.0,3,20.7,43.9,63,Overcast,0,0,
90334,2022-07-03 20:45:00,40.87418,-73.84896,0,0,Backing Unsafely,4545398,31.2,21.0,0.0,0.0,0.0,0.0,3,15.8,31.3,341,Overcast,0,0,
90335,2022-07-09 10:12:00,40.702045,-73.9156,0,0,Passing Too Closely,4545213,30.0,20.5,0.0,0.0,0.0,0.0,3,20.7,43.9,63,Overcast,0,0,
90336,2022-07-09 07:40:00,40.8431,-73.84778,1,0,Unspecified,4544996,30.0,20.5,0.0,0.0,0.0,0.0,3,20.7,43.9,63,Overcast,1,1,
90337,2022-07-09 12:25:00,40.838196,-73.901184,1,0,Unspecified,4545221,30.0,20.5,0.0,0.0,0.0,0.0,3,20.7,43.9,63,Overcast,1,1,
90338,2022-07-09 11:31:00,40.874702,-73.85803,2,0,Passenger Distraction,4545082,30.0,20.5,0.0,0.0,0.0,0.0,3,20.7,43.9,63,Overcast,2,2,
90339,2022-07-08 22:45:00,40.76635,-73.95103,2,0,Following Too Closely,4545453,29.6,19.3,1.8,1.8,0.0,8.0,51,15.0,31.0,187,Drizzle: Light,2,2,
90340,2022-07-09 02:55:00,40.74694,-73.89051,1,0,Driver Inattention/Distraction,4544666,30.0,20.5,0.0,0.0,0.0,0.0,3,20.7,43.9,63,Overcast,1,1,
90341,2022-07-06 23:00:00,40.706356,-73.900276,0,0,Driver Inattention/Distraction,4545505,31.6,21.7,0.2,0.2,0.0,1.0,51,19.0,37.1,299,Drizzle: Light,0,0,
90342,2022-07-09 22:10:00,40.686825,-73.93881,0,0,Unsafe Speed,4544923,30.0,20.5,0.0,0.0,0.0,0.0,3,20.7,43.9,63,Overcast,0,0,
90343,2023-01-16 20:30:00,40.862732,-73.90333,0,0,Passing Too Closely,4598351,8.0,-2.7,0.0,0.0,0.0,0.0,2,23.4,41.4,339,Partly cloudy,0,0,
90344,2022-07-01 09:40:00,40.613308,-74.08722,0,0,Unspecified,4545426,33.7,20.2,0.1,0.1,0.0,1.0,51,32.3,58.0,215,Drizzle: Light,0,0,
90345,2022-07-09 04:09:00,40.65771,-73.76757,0,0,Reaction to Uninvolved Vehicle,4544682,30.0,20.5,0.0,0.0,0.0,0.0,3,20.7,43.9,63,Overcast,0,0,
90346,2022-07-07 17:20:00,40.72224,-73.9863,1,0,Failure to Yield Right-of-Way,4545465,27.5,20.1,0.0,0.0,0.0,0.0,3,19.1,37.4,110,Overcast,1,1,
90347,2022-07-09 19:21:00,40.665226,-73.92319,1,0,Unspecified,4544841,30.0,20.5,0.0,0.0,0.0,0.0,3,20.7,43.9,63,Overcast,1,1,
90348,2022-07-09 23:36:00,40.69231,-73.88147,1,0,Unsafe Lane Changing,4545090,30.0,20.5,0.0,0.0,0.0,0.0,3,20.7,43.9,63,Overcast,1,1,
90349,2022-07-09 22:00:00,40.757404,-73.9862,0,0,Passing Too Closely,4544975,30.0,20.5,0.0,0.0,0.0,0.0,3,20.7,43.9,63,Overcast,0,0,
90350,2022-07-08 14:30:00,40.66001,-74.00176,0,0,Following Too Closely,4545342,29.6,19.3,1.8,1.8,0.0,8.0,51,15.0,31.0,187,Drizzle: Light,0,0,
90351,2022-07-09 02:57:00,40.59651,-73.90788,1,0,Driver Inattention/Distraction,4545380,30.0,20.5,0.0,0.0,0.0,0.0,3,20.7,43.9,63,Overcast,1,1,
90352,2022-07-09 00:52:00,40.715527,-73.96642,0,0,Passing Too Closely,4545030,30.0,20.5,0.0,0.0,0.0,0.0,3,20.7,43.9,63,Overcast,0,0,
90353,2022-07-08 08:43:00,40.716385,-73.96143,0,0,,4545486,29.6,19.3,1.8,1.8,0.0,8.0,51,15.0,31.0,187,Drizzle: Light,0,0,
90354,2022-07-09 10:33:00,40.88599,-73.82792,2,0,Driver Inattention/Distraction,4544780,30.0,20.5,0.0,0.0,0.0,0.0,3,20.7,43.9,63,Overcast,2,2,
90355,2022-07-07 05:55:00,40.60247,-73.748024,0,0,Unspecified,4545263,27.5,20.1,0.0,0.0,0.0,0.0,3,19.1,37.4,110,Overcast,0,0,
90356,2022-07-06 16:15:00,40.751026,-73.71374,1,0,Driver Inattention/Distraction,4545321,31.6,21.7,0.2,0.2,0.0,1.0,51,19.0,37.1,299,Drizzle: Light,1,1,
90357,2022-07-09 13:45:00,40.61163,-74.15957,0,0,Driver Inattention/Distraction,4544732,30.0,20.5,0.0,0.0,0.0,0.0,3,20.7,43.9,63,Overcast,0,0,
90358,2022-07-09 14:20:00,40.577637,-73.99697,1,0,Unspecified,4545232,30.0,20.5,0.0,0.0,0.0,0.0,3,20.7,43.9,63,Overcast,1,1,
90359,2022-07-09 22:50:00,40.85482,-73.9112,0,0,Unspecified,4545274,30.0,20.5,0.0,0.0,0.0,0.0,3,20.7,43.9,63,Overcast,0,0,
90360,2022-07-09 11:55:00,40.760063,-73.77523,1,0,Failure to Yield Right-of-Way,4544772,30.0,20.5,0.0,0.0,0.0,0.0,3,20.7,43.9,63,Overcast,1,1,
90361,2022-07-09 17:53:00,40.828377,-73.870384,0,0,Unspecified,4545001,30.0,20.5,0.0,0.0,0.0,0.0,3,20.7,43.9,63,Overcast,0,0,
90362,2022-07-09 21:44:00,40.655148,-73.95478,0,0,Driver Inattention/Distraction,4545422,30.0,20.5,0.0,0.0,0.0,0.0,3,20.7,43.9,63,Overcast,0,0,
90363,2022-07-09 23:15:00,40.723347,-73.939316,0,0,Driver Inattention/Distraction,4545470,30.0,20.5,0.0,0.0,0.0,0.0,3,20.7,43.9,63,Overcast,0,0,
90364,2022-07-06 06:45:00,40.790253,-73.93685,0,0,Following Too Closely,4545337,31.6,21.7,0.2,0.2,0.0,1.0,51,19.0,37.1,299,Drizzle: Light,0,0,
90365,2022-07-09 21:10:00,40.755882,-73.76431,0,0,Unspecified,4544858,30.0,20.5,0.0,0.0,0.0,0.0,3,20.7,43.9,63,Overcast,0,0,
90366,2022-07-09 02:20:00,40.746952,-73.89031,0,0,Passing or Lane Usage Improper,4545008,30.0,20.5,0.0,0.0,0.0,0.0,3,20.7,43.9,63,Overcast,0,0,
90367,2022-07-04 16:00:00,40.73093,-73.864586,1,0,Driver Inattention/Distraction,4545411,30.9,17.5,0.0,0.0,0.0,0.0,3,15.4,27.4,302,Overcast,1,1,
90368,2022-07-09 02:15:00,40.695152,-73.84507,0,0,Backing Unsafely,4545256,30.0,20.5,0.0,0.0,0.0,0.0,3,20.7,43.9,63,Overcast,0,0,
90369,2022-07-09 03:45:00,40.65993,-73.891655,2,0,Traffic Control Disregarded,4544690,30.0,20.5,0.0,0.0,0.0,0.0,3,20.7,43.9,63,Overcast,2,2,
90370,2022-07-01 10:52:00,40.674313,-73.95009,1,0,Driver Inattention/Distraction,4545308,33.7,20.2,0.1,0.1,0.0,1.0,51,32.3,58.0,215,Drizzle: Light,1,1,
90371,2022-07-09 17:20:00,40.71995,-73.81342,0,0,Failure to Yield Right-of-Way,4544822,30.0,20.5,0.0,0.0,0.0,0.0,3,20.7,43.9,63,Overcast,0,0,
90372,2022-07-08 16:25:00,40.634327,-73.949234,1,0,Unspecified,4545278,29.6,19.3,1.8,1.8,0.0,8.0,51,15.0,31.0,187,Drizzle: Light,1,1,
90373,2022-07-02 16:05:00,40.67927,-73.835655,0,0,Driver Inattention/Distraction,4545239,30.8,23.1,4.0,4.0,0.0,5.0,61,19.4,40.0,229,Rain: Light,0,0,
90374,2022-07-09 19:17:00,40.61569,-74.09724,0,0,Unspecified,4545061,30.0,20.5,0.0,0.0,0.0,0.0,3,20.7,43.9,63,Overcast,0,0,
90375,2022-07-08 16:00:00,40.72766,-73.92938,2,0,Following Too Closely,4545480,29.6,19.3,1.8,1.8,0.0,8.0,51,15.0,31.0,187,Drizzle: Light,2,2,
90376,2022-07-09 12:30:00,40.686234,-73.82418,0,0,Driver Inexperience,4545147,30.0,20.5,0.0,0.0,0.0,0.0,3,20.7,43.9,63,Overcast,0,0,
90377,2022-07-09 14:30:00,40.654133,-73.91234,0,0,Unspecified,4545416,30.0,20.5,0.0,0.0,0.0,0.0,3,20.7,43.9,63,Overcast,0,0,
90378,2022-07-09 21:25:00,40.68261,-73.97642,0,0,Turning Improperly,4544931,30.0,20.5,0.0,0.0,0.0,0.0,3,20.7,43.9,63,Overcast,0,0,
90379,2022-07-05 08:00:00,40.71185,-73.745026,0,0,Unspecified,4545322,30.0,20.3,0.5,0.5,0.0,2.0,51,30.4,56.5,191,Drizzle: Light,0,0,
90380,2022-05-20 17:10:00,40.884777,-73.85877,1,0,Failure to Yield Right-of-Way,4545362,22.2,10.7,3.6,3.6,0.0,2.0,61,20.8,40.7,124,Rain: Light,1,1,
90381,2022-07-09 01:30:00,40.76065,-73.84239,0,0,Unspecified,4545007,30.0,20.5,0.0,0.0,0.0,0.0,3,20.7,43.9,63,Overcast,0,0,
90382,2022-06-30 13:38:00,40.6628,-73.978355,3,0,Unspecified,4545283,31.2,17.3,0.0,0.0,0.0,0.0,2,19.1,37.4,274,Partly cloudy,3,3,
90383,2022-07-09 02:33:00,40.627247,-74.01429,0,0,Driver Inattention/Distraction,4544714,30.0,20.5,0.0,0.0,0.0,0.0,3,20.7,43.9,63,Overcast,0,0,
90384,2022-07-09 00:01:00,40.842976,-73.89699,0,0,Unspecified,4545188,30.0,20.5,0.0,0.0,0.0,0.0,3,20.7,43.9,63,Overcast,0,0,
90385,2022-07-09 12:01:00,40.65133,-73.90607,0,0,Unspecified,4544794,30.0,20.5,0.0,0.0,0.0,0.0,3,20.7,43.9,63,Overcast,0,0,
90386,2022-07-09 05:08:00,40.811954,-73.91987,0,0,Backing Unsafely,4545223,30.0,20.5,0.0,0.0,0.0,0.0,3,20.7,43.9,63,Overcast,0,0,
90387,2022-07-09 11:45:00,40.841087,-73.937935,0,0,Unspecified,4544911,30.0,20.5,0.0,0.0,0.0,0.0,3,20.7,43.9,63,Overcast,0,0,
90388,2022-07-09 09:45:00,40.67069,-73.80124,1,0,Unsafe Lane Changing,4545182,30.0,20.5,0.0,0.0,0.0,0.0,3,20.7,43.9,63,Overcast,1,1,
90389,2022-07-06 00:35:00,40.730442,-73.91367,0,0,Unsafe Lane Changing,4545432,31.6,21.7,0.2,0.2,0.0,1.0,51,19.0,37.1,299,Drizzle: Light,0,0,
90390,2022-07-09 05:00:00,40.63851,-74.021225,1,0,Fell Asleep,4545047,30.0,20.5,0.0,0.0,0.0,0.0,3,20.7,43.9,63,Overcast,1,1,
90391,2022-07-08 01:49:00,40.77564,-73.96263,0,0,Other Vehicular,4545455,29.6,19.3,1.8,1.8,0.0,8.0,51,15.0,31.0,187,Drizzle: Light,0,0,
90392,2022-07-09 02:45:00,40.72364,-73.95816,0,0,Other Vehicular,4544668,30.0,20.5,0.0,0.0,0.0,0.0,3,20.7,43.9,63,Overcast,0,0,
90393,2022-07-03 16:45:00,40.7008,-73.907364,0,0,Driver Inattention/Distraction,4545506,31.2,21.0,0.0,0.0,0.0,0.0,3,15.8,31.3,341,Overcast,0,0,
90394,2022-07-09 09:15:00,40.861862,-73.91275,2,0,Driver Inattention/Distraction,4545346,30.0,20.5,0.0,0.0,0.0,0.0,3,20.7,43.9,63,Overcast,2,2,
90395,2022-07-09 22:30:00,40.717407,-73.99583,0,0,Unspecified,4545275,30.0,20.5,0.0,0.0,0.0,0.0,3,20.7,43.9,63,Overcast,0,0,
90396,2022-07-09 03:29:00,40.65772,-73.895386,0,0,Driver Inattention/Distraction,4544771,30.0,20.5,0.0,0.0,0.0,0.0,3,20.7,43.9,63,Overcast,0,0,
90397,2022-07-09 00:00:00,40.808815,-73.87215,0,0,Unsafe Speed,4544775,30.0,20.5,0.0,0.0,0.0,0.0,3,20.7,43.9,63,Overcast,0,0,
90398,2022-07-02 22:47:00,40.799305,-73.94324,1,0,Driver Inattention/Distraction,4545247,30.8,23.1,4.0,4.0,0.0,5.0,61,19.4,40.0,229,Rain: Light,1,1,
90399,2022-06-30 17:52:00,40.756374,-73.99415,1,0,Passing or Lane Usage Improper,4545504,31.2,17.3,0.0,0.0,0.0,0.0,2,19.1,37.4,274,Partly cloudy,1,1,
90400,2022-07-09 15:45:00,40.757668,-73.95915,0,0,Following Too Closely,4544802,30.0,20.5,0.0,0.0,0.0,0.0,3,20.7,43.9,63,Overcast,0,0,
90401,2022-07-08 13:00:00,40.60071,-73.75376,0,0,Unspecified,4545264,29.6,19.3,1.8,1.8,0.0,8.0,51,15.0,31.0,187,Drizzle: Light,0,0,
90402,2022-07-07 04:20:00,40.7011,-73.84157,0,0,Passing Too Closely,4545293,27.5,20.1,0.0,0.0,0.0,0.0,3,19.1,37.4,110,Overcast,0,0,
90403,2022-07-09 11:30:00,40.692127,-73.83484,0,0,Passing or Lane Usage Improper,4544726,30.0,20.5,0.0,0.0,0.0,0.0,3,20.7,43.9,63,Overcast,0,0,
90404,2022-07-08 21:10:00,40.68703,-73.84773,0,0,Passing Too Closely,4545248,29.6,19.3,1.8,1.8,0.0,8.0,51,15.0,31.0,187,Drizzle: Light,0,0,
90405,2022-07-07 22:05:00,40.677406,-73.983055,1,0,Pedestrian/Bicyclist/Other Pedestrian Error/Confusion,4545288,27.5,20.1,0.0,0.0,0.0,0.0,3,19.1,37.4,110,Overcast,1,1,
90406,2022-07-09 15:58:00,40.74608,-73.974945,0,0,Driver Inattention/Distraction,4544734,30.0,20.5,0.0,0.0,0.0,0.0,3,20.7,43.9,63,Overcast,0,0,
90407,2022-07-09 10:30:00,40.62587,-74.00295,0,0,Driver Inattention/Distraction,4544800,30.0,20.5,0.0,0.0,0.0,0.0,3,20.7,43.9,63,Overcast,0,0,
90408,2022-07-09 11:25:00,40.795525,-73.97594,0,0,Following Too Closely,4544837,30.0,20.5,0.0,0.0,0.0,0.0,3,20.7,43.9,63,Overcast,0,0,
90409,2022-07-09 07:00:00,40.702038,-73.86726,0,0,Passing or Lane Usage Improper,4545091,30.0,20.5,0.0,0.0,0.0,0.0,3,20.7,43.9,63,Overcast,0,0,
90410,2022-07-09 00:32:00,40.8692,-73.89456,1,0,Driver Inattention/Distraction,4545345,30.0,20.5,0.0,0.0,0.0,0.0,3,20.7,43.9,63,Overcast,1,1,
90411,2022-07-09 18:06:00,40.7206,-73.95476,1,0,Other Vehicular,4545485,30.0,20.5,0.0,0.0,0.0,0.0,3,20.7,43.9,63,Overcast,1,1,
90412,2022-07-09 15:15:00,40.74216,-73.804436,2,0,Passing or Lane Usage Improper,4544756,30.0,20.5,0.0,0.0,0.0,0.0,3,20.7,43.9,63,Overcast,2,2,
90413,2022-07-09 03:20:00,40.694138,-73.92649,0,0,Unsafe Speed,4544894,30.0,20.5,0.0,0.0,0.0,0.0,3,20.7,43.9,63,Overcast,0,0,
90414,2022-07-09 09:25:00,40.838383,-73.91902,0,0,Backing Unsafely,4544712,30.0,20.5,0.0,0.0,0.0,0.0,3,20.7,43.9,63,Overcast,0,0,
90415,2022-07-09 00:00:00,40.80119,-73.93003,0,0,Unspecified,4545243,30.0,20.5,0.0,0.0,0.0,0.0,3,20.7,43.9,63,Overcast,0,0,
90416,2022-07-09 19:52:00,40.749184,-73.758194,0,0,Failure to Yield Right-of-Way,4544809,30.0,20.5,0.0,0.0,0.0,0.0,3,20.7,43.9,63,Overcast,0,0,
90417,2022-06-28 08:55:00,40.804993,-73.911354,1,0,Tire Failure/Inadequate,4545430,27.5,19.1,0.0,0.0,0.0,0.0,3,14.4,28.4,334,Overcast,1,1,
90418,2022-07-06 19:57:00,40.69507,-73.86129,0,0,Turning Improperly,4545294,31.6,21.7,0.2,0.2,0.0,1.0,51,19.0,37.1,299,Drizzle: Light,0,0,
90419,2022-07-09 21:50:00,40.68612,-73.785286,0,0,Unsafe Speed,4544977,30.0,20.5,0.0,0.0,0.0,0.0,3,20.7,43.9,63,Overcast,0,0,
90420,2022-07-04 07:00:00,40.6705,-73.94488,0,0,Unspecified,4545307,30.9,17.5,0.0,0.0,0.0,0.0,3,15.4,27.4,302,Overcast,0,0,
90421,2022-07-09 01:42:00,40.652927,-73.959335,1,0,Unspecified,4545281,30.0,20.5,0.0,0.0,0.0,0.0,3,20.7,43.9,63,Overcast,1,1,
90422,2022-07-09 23:30:00,40.65622,-73.913155,0,0,Turning Improperly,4545069,30.0,20.5,0.0,0.0,0.0,0.0,3,20.7,43.9,63,Overcast,0,0,
90423,2022-07-03 19:40:00,40.715443,-73.95185,0,0,Driver Inattention/Distraction,4545377,31.2,21.0,0.0,0.0,0.0,0.0,3,15.8,31.3,341,Overcast,0,0,
90424,2022-07-09 15:00:00,40.758316,-73.91069,0,0,Driver Inattention/Distraction,4544960,30.0,20.5,0.0,0.0,0.0,0.0,3,20.7,43.9,63,Overcast,0,0,
90425,2022-06-24 22:45:00,40.612724,-74.07142,0,0,Unspecified,4545423,26.7,14.6,1.0,1.0,0.0,6.0,51,19.2,37.4,204,Drizzle: Light,0,0,
90426,2022-07-09 06:20:00,40.80949,-73.96411,0,0,Backing Unsafely,4544928,30.0,20.5,0.0,0.0,0.0,0.0,3,20.7,43.9,63,Overcast,0,0,
90427,2022-07-09 01:45:00,40.8681,-73.90836,0,0,Unsafe Speed,4544686,30.0,20.5,0.0,0.0,0.0,0.0,3,20.7,43.9,63,Overcast,0,0,
90428,2022-07-06 15:39:00,40.730377,-73.73745,0,0,Unspecified,4545460,31.6,21.7,0.2,0.2,0.0,1.0,51,19.0,37.1,299,Drizzle: Light,0,0,
90429,2022-07-09 03:48:00,40.87582,-73.85002,1,0,Unsafe Speed,4544785,30.0,20.5,0.0,0.0,0.0,0.0,3,20.7,43.9,63,Overcast,1,1,
90430,2022-07-09 10:00:00,40.760452,-73.84306,0,0,Following Too Closely,4545009,30.0,20.5,0.0,0.0,0.0,0.0,3,20.7,43.9,63,Overcast,0,0,
90431,2022-06-26 15:07:00,40.87314,-73.90572,2,0,Failure to Yield Right-of-Way,4545355,30.8,19.9,0.0,0.0,0.0,0.0,3,30.9,55.8,188,Overcast,2,2,
90432,2022-02-06 16:03:00,40.63465,-73.93727,1,0,Unspecified,4500712,-1.4,-8.8,0.0,0.0,0.0,0.0,3,16.2,31.7,83,Overcast,1,1,
90433,2022-07-09 18:57:00,40.654133,-73.91234,1,0,Passing or Lane Usage Improper,4545035,30.0,20.5,0.0,0.0,0.0,0.0,3,20.7,43.9,63,Overcast,1,1,
90434,2022-07-09 23:17:00,40.797943,-73.94003,0,0,Driver Inattention/Distraction,4545237,30.0,20.5,0.0,0.0,0.0,0.0,3,20.7,43.9,63,Overcast,0,0,
90435,2022-07-04 10:39:00,40.755997,-73.8634,1,0,Unspecified,4545363,30.9,17.5,0.0,0.0,0.0,0.0,3,15.4,27.4,302,Overcast,1,1,
90436,2022-07-09 13:12:00,40.81557,-73.85678,0,0,Driver Inattention/Distraction,4544998,30.0,20.5,0.0,0.0,0.0,0.0,3,20.7,43.9,63,Overcast,0,0,
90437,2022-07-06 13:56:00,40.761486,-73.96061,1,0,Failure to Yield Right-of-Way,4545437,31.6,21.7,0.2,0.2,0.0,1.0,51,19.0,37.1,299,Drizzle: Light,1,1,
90438,2022-07-09 13:30:00,40.725582,-73.989876,0,0,Unspecified,4545468,30.0,20.5,0.0,0.0,0.0,0.0,3,20.7,43.9,63,Overcast,0,0,
90439,2022-07-08 00:00:00,40.726933,-73.99992,0,0,Driver Inattention/Distraction,4545255,29.6,19.3,1.8,1.8,0.0,8.0,51,15.0,31.0,187,Drizzle: Light,0,0,
90440,2022-06-19 20:11:00,40.811977,-73.92,1,0,Unspecified,4545338,22.4,12.4,0.0,0.0,0.0,0.0,3,30.3,58.7,324,Overcast,1,1,
90441,2022-07-09 08:07:00,40.610344,-74.07945,0,0,Driver Inattention/Distraction,4545060,30.0,20.5,0.0,0.0,0.0,0.0,3,20.7,43.9,63,Overcast,0,0,
90442,2022-07-09 17:20:00,40.8385,-73.90598,2,0,Unspecified,4545209,30.0,20.5,0.0,0.0,0.0,0.0,3,20.7,43.9,63,Overcast,2,2,
90443,2022-07-08 07:00:00,40.756836,-73.83872,0,0,Driver Inexperience,4545402,29.6,19.3,1.8,1.8,0.0,8.0,51,15.0,31.0,187,Drizzle: Light,0,0,
90444,2022-07-09 09:55:00,40.576744,-73.98372,1,0,Driver Inattention/Distraction,4545228,30.0,20.5,0.0,0.0,0.0,0.0,3,20.7,43.9,63,Overcast,1,1,
90445,2022-07-09 17:10:00,40.678837,-73.9958,1,0,Unspecified,4545417,30.0,20.5,0.0,0.0,0.0,0.0,3,20.7,43.9,63,Overcast,1,1,
90446,2022-07-09 00:20:00,40.698036,-73.962845,0,0,Unspecified,4544669,30.0,20.5,0.0,0.0,0.0,0.0,3,20.7,43.9,63,Overcast,0,0,
90447,2022-06-29 09:04:00,40.80114,-73.93769,0,0,Unspecified,4545508,29.0,17.7,0.0,0.0,0.0,0.0,3,27.2,51.5,195,Overcast,0,0,
90448,2022-07-04 16:47:00,40.77818,-73.95655,0,0,Driver Inattention/Distraction,4545440,30.9,17.5,0.0,0.0,0.0,0.0,3,15.4,27.4,302,Overcast,0,0,
90449,2022-07-09 13:20:00,40.776577,-73.908134,0,0,Backing Unsafely,4544959,30.0,20.5,0.0,0.0,0.0,0.0,3,20.7,43.9,63,Overcast,0,0,
90450,2022-07-03 15:42:00,40.71484,-73.99694,0,0,Backing Unsafely,4545276,31.2,21.0,0.0,0.0,0.0,0.0,3,15.8,31.3,341,Overcast,0,0,
90451,2022-07-09 04:30:00,40.820187,-73.890686,0,0,Following Too Closely,4544776,30.0,20.5,0.0,0.0,0.0,0.0,3,20.7,43.9,63,Overcast,0,0,
90452,2022-07-08 08:05:00,40.728767,-73.945015,0,0,Driver Inattention/Distraction,4545479,29.6,19.3,1.8,1.8,0.0,8.0,51,15.0,31.0,187,Drizzle: Light,0,0,
90453,2022-07-08 09:40:00,40.85228,-73.87159,0,0,Driver Inattention/Distraction,4545356,29.6,19.3,1.8,1.8,0.0,8.0,51,15.0,31.0,187,Drizzle: Light,0,0,
90454,2022-07-09 19:00:00,40.668995,-73.91058,0,0,Unspecified,4545065,30.0,20.5,0.0,0.0,0.0,0.0,3,20.7,43.9,63,Overcast,0,0,
90455,2022-07-09 03:00:00,40.74467,-73.8951,2,0,Driver Inattention/Distraction,4545140,30.0,20.5,0.0,0.0,0.0,0.0,3,20.7,43.9,63,Overcast,2,2,
90456,2022-07-08 21:00:00,40.84181,-73.93579,0,0,Driver Inattention/Distraction,4545328,29.6,19.3,1.8,1.8,0.0,8.0,51,15.0,31.0,187,Drizzle: Light,0,0,
90457,2022-02-06 20:45:00,40.69759,-73.73176,0,0,Unspecified,4500828,-1.4,-8.8,0.0,0.0,0.0,0.0,3,16.2,31.7,83,Overcast,0,0,
90458,2022-07-09 09:20:00,40.806915,-73.93557,0,0,Driver Inattention/Distraction,4545244,30.0,20.5,0.0,0.0,0.0,0.0,3,20.7,43.9,63,Overcast,0,0,
90459,2022-07-09 20:30:00,40.69993,-73.96188,0,0,Driver Inattention/Distraction,4544808,30.0,20.5,0.0,0.0,0.0,0.0,3,20.7,43.9,63,Overcast,0,0,
90460,2022-07-09 13:59:00,40.674114,-73.998085,1,0,Unspecified,4544847,30.0,20.5,0.0,0.0,0.0,0.0,3,20.7,43.9,63,Overcast,1,1,
90461,2022-07-09 10:35:00,40.727154,-73.730705,1,0,Lost Consciousness,4544728,30.0,20.5,0.0,0.0,0.0,0.0,3,20.7,43.9,63,Overcast,1,1,
90462,2022-07-08 02:24:00,40.732353,-74.00353,0,0,Failure to Yield Right-of-Way,4545249,29.6,19.3,1.8,1.8,0.0,8.0,51,15.0,31.0,187,Drizzle: Light,0,0,
90463,2022-07-09 15:57:00,40.828094,-73.84704,0,0,Unsafe Speed,4545005,30.0,20.5,0.0,0.0,0.0,0.0,3,20.7,43.9,63,Overcast,0,0,
90464,2022-07-06 11:19:00,40.75892,-73.999695,2,0,Accelerator Defective,4545503,31.6,21.7,0.2,0.2,0.0,1.0,51,19.0,37.1,299,Drizzle: Light,2,2,
90465,2022-07-09 04:30:00,40.69168,-73.999344,1,0,Following Too Closely,4544810,30.0,20.5,0.0,0.0,0.0,0.0,3,20.7,43.9,63,Overcast,1,1,
90466,2022-07-09 19:45:00,40.865547,-73.86157,2,0,Driver Inattention/Distraction,4544879,30.0,20.5,0.0,0.0,0.0,0.0,3,20.7,43.9,63,Overcast,2,2,
90467,2022-07-02 18:24:00,40.68804,-73.83275,1,0,Failure to Yield Right-of-Way,4545340,30.8,23.1,4.0,4.0,0.0,5.0,61,19.4,40.0,229,Rain: Light,1,1,
90468,2022-07-06 14:17:00,40.677296,-73.96901,2,0,Following Too Closely,4545290,31.6,21.7,0.2,0.2,0.0,1.0,51,19.0,37.1,299,Drizzle: Light,2,2,
90469,2022-07-09 21:00:00,40.78168,-73.82102,0,0,Passing Too Closely,4545297,30.0,20.5,0.0,0.0,0.0,0.0,3,20.7,43.9,63,Overcast,0,0,
90470,2022-07-09 11:00:00,40.84197,-73.90417,0,0,Passing or Lane Usage Improper,4544725,30.0,20.5,0.0,0.0,0.0,0.0,3,20.7,43.9,63,Overcast,0,0,
90471,2022-07-09 15:50:00,40.7696,-73.95471,0,0,Driver Inattention/Distraction,4545179,30.0,20.5,0.0,0.0,0.0,0.0,3,20.7,43.9,63,Overcast,0,0,
90472,2022-07-09 04:09:00,40.676598,-73.89038,0,0,Unspecified,4544770,30.0,20.5,0.0,0.0,0.0,0.0,3,20.7,43.9,63,Overcast,0,0,
90473,2022-07-06 23:25:00,40.73723,-74.000656,0,0,Aggressive Driving/Road Rage,4545254,31.6,21.7,0.2,0.2,0.0,1.0,51,19.0,37.1,299,Drizzle: Light,0,0,
90474,2022-07-09 07:45:00,40.574085,-73.97672,0,0,Unspecified,4544706,30.0,20.5,0.0,0.0,0.0,0.0,3,20.7,43.9,63,Overcast,0,0,