,CRASH DATETIME,LATITUDE,LONGITUDE,NUMBER OF PERSONS INJURED,NUMBER OF PERSONS KILLED,CONTRIBUTING FACTOR VEHICLE 1,COLLISION_ID,temperature_2m_max,temperature_2m_min,precipitation_sum,rain_sum,snowfall_sum,precipitation_hours,weather_code,wind_speed_10m_max,wind_gusts_10m_max,wind_direction_10m_dominant,Weather Description,Severity_Score,Total_Affected_Persons,Weather_Category
90475,2022-07-09 14:26:00,40.84105,-73.94469,0,0,Unspecified,4544905,30.0,20.5,0.0,0.0,0.0,0.0,3,20.7,43.9,63,Overcast,0,0,
90476,2022-07-04 16:14:00,40.67096,-73.98822,1,0,Passing or Lane Usage Improper,4545285,30.9,17.5,0.0,0.0,0.0,0.0,3,15.4,27.4,302,Overcast,1,1,
90477,2022-07-09 02:00:00,40.804848,-73.934555,0,0,Unspecified,4545242,30.0,20.5,0.0,0.0,0.0,0.0,3,20.7,43.9,63,Overcast,0,0,
90478,2022-07-09 11:15:00,40.630577,-73.88591,0,0,Following Too Closely,4544796,30.0,20.5,0.0,0.0,0.0,0.0,3,20.7,43.9,63,Overcast,0,0,
90479,2022-07-08 22:50:00,40.725677,-73.98077,0,0,Unspecified,4545467,29.6,19.3,1.8,1.8,0.0,8.0,51,15.0,31.0,187,Drizzle: Light,0,0,
90480,2022-06-29 18:45:00,40.630936,-74.10261,0,0,Driver Inattention/Distraction,4545424,29.0,17.7,0.0,0.0,0.0,0.0,3,27.2,51.5,195,Overcast,0,0,
90481,2022-07-09 21:35:00,40.65616,-73.76736,0,0,Following Too Closely,4545011,30.0,20.5,0.0,0.0,0.0,0.0,3,20.7,43.9,63,Overcast,0,0,
90482,2022-07-09 21:28:00,40.547794,-74.2171,0,0,Traffic Control Disregarded,4544987,30.0,20.5,0.0,0.0,0.0,0.0,3,20.7,43.9,63,Overcast,0,0,
90483,2022-07-04 03:35:00,40.652515,-74.00941,3,0,Driver Inattention/Distraction,4545344,30.9,17.5,0.0,0.0,0.0,0.0,3,15.4,27.4,302,Overcast,3,3,
90484,2022-07-08 15:50:00,40.86601,-73.84622,0,0,Unspecified,4545376,29.6,19.3,1.8,1.8,0.0,8.0,51,15.0,31.0,187,Drizzle: Light,0,0,
90485,2022-07-09 19:11:00,40.707336,-73.93219,0,0,Reaction to Uninvolved Vehicle,4545042,30.0,20.5,0.0,0.0,0.0,0.0,3,20.7,43.9,63,Overcast,0,0,
90486,2022-07-09 14:40:00,40.762745,-73.83329,1,0,Following Too Closely,4544791,30.0,20.5,0.0,0.0,0.0,0.0,3,20.7,43.9,63,Overcast,1,1,
90487,2022-07-09 01:00:00,40.75224,-73.820854,0,0,Failure to Yield Right-of-Way,4544755,30.0,20.5,0.0,0.0,0.0,0.0,3,20.7,43.9,63,Overcast,0,0,
90488,2022-07-09 04:55:00,40.7196,-73.94391,0,0,Unspecified,4545484,30.0,20.5,0.0,0.0,0.0,0.0,3,20.7,43.9,63,Overcast,0,0,
90489,2022-07-05 23:00:00,40.689713,-73.840775,0,0,Unspecified,4545258,30.0,20.3,0.5,0.5,0.0,2.0,51,30.4,56.5,191,Drizzle: Light,0,0,
90490,2022-07-05 15:00:00,40.671772,-73.93641,0,0,Driver Inattention/Distraction,4545306,30.0,20.3,0.5,0.5,0.0,2.0,51,30.4,56.5,191,Drizzle: Light,0,0,
90491,2022-07-09 18:42:00,40.72416,-73.754974,0,0,Brakes Defective,4544826,30.0,20.5,0.0,0.0,0.0,0.0,3,20.7,43.9,63,Overcast,0,0,
90492,2022-07-09 22:30:00,40.77042,-73.875465,2,0,Traffic Control Disregarded,4545080,30.0,20.5,0.0,0.0,0.0,0.0,3,20.7,43.9,63,Overcast,2,2,
90493,2022-07-05 12:30:00,40.631138,-73.963486,0,0,Unspecified,4545280,30.0,20.3,0.5,0.5,0.0,2.0,51,30.4,56.5,191,Drizzle: Light,0,0,
90494,2022-07-08 13:47:00,40.666008,-73.789536,3,0,Unsafe Speed,4545234,29.6,19.3,1.8,1.8,0.0,8.0,51,15.0,31.0,187,Drizzle: Light,3,3,
90495,2022-07-09 03:39:00,40.664154,-73.8949,0,0,Unsafe Speed,4544738,30.0,20.5,0.0,0.0,0.0,0.0,3,20.7,43.9,63,Overcast,0,0,
90496,2022-07-09 05:30:00,40.751297,-73.73986,1,0,Driver Inattention/Distraction,4544688,30.0,20.5,0.0,0.0,0.0,0.0,3,20.7,43.9,63,Overcast,1,1,
90497,2022-07-09 11:15:00,40.567627,-74.11262,0,0,Failure to Yield Right-of-Way,4544925,30.0,20.5,0.0,0.0,0.0,0.0,3,20.7,43.9,63,Overcast,0,0,
90498,2022-07-09 12:34:00,40.60891,-73.990204,0,0,Driver Inattention/Distraction,4545095,30.0,20.5,0.0,0.0,0.0,0.0,3,20.7,43.9,63,Overcast,0,0,
90499,2022-07-09 14:20:00,40.741936,-73.97263,0,0,Passing or Lane Usage Improper,4544832,30.0,20.5,0.0,0.0,0.0,0.0,3,20.7,43.9,63,Overcast,0,0,
90500,2022-07-06 11:15:00,40.838757,-73.882904,0,0,Following Too Closely,4545429,31.6,21.7,0.2,0.2,0.0,1.0,51,19.0,37.1,299,Drizzle: Light,0,0,
90501,2022-07-09 00:36:00,40.69798,-73.73359,0,0,Driver Inattention/Distraction,4545462,30.0,20.5,0.0,0.0,0.0,0.0,3,20.7,43.9,63,Overcast,0,0,
90502,2022-07-09 00:15:00,40.878853,-73.87349,1,0,Unspecified,4545353,30.0,20.5,0.0,0.0,0.0,0.0,3,20.7,43.9,63,Overcast,1,1,
90503,2022-07-09 13:58:00,40.753307,-73.90669,1,0,Driver Inattention/Distraction,4544961,30.0,20.5,0.0,0.0,0.0,0.0,3,20.7,43.9,63,Overcast,1,1,
90504,2022-07-05 00:05:00,40.758472,-73.86676,0,0,Unspecified,4545364,30.0,20.3,0.5,0.5,0.0,2.0,51,30.4,56.5,191,Drizzle: Light,0,0,
90505,2022-07-08 14:00:00,40.742233,-73.9933,0,0,Passing Too Closely,4545250,29.6,19.3,1.8,1.8,0.0,8.0,51,15.0,31.0,187,Drizzle: Light,0,0,
90506,2022-07-09 11:24:00,40.627678,-74.14925,0,0,Backing Unsafely,4544777,30.0,20.5,0.0,0.0,0.0,0.0,3,20.7,43.9,63,Overcast,0,0,
90507,2022-07-09 05:10:00,40.719357,-74.001915,0,0,Unsafe Speed,4545277,30.0,20.5,0.0,0.0,0.0,0.0,3,20.7,43.9,63,Overcast,0,0,
90508,2022-07-09 12:59:00,40.74778,-73.88248,1,0,Traffic Control Disregarded,4545502,30.0,20.5,0.0,0.0,0.0,0.0,3,20.7,43.9,63,Overcast,1,1,
90509,2022-07-08 18:35:00,40.802597,-73.94506,2,0,Driver Inattention/Distraction,4545245,29.6,19.3,1.8,1.8,0.0,8.0,51,15.0,31.0,187,Drizzle: Light,2,2,
90510,2022-07-09 09:30:00,40.66045,-73.86719,1,0,Unspecified,4544768,30.0,20.5,0.0,0.0,0.0,0.0,3,20.7,43.9,63,Overcast,1,1,
90511,2022-07-09 12:08:00,40.69168,-73.999344,0,0,Passing or Lane Usage Improper,4544811,30.0,20.5,0.0,0.0,0.0,0.0,3,20.7,43.9,63,Overcast,0,0,
90512,2022-06-17 23:59:00,40.66638,-73.9244,0,0,Fell Asleep,4545299,31.8,19.1,0.0,0.0,0.0,0.0,3,30.4,55.4,268,Overcast,0,0,
90513,2022-07-09 07:15:00,40.750217,-73.979065,0,0,Driver Inattention/Distraction,4544729,30.0,20.5,0.0,0.0,0.0,0.0,3,20.7,43.9,63,Overcast,0,0,
90514,2022-07-09 15:09:00,40.856323,-73.87244,1,0,Following Too Closely,4545360,30.0,20.5,0.0,0.0,0.0,0.0,3,20.7,43.9,63,Overcast,1,1,
90515,2022-09-25 00:50:00,40.64491,-73.92192,0,0,Driver Inattention/Distraction,4567168,23.8,11.8,0.3,0.3,0.0,1.0,51,22.2,41.0,207,Drizzle: Light,0,0,
90516,2022-07-08 05:30:00,40.619034,-74.068726,0,0,Unspecified,4545434,29.6,19.3,1.8,1.8,0.0,8.0,51,15.0,31.0,187,Drizzle: Light,0,0,
90517,2022-07-06 11:33:00,40.76155,-73.96659,0,0,Driver Inattention/Distraction,4545449,31.6,21.7,0.2,0.2,0.0,1.0,51,19.0,37.1,299,Drizzle: Light,0,0,
90518,2022-07-09 00:20:00,40.698246,-73.98055,0,0,Turning Improperly,4544673,30.0,20.5,0.0,0.0,0.0,0.0,3,20.7,43.9,63,Overcast,0,0,
90519,2022-07-09 23:10:00,40.66706,-73.7392,1,0,Passing Too Closely,4545174,30.0,20.5,0.0,0.0,0.0,0.0,3,20.7,43.9,63,Overcast,1,1,
90520,2022-07-09 12:45:00,40.59148,-73.98133,0,0,Unsafe Speed,4545230,30.0,20.5,0.0,0.0,0.0,0.0,3,20.7,43.9,63,Overcast,0,0,
90521,2022-07-09 13:14:00,40.776978,-73.90101,0,0,Driver Inattention/Distraction,4544958,30.0,20.5,0.0,0.0,0.0,0.0,3,20.7,43.9,63,Overcast,0,0,
90522,2022-06-14 08:50:00,40.744778,-73.97589,1,0,Driver Inattention/Distraction,4545333,29.0,18.6,0.0,0.0,0.0,0.0,3,19.1,40.0,10,Overcast,1,1,
90523,2022-07-09 16:42:00,40.835342,-73.86508,0,0,Failure to Yield Right-of-Way,4545004,30.0,20.5,0.0,0.0,0.0,0.0,3,20.7,43.9,63,Overcast,0,0,
90524,2022-07-09 12:12:00,40.57275,-73.997055,0,0,Driver Inattention/Distraction,4545210,30.0,20.5,0.0,0.0,0.0,0.0,3,20.7,43.9,63,Overcast,0,0,
90525,2022-07-09 02:15:00,40.81459,-73.891335,0,0,Passing or Lane Usage Improper,4544806,30.0,20.5,0.0,0.0,0.0,0.0,3,20.7,43.9,63,Overcast,0,0,
90526,2022-01-08 10:01:00,40.86558,-73.89888,1,0,Following Too Closely,4493415,-3.3,-8.4,0.0,0.0,0.0,0.0,1,21.6,37.8,277,Mainly clear,1,1,Sunny/Clear Conditions
90527,2022-01-10 13:05:00,40.727753,-73.95725,2,0,Driver Inattention/Distraction,4493484,4.1,-4.3,0.0,0.0,0.0,0.0,3,24.1,44.3,295,Overcast,2,2,
90528,2022-02-05 14:20:00,40.609535,-73.75372,1,0,Failure to Yield Right-of-Way,4501178,-1.9,-6.9,0.4,0.0,0.28,3.0,71,26.8,50.4,322,Snow fall: Light,1,1,Snowy Conditions
90529,2022-01-29 12:00:00,40.664207,-73.913246,0,0,Unspecified,4501157,-1.7,-12.9,17.6,0.1,12.25,19.0,75,39.7,72.7,336,Snow fall: Heavy,0,0,Snowy Conditions
90530,2022-02-06 19:05:00,40.876816,-73.847015,0,0,Backing Unsafely,4501127,-1.4,-8.8,0.0,0.0,0.0,0.0,3,16.2,31.7,83,Overcast,0,0,
90531,2022-02-06 10:00:00,40.83147,-73.94678,0,0,Unspecified,4501210,-1.4,-8.8,0.0,0.0,0.0,0.0,3,16.2,31.7,83,Overcast,0,0,
90532,2022-01-26 13:08:00,40.747032,-73.87937,1,0,Unspecified,4501202,-3.1,-8.0,0.0,0.0,0.0,0.0,0,20.5,39.6,328,Clear sky,1,1,Sunny/Clear Conditions
90533,2022-02-03 08:20:00,40.826397,-73.92116,0,0,Unspecified,4501224,9.2,2.3,13.1,13.1,0.0,17.0,61,14.9,23.8,194,Rain: Light,0,0,
90534,2022-07-09 10:16:00,40.721638,-74.011894,0,0,Steering Failure,4544723,30.0,20.5,0.0,0.0,0.0,0.0,3,20.7,43.9,63,Overcast,0,0,
90535,2022-07-08 01:20:00,40.69518,-73.84456,0,0,Pavement Defective,4545267,29.6,19.3,1.8,1.8,0.0,8.0,51,15.0,31.0,187,Drizzle: Light,0,0,
90536,2022-07-07 17:12:00,40.655186,-73.97475,0,0,Passing Too Closely,4545341,27.5,20.1,0.0,0.0,0.0,0.0,3,19.1,37.4,110,Overcast,0,0,
90537,2022-02-06 18:35:00,40.859985,-73.90409,0,0,Failure to Yield Right-of-Way,4500581,-1.4,-8.8,0.0,0.0,0.0,0.0,3,16.2,31.7,83,Overcast,0,0,
90538,2022-02-06 00:15:00,40.712597,-73.967735,0,0,Steering Failure,4500475,-1.4,-8.8,0.0,0.0,0.0,0.0,3,16.2,31.7,83,Overcast,0,0,
90539,2022-02-06 00:55:00,40.604618,-74.02771,0,0,Following Too Closely,4500126,-1.4,-8.8,0.0,0.0,0.0,0.0,3,16.2,31.7,83,Overcast,0,0,
90540,2022-02-06 14:00:00,40.74013,-73.89976,0,0,Driver Inattention/Distraction,4500450,-1.4,-8.8,0.0,0.0,0.0,0.0,3,16.2,31.7,83,Overcast,0,0,
90541,2022-02-06 16:00:00,40.712463,-73.950745,0,0,Following Too Closely,4500508,-1.4,-8.8,0.0,0.0,0.0,0.0,3,16.2,31.7,83,Overcast,0,0,
90542,2022-01-31 16:00:00,40.795532,-73.935745,1,0,Passing Too Closely,4500975,-3.4,-17.1,0.0,0.0,0.0,0.0,3,12.2,18.0,23,Overcast,1,1,
90543,2022-02-04 14:35:00,0.0,0.0,0,0,Unspecified,4501117,12.5,-2.3,26.6,26.5,0.07,23.0,71,29.7,50.4,313,Snow fall: Light,0,0,Snowy Conditions
90544,2022-02-06 02:10:00,40.725792,-74.01103,0,0,Passing or Lane Usage Improper,4500169,-1.4,-8.8,0.0,0.0,0.0,0.0,3,16.2,31.7,83,Overcast,0,0,
90545,2022-02-06 00:00:00,40.692253,-73.86341,0,0,Steering Failure,4500519,-1.4,-8.8,0.0,0.0,0.0,0.0,3,16.2,31.7,83,Overcast,0,0,
90546,2022-02-04 00:01:00,40.663105,-73.93849,1,0,Following Too Closely,4501092,12.5,-2.3,26.6,26.5,0.07,23.0,71,29.7,50.4,313,Snow fall: Light,1,1,Snowy Conditions
90547,2022-01-31 05:35:00,40.683098,-73.78432,0,0,Passing Too Closely,4500935,-3.4,-17.1,0.0,0.0,0.0,0.0,3,12.2,18.0,23,Overcast,0,0,
90548,2022-02-06 14:34:00,40.686085,-73.982666,0,0,Unspecified,4500373,-1.4,-8.8,0.0,0.0,0.0,0.0,3,16.2,31.7,83,Overcast,0,0,
90549,2022-02-06 00:09:00,40.88078,-73.88347,1,0,Passing Too Closely,4500590,-1.4,-8.8,0.0,0.0,0.0,0.0,3,16.2,31.7,83,Overcast,1,1,
90550,2022-02-06 11:50:00,40.67386,-73.88259,0,0,Following Too Closely,4500661,-1.4,-8.8,0.0,0.0,0.0,0.0,3,16.2,31.7,83,Overcast,0,0,
90551,2022-02-06 11:30:00,40.84497,-73.90247,0,0,Driver Inattention/Distraction,4500724,-1.4,-8.8,0.0,0.0,0.0,0.0,3,16.2,31.7,83,Overcast,0,0,
90552,2022-02-06 19:20:00,40.64664,-73.9246,1,0,Driver Inattention/Distraction,4500781,-1.4,-8.8,0.0,0.0,0.0,0.0,3,16.2,31.7,83,Overcast,1,1,
90553,2022-02-06 05:13:00,40.739193,-73.90128,0,0,Driver Inattention/Distraction,4500333,-1.4,-8.8,0.0,0.0,0.0,0.0,3,16.2,31.7,83,Overcast,0,0,
90554,2022-02-06 10:00:00,40.688236,-73.76196,0,0,Driver Inattention/Distraction,4500279,-1.4,-8.8,0.0,0.0,0.0,0.0,3,16.2,31.7,83,Overcast,0,0,
90555,2022-02-06 02:10:00,40.853775,-73.897156,1,0,Aggressive Driving/Road Rage,4500323,-1.4,-8.8,0.0,0.0,0.0,0.0,3,16.2,31.7,83,Overcast,1,1,
90556,2022-02-06 00:04:00,40.673634,-73.76384,0,0,Passing or Lane Usage Improper,4500281,-1.4,-8.8,0.0,0.0,0.0,0.0,3,16.2,31.7,83,Overcast,0,0,
90557,2022-02-06 11:23:00,40.63158,-73.94755,6,0,Reaction to Uninvolved Vehicle,4501057,-1.4,-8.8,0.0,0.0,0.0,0.0,3,16.2,31.7,83,Overcast,6,6,
90558,2022-02-06 10:40:00,40.73025,-73.88731,0,0,Unspecified,4500363,-1.4,-8.8,0.0,0.0,0.0,0.0,3,16.2,31.7,83,Overcast,0,0,
90559,2022-02-06 06:26:00,40.6082,-73.920715,0,0,Driver Inattention/Distraction,4500203,-1.4,-8.8,0.0,0.0,0.0,0.0,3,16.2,31.7,83,Overcast,0,0,
90560,2022-02-06 15:20:00,40.75587,-73.99822,0,0,Following Too Closely,4500778,-1.4,-8.8,0.0,0.0,0.0,0.0,3,16.2,31.7,83,Overcast,0,0,
90561,2022-02-06 14:37:00,40.589066,-73.97091,0,0,Unspecified,4500503,-1.4,-8.8,0.0,0.0,0.0,0.0,3,16.2,31.7,83,Overcast,0,0,
90562,2022-09-08 19:45:00,40.752888,-73.96374,0,0,Unspecified,4567976,23.9,17.7,0.0,0.0,0.0,0.0,3,15.5,30.6,29,Overcast,0,0,
90563,2022-02-06 16:35:00,40.68762,-73.72789,2,0,Unspecified,4500539,-1.4,-8.8,0.0,0.0,0.0,0.0,3,16.2,31.7,83,Overcast,2,2,
90564,2022-02-06 01:55:00,40.600933,-73.750916,0,0,Unspecified,4500892,-1.4,-8.8,0.0,0.0,0.0,0.0,3,16.2,31.7,83,Overcast,0,0,
90565,2022-02-06 06:15:00,40.680305,-73.8835,0,0,Unspecified,4500676,-1.4,-8.8,0.0,0.0,0.0,0.0,3,16.2,31.7,83,Overcast,0,0,
90566,2022-02-06 03:00:00,40.662743,-73.921936,1,0,Unspecified,4500256,-1.4,-8.8,0.0,0.0,0.0,0.0,3,16.2,31.7,83,Overcast,1,1,
90567,2022-02-06 09:43:00,40.69986,-73.92829,0,0,Unsafe Speed,4500345,-1.4,-8.8,0.0,0.0,0.0,0.0,3,16.2,31.7,83,Overcast,0,0,
90568,2022-02-06 13:25:00,40.71421,-73.794205,0,0,Driver Inattention/Distraction,4500459,-1.4,-8.8,0.0,0.0,0.0,0.0,3,16.2,31.7,83,Overcast,0,0,
90569,2022-02-06 01:49:00,40.791405,-73.93569,2,0,Following Too Closely,4501003,-1.4,-8.8,0.0,0.0,0.0,0.0,3,16.2,31.7,83,Overcast,2,2,
90570,2022-02-06 13:40:00,40.745914,-73.782036,0,0,Unspecified,4500436,-1.4,-8.8,0.0,0.0,0.0,0.0,3,16.2,31.7,83,Overcast,0,0,
90571,2022-02-06 11:38:00,40.758373,-73.748886,0,0,Following Too Closely,4500292,-1.4,-8.8,0.0,0.0,0.0,0.0,3,16.2,31.7,83,Overcast,0,0,
90572,2022-02-06 14:30:00,40.826004,-73.91168,0,0,,4500973,-1.4,-8.8,0.0,0.0,0.0,0.0,3,16.2,31.7,83,Overcast,0,0,
90573,2022-02-06 16:22:00,40.815598,-73.89695,0,0,Driver Inattention/Distraction,4500698,-1.4,-8.8,0.0,0.0,0.0,0.0,3,16.2,31.7,83,Overcast,0,0,
90574,2022-02-06 11:13:00,40.857456,-73.90231,0,0,Passing Too Closely,4500734,-1.4,-8.8,0.0,0.0,0.0,0.0,3,16.2,31.7,83,Overcast,0,0,
90575,2021-11-05 16:35:00,40.65619,-73.930855,1,0,Backing Unsafely,4474087,10.7,3.2,0.0,0.0,0.0,0.0,0,14.8,30.2,1,Clear sky,1,1,Sunny/Clear Conditions
90576,2021-11-02 23:00:00,40.867424,-73.89182,1,0,,4474442,11.4,7.0,0.6,0.6,0.0,4.0,51,14.1,28.1,271,Drizzle: Light,1,1,
90577,2021-11-08 07:50:00,40.797943,-73.94003,1,0,Unspecified,4475276,16.5,6.4,0.0,0.0,0.0,0.0,3,17.4,33.8,355,Overcast,1,1,
90578,2021-11-15 18:11:00,40.711903,-73.90019,0,0,Lost Consciousness,4477715,8.6,2.4,0.9,0.9,0.0,4.0,53,30.0,56.5,268,Drizzle: Moderate,0,0,
90579,2021-11-09 16:55:00,40.677715,-73.93587,1,0,Passing or Lane Usage Improper,4478386,19.5,5.6,0.0,0.0,0.0,0.0,3,10.2,20.2,283,Overcast,1,1,
90580,2021-11-15 15:04:00,40.636707,-73.95,1,0,Pedestrian/Bicyclist/Other Pedestrian Error/Confusion,4477815,8.6,2.4,0.9,0.9,0.0,4.0,53,30.0,56.5,268,Drizzle: Moderate,1,1,
90581,2021-11-15 19:50:00,40.794052,-73.970375,0,0,Turning Improperly,4477753,8.6,2.4,0.9,0.9,0.0,4.0,53,30.0,56.5,268,Drizzle: Moderate,0,0,
90582,2021-11-09 07:00:00,40.888985,-73.821846,0,0,Passing Too Closely,4478353,19.5,5.6,0.0,0.0,0.0,0.0,3,10.2,20.2,283,Overcast,0,0,
90583,2021-11-15 13:15:00,40.67201,-73.99219,0,0,Passing Too Closely,4478135,8.6,2.4,0.9,0.9,0.0,4.0,53,30.0,56.5,268,Drizzle: Moderate,0,0,
90584,2021-11-15 22:40:00,40.667282,-73.89856,2,0,Passing or Lane Usage Improper,4478045,8.6,2.4,0.9,0.9,0.0,4.0,53,30.0,56.5,268,Drizzle: Moderate,2,2,
90585,2021-11-15 01:20:00,40.690407,-73.73047,0,0,Backing Unsafely,4477270,8.6,2.4,0.9,0.9,0.0,4.0,53,30.0,56.5,268,Drizzle: Moderate,0,0,
90586,2021-11-15 20:31:00,40.843464,-73.83683,1,0,Unspecified,4478327,8.6,2.4,0.9,0.9,0.0,4.0,53,30.0,56.5,268,Drizzle: Moderate,1,1,
90587,2021-11-15 15:20:00,40.653805,-73.93061,1,0,Driver Inattention/Distraction,4478363,8.6,2.4,0.9,0.9,0.0,4.0,53,30.0,56.5,268,Drizzle: Moderate,1,1,
90588,2021-11-15 15:50:00,40.83623,-73.90741,1,0,Failure to Yield Right-of-Way,4477874,8.6,2.4,0.9,0.9,0.0,4.0,53,30.0,56.5,268,Drizzle: Moderate,1,1,
90589,2021-11-15 23:30:00,40.765343,-73.954865,1,0,Unsafe Lane Changing,4477771,8.6,2.4,0.9,0.9,0.0,4.0,53,30.0,56.5,268,Drizzle: Moderate,1,1,
90590,2021-11-15 21:00:00,40.69098,-73.74878,0,0,Traffic Control Disregarded,4477978,8.6,2.4,0.9,0.9,0.0,4.0,53,30.0,56.5,268,Drizzle: Moderate,0,0,
90591,2021-11-15 18:10:00,40.71058,-73.9835,1,0,Unspecified,4478232,8.6,2.4,0.9,0.9,0.0,4.0,53,30.0,56.5,268,Drizzle: Moderate,1,1,
90592,2021-10-30 15:00:00,40.69213,-73.82805,1,0,Reaction to Uninvolved Vehicle,4478292,17.8,12.0,7.8,7.8,0.0,16.0,61,38.5,68.0,112,Rain: Light,1,1,
90593,2021-11-15 02:24:00,40.788956,-73.823555,1,0,Following Too Closely,4477388,8.6,2.4,0.9,0.9,0.0,4.0,53,30.0,56.5,268,Drizzle: Moderate,1,1,
90594,2021-11-15 08:47:00,40.800343,-73.9142,0,0,View Obstructed/Limited,4477778,8.6,2.4,0.9,0.9,0.0,4.0,53,30.0,56.5,268,Drizzle: Moderate,0,0,
90595,2021-11-15 17:50:00,40.833088,-73.91904,2,0,Driver Inattention/Distraction,4478128,8.6,2.4,0.9,0.9,0.0,4.0,53,30.0,56.5,268,Drizzle: Moderate,2,2,
90596,2021-11-10 18:20:00,40.72998,-73.954155,0,0,Driver Inattention/Distraction,4478476,17.2,7.8,0.3,0.3,0.0,1.0,51,20.7,38.5,318,Drizzle: Light,0,0,
90597,2021-11-10 15:48:00,40.713913,-73.83009,0,0,Accelerator Defective,4478222,17.2,7.8,0.3,0.3,0.0,1.0,51,20.7,38.5,318,Drizzle: Light,0,0,
90598,2021-11-15 14:47:00,40.86131,-73.92124,1,0,Driver Inattention/Distraction,4477949,8.6,2.4,0.9,0.9,0.0,4.0,53,30.0,56.5,268,Drizzle: Moderate,1,1,
90599,2021-11-15 07:28:00,40.751755,-74.00606,0,0,Backing Unsafely,4477550,8.6,2.4,0.9,0.9,0.0,4.0,53,30.0,56.5,268,Drizzle: Moderate,0,0,
90600,2021-11-15 14:35:00,40.70854,-73.78001,1,0,Following Too Closely,4477695,8.6,2.4,0.9,0.9,0.0,4.0,53,30.0,56.5,268,Drizzle: Moderate,1,1,
90601,2021-11-15 17:50:00,40.64242,-73.961754,1,0,Turning Improperly,4477824,8.6,2.4,0.9,0.9,0.0,4.0,53,30.0,56.5,268,Drizzle: Moderate,1,1,
90602,2021-11-12 07:15:00,40.71183,-73.9068,0,0,Passing or Lane Usage Improper,4478337,18.5,8.9,15.0,15.0,0.0,7.0,63,39.8,74.5,174,Rain: Moderate,0,0,
90603,2021-11-15 23:10:00,40.757847,-73.985016,0,0,Unspecified,4477841,8.6,2.4,0.9,0.9,0.0,4.0,53,30.0,56.5,268,Drizzle: Moderate,0,0,
90604,2021-11-15 07:37:00,40.822712,-73.903145,0,0,Unspecified,4477880,8.6,2.4,0.9,0.9,0.0,4.0,53,30.0,56.5,268,Drizzle: Moderate,0,0,
90605,2021-11-15 13:30:00,40.771854,-73.83179,0,0,Following Too Closely,4477901,8.6,2.4,0.9,0.9,0.0,4.0,53,30.0,56.5,268,Drizzle: Moderate,0,0,
90606,2021-11-15 16:35:00,40.85278,-73.853294,0,0,Following Too Closely,4477658,8.6,2.4,0.9,0.9,0.0,4.0,53,30.0,56.5,268,Drizzle: Moderate,0,0,
90607,2021-11-15 07:48:00,40.701084,-73.73633,0,0,Failure to Yield Right-of-Way,4477602,8.6,2.4,0.9,0.9,0.0,4.0,53,30.0,56.5,268,Drizzle: Moderate,0,0,
90608,2021-11-09 00:35:00,40.54222,-74.18458,0,0,Driver Inattention/Distraction,4478252,19.5,5.6,0.0,0.0,0.0,0.0,3,10.2,20.2,283,Overcast,0,0,
90609,2021-11-14 08:20:00,40.58062,-73.84072,0,0,Failure to Yield Right-of-Way,4478307,8.4,2.9,0.6,0.6,0.0,2.0,53,20.7,36.4,232,Drizzle: Moderate,0,0,
90610,2021-11-15 11:20:00,40.61913,-73.99019,0,0,Backing Unsafely,4477642,8.6,2.4,0.9,0.9,0.0,4.0,53,30.0,56.5,268,Drizzle: Moderate,0,0,
90611,2021-11-15 08:00:00,40.676117,-73.74046,0,0,Unspecified,4477603,8.6,2.4,0.9,0.9,0.0,4.0,53,30.0,56.5,268,Drizzle: Moderate,0,0,
90612,2021-11-15 17:27:00,40.861458,-73.8576,0,0,Backing Unsafely,4477686,8.6,2.4,0.9,0.9,0.0,4.0,53,30.0,56.5,268,Drizzle: Moderate,0,0,
90613,2021-11-15 08:44:00,40.6294,-73.974525,0,0,Unspecified,4477575,8.6,2.4,0.9,0.9,0.0,4.0,53,30.0,56.5,268,Drizzle: Moderate,0,0,
90614,2021-11-15 16:50:00,40.78214,-73.824844,1,0,Unspecified,4477900,8.6,2.4,0.9,0.9,0.0,4.0,53,30.0,56.5,268,Drizzle: Moderate,1,1,
90615,2021-11-12 12:00:00,40.647182,-73.90748,0,0,Unspecified,4478420,18.5,8.9,15.0,15.0,0.0,7.0,63,39.8,74.5,174,Rain: Moderate,0,0,
90616,2021-11-15 20:04:00,40.75721,-73.93112,0,0,Driver Inattention/Distraction,4477763,8.6,2.4,0.9,0.9,0.0,4.0,53,30.0,56.5,268,Drizzle: Moderate,0,0,
90617,2021-11-15 17:10:00,40.73012,-73.98947,1,0,Driver Inattention/Distraction,4477786,8.6,2.4,0.9,0.9,0.0,4.0,53,30.0,56.5,268,Drizzle: Moderate,1,1,
90618,2021-11-11 12:20:00,40.642075,-73.93013,0,0,Driver Inattention/Distraction,4478372,15.0,4.2,0.3,0.3,0.0,2.0,51,22.6,38.2,85,Drizzle: Light,0,0,
90619,2021-11-15 21:32:00,40.761795,-73.87798,1,0,Driver Inattention/Distraction,4477941,8.6,2.4,0.9,0.9,0.0,4.0,53,30.0,56.5,268,Drizzle: Moderate,1,1,
90620,2021-11-15 15:55:00,40.69889,-73.91753,0,0,Driver Inattention/Distraction,4477846,8.6,2.4,0.9,0.9,0.0,4.0,53,30.0,56.5,268,Drizzle: Moderate,0,0,
90621,2021-11-15 20:54:00,40.734554,-73.87288,0,0,Unspecified,4477911,8.6,2.4,0.9,0.9,0.0,4.0,53,30.0,56.5,268,Drizzle: Moderate,0,0,