,CRASH DATETIME,LATITUDE,LONGITUDE,NUMBER OF PERSONS INJURED,NUMBER OF PERSONS KILLED,CONTRIBUTING FACTOR VEHICLE 1,COLLISION_ID,temperature_2m_max,temperature_2m_min,precipitation_sum,rain_sum,snowfall_sum,precipitation_hours,weather_code,wind_speed_10m_max,wind_gusts_10m_max,wind_direction_10m_dominant,Weather Description,Severity_Score,Total_Affected_Persons,Weather_Category
90622,2021-11-15 10:53:00,40.81467,-73.93622,1,0,Failure to Yield Right-of-Way,4477596,8.6,2.4,0.9,0.9,0.0,4.0,53,30.0,56.5,268,Drizzle: Moderate,1,1,
90623,2021-11-15 12:30:00,40.672615,-73.90565,0,0,Unspecified,4477667,8.6,2.4,0.9,0.9,0.0,4.0,53,30.0,56.5,268,Drizzle: Moderate,0,0,
90624,2021-11-15 08:15:00,40.67472,-73.85839,0,0,Traffic Control Disregarded,4477744,8.6,2.4,0.9,0.9,0.0,4.0,53,30.0,56.5,268,Drizzle: Moderate,0,0,
90625,2021-11-06 10:33:00,40.666737,-73.90224,0,0,Unspecified,4478245,10.5,3.4,0.0,0.0,0.0,0.0,0,9.5,17.6,61,Clear sky,0,0,Sunny/Clear Conditions
90626,2021-11-10 07:07:00,40.69406,-73.78732,0,0,Driver Inattention/Distraction,4478314,17.2,7.8,0.3,0.3,0.0,1.0,51,20.7,38.5,318,Drizzle: Light,0,0,
90627,2021-11-15 01:30:00,40.697315,-73.932274,0,0,Passing Too Closely,4477840,8.6,2.4,0.9,0.9,0.0,4.0,53,30.0,56.5,268,Drizzle: Moderate,0,0,
90628,2021-11-15 07:39:00,40.679203,-73.9553,0,0,Driver Inattention/Distraction,4478015,8.6,2.4,0.9,0.9,0.0,4.0,53,30.0,56.5,268,Drizzle: Moderate,0,0,
90629,2021-11-15 21:20:00,40.652313,-73.908226,1,0,Driver Inattention/Distraction,4478253,8.6,2.4,0.9,0.9,0.0,4.0,53,30.0,56.5,268,Drizzle: Moderate,1,1,
90630,2021-11-15 00:00:00,40.647346,-74.007996,1,0,Unspecified,4477697,8.6,2.4,0.9,0.9,0.0,4.0,53,30.0,56.5,268,Drizzle: Moderate,1,1,
90631,2021-11-14 04:10:00,40.86446,-73.91895,0,0,Driver Inattention/Distraction,4478302,8.4,2.9,0.6,0.6,0.0,2.0,53,20.7,36.4,232,Drizzle: Moderate,0,0,
90632,2021-11-15 16:52:00,40.57333,-74.117836,0,0,Driver Inattention/Distraction,4477726,8.6,2.4,0.9,0.9,0.0,4.0,53,30.0,56.5,268,Drizzle: Moderate,0,0,
90633,2021-11-15 17:40:00,40.74566,-73.896194,1,0,Driver Inattention/Distraction,4478188,8.6,2.4,0.9,0.9,0.0,4.0,53,30.0,56.5,268,Drizzle: Moderate,1,1,
90634,2021-11-15 08:00:00,40.674934,-73.80186,0,0,Driver Inattention/Distraction,4477611,8.6,2.4,0.9,0.9,0.0,4.0,53,30.0,56.5,268,Drizzle: Moderate,0,0,
90635,2021-11-15 06:00:00,40.688953,-73.75985,0,0,Failure to Yield Right-of-Way,4477976,8.6,2.4,0.9,0.9,0.0,4.0,53,30.0,56.5,268,Drizzle: Moderate,0,0,
90636,2021-11-15 14:45:00,40.66322,-73.893654,2,0,Unsafe Speed,4477864,8.6,2.4,0.9,0.9,0.0,4.0,53,30.0,56.5,268,Drizzle: Moderate,2,2,
90637,2021-11-15 23:15:00,40.72634,-73.76508,1,0,Driver Inexperience,4477892,8.6,2.4,0.9,0.9,0.0,4.0,53,30.0,56.5,268,Drizzle: Moderate,1,1,
90638,2021-11-14 01:05:00,40.83391,-73.82709,0,0,Unspecified,4478308,8.4,2.9,0.6,0.6,0.0,2.0,53,20.7,36.4,232,Drizzle: Moderate,0,0,
90639,2021-11-12 14:30:00,40.615536,-73.970245,0,0,Unspecified,4478451,18.5,8.9,15.0,15.0,0.0,7.0,63,39.8,74.5,174,Rain: Moderate,0,0,
90640,2021-11-15 17:10:00,40.750988,-73.99063,1,0,View Obstructed/Limited,4477962,8.6,2.4,0.9,0.9,0.0,4.0,53,30.0,56.5,268,Drizzle: Moderate,1,1,
90641,2021-11-15 21:20:00,40.602467,-73.96638,0,0,Passing or Lane Usage Improper,4477758,8.6,2.4,0.9,0.9,0.0,4.0,53,30.0,56.5,268,Drizzle: Moderate,0,0,
90642,2021-11-15 18:52:00,40.744442,-73.979065,0,0,Passing Too Closely,4478062,8.6,2.4,0.9,0.9,0.0,4.0,53,30.0,56.5,268,Drizzle: Moderate,0,0,
90643,2021-11-15 10:35:00,40.82082,-73.91562,1,0,Unspecified,4477779,8.6,2.4,0.9,0.9,0.0,4.0,53,30.0,56.5,268,Drizzle: Moderate,1,1,
90644,2021-11-11 16:00:00,40.88379,-73.83348,1,0,Unsafe Speed,4478356,15.0,4.2,0.3,0.3,0.0,2.0,51,22.6,38.2,85,Drizzle: Light,1,1,
90645,2021-11-15 21:38:00,40.745277,-73.977104,0,0,Unspecified,4477735,8.6,2.4,0.9,0.9,0.0,4.0,53,30.0,56.5,268,Drizzle: Moderate,0,0,
90646,2021-11-06 05:00:00,40.65251,-73.92157,0,0,Unspecified,4478368,10.5,3.4,0.0,0.0,0.0,0.0,0,9.5,17.6,61,Clear sky,0,0,Sunny/Clear Conditions
90647,2021-11-15 20:30:00,40.60097,-73.98762,0,0,Unspecified,4477834,8.6,2.4,0.9,0.9,0.0,4.0,53,30.0,56.5,268,Drizzle: Moderate,0,0,
90648,2021-11-02 02:05:00,40.826427,-73.950455,1,0,Aggressive Driving/Road Rage,4478236,11.4,7.0,0.6,0.6,0.0,4.0,51,14.1,28.1,271,Drizzle: Light,1,1,
90649,2021-11-15 16:50:00,40.715015,-73.741646,1,0,Unspecified,4477701,8.6,2.4,0.9,0.9,0.0,4.0,53,30.0,56.5,268,Drizzle: Moderate,1,1,
90650,2021-11-15 23:00:00,40.59455,-73.997574,4,0,Unsafe Speed,4477994,8.6,2.4,0.9,0.9,0.0,4.0,53,30.0,56.5,268,Drizzle: Moderate,4,4,
90651,2021-11-15 07:10:00,40.61023,-74.10529,1,0,Following Too Closely,4478260,8.6,2.4,0.9,0.9,0.0,4.0,53,30.0,56.5,268,Drizzle: Moderate,1,1,
90652,2021-11-15 08:35:00,40.791557,-73.93866,0,0,Driver Inattention/Distraction,4477794,8.6,2.4,0.9,0.9,0.0,4.0,53,30.0,56.5,268,Drizzle: Moderate,0,0,
90653,2021-11-15 13:09:00,40.676872,-73.81958,0,0,Passing or Lane Usage Improper,4477740,8.6,2.4,0.9,0.9,0.0,4.0,53,30.0,56.5,268,Drizzle: Moderate,0,0,
90654,2021-11-15 17:55:00,40.735504,-74.00838,4,0,Illnes,4477799,8.6,2.4,0.9,0.9,0.0,4.0,53,30.0,56.5,268,Drizzle: Moderate,4,4,
90655,2021-11-15 13:27:00,40.77077,-73.91727,0,0,Driver Inattention/Distraction,4477773,8.6,2.4,0.9,0.9,0.0,4.0,53,30.0,56.5,268,Drizzle: Moderate,0,0,
90656,2021-11-15 06:45:00,40.843002,-73.90359,0,0,Unsafe Speed,4478111,8.6,2.4,0.9,0.9,0.0,4.0,53,30.0,56.5,268,Drizzle: Moderate,0,0,
90657,2021-11-15 00:11:00,40.679337,-73.89483,0,0,Unspecified,4477309,8.6,2.4,0.9,0.9,0.0,4.0,53,30.0,56.5,268,Drizzle: Moderate,0,0,
90658,2021-10-27 08:20:00,40.66934,-73.79863,0,0,Passing Too Closely,4478216,16.1,12.2,6.6,6.6,0.0,6.0,61,33.3,63.0,359,Rain: Light,0,0,
90659,2021-11-15 01:00:00,40.866314,-73.9186,0,0,Unsafe Speed,4478297,8.6,2.4,0.9,0.9,0.0,4.0,53,30.0,56.5,268,Drizzle: Moderate,0,0,
90660,2021-11-15 21:09:00,40.74947,-73.7564,0,0,Passing or Lane Usage Improper,4477721,8.6,2.4,0.9,0.9,0.0,4.0,53,30.0,56.5,268,Drizzle: Moderate,0,0,
90661,2021-11-15 15:15:00,40.629963,-74.00039,0,0,Unspecified,4477953,8.6,2.4,0.9,0.9,0.0,4.0,53,30.0,56.5,268,Drizzle: Moderate,0,0,
90662,2021-11-09 18:41:00,40.86159,-73.92475,0,0,Unspecified,4478291,19.5,5.6,0.0,0.0,0.0,0.0,3,10.2,20.2,283,Overcast,0,0,
90663,2021-11-13 17:30:00,40.611095,-74.11467,0,0,Unsafe Speed,4478257,16.0,4.8,5.0,5.0,0.0,4.0,63,36.4,65.9,238,Rain: Moderate,0,0,
90664,2021-11-15 07:00:00,40.717964,-73.900055,0,0,Unspecified,4478042,8.6,2.4,0.9,0.9,0.0,4.0,53,30.0,56.5,268,Drizzle: Moderate,0,0,
90665,2021-11-15 01:45:00,40.766193,-73.96205,0,0,Driver Inattention/Distraction,4477449,8.6,2.4,0.9,0.9,0.0,4.0,53,30.0,56.5,268,Drizzle: Moderate,0,0,
90666,2021-11-15 19:24:00,40.67947,-73.98469,0,0,Following Too Closely,4478134,8.6,2.4,0.9,0.9,0.0,4.0,53,30.0,56.5,268,Drizzle: Moderate,0,0,
90667,2021-11-15 11:45:00,40.72416,-73.754974,0,0,Failure to Yield Right-of-Way,4477700,8.6,2.4,0.9,0.9,0.0,4.0,53,30.0,56.5,268,Drizzle: Moderate,0,0,
90668,2021-11-14 18:45:00,40.748917,-73.993546,1,0,Other Vehicular,4478480,8.4,2.9,0.6,0.6,0.0,2.0,53,20.7,36.4,232,Drizzle: Moderate,1,1,
90669,2021-11-15 08:24:00,40.761234,-73.96389,0,0,Unspecified,4477774,8.6,2.4,0.9,0.9,0.0,4.0,53,30.0,56.5,268,Drizzle: Moderate,0,0,
90670,2021-11-12 15:00:00,40.782887,-73.9439,0,0,Pavement Slippery,4478224,18.5,8.9,15.0,15.0,0.0,7.0,63,39.8,74.5,174,Rain: Moderate,0,0,
90671,2021-11-15 18:30:00,40.72992,-73.74243,0,0,Turning Improperly,4477736,8.6,2.4,0.9,0.9,0.0,4.0,53,30.0,56.5,268,Drizzle: Moderate,0,0,
90672,2021-11-15 07:38:00,40.86177,-73.91848,0,0,Unspecified,4477948,8.6,2.4,0.9,0.9,0.0,4.0,53,30.0,56.5,268,Drizzle: Moderate,0,0,
90673,2021-11-14 05:50:00,40.796738,-73.92925,0,0,Driver Inattention/Distraction,4478482,8.4,2.9,0.6,0.6,0.0,2.0,53,20.7,36.4,232,Drizzle: Moderate,0,0,
90674,2021-11-15 10:40:00,40.821636,-73.93909,0,0,Other Vehicular,4477989,8.6,2.4,0.9,0.9,0.0,4.0,53,30.0,56.5,268,Drizzle: Moderate,0,0,
90675,2021-11-13 07:10:00,40.6771,-73.92479,0,0,Other Vehicular,4478388,16.0,4.8,5.0,5.0,0.0,4.0,63,36.4,65.9,238,Rain: Moderate,0,0,
90676,2021-11-15 07:00:00,40.672844,-73.88943,0,0,Traffic Control Disregarded,4477754,8.6,2.4,0.9,0.9,0.0,4.0,53,30.0,56.5,268,Drizzle: Moderate,0,0,
90677,2021-11-14 23:14:00,40.85638,-73.82631,3,0,Unspecified,4478328,8.4,2.9,0.6,0.6,0.0,2.0,53,20.7,36.4,232,Drizzle: Moderate,3,3,
90678,2021-11-14 18:08:00,40.613224,-74.12067,1,0,Unspecified,4478184,8.4,2.9,0.6,0.6,0.0,2.0,53,20.7,36.4,232,Drizzle: Moderate,1,1,
90679,2021-11-14 23:45:00,40.90184,-73.85702,0,0,Backing Unsafely,4478357,8.4,2.9,0.6,0.6,0.0,2.0,53,20.7,36.4,232,Drizzle: Moderate,0,0,
90680,2021-11-15 03:15:00,40.716114,-73.824905,1,0,Alcohol Involvement,4477609,8.6,2.4,0.9,0.9,0.0,4.0,53,30.0,56.5,268,Drizzle: Moderate,1,1,
90681,2021-11-15 13:30:00,40.678154,-73.94416,0,0,Unsafe Lane Changing,4477644,8.6,2.4,0.9,0.9,0.0,4.0,53,30.0,56.5,268,Drizzle: Moderate,0,0,
90682,2021-11-15 12:05:00,40.733334,-73.98319,0,0,Passing Too Closely,4477856,8.6,2.4,0.9,0.9,0.0,4.0,53,30.0,56.5,268,Drizzle: Moderate,0,0,
90683,2021-11-14 11:00:00,40.773655,-73.97783,0,0,Unspecified,4478268,8.4,2.9,0.6,0.6,0.0,2.0,53,20.7,36.4,232,Drizzle: Moderate,0,0,
90684,2021-11-15 14:28:00,40.728092,-73.814445,1,0,Turning Improperly,4477716,8.6,2.4,0.9,0.9,0.0,4.0,53,30.0,56.5,268,Drizzle: Moderate,1,1,
90685,2021-11-15 12:59:00,40.60928,-73.91269,0,0,Driver Inattention/Distraction,4477930,8.6,2.4,0.9,0.9,0.0,4.0,53,30.0,56.5,268,Drizzle: Moderate,0,0,
90686,2021-11-15 15:10:00,40.713657,-74.00152,0,0,Cell Phone (hand-Held),4478231,8.6,2.4,0.9,0.9,0.0,4.0,53,30.0,56.5,268,Drizzle: Moderate,0,0,
90687,2021-11-15 09:22:00,40.85713,-73.8808,1,0,Failure to Yield Right-of-Way,4477597,8.6,2.4,0.9,0.9,0.0,4.0,53,30.0,56.5,268,Drizzle: Moderate,1,1,
90688,2021-11-15 08:33:00,40.760082,-73.994446,0,0,Unsafe Lane Changing,4477806,8.6,2.4,0.9,0.9,0.0,4.0,53,30.0,56.5,268,Drizzle: Moderate,0,0,
90689,2021-11-15 15:30:00,40.67239,-73.87463,0,0,Unspecified,4477866,8.6,2.4,0.9,0.9,0.0,4.0,53,30.0,56.5,268,Drizzle: Moderate,0,0,
90690,2021-11-15 10:57:00,40.630165,-73.94156,0,0,Passing Too Closely,4477625,8.6,2.4,0.9,0.9,0.0,4.0,53,30.0,56.5,268,Drizzle: Moderate,0,0,
90691,2021-11-15 22:23:00,40.66605,-73.81525,1,0,Unsafe Speed,4477743,8.6,2.4,0.9,0.9,0.0,4.0,53,30.0,56.5,268,Drizzle: Moderate,1,1,
90692,2021-11-15 18:30:00,40.71762,-74.00028,1,0,Passing or Lane Usage Improper,4478016,8.6,2.4,0.9,0.9,0.0,4.0,53,30.0,56.5,268,Drizzle: Moderate,1,1,
90693,2021-11-15 17:45:00,40.62731,-73.98539,1,0,Unspecified,4478168,8.6,2.4,0.9,0.9,0.0,4.0,53,30.0,56.5,268,Drizzle: Moderate,1,1,
90694,2021-11-15 23:55:00,40.742096,-73.86748,0,0,View Obstructed/Limited,4477943,8.6,2.4,0.9,0.9,0.0,4.0,53,30.0,56.5,268,Drizzle: Moderate,0,0,
90695,2021-10-30 04:18:00,40.64196,-73.932,0,0,Driver Inattention/Distraction,4478376,17.8,12.0,7.8,7.8,0.0,16.0,61,38.5,68.0,112,Rain: Light,0,0,
90696,2021-11-15 17:37:00,40.62625,-73.920876,0,0,Unspecified,4477709,8.6,2.4,0.9,0.9,0.0,4.0,53,30.0,56.5,268,Drizzle: Moderate,0,0,
90697,2021-11-15 20:25:00,40.743427,-73.775475,1,0,Unsafe Speed,4477749,8.6,2.4,0.9,0.9,0.0,4.0,53,30.0,56.5,268,Drizzle: Moderate,1,1,
90698,2021-11-15 11:34:00,40.873222,-73.80849,2,0,Turning Improperly,4478313,8.6,2.4,0.9,0.9,0.0,4.0,53,30.0,56.5,268,Drizzle: Moderate,2,2,
90699,2021-11-15 06:50:00,40.681767,-73.96754,0,0,Backing Unsafely,4478003,8.6,2.4,0.9,0.9,0.0,4.0,53,30.0,56.5,268,Drizzle: Moderate,0,0,
90700,2021-11-06 14:29:00,40.869076,-73.93062,0,0,Driver Inattention/Distraction,4478303,10.5,3.4,0.0,0.0,0.0,0.0,0,9.5,17.6,61,Clear sky,0,0,Sunny/Clear Conditions
90701,2021-11-15 11:35:00,40.68949,-73.92207,0,0,Driver Inattention/Distraction,4477845,8.6,2.4,0.9,0.9,0.0,4.0,53,30.0,56.5,268,Drizzle: Moderate,0,0,
90702,2021-11-15 06:30:00,40.606304,-74.00488,0,0,Unspecified,4477535,8.6,2.4,0.9,0.9,0.0,4.0,53,30.0,56.5,268,Drizzle: Moderate,0,0,
90703,2021-11-15 10:35:00,40.734863,-73.862656,0,0,Following Too Closely,4477910,8.6,2.4,0.9,0.9,0.0,4.0,53,30.0,56.5,268,Drizzle: Moderate,0,0,
90704,2021-11-15 17:05:00,40.677715,-73.93587,1,0,Driver Inattention/Distraction,4477689,8.6,2.4,0.9,0.9,0.0,4.0,53,30.0,56.5,268,Drizzle: Moderate,1,1,
90705,2021-11-14 12:00:00,40.65329,-73.91919,0,0,Unspecified,4478371,8.4,2.9,0.6,0.6,0.0,2.0,53,20.7,36.4,232,Drizzle: Moderate,0,0,
90706,2021-11-15 11:50:00,40.7179,-73.95931,2,0,Driver Inattention/Distraction,4477871,8.6,2.4,0.9,0.9,0.0,4.0,53,30.0,56.5,268,Drizzle: Moderate,2,2,
90707,2021-11-15 23:00:00,40.802296,-73.95691,0,0,Failure to Yield Right-of-Way,4477820,8.6,2.4,0.9,0.9,0.0,4.0,53,30.0,56.5,268,Drizzle: Moderate,0,0,
90708,2021-11-15 18:15:00,40.600883,-73.95869,1,0,Unspecified,4477761,8.6,2.4,0.9,0.9,0.0,4.0,53,30.0,56.5,268,Drizzle: Moderate,1,1,
90709,2021-11-07 03:55:00,40.716145,-73.82281,1,0,Driver Inattention/Distraction,4478180,12.1,2.6,0.0,0.0,0.0,0.0,3,10.0,20.5,358,Overcast,1,1,
90710,2021-11-15 09:40:00,40.61447,-73.97004,1,0,Driver Inattention/Distraction,4477785,8.6,2.4,0.9,0.9,0.0,4.0,53,30.0,56.5,268,Drizzle: Moderate,1,1,
90711,2021-11-15 00:20:00,40.72277,-73.83625,1,0,Driver Inattention/Distraction,4478004,8.6,2.4,0.9,0.9,0.0,4.0,53,30.0,56.5,268,Drizzle: Moderate,1,1,
90712,2021-11-06 14:00:00,40.713333,-73.91305,0,0,Passing or Lane Usage Improper,4478336,10.5,3.4,0.0,0.0,0.0,0.0,0,9.5,17.6,61,Clear sky,0,0,Sunny/Clear Conditions
90713,2021-11-15 16:00:00,40.79286,-73.96754,0,0,Driver Inattention/Distraction,4477725,8.6,2.4,0.9,0.9,0.0,4.0,53,30.0,56.5,268,Drizzle: Moderate,0,0,
90714,2021-11-15 12:30:00,40.753925,-73.88319,0,0,Driver Inattention/Distraction,4477933,8.6,2.4,0.9,0.9,0.0,4.0,53,30.0,56.5,268,Drizzle: Moderate,0,0,
90715,2021-11-15 14:00:00,40.697838,-73.960075,0,0,Passing Too Closely,4477966,8.6,2.4,0.9,0.9,0.0,4.0,53,30.0,56.5,268,Drizzle: Moderate,0,0,
90716,2021-11-15 08:45:00,40.74456,-73.93076,4,0,Illnes,4477879,8.6,2.4,0.9,0.9,0.0,4.0,53,30.0,56.5,268,Drizzle: Moderate,4,4,
90717,2021-11-15 03:00:00,40.746082,-73.99636,0,0,Reaction to Uninvolved Vehicle,4477564,8.6,2.4,0.9,0.9,0.0,4.0,53,30.0,56.5,268,Drizzle: Moderate,0,0,
90718,2021-11-15 10:45:00,40.79473,-73.93945,1,0,Passing Too Closely,4477791,8.6,2.4,0.9,0.9,0.0,4.0,53,30.0,56.5,268,Drizzle: Moderate,1,1,
90719,2021-11-15 14:00:00,40.59387,-73.9818,0,0,Following Too Closely,4477651,8.6,2.4,0.9,0.9,0.0,4.0,53,30.0,56.5,268,Drizzle: Moderate,0,0,
90720,2021-10-04 06:40:00,40.7795,-73.981636,0,0,Driver Inattention/Distraction,4478404,20.6,16.4,21.8,21.8,0.0,17.0,63,20.8,42.8,61,Rain: Moderate,0,0,
90721,2021-11-15 12:35:00,40.716465,-74.013084,0,0,Driver Inattention/Distraction,4477801,8.6,2.4,0.9,0.9,0.0,4.0,53,30.0,56.5,268,Drizzle: Moderate,0,0,
90722,2021-11-15 17:05:00,40.761204,-73.75539,0,0,Following Too Closely,4477720,8.6,2.4,0.9,0.9,0.0,4.0,53,30.0,56.5,268,Drizzle: Moderate,0,0,
90723,2021-11-15 15:30:00,40.59039,-73.99155,0,0,Driver Inattention/Distraction,4477790,8.6,2.4,0.9,0.9,0.0,4.0,53,30.0,56.5,268,Drizzle: Moderate,0,0,
90724,2021-10-27 15:25:00,40.778606,-73.98163,1,0,,4478341,16.1,12.2,6.6,6.6,0.0,6.0,61,33.3,63.0,359,Rain: Light,1,1,
90725,2021-11-15 20:55:00,40.755756,-73.96479,3,0,Traffic Control Disregarded,4478061,8.6,2.4,0.9,0.9,0.0,4.0,53,30.0,56.5,268,Drizzle: Moderate,3,3,
90726,2021-11-15 07:55:00,40.596817,-73.97326,0,0,Driver Inattention/Distraction,4477757,8.6,2.4,0.9,0.9,0.0,4.0,53,30.0,56.5,268,Drizzle: Moderate,0,0,
90727,2021-11-15 22:37:00,40.83091,-73.92047,0,0,Pedestrian/Bicyclist/Other Pedestrian Error/Confusion,4478118,8.6,2.4,0.9,0.9,0.0,4.0,53,30.0,56.5,268,Drizzle: Moderate,0,0,
90728,2021-11-15 01:00:00,40.675735,-73.89686,0,0,Unspecified,4477311,8.6,2.4,0.9,0.9,0.0,4.0,53,30.0,56.5,268,Drizzle: Moderate,0,0,
90729,2021-10-04 20:29:00,40.682987,-73.75459,0,0,Traffic Control Disregarded,4478217,20.6,16.4,21.8,21.8,0.0,17.0,63,20.8,42.8,61,Rain: Moderate,0,0,
90730,2021-11-04 04:55:00,40.654312,-73.91759,2,0,Driver Inattention/Distraction,4478375,9.9,3.0,0.0,0.0,0.0,0.0,3,10.8,21.2,5,Overcast,2,2,
90731,2021-11-15 15:49:00,40.635387,-74.00478,0,0,Unspecified,4477952,8.6,2.4,0.9,0.9,0.0,4.0,53,30.0,56.5,268,Drizzle: Moderate,0,0,
90732,2021-11-12 19:07:00,40.864113,-73.92126,1,0,Traffic Control Disregarded,4478295,18.5,8.9,15.0,15.0,0.0,7.0,63,39.8,74.5,174,Rain: Moderate,1,1,
90733,2021-11-12 12:10:00,40.76889,-73.9821,0,0,Failure to Yield Right-of-Way,4478269,18.5,8.9,15.0,15.0,0.0,7.0,63,39.8,74.5,174,Rain: Moderate,0,0,
90734,2021-11-15 19:00:00,40.644,-73.87584,0,0,Following Too Closely,4477867,8.6,2.4,0.9,0.9,0.0,4.0,53,30.0,56.5,268,Drizzle: Moderate,0,0,
90735,2021-11-15 11:45:00,40.72802,-73.86368,0,0,Driver Inattention/Distraction,4477624,8.6,2.4,0.9,0.9,0.0,4.0,53,30.0,56.5,268,Drizzle: Moderate,0,0,
90736,2021-11-15 08:06:00,40.746017,-73.97104,1,0,Driver Inattention/Distraction,4477631,8.6,2.4,0.9,0.9,0.0,4.0,53,30.0,56.5,268,Drizzle: Moderate,1,1,
90737,2021-11-15 13:45:00,40.759197,-73.98463,1,0,Other Vehicular,4477835,8.6,2.4,0.9,0.9,0.0,4.0,53,30.0,56.5,268,Drizzle: Moderate,1,1,
90738,2020-11-15 15:55:00,40.69749,-73.92008,0,0,Driver Inattention/Distraction,4478210,17.1,2.7,4.2,4.2,0.0,3.0,61,44.7,98.6,165,Rain: Light,0,0,
90739,2021-11-15 13:30:00,40.894314,-73.86027,0,0,Driver Inattention/Distraction,4477665,8.6,2.4,0.9,0.9,0.0,4.0,53,30.0,56.5,268,Drizzle: Moderate,0,0,
90740,2021-11-15 07:25:00,40.68992,-73.87261,1,0,Following Too Closely,4477860,8.6,2.4,0.9,0.9,0.0,4.0,53,30.0,56.5,268,Drizzle: Moderate,1,1,
90741,2021-11-14 17:45:00,40.82943,-73.94196,0,0,Unspecified,4478235,8.4,2.9,0.6,0.6,0.0,2.0,53,20.7,36.4,232,Drizzle: Moderate,0,0,
90742,2021-11-15 17:12:00,40.761887,-73.96843,0,0,Backing Unsafely,4477708,8.6,2.4,0.9,0.9,0.0,4.0,53,30.0,56.5,268,Drizzle: Moderate,0,0,
90743,2021-11-15 00:00:00,40.570835,-74.16983,1,0,Unsafe Lane Changing,4477893,8.6,2.4,0.9,0.9,0.0,4.0,53,30.0,56.5,268,Drizzle: Moderate,1,1,
90744,2021-11-07 07:00:00,40.771053,-73.98715,2,0,Aggressive Driving/Road Rage,4478267,12.1,2.6,0.0,0.0,0.0,0.0,3,10.0,20.5,358,Overcast,2,2,
90745,2021-11-15 00:55:00,40.6246,-74.13659,1,0,Driver Inattention/Distraction,4477590,8.6,2.4,0.9,0.9,0.0,4.0,53,30.0,56.5,268,Drizzle: Moderate,1,1,
90746,2021-11-15 15:00:00,40.759727,-73.99169,1,0,Pedestrian/Bicyclist/Other Pedestrian Error/Confusion,4477836,8.6,2.4,0.9,0.9,0.0,4.0,53,30.0,56.5,268,Drizzle: Moderate,1,1,
90747,2021-11-14 15:05:00,40.77613,-73.95758,0,0,Driver Inattention/Distraction,4478447,8.4,2.9,0.6,0.6,0.0,2.0,53,20.7,36.4,232,Drizzle: Moderate,0,0,
90748,2021-11-15 15:50:00,40.7467,-73.93128,0,0,Driver Inattention/Distraction,4477882,8.6,2.4,0.9,0.9,0.0,4.0,53,30.0,56.5,268,Drizzle: Moderate,0,0,
90749,2021-11-15 15:30:00,40.73526,-73.88399,0,0,Driver Inattention/Distraction,4477921,8.6,2.4,0.9,0.9,0.0,4.0,53,30.0,56.5,268,Drizzle: Moderate,0,0,
90750,2021-11-15 07:00:00,40.707092,-73.73911,1,0,Passing or Lane Usage Improper,4477599,8.6,2.4,0.9,0.9,0.0,4.0,53,30.0,56.5,268,Drizzle: Moderate,1,1,
90751,2021-11-15 11:18:00,40.71439,-73.90111,0,0,Backing Unsafely,4477660,8.6,2.4,0.9,0.9,0.0,4.0,53,30.0,56.5,268,Drizzle: Moderate,0,0,
90752,2021-11-15 10:28:00,40.680676,-73.91404,1,0,Other Vehicular,4478249,8.6,2.4,0.9,0.9,0.0,4.0,53,30.0,56.5,268,Drizzle: Moderate,1,1,
90753,2021-11-13 01:10:00,40.61423,-74.15608,0,0,Alcohol Involvement,4478256,16.0,4.8,5.0,5.0,0.0,4.0,63,36.4,65.9,238,Rain: Moderate,0,0,
90754,2021-11-15 14:46:00,40.667313,-73.73926,0,0,Unspecified,4477699,8.6,2.4,0.9,0.9,0.0,4.0,53,30.0,56.5,268,Drizzle: Moderate,0,0,
90755,2021-11-15 21:00:00,40.765697,-73.9667,0,0,Passing or Lane Usage Improper,4477776,8.6,2.4,0.9,0.9,0.0,4.0,53,30.0,56.5,268,Drizzle: Moderate,0,0,
90756,2021-11-15 17:45:00,40.65531,-73.90318,2,0,Unspecified,4478242,8.6,2.4,0.9,0.9,0.0,4.0,53,30.0,56.5,268,Drizzle: Moderate,2,2,
90757,2021-11-15 18:10:00,40.844788,-73.93705,0,0,Driver Inattention/Distraction,4477951,8.6,2.4,0.9,0.9,0.0,4.0,53,30.0,56.5,268,Drizzle: Moderate,0,0,
90758,2021-11-15 08:00:00,40.702484,-73.83199,0,0,Driver Inexperience,4477608,8.6,2.4,0.9,0.9,0.0,4.0,53,30.0,56.5,268,Drizzle: Moderate,0,0,
90759,2021-11-15 17:00:00,40.712284,-73.78536,1,0,Unspecified,4477717,8.6,2.4,0.9,0.9,0.0,4.0,53,30.0,56.5,268,Drizzle: Moderate,1,1,
90760,2021-11-15 08:23:00,40.883133,-73.882095,0,0,Driver Inattention/Distraction,4477561,8.6,2.4,0.9,0.9,0.0,4.0,53,30.0,56.5,268,Drizzle: Moderate,0,0,
90761,2021-11-15 07:30:00,40.70715,-73.79299,0,0,Turning Improperly,4477693,8.6,2.4,0.9,0.9,0.0,4.0,53,30.0,56.5,268,Drizzle: Moderate,0,0,
90762,2021-11-13 16:00:00,40.864895,-73.91913,1,0,Driver Inattention/Distraction,4478298,16.0,4.8,5.0,5.0,0.0,4.0,63,36.4,65.9,238,Rain: Moderate,1,1,
90763,2021-11-15 21:40:00,40.628647,-73.95207,1,0,Unspecified,4477826,8.6,2.4,0.9,0.9,0.0,4.0,53,30.0,56.5,268,Drizzle: Moderate,1,1,
90764,2021-11-15 17:47:00,40.631935,-73.91321,0,0,Driver Inattention/Distraction,4477679,8.6,2.4,0.9,0.9,0.0,4.0,53,30.0,56.5,268,Drizzle: Moderate,0,0,