,CRASH DATETIME,LATITUDE,LONGITUDE,NUMBER OF PERSONS INJURED,NUMBER OF PERSONS KILLED,CONTRIBUTING FACTOR VEHICLE 1,COLLISION_ID,temperature_2m_max,temperature_2m_min,precipitation_sum,rain_sum,snowfall_sum,precipitation_hours,weather_code,wind_speed_10m_max,wind_gusts_10m_max,wind_direction_10m_dominant,Weather Description,Severity_Score,Total_Affected_Persons,Weather_Category
90765,2021-11-12 13:37:00,40.835636,-73.84807,4,0,Driver Inattention/Distraction,4478331,18.5,8.9,15.0,15.0,0.0,7.0,63,39.8,74.5,174,Rain: Moderate,4,4,
90766,2021-11-15 06:00:00,40.743187,-73.97207,0,0,Driver Inattention/Distraction,4478060,8.6,2.4,0.9,0.9,0.0,4.0,53,30.0,56.5,268,Drizzle: Moderate,0,0,
90767,2021-11-15 14:15:00,40.879803,-73.878914,0,0,Passing Too Closely,4477895,8.6,2.4,0.9,0.9,0.0,4.0,53,30.0,56.5,268,Drizzle: Moderate,0,0,
90768,2021-11-10 12:30:00,40.883945,-73.82878,0,0,Turning Improperly,4478358,17.2,7.8,0.3,0.3,0.0,1.0,51,20.7,38.5,318,Drizzle: Light,0,0,
90769,2021-11-15 22:28:00,40.711033,-73.7281,0,0,Following Too Closely,4477737,8.6,2.4,0.9,0.9,0.0,4.0,53,30.0,56.5,268,Drizzle: Moderate,0,0,
90770,2021-11-15 15:00:00,40.598003,-73.99191,0,0,Outside Car Distraction,4477854,8.6,2.4,0.9,0.9,0.0,4.0,53,30.0,56.5,268,Drizzle: Moderate,0,0,
90771,2021-11-15 14:55:00,40.83369,-73.91386,0,0,Following Too Closely,4477908,8.6,2.4,0.9,0.9,0.0,4.0,53,30.0,56.5,268,Drizzle: Moderate,0,0,
90772,2021-11-15 00:00:00,40.74111,-73.89842,0,0,Passing or Lane Usage Improper,4477878,8.6,2.4,0.9,0.9,0.0,4.0,53,30.0,56.5,268,Drizzle: Moderate,0,0,
90773,2021-11-15 15:40:00,40.72083,-73.93814,2,0,Failure to Yield Right-of-Way,4477768,8.6,2.4,0.9,0.9,0.0,4.0,53,30.0,56.5,268,Drizzle: Moderate,2,2,
90774,2021-11-15 16:50:00,40.72553,-73.72718,0,0,Unspecified,4477984,8.6,2.4,0.9,0.9,0.0,4.0,53,30.0,56.5,268,Drizzle: Moderate,0,0,
90775,2021-11-11 23:11:00,40.74135,-73.981316,0,0,Driver Inattention/Distraction,4478229,15.0,4.2,0.3,0.3,0.0,2.0,51,22.6,38.2,85,Drizzle: Light,0,0,
90776,2021-11-15 22:00:00,40.565857,-74.11439,0,0,Unspecified,4477730,8.6,2.4,0.9,0.9,0.0,4.0,53,30.0,56.5,268,Drizzle: Moderate,0,0,
90777,2021-11-11 17:00:00,40.62976,-73.98943,1,0,Unspecified,4478453,15.0,4.2,0.3,0.3,0.0,2.0,51,22.6,38.2,85,Drizzle: Light,1,1,
90778,2021-11-15 16:00:00,40.718018,-73.99996,0,0,Unspecified,4478017,8.6,2.4,0.9,0.9,0.0,4.0,53,30.0,56.5,268,Drizzle: Moderate,0,0,
90779,2021-11-13 14:34:00,40.654312,-73.91759,0,0,Unspecified,4478378,16.0,4.8,5.0,5.0,0.0,4.0,63,36.4,65.9,238,Rain: Moderate,0,0,
90780,2021-11-15 19:26:00,40.68723,-73.78711,0,0,Unsafe Speed,4477724,8.6,2.4,0.9,0.9,0.0,4.0,53,30.0,56.5,268,Drizzle: Moderate,0,0,
90781,2021-11-15 01:25:00,40.750397,-73.8546,0,0,Driver Inattention/Distraction,4477459,8.6,2.4,0.9,0.9,0.0,4.0,53,30.0,56.5,268,Drizzle: Moderate,0,0,
90782,2021-11-15 16:20:00,40.835396,-73.92031,0,0,Driver Inattention/Distraction,4478119,8.6,2.4,0.9,0.9,0.0,4.0,53,30.0,56.5,268,Drizzle: Moderate,0,0,
90783,2021-11-14 22:52:00,40.866314,-73.9186,0,0,Unsafe Speed,4478305,8.4,2.9,0.6,0.6,0.0,2.0,53,20.7,36.4,232,Drizzle: Moderate,0,0,
90784,2021-11-15 08:00:00,40.57698,-73.981575,0,0,Outside Car Distraction,4477649,8.6,2.4,0.9,0.9,0.0,4.0,53,30.0,56.5,268,Drizzle: Moderate,0,0,
90785,2021-10-03 21:50:00,40.683567,-73.94106,0,0,Unsafe Speed,4478280,25.9,12.8,0.0,0.0,0.0,0.0,3,12.0,24.1,217,Overcast,0,0,
90786,2021-11-08 13:10:00,40.66319,-73.93727,0,0,Driver Inattention/Distraction,4478225,16.5,6.4,0.0,0.0,0.0,0.0,3,17.4,33.8,355,Overcast,0,0,
90787,2021-11-15 19:10:00,40.64391,-73.99628,0,0,Unspecified,4477955,8.6,2.4,0.9,0.9,0.0,4.0,53,30.0,56.5,268,Drizzle: Moderate,0,0,
90788,2021-11-08 15:46:00,40.895447,-73.88002,0,0,Following Too Closely,4478347,16.5,6.4,0.0,0.0,0.0,0.0,3,17.4,33.8,355,Overcast,0,0,
90789,2021-11-15 15:53:00,40.587273,-73.953766,0,0,Driver Inattention/Distraction,4477755,8.6,2.4,0.9,0.9,0.0,4.0,53,30.0,56.5,268,Drizzle: Moderate,0,0,
90790,2021-11-15 00:00:00,40.829685,-73.8253,0,0,Unspecified,4478312,8.6,2.4,0.9,0.9,0.0,4.0,53,30.0,56.5,268,Drizzle: Moderate,0,0,
90791,2021-11-15 17:27:00,40.604256,-74.00342,1,0,Driver Inattention/Distraction,4477817,8.6,2.4,0.9,0.9,0.0,4.0,53,30.0,56.5,268,Drizzle: Moderate,1,1,
90792,2021-11-15 11:15:00,40.729393,-73.94323,1,0,Following Too Closely,4477969,8.6,2.4,0.9,0.9,0.0,4.0,53,30.0,56.5,268,Drizzle: Moderate,1,1,
90793,2021-11-15 18:30:00,40.667114,-73.834656,0,0,Following Too Closely,4477742,8.6,2.4,0.9,0.9,0.0,4.0,53,30.0,56.5,268,Drizzle: Moderate,0,0,
90794,2021-11-15 15:00:00,40.623787,-73.90821,0,0,Driver Inattention/Distraction,4477710,8.6,2.4,0.9,0.9,0.0,4.0,53,30.0,56.5,268,Drizzle: Moderate,0,0,
90795,2021-11-15 19:26:00,40.609425,-73.964226,1,0,Unspecified,4478098,8.6,2.4,0.9,0.9,0.0,4.0,53,30.0,56.5,268,Drizzle: Moderate,1,1,
90796,2021-11-15 12:45:00,40.640133,-73.99757,2,0,Unspecified,4478154,8.6,2.4,0.9,0.9,0.0,4.0,53,30.0,56.5,268,Drizzle: Moderate,2,2,
90797,2021-11-15 11:05:00,40.702675,-73.93396,1,0,Obstruction/Debris,4477844,8.6,2.4,0.9,0.9,0.0,4.0,53,30.0,56.5,268,Drizzle: Moderate,1,1,
90798,2021-11-15 16:00:00,40.73946,-73.71784,0,0,Unspecified,4477944,8.6,2.4,0.9,0.9,0.0,4.0,53,30.0,56.5,268,Drizzle: Moderate,0,0,
90799,2021-11-15 00:00:00,40.781414,-73.94835,0,0,Passing Too Closely,4477760,8.6,2.4,0.9,0.9,0.0,4.0,53,30.0,56.5,268,Drizzle: Moderate,0,0,
90800,2021-11-15 10:01:00,40.79026,-73.942696,1,0,Driver Inattention/Distraction,4477792,8.6,2.4,0.9,0.9,0.0,4.0,53,30.0,56.5,268,Drizzle: Moderate,1,1,
90801,2021-11-15 15:00:00,40.767612,-73.950005,1,0,Brakes Defective,4478234,8.6,2.4,0.9,0.9,0.0,4.0,53,30.0,56.5,268,Drizzle: Moderate,1,1,
90802,2021-11-15 17:24:00,40.650227,-73.92827,1,0,Unspecified,4478002,8.6,2.4,0.9,0.9,0.0,4.0,53,30.0,56.5,268,Drizzle: Moderate,1,1,
90803,2021-11-13 21:06:00,40.605568,-74.03118,1,0,Following Too Closely,4478289,16.0,4.8,5.0,5.0,0.0,4.0,63,36.4,65.9,238,Rain: Moderate,1,1,
90804,2021-11-15 19:23:00,40.605614,-73.7447,0,0,Traffic Control Disregarded,4477802,8.6,2.4,0.9,0.9,0.0,4.0,53,30.0,56.5,268,Drizzle: Moderate,0,0,
90805,2021-11-06 10:00:00,40.78642,-73.978065,0,0,Passing or Lane Usage Improper,4478270,10.5,3.4,0.0,0.0,0.0,0.0,0,9.5,17.6,61,Clear sky,0,0,Sunny/Clear Conditions
90806,2021-11-15 12:00:00,40.63686,-73.93849,0,0,Unsafe Speed,4478012,8.6,2.4,0.9,0.9,0.0,4.0,53,30.0,56.5,268,Drizzle: Moderate,0,0,
90807,2021-11-15 01:15:00,40.659363,-73.87938,1,0,Lost Consciousness,4477332,8.6,2.4,0.9,0.9,0.0,4.0,53,30.0,56.5,268,Drizzle: Moderate,1,1,
90808,2021-11-15 11:33:00,40.75412,-73.881325,0,0,Unspecified,4478219,8.6,2.4,0.9,0.9,0.0,4.0,53,30.0,56.5,268,Drizzle: Moderate,0,0,
90809,2021-11-15 17:00:00,40.76858,-73.900604,0,0,Unspecified,4478101,8.6,2.4,0.9,0.9,0.0,4.0,53,30.0,56.5,268,Drizzle: Moderate,0,0,
90810,2021-11-15 21:51:00,40.666046,-73.91762,3,0,Unspecified,4477728,8.6,2.4,0.9,0.9,0.0,4.0,53,30.0,56.5,268,Drizzle: Moderate,3,3,
90811,2021-11-15 19:55:00,40.68236,-73.88777,0,0,Unspecified,4477868,8.6,2.4,0.9,0.9,0.0,4.0,53,30.0,56.5,268,Drizzle: Moderate,0,0,
90812,2021-11-15 11:24:00,40.676178,-73.9663,0,0,Driver Inattention/Distraction,4477636,8.6,2.4,0.9,0.9,0.0,4.0,53,30.0,56.5,268,Drizzle: Moderate,0,0,
90813,2021-11-15 11:30:00,40.672607,-73.89992,0,0,Unspecified,4477861,8.6,2.4,0.9,0.9,0.0,4.0,53,30.0,56.5,268,Drizzle: Moderate,0,0,
90814,2021-11-11 09:30:00,40.660454,-73.75661,0,0,Driver Inattention/Distraction,4478428,15.0,4.2,0.3,0.3,0.0,2.0,51,22.6,38.2,85,Drizzle: Light,0,0,
90815,2021-11-01 05:50:00,40.715977,-73.81082,0,0,Driver Inattention/Distraction,4478179,14.4,8.0,0.0,0.0,0.0,0.0,3,20.7,38.5,278,Overcast,0,0,
90816,2021-11-15 08:15:00,40.693172,-73.94878,0,0,Unsafe Lane Changing,4477960,8.6,2.4,0.9,0.9,0.0,4.0,53,30.0,56.5,268,Drizzle: Moderate,0,0,
90817,2021-11-15 09:25:00,40.752995,-73.91068,1,0,Turning Improperly,4477766,8.6,2.4,0.9,0.9,0.0,4.0,53,30.0,56.5,268,Drizzle: Moderate,1,1,
90818,2021-11-15 07:30:00,40.724827,-73.87312,0,0,Unspecified,4478339,8.6,2.4,0.9,0.9,0.0,4.0,53,30.0,56.5,268,Drizzle: Moderate,0,0,
90819,2021-11-15 16:16:00,40.77584,-73.9631,0,0,Unspecified,4477782,8.6,2.4,0.9,0.9,0.0,4.0,53,30.0,56.5,268,Drizzle: Moderate,0,0,
90820,2021-10-28 17:37:00,40.638046,-73.92698,0,0,Unspecified,4478370,15.2,7.9,0.0,0.0,0.0,0.0,3,19.1,34.6,28,Overcast,0,0,
90821,2021-11-15 12:00:00,40.76803,-73.87722,0,0,Passing Too Closely,4477935,8.6,2.4,0.9,0.9,0.0,4.0,53,30.0,56.5,268,Drizzle: Moderate,0,0,
90822,2021-11-15 15:30:00,40.64034,-73.96804,0,0,Unspecified,4477828,8.6,2.4,0.9,0.9,0.0,4.0,53,30.0,56.5,268,Drizzle: Moderate,0,0,
90823,2021-11-15 07:45:00,40.64682,-74.08195,0,0,Driver Inattention/Distraction,4477675,8.6,2.4,0.9,0.9,0.0,4.0,53,30.0,56.5,268,Drizzle: Moderate,0,0,
90824,2021-11-15 12:00:00,40.749825,-73.972206,1,0,Traffic Control Disregarded,4477707,8.6,2.4,0.9,0.9,0.0,4.0,53,30.0,56.5,268,Drizzle: Moderate,1,1,
90825,2021-11-06 04:01:00,40.86369,-73.91707,2,0,Unsafe Speed,4478263,10.5,3.4,0.0,0.0,0.0,0.0,0,9.5,17.6,61,Clear sky,2,2,Sunny/Clear Conditions
90826,2021-11-15 08:40:00,40.63215,-74.16525,0,0,Driver Inattention/Distraction,4477591,8.6,2.4,0.9,0.9,0.0,4.0,53,30.0,56.5,268,Drizzle: Moderate,0,0,
90827,2021-11-15 17:02:00,40.65474,-73.90693,2,0,Driver Inattention/Distraction,4478243,8.6,2.4,0.9,0.9,0.0,4.0,53,30.0,56.5,268,Drizzle: Moderate,2,2,
90828,2021-11-15 21:30:00,40.694,-73.92351,0,0,Failure to Yield Right-of-Way,4477838,8.6,2.4,0.9,0.9,0.0,4.0,53,30.0,56.5,268,Drizzle: Moderate,0,0,
90829,2021-11-15 08:30:00,40.713535,-73.96731,0,0,Driver Inattention/Distraction,4477746,8.6,2.4,0.9,0.9,0.0,4.0,53,30.0,56.5,268,Drizzle: Moderate,0,0,
90830,2021-11-10 16:37:00,40.67308,-73.91124,0,0,Unspecified,4478321,17.2,7.8,0.3,0.3,0.0,1.0,51,20.7,38.5,318,Drizzle: Light,0,0,
90831,2021-11-15 17:00:00,40.68424,-73.8461,1,0,Passing or Lane Usage Improper,4478195,8.6,2.4,0.9,0.9,0.0,4.0,53,30.0,56.5,268,Drizzle: Moderate,1,1,
90832,2021-11-12 17:31:00,40.85431,-73.93009,1,0,Unsafe Speed,4478294,18.5,8.9,15.0,15.0,0.0,7.0,63,39.8,74.5,174,Rain: Moderate,1,1,
90833,2021-11-15 10:30:00,40.82255,-73.88573,0,0,Failure to Yield Right-of-Way,4477680,8.6,2.4,0.9,0.9,0.0,4.0,53,30.0,56.5,268,Drizzle: Moderate,0,0,
90834,2021-11-15 20:29:00,40.623978,-73.92063,3,0,Unspecified,4477711,8.6,2.4,0.9,0.9,0.0,4.0,53,30.0,56.5,268,Drizzle: Moderate,3,3,
90835,2021-11-15 20:10:00,40.863113,-73.920616,0,0,Unspecified,4477945,8.6,2.4,0.9,0.9,0.0,4.0,53,30.0,56.5,268,Drizzle: Moderate,0,0,
90836,2021-11-15 19:57:00,40.887882,-73.8774,0,0,Driver Inattention/Distraction,4477885,8.6,2.4,0.9,0.9,0.0,4.0,53,30.0,56.5,268,Drizzle: Moderate,0,0,
90837,2021-11-15 18:00:00,40.871117,-73.87683,1,0,Unspecified,4477898,8.6,2.4,0.9,0.9,0.0,4.0,53,30.0,56.5,268,Drizzle: Moderate,1,1,
90838,2021-11-15 07:40:00,40.627598,-74.14468,0,0,Backing Unsafely,4477588,8.6,2.4,0.9,0.9,0.0,4.0,53,30.0,56.5,268,Drizzle: Moderate,0,0,
90839,2021-11-09 00:00:00,40.659336,-73.92726,2,0,Alcohol Involvement,4478403,19.5,5.6,0.0,0.0,0.0,0.0,3,10.2,20.2,283,Overcast,2,2,
90840,2021-11-15 14:00:00,40.63973,-73.974815,0,0,Unspecified,4477789,8.6,2.4,0.9,0.9,0.0,4.0,53,30.0,56.5,268,Drizzle: Moderate,0,0,
90841,2021-11-10 03:49:00,40.692936,-73.87777,0,0,Alcohol Involvement,4478335,17.2,7.8,0.3,0.3,0.0,1.0,51,20.7,38.5,318,Drizzle: Light,0,0,
90842,2021-10-30 16:00:00,40.65778,-73.91776,0,0,Unspecified,4478374,17.8,12.0,7.8,7.8,0.0,16.0,61,38.5,68.0,112,Rain: Light,0,0,
90843,2021-11-15 09:09:00,40.76774,-73.87999,0,0,Driver Inattention/Distraction,4477621,8.6,2.4,0.9,0.9,0.0,4.0,53,30.0,56.5,268,Drizzle: Moderate,0,0,
90844,2021-11-13 14:14:00,40.819054,-73.81837,0,0,Passing Too Closely,4478332,16.0,4.8,5.0,5.0,0.0,4.0,63,36.4,65.9,238,Rain: Moderate,0,0,
90845,2021-11-15 23:40:00,40.683502,-73.91152,0,0,Passing or Lane Usage Improper,4477842,8.6,2.4,0.9,0.9,0.0,4.0,53,30.0,56.5,268,Drizzle: Moderate,0,0,
90846,2021-11-15 07:02:00,40.797,-73.93778,0,0,Passing Too Closely,4477558,8.6,2.4,0.9,0.9,0.0,4.0,53,30.0,56.5,268,Drizzle: Moderate,0,0,
90847,2021-11-15 08:10:00,40.74648,-73.7589,0,0,Backing Unsafely,4477719,8.6,2.4,0.9,0.9,0.0,4.0,53,30.0,56.5,268,Drizzle: Moderate,0,0,
90848,2021-11-15 15:40:00,40.74743,-73.925476,1,0,Aggressive Driving/Road Rage,4477881,8.6,2.4,0.9,0.9,0.0,4.0,53,30.0,56.5,268,Drizzle: Moderate,1,1,
90849,2021-11-11 18:42:00,40.876583,-73.90266,1,0,Unspecified,4478299,15.0,4.2,0.3,0.3,0.0,2.0,51,22.6,38.2,85,Drizzle: Light,1,1,
90850,2021-11-15 18:30:00,40.632294,-73.96678,1,0,Driver Inattention/Distraction,4477825,8.6,2.4,0.9,0.9,0.0,4.0,53,30.0,56.5,268,Drizzle: Moderate,1,1,
90851,2021-11-15 11:27:00,40.718544,-73.91784,0,0,Following Too Closely,4477659,8.6,2.4,0.9,0.9,0.0,4.0,53,30.0,56.5,268,Drizzle: Moderate,0,0,
90852,2021-11-15 16:30:00,40.828064,-73.91609,0,0,Following Too Closely,4478140,8.6,2.4,0.9,0.9,0.0,4.0,53,30.0,56.5,268,Drizzle: Moderate,0,0,
90853,2021-11-15 12:29:00,40.71324,-73.99823,0,0,Drugs (illegal),4478021,8.6,2.4,0.9,0.9,0.0,4.0,53,30.0,56.5,268,Drizzle: Moderate,0,0,
90854,2021-11-15 18:03:00,40.81572,-73.925064,0,0,Unspecified,4477751,8.6,2.4,0.9,0.9,0.0,4.0,53,30.0,56.5,268,Drizzle: Moderate,0,0,
90855,2021-11-11 16:15:00,40.677563,-73.93309,1,0,Driver Inattention/Distraction,4478383,15.0,4.2,0.3,0.3,0.0,2.0,51,22.6,38.2,85,Drizzle: Light,1,1,
90856,2022-07-09 02:20:00,40.69584,-73.92959,1,0,Driver Inattention/Distraction,4544883,30.0,20.5,0.0,0.0,0.0,0.0,3,20.7,43.9,63,Overcast,1,1,
90857,2021-11-15 20:20:00,40.6972,-73.952934,2,0,Driver Inattention/Distraction,4477950,8.6,2.4,0.9,0.9,0.0,4.0,53,30.0,56.5,268,Drizzle: Moderate,2,2,
90858,2021-11-15 09:46:00,40.78169,-73.94897,1,0,Driver Inattention/Distraction,4477983,8.6,2.4,0.9,0.9,0.0,4.0,53,30.0,56.5,268,Drizzle: Moderate,1,1,
90859,2021-11-15 09:00:00,40.664146,-73.88186,0,0,Driver Inattention/Distraction,4477756,8.6,2.4,0.9,0.9,0.0,4.0,53,30.0,56.5,268,Drizzle: Moderate,0,0,
90860,2021-10-19 10:00:00,40.783974,-73.97031,0,0,Following Too Closely,4478394,19.1,8.3,0.0,0.0,0.0,0.0,1,24.6,45.0,272,Mainly clear,0,0,Sunny/Clear Conditions
90861,2021-11-15 12:10:00,40.586002,-73.97221,0,0,Reaction to Uninvolved Vehicle,4477650,8.6,2.4,0.9,0.9,0.0,4.0,53,30.0,56.5,268,Drizzle: Moderate,0,0,
90862,2021-11-12 01:00:00,40.679634,-73.94959,0,0,Unsafe Speed,4478282,18.5,8.9,15.0,15.0,0.0,7.0,63,39.8,74.5,174,Rain: Moderate,0,0,
90863,2021-11-15 11:27:00,40.736156,-73.71371,1,0,Following Too Closely,4477604,8.6,2.4,0.9,0.9,0.0,4.0,53,30.0,56.5,268,Drizzle: Moderate,1,1,
90864,2021-11-15 21:30:00,40.820435,-73.93623,0,0,Passing or Lane Usage Improper,4478182,8.6,2.4,0.9,0.9,0.0,4.0,53,30.0,56.5,268,Drizzle: Moderate,0,0,
90865,2021-11-15 11:36:00,40.690926,-73.92066,0,0,View Obstructed/Limited,4477850,8.6,2.4,0.9,0.9,0.0,4.0,53,30.0,56.5,268,Drizzle: Moderate,0,0,
90866,2021-11-13 15:36:00,40.77548,-73.98022,1,0,Unspecified,4478361,16.0,4.8,5.0,5.0,0.0,4.0,63,36.4,65.9,238,Rain: Moderate,1,1,
90867,2021-11-15 17:15:00,40.78214,-73.824844,0,0,Passing or Lane Usage Improper,4477902,8.6,2.4,0.9,0.9,0.0,4.0,53,30.0,56.5,268,Drizzle: Moderate,0,0,
90868,2021-11-15 08:00:00,40.702103,-73.788605,0,0,Failure to Yield Right-of-Way,4477694,8.6,2.4,0.9,0.9,0.0,4.0,53,30.0,56.5,268,Drizzle: Moderate,0,0,
90869,2021-11-15 16:24:00,40.76398,-73.96068,0,0,Failure to Yield Right-of-Way,4477769,8.6,2.4,0.9,0.9,0.0,4.0,53,30.0,56.5,268,Drizzle: Moderate,0,0,
90870,2021-11-15 03:25:00,40.745068,-73.93826,0,0,Passing or Lane Usage Improper,4477877,8.6,2.4,0.9,0.9,0.0,4.0,53,30.0,56.5,268,Drizzle: Moderate,0,0,
90871,2021-11-15 17:05:00,40.69405,-73.82802,0,0,Failure to Yield Right-of-Way,4477816,8.6,2.4,0.9,0.9,0.0,4.0,53,30.0,56.5,268,Drizzle: Moderate,0,0,
90872,2021-11-15 08:00:00,40.66573,-73.75012,0,0,Following Too Closely,4477601,8.6,2.4,0.9,0.9,0.0,4.0,53,30.0,56.5,268,Drizzle: Moderate,0,0,
90873,2021-11-15 02:56:00,40.640766,-73.951416,1,0,Unsafe Speed,4477514,8.6,2.4,0.9,0.9,0.0,4.0,53,30.0,56.5,268,Drizzle: Moderate,1,1,
90874,2021-11-15 00:15:00,40.666126,-73.9953,0,0,Unspecified,4477722,8.6,2.4,0.9,0.9,0.0,4.0,53,30.0,56.5,268,Drizzle: Moderate,0,0,
90875,2021-10-26 20:30:00,40.60998,-74.12017,0,0,Unsafe Speed,4478255,16.9,13.8,84.5,84.5,0.0,17.0,65,28.7,53.6,87,Rain: Heavy,0,0,
90876,2021-11-15 23:00:00,40.76649,-73.95696,0,0,Aggressive Driving/Road Rage,4477777,8.6,2.4,0.9,0.9,0.0,4.0,53,30.0,56.5,268,Drizzle: Moderate,0,0,
90877,2021-11-15 11:15:00,40.646503,-74.02322,1,0,Unspecified,4477698,8.6,2.4,0.9,0.9,0.0,4.0,53,30.0,56.5,268,Drizzle: Moderate,1,1,
90878,2021-11-15 21:00:00,40.80906,-73.90755,0,0,Driver Inattention/Distraction,4478457,8.6,2.4,0.9,0.9,0.0,4.0,53,30.0,56.5,268,Drizzle: Moderate,0,0,
90879,2021-11-15 18:20:00,40.71032,-73.89937,1,0,Unspecified,4478058,8.6,2.4,0.9,0.9,0.0,4.0,53,30.0,56.5,268,Drizzle: Moderate,1,1,
90880,2021-11-15 21:35:00,40.705162,-74.00985,0,0,Passing Too Closely,4478124,8.6,2.4,0.9,0.9,0.0,4.0,53,30.0,56.5,268,Drizzle: Moderate,0,0,
90881,2021-11-15 14:15:00,40.636635,-73.98571,0,0,Unspecified,4477954,8.6,2.4,0.9,0.9,0.0,4.0,53,30.0,56.5,268,Drizzle: Moderate,0,0,
90882,2021-11-15 09:10:00,40.668797,-73.93113,0,0,Driver Inattention/Distraction,4478226,8.6,2.4,0.9,0.9,0.0,4.0,53,30.0,56.5,268,Drizzle: Moderate,0,0,
90883,2021-11-03 20:00:00,40.713924,-73.83388,0,0,Driver Inattention/Distraction,4478352,10.7,3.8,0.1,0.1,0.0,1.0,51,15.6,30.6,302,Drizzle: Light,0,0,
90884,2021-11-15 18:40:00,40.58794,-73.97434,0,0,Reaction to Uninvolved Vehicle,4477731,8.6,2.4,0.9,0.9,0.0,4.0,53,30.0,56.5,268,Drizzle: Moderate,0,0,
90885,2021-11-15 06:25:00,40.667915,-73.77523,1,0,Reaction to Uninvolved Vehicle,4477971,8.6,2.4,0.9,0.9,0.0,4.0,53,30.0,56.5,268,Drizzle: Moderate,1,1,
90886,2021-11-15 22:25:00,40.851402,-73.89343,0,0,Driver Inattention/Distraction,4477839,8.6,2.4,0.9,0.9,0.0,4.0,53,30.0,56.5,268,Drizzle: Moderate,0,0,
90887,2021-11-14 07:05:00,40.784973,-73.98264,1,0,Driver Inattention/Distraction,4478271,8.4,2.9,0.6,0.6,0.0,2.0,53,20.7,36.4,232,Drizzle: Moderate,1,1,
90888,2021-11-12 14:00:00,40.698807,-73.91837,0,0,Passing Too Closely,4478301,18.5,8.9,15.0,15.0,0.0,7.0,63,39.8,74.5,174,Rain: Moderate,0,0,
90889,2021-11-15 10:45:00,40.61592,-74.00482,0,0,Passing or Lane Usage Improper,4477637,8.6,2.4,0.9,0.9,0.0,4.0,53,30.0,56.5,268,Drizzle: Moderate,0,0,
90890,2021-11-15 15:05:00,40.730995,-74.007195,1,0,Driver Inexperience,4477870,8.6,2.4,0.9,0.9,0.0,4.0,53,30.0,56.5,268,Drizzle: Moderate,1,1,
90891,2022-02-02 18:23:00,40.654953,-74.00703,1,0,Failure to Yield Right-of-Way,4501050,3.8,-7.2,0.0,0.0,0.0,0.0,3,10.6,16.2,93,Overcast,1,1,
90892,2021-11-15 07:00:00,40.60461,-73.99826,1,0,Pedestrian/Bicyclist/Other Pedestrian Error/Confusion,4477830,8.6,2.4,0.9,0.9,0.0,4.0,53,30.0,56.5,268,Drizzle: Moderate,1,1,
90893,2021-11-15 06:40:00,40.710434,-73.838066,0,0,Driver Inattention/Distraction,4477613,8.6,2.4,0.9,0.9,0.0,4.0,53,30.0,56.5,268,Drizzle: Moderate,0,0,
90894,2021-11-15 19:14:00,40.702374,-73.87544,1,0,Unspecified,4477683,8.6,2.4,0.9,0.9,0.0,4.0,53,30.0,56.5,268,Drizzle: Moderate,1,1,
90895,2021-11-15 16:08:00,40.733498,-73.87038,0,0,Driver Inattention/Distraction,4477917,8.6,2.4,0.9,0.9,0.0,4.0,53,30.0,56.5,268,Drizzle: Moderate,0,0,
90896,2021-11-15 19:30:00,40.757973,-73.98554,0,0,Unspecified,4477899,8.6,2.4,0.9,0.9,0.0,4.0,53,30.0,56.5,268,Drizzle: Moderate,0,0,
90897,2021-11-15 10:30:00,40.788982,-73.93039,0,0,Unspecified,4477594,8.6,2.4,0.9,0.9,0.0,4.0,53,30.0,56.5,268,Drizzle: Moderate,0,0,
90898,2021-11-15 22:45:00,40.584793,-74.16034,0,0,Passing or Lane Usage Improper,4478228,8.6,2.4,0.9,0.9,0.0,4.0,53,30.0,56.5,268,Drizzle: Moderate,0,0,
90899,2021-11-13 03:15:00,40.681587,-73.80563,0,0,Driver Inattention/Distraction,4478423,16.0,4.8,5.0,5.0,0.0,4.0,63,36.4,65.9,238,Rain: Moderate,0,0,
90900,2021-11-12 15:15:00,40.75108,-73.98686,0,0,Failure to Yield Right-of-Way,4478287,18.5,8.9,15.0,15.0,0.0,7.0,63,39.8,74.5,174,Rain: Moderate,0,0,
90901,2021-11-15 11:56:00,40.634396,-73.982025,1,0,Unspecified,4477961,8.6,2.4,0.9,0.9,0.0,4.0,53,30.0,56.5,268,Drizzle: Moderate,1,1,
90902,2021-11-15 10:00:00,40.879898,-73.83181,0,0,Other Vehicular,4478319,8.6,2.4,0.9,0.9,0.0,4.0,53,30.0,56.5,268,Drizzle: Moderate,0,0,
90903,2021-11-15 11:00:00,40.75863,-73.934265,0,0,Unspecified,4477759,8.6,2.4,0.9,0.9,0.0,4.0,53,30.0,56.5,268,Drizzle: Moderate,0,0,
90904,2021-11-15 00:15:00,40.625668,-74.02419,0,0,Backing Unsafely,4478064,8.6,2.4,0.9,0.9,0.0,4.0,53,30.0,56.5,268,Drizzle: Moderate,0,0,
90905,2021-11-15 13:03:00,40.8126,-73.899,1,0,Following Too Closely,4478104,8.6,2.4,0.9,0.9,0.0,4.0,53,30.0,56.5,268,Drizzle: Moderate,1,1,
90906,2021-11-15 00:10:00,40.682243,-73.82222,1,0,Traffic Control Disregarded,4477376,8.6,2.4,0.9,0.9,0.0,4.0,53,30.0,56.5,268,Drizzle: Moderate,1,1,
90907,2021-10-30 19:55:00,40.851257,-73.935196,0,0,Driver Inexperience,4478262,17.8,12.0,7.8,7.8,0.0,16.0,61,38.5,68.0,112,Rain: Light,0,0,
90908,2021-11-15 15:20:00,40.64077,-73.99408,0,0,Unspecified,4477787,8.6,2.4,0.9,0.9,0.0,4.0,53,30.0,56.5,268,Drizzle: Moderate,0,0,