,CRASH DATETIME,LATITUDE,LONGITUDE,NUMBER OF PERSONS INJURED,NUMBER OF PERSONS KILLED,CONTRIBUTING FACTOR VEHICLE 1,COLLISION_ID,temperature_2m_max,temperature_2m_min,precipitation_sum,rain_sum,snowfall_sum,precipitation_hours,weather_code,wind_speed_10m_max,wind_gusts_10m_max,wind_direction_10m_dominant,Weather Description,Severity_Score,Total_Affected_Persons,Weather_Category
90909,2021-11-15 07:47:00,40.62573,-73.9564,3,0,Unspecified,4477803,8.6,2.4,0.9,0.9,0.0,4.0,53,30.0,56.5,268,Drizzle: Moderate,3,3,
90910,2021-11-13 15:20:00,40.712727,-73.87935,2,0,Failure to Yield Right-of-Way,4478338,16.0,4.8,5.0,5.0,0.0,4.0,63,36.4,65.9,238,Rain: Moderate,2,2,
90911,2021-11-13 11:35:00,40.75846,-73.87833,1,0,Driver Inattention/Distraction,4478220,16.0,4.8,5.0,5.0,0.0,4.0,63,36.4,65.9,238,Rain: Moderate,1,1,
90912,2021-10-30 14:00:00,40.658905,-73.92175,0,0,Unspecified,4478373,17.8,12.0,7.8,7.8,0.0,16.0,61,38.5,68.0,112,Rain: Light,0,0,
90913,2021-11-15 17:42:00,40.73011,-73.86509,1,0,Driver Inattention/Distraction,4477727,8.6,2.4,0.9,0.9,0.0,4.0,53,30.0,56.5,268,Drizzle: Moderate,1,1,
90914,2021-11-15 18:40:00,40.75235,-73.876274,0,0,Failure to Yield Right-of-Way,4477940,8.6,2.4,0.9,0.9,0.0,4.0,53,30.0,56.5,268,Drizzle: Moderate,0,0,
90915,2021-11-15 18:02:00,40.674534,-73.803505,1,0,Failure to Yield Right-of-Way,4477745,8.6,2.4,0.9,0.9,0.0,4.0,53,30.0,56.5,268,Drizzle: Moderate,1,1,
90916,2021-11-15 14:30:00,40.658318,-73.90516,0,0,Unspecified,4478244,8.6,2.4,0.9,0.9,0.0,4.0,53,30.0,56.5,268,Drizzle: Moderate,0,0,
90917,2021-11-15 18:09:00,40.878372,-73.82859,0,0,Other Vehicular,4478326,8.6,2.4,0.9,0.9,0.0,4.0,53,30.0,56.5,268,Drizzle: Moderate,0,0,
90918,2021-11-15 16:38:00,40.59856,-73.75277,0,0,Backing Unsafely,4477793,8.6,2.4,0.9,0.9,0.0,4.0,53,30.0,56.5,268,Drizzle: Moderate,0,0,
90919,2021-11-15 13:50:00,40.69986,-73.98458,0,0,Driver Inattention/Distraction,4477674,8.6,2.4,0.9,0.9,0.0,4.0,53,30.0,56.5,268,Drizzle: Moderate,0,0,
90920,2021-11-15 08:20:00,40.594154,-74.06567,0,0,Driver Inexperience,4477578,8.6,2.4,0.9,0.9,0.0,4.0,53,30.0,56.5,268,Drizzle: Moderate,0,0,
90921,2021-11-15 11:38:00,40.68045,-73.87586,1,0,Unspecified,4477863,8.6,2.4,0.9,0.9,0.0,4.0,53,30.0,56.5,268,Drizzle: Moderate,1,1,
90922,2021-11-15 13:45:00,40.665474,-73.74751,2,0,Unspecified,4477947,8.6,2.4,0.9,0.9,0.0,4.0,53,30.0,56.5,268,Drizzle: Moderate,2,2,
90923,2021-11-15 21:25:00,40.662758,-73.74999,0,0,Unspecified,4477714,8.6,2.4,0.9,0.9,0.0,4.0,53,30.0,56.5,268,Drizzle: Moderate,0,0,
90924,2021-11-15 15:38:00,40.678417,-73.729225,0,0,Turning Improperly,4477702,8.6,2.4,0.9,0.9,0.0,4.0,53,30.0,56.5,268,Drizzle: Moderate,0,0,
90925,2021-11-15 18:30:00,40.60891,-74.17833,2,0,Driver Inattention/Distraction,4477889,8.6,2.4,0.9,0.9,0.0,4.0,53,30.0,56.5,268,Drizzle: Moderate,2,2,
90926,2021-11-14 17:45:00,40.824913,-73.8689,2,0,Unspecified,4478233,8.4,2.9,0.6,0.6,0.0,2.0,53,20.7,36.4,232,Drizzle: Moderate,2,2,
90927,2021-11-15 07:05:00,40.66653,-73.806274,0,0,Other Vehicular,4477741,8.6,2.4,0.9,0.9,0.0,4.0,53,30.0,56.5,268,Drizzle: Moderate,0,0,
90928,2021-11-15 03:55:00,40.675735,-73.89686,2,0,Failure to Yield Right-of-Way,4477764,8.6,2.4,0.9,0.9,0.0,4.0,53,30.0,56.5,268,Drizzle: Moderate,2,2,
90929,2021-10-27 09:52:00,40.87802,-73.90241,1,0,Failure to Yield Right-of-Way,4478175,16.1,12.2,6.6,6.6,0.0,6.0,61,33.3,63.0,359,Rain: Light,1,1,
90930,2021-11-12 22:45:00,40.69874,-73.89305,0,0,Failure to Yield Right-of-Way,4478334,18.5,8.9,15.0,15.0,0.0,7.0,63,39.8,74.5,174,Rain: Moderate,0,0,
90931,2021-11-15 17:20:00,40.812126,-73.90419,1,0,Failure to Yield Right-of-Way,4477780,8.6,2.4,0.9,0.9,0.0,4.0,53,30.0,56.5,268,Drizzle: Moderate,1,1,
90932,2021-11-15 15:54:00,40.65249,-73.92179,1,0,Unspecified,4478369,8.6,2.4,0.9,0.9,0.0,4.0,53,30.0,56.5,268,Drizzle: Moderate,1,1,
90933,2021-11-12 09:42:00,40.863792,-73.91942,1,0,Driver Inattention/Distraction,4478293,18.5,8.9,15.0,15.0,0.0,7.0,63,39.8,74.5,174,Rain: Moderate,1,1,
90934,2021-11-15 04:05:00,40.68409,-73.80169,1,0,Following Too Closely,4477972,8.6,2.4,0.9,0.9,0.0,4.0,53,30.0,56.5,268,Drizzle: Moderate,1,1,
90935,2021-11-15 00:00:00,40.651157,-73.918144,0,0,Aggressive Driving/Road Rage,4478001,8.6,2.4,0.9,0.9,0.0,4.0,53,30.0,56.5,268,Drizzle: Moderate,0,0,
90936,2021-11-11 23:05:00,40.67834,-73.95521,1,0,Unsafe Speed,4478384,15.0,4.2,0.3,0.3,0.0,2.0,51,22.6,38.2,85,Drizzle: Light,1,1,
90937,2021-11-15 06:25:00,40.719406,-73.902504,1,0,Traffic Control Disregarded,4478041,8.6,2.4,0.9,0.9,0.0,4.0,53,30.0,56.5,268,Drizzle: Moderate,1,1,
90938,2021-11-15 15:46:00,40.60638,-73.959724,0,0,Driver Inattention/Distraction,4477752,8.6,2.4,0.9,0.9,0.0,4.0,53,30.0,56.5,268,Drizzle: Moderate,0,0,
90939,2022-02-06 19:09:00,40.685654,-73.828636,0,0,Turning Improperly,4500493,-1.4,-8.8,0.0,0.0,0.0,0.0,3,16.2,31.7,83,Overcast,0,0,
90940,2022-02-06 22:50:00,40.69969,-73.91557,1,0,Failure to Yield Right-of-Way,4500520,-1.4,-8.8,0.0,0.0,0.0,0.0,3,16.2,31.7,83,Overcast,1,1,
90941,2022-02-06 05:40:00,40.847397,-73.92841,0,0,Unspecified,4500443,-1.4,-8.8,0.0,0.0,0.0,0.0,3,16.2,31.7,83,Overcast,0,0,
90942,2022-02-06 02:43:00,40.86022,-73.90721,0,0,Passing or Lane Usage Improper,4500609,-1.4,-8.8,0.0,0.0,0.0,0.0,3,16.2,31.7,83,Overcast,0,0,
90943,2022-02-06 05:30:00,40.70145,-73.989624,0,0,Unspecified,4500380,-1.4,-8.8,0.0,0.0,0.0,0.0,3,16.2,31.7,83,Overcast,0,0,
90944,2022-02-04 18:30:00,40.63946,-74.08535,0,0,Unspecified,4500984,12.5,-2.3,26.6,26.5,0.07,23.0,71,29.7,50.4,313,Snow fall: Light,0,0,Snowy Conditions
90945,2022-02-06 14:53:00,40.630505,-73.92812,1,0,Driver Inattention/Distraction,4500567,-1.4,-8.8,0.0,0.0,0.0,0.0,3,16.2,31.7,83,Overcast,1,1,
90946,2022-02-06 17:34:00,40.592403,-73.9954,0,0,Unspecified,4500568,-1.4,-8.8,0.0,0.0,0.0,0.0,3,16.2,31.7,83,Overcast,0,0,
90947,2022-02-06 03:15:00,40.693787,-73.81173,2,0,Driver Inattention/Distraction,4500512,-1.4,-8.8,0.0,0.0,0.0,0.0,3,16.2,31.7,83,Overcast,2,2,
90948,2022-02-06 00:10:00,40.600082,-73.96591,2,0,Unspecified,4500131,-1.4,-8.8,0.0,0.0,0.0,0.0,3,16.2,31.7,83,Overcast,2,2,
90949,2022-02-01 02:45:00,40.62149,-74.17076,0,0,Passing or Lane Usage Improper,4501087,-0.9,-13.4,0.0,0.0,0.0,0.0,3,12.2,21.2,36,Overcast,0,0,
90950,2022-02-06 02:09:00,40.670006,-73.95328,4,1,Unsafe Speed,4500420,-1.4,-8.8,0.0,0.0,0.0,0.0,3,16.2,31.7,83,Overcast,24,5,
90951,2022-02-01 13:20:00,40.725117,-73.82189,0,0,Unspecified,4500947,-0.9,-13.4,0.0,0.0,0.0,0.0,3,12.2,21.2,36,Overcast,0,0,
90952,2022-02-06 02:55:00,40.743626,-73.73437,0,0,Driver Inattention/Distraction,4500174,-1.4,-8.8,0.0,0.0,0.0,0.0,3,16.2,31.7,83,Overcast,0,0,
90953,2022-02-04 22:15:00,40.809578,-73.93996,0,0,Failure to Yield Right-of-Way,4501037,12.5,-2.3,26.6,26.5,0.07,23.0,71,29.7,50.4,313,Snow fall: Light,0,0,Snowy Conditions
90954,2022-02-06 08:00:00,40.68452,-73.86156,0,0,Unsafe Lane Changing,4500513,-1.4,-8.8,0.0,0.0,0.0,0.0,3,16.2,31.7,83,Overcast,0,0,
90955,2022-02-02 15:00:00,40.81899,-73.89185,0,0,Unsafe Speed,4501095,3.8,-7.2,0.0,0.0,0.0,0.0,3,10.6,16.2,93,Overcast,0,0,
90956,2022-02-06 21:19:00,40.835358,-73.94022,1,0,Driver Inattention/Distraction,4500445,-1.4,-8.8,0.0,0.0,0.0,0.0,3,16.2,31.7,83,Overcast,1,1,
90957,2022-07-09 14:45:00,40.67251,-73.99905,0,0,Unspecified,4544845,30.0,20.5,0.0,0.0,0.0,0.0,3,20.7,43.9,63,Overcast,0,0,
90958,2022-02-06 18:50:00,40.668293,-73.97924,0,0,Unspecified,4500482,-1.4,-8.8,0.0,0.0,0.0,0.0,3,16.2,31.7,83,Overcast,0,0,
90959,2022-02-06 10:32:00,40.756336,-73.87794,0,0,Unspecified,4500286,-1.4,-8.8,0.0,0.0,0.0,0.0,3,16.2,31.7,83,Overcast,0,0,
90960,2022-02-06 11:40:00,40.745663,-73.86354,0,0,Driver Inattention/Distraction,4500328,-1.4,-8.8,0.0,0.0,0.0,0.0,3,16.2,31.7,83,Overcast,0,0,
90961,2022-02-06 19:15:00,40.564346,-74.11592,1,0,Driver Inattention/Distraction,4500684,-1.4,-8.8,0.0,0.0,0.0,0.0,3,16.2,31.7,83,Overcast,1,1,
90962,2022-02-06 05:05:00,40.87144,-73.867165,0,0,Unsafe Speed,4500406,-1.4,-8.8,0.0,0.0,0.0,0.0,3,16.2,31.7,83,Overcast,0,0,
90963,2022-02-06 00:00:00,40.631428,-73.931145,0,0,Unspecified,4500861,-1.4,-8.8,0.0,0.0,0.0,0.0,3,16.2,31.7,83,Overcast,0,0,
90964,2022-02-06 21:43:00,40.884487,-73.86567,0,0,Driver Inattention/Distraction,4501115,-1.4,-8.8,0.0,0.0,0.0,0.0,3,16.2,31.7,83,Overcast,0,0,
90965,2022-02-06 02:15:00,40.838875,-73.90266,1,0,Driver Inattention/Distraction,4500264,-1.4,-8.8,0.0,0.0,0.0,0.0,3,16.2,31.7,83,Overcast,1,1,
90966,2022-02-06 10:30:00,40.874733,-73.8739,0,0,Unspecified,4500580,-1.4,-8.8,0.0,0.0,0.0,0.0,3,16.2,31.7,83,Overcast,0,0,
90967,2022-02-06 16:33:00,40.808437,-73.88682,1,0,Unspecified,4500699,-1.4,-8.8,0.0,0.0,0.0,0.0,3,16.2,31.7,83,Overcast,1,1,
90968,2022-02-06 04:50:00,40.843994,-73.89752,4,0,Unsafe Speed,4500302,-1.4,-8.8,0.0,0.0,0.0,0.0,3,16.2,31.7,83,Overcast,4,4,
90969,2022-02-06 15:00:00,40.71442,-73.78981,0,0,Unspecified,4500458,-1.4,-8.8,0.0,0.0,0.0,0.0,3,16.2,31.7,83,Overcast,0,0,
90970,2022-02-01 17:30:00,40.80761,-73.95305,3,0,Other Vehicular,4501007,-0.9,-13.4,0.0,0.0,0.0,0.0,3,12.2,21.2,36,Overcast,3,3,
90971,2022-02-05 19:45:00,40.782215,-73.80776,2,0,Failure to Yield Right-of-Way,4501046,-1.9,-6.9,0.4,0.0,0.28,3.0,71,26.8,50.4,322,Snow fall: Light,2,2,Snowy Conditions
90972,2022-02-06 15:45:00,40.75539,-73.828285,1,0,Passing or Lane Usage Improper,4500395,-1.4,-8.8,0.0,0.0,0.0,0.0,3,16.2,31.7,83,Overcast,1,1,
90973,2022-02-06 06:37:00,40.652313,-73.908226,0,0,Unspecified,4500466,-1.4,-8.8,0.0,0.0,0.0,0.0,3,16.2,31.7,83,Overcast,0,0,
90974,2022-02-02 18:26:00,40.663116,-73.915886,2,0,Driver Inattention/Distraction,4501159,3.8,-7.2,0.0,0.0,0.0,0.0,3,10.6,16.2,93,Overcast,2,2,
90975,2022-02-06 05:45:00,40.660656,-73.885796,0,0,Driver Inattention/Distraction,4500674,-1.4,-8.8,0.0,0.0,0.0,0.0,3,16.2,31.7,83,Overcast,0,0,
90976,2022-02-06 04:18:00,40.665737,-73.75194,1,0,Driver Inexperience,4500186,-1.4,-8.8,0.0,0.0,0.0,0.0,3,16.2,31.7,83,Overcast,1,1,
90977,2022-02-06 00:00:00,40.57988,-73.96075,0,0,Unspecified,4500817,-1.4,-8.8,0.0,0.0,0.0,0.0,3,16.2,31.7,83,Overcast,0,0,
90978,2022-02-06 06:00:00,40.758976,-73.98993,0,0,Passing or Lane Usage Improper,4500367,-1.4,-8.8,0.0,0.0,0.0,0.0,3,16.2,31.7,83,Overcast,0,0,
90979,2022-02-06 22:09:00,40.834198,-73.85169,0,0,Unspecified,4500710,-1.4,-8.8,0.0,0.0,0.0,0.0,3,16.2,31.7,83,Overcast,0,0,
90980,2022-02-06 16:05:00,40.615005,-73.980225,1,0,Failure to Yield Right-of-Way,4500589,-1.4,-8.8,0.0,0.0,0.0,0.0,3,16.2,31.7,83,Overcast,1,1,
90981,2022-02-04 18:00:00,40.82325,-73.88277,0,0,Driver Inattention/Distraction,4501055,12.5,-2.3,26.6,26.5,0.07,23.0,71,29.7,50.4,313,Snow fall: Light,0,0,Snowy Conditions
90982,2022-02-06 00:41:00,40.768597,-73.967766,1,0,Driver Inattention/Distraction,4500538,-1.4,-8.8,0.0,0.0,0.0,0.0,3,16.2,31.7,83,Overcast,1,1,
90983,2022-02-01 12:00:00,40.734585,-73.9536,0,0,Unspecified,4500992,-0.9,-13.4,0.0,0.0,0.0,0.0,3,12.2,21.2,36,Overcast,0,0,
90984,2022-02-06 17:27:00,40.68416,-73.96907,0,0,Unspecified,4500431,-1.4,-8.8,0.0,0.0,0.0,0.0,3,16.2,31.7,83,Overcast,0,0,
90985,2022-02-06 22:00:00,40.68022,-73.82121,0,0,Passing or Lane Usage Improper,4500875,-1.4,-8.8,0.0,0.0,0.0,0.0,3,16.2,31.7,83,Overcast,0,0,
90986,2022-02-05 12:00:00,40.538532,-74.20048,0,0,Driver Inattention/Distraction,4500956,-1.9,-6.9,0.4,0.0,0.28,3.0,71,26.8,50.4,322,Snow fall: Light,0,0,Snowy Conditions
90987,2022-02-06 14:50:00,40.804333,-73.95305,0,0,Backing Unsafely,4500464,-1.4,-8.8,0.0,0.0,0.0,0.0,3,16.2,31.7,83,Overcast,0,0,
90988,2022-02-06 01:12:00,40.851444,-73.91185,1,0,Driver Inexperience,4500723,-1.4,-8.8,0.0,0.0,0.0,0.0,3,16.2,31.7,83,Overcast,1,1,
90989,2022-02-06 06:10:00,40.635365,-73.92571,3,0,Fatigued/Drowsy,4500202,-1.4,-8.8,0.0,0.0,0.0,0.0,3,16.2,31.7,83,Overcast,3,3,
90990,2022-02-06 02:23:00,40.70313,-73.816795,0,0,Failure to Yield Right-of-Way,4500560,-1.4,-8.8,0.0,0.0,0.0,0.0,3,16.2,31.7,83,Overcast,0,0,
90991,2022-02-06 21:36:00,40.629986,-73.97157,2,0,Failure to Yield Right-of-Way,4500571,-1.4,-8.8,0.0,0.0,0.0,0.0,3,16.2,31.7,83,Overcast,2,2,
90992,2022-02-06 18:30:00,40.655396,-73.95065,0,0,Driver Inattention/Distraction,4500419,-1.4,-8.8,0.0,0.0,0.0,0.0,3,16.2,31.7,83,Overcast,0,0,
90993,2022-02-06 04:25:00,40.703983,-73.79375,2,0,Unsafe Speed,4500554,-1.4,-8.8,0.0,0.0,0.0,0.0,3,16.2,31.7,83,Overcast,2,2,
90994,2022-02-06 12:40:00,40.68087,-73.97515,0,0,Reaction to Uninvolved Vehicle,4501022,-1.4,-8.8,0.0,0.0,0.0,0.0,3,16.2,31.7,83,Overcast,0,0,
90995,2022-02-06 16:40:00,40.754276,-73.90902,1,0,Following Too Closely,4500486,-1.4,-8.8,0.0,0.0,0.0,0.0,3,16.2,31.7,83,Overcast,1,1,
90996,2022-02-05 10:55:00,40.74418,-73.851906,1,0,Driver Inattention/Distraction,4501030,-1.9,-6.9,0.4,0.0,0.28,3.0,71,26.8,50.4,322,Snow fall: Light,1,1,Snowy Conditions
90997,2022-02-06 01:50:00,40.842846,-73.82568,0,0,Driver Inexperience,4500157,-1.4,-8.8,0.0,0.0,0.0,0.0,3,16.2,31.7,83,Overcast,0,0,
90998,2022-07-09 11:30:00,40.695877,-73.81487,1,0,Failure to Yield Right-of-Way,4545291,30.0,20.5,0.0,0.0,0.0,0.0,3,20.7,43.9,63,Overcast,1,1,
90999,2022-02-01 08:50:00,40.716526,-73.82308,0,0,Following Too Closely,4500946,-0.9,-13.4,0.0,0.0,0.0,0.0,3,12.2,21.2,36,Overcast,0,0,
91000,2022-02-06 17:00:00,40.836304,-73.92518,0,0,Unspecified,4501227,-1.4,-8.8,0.0,0.0,0.0,0.0,3,16.2,31.7,83,Overcast,0,0,
91001,2022-02-06 14:50:00,40.823257,-73.94293,0,0,Alcohol Involvement,4500703,-1.4,-8.8,0.0,0.0,0.0,0.0,3,16.2,31.7,83,Overcast,0,0,
91002,2022-02-06 09:43:00,40.608253,-74.08879,0,0,Unsafe Speed,4500298,-1.4,-8.8,0.0,0.0,0.0,0.0,3,16.2,31.7,83,Overcast,0,0,
91003,2022-02-06 09:25:00,40.691708,-73.94849,1,0,Driver Inattention/Distraction,4500307,-1.4,-8.8,0.0,0.0,0.0,0.0,3,16.2,31.7,83,Overcast,1,1,
91004,2022-02-06 01:40:00,40.762234,-73.98987,0,0,Unspecified,4500610,-1.4,-8.8,0.0,0.0,0.0,0.0,3,16.2,31.7,83,Overcast,0,0,
91005,2022-01-30 14:23:00,40.746754,-73.97273,0,0,Unspecified,4501086,-5.4,-13.8,0.0,0.0,0.0,0.0,3,28.5,50.0,290,Overcast,0,0,
91006,2022-02-06 13:48:00,40.671787,-73.95311,1,0,Driver Inattention/Distraction,4500342,-1.4,-8.8,0.0,0.0,0.0,0.0,3,16.2,31.7,83,Overcast,1,1,
91007,2022-02-06 00:00:00,40.815754,-73.89529,3,0,Driver Inattention/Distraction,4500689,-1.4,-8.8,0.0,0.0,0.0,0.0,3,16.2,31.7,83,Overcast,3,3,
91008,2022-02-06 14:30:00,40.74355,-73.958405,0,0,Driver Inattention/Distraction,4500390,-1.4,-8.8,0.0,0.0,0.0,0.0,3,16.2,31.7,83,Overcast,0,0,
91009,2022-02-06 07:50:00,40.60988,-74.08722,0,0,Unspecified,4500757,-1.4,-8.8,0.0,0.0,0.0,0.0,3,16.2,31.7,83,Overcast,0,0,
91010,2022-02-06 10:00:00,40.658066,-73.946815,0,0,Driver Inattention/Distraction,4501221,-1.4,-8.8,0.0,0.0,0.0,0.0,3,16.2,31.7,83,Overcast,0,0,
91011,2022-02-06 03:30:00,40.759666,-73.9956,0,0,Unsafe Speed,4500214,-1.4,-8.8,0.0,0.0,0.0,0.0,3,16.2,31.7,83,Overcast,0,0,
91012,2022-02-06 11:00:00,40.5446,-74.20803,0,0,Unspecified,4500627,-1.4,-8.8,0.0,0.0,0.0,0.0,3,16.2,31.7,83,Overcast,0,0,
91013,2022-02-06 03:20:00,40.755703,-73.88349,0,0,Unspecified,4500729,-1.4,-8.8,0.0,0.0,0.0,0.0,3,16.2,31.7,83,Overcast,0,0,
91014,2022-02-06 23:25:00,40.578663,-74.169586,0,0,Traffic Control Disregarded,4500858,-1.4,-8.8,0.0,0.0,0.0,0.0,3,16.2,31.7,83,Overcast,0,0,
91015,2022-02-06 06:33:00,40.838196,-73.901184,1,0,Other Vehicular,4500266,-1.4,-8.8,0.0,0.0,0.0,0.0,3,16.2,31.7,83,Overcast,1,1,
91016,2022-02-06 11:07:00,40.86945,-73.872345,0,0,Reaction to Uninvolved Vehicle,4500339,-1.4,-8.8,0.0,0.0,0.0,0.0,3,16.2,31.7,83,Overcast,0,0,
91017,2022-02-02 11:23:00,40.667015,-73.9313,0,0,Unspecified,4501167,3.8,-7.2,0.0,0.0,0.0,0.0,3,10.6,16.2,93,Overcast,0,0,
91018,2022-01-10 12:00:00,40.80274,-73.919846,0,0,Unspecified,4501198,4.1,-4.3,0.0,0.0,0.0,0.0,3,24.1,44.3,295,Overcast,0,0,
91019,2022-02-06 15:00:00,40.69455,-73.74416,1,0,Traffic Control Disregarded,4500377,-1.4,-8.8,0.0,0.0,0.0,0.0,3,16.2,31.7,83,Overcast,1,1,
91020,2022-02-06 16:43:00,40.700672,-73.92164,0,0,Backing Unsafely,4500515,-1.4,-8.8,0.0,0.0,0.0,0.0,3,16.2,31.7,83,Overcast,0,0,
91021,2022-02-04 17:25:00,40.77286,-73.98955,0,0,Driver Inattention/Distraction,4501133,12.5,-2.3,26.6,26.5,0.07,23.0,71,29.7,50.4,313,Snow fall: Light,0,0,Snowy Conditions
91022,2022-01-28 18:55:00,40.767185,-73.98997,1,0,Failure to Yield Right-of-Way,4500945,1.0,-3.1,2.4,0.0,1.68,13.0,73,18.7,31.3,251,Snow fall: Moderate,1,1,Snowy Conditions
91023,2022-02-02 08:00:00,40.65832,-73.93056,0,0,Passing Too Closely,4501063,3.8,-7.2,0.0,0.0,0.0,0.0,3,10.6,16.2,93,Overcast,0,0,
91024,2022-02-06 09:45:00,40.671085,-73.736275,1,0,Following Too Closely,4500285,-1.4,-8.8,0.0,0.0,0.0,0.0,3,16.2,31.7,83,Overcast,1,1,
91025,2022-02-06 10:01:00,40.887527,-73.85963,0,0,Unspecified,4500407,-1.4,-8.8,0.0,0.0,0.0,0.0,3,16.2,31.7,83,Overcast,0,0,
91026,2022-02-06 05:40:00,40.613243,-73.93029,0,0,Unsafe Speed,4500200,-1.4,-8.8,0.0,0.0,0.0,0.0,3,16.2,31.7,83,Overcast,0,0,
91027,2022-02-06 16:55:00,40.719868,-73.99527,0,0,Backing Unsafely,4500370,-1.4,-8.8,0.0,0.0,0.0,0.0,3,16.2,31.7,83,Overcast,0,0,
91028,2022-02-06 12:30:00,40.69782,-73.927826,0,0,Other Vehicular,4500348,-1.4,-8.8,0.0,0.0,0.0,0.0,3,16.2,31.7,83,Overcast,0,0,
91029,2022-02-06 09:43:00,40.63617,-74.08127,0,0,Driver Inattention/Distraction,4500760,-1.4,-8.8,0.0,0.0,0.0,0.0,3,16.2,31.7,83,Overcast,0,0,
91030,2022-02-06 18:11:00,40.83569,-73.93739,1,0,Unspecified,4500447,-1.4,-8.8,0.0,0.0,0.0,0.0,3,16.2,31.7,83,Overcast,1,1,
91031,2022-02-06 05:12:00,40.709747,-73.82057,1,0,Driver Inattention/Distraction,4500683,-1.4,-8.8,0.0,0.0,0.0,0.0,3,16.2,31.7,83,Overcast,1,1,
91032,2022-02-06 04:45:00,40.63975,-73.95491,0,0,Unspecified,4500808,-1.4,-8.8,0.0,0.0,0.0,0.0,3,16.2,31.7,83,Overcast,0,0,
91033,2022-02-06 20:45:00,40.652523,-73.95185,0,0,Unspecified,4500717,-1.4,-8.8,0.0,0.0,0.0,0.0,3,16.2,31.7,83,Overcast,0,0,
91034,2022-02-06 18:30:00,40.594254,-73.96203,0,0,Unspecified,4500506,-1.4,-8.8,0.0,0.0,0.0,0.0,3,16.2,31.7,83,Overcast,0,0,
91035,2022-02-02 23:40:00,40.799984,-73.944855,1,0,Traffic Control Disregarded,4500980,3.8,-7.2,0.0,0.0,0.0,0.0,3,10.6,16.2,93,Overcast,1,1,
91036,2022-02-06 00:35:00,40.8532,-73.934204,0,0,Alcohol Involvement,4500440,-1.4,-8.8,0.0,0.0,0.0,0.0,3,16.2,31.7,83,Overcast,0,0,
91037,2022-02-05 14:46:00,40.794178,-73.94487,0,0,Alcohol Involvement,4501008,-1.9,-6.9,0.4,0.0,0.28,3.0,71,26.8,50.4,322,Snow fall: Light,0,0,Snowy Conditions
91038,2022-02-06 17:15:00,40.618988,-74.0408,0,0,Driver Inattention/Distraction,4500426,-1.4,-8.8,0.0,0.0,0.0,0.0,3,16.2,31.7,83,Overcast,0,0,
91039,2022-02-06 02:00:00,40.85586,-73.89462,1,0,Driver Inattention/Distraction,4500175,-1.4,-8.8,0.0,0.0,0.0,0.0,3,16.2,31.7,83,Overcast,1,1,
91040,2022-02-03 19:25:00,40.748596,-73.86317,1,0,Unspecified,4501031,9.2,2.3,13.1,13.1,0.0,17.0,61,14.9,23.8,194,Rain: Light,1,1,
91041,2022-02-06 12:13:00,40.720036,-73.75752,1,0,Unspecified,4500330,-1.4,-8.8,0.0,0.0,0.0,0.0,3,16.2,31.7,83,Overcast,1,1,
91042,2022-02-06 04:00:00,40.67631,-73.91057,0,0,Unspecified,4500467,-1.4,-8.8,0.0,0.0,0.0,0.0,3,16.2,31.7,83,Overcast,0,0,
91043,2022-02-06 20:20:00,40.70113,-73.96087,1,0,Failure to Yield Right-of-Way,4501096,-1.4,-8.8,0.0,0.0,0.0,0.0,3,16.2,31.7,83,Overcast,1,1,
91044,2022-02-06 21:02:00,40.871723,-73.8794,0,0,Unspecified,4500586,-1.4,-8.8,0.0,0.0,0.0,0.0,3,16.2,31.7,83,Overcast,0,0,
91045,2022-02-04 16:38:00,40.66059,-73.931335,0,0,Unspecified,4500962,12.5,-2.3,26.6,26.5,0.07,23.0,71,29.7,50.4,313,Snow fall: Light,0,0,Snowy Conditions
91046,2022-02-06 16:20:00,40.71935,-73.81104,0,0,Unspecified,4500457,-1.4,-8.8,0.0,0.0,0.0,0.0,3,16.2,31.7,83,Overcast,0,0,
91047,2022-02-06 15:40:00,40.754375,-73.8234,1,0,Failure to Yield Right-of-Way,4500396,-1.4,-8.8,0.0,0.0,0.0,0.0,3,16.2,31.7,83,Overcast,1,1,
91048,2022-02-05 01:45:00,40.58274,-73.83509,0,0,Pavement Slippery,4501025,-1.9,-6.9,0.4,0.0,0.28,3.0,71,26.8,50.4,322,Snow fall: Light,0,0,Snowy Conditions
91049,2022-02-03 08:35:00,40.739964,-73.89424,0,0,Unspecified,4501045,9.2,2.3,13.1,13.1,0.0,17.0,61,14.9,23.8,194,Rain: Light,0,0,
91050,2022-02-06 21:24:00,40.830162,-73.9032,0,0,Unspecified,4500663,-1.4,-8.8,0.0,0.0,0.0,0.0,3,16.2,31.7,83,Overcast,0,0,
91051,2022-02-06 14:16:00,40.833588,-73.91498,3,0,Unsafe Speed,4500906,-1.4,-8.8,0.0,0.0,0.0,0.0,3,16.2,31.7,83,Overcast,3,3,
91052,2022-02-06 05:20:00,40.665268,-73.827705,0,0,Unsafe Speed,4500497,-1.4,-8.8,0.0,0.0,0.0,0.0,3,16.2,31.7,83,Overcast,0,0,
91053,2022-02-06 15:36:00,40.831055,-73.905846,1,0,Failure to Yield Right-of-Way,4500561,-1.4,-8.8,0.0,0.0,0.0,0.0,3,16.2,31.7,83,Overcast,1,1,
91054,2022-02-04 15:00:00,40.726772,-73.870514,0,0,Unspecified,4501120,12.5,-2.3,26.6,26.5,0.07,23.0,71,29.7,50.4,313,Snow fall: Light,0,0,Snowy Conditions
91055,2022-01-21 10:55:00,40.845818,-73.88414,1,0,Backing Unsafely,4500990,-5.3,-11.6,0.0,0.0,0.0,0.0,3,21.9,40.0,2,Overcast,1,1,
91056,2022-02-06 01:55:00,40.660442,-73.95688,0,0,Driver Inattention/Distraction,4500574,-1.4,-8.8,0.0,0.0,0.0,0.0,3,16.2,31.7,83,Overcast,0,0,
91057,2022-01-29 21:00:00,40.82593,-73.88944,0,0,Unspecified,4501237,-1.7,-12.9,17.6,0.1,12.25,19.0,75,39.7,72.7,336,Snow fall: Heavy,0,0,Snowy Conditions