,CRASH DATETIME,LATITUDE,LONGITUDE,NUMBER OF PERSONS INJURED,NUMBER OF PERSONS KILLED,CONTRIBUTING FACTOR VEHICLE 1,COLLISION_ID,temperature_2m_max,temperature_2m_min,precipitation_sum,rain_sum,snowfall_sum,precipitation_hours,weather_code,wind_speed_10m_max,wind_gusts_10m_max,wind_direction_10m_dominant,Weather Description,Severity_Score,Total_Affected_Persons,Weather_Category
91058,2022-02-05 21:00:00,40.638187,-74.10906,0,0,Unspecified,4500997,-1.9,-6.9,0.4,0.0,0.28,3.0,71,26.8,50.4,322,Snow fall: Light,0,0,Snowy Conditions
91059,2022-02-06 02:30:00,40.696033,-73.984535,2,0,Driver Inattention/Distraction,4500161,-1.4,-8.8,0.0,0.0,0.0,0.0,3,16.2,31.7,83,Overcast,2,2,
91060,2022-02-05 15:00:00,40.56878,-74.10661,0,0,Following Too Closely,4501089,-1.9,-6.9,0.4,0.0,0.28,3.0,71,26.8,50.4,322,Snow fall: Light,0,0,Snowy Conditions
91061,2022-01-15 05:09:00,40.74763,-73.88394,1,0,,4501026,-5.3,-11.1,0.0,0.0,0.0,0.0,3,22.4,46.1,345,Overcast,1,1,
91062,2022-02-06 19:15:00,40.766075,-73.74514,1,0,Pedestrian/Bicyclist/Other Pedestrian Error/Confusion,4500438,-1.4,-8.8,0.0,0.0,0.0,0.0,3,16.2,31.7,83,Overcast,1,1,
91063,2022-02-06 08:00:00,40.830666,-73.85268,0,0,Driver Inattention/Distraction,4500707,-1.4,-8.8,0.0,0.0,0.0,0.0,3,16.2,31.7,83,Overcast,0,0,
91064,2022-02-06 04:40:00,40.850307,-73.88644,1,0,Driver Inattention/Distraction,4500321,-1.4,-8.8,0.0,0.0,0.0,0.0,3,16.2,31.7,83,Overcast,1,1,
91065,2022-02-06 16:30:00,40.81788,-73.88778,0,0,Passing Too Closely,4500690,-1.4,-8.8,0.0,0.0,0.0,0.0,3,16.2,31.7,83,Overcast,0,0,
91066,2022-02-06 15:24:00,40.608917,-73.95216,0,0,Unspecified,4500505,-1.4,-8.8,0.0,0.0,0.0,0.0,3,16.2,31.7,83,Overcast,0,0,
91067,2022-02-06 03:20:00,40.69826,-73.77745,1,0,Turning Improperly,4500595,-1.4,-8.8,0.0,0.0,0.0,0.0,3,16.2,31.7,83,Overcast,1,1,
91068,2022-02-06 11:43:00,40.706062,-73.91626,0,0,Following Too Closely,4500347,-1.4,-8.8,0.0,0.0,0.0,0.0,3,16.2,31.7,83,Overcast,0,0,
91069,2022-02-06 16:43:00,40.656914,-73.95315,0,0,Driver Inattention/Distraction,4500389,-1.4,-8.8,0.0,0.0,0.0,0.0,3,16.2,31.7,83,Overcast,0,0,
91070,2022-01-12 22:35:00,40.675175,-73.98471,1,0,Reaction to Uninvolved Vehicle,4501219,4.6,-7.3,0.0,0.0,0.0,0.0,3,20.5,39.2,213,Overcast,1,1,
91071,2022-01-31 19:02:00,40.70992,-73.773155,0,0,Alcohol Involvement,4501142,-3.4,-17.1,0.0,0.0,0.0,0.0,3,12.2,18.0,23,Overcast,0,0,
91072,2022-02-06 02:30:00,40.66077,-73.89551,0,0,Driver Inattention/Distraction,4500636,-1.4,-8.8,0.0,0.0,0.0,0.0,3,16.2,31.7,83,Overcast,0,0,
91073,2022-02-06 22:50:00,40.70629,-73.81298,0,0,Steering Failure,4500463,-1.4,-8.8,0.0,0.0,0.0,0.0,3,16.2,31.7,83,Overcast,0,0,
91074,2022-01-30 02:55:00,40.584015,-74.1025,0,0,Alcohol Involvement,4501083,-5.4,-13.8,0.0,0.0,0.0,0.0,3,28.5,50.0,290,Overcast,0,0,
91075,2022-02-06 10:16:00,40.614628,-73.99641,0,0,Backing Unsafely,4500356,-1.4,-8.8,0.0,0.0,0.0,0.0,3,16.2,31.7,83,Overcast,0,0,
91076,2022-02-06 02:38:00,40.753014,-73.87162,0,0,Unspecified,4500732,-1.4,-8.8,0.0,0.0,0.0,0.0,3,16.2,31.7,83,Overcast,0,0,
91077,2022-02-06 07:30:00,40.880775,-73.854,0,0,Unsafe Speed,4500763,-1.4,-8.8,0.0,0.0,0.0,0.0,3,16.2,31.7,83,Overcast,0,0,
91078,2022-02-06 00:26:00,40.75202,-74.00473,0,0,Unsafe Lane Changing,4500212,-1.4,-8.8,0.0,0.0,0.0,0.0,3,16.2,31.7,83,Overcast,0,0,
91079,2022-02-06 11:20:00,40.707096,-73.834984,1,0,Failure to Yield Right-of-Way,4500662,-1.4,-8.8,0.0,0.0,0.0,0.0,3,16.2,31.7,83,Overcast,1,1,
91080,2022-02-06 00:08:00,40.61278,-73.996605,0,0,Backing Unsafely,4500189,-1.4,-8.8,0.0,0.0,0.0,0.0,3,16.2,31.7,83,Overcast,0,0,
91081,2022-02-06 15:30:00,40.619263,-74.020905,1,0,Illnes,4500418,-1.4,-8.8,0.0,0.0,0.0,0.0,3,16.2,31.7,83,Overcast,1,1,
91082,2022-02-06 21:52:00,40.857216,-73.90458,0,0,Unsafe Lane Changing,4500728,-1.4,-8.8,0.0,0.0,0.0,0.0,3,16.2,31.7,83,Overcast,0,0,
91083,2022-02-06 18:55:00,40.862755,-73.901085,0,0,Driver Inattention/Distraction,4500591,-1.4,-8.8,0.0,0.0,0.0,0.0,3,16.2,31.7,83,Overcast,0,0,
91084,2022-02-06 03:40:00,40.73968,-73.857315,0,0,Driver Inattention/Distraction,4500337,-1.4,-8.8,0.0,0.0,0.0,0.0,3,16.2,31.7,83,Overcast,0,0,
91085,2022-02-01 10:20:00,40.845177,-73.91417,0,0,Driver Inattention/Distraction,4501044,-0.9,-13.4,0.0,0.0,0.0,0.0,3,12.2,21.2,36,Overcast,0,0,
91086,2022-01-31 01:00:00,40.787857,-73.951614,0,0,Unsafe Speed,4501009,-3.4,-17.1,0.0,0.0,0.0,0.0,3,12.2,18.0,23,Overcast,0,0,
91087,2022-02-06 21:31:00,40.845367,-73.94053,1,0,Unspecified,4500448,-1.4,-8.8,0.0,0.0,0.0,0.0,3,16.2,31.7,83,Overcast,1,1,
91088,2022-02-04 13:49:00,40.672142,-73.7612,0,0,Passing or Lane Usage Improper,4500940,12.5,-2.3,26.6,26.5,0.07,23.0,71,29.7,50.4,313,Snow fall: Light,0,0,Snowy Conditions
91089,2022-02-05 14:05:00,40.83801,-73.87329,1,0,Following Too Closely,4500977,-1.9,-6.9,0.4,0.0,0.28,3.0,71,26.8,50.4,322,Snow fall: Light,1,1,Snowy Conditions
91090,2022-02-06 12:00:00,40.784145,-73.91257,0,0,,4500485,-1.4,-8.8,0.0,0.0,0.0,0.0,3,16.2,31.7,83,Overcast,0,0,
91091,2022-02-06 04:55:00,40.7179,-73.83202,0,0,Driver Inattention/Distraction,4500283,-1.4,-8.8,0.0,0.0,0.0,0.0,3,16.2,31.7,83,Overcast,0,0,
91092,2022-01-26 20:30:00,40.72963,-73.85558,1,0,Failure to Yield Right-of-Way,4501062,-3.1,-8.0,0.0,0.0,0.0,0.0,0,20.5,39.6,328,Clear sky,1,1,Sunny/Clear Conditions
91093,2022-02-06 22:25:00,40.66278,-73.88086,0,0,Driver Inattention/Distraction,4500678,-1.4,-8.8,0.0,0.0,0.0,0.0,3,16.2,31.7,83,Overcast,0,0,
91094,2022-02-06 20:15:00,40.580616,-74.152534,0,0,Pavement Slippery,4500800,-1.4,-8.8,0.0,0.0,0.0,0.0,3,16.2,31.7,83,Overcast,0,0,
91095,2022-02-06 15:37:00,40.733376,-73.86665,0,0,Unsafe Speed,4500371,-1.4,-8.8,0.0,0.0,0.0,0.0,3,16.2,31.7,83,Overcast,0,0,
91096,2022-02-06 23:20:00,40.69366,-73.85217,0,0,Traffic Control Disregarded,4500507,-1.4,-8.8,0.0,0.0,0.0,0.0,3,16.2,31.7,83,Overcast,0,0,
91097,2022-02-06 07:30:00,40.653385,-73.93736,0,0,Unspecified,4500713,-1.4,-8.8,0.0,0.0,0.0,0.0,3,16.2,31.7,83,Overcast,0,0,
91098,2022-02-06 17:02:00,40.862457,-73.91086,0,0,Unspecified,4500585,-1.4,-8.8,0.0,0.0,0.0,0.0,3,16.2,31.7,83,Overcast,0,0,
91099,2022-02-06 01:00:00,40.843903,-73.927284,0,0,Passing or Lane Usage Improper,4500180,-1.4,-8.8,0.0,0.0,0.0,0.0,3,16.2,31.7,83,Overcast,0,0,
91100,2022-02-06 13:40:00,40.594616,-73.99743,1,0,Driver Inattention/Distraction,4500425,-1.4,-8.8,0.0,0.0,0.0,0.0,3,16.2,31.7,83,Overcast,1,1,
91101,2022-02-04 18:14:00,40.72129,-73.94888,0,0,Driver Inattention/Distraction,4501194,12.5,-2.3,26.6,26.5,0.07,23.0,71,29.7,50.4,313,Snow fall: Light,0,0,Snowy Conditions
91102,2022-02-06 13:30:00,40.674652,-73.909164,0,0,Following Too Closely,4500518,-1.4,-8.8,0.0,0.0,0.0,0.0,3,16.2,31.7,83,Overcast,0,0,
91103,2022-02-06 15:00:00,40.638584,-73.95376,1,0,Driver Inattention/Distraction,4500376,-1.4,-8.8,0.0,0.0,0.0,0.0,3,16.2,31.7,83,Overcast,1,1,
91104,2022-02-06 09:01:00,40.77496,-73.9589,0,0,Unspecified,4501017,-1.4,-8.8,0.0,0.0,0.0,0.0,3,16.2,31.7,83,Overcast,0,0,
91105,2022-02-05 06:08:00,40.52418,-74.2348,0,0,Unsafe Speed,4500949,-1.9,-6.9,0.4,0.0,0.28,3.0,71,26.8,50.4,322,Snow fall: Light,0,0,Snowy Conditions
91106,2022-02-04 18:02:00,40.653984,-73.927704,1,0,Other Vehicular,4501099,12.5,-2.3,26.6,26.5,0.07,23.0,71,29.7,50.4,313,Snow fall: Light,1,1,Snowy Conditions
91107,2022-02-06 13:35:00,40.862923,-73.92777,0,0,Driver Inattention/Distraction,4500441,-1.4,-8.8,0.0,0.0,0.0,0.0,3,16.2,31.7,83,Overcast,0,0,
91108,2022-02-06 23:30:00,40.645016,-73.950874,0,0,Unspecified,4500967,-1.4,-8.8,0.0,0.0,0.0,0.0,3,16.2,31.7,83,Overcast,0,0,
91109,2022-02-04 12:50:00,40.689583,-73.99468,0,0,Traffic Control Disregarded,4501169,12.5,-2.3,26.6,26.5,0.07,23.0,71,29.7,50.4,313,Snow fall: Light,0,0,Snowy Conditions
91110,2022-02-06 14:16:00,40.66531,-73.890305,0,0,Unspecified,4500637,-1.4,-8.8,0.0,0.0,0.0,0.0,3,16.2,31.7,83,Overcast,0,0,
91111,2022-02-06 06:17:00,40.844105,-73.898,0,0,Driver Inattention/Distraction,4500322,-1.4,-8.8,0.0,0.0,0.0,0.0,3,16.2,31.7,83,Overcast,0,0,
91112,2022-02-06 15:00:00,40.83211,-73.862335,0,0,Unspecified,4500709,-1.4,-8.8,0.0,0.0,0.0,0.0,3,16.2,31.7,83,Overcast,0,0,
91113,2022-02-05 18:50:00,40.561092,-74.16984,0,0,Driver Inexperience,4501082,-1.9,-6.9,0.4,0.0,0.28,3.0,71,26.8,50.4,322,Snow fall: Light,0,0,Snowy Conditions
91114,2022-02-06 10:56:00,40.640873,-73.90669,1,0,Driver Inattention/Distraction,4500294,-1.4,-8.8,0.0,0.0,0.0,0.0,3,16.2,31.7,83,Overcast,1,1,
91115,2022-02-06 10:00:00,40.66077,-73.91975,0,0,Unspecified,4500358,-1.4,-8.8,0.0,0.0,0.0,0.0,3,16.2,31.7,83,Overcast,0,0,
91116,2022-07-09 05:26:00,40.815,-73.85665,0,0,Unspecified,4544997,30.0,20.5,0.0,0.0,0.0,0.0,3,20.7,43.9,63,Overcast,0,0,
91117,2022-02-06 21:00:00,40.765064,-73.86463,0,0,Unspecified,4500765,-1.4,-8.8,0.0,0.0,0.0,0.0,3,16.2,31.7,83,Overcast,0,0,
91118,2022-02-06 00:09:00,40.66003,-73.92179,0,0,Unspecified,4500255,-1.4,-8.8,0.0,0.0,0.0,0.0,3,16.2,31.7,83,Overcast,0,0,
91119,2022-01-20 09:55:00,40.757008,-73.96388,1,0,Unspecified,4501104,5.2,-5.5,7.3,4.6,1.89,10.0,73,22.3,40.0,315,Snow fall: Moderate,1,1,Snowy Conditions
91120,2022-02-01 13:43:00,40.88521,-73.88716,1,0,Following Too Closely,4500954,-0.9,-13.4,0.0,0.0,0.0,0.0,3,12.2,21.2,36,Overcast,1,1,
91121,2022-02-06 00:00:00,40.679005,-73.81259,1,0,Failure to Yield Right-of-Way,4500496,-1.4,-8.8,0.0,0.0,0.0,0.0,3,16.2,31.7,83,Overcast,1,1,
91122,2022-01-19 21:00:00,40.735424,-73.84466,1,0,Driver Inattention/Distraction,4501027,7.6,-4.9,0.0,0.0,0.0,0.0,3,23.5,43.2,208,Overcast,1,1,
91123,2022-02-06 01:50:00,40.632496,-73.96152,0,0,Unspecified,4500165,-1.4,-8.8,0.0,0.0,0.0,0.0,3,16.2,31.7,83,Overcast,0,0,
91124,2022-02-05 13:30:00,40.837875,-73.91971,0,0,View Obstructed/Limited,4501218,-1.9,-6.9,0.4,0.0,0.28,3.0,71,26.8,50.4,322,Snow fall: Light,0,0,Snowy Conditions
91125,2022-02-06 21:00:00,40.71122,-73.72827,3,0,Other Vehicular,4500540,-1.4,-8.8,0.0,0.0,0.0,0.0,3,16.2,31.7,83,Overcast,3,3,
91126,2022-02-06 17:10:00,40.752705,-73.990685,0,0,Driver Inattention/Distraction,4500575,-1.4,-8.8,0.0,0.0,0.0,0.0,3,16.2,31.7,83,Overcast,0,0,
91127,2022-02-04 17:58:00,40.756058,-73.96163,0,0,Unspecified,4501090,12.5,-2.3,26.6,26.5,0.07,23.0,71,29.7,50.4,313,Snow fall: Light,0,0,Snowy Conditions
91128,2022-02-06 10:38:00,40.762093,-73.78729,0,0,Unspecified,4500437,-1.4,-8.8,0.0,0.0,0.0,0.0,3,16.2,31.7,83,Overcast,0,0,
91129,2022-02-06 05:13:00,40.85797,-73.87272,0,1,Unsafe Speed,4500886,-1.4,-8.8,0.0,0.0,0.0,0.0,3,16.2,31.7,83,Overcast,20,1,
91130,2022-02-06 18:47:00,40.81636,-73.954094,1,0,Following Too Closely,4500460,-1.4,-8.8,0.0,0.0,0.0,0.0,3,16.2,31.7,83,Overcast,1,1,
91131,2022-02-01 00:00:00,40.69747,-73.97271,0,0,Driver Inattention/Distraction,4501148,-0.9,-13.4,0.0,0.0,0.0,0.0,3,12.2,21.2,36,Overcast,0,0,
91132,2022-02-06 06:00:00,40.7366,-73.856674,0,0,Driver Inattention/Distraction,4500565,-1.4,-8.8,0.0,0.0,0.0,0.0,3,16.2,31.7,83,Overcast,0,0,
91133,2022-02-06 10:18:00,40.69841,-73.913315,1,0,Driver Inattention/Distraction,4500346,-1.4,-8.8,0.0,0.0,0.0,0.0,3,16.2,31.7,83,Overcast,1,1,
91134,2022-02-06 00:30:00,40.7615,-73.997826,0,0,Turning Improperly,4500206,-1.4,-8.8,0.0,0.0,0.0,0.0,3,16.2,31.7,83,Overcast,0,0,
91135,2022-02-06 08:00:00,40.876778,-73.8563,0,0,Unspecified,4500693,-1.4,-8.8,0.0,0.0,0.0,0.0,3,16.2,31.7,83,Overcast,0,0,
91136,2022-02-05 12:27:00,40.651863,-73.86536,2,0,Unspecified,4500930,-1.9,-6.9,0.4,0.0,0.28,3.0,71,26.8,50.4,322,Snow fall: Light,2,2,Snowy Conditions
91137,2022-02-06 19:15:00,40.65584,-73.95011,0,0,Driver Inattention/Distraction,4500398,-1.4,-8.8,0.0,0.0,0.0,0.0,3,16.2,31.7,83,Overcast,0,0,
91138,2022-02-06 19:00:00,40.684937,-73.97969,0,0,Following Too Closely,4500385,-1.4,-8.8,0.0,0.0,0.0,0.0,3,16.2,31.7,83,Overcast,0,0,
91139,2022-02-06 21:50:00,40.748676,-73.89455,1,0,Driver Inattention/Distraction,4500733,-1.4,-8.8,0.0,0.0,0.0,0.0,3,16.2,31.7,83,Overcast,1,1,
91140,2022-02-02 18:00:00,40.708992,-73.909706,1,0,Failure to Yield Right-of-Way,4501118,3.8,-7.2,0.0,0.0,0.0,0.0,3,10.6,16.2,93,Overcast,1,1,
91141,2022-02-06 00:20:00,40.72164,-73.989136,0,0,Driver Inattention/Distraction,4500455,-1.4,-8.8,0.0,0.0,0.0,0.0,3,16.2,31.7,83,Overcast,0,0,
91142,2022-02-06 16:32:00,40.600426,-73.941895,1,0,Glare,4500504,-1.4,-8.8,0.0,0.0,0.0,0.0,3,16.2,31.7,83,Overcast,1,1,
91143,2022-02-03 12:55:00,40.83593,-73.94352,0,0,Driver Inexperience,4501052,9.2,2.3,13.1,13.1,0.0,17.0,61,14.9,23.8,194,Rain: Light,0,0,
91144,2022-02-04 18:15:00,40.80316,-73.95256,3,0,Following Too Closely,4500999,12.5,-2.3,26.6,26.5,0.07,23.0,71,29.7,50.4,313,Snow fall: Light,3,3,Snowy Conditions
91145,2022-02-06 14:40:00,40.635372,-73.988174,1,0,Unspecified,4500525,-1.4,-8.8,0.0,0.0,0.0,0.0,3,16.2,31.7,83,Overcast,1,1,
91146,2022-02-06 13:30:00,40.718555,-73.988205,0,0,Driver Inattention/Distraction,4500442,-1.4,-8.8,0.0,0.0,0.0,0.0,3,16.2,31.7,83,Overcast,0,0,
91147,2022-02-06 07:00:00,40.652462,-73.92285,0,0,Unspecified,4500968,-1.4,-8.8,0.0,0.0,0.0,0.0,3,16.2,31.7,83,Overcast,0,0,
91148,2022-01-26 17:06:00,40.824066,-73.908714,0,0,Unspecified,4501010,-3.1,-8.0,0.0,0.0,0.0,0.0,0,20.5,39.6,328,Clear sky,0,0,Sunny/Clear Conditions
91149,2022-02-06 09:57:00,40.71242,-73.923874,0,0,Other Vehicular,4500473,-1.4,-8.8,0.0,0.0,0.0,0.0,3,16.2,31.7,83,Overcast,0,0,
91150,2022-07-09 14:20:00,40.7603,-73.99499,0,0,Other Vehicular,4545064,30.0,20.5,0.0,0.0,0.0,0.0,3,20.7,43.9,63,Overcast,0,0,
91151,2022-06-16 08:30:00,40.67828,-73.958855,1,0,Driver Inattention/Distraction,4545419,23.1,17.8,9.2,9.2,0.0,5.0,63,28.4,50.4,172,Rain: Moderate,1,1,
91152,2022-07-09 19:20:00,40.746353,-73.91617,0,0,Driver Inattention/Distraction,4545131,30.0,20.5,0.0,0.0,0.0,0.0,3,20.7,43.9,63,Overcast,0,0,
91153,2022-07-09 14:00:00,40.77386,-73.93646,0,0,Unspecified,4544962,30.0,20.5,0.0,0.0,0.0,0.0,3,20.7,43.9,63,Overcast,0,0,
91154,2022-07-08 07:05:00,40.753242,-73.889694,1,0,Driver Inattention/Distraction,4545365,29.6,19.3,1.8,1.8,0.0,8.0,51,15.0,31.0,187,Drizzle: Light,1,1,
91155,2022-07-09 21:37:00,40.891136,-73.85527,1,0,Failure to Yield Right-of-Way,4545399,30.0,20.5,0.0,0.0,0.0,0.0,3,20.7,43.9,63,Overcast,1,1,
91156,2022-06-30 15:30:00,40.643497,-74.07418,0,0,Unspecified,4545425,31.2,17.3,0.0,0.0,0.0,0.0,2,19.1,37.4,274,Partly cloudy,0,0,
91157,2022-07-09 20:00:00,40.81161,-73.95249,0,0,Unspecified,4545027,30.0,20.5,0.0,0.0,0.0,0.0,3,20.7,43.9,63,Overcast,0,0,
91158,2022-09-18 03:37:00,40.804993,-73.91319,1,0,Unsafe Speed,4567691,28.7,17.1,0.0,0.0,0.0,0.0,3,20.2,36.7,233,Overcast,1,1,
91159,2022-09-25 09:45:00,40.747276,-73.989624,0,0,Unspecified,4567016,23.8,11.8,0.3,0.3,0.0,1.0,51,22.2,41.0,207,Drizzle: Light,0,0,
91160,2022-09-25 00:00:00,40.869686,-73.87056,0,0,Unsafe Speed,4567339,23.8,11.8,0.3,0.3,0.0,1.0,51,22.2,41.0,207,Drizzle: Light,0,0,
91161,2022-09-25 23:10:00,40.655197,-73.91354,0,0,Unsafe Speed,4567731,23.8,11.8,0.3,0.3,0.0,1.0,51,22.2,41.0,207,Drizzle: Light,0,0,
91162,2022-09-21 15:50:00,40.770485,-73.7867,1,0,Traffic Control Disregarded,4567942,26.5,16.0,0.0,0.0,0.0,0.0,3,19.4,36.7,252,Overcast,1,1,
91163,2022-09-25 19:56:00,40.814934,-73.91496,1,0,Turning Improperly,4567643,23.8,11.8,0.3,0.3,0.0,1.0,51,22.2,41.0,207,Drizzle: Light,1,1,
91164,2022-09-25 23:25:00,40.65525,-73.952965,1,0,Driver Inattention/Distraction,4567195,23.8,11.8,0.3,0.3,0.0,1.0,51,22.2,41.0,207,Drizzle: Light,1,1,
91165,2022-09-25 10:39:00,40.658794,-73.99979,1,0,Driver Inattention/Distraction,4567842,23.8,11.8,0.3,0.3,0.0,1.0,51,22.2,41.0,207,Drizzle: Light,1,1,
91166,2022-09-20 10:18:00,40.647766,-73.95816,0,0,Unspecified,4567807,25.7,17.7,0.0,0.0,0.0,0.0,3,19.0,35.3,296,Overcast,0,0,
91167,2022-09-25 17:19:00,40.762737,-73.83951,1,0,Tire Failure/Inadequate,4567421,23.8,11.8,0.3,0.3,0.0,1.0,51,22.2,41.0,207,Drizzle: Light,1,1,
91168,2022-09-25 13:40:00,40.706852,-73.814575,0,0,Unspecified,4568041,23.8,11.8,0.3,0.3,0.0,1.0,51,22.2,41.0,207,Drizzle: Light,0,0,
91169,2022-09-25 16:20:00,40.72176,-73.98656,0,0,Backing Unsafely,4567382,23.8,11.8,0.3,0.3,0.0,1.0,51,22.2,41.0,207,Drizzle: Light,0,0,
91170,2022-09-25 20:15:00,40.71604,-73.80504,0,0,Unsafe Lane Changing,4567766,23.8,11.8,0.3,0.3,0.0,1.0,51,22.2,41.0,207,Drizzle: Light,0,0,
91171,2022-09-25 03:05:00,40.806343,-73.93318,1,0,Unspecified,4567437,23.8,11.8,0.3,0.3,0.0,1.0,51,22.2,41.0,207,Drizzle: Light,1,1,
91172,2022-09-23 09:30:00,40.754986,-73.74535,0,0,Following Too Closely,4567948,16.4,10.0,0.0,0.0,0.0,0.0,0,31.1,56.9,323,Clear sky,0,0,Sunny/Clear Conditions
91173,2022-07-04 21:46:00,40.721703,-73.95065,0,0,Driver Inattention/Distraction,4545478,30.9,17.5,0.0,0.0,0.0,0.0,3,15.4,27.4,302,Overcast,0,0,
91174,2021-01-02 22:51:00,40.805557,-73.91047,0,1,Driver Inattention/Distraction,4381003,9.9,1.4,3.9,3.9,0.0,6.0,61,29.7,54.4,306,Rain: Light,20,1,
91175,2022-04-12 12:50:00,40.835724,-73.92129,10,0,Brakes Defective,4519368,20.4,7.7,1.6,1.6,0.0,3.0,53,17.8,36.0,271,Drizzle: Moderate,10,10,
91176,2022-04-12 01:50:00,40.789314,-73.84188,0,0,Passing Too Closely,4520729,20.4,7.7,1.6,1.6,0.0,3.0,53,17.8,36.0,271,Drizzle: Moderate,0,0,
91177,2022-04-13 17:00:00,40.65008,-73.96101,0,0,Driverless/Runaway Vehicle,4520779,18.9,7.1,0.0,0.0,0.0,0.0,3,18.7,37.4,112,Overcast,0,0,
91178,2020-11-18 08:25:00,40.862392,-73.91802,0,0,Failure to Yield Right-of-Way,4478662,1.9,-1.5,0.0,0.0,0.0,0.0,3,25.0,48.6,315,Overcast,0,0,
91179,2022-04-25 16:00:00,0.0,0.0,0,0,Failure to Yield Right-of-Way,4522009,15.1,6.1,0.0,0.0,0.0,0.0,3,20.9,41.4,119,Overcast,0,0,
91180,2022-04-25 21:00:00,40.708942,-73.918076,0,0,Unspecified,4522095,15.1,6.1,0.0,0.0,0.0,0.0,3,20.9,41.4,119,Overcast,0,0,
91181,2022-03-19 12:20:00,40.68377,-73.92625,2,0,Failure to Yield Right-of-Way,4522591,18.3,6.6,9.3,9.3,0.0,3.0,65,16.3,32.8,146,Rain: Heavy,2,2,
91182,2022-04-23 01:37:00,40.835396,-73.92031,2,0,Traffic Control Disregarded,4522750,14.7,6.3,0.0,0.0,0.0,0.0,3,15.0,29.2,119,Overcast,2,2,
91183,2022-04-25 02:25:00,40.732033,-73.91893,1,0,Driver Inattention/Distraction,4522319,15.1,6.1,0.0,0.0,0.0,0.0,3,20.9,41.4,119,Overcast,1,1,
91184,2022-04-25 11:35:00,40.60567,-74.030945,0,0,Following Too Closely,4522033,15.1,6.1,0.0,0.0,0.0,0.0,3,20.9,41.4,119,Overcast,0,0,
91185,2022-04-25 07:50:00,40.75839,-73.92909,0,0,Driver Inattention/Distraction,4522687,15.1,6.1,0.0,0.0,0.0,0.0,3,20.9,41.4,119,Overcast,0,0,
91186,2022-04-24 15:55:00,40.81764,-73.92371,1,0,Unspecified,4522556,15.8,7.0,0.0,0.0,0.0,0.0,3,21.7,43.2,114,Overcast,1,1,
91187,2022-04-25 08:15:00,40.667236,-73.770004,1,0,Following Too Closely,4521964,15.1,6.1,0.0,0.0,0.0,0.0,3,20.9,41.4,119,Overcast,1,1,
91188,2022-04-18 15:50:00,40.73975,-74.00253,0,0,Oversized Vehicle,4522484,10.6,1.5,6.1,6.1,0.0,5.0,63,30.8,52.9,90,Rain: Moderate,0,0,
91189,2022-04-24 21:45:00,40.790554,-73.82255,0,0,Passing Too Closely,4522428,15.8,7.0,0.0,0.0,0.0,0.0,3,21.7,43.2,114,Overcast,0,0,
91190,2022-04-25 14:35:00,40.704746,-73.91404,0,0,Driver Inexperience,4522727,15.1,6.1,0.0,0.0,0.0,0.0,3,20.9,41.4,119,Overcast,0,0,
91191,2022-04-08 09:20:00,40.67843,-73.91357,0,0,Driver Inattention/Distraction,4522478,16.5,7.1,5.2,5.2,0.0,4.0,63,21.3,42.8,253,Rain: Moderate,0,0,
91192,2022-04-25 12:30:00,0.0,0.0,0,0,Other Vehicular,4522159,15.1,6.1,0.0,0.0,0.0,0.0,3,20.9,41.4,119,Overcast,0,0,
91193,2022-04-25 18:19:00,0.0,0.0,1,0,Driver Inattention/Distraction,4522082,15.1,6.1,0.0,0.0,0.0,0.0,3,20.9,41.4,119,Overcast,1,1,
91194,2022-04-18 15:04:00,40.757072,-73.96986,1,0,Driver Inattention/Distraction,4520162,10.6,1.5,6.1,6.1,0.0,5.0,63,30.8,52.9,90,Rain: Moderate,1,1,
91195,2022-04-18 05:55:00,40.696796,-73.89678,0,0,Passing or Lane Usage Improper,4520417,10.6,1.5,6.1,6.1,0.0,5.0,63,30.8,52.9,90,Rain: Moderate,0,0,
91196,2022-04-18 14:20:00,40.638607,-73.993546,0,0,Unspecified,4520228,10.6,1.5,6.1,6.1,0.0,5.0,63,30.8,52.9,90,Rain: Moderate,0,0,
91197,2022-03-20 12:00:00,40.693077,-73.803825,0,0,Passing Too Closely,4520674,14.8,6.9,0.1,0.1,0.0,1.0,51,27.0,49.0,284,Drizzle: Light,0,0,
91198,2022-03-03 06:10:00,40.84954,-73.93641,1,0,Failure to Yield Right-of-Way,4520637,5.2,-3.0,3.9,3.9,0.0,6.0,55,24.7,45.0,305,Drizzle: Dense,1,1,
91199,2022-04-18 03:30:00,40.759308,-73.9653,0,0,Driver Inattention/Distraction,4519755,10.6,1.5,6.1,6.1,0.0,5.0,63,30.8,52.9,90,Rain: Moderate,0,0,
91200,2022-04-18 19:00:00,40.626514,-73.99926,0,0,Driver Inattention/Distraction,4520203,10.6,1.5,6.1,6.1,0.0,5.0,63,30.8,52.9,90,Rain: Moderate,0,0,
91201,2022-04-18 05:50:00,40.895912,-73.84863,0,0,Failure to Yield Right-of-Way,4520526,10.6,1.5,6.1,6.1,0.0,5.0,63,30.8,52.9,90,Rain: Moderate,0,0,
91202,2022-04-18 13:10:00,40.87134,-73.886925,3,0,Unspecified,4520271,10.6,1.5,6.1,6.1,0.0,5.0,63,30.8,52.9,90,Rain: Moderate,3,3,
91203,2022-04-04 14:00:00,40.68432,-73.967064,0,0,Unspecified,4520596,12.2,2.6,0.1,0.1,0.0,1.0,51,23.7,41.4,304,Drizzle: Light,0,0,
91204,2022-04-18 00:00:00,40.7319,-73.71125,0,0,Animals Action,4519793,10.6,1.5,6.1,6.1,0.0,5.0,63,30.8,52.9,90,Rain: Moderate,0,0,
91205,2022-04-18 10:00:00,40.72442,-73.81063,0,0,Unspecified,4520295,10.6,1.5,6.1,6.1,0.0,5.0,63,30.8,52.9,90,Rain: Moderate,0,0,