,CRASH DATETIME,LATITUDE,LONGITUDE,NUMBER OF PERSONS INJURED,NUMBER OF PERSONS KILLED,CONTRIBUTING FACTOR VEHICLE 1,COLLISION_ID,temperature_2m_max,temperature_2m_min,precipitation_sum,rain_sum,snowfall_sum,precipitation_hours,weather_code,wind_speed_10m_max,wind_gusts_10m_max,wind_direction_10m_dominant,Weather Description,Severity_Score,Total_Affected_Persons,Weather_Category
91206,2021-12-23 00:20:00,40.76546,-73.88149,0,0,Other Vehicular,4520572,2.1,-2.3,0.0,0.0,0.0,0.0,3,20.1,35.6,299,Overcast,0,0,
91207,2022-04-18 07:00:00,40.67267,-73.99002,0,0,Other Vehicular,4519898,10.6,1.5,6.1,6.1,0.0,5.0,63,30.8,52.9,90,Rain: Moderate,0,0,
91208,2022-04-18 01:49:00,40.648098,-73.91727,0,0,Driver Inexperience,4520435,10.6,1.5,6.1,6.1,0.0,5.0,63,30.8,52.9,90,Rain: Moderate,0,0,
91209,2022-04-05 15:40:00,40.83937,-73.90418,1,0,Aggressive Driving/Road Rage,4520492,12.1,1.0,1.7,1.7,0.0,3.0,53,16.8,32.8,121,Drizzle: Moderate,1,1,
91210,2022-04-01 21:44:00,40.74044,-74.00203,1,0,Unspecified,4520531,15.2,5.3,1.4,1.4,0.0,8.0,51,33.1,61.9,277,Drizzle: Light,1,1,
91211,2022-04-14 19:30:00,40.743317,-74.005104,0,0,Unspecified,4520551,28.1,13.9,0.2,0.2,0.0,2.0,51,25.9,46.1,249,Drizzle: Light,0,0,
91212,2022-04-18 12:50:00,40.761547,-73.83113,0,0,Failure to Keep Right,4520100,10.6,1.5,6.1,6.1,0.0,5.0,63,30.8,52.9,90,Rain: Moderate,0,0,
91213,2022-04-18 06:50:00,40.757725,-73.779274,0,0,Passing or Lane Usage Improper,4520048,10.6,1.5,6.1,6.1,0.0,5.0,63,30.8,52.9,90,Rain: Moderate,0,0,
91214,2022-04-18 11:25:00,40.668957,-73.898026,1,0,Unsafe Speed,4520087,10.6,1.5,6.1,6.1,0.0,5.0,63,30.8,52.9,90,Rain: Moderate,1,1,
91215,2022-04-18 10:00:00,40.76283,-73.78473,0,0,Driver Inattention/Distraction,4520051,10.6,1.5,6.1,6.1,0.0,5.0,63,30.8,52.9,90,Rain: Moderate,0,0,
91216,2022-03-23 16:49:00,40.74982,-73.94129,0,0,Unspecified,4520689,8.4,1.3,2.2,2.2,0.0,3.0,55,19.6,34.6,73,Drizzle: Dense,0,0,
91217,2022-04-18 17:15:00,40.613552,-73.98176,0,0,Driver Inattention/Distraction,4520133,10.6,1.5,6.1,6.1,0.0,5.0,63,30.8,52.9,90,Rain: Moderate,0,0,
91218,2022-04-18 07:50:00,40.801754,-73.93121,1,0,Brakes Defective,4519956,10.6,1.5,6.1,6.1,0.0,5.0,63,30.8,52.9,90,Rain: Moderate,1,1,
91219,2022-07-10 01:11:00,40.74091,-73.83727,0,0,Unspecified,4544824,27.7,18.3,0.0,0.0,0.0,0.0,3,23.2,43.6,106,Overcast,0,0,
91220,2021-09-27 21:27:00,40.669724,-73.86097,1,0,Unspecified,4463764,25.9,14.6,0.0,0.0,0.0,0.0,3,24.1,45.0,233,Overcast,1,1,
91221,2021-11-09 17:11:00,40.65641,-73.90638,0,0,Unspecified,4475938,19.5,5.6,0.0,0.0,0.0,0.0,3,10.2,20.2,283,Overcast,0,0,
91222,2021-11-09 13:47:00,0.0,0.0,3,0,Unspecified,4476118,19.5,5.6,0.0,0.0,0.0,0.0,3,10.2,20.2,283,Overcast,3,3,
91223,2021-11-11 18:50:00,40.67297,-73.96745,0,0,Unsafe Speed,4477117,15.0,4.2,0.3,0.3,0.0,2.0,51,22.6,38.2,85,Drizzle: Light,0,0,
91224,2021-11-14 04:58:00,40.780506,-73.94425,0,0,Unsafe Speed,4478859,8.4,2.9,0.6,0.6,0.0,2.0,53,20.7,36.4,232,Drizzle: Moderate,0,0,
91225,2022-04-18 14:59:00,40.764362,-73.96162,0,0,Driver Inattention/Distraction,4520550,10.6,1.5,6.1,6.1,0.0,5.0,63,30.8,52.9,90,Rain: Moderate,0,0,
91226,2022-04-18 20:05:00,40.80684,-73.9275,1,0,Unspecified,4520260,10.6,1.5,6.1,6.1,0.0,5.0,63,30.8,52.9,90,Rain: Moderate,1,1,
91227,2022-04-18 19:10:00,40.665894,-73.98124,0,0,Aggressive Driving/Road Rage,4520316,10.6,1.5,6.1,6.1,0.0,5.0,63,30.8,52.9,90,Rain: Moderate,0,0,
91228,2022-04-17 11:00:00,40.851196,-73.865326,0,0,Unspecified,4520566,10.0,3.9,0.5,0.5,0.0,2.0,51,30.1,56.5,313,Drizzle: Light,0,0,
91229,2022-04-14 20:15:00,40.74824,-74.00546,1,0,Passing Too Closely,4520556,28.1,13.9,0.2,0.2,0.0,2.0,51,25.9,46.1,249,Drizzle: Light,1,1,
91230,2022-04-18 08:00:00,40.759113,-73.974686,0,0,Driver Inattention/Distraction,4520215,10.6,1.5,6.1,6.1,0.0,5.0,63,30.8,52.9,90,Rain: Moderate,0,0,
91231,2022-04-06 14:50:00,40.833126,-73.88917,0,0,Unspecified,4520491,12.5,6.2,17.5,17.5,0.0,14.0,61,31.2,62.3,55,Rain: Light,0,0,
91232,2022-04-11 16:00:00,40.784534,-73.9736,0,0,Passing Too Closely,4520617,13.1,1.8,0.0,0.0,0.0,0.0,3,18.6,36.4,246,Overcast,0,0,
91233,2022-04-18 20:20:00,40.753113,-73.71527,0,0,Unspecified,4520143,10.6,1.5,6.1,6.1,0.0,5.0,63,30.8,52.9,90,Rain: Moderate,0,0,
91234,2022-04-18 10:00:00,40.691586,-73.98533,0,0,Driver Inattention/Distraction,4520703,10.6,1.5,6.1,6.1,0.0,5.0,63,30.8,52.9,90,Rain: Moderate,0,0,
91235,2022-04-18 11:00:00,40.662357,-73.73517,0,0,Unspecified,4520061,10.6,1.5,6.1,6.1,0.0,5.0,63,30.8,52.9,90,Rain: Moderate,0,0,
91236,2022-04-17 20:45:00,40.746815,-74.00607,0,0,Driver Inattention/Distraction,4520595,10.0,3.9,0.5,0.5,0.0,2.0,51,30.1,56.5,313,Drizzle: Light,0,0,
91237,2022-04-18 12:00:00,40.728954,-73.847565,1,0,Driver Inattention/Distraction,4520510,10.6,1.5,6.1,6.1,0.0,5.0,63,30.8,52.9,90,Rain: Moderate,1,1,
91238,2022-04-13 15:15:00,40.746082,-73.99636,1,0,Passing or Lane Usage Improper,4520541,18.9,7.1,0.0,0.0,0.0,0.0,3,18.7,37.4,112,Overcast,1,1,
91239,2022-04-16 06:47:00,40.840237,-73.837555,0,0,Unspecified,4520585,19.3,7.4,6.8,6.8,0.0,7.0,61,24.5,47.5,217,Rain: Light,0,0,
91240,2021-12-13 04:23:00,40.766785,-73.91042,0,0,Passing Too Closely,4486348,10.2,1.9,0.0,0.0,0.0,0.0,3,19.6,35.3,242,Overcast,0,0,
91241,2021-12-13 07:00:00,40.757435,-73.94039,0,0,Unspecified,4486355,10.2,1.9,0.0,0.0,0.0,0.0,3,19.6,35.3,242,Overcast,0,0,
91242,2021-11-16 13:30:00,40.696297,-73.97716,0,0,Driver Inattention/Distraction,4478070,9.5,1.9,0.0,0.0,0.0,0.0,3,21.3,38.2,275,Overcast,0,0,
91243,2021-11-16 10:00:00,40.726166,-73.91028,3,0,Driver Inattention/Distraction,4478187,9.5,1.9,0.0,0.0,0.0,0.0,3,21.3,38.2,275,Overcast,3,3,
91244,2021-11-16 11:45:00,40.84299,-73.91099,0,0,Oversized Vehicle,4478117,9.5,1.9,0.0,0.0,0.0,0.0,3,21.3,38.2,275,Overcast,0,0,
91245,2021-11-16 00:00:00,40.84028,-73.92741,0,0,Unspecified,4478834,9.5,1.9,0.0,0.0,0.0,0.0,3,21.3,38.2,275,Overcast,0,0,
91246,2021-11-05 09:00:00,40.69638,-73.80424,1,0,Failure to Yield Right-of-Way,4478591,10.7,3.2,0.0,0.0,0.0,0.0,0,14.8,30.2,1,Clear sky,1,1,Sunny/Clear Conditions
91247,2021-11-04 11:30:00,40.680313,-73.94332,1,0,Failure to Yield Right-of-Way,4478558,9.9,3.0,0.0,0.0,0.0,0.0,3,10.8,21.2,5,Overcast,1,1,
91248,2021-11-16 01:50:00,40.71721,-73.93471,0,0,Following Too Closely,4477772,9.5,1.9,0.0,0.0,0.0,0.0,3,21.3,38.2,275,Overcast,0,0,
91249,2021-11-16 21:20:00,40.70735,-73.959404,1,0,Driver Inattention/Distraction,4478094,9.5,1.9,0.0,0.0,0.0,0.0,3,21.3,38.2,275,Overcast,1,1,
91250,2021-11-16 09:00:00,40.738445,-73.939835,0,0,Unspecified,4478275,9.5,1.9,0.0,0.0,0.0,0.0,3,21.3,38.2,275,Overcast,0,0,
91251,2021-11-16 11:44:00,40.770214,-73.95372,1,0,Failure to Yield Right-of-Way,4478147,9.5,1.9,0.0,0.0,0.0,0.0,3,21.3,38.2,275,Overcast,1,1,
91252,2022-04-18 23:18:00,40.712006,-73.75811,1,0,Driver Inattention/Distraction,4520678,10.6,1.5,6.1,6.1,0.0,5.0,63,30.8,52.9,90,Rain: Moderate,1,1,
91253,2021-10-29 11:54:00,40.6705,-73.94488,0,0,Other Vehicular,4478724,13.8,8.3,9.3,9.3,0.0,5.0,63,40.9,73.8,78,Rain: Moderate,0,0,
91254,2021-11-16 08:00:00,40.65965,-73.773834,0,0,Traffic Control Disregarded,4477896,9.5,1.9,0.0,0.0,0.0,0.0,3,21.3,38.2,275,Overcast,0,0,
91255,2021-11-16 10:54:00,40.672768,-73.98672,1,0,Failure to Yield Right-of-Way,4478152,9.5,1.9,0.0,0.0,0.0,0.0,3,21.3,38.2,275,Overcast,1,1,
91256,2021-11-07 00:10:00,40.708286,-73.78124,0,0,Driver Inattention/Distraction,4478589,12.1,2.6,0.0,0.0,0.0,0.0,3,10.0,20.5,358,Overcast,0,0,
91257,2021-11-12 23:45:00,40.71787,-73.997116,1,0,Unspecified,4478645,18.5,8.9,15.0,15.0,0.0,7.0,63,39.8,74.5,174,Rain: Moderate,1,1,
91258,2021-11-16 17:00:00,40.728584,-73.7446,0,0,Driver Inattention/Distraction,4478439,9.5,1.9,0.0,0.0,0.0,0.0,3,21.3,38.2,275,Overcast,0,0,
91259,2021-11-16 09:00:00,40.752335,-73.89771,0,0,Driver Inattention/Distraction,4477920,9.5,1.9,0.0,0.0,0.0,0.0,3,21.3,38.2,275,Overcast,0,0,
91260,2021-11-16 10:00:00,40.620125,-73.94081,1,0,Driver Inattention/Distraction,4478052,9.5,1.9,0.0,0.0,0.0,0.0,3,21.3,38.2,275,Overcast,1,1,
91261,2021-11-16 13:15:00,40.68592,-73.846924,0,0,Unspecified,4478196,9.5,1.9,0.0,0.0,0.0,0.0,3,21.3,38.2,275,Overcast,0,0,
91262,2021-11-16 23:10:00,40.847458,-73.944244,0,0,Driver Inattention/Distraction,4478207,9.5,1.9,0.0,0.0,0.0,0.0,3,21.3,38.2,275,Overcast,0,0,
91263,2021-11-16 10:20:00,40.680706,-73.93978,0,0,Driver Inattention/Distraction,4478283,9.5,1.9,0.0,0.0,0.0,0.0,3,21.3,38.2,275,Overcast,0,0,
91264,2021-11-16 07:15:00,40.88922,-73.85969,0,0,Following Too Closely,4478349,9.5,1.9,0.0,0.0,0.0,0.0,3,21.3,38.2,275,Overcast,0,0,
91265,2021-11-16 14:44:00,40.660797,-73.87183,0,0,Driver Inattention/Distraction,4478027,9.5,1.9,0.0,0.0,0.0,0.0,3,21.3,38.2,275,Overcast,0,0,
91266,2021-11-16 07:50:00,40.680485,-73.774704,0,0,Following Too Closely,4477985,9.5,1.9,0.0,0.0,0.0,0.0,3,21.3,38.2,275,Overcast,0,0,
91267,2021-10-18 12:21:00,40.82466,-73.870804,0,0,Following Too Closely,4478688,15.8,9.2,0.0,0.0,0.0,0.0,2,32.4,58.3,296,Partly cloudy,0,0,
91268,2021-11-16 08:45:00,40.835968,-73.87,0,0,Unspecified,4478702,9.5,1.9,0.0,0.0,0.0,0.0,3,21.3,38.2,275,Overcast,0,0,
91269,2021-11-13 15:00:00,40.676132,-73.921906,0,0,Unspecified,4478772,16.0,4.8,5.0,5.0,0.0,4.0,63,36.4,65.9,238,Rain: Moderate,0,0,
91270,2023-01-16 23:45:00,40.746807,-73.898674,0,0,Driver Inattention/Distraction,4598584,8.0,-2.7,0.0,0.0,0.0,0.0,2,23.4,41.4,339,Partly cloudy,0,0,
91271,2021-11-16 04:00:00,40.67973,-73.76162,0,0,Backing Unsafely,4477986,9.5,1.9,0.0,0.0,0.0,0.0,3,21.3,38.2,275,Overcast,0,0,
91272,2021-11-16 18:30:00,40.576504,-74.1037,0,0,Turning Improperly,4478620,9.5,1.9,0.0,0.0,0.0,0.0,3,21.3,38.2,275,Overcast,0,0,
91273,2021-11-16 09:30:00,40.784973,-73.98264,0,0,Passing or Lane Usage Improper,4478044,9.5,1.9,0.0,0.0,0.0,0.0,3,21.3,38.2,275,Overcast,0,0,
91274,2021-11-16 09:10:00,40.72867,-73.720924,0,0,Unspecified,4477927,9.5,1.9,0.0,0.0,0.0,0.0,3,21.3,38.2,275,Overcast,0,0,
91275,2021-11-16 13:40:00,40.88851,-73.86009,0,0,Unsafe Lane Changing,4478346,9.5,1.9,0.0,0.0,0.0,0.0,3,21.3,38.2,275,Overcast,0,0,
91276,2021-11-16 19:18:00,40.867916,-73.895615,0,0,Reaction to Uninvolved Vehicle,4478139,9.5,1.9,0.0,0.0,0.0,0.0,3,21.3,38.2,275,Overcast,0,0,
91277,2021-11-16 17:39:00,40.628654,-73.99517,0,0,Traffic Control Disregarded,4478160,9.5,1.9,0.0,0.0,0.0,0.0,3,21.3,38.2,275,Overcast,0,0,
91278,2021-11-16 12:56:00,40.676094,-73.94992,1,0,Failure to Yield Right-of-Way,4478382,9.5,1.9,0.0,0.0,0.0,0.0,3,21.3,38.2,275,Overcast,1,1,
91279,2021-11-16 16:09:00,40.677265,-73.778625,2,0,Reaction to Uninvolved Vehicle,4478213,9.5,1.9,0.0,0.0,0.0,0.0,3,21.3,38.2,275,Overcast,2,2,
91280,2021-11-16 17:00:00,40.64317,-73.9343,0,0,Unspecified,4478364,9.5,1.9,0.0,0.0,0.0,0.0,3,21.3,38.2,275,Overcast,0,0,
91281,2021-11-16 09:32:00,40.631104,-73.9962,1,0,Unspecified,4477956,9.5,1.9,0.0,0.0,0.0,0.0,3,21.3,38.2,275,Overcast,1,1,
91282,2021-11-16 15:45:00,40.637215,-73.93274,0,0,Unspecified,4478032,9.5,1.9,0.0,0.0,0.0,0.0,3,21.3,38.2,275,Overcast,0,0,
91283,2021-11-16 18:59:00,40.809406,-73.8803,1,0,Following Too Closely,4478105,9.5,1.9,0.0,0.0,0.0,0.0,3,21.3,38.2,275,Overcast,1,1,
91284,2021-11-15 15:07:00,40.820297,-73.88707,0,0,Passing Too Closely,4478676,8.6,2.4,0.9,0.9,0.0,4.0,53,30.0,56.5,268,Drizzle: Moderate,0,0,
91285,2021-11-16 16:45:00,40.833313,-73.94119,2,0,Driver Inattention/Distraction,4478206,9.5,1.9,0.0,0.0,0.0,0.0,3,21.3,38.2,275,Overcast,2,2,
91286,2021-11-16 14:45:00,40.84869,-73.90329,0,0,Passing Too Closely,4478547,9.5,1.9,0.0,0.0,0.0,0.0,3,21.3,38.2,275,Overcast,0,0,
91287,2021-11-15 07:02:00,40.821606,-73.87284,3,0,Passing or Lane Usage Improper,4478689,8.6,2.4,0.9,0.9,0.0,4.0,53,30.0,56.5,268,Drizzle: Moderate,3,3,
91288,2021-11-16 19:00:00,40.781162,-73.96178,0,0,Unspecified,4478053,9.5,1.9,0.0,0.0,0.0,0.0,3,21.3,38.2,275,Overcast,0,0,
91289,2021-10-28 03:30:00,40.632015,-73.941765,1,0,Unspecified,4478753,15.2,7.9,0.0,0.0,0.0,0.0,3,19.1,34.6,28,Overcast,1,1,
91290,2021-11-16 00:00:00,40.66252,-73.84071,1,0,Failure to Yield Right-of-Way,4478080,9.5,1.9,0.0,0.0,0.0,0.0,3,21.3,38.2,275,Overcast,1,1,
91291,2021-11-16 12:20:00,40.693863,-73.92971,0,0,Passing Too Closely,4477996,9.5,1.9,0.0,0.0,0.0,0.0,3,21.3,38.2,275,Overcast,0,0,
91292,2021-11-15 15:45:00,40.8464,-73.89338,0,0,Driver Inattention/Distraction,4478522,8.6,2.4,0.9,0.9,0.0,4.0,53,30.0,56.5,268,Drizzle: Moderate,0,0,
91293,2021-11-16 07:29:00,40.652313,-73.908226,3,0,Unspecified,4478258,9.5,1.9,0.0,0.0,0.0,0.0,3,21.3,38.2,275,Overcast,3,3,
91294,2021-11-16 14:00:00,40.841064,-73.84126,0,0,Unspecified,4478320,9.5,1.9,0.0,0.0,0.0,0.0,3,21.3,38.2,275,Overcast,0,0,
91295,2021-11-12 09:30:00,40.668613,-73.90905,0,0,Unspecified,4478778,18.5,8.9,15.0,15.0,0.0,7.0,63,39.8,74.5,174,Rain: Moderate,0,0,
91296,2021-11-14 10:50:00,40.842194,-73.89262,0,0,Driver Inattention/Distraction,4478504,8.4,2.9,0.6,0.6,0.0,2.0,53,20.7,36.4,232,Drizzle: Moderate,0,0,
91297,2021-11-13 18:50:00,40.669117,-73.905716,0,0,Traffic Control Disregarded,4478606,16.0,4.8,5.0,5.0,0.0,4.0,63,36.4,65.9,238,Rain: Moderate,0,0,
91298,2021-11-16 18:24:00,40.78958,-73.97548,0,0,Passing Too Closely,4478130,9.5,1.9,0.0,0.0,0.0,0.0,3,21.3,38.2,275,Overcast,0,0,
91299,2021-11-14 03:33:00,40.67632,-73.763435,1,0,Driver Inattention/Distraction,4478567,8.4,2.9,0.6,0.6,0.0,2.0,53,20.7,36.4,232,Drizzle: Moderate,1,1,
91300,2021-11-16 10:40:00,40.677853,-73.96881,0,0,Driver Inattention/Distraction,4478153,9.5,1.9,0.0,0.0,0.0,0.0,3,21.3,38.2,275,Overcast,0,0,
91301,2021-11-16 22:50:00,40.703934,-73.959854,0,0,Following Too Closely,4478090,9.5,1.9,0.0,0.0,0.0,0.0,3,21.3,38.2,275,Overcast,0,0,
91302,2021-11-16 20:14:00,40.7011,-73.84157,1,0,Following Too Closely,4478201,9.5,1.9,0.0,0.0,0.0,0.0,3,21.3,38.2,275,Overcast,1,1,
91303,2021-10-29 17:37:00,40.607357,-74.06521,0,0,Unspecified,4478669,13.8,8.3,9.3,9.3,0.0,5.0,63,40.9,73.8,78,Rain: Moderate,0,0,
91304,2021-11-14 16:06:00,40.676548,-73.90807,0,0,Unspecified,4478535,8.4,2.9,0.6,0.6,0.0,2.0,53,20.7,36.4,232,Drizzle: Moderate,0,0,
91305,2021-11-07 16:00:00,40.82973,-73.84539,0,0,Unspecified,4478693,12.1,2.6,0.0,0.0,0.0,0.0,3,10.0,20.5,358,Overcast,0,0,
91306,2021-11-16 15:39:00,40.81722,-73.91924,0,0,Unspecified,4478173,9.5,1.9,0.0,0.0,0.0,0.0,3,21.3,38.2,275,Overcast,0,0,
91307,2021-11-16 13:57:00,40.599533,-73.95558,0,0,Unspecified,4478096,9.5,1.9,0.0,0.0,0.0,0.0,3,21.3,38.2,275,Overcast,0,0,
91308,2021-11-16 18:18:00,40.675842,-73.99905,0,0,Unspecified,4478174,9.5,1.9,0.0,0.0,0.0,0.0,3,21.3,38.2,275,Overcast,0,0,
91309,2021-11-16 15:49:00,40.797,-73.93778,0,0,Traffic Control Disregarded,4478148,9.5,1.9,0.0,0.0,0.0,0.0,3,21.3,38.2,275,Overcast,0,0,
91310,2021-11-10 23:30:00,40.781387,-73.95213,1,0,Unspecified,4478579,17.2,7.8,0.3,0.3,0.0,1.0,51,20.7,38.5,318,Drizzle: Light,1,1,
91311,2021-11-16 06:10:00,40.63396,-74.01476,0,0,Following Too Closely,4477821,9.5,1.9,0.0,0.0,0.0,0.0,3,21.3,38.2,275,Overcast,0,0,
91312,2021-11-11 20:00:00,40.7006,-73.83246,0,0,Driver Inexperience,4478634,15.0,4.2,0.3,0.3,0.0,2.0,51,22.6,38.2,85,Drizzle: Light,0,0,
91313,2021-10-01 20:20:00,40.72707,-73.75457,0,0,Unspecified,4478733,19.4,9.5,0.0,0.0,0.0,0.0,0,13.8,28.1,302,Clear sky,0,0,Sunny/Clear Conditions
91314,2021-11-16 16:29:00,40.660786,-73.93982,3,0,Driver Inattention/Distraction,4478075,9.5,1.9,0.0,0.0,0.0,0.0,3,21.3,38.2,275,Overcast,3,3,
91315,2021-11-16 19:35:00,40.632065,-73.91861,1,0,Following Too Closely,4478723,9.5,1.9,0.0,0.0,0.0,0.0,3,21.3,38.2,275,Overcast,1,1,
91316,2021-11-10 18:59:00,40.8283,-73.88296,0,0,Passing or Lane Usage Improper,4478692,17.2,7.8,0.3,0.3,0.0,1.0,51,20.7,38.5,318,Drizzle: Light,0,0,
91317,2021-11-05 13:10:00,40.69122,-73.93969,0,0,Turning Improperly,4478557,10.7,3.2,0.0,0.0,0.0,0.0,0,14.8,30.2,1,Clear sky,0,0,Sunny/Clear Conditions
91318,2021-11-16 07:45:00,40.778225,-73.95863,0,0,Passing Too Closely,4477903,9.5,1.9,0.0,0.0,0.0,0.0,3,21.3,38.2,275,Overcast,0,0,
91319,2021-11-15 15:30:00,0.0,0.0,1,0,Failure to Yield Right-of-Way,4478590,8.6,2.4,0.9,0.9,0.0,4.0,53,30.0,56.5,268,Drizzle: Moderate,1,1,
91320,2021-11-16 16:25:00,40.761486,-73.96061,0,0,Following Too Closely,4478149,9.5,1.9,0.0,0.0,0.0,0.0,3,21.3,38.2,275,Overcast,0,0,
91321,2021-11-16 12:00:00,40.682487,-73.96219,0,0,Driver Inattention/Distraction,4478091,9.5,1.9,0.0,0.0,0.0,0.0,3,21.3,38.2,275,Overcast,0,0,
91322,2021-11-16 13:00:00,40.63701,-73.91495,1,0,Illnes,4478421,9.5,1.9,0.0,0.0,0.0,0.0,3,21.3,38.2,275,Overcast,1,1,
91323,2021-11-15 13:20:00,40.846565,-73.92589,1,0,Unsafe Lane Changing,4478534,8.6,2.4,0.9,0.9,0.0,4.0,53,30.0,56.5,268,Drizzle: Moderate,1,1,
91324,2021-11-16 17:00:00,40.611404,-74.00952,0,0,Driver Inattention/Distraction,4478121,9.5,1.9,0.0,0.0,0.0,0.0,3,21.3,38.2,275,Overcast,0,0,
91325,2021-11-16 23:30:00,40.831463,-73.887955,0,0,Unspecified,4478836,9.5,1.9,0.0,0.0,0.0,0.0,3,21.3,38.2,275,Overcast,0,0,
91326,2021-11-16 15:50:00,40.824207,-73.858795,2,0,Unspecified,4478703,9.5,1.9,0.0,0.0,0.0,0.0,3,21.3,38.2,275,Overcast,2,2,
91327,2021-11-16 15:30:00,40.575165,-74.12785,0,0,Following Too Closely,4478626,9.5,1.9,0.0,0.0,0.0,0.0,3,21.3,38.2,275,Overcast,0,0,
91328,2021-11-16 11:28:00,40.699818,-73.920135,1,0,Failure to Yield Right-of-Way,4477995,9.5,1.9,0.0,0.0,0.0,0.0,3,21.3,38.2,275,Overcast,1,1,
91329,2021-11-16 14:35:00,40.800117,-73.94052,1,0,Reaction to Uninvolved Vehicle,4478023,9.5,1.9,0.0,0.0,0.0,0.0,3,21.3,38.2,275,Overcast,1,1,
91330,2021-11-16 10:26:00,40.668797,-73.93113,1,0,Traffic Control Disregarded,4478223,9.5,1.9,0.0,0.0,0.0,0.0,3,21.3,38.2,275,Overcast,1,1,
91331,2021-11-15 11:50:00,40.834114,-73.86327,1,0,Unspecified,4478697,8.6,2.4,0.9,0.9,0.0,4.0,53,30.0,56.5,268,Drizzle: Moderate,1,1,
91332,2021-11-16 20:08:00,40.76226,-73.75699,0,0,Turning Improperly,4478071,9.5,1.9,0.0,0.0,0.0,0.0,3,21.3,38.2,275,Overcast,0,0,
91333,2021-11-16 07:14:00,40.644432,-73.9296,1,0,Unspecified,4478377,9.5,1.9,0.0,0.0,0.0,0.0,3,21.3,38.2,275,Overcast,1,1,
91334,2021-10-20 17:33:00,40.87335,-73.92875,0,0,Unsafe Lane Changing,4478660,24.1,13.8,0.0,0.0,0.0,0.0,3,21.6,37.1,276,Overcast,0,0,
91335,2021-11-16 11:40:00,40.748802,-73.75045,0,0,Unsafe Speed,4477957,9.5,1.9,0.0,0.0,0.0,0.0,3,21.3,38.2,275,Overcast,0,0,
91336,2021-11-16 19:12:00,40.806587,-73.91041,0,0,Unspecified,4478186,9.5,1.9,0.0,0.0,0.0,0.0,3,21.3,38.2,275,Overcast,0,0,
91337,2021-11-16 10:45:00,40.661118,-73.91861,1,0,Driver Inattention/Distraction,4478259,9.5,1.9,0.0,0.0,0.0,0.0,3,21.3,38.2,275,Overcast,1,1,
91338,2021-11-16 06:50:00,40.722584,-73.8509,0,0,Driver Inattention/Distraction,4478008,9.5,1.9,0.0,0.0,0.0,0.0,3,21.3,38.2,275,Overcast,0,0,
91339,2021-11-16 17:16:00,40.77517,-73.92905,1,0,Pavement Slippery,4478103,9.5,1.9,0.0,0.0,0.0,0.0,3,21.3,38.2,275,Overcast,1,1,
91340,2021-11-06 13:30:00,40.689095,-73.84047,1,0,Failure to Yield Right-of-Way,4478550,10.5,3.4,0.0,0.0,0.0,0.0,0,9.5,17.6,61,Clear sky,1,1,Sunny/Clear Conditions
91341,2021-11-16 15:31:00,40.668648,-73.92835,0,0,Traffic Control Disregarded,4478385,9.5,1.9,0.0,0.0,0.0,0.0,3,21.3,38.2,275,Overcast,0,0,
91342,2021-11-16 18:09:00,40.63552,-74.0167,2,0,Turning Improperly,4478066,9.5,1.9,0.0,0.0,0.0,0.0,3,21.3,38.2,275,Overcast,2,2,
91343,2021-11-16 23:40:00,40.59763,-73.788376,0,0,Turning Improperly,4478109,9.5,1.9,0.0,0.0,0.0,0.0,3,21.3,38.2,275,Overcast,0,0,
91344,2021-11-16 09:00:00,40.838066,-73.90314,1,0,Passing Too Closely,4478829,9.5,1.9,0.0,0.0,0.0,0.0,3,21.3,38.2,275,Overcast,1,1,
91345,2021-11-11 22:30:00,40.62672,-73.93644,0,0,Driver Inattention/Distraction,4478683,15.0,4.2,0.3,0.3,0.0,2.0,51,22.6,38.2,85,Drizzle: Light,0,0,
91346,2021-11-15 15:00:00,40.66993,-73.8807,0,0,Unspecified,4478538,8.6,2.4,0.9,0.9,0.0,4.0,53,30.0,56.5,268,Drizzle: Moderate,0,0,
91347,2021-11-12 15:30:00,40.67206,-73.9036,0,0,Passing Too Closely,4478758,18.5,8.9,15.0,15.0,0.0,7.0,63,39.8,74.5,174,Rain: Moderate,0,0,
91348,2021-11-16 19:09:00,40.691353,-73.92142,1,0,Failure to Yield Right-of-Way,4478211,9.5,1.9,0.0,0.0,0.0,0.0,3,21.3,38.2,275,Overcast,1,1,
91349,2021-11-16 08:45:00,40.742683,-73.85115,0,0,Driver Inexperience,4477918,9.5,1.9,0.0,0.0,0.0,0.0,3,21.3,38.2,275,Overcast,0,0,
91350,2021-11-16 18:40:00,40.89417,-73.856964,0,0,Driver Inattention/Distraction,4478355,9.5,1.9,0.0,0.0,0.0,0.0,3,21.3,38.2,275,Overcast,0,0,
91351,2021-11-16 16:10:00,40.77452,-73.81966,0,0,Backing Unsafely,4478046,9.5,1.9,0.0,0.0,0.0,0.0,3,21.3,38.2,275,Overcast,0,0,
91352,2021-11-16 20:00:00,40.745014,-73.92214,0,0,Driver Inattention/Distraction,4478273,9.5,1.9,0.0,0.0,0.0,0.0,3,21.3,38.2,275,Overcast,0,0,
91353,2021-11-16 14:30:00,40.738537,-73.927246,1,0,Unspecified,4478191,9.5,1.9,0.0,0.0,0.0,0.0,3,21.3,38.2,275,Overcast,1,1,
91354,2021-11-16 18:13:00,40.86309,-73.88946,0,0,Turning Improperly,4478138,9.5,1.9,0.0,0.0,0.0,0.0,3,21.3,38.2,275,Overcast,0,0,
91355,2021-11-16 22:19:00,40.832733,-73.89802,2,0,Traffic Control Disregarded,4478824,9.5,1.9,0.0,0.0,0.0,0.0,3,21.3,38.2,275,Overcast,2,2,