,CRASH DATETIME,LATITUDE,LONGITUDE,NUMBER OF PERSONS INJURED,NUMBER OF PERSONS KILLED,CONTRIBUTING FACTOR VEHICLE 1,COLLISION_ID,temperature_2m_max,temperature_2m_min,precipitation_sum,rain_sum,snowfall_sum,precipitation_hours,weather_code,wind_speed_10m_max,wind_gusts_10m_max,wind_direction_10m_dominant,Weather Description,Severity_Score,Total_Affected_Persons,Weather_Category
91356,2021-11-16 20:00:00,40.633083,-74.00558,0,0,Unspecified,4478617,9.5,1.9,0.0,0.0,0.0,0.0,3,21.3,38.2,275,Overcast,0,0,
91357,2021-11-16 11:35:00,40.64711,-73.972534,0,0,Unspecified,4478159,9.5,1.9,0.0,0.0,0.0,0.0,3,21.3,38.2,275,Overcast,0,0,
91358,2021-11-02 00:15:00,40.673027,-73.897026,0,0,Unspecified,4478539,11.4,7.0,0.6,0.6,0.0,4.0,51,14.1,28.1,271,Drizzle: Light,0,0,
91359,2021-11-16 08:54:00,40.66614,-73.82326,0,0,Passing or Lane Usage Improper,4478079,9.5,1.9,0.0,0.0,0.0,0.0,3,21.3,38.2,275,Overcast,0,0,
91360,2021-11-16 21:01:00,40.668507,-73.92561,1,0,Unspecified,4478379,9.5,1.9,0.0,0.0,0.0,0.0,3,21.3,38.2,275,Overcast,1,1,
91361,2021-11-16 18:00:00,40.617813,-74.00644,1,0,Driver Inattention/Distraction,4478508,9.5,1.9,0.0,0.0,0.0,0.0,3,21.3,38.2,275,Overcast,1,1,
91362,2021-11-16 21:05:00,40.786175,-73.9457,0,0,Passing or Lane Usage Improper,4478108,9.5,1.9,0.0,0.0,0.0,0.0,3,21.3,38.2,275,Overcast,0,0,
91363,2021-11-16 18:45:00,40.686577,-73.947464,0,0,Passing or Lane Usage Improper,4478279,9.5,1.9,0.0,0.0,0.0,0.0,3,21.3,38.2,275,Overcast,0,0,
91364,2021-11-16 09:34:00,40.77437,-73.963554,0,0,Unsafe Lane Changing,4477925,9.5,1.9,0.0,0.0,0.0,0.0,3,21.3,38.2,275,Overcast,0,0,
91365,2021-11-16 07:27:00,40.81219,-73.92875,0,0,Passing Too Closely,4478169,9.5,1.9,0.0,0.0,0.0,0.0,3,21.3,38.2,275,Overcast,0,0,
91366,2021-11-16 09:48:00,40.67502,-73.86133,1,0,Unspecified,4478026,9.5,1.9,0.0,0.0,0.0,0.0,3,21.3,38.2,275,Overcast,1,1,
91367,2021-11-16 07:20:00,40.822304,-73.91485,1,0,Turning Improperly,4478176,9.5,1.9,0.0,0.0,0.0,0.0,3,21.3,38.2,275,Overcast,1,1,
91368,2021-11-16 16:37:00,40.663517,-73.957214,0,0,Passing or Lane Usage Improper,4478074,9.5,1.9,0.0,0.0,0.0,0.0,3,21.3,38.2,275,Overcast,0,0,
91369,2021-11-16 22:26:00,40.80256,-73.943,0,0,Driver Inattention/Distraction,4478164,9.5,1.9,0.0,0.0,0.0,0.0,3,21.3,38.2,275,Overcast,0,0,
91370,2021-11-16 13:40:00,40.641323,-74.07594,0,0,Driver Inattention/Distraction,4478562,9.5,1.9,0.0,0.0,0.0,0.0,3,21.3,38.2,275,Overcast,0,0,
91371,2021-11-16 16:07:00,40.826515,-73.917946,0,0,Passing Too Closely,4478125,9.5,1.9,0.0,0.0,0.0,0.0,3,21.3,38.2,275,Overcast,0,0,
91372,2021-11-16 01:15:00,40.681984,-73.84977,0,0,Passing Too Closely,4477837,9.5,1.9,0.0,0.0,0.0,0.0,3,21.3,38.2,275,Overcast,0,0,
91373,2021-10-30 23:35:00,40.646378,-73.97085,1,0,Unspecified,4478637,17.8,12.0,7.8,7.8,0.0,16.0,61,38.5,68.0,112,Rain: Light,1,1,
91374,2021-11-16 17:45:00,0.0,0.0,0,0,Unspecified,4478484,9.5,1.9,0.0,0.0,0.0,0.0,3,21.3,38.2,275,Overcast,0,0,
91375,2021-11-05 00:00:00,40.82861,-73.87897,1,0,Backing Unsafely,4478698,10.7,3.2,0.0,0.0,0.0,0.0,0,14.8,30.2,1,Clear sky,1,1,Sunny/Clear Conditions
91376,2021-11-16 01:08:00,40.659336,-73.92726,3,0,Driver Inattention/Distraction,4478007,9.5,1.9,0.0,0.0,0.0,0.0,3,21.3,38.2,275,Overcast,3,3,
91377,2021-11-16 07:47:00,40.709305,-73.84369,3,0,Turning Improperly,4478011,9.5,1.9,0.0,0.0,0.0,0.0,3,21.3,38.2,275,Overcast,3,3,
91378,2021-11-16 15:54:00,40.83504,-73.9453,0,0,Driver Inattention/Distraction,4478202,9.5,1.9,0.0,0.0,0.0,0.0,3,21.3,38.2,275,Overcast,0,0,
91379,2021-11-16 15:00:00,40.634438,-74.11864,1,0,Unspecified,4478633,9.5,1.9,0.0,0.0,0.0,0.0,3,21.3,38.2,275,Overcast,1,1,
91380,2021-11-16 11:54:00,40.823017,-73.88271,1,0,Driver Inattention/Distraction,4478031,9.5,1.9,0.0,0.0,0.0,0.0,3,21.3,38.2,275,Overcast,1,1,
91381,2021-11-16 08:49:00,40.66955,-73.94497,1,0,Driver Inattention/Distraction,4478227,9.5,1.9,0.0,0.0,0.0,0.0,3,21.3,38.2,275,Overcast,1,1,
91382,2021-11-07 16:00:00,40.641624,-73.949585,0,0,Unspecified,4478668,12.1,2.6,0.0,0.0,0.0,0.0,3,10.0,20.5,358,Overcast,0,0,
91383,2021-11-16 15:30:00,40.63073,-74.01734,2,0,Unspecified,4478065,9.5,1.9,0.0,0.0,0.0,0.0,3,21.3,38.2,275,Overcast,2,2,
91384,2021-11-16 08:19:00,40.84566,-73.816284,0,0,Unspecified,4478329,9.5,1.9,0.0,0.0,0.0,0.0,3,21.3,38.2,275,Overcast,0,0,
91385,2021-11-16 00:30:00,40.757835,-73.86092,0,0,Driver Inattention/Distraction,4477936,9.5,1.9,0.0,0.0,0.0,0.0,3,21.3,38.2,275,Overcast,0,0,
91386,2021-11-16 20:00:00,40.83406,-73.944885,0,0,Driver Inattention/Distraction,4478203,9.5,1.9,0.0,0.0,0.0,0.0,3,21.3,38.2,275,Overcast,0,0,
91387,2021-11-16 16:59:00,40.712936,-73.78263,0,0,Driver Inattention/Distraction,4478304,9.5,1.9,0.0,0.0,0.0,0.0,3,21.3,38.2,275,Overcast,0,0,
91388,2021-11-16 22:45:00,40.659336,-73.92726,1,0,Unspecified,4478367,9.5,1.9,0.0,0.0,0.0,0.0,3,21.3,38.2,275,Overcast,1,1,
91389,2021-11-16 14:13:00,40.662388,-73.92566,0,0,Unspecified,4478030,9.5,1.9,0.0,0.0,0.0,0.0,3,21.3,38.2,275,Overcast,0,0,
91390,2021-11-06 07:38:00,40.58176,-73.85029,1,0,Following Too Closely,4478685,10.5,3.4,0.0,0.0,0.0,0.0,0,9.5,17.6,61,Clear sky,1,1,Sunny/Clear Conditions
91391,2021-11-16 00:00:00,40.836384,-73.87039,2,0,Unsafe Speed,4478691,9.5,1.9,0.0,0.0,0.0,0.0,3,21.3,38.2,275,Overcast,2,2,
91392,2021-11-16 09:17:00,40.61061,-73.95671,0,0,Unspecified,4478055,9.5,1.9,0.0,0.0,0.0,0.0,3,21.3,38.2,275,Overcast,0,0,
91393,2021-11-16 17:05:00,40.68405,-73.98157,0,0,Driver Inattention/Distraction,4478150,9.5,1.9,0.0,0.0,0.0,0.0,3,21.3,38.2,275,Overcast,0,0,
91394,2021-11-16 22:59:00,40.61613,-74.08636,0,0,Unsafe Speed,4478670,9.5,1.9,0.0,0.0,0.0,0.0,3,21.3,38.2,275,Overcast,0,0,
91395,2021-11-16 11:35:00,40.635674,-73.97265,1,0,Unspecified,4478450,9.5,1.9,0.0,0.0,0.0,0.0,3,21.3,38.2,275,Overcast,1,1,
91396,2021-11-15 19:00:00,40.68775,-73.857414,0,0,Passing Too Closely,4478625,8.6,2.4,0.9,0.9,0.0,4.0,53,30.0,56.5,268,Drizzle: Moderate,0,0,
91397,2021-11-16 11:04:00,40.82016,-73.94156,0,0,Passing Too Closely,4477991,9.5,1.9,0.0,0.0,0.0,0.0,3,21.3,38.2,275,Overcast,0,0,
91398,2021-11-16 22:10:00,40.76332,-73.77385,0,0,Cell Phone (hand-Held),4478072,9.5,1.9,0.0,0.0,0.0,0.0,3,21.3,38.2,275,Overcast,0,0,
91399,2021-11-16 08:01:00,40.74008,-73.87698,1,0,Driver Inattention/Distraction,4477924,9.5,1.9,0.0,0.0,0.0,0.0,3,21.3,38.2,275,Overcast,1,1,
91400,2021-11-16 09:13:00,40.767254,-73.83407,0,0,Turning Improperly,4478047,9.5,1.9,0.0,0.0,0.0,0.0,3,21.3,38.2,275,Overcast,0,0,
91401,2021-11-15 08:25:00,40.77353,-73.98534,0,0,Passing Too Closely,4478742,8.6,2.4,0.9,0.9,0.0,4.0,53,30.0,56.5,268,Drizzle: Moderate,0,0,
91402,2021-11-16 14:31:00,40.68892,-73.835335,0,0,Passing Too Closely,4478198,9.5,1.9,0.0,0.0,0.0,0.0,3,21.3,38.2,275,Overcast,0,0,
91403,2021-11-16 14:40:00,40.657497,-73.83947,0,0,Unsafe Lane Changing,4478036,9.5,1.9,0.0,0.0,0.0,0.0,3,21.3,38.2,275,Overcast,0,0,
91404,2021-11-16 16:45:00,40.738174,-73.86547,0,0,Unspecified,4478839,9.5,1.9,0.0,0.0,0.0,0.0,3,21.3,38.2,275,Overcast,0,0,
91405,2022-04-18 15:13:00,40.6011,-73.93562,0,0,Driver Inattention/Distraction,4520239,10.6,1.5,6.1,6.1,0.0,5.0,63,30.8,52.9,90,Rain: Moderate,0,0,
91406,2021-11-16 16:15:00,40.828175,-73.8239,0,0,Unspecified,4478333,9.5,1.9,0.0,0.0,0.0,0.0,3,21.3,38.2,275,Overcast,0,0,
91407,2021-11-16 10:30:00,40.705215,-73.95282,0,0,Passing Too Closely,4478092,9.5,1.9,0.0,0.0,0.0,0.0,3,21.3,38.2,275,Overcast,0,0,
91408,2021-11-16 23:55:00,40.700306,-73.766,0,0,Unsafe Speed,4478218,9.5,1.9,0.0,0.0,0.0,0.0,3,21.3,38.2,275,Overcast,0,0,
91409,2021-11-16 17:51:00,40.899246,-73.84609,1,0,Failure to Yield Right-of-Way,4478354,9.5,1.9,0.0,0.0,0.0,0.0,3,21.3,38.2,275,Overcast,1,1,
91410,2021-11-16 15:20:00,40.79856,-73.96336,0,0,Passing Too Closely,4478144,9.5,1.9,0.0,0.0,0.0,0.0,3,21.3,38.2,275,Overcast,0,0,
91411,2021-11-12 11:15:00,40.732586,-73.98962,0,0,Passing or Lane Usage Improper,4478533,18.5,8.9,15.0,15.0,0.0,7.0,63,39.8,74.5,174,Rain: Moderate,0,0,
91412,2021-11-10 19:24:00,40.741394,-73.82303,1,0,Following Too Closely,4478658,17.2,7.8,0.3,0.3,0.0,1.0,51,20.7,38.5,318,Drizzle: Light,1,1,
91413,2021-11-16 14:20:00,40.66669,-73.81173,0,0,Passing or Lane Usage Improper,4478083,9.5,1.9,0.0,0.0,0.0,0.0,3,21.3,38.2,275,Overcast,0,0,
91414,2021-11-11 14:00:00,40.69312,-73.83134,1,0,Following Too Closely,4478552,15.0,4.2,0.3,0.3,0.0,2.0,51,22.6,38.2,85,Drizzle: Light,1,1,
91415,2021-11-16 18:45:00,40.738857,-73.816086,0,0,Following Too Closely,4478078,9.5,1.9,0.0,0.0,0.0,0.0,3,21.3,38.2,275,Overcast,0,0,
91416,2021-11-16 06:20:00,40.80003,-73.954865,0,0,Driver Inattention/Distraction,4477904,9.5,1.9,0.0,0.0,0.0,0.0,3,21.3,38.2,275,Overcast,0,0,
91417,2021-11-05 18:09:00,40.67398,-73.911156,1,0,,4478770,10.7,3.2,0.0,0.0,0.0,0.0,0,14.8,30.2,1,Clear sky,1,1,Sunny/Clear Conditions
91418,2021-11-16 00:57:00,40.849453,-73.906006,0,0,Driver Inattention/Distraction,4478024,9.5,1.9,0.0,0.0,0.0,0.0,3,21.3,38.2,275,Overcast,0,0,
91419,2021-11-16 15:00:00,40.7198,-73.953476,0,0,Driver Inattention/Distraction,4478110,9.5,1.9,0.0,0.0,0.0,0.0,3,21.3,38.2,275,Overcast,0,0,
91420,2021-11-11 10:25:00,40.81594,-73.85472,0,0,Unspecified,4478706,15.0,4.2,0.3,0.3,0.0,2.0,51,22.6,38.2,85,Drizzle: Light,0,0,
91421,2021-10-29 01:15:00,40.859524,-73.93209,0,0,Driver Inattention/Distraction,4478648,13.8,8.3,9.3,9.3,0.0,5.0,63,40.9,73.8,78,Rain: Moderate,0,0,
91422,2021-11-16 19:20:00,40.850857,-73.90765,1,0,Passing or Lane Usage Improper,4478499,9.5,1.9,0.0,0.0,0.0,0.0,3,21.3,38.2,275,Overcast,1,1,
91423,2021-11-16 19:01:00,40.731964,-73.98816,0,0,Driver Inattention/Distraction,4478122,9.5,1.9,0.0,0.0,0.0,0.0,3,21.3,38.2,275,Overcast,0,0,
91424,2021-11-16 17:24:00,40.710335,-73.95871,2,0,Failure to Yield Right-of-Way,4478800,9.5,1.9,0.0,0.0,0.0,0.0,3,21.3,38.2,275,Overcast,2,2,
91425,2021-11-16 06:00:00,40.637505,-73.914185,1,0,Unspecified,4478190,9.5,1.9,0.0,0.0,0.0,0.0,3,21.3,38.2,275,Overcast,1,1,
91426,2021-11-16 10:30:00,40.751602,-73.93384,1,0,Brakes Defective,4478100,9.5,1.9,0.0,0.0,0.0,0.0,3,21.3,38.2,275,Overcast,1,1,
91427,2021-11-16 14:29:00,40.621243,-74.01363,0,0,Unspecified,4478067,9.5,1.9,0.0,0.0,0.0,0.0,3,21.3,38.2,275,Overcast,0,0,
91428,2021-11-12 08:20:00,40.6714,-73.91328,0,0,Fatigued/Drowsy,4478572,18.5,8.9,15.0,15.0,0.0,7.0,63,39.8,74.5,174,Rain: Moderate,0,0,
91429,2021-11-16 07:30:00,40.825954,-73.94337,1,0,Unspecified,4478597,9.5,1.9,0.0,0.0,0.0,0.0,3,21.3,38.2,275,Overcast,1,1,
91430,2021-11-16 18:18:00,40.69798,-73.91257,1,0,Driver Inattention/Distraction,4478209,9.5,1.9,0.0,0.0,0.0,0.0,3,21.3,38.2,275,Overcast,1,1,
91431,2021-11-16 12:47:00,40.769905,-73.98057,1,0,Failure to Yield Right-of-Way,4478392,9.5,1.9,0.0,0.0,0.0,0.0,3,21.3,38.2,275,Overcast,1,1,
91432,2021-11-16 16:56:00,40.863026,-73.89058,0,0,Unspecified,4478137,9.5,1.9,0.0,0.0,0.0,0.0,3,21.3,38.2,275,Overcast,0,0,
91433,2021-11-09 16:15:00,40.829044,-73.91112,1,0,Aggressive Driving/Road Rage,4478830,19.5,5.6,0.0,0.0,0.0,0.0,3,10.2,20.2,283,Overcast,1,1,
91434,2021-11-16 07:55:00,40.813663,-73.931244,0,0,Following Too Closely,4478171,9.5,1.9,0.0,0.0,0.0,0.0,3,21.3,38.2,275,Overcast,0,0,
91435,2021-11-16 19:27:00,40.65243,-73.95362,0,0,Unspecified,4478667,9.5,1.9,0.0,0.0,0.0,0.0,3,21.3,38.2,275,Overcast,0,0,
91436,2021-11-16 15:30:00,40.67798,-73.872116,2,0,Turning Improperly,4478537,9.5,1.9,0.0,0.0,0.0,0.0,3,21.3,38.2,275,Overcast,2,2,
91437,2021-11-04 16:30:00,40.677563,-73.93309,0,0,Following Too Closely,4478721,9.9,3.0,0.0,0.0,0.0,0.0,3,10.8,21.2,5,Overcast,0,0,
91438,2021-11-16 06:45:00,40.71572,-73.825745,0,0,Driver Inattention/Distraction,4478177,9.5,1.9,0.0,0.0,0.0,0.0,3,21.3,38.2,275,Overcast,0,0,
91439,2021-11-16 00:00:00,40.833965,-73.8629,0,0,Driver Inattention/Distraction,4478699,9.5,1.9,0.0,0.0,0.0,0.0,3,21.3,38.2,275,Overcast,0,0,
91440,2021-11-16 14:50:00,40.66947,-73.86246,0,0,Unspecified,4478540,9.5,1.9,0.0,0.0,0.0,0.0,3,21.3,38.2,275,Overcast,0,0,
91441,2021-11-16 01:20:00,40.70789,-73.84652,0,0,Following Too Closely,4477847,9.5,1.9,0.0,0.0,0.0,0.0,3,21.3,38.2,275,Overcast,0,0,
91442,2021-11-13 22:14:00,40.710175,-74.001144,1,0,Backing Unsafely,4478642,16.0,4.8,5.0,5.0,0.0,4.0,63,36.4,65.9,238,Rain: Moderate,1,1,
91443,2021-11-16 16:30:00,40.639706,-74.13909,2,0,Following Too Closely,4478575,9.5,1.9,0.0,0.0,0.0,0.0,3,21.3,38.2,275,Overcast,2,2,
91444,2021-11-16 09:08:00,40.686234,-73.82418,1,0,Following Too Closely,4478082,9.5,1.9,0.0,0.0,0.0,0.0,3,21.3,38.2,275,Overcast,1,1,
91445,2021-11-16 06:25:00,40.706264,-73.75866,1,0,Backing Unsafely,4478264,9.5,1.9,0.0,0.0,0.0,0.0,3,21.3,38.2,275,Overcast,1,1,
91446,2021-11-16 13:15:00,40.794918,-73.97035,0,0,Passing or Lane Usage Improper,4478019,9.5,1.9,0.0,0.0,0.0,0.0,3,21.3,38.2,275,Overcast,0,0,
91447,2021-11-16 11:30:00,40.74113,-73.989876,0,0,Passing or Lane Usage Improper,4478230,9.5,1.9,0.0,0.0,0.0,0.0,3,21.3,38.2,275,Overcast,0,0,
91448,2021-11-16 14:30:00,40.591633,-74.100975,0,0,Unspecified,4478615,9.5,1.9,0.0,0.0,0.0,0.0,3,21.3,38.2,275,Overcast,0,0,
91449,2021-11-16 17:09:00,40.86052,-73.89257,0,0,Driver Inattention/Distraction,4478502,9.5,1.9,0.0,0.0,0.0,0.0,3,21.3,38.2,275,Overcast,0,0,
91450,2021-11-16 21:42:00,40.862812,-73.907555,1,0,Failure to Yield Right-of-Way,4478143,9.5,1.9,0.0,0.0,0.0,0.0,3,21.3,38.2,275,Overcast,1,1,
91451,2021-11-16 14:25:00,40.669495,-73.98169,0,0,Driver Inattention/Distraction,4478157,9.5,1.9,0.0,0.0,0.0,0.0,3,21.3,38.2,275,Overcast,0,0,
91452,2021-11-16 14:57:00,40.663555,-73.92136,0,0,Alcohol Involvement,4478380,9.5,1.9,0.0,0.0,0.0,0.0,3,21.3,38.2,275,Overcast,0,0,
91453,2021-11-16 12:36:00,40.75144,-73.97397,0,0,Driver Inattention/Distraction,4478199,9.5,1.9,0.0,0.0,0.0,0.0,3,21.3,38.2,275,Overcast,0,0,
91454,2021-11-16 16:00:00,40.673763,-73.74509,0,0,Traffic Control Disregarded,4478034,9.5,1.9,0.0,0.0,0.0,0.0,3,21.3,38.2,275,Overcast,0,0,
91455,2021-11-16 11:16:00,40.7488,-73.96986,0,0,Driver Inattention/Distraction,4478063,9.5,1.9,0.0,0.0,0.0,0.0,3,21.3,38.2,275,Overcast,0,0,
91456,2021-11-16 08:00:00,40.8252,-73.867714,0,0,Unspecified,4478695,9.5,1.9,0.0,0.0,0.0,0.0,3,21.3,38.2,275,Overcast,0,0,
91457,2021-11-16 09:30:00,40.79087,-73.972694,0,0,Passing Too Closely,4477937,9.5,1.9,0.0,0.0,0.0,0.0,3,21.3,38.2,275,Overcast,0,0,
91458,2021-11-15 18:00:00,40.687904,-73.83887,0,0,Unsafe Speed,4478671,8.6,2.4,0.9,0.9,0.0,4.0,53,30.0,56.5,268,Drizzle: Moderate,0,0,
91459,2021-11-16 15:50:00,40.83495,-73.94691,0,0,Driver Inattention/Distraction,4478204,9.5,1.9,0.0,0.0,0.0,0.0,3,21.3,38.2,275,Overcast,0,0,
91460,2021-11-16 07:45:00,40.600567,-73.7621,1,0,Failure to Yield Right-of-Way,4478107,9.5,1.9,0.0,0.0,0.0,0.0,3,21.3,38.2,275,Overcast,1,1,
91461,2021-11-16 15:55:00,40.841274,-73.91762,1,0,Turning Improperly,4478819,9.5,1.9,0.0,0.0,0.0,0.0,3,21.3,38.2,275,Overcast,1,1,
91462,2021-11-13 15:45:00,40.840176,-73.92528,0,0,Other Vehicular,4478630,16.0,4.8,5.0,5.0,0.0,4.0,63,36.4,65.9,238,Rain: Moderate,0,0,
91463,2021-11-12 11:44:00,40.655632,-73.95987,1,0,Other Vehicular,4478728,18.5,8.9,15.0,15.0,0.0,7.0,63,39.8,74.5,174,Rain: Moderate,1,1,
91464,2021-11-16 13:49:00,40.68947,-73.96911,1,0,Unspecified,4478068,9.5,1.9,0.0,0.0,0.0,0.0,3,21.3,38.2,275,Overcast,1,1,
91465,2021-11-16 22:10:00,40.735497,-73.869705,0,0,Passing Too Closely,4478395,9.5,1.9,0.0,0.0,0.0,0.0,3,21.3,38.2,275,Overcast,0,0,
91466,2021-11-16 10:30:00,40.70403,-73.81711,1,0,Traffic Control Disregarded,4478310,9.5,1.9,0.0,0.0,0.0,0.0,3,21.3,38.2,275,Overcast,1,1,
91467,2021-11-16 05:53:00,40.88599,-73.82792,2,0,Failure to Yield Right-of-Way,4478343,9.5,1.9,0.0,0.0,0.0,0.0,3,21.3,38.2,275,Overcast,2,2,
91468,2021-11-11 17:05:00,40.60899,-73.9715,0,0,Unspecified,4478831,15.0,4.2,0.3,0.3,0.0,2.0,51,22.6,38.2,85,Drizzle: Light,0,0,
91469,2021-11-16 08:12:00,40.6156,-74.02484,0,0,Unspecified,4477934,9.5,1.9,0.0,0.0,0.0,0.0,3,21.3,38.2,275,Overcast,0,0,
91470,2021-11-16 16:50:00,40.80649,-73.93651,0,0,Unspecified,4478162,9.5,1.9,0.0,0.0,0.0,0.0,3,21.3,38.2,275,Overcast,0,0,
91471,2021-11-16 10:00:00,40.609856,-74.07444,1,0,Unspecified,4478000,9.5,1.9,0.0,0.0,0.0,0.0,3,21.3,38.2,275,Overcast,1,1,
91472,2021-11-16 16:58:00,40.50999,-74.243744,0,0,Unspecified,4478208,9.5,1.9,0.0,0.0,0.0,0.0,3,21.3,38.2,275,Overcast,0,0,
91473,2022-04-25 20:18:00,40.64962,-73.874306,2,0,Backing Unsafely,4522277,15.1,6.1,0.0,0.0,0.0,0.0,3,20.9,41.4,119,Overcast,2,2,
91474,2021-11-16 08:45:00,40.74554,-73.883255,1,0,Driver Inattention/Distraction,4477923,9.5,1.9,0.0,0.0,0.0,0.0,3,21.3,38.2,275,Overcast,1,1,
91475,2021-11-16 21:19:00,40.663902,-73.93993,1,0,Driver Inattention/Distraction,4478073,9.5,1.9,0.0,0.0,0.0,0.0,3,21.3,38.2,275,Overcast,1,1,
91476,2021-11-16 08:30:00,40.691616,-73.985306,1,0,Driver Inattention/Distraction,4478284,9.5,1.9,0.0,0.0,0.0,0.0,3,21.3,38.2,275,Overcast,1,1,
91477,2021-11-13 06:20:00,40.75035,-73.900055,0,0,Driver Inattention/Distraction,4478748,16.0,4.8,5.0,5.0,0.0,4.0,63,36.4,65.9,238,Rain: Moderate,0,0,
91478,2021-11-16 09:45:00,40.754055,-73.99583,0,0,Alcohol Involvement,4478197,9.5,1.9,0.0,0.0,0.0,0.0,3,21.3,38.2,275,Overcast,0,0,
91479,2021-11-16 09:30:00,40.81821,-73.96144,0,0,Unspecified,4478028,9.5,1.9,0.0,0.0,0.0,0.0,3,21.3,38.2,275,Overcast,0,0,
91480,2021-11-13 10:56:00,40.85192,-73.89694,1,0,Driver Inattention/Distraction,4478554,16.0,4.8,5.0,5.0,0.0,4.0,63,36.4,65.9,238,Rain: Moderate,1,1,
91481,2021-11-16 18:00:00,40.711704,-73.84477,0,0,View Obstructed/Limited,4478114,9.5,1.9,0.0,0.0,0.0,0.0,3,21.3,38.2,275,Overcast,0,0,
91482,2021-11-16 20:00:00,40.708363,-73.94339,1,0,Driver Inattention/Distraction,4478093,9.5,1.9,0.0,0.0,0.0,0.0,3,21.3,38.2,275,Overcast,1,1,
91483,2021-11-16 16:00:00,40.750904,-73.98068,1,0,Unspecified,4478443,9.5,1.9,0.0,0.0,0.0,0.0,3,21.3,38.2,275,Overcast,1,1,
91484,2021-11-16 22:55:00,40.603275,-73.99606,0,0,Unspecified,4478123,9.5,1.9,0.0,0.0,0.0,0.0,3,21.3,38.2,275,Overcast,0,0,
91485,2021-11-16 07:30:00,40.67776,-73.89349,0,0,Pedestrian/Bicyclist/Other Pedestrian Error/Confusion,4478025,9.5,1.9,0.0,0.0,0.0,0.0,3,21.3,38.2,275,Overcast,0,0,
91486,2021-11-16 11:38:00,40.716183,-74.00695,0,0,Unspecified,4477988,9.5,1.9,0.0,0.0,0.0,0.0,3,21.3,38.2,275,Overcast,0,0,
91487,2021-11-16 06:55:00,40.777004,-73.91661,0,0,Aggressive Driving/Road Rage,4478214,9.5,1.9,0.0,0.0,0.0,0.0,3,21.3,38.2,275,Overcast,0,0,
91488,2021-11-16 09:15:00,40.893913,-73.85898,1,0,Unsafe Speed,4478350,9.5,1.9,0.0,0.0,0.0,0.0,3,21.3,38.2,275,Overcast,1,1,
91489,2021-11-16 08:45:00,40.614,-73.9161,0,0,Following Too Closely,4478051,9.5,1.9,0.0,0.0,0.0,0.0,3,21.3,38.2,275,Overcast,0,0,
91490,2021-11-16 23:30:00,40.76817,-73.9528,0,0,Traffic Control Disregarded,4478146,9.5,1.9,0.0,0.0,0.0,0.0,3,21.3,38.2,275,Overcast,0,0,
91491,2021-11-16 20:30:00,40.73634,-73.93266,1,0,Driver Inattention/Distraction,4478276,9.5,1.9,0.0,0.0,0.0,0.0,3,21.3,38.2,275,Overcast,1,1,
91492,2021-11-16 15:15:00,40.739964,-73.89424,0,0,Unspecified,4478189,9.5,1.9,0.0,0.0,0.0,0.0,3,21.3,38.2,275,Overcast,0,0,
91493,2021-11-16 09:38:00,40.673386,-73.77568,0,0,Passing or Lane Usage Improper,4477977,9.5,1.9,0.0,0.0,0.0,0.0,3,21.3,38.2,275,Overcast,0,0,
91494,2021-11-16 08:00:00,40.681946,-73.904884,0,0,Unsafe Lane Changing,4477905,9.5,1.9,0.0,0.0,0.0,0.0,3,21.3,38.2,275,Overcast,0,0,
91495,2022-04-07 15:52:00,40.7712,-73.83345,2,0,Unspecified,4520643,11.5,5.6,74.1,74.1,0.0,14.0,65,35.0,64.8,98,Rain: Heavy,2,2,
91496,2021-11-16 12:40:00,40.824734,-73.849365,1,0,Failure to Yield Right-of-Way,4478690,9.5,1.9,0.0,0.0,0.0,0.0,3,21.3,38.2,275,Overcast,1,1,
91497,2021-11-16 12:21:00,40.60184,-74.00593,0,0,Driver Inattention/Distraction,4478151,9.5,1.9,0.0,0.0,0.0,0.0,3,21.3,38.2,275,Overcast,0,0,
91498,2021-11-16 16:00:00,40.630745,-73.97717,0,0,Unspecified,4478054,9.5,1.9,0.0,0.0,0.0,0.0,3,21.3,38.2,275,Overcast,0,0,
91499,2021-10-13 10:10:00,40.679337,-73.94405,0,0,Oversized Vehicle,4478559,21.7,14.8,0.1,0.1,0.0,1.0,51,12.2,23.0,200,Drizzle: Light,0,0,
91500,2021-11-06 00:00:00,40.667706,-73.90636,0,0,Alcohol Involvement,4478584,10.5,3.4,0.0,0.0,0.0,0.0,0,9.5,17.6,61,Clear sky,0,0,Sunny/Clear Conditions
91501,2021-11-13 17:54:00,40.861298,-73.906265,0,0,Unspecified,4478493,16.0,4.8,5.0,5.0,0.0,4.0,63,36.4,65.9,238,Rain: Moderate,0,0,
91502,2021-11-14 05:15:00,40.602215,-74.17493,2,0,Driver Inattention/Distraction,4478651,8.4,2.9,0.6,0.6,0.0,2.0,53,20.7,36.4,232,Drizzle: Moderate,2,2,
91503,2021-11-16 20:22:00,40.666462,-73.80445,1,0,Driver Inattention/Distraction,4478088,9.5,1.9,0.0,0.0,0.0,0.0,3,21.3,38.2,275,Overcast,1,1,
91504,2021-10-26 18:15:00,40.85106,-73.88233,2,0,Unsafe Speed,4478515,16.9,13.8,84.5,84.5,0.0,17.0,65,28.7,53.6,87,Rain: Heavy,2,2,
91505,2021-11-14 19:00:00,40.72069,-73.836685,3,0,Passing or Lane Usage Improper,4478686,8.4,2.9,0.6,0.6,0.0,2.0,53,20.7,36.4,232,Drizzle: Moderate,3,3,
91506,2021-11-16 17:33:00,40.68804,-73.83275,0,0,Driver Inexperience,4478205,9.5,1.9,0.0,0.0,0.0,0.0,3,21.3,38.2,275,Overcast,0,0,
91507,2021-11-16 11:55:00,40.715847,-73.994934,0,0,Driver Inattention/Distraction,4478020,9.5,1.9,0.0,0.0,0.0,0.0,3,21.3,38.2,275,Overcast,0,0,