,CRASH DATETIME,LATITUDE,LONGITUDE,NUMBER OF PERSONS INJURED,NUMBER OF PERSONS KILLED,CONTRIBUTING FACTOR VEHICLE 1,COLLISION_ID,temperature_2m_max,temperature_2m_min,precipitation_sum,rain_sum,snowfall_sum,precipitation_hours,weather_code,wind_speed_10m_max,wind_gusts_10m_max,wind_direction_10m_dominant,Weather Description,Severity_Score,Total_Affected_Persons,Weather_Category
91508,2021-11-16 19:02:00,40.632206,-73.90961,1,0,Unspecified,4478272,9.5,1.9,0.0,0.0,0.0,0.0,3,21.3,38.2,275,Overcast,1,1,
91509,2021-11-16 00:00:00,40.843365,-73.91545,1,0,Lost Consciousness,4478629,9.5,1.9,0.0,0.0,0.0,0.0,3,21.3,38.2,275,Overcast,1,1,
91510,2021-11-16 19:34:00,40.69049,-73.816086,1,0,Failure to Yield Right-of-Way,4478200,9.5,1.9,0.0,0.0,0.0,0.0,3,21.3,38.2,275,Overcast,1,1,
91511,2021-11-16 09:45:00,40.64018,-74.02179,2,0,Passing or Lane Usage Improper,4477998,9.5,1.9,0.0,0.0,0.0,0.0,3,21.3,38.2,275,Overcast,2,2,
91512,2021-11-16 15:10:00,40.72857,-73.85809,1,0,Driver Inattention/Distraction,4478040,9.5,1.9,0.0,0.0,0.0,0.0,3,21.3,38.2,275,Overcast,1,1,
91513,2021-11-16 00:00:00,40.650623,-73.95377,0,0,Driver Inattention/Distraction,4478365,9.5,1.9,0.0,0.0,0.0,0.0,3,21.3,38.2,275,Overcast,0,0,
91514,2021-11-16 08:00:00,40.872276,-73.86316,0,0,Driver Inattention/Distraction,4478345,9.5,1.9,0.0,0.0,0.0,0.0,3,21.3,38.2,275,Overcast,0,0,
91515,2021-11-16 12:00:00,40.666416,-73.738495,0,0,Unspecified,4477946,9.5,1.9,0.0,0.0,0.0,0.0,3,21.3,38.2,275,Overcast,0,0,
91516,2021-11-12 22:17:00,40.851093,-73.93244,1,0,Driver Inattention/Distraction,4478653,18.5,8.9,15.0,15.0,0.0,7.0,63,39.8,74.5,174,Rain: Moderate,1,1,
91517,2021-11-13 12:00:00,40.66925,-73.93944,0,0,Driver Inattention/Distraction,4478719,16.0,4.8,5.0,5.0,0.0,4.0,63,36.4,65.9,238,Rain: Moderate,0,0,
91518,2021-11-16 11:55:00,40.700836,-73.99495,0,0,Driver Inattention/Distraction,4478815,9.5,1.9,0.0,0.0,0.0,0.0,3,21.3,38.2,275,Overcast,0,0,
91519,2021-11-16 17:45:00,40.74693,-73.84866,0,0,Driver Inattention/Distraction,4478132,9.5,1.9,0.0,0.0,0.0,0.0,3,21.3,38.2,275,Overcast,0,0,
91520,2021-11-12 18:34:00,40.68815,-73.84884,1,0,Failure to Yield Right-of-Way,4478568,18.5,8.9,15.0,15.0,0.0,7.0,63,39.8,74.5,174,Rain: Moderate,1,1,
91521,2021-11-15 02:39:00,40.633354,-74.15099,0,0,Driver Inattention/Distraction,4478577,8.6,2.4,0.9,0.9,0.0,4.0,53,30.0,56.5,268,Drizzle: Moderate,0,0,
91522,2021-11-16 01:27:00,40.68366,-73.90788,3,0,Driver Inattention/Distraction,4477853,9.5,1.9,0.0,0.0,0.0,0.0,3,21.3,38.2,275,Overcast,3,3,
91523,2021-11-15 19:55:00,40.83517,-73.8668,0,0,Unspecified,4478694,8.6,2.4,0.9,0.9,0.0,4.0,53,30.0,56.5,268,Drizzle: Moderate,0,0,
91524,2021-11-16 13:56:00,40.614708,-73.96794,0,0,Unspecified,4478161,9.5,1.9,0.0,0.0,0.0,0.0,3,21.3,38.2,275,Overcast,0,0,
91525,2021-11-16 17:00:00,40.68481,-73.99177,0,0,Passing or Lane Usage Improper,4478178,9.5,1.9,0.0,0.0,0.0,0.0,3,21.3,38.2,275,Overcast,0,0,
91526,2021-11-16 12:30:00,40.718018,-73.99996,0,0,Driver Inattention/Distraction,4478643,9.5,1.9,0.0,0.0,0.0,0.0,3,21.3,38.2,275,Overcast,0,0,
91527,2021-11-16 10:00:00,40.66149,-73.93039,0,0,Unspecified,4478381,9.5,1.9,0.0,0.0,0.0,0.0,3,21.3,38.2,275,Overcast,0,0,
91528,2021-11-16 07:30:00,40.595444,-73.779045,0,0,Unsafe Speed,4478106,9.5,1.9,0.0,0.0,0.0,0.0,3,21.3,38.2,275,Overcast,0,0,
91529,2021-11-14 00:01:00,40.880554,-73.89922,0,0,Unspecified,4478672,8.4,2.9,0.6,0.6,0.0,2.0,53,20.7,36.4,232,Drizzle: Moderate,0,0,
91530,2021-11-09 16:30:00,40.620914,-73.9753,3,0,Unspecified,4478832,19.5,5.6,0.0,0.0,0.0,0.0,3,10.2,20.2,283,Overcast,3,3,
91531,2021-11-16 09:06:00,40.686752,-73.99605,2,0,Driver Inattention/Distraction,4478172,9.5,1.9,0.0,0.0,0.0,0.0,3,21.3,38.2,275,Overcast,2,2,
91532,2021-11-16 07:05:00,40.792126,-73.97178,0,0,Unsafe Lane Changing,4477932,9.5,1.9,0.0,0.0,0.0,0.0,3,21.3,38.2,275,Overcast,0,0,
91533,2021-11-16 22:00:00,40.718792,-73.93726,0,0,Driver Inattention/Distraction,4478237,9.5,1.9,0.0,0.0,0.0,0.0,3,21.3,38.2,275,Overcast,0,0,
91534,2021-11-16 21:41:00,40.690895,-73.99406,1,0,Passing Too Closely,4478413,9.5,1.9,0.0,0.0,0.0,0.0,3,21.3,38.2,275,Overcast,1,1,
91535,2021-11-16 17:46:00,40.696117,-73.970436,0,0,Driver Inattention/Distraction,4478069,9.5,1.9,0.0,0.0,0.0,0.0,3,21.3,38.2,275,Overcast,0,0,
91536,2021-11-16 18:00:00,40.623657,-74.02064,1,0,Unsafe Speed,4478059,9.5,1.9,0.0,0.0,0.0,0.0,3,21.3,38.2,275,Overcast,1,1,
91537,2021-11-16 12:00:00,40.859547,-73.80091,0,0,Unspecified,4478316,9.5,1.9,0.0,0.0,0.0,0.0,3,21.3,38.2,275,Overcast,0,0,
91538,2021-10-30 22:00:00,40.637276,-73.93177,3,0,Unspecified,4478665,17.8,12.0,7.8,7.8,0.0,16.0,61,38.5,68.0,112,Rain: Light,3,3,
91539,2021-11-16 21:44:00,40.608917,-73.95216,1,0,Unspecified,4478097,9.5,1.9,0.0,0.0,0.0,0.0,3,21.3,38.2,275,Overcast,1,1,
91540,2021-11-16 10:28:00,40.868546,-73.88832,0,0,Failure to Yield Right-of-Way,4478141,9.5,1.9,0.0,0.0,0.0,0.0,3,21.3,38.2,275,Overcast,0,0,
91541,2021-11-08 10:09:00,40.6592,-73.91645,0,0,Driver Inattention/Distraction,4478609,16.5,6.4,0.0,0.0,0.0,0.0,3,17.4,33.8,355,Overcast,0,0,
91542,2021-11-13 17:30:00,40.65459,-73.86449,0,0,Unspecified,4478543,16.0,4.8,5.0,5.0,0.0,4.0,63,36.4,65.9,238,Rain: Moderate,0,0,
91543,2021-10-07 14:30:00,40.682823,-73.976585,0,0,Turning Improperly,4478788,22.4,15.7,0.4,0.4,0.0,4.0,51,10.5,20.5,231,Drizzle: Light,0,0,
91544,2021-11-16 08:35:00,40.632435,-73.998405,1,0,Unspecified,4478155,9.5,1.9,0.0,0.0,0.0,0.0,3,21.3,38.2,275,Overcast,1,1,
91545,2021-11-16 14:50:00,40.6567,-73.84506,1,0,Failure to Yield Right-of-Way,4478089,9.5,1.9,0.0,0.0,0.0,0.0,3,21.3,38.2,275,Overcast,1,1,
91546,2021-11-01 00:00:00,40.655632,-73.95987,1,0,Driver Inattention/Distraction,4478727,14.4,8.0,0.0,0.0,0.0,0.0,3,20.7,38.5,278,Overcast,1,1,
91547,2022-09-25 08:55:00,40.656185,-73.95121,0,0,Unspecified,4567192,23.8,11.8,0.3,0.3,0.0,1.0,51,22.2,41.0,207,Drizzle: Light,0,0,
91548,2021-11-14 00:50:00,40.85323,-73.89617,1,0,Driver Inattention/Distraction,4478520,8.4,2.9,0.6,0.6,0.0,2.0,53,20.7,36.4,232,Drizzle: Moderate,1,1,
91549,2021-11-16 15:50:00,40.667953,-73.87007,0,0,Driver Inattention/Distraction,4478536,9.5,1.9,0.0,0.0,0.0,0.0,3,21.3,38.2,275,Overcast,0,0,
91550,2021-11-14 00:00:00,40.8398,-73.88125,1,0,Driver Inattention/Distraction,4478555,8.4,2.9,0.6,0.6,0.0,2.0,53,20.7,36.4,232,Drizzle: Moderate,1,1,
91551,2021-11-16 17:44:00,40.73175,-73.85359,1,0,Traffic Control Disregarded,4478115,9.5,1.9,0.0,0.0,0.0,0.0,3,21.3,38.2,275,Overcast,1,1,
91552,2022-04-18 07:50:00,40.630672,-73.981895,1,0,Driver Inattention/Distraction,4520298,10.6,1.5,6.1,6.1,0.0,5.0,63,30.8,52.9,90,Rain: Moderate,1,1,
91553,2022-04-18 22:50:00,40.659058,-73.91095,1,0,Unspecified,4520191,10.6,1.5,6.1,6.1,0.0,5.0,63,30.8,52.9,90,Rain: Moderate,1,1,
91554,2022-04-18 19:22:00,40.78588,-73.94884,2,0,Driver Inattention/Distraction,4520461,10.6,1.5,6.1,6.1,0.0,5.0,63,30.8,52.9,90,Rain: Moderate,2,2,
91555,2022-04-18 17:12:00,40.710377,-73.81944,0,0,Unspecified,4520148,10.6,1.5,6.1,6.1,0.0,5.0,63,30.8,52.9,90,Rain: Moderate,0,0,
91556,2022-04-18 07:00:00,40.845352,-73.92821,0,0,Passing Too Closely,4520603,10.6,1.5,6.1,6.1,0.0,5.0,63,30.8,52.9,90,Rain: Moderate,0,0,
91557,2022-04-18 19:25:00,40.617786,-74.08111,0,0,Driver Inattention/Distraction,4520368,10.6,1.5,6.1,6.1,0.0,5.0,63,30.8,52.9,90,Rain: Moderate,0,0,
91558,2022-04-18 17:30:00,40.89537,-73.841774,0,0,View Obstructed/Limited,4520380,10.6,1.5,6.1,6.1,0.0,5.0,63,30.8,52.9,90,Rain: Moderate,0,0,
91559,2022-04-18 07:00:00,40.81084,-73.95068,0,0,Traffic Control Disregarded,4520280,10.6,1.5,6.1,6.1,0.0,5.0,63,30.8,52.9,90,Rain: Moderate,0,0,
91560,2022-04-18 20:10:00,40.84932,-73.93374,0,0,Driver Inattention/Distraction,4520662,10.6,1.5,6.1,6.1,0.0,5.0,63,30.8,52.9,90,Rain: Moderate,0,0,
91561,2022-04-18 02:30:00,40.713875,-73.97703,0,0,Unspecified,4519761,10.6,1.5,6.1,6.1,0.0,5.0,63,30.8,52.9,90,Rain: Moderate,0,0,
91562,2022-04-11 13:00:00,0.0,0.0,0,0,Passing Too Closely,4520713,13.1,1.8,0.0,0.0,0.0,0.0,3,18.6,36.4,246,Overcast,0,0,
91563,2022-04-18 11:00:00,40.703285,-73.950645,0,0,Driver Inattention/Distraction,4520170,10.6,1.5,6.1,6.1,0.0,5.0,63,30.8,52.9,90,Rain: Moderate,0,0,
91564,2022-04-18 13:11:00,40.756794,-73.894135,1,0,Unspecified,4520576,10.6,1.5,6.1,6.1,0.0,5.0,63,30.8,52.9,90,Rain: Moderate,1,1,
91565,2022-04-18 21:10:00,40.771305,-73.87664,2,0,Driver Inattention/Distraction,4520634,10.6,1.5,6.1,6.1,0.0,5.0,63,30.8,52.9,90,Rain: Moderate,2,2,
91566,2022-04-18 19:55:00,40.714436,-73.759995,1,0,Driver Inattention/Distraction,4520672,10.6,1.5,6.1,6.1,0.0,5.0,63,30.8,52.9,90,Rain: Moderate,1,1,
91567,2022-04-18 20:30:00,40.606556,-73.973625,1,0,Failure to Yield Right-of-Way,4520147,10.6,1.5,6.1,6.1,0.0,5.0,63,30.8,52.9,90,Rain: Moderate,1,1,
91568,2022-04-18 07:00:00,40.696247,-73.76436,0,0,Failure to Yield Right-of-Way,4520281,10.6,1.5,6.1,6.1,0.0,5.0,63,30.8,52.9,90,Rain: Moderate,0,0,
91569,2022-04-11 09:12:00,40.765347,-73.8354,0,0,Passing Too Closely,4520730,13.1,1.8,0.0,0.0,0.0,0.0,3,18.6,36.4,246,Overcast,0,0,
91570,2022-04-18 19:54:00,40.721806,-74.00643,1,0,Unspecified,4520196,10.6,1.5,6.1,6.1,0.0,5.0,63,30.8,52.9,90,Rain: Moderate,1,1,
91571,2022-04-15 06:00:00,40.764637,-73.87157,0,0,Other Vehicular,4520571,19.2,6.3,0.1,0.1,0.0,1.0,51,26.9,46.1,243,Drizzle: Light,0,0,
91572,2022-04-16 10:35:00,40.815533,-73.91861,0,0,Unspecified,4520602,19.3,7.4,6.8,6.8,0.0,7.0,61,24.5,47.5,217,Rain: Light,0,0,
91573,2022-04-18 22:30:00,40.72766,-73.92938,0,0,Aggressive Driving/Road Rage,4520232,10.6,1.5,6.1,6.1,0.0,5.0,63,30.8,52.9,90,Rain: Moderate,0,0,
91574,2022-04-18 04:54:00,0.0,0.0,0,0,Unspecified,4519794,10.6,1.5,6.1,6.1,0.0,5.0,63,30.8,52.9,90,Rain: Moderate,0,0,
91575,2022-04-16 21:10:00,40.707222,-73.9127,2,0,Failure to Yield Right-of-Way,4520700,19.3,7.4,6.8,6.8,0.0,7.0,61,24.5,47.5,217,Rain: Light,2,2,
91576,2022-04-18 10:00:00,40.660854,-73.728485,1,0,Unspecified,4520060,10.6,1.5,6.1,6.1,0.0,5.0,63,30.8,52.9,90,Rain: Moderate,1,1,
91577,2022-04-18 14:00:00,40.737167,-74.001465,0,0,Unspecified,4520088,10.6,1.5,6.1,6.1,0.0,5.0,63,30.8,52.9,90,Rain: Moderate,0,0,
91578,2022-04-17 14:27:00,40.70519,-73.91478,1,0,Unspecified,4520503,10.0,3.9,0.5,0.5,0.0,2.0,51,30.1,56.5,313,Drizzle: Light,1,1,
91579,2022-04-18 22:40:00,40.69379,-73.7929,0,0,Alcohol Involvement,4520163,10.6,1.5,6.1,6.1,0.0,5.0,63,30.8,52.9,90,Rain: Moderate,0,0,
91580,2022-04-17 03:20:00,40.818928,-73.88706,0,0,Unspecified,4520561,10.0,3.9,0.5,0.5,0.0,2.0,51,30.1,56.5,313,Drizzle: Light,0,0,
91581,2022-04-07 17:30:00,40.781315,-73.94614,1,0,Driver Inattention/Distraction,4520743,11.5,5.6,74.1,74.1,0.0,14.0,65,35.0,64.8,98,Rain: Heavy,1,1,
91582,2022-04-18 04:40:00,40.781273,-73.976006,0,0,Driver Inattention/Distraction,4520027,10.6,1.5,6.1,6.1,0.0,5.0,63,30.8,52.9,90,Rain: Moderate,0,0,
91583,2022-04-18 08:30:00,40.746033,-73.93441,1,0,Driver Inattention/Distraction,4520407,10.6,1.5,6.1,6.1,0.0,5.0,63,30.8,52.9,90,Rain: Moderate,1,1,
91584,2022-04-04 09:40:00,40.800686,-73.952515,1,0,Failure to Yield Right-of-Way,4520512,12.2,2.6,0.1,0.1,0.0,1.0,51,23.7,41.4,304,Drizzle: Light,1,1,
91585,2022-04-18 11:40:00,40.861923,-73.89357,2,0,Following Too Closely,4520079,10.6,1.5,6.1,6.1,0.0,5.0,63,30.8,52.9,90,Rain: Moderate,2,2,
91586,2022-04-18 11:22:00,40.624958,-74.145775,2,0,Driver Inattention/Distraction,4520214,10.6,1.5,6.1,6.1,0.0,5.0,63,30.8,52.9,90,Rain: Moderate,2,2,
91587,2022-04-01 04:25:00,40.867256,-73.92935,0,0,Unspecified,4520622,15.2,5.3,1.4,1.4,0.0,8.0,51,33.1,61.9,277,Drizzle: Light,0,0,
91588,2022-04-11 07:00:00,40.715897,-73.75561,0,0,Unsafe Lane Changing,4520677,13.1,1.8,0.0,0.0,0.0,0.0,3,18.6,36.4,246,Overcast,0,0,
91589,2022-04-16 22:50:00,40.754513,-73.8776,1,0,Driver Inattention/Distraction,4520567,19.3,7.4,6.8,6.8,0.0,7.0,61,24.5,47.5,217,Rain: Light,1,1,
91590,2022-04-18 08:30:00,40.603645,-74.077324,0,0,Driver Inattention/Distraction,4520156,10.6,1.5,6.1,6.1,0.0,5.0,63,30.8,52.9,90,Rain: Moderate,0,0,
91591,2022-04-18 23:12:00,40.635784,-73.97917,1,0,Unspecified,4520220,10.6,1.5,6.1,6.1,0.0,5.0,63,30.8,52.9,90,Rain: Moderate,1,1,
91592,2022-04-08 12:20:00,40.689228,-73.957,0,0,Driver Inattention/Distraction,4520608,16.5,7.1,5.2,5.2,0.0,4.0,63,21.3,42.8,253,Rain: Moderate,0,0,
91593,2022-04-12 22:05:00,40.606327,-74.07994,1,0,Passing Too Closely,4520499,20.4,7.7,1.6,1.6,0.0,3.0,53,17.8,36.0,271,Drizzle: Moderate,1,1,
91594,2022-04-18 04:25:00,40.70318,-73.79311,0,0,Driver Inattention/Distraction,4519872,10.6,1.5,6.1,6.1,0.0,5.0,63,30.8,52.9,90,Rain: Moderate,0,0,
91595,2022-03-18 23:40:00,40.80389,-73.95577,1,0,Unsafe Speed,4520555,20.8,7.4,0.0,0.0,0.0,0.0,3,16.0,31.7,181,Overcast,1,1,
91596,2022-04-18 15:48:00,40.62881,-74.009346,1,0,Traffic Control Disregarded,4520135,10.6,1.5,6.1,6.1,0.0,5.0,63,30.8,52.9,90,Rain: Moderate,1,1,
91597,2022-04-16 07:07:00,40.892803,-73.84416,0,0,Driver Inattention/Distraction,4520523,19.3,7.4,6.8,6.8,0.0,7.0,61,24.5,47.5,217,Rain: Light,0,0,
91598,2022-04-18 09:25:00,40.60354,-73.9606,1,0,Backing Unsafely,4520430,10.6,1.5,6.1,6.1,0.0,5.0,63,30.8,52.9,90,Rain: Moderate,1,1,
91599,2022-04-18 18:45:00,40.79793,-73.934,0,0,Unsafe Lane Changing,4520259,10.6,1.5,6.1,6.1,0.0,5.0,63,30.8,52.9,90,Rain: Moderate,0,0,
91600,2022-04-10 08:00:00,40.816845,-73.89941,0,0,Driver Inattention/Distraction,4520685,9.8,3.5,0.0,0.0,0.0,0.0,3,29.3,54.4,307,Overcast,0,0,
91601,2022-04-18 19:45:00,40.667946,-73.99073,0,0,Following Too Closely,4520314,10.6,1.5,6.1,6.1,0.0,5.0,63,30.8,52.9,90,Rain: Moderate,0,0,
91602,2022-04-18 14:00:00,40.697426,-73.95095,0,0,Backing Unsafely,4520613,10.6,1.5,6.1,6.1,0.0,5.0,63,30.8,52.9,90,Rain: Moderate,0,0,
91603,2022-04-18 03:22:00,40.59011,-73.97422,3,0,Alcohol Involvement,4520178,10.6,1.5,6.1,6.1,0.0,5.0,63,30.8,52.9,90,Rain: Moderate,3,3,
91604,2022-04-16 11:48:00,40.886528,-73.89979,1,0,Unspecified,4520562,19.3,7.4,6.8,6.8,0.0,7.0,61,24.5,47.5,217,Rain: Light,1,1,
91605,2022-04-16 14:00:00,40.70661,-73.91569,0,0,Unspecified,4520587,19.3,7.4,6.8,6.8,0.0,7.0,61,24.5,47.5,217,Rain: Light,0,0,
91606,2022-04-18 14:00:00,40.634457,-73.97571,0,0,Unspecified,4520219,10.6,1.5,6.1,6.1,0.0,5.0,63,30.8,52.9,90,Rain: Moderate,0,0,
91607,2022-04-17 13:47:00,40.87739,-73.8665,0,0,Unsafe Speed,4520529,10.0,3.9,0.5,0.5,0.0,2.0,51,30.1,56.5,313,Drizzle: Light,0,0,
91608,2022-04-18 05:10:00,40.733425,-73.97447,0,0,Obstruction/Debris,4519947,10.6,1.5,6.1,6.1,0.0,5.0,63,30.8,52.9,90,Rain: Moderate,0,0,
91609,2022-04-18 11:00:00,40.75425,-73.827835,0,0,Backing Unsafely,4520099,10.6,1.5,6.1,6.1,0.0,5.0,63,30.8,52.9,90,Rain: Moderate,0,0,
91610,2022-04-18 21:40:00,40.62877,-73.91825,0,0,Other Lighting Defects,4520385,10.6,1.5,6.1,6.1,0.0,5.0,63,30.8,52.9,90,Rain: Moderate,0,0,
91611,2022-04-18 00:06:00,40.598553,-73.997345,0,0,Driver Inattention/Distraction,4520169,10.6,1.5,6.1,6.1,0.0,5.0,63,30.8,52.9,90,Rain: Moderate,0,0,
91612,2022-04-18 17:10:00,40.682423,-73.97069,0,0,View Obstructed/Limited,4520322,10.6,1.5,6.1,6.1,0.0,5.0,63,30.8,52.9,90,Rain: Moderate,0,0,
91613,2022-04-12 21:10:00,40.53347,-74.20229,2,0,Fell Asleep,4520641,20.4,7.7,1.6,1.6,0.0,3.0,53,17.8,36.0,271,Drizzle: Moderate,2,2,
91614,2022-04-18 11:15:00,40.689842,-73.850075,0,0,Turning Improperly,4520238,10.6,1.5,6.1,6.1,0.0,5.0,63,30.8,52.9,90,Rain: Moderate,0,0,
91615,2022-04-18 14:00:00,40.83872,-73.91378,0,0,Passing Too Closely,4520663,10.6,1.5,6.1,6.1,0.0,5.0,63,30.8,52.9,90,Rain: Moderate,0,0,
91616,2022-04-18 03:50:00,40.76747,-73.89134,1,0,Listening/Using Headphones,4519771,10.6,1.5,6.1,6.1,0.0,5.0,63,30.8,52.9,90,Rain: Moderate,1,1,
91617,2022-04-11 11:45:00,40.678555,-73.91604,0,0,Other Vehicular,4520714,13.1,1.8,0.0,0.0,0.0,0.0,3,18.6,36.4,246,Overcast,0,0,
91618,2022-04-18 00:55:00,40.761967,-73.89695,0,0,Driver Inattention/Distraction,4520575,10.6,1.5,6.1,6.1,0.0,5.0,63,30.8,52.9,90,Rain: Moderate,0,0,
91619,2022-04-18 09:20:00,40.720566,-73.8459,0,0,Unspecified,4520516,10.6,1.5,6.1,6.1,0.0,5.0,63,30.8,52.9,90,Rain: Moderate,0,0,
91620,2022-04-18 13:00:00,40.820744,-73.82374,0,0,Unspecified,4520074,10.6,1.5,6.1,6.1,0.0,5.0,63,30.8,52.9,90,Rain: Moderate,0,0,
91621,2022-04-18 13:30:00,40.861862,-73.91275,0,0,Other Vehicular,4520080,10.6,1.5,6.1,6.1,0.0,5.0,63,30.8,52.9,90,Rain: Moderate,0,0,
91622,2022-04-18 00:00:00,40.663555,-73.93162,0,0,Driver Inattention/Distraction,4520463,10.6,1.5,6.1,6.1,0.0,5.0,63,30.8,52.9,90,Rain: Moderate,0,0,
91623,2022-04-17 00:10:00,40.68445,-73.92031,0,0,Unsafe Speed,4520712,10.0,3.9,0.5,0.5,0.0,2.0,51,30.1,56.5,313,Drizzle: Light,0,0,
91624,2022-09-04 09:39:00,40.60859,-73.75678,1,0,Driver Inattention/Distraction,4567924,29.8,20.4,1.2,1.2,0.0,8.0,51,11.9,27.4,213,Drizzle: Light,1,1,
91625,2022-04-18 20:24:00,40.78468,-73.80911,1,0,Unspecified,4520151,10.6,1.5,6.1,6.1,0.0,5.0,63,30.8,52.9,90,Rain: Moderate,1,1,
91626,2022-04-14 12:02:00,40.7442,-74.00713,1,0,Passenger Distraction,4520542,28.1,13.9,0.2,0.2,0.0,2.0,51,25.9,46.1,249,Drizzle: Light,1,1,
91627,2022-04-18 20:01:00,40.816067,-73.91765,0,0,Other Vehicular,4520465,10.6,1.5,6.1,6.1,0.0,5.0,63,30.8,52.9,90,Rain: Moderate,0,0,
91628,2022-04-13 00:10:00,40.759624,-73.99548,1,0,Driver Inattention/Distraction,4520533,18.9,7.1,0.0,0.0,0.0,0.0,3,18.7,37.4,112,Overcast,1,1,
91629,2022-04-15 21:05:00,40.768623,-73.92882,1,0,Unsafe Lane Changing,4520559,19.2,6.3,0.1,0.1,0.0,1.0,51,26.9,46.1,243,Drizzle: Light,1,1,
91630,2022-04-18 08:13:00,40.669624,-73.94635,0,0,Driver Inattention/Distraction,4520032,10.6,1.5,6.1,6.1,0.0,5.0,63,30.8,52.9,90,Rain: Moderate,0,0,
91631,2022-04-18 08:37:00,40.73198,-73.98197,1,0,Failure to Yield Right-of-Way,4520107,10.6,1.5,6.1,6.1,0.0,5.0,63,30.8,52.9,90,Rain: Moderate,1,1,
91632,2022-04-18 14:00:00,40.629696,-73.903015,0,0,Unspecified,4520145,10.6,1.5,6.1,6.1,0.0,5.0,63,30.8,52.9,90,Rain: Moderate,0,0,
91633,2022-04-18 11:40:00,40.674953,-73.80205,1,0,Unsafe Lane Changing,4520282,10.6,1.5,6.1,6.1,0.0,5.0,63,30.8,52.9,90,Rain: Moderate,1,1,
91634,2022-04-14 12:10:00,40.81888,-73.916504,3,0,Failure to Yield Right-of-Way,4520773,28.1,13.9,0.2,0.2,0.0,2.0,51,25.9,46.1,249,Drizzle: Light,3,3,
91635,2022-04-16 10:45:00,40.55413,-74.16837,0,0,Following Too Closely,4520574,19.3,7.4,6.8,6.8,0.0,7.0,61,24.5,47.5,217,Rain: Light,0,0,
91636,2022-04-18 07:24:00,40.657856,-73.751015,1,0,Brakes Defective,4520059,10.6,1.5,6.1,6.1,0.0,5.0,63,30.8,52.9,90,Rain: Moderate,1,1,
91637,2022-04-18 16:03:00,40.66077,-73.91975,0,0,Driver Inattention/Distraction,4520167,10.6,1.5,6.1,6.1,0.0,5.0,63,30.8,52.9,90,Rain: Moderate,0,0,
91638,2022-04-18 05:10:00,40.733425,-73.97447,0,0,Obstruction/Debris,4519945,10.6,1.5,6.1,6.1,0.0,5.0,63,30.8,52.9,90,Rain: Moderate,0,0,
91639,2022-04-18 17:30:00,40.696663,-73.98085,0,0,Driver Inattention/Distraction,4520140,10.6,1.5,6.1,6.1,0.0,5.0,63,30.8,52.9,90,Rain: Moderate,0,0,
91640,2022-04-18 19:00:00,40.65249,-73.92179,1,0,Unspecified,4520441,10.6,1.5,6.1,6.1,0.0,5.0,63,30.8,52.9,90,Rain: Moderate,1,1,
91641,2022-04-18 16:08:00,40.744095,-73.92681,0,0,Unspecified,4520130,10.6,1.5,6.1,6.1,0.0,5.0,63,30.8,52.9,90,Rain: Moderate,0,0,
91642,2022-04-12 19:30:00,40.54326,-74.19731,1,0,Failure to Yield Right-of-Way,4520640,20.4,7.7,1.6,1.6,0.0,3.0,53,17.8,36.0,271,Drizzle: Moderate,1,1,
91643,2022-04-14 15:30:00,40.743317,-74.001396,0,0,Unspecified,4520543,28.1,13.9,0.2,0.2,0.0,2.0,51,25.9,46.1,249,Drizzle: Light,0,0,
91644,2022-04-18 23:47:00,40.70953,-74.00842,1,0,Unspecified,4520197,10.6,1.5,6.1,6.1,0.0,5.0,63,30.8,52.9,90,Rain: Moderate,1,1,
91645,2022-04-03 08:05:00,40.612213,-73.99718,0,0,Unspecified,4520553,8.3,3.4,3.1,3.1,0.0,5.0,61,21.9,38.2,274,Rain: Light,0,0,
91646,2022-04-18 14:30:00,40.65207,-74.00676,1,0,Driver Inattention/Distraction,4520528,10.6,1.5,6.1,6.1,0.0,5.0,63,30.8,52.9,90,Rain: Moderate,1,1,
91647,2022-04-18 01:20:00,40.8452,-73.916885,1,0,Unsafe Lane Changing,4520266,10.6,1.5,6.1,6.1,0.0,5.0,63,30.8,52.9,90,Rain: Moderate,1,1,
91648,2022-04-18 10:50:00,40.761272,-73.95571,0,0,Traffic Control Disregarded,4520598,10.6,1.5,6.1,6.1,0.0,5.0,63,30.8,52.9,90,Rain: Moderate,0,0,
91649,2022-04-03 14:25:00,0.0,0.0,0,0,Driver Inattention/Distraction,4520740,8.3,3.4,3.1,3.1,0.0,5.0,61,21.9,38.2,274,Rain: Light,0,0,
91650,2022-04-18 16:18:00,40.665203,-73.90184,0,0,Unspecified,4520187,10.6,1.5,6.1,6.1,0.0,5.0,63,30.8,52.9,90,Rain: Moderate,0,0,
91651,2022-04-12 08:20:00,40.850414,-73.93455,1,0,Driver Inattention/Distraction,4520624,20.4,7.7,1.6,1.6,0.0,3.0,53,17.8,36.0,271,Drizzle: Moderate,1,1,
91652,2022-04-18 09:43:00,40.76155,-73.96659,1,0,Unsafe Lane Changing,4520174,10.6,1.5,6.1,6.1,0.0,5.0,63,30.8,52.9,90,Rain: Moderate,1,1,
91653,2022-04-18 02:30:00,40.756096,-73.74655,3,0,Unspecified,4519842,10.6,1.5,6.1,6.1,0.0,5.0,63,30.8,52.9,90,Rain: Moderate,3,3,
91654,2022-04-17 15:30:00,40.890907,-73.8495,2,0,Following Too Closely,4520666,10.0,3.9,0.5,0.5,0.0,2.0,51,30.1,56.5,313,Drizzle: Light,2,2,
91655,2022-04-18 07:00:00,40.71976,-73.94476,1,0,Following Too Closely,4520094,10.6,1.5,6.1,6.1,0.0,5.0,63,30.8,52.9,90,Rain: Moderate,1,1,