,CRASH DATETIME,LATITUDE,LONGITUDE,NUMBER OF PERSONS INJURED,NUMBER OF PERSONS KILLED,CONTRIBUTING FACTOR VEHICLE 1,COLLISION_ID,temperature_2m_max,temperature_2m_min,precipitation_sum,rain_sum,snowfall_sum,precipitation_hours,weather_code,wind_speed_10m_max,wind_gusts_10m_max,wind_direction_10m_dominant,Weather Description,Severity_Score,Total_Affected_Persons,Weather_Category
91656,2022-04-18 14:00:00,40.69473,-73.91928,0,0,Driver Inattention/Distraction,4520222,10.6,1.5,6.1,6.1,0.0,5.0,63,30.8,52.9,90,Rain: Moderate,0,0,
91657,2022-04-18 11:35:00,40.743515,-73.83375,0,0,Passing or Lane Usage Improper,4520731,10.6,1.5,6.1,6.1,0.0,5.0,63,30.8,52.9,90,Rain: Moderate,0,0,
91658,2022-04-18 15:00:00,40.69942,-73.86878,0,0,Following Too Closely,4520578,10.6,1.5,6.1,6.1,0.0,5.0,63,30.8,52.9,90,Rain: Moderate,0,0,
91659,2022-04-18 17:40:00,40.71635,-73.95982,1,0,Driver Inattention/Distraction,4520233,10.6,1.5,6.1,6.1,0.0,5.0,63,30.8,52.9,90,Rain: Moderate,1,1,
91660,2022-04-18 22:44:00,40.585888,-73.944,0,0,,4520429,10.6,1.5,6.1,6.1,0.0,5.0,63,30.8,52.9,90,Rain: Moderate,0,0,
91661,2022-04-16 17:00:00,40.707264,-73.90792,0,0,Following Too Closely,4520589,19.3,7.4,6.8,6.8,0.0,7.0,61,24.5,47.5,217,Rain: Light,0,0,
91662,2022-04-18 11:45:00,0.0,0.0,0,0,Driver Inattention/Distraction,4520211,10.6,1.5,6.1,6.1,0.0,5.0,63,30.8,52.9,90,Rain: Moderate,0,0,
91663,2022-04-18 12:05:00,40.5953,-74.11038,0,0,Driver Inattention/Distraction,4520158,10.6,1.5,6.1,6.1,0.0,5.0,63,30.8,52.9,90,Rain: Moderate,0,0,
91664,2022-04-17 23:50:00,40.84932,-73.93374,0,0,Turning Improperly,4520651,10.0,3.9,0.5,0.5,0.0,2.0,51,30.1,56.5,313,Drizzle: Light,0,0,
91665,2022-04-17 01:20:00,40.703823,-73.8088,1,0,Pedestrian/Bicyclist/Other Pedestrian Error/Confusion,4520676,10.0,3.9,0.5,0.5,0.0,2.0,51,30.1,56.5,313,Drizzle: Light,1,1,
91666,2022-04-16 23:20:00,40.747734,-73.883,0,0,Driver Inattention/Distraction,4520568,19.3,7.4,6.8,6.8,0.0,7.0,61,24.5,47.5,217,Rain: Light,0,0,
91667,2022-04-18 16:45:00,40.84467,-73.885666,1,0,Passing or Lane Usage Improper,4520242,10.6,1.5,6.1,6.1,0.0,5.0,63,30.8,52.9,90,Rain: Moderate,1,1,
91668,2022-04-18 10:58:00,40.813095,-73.89827,3,0,Alcohol Involvement,4520354,10.6,1.5,6.1,6.1,0.0,5.0,63,30.8,52.9,90,Rain: Moderate,3,3,
91669,2022-04-14 14:20:00,40.605934,-74.16224,2,0,Unspecified,4520760,28.1,13.9,0.2,0.2,0.0,2.0,51,25.9,46.1,249,Drizzle: Light,2,2,
91670,2022-04-03 09:05:00,40.60053,-73.984024,0,0,Driver Inattention/Distraction,4520607,8.3,3.4,3.1,3.1,0.0,5.0,61,21.9,38.2,274,Rain: Light,0,0,
91671,2022-04-18 23:25:00,40.888958,-73.86593,2,0,Pavement Slippery,4520389,10.6,1.5,6.1,6.1,0.0,5.0,63,30.8,52.9,90,Rain: Moderate,2,2,
91672,2022-04-16 18:50:00,40.678154,-73.94416,0,0,Driver Inexperience,4520614,19.3,7.4,6.8,6.8,0.0,7.0,61,24.5,47.5,217,Rain: Light,0,0,
91673,2022-04-18 01:00:00,40.67236,-73.82032,0,0,Following Too Closely,4519774,10.6,1.5,6.1,6.1,0.0,5.0,63,30.8,52.9,90,Rain: Moderate,0,0,
91674,2022-04-17 15:00:00,40.873013,-73.855545,0,0,Failure to Yield Right-of-Way,4520654,10.0,3.9,0.5,0.5,0.0,2.0,51,30.1,56.5,313,Drizzle: Light,0,0,
91675,2022-04-18 22:47:00,40.77592,-73.95317,1,0,Driver Inattention/Distraction,4520186,10.6,1.5,6.1,6.1,0.0,5.0,63,30.8,52.9,90,Rain: Moderate,1,1,
91676,2022-04-13 10:00:00,40.89024,-73.860306,0,0,Passing Too Closely,4520520,18.9,7.1,0.0,0.0,0.0,0.0,3,18.7,37.4,112,Overcast,0,0,
91677,2022-04-18 06:40:00,40.681084,-73.88304,0,0,Driver Inattention/Distraction,4520084,10.6,1.5,6.1,6.1,0.0,5.0,63,30.8,52.9,90,Rain: Moderate,0,0,
91678,2022-04-12 18:52:00,40.608543,-74.08886,0,0,Following Too Closely,4520505,20.4,7.7,1.6,1.6,0.0,3.0,53,17.8,36.0,271,Drizzle: Moderate,0,0,
91679,2022-04-11 16:00:00,40.818848,-73.887634,0,0,Unspecified,4520682,13.1,1.8,0.0,0.0,0.0,0.0,3,18.6,36.4,246,Overcast,0,0,
91680,2022-04-18 19:45:00,40.749844,-73.883385,1,0,Failure to Yield Right-of-Way,4520579,10.6,1.5,6.1,6.1,0.0,5.0,63,30.8,52.9,90,Rain: Moderate,1,1,
91681,2022-04-18 23:19:00,40.75321,-73.90783,0,0,Pavement Defective,4520262,10.6,1.5,6.1,6.1,0.0,5.0,63,30.8,52.9,90,Rain: Moderate,0,0,
91682,2022-04-18 17:03:00,40.856037,-73.83284,2,0,Unspecified,4520307,10.6,1.5,6.1,6.1,0.0,5.0,63,30.8,52.9,90,Rain: Moderate,2,2,
91683,2022-04-18 23:11:00,40.858482,-73.86656,0,0,Passenger Distraction,4520563,10.6,1.5,6.1,6.1,0.0,5.0,63,30.8,52.9,90,Rain: Moderate,0,0,
91684,2022-04-18 00:00:00,40.719902,-74.00261,0,0,Passing or Lane Usage Improper,4520450,10.6,1.5,6.1,6.1,0.0,5.0,63,30.8,52.9,90,Rain: Moderate,0,0,
91685,2022-04-18 15:58:00,40.783268,-73.82485,0,0,Passing Too Closely,4520129,10.6,1.5,6.1,6.1,0.0,5.0,63,30.8,52.9,90,Rain: Moderate,0,0,
91686,2022-04-18 06:00:00,40.645874,-73.892845,0,0,Driver Inexperience,4520150,10.6,1.5,6.1,6.1,0.0,5.0,63,30.8,52.9,90,Rain: Moderate,0,0,
91687,2022-04-18 05:49:00,40.624306,-73.95612,0,0,Unspecified,4520009,10.6,1.5,6.1,6.1,0.0,5.0,63,30.8,52.9,90,Rain: Moderate,0,0,
91688,2022-04-17 08:55:00,40.716072,-73.912796,0,0,View Obstructed/Limited,4520775,10.0,3.9,0.5,0.5,0.0,2.0,51,30.1,56.5,313,Drizzle: Light,0,0,
91689,2022-04-18 15:12:00,40.761856,-73.96343,0,0,Unsafe Lane Changing,4520471,10.6,1.5,6.1,6.1,0.0,5.0,63,30.8,52.9,90,Rain: Moderate,0,0,
91690,2022-04-18 21:17:00,40.763737,-73.97583,0,0,Driver Inattention/Distraction,4520217,10.6,1.5,6.1,6.1,0.0,5.0,63,30.8,52.9,90,Rain: Moderate,0,0,
91691,2022-04-18 22:07:00,40.694016,-73.93128,0,0,Unspecified,4520711,10.6,1.5,6.1,6.1,0.0,5.0,63,30.8,52.9,90,Rain: Moderate,0,0,
91692,2022-04-18 08:30:00,40.742428,-73.956314,0,0,Driver Inattention/Distraction,4520131,10.6,1.5,6.1,6.1,0.0,5.0,63,30.8,52.9,90,Rain: Moderate,0,0,
91693,2022-04-18 17:30:00,40.59841,-74.08393,1,0,Failure to Yield Right-of-Way,4520159,10.6,1.5,6.1,6.1,0.0,5.0,63,30.8,52.9,90,Rain: Moderate,1,1,
91694,2022-03-13 04:15:00,40.754513,-73.8776,0,0,Driver Inattention/Distraction,4520569,2.8,-6.1,0.2,0.0,0.14,2.0,71,33.5,62.6,267,Snow fall: Light,0,0,Snowy Conditions
91695,2022-04-16 17:40:00,40.719624,-73.991776,1,0,Passing or Lane Usage Improper,4520535,19.3,7.4,6.8,6.8,0.0,7.0,61,24.5,47.5,217,Rain: Light,1,1,
91696,2022-04-14 18:15:00,40.741077,-74.001564,0,0,Driver Inattention/Distraction,4520546,28.1,13.9,0.2,0.2,0.0,2.0,51,25.9,46.1,249,Drizzle: Light,0,0,
91697,2022-04-18 07:05:00,40.82526,-73.878395,1,0,View Obstructed/Limited,4519967,10.6,1.5,6.1,6.1,0.0,5.0,63,30.8,52.9,90,Rain: Moderate,1,1,
91698,2022-04-18 14:03:00,40.67641,-73.98047,0,0,Driver Inattention/Distraction,4520321,10.6,1.5,6.1,6.1,0.0,5.0,63,30.8,52.9,90,Rain: Moderate,0,0,
91699,2022-04-18 08:16:00,40.743153,-73.87763,0,0,Driver Inattention/Distraction,4520066,10.6,1.5,6.1,6.1,0.0,5.0,63,30.8,52.9,90,Rain: Moderate,0,0,
91700,2022-04-13 07:46:00,40.720997,-73.94088,0,0,Turning Improperly,4520497,18.9,7.1,0.0,0.0,0.0,0.0,3,18.7,37.4,112,Overcast,0,0,
91701,2022-04-18 05:10:00,40.733425,-73.97447,0,0,Obstruction/Debris,4519919,10.6,1.5,6.1,6.1,0.0,5.0,63,30.8,52.9,90,Rain: Moderate,0,0,
91702,2022-04-18 12:00:00,40.661995,-73.9196,0,0,Unspecified,4520168,10.6,1.5,6.1,6.1,0.0,5.0,63,30.8,52.9,90,Rain: Moderate,0,0,
91703,2022-04-03 07:30:00,40.807415,-73.95067,0,0,Backing Unsafely,4520532,8.3,3.4,3.1,3.1,0.0,5.0,61,21.9,38.2,274,Rain: Light,0,0,
91704,2022-04-18 16:30:00,40.650642,-73.92161,1,0,Illnes,4520439,10.6,1.5,6.1,6.1,0.0,5.0,63,30.8,52.9,90,Rain: Moderate,1,1,
91705,2022-04-18 14:00:00,40.699665,-73.979385,0,0,Driver Inexperience,4520101,10.6,1.5,6.1,6.1,0.0,5.0,63,30.8,52.9,90,Rain: Moderate,0,0,
91706,2021-09-28 07:05:00,40.696297,-73.97716,1,0,Driver Inattention/Distraction,4461982,22.1,16.3,12.4,12.4,0.0,9.0,63,19.2,38.5,264,Rain: Moderate,1,1,
91707,2021-12-31 02:15:00,40.788795,-73.93755,1,0,Unsafe Speed,4492970,11.1,7.1,2.7,2.7,0.0,5.0,55,14.9,29.2,193,Drizzle: Dense,1,1,
91708,2022-02-04 18:10:00,40.50894,-74.22159,2,0,Following Too Closely,4500101,12.5,-2.3,26.6,26.5,0.07,23.0,71,29.7,50.4,313,Snow fall: Light,2,2,Snowy Conditions
91709,2022-02-05 15:39:00,40.830597,-73.885345,0,0,Unspecified,4500135,-1.9,-6.9,0.4,0.0,0.28,3.0,71,26.8,50.4,322,Snow fall: Light,0,0,Snowy Conditions
91710,2022-02-07 19:42:00,40.757065,-74.00106,0,0,Passing Too Closely,4501456,2.8,-4.9,4.3,3.4,0.63,13.0,73,13.7,24.5,7,Snow fall: Moderate,0,0,Snowy Conditions
91711,2022-02-07 21:05:00,40.668507,-73.92561,0,0,Pavement Slippery,4501416,2.8,-4.9,4.3,3.4,0.63,13.0,73,13.7,24.5,7,Snow fall: Moderate,0,0,Snowy Conditions
91712,2022-01-30 22:30:00,40.689533,-73.99728,0,0,Unspecified,4501460,-5.4,-13.8,0.0,0.0,0.0,0.0,3,28.5,50.0,290,Overcast,0,0,
91713,2022-02-07 00:03:00,40.671642,-73.96258,1,0,Driver Inattention/Distraction,4501418,2.8,-4.9,4.3,3.4,0.63,13.0,73,13.7,24.5,7,Snow fall: Moderate,1,1,Snowy Conditions
91714,2022-01-31 10:30:00,40.70166,-73.961464,0,0,Failure to Yield Right-of-Way,4501412,-3.4,-17.1,0.0,0.0,0.0,0.0,3,12.2,18.0,23,Overcast,0,0,
91715,2022-01-21 19:35:00,40.685764,-73.97308,1,0,Turning Improperly,4501465,-5.3,-11.6,0.0,0.0,0.0,0.0,3,21.9,40.0,2,Overcast,1,1,
91716,2022-01-27 10:08:00,40.676743,-73.93316,1,0,Aggressive Driving/Road Rage,4501423,-0.3,-9.6,0.0,0.0,0.0,0.0,3,18.7,37.1,184,Overcast,1,1,
91717,2022-02-07 07:50:00,40.6752,-73.950005,0,0,Driver Inattention/Distraction,4501409,2.8,-4.9,4.3,3.4,0.63,13.0,73,13.7,24.5,7,Snow fall: Moderate,0,0,Snowy Conditions
91718,2022-02-07 07:30:00,40.67327,-73.9474,0,0,Driver Inattention/Distraction,4501408,2.8,-4.9,4.3,3.4,0.63,13.0,73,13.7,24.5,7,Snow fall: Moderate,0,0,Snowy Conditions
91719,2022-02-06 00:50:00,40.67004,-73.93658,0,0,Traffic Control Disregarded,4501426,-1.4,-8.8,0.0,0.0,0.0,0.0,3,16.2,31.7,83,Overcast,0,0,
91720,2022-02-22 17:10:00,40.632633,-74.01254,0,0,Driver Inattention/Distraction,4504904,13.6,-0.2,4.7,4.7,0.0,8.0,61,38.4,76.0,175,Rain: Light,0,0,
91721,2022-02-22 12:55:00,40.769295,-73.99495,1,0,Driver Inattention/Distraction,4504917,13.6,-0.2,4.7,4.7,0.0,8.0,61,38.4,76.0,175,Rain: Light,1,1,
91722,2022-02-22 17:40:00,40.757233,-73.97605,1,0,Driver Inattention/Distraction,4504918,13.6,-0.2,4.7,4.7,0.0,8.0,61,38.4,76.0,175,Rain: Light,1,1,
91723,2022-02-22 18:19:00,40.842503,-73.92797,0,0,Passing Too Closely,4504911,13.6,-0.2,4.7,4.7,0.0,8.0,61,38.4,76.0,175,Rain: Light,0,0,
91724,2022-02-22 14:21:00,40.75927,-73.980896,1,0,Unspecified,4504920,13.6,-0.2,4.7,4.7,0.0,8.0,61,38.4,76.0,175,Rain: Light,1,1,
91725,2022-02-22 17:05:00,40.678097,-74.00235,0,0,Driver Inattention/Distraction,4504908,13.6,-0.2,4.7,4.7,0.0,8.0,61,38.4,76.0,175,Rain: Light,0,0,
91726,2022-04-11 12:30:00,40.771053,-73.98715,0,0,Driver Inattention/Distraction,4520631,13.1,1.8,0.0,0.0,0.0,0.0,3,18.6,36.4,246,Overcast,0,0,
91727,2022-04-18 20:04:00,40.693405,-73.90886,3,0,Following Too Closely,4520223,10.6,1.5,6.1,6.1,0.0,5.0,63,30.8,52.9,90,Rain: Moderate,3,3,
91728,2022-04-18 12:00:00,40.708473,-74.004875,0,0,Unspecified,4520201,10.6,1.5,6.1,6.1,0.0,5.0,63,30.8,52.9,90,Rain: Moderate,0,0,
91729,2022-04-17 04:55:00,40.754524,-73.8774,0,0,Alcohol Involvement,4520573,10.0,3.9,0.5,0.5,0.0,2.0,51,30.1,56.5,313,Drizzle: Light,0,0,
91730,2022-04-18 21:38:00,40.741646,-74.00487,1,0,Failure to Yield Right-of-Way,4520597,10.6,1.5,6.1,6.1,0.0,5.0,63,30.8,52.9,90,Rain: Moderate,1,1,
91731,2022-04-18 14:55:00,40.701706,-73.83655,1,0,Failure to Yield Right-of-Way,4520237,10.6,1.5,6.1,6.1,0.0,5.0,63,30.8,52.9,90,Rain: Moderate,1,1,
91732,2022-02-07 18:54:00,40.738167,-73.98364,1,0,Driver Inattention/Distraction,4500850,2.8,-4.9,4.3,3.4,0.63,13.0,73,13.7,24.5,7,Snow fall: Moderate,1,1,Snowy Conditions
91733,2022-02-07 15:00:00,40.85586,-73.89462,0,0,Following Too Closely,4500978,2.8,-4.9,4.3,3.4,0.63,13.0,73,13.7,24.5,7,Snow fall: Moderate,0,0,Snowy Conditions
91734,2022-02-07 17:46:00,40.715237,-74.01339,0,0,Unspecified,4500908,2.8,-4.9,4.3,3.4,0.63,13.0,73,13.7,24.5,7,Snow fall: Moderate,0,0,Snowy Conditions
91735,2022-02-04 17:58:00,40.624958,-74.145775,1,0,Driver Inattention/Distraction,4501366,12.5,-2.3,26.6,26.5,0.07,23.0,71,29.7,50.4,313,Snow fall: Light,1,1,Snowy Conditions
91736,2022-01-28 18:40:00,40.712696,-73.900604,1,0,Failure to Yield Right-of-Way,4501310,1.0,-3.1,2.4,0.0,1.68,13.0,73,18.7,31.3,251,Snow fall: Moderate,1,1,Snowy Conditions
91737,2022-02-07 02:40:00,40.737194,-73.90619,0,0,Driver Inattention/Distraction,4500465,2.8,-4.9,4.3,3.4,0.63,13.0,73,13.7,24.5,7,Snow fall: Moderate,0,0,Snowy Conditions
91738,2022-02-07 19:00:00,40.602467,-73.96638,1,0,Failure to Yield Right-of-Way,4500883,2.8,-4.9,4.3,3.4,0.63,13.0,73,13.7,24.5,7,Snow fall: Moderate,1,1,Snowy Conditions
91739,2022-04-18 12:50:00,40.84211,-73.82557,0,0,Unsafe Lane Changing,4520095,10.6,1.5,6.1,6.1,0.0,5.0,63,30.8,52.9,90,Rain: Moderate,0,0,
91740,2022-02-07 13:31:00,40.675957,-73.88596,0,0,Unspecified,4500938,2.8,-4.9,4.3,3.4,0.63,13.0,73,13.7,24.5,7,Snow fall: Moderate,0,0,Snowy Conditions
91741,2022-02-03 00:44:00,40.758694,-73.93426,2,0,Driver Inattention/Distraction,4501276,9.2,2.3,13.1,13.1,0.0,17.0,61,14.9,23.8,194,Rain: Light,2,2,
91742,2022-02-07 03:20:00,40.695656,-73.79831,0,0,Traffic Control Disregarded,4500551,2.8,-4.9,4.3,3.4,0.63,13.0,73,13.7,24.5,7,Snow fall: Moderate,0,0,Snowy Conditions
91743,2022-02-07 22:41:00,40.675735,-73.89686,0,0,Unsafe Speed,4500944,2.8,-4.9,4.3,3.4,0.63,13.0,73,13.7,24.5,7,Snow fall: Moderate,0,0,Snowy Conditions
91744,2022-02-06 15:32:00,40.655754,-73.92403,3,0,Unspecified,4501350,-1.4,-8.8,0.0,0.0,0.0,0.0,3,16.2,31.7,83,Overcast,3,3,
91745,2022-02-06 15:00:00,40.634323,-74.137184,0,0,Driver Inattention/Distraction,4501250,-1.4,-8.8,0.0,0.0,0.0,0.0,3,16.2,31.7,83,Overcast,0,0,
91746,2022-02-07 01:40:00,40.729557,-73.99979,0,0,Driver Inattention/Distraction,4500624,2.8,-4.9,4.3,3.4,0.63,13.0,73,13.7,24.5,7,Snow fall: Moderate,0,0,Snowy Conditions
91747,2022-02-07 18:44:00,40.639782,-73.91673,1,0,Unspecified,4500837,2.8,-4.9,4.3,3.4,0.63,13.0,73,13.7,24.5,7,Snow fall: Moderate,1,1,Snowy Conditions
91748,2022-02-07 07:35:00,40.524014,-74.18608,0,0,Pavement Slippery,4500985,2.8,-4.9,4.3,3.4,0.63,13.0,73,13.7,24.5,7,Snow fall: Moderate,0,0,Snowy Conditions
91749,2022-02-07 22:40:00,40.640945,-73.94852,1,0,Unspecified,4501013,2.8,-4.9,4.3,3.4,0.63,13.0,73,13.7,24.5,7,Snow fall: Moderate,1,1,Snowy Conditions
91750,2022-02-07 10:15:00,40.789154,-73.95444,0,0,Unspecified,4501100,2.8,-4.9,4.3,3.4,0.63,13.0,73,13.7,24.5,7,Snow fall: Moderate,0,0,Snowy Conditions
91751,2022-02-07 16:20:00,40.712715,-73.76127,0,0,Passing Too Closely,4501141,2.8,-4.9,4.3,3.4,0.63,13.0,73,13.7,24.5,7,Snow fall: Moderate,0,0,Snowy Conditions
91752,2022-02-07 17:50:00,40.571583,-74.10864,1,0,Unspecified,4500811,2.8,-4.9,4.3,3.4,0.63,13.0,73,13.7,24.5,7,Snow fall: Moderate,1,1,Snowy Conditions
91753,2022-02-07 08:56:00,40.631798,-73.901596,0,0,Unspecified,4500748,2.8,-4.9,4.3,3.4,0.63,13.0,73,13.7,24.5,7,Snow fall: Moderate,0,0,Snowy Conditions
91754,2022-02-07 15:14:00,40.770607,-73.77971,0,0,Turning Improperly,4500791,2.8,-4.9,4.3,3.4,0.63,13.0,73,13.7,24.5,7,Snow fall: Moderate,0,0,Snowy Conditions
91755,2022-02-07 01:10:00,40.82203,-73.826904,1,0,Turning Improperly,4500749,2.8,-4.9,4.3,3.4,0.63,13.0,73,13.7,24.5,7,Snow fall: Moderate,1,1,Snowy Conditions
91756,2022-02-01 16:20:00,40.676872,-73.94985,0,0,Passing or Lane Usage Improper,4501403,-0.9,-13.4,0.0,0.0,0.0,0.0,3,12.2,21.2,36,Overcast,0,0,
91757,2022-02-07 09:41:00,40.66326,-73.99512,0,0,Unspecified,4500833,2.8,-4.9,4.3,3.4,0.63,13.0,73,13.7,24.5,7,Snow fall: Moderate,0,0,Snowy Conditions
91758,2022-02-07 06:15:00,40.82754,-73.8603,0,0,Unspecified,4500711,2.8,-4.9,4.3,3.4,0.63,13.0,73,13.7,24.5,7,Snow fall: Moderate,0,0,Snowy Conditions
91759,2022-02-07 16:38:00,40.692314,-73.88268,0,0,Traffic Control Disregarded,4501135,2.8,-4.9,4.3,3.4,0.63,13.0,73,13.7,24.5,7,Snow fall: Moderate,0,0,Snowy Conditions
91760,2022-02-07 15:35:00,40.84052,-73.89949,0,0,Driver Inattention/Distraction,4500959,2.8,-4.9,4.3,3.4,0.63,13.0,73,13.7,24.5,7,Snow fall: Moderate,0,0,Snowy Conditions
91761,2022-02-07 07:05:00,40.85438,-73.86186,0,0,Unspecified,4501233,2.8,-4.9,4.3,3.4,0.63,13.0,73,13.7,24.5,7,Snow fall: Moderate,0,0,Snowy Conditions
91762,2022-02-07 20:45:00,40.615562,-73.979645,0,0,Failure to Yield Right-of-Way,4501034,2.8,-4.9,4.3,3.4,0.63,13.0,73,13.7,24.5,7,Snow fall: Moderate,0,0,Snowy Conditions
91763,2022-02-07 08:11:00,40.792255,-73.948395,0,0,Alcohol Involvement,4501179,2.8,-4.9,4.3,3.4,0.63,13.0,73,13.7,24.5,7,Snow fall: Moderate,0,0,Snowy Conditions
91764,2022-02-07 09:30:00,40.7555,-73.72067,0,0,Unspecified,4500744,2.8,-4.9,4.3,3.4,0.63,13.0,73,13.7,24.5,7,Snow fall: Moderate,0,0,Snowy Conditions
91765,2022-02-07 13:45:00,40.5778,-73.96057,0,0,Unspecified,4500821,2.8,-4.9,4.3,3.4,0.63,13.0,73,13.7,24.5,7,Snow fall: Moderate,0,0,Snowy Conditions
91766,2022-02-07 20:02:00,40.681515,-73.90412,0,0,Driver Inattention/Distraction,4500891,2.8,-4.9,4.3,3.4,0.63,13.0,73,13.7,24.5,7,Snow fall: Moderate,0,0,Snowy Conditions
91767,2022-02-07 23:44:00,40.750492,-73.97172,0,0,Pavement Defective,4501005,2.8,-4.9,4.3,3.4,0.63,13.0,73,13.7,24.5,7,Snow fall: Moderate,0,0,Snowy Conditions
91768,2022-02-07 15:35:00,0.0,0.0,1,0,Driver Inattention/Distraction,4501301,2.8,-4.9,4.3,3.4,0.63,13.0,73,13.7,24.5,7,Snow fall: Moderate,1,1,Snowy Conditions
91769,2022-02-07 10:47:00,40.70166,-73.961464,1,0,Turning Improperly,4500838,2.8,-4.9,4.3,3.4,0.63,13.0,73,13.7,24.5,7,Snow fall: Moderate,1,1,Snowy Conditions
91770,2022-02-07 19:00:00,40.68532,-73.98071,1,0,Aggressive Driving/Road Rage,4500870,2.8,-4.9,4.3,3.4,0.63,13.0,73,13.7,24.5,7,Snow fall: Moderate,1,1,Snowy Conditions
91771,2022-01-31 18:50:00,40.671032,-73.93927,1,0,Failure to Yield Right-of-Way,4501407,-3.4,-17.1,0.0,0.0,0.0,0.0,3,12.2,18.0,23,Overcast,1,1,
91772,2022-02-07 13:34:00,40.833878,-73.9425,0,0,Backing Unsafely,4501275,2.8,-4.9,4.3,3.4,0.63,13.0,73,13.7,24.5,7,Snow fall: Moderate,0,0,Snowy Conditions
91773,2022-02-07 19:10:00,40.6742,-73.999985,0,0,Driver Inattention/Distraction,4501053,2.8,-4.9,4.3,3.4,0.63,13.0,73,13.7,24.5,7,Snow fall: Moderate,0,0,Snowy Conditions
91774,2022-02-07 19:25:00,40.89341,-73.85737,1,0,Driver Inattention/Distraction,4501109,2.8,-4.9,4.3,3.4,0.63,13.0,73,13.7,24.5,7,Snow fall: Moderate,1,1,Snowy Conditions
91775,2022-01-30 13:37:00,40.672157,-73.91691,0,0,Unspecified,4501396,-5.4,-13.8,0.0,0.0,0.0,0.0,3,28.5,50.0,290,Overcast,0,0,
91776,2022-02-07 09:40:00,40.61614,-73.964554,0,0,Unspecified,4500917,2.8,-4.9,4.3,3.4,0.63,13.0,73,13.7,24.5,7,Snow fall: Moderate,0,0,Snowy Conditions
91777,2022-02-06 17:55:00,40.694363,-73.958,1,0,Passing Too Closely,4501315,-1.4,-8.8,0.0,0.0,0.0,0.0,3,16.2,31.7,83,Overcast,1,1,
91778,2022-02-07 14:45:00,40.813107,-73.88709,0,0,Unspecified,4500950,2.8,-4.9,4.3,3.4,0.63,13.0,73,13.7,24.5,7,Snow fall: Moderate,0,0,Snowy Conditions
91779,2022-02-07 15:30:00,40.671288,-73.838066,0,0,Passing or Lane Usage Improper,4500878,2.8,-4.9,4.3,3.4,0.63,13.0,73,13.7,24.5,7,Snow fall: Moderate,0,0,Snowy Conditions
91780,2022-02-07 18:23:00,40.79824,-73.95247,0,0,Driver Inattention/Distraction,4500995,2.8,-4.9,4.3,3.4,0.63,13.0,73,13.7,24.5,7,Snow fall: Moderate,0,0,Snowy Conditions
91781,2022-02-07 19:20:00,40.770905,-73.79878,0,0,Reaction to Uninvolved Vehicle,4500842,2.8,-4.9,4.3,3.4,0.63,13.0,73,13.7,24.5,7,Snow fall: Moderate,0,0,Snowy Conditions
91782,2022-02-06 06:15:00,40.74348,-73.921486,1,0,Unspecified,4501285,-1.4,-8.8,0.0,0.0,0.0,0.0,3,16.2,31.7,83,Overcast,1,1,
91783,2022-02-07 16:58:00,40.650467,-73.92443,0,0,Failure to Yield Right-of-Way,4500969,2.8,-4.9,4.3,3.4,0.63,13.0,73,13.7,24.5,7,Snow fall: Moderate,0,0,Snowy Conditions
91784,2022-02-07 19:45:00,40.59616,-73.96104,1,0,Driver Inattention/Distraction,4500884,2.8,-4.9,4.3,3.4,0.63,13.0,73,13.7,24.5,7,Snow fall: Moderate,1,1,Snowy Conditions
91785,2022-02-07 11:54:00,40.69612,-73.746185,0,0,Passing Too Closely,4500939,2.8,-4.9,4.3,3.4,0.63,13.0,73,13.7,24.5,7,Snow fall: Moderate,0,0,Snowy Conditions
91786,2022-02-05 06:00:00,40.666706,-73.871826,0,0,Pavement Slippery,4501329,-1.9,-6.9,0.4,0.0,0.28,3.0,71,26.8,50.4,322,Snow fall: Light,0,0,Snowy Conditions
91787,2022-02-07 01:08:00,40.664165,-73.990555,0,0,Unspecified,4500470,2.8,-4.9,4.3,3.4,0.63,13.0,73,13.7,24.5,7,Snow fall: Moderate,0,0,Snowy Conditions
91788,2022-02-05 02:40:00,40.702595,-73.8553,1,0,Turning Improperly,4501309,-1.9,-6.9,0.4,0.0,0.28,3.0,71,26.8,50.4,322,Snow fall: Light,1,1,Snowy Conditions
91789,2022-02-07 01:30:00,40.69582,-73.821106,0,0,Unsafe Speed,4500562,2.8,-4.9,4.3,3.4,0.63,13.0,73,13.7,24.5,7,Snow fall: Moderate,0,0,Snowy Conditions
91790,2022-02-07 22:00:00,40.695087,-73.80292,0,0,Driver Inexperience,4501364,2.8,-4.9,4.3,3.4,0.63,13.0,73,13.7,24.5,7,Snow fall: Moderate,0,0,Snowy Conditions
91791,2022-02-07 18:30:00,40.747486,-73.80009,1,0,Unsafe Speed,4500841,2.8,-4.9,4.3,3.4,0.63,13.0,73,13.7,24.5,7,Snow fall: Moderate,1,1,Snowy Conditions