,CRASH DATETIME,LATITUDE,LONGITUDE,NUMBER OF PERSONS INJURED,NUMBER OF PERSONS KILLED,CONTRIBUTING FACTOR VEHICLE 1,COLLISION_ID,temperature_2m_max,temperature_2m_min,precipitation_sum,rain_sum,snowfall_sum,precipitation_hours,weather_code,wind_speed_10m_max,wind_gusts_10m_max,wind_direction_10m_dominant,Weather Description,Severity_Score,Total_Affected_Persons,Weather_Category
91792,2022-02-07 17:29:00,40.67148,-73.898674,0,0,Unspecified,4500941,2.8,-4.9,4.3,3.4,0.63,13.0,73,13.7,24.5,7,Snow fall: Moderate,0,0,Snowy Conditions
91793,2022-02-07 19:30:00,40.65972,-73.845825,0,0,Passing or Lane Usage Improper,4500879,2.8,-4.9,4.3,3.4,0.63,13.0,73,13.7,24.5,7,Snow fall: Moderate,0,0,Snowy Conditions
91794,2022-02-02 06:30:00,40.67098,-73.99997,0,0,Unspecified,4501284,3.8,-7.2,0.0,0.0,0.0,0.0,3,10.6,16.2,93,Overcast,0,0,
91795,2022-02-07 17:12:00,40.655632,-73.95987,2,0,Unspecified,4500909,2.8,-4.9,4.3,3.4,0.63,13.0,73,13.7,24.5,7,Snow fall: Moderate,2,2,Snowy Conditions
91796,2022-02-03 19:50:00,40.6771,-73.92479,1,0,,4501406,9.2,2.3,13.1,13.1,0.0,17.0,61,14.9,23.8,194,Rain: Light,1,1,
91797,2022-02-07 09:52:00,40.879864,-73.87596,2,0,Aggressive Driving/Road Rage,4500769,2.8,-4.9,4.3,3.4,0.63,13.0,73,13.7,24.5,7,Snow fall: Moderate,2,2,Snowy Conditions
91798,2022-02-07 08:39:00,40.815826,-73.954475,1,0,Unsafe Lane Changing,4500795,2.8,-4.9,4.3,3.4,0.63,13.0,73,13.7,24.5,7,Snow fall: Moderate,1,1,Snowy Conditions
91799,2022-02-07 17:05:00,40.849285,-73.93894,1,0,Driver Inattention/Distraction,4501047,2.8,-4.9,4.3,3.4,0.63,13.0,73,13.7,24.5,7,Snow fall: Moderate,1,1,Snowy Conditions
91800,2022-02-07 20:00:00,40.66645,-73.75764,1,0,Driver Inattention/Distraction,4501206,2.8,-4.9,4.3,3.4,0.63,13.0,73,13.7,24.5,7,Snow fall: Moderate,1,1,Snowy Conditions
91801,2022-02-07 12:00:00,40.843678,-73.89426,1,0,Other Vehicular,4500976,2.8,-4.9,4.3,3.4,0.63,13.0,73,13.7,24.5,7,Snow fall: Moderate,1,1,Snowy Conditions
91802,2022-02-07 16:15:00,40.749638,-73.99905,0,0,Driver Inattention/Distraction,4501059,2.8,-4.9,4.3,3.4,0.63,13.0,73,13.7,24.5,7,Snow fall: Moderate,0,0,Snowy Conditions
91803,2022-02-07 07:14:00,40.691765,-73.99992,0,0,Other Vehicular,4500782,2.8,-4.9,4.3,3.4,0.63,13.0,73,13.7,24.5,7,Snow fall: Moderate,0,0,Snowy Conditions
91804,2022-02-07 08:00:00,40.70004,-73.9361,0,0,Backing Unsafely,4500889,2.8,-4.9,4.3,3.4,0.63,13.0,73,13.7,24.5,7,Snow fall: Moderate,0,0,Snowy Conditions
91805,2022-01-12 13:22:00,40.76102,-73.88826,1,0,,4501395,4.6,-7.3,0.0,0.0,0.0,0.0,3,20.5,39.2,213,Overcast,1,1,
91806,2022-02-07 16:42:00,40.84126,-73.84091,0,0,Passing Too Closely,4501235,2.8,-4.9,4.3,3.4,0.63,13.0,73,13.7,24.5,7,Snow fall: Moderate,0,0,Snowy Conditions
91807,2021-11-18 08:50:00,40.66059,-73.931335,0,0,Driver Inattention/Distraction,4478716,18.7,9.2,1.7,1.7,0.0,2.0,55,26.9,46.8,222,Drizzle: Dense,0,0,
91808,2022-02-07 09:30:00,40.735424,-73.974754,0,0,Failure to Yield Right-of-Way,4500846,2.8,-4.9,4.3,3.4,0.63,13.0,73,13.7,24.5,7,Snow fall: Moderate,0,0,Snowy Conditions
91809,2022-02-07 08:00:00,40.74418,-73.851906,0,0,Unsafe Speed,4500897,2.8,-4.9,4.3,3.4,0.63,13.0,73,13.7,24.5,7,Snow fall: Moderate,0,0,Snowy Conditions
91810,2021-11-20 18:59:00,40.756557,-73.97444,0,0,Other Vehicular,4501291,6.8,0.2,0.0,0.0,0.0,0.0,3,13.8,25.6,219,Overcast,0,0,
91811,2022-02-07 16:40:00,40.647797,-73.97497,0,0,Driver Inattention/Distraction,4500834,2.8,-4.9,4.3,3.4,0.63,13.0,73,13.7,24.5,7,Snow fall: Moderate,0,0,Snowy Conditions
91812,2022-02-07 17:00:00,40.860035,-73.89117,1,0,Driver Inattention/Distraction,4500983,2.8,-4.9,4.3,3.4,0.63,13.0,73,13.7,24.5,7,Snow fall: Moderate,1,1,Snowy Conditions
91813,2022-02-07 23:20:00,40.761242,-73.97946,0,0,Backing Unsafely,4500928,2.8,-4.9,4.3,3.4,0.63,13.0,73,13.7,24.5,7,Snow fall: Moderate,0,0,Snowy Conditions
91814,2022-02-04 05:30:00,40.748962,-73.89176,0,0,Failure to Keep Right,4501400,12.5,-2.3,26.6,26.5,0.07,23.0,71,29.7,50.4,313,Snow fall: Light,0,0,Snowy Conditions
91815,2022-02-07 15:40:00,40.880966,-73.90546,0,0,Unspecified,4500958,2.8,-4.9,4.3,3.4,0.63,13.0,73,13.7,24.5,7,Snow fall: Moderate,0,0,Snowy Conditions
91816,2022-02-07 20:48:00,40.728413,-73.99426,0,0,Driver Inattention/Distraction,4501294,2.8,-4.9,4.3,3.4,0.63,13.0,73,13.7,24.5,7,Snow fall: Moderate,0,0,Snowy Conditions
91817,2022-02-07 14:00:00,40.8436,-73.94511,0,0,Unspecified,4500869,2.8,-4.9,4.3,3.4,0.63,13.0,73,13.7,24.5,7,Snow fall: Moderate,0,0,Snowy Conditions
91818,2022-02-07 08:00:00,40.722637,-73.95419,0,0,Driver Inattention/Distraction,4501223,2.8,-4.9,4.3,3.4,0.63,13.0,73,13.7,24.5,7,Snow fall: Moderate,0,0,Snowy Conditions
91819,2022-02-02 20:35:00,40.796005,-73.93542,1,0,Unspecified,4501265,3.8,-7.2,0.0,0.0,0.0,0.0,3,10.6,16.2,93,Overcast,1,1,
91820,2022-02-07 17:06:00,40.870487,-73.890434,0,0,Driver Inattention/Distraction,4500896,2.8,-4.9,4.3,3.4,0.63,13.0,73,13.7,24.5,7,Snow fall: Moderate,0,0,Snowy Conditions
91821,2022-02-07 22:00:00,40.691536,-73.99912,0,0,Unsafe Lane Changing,4501093,2.8,-4.9,4.3,3.4,0.63,13.0,73,13.7,24.5,7,Snow fall: Moderate,0,0,Snowy Conditions
91822,2022-02-07 03:33:00,40.817116,-73.88307,0,0,Backing Unsafely,4500692,2.8,-4.9,4.3,3.4,0.63,13.0,73,13.7,24.5,7,Snow fall: Moderate,0,0,Snowy Conditions
91823,2022-02-07 18:18:00,40.691353,-73.85506,1,0,Failure to Yield Right-of-Way,4500964,2.8,-4.9,4.3,3.4,0.63,13.0,73,13.7,24.5,7,Snow fall: Moderate,1,1,Snowy Conditions
91824,2022-02-07 13:18:00,40.632435,-73.88818,1,0,Turning Improperly,4500810,2.8,-4.9,4.3,3.4,0.63,13.0,73,13.7,24.5,7,Snow fall: Moderate,1,1,Snowy Conditions
91825,2022-02-07 12:50:00,40.663292,-73.92543,0,0,Driver Inattention/Distraction,4500971,2.8,-4.9,4.3,3.4,0.63,13.0,73,13.7,24.5,7,Snow fall: Moderate,0,0,Snowy Conditions
91826,2022-04-18 08:45:00,40.75783,-73.99125,0,0,Following Too Closely,4520053,10.6,1.5,6.1,6.1,0.0,5.0,63,30.8,52.9,90,Rain: Moderate,0,0,
91827,2022-02-07 20:12:00,40.585976,-73.98799,0,0,Driver Inexperience,4500963,2.8,-4.9,4.3,3.4,0.63,13.0,73,13.7,24.5,7,Snow fall: Moderate,0,0,Snowy Conditions
91828,2022-02-06 10:00:00,40.68693,-73.95089,0,0,Unspecified,4501313,-1.4,-8.8,0.0,0.0,0.0,0.0,3,16.2,31.7,83,Overcast,0,0,
91829,2022-02-07 17:33:00,40.631798,-73.979225,0,0,Unspecified,4500916,2.8,-4.9,4.3,3.4,0.63,13.0,73,13.7,24.5,7,Snow fall: Moderate,0,0,Snowy Conditions
91830,2022-02-07 03:15:00,40.744236,-73.92798,1,0,Driver Inattention/Distraction,4500472,2.8,-4.9,4.3,3.4,0.63,13.0,73,13.7,24.5,7,Snow fall: Moderate,1,1,Snowy Conditions
91831,2022-02-04 16:37:00,40.63195,-74.14667,0,0,Driver Inattention/Distraction,4501255,12.5,-2.3,26.6,26.5,0.07,23.0,71,29.7,50.4,313,Snow fall: Light,0,0,Snowy Conditions
91832,2022-02-07 01:20:00,40.72096,-73.84698,0,0,Passing Too Closely,4501060,2.8,-4.9,4.3,3.4,0.63,13.0,73,13.7,24.5,7,Snow fall: Moderate,0,0,Snowy Conditions
91833,2022-02-07 00:31:00,40.634766,-73.93536,1,0,Unsafe Speed,4500780,2.8,-4.9,4.3,3.4,0.63,13.0,73,13.7,24.5,7,Snow fall: Moderate,1,1,Snowy Conditions
91834,2022-02-07 12:25:00,40.83232,-73.87395,0,0,Passing or Lane Usage Improper,4500784,2.8,-4.9,4.3,3.4,0.63,13.0,73,13.7,24.5,7,Snow fall: Moderate,0,0,Snowy Conditions
91835,2022-02-07 03:15:00,40.628807,-74.0745,0,0,Pavement Slippery,4500996,2.8,-4.9,4.3,3.4,0.63,13.0,73,13.7,24.5,7,Snow fall: Moderate,0,0,Snowy Conditions
91836,2022-02-07 14:00:00,40.577488,-73.95522,0,0,View Obstructed/Limited,4500819,2.8,-4.9,4.3,3.4,0.63,13.0,73,13.7,24.5,7,Snow fall: Moderate,0,0,Snowy Conditions
91837,2022-02-07 08:45:00,40.832912,-73.86152,0,0,Unspecified,4501048,2.8,-4.9,4.3,3.4,0.63,13.0,73,13.7,24.5,7,Snow fall: Moderate,0,0,Snowy Conditions
91838,2022-02-07 16:42:00,40.691193,-73.99777,0,0,Unspecified,4500845,2.8,-4.9,4.3,3.4,0.63,13.0,73,13.7,24.5,7,Snow fall: Moderate,0,0,Snowy Conditions
91839,2022-02-07 14:15:00,40.89341,-73.85737,1,0,Failure to Yield Right-of-Way,4501110,2.8,-4.9,4.3,3.4,0.63,13.0,73,13.7,24.5,7,Snow fall: Moderate,1,1,Snowy Conditions
91840,2022-02-07 08:15:00,40.74608,-73.974945,0,0,Failure to Yield Right-of-Way,4500720,2.8,-4.9,4.3,3.4,0.63,13.0,73,13.7,24.5,7,Snow fall: Moderate,0,0,Snowy Conditions
91841,2022-02-07 06:15:00,40.626316,-74.179726,0,0,Following Too Closely,4500998,2.8,-4.9,4.3,3.4,0.63,13.0,73,13.7,24.5,7,Snow fall: Moderate,0,0,Snowy Conditions
91842,2022-02-07 12:24:00,40.667076,-73.99508,1,0,Unspecified,4501103,2.8,-4.9,4.3,3.4,0.63,13.0,73,13.7,24.5,7,Snow fall: Moderate,1,1,Snowy Conditions
91843,2022-02-07 06:50:00,40.862682,-73.83895,1,0,Turning Improperly,4501203,2.8,-4.9,4.3,3.4,0.63,13.0,73,13.7,24.5,7,Snow fall: Moderate,1,1,Snowy Conditions
91844,2022-04-18 18:30:00,40.714214,-73.99462,0,0,Unspecified,4520695,10.6,1.5,6.1,6.1,0.0,5.0,63,30.8,52.9,90,Rain: Moderate,0,0,
91845,2022-02-07 17:30:00,40.679535,-73.83176,0,0,Backing Unsafely,4500814,2.8,-4.9,4.3,3.4,0.63,13.0,73,13.7,24.5,7,Snow fall: Moderate,0,0,Snowy Conditions
91846,2022-02-07 07:50:00,40.786285,-73.83634,1,0,Failure to Yield Right-of-Way,4500840,2.8,-4.9,4.3,3.4,0.63,13.0,73,13.7,24.5,7,Snow fall: Moderate,1,1,Snowy Conditions
91847,2022-02-07 18:00:00,40.660797,-73.87183,3,0,Other Vehicular,4500942,2.8,-4.9,4.3,3.4,0.63,13.0,73,13.7,24.5,7,Snow fall: Moderate,3,3,Snowy Conditions
91848,2022-02-07 11:00:00,40.590908,-74.15854,1,0,Aggressive Driving/Road Rage,4501254,2.8,-4.9,4.3,3.4,0.63,13.0,73,13.7,24.5,7,Snow fall: Moderate,1,1,Snowy Conditions
91849,2022-02-02 14:00:00,40.67505,-73.95639,0,0,Other Vehicular,4501405,3.8,-7.2,0.0,0.0,0.0,0.0,3,10.6,16.2,93,Overcast,0,0,
91850,2022-02-07 02:33:00,40.743427,-73.775475,1,0,Pavement Slippery,4500768,2.8,-4.9,4.3,3.4,0.63,13.0,73,13.7,24.5,7,Snow fall: Moderate,1,1,Snowy Conditions
91851,2022-02-07 00:09:00,40.7352,-73.9858,1,0,Driver Inattention/Distraction,4500852,2.8,-4.9,4.3,3.4,0.63,13.0,73,13.7,24.5,7,Snow fall: Moderate,1,1,Snowy Conditions
91852,2022-02-07 00:19:00,40.904385,-73.84719,0,0,Other Vehicular,4500691,2.8,-4.9,4.3,3.4,0.63,13.0,73,13.7,24.5,7,Snow fall: Moderate,0,0,Snowy Conditions
91853,2022-02-07 08:59:00,40.70216,-73.94939,1,0,View Obstructed/Limited,4500835,2.8,-4.9,4.3,3.4,0.63,13.0,73,13.7,24.5,7,Snow fall: Moderate,1,1,Snowy Conditions
91854,2022-02-07 00:00:00,40.84243,-73.89015,0,0,Driver Inattention/Distraction,4500989,2.8,-4.9,4.3,3.4,0.63,13.0,73,13.7,24.5,7,Snow fall: Moderate,0,0,Snowy Conditions
91855,2022-02-07 20:00:00,40.739574,-73.79167,0,0,Driver Inattention/Distraction,4500825,2.8,-4.9,4.3,3.4,0.63,13.0,73,13.7,24.5,7,Snow fall: Moderate,0,0,Snowy Conditions
91856,2021-11-17 20:46:00,0.0,0.0,0,0,Unspecified,4478805,12.1,0.5,0.0,0.0,0.0,0.0,3,19.6,35.6,171,Overcast,0,0,
91857,2022-02-05 04:43:00,40.70456,-73.856735,1,0,Alcohol Involvement,4501312,-1.9,-6.9,0.4,0.0,0.28,3.0,71,26.8,50.4,322,Snow fall: Light,1,1,Snowy Conditions
91858,2022-02-07 14:45:00,40.660763,-73.76493,1,0,Failure to Yield Right-of-Way,4501112,2.8,-4.9,4.3,3.4,0.63,13.0,73,13.7,24.5,7,Snow fall: Moderate,1,1,Snowy Conditions
91859,2022-02-07 07:05:00,40.71196,-73.9407,0,0,Following Too Closely,4500881,2.8,-4.9,4.3,3.4,0.63,13.0,73,13.7,24.5,7,Snow fall: Moderate,0,0,Snowy Conditions
91860,2022-02-07 21:44:00,40.74624,-73.89723,0,0,Driver Inattention/Distraction,4501039,2.8,-4.9,4.3,3.4,0.63,13.0,73,13.7,24.5,7,Snow fall: Moderate,0,0,Snowy Conditions
91861,2022-02-07 06:42:00,40.704178,-73.83357,0,0,Turning Improperly,4501161,2.8,-4.9,4.3,3.4,0.63,13.0,73,13.7,24.5,7,Snow fall: Moderate,0,0,Snowy Conditions
91862,2022-02-07 11:30:00,40.865658,-73.88905,0,0,Backing Unsafely,4501081,2.8,-4.9,4.3,3.4,0.63,13.0,73,13.7,24.5,7,Snow fall: Moderate,0,0,Snowy Conditions
91863,2022-02-07 06:11:00,40.846863,-73.90142,0,0,Unspecified,4500936,2.8,-4.9,4.3,3.4,0.63,13.0,73,13.7,24.5,7,Snow fall: Moderate,0,0,Snowy Conditions
91864,2022-02-07 17:41:00,40.747066,-73.97925,0,0,Passing or Lane Usage Improper,4500873,2.8,-4.9,4.3,3.4,0.63,13.0,73,13.7,24.5,7,Snow fall: Moderate,0,0,Snowy Conditions
91865,2022-02-04 17:50:00,40.700718,-73.8956,0,0,Passing Too Closely,4501306,12.5,-2.3,26.6,26.5,0.07,23.0,71,29.7,50.4,313,Snow fall: Light,0,0,Snowy Conditions
91866,2022-02-07 16:16:00,40.778282,-73.77728,1,0,View Obstructed/Limited,4500864,2.8,-4.9,4.3,3.4,0.63,13.0,73,13.7,24.5,7,Snow fall: Moderate,1,1,Snowy Conditions
91867,2022-01-08 23:10:00,40.825455,-73.91317,0,0,Driver Inexperience,4501339,-3.3,-8.4,0.0,0.0,0.0,0.0,1,21.6,37.8,277,Mainly clear,0,0,Sunny/Clear Conditions
91868,2022-02-07 16:10:00,40.89374,-73.858444,0,0,Other Vehicular,4500796,2.8,-4.9,4.3,3.4,0.63,13.0,73,13.7,24.5,7,Snow fall: Moderate,0,0,Snowy Conditions
91869,2022-02-07 00:00:00,40.622726,-73.93934,1,0,Driver Inattention/Distraction,4500898,2.8,-4.9,4.3,3.4,0.63,13.0,73,13.7,24.5,7,Snow fall: Moderate,1,1,Snowy Conditions
91870,2022-02-06 17:43:00,40.624912,-74.146706,1,0,Failure to Yield Right-of-Way,4501260,-1.4,-8.8,0.0,0.0,0.0,0.0,3,16.2,31.7,83,Overcast,1,1,
91871,2022-02-07 17:19:00,40.862442,-73.89715,0,0,Driver Inexperience,4500912,2.8,-4.9,4.3,3.4,0.63,13.0,73,13.7,24.5,7,Snow fall: Moderate,0,0,Snowy Conditions
91872,2022-02-07 16:12:00,40.806408,-73.94016,0,0,Unspecified,4500982,2.8,-4.9,4.3,3.4,0.63,13.0,73,13.7,24.5,7,Snow fall: Moderate,0,0,Snowy Conditions
91873,2022-02-04 07:49:00,40.766884,-73.921394,0,0,Unspecified,4501270,12.5,-2.3,26.6,26.5,0.07,23.0,71,29.7,50.4,313,Snow fall: Light,0,0,Snowy Conditions
91874,2022-02-07 17:50:00,40.814766,-73.918755,0,0,Unspecified,4500888,2.8,-4.9,4.3,3.4,0.63,13.0,73,13.7,24.5,7,Snow fall: Moderate,0,0,Snowy Conditions
91875,2022-02-07 15:30:00,40.740437,-73.98431,0,0,Passing or Lane Usage Improper,4500847,2.8,-4.9,4.3,3.4,0.63,13.0,73,13.7,24.5,7,Snow fall: Moderate,0,0,Snowy Conditions
91876,2022-02-04 22:21:00,40.821815,-73.82673,0,0,Unspecified,4501317,12.5,-2.3,26.6,26.5,0.07,23.0,71,29.7,50.4,313,Snow fall: Light,0,0,Snowy Conditions
91877,2022-01-18 17:25:00,40.66359,-73.98764,1,0,Unspecified,4501383,1.7,-4.9,0.0,0.0,0.0,0.0,3,30.9,58.3,294,Overcast,1,1,
91878,2022-02-07 14:27:00,40.672832,-73.96908,0,0,Other Vehicular,4501016,2.8,-4.9,4.3,3.4,0.63,13.0,73,13.7,24.5,7,Snow fall: Moderate,0,0,Snowy Conditions
91879,2022-02-07 19:18:00,40.80777,-73.94549,2,0,Unspecified,4501241,2.8,-4.9,4.3,3.4,0.63,13.0,73,13.7,24.5,7,Snow fall: Moderate,2,2,Snowy Conditions
91880,2022-02-07 07:30:00,40.629566,-73.96582,0,0,Unspecified,4500922,2.8,-4.9,4.3,3.4,0.63,13.0,73,13.7,24.5,7,Snow fall: Moderate,0,0,Snowy Conditions
91881,2022-02-07 17:35:00,40.83394,-73.9087,2,0,Unspecified,4500965,2.8,-4.9,4.3,3.4,0.63,13.0,73,13.7,24.5,7,Snow fall: Moderate,2,2,Snowy Conditions
91882,2022-02-06 00:57:00,40.850445,-73.922554,3,0,Unsafe Lane Changing,4501290,-1.4,-8.8,0.0,0.0,0.0,0.0,3,16.2,31.7,83,Overcast,3,3,
91883,2022-02-07 16:00:00,40.65942,-73.92276,0,0,Unspecified,4500972,2.8,-4.9,4.3,3.4,0.63,13.0,73,13.7,24.5,7,Snow fall: Moderate,0,0,Snowy Conditions
91884,2022-02-07 12:30:00,40.859306,-73.89885,0,0,Unspecified,4501298,2.8,-4.9,4.3,3.4,0.63,13.0,73,13.7,24.5,7,Snow fall: Moderate,0,0,Snowy Conditions
91885,2022-02-07 00:05:00,40.679253,-73.81871,0,0,Failure to Yield Right-of-Way,4500498,2.8,-4.9,4.3,3.4,0.63,13.0,73,13.7,24.5,7,Snow fall: Moderate,0,0,Snowy Conditions
91886,2022-02-07 20:25:00,40.714165,-74.00632,0,0,,4501322,2.8,-4.9,4.3,3.4,0.63,13.0,73,13.7,24.5,7,Snow fall: Moderate,0,0,Snowy Conditions
91887,2022-02-07 09:38:00,40.847248,-73.93687,1,0,Driver Inattention/Distraction,4500872,2.8,-4.9,4.3,3.4,0.63,13.0,73,13.7,24.5,7,Snow fall: Moderate,1,1,Snowy Conditions
91888,2022-02-07 08:00:00,40.730953,-73.858864,1,0,Failure to Yield Right-of-Way,4501061,2.8,-4.9,4.3,3.4,0.63,13.0,73,13.7,24.5,7,Snow fall: Moderate,1,1,Snowy Conditions
91889,2022-02-07 14:31:00,40.823135,-73.88225,0,0,Passing Too Closely,4500785,2.8,-4.9,4.3,3.4,0.63,13.0,73,13.7,24.5,7,Snow fall: Moderate,0,0,Snowy Conditions
91890,2022-02-07 15:00:00,40.82094,-73.86898,0,0,Traffic Control Disregarded,4501049,2.8,-4.9,4.3,3.4,0.63,13.0,73,13.7,24.5,7,Snow fall: Moderate,0,0,Snowy Conditions
91891,2022-01-23 02:32:00,40.771305,-73.87664,0,0,Unspecified,4501398,2.8,-6.1,0.5,0.0,0.35,3.0,71,14.2,28.1,243,Snow fall: Light,0,0,Snowy Conditions
91892,2022-02-07 12:05:00,40.86555,-73.88897,0,0,Backing Unsafely,4501261,2.8,-4.9,4.3,3.4,0.63,13.0,73,13.7,24.5,7,Snow fall: Moderate,0,0,Snowy Conditions
91893,2022-02-07 18:41:00,40.670586,-73.76509,1,0,Turning Improperly,4500933,2.8,-4.9,4.3,3.4,0.63,13.0,73,13.7,24.5,7,Snow fall: Moderate,1,1,Snowy Conditions
91894,2022-02-07 21:19:00,40.69558,-73.83949,0,0,Traffic Control Disregarded,4500957,2.8,-4.9,4.3,3.4,0.63,13.0,73,13.7,24.5,7,Snow fall: Moderate,0,0,Snowy Conditions
91895,2022-02-07 18:50:00,40.801,-73.91371,1,0,Failure to Yield Right-of-Way,4501225,2.8,-4.9,4.3,3.4,0.63,13.0,73,13.7,24.5,7,Snow fall: Moderate,1,1,Snowy Conditions
91896,2022-02-07 10:49:00,40.715622,-73.99428,1,0,Unspecified,4500993,2.8,-4.9,4.3,3.4,0.63,13.0,73,13.7,24.5,7,Snow fall: Moderate,1,1,Snowy Conditions
91897,2022-02-07 17:05:00,40.607643,-74.03375,0,0,Unspecified,4500824,2.8,-4.9,4.3,3.4,0.63,13.0,73,13.7,24.5,7,Snow fall: Moderate,0,0,Snowy Conditions
91898,2022-02-07 12:20:00,40.60855,-74.13216,0,0,Failure to Yield Right-of-Way,4500844,2.8,-4.9,4.3,3.4,0.63,13.0,73,13.7,24.5,7,Snow fall: Moderate,0,0,Snowy Conditions
91899,2022-02-07 08:58:00,40.771656,-73.95319,0,0,Following Too Closely,4500730,2.8,-4.9,4.3,3.4,0.63,13.0,73,13.7,24.5,7,Snow fall: Moderate,0,0,Snowy Conditions
91900,2022-02-07 15:30:00,40.810238,-73.951355,0,0,Driver Inattention/Distraction,4501000,2.8,-4.9,4.3,3.4,0.63,13.0,73,13.7,24.5,7,Snow fall: Moderate,0,0,Snowy Conditions
91901,2022-02-07 15:00:00,40.878643,-73.871605,0,0,Backing Unsafely,4500894,2.8,-4.9,4.3,3.4,0.63,13.0,73,13.7,24.5,7,Snow fall: Moderate,0,0,Snowy Conditions
91902,2022-02-07 19:30:00,40.680973,-73.73881,0,0,Unsafe Speed,4500829,2.8,-4.9,4.3,3.4,0.63,13.0,73,13.7,24.5,7,Snow fall: Moderate,0,0,Snowy Conditions
91903,2022-02-07 21:32:00,40.69382,-73.72694,0,0,Unsafe Lane Changing,4500848,2.8,-4.9,4.3,3.4,0.63,13.0,73,13.7,24.5,7,Snow fall: Moderate,0,0,Snowy Conditions
91904,2022-02-05 12:04:00,40.838333,-73.91692,0,0,Traffic Control Disregarded,4501242,-1.9,-6.9,0.4,0.0,0.28,3.0,71,26.8,50.4,322,Snow fall: Light,0,0,Snowy Conditions
91905,2022-02-07 21:30:00,40.630505,-73.92812,1,0,Failure to Yield Right-of-Way,4501106,2.8,-4.9,4.3,3.4,0.63,13.0,73,13.7,24.5,7,Snow fall: Moderate,1,1,Snowy Conditions
91906,2022-02-07 08:20:00,40.846226,-73.89044,0,0,Other Vehicular,4500716,2.8,-4.9,4.3,3.4,0.63,13.0,73,13.7,24.5,7,Snow fall: Moderate,0,0,Snowy Conditions
91907,2022-02-07 18:45:00,40.822716,-73.9032,1,0,Driver Inattention/Distraction,4500961,2.8,-4.9,4.3,3.4,0.63,13.0,73,13.7,24.5,7,Snow fall: Moderate,1,1,Snowy Conditions
91908,2022-02-07 10:10:00,40.685028,-73.971245,0,0,Driver Inattention/Distraction,4500779,2.8,-4.9,4.3,3.4,0.63,13.0,73,13.7,24.5,7,Snow fall: Moderate,0,0,Snowy Conditions
91909,2022-02-07 10:04:00,40.881073,-73.878494,7,0,Pavement Slippery,4501014,2.8,-4.9,4.3,3.4,0.63,13.0,73,13.7,24.5,7,Snow fall: Moderate,7,7,Snowy Conditions
91910,2022-02-07 18:30:00,40.6669,-73.929375,0,0,Unspecified,4500853,2.8,-4.9,4.3,3.4,0.63,13.0,73,13.7,24.5,7,Snow fall: Moderate,0,0,Snowy Conditions
91911,2022-02-07 18:00:00,40.786423,-73.94239,0,0,Unsafe Lane Changing,4501101,2.8,-4.9,4.3,3.4,0.63,13.0,73,13.7,24.5,7,Snow fall: Moderate,0,0,Snowy Conditions
91912,2022-02-07 19:08:00,40.85108,-73.8948,1,0,Traffic Control Disregarded,4500988,2.8,-4.9,4.3,3.4,0.63,13.0,73,13.7,24.5,7,Snow fall: Moderate,1,1,Snowy Conditions
91913,2022-02-07 18:15:00,40.845474,-73.82703,1,0,Unspecified,4500813,2.8,-4.9,4.3,3.4,0.63,13.0,73,13.7,24.5,7,Snow fall: Moderate,1,1,Snowy Conditions
91914,2022-02-05 18:30:00,40.77428,-73.97738,0,0,Driver Inattention/Distraction,4501379,-1.9,-6.9,0.4,0.0,0.28,3.0,71,26.8,50.4,322,Snow fall: Light,0,0,Snowy Conditions
91915,2022-01-26 10:40:00,40.688698,-73.942085,0,0,Failure to Yield Right-of-Way,4501307,-3.1,-8.0,0.0,0.0,0.0,0.0,0,20.5,39.6,328,Clear sky,0,0,Sunny/Clear Conditions
91916,2022-02-07 15:55:00,40.834503,-73.93037,0,0,Passing or Lane Usage Improper,4500899,2.8,-4.9,4.3,3.4,0.63,13.0,73,13.7,24.5,7,Snow fall: Moderate,0,0,Snowy Conditions
91917,2022-02-07 14:54:00,40.593975,-73.94648,0,0,Unspecified,4500882,2.8,-4.9,4.3,3.4,0.63,13.0,73,13.7,24.5,7,Snow fall: Moderate,0,0,Snowy Conditions
91918,2022-01-31 17:50:00,40.66606,-73.95863,0,0,Driver Inattention/Distraction,4501277,-3.4,-17.1,0.0,0.0,0.0,0.0,3,12.2,18.0,23,Overcast,0,0,
91919,2022-02-07 06:35:00,40.854874,-73.916794,0,0,Following Too Closely,4500915,2.8,-4.9,4.3,3.4,0.63,13.0,73,13.7,24.5,7,Snow fall: Moderate,0,0,Snowy Conditions
91920,2022-02-07 12:50:00,40.633682,-73.89868,0,0,Unspecified,4500809,2.8,-4.9,4.3,3.4,0.63,13.0,73,13.7,24.5,7,Snow fall: Moderate,0,0,Snowy Conditions
91921,2022-01-31 09:30:00,40.67556,-73.96334,0,0,Unspecified,4501404,-3.4,-17.1,0.0,0.0,0.0,0.0,3,12.2,18.0,23,Overcast,0,0,