,CRASH DATETIME,LATITUDE,LONGITUDE,NUMBER OF PERSONS INJURED,NUMBER OF PERSONS KILLED,CONTRIBUTING FACTOR VEHICLE 1,COLLISION_ID,temperature_2m_max,temperature_2m_min,precipitation_sum,rain_sum,snowfall_sum,precipitation_hours,weather_code,wind_speed_10m_max,wind_gusts_10m_max,wind_direction_10m_dominant,Weather Description,Severity_Score,Total_Affected_Persons,Weather_Category
91922,2022-02-07 12:21:00,40.829422,-73.93877,0,0,Unspecified,4501038,2.8,-4.9,4.3,3.4,0.63,13.0,73,13.7,24.5,7,Snow fall: Moderate,0,0,Snowy Conditions
91923,2022-02-07 06:30:00,40.69261,-73.80314,0,0,Turning Improperly,4501144,2.8,-4.9,4.3,3.4,0.63,13.0,73,13.7,24.5,7,Snow fall: Moderate,0,0,Snowy Conditions
91924,2022-02-07 18:48:00,40.71043,-73.948784,0,0,Turning Improperly,4500836,2.8,-4.9,4.3,3.4,0.63,13.0,73,13.7,24.5,7,Snow fall: Moderate,0,0,Snowy Conditions
91925,2022-02-07 16:00:00,40.654488,-73.89521,1,0,Driver Inattention/Distraction,4500937,2.8,-4.9,4.3,3.4,0.63,13.0,73,13.7,24.5,7,Snow fall: Moderate,1,1,Snowy Conditions
91926,2022-02-07 08:00:00,40.736683,-73.92568,0,0,Unspecified,4501078,2.8,-4.9,4.3,3.4,0.63,13.0,73,13.7,24.5,7,Snow fall: Moderate,0,0,Snowy Conditions
91927,2022-02-07 15:37:00,40.84979,-73.89815,0,0,Passing or Lane Usage Improper,4500979,2.8,-4.9,4.3,3.4,0.63,13.0,73,13.7,24.5,7,Snow fall: Moderate,0,0,Snowy Conditions
91928,2022-02-07 06:10:00,40.666546,-73.78808,0,0,Unsafe Speed,4500747,2.8,-4.9,4.3,3.4,0.63,13.0,73,13.7,24.5,7,Snow fall: Moderate,0,0,Snowy Conditions
91929,2022-02-07 06:45:00,40.80892,-73.91844,0,0,Driver Inattention/Distraction,4500600,2.8,-4.9,4.3,3.4,0.63,13.0,73,13.7,24.5,7,Snow fall: Moderate,0,0,Snowy Conditions
91930,2022-02-07 16:23:00,40.613297,-73.92238,1,0,Failure to Yield Right-of-Way,4500862,2.8,-4.9,4.3,3.4,0.63,13.0,73,13.7,24.5,7,Snow fall: Moderate,1,1,Snowy Conditions
91931,2022-02-07 23:00:00,40.65753,-73.89797,0,0,Unsafe Lane Changing,4500943,2.8,-4.9,4.3,3.4,0.63,13.0,73,13.7,24.5,7,Snow fall: Moderate,0,0,Snowy Conditions
91932,2022-02-07 19:15:00,40.750656,-73.79135,0,0,Unspecified,4500839,2.8,-4.9,4.3,3.4,0.63,13.0,73,13.7,24.5,7,Snow fall: Moderate,0,0,Snowy Conditions
91933,2022-02-05 10:15:00,40.704163,-73.86843,0,0,Unspecified,4501311,-1.9,-6.9,0.4,0.0,0.28,3.0,71,26.8,50.4,322,Snow fall: Light,0,0,Snowy Conditions
91934,2022-01-31 19:00:00,40.765774,-73.775154,0,0,Passing Too Closely,4501349,-3.4,-17.1,0.0,0.0,0.0,0.0,3,12.2,18.0,23,Overcast,0,0,
91935,2022-02-05 12:45:00,40.57397,-74.16992,0,0,Driver Inattention/Distraction,4501259,-1.9,-6.9,0.4,0.0,0.28,3.0,71,26.8,50.4,322,Snow fall: Light,0,0,Snowy Conditions
91936,2022-02-01 09:00:00,40.709747,-73.82057,0,0,Failure to Yield Right-of-Way,4501271,-0.9,-13.4,0.0,0.0,0.0,0.0,3,12.2,21.2,36,Overcast,0,0,
91937,2022-02-07 12:00:00,40.63596,-74.08321,0,0,Backing Unsafely,4501004,2.8,-4.9,4.3,3.4,0.63,13.0,73,13.7,24.5,7,Snow fall: Moderate,0,0,Snowy Conditions
91938,2022-02-07 14:01:00,40.70546,-73.7949,0,0,Driver Inattention/Distraction,4500787,2.8,-4.9,4.3,3.4,0.63,13.0,73,13.7,24.5,7,Snow fall: Moderate,0,0,Snowy Conditions
91939,2022-02-07 06:25:00,40.624603,-74.079605,0,0,Driver Inattention/Distraction,4500994,2.8,-4.9,4.3,3.4,0.63,13.0,73,13.7,24.5,7,Snow fall: Moderate,0,0,Snowy Conditions
91940,2022-02-07 02:11:00,40.72773,-73.90674,4,0,Unspecified,4500772,2.8,-4.9,4.3,3.4,0.63,13.0,73,13.7,24.5,7,Snow fall: Moderate,4,4,Snowy Conditions
91941,2022-02-07 20:15:00,40.62143,-74.02299,1,0,Driver Inattention/Distraction,4500832,2.8,-4.9,4.3,3.4,0.63,13.0,73,13.7,24.5,7,Snow fall: Moderate,1,1,Snowy Conditions
91942,2022-02-07 15:00:00,40.781315,-73.94614,1,0,Traffic Control Disregarded,4501191,2.8,-4.9,4.3,3.4,0.63,13.0,73,13.7,24.5,7,Snow fall: Moderate,1,1,Snowy Conditions
91943,2022-02-07 23:23:00,40.88974,-73.84591,2,0,Pavement Slippery,4501119,2.8,-4.9,4.3,3.4,0.63,13.0,73,13.7,24.5,7,Snow fall: Moderate,2,2,Snowy Conditions
91944,2022-02-07 10:45:00,40.80425,-73.9371,0,0,Driver Inattention/Distraction,4500743,2.8,-4.9,4.3,3.4,0.63,13.0,73,13.7,24.5,7,Snow fall: Moderate,0,0,Snowy Conditions
91945,2022-02-06 13:25:00,40.786423,-73.94239,0,0,Following Too Closely,4501262,-1.4,-8.8,0.0,0.0,0.0,0.0,3,16.2,31.7,83,Overcast,0,0,
91946,2022-02-07 17:25:00,40.63448,-73.962204,1,0,Failure to Yield Right-of-Way,4500919,2.8,-4.9,4.3,3.4,0.63,13.0,73,13.7,24.5,7,Snow fall: Moderate,1,1,Snowy Conditions
91947,2022-01-29 08:00:00,40.811005,-73.80481,0,0,Unspecified,4501316,-1.7,-12.9,17.6,0.1,12.25,19.0,75,39.7,72.7,336,Snow fall: Heavy,0,0,Snowy Conditions
91948,2022-02-07 06:40:00,40.689297,-73.86862,0,0,Unspecified,4501324,2.8,-4.9,4.3,3.4,0.63,13.0,73,13.7,24.5,7,Snow fall: Moderate,0,0,Snowy Conditions
91949,2022-02-07 04:30:00,40.665524,-73.91939,0,0,Following Too Closely,4500526,2.8,-4.9,4.3,3.4,0.63,13.0,73,13.7,24.5,7,Snow fall: Moderate,0,0,Snowy Conditions
91950,2022-02-07 06:36:00,40.82364,-73.89391,2,0,Turning Improperly,4500974,2.8,-4.9,4.3,3.4,0.63,13.0,73,13.7,24.5,7,Snow fall: Moderate,2,2,Snowy Conditions
91951,2022-02-07 17:35:00,40.692497,-73.98896,0,0,Driver Inattention/Distraction,4500871,2.8,-4.9,4.3,3.4,0.63,13.0,73,13.7,24.5,7,Snow fall: Moderate,0,0,Snowy Conditions
91952,2022-02-07 03:01:00,40.575497,-73.97879,0,0,Alcohol Involvement,4501228,2.8,-4.9,4.3,3.4,0.63,13.0,73,13.7,24.5,7,Snow fall: Moderate,0,0,Snowy Conditions
91953,2022-02-07 11:33:00,40.862747,-73.90494,0,0,Passing Too Closely,4500893,2.8,-4.9,4.3,3.4,0.63,13.0,73,13.7,24.5,7,Snow fall: Moderate,0,0,Snowy Conditions
91954,2022-02-07 19:11:00,40.650856,-73.9486,0,0,Following Too Closely,4500966,2.8,-4.9,4.3,3.4,0.63,13.0,73,13.7,24.5,7,Snow fall: Moderate,0,0,Snowy Conditions
91955,2022-02-07 12:00:00,40.841236,-73.84169,0,0,Unspecified,4500822,2.8,-4.9,4.3,3.4,0.63,13.0,73,13.7,24.5,7,Snow fall: Moderate,0,0,Snowy Conditions
91956,2022-02-07 15:24:00,40.82325,-73.88277,1,0,Failure to Yield Right-of-Way,4501051,2.8,-4.9,4.3,3.4,0.63,13.0,73,13.7,24.5,7,Snow fall: Moderate,1,1,Snowy Conditions
91957,2022-02-07 10:00:00,40.576965,-74.16974,1,0,Pavement Slippery,4501247,2.8,-4.9,4.3,3.4,0.63,13.0,73,13.7,24.5,7,Snow fall: Moderate,1,1,Snowy Conditions
91958,2022-02-07 15:40:00,40.738045,-73.996346,0,0,Unspecified,4500849,2.8,-4.9,4.3,3.4,0.63,13.0,73,13.7,24.5,7,Snow fall: Moderate,0,0,Snowy Conditions
91959,2022-02-07 18:49:00,40.740784,-73.815,1,0,Failure to Yield Right-of-Way,4500843,2.8,-4.9,4.3,3.4,0.63,13.0,73,13.7,24.5,7,Snow fall: Moderate,1,1,Snowy Conditions
91960,2022-02-07 17:30:00,40.870605,-73.8465,1,0,Failure to Yield Right-of-Way,4501107,2.8,-4.9,4.3,3.4,0.63,13.0,73,13.7,24.5,7,Snow fall: Moderate,1,1,Snowy Conditions
91961,2022-02-07 18:50:00,40.816555,-73.91677,0,0,Unspecified,4500887,2.8,-4.9,4.3,3.4,0.63,13.0,73,13.7,24.5,7,Snow fall: Moderate,0,0,Snowy Conditions
91962,2022-02-07 15:17:00,40.66278,-73.88086,0,0,Driver Inattention/Distraction,4500932,2.8,-4.9,4.3,3.4,0.63,13.0,73,13.7,24.5,7,Snow fall: Moderate,0,0,Snowy Conditions
91963,2022-01-23 05:00:00,40.75969,-73.863914,0,0,Driver Inattention/Distraction,4501397,2.8,-6.1,0.5,0.0,0.35,3.0,71,14.2,28.1,243,Snow fall: Light,0,0,Snowy Conditions
91964,2022-02-04 10:30:00,40.64771,-73.91533,0,0,,4501299,12.5,-2.3,26.6,26.5,0.07,23.0,71,29.7,50.4,313,Snow fall: Light,0,0,Snowy Conditions
91965,2022-02-07 00:00:00,40.812473,-73.902916,0,0,Unspecified,4500951,2.8,-4.9,4.3,3.4,0.63,13.0,73,13.7,24.5,7,Snow fall: Moderate,0,0,Snowy Conditions
91966,2022-02-07 23:32:00,40.699715,-73.96182,0,0,Driver Inattention/Distraction,4500877,2.8,-4.9,4.3,3.4,0.63,13.0,73,13.7,24.5,7,Snow fall: Moderate,0,0,Snowy Conditions
91967,2022-02-04 09:04:00,40.835243,-73.94187,0,0,Following Too Closely,4501274,12.5,-2.3,26.6,26.5,0.07,23.0,71,29.7,50.4,313,Snow fall: Light,0,0,Snowy Conditions
91968,2022-02-04 19:15:00,40.834423,-73.879265,0,0,Pavement Slippery,4501286,12.5,-2.3,26.6,26.5,0.07,23.0,71,29.7,50.4,313,Snow fall: Light,0,0,Snowy Conditions
91969,2022-02-07 18:00:00,40.827812,-73.925934,1,0,Failure to Yield Right-of-Way,4500900,2.8,-4.9,4.3,3.4,0.63,13.0,73,13.7,24.5,7,Snow fall: Moderate,1,1,Snowy Conditions
91970,2022-04-15 15:10:00,40.728603,-74.005325,0,0,Following Too Closely,4520552,19.2,6.3,0.1,0.1,0.0,1.0,51,26.9,46.1,243,Drizzle: Light,0,0,
91971,2022-04-18 00:00:00,40.67785,-73.74548,0,0,Unspecified,4520141,10.6,1.5,6.1,6.1,0.0,5.0,63,30.8,52.9,90,Rain: Moderate,0,0,
91972,2022-04-18 23:00:00,40.75188,-73.77339,0,0,Unspecified,4520267,10.6,1.5,6.1,6.1,0.0,5.0,63,30.8,52.9,90,Rain: Moderate,0,0,
91973,2022-04-18 21:00:00,40.654984,-74.00711,1,0,Unspecified,4520527,10.6,1.5,6.1,6.1,0.0,5.0,63,30.8,52.9,90,Rain: Moderate,1,1,
91974,2022-04-18 16:00:00,40.604645,-74.16238,1,0,Driver Inattention/Distraction,4520423,10.6,1.5,6.1,6.1,0.0,5.0,63,30.8,52.9,90,Rain: Moderate,1,1,
91975,2022-04-18 08:00:00,40.75855,-73.82964,1,0,Following Too Closely,4520038,10.6,1.5,6.1,6.1,0.0,5.0,63,30.8,52.9,90,Rain: Moderate,1,1,
91976,2022-04-18 03:58:00,40.819225,-73.94455,0,0,Backing Unsafely,4519849,10.6,1.5,6.1,6.1,0.0,5.0,63,30.8,52.9,90,Rain: Moderate,0,0,
91977,2022-04-18 16:35:00,40.676304,-73.82029,0,0,Cell Phone (hand-Held),4520172,10.6,1.5,6.1,6.1,0.0,5.0,63,30.8,52.9,90,Rain: Moderate,0,0,
91978,2022-04-18 17:45:00,40.810295,-73.95293,0,0,Unspecified,4520284,10.6,1.5,6.1,6.1,0.0,5.0,63,30.8,52.9,90,Rain: Moderate,0,0,
91979,2022-04-18 16:20:00,40.72839,-73.83302,0,0,Aggressive Driving/Road Rage,4520144,10.6,1.5,6.1,6.1,0.0,5.0,63,30.8,52.9,90,Rain: Moderate,0,0,
91980,2022-04-18 09:10:00,40.8262,-73.821686,0,0,Turning Improperly,4520667,10.6,1.5,6.1,6.1,0.0,5.0,63,30.8,52.9,90,Rain: Moderate,0,0,
91981,2022-04-18 08:00:00,40.756214,-73.857704,0,0,View Obstructed/Limited,4520577,10.6,1.5,6.1,6.1,0.0,5.0,63,30.8,52.9,90,Rain: Moderate,0,0,
91982,2022-04-15 06:56:00,40.79162,-73.94885,0,0,Vehicle Vandalism,4520735,19.2,6.3,0.1,0.1,0.0,1.0,51,26.9,46.1,243,Drizzle: Light,0,0,
91983,2022-04-18 15:02:00,40.65474,-73.90693,1,0,Unspecified,4520188,10.6,1.5,6.1,6.1,0.0,5.0,63,30.8,52.9,90,Rain: Moderate,1,1,
91984,2022-04-14 11:00:00,40.702652,-73.90107,0,0,Passing Too Closely,4520592,28.1,13.9,0.2,0.2,0.0,2.0,51,25.9,46.1,249,Drizzle: Light,0,0,
91985,2022-02-22 17:35:00,40.716644,-73.99582,1,0,Unspecified,4504955,13.6,-0.2,4.7,4.7,0.0,8.0,61,38.4,76.0,175,Rain: Light,1,1,
91986,2022-01-07 15:35:00,40.695614,-73.94056,6,0,Traffic Control Disregarded,4501308,-0.0,-5.7,9.0,0.0,6.3,11.0,75,26.8,48.6,313,Snow fall: Heavy,6,6,Snowy Conditions
91987,2022-04-16 09:31:00,40.786175,-73.9457,0,0,Passing or Lane Usage Improper,4520487,19.3,7.4,6.8,6.8,0.0,7.0,61,24.5,47.5,217,Rain: Light,0,0,
91988,2022-04-18 09:25:00,40.65234,-73.87643,0,0,Backing Unsafely,4520085,10.6,1.5,6.1,6.1,0.0,5.0,63,30.8,52.9,90,Rain: Moderate,0,0,
91989,2022-04-16 17:30:00,40.869682,-73.86823,0,0,Other Vehicular,4520521,19.3,7.4,6.8,6.8,0.0,7.0,61,24.5,47.5,217,Rain: Light,0,0,
91990,2022-04-18 05:00:00,40.679512,-73.91772,0,0,Steering Failure,4520710,10.6,1.5,6.1,6.1,0.0,5.0,63,30.8,52.9,90,Rain: Moderate,0,0,
91991,2022-04-18 14:05:00,40.853344,-73.89162,0,0,Backing Unsafely,4520457,10.6,1.5,6.1,6.1,0.0,5.0,63,30.8,52.9,90,Rain: Moderate,0,0,
91992,2022-04-18 11:12:00,40.723274,-73.99122,1,0,Unsafe Lane Changing,4520062,10.6,1.5,6.1,6.1,0.0,5.0,63,30.8,52.9,90,Rain: Moderate,1,1,
91993,2022-04-18 18:28:00,40.59952,-73.99876,1,0,Turning Improperly,4520132,10.6,1.5,6.1,6.1,0.0,5.0,63,30.8,52.9,90,Rain: Moderate,1,1,
91994,2022-04-17 01:19:00,40.86315,-73.90907,2,0,Unspecified,4520558,10.0,3.9,0.5,0.5,0.0,2.0,51,30.1,56.5,313,Drizzle: Light,2,2,
91995,2022-04-09 07:50:00,40.67619,-73.9081,0,0,Traffic Control Disregarded,4520548,13.6,5.0,4.8,4.8,0.0,12.0,55,20.1,42.8,263,Drizzle: Dense,0,0,
91996,2022-04-18 10:40:00,40.62551,-74.07599,0,0,Backing Unsafely,4520014,10.6,1.5,6.1,6.1,0.0,5.0,63,30.8,52.9,90,Rain: Moderate,0,0,
91997,2022-04-09 03:30:00,40.832565,-73.82785,0,0,Unspecified,4520580,13.6,5.0,4.8,4.8,0.0,12.0,55,20.1,42.8,263,Drizzle: Dense,0,0,
91998,2022-04-18 13:49:00,40.840607,-73.87516,0,0,Driver Inattention/Distraction,4520240,10.6,1.5,6.1,6.1,0.0,5.0,63,30.8,52.9,90,Rain: Moderate,0,0,
91999,2022-04-07 16:30:00,40.86159,-73.92475,0,0,Driver Inattention/Distraction,4520650,11.5,5.6,74.1,74.1,0.0,14.0,65,35.0,64.8,98,Rain: Heavy,0,0,
92000,2022-04-18 01:49:00,40.58207,-73.95513,0,0,Unspecified,4519792,10.6,1.5,6.1,6.1,0.0,5.0,63,30.8,52.9,90,Rain: Moderate,0,0,
92001,2022-04-18 20:26:00,40.681484,-73.97703,0,0,Passing Too Closely,4520319,10.6,1.5,6.1,6.1,0.0,5.0,63,30.8,52.9,90,Rain: Moderate,0,0,
92002,2022-04-18 08:00:00,40.884167,-73.86467,0,0,Passing Too Closely,4520393,10.6,1.5,6.1,6.1,0.0,5.0,63,30.8,52.9,90,Rain: Moderate,0,0,
92003,2022-04-18 00:00:00,40.694794,-73.98246,0,0,Traffic Control Disregarded,4520725,10.6,1.5,6.1,6.1,0.0,5.0,63,30.8,52.9,90,Rain: Moderate,0,0,
92004,2022-04-18 19:48:00,40.780174,-73.95721,0,0,Driver Inattention/Distraction,4520185,10.6,1.5,6.1,6.1,0.0,5.0,63,30.8,52.9,90,Rain: Moderate,0,0,
92005,2022-04-18 12:30:00,40.765728,-73.98359,1,0,Following Too Closely,4520216,10.6,1.5,6.1,6.1,0.0,5.0,63,30.8,52.9,90,Rain: Moderate,1,1,
92006,2022-04-18 06:25:00,40.63743,-73.95254,0,0,Other Vehicular,4520778,10.6,1.5,6.1,6.1,0.0,5.0,63,30.8,52.9,90,Rain: Moderate,0,0,
92007,2022-04-18 11:30:00,40.607212,-74.07682,2,0,Driver Inattention/Distraction,4520367,10.6,1.5,6.1,6.1,0.0,5.0,63,30.8,52.9,90,Rain: Moderate,2,2,
92008,2022-04-18 16:00:00,40.746643,-73.711784,0,0,Unspecified,4520116,10.6,1.5,6.1,6.1,0.0,5.0,63,30.8,52.9,90,Rain: Moderate,0,0,
92009,2022-04-18 05:10:00,40.733425,-73.97447,0,0,Obstruction/Debris,4519960,10.6,1.5,6.1,6.1,0.0,5.0,63,30.8,52.9,90,Rain: Moderate,0,0,
92010,2022-03-12 05:20:00,40.818638,-73.9437,0,0,Alcohol Involvement,4520508,6.5,-4.4,15.3,7.6,5.39,11.0,75,35.8,64.1,315,Snow fall: Heavy,0,0,Snowy Conditions
92011,2022-03-27 02:15:00,40.756405,-73.89792,0,0,Driver Inattention/Distraction,4520570,7.5,-1.1,0.3,0.3,0.07,3.0,71,26.4,47.5,288,Snow fall: Light,0,0,Snowy Conditions
92012,2022-04-18 16:00:00,40.60415,-74.091156,1,0,Unsafe Lane Changing,4520160,10.6,1.5,6.1,6.1,0.0,5.0,63,30.8,52.9,90,Rain: Moderate,1,1,
92013,2022-04-18 20:40:00,40.760284,-73.769356,2,0,Driver Inattention/Distraction,4520149,10.6,1.5,6.1,6.1,0.0,5.0,63,30.8,52.9,90,Rain: Moderate,2,2,
92014,2022-04-15 23:25:00,40.8995,-73.857,0,0,Turning Improperly,4520536,19.2,6.3,0.1,0.1,0.0,1.0,51,26.9,46.1,243,Drizzle: Light,0,0,
92015,2022-04-12 16:20:00,40.72514,-73.95157,1,0,Driver Inattention/Distraction,4520749,20.4,7.7,1.6,1.6,0.0,3.0,53,17.8,36.0,271,Drizzle: Moderate,1,1,
92016,2022-04-18 21:45:00,40.840874,-73.91979,0,0,Passing Too Closely,4520210,10.6,1.5,6.1,6.1,0.0,5.0,63,30.8,52.9,90,Rain: Moderate,0,0,
92017,2022-04-18 23:15:00,40.80522,-73.93214,0,0,Unspecified,4520261,10.6,1.5,6.1,6.1,0.0,5.0,63,30.8,52.9,90,Rain: Moderate,0,0,
92018,2022-04-18 23:50:00,40.812836,-73.88796,0,0,Backing Unsafely,4520681,10.6,1.5,6.1,6.1,0.0,5.0,63,30.8,52.9,90,Rain: Moderate,0,0,
92019,2022-04-18 19:45:00,40.693905,-73.94892,1,0,Driver Inattention/Distraction,4520616,10.6,1.5,6.1,6.1,0.0,5.0,63,30.8,52.9,90,Rain: Moderate,1,1,
92020,2022-04-18 08:08:00,40.647694,-73.98037,0,0,Passing or Lane Usage Improper,4520305,10.6,1.5,6.1,6.1,0.0,5.0,63,30.8,52.9,90,Rain: Moderate,0,0,
92021,2022-04-18 05:00:00,40.67986,-73.816605,0,0,Passing or Lane Usage Improper,4520190,10.6,1.5,6.1,6.1,0.0,5.0,63,30.8,52.9,90,Rain: Moderate,0,0,
92022,2022-04-15 21:00:00,40.753906,-73.99962,0,0,Failure to Keep Right,4520594,19.2,6.3,0.1,0.1,0.0,1.0,51,26.9,46.1,243,Drizzle: Light,0,0,
92023,2022-03-31 18:10:00,40.69981,-73.949844,0,0,Driver Inattention/Distraction,4520606,19.0,3.5,12.0,12.0,0.0,4.0,65,37.8,67.3,194,Rain: Heavy,0,0,
92024,2022-04-16 19:11:00,40.78517,-73.973145,0,0,Backing Unsafely,4520632,19.3,7.4,6.8,6.8,0.0,7.0,61,24.5,47.5,217,Rain: Light,0,0,
92025,2022-04-18 17:21:00,40.628925,-73.98204,0,0,Unspecified,4520226,10.6,1.5,6.1,6.1,0.0,5.0,63,30.8,52.9,90,Rain: Moderate,0,0,
92026,2022-04-25 14:30:00,40.71319,-73.91977,0,0,Unspecified,4522586,15.1,6.1,0.0,0.0,0.0,0.0,3,20.9,41.4,119,Overcast,0,0,
92027,2022-04-25 18:25:00,40.57585,-74.11352,1,0,Driver Inattention/Distraction,4522037,15.1,6.1,0.0,0.0,0.0,0.0,3,20.9,41.4,119,Overcast,1,1,
92028,2022-04-25 17:15:00,40.757732,-73.99686,0,0,Following Too Closely,4522491,15.1,6.1,0.0,0.0,0.0,0.0,3,20.9,41.4,119,Overcast,0,0,
92029,2022-04-25 17:07:00,40.84205,-73.83791,0,0,Unspecified,4522200,15.1,6.1,0.0,0.0,0.0,0.0,3,20.9,41.4,119,Overcast,0,0,
92030,2022-04-25 11:50:00,0.0,0.0,1,0,Driver Inattention/Distraction,4522090,15.1,6.1,0.0,0.0,0.0,0.0,3,20.9,41.4,119,Overcast,1,1,
92031,2022-04-25 04:45:00,40.74961,-73.86969,0,0,Driver Inattention/Distraction,4522152,15.1,6.1,0.0,0.0,0.0,0.0,3,20.9,41.4,119,Overcast,0,0,
92032,2022-04-21 21:35:00,0.0,0.0,0,0,Failure to Yield Right-of-Way,4522516,13.0,3.8,0.5,0.5,0.0,2.0,51,32.7,60.1,164,Drizzle: Light,0,0,
92033,2022-04-25 04:30:00,40.737705,-73.88231,0,0,Unsafe Lane Changing,4521775,15.1,6.1,0.0,0.0,0.0,0.0,3,20.9,41.4,119,Overcast,0,0,
92034,2022-04-11 17:09:00,40.60432,-73.971,1,0,Unspecified,4522562,13.1,1.8,0.0,0.0,0.0,0.0,3,18.6,36.4,246,Overcast,1,1,
92035,2022-04-21 10:20:00,40.61867,-74.00198,0,0,Other Vehicular,4522676,13.0,3.8,0.5,0.5,0.0,2.0,51,32.7,60.1,164,Drizzle: Light,0,0,
92036,2022-04-25 17:17:00,0.0,0.0,0,0,Driver Inattention/Distraction,4522064,15.1,6.1,0.0,0.0,0.0,0.0,3,20.9,41.4,119,Overcast,0,0,
92037,2022-09-25 19:51:00,40.72389,-73.84655,1,0,Failure to Yield Right-of-Way,4567155,23.8,11.8,0.3,0.3,0.0,1.0,51,22.2,41.0,207,Drizzle: Light,1,1,
92038,2022-09-24 16:56:00,40.85071,-73.89408,1,0,Driver Inattention/Distraction,4567857,20.6,9.5,0.0,0.0,0.0,0.0,3,18.8,37.4,295,Overcast,1,1,
92039,2022-09-19 23:59:00,40.74172,-73.92183,0,0,Driver Inattention/Distraction,4567702,30.1,19.0,4.9,4.9,0.0,3.0,63,22.4,44.3,241,Rain: Moderate,0,0,
92040,2022-09-25 16:55:00,40.76142,-73.984055,2,0,Oversized Vehicle,4568021,23.8,11.8,0.3,0.3,0.0,1.0,51,22.2,41.0,207,Drizzle: Light,2,2,
92041,2022-09-08 06:00:00,40.802197,-73.9091,0,0,View Obstructed/Limited,4567747,23.9,17.7,0.0,0.0,0.0,0.0,3,15.5,30.6,29,Overcast,0,0,
92042,2022-09-25 13:17:00,40.68576,-73.827484,0,0,Passing or Lane Usage Improper,4567235,23.8,11.8,0.3,0.3,0.0,1.0,51,22.2,41.0,207,Drizzle: Light,0,0,
92043,2022-09-25 12:45:00,40.63039,-74.03333,0,0,Driver Inattention/Distraction,4567085,23.8,11.8,0.3,0.3,0.0,1.0,51,22.2,41.0,207,Drizzle: Light,0,0,
92044,2022-09-25 05:30:00,40.66834,-73.77094,0,0,Passing Too Closely,4567003,23.8,11.8,0.3,0.3,0.0,1.0,51,22.2,41.0,207,Drizzle: Light,0,0,
92045,2022-09-25 09:00:00,40.595055,-73.79458,0,0,Driver Inattention/Distraction,4567345,23.8,11.8,0.3,0.3,0.0,1.0,51,22.2,41.0,207,Drizzle: Light,0,0,
92046,2022-09-15 02:13:00,40.757828,-73.99308,1,0,Turning Improperly,4567905,21.9,15.6,0.0,0.0,0.0,0.0,1,18.2,37.1,328,Mainly clear,1,1,Sunny/Clear Conditions
92047,2022-09-25 16:00:00,40.632607,-74.02945,0,0,Unspecified,4567479,23.8,11.8,0.3,0.3,0.0,1.0,51,22.2,41.0,207,Drizzle: Light,0,0,
92048,2022-09-25 01:25:00,40.761234,-73.96389,0,0,Traffic Control Disregarded,4567251,23.8,11.8,0.3,0.3,0.0,1.0,51,22.2,41.0,207,Drizzle: Light,0,0,
92049,2022-09-23 17:26:00,40.634583,-73.94785,3,0,Turning Improperly,4567811,16.4,10.0,0.0,0.0,0.0,0.0,0,31.1,56.9,323,Clear sky,3,3,Sunny/Clear Conditions
92050,2022-09-23 11:51:00,40.889717,-73.863815,0,0,Unsafe Speed,4567826,16.4,10.0,0.0,0.0,0.0,0.0,0,31.1,56.9,323,Clear sky,0,0,Sunny/Clear Conditions
92051,2022-09-24 15:30:00,40.73366,-73.76652,0,0,Unspecified,4567771,20.6,9.5,0.0,0.0,0.0,0.0,3,18.8,37.4,295,Overcast,0,0,
92052,2022-09-23 14:39:00,40.85111,-73.93061,1,0,Unspecified,4567881,16.4,10.0,0.0,0.0,0.0,0.0,0,31.1,56.9,323,Clear sky,1,1,Sunny/Clear Conditions
92053,2023-01-16 20:10:00,40.593323,-73.964645,0,0,Driver Inattention/Distraction,4598306,8.0,-2.7,0.0,0.0,0.0,0.0,2,23.4,41.4,339,Partly cloudy,0,0,
92054,2022-09-25 15:00:00,40.57397,-74.16992,3,0,Driver Inattention/Distraction,4567370,23.8,11.8,0.3,0.3,0.0,1.0,51,22.2,41.0,207,Drizzle: Light,3,3,
92055,2022-09-11 20:15:00,40.743492,-74.00551,0,0,Unspecified,4567902,24.5,18.9,12.9,12.9,0.0,13.0,61,12.4,22.0,205,Rain: Light,0,0,
92056,2022-09-25 02:00:00,40.668144,-73.88197,0,0,Unspecified,4567684,23.8,11.8,0.3,0.3,0.0,1.0,51,22.2,41.0,207,Drizzle: Light,0,0,
92057,2022-07-26 20:30:00,40.882168,-73.863594,2,0,Passing or Lane Usage Improper,4567920,29.2,20.1,0.0,0.0,0.0,0.0,3,19.5,38.9,277,Overcast,2,2,
92058,2022-09-23 16:00:00,40.769707,-73.789314,0,0,Unspecified,4567943,16.4,10.0,0.0,0.0,0.0,0.0,0,31.1,56.9,323,Clear sky,0,0,Sunny/Clear Conditions
92059,2022-09-25 20:00:00,40.64802,-73.952194,1,0,Unspecified,4567184,23.8,11.8,0.3,0.3,0.0,1.0,51,22.2,41.0,207,Drizzle: Light,1,1,
92060,2022-09-23 09:30:00,40.5789,-73.97486,0,0,Passing or Lane Usage Improper,4567721,16.4,10.0,0.0,0.0,0.0,0.0,0,31.1,56.9,323,Clear sky,0,0,Sunny/Clear Conditions